candidate_id,protein_id,locus_tag,gene,product,ro_cluster,ro_group,hmm_score,model_coverage,hmm_evalue,nucleotide_id,start,end,strand,organism,taxonomy,is_plasmid,leaf_id,assignment_class,core_identity,operon_completeness,has_beta,has_ferredoxin,has_reductase,layout
NC_013856.1:408831-409872:-1,WP_042445119.1,AZL_RS23190,,aromatic ring-hydroxylating dioxygenase subunit alpha,1_104_VanA,1,371.8,0.9659,2.5e-111,NC_013856.1,408831,409872,-1,Azospirillum sp. B510,Bacteria; Pseudomonadati; Pseudomonadota; Alphaproteobacteria; Rhodospirillales; Azospirillaceae; Azospirillum,1,1_104_VanA#14,core,0.764,1,0,0,1,[alpha] > regulator > reductase
NC_019957.1:134492-135584:-1,WP_015297635.1,MYCSM_RS31865,,Rieske 2Fe-2S domain-containing protein,1_104_VanA,1,149.7,0.9688,8.4e-44,NC_019957.1,134492,135584,-1,Mycobacterium sp. JS623,Bacteria; Bacillati; Actinomycetota; Actinomycetes; Mycobacteriales; Mycobacteriaceae; Mycobacterium,1,1_104_VanA#79,novel_candidate,0.3007,1,0,0,1,reductase > [alpha] > transposon
NM_001148599.2:29-1643:1,NP_001142071.2,,LOC100274228,"Chlorophyllide a oxygenase, chloroplastic",1_104_VanA,1,87.9,0.4602,5e-25,NM_001148599.2,29,1643,1,Zea mays,Eukaryota; Viridiplantae; Streptophyta; Embryophyta; Tracheophyta; Spermatophyta; Magnoliopsida; Liliopsida; Poales; Poaceae; PACMAD clade; Panicoideae; Andropogonodae; Andropogoneae; Tripsacinae; Zea,0,1_104_VanA#2,core,0.9217,0,0,0,0,[alpha]
NM_001157871.1:73-1702:1,NP_001151343.1,,LOC100284976,"Chlorophyllide a oxygenase, chloroplastic",1_104_VanA,1,93.6,0.4602,9.6e-27,NM_001157871.1,73,1702,1,Zea mays,Eukaryota; Viridiplantae; Streptophyta; Embryophyta; Tracheophyta; Spermatophyta; Magnoliopsida; Liliopsida; Poales; Poaceae; PACMAD clade; Panicoideae; Andropogonodae; Andropogoneae; Tripsacinae; Zea,0,1_104_VanA#2,core,0.9504,0,0,0,0,[alpha]
NM_001333230.1:292-1597:1,NP_001321683.1,AT1G44446,CH1,Pheophorbide a oxygenase family protein with Rieske 2Fe-2S domain-containing protein,1_104_VanA,1,95.0,0.7756,3.6e-27,NM_001333230.1,292,1597,1,Arabidopsis thaliana,Eukaryota; Viridiplantae; Streptophyta; Embryophyta; Tracheophyta; Spermatophyta; Magnoliopsida; eudicotyledons; Gunneridae; Pentapetalae; rosids; malvids; Brassicales; Brassicaceae; Camelineae; Arabidopsis,0,1_104_VanA#2,core,0.8495,0,0,0,0,[alpha]
NM_103548.5:119-1730:1,NP_175088.1,AT1G44446,CH1,Pheophorbide a oxygenase family protein with Rieske 2Fe-2S domain-containing protein,1_104_VanA,1,93.8,0.7756,7.9e-27,NM_103548.5,119,1730,1,Arabidopsis thaliana,Eukaryota; Viridiplantae; Streptophyta; Embryophyta; Tracheophyta; Spermatophyta; Magnoliopsida; eudicotyledons; Gunneridae; Pentapetalae; rosids; malvids; Brassicales; Brassicaceae; Camelineae; Arabidopsis,0,1_104_VanA#2,core,0.8495,0,0,0,0,[alpha]
NM_202240.2:72-1608:1,NP_973969.1,AT1G44446,CH1,Pheophorbide a oxygenase family protein with Rieske 2Fe-2S domain-containing protein,1_104_VanA,1,86.0,0.4631,1.9e-24,NM_202240.2,72,1608,1,Arabidopsis thaliana,Eukaryota; Viridiplantae; Streptophyta; Embryophyta; Tracheophyta; Spermatophyta; Magnoliopsida; eudicotyledons; Gunneridae; Pentapetalae; rosids; malvids; Brassicales; Brassicaceae; Camelineae; Arabidopsis,0,1_104_VanA#2,core,0.871,0,0,0,0,[alpha]
NC_021288.1:109045-110107:-1,WP_016346899.1,BRPE64_RS21200,,aromatic ring-hydroxylating dioxygenase subunit alpha,1_104_VanA,1,126.0,0.4886,1.3e-36,NC_021288.1,109045,110107,-1,Caballeronia insecticola,Bacteria; Pseudomonadati; Pseudomonadota; Betaproteobacteria; Burkholderiales; Burkholderiaceae; Caballeronia,0,1_104_VanA#1,core,0.8721,2,0,1,1,ferredoxin > transposon > [alpha] > reductase > other > hydrolase > regulator > reductase > other > dehydrogenase > dehydrogenase > other > reductase
NM_202241.2:72-1374:1,NP_973970.1,AT1G44446,CH1,Pheophorbide a oxygenase family protein with Rieske 2Fe-2S domain-containing protein,1_104_VanA,1,85.1,0.4631,3.6e-24,NM_202241.2,72,1374,1,Arabidopsis thaliana,Eukaryota; Viridiplantae; Streptophyta; Embryophyta; Tracheophyta; Spermatophyta; Magnoliopsida; eudicotyledons; Gunneridae; Pentapetalae; rosids; malvids; Brassicales; Brassicaceae; Camelineae; Arabidopsis,0,1_104_VanA#2,core,0.8598,0,0,0,0,[alpha]
NZ_AAMD01000028.1:36837-37899:-1,WP_002612768.1,STIAU_RS11825,,Rieske 2Fe-2S domain-containing protein,1_104_VanA,1,80.7,0.5199,7.7e-23,NZ_AAMD01000028.1,36837,37899,-1,Stigmatella aurantiaca DW4/3-1,Bacteria; Pseudomonadati; Myxococcota; Myxococcia; Myxococcales; Cystobacterineae; Archangiaceae; Stigmatella,0,1_104_VanA#43,novel_candidate,0.2521,0,0,0,0,other > [alpha] > other
NZ_ABCS01000029.1:41164-42160:1,WP_006972279.1,PPSIR1_RS42960,,aromatic ring-hydroxylating dioxygenase subunit alpha,1_104_VanA,1,96.8,0.4631,9.9e-28,NZ_ABCS01000029.1,41164,42160,1,Plesiocystis pacifica SIR-1,Bacteria; Pseudomonadati; Myxococcota; Polyangia; Nannocystales; Nannocystaceae; Plesiocystis,0,1_104_VanA#74,novel_candidate,0.3473,0,0,0,0,[alpha]
NZ_ABLC01000038.1:28529-29600:-1,WP_006751282.1,BAMIOP4010_RS10250,,aromatic ring-hydroxylating dioxygenase subunit alpha,1_104_VanA,1,124.3,0.4858,4.3e-36,NZ_ABLC01000038.1,28529,29600,-1,Burkholderia ambifaria IOP40-10,Bacteria; Pseudomonadati; Pseudomonadota; Betaproteobacteria; Burkholderiales; Burkholderiaceae; Burkholderia; Burkholderia cepacia complex,0,1_104_VanA#1,core,0.9592,2,0,1,1,ferredoxin > transposon > [alpha] > reductase > other > hydrolase > regulator > reductase > other > dehydrogenase > dehydrogenase > other > reductase
NZ_ABLC01000145.1:2016-3138:1,WP_006753678.1,BAMIOP4010_RS22440,,aromatic ring-hydroxylating dioxygenase subunit alpha,1_104_VanA,1,97.7,0.4659,5.1e-28,NZ_ABLC01000145.1,2016,3138,1,Burkholderia ambifaria IOP40-10,Bacteria; Pseudomonadati; Pseudomonadota; Betaproteobacteria; Burkholderiales; Burkholderiaceae; Burkholderia; Burkholderia cepacia complex,0,1_104_VanA#7,core,0.8939,0,0,0,0,[alpha]
NZ_ABLC01000028.1:35227-36307:-1,WP_043173151.1,BAMIOP4010_RS08380,,aromatic ring-hydroxylating dioxygenase subunit alpha,1_104_VanA,1,692.4,0.983,8e-209,NZ_ABLC01000028.1,35227,36307,-1,Burkholderia ambifaria IOP40-10,Bacteria; Pseudomonadati; Pseudomonadota; Betaproteobacteria; Burkholderiales; Burkholderiaceae; Burkholderia; Burkholderia cepacia complex,0,1_104_VanA#0,core,0.9172,0,0,0,0,[alpha] > reductase > alpha_other > transporter > transporter
NZ_ABCS01000001.1:250836-251967:-1,WP_006969086.1,PPSIR1_RS00950,,aromatic ring-hydroxylating dioxygenase subunit alpha,1_104_VanA,1,90.3,0.5199,9e-26,NZ_ABCS01000001.1,250836,251967,-1,Plesiocystis pacifica SIR-1,Bacteria; Pseudomonadati; Myxococcota; Polyangia; Nannocystales; Nannocystaceae; Plesiocystis,0,1_104_VanA#73,novel_candidate,0.2448,0,0,0,0,hypothetical > other > [alpha]
NZ_ABLK01000043.1:16645-17725:-1,WP_034176436.1,BAMMEX5DRAFT_RS09395,,aromatic ring-hydroxylating dioxygenase subunit alpha,1_104_VanA,1,695.3,0.983,1e-209,NZ_ABLK01000043.1,16645,17725,-1,Burkholderia ambifaria MEX-5,Bacteria; Pseudomonadati; Pseudomonadota; Betaproteobacteria; Burkholderiales; Burkholderiaceae; Burkholderia; Burkholderia cepacia complex,0,1_104_VanA#0,core,0.8907,0,0,0,0,[alpha] > reductase > alpha_other > transporter > transporter
NZ_ABLK01000050.1:9765-10836:1,WP_006758062.1,BAMMEX5DRAFT_RS10440,,aromatic ring-hydroxylating dioxygenase subunit alpha,1_104_VanA,1,122.7,0.4858,1.3e-35,NZ_ABLK01000050.1,9765,10836,1,Burkholderia ambifaria MEX-5,Bacteria; Pseudomonadati; Pseudomonadota; Betaproteobacteria; Burkholderiales; Burkholderiaceae; Burkholderia; Burkholderia cepacia complex,0,1_104_VanA#1,core,0.9554,2,0,1,1,ferredoxin > transposon > [alpha] > reductase > other > hydrolase > regulator > reductase > other > dehydrogenase > dehydrogenase > other > reductase
NZ_ABLK01000201.1:132-1254:1,WP_006760703.1,BAMMEX5DRAFT_RS24320,,aromatic ring-hydroxylating dioxygenase subunit alpha,1_104_VanA,1,98.7,0.4659,2.7e-28,NZ_ABLK01000201.1,132,1254,1,Burkholderia ambifaria MEX-5,Bacteria; Pseudomonadati; Pseudomonadota; Betaproteobacteria; Burkholderiales; Burkholderiaceae; Burkholderia; Burkholderia cepacia complex,0,1_104_VanA#7,core,0.9333,0,0,0,0,[alpha]
NZ_ACPY01000240.1:29926-31003:1,WP_007974252.1,XAUC_RS18205,,aromatic ring-hydroxylating dioxygenase subunit alpha,1_104_VanA,1,367.1,0.9801,6.5e-110,NZ_ACPY01000240.1,29926,31003,1,Xanthomonas citri pv. aurantifolii str. ICPB 10535,Bacteria; Pseudomonadati; Pseudomonadota; Gammaproteobacteria; Lysobacterales; Lysobacteraceae; Xanthomonas,0,1_104_VanA#12,core,0.8944,1,0,0,1,[alpha] > reductase
NZ_ACFC01000018.1:5076-6120:-1,WP_006407829.1,BURMUCGD2_RS25965,,aromatic ring-hydroxylating dioxygenase subunit alpha,1_104_VanA,1,674.6,0.9773,2.1e-203,NZ_ACFC01000018.1,5076,6120,-1,Burkholderia multivorans CGD2,Bacteria; Pseudomonadati; Pseudomonadota; Betaproteobacteria; Burkholderiales; Burkholderiaceae; Burkholderia; Burkholderia cepacia complex,0,1_104_VanA#0,core,0.9906,0,0,0,0,regulator > [alpha] > reductase
NZ_AEEC02000002.1:253595-254645:1,WP_006461661.1,HFRIS_RS02585,,aromatic ring-hydroxylating dioxygenase subunit alpha,1_104_VanA,1,746.9,0.9801,2.2e-225,NZ_AEEC02000002.1,253595,254645,1,Herbaspirillum frisingense GSF30,Bacteria; Pseudomonadati; Pseudomonadota; Betaproteobacteria; Burkholderiales; Oxalobacteraceae; Herbaspirillum,0,1_104_VanA#0,core,0.8543,0,0,0,0,[alpha] > reductase > transporter
NZ_AEEC02000006.1:26391-27441:1,WP_006462359.1,HFRIS_RS05930,,aromatic ring-hydroxylating dioxygenase subunit alpha,1_104_VanA,1,106.0,0.4886,1.6e-30,NZ_AEEC02000006.1,26391,27441,1,Herbaspirillum frisingense GSF30,Bacteria; Pseudomonadati; Pseudomonadota; Betaproteobacteria; Burkholderiales; Oxalobacteraceae; Herbaspirillum,0,1_104_VanA#16,core,0.7542,0,0,0,0,other > hydrolase > regulator > reductase > other > dehydrogenase > dehydrogenase > other > reductase > hypothetical > transposon > [alpha] > other > reductase
NZ_AEGR01000109.1:66370-67459:-1,WP_006299463.1,HGR_RS16185,,aromatic ring-hydroxylating dioxygenase subunit alpha,1_104_VanA,1,653.0,0.983,7.6e-197,NZ_AEGR01000109.1,66370,67459,-1,Hylemonella gracilis ATCC 19624,Bacteria; Pseudomonadati; Pseudomonadota; Betaproteobacteria; Burkholderiales; Comamonadaceae; Hylemonella,0,1_104_VanA#0,core,0.7184,0,0,0,0,[alpha]
NZ_AEJB01000188.1:13079-14144:-1,WP_006375849.1,STRTUCAR8_RS11605,,aromatic ring-hydroxylating dioxygenase subunit alpha,1_104_VanA,1,226.4,0.9744,3.9e-67,NZ_AEJB01000188.1,13079,14144,-1,Streptomyces turgidiscabies Car8,Bacteria; Bacillati; Actinomycetota; Actinomycetes; Kitasatosporales; Streptomycetaceae; Streptomyces,0,1_104_VanA#10,core,0.95,1,0,0,1,[alpha] > hypothetical > reductase
NZ_AEJF01000088.1:2401-3472:-1,WP_047847168.1,EOS_RS13550,,aromatic ring-hydroxylating dioxygenase subunit alpha,1_104_VanA,1,678.1,0.9886,1.8e-204,NZ_AEJF01000088.1,2401,3472,-1,Caballeronia mineralivorans PML1(12),Bacteria; Pseudomonadati; Pseudomonadota; Betaproteobacteria; Burkholderiales; Burkholderiaceae; Caballeronia,0,1_104_VanA#0,core,0.7462,0,0,0,0,regulator > [alpha] > reductase
NZ_AERY01000096.1:1757-2825:1,WP_000991783.1,ABWM_RS0112080,,aromatic ring-hydroxylating dioxygenase subunit alpha,1_104_VanA,1,109.9,0.483,1e-31,NZ_AERY01000096.1,1757,2825,1,Acinetobacter baumannii WM99c,Bacteria; Pseudomonadati; Pseudomonadota; Gammaproteobacteria; Moraxellales; Moraxellaceae; Acinetobacter; Acinetobacter calcoaceticus/baumannii complex,0,1_104_VanA#4,core,1.0,1,0,1,0,ferredoxin > transposon > [alpha] > reductase > other > reductase > transporter > other > hydrolase > reductase > dehydrogenase > dehydrogenase > other
NZ_AHJE01000022.1:381-1443:1,WP_006157659.1,OR16_RS09000,,aromatic ring-hydroxylating dioxygenase subunit alpha,1_104_VanA,1,119.9,0.4801,9.4e-35,NZ_AHJE01000022.1,381,1443,1,Cupriavidus basilensis OR16,Bacteria; Pseudomonadati; Pseudomonadota; Betaproteobacteria; Burkholderiales; Burkholderiaceae; Cupriavidus,0,1_104_VanA#25,core,0.657,0,0,0,0,transposon > [alpha] > reductase > other > regulator > reductase > other > dehydrogenase > dehydrogenase > other > reductase
NZ_AHJE01000035.1:82355-83402:-1,WP_006158532.1,OR16_RS13600,,aromatic ring-hydroxylating dioxygenase subunit alpha,1_104_VanA,1,689.1,0.9801,8.1e-208,NZ_AHJE01000035.1,82355,83402,-1,Cupriavidus basilensis OR16,Bacteria; Pseudomonadati; Pseudomonadota; Betaproteobacteria; Burkholderiales; Burkholderiaceae; Cupriavidus,0,1_104_VanA#0,core,0.7862,1,0,0,1,regulator > [alpha] > reductase > transporter > transporter
NZ_AJJH01000101.1:213211-214285:-1,WP_007298394.1,W59_RS17535,,aromatic ring-hydroxylating dioxygenase subunit alpha,1_104_VanA,1,239.7,0.9744,3.4e-71,NZ_AJJH01000101.1,213211,214285,-1,Rhodococcus opacus RKJ300 = JCM 13270,Bacteria; Bacillati; Actinomycetota; Actinomycetes; Mycobacteriales; Nocardiaceae; Rhodococcus,0,1_104_VanA#15,core,0.9286,0,0,0,0,other > [alpha] > hypothetical > reductase > regulator
NZ_AJWX01000027.1:11685-12744:1,WP_008373552.1,PMM47T1_RS22880,,aromatic ring-hydroxylating dioxygenase subunit alpha,1_104_VanA,1,754.3,0.9943,1.2e-227,NZ_AJWX01000027.1,11685,12744,1,Pseudomonas sp. M47T1,Bacteria; Pseudomonadati; Pseudomonadota; Gammaproteobacteria; Pseudomonadales; Pseudomonadaceae; Pseudomonas,0,1_104_VanA#0,core,0.8318,0,0,0,0,[alpha] > reductase
NZ_AJWX01000030.1:66978-68025:1,WP_008374013.1,PMM47T1_RS24350,,aromatic ring-hydroxylating dioxygenase subunit alpha,1_104_VanA,1,689.8,0.9744,4.8e-208,NZ_AJWX01000030.1,66978,68025,1,Pseudomonas sp. M47T1,Bacteria; Pseudomonadati; Pseudomonadota; Gammaproteobacteria; Pseudomonadales; Pseudomonadaceae; Pseudomonas,0,1_104_VanA#0,core,0.8027,0,0,0,0,[alpha]
NZ_AJLN01000136.1:13593-14637:-1,WP_016877907.1,UYC_RS0130305,,aromatic ring-hydroxylating dioxygenase subunit alpha,1_104_VanA,1,74.4,0.4574,6.4e-21,NZ_AJLN01000136.1,13593,14637,-1,Chlorogloeopsis fritschii PCC 6912,Bacteria; Bacillati; Cyanobacteriota; Cyanophyceae; Nostocales; Chlorogloeopsidaceae; Chlorogloeopsis,0,1_104_VanA#24,novel_candidate,0.2253,0,0,0,0,hypothetical > alpha_other > other > hypothetical > hypothetical > [alpha]
NZ_AJYC02000023.1:21152-22274:-1,WP_005254739.1,WSS_RS07820,,aromatic ring-hydroxylating dioxygenase subunit alpha,1_104_VanA,1,323.6,0.983,1.1e-96,NZ_AJYC02000023.1,21152,22274,-1,Rhodococcus opacus M213,Bacteria; Bacillati; Actinomycetota; Actinomycetes; Mycobacteriales; Nocardiaceae; Rhodococcus,0,1_104_VanA#6,core,0.7944,0,0,0,0,[alpha] > reductase > other
NZ_AJYC02000005.1:71935-73009:-1,WP_005253321.1,WSS_RS01090,,aromatic ring-hydroxylating dioxygenase subunit alpha,1_104_VanA,1,241.7,0.9773,8.6e-72,NZ_AJYC02000005.1,71935,73009,-1,Rhodococcus opacus M213,Bacteria; Bacillati; Actinomycetota; Actinomycetes; Mycobacteriales; Nocardiaceae; Rhodococcus,0,1_104_VanA#15,core,0.9262,0,0,0,0,other > [alpha] > hypothetical > reductase > regulator
NZ_AKIV01000092.1:44278-45373:1,WP_007871901.1,PMI15_RS17280,,aromatic ring-hydroxylating dioxygenase subunit alpha,1_104_VanA,1,371.8,0.9716,2.5e-111,NZ_AKIV01000092.1,44278,45373,1,Polaromonas sp. CF318,Bacteria; Pseudomonadati; Pseudomonadota; Betaproteobacteria; Burkholderiales; Comamonadaceae; Polaromonas,0,1_104_VanA#14,core,0.7651,0,0,0,0,[alpha] > regulator > ferredoxin
NZ_AKIW01000083.1:45970-47026:1,WP_007836381.1,PMI12_RS20780,,aromatic ring-hydroxylating dioxygenase subunit alpha,1_104_VanA,1,724.6,0.9858,1.3e-218,NZ_AKIW01000083.1,45970,47026,1,Variovorax sp. CF313,Bacteria; Pseudomonadati; Pseudomonadota; Betaproteobacteria; Burkholderiales; Comamonadaceae; Variovorax,0,1_104_VanA#0,core,0.8168,0,0,0,0,transporter > [alpha] > reductase > regulator > regulator
NZ_AKJA01000007.1:46947-47997:1,WP_008111087.1,PMI40_RS00680,,aromatic ring-hydroxylating dioxygenase subunit alpha,1_104_VanA,1,100.1,0.4858,9.6e-29,NZ_AKJA01000007.1,46947,47997,1,Herbaspirillum sp. YR522,Bacteria; Pseudomonadati; Pseudomonadota; Betaproteobacteria; Burkholderiales; Oxalobacteraceae; Herbaspirillum,0,1_104_VanA#16,core,0.7876,0,0,0,0,other > hydrolase > regulator > reductase > other > dehydrogenase > dehydrogenase > other > reductase > hypothetical > transposon > [alpha] > other > reductase
NZ_AKIW01000070.1:45459-46503:-1,WP_007834984.1,PMI12_RS17290,,aromatic ring-hydroxylating dioxygenase subunit alpha,1_104_VanA,1,101.7,0.4858,3.2e-29,NZ_AKIW01000070.1,45459,46503,-1,Variovorax sp. CF313,Bacteria; Pseudomonadati; Pseudomonadota; Betaproteobacteria; Burkholderiales; Comamonadaceae; Variovorax,0,1_104_VanA#22,core,0.7955,1,0,0,1,transporter > reductase > transposon > [alpha] > reductase > transporter > transporter
NZ_AKJB01000012.1:144429-145476:1,WP_007895804.1,PMI18_RS25900,,aromatic ring-hydroxylating dioxygenase subunit alpha,1_104_VanA,1,771.6,0.983,6.9e-233,NZ_AKJB01000012.1,144429,145476,1,Pseudomonas sp. GM102,Bacteria; Pseudomonadati; Pseudomonadota; Gammaproteobacteria; Pseudomonadales; Pseudomonadaceae; Pseudomonas,0,1_104_VanA#0,core,0.9315,0,0,0,0,dehydrogenase > [alpha] > reductase
NZ_AKJF01000169.1:6646-7705:-1,WP_008063904.1,PMI35_RS06740,,aromatic ring-hydroxylating dioxygenase subunit alpha,1_104_VanA,1,771.8,0.9943,5.9e-233,NZ_AKJF01000169.1,6646,7705,-1,Pseudomonas sp. GM78,Bacteria; Pseudomonadati; Pseudomonadota; Gammaproteobacteria; Pseudomonadales; Pseudomonadaceae; Pseudomonas,0,1_104_VanA#0,core,0.8962,0,0,0,0,[alpha] > reductase
NZ_AKJE01000078.1:31692-32739:-1,WP_008073745.1,PMI36_RS08980,,aromatic ring-hydroxylating dioxygenase subunit alpha,1_104_VanA,1,771.6,0.983,6.8e-233,NZ_AKJE01000078.1,31692,32739,-1,Pseudomonas sp. GM79,Bacteria; Pseudomonadati; Pseudomonadota; Gammaproteobacteria; Pseudomonadales; Pseudomonadaceae; Pseudomonas,0,1_104_VanA#0,core,0.9342,0,0,0,0,[alpha] > reductase
NZ_AKJF01000017.1:22619-23654:-1,WP_008054891.1,PMI35_RS30040,,aromatic ring-hydroxylating dioxygenase subunit alpha,1_104_VanA,1,106.0,0.4915,1.6e-30,NZ_AKJF01000017.1,22619,23654,-1,Pseudomonas sp. GM78,Bacteria; Pseudomonadati; Pseudomonadota; Gammaproteobacteria; Pseudomonadales; Pseudomonadaceae; Pseudomonas,0,1_104_VanA#21,core,0.9115,1,0,0,1,transporter > transporter > reductase > other > hydrolase > regulator > reductase > other > dehydrogenase > dehydrogenase > other > transposon > [alpha] > reductase
NZ_AKJK01000101.1:35166-36213:-1,WP_007895804.1,PMI30_RS06440,,aromatic ring-hydroxylating dioxygenase subunit alpha,1_104_VanA,1,771.6,0.983,6.9e-233,NZ_AKJK01000101.1,35166,36213,-1,Pseudomonas sp. GM50,Bacteria; Pseudomonadati; Pseudomonadota; Gammaproteobacteria; Pseudomonadales; Pseudomonadaceae; Pseudomonas,0,1_104_VanA#0,core,0.9315,0,0,0,0,hypothetical > other > other > other > transporter > [alpha] > reductase
NZ_AKJS01000034.1:300-1359:1,WP_007943828.1,PMI22_RS22770,,aromatic ring-hydroxylating dioxygenase subunit alpha,1_104_VanA,1,769.8,0.9972,2.4e-232,NZ_AKJS01000034.1,300,1359,1,Pseudomonas sp. GM21,Bacteria; Pseudomonadati; Pseudomonadota; Gammaproteobacteria; Pseudomonadales; Pseudomonadaceae; Pseudomonas,0,1_104_VanA#0,core,0.8871,0,0,0,0,[alpha] > reductase
NZ_AKJT01000082.1:50444-51491:1,WP_007940325.1,PMI21_RS07590,,aromatic ring-hydroxylating dioxygenase subunit alpha,1_104_VanA,1,775.0,0.983,6.1e-234,NZ_AKJT01000082.1,50444,51491,1,Pseudomonas sp. GM18,Bacteria; Pseudomonadati; Pseudomonadota; Gammaproteobacteria; Pseudomonadales; Pseudomonadaceae; Pseudomonas,0,1_104_VanA#0,core,0.9379,0,0,0,0,[alpha] > reductase
NZ_AKJW01000081.1:16125-17172:-1,WP_007882408.1,PMI16_RS18685,,aromatic ring-hydroxylating dioxygenase subunit alpha,1_104_VanA,1,108.4,0.4886,2.8e-31,NZ_AKJW01000081.1,16125,17172,-1,Herbaspirillum sp. CF444,Bacteria; Pseudomonadati; Pseudomonadota; Betaproteobacteria; Burkholderiales; Oxalobacteraceae; Herbaspirillum,0,1_104_VanA#16,core,0.761,0,0,0,0,other > reductase > hypothetical > transposon > [alpha] > other > reductase
NZ_AKJW01000097.1:7698-8751:-1,WP_007883682.1,PMI16_RS21880,,aromatic ring-hydroxylating dioxygenase subunit alpha,1_104_VanA,1,746.2,0.9773,3.5e-225,NZ_AKJW01000097.1,7698,8751,-1,Herbaspirillum sp. CF444,Bacteria; Pseudomonadati; Pseudomonadota; Betaproteobacteria; Burkholderiales; Oxalobacteraceae; Herbaspirillum,0,1_104_VanA#0,core,0.7931,1,0,0,1,[alpha] > reductase > transporter
NZ_AKJX01000026.1:48711-49743:-1,WP_007849903.1,PMI14_RS03845,,aromatic ring-hydroxylating dioxygenase subunit alpha,1_104_VanA,1,687.2,0.9716,3.1e-207,NZ_AKJX01000026.1,48711,49743,-1,Acidovorax sp. CF316,Bacteria; Pseudomonadati; Pseudomonadota; Betaproteobacteria; Burkholderiales; Comamonadaceae; Acidovorax,0,1_104_VanA#0,core,0.8052,0,0,0,0,[alpha] > reductase
NZ_AKKP01000081.1:166588-167659:-1,WP_009477230.1,JVH1_RS24210,,aromatic ring-hydroxylating dioxygenase subunit alpha,1_104_VanA,1,240.3,0.9688,2.4e-71,NZ_AKKP01000081.1,166588,167659,-1,Rhodococcus sp. JVH1,Bacteria; Actinomycetota; Actinomycetes; Mycobacteriales; Nocardiaceae; Rhodococcus,0,1_104_VanA#15,core,0.9219,0,0,0,0,other > [alpha] > hypothetical > reductase > regulator
NZ_ALKN02000015.1:8852-9905:1,WP_019426940.1,B472_RS14605,,aromatic ring-hydroxylating dioxygenase subunit alpha,1_104_VanA,1,621.9,0.9773,2.2e-187,NZ_ALKN02000015.1,8852,9905,1,Limnohabitans sp. Rim28,Bacteria; Pseudomonadati; Pseudomonadota; Betaproteobacteria; Burkholderiales; Comamonadaceae; Limnohabitans,0,1_104_VanA#0,core,0.6149,1,0,1,0,regulator > [alpha] > ferredoxin
NZ_ALNJ01000154.1:937-1960:1,WP_009654962.1,HMPREF1144_RS29855,,aromatic ring-hydroxylating dioxygenase subunit alpha,1_104_VanA,1,109.3,0.4744,1.5e-31,NZ_ALNJ01000154.1,937,1960,1,Klebsiella sp. OBRC7,Bacteria; Pseudomonadati; Pseudomonadota; Gammaproteobacteria; Enterobacterales; Enterobacteriaceae; Klebsiella/Raoultella group; Klebsiella,0,1_104_VanA#3,core,0.9465,2,0,1,1,ferredoxin > transposon > [alpha] > reductase > regulator > other > reductase > transporter > other > hydrolase > reductase > dehydrogenase > dehydrogenase > other
NZ_ALVZ01000233.1:25573-26572:-1,WP_006512398.1,XEN7305_RS25295,,Rieske 2Fe-2S domain-containing protein,1_104_VanA,1,49.9,0.5597,1.8e-13,NZ_ALVZ01000233.1,25573,26572,-1,Xenococcus sp. PCC 7305,Bacteria; Bacillati; Cyanobacteriota; Cyanophyceae; Pleurocapsales; Xenococcaceae; Xenococcus,0,1_104_VanA#70,novel_candidate,0.2131,0,0,0,0,[alpha]
NZ_AMPR02000135.1:34887-35958:1,WP_006576771.1,B551_RS09995,,aromatic ring-hydroxylating dioxygenase subunit alpha,1_104_VanA,1,112.7,0.4716,1.4e-32,NZ_AMPR02000135.1,34887,35958,1,Cupriavidus sp. HPC(L),Bacteria; Pseudomonadati; Pseudomonadota; Betaproteobacteria; Burkholderiales; Burkholderiaceae; Cupriavidus,0,1_104_VanA#25,core,0.6516,0,0,0,0,transposon > [alpha] > reductase > other > regulator > reductase
NZ_AMFQ01000132.1:25683-26760:-1,WP_009586783.1,ACINWC743_RS19895,,aromatic ring-hydroxylating dioxygenase subunit alpha,1_104_VanA,1,679.1,0.983,8.7e-205,NZ_AMFQ01000132.1,25683,26760,-1,Acinetobacter sp. WC-743,Bacteria; Pseudomonadati; Pseudomonadota; Gammaproteobacteria; Moraxellales; Moraxellaceae; Acinetobacter,0,1_104_VanA#0,core,0.87,0,0,0,0,[alpha] > reductase
NZ_AMFQ01000152.1:10299-11367:1,WP_009587219.1,ACINWC743_RS23060,,aromatic ring-hydroxylating dioxygenase subunit alpha,1_104_VanA,1,101.6,0.4886,3.4e-29,NZ_AMFQ01000152.1,10299,11367,1,Acinetobacter sp. WC-743,Bacteria; Pseudomonadati; Pseudomonadota; Gammaproteobacteria; Moraxellales; Moraxellaceae; Acinetobacter,0,1_104_VanA#4,core,0.8256,2,0,1,1,ferredoxin > transposon > [alpha] > reductase > other > reductase > transporter > other > hydrolase > reductase > dehydrogenase > dehydrogenase > other
NZ_AMSS01000001.1:31976-33044:1,WP_004641722.1,ACINWC141_RS00160,,aromatic ring-hydroxylating dioxygenase subunit alpha,1_104_VanA,1,109.5,0.4744,1.3e-31,NZ_AMSS01000001.1,31976,33044,1,Acinetobacter sp. WC-141,Bacteria; Pseudomonadati; Pseudomonadota; Gammaproteobacteria; Moraxellales; Moraxellaceae; Acinetobacter; Acinetobacter calcoaceticus/baumannii complex,0,1_104_VanA#4,core,0.9363,2,0,1,1,ferredoxin > transposon > [alpha] > reductase > other > reductase > transporter > other > hydrolase > reductase > dehydrogenase > dehydrogenase > other
NZ_AMSS01000016.1:52176-53253:-1,WP_009387845.1,ACINWC141_RS02940,,aromatic ring-hydroxylating dioxygenase subunit alpha,1_104_VanA,1,694.5,0.9858,1.8e-209,NZ_AMSS01000016.1,52176,53253,-1,Acinetobacter sp. WC-141,Bacteria; Pseudomonadati; Pseudomonadota; Gammaproteobacteria; Moraxellales; Moraxellaceae; Acinetobacter; Acinetobacter calcoaceticus/baumannii complex,0,1_104_VanA#0,core,0.9843,0,0,0,0,[alpha] > reductase
NZ_AMRM01000013.1:58564-59605:-1,WP_008597321.1,NA2_RS12640,,aromatic ring-hydroxylating dioxygenase subunit alpha,1_104_VanA,1,106.3,0.4545,1.3e-30,NZ_AMRM01000013.1,58564,59605,-1,Nitratireductor pacificus pht-3B,Bacteria; Pseudomonadati; Pseudomonadota; Alphaproteobacteria; Hyphomicrobiales; Phyllobacteriaceae; Nitratireductor,0,1_104_VanA#17,divergent,0.43,1,0,0,1,transposon > transporter > transporter > transporter > [alpha] > reductase > hydrolase > other > reductase > other > dehydrogenase > dehydrogenase > reductase > other > other
NZ_ALJF01000003.1:248334-249396:-1,WP_006724878.1,QWE_RS04385,,aromatic ring-hydroxylating dioxygenase subunit alpha,1_104_VanA,1,361.1,0.9801,4.4e-108,NZ_ALJF01000003.1,248334,249396,-1,Agrobacterium albertimagni AOL15,Bacteria; Pseudomonadati; Pseudomonadota; Alphaproteobacteria; Hyphomicrobiales; Rhizobiaceae; Rhizobium/Agrobacterium group; Agrobacterium,0,1_104_VanA#19,core,0.7093,1,0,0,1,[alpha] > regulator > reductase
NZ_AMRN01000002.1:366978-367995:1,WP_008889504.1,TH2_RS05960,,aromatic ring-hydroxylating dioxygenase subunit alpha,1_104_VanA,1,427.1,0.9631,3.6e-128,NZ_AMRN01000002.1,366978,367995,1,Thalassospira profundimaris WP0211,Bacteria; Pseudomonadati; Pseudomonadota; Alphaproteobacteria; Rhodospirillales; Thalassospiraceae; Thalassospira,0,1_104_VanA#23,divergent,0.4966,0,0,0,0,[alpha]
NZ_ANJL01000026.1:156676-157741:1,WP_017709233.1,D653_RS0113725,,aromatic ring-hydroxylating dioxygenase subunit alpha,1_104_VanA,1,740.7,0.9886,1.6e-223,NZ_ANJL01000026.1,156676,157741,1,Pseudomonas syringae pv. actinidiae ICMP 18807,Bacteria; Pseudomonadati; Pseudomonadota; Gammaproteobacteria; Pseudomonadales; Pseudomonadaceae; Pseudomonas; Pseudomonas syringae,0,1_104_VanA#0,core,0.925,0,0,0,0,regulator > [alpha] > reductase
NZ_ANPE02000076.1:4734-5829:1,WP_005267689.1,D477_RS04470,,aromatic ring-hydroxylating dioxygenase subunit alpha,1_104_VanA,1,344.2,0.9688,5.8e-103,NZ_ANPE02000076.1,4734,5829,1,Arthrobacter crystallopoietes BAB-32,Bacteria; Bacillati; Actinomycetota; Actinomycetes; Micrococcales; Micrococcaceae; Arthrobacter,0,1_104_VanA#6,core,0.8594,0,0,0,0,[alpha] > reductase
NZ_AMZS01000070.1:30092-31160:-1,WP_009515891.1,ACINWC323_RS00970,,aromatic ring-hydroxylating dioxygenase subunit alpha,1_104_VanA,1,106.2,0.4858,1.4e-30,NZ_AMZS01000070.1,30092,31160,-1,Acinetobacter sp. WC-323,Bacteria; Pseudomonadati; Pseudomonadota; Gammaproteobacteria; Moraxellales; Moraxellaceae; Acinetobacter; Acinetobacter calcoaceticus/baumannii complex,0,1_104_VanA#4,core,0.9075,2,0,1,1,ferredoxin > transposon > [alpha] > reductase > other > reductase
NZ_AOEX01000047.1:43955-45071:-1,WP_003937169.1,G352_RS15255,,aromatic ring-hydroxylating dioxygenase subunit alpha,1_104_VanA,1,322.9,0.9744,1.7e-96,NZ_AOEX01000047.1,43955,45071,-1,Rhodococcus ruber BKS 20-38,Bacteria; Bacillati; Actinomycetota; Actinomycetes; Mycobacteriales; Nocardiaceae; Rhodococcus,0,1_104_VanA#6,core,0.837,0,0,0,0,[alpha] > reductase > transporter
NZ_AOCK01000014.1:38765-39860:1,WP_007273022.1,ADIAG_RS18800,,aromatic ring-hydroxylating dioxygenase subunit alpha,1_104_VanA,1,334.4,0.9688,5.8e-100,NZ_AOCK01000014.1,38765,39860,1,Paeniglutamicibacter gangotriensis Lz1y,Bacteria; Bacillati; Actinomycetota; Actinomycetes; Micrococcales; Micrococcaceae; Paeniglutamicibacter,0,1_104_VanA#18,core,0.75,0,0,0,0,[alpha] > reductase
NZ_AOCK01000001.1:379998-381093:1,WP_007269574.1,ADIAG_RS01765,,Rieske 2Fe-2S domain-containing protein,1_104_VanA,1,346.6,0.9659,1.1e-103,NZ_AOCK01000001.1,379998,381093,1,Paeniglutamicibacter gangotriensis Lz1y,Bacteria; Bacillati; Actinomycetota; Actinomycetes; Micrococcales; Micrococcaceae; Paeniglutamicibacter,0,1_104_VanA#6,core,0.7925,0,0,0,0,[alpha] > reductase > transporter
NZ_AOUO01000027.1:735-1776:1,WP_003057320.1,H480_RS02715,,aromatic ring-hydroxylating dioxygenase subunit alpha,1_104_VanA,1,232.8,0.9489,4.4e-69,NZ_AOUO01000027.1,735,1776,1,Amycolatopsis vancoresmycina DSM 44592,Bacteria; Bacillati; Actinomycetota; Actinomycetes; Pseudonocardiales; Pseudonocardiaceae; Amycolatopsis,0,1_104_VanA#37,core,0.7548,0,0,0,0,regulator > [alpha] > hypothetical > reductase > other
NZ_AOUH01000025.1:46633-47695:1,WP_017847926.1,H736_RS0118700,,aromatic ring-hydroxylating dioxygenase subunit alpha,1_104_VanA,1,758.6,0.9943,6e-229,NZ_AOUH01000025.1,46633,47695,1,Pseudomonas veronii 1YdBTEX2,Bacteria; Pseudomonadati; Pseudomonadota; Gammaproteobacteria; Pseudomonadales; Pseudomonadaceae; Pseudomonas,0,1_104_VanA#0,core,0.9434,0,0,0,0,[alpha] > reductase
NZ_AOSQ01000034.1:10698-11814:-1,WP_017834002.1,H488_RS30515,,aromatic ring-hydroxylating dioxygenase subunit alpha,1_104_VanA,1,325.3,0.9773,3.4e-97,NZ_AOSQ01000034.1,10698,11814,-1,Kocuria sp. UCD-OTCP,Bacteria; Bacillati; Actinomycetota; Actinomycetes; Micrococcales; Micrococcaceae; Kocuria,0,1_104_VanA#6,core,0.8862,0,0,0,0,[alpha] > reductase > transporter
NZ_APBQ01000110.1:5068-6136:-1,WP_004576418.1,C206_RS17020,,aromatic ring-hydroxylating dioxygenase subunit alpha,1_104_VanA,1,765.3,0.9972,5.4e-231,NZ_APBQ01000110.1,5068,6136,-1,Pseudomonas putida TRO1,Bacteria; Pseudomonadati; Pseudomonadota; Gammaproteobacteria; Pseudomonadales; Pseudomonadaceae; Pseudomonas,0,1_104_VanA#0,core,0.8774,0,0,0,0,[alpha] > reductase
NZ_APIO01000001.1:163598-164657:-1,WP_020795179.1,PG5_RS00775,,aromatic ring-hydroxylating dioxygenase subunit alpha,1_104_VanA,1,764.9,0.9943,7e-231,NZ_APIO01000001.1,163598,164657,-1,Pseudomonas sp. G5(2012),Bacteria; Pseudomonadati; Pseudomonadota; Gammaproteobacteria; Pseudomonadales; Pseudomonadaceae; Pseudomonas,0,1_104_VanA#0,core,0.8927,0,0,0,0,dehydrogenase > hypothetical > hypothetical > other > transporter > [alpha] > reductase > other
NZ_APIO01000001.1:199573-200632:-1,WP_042955117.1,PG5_RS00920,,aromatic ring-hydroxylating dioxygenase subunit alpha,1_104_VanA,1,766.4,0.9943,2.5e-231,NZ_APIO01000001.1,199573,200632,-1,Pseudomonas sp. G5(2012),Bacteria; Pseudomonadati; Pseudomonadota; Gammaproteobacteria; Pseudomonadales; Pseudomonadaceae; Pseudomonas,0,1_104_VanA#0,core,0.884,0,0,0,0,[alpha] > reductase
NZ_APIO01000002.1:13319-14378:-1,WP_020795364.1,PG5_RS01755,,aromatic ring-hydroxylating dioxygenase subunit alpha,1_104_VanA,1,773.6,0.9943,1.7e-233,NZ_APIO01000002.1,13319,14378,-1,Pseudomonas sp. G5(2012),Bacteria; Pseudomonadati; Pseudomonadota; Gammaproteobacteria; Pseudomonadales; Pseudomonadaceae; Pseudomonas,0,1_104_VanA#0,core,0.8969,0,0,0,0,[alpha] > reductase
NZ_APNK01000003.1:69211-70294:1,WP_037334118.1,C41B8_RS03430,,aromatic ring-hydroxylating dioxygenase subunit alpha,1_104_VanA,1,325.8,0.9716,2.3e-97,NZ_APNK01000003.1,69211,70294,1,Salinisphaera hydrothermalis C41B8,Bacteria; Pseudomonadati; Pseudomonadota; Gammaproteobacteria; Salinisphaerales; Salinisphaeraceae; Salinisphaera,0,1_104_VanA#82,core,0.654,1,0,0,1,[alpha] > regulator > reductase
NZ_ASSI01000126.1:34802-35873:-1,WP_021161515.1,L810_RS27130,,aromatic ring-hydroxylating dioxygenase subunit alpha,1_104_VanA,1,124.4,0.4858,4.1e-36,NZ_ASSI01000126.1,34802,35873,-1,Burkholderia sp. AU4i,Bacteria; Pseudomonadati; Pseudomonadota; Betaproteobacteria; Burkholderiales; Burkholderiaceae; Burkholderia,0,1_104_VanA#1,core,0.9778,2,0,1,1,hypothetical > ferredoxin > transposon > [alpha] > reductase > other > hydrolase > regulator > reductase > other > dehydrogenase > dehydrogenase > other > reductase
NZ_ASZQ01000262.1:48730-49780:-1,WP_002750348.1,MAESPC_RS21635,,aromatic ring-hydroxylating dioxygenase subunit alpha,1_104_VanA,1,64.6,0.4545,6.1e-18,NZ_ASZQ01000262.1,48730,49780,-1,Microcystis aeruginosa SPC777,Bacteria; Bacillati; Cyanobacteriota; Cyanophyceae; Oscillatoriophycideae; Chroococcales; Microcystaceae; Microcystis,0,1_104_VanA#9,core,0.9969,0,0,0,0,[alpha]
NZ_ASSI01000198.1:10996-12076:-1,WP_021163014.1,L810_RS35550,,aromatic ring-hydroxylating dioxygenase subunit alpha,1_104_VanA,1,697.6,0.983,2.1e-210,NZ_ASSI01000198.1,10996,12076,-1,Burkholderia sp. AU4i,Bacteria; Pseudomonadati; Pseudomonadota; Betaproteobacteria; Burkholderiales; Burkholderiaceae; Burkholderia,0,1_104_VanA#0,core,0.8849,0,0,0,0,[alpha] > reductase > alpha_other
NZ_ASSJ01000001.1:92324-93467:1,WP_022603718.1,KR51_RS00325,,aromatic ring-hydroxylating dioxygenase subunit alpha,1_104_VanA,1,87.1,0.5852,8.9e-25,NZ_ASSJ01000001.1,92324,93467,1,Rubidibacter lacunae KORDI 51-2,Bacteria; Bacillati; Cyanobacteriota; Cyanophyceae; Oscillatoriophycideae; Chroococcales; Aphanothecaceae; Rubidibacter,0,1_104_VanA#28,novel_candidate,0.2648,0,0,0,0,[alpha] > other
NZ_ATDP01000055.1:36206-37247:1,WP_021224511.1,RLDS_RS31580,,Rieske 2Fe-2S domain-containing protein,1_104_VanA,1,401.6,0.9688,2.1e-120,NZ_ATDP01000055.1,36206,37247,1,Sphingobium lactosutens DS20,Bacteria; Pseudomonadati; Pseudomonadota; Alphaproteobacteria; Sphingomonadales; Sphingomonadaceae; Sphingobium,0,1_104_VanA#20,divergent,0.4653,0,0,0,0,regulator > reductase > hydrolase > [alpha] > ro_alpha > ro_beta > reductase
NZ_ATDP01000089.1:115904-116993:1,WP_021226144.1,RLDS_RS40545,,Rieske 2Fe-2S domain-containing protein,1_104_VanA,1,665.0,0.9801,1.7e-200,NZ_ATDP01000089.1,115904,116993,1,Sphingobium lactosutens DS20,Bacteria; Pseudomonadati; Pseudomonadota; Alphaproteobacteria; Sphingomonadales; Sphingomonadaceae; Sphingobium,0,1_104_VanA#0,core,0.7147,0,0,0,0,alpha_other > [alpha] > dehydrogenase
NZ_ATGG01000016.1:91827-92895:-1,WP_016541074.1,F957_RS09915,,aromatic ring-hydroxylating dioxygenase subunit alpha,1_104_VanA,1,106.6,0.4858,1.1e-30,NZ_ATGG01000016.1,91827,92895,-1,Acinetobacter gyllenbergii CIP 110306 = MTCC 11365,Bacteria; Pseudomonadati; Pseudomonadota; Gammaproteobacteria; Moraxellales; Moraxellaceae; Acinetobacter,0,1_104_VanA#4,core,0.8865,2,0,1,1,ferredoxin > transposon > [alpha] > reductase > other > reductase > transporter > other > hydrolase > reductase > dehydrogenase > dehydrogenase > other
NZ_ATHL01000076.1:345828-346944:-1,WP_052018400.1,L284_RS36650,,aromatic ring-hydroxylating dioxygenase subunit alpha,1_104_VanA,1,647.7,0.9744,3.2e-195,NZ_ATHL01000076.1,345828,346944,-1,Novosphingobium lindaniclasticum LE124,Bacteria; Pseudomonadati; Pseudomonadota; Alphaproteobacteria; Sphingomonadales; Sphingomonadaceae; Novosphingobium,0,1_104_VanA#0,core,0.7619,0,0,0,0,[alpha] > regulator > other
NZ_ATHO01000130.1:33477-34545:1,WP_021238976.1,L288_RS35785,,aromatic ring-hydroxylating dioxygenase subunit alpha,1_104_VanA,1,141.8,0.9773,2.1e-41,NZ_ATHO01000130.1,33477,34545,1,Sphingobium quisquiliarum P25,Bacteria; Pseudomonadati; Pseudomonadota; Alphaproteobacteria; Sphingomonadales; Sphingomonadaceae; Sphingobium,0,1_104_VanA#69,novel_candidate,0.3187,0,0,0,0,[alpha] > reductase
NZ_AWOR01000078.1:5763-6789:-1,WP_034374616.1,P353_RS22090,,aromatic ring-hydroxylating dioxygenase subunit alpha,1_104_VanA,1,111.1,0.4886,4.3e-32,NZ_AWOR01000078.1,5763,6789,-1,Comamonas testosteroni,Bacteria; Pseudomonadati; Pseudomonadota; Betaproteobacteria; Burkholderiales; Comamonadaceae; Comamonas,0,1_104_VanA#11,core,0.9452,0,0,0,0,transposon > [alpha] > reductase
NZ_AWOR01000068.1:124613-125690:-1,WP_034374108.1,P353_RS19515,,aromatic ring-hydroxylating dioxygenase subunit alpha,1_104_VanA,1,668.4,0.9744,1.6e-201,NZ_AWOR01000068.1,124613,125690,-1,Comamonas testosteroni,Bacteria; Pseudomonadati; Pseudomonadota; Betaproteobacteria; Burkholderiales; Comamonadaceae; Comamonas,0,1_104_VanA#0,core,0.8951,0,0,0,0,regulator > [alpha] > regulator
NZ_AWOR01000070.1:1415-2456:-1,WP_034374375.1,P353_RS21555,,aromatic ring-hydroxylating dioxygenase subunit alpha,1_104_VanA,1,631.9,0.9744,1.9e-190,NZ_AWOR01000070.1,1415,2456,-1,Comamonas testosteroni,Bacteria; Pseudomonadati; Pseudomonadota; Betaproteobacteria; Burkholderiales; Comamonadaceae; Comamonas,0,1_104_VanA#0,core,0.7898,0,0,0,0,transporter > [alpha] > reductase > ro_alpha
NZ_AWTN01000165.1:1775-2816:-1,WP_034384392.1,P245_RS26865,,aromatic ring-hydroxylating dioxygenase subunit alpha,1_104_VanA,1,635.2,0.9744,2e-191,NZ_AWTN01000165.1,1775,2816,-1,Comamonas thiooxydans,Bacteria; Pseudomonadati; Pseudomonadota; Betaproteobacteria; Burkholderiales; Comamonadaceae; Comamonas,0,1_104_VanA#0,core,0.7803,0,0,0,0,transporter > [alpha] > reductase > ro_alpha > ring_cleavage
NZ_AWGD01000022.1:53083-54148:1,WP_023453884.1,ABAC460_RS37625,,aromatic ring-hydroxylating dioxygenase subunit alpha,1_104_VanA,1,657.9,0.9744,2.5e-198,NZ_AWGD01000022.1,53083,54148,1,Asticcacaulis sp. AC460,Bacteria; Pseudomonadati; Pseudomonadota; Alphaproteobacteria; Caulobacterales; Caulobacteraceae; Asticcacaulis,0,1_104_VanA#0,core,0.6902,0,0,0,0,[alpha] > reductase
NZ_AWTN01000001.1:112579-113656:-1,WP_034377157.1,P245_RS00515,,aromatic ring-hydroxylating dioxygenase subunit alpha,1_104_VanA,1,669.5,0.9744,7.4e-202,NZ_AWTN01000001.1,112579,113656,-1,Comamonas thiooxydans,Bacteria; Pseudomonadati; Pseudomonadota; Betaproteobacteria; Burkholderiales; Comamonadaceae; Comamonas,0,1_104_VanA#0,core,0.8934,0,0,0,0,regulator > [alpha] > regulator
NZ_AWTP01000111.1:113294-114371:-1,WP_034391048.1,P608_RS12360,,aromatic ring-hydroxylating dioxygenase subunit alpha,1_104_VanA,1,671.7,0.9773,1.6e-202,NZ_AWTP01000111.1,113294,114371,-1,Comamonas thiooxydans,Bacteria; Pseudomonadati; Pseudomonadota; Betaproteobacteria; Burkholderiales; Comamonadaceae; Comamonas,0,1_104_VanA#0,core,0.8777,0,0,0,0,regulator > [alpha] > regulator
NZ_AXCD01000001.1:45502-46570:-1,WP_007483764.1,IO68_RS17475,,aromatic ring-hydroxylating dioxygenase subunit alpha,1_104_VanA,1,103.3,0.4886,1e-29,NZ_AXCD01000001.1,45502,46570,-1,Acinetobacter sp. COS3,Bacteria; Pseudomonadati; Pseudomonadota; Gammaproteobacteria; Moraxellales; Moraxellaceae; Acinetobacter,0,1_104_VanA#4,core,0.8531,2,0,1,1,ferredoxin > transposon > [alpha] > reductase > other > reductase > transporter > other > hydrolase > reductase > dehydrogenase > dehydrogenase > other
NZ_AYFO01000063.1:97992-99060:-1,WP_000991783.1,P669_RS15080,,aromatic ring-hydroxylating dioxygenase subunit alpha,1_104_VanA,1,109.9,0.483,1e-31,NZ_AYFO01000063.1,97992,99060,-1,Acinetobacter baumannii UH5307,Bacteria; Pseudomonadati; Pseudomonadota; Gammaproteobacteria; Moraxellales; Moraxellaceae; Acinetobacter; Acinetobacter calcoaceticus/baumannii complex,0,1_104_VanA#4,core,1.0,2,0,1,1,ferredoxin > transposon > [alpha] > reductase > other > reductase > transporter > other > hydrolase > reductase > dehydrogenase > dehydrogenase > other
NZ_AYKS02000047.1:5747-6791:1,WP_023489527.1,IO95_RS07655,,aromatic ring-hydroxylating dioxygenase subunit alpha,1_104_VanA,1,94.1,0.4801,6.4e-27,NZ_AYKS02000047.1,5747,6791,1,Serratia sp. DD3,Bacteria; Pseudomonadati; Pseudomonadota; Gammaproteobacteria; Enterobacterales; Yersiniaceae; Serratia,0,1_104_VanA#3,core,0.7466,2,0,1,1,ferredoxin > transposon > [alpha] > reductase > regulator > other > reductase > transporter > other > hydrolase > reductase > dehydrogenase > dehydrogenase > other
NZ_AYOY01000209.1:7772-8813:-1,WP_024022003.1,C100_RS46245,,aromatic ring-hydroxylating dioxygenase subunit alpha,1_104_VanA,1,408.8,0.9801,1.3e-122,NZ_AYOY01000209.1,7772,8813,-1,Sphingobium sp. C100,Bacteria; Pseudomonadati; Pseudomonadota; Alphaproteobacteria; Sphingomonadales; Sphingomonadaceae; Sphingobium,0,1_104_VanA#20,divergent,0.4717,0,0,0,0,regulator > reductase > hydrolase > [alpha] > ro_alpha > ro_beta > reductase
NZ_AWTQ01000031.1:1777-2818:-1,WP_034396166.1,P609_RS15030,,aromatic ring-hydroxylating dioxygenase subunit alpha,1_104_VanA,1,630.2,0.9744,6.7e-190,NZ_AWTQ01000031.1,1777,2818,-1,Comamonas thiooxydans,Bacteria; Pseudomonadati; Pseudomonadota; Betaproteobacteria; Burkholderiales; Comamonadaceae; Comamonas,0,1_104_VanA#0,core,0.7732,0,0,0,0,transporter > [alpha] > reductase > ro_alpha > ring_cleavage
NZ_AYOZ01000056.1:184356-185448:1,WP_024025168.1,D104_RS34115,,aromatic ring-hydroxylating dioxygenase subunit alpha,1_104_VanA,1,686.0,0.9716,7.1e-207,NZ_AYOZ01000056.1,184356,185448,1,Marinomonas profundimaris,Bacteria; Pseudomonadati; Pseudomonadota; Gammaproteobacteria; Oceanospirillales; Oceanospirillaceae; Marinomonas,0,1_104_VanA#0,core,0.7716,0,0,0,0,[alpha] > reductase
NZ_AZYO01000122.1:7195-8311:1,WP_054375103.1,Z051_RS25690,,aromatic ring-hydroxylating dioxygenase subunit alpha,1_104_VanA,1,322.9,0.9744,1.8e-96,NZ_AZYO01000122.1,7195,8311,1,Rhodococcus rhodochrous KG-21,Bacteria; Bacillati; Actinomycetota; Actinomycetes; Mycobacteriales; Nocardiaceae; Rhodococcus,0,1_104_VanA#6,core,0.837,0,0,0,0,[alpha] > reductase > transporter
NZ_AZXY01000007.1:218500-219616:-1,WP_060652644.1,Z045_RS15460,,aromatic ring-hydroxylating dioxygenase subunit alpha,1_104_VanA,1,322.0,0.9744,3.4e-96,NZ_AZXY01000007.1,218500,219616,-1,Rhodococcus pyridinivorans KG-16,Bacteria; Bacillati; Actinomycetota; Actinomycetes; Mycobacteriales; Nocardiaceae; Rhodococcus,0,1_104_VanA#18,core,0.8328,0,0,0,0,[alpha] > reductase > transporter
NZ_BAEB01000052.1:36032-37100:-1,WP_007483764.1,ACT4_RS15535,,aromatic ring-hydroxylating dioxygenase subunit alpha,1_104_VanA,1,103.3,0.4886,1e-29,NZ_BAEB01000052.1,36032,37100,-1,Acinetobacter sp. NBRC 100985,Bacteria; Pseudomonadati; Pseudomonadota; Gammaproteobacteria; Moraxellales; Moraxellaceae; Acinetobacter,0,1_104_VanA#4,core,0.8531,2,0,1,1,ferredoxin > transposon > [alpha] > reductase > other > reductase > transporter > other > hydrolase > reductase > dehydrogenase > dehydrogenase > other
NZ_BAHC01000233.1:31802-32918:-1,WP_006339024.1,GORHZ_RS27445,,aromatic ring-hydroxylating dioxygenase subunit alpha,1_104_VanA,1,327.1,0.9744,9.4e-98,NZ_BAHC01000233.1,31802,32918,-1,Gordonia rhizosphera NBRC 16068,Bacteria; Bacillati; Actinomycetota; Actinomycetes; Mycobacteriales; Gordoniaceae; Gordonia,0,1_104_VanA#6,core,0.8037,0,0,0,0,[alpha] > reductase > transporter
NZ_BAHA01000020.1:54292-55315:1,WP_002443369.1,EB105725_RS13495,,aromatic ring-hydroxylating dioxygenase subunit alpha,1_104_VanA,1,106.9,0.4773,8.5e-31,NZ_BAHA01000020.1,54292,55315,1,Shimwellia blattae DSM 4481 = NBRC 105725,Bacteria; Pseudomonadati; Pseudomonadota; Gammaproteobacteria; Enterobacterales; Enterobacteriaceae; Shimwellia,0,1_104_VanA#3,core,0.8367,2,0,1,1,ferredoxin > transposon > [alpha] > reductase > regulator > other > reductase > transporter > other > hydrolase > reductase > dehydrogenase > dehydrogenase > other
NZ_BAWF01000007.1:10894-11968:1,WP_037228017.1,RW1_RS06310,,aromatic ring-hydroxylating dioxygenase subunit alpha,1_104_VanA,1,239.2,0.9744,5e-71,NZ_BAWF01000007.1,10894,11968,1,Rhodococcus wratislaviensis NBRC 100605,Bacteria; Bacillati; Actinomycetota; Actinomycetes; Mycobacteriales; Nocardiaceae; Rhodococcus,0,1_104_VanA#15,core,0.9161,0,0,0,0,other > [alpha] > hypothetical > reductase > regulator
NZ_BBPA01000019.1:86910-87918:1,WP_045357818.1,N44_RS04525,,aromatic ring-hydroxylating dioxygenase subunit alpha,1_104_VanA,1,87.0,0.4545,9.3e-25,NZ_BBPA01000019.1,86910,87918,1,Microcystis aeruginosa NIES-44,Bacteria; Bacillati; Cyanobacteriota; Cyanophyceae; Oscillatoriophycideae; Chroococcales; Microcystaceae; Microcystis,0,1_104_VanA#24,novel_candidate,0.2196,0,0,0,0,other > [alpha]
NZ_BBQU01000008.1:69888-70965:1,WP_045434373.1,P23_RS10090,,aromatic ring-hydroxylating dioxygenase subunit alpha,1_104_VanA,1,691.7,0.9858,1.3e-208,NZ_BBQU01000008.1,69888,70965,1,Acinetobacter calcoaceticus,Bacteria; Pseudomonadati; Pseudomonadota; Gammaproteobacteria; Moraxellales; Moraxellaceae; Acinetobacter; Acinetobacter calcoaceticus/baumannii complex,0,1_104_VanA#0,core,0.9812,0,0,0,0,[alpha] > reductase
NZ_BBQU01000008.1:257662-258730:-1,WP_004641722.1,P23_RS10920,,aromatic ring-hydroxylating dioxygenase subunit alpha,1_104_VanA,1,109.5,0.4744,1.3e-31,NZ_BBQU01000008.1,257662,258730,-1,Acinetobacter calcoaceticus,Bacteria; Pseudomonadati; Pseudomonadota; Gammaproteobacteria; Moraxellales; Moraxellaceae; Acinetobacter; Acinetobacter calcoaceticus/baumannii complex,0,1_104_VanA#4,core,0.9363,2,0,1,1,ferredoxin > transposon > [alpha] > reductase > other > reductase > transporter > other > hydrolase > reductase > dehydrogenase > dehydrogenase > other
NZ_BBXH01000023.1:112544-113621:-1,WP_034377157.1,CSE6_RS19980,,aromatic ring-hydroxylating dioxygenase subunit alpha,1_104_VanA,1,669.5,0.9744,7.4e-202,NZ_BBXH01000023.1,112544,113621,-1,Comamonas sp. E6,Bacteria; Pseudomonadati; Pseudomonadota; Betaproteobacteria; Burkholderiales; Comamonadaceae; Comamonas,0,1_104_VanA#0,core,0.8934,0,0,0,0,regulator > [alpha] > regulator
NZ_BBYR01000037.1:126859-127939:1,WP_054020643.1,ISF6_RS15490,,aromatic ring-hydroxylating dioxygenase subunit alpha,1_104_VanA,1,573.4,0.9716,1.2e-172,NZ_BBYR01000037.1,126859,127939,1,Piscinibacter sakaiensis,Bacteria; Pseudomonadati; Pseudomonadota; Betaproteobacteria; Burkholderiales; Sphaerotilaceae; Piscinibacter,0,1_104_VanA#0,core,0.5933,0,0,0,0,regulator > [alpha] > reductase > other
NZ_BCMM01000031.1:80183-81248:1,WP_199845572.1,AV118_RS29275,,aromatic ring-hydroxylating dioxygenase subunit alpha,1_104_VanA,1,224.2,0.9744,1.8e-66,NZ_BCMM01000031.1,80183,81248,1,Streptomyces scabiei,Bacteria; Bacillati; Actinomycetota; Actinomycetes; Kitasatosporales; Streptomycetaceae; Streptomyces,0,1_104_VanA#10,core,0.8688,1,0,0,1,[alpha] > hypothetical > reductase
NZ_BBXH01000004.1:17702-18743:1,WP_034396166.1,CSE6_RS01015,,aromatic ring-hydroxylating dioxygenase subunit alpha,1_104_VanA,1,630.2,0.9744,6.7e-190,NZ_BBXH01000004.1,17702,18743,1,Comamonas sp. E6,Bacteria; Pseudomonadati; Pseudomonadota; Betaproteobacteria; Burkholderiales; Comamonadaceae; Comamonas,0,1_104_VanA#0,core,0.7732,0,0,0,0,transporter > [alpha] > reductase > ro_alpha > ro_beta > hydrolase
NZ_BBXH01000007.1:50769-51795:-1,WP_034382290.1,CSE6_RS04545,,aromatic ring-hydroxylating dioxygenase subunit alpha,1_104_VanA,1,110.8,0.4886,5.5e-32,NZ_BBXH01000007.1,50769,51795,-1,Comamonas sp. E6,Bacteria; Pseudomonadati; Pseudomonadota; Betaproteobacteria; Burkholderiales; Comamonadaceae; Comamonas,0,1_104_VanA#11,core,0.9385,0,0,0,0,transporter > transposon > [alpha] > reductase
NZ_BDLP01000102.1:8468-9518:1,WP_075822272.1,ROTAS13_RS10315,,aromatic ring-hydroxylating dioxygenase subunit alpha,1_104_VanA,1,106.1,0.4545,1.4e-30,NZ_BDLP01000102.1,8468,9518,1,Roseomonas sp. TAS13,Bacteria; Pseudomonadati; Pseudomonadota; Alphaproteobacteria; Acetobacterales; Roseomonadaceae; Roseomonas,0,1_104_VanA#17,divergent,0.4133,0,0,0,0,transposon > transporter > transporter > transporter > [alpha] > reductase > hydrolase > regulator > other
NZ_BDSG01000067.1:13746-14796:-1,WP_002770852.1,MSj_RS14590,,aromatic ring-hydroxylating dioxygenase subunit alpha,1_104_VanA,1,64.9,0.4545,5e-18,NZ_BDSG01000067.1,13746,14796,-1,Microcystis aeruginosa Sj,Bacteria; Bacillati; Cyanobacteriota; Cyanophyceae; Oscillatoriophycideae; Chroococcales; Microcystaceae; Microcystis,0,1_104_VanA#9,core,1.0,0,0,0,0,[alpha]
NZ_BDLP01000013.1:28829-29894:1,WP_019462768.1,ROTAS13_RS02450,,aromatic ring-hydroxylating dioxygenase subunit alpha,1_104_VanA,1,353.1,0.9688,1.2e-105,NZ_BDLP01000013.1,28829,29894,1,Roseomonas sp. TAS13,Bacteria; Pseudomonadati; Pseudomonadota; Alphaproteobacteria; Acetobacterales; Roseomonadaceae; Roseomonas,0,1_104_VanA#5,core,0.729,1,0,0,1,hydrolase > reductase > regulator > hypothetical > ring_cleavage > hydrolase > ring_cleavage > transporter > transporter > transporter > transporter > transporter > [alpha] > regulator > reductase > other
NZ_BHVO01000004.1:82736-83786:-1,WP_002780451.1,MiYa_RS02470,,aromatic ring-hydroxylating dioxygenase subunit alpha,1_104_VanA,1,65.0,0.4545,4.5e-18,NZ_BHVO01000004.1,82736,83786,-1,Microcystis aeruginosa NIES-2519,Bacteria; Bacillati; Cyanobacteriota; Cyanophyceae; Oscillatoriophycideae; Chroococcales; Microcystaceae; Microcystis,0,1_104_VanA#9,core,0.9906,0,0,0,0,[alpha] > hypothetical > hypothetical
NZ_BJCD01000039.1:100370-101396:1,WP_026786716.1,FLZ02_RS12925,,aromatic ring-hydroxylating dioxygenase subunit alpha,1_104_VanA,1,88.4,0.4545,3.5e-25,NZ_BJCD01000039.1,100370,101396,1,Planktothrix agardhii CCAP 1459/11A,Bacteria; Bacillati; Cyanobacteriota; Cyanophyceae; Oscillatoriophycideae; Oscillatoriales; Microcoleaceae; Planktothrix,0,1_104_VanA#24,novel_candidate,0.2459,1,0,1,0,other > other > hydrolase > other > [alpha] > hypothetical > alpha_other > hypothetical > hypothetical > ferredoxin
NZ_BJCH01000057.1:11371-12421:1,WP_046661683.1,GVO66_RS17485,,aromatic ring-hydroxylating dioxygenase subunit alpha,1_104_VanA,1,64.7,0.4545,5.8e-18,NZ_BJCH01000057.1,11371,12421,1,Microcystis aeruginosa NIES-3787,Bacteria; Bacillati; Cyanobacteriota; Cyanophyceae; Oscillatoriophycideae; Chroococcales; Microcystaceae; Microcystis,0,1_104_VanA#9,core,0.9844,0,0,0,0,[alpha]
NZ_BCWR01000006.1:207863-208919:-1,WP_068170231.1,HTA01S_RS10045,,aromatic ring-hydroxylating dioxygenase subunit alpha,1_104_VanA,1,699.6,0.983,5.2e-211,NZ_BCWR01000006.1,207863,208919,-1,Hydrogenophaga taeniospiralis CCUG 15921,Bacteria; Pseudomonadati; Pseudomonadota; Betaproteobacteria; Burkholderiales; Comamonadaceae; Hydrogenophaga,0,1_104_VanA#0,core,0.7632,0,0,0,0,other > regulator > [alpha] > reductase
NZ_BNAP01000008.1:89626-90676:1,WP_028093561.1,IE194_RS11450,,aromatic ring-hydroxylating dioxygenase subunit alpha,1_104_VanA,1,114.1,0.4574,5.5e-33,NZ_BNAP01000008.1,89626,90676,1,Pseudodonghicola xiamenensis,Bacteria; Pseudomonadati; Pseudomonadota; Alphaproteobacteria; Rhodobacterales; Paracoccaceae; Pseudodonghicola,0,1_104_VanA#17,divergent,0.4057,1,0,0,1,transposon > transporter > transporter > transporter > [alpha] > reductase > hydrolase > other > reductase > other > dehydrogenase > dehydrogenase > reductase > other > other
NZ_BPUS01000072.1:0-1016:-1,WP_238218565.1,cba_RS41815,,aromatic ring-hydroxylating dioxygenase subunit alpha,1_104_VanA,1,112.8,0.4773,1.4e-32,NZ_BPUS01000072.1,0,1016,-1,Caballeronia novacaledonica,Bacteria; Pseudomonadati; Pseudomonadota; Betaproteobacteria; Burkholderiales; Burkholderiaceae; Caballeronia,0,1_104_VanA#1,core,0.776,1,0,1,0,ferredoxin > transposon > [alpha]
NZ_BPUS01000037.1:15343-16405:-1,WP_035500204.1,cba_RS38450,,aromatic ring-hydroxylating dioxygenase subunit alpha,1_104_VanA,1,125.7,0.4858,1.6e-36,NZ_BPUS01000037.1,15343,16405,-1,Caballeronia novacaledonica,Bacteria; Pseudomonadati; Pseudomonadota; Betaproteobacteria; Burkholderiales; Burkholderiaceae; Caballeronia,0,1_104_VanA#1,core,0.8837,2,0,1,1,ferredoxin > transposon > [alpha] > reductase > other > hydrolase > regulator > reductase > other > dehydrogenase > dehydrogenase > other > reductase
NZ_BMQQ01000001.1:717173-718388:1,WP_019891369.1,IEZ01_RS03255,,aromatic ring-hydroxylating dioxygenase subunit alpha,1_104_VanA,1,85.9,0.4545,2.1e-24,NZ_BMQQ01000001.1,717173,718388,1,Streptomyces purpureus,Bacteria; Bacillati; Actinomycetota; Actinomycetes; Kitasatosporales; Streptomycetaceae; Streptomyces,0,1_104_VanA#7,novel_candidate,0.3488,0,0,0,0,[alpha] > other
NZ_BSRZ01000017.1:134974-135997:-1,WP_067917941.1,QSK14_RS25095,,aromatic ring-hydroxylating dioxygenase subunit alpha,1_104_VanA,1,254.7,0.9574,9.3e-76,NZ_BSRZ01000017.1,134974,135997,-1,Actinomadura rubrobrunea,Bacteria; Bacillati; Actinomycetota; Actinomycetes; Streptosporangiales; Thermomonosporaceae; Actinomadura,0,1_104_VanA#42,core,0.7288,0,0,0,0,other > regulator > [alpha] > hypothetical > regulator
NZ_BSFQ01000007.1:164124-165189:1,WP_037038996.1,PKE99_RS11420,,aromatic ring-hydroxylating dioxygenase subunit alpha,1_104_VanA,1,229.1,0.9602,5.7e-68,NZ_BSFQ01000007.1,164124,165189,1,Pseudonocardia halophobica,Bacteria; Bacillati; Actinomycetota; Actinomycetes; Pseudonocardiales; Pseudonocardiaceae; Pseudonocardia,0,1_104_VanA#33,core,0.7301,1,0,0,1,transporter > [alpha] > hypothetical > reductase > other
NZ_CABPSL010000006.1:86180-87212:-1,WP_017235334.1,PCE31106_RS10070,,aromatic ring-hydroxylating dioxygenase subunit alpha,1_104_VanA,1,115.5,0.4886,2e-33,NZ_CABPSL010000006.1,86180,87212,-1,Pandoraea cepalis,Bacteria; Pseudomonadati; Pseudomonadota; Betaproteobacteria; Burkholderiales; Burkholderiaceae; Pandoraea,0,1_104_VanA#29,core,0.8323,0,0,0,0,transporter > reductase > other > hydrolase > regulator > reductase > other > dehydrogenase > dehydrogenase > transporter > hypothetical > transposon > [alpha] > other > reductase > other
NZ_CABWIK020000056.1:36095-37211:-1,WP_069250308.1,BAR24066_RS30990,,aromatic ring-hydroxylating dioxygenase subunit alpha,1_104_VanA,1,99.8,0.4659,1.2e-28,NZ_CABWIK020000056.1,36095,37211,-1,Burkholderia cenocepacia,Bacteria; Pseudomonadati; Pseudomonadota; Betaproteobacteria; Burkholderiales; Burkholderiaceae; Burkholderia; Burkholderia cepacia complex,0,1_104_VanA#7,core,0.9948,0,0,0,0,[alpha]
NZ_CACA01000090.1:4658-5711:-1,WP_007353736.1,OSCI_RS04835,,aromatic ring-hydroxylating dioxygenase subunit alpha,1_104_VanA,1,105.5,0.5341,2.2e-30,NZ_CACA01000090.1,4658,5711,-1,Kamptonema sp. PCC 6506,Bacteria; Bacillati; Cyanobacteriota; Cyanophyceae; Oscillatoriophycideae; Oscillatoriales; Microcoleaceae; Kamptonema,0,1_104_VanA#27,novel_candidate,0.3765,0,0,0,0,[alpha]
NZ_CADEVA010000024.1:6232-7348:1,WP_069250308.1,HWW98_RS21380,,aromatic ring-hydroxylating dioxygenase subunit alpha,1_104_VanA,1,99.8,0.4659,1.2e-28,NZ_CADEVA010000024.1,6232,7348,1,Burkholderia contaminans,Bacteria; Pseudomonadati; Pseudomonadota; Betaproteobacteria; Burkholderiales; Burkholderiaceae; Burkholderia; Burkholderia cepacia complex,0,1_104_VanA#7,core,0.9948,0,0,0,0,[alpha]
NZ_CADIKA010000012.1:43670-44750:1,WP_006047379.1,HV697_RS24130,,aromatic ring-hydroxylating dioxygenase subunit alpha,1_104_VanA,1,120.1,0.4858,8.2e-35,NZ_CADIKA010000012.1,43670,44750,1,Paraburkholderia graminis C4D1M,Bacteria; Pseudomonadati; Pseudomonadota; Betaproteobacteria; Burkholderiales; Burkholderiaceae; Paraburkholderia,0,1_104_VanA#1,core,0.8548,2,0,1,1,ferredoxin > transposon > [alpha] > reductase > other > hydrolase > regulator > reductase > other > dehydrogenase > dehydrogenase > other > reductase
NZ_CABPSD010000008.1:89657-90689:-1,WP_023597202.1,PMO31116_RS14555,,aromatic ring-hydroxylating dioxygenase subunit alpha,1_104_VanA,1,113.2,0.4886,9.9e-33,NZ_CABPSD010000008.1,89657,90689,-1,Pandoraea morbifera,Bacteria; Pseudomonadati; Pseudomonadota; Betaproteobacteria; Burkholderiales; Burkholderiaceae; Pandoraea,0,1_104_VanA#29,core,0.8307,0,0,0,0,transporter > reductase > other > hydrolase > regulator > reductase > other > dehydrogenase > dehydrogenase > transporter > hypothetical > transposon > [alpha] > other > reductase > other
NZ_CADIKB010000002.1:250717-251821:-1,WP_014972623.1,HV711_RS03900,,aromatic ring-hydroxylating dioxygenase subunit alpha,1_104_VanA,1,119.0,0.4858,1.8e-34,NZ_CADIKB010000002.1,250717,251821,-1,Paraburkholderia phenoliruptrix,Bacteria; Pseudomonadati; Pseudomonadota; Betaproteobacteria; Burkholderiales; Burkholderiaceae; Paraburkholderia,0,1_104_VanA#1,core,0.8375,2,0,1,1,ferredoxin > transposon > [alpha] > reductase > other > hydrolase > regulator > reductase > other > dehydrogenase > dehydrogenase > other > reductase
NZ_CADFGH010000005.1:156962-158051:-1,WP_012403526.1,HWY06_RS12790,,aromatic ring-hydroxylating dioxygenase subunit alpha,1_104_VanA,1,114.9,0.4858,3.1e-33,NZ_CADFGH010000005.1,156962,158051,-1,Paraburkholderia phymatum STM815,Bacteria; Pseudomonadati; Pseudomonadota; Betaproteobacteria; Burkholderiales; Burkholderiaceae; Paraburkholderia,0,1_104_VanA#1,core,0.8586,2,0,1,1,ferredoxin > transposon > [alpha] > reductase > other > hydrolase > regulator > reductase > other > dehydrogenase > dehydrogenase > other > reductase
NZ_CAFI01000478.1:1675-2719:1,WP_009031793.1,BRAO375_RS33055,,aromatic ring-hydroxylating dioxygenase subunit alpha,1_104_VanA,1,365.7,0.9716,1.8e-109,NZ_CAFI01000478.1,1675,2719,1,Bradyrhizobium sp. ORS 375,Bacteria; Pseudomonadati; Pseudomonadota; Alphaproteobacteria; Hyphomicrobiales; Nitrobacteraceae; Bradyrhizobium,0,1_104_VanA#5,core,0.9023,1,0,0,1,[alpha] > regulator > reductase
NZ_CAFJ01000169.1:35-1079:1,WP_008961807.1,BRAS3809_RS09170,,aromatic ring-hydroxylating dioxygenase subunit alpha,1_104_VanA,1,364.9,0.9716,3e-109,NZ_CAFJ01000169.1,35,1079,1,Bradyrhizobium sp. STM 3809,Bacteria; Pseudomonadati; Pseudomonadota; Alphaproteobacteria; Hyphomicrobiales; Nitrobacteraceae; Bradyrhizobium,0,1_104_VanA#5,core,0.9038,1,0,0,1,[alpha] > regulator > reductase
NZ_CAIQ01000525.1:7-1057:-1,WP_002801368.1,MICAK_RS07195,,aromatic ring-hydroxylating dioxygenase subunit alpha,1_104_VanA,1,65.2,0.4545,4e-18,NZ_CAIQ01000525.1,7,1057,-1,Microcystis aeruginosa PCC 9701,Bacteria; Bacillati; Cyanobacteriota; Cyanophyceae; Oscillatoriophycideae; Chroococcales; Microcystaceae; Microcystis,0,1_104_VanA#9,core,0.9907,0,0,0,0,[alpha]
NZ_CAFK01000261.1:10001-11045:1,WP_008972270.1,BRAS3843_RS26880,,aromatic ring-hydroxylating dioxygenase subunit alpha,1_104_VanA,1,370.1,0.9716,8.1e-111,NZ_CAFK01000261.1,10001,11045,1,Bradyrhizobium sp. STM 3843,Bacteria; Pseudomonadati; Pseudomonadota; Alphaproteobacteria; Hyphomicrobiales; Nitrobacteraceae; Bradyrhizobium,0,1_104_VanA#5,core,0.8818,1,0,0,1,[alpha] > regulator > reductase
NZ_CAIY01000069.1:24839-25925:1,WP_008234992.1,RINTHH_RS07555,,aromatic ring-hydroxylating dioxygenase subunit alpha,1_104_VanA,1,106.7,0.5199,9.7e-31,NZ_CAIY01000069.1,24839,25925,1,Richelia intracellularis HH01,Bacteria; Bacillati; Cyanobacteriota; Cyanophyceae; Nostocales; Nostocaceae; Richelia,0,1_104_VanA#28,novel_candidate,0.2637,0,0,0,0,[alpha] > other > hypothetical > other
NZ_CAJNBD010000030.1:97109-98207:-1,WP_201081322.1,KHO32_RS31670,,aromatic ring-hydroxylating dioxygenase subunit alpha,1_104_VanA,1,118.5,0.4858,2.5e-34,NZ_CAJNBD010000030.1,97109,98207,-1,Paraburkholderia domus,Bacteria; Pseudomonadati; Pseudomonadota; Betaproteobacteria; Burkholderiales; Burkholderiaceae; Paraburkholderia,0,1_104_VanA#1,core,0.8616,2,0,1,1,ferredoxin > transposon > [alpha] > reductase > other > hydrolase > regulator > reductase > other > dehydrogenase > dehydrogenase > other > reductase
NZ_CBLV010000321.1:11398-12484:1,WP_041024015.1,BN844_RS22625,,aromatic ring-hydroxylating dioxygenase subunit alpha,1_104_VanA,1,770.2,0.9943,1.8e-232,NZ_CBLV010000321.1,11398,12484,1,Pseudomonas sp. SHC52,Bacteria; Pseudomonadati; Pseudomonadota; Gammaproteobacteria; Pseudomonadales; Pseudomonadaceae; Pseudomonas,0,1_104_VanA#0,core,0.9003,0,0,0,0,[alpha] > reductase
NZ_CBSD020000079.1:31839-32916:1,WP_004888080.1,ANICBIBUN_RS35420,,aromatic ring-hydroxylating dioxygenase subunit alpha,1_104_VanA,1,697.4,0.983,2.5e-210,NZ_CBSD020000079.1,31839,32916,1,Acinetobacter nosocomialis 28F,Bacteria; Pseudomonadati; Pseudomonadota; Gammaproteobacteria; Moraxellales; Moraxellaceae; Acinetobacter; Acinetobacter calcoaceticus/baumannii complex,0,1_104_VanA#0,core,0.9937,0,0,0,0,[alpha] > reductase
NZ_CCBH010000141.1:112381-113416:1,WP_054945408.1,SPHV1_RS07525,,aromatic ring-hydroxylating dioxygenase subunit alpha,1_104_VanA,1,392.9,0.9659,9.4e-118,NZ_CCBH010000141.1,112381,113416,1,Novosphingobium sp. KN65.2,Bacteria; Pseudomonadati; Pseudomonadota; Alphaproteobacteria; Sphingomonadales; Sphingomonadaceae; Novosphingobium,0,1_104_VanA#20,divergent,0.4452,0,0,0,0,regulator > reductase > hydrolase > [alpha] > ro_alpha > ro_beta > reductase > reductase
NZ_CCAE010000020.1:74151-75252:1,WP_009515542.1,BN948_RS13320,,aromatic ring-hydroxylating dioxygenase subunit alpha,1_104_VanA,1,376.1,0.9688,1.2e-112,NZ_CCAE010000020.1,74151,75252,1,Hydrogenophaga intermedia,Bacteria; Pseudomonadati; Pseudomonadota; Betaproteobacteria; Burkholderiales; Comamonadaceae; Hydrogenophaga,0,1_104_VanA#14,core,0.7639,1,0,0,1,[alpha] > regulator > reductase
NZ_CBSD020000082.1:19360-20428:-1,WP_004888276.1,ANICBIBUN_RS36220,,aromatic ring-hydroxylating dioxygenase subunit alpha,1_104_VanA,1,109.9,0.483,1e-31,NZ_CBSD020000082.1,19360,20428,-1,Acinetobacter nosocomialis 28F,Bacteria; Pseudomonadati; Pseudomonadota; Gammaproteobacteria; Moraxellales; Moraxellaceae; Acinetobacter; Acinetobacter calcoaceticus/baumannii complex,0,1_104_VanA#4,core,0.996,2,0,1,1,ferredoxin > transposon > [alpha] > reductase > other > reductase > transporter > other > hydrolase > reductase > dehydrogenase > dehydrogenase > other
NZ_CP009292.1:313032-314067:1,WP_007014534.1,JI59_RS20160,,aromatic ring-hydroxylating dioxygenase subunit alpha,1_104_VanA,1,396.8,0.9574,6e-119,NZ_CP009292.1,313032,314067,1,Novosphingobium pentaromativorans US6-1,Bacteria; Pseudomonadati; Pseudomonadota; Alphaproteobacteria; Sphingomonadales; Sphingomonadaceae; Novosphingobium,1,1_104_VanA#20,divergent,0.4585,0,0,0,0,regulator > reductase > hydrolase > [alpha] > ro_alpha > ro_beta > reductase > reductase
NZ_CP016292.1:151540-152590:1,WP_065284254.1,BA011_RS39075,,aromatic ring-hydroxylating dioxygenase subunit alpha,1_104_VanA,1,361.0,0.9801,4.7e-108,NZ_CP016292.1,151540,152590,1,Rhizobium leguminosarum,Bacteria; Pseudomonadati; Pseudomonadota; Alphaproteobacteria; Hyphomicrobiales; Rhizobiaceae; Rhizobium/Agrobacterium group; Rhizobium,1,1_104_VanA#84,core,0.6603,1,0,0,1,[alpha] > regulator > reductase
NZ_CP015584.1:375343-376408:-1,WP_075800519.1,RGI145_RS21240,,aromatic ring-hydroxylating dioxygenase subunit alpha,1_104_VanA,1,355.1,0.9688,2.8e-106,NZ_CP015584.1,375343,376408,-1,Roseomonas gilardii,Bacteria; Pseudomonadati; Pseudomonadota; Alphaproteobacteria; Acetobacterales; Roseomonadaceae; Roseomonas,0,1_104_VanA#5,core,0.7152,1,0,0,1,hydrolase > reductase > regulator > hypothetical > ring_cleavage > hydrolase > ring_cleavage > transporter > transporter > transporter > transporter > transporter > [alpha] > regulator > reductase > other
NZ_CP013374.1:749258-750374:-1,WP_059782483.1,WS54_RS32995,,aromatic ring-hydroxylating dioxygenase subunit alpha,1_104_VanA,1,98.4,0.4659,3.3e-28,NZ_CP013374.1,749258,750374,-1,Burkholderia sp. NRF60-BP8,Bacteria; Pseudomonadati; Pseudomonadota; Betaproteobacteria; Burkholderiales; Burkholderiaceae; Burkholderia,0,1_104_VanA#7,core,0.9741,0,0,0,0,[alpha]
NZ_CP019163.1:644020-645112:1,WP_058429818.1,ATS72_RS18365,,aromatic ring-hydroxylating dioxygenase subunit alpha,1_104_VanA,1,639.4,0.9773,1.1e-192,NZ_CP019163.1,644020,645112,1,Pseudoalteromonas sp. 13-15,Bacteria; Pseudomonadati; Pseudomonadota; Gammaproteobacteria; Alteromonadales; Pseudoalteromonadaceae; Pseudoalteromonas,0,1_104_VanA#0,core,0.7028,0,0,0,0,[alpha] > reductase
NZ_CP017077.1:6465-7512:-1,WP_069709609.1,BES08_RS25050,,aromatic ring-hydroxylating dioxygenase subunit alpha,1_104_VanA,1,110.3,0.4943,7.9e-32,NZ_CP017077.1,6465,7512,-1,Novosphingobium resinovorum,Bacteria; Pseudomonadati; Pseudomonadota; Alphaproteobacteria; Sphingomonadales; Sphingomonadaceae; Novosphingobium,1,1_104_VanA#45,divergent,0.456,0,0,0,0,transposon > [alpha] > regulator > other > other > hydrolase > reductase > transporter > reductase
NZ_CP024582.1:207122-208187:1,WP_019462768.1,CTJ15_RS00930,,aromatic ring-hydroxylating dioxygenase subunit alpha,1_104_VanA,1,353.1,0.9688,1.2e-105,NZ_CP024582.1,207122,208187,1,Roseomonas sp. FDAARGOS_362,Bacteria; Pseudomonadati; Pseudomonadota; Alphaproteobacteria; Acetobacterales; Roseomonadaceae; Roseomonas,1,1_104_VanA#5,core,0.729,1,0,0,1,hydrolase > reductase > regulator > hypothetical > ring_cleavage > hydrolase > ring_cleavage > transporter > transporter > transporter > transporter > transporter > [alpha] > regulator > reductase > other > other
NZ_CP029763.1:170422-171466:-1,WP_142639754.1,DM450_RS23535,,aromatic ring-hydroxylating dioxygenase subunit alpha,1_104_VanA,1,104.8,0.4886,3.7e-30,NZ_CP029763.1,170422,171466,-1,Sphingomonas sp. IC081,Bacteria; Pseudomonadati; Pseudomonadota; Alphaproteobacteria; Sphingomonadales; Sphingomonadaceae; Sphingomonas,1,1_104_VanA#44,core,0.572,0,0,0,0,transposon > [alpha] > regulator > other > other > hydrolase > reductase > reductase
NZ_CTKU01000017.1:69078-70122:1,WP_004715304.1,AK261_RS13580,,aromatic ring-hydroxylating dioxygenase subunit alpha,1_104_VanA,1,99.6,0.4801,1.4e-28,NZ_CTKU01000017.1,69078,70122,1,Yersinia rohdei,Bacteria; Pseudomonadati; Pseudomonadota; Gammaproteobacteria; Enterobacterales; Yersiniaceae; Yersinia,0,1_104_VanA#3,core,0.7643,2,0,1,1,ferredoxin > transposon > [alpha] > reductase > regulator > other > reductase > transporter > other > hydrolase > reductase > dehydrogenase > dehydrogenase > other
NZ_CQBK01000026.1:18295-19351:-1,WP_049600493.1,AEB14_RS15325,,aromatic ring-hydroxylating dioxygenase subunit alpha,1_104_VanA,1,96.3,0.4659,1.4e-27,NZ_CQBK01000026.1,18295,19351,-1,Yersinia similis,Bacteria; Pseudomonadati; Pseudomonadota; Gammaproteobacteria; Enterobacterales; Yersiniaceae; Yersinia,0,1_104_VanA#3,core,0.7037,1,0,1,0,ferredoxin > transposon > [alpha] > reductase > regulator
NZ_CP128493.1:620060-621107:-1,WP_069709609.1,QUC32_RS29730,,aromatic ring-hydroxylating dioxygenase subunit alpha,1_104_VanA,1,110.3,0.4943,7.9e-32,NZ_CP128493.1,620060,621107,-1,Novosphingobium resinovorum,Bacteria; Pseudomonadati; Pseudomonadota; Alphaproteobacteria; Sphingomonadales; Sphingomonadaceae; Novosphingobium,1,1_104_VanA#45,divergent,0.456,1,0,0,1,transposon > [alpha] > regulator > other > other > hydrolase > reductase > transporter > reductase
NZ_CVTU01000072.1:40452-41514:1,WP_065892887.1,BFP93_RS09530,,aromatic ring-hydroxylating dioxygenase subunit alpha,1_104_VanA,1,759.8,0.9943,2.5e-229,NZ_CVTU01000072.1,40452,41514,1,Pseudomonas sp. 44 R 15,Bacteria; Pseudomonadati; Pseudomonadota; Gammaproteobacteria; Pseudomonadales; Pseudomonadaceae; Pseudomonas,0,1_104_VanA#0,core,0.9494,0,0,0,0,[alpha] > reductase
NZ_CVTL01000047.1:130773-131814:1,WP_017528281.1,BFP85_RS25255,,aromatic ring-hydroxylating dioxygenase subunit alpha,1_104_VanA,1,760.0,0.9744,2.3e-229,NZ_CVTL01000047.1,130773,131814,1,Pseudomonas sp. 31 E 6,Bacteria; Pseudomonadati; Pseudomonadota; Gammaproteobacteria; Pseudomonadales; Pseudomonadaceae; Pseudomonas,0,1_104_VanA#0,core,0.9495,0,0,0,0,[alpha] > reductase
NZ_CYSG01000013.1:7970-9062:-1,WP_058334987.1,PH5382_RS13820,,aromatic ring-hydroxylating dioxygenase subunit alpha,1_104_VanA,1,168.0,0.9659,2.2e-49,NZ_CYSG01000013.1,7970,9062,-1,Phaeobacter sp. CECT 5382,Bacteria; Pseudomonadati; Pseudomonadota; Alphaproteobacteria; Rhodobacterales; Roseobacteraceae; Phaeobacter,0,1_104_VanA#68,novel_candidate,0.3263,0,0,0,0,other > [alpha]
NZ_DALZLD010000005.1:26131-27205:1,WP_075168017.1,RTQ88_RS03975,,aromatic ring-hydroxylating dioxygenase subunit alpha,1_104_VanA,1,700.4,0.9773,3e-211,NZ_DALZLD010000005.1,26131,27205,1,Acinetobacter schindleri,Bacteria; Pseudomonadati; Pseudomonadota; Gammaproteobacteria; Moraxellales; Moraxellaceae; Acinetobacter,0,1_104_VanA#0,core,0.7757,0,0,0,0,[alpha] > reductase
NZ_FCOA02000039.1:39449-40511:-1,WP_061171796.1,AWB79_RS33740,,aromatic ring-hydroxylating dioxygenase subunit alpha,1_104_VanA,1,124.8,0.4858,3e-36,NZ_FCOA02000039.1,39449,40511,-1,Caballeronia hypogeia,Bacteria; Pseudomonadati; Pseudomonadota; Betaproteobacteria; Burkholderiales; Burkholderiaceae; Caballeronia,0,1_104_VanA#1,core,0.8837,2,0,1,1,ferredoxin > transposon > [alpha] > reductase > other > hydrolase > regulator > reductase > other > dehydrogenase > dehydrogenase > other > reductase
NZ_FCOI02000100.1:786-1793:1,WP_061165322.1,AWB76_RS38590,,aromatic ring-hydroxylating dioxygenase subunit alpha,1_104_VanA,1,112.4,0.4773,1.7e-32,NZ_FCOI02000100.1,786,1793,1,Caballeronia temeraria,Bacteria; Pseudomonadati; Pseudomonadota; Betaproteobacteria; Burkholderiales; Burkholderiaceae; Caballeronia,0,1_104_VanA#1,core,0.733,1,0,1,0,ferredoxin > transposon > [alpha]
NZ_FCNX02000004.1:47034-48096:1,WP_061134145.1,AWB77_RS09275,,aromatic ring-hydroxylating dioxygenase subunit alpha,1_104_VanA,1,124.2,0.4858,4.6e-36,NZ_FCNX02000004.1,47034,48096,1,Caballeronia fortuita,Bacteria; Pseudomonadati; Pseudomonadota; Betaproteobacteria; Burkholderiales; Burkholderiaceae; Caballeronia,0,1_104_VanA#1,core,0.8633,2,0,1,1,ferredoxin > transposon > [alpha] > reductase > other > hydrolase > regulator > reductase > other > dehydrogenase > dehydrogenase > other > reductase
NZ_FCOF02000013.1:173582-174644:-1,WP_061125199.1,AWB75_RS16695,,aromatic ring-hydroxylating dioxygenase subunit alpha,1_104_VanA,1,122.9,0.4886,1.1e-35,NZ_FCOF02000013.1,173582,174644,-1,Caballeronia catudaia,Bacteria; Pseudomonadati; Pseudomonadota; Betaproteobacteria; Burkholderiales; Burkholderiaceae; Caballeronia,0,1_104_VanA#1,core,0.8704,2,0,1,1,ferredoxin > transposon > [alpha] > reductase > other > hydrolase > regulator > reductase > other > dehydrogenase > dehydrogenase > other > reductase > transporter
NZ_FCOI02000012.1:51797-52862:1,WP_061161579.1,AWB76_RS18420,,aromatic ring-hydroxylating dioxygenase subunit alpha,1_104_VanA,1,124.9,0.4886,2.8e-36,NZ_FCOI02000012.1,51797,52862,1,Caballeronia temeraria,Bacteria; Pseudomonadati; Pseudomonadota; Betaproteobacteria; Burkholderiales; Burkholderiaceae; Caballeronia,0,1_104_VanA#1,core,0.8804,2,0,1,1,ferredoxin > transposon > [alpha] > reductase > other > hydrolase > regulator > reductase > other > dehydrogenase > dehydrogenase > other > reductase
NZ_FCOX02000015.1:140292-141354:-1,WP_062605943.1,AWB78_RS16250,,aromatic ring-hydroxylating dioxygenase subunit alpha,1_104_VanA,1,124.8,0.4886,3e-36,NZ_FCOX02000015.1,140292,141354,-1,Caballeronia calidae,Bacteria; Pseudomonadati; Pseudomonadota; Betaproteobacteria; Burkholderiales; Burkholderiaceae; Caballeronia,0,1_104_VanA#1,core,0.8816,2,0,1,1,ferredoxin > transposon > [alpha] > reductase > other > hydrolase > regulator > reductase > other > dehydrogenase > dehydrogenase > other > reductase
NZ_FCOM02000008.1:2865-3927:1,WP_061146926.1,AWB74_RS11645,,aromatic ring-hydroxylating dioxygenase subunit alpha,1_104_VanA,1,124.9,0.4886,2.8e-36,NZ_FCOM02000008.1,2865,3927,1,Caballeronia arvi,Bacteria; Pseudomonadati; Pseudomonadota; Betaproteobacteria; Burkholderiales; Burkholderiaceae; Caballeronia,0,1_104_VanA#1,core,0.8733,2,0,1,1,ferredoxin > transposon > [alpha] > reductase > other > hydrolase > regulator > reductase > other > dehydrogenase > dehydrogenase > other > reductase
NZ_FKJI03000011.1:206361-207447:1,WP_070025720.1,A7P67_RS22080,,aromatic ring-hydroxylating dioxygenase subunit alpha,1_104_VanA,1,260.2,0.9801,2.1e-77,NZ_FKJI03000011.1,206361,207447,1,Streptomyces sp. F-1,Bacteria; Bacillati; Actinomycetota; Actinomycetes; Kitasatosporales; Streptomycetaceae; Streptomyces,0,1_104_VanA#41,core,0.7508,0,0,0,0,[alpha] > hypothetical > reductase
NZ_FMHI01000019.1:29583-30648:1,WP_055488272.1,H180DRAFT_RS24275,,aromatic ring-hydroxylating dioxygenase subunit alpha,1_104_VanA,1,230.1,0.9659,3e-68,NZ_FMHI01000019.1,29583,30648,1,Streptomyces sp. WMMB 322,Bacteria; Bacillati; Actinomycetota; Actinomycetes; Kitasatosporales; Streptomycetaceae; Streptomyces,0,1_104_VanA#41,core,0.7393,0,0,0,0,[alpha] > hypothetical > reductase
NZ_FLRB01000006.1:216926-218015:-1,WP_067032055.1,MGA5116_RS04785,,aromatic ring-hydroxylating dioxygenase subunit alpha,1_104_VanA,1,636.5,0.9773,7.7e-192,NZ_FLRB01000006.1,216926,218015,-1,Marinomonas gallaica,Bacteria; Pseudomonadati; Pseudomonadota; Gammaproteobacteria; Oceanospirillales; Oceanospirillaceae; Marinomonas,0,1_104_VanA#0,core,0.7025,0,0,0,0,[alpha] > reductase
NZ_FMAC01000020.1:30020-31082:1,WP_075857011.1,GA0061100_RS32630,,aromatic ring-hydroxylating dioxygenase subunit alpha,1_104_VanA,1,356.9,0.9886,8e-107,NZ_FMAC01000020.1,30020,31082,1,Rhizobium hainanense,Bacteria; Pseudomonadati; Pseudomonadota; Alphaproteobacteria; Hyphomicrobiales; Rhizobiaceae; Rhizobium/Agrobacterium group; Rhizobium,0,1_104_VanA#19,core,0.6916,1,0,0,1,regulator > [alpha] > regulator > reductase
NZ_FNCO01000001.1:211936-212992:1,WP_074749506.1,BLS87_RS00810,,aromatic ring-hydroxylating dioxygenase subunit alpha,1_104_VanA,1,700.2,0.9716,3.3e-211,NZ_FNCO01000001.1,211936,212992,1,Pseudomonas abietaniphila,Bacteria; Pseudomonadati; Pseudomonadota; Gammaproteobacteria; Pseudomonadales; Pseudomonadaceae; Pseudomonas,0,1_104_VanA#0,core,0.7627,0,0,0,0,hypothetical > other > transporter > transporter > reductase > other > hydrolase > other > other > [alpha]
NZ_FNDI01000012.1:191867-192956:1,WP_091781013.1,BLT65_RS22355,,aromatic ring-hydroxylating dioxygenase subunit alpha,1_104_VanA,1,113.8,0.4858,6.6e-33,NZ_FNDI01000012.1,191867,192956,1,Paraburkholderia steynii,Bacteria; Pseudomonadati; Pseudomonadota; Betaproteobacteria; Burkholderiales; Burkholderiaceae; Paraburkholderia,0,1_104_VanA#1,core,0.8547,2,0,1,1,ferredoxin > transposon > [alpha] > reductase > other > hydrolase > regulator > reductase > other > dehydrogenase > dehydrogenase > other > reductase
NZ_FNKP01000004.1:1480-2578:-1,WP_074773565.1,BLS41_RS35580,,aromatic ring-hydroxylating dioxygenase subunit alpha,1_104_VanA,1,118.1,0.4858,3.3e-34,NZ_FNKP01000004.1,1480,2578,-1,Paraburkholderia fungorum,Bacteria; Pseudomonadati; Pseudomonadota; Betaproteobacteria; Burkholderiales; Burkholderiaceae; Paraburkholderia,0,1_104_VanA#1,core,0.836,1,0,1,0,ferredoxin > transposon > [alpha] > reductase > other
NZ_FNHT01000003.1:545395-546460:-1,WP_074806446.1,BLT90_RS11040,,aromatic ring-hydroxylating dioxygenase subunit alpha,1_104_VanA,1,745.0,0.9858,8e-225,NZ_FNHT01000003.1,545395,546460,-1,Pseudomonas sp. BS3759,Bacteria; Pseudomonadati; Pseudomonadota; Gammaproteobacteria; Pseudomonadales; Pseudomonadaceae; Pseudomonas,0,1_104_VanA#0,core,0.9373,0,0,0,0,regulator > [alpha] > reductase
NZ_FNHX01000015.1:68941-70036:-1,WP_074580225.1,BLQ85_RS22650,,aromatic ring-hydroxylating dioxygenase subunit alpha,1_104_VanA,1,373.4,0.9716,8e-112,NZ_FNHX01000015.1,68941,70036,-1,Polaromonas sp. JS666,Bacteria; Pseudomonadati; Pseudomonadota; Betaproteobacteria; Burkholderiales; Comamonadaceae; Polaromonas,0,1_104_VanA#14,core,0.7628,1,0,0,1,[alpha] > regulator > reductase
NZ_FNJN01000002.1:615226-616336:1,WP_074694783.1,BLS25_RS06145,,aromatic ring-hydroxylating dioxygenase subunit alpha,1_104_VanA,1,324.1,0.9716,7.8e-97,NZ_FNJN01000002.1,615226,616336,1,Microbacterium testaceum StLB037,Bacteria; Bacillati; Actinomycetota; Actinomycetes; Micrococcales; Microbacteriaceae; Microbacterium,0,1_104_VanA#6,core,0.8056,0,0,0,0,[alpha] > reductase
NZ_FNPE01000001.1:51724-52816:-1,WP_074920482.1,BLV89_RS00245,,aromatic ring-hydroxylating dioxygenase subunit alpha,1_104_VanA,1,665.9,0.9886,9.4e-201,NZ_FNPE01000001.1,51724,52816,-1,Delftia lacustris,Bacteria; Pseudomonadati; Pseudomonadota; Betaproteobacteria; Burkholderiales; Comamonadaceae; Delftia,0,1_104_VanA#0,core,0.8282,0,0,0,0,regulator > [alpha] > regulator
NZ_FNPE01000001.1:495298-496324:-1,WP_016449104.1,BLV89_RS02240,,aromatic ring-hydroxylating dioxygenase subunit alpha,1_104_VanA,1,111.8,0.4915,2.7e-32,NZ_FNPE01000001.1,495298,496324,-1,Delftia lacustris,Bacteria; Pseudomonadati; Pseudomonadota; Betaproteobacteria; Burkholderiales; Comamonadaceae; Delftia,0,1_104_VanA#11,core,0.9038,0,0,0,0,reductase > regulator > reductase > other > dehydrogenase > other > transporter > transposon > [alpha] > reductase > transporter > transporter
NZ_FNPW01000002.1:271082-272117:-1,WP_007928484.1,BLV20_RS04670,,aromatic ring-hydroxylating dioxygenase subunit alpha,1_104_VanA,1,99.0,0.4943,2.1e-28,NZ_FNPW01000002.1,271082,272117,-1,Pseudomonas sp. NFIX28,Bacteria; Pseudomonadati; Pseudomonadota; Gammaproteobacteria; Pseudomonadales; Pseudomonadaceae; Pseudomonas,0,1_104_VanA#21,core,0.9585,1,0,0,1,reductase > other > hydrolase > regulator > reductase > other > dehydrogenase > dehydrogenase > other > reductase > hypothetical > transposon > [alpha] > hydrolase > reductase
NZ_FNYZ01000007.1:141342-142416:-1,WP_093084546.1,BMY84_RS13765,,aromatic ring-hydroxylating dioxygenase subunit alpha,1_104_VanA,1,190.4,0.9659,3.3e-56,NZ_FNYZ01000007.1,141342,142416,-1,Sphingobium sp. AP50,Bacteria; Pseudomonadati; Pseudomonadota; Alphaproteobacteria; Sphingomonadales; Sphingomonadaceae; Sphingobium,0,1_104_VanA#67,novel_candidate,0.3343,0,0,0,0,regulator > other > transporter > [alpha] > other > hydrolase
NZ_FOAP01000036.1:29366-30386:1,WP_075011315.1,BMZ62_RS36560,,Rieske 2Fe-2S domain-containing protein,1_104_VanA,1,73.4,0.5085,1.3e-20,NZ_FOAP01000036.1,29366,30386,1,Stigmatella aurantiaca,Bacteria; Pseudomonadati; Myxococcota; Myxococcia; Myxococcales; Cystobacterineae; Archangiaceae; Stigmatella,0,1_104_VanA#66,novel_candidate,0.2911,0,0,0,0,regulator > transporter > transporter > other > hypothetical > transporter > [alpha] > other > hydrolase > other
NZ_FOAP01000016.1:119002-120076:1,WP_075009277.1,BMZ62_RS25880,,Rieske 2Fe-2S domain-containing protein,1_104_VanA,1,82.9,0.5114,1.7e-23,NZ_FOAP01000016.1,119002,120076,1,Stigmatella aurantiaca,Bacteria; Pseudomonadati; Myxococcota; Myxococcia; Myxococcales; Cystobacterineae; Archangiaceae; Stigmatella,0,1_104_VanA#43,novel_candidate,0.251,0,0,0,0,other > [alpha] > other
NZ_FOFP01000017.1:14465-15551:1,WP_069519463.1,BMW49_RS19670,,aromatic ring-hydroxylating dioxygenase subunit alpha,1_104_VanA,1,338.4,0.9744,3.5e-101,NZ_FOFP01000017.1,14465,15551,1,Pseudomonas cuatrocienegasensis,Bacteria; Pseudomonadati; Pseudomonadota; Gammaproteobacteria; Pseudomonadales; Pseudomonadaceae; Pseudomonas,0,1_104_VanA#46,core,0.5655,0,0,0,0,[alpha] > reductase > other > hydrolase > hydrolase > other > dehydrogenase > dehydrogenase > other > other > reductase
NZ_FOFP01000017.1:68044-69109:-1,WP_069519505.1,BMW49_RS19890,,aromatic ring-hydroxylating dioxygenase subunit alpha,1_104_VanA,1,716.7,0.983,3.2e-216,NZ_FOFP01000017.1,68044,69109,-1,Pseudomonas cuatrocienegasensis,Bacteria; Pseudomonadati; Pseudomonadota; Gammaproteobacteria; Pseudomonadales; Pseudomonadaceae; Pseudomonas,0,1_104_VanA#0,core,0.7806,0,0,0,0,[alpha] > reductase
NZ_FOEV01000003.1:367394-368456:1,WP_074823274.1,BMX77_RS06200,,aromatic ring-hydroxylating dioxygenase subunit alpha,1_104_VanA,1,755.8,0.9801,4.2e-228,NZ_FOEV01000003.1,367394,368456,1,Pseudomonas lutea,Bacteria; Pseudomonadati; Pseudomonadota; Gammaproteobacteria; Pseudomonadales; Pseudomonadaceae; Pseudomonas,0,1_104_VanA#0,core,0.875,0,0,0,0,[alpha] > reductase
NZ_FOLW01000009.1:3202-4246:1,WP_047779534.1,BMZ28_RS12870,,aromatic ring-hydroxylating dioxygenase subunit alpha,1_104_VanA,1,104.3,0.4773,5.3e-30,NZ_FOLW01000009.1,3202,4246,1,Pragia fontium DSM 5563 = ATCC 49100,Bacteria; Pseudomonadati; Pseudomonadota; Gammaproteobacteria; Enterobacterales; Budviciaceae; Pragia,0,1_104_VanA#3,core,0.769,2,0,1,1,ferredoxin > transposon > [alpha] > reductase > regulator > other > reductase > transporter > other > hydrolase > reductase > dehydrogenase > dehydrogenase > other
NZ_FONR01000012.1:317227-318292:1,WP_075030434.1,BM303_RS30670,,aromatic ring-hydroxylating dioxygenase subunit alpha,1_104_VanA,1,238.0,0.9744,1.1e-70,NZ_FONR01000012.1,317227,318292,1,Streptomyces mirabilis,Bacteria; Bacillati; Actinomycetota; Actinomycetes; Kitasatosporales; Streptomycetaceae; Streptomyces,0,1_104_VanA#10,core,0.8827,0,0,0,0,other > hydrolase > hypothetical > hypothetical > [alpha] > hypothetical > reductase
NZ_FOVH01000006.1:86955-87975:1,WP_075021687.1,BM339_RS18720,,aromatic ring-hydroxylating dioxygenase subunit alpha,1_104_VanA,1,233.1,0.9517,3.7e-69,NZ_FOVH01000006.1,86955,87975,1,Actinomadura madurae,Bacteria; Bacillati; Actinomycetota; Actinomycetes; Streptosporangiales; Thermomonosporaceae; Actinomadura,0,1_104_VanA#42,core,0.7079,0,0,0,0,transporter > transporter > transporter > transporter > transporter > other > regulator > [alpha] > hypothetical
NZ_FOUV01000011.1:221453-222482:1,WP_045556532.1,BM134_RS19270,,aromatic ring-hydroxylating dioxygenase subunit alpha,1_104_VanA,1,218.3,0.9688,1.1e-64,NZ_FOUV01000011.1,221453,222482,1,Streptomyces sp. cf124,Bacteria; Bacillati; Actinomycetota; Actinomycetes; Kitasatosporales; Streptomycetaceae; Streptomyces,0,1_104_VanA#36,novel_candidate,0.3774,1,0,0,1,other > hypothetical > reductase > [alpha] > hydrolase > ring_cleavage > reductase > ring_cleavage > ro_beta
NZ_FPBQ01000027.1:110104-111154:-1,WP_027564261.1,BM428_RS35175,,aromatic ring-hydroxylating dioxygenase subunit alpha,1_104_VanA,1,366.0,0.9801,1.4e-109,NZ_FPBQ01000027.1,110104,111154,-1,Bradyrhizobium arachidis,Bacteria; Pseudomonadati; Pseudomonadota; Alphaproteobacteria; Hyphomicrobiales; Nitrobacteraceae; Bradyrhizobium,0,1_104_VanA#5,core,0.9172,0,0,0,0,[alpha] > regulator > reductase
NZ_FPIX01000021.1:26596-27682:1,WP_072345947.1,BT116_RS17535,,aromatic ring-hydroxylating dioxygenase subunit alpha,1_104_VanA,1,776.0,0.9943,3e-234,NZ_FPIX01000021.1,26596,27682,1,Pseudomonas sp. NFACC16-2,Bacteria; Pseudomonadati; Pseudomonadota; Gammaproteobacteria; Pseudomonadales; Pseudomonadaceae; Pseudomonas,0,1_104_VanA#0,core,0.9159,0,0,0,0,[alpha] > reductase
NZ_FPJF01000025.1:22207-23287:1,WP_072443807.1,BT190_RS29920,,aromatic ring-hydroxylating dioxygenase subunit alpha,1_104_VanA,1,697.4,0.983,2.5e-210,NZ_FPJF01000025.1,22207,23287,1,Burkholderia sp. NFACC33-1,Bacteria; Pseudomonadati; Pseudomonadota; Betaproteobacteria; Burkholderiales; Burkholderiaceae; Burkholderia,0,1_104_VanA#0,core,0.9208,0,0,0,0,[alpha] > reductase > alpha_other
NZ_FPJF01000022.1:100527-101598:-1,WP_072443364.1,BT190_RS28845,,aromatic ring-hydroxylating dioxygenase subunit alpha,1_104_VanA,1,122.1,0.4858,2e-35,NZ_FPJF01000022.1,100527,101598,-1,Burkholderia sp. NFACC33-1,Bacteria; Pseudomonadati; Pseudomonadota; Betaproteobacteria; Burkholderiales; Burkholderiaceae; Burkholderia,0,1_104_VanA#1,core,0.9702,2,0,1,1,ferredoxin > transposon > [alpha] > reductase > other > hydrolase > regulator > reductase > other > dehydrogenase > dehydrogenase > other > reductase
NZ_FPKC01000005.1:79700-80786:1,WP_072431017.1,BT175_RS09755,,aromatic ring-hydroxylating dioxygenase subunit alpha,1_104_VanA,1,763.6,0.9943,1.8e-230,NZ_FPKC01000005.1,79700,80786,1,Pseudomonas sp. NFACC47-1,Bacteria; Pseudomonadati; Pseudomonadota; Gammaproteobacteria; Pseudomonadales; Pseudomonadaceae; Pseudomonas,0,1_104_VanA#0,core,0.8972,0,0,0,0,[alpha] > reductase
NZ_FPKU01000004.1:259496-260543:1,WP_072346786.1,BT183_RS19680,,aromatic ring-hydroxylating dioxygenase subunit alpha,1_104_VanA,1,359.4,0.9773,1.4e-107,NZ_FPKU01000004.1,259496,260543,1,Devosia enhydra,Bacteria; Pseudomonadati; Pseudomonadota; Alphaproteobacteria; Hyphomicrobiales; Devosiaceae; Devosia,0,1_104_VanA#5,core,0.7166,1,0,0,1,[alpha] > regulator > reductase > regulator > reductase > dehydrogenase
NZ_FQVF01000008.1:212207-213314:1,WP_072839656.1,BUA59_RS10510,,aromatic ring-hydroxylating dioxygenase subunit alpha,1_104_VanA,1,682.3,0.9858,9.5e-206,NZ_FQVF01000008.1,212207,213314,1,Marinomonas polaris DSM 16579,Bacteria; Pseudomonadati; Pseudomonadota; Gammaproteobacteria; Oceanospirillales; Oceanospirillaceae; Marinomonas,0,1_104_VanA#0,core,0.7354,0,0,0,0,[alpha] > reductase
NZ_FPJW01000003.1:224557-225604:-1,WP_072325509.1,BT114_RS06360,,aromatic ring-hydroxylating dioxygenase subunit alpha,1_104_VanA,1,641.3,0.9659,2.8e-193,NZ_FPJW01000003.1,224557,225604,-1,Marinospirillum alkaliphilum DSM 21637,Bacteria; Pseudomonadati; Pseudomonadota; Gammaproteobacteria; Oceanospirillales; Oceanospirillaceae; Marinospirillum,0,1_104_VanA#0,core,0.6952,0,0,0,0,[alpha] > reductase > hypothetical > hypothetical > hypothetical > reductase > other > hypothetical
NZ_FQVJ01000020.1:47072-48101:-1,WP_048877332.1,BUB54_RS11660,,aromatic ring-hydroxylating dioxygenase subunit alpha,1_104_VanA,1,701.8,0.9631,1.1e-211,NZ_FQVJ01000020.1,47072,48101,-1,Acidocella aminolytica 101 = DSM 11237,Bacteria; Pseudomonadati; Pseudomonadota; Alphaproteobacteria; Acetobacterales; Acidocellaceae; Acidocella,0,1_104_VanA#0,core,0.7567,0,0,0,0,[alpha] > reductase
NZ_FQWD01000005.1:70608-71691:1,WP_073324049.1,BUB81_RS14555,,aromatic ring-hydroxylating dioxygenase subunit alpha,1_104_VanA,1,665.7,0.9858,1.1e-200,NZ_FQWD01000005.1,70608,71691,1,Marisediminitalea aggregata,Bacteria; Pseudomonadati; Pseudomonadota; Gammaproteobacteria; Alteromonadales; Alteromonadaceae; Marisediminitalea,0,1_104_VanA#0,core,0.6972,1,0,0,1,[alpha] > reductase
NZ_FRAB01000016.1:101470-102562:1,WP_073429680.1,BUE39_RS16195,,aromatic ring-hydroxylating dioxygenase subunit alpha,1_104_VanA,1,122.9,0.4858,1.1e-35,NZ_FRAB01000016.1,101470,102562,1,Paraburkholderia terricola,Bacteria; Pseudomonadati; Pseudomonadota; Betaproteobacteria; Burkholderiales; Burkholderiaceae; Paraburkholderia,0,1_104_VanA#1,core,0.8383,2,0,1,1,ferredoxin > transposon > [alpha] > reductase > other > hydrolase > regulator > reductase > other > dehydrogenase > dehydrogenase > other > reductase
NZ_FRBQ01000007.1:207048-208113:1,WP_073267410.1,BUC40_RS17285,,aromatic ring-hydroxylating dioxygenase subunit alpha,1_104_VanA,1,751.5,0.9915,8.8e-227,NZ_FRBQ01000007.1,207048,208113,1,Pseudomonas punonensis,Bacteria; Pseudomonadati; Pseudomonadota; Gammaproteobacteria; Pseudomonadales; Pseudomonadaceae; Pseudomonas,0,1_104_VanA#0,core,0.8406,0,0,0,0,[alpha] > reductase
NZ_FRDA01000013.1:67762-68827:-1,WP_073169924.1,BUB69_RS20490,,aromatic ring-hydroxylating dioxygenase subunit alpha,1_104_VanA,1,740.5,0.9886,1.9e-223,NZ_FRDA01000013.1,67762,68827,-1,Pseudomonas asturiensis,Bacteria; Pseudomonadati; Pseudomonadota; Gammaproteobacteria; Pseudomonadales; Pseudomonadaceae; Pseudomonas,0,1_104_VanA#0,core,0.919,0,0,0,0,[alpha] > reductase
NZ_FRDM01000001.1:14167-15442:1,WP_072911393.1,BUB17_RS00060,,aromatic ring-hydroxylating dioxygenase subunit alpha,1_104_VanA,1,342.7,0.9801,1.7e-102,NZ_FRDM01000001.1,14167,15442,1,Geodermatophilus obscurus,Bacteria; Bacillati; Actinomycetota; Actinomycetes; Geodermatophilales; Geodermatophilaceae; Geodermatophilus,0,1_104_VanA#83,core,0.6204,0,0,0,0,transporter > [alpha] > reductase > other > other
NZ_FTMY01000002.1:593565-594603:1,WP_076504749.1,BXA03_RS05610,,aromatic ring-hydroxylating dioxygenase subunit alpha,1_104_VanA,1,102.3,0.483,2.1e-29,NZ_FTMY01000002.1,593565,594603,1,Pseudacidovorax sp. RU35E,Bacteria; Pseudomonadati; Pseudomonadota; Betaproteobacteria; Burkholderiales; Comamonadaceae; Pseudacidovorax,0,1_104_VanA#22,core,0.8006,0,0,0,0,transporter > transposon > [alpha]
NZ_FTMY01000007.1:314100-315153:1,WP_076509244.1,BXA03_RS15105,,aromatic ring-hydroxylating dioxygenase subunit alpha,1_104_VanA,1,693.6,0.9886,3.4e-209,NZ_FTMY01000007.1,314100,315153,1,Pseudacidovorax sp. RU35E,Bacteria; Pseudomonadati; Pseudomonadota; Betaproteobacteria; Burkholderiales; Comamonadaceae; Pseudacidovorax,0,1_104_VanA#0,core,0.7618,0,0,0,0,[alpha] > reductase > regulator > hydrolase
NZ_FVZE01000004.1:234365-235400:1,WP_054945408.1,B5483_RS14290,,aromatic ring-hydroxylating dioxygenase subunit alpha,1_104_VanA,1,392.9,0.9659,9.4e-118,NZ_FVZE01000004.1,234365,235400,1,Novosphingobium mathurense,Bacteria; Pseudomonadati; Pseudomonadota; Alphaproteobacteria; Sphingomonadales; Sphingomonadaceae; Novosphingobium,0,1_104_VanA#20,divergent,0.4452,0,0,0,0,regulator > reductase > hydrolase > [alpha] > ro_alpha > ro_beta > reductase > reductase
NZ_FWZV01000002.1:359700-360762:-1,WP_027603468.1,B9N88_RS04280,,aromatic ring-hydroxylating dioxygenase subunit alpha,1_104_VanA,1,760.9,0.9943,1.2e-229,NZ_FWZV01000002.1,359700,360762,-1,Pseudomonas sp. LAMO17WK12:I1,Bacteria; Pseudomonadati; Pseudomonadota; Gammaproteobacteria; Pseudomonadales; Pseudomonadaceae; Pseudomonas,0,1_104_VanA#0,core,0.9558,0,0,0,0,dehydrogenase > [alpha] > reductase
NZ_FWXQ01000006.1:344221-345289:1,WP_019098882.1,B9A31_RS16385,,aromatic ring-hydroxylating dioxygenase subunit alpha,1_104_VanA,1,767.9,0.9972,8.9e-232,NZ_FWXQ01000006.1,344221,345289,1,Pseudomonas sp. URIL14HWK12:I5,Bacteria; Pseudomonadati; Pseudomonadota; Gammaproteobacteria; Pseudomonadales; Pseudomonadaceae; Pseudomonas,0,1_104_VanA#0,core,0.8917,0,0,0,0,[alpha] > reductase
NZ_FXAD01000011.1:186697-187759:1,WP_027920464.1,B9N94_RS16070,,aromatic ring-hydroxylating dioxygenase subunit alpha,1_104_VanA,1,738.2,0.983,9.3e-223,NZ_FXAD01000011.1,186697,187759,1,Pseudomonas sp. URMO17WK12:I5,Bacteria; Pseudomonadati; Pseudomonadota; Gammaproteobacteria; Pseudomonadales; Pseudomonadaceae; Pseudomonas,0,1_104_VanA#0,core,0.8608,0,0,0,0,[alpha] > reductase
NZ_FXAT01000011.1:64484-65567:-1,WP_085488483.1,B9Z01_RS26315,,aromatic ring-hydroxylating dioxygenase subunit alpha,1_104_VanA,1,120.9,0.4858,4.6e-35,NZ_FXAT01000011.1,64484,65567,-1,Paraburkholderia susongensis,Bacteria; Pseudomonadati; Pseudomonadota; Betaproteobacteria; Burkholderiales; Burkholderiaceae; Paraburkholderia,0,1_104_VanA#1,core,0.8576,2,0,1,1,ferredoxin > transposon > [alpha] > reductase > other > hydrolase > regulator > reductase > other > dehydrogenase > dehydrogenase > other > reductase
NZ_GG704976.1:8056-9133:1,WP_005330675.1,HMPREF0016_RS16385,,aromatic ring-hydroxylating dioxygenase subunit alpha,1_104_VanA,1,683.6,0.983,3.8e-206,NZ_GG704976.1,8056,9133,1,Acinetobacter johnsonii SH046,Bacteria; Pseudomonadati; Pseudomonadota; Gammaproteobacteria; Moraxellales; Moraxellaceae; Acinetobacter,0,1_104_VanA#0,core,0.8545,0,0,0,0,[alpha] > reductase
NZ_GG665873.1:308562-309552:1,WP_003798538.1,GCWU000324_RS11010,,Rieske 2Fe-2S domain-containing protein,1_104_VanA,1,69.6,0.4574,1.8e-19,NZ_GG665873.1,308562,309552,1,Kingella oralis ATCC 51147,Bacteria; Pseudomonadati; Pseudomonadota; Betaproteobacteria; Neisseriales; Neisseriaceae; Kingella,0,1_104_VanA#40,novel_candidate,0.3313,0,0,0,0,other > hypothetical > [alpha]
NZ_GG665953.1:137742-138819:1,WP_008941630.1,HMPREF0023_RS07180,,aromatic ring-hydroxylating dioxygenase subunit alpha,1_104_VanA,1,693.1,0.983,4.9e-209,NZ_GG665953.1,137742,138819,1,Acinetobacter sp. ATCC 27244,Bacteria; Pseudomonadati; Pseudomonadota; Gammaproteobacteria; Moraxellales; Moraxellaceae; Acinetobacter,0,1_104_VanA#0,core,0.9065,0,0,0,0,[alpha] > reductase
NZ_GG665958.1:52439-53507:-1,WP_005089805.1,HMPREF0023_RS09900,,aromatic ring-hydroxylating dioxygenase subunit alpha,1_104_VanA,1,104.0,0.4886,6.3e-30,NZ_GG665958.1,52439,53507,-1,Acinetobacter sp. ATCC 27244,Bacteria; Pseudomonadati; Pseudomonadota; Gammaproteobacteria; Moraxellales; Moraxellaceae; Acinetobacter,0,1_104_VanA#4,core,0.8846,2,0,1,1,ferredoxin > transposon > [alpha] > reductase > other > reductase > transporter > other > hydrolase > reductase > dehydrogenase > dehydrogenase > other
NZ_HE972529.1:4046-5096:1,WP_002750348.1,MICCA_RS01465,,aromatic ring-hydroxylating dioxygenase subunit alpha,1_104_VanA,1,64.6,0.4545,6.1e-18,NZ_HE972529.1,4046,5096,1,Microcystis aeruginosa PCC 9432,Bacteria; Bacillati; Cyanobacteriota; Cyanophyceae; Oscillatoriophycideae; Chroococcales; Microcystaceae; Microcystis,0,1_104_VanA#9,core,0.9969,0,0,0,0,[alpha]
NZ_GL883080.1:751252-752287:-1,WP_245531420.1,ABI_RS21830,,aromatic ring-hydroxylating dioxygenase subunit alpha,1_104_VanA,1,650.9,0.9545,3.3e-196,NZ_GL883080.1,751252,752287,-1,Asticcacaulis biprosthecium C19,Bacteria; Pseudomonadati; Pseudomonadota; Alphaproteobacteria; Caulobacterales; Caulobacteraceae; Asticcacaulis,0,1_104_VanA#0,core,0.7109,0,0,0,0,[alpha] > reductase
NZ_GL891825.1:66304-67372:-1,WP_000991783.1,HMPREF0022_RS06830,,aromatic ring-hydroxylating dioxygenase subunit alpha,1_104_VanA,1,109.9,0.483,1e-31,NZ_GL891825.1,66304,67372,-1,Acinetobacter baumannii 6014059,Bacteria; Pseudomonadati; Pseudomonadota; Gammaproteobacteria; Moraxellales; Moraxellaceae; Acinetobacter; Acinetobacter calcoaceticus/baumannii complex,0,1_104_VanA#4,core,1.0,2,0,1,1,ferredoxin > transposon > [alpha] > reductase > other > reductase > transporter > other > hydrolase > reductase > dehydrogenase > dehydrogenase > other
NZ_HE972719.1:1778-2828:1,WP_002760575.1,MICAB_RS13205,,aromatic ring-hydroxylating dioxygenase subunit alpha,1_104_VanA,1,65.6,0.4545,3.1e-18,NZ_HE972719.1,1778,2828,1,Microcystis aeruginosa PCC 9717,Bacteria; Bacillati; Cyanobacteriota; Cyanophyceae; Oscillatoriophycideae; Chroococcales; Microcystaceae; Microcystis,0,1_104_VanA#9,core,0.9906,0,0,0,0,[alpha]
NZ_HE973008.1:113162-114212:1,WP_002770852.1,MICAC_RS19930,,aromatic ring-hydroxylating dioxygenase subunit alpha,1_104_VanA,1,64.9,0.4545,5e-18,NZ_HE973008.1,113162,114212,1,Microcystis aeruginosa PCC 9443,Bacteria; Bacillati; Cyanobacteriota; Cyanophyceae; Oscillatoriophycideae; Chroococcales; Microcystaceae; Microcystis,0,1_104_VanA#9,core,1.0,0,0,0,0,[alpha]
NZ_HE973222.1:50680-51730:-1,WP_002780451.1,MICAE_RS02010,,aromatic ring-hydroxylating dioxygenase subunit alpha,1_104_VanA,1,65.0,0.4545,4.5e-18,NZ_HE973222.1,50680,51730,-1,Microcystis aeruginosa PCC 9806,Bacteria; Bacillati; Cyanobacteriota; Cyanophyceae; Oscillatoriophycideae; Chroococcales; Microcystaceae; Microcystis,0,1_104_VanA#9,core,0.9906,0,0,0,0,[alpha]
NZ_HE973314.1:65375-66425:1,WP_002785260.1,MICAF_RS00465,,Rieske 2Fe-2S domain-containing protein,1_104_VanA,1,65.0,0.4545,4.7e-18,NZ_HE973314.1,65375,66425,1,Microcystis aeruginosa PCC 9807,Bacteria; Bacillati; Cyanobacteriota; Cyanophyceae; Oscillatoriophycideae; Chroococcales; Microcystaceae; Microcystis,0,1_104_VanA#9,core,0.9969,0,0,0,0,[alpha]
NZ_JAAEAM010000047.1:7234-8314:-1,WP_006495156.1,GFJ35_RS31050,,aromatic ring-hydroxylating dioxygenase subunit alpha,1_104_VanA,1,701.8,0.983,1.1e-211,NZ_JAAEAM010000047.1,7234,8314,-1,Burkholderia cenocepacia,Bacteria; Pseudomonadati; Pseudomonadota; Betaproteobacteria; Burkholderiales; Burkholderiaceae; Burkholderia; Burkholderia cepacia complex,0,1_104_VanA#0,core,0.9082,0,0,0,0,[alpha] > reductase
NZ_HE973734.1:89510-90560:1,WP_004162539.1,MICAH_RS01500,,aromatic ring-hydroxylating dioxygenase subunit alpha,1_104_VanA,1,64.5,0.4545,6.7e-18,NZ_HE973734.1,89510,90560,1,Microcystis aeruginosa PCC 9809,Bacteria; Bacillati; Cyanobacteriota; Cyanophyceae; Oscillatoriophycideae; Chroococcales; Microcystaceae; Microcystis,0,1_104_VanA#9,core,0.9814,0,0,0,0,[alpha]
NZ_JAAQWR010000003.1:360884-361919:1,WP_057440556.1,HBO21_RS05620,,aromatic ring-hydroxylating dioxygenase subunit alpha,1_104_VanA,1,103.8,0.4943,7.4e-30,NZ_JAAQWR010000003.1,360884,361919,1,Pseudomonas sp. WS 5413,Bacteria; Pseudomonadati; Pseudomonadota; Gammaproteobacteria; Pseudomonadales; Pseudomonadaceae; Pseudomonas,0,1_104_VanA#13,core,0.9742,1,0,0,1,reductase > other > hydrolase > regulator > reductase > other > dehydrogenase > dehydrogenase > other > reductase > hypothetical > transposon > [alpha] > hydrolase > reductase
NZ_JAAQXG010000004.1:31020-32079:-1,WP_074584707.1,HBO29_RS08435,,aromatic ring-hydroxylating dioxygenase subunit alpha,1_104_VanA,1,720.0,0.9773,3.2e-217,NZ_JAAQXG010000004.1,31020,32079,-1,Pseudomonas oryzihabitans,Bacteria; Pseudomonadati; Pseudomonadota; Gammaproteobacteria; Pseudomonadales; Pseudomonadaceae; Pseudomonas,0,1_104_VanA#0,core,0.827,0,0,0,0,[alpha] > reductase
NZ_JABBFZ010000005.1:41595-42681:-1,WP_169497662.1,HHL14_RS11135,,aromatic ring-hydroxylating dioxygenase subunit alpha,1_104_VanA,1,117.1,0.4858,6.7e-34,NZ_JABBFZ010000005.1,41595,42681,-1,Paraburkholderia antibiotica,Bacteria; Pseudomonadati; Pseudomonadota; Betaproteobacteria; Burkholderiales; Burkholderiaceae; Paraburkholderia,0,1_104_VanA#1,core,0.8254,2,0,1,1,ferredoxin > transposon > [alpha] > reductase > other > hydrolase > regulator > reductase > other > dehydrogenase > dehydrogenase > other > reductase
NZ_JABBGJ010000015.1:65663-66761:1,WP_169486339.1,HHL24_RS15520,,aromatic ring-hydroxylating dioxygenase subunit alpha,1_104_VanA,1,122.8,0.4858,1.2e-35,NZ_JABBGJ010000015.1,65663,66761,1,Paraburkholderia polaris,Bacteria; Pseudomonadati; Pseudomonadota; Betaproteobacteria; Burkholderiales; Burkholderiaceae; Paraburkholderia,0,1_104_VanA#1,core,0.8513,2,0,1,1,ferredoxin > transposon > [alpha] > reductase > other > hydrolase > regulator > reductase > other > dehydrogenase > dehydrogenase > other > reductase
NZ_JABFNQ010000040.1:70127-71087:1,WP_011553868.1,HK404_RS21165,,Rieske 2Fe-2S domain-containing protein,1_104_VanA,1,46.6,0.4688,1.9e-12,NZ_JABFNQ010000040.1,70127,71087,1,Myxococcus xanthus,Bacteria; Pseudomonadati; Myxococcota; Myxococcia; Myxococcales; Cystobacterineae; Myxococcaceae; Myxococcus,0,1_104_VanA#65,novel_candidate,0.2989,0,0,0,0,other > [alpha] > other > other
NZ_JABUHT010000178.1:12456-13518:-1,WP_069787598.1,HT121_RS20075,,aromatic ring-hydroxylating dioxygenase subunit alpha,1_104_VanA,1,760.4,0.9943,1.6e-229,NZ_JABUHT010000178.1,12456,13518,-1,Pseudomonas allii,Bacteria; Pseudomonadati; Pseudomonadota; Gammaproteobacteria; Pseudomonadales; Pseudomonadaceae; Pseudomonas,0,1_104_VanA#0,core,0.9279,0,0,0,0,dehydrogenase > [alpha] > reductase
NZ_JABUMO010000218.1:1761-2832:-1,WP_174384194.1,HT746_RS35780,,aromatic ring-hydroxylating dioxygenase subunit alpha,1_104_VanA,1,127.2,0.4858,5.8e-37,NZ_JABUMO010000218.1,1761,2832,-1,Burkholderia pyrrocinia,Bacteria; Pseudomonadati; Pseudomonadota; Betaproteobacteria; Burkholderiales; Burkholderiaceae; Burkholderia; Burkholderia cepacia complex,0,1_104_VanA#1,core,0.9463,1,0,1,0,ferredoxin > transposon > [alpha] > reductase > other > hydrolase
NZ_JABFID010000021.1:40799-41867:-1,WP_012271820.1,HMH05_RS21905,,aromatic ring-hydroxylating dioxygenase subunit alpha,1_104_VanA,1,769.4,0.9972,3.2e-232,NZ_JABFID010000021.1,40799,41867,-1,Pseudomonas sp. SbB1,Bacteria; Pseudomonadati; Pseudomonadota; Gammaproteobacteria; Pseudomonadales; Pseudomonadaceae; Pseudomonas,0,1_104_VanA#0,core,0.8774,0,0,0,0,[alpha] > reductase
NZ_JABFMQ010000004.1:122634-123684:-1,WP_008327074.1,HNO82_RS05970,,aromatic ring-hydroxylating dioxygenase subunit alpha,1_104_VanA,1,105.2,0.4886,2.7e-30,NZ_JABFMQ010000004.1,122634,123684,-1,Herbaspirillum sp. C9C3,Bacteria; Pseudomonadati; Pseudomonadota; Betaproteobacteria; Burkholderiales; Oxalobacteraceae; Herbaspirillum,0,1_104_VanA#16,core,0.7463,0,0,0,0,reductase > other > hydrolase > regulator > reductase > other > dehydrogenase > dehydrogenase > other > reductase > hypothetical > transposon > [alpha] > other > reductase
NZ_JABXOU010000002.1:291431-292454:-1,WP_182401458.1,HV355_RS07310,,aromatic ring-hydroxylating dioxygenase subunit alpha,1_104_VanA,1,107.1,0.4744,7.5e-31,NZ_JABXOU010000002.1,291431,292454,-1,Enterobacter sp. RHBSTW-01064,Bacteria; Pseudomonadati; Pseudomonadota; Gammaproteobacteria; Enterobacterales; Enterobacteriaceae; Enterobacter,0,1_104_VanA#3,core,0.9097,2,0,1,1,ferredoxin > transposon > [alpha] > reductase > regulator > other > reductase > transporter > other > hydrolase > reductase > dehydrogenase > dehydrogenase > other
NZ_JACASJ010000056.1:12386-13409:-1,WP_013098652.1,HX884_RS15175,,aromatic ring-hydroxylating dioxygenase subunit alpha,1_104_VanA,1,106.0,0.4744,1.5e-30,NZ_JACASJ010000056.1,12386,13409,-1,Enterobacter sp. SECR19-1250,Bacteria; Pseudomonadati; Pseudomonadota; Gammaproteobacteria; Enterobacterales; Enterobacteriaceae; Enterobacter,0,1_104_VanA#3,core,0.9396,1,0,1,0,ferredoxin > transposon > [alpha] > reductase > regulator > other > reductase > transporter > other > hydrolase > reductase > dehydrogenase > dehydrogenase > other
NZ_JACARU010000015.1:280189-281212:1,WP_176981581.1,HX778_RS06860,,aromatic ring-hydroxylating dioxygenase subunit alpha,1_104_VanA,1,107.6,0.4744,5e-31,NZ_JACARU010000015.1,280189,281212,1,Cedecea sp. P7760,Bacteria; Pseudomonadati; Pseudomonadota; Gammaproteobacteria; Enterobacterales; Enterobacteriaceae; Cedecea,0,1_104_VanA#3,core,0.8949,2,0,1,1,ferredoxin > transposon > [alpha] > reductase > regulator > other > reductase > transporter > other > hydrolase > reductase > dehydrogenase > dehydrogenase > other
NZ_JACEGB010000085.1:391-1441:1,WP_052276830.1,H0902_RS05295,,aromatic ring-hydroxylating dioxygenase subunit alpha,1_104_VanA,1,65.7,0.4545,2.7e-18,NZ_JACEGB010000085.1,391,1441,1,Microcystis aeruginosa BLCC-F108,Bacteria; Bacillati; Cyanobacteriota; Cyanophyceae; Oscillatoriophycideae; Chroococcales; Microcystaceae; Microcystis,0,1_104_VanA#9,core,0.9783,0,0,0,0,other > [alpha]
NZ_JACHDK010000007.1:57468-58557:-1,WP_184006676.1,HDG39_RS15205,,aromatic ring-hydroxylating dioxygenase subunit alpha,1_104_VanA,1,703.0,0.9801,4.8e-212,NZ_JACHDK010000007.1,57468,58557,-1,Paraburkholderia sp. WSM4180,Bacteria; Pseudomonadati; Pseudomonadota; Betaproteobacteria; Burkholderiales; Burkholderiaceae; Paraburkholderia,0,1_104_VanA#0,core,0.8428,0,0,0,0,[alpha] > reductase
NZ_JACIEC010000004.1:260476-261526:1,WP_062556210.1,GGQ72_RS16390,,aromatic ring-hydroxylating dioxygenase subunit alpha,1_104_VanA,1,354.3,0.9744,5e-106,NZ_JACIEC010000004.1,260476,261526,1,Rhizobium rhizoryzae,Bacteria; Pseudomonadati; Pseudomonadota; Alphaproteobacteria; Hyphomicrobiales; Rhizobiaceae; Rhizobium/Agrobacterium group; Rhizobium,0,1_104_VanA#14,core,0.7235,1,0,0,1,other > [alpha] > regulator > reductase
NZ_JACIEQ010000003.1:482102-483152:1,WP_054540057.1,GGR17_RS13655,,aromatic ring-hydroxylating dioxygenase subunit alpha,1_104_VanA,1,313.0,0.9688,1.8e-93,NZ_JACIEQ010000003.1,482102,483152,1,Actibacterium naphthalenivorans,Bacteria; Pseudomonadati; Pseudomonadota; Alphaproteobacteria; Rhodobacterales; Roseobacteraceae; Actibacterium,0,1_104_VanA#86,core,0.6338,1,0,0,1,hydrolase > reductase > transporter > transporter > transporter > [alpha] > reductase > other
NZ_JACJEO010000017.1:85577-86669:1,WP_058429818.1,H5116_RS13530,,aromatic ring-hydroxylating dioxygenase subunit alpha,1_104_VanA,1,639.4,0.9773,1.1e-192,NZ_JACJEO010000017.1,85577,86669,1,Pseudoalteromonas sp. SG45-2,Bacteria; Pseudomonadati; Pseudomonadota; Gammaproteobacteria; Alteromonadales; Pseudoalteromonadaceae; Pseudoalteromonas,0,1_104_VanA#0,core,0.7028,0,0,0,0,[alpha] > reductase
NZ_JACJFQ010000008.1:172891-173935:1,WP_182822601.1,H5P17_RS09785,,aromatic ring-hydroxylating dioxygenase subunit alpha,1_104_VanA,1,99.5,0.4773,1.5e-28,NZ_JACJFQ010000008.1,172891,173935,1,Serratia sp. OS31,Bacteria; Pseudomonadati; Pseudomonadota; Gammaproteobacteria; Enterobacterales; Yersiniaceae; Serratia,0,1_104_VanA#3,core,0.7973,2,0,1,1,ferredoxin > transposon > [alpha] > reductase > regulator > other > reductase > transporter > other > hydrolase > reductase > dehydrogenase > dehydrogenase > other
NZ_JACJUU010000002.1:266782-267859:1,WP_185778857.1,GTU67_RS03925,,aromatic ring-hydroxylating dioxygenase subunit alpha,1_104_VanA,1,340.1,0.9773,1e-101,NZ_JACJUU010000002.1,266782,267859,1,Pusillimonas minor,Bacteria; Pseudomonadati; Pseudomonadota; Betaproteobacteria; Burkholderiales; Alcaligenaceae; Pusillimonas,0,1_104_VanA#85,divergent,0.5466,1,0,0,1,reductase > alpha_other > other > ring_cleavage > [alpha] > reductase > dehydrogenase
NZ_JACIHD010000010.1:76553-77603:-1,WP_018323220.1,GGD62_RS25690,,aromatic ring-hydroxylating dioxygenase subunit alpha,1_104_VanA,1,368.2,0.9801,3.1e-110,NZ_JACIHD010000010.1,76553,77603,-1,Bradyrhizobium sp. ERR14,Bacteria; Pseudomonadati; Pseudomonadota; Alphaproteobacteria; Hyphomicrobiales; Nitrobacteraceae; Bradyrhizobium,0,1_104_VanA#5,core,0.9054,0,0,0,0,[alpha] > regulator > reductase
NZ_JACNBS010000017.1:87922-88957:-1,WP_054597062.1,J4D67_RS18700,,aromatic ring-hydroxylating dioxygenase subunit alpha,1_104_VanA,1,104.9,0.4943,3.4e-30,NZ_JACNBS010000017.1,87922,88957,-1,Pseudomonas sp. FW306-2-11AA,Bacteria; Pseudomonadati; Pseudomonadota; Gammaproteobacteria; Pseudomonadales; Pseudomonadaceae; Pseudomonas,0,1_104_VanA#21,core,0.9427,1,0,0,1,transporter > transporter > reductase > other > hydrolase > regulator > reductase > other > dehydrogenase > dehydrogenase > other > transposon > [alpha] > reductase
NZ_JACVBV010000002.1:422548-423571:-1,WP_004867464.1,IB240_RS10285,,aromatic ring-hydroxylating dioxygenase subunit alpha,1_104_VanA,1,102.0,0.4744,2.6e-29,NZ_JACVBV010000002.1,422548,423571,-1,Raoultella sp. RLT01,Bacteria; Pseudomonadati; Pseudomonadota; Gammaproteobacteria; Enterobacterales; Enterobacteriaceae; Klebsiella/Raoultella group; Raoultella,0,1_104_VanA#3,core,0.9262,2,0,1,1,ferredoxin > transposon > [alpha] > reductase > regulator > other > reductase > transporter > other > hydrolase > reductase > dehydrogenase > dehydrogenase > other
NZ_JADBRB010000004.1:18095-19118:1,WP_193031040.1,IM297_RS06330,,aromatic ring-hydroxylating dioxygenase subunit alpha,1_104_VanA,1,106.3,0.4744,1.3e-30,NZ_JADBRB010000004.1,18095,19118,1,Enterobacter cloacae complex sp. I1,Bacteria; Pseudomonadati; Pseudomonadota; Gammaproteobacteria; Enterobacterales; Enterobacteriaceae; Enterobacter; Enterobacter cloacae complex,0,1_104_VanA#3,core,0.9367,2,0,1,1,ferredoxin > transposon > [alpha] > reductase > regulator > other > reductase > transporter > other > hydrolase > reductase > dehydrogenase > dehydrogenase > other
NZ_JADCLB010000004.1:54130-55153:-1,WP_028014352.1,INF73_RS02535,,aromatic ring-hydroxylating dioxygenase subunit alpha,1_104_VanA,1,106.7,0.4744,9.9e-31,NZ_JADCLB010000004.1,54130,55153,-1,Enterobacter cloacae complex sp. P6RS,Bacteria; Pseudomonadati; Pseudomonadota; Gammaproteobacteria; Enterobacterales; Enterobacteriaceae; Enterobacter; Enterobacter cloacae complex,0,1_104_VanA#3,core,0.94,2,0,1,1,ferredoxin > transposon > [alpha] > reductase > regulator > other > reductase > transporter > other > hydrolase > reductase > dehydrogenase > dehydrogenase > other
NZ_JAEILE010000065.1:2976-4038:1,WP_017847926.1,YA0850_RS13990,,aromatic ring-hydroxylating dioxygenase subunit alpha,1_104_VanA,1,758.6,0.9943,6e-229,NZ_JAEILE010000065.1,2976,4038,1,Pseudomonas veronii,Bacteria; Pseudomonadati; Pseudomonadota; Gammaproteobacteria; Pseudomonadales; Pseudomonadaceae; Pseudomonas,0,1_104_VanA#0,core,0.9434,0,0,0,0,[alpha] > reductase
NZ_JAFDOI010000007.1:155820-156870:-1,WP_038948371.1,JQ579_RS11575,,aromatic ring-hydroxylating dioxygenase subunit alpha,1_104_VanA,1,365.6,0.9801,1.9e-109,NZ_JAFDOI010000007.1,155820,156870,-1,Bradyrhizobium ottawaense,Bacteria; Pseudomonadati; Pseudomonadota; Alphaproteobacteria; Hyphomicrobiales; Nitrobacteraceae; Bradyrhizobium,0,1_104_VanA#5,core,0.9204,0,0,0,0,[alpha] > regulator > reductase
NZ_JAFKHN010000007.1:12371-13463:1,WP_070398698.1,J0I38_RS07520,,aromatic ring-hydroxylating dioxygenase subunit alpha,1_104_VanA,1,382.5,0.9688,1.4e-114,NZ_JAFKHN010000007.1,12371,13463,1,Hydrogenophaga sp.,Bacteria; Pseudomonadati; Pseudomonadota; Betaproteobacteria; Burkholderiales; Comamonadaceae; Hydrogenophaga,0,1_104_VanA#14,core,0.7647,1,0,0,1,[alpha] > regulator > reductase
NZ_JAFKEG010000005.1:258970-260026:-1,WP_015016190.1,J0G38_RS02900,,aromatic ring-hydroxylating dioxygenase subunit alpha,1_104_VanA,1,679.4,0.9886,7.4e-205,NZ_JAFKEG010000005.1,258970,260026,-1,Acidovorax sp.,Bacteria; Pseudomonadati; Pseudomonadota; Betaproteobacteria; Burkholderiales; Comamonadaceae; Acidovorax,0,1_104_VanA#0,core,0.785,0,0,0,0,[alpha] > reductase
NZ_JAHHPU010000006.1:39329-40433:-1,WP_012307843.1,KWG95_RS12180,,aromatic ring-hydroxylating dioxygenase subunit alpha,1_104_VanA,1,125.2,0.5795,2.3e-36,NZ_JAHHPU010000006.1,39329,40433,-1,Picosynechococcus sp. PCC 7002,Bacteria; Bacillati; Cyanobacteriota; Cyanophyceae; Oscillatoriophycideae; Chroococcales; Geminocystaceae; Picosynechococcus,0,1_104_VanA#27,novel_candidate,0.3495,0,0,0,0,[alpha]
NZ_JAIFTJ010000004.1:10558-11638:-1,WP_024903127.1,LIOPPNJA_RS06135,,aromatic ring-hydroxylating dioxygenase subunit alpha,1_104_VanA,1,681.0,0.9773,2.3e-205,NZ_JAIFTJ010000004.1,10558,11638,-1,Robbsia andropogonis,Bacteria; Pseudomonadati; Pseudomonadota; Betaproteobacteria; Burkholderiales; Burkholderiaceae; Robbsia,0,1_104_VanA#0,core,0.8333,1,0,0,1,[alpha] > reductase
NZ_JAIZSP010000004.1:68179-69259:-1,WP_059240902.1,LGN46_RS11310,,aromatic ring-hydroxylating dioxygenase subunit alpha,1_104_VanA,1,686.9,0.983,3.9e-207,NZ_JAIZSP010000004.1,68179,69259,-1,Burkholderia arboris,Bacteria; Pseudomonadati; Pseudomonadota; Betaproteobacteria; Burkholderiales; Burkholderiaceae; Burkholderia; Burkholderia cepacia complex,0,1_104_VanA#0,core,0.8997,1,0,0,1,[alpha] > reductase > alpha_other
NZ_JAKTIC010000025.1:28507-29584:1,WP_000470071.1,MKL39_RS05660,,aromatic ring-hydroxylating dioxygenase subunit alpha,1_104_VanA,1,698.8,0.983,9e-211,NZ_JAKTIC010000025.1,28507,29584,1,Acinetobacter sp. AOR38_HL,Bacteria; Pseudomonadati; Pseudomonadota; Gammaproteobacteria; Moraxellales; Moraxellaceae; Acinetobacter,0,1_104_VanA#0,core,0.9969,0,0,0,0,[alpha] > reductase
NZ_JAKTIC010000043.1:38617-39685:1,WP_000991783.1,MKL39_RS11895,,aromatic ring-hydroxylating dioxygenase subunit alpha,1_104_VanA,1,109.9,0.483,1e-31,NZ_JAKTIC010000043.1,38617,39685,1,Acinetobacter sp. AOR38_HL,Bacteria; Pseudomonadati; Pseudomonadota; Gammaproteobacteria; Moraxellales; Moraxellaceae; Acinetobacter,0,1_104_VanA#4,core,1.0,2,0,1,1,ferredoxin > transposon > [alpha] > reductase > other > reductase > transporter > other > hydrolase > reductase > dehydrogenase > dehydrogenase > other
NZ_JAIZSX010000021.1:25465-26545:1,WP_034190632.1,LGN30_RS32415,,aromatic ring-hydroxylating dioxygenase subunit alpha,1_104_VanA,1,698.3,0.983,1.3e-210,NZ_JAIZSX010000021.1,25465,26545,1,Burkholderia seminalis,Bacteria; Pseudomonadati; Pseudomonadota; Betaproteobacteria; Burkholderiales; Burkholderiaceae; Burkholderia; Burkholderia cepacia complex,0,1_104_VanA#0,core,0.8966,1,0,0,1,[alpha] > reductase > alpha_other
NZ_JAJC01000001.1:68511-69555:1,WP_024909964.1,Z167_RS0100300,,aromatic ring-hydroxylating dioxygenase subunit alpha,1_104_VanA,1,100.5,0.4773,7.5e-29,NZ_JAJC01000001.1,68511,69555,1,Chania multitudinisentens RB-25,Bacteria; Pseudomonadati; Pseudomonadota; Gammaproteobacteria; Enterobacterales; Yersiniaceae; Chania,0,1_104_VanA#3,core,0.8013,2,0,1,1,ferredoxin > transposon > [alpha] > reductase > regulator > other > reductase > transporter > other > hydrolase > reductase > dehydrogenase > dehydrogenase > other
NZ_JAKTIG010000061.1:131229-132297:-1,WP_005070727.1,MKL51_RS15820,,aromatic ring-hydroxylating dioxygenase subunit alpha,1_104_VanA,1,110.2,0.4744,8.2e-32,NZ_JAKTIG010000061.1,131229,132297,-1,Acinetobacter sp. AOR18_HL,Bacteria; Pseudomonadati; Pseudomonadota; Gammaproteobacteria; Moraxellales; Moraxellaceae; Acinetobacter,0,1_104_VanA#4,core,0.9405,2,0,1,1,ferredoxin > transposon > [alpha] > reductase > other > reductase > transporter > other > hydrolase > reductase > dehydrogenase > dehydrogenase > other
NZ_JAKTIG010000077.1:28739-29816:1,WP_017481364.1,MKL51_RS18080,,aromatic ring-hydroxylating dioxygenase subunit alpha,1_104_VanA,1,689.9,0.9801,4.7e-208,NZ_JAKTIG010000077.1,28739,29816,1,Acinetobacter sp. AOR18_HL,Bacteria; Pseudomonadati; Pseudomonadota; Gammaproteobacteria; Moraxellales; Moraxellaceae; Acinetobacter,0,1_104_VanA#0,core,0.9811,0,0,0,0,[alpha] > reductase
NZ_JAMKED010000010.1:63677-64745:-1,WP_029887052.1,M9Y56_RS06225,,aromatic ring-hydroxylating dioxygenase subunit alpha,1_104_VanA,1,764.8,0.9972,8e-231,NZ_JAMKED010000010.1,63677,64745,-1,Pseudomonas juntendi,Bacteria; Pseudomonadati; Pseudomonadota; Gammaproteobacteria; Pseudomonadales; Pseudomonadaceae; Pseudomonas,0,1_104_VanA#0,core,0.8411,0,0,0,0,[alpha] > reductase
NZ_JAMOIA010000003.1:5059-6130:1,WP_025240539.1,NAV34_RS06100,,aromatic ring-hydroxylating dioxygenase subunit alpha,1_104_VanA,1,746.4,0.9773,3e-225,NZ_JAMOIA010000003.1,5059,6130,1,Stutzerimonas stutzeri,Bacteria; Pseudomonadati; Pseudomonadota; Gammaproteobacteria; Pseudomonadales; Pseudomonadaceae; Stutzerimonas,0,1_104_VanA#0,core,0.8625,0,0,0,0,[alpha] > reductase
NZ_JAMPQQ010000011.1:179267-180308:1,WP_004908426.1,PSE84_RS09395,,aromatic ring-hydroxylating dioxygenase subunit alpha,1_104_VanA,1,98.8,0.4801,2.4e-28,NZ_JAMPQQ010000011.1,179267,180308,1,Providencia sp. PROV114,Bacteria; Pseudomonadati; Pseudomonadota; Gammaproteobacteria; Enterobacterales; Morganellaceae; Providencia,0,1_104_VanA#4,core,0.7114,2,0,1,1,ferredoxin > transposon > [alpha] > reductase > regulator > other > reductase > transporter > other > hydrolase > reductase > dehydrogenase > dehydrogenase > other
NZ_JAMPRA010000018.1:28252-29293:-1,WP_036958013.1,PSE97_RS11620,,aromatic ring-hydroxylating dioxygenase subunit alpha,1_104_VanA,1,99.1,0.4801,2e-28,NZ_JAMPRA010000018.1,28252,29293,-1,Providencia sp. PROV099,Bacteria; Pseudomonadati; Pseudomonadota; Gammaproteobacteria; Enterobacterales; Morganellaceae; Providencia,0,1_104_VanA#4,core,0.709,2,0,1,1,ferredoxin > transposon > [alpha] > reductase > regulator > other > reductase > transporter > other > hydrolase > reductase > dehydrogenase > dehydrogenase > other
NZ_JANHLF010000005.1:138310-139378:-1,WP_016487581.1,NPS49_RS12895,,aromatic ring-hydroxylating dioxygenase subunit alpha,1_104_VanA,1,770.2,0.9972,1.8e-232,NZ_JANHLF010000005.1,138310,139378,-1,Pseudomonas putida,Bacteria; Pseudomonadati; Pseudomonadota; Gammaproteobacteria; Pseudomonadales; Pseudomonadaceae; Pseudomonas,0,1_104_VanA#0,core,0.8868,0,0,0,0,[alpha] > reductase
NZ_JAOCEY010000016.1:51406-52474:1,WP_004576418.1,N5D79_RS12665,,aromatic ring-hydroxylating dioxygenase subunit alpha,1_104_VanA,1,765.3,0.9972,5.4e-231,NZ_JAOCEY010000016.1,51406,52474,1,Pseudomonas sp. GD03817,Bacteria; Pseudomonadati; Pseudomonadota; Gammaproteobacteria; Pseudomonadales; Pseudomonadaceae; Pseudomonas,0,1_104_VanA#0,core,0.8774,0,0,0,0,[alpha] > reductase
NZ_JAOECP010000007.1:50236-51304:1,WP_197898460.1,N7673_RS06190,,aromatic ring-hydroxylating dioxygenase subunit alpha,1_104_VanA,1,769.5,0.9972,2.8e-232,NZ_JAOECP010000007.1,50236,51304,1,Pseudomonas putida,Bacteria; Pseudomonadati; Pseudomonadota; Gammaproteobacteria; Pseudomonadales; Pseudomonadaceae; Pseudomonas,0,1_104_VanA#0,core,0.8774,0,0,0,0,[alpha] > reductase
NZ_JAOEDX010000002.1:430464-431517:-1,WP_049175430.1,N7586_RS04380,,aromatic ring-hydroxylating dioxygenase subunit alpha,1_104_VanA,1,110.6,0.4858,6.3e-32,NZ_JAOEDX010000002.1,430464,431517,-1,Acinetobacter ursingii,Bacteria; Pseudomonadati; Pseudomonadota; Gammaproteobacteria; Moraxellales; Moraxellaceae; Acinetobacter,0,1_104_VanA#30,core,0.875,2,0,1,1,ferredoxin > transposon > [alpha] > reductase > other > reductase > transporter > other > hydrolase > reductase > dehydrogenase > dehydrogenase > other
NZ_JAOEDX010000002.1:436891-437968:1,WP_049175437.1,N7586_RS04410,,aromatic ring-hydroxylating dioxygenase subunit alpha,1_104_VanA,1,687.8,0.9858,2e-207,NZ_JAOEDX010000002.1,436891,437968,1,Acinetobacter ursingii,Bacteria; Pseudomonadati; Pseudomonadota; Gammaproteobacteria; Moraxellales; Moraxellaceae; Acinetobacter,0,1_104_VanA#0,core,0.8742,0,0,0,0,[alpha] > reductase
NZ_JAPWIS010000004.1:212124-213198:1,WP_005253321.1,O4328_RS09875,,aromatic ring-hydroxylating dioxygenase subunit alpha,1_104_VanA,1,241.7,0.9773,8.6e-72,NZ_JAPWIS010000004.1,212124,213198,1,Rhodococcus opacus,Bacteria; Bacillati; Actinomycetota; Actinomycetes; Mycobacteriales; Nocardiaceae; Rhodococcus,0,1_104_VanA#15,core,0.9262,0,0,0,0,other > [alpha] > hypothetical > reductase > regulator
NZ_JAQV02000016.1:65201-66173:1,WP_035405561.1,AS29_RS09435,,aromatic ring-hydroxylating dioxygenase subunit alpha,1_104_VanA,1,118.1,0.4688,3.2e-34,NZ_JAQV02000016.1,65201,66173,1,Bacillus sp. SJS,Bacteria; Bacillati; Bacillota; Bacilli; Bacillales; Bacillaceae; Bacillus,0,1_104_VanA#64,novel_candidate,0.25,0,0,0,0,[alpha] > hypothetical
NZ_JAQYZH010000008.1:87732-88761:1,WP_003274082.1,PUR40_RS05365,,aromatic ring-hydroxylating dioxygenase subunit alpha,1_104_VanA,1,709.1,0.9716,6.8e-214,NZ_JAQYZH010000008.1,87732,88761,1,Ralstonia solanacearum,Bacteria; Pseudomonadati; Pseudomonadota; Betaproteobacteria; Burkholderiales; Burkholderiaceae; Ralstonia; Ralstonia solanacearum species complex,0,1_104_VanA#0,core,0.8119,1,0,0,1,[alpha] > reductase
NZ_JAQOTI010000002.1:52295-53387:-1,WP_047472851.1,PO605_RS02780,,aromatic ring-hydroxylating dioxygenase subunit alpha,1_104_VanA,1,666.2,0.9886,7.3e-201,NZ_JAQOTI010000002.1,52295,53387,-1,Delftia sp. DT-2,Bacteria; Pseudomonadati; Pseudomonadota; Betaproteobacteria; Burkholderiales; Comamonadaceae; Delftia,0,1_104_VanA#0,core,0.8138,0,0,0,0,regulator > [alpha] > regulator
NZ_JAQOTI010000002.1:489988-491014:-1,WP_047472358.1,PO605_RS04750,,aromatic ring-hydroxylating dioxygenase subunit alpha,1_104_VanA,1,108.4,0.4915,2.9e-31,NZ_JAQOTI010000002.1,489988,491014,-1,Delftia sp. DT-2,Bacteria; Pseudomonadati; Pseudomonadota; Betaproteobacteria; Burkholderiales; Comamonadaceae; Delftia,0,1_104_VanA#11,core,0.8942,0,0,0,0,reductase > regulator > reductase > other > dehydrogenase > other > transporter > transposon > [alpha] > reductase
NZ_JARRAD010000001.1:38712-39777:1,WP_289659897.1,P8H29_RS00200,,aromatic ring-hydroxylating dioxygenase subunit alpha,1_104_VanA,1,649.2,0.983,1.1e-195,NZ_JARRAD010000001.1,38712,39777,1,Pandoraea communis,Bacteria; Pseudomonadati; Pseudomonadota; Betaproteobacteria; Burkholderiales; Burkholderiaceae; Pandoraea,0,1_104_VanA#0,core,0.6687,0,0,0,0,regulator > [alpha] > reductase
NZ_JAPKHY010000001.1:913346-914444:-1,WP_093634294.1,OSB78_RS04180,,aromatic ring-hydroxylating dioxygenase subunit alpha,1_104_VanA,1,119.5,0.4858,1.2e-34,NZ_JAPKHY010000001.1,913346,914444,-1,Paraburkholderia aspalathi,Bacteria; Pseudomonadati; Pseudomonadota; Betaproteobacteria; Burkholderiales; Burkholderiaceae; Paraburkholderia,0,1_104_VanA#1,core,0.8675,2,0,1,1,ferredoxin > transposon > [alpha] > reductase > other > hydrolase > regulator > reductase > other > dehydrogenase > dehydrogenase > other > reductase
NZ_JARRYG010000002.1:69416-70457:-1,WP_129466520.1,P7V44_RS02085,,aromatic ring-hydroxylating dioxygenase subunit alpha,1_104_VanA,1,99.0,0.4801,2.2e-28,NZ_JARRYG010000002.1,69416,70457,-1,Providencia huashanensis,Bacteria; Pseudomonadati; Pseudomonadota; Gammaproteobacteria; Enterobacterales; Morganellaceae; Providencia,0,1_104_VanA#3,core,0.7235,2,0,1,1,ferredoxin > transposon > [alpha] > reductase > regulator > other > reductase > transporter > other > hydrolase > reductase > dehydrogenase > dehydrogenase > other
NZ_JAUEHS010000021.1:64825-65869:1,WP_049616084.1,QVN77_RS13905,,aromatic ring-hydroxylating dioxygenase subunit alpha,1_104_VanA,1,99.6,0.4801,1.4e-28,NZ_JAUEHS010000021.1,64825,65869,1,Yersinia rohdei,Bacteria; Pseudomonadati; Pseudomonadota; Gammaproteobacteria; Enterobacterales; Yersiniaceae; Yersinia,0,1_104_VanA#3,core,0.7643,2,0,1,1,ferredoxin > transposon > [alpha] > reductase > regulator > other > reductase > transporter > other > hydrolase > reductase > dehydrogenase > dehydrogenase > other
NZ_JAUJPW010000005.1:230713-231757:1,WP_006766673.1,QZL92_RS08340,,aromatic ring-hydroxylating dioxygenase subunit alpha,1_104_VanA,1,680.5,0.9773,3.3e-205,NZ_JAUJPW010000005.1,230713,231757,1,Burkholderia dolosa,Bacteria; Pseudomonadati; Pseudomonadota; Betaproteobacteria; Burkholderiales; Burkholderiaceae; Burkholderia; Burkholderia cepacia complex,0,1_104_VanA#0,core,0.9686,0,0,0,0,regulator > [alpha] > reductase
NZ_JASCAI010000001.1:150593-151661:1,WP_282495616.1,QLG01_RS00785,,aromatic ring-hydroxylating dioxygenase subunit alpha,1_104_VanA,1,109.1,0.4886,1.8e-31,NZ_JASCAI010000001.1,150593,151661,1,Acinetobacter sp. V89_4,Bacteria; Pseudomonadati; Pseudomonadota; Gammaproteobacteria; Moraxellales; Moraxellaceae; Acinetobacter,0,1_104_VanA#4,core,0.9246,2,0,1,1,ferredoxin > transposon > [alpha] > reductase > other > reductase > transporter > other > hydrolase > reductase > dehydrogenase > dehydrogenase > other
NZ_JASCAI010000001.1:340555-341632:-1,WP_282495687.1,QLG01_RS01620,,aromatic ring-hydroxylating dioxygenase subunit alpha,1_104_VanA,1,695.3,0.9858,1e-209,NZ_JASCAI010000001.1,340555,341632,-1,Acinetobacter sp. V89_4,Bacteria; Pseudomonadati; Pseudomonadota; Gammaproteobacteria; Moraxellales; Moraxellaceae; Acinetobacter,0,1_104_VanA#0,core,0.9906,0,0,0,0,[alpha] > reductase
NZ_JAUTCF010000021.1:78696-79764:-1,WP_016487581.1,Q7L29_RS24210,,aromatic ring-hydroxylating dioxygenase subunit alpha,1_104_VanA,1,770.2,0.9972,1.8e-232,NZ_JAUTCF010000021.1,78696,79764,-1,Pseudomonas putida,Bacteria; Pseudomonadati; Pseudomonadota; Gammaproteobacteria; Pseudomonadales; Pseudomonadaceae; Pseudomonas,0,1_104_VanA#0,core,0.8868,0,0,0,0,[alpha] > reductase
NZ_JAUYZV010000019.1:81661-82750:-1,WP_318226191.1,Q8F57_RS16840,,aromatic ring-hydroxylating dioxygenase subunit alpha,1_104_VanA,1,113.7,0.4858,7.3e-33,NZ_JAUYZV010000019.1,81661,82750,-1,Paraburkholderia terrae,Bacteria; Pseudomonadati; Pseudomonadota; Betaproteobacteria; Burkholderiales; Burkholderiaceae; Paraburkholderia,0,1_104_VanA#1,core,0.8579,2,0,1,1,ferredoxin > transposon > [alpha] > reductase > other > hydrolase > regulator > reductase > other > dehydrogenase > dehydrogenase > other > reductase
NZ_JAVDRO010000006.1:437400-438504:-1,WP_310109948.1,J2803_RS21780,,aromatic ring-hydroxylating dioxygenase subunit alpha,1_104_VanA,1,119.3,0.4858,1.4e-34,NZ_JAVDRO010000006.1,437400,438504,-1,Paraburkholderia phenoliruptrix,Bacteria; Pseudomonadati; Pseudomonadota; Betaproteobacteria; Burkholderiales; Burkholderiaceae; Paraburkholderia,0,1_104_VanA#1,core,0.8224,2,0,1,1,ferredoxin > transposon > [alpha] > reductase > other > hydrolase > regulator > reductase > other > dehydrogenase > dehydrogenase > other > reductase
NZ_JAVMJM010000237.1:1079-2138:1,WP_059314320.1,VFK83_RS21820,,aromatic ring-hydroxylating dioxygenase subunit alpha,1_104_VanA,1,719.7,0.9773,4e-217,NZ_JAVMJM010000237.1,1079,2138,1,Pseudomonas oryzihabitans,Bacteria; Pseudomonadati; Pseudomonadota; Gammaproteobacteria; Pseudomonadales; Pseudomonadaceae; Pseudomonas,0,1_104_VanA#0,core,0.827,0,0,0,0,[alpha] > reductase
NZ_JAVA01000029.1:243911-244979:1,WP_015603807.1,AHF07_RS11265,,aromatic ring-hydroxylating dioxygenase subunit alpha,1_104_VanA,1,114.9,0.4858,3e-33,NZ_JAVA01000029.1,243911,244979,1,Burkholderia humptydooensis,Bacteria; Pseudomonadati; Pseudomonadota; Betaproteobacteria; Burkholderiales; Burkholderiaceae; Burkholderia; pseudomallei group,0,1_104_VanA#1,core,0.8268,2,0,1,1,ferredoxin > transposon > [alpha] > reductase > other > hydrolase > regulator > reductase > other > dehydrogenase > dehydrogenase > other > reductase
NZ_JAVKFB010000053.1:81228-82275:1,WP_074838000.1,RIF43_RS19195,,aromatic ring-hydroxylating dioxygenase subunit alpha,1_104_VanA,1,104.7,0.4545,3.9e-30,NZ_JAVKFB010000053.1,81228,82275,1,Marinovum algicola,Bacteria; Pseudomonadati; Pseudomonadota; Alphaproteobacteria; Rhodobacterales; Roseobacteraceae; Marinovum,0,1_104_VanA#17,divergent,0.4032,1,0,0,1,transposon > transporter > transporter > transporter > [alpha] > reductase > hydrolase > other > reductase > other > dehydrogenase > dehydrogenase > reductase > other > other
NZ_JAVLSM010000003.1:136997-138047:-1,WP_039787802.1,RI046_RS06140,,aromatic ring-hydroxylating dioxygenase subunit alpha,1_104_VanA,1,105.3,0.4886,2.6e-30,NZ_JAVLSM010000003.1,136997,138047,-1,Herbaspirillum huttiense,Bacteria; Pseudomonadati; Pseudomonadota; Betaproteobacteria; Burkholderiales; Oxalobacteraceae; Herbaspirillum,0,1_104_VanA#16,core,0.75,0,0,0,0,reductase > other > hydrolase > regulator > reductase > other > dehydrogenase > dehydrogenase > other > reductase > hypothetical > transposon > [alpha] > other > reductase
NZ_JAWHOP010000001.1:226263-227328:1,WP_122281017.1,RYC17_RS00525,,aromatic ring-hydroxylating dioxygenase subunit alpha,1_104_VanA,1,744.9,0.9886,8.7e-225,NZ_JAWHOP010000001.1,226263,227328,1,Pseudomonas syringae group sp. J248-6,Bacteria; Pseudomonadati; Pseudomonadota; Gammaproteobacteria; Pseudomonadales; Pseudomonadaceae; Pseudomonas,0,1_104_VanA#0,core,0.931,0,0,0,0,regulator > [alpha] > reductase
NZ_JAWPBP010000004.1:274566-275589:1,WP_004125117.1,RYZ49_RS07610,,aromatic ring-hydroxylating dioxygenase subunit alpha,1_104_VanA,1,110.5,0.4744,6.7e-32,NZ_JAWPBP010000004.1,274566,275589,1,Klebsiella pasteurii,Bacteria; Pseudomonadati; Pseudomonadota; Gammaproteobacteria; Enterobacterales; Enterobacteriaceae; Klebsiella/Raoultella group; Klebsiella,0,1_104_VanA#3,core,0.9228,2,0,1,1,ferredoxin > transposon > [alpha] > reductase > regulator > other > reductase > transporter > other > hydrolase > reductase > dehydrogenase > dehydrogenase > other
NZ_JAXABL010000001.1:72641-73664:1,WP_087828541.1,SJ325_RS00410,,aromatic ring-hydroxylating dioxygenase subunit alpha,1_104_VanA,1,110.1,0.4744,9.1e-32,NZ_JAXABL010000001.1,72641,73664,1,Klebsiella pasteurii,Bacteria; Pseudomonadati; Pseudomonadota; Gammaproteobacteria; Enterobacterales; Enterobacteriaceae; Klebsiella/Raoultella group; Klebsiella,0,1_104_VanA#3,core,0.9195,2,0,1,1,ferredoxin > transposon > [alpha] > reductase > regulator > other > reductase > transporter > other > hydrolase > reductase > dehydrogenase > dehydrogenase > other
NZ_JAXADY010000004.1:126736-127759:-1,WP_022651825.1,SJ348_RS11220,,aromatic ring-hydroxylating dioxygenase subunit alpha,1_104_VanA,1,107.1,0.4744,7.4e-31,NZ_JAXADY010000004.1,126736,127759,-1,Enterobacter sp. CRENT-193,Bacteria; Pseudomonadati; Pseudomonadota; Gammaproteobacteria; Enterobacterales; Enterobacteriaceae; Enterobacter,0,1_104_VanA#3,core,0.94,2,0,1,1,ferredoxin > transposon > [alpha] > reductase > regulator > other > reductase > transporter > other > hydrolase > reductase > dehydrogenase > dehydrogenase > other
NZ_JAXAWG010000004.1:52173-53241:1,WP_004794035.1,SLK19_RS05315,,aromatic ring-hydroxylating dioxygenase subunit alpha,1_104_VanA,1,110.1,0.4744,8.6e-32,NZ_JAXAWG010000004.1,52173,53241,1,Acinetobacter pittii,Bacteria; Pseudomonadati; Pseudomonadota; Gammaproteobacteria; Moraxellales; Moraxellaceae; Acinetobacter; Acinetobacter calcoaceticus/baumannii complex,0,1_104_VanA#4,core,0.9365,2,0,1,1,ferredoxin > transposon > [alpha] > reductase > other > reductase > transporter > other > hydrolase > reductase > dehydrogenase > dehydrogenase > other
NZ_JAXAWG010000004.1:234845-235922:-1,WP_182917463.1,SLK19_RS06160,,aromatic ring-hydroxylating dioxygenase subunit alpha,1_104_VanA,1,696.8,0.983,3.8e-210,NZ_JAXAWG010000004.1,234845,235922,-1,Acinetobacter pittii,Bacteria; Pseudomonadati; Pseudomonadota; Gammaproteobacteria; Moraxellales; Moraxellaceae; Acinetobacter; Acinetobacter calcoaceticus/baumannii complex,0,1_104_VanA#0,core,0.9937,0,0,0,0,[alpha] > reductase
NZ_JBCDPT010000050.1:4575-5652:1,WP_004990795.1,AAFW91_RS03615,,aromatic ring-hydroxylating dioxygenase subunit alpha,1_104_VanA,1,687.4,0.9801,2.7e-207,NZ_JBCDPT010000050.1,4575,5652,1,Acinetobacter ursingii,Bacteria; Pseudomonadati; Pseudomonadota; Gammaproteobacteria; Moraxellales; Moraxellaceae; Acinetobacter,0,1_104_VanA#0,core,0.8704,0,0,0,0,[alpha] > reductase
NZ_JAZGUS010000005.1:102402-103530:1,WP_006370861.1,V3H80_RS02105,,aromatic ring-hydroxylating dioxygenase subunit alpha,1_104_VanA,1,318.6,0.9801,3.5e-95,NZ_JAZGUS010000005.1,102402,103530,1,Gordonia polyisoprenivorans,Bacteria; Bacillati; Actinomycetota; Actinomycetes; Mycobacteriales; Gordoniaceae; Gordonia,0,1_104_VanA#6,core,0.7837,0,0,0,0,[alpha] > reductase > transporter
NZ_JBBCRU010000002.1:177072-178140:1,WP_054905548.1,WFM08_RS02450,,aromatic ring-hydroxylating dioxygenase subunit alpha,1_104_VanA,1,764.3,0.9972,1.1e-230,NZ_JBBCRU010000002.1,177072,178140,1,Pseudomonas juntendi,Bacteria; Pseudomonadati; Pseudomonadota; Gammaproteobacteria; Pseudomonadales; Pseudomonadaceae; Pseudomonas,0,1_104_VanA#0,core,0.8438,0,0,0,0,[alpha] > reductase
NZ_JBBBYN010000002.1:22759-23782:1,WP_041908333.1,V5027_RS05065,,aromatic ring-hydroxylating dioxygenase subunit alpha,1_104_VanA,1,108.0,0.4744,4e-31,NZ_JBBBYN010000002.1,22759,23782,1,Enterobacter bugandensis,Bacteria; Pseudomonadati; Pseudomonadota; Gammaproteobacteria; Enterobacterales; Enterobacteriaceae; Enterobacter,0,1_104_VanA#3,core,0.91,2,0,1,1,ferredoxin > transposon > [alpha] > reductase > regulator > other > reductase > transporter > other > hydrolase > reductase > dehydrogenase > dehydrogenase > other
NZ_JBCNNE010000005.1:380925-381975:1,WP_034338505.1,ABDW51_RS13160,,aromatic ring-hydroxylating dioxygenase subunit alpha,1_104_VanA,1,105.5,0.4886,2.3e-30,NZ_JBCNNE010000005.1,380925,381975,1,Herbaspirillum huttiense,Bacteria; Pseudomonadati; Pseudomonadota; Betaproteobacteria; Burkholderiales; Oxalobacteraceae; Herbaspirillum,0,1_104_VanA#16,core,0.7451,0,0,0,0,reductase > other > hydrolase > regulator > reductase > other > dehydrogenase > dehydrogenase > other > reductase > hypothetical > transposon > [alpha] > other > reductase
NZ_JBCNNE010000007.1:270286-271336:1,WP_034336186.1,ABDW51_RS16965,,aromatic ring-hydroxylating dioxygenase subunit alpha,1_104_VanA,1,745.0,0.983,7.9e-225,NZ_JBCNNE010000007.1,270286,271336,1,Herbaspirillum huttiense,Bacteria; Pseudomonadati; Pseudomonadota; Betaproteobacteria; Burkholderiales; Oxalobacteraceae; Herbaspirillum,0,1_104_VanA#0,core,0.8428,0,0,0,0,[alpha] > reductase > transporter
NZ_JBCGUI010000006.1:3023-4073:-1,WP_039787802.1,AADA03_RS13035,,aromatic ring-hydroxylating dioxygenase subunit alpha,1_104_VanA,1,105.3,0.4886,2.6e-30,NZ_JBCGUI010000006.1,3023,4073,-1,Herbaspirillum huttiense NC40101,Bacteria; Pseudomonadati; Pseudomonadota; Betaproteobacteria; Burkholderiales; Oxalobacteraceae; Herbaspirillum,0,1_104_VanA#16,core,0.75,0,0,0,0,reductase > other > hydrolase > regulator > reductase > other > dehydrogenase > dehydrogenase > other > reductase > hypothetical > transposon > [alpha] > other > reductase
NZ_JBCGUI010000035.1:8514-9564:1,WP_034336186.1,AADA03_RS29425,,aromatic ring-hydroxylating dioxygenase subunit alpha,1_104_VanA,1,745.0,0.983,7.9e-225,NZ_JBCGUI010000035.1,8514,9564,1,Herbaspirillum huttiense NC40101,Bacteria; Pseudomonadati; Pseudomonadota; Betaproteobacteria; Burkholderiales; Oxalobacteraceae; Herbaspirillum,0,1_104_VanA#0,core,0.8428,0,0,0,0,[alpha] > reductase > transporter
NZ_JAZEXS010000008.1:42000-43068:1,WP_004641722.1,WA233_RS07420,,aromatic ring-hydroxylating dioxygenase subunit alpha,1_104_VanA,1,109.5,0.4744,1.3e-31,NZ_JAZEXS010000008.1,42000,43068,1,Acinetobacter calcoaceticus,Bacteria; Pseudomonadati; Pseudomonadota; Gammaproteobacteria; Moraxellales; Moraxellaceae; Acinetobacter; Acinetobacter calcoaceticus/baumannii complex,0,1_104_VanA#4,core,0.9363,2,0,1,1,ferredoxin > transposon > [alpha] > reductase > other > reductase > transporter > other > hydrolase > reductase > dehydrogenase > dehydrogenase > other
NZ_JAZEZJ010000004.1:53229-54306:-1,WP_004996183.1,WA251_RS05230,,aromatic ring-hydroxylating dioxygenase subunit alpha,1_104_VanA,1,689.7,0.9858,5.1e-208,NZ_JAZEZJ010000004.1,53229,54306,-1,Acinetobacter ursingii,Bacteria; Pseudomonadati; Pseudomonadota; Gammaproteobacteria; Moraxellales; Moraxellaceae; Acinetobacter,0,1_104_VanA#0,core,0.8742,0,0,0,0,[alpha] > reductase
NZ_JAZEZJ010000004.1:59684-60737:1,WP_004996193.1,WA251_RS05260,,aromatic ring-hydroxylating dioxygenase subunit alpha,1_104_VanA,1,109.8,0.4858,1.1e-31,NZ_JAZEZJ010000004.1,59684,60737,1,Acinetobacter ursingii,Bacteria; Pseudomonadati; Pseudomonadota; Gammaproteobacteria; Moraxellales; Moraxellaceae; Acinetobacter,0,1_104_VanA#30,core,0.8611,2,0,1,1,ferredoxin > transposon > [alpha] > reductase > other > reductase > transporter > other > hydrolase > reductase > dehydrogenase > dehydrogenase > other
NZ_JBDLAI010000015.1:100856-101948:1,WP_347143306.1,ABFP44_RS19105,,aromatic ring-hydroxylating dioxygenase subunit alpha,1_104_VanA,1,121.9,0.4858,2.3e-35,NZ_JBDLAI010000015.1,100856,101948,1,Paraburkholderia terricola,Bacteria; Pseudomonadati; Pseudomonadota; Betaproteobacteria; Burkholderiales; Burkholderiaceae; Paraburkholderia,0,1_104_VanA#1,core,0.8383,2,0,1,1,ferredoxin > transposon > [alpha] > reductase > other > hydrolase > regulator > reductase > other > dehydrogenase > dehydrogenase > other > reductase
NZ_JBEADR010000001.1:111982-113059:-1,WP_282471069.1,ABLT94_RS00425,,aromatic ring-hydroxylating dioxygenase subunit alpha,1_104_VanA,1,682.5,0.9773,8.1e-206,NZ_JBEADR010000001.1,111982,113059,-1,Acinetobacter soli,Bacteria; Pseudomonadati; Pseudomonadota; Gammaproteobacteria; Moraxellales; Moraxellaceae; Acinetobacter,0,1_104_VanA#0,core,0.9177,0,0,0,0,[alpha] > reductase
NZ_JBEADR010000001.1:118173-119226:1,WP_004935879.1,ABLT94_RS00455,,aromatic ring-hydroxylating dioxygenase subunit alpha,1_104_VanA,1,104.9,0.4858,3.4e-30,NZ_JBEADR010000001.1,118173,119226,1,Acinetobacter soli,Bacteria; Pseudomonadati; Pseudomonadota; Gammaproteobacteria; Moraxellales; Moraxellaceae; Acinetobacter,0,1_104_VanA#30,core,0.7984,2,0,1,1,ferredoxin > transposon > [alpha] > reductase > other > reductase > transporter > other > hydrolase > reductase > dehydrogenase > dehydrogenase > other
NZ_JEWG01000008.1:73548-74625:1,WP_017386389.1,J507_RS10925,,aromatic ring-hydroxylating dioxygenase subunit alpha,1_104_VanA,1,693.4,0.9858,4e-209,NZ_JEWG01000008.1,73548,74625,1,Acinetobacter sp. 1295259,Bacteria; Pseudomonadati; Pseudomonadota; Gammaproteobacteria; Moraxellales; Moraxellaceae; Acinetobacter; Acinetobacter calcoaceticus/baumannii complex,0,1_104_VanA#0,core,0.9843,0,0,0,0,[alpha] > reductase
NZ_JEWG01000017.1:46157-47225:-1,WP_017387110.1,J507_RS14830,,aromatic ring-hydroxylating dioxygenase subunit alpha,1_104_VanA,1,110.2,0.4744,8.3e-32,NZ_JEWG01000017.1,46157,47225,-1,Acinetobacter sp. 1295259,Bacteria; Pseudomonadati; Pseudomonadota; Gammaproteobacteria; Moraxellales; Moraxellaceae; Acinetobacter; Acinetobacter calcoaceticus/baumannii complex,0,1_104_VanA#4,core,0.9405,2,0,1,1,ferredoxin > transposon > [alpha] > reductase > other > reductase > transporter > other > hydrolase > reductase > dehydrogenase > dehydrogenase > other
NZ_JBEBOD010000051.1:2928-4005:1,WP_003051091.1,ABWQ02_RS23025,,aromatic ring-hydroxylating dioxygenase subunit alpha,1_104_VanA,1,669.4,0.9773,7.7e-202,NZ_JBEBOD010000051.1,2928,4005,1,Comamonas testosteroni,Bacteria; Pseudomonadati; Pseudomonadota; Betaproteobacteria; Burkholderiales; Comamonadaceae; Comamonas,0,1_104_VanA#0,core,0.8858,0,0,0,0,regulator > [alpha] > regulator
NZ_JBEBOK010000002.1:27249-28320:1,WP_124828368.1,ABWQ11_RS02155,,aromatic ring-hydroxylating dioxygenase subunit alpha,1_104_VanA,1,124.5,0.4858,3.7e-36,NZ_JBEBOK010000002.1,27249,28320,1,Burkholderia anthina,Bacteria; Pseudomonadati; Pseudomonadota; Betaproteobacteria; Burkholderiales; Burkholderiaceae; Burkholderia; Burkholderia cepacia complex,0,1_104_VanA#1,core,0.9734,2,0,1,1,ferredoxin > transposon > [alpha] > reductase > other > hydrolase > regulator > reductase > other > dehydrogenase > dehydrogenase > other > reductase
NZ_JEWH01000016.1:23907-24984:1,WP_000470071.1,J512_RS13295,,aromatic ring-hydroxylating dioxygenase subunit alpha,1_104_VanA,1,698.8,0.983,9e-211,NZ_JEWH01000016.1,23907,24984,1,Acinetobacter baumannii 1295743,Bacteria; Pseudomonadati; Pseudomonadota; Gammaproteobacteria; Moraxellales; Moraxellaceae; Acinetobacter; Acinetobacter calcoaceticus/baumannii complex,0,1_104_VanA#0,core,0.9969,0,0,0,0,[alpha] > reductase
NZ_JEWR01000005.1:85960-87028:1,WP_000991783.1,J545_RS09740,,aromatic ring-hydroxylating dioxygenase subunit alpha,1_104_VanA,1,109.9,0.483,1e-31,NZ_JEWR01000005.1,85960,87028,1,Acinetobacter baumannii 1462234,Bacteria; Pseudomonadati; Pseudomonadota; Gammaproteobacteria; Moraxellales; Moraxellaceae; Acinetobacter; Acinetobacter calcoaceticus/baumannii complex,0,1_104_VanA#4,core,1.0,2,0,1,1,ferredoxin > transposon > [alpha] > reductase > other > reductase > transporter > other > hydrolase > reductase > dehydrogenase > dehydrogenase > other
NZ_JEWU01000033.1:2154-3231:-1,WP_002163172.1,J551_RS18640,,aromatic ring-hydroxylating dioxygenase subunit alpha,1_104_VanA,1,691.2,0.9801,1.8e-208,NZ_JEWU01000033.1,2154,3231,-1,Acinetobacter sp. 1475718,Bacteria; Pseudomonadati; Pseudomonadota; Gammaproteobacteria; Moraxellales; Moraxellaceae; Acinetobacter; Acinetobacter calcoaceticus/baumannii complex,0,1_104_VanA#0,core,0.9843,0,0,0,0,[alpha] > reductase
NZ_JEWU01000005.1:95945-97013:1,WP_005070727.1,J551_RS09530,,aromatic ring-hydroxylating dioxygenase subunit alpha,1_104_VanA,1,110.2,0.4744,8.2e-32,NZ_JEWU01000005.1,95945,97013,1,Acinetobacter sp. 1475718,Bacteria; Pseudomonadati; Pseudomonadota; Gammaproteobacteria; Moraxellales; Moraxellaceae; Acinetobacter; Acinetobacter calcoaceticus/baumannii complex,0,1_104_VanA#4,core,0.9405,2,0,1,1,ferredoxin > transposon > [alpha] > reductase > other > reductase > transporter > other > hydrolase > reductase > dehydrogenase > dehydrogenase > other
NZ_JEXG01000031.1:16656-17724:-1,WP_017387110.1,J536_RS18960,,aromatic ring-hydroxylating dioxygenase subunit alpha,1_104_VanA,1,110.2,0.4744,8.3e-32,NZ_JEXG01000031.1,16656,17724,-1,Acinetobacter sp. 809848,Bacteria; Pseudomonadati; Pseudomonadota; Gammaproteobacteria; Moraxellales; Moraxellaceae; Acinetobacter; Acinetobacter calcoaceticus/baumannii complex,0,1_104_VanA#4,core,0.9405,2,0,1,1,ferredoxin > transposon > [alpha] > reductase > other > reductase > transporter > other > hydrolase > reductase > dehydrogenase > dehydrogenase > other
NZ_JEXG01000044.1:3046-4123:1,WP_032063900.1,J536_RS21390,,aromatic ring-hydroxylating dioxygenase subunit alpha,1_104_VanA,1,697.6,0.9858,2.2e-210,NZ_JEXG01000044.1,3046,4123,1,Acinetobacter sp. 809848,Bacteria; Pseudomonadati; Pseudomonadota; Gammaproteobacteria; Moraxellales; Moraxellaceae; Acinetobacter; Acinetobacter calcoaceticus/baumannii complex,0,1_104_VanA#0,core,0.9875,0,0,0,0,[alpha] > reductase
NZ_JEXJ01000028.1:38459-39527:1,WP_000991783.1,J529_RS16370,,aromatic ring-hydroxylating dioxygenase subunit alpha,1_104_VanA,1,109.9,0.483,1e-31,NZ_JEXJ01000028.1,38459,39527,1,Acinetobacter baumannii 99063,Bacteria; Pseudomonadati; Pseudomonadota; Gammaproteobacteria; Moraxellales; Moraxellaceae; Acinetobacter; Acinetobacter calcoaceticus/baumannii complex,0,1_104_VanA#4,core,1.0,2,0,1,1,ferredoxin > transposon > [alpha] > reductase > other > reductase > transporter
NZ_JEXD01000001.1:93321-94389:-1,WP_000991783.1,J506_RS05735,,aromatic ring-hydroxylating dioxygenase subunit alpha,1_104_VanA,1,109.9,0.483,1e-31,NZ_JEXD01000001.1,93321,94389,-1,Acinetobacter baumannii 625974,Bacteria; Pseudomonadati; Pseudomonadota; Gammaproteobacteria; Moraxellales; Moraxellaceae; Acinetobacter; Acinetobacter calcoaceticus/baumannii complex,0,1_104_VanA#4,core,1.0,2,0,1,1,ferredoxin > transposon > [alpha] > reductase > other > reductase > transporter > other > hydrolase > reductase > dehydrogenase > dehydrogenase > other
NZ_JEZN01000004.1:112104-113157:-1,WP_034698593.1,J500_RS05315,,aromatic ring-hydroxylating dioxygenase subunit alpha,1_104_VanA,1,109.8,0.4858,1.1e-31,NZ_JEZN01000004.1,112104,113157,-1,Acinetobacter sp. 479375,Bacteria; Pseudomonadati; Pseudomonadota; Gammaproteobacteria; Moraxellales; Moraxellaceae; Acinetobacter; Acinetobacter calcoaceticus/baumannii complex,0,1_104_VanA#4,core,0.8741,2,0,1,1,ferredoxin > transposon > [alpha] > reductase > other > reductase > transporter > other > hydrolase > reductase > dehydrogenase > dehydrogenase > other
NZ_JEZN01000004.1:118532-119609:1,WP_034698597.1,J500_RS05345,,aromatic ring-hydroxylating dioxygenase subunit alpha,1_104_VanA,1,689.6,0.9858,5.9e-208,NZ_JEZN01000004.1,118532,119609,1,Acinetobacter sp. 479375,Bacteria; Pseudomonadati; Pseudomonadota; Gammaproteobacteria; Moraxellales; Moraxellaceae; Acinetobacter; Acinetobacter calcoaceticus/baumannii complex,0,1_104_VanA#0,core,0.8804,0,0,0,0,[alpha] > reductase
NZ_JEYA01000002.1:217387-218464:1,WP_032004060.1,J580_RS10035,,aromatic ring-hydroxylating dioxygenase subunit alpha,1_104_VanA,1,695.4,0.9858,1e-209,NZ_JEYA01000002.1,217387,218464,1,Acinetobacter sp. 1542444,Bacteria; Pseudomonadati; Pseudomonadota; Gammaproteobacteria; Moraxellales; Moraxellaceae; Acinetobacter; Acinetobacter calcoaceticus/baumannii complex,0,1_104_VanA#0,core,0.9843,0,0,0,0,[alpha] > reductase
NZ_JEYA01000002.1:406105-407173:-1,WP_017387110.1,J580_RS10855,,aromatic ring-hydroxylating dioxygenase subunit alpha,1_104_VanA,1,110.2,0.4744,8.3e-32,NZ_JEYA01000002.1,406105,407173,-1,Acinetobacter sp. 1542444,Bacteria; Pseudomonadati; Pseudomonadota; Gammaproteobacteria; Moraxellales; Moraxellaceae; Acinetobacter; Acinetobacter calcoaceticus/baumannii complex,0,1_104_VanA#4,core,0.9405,2,0,1,1,ferredoxin > transposon > [alpha] > reductase > other > reductase > transporter > other > hydrolase > reductase > dehydrogenase > dehydrogenase > other
NZ_JFEL02000002.1:248966-250034:1,WP_002117507.1,J622_RS04505,,aromatic ring-hydroxylating dioxygenase subunit alpha,1_104_VanA,1,110.1,0.4688,8.8e-32,NZ_JFEL02000002.1,248966,250034,1,Acinetobacter sp. 1564232,Bacteria; Pseudomonadati; Pseudomonadota; Gammaproteobacteria; Moraxellales; Moraxellaceae; Acinetobacter; Acinetobacter calcoaceticus/baumannii complex,0,1_104_VanA#4,core,0.9405,2,0,1,1,ferredoxin > transposon > [alpha] > reductase > other > reductase > transporter > other > hydrolase > reductase > dehydrogenase > dehydrogenase > other
NZ_JFEL02000002.1:439653-440730:-1,WP_002163172.1,J622_RS05360,,aromatic ring-hydroxylating dioxygenase subunit alpha,1_104_VanA,1,691.2,0.9801,1.8e-208,NZ_JFEL02000002.1,439653,440730,-1,Acinetobacter sp. 1564232,Bacteria; Pseudomonadati; Pseudomonadota; Gammaproteobacteria; Moraxellales; Moraxellaceae; Acinetobacter; Acinetobacter calcoaceticus/baumannii complex,0,1_104_VanA#0,core,0.9843,0,0,0,0,[alpha] > reductase
NZ_JFJV02000035.1:74460-75528:-1,WP_035860628.1,CF70_RS03925,,aromatic ring-hydroxylating dioxygenase subunit alpha,1_104_VanA,1,108.8,0.4858,2.3e-31,NZ_JFJV02000035.1,74460,75528,-1,Cupriavidus sp. SK-3,Bacteria; Pseudomonadati; Pseudomonadota; Betaproteobacteria; Burkholderiales; Burkholderiaceae; Cupriavidus,0,1_104_VanA#25,core,0.624,0,0,0,0,transposon > [alpha] > reductase > other > regulator > reductase > other > hypothetical > dehydrogenase > dehydrogenase > other > reductase
NZ_JFJW01000136.1:46821-47883:1,WP_035825055.1,CF68_RS27320,,aromatic ring-hydroxylating dioxygenase subunit alpha,1_104_VanA,1,114.4,0.4773,4.5e-33,NZ_JFJW01000136.1,46821,47883,1,Cupriavidus sp. SK-4,Bacteria; Pseudomonadati; Pseudomonadota; Betaproteobacteria; Burkholderiales; Burkholderiaceae; Cupriavidus,0,1_104_VanA#25,core,0.6024,0,0,0,0,transposon > [alpha] > reductase > other > regulator > reductase > other > hypothetical > dehydrogenase > dehydrogenase > other > reductase
NZ_JFYC01000017.1:47540-48617:-1,WP_014206162.1,J690_RS20440,,aromatic ring-hydroxylating dioxygenase subunit alpha,1_104_VanA,1,695.1,0.9858,1.2e-209,NZ_JFYC01000017.1,47540,48617,-1,Acinetobacter sp. 742879,Bacteria; Pseudomonadati; Pseudomonadota; Gammaproteobacteria; Moraxellales; Moraxellaceae; Acinetobacter; Acinetobacter calcoaceticus/baumannii complex,0,1_104_VanA#0,core,0.9906,0,0,0,0,[alpha] > reductase
NZ_JFXV01000008.1:22649-23717:-1,WP_005070727.1,J687_RS13265,,aromatic ring-hydroxylating dioxygenase subunit alpha,1_104_VanA,1,110.2,0.4744,8.2e-32,NZ_JFXV01000008.1,22649,23717,-1,Acinetobacter sp. 225588,Bacteria; Pseudomonadati; Pseudomonadota; Gammaproteobacteria; Moraxellales; Moraxellaceae; Acinetobacter; Acinetobacter calcoaceticus/baumannii complex,0,1_104_VanA#4,core,0.9405,2,0,1,1,ferredoxin > transposon > [alpha] > reductase > other > reductase > transporter > other > hydrolase > reductase > dehydrogenase > dehydrogenase > other
NZ_JFXG01000010.1:110302-111379:1,WP_032007122.1,J655_RS17245,,aromatic ring-hydroxylating dioxygenase subunit alpha,1_104_VanA,1,695.5,0.983,9.4e-210,NZ_JFXG01000010.1,110302,111379,1,Acinetobacter sp. 1294243,Bacteria; Pseudomonadati; Pseudomonadota; Gammaproteobacteria; Moraxellales; Moraxellaceae; Acinetobacter; Acinetobacter calcoaceticus/baumannii complex,0,1_104_VanA#0,core,0.9875,0,0,0,0,[alpha] > reductase
NZ_JFYL01000057.1:13366-14431:1,WP_035269112.1,CL42_RS12645,,aromatic ring-hydroxylating dioxygenase subunit alpha,1_104_VanA,1,692.8,0.9943,6.1e-209,NZ_JFYL01000057.1,13366,14431,1,Acinetobacter sp. Ver3,Bacteria; Pseudomonadati; Pseudomonadota; Gammaproteobacteria; Moraxellales; Moraxellaceae; Acinetobacter,0,1_104_VanA#0,core,0.7987,1,0,0,1,[alpha] > reductase
NZ_JFXV01000029.1:2271-3348:-1,WP_002163172.1,J687_RS20780,,aromatic ring-hydroxylating dioxygenase subunit alpha,1_104_VanA,1,691.2,0.9801,1.8e-208,NZ_JFXV01000029.1,2271,3348,-1,Acinetobacter sp. 225588,Bacteria; Pseudomonadati; Pseudomonadota; Gammaproteobacteria; Moraxellales; Moraxellaceae; Acinetobacter; Acinetobacter calcoaceticus/baumannii complex,0,1_104_VanA#0,core,0.9843,0,0,0,0,[alpha] > reductase
NZ_JFYC01000013.1:100214-101282:1,WP_032037462.1,J690_RS18805,,aromatic ring-hydroxylating dioxygenase subunit alpha,1_104_VanA,1,110.2,0.4716,8.2e-32,NZ_JFYC01000013.1,100214,101282,1,Acinetobacter sp. 742879,Bacteria; Pseudomonadati; Pseudomonadota; Gammaproteobacteria; Moraxellales; Moraxellaceae; Acinetobacter; Acinetobacter calcoaceticus/baumannii complex,0,1_104_VanA#4,core,0.8701,2,0,1,1,ferredoxin > transposon > [alpha] > reductase > other > reductase > transporter > other > hydrolase > reductase > dehydrogenase > dehydrogenase > other
NZ_JFYD01000009.1:63561-64638:1,WP_033851116.1,J663_RS16825,,aromatic ring-hydroxylating dioxygenase subunit alpha,1_104_VanA,1,695.4,0.9801,9.5e-210,NZ_JFYD01000009.1,63561,64638,1,Acinetobacter sp. 826659,Bacteria; Pseudomonadati; Pseudomonadota; Gammaproteobacteria; Moraxellales; Moraxellaceae; Acinetobacter; Acinetobacter calcoaceticus/baumannii complex,0,1_104_VanA#0,core,0.9874,0,0,0,0,[alpha] > reductase
NZ_JFXG01000006.1:118584-119652:-1,WP_032052486.1,J655_RS13490,,aromatic ring-hydroxylating dioxygenase subunit alpha,1_104_VanA,1,110.2,0.4744,8.1e-32,NZ_JFXG01000006.1,118584,119652,-1,Acinetobacter sp. 1294243,Bacteria; Pseudomonadati; Pseudomonadota; Gammaproteobacteria; Moraxellales; Moraxellaceae; Acinetobacter; Acinetobacter calcoaceticus/baumannii complex,0,1_104_VanA#4,core,0.9273,2,0,1,1,ferredoxin > transposon > [alpha] > reductase > other > reductase > transporter > other > hydrolase > reductase > dehydrogenase > dehydrogenase > other
NZ_JFYD01000002.1:343888-344956:1,WP_005070727.1,J663_RS06205,,aromatic ring-hydroxylating dioxygenase subunit alpha,1_104_VanA,1,110.2,0.4744,8.2e-32,NZ_JFYD01000002.1,343888,344956,1,Acinetobacter sp. 826659,Bacteria; Pseudomonadati; Pseudomonadota; Gammaproteobacteria; Moraxellales; Moraxellaceae; Acinetobacter; Acinetobacter calcoaceticus/baumannii complex,0,1_104_VanA#4,core,0.9405,2,0,1,1,ferredoxin > transposon > [alpha] > reductase > other > reductase > transporter > other > hydrolase > reductase > dehydrogenase > dehydrogenase > other
NZ_JFYX01000048.1:206513-207575:-1,WP_027603468.1,BW43_RS01745,,aromatic ring-hydroxylating dioxygenase subunit alpha,1_104_VanA,1,760.9,0.9943,1.2e-229,NZ_JFYX01000048.1,206513,207575,-1,Pseudomonas sp. RIT357,Bacteria; Pseudomonadati; Pseudomonadota; Gammaproteobacteria; Pseudomonadales; Pseudomonadaceae; Pseudomonas,0,1_104_VanA#0,core,0.9558,0,0,0,0,dehydrogenase > [alpha] > reductase
NZ_JGVW01000095.1:28348-29422:1,WP_038714501.1,LIG30_RS19085,,aromatic ring-hydroxylating dioxygenase subunit alpha,1_104_VanA,1,120.2,0.4858,7.6e-35,NZ_JGVW01000095.1,28348,29422,1,Burkholderia sp. lig30,Bacteria; Pseudomonadati; Pseudomonadota; Betaproteobacteria; Burkholderiales; Burkholderiaceae; Burkholderia,0,1_104_VanA#1,core,0.8278,2,0,1,1,ferredoxin > transposon > [alpha] > reductase > other > hydrolase > regulator > reductase > other > dehydrogenase > dehydrogenase > other > reductase
NZ_JH417873.1:334633-335656:1,WP_006818357.1,HMPREF0880_RS08640,,aromatic ring-hydroxylating dioxygenase subunit alpha,1_104_VanA,1,111.1,0.4773,4.5e-32,NZ_JH417873.1,334633,335656,1,Yokenella regensburgei ATCC 43003,Bacteria; Pseudomonadati; Pseudomonadota; Gammaproteobacteria; Enterobacterales; Enterobacteriaceae; Yokenella,0,1_104_VanA#3,core,0.8904,2,0,1,1,ferredoxin > transposon > [alpha] > reductase > regulator > other > reductase > transporter > other > hydrolase > reductase > dehydrogenase > dehydrogenase > other
NZ_JIAJ01000002.1:33079-34201:-1,WP_015399584.1,N904_RS0103225,,aromatic ring-hydroxylating dioxygenase subunit alpha,1_104_VanA,1,323.0,0.9688,1.7e-96,NZ_JIAJ01000002.1,33079,34201,-1,Corynebacterium halotolerans YIM 70093 = DSM 44683,Bacteria; Bacillati; Actinomycetota; Actinomycetes; Mycobacteriales; Corynebacteriaceae; Corynebacterium,0,1_104_VanA#6,core,0.8648,1,0,0,1,[alpha] > reductase > transporter
NZ_JMNM01000010.1:110468-111536:-1,WP_005019805.1,J577_RS08805,,aromatic ring-hydroxylating dioxygenase subunit alpha,1_104_VanA,1,110.3,0.4744,8e-32,NZ_JMNM01000010.1,110468,111536,-1,Acinetobacter sp. 263903-1,Bacteria; Pseudomonadati; Pseudomonadota; Gammaproteobacteria; Moraxellales; Moraxellaceae; Acinetobacter; Acinetobacter calcoaceticus/baumannii complex,0,1_104_VanA#4,core,0.9838,2,0,1,1,ferredoxin > transposon > [alpha] > reductase > other > reductase > transporter > other > hydrolase > reductase > dehydrogenase > dehydrogenase > other
NZ_JMNZ01000003.1:79247-80315:1,WP_032025171.1,J584_RS07625,,aromatic ring-hydroxylating dioxygenase subunit alpha,1_104_VanA,1,110.1,0.4744,9.2e-32,NZ_JMNZ01000003.1,79247,80315,1,Acinetobacter sp. 72431,Bacteria; Pseudomonadati; Pseudomonadota; Gammaproteobacteria; Moraxellales; Moraxellaceae; Acinetobacter; Acinetobacter calcoaceticus/baumannii complex,0,1_104_VanA#4,core,0.9365,2,0,1,1,ferredoxin > transposon > [alpha] > reductase > other > reductase > transporter > other > hydrolase > reductase > dehydrogenase > dehydrogenase > other
NZ_JMNZ01000128.1:2493-3570:-1,WP_002163172.1,J584_RS25315,,aromatic ring-hydroxylating dioxygenase subunit alpha,1_104_VanA,1,691.2,0.9801,1.8e-208,NZ_JMNZ01000128.1,2493,3570,-1,Acinetobacter sp. 72431,Bacteria; Pseudomonadati; Pseudomonadota; Gammaproteobacteria; Moraxellales; Moraxellaceae; Acinetobacter; Acinetobacter calcoaceticus/baumannii complex,0,1_104_VanA#0,core,0.9843,0,0,0,0,[alpha] > reductase
NZ_JMOA01000002.1:114094-115162:1,WP_000991783.1,J572_RS07275,,aromatic ring-hydroxylating dioxygenase subunit alpha,1_104_VanA,1,109.9,0.483,1e-31,NZ_JMOA01000002.1,114094,115162,1,Acinetobacter baumannii 1499986,Bacteria; Pseudomonadati; Pseudomonadota; Gammaproteobacteria; Moraxellales; Moraxellaceae; Acinetobacter; Acinetobacter calcoaceticus/baumannii complex,0,1_104_VanA#4,core,1.0,2,0,1,1,ferredoxin > transposon > [alpha] > reductase > other > reductase > transporter > other > hydrolase > reductase > dehydrogenase > dehydrogenase > other
NZ_JMOA01000012.1:33844-34921:-1,WP_000470071.1,J572_RS11990,,aromatic ring-hydroxylating dioxygenase subunit alpha,1_104_VanA,1,698.8,0.983,9e-211,NZ_JMOA01000012.1,33844,34921,-1,Acinetobacter baumannii 1499986,Bacteria; Pseudomonadati; Pseudomonadota; Gammaproteobacteria; Moraxellales; Moraxellaceae; Acinetobacter; Acinetobacter calcoaceticus/baumannii complex,0,1_104_VanA#0,core,0.9969,0,0,0,0,[alpha] > reductase
NZ_JMOD01000017.1:30006-31074:-1,WP_000991783.1,J596_RS12250,,aromatic ring-hydroxylating dioxygenase subunit alpha,1_104_VanA,1,109.9,0.483,1e-31,NZ_JMOD01000017.1,30006,31074,-1,Acinetobacter baumannii 21072,Bacteria; Pseudomonadati; Pseudomonadota; Gammaproteobacteria; Moraxellales; Moraxellaceae; Acinetobacter; Acinetobacter calcoaceticus/baumannii complex,0,1_104_VanA#4,core,1.0,1,0,1,0,ferredoxin > transposon > [alpha] > reductase > other
NZ_JMQN01000015.1:242313-243372:-1,WP_036184821.1,ADIMK_RS05740,,aromatic ring-hydroxylating dioxygenase subunit alpha,1_104_VanA,1,653.4,0.9773,5.6e-197,NZ_JMQN01000015.1,242313,243372,-1,Marinobacterium lacunae,Bacteria; Pseudomonadati; Pseudomonadota; Gammaproteobacteria; Oceanospirillales; Oceanospirillaceae; Marinobacterium,0,1_104_VanA#0,core,0.6887,0,0,0,0,[alpha] > reductase > transporter
NZ_JNCQ01000010.1:76582-77608:1,WP_016449104.1,LZC_RS11455,,aromatic ring-hydroxylating dioxygenase subunit alpha,1_104_VanA,1,111.8,0.4915,2.7e-32,NZ_JNCQ01000010.1,76582,77608,1,Delftia lacustris,Bacteria; Pseudomonadati; Pseudomonadota; Betaproteobacteria; Burkholderiales; Comamonadaceae; Delftia,0,1_104_VanA#11,core,0.9038,0,0,0,0,reductase > regulator > reductase > other > dehydrogenase > other > transporter > transposon > [alpha] > reductase > transporter > transporter
NZ_JNAH01000004.1:133060-134383:-1,WP_032524349.1,EU91_RS04635,,Rieske 2Fe-2S domain-containing protein,1_104_VanA,1,71.1,0.5341,6.4e-20,NZ_JNAH01000004.1,133060,134383,-1,Prochlorococcus marinus str. GP2,Bacteria; Bacillati; Cyanobacteriota; Cyanophyceae; Synechococcales; Prochlorococcaceae; Prochlorococcus,0,1_104_VanA#26,novel_candidate,0.2,0,0,0,0,[alpha] > transporter
NZ_JNAJ01000017.1:44286-45609:-1,WP_032514296.1,EU93_RS02230,,Rieske 2Fe-2S domain-containing protein,1_104_VanA,1,63.4,0.5369,1.4e-17,NZ_JNAJ01000017.1,44286,45609,-1,Prochlorococcus marinus str. MIT 9116,Bacteria; Bacillati; Cyanobacteriota; Cyanophyceae; Synechococcales; Prochlorococcaceae; Prochlorococcus,0,1_104_VanA#26,novel_candidate,0.2063,0,0,0,0,[alpha] > transporter
NZ_JNAL01000005.1:128110-129433:1,WP_032521513.1,EU95_RS07405,,Rieske 2Fe-2S domain-containing protein,1_104_VanA,1,67.2,0.483,9.8e-19,NZ_JNAL01000005.1,128110,129433,1,Prochlorococcus marinus str. MIT 9201,Bacteria; Bacillati; Cyanobacteriota; Cyanophyceae; Synechococcales; Prochlorococcaceae; Prochlorococcus,0,1_104_VanA#26,novel_candidate,0.2057,0,0,0,0,[alpha] > transporter > hypothetical
NZ_JNAM01000005.1:124871-126194:-1,WP_032526094.1,EU96_RS06930,,Rieske 2Fe-2S domain-containing protein,1_104_VanA,1,64.7,0.5341,5.8e-18,NZ_JNAM01000005.1,124871,126194,-1,Prochlorococcus marinus str. MIT 9302,Bacteria; Bacillati; Cyanobacteriota; Cyanophyceae; Synechococcales; Prochlorococcaceae; Prochlorococcus,0,1_104_VanA#32,novel_candidate,0.1963,0,0,0,0,[alpha] > transporter
NZ_JMQI01000074.1:65256-66288:1,WP_043787866.1,DV20_RS36240,,aromatic ring-hydroxylating dioxygenase subunit alpha,1_104_VanA,1,232.9,0.9489,4.1e-69,NZ_JMQI01000074.1,65256,66288,1,Amycolatopsis rifamycinica,Bacteria; Bacillati; Actinomycetota; Actinomycetes; Pseudonocardiales; Pseudonocardiaceae; Amycolatopsis,0,1_104_VanA#33,core,0.7639,1,0,0,1,hydrolase > other > regulator > [alpha] > hypothetical > reductase > hydrolase
NZ_JNNO01000004.1:61329-62376:1,WP_035097466.1,FF80_RS03185,,aromatic ring-hydroxylating dioxygenase subunit alpha,1_104_VanA,1,358.6,0.9773,2.4e-107,NZ_JNNO01000004.1,61329,62376,1,Devosia sp. LC5,Bacteria; Pseudomonadati; Pseudomonadota; Alphaproteobacteria; Hyphomicrobiales; Devosiaceae; Devosia,0,1_104_VanA#5,core,0.7267,0,0,0,0,[alpha] > regulator > reductase
NZ_JNAV01000004.1:153733-155068:-1,WP_036917564.1,EV06_RS04820,,Rieske 2Fe-2S domain-containing protein,1_104_VanA,1,64.1,0.4801,8.7e-18,NZ_JNAV01000004.1,153733,155068,-1,Prochlorococcus sp. MIT 0602,Bacteria; Bacillati; Cyanobacteriota; Cyanophyceae; Synechococcales; Prochlorococcaceae; Prochlorococcus,0,1_104_VanA#26,novel_candidate,0.2075,0,0,0,0,[alpha] > other
NZ_JNAO01000004.1:4056-5379:1,WP_032515171.1,EU98_RS07270,,Rieske (2Fe-2S) protein,1_104_VanA,1,69.2,0.483,2.5e-19,NZ_JNAO01000004.1,4056,5379,1,Prochlorococcus marinus str. MIT 9314,Bacteria; Bacillati; Cyanobacteriota; Cyanophyceae; Synechococcales; Prochlorococcaceae; Prochlorococcus,0,1_104_VanA#32,novel_candidate,0.1969,0,0,0,0,[alpha] > transporter > hypothetical > regulator > hypothetical
NZ_JNAR01000016.1:180986-182309:1,WP_032517013.1,EV01_RS02370,,Rieske (2Fe-2S) protein,1_104_VanA,1,69.0,0.4801,2.8e-19,NZ_JNAR01000016.1,180986,182309,1,Prochlorococcus marinus str. MIT 9401,Bacteria; Bacillati; Cyanobacteriota; Cyanophyceae; Synechococcales; Prochlorococcaceae; Prochlorococcus,0,1_104_VanA#32,novel_candidate,0.2019,0,0,0,0,[alpha] > transporter
NZ_JNAS01000001.1:125477-126800:-1,WP_032518819.1,EV02_RS07800,,Rieske (2Fe-2S) protein,1_104_VanA,1,67.7,0.4801,6.7e-19,NZ_JNAS01000001.1,125477,126800,-1,Prochlorococcus marinus str. SB,Bacteria; Bacillati; Cyanobacteriota; Cyanophyceae; Synechococcales; Prochlorococcaceae; Prochlorococcus,0,1_104_VanA#32,novel_candidate,0.1988,0,0,0,0,[alpha] > transporter
NZ_JNAU01000005.1:480573-481911:-1,WP_036902897.1,EV05_RS07500,,Rieske 2Fe-2S domain-containing protein,1_104_VanA,1,69.3,0.4773,2.3e-19,NZ_JNAU01000005.1,480573,481911,-1,Prochlorococcus sp. MIT 0601,Bacteria; Bacillati; Cyanobacteriota; Cyanophyceae; Synechococcales; Prochlorococcaceae; Prochlorococcus,0,1_104_VanA#26,novel_candidate,0.1981,0,0,0,0,[alpha] > other
NZ_JPGL01000018.1:26610-27684:-1,WP_031399110.1,GQ56_RS0113215,,aromatic ring-hydroxylating dioxygenase subunit alpha,1_104_VanA,1,124.1,0.4858,4.8e-36,NZ_JPGL01000018.1,26610,27684,-1,Burkholderia paludis,Bacteria; Pseudomonadati; Pseudomonadota; Betaproteobacteria; Burkholderiales; Burkholderiaceae; Burkholderia; Burkholderia cepacia complex,0,1_104_VanA#1,core,0.8927,2,0,1,1,ferredoxin > transposon > [alpha] > reductase > other > hydrolase > regulator > reductase > other > dehydrogenase > dehydrogenase > other > reductase
NZ_JPGL01000080.1:26254-27370:-1,WP_031403038.1,GQ56_RS0134800,,aromatic ring-hydroxylating dioxygenase subunit alpha,1_104_VanA,1,98.8,0.4659,2.4e-28,NZ_JPGL01000080.1,26254,27370,-1,Burkholderia paludis,Bacteria; Pseudomonadati; Pseudomonadota; Betaproteobacteria; Burkholderiales; Burkholderiaceae; Burkholderia; Burkholderia cepacia complex,0,1_104_VanA#7,core,0.9737,0,0,0,0,[alpha]
NZ_JPGM01000012.1:65827-66901:-1,WP_031399110.1,GQ57_RS09210,,aromatic ring-hydroxylating dioxygenase subunit alpha,1_104_VanA,1,124.1,0.4858,4.8e-36,NZ_JPGM01000012.1,65827,66901,-1,Burkholderia sp. MSh2,Bacteria; Pseudomonadati; Pseudomonadota; Betaproteobacteria; Burkholderiales; Burkholderiaceae; Burkholderia,0,1_104_VanA#1,core,0.8927,2,0,1,1,ferredoxin > transposon > [alpha] > reductase > other > hydrolase > regulator > reductase > other > dehydrogenase > dehydrogenase > other > reductase
NZ_JPHZ01000016.1:4233-5310:-1,WP_002035798.1,T630_RS08420,,aromatic ring-hydroxylating dioxygenase subunit alpha,1_104_VanA,1,699.0,0.9858,7.8e-211,NZ_JPHZ01000016.1,4233,5310,-1,Acinetobacter baumannii MRSN 3527,Bacteria; Pseudomonadati; Pseudomonadota; Gammaproteobacteria; Moraxellales; Moraxellaceae; Acinetobacter; Acinetobacter calcoaceticus/baumannii complex,0,1_104_VanA#0,core,1.0,0,0,0,0,[alpha] > reductase
NZ_JPGM01000071.1:26787-27903:1,WP_031403038.1,GQ57_RS32140,,aromatic ring-hydroxylating dioxygenase subunit alpha,1_104_VanA,1,98.8,0.4659,2.4e-28,NZ_JPGM01000071.1,26787,27903,1,Burkholderia sp. MSh2,Bacteria; Pseudomonadati; Pseudomonadota; Betaproteobacteria; Burkholderiales; Burkholderiaceae; Burkholderia,0,1_104_VanA#7,core,0.9737,0,0,0,0,[alpha]
NZ_JPMX01000042.1:30660-31752:1,WP_036335643.1,IN07_RS10405,,aromatic ring-hydroxylating dioxygenase subunit alpha,1_104_VanA,1,230.6,0.9631,2.1e-68,NZ_JPMX01000042.1,30660,31752,1,Modestobacter caceresii,Bacteria; Bacillati; Actinomycetota; Actinomycetes; Geodermatophilales; Geodermatophilaceae; Modestobacter,0,1_104_VanA#37,core,0.7647,1,0,0,1,transporter > transporter > hypothetical > transporter > transporter > transporter > other > other > [alpha] > hypothetical > reductase > regulator > other > hypothetical
NZ_JPHZ01000036.1:105019-106087:1,WP_000991783.1,T630_RS16870,,aromatic ring-hydroxylating dioxygenase subunit alpha,1_104_VanA,1,109.9,0.483,1e-31,NZ_JPHZ01000036.1,105019,106087,1,Acinetobacter baumannii MRSN 3527,Bacteria; Pseudomonadati; Pseudomonadota; Gammaproteobacteria; Moraxellales; Moraxellaceae; Acinetobacter; Acinetobacter calcoaceticus/baumannii complex,0,1_104_VanA#4,core,1.0,2,0,1,1,ferredoxin > transposon > [alpha] > reductase > other > reductase > transporter > other > hydrolase > reductase > dehydrogenase > dehydrogenase > other
NZ_JPYI02000047.1:69355-70432:-1,WP_057663630.1,IM53_RS07890,,aromatic ring-hydroxylating dioxygenase subunit alpha,1_104_VanA,1,381.0,0.9801,3.7e-114,NZ_JPYI02000047.1,69355,70432,-1,Xanthomonas phaseoli pv. dieffenbachiae,Bacteria; Pseudomonadati; Pseudomonadota; Gammaproteobacteria; Lysobacterales; Lysobacteraceae; Xanthomonas,0,1_104_VanA#8,core,0.9596,1,0,0,1,[alpha] > reductase
NZ_JPUG01000078.1:442449-443532:1,WP_036359051.1,MA07_RS26175,,aromatic ring-hydroxylating dioxygenase subunit alpha,1_104_VanA,1,337.1,0.9659,8.6e-101,NZ_JPUG01000078.1,442449,443532,1,Microvirga sp. BSC39,Bacteria; Pseudomonadati; Pseudomonadota; Alphaproteobacteria; Hyphomicrobiales; Methylobacteriaceae; Microvirga,0,1_104_VanA#81,core,0.8253,1,0,0,1,[alpha] > reductase > regulator > transporter > transporter > transporter > transporter > transporter > regulator > ring_cleavage
NZ_JPVY01000001.1:95043-96054:-1,WP_022731286.1,TH1_RS00405,,aromatic ring-hydroxylating dioxygenase subunit alpha,1_104_VanA,1,426.6,0.9602,5.1e-128,NZ_JPVY01000001.1,95043,96054,-1,Thalassospira lucentensis MCCC 1A00383 = DSM 14000,Bacteria; Pseudomonadati; Pseudomonadota; Alphaproteobacteria; Rhodospirillales; Thalassospiraceae; Thalassospira,0,1_104_VanA#23,divergent,0.512,0,0,0,0,[alpha] > transporter
NZ_JPVZ01000001.1:409754-410771:-1,WP_064779688.1,TH4_RS01785,,aromatic ring-hydroxylating dioxygenase subunit alpha,1_104_VanA,1,424.8,0.9631,1.9e-127,NZ_JPVZ01000001.1,409754,410771,-1,Thalassospira tepidiphila MCCC 1A03514,Bacteria; Pseudomonadati; Pseudomonadota; Alphaproteobacteria; Rhodospirillales; Thalassospiraceae; Thalassospira,0,1_104_VanA#23,divergent,0.4897,0,0,0,0,[alpha]
NZ_JPWB01000001.1:570725-571742:1,WP_062956391.1,TH6_RS02585,,aromatic ring-hydroxylating dioxygenase subunit alpha,1_104_VanA,1,426.1,0.9631,7.5e-128,NZ_JPWB01000001.1,570725,571742,1,Thalassospira profundimaris,Bacteria; Pseudomonadati; Pseudomonadota; Alphaproteobacteria; Rhodospirillales; Thalassospiraceae; Thalassospira,0,1_104_VanA#23,divergent,0.4897,0,0,0,0,[alpha] > transporter
NZ_JQEI01000004.1:61523-62567:-1,WP_037400773.1,IV04_RS03500,,aromatic ring-hydroxylating dioxygenase subunit alpha,1_104_VanA,1,100.3,0.4773,8.6e-29,NZ_JQEI01000004.1,61523,62567,-1,Serratia sp. Ag1,Bacteria; Pseudomonadati; Pseudomonadota; Gammaproteobacteria; Enterobacterales; Yersiniaceae; Serratia,0,1_104_VanA#3,core,0.8041,2,0,1,1,ferredoxin > transposon > [alpha] > reductase > regulator > other > reductase > transporter > other > hydrolase > reductase > dehydrogenase > dehydrogenase > other
NZ_JQGJ02000002.1:79035-80121:-1,WP_039588374.1,JZ00_RS03455,,aromatic ring-hydroxylating dioxygenase subunit alpha,1_104_VanA,1,762.6,0.9943,3.7e-230,NZ_JQGJ02000002.1,79035,80121,-1,Pseudomonas frederiksbergensis,Bacteria; Pseudomonadati; Pseudomonadota; Gammaproteobacteria; Pseudomonadales; Pseudomonadaceae; Pseudomonas,0,1_104_VanA#0,core,0.9006,0,0,0,0,regulator > [alpha] > reductase
NZ_JRHX01000055.1:26953-28021:-1,WP_061524818.1,AvenLUH13518_RS09445,,aromatic ring-hydroxylating dioxygenase subunit alpha,1_104_VanA,1,102.9,0.4886,1.4e-29,NZ_JRHX01000055.1,26953,28021,-1,Acinetobacter venetianus,Bacteria; Pseudomonadati; Pseudomonadota; Gammaproteobacteria; Moraxellales; Moraxellaceae; Acinetobacter,0,1_104_VanA#4,core,0.8702,2,0,1,1,ferredoxin > transposon > [alpha] > reductase > other > reductase > transporter > other > hydrolase > reductase > dehydrogenase > dehydrogenase > other
NZ_JROO01000005.1:77113-78247:1,WP_040270423.1,LP52_RS02585,,aromatic ring-hydroxylating dioxygenase subunit alpha,1_104_VanA,1,339.5,0.9744,1.6e-101,NZ_JROO01000005.1,77113,78247,1,Streptomonospora alba,Bacteria; Bacillati; Actinomycetota; Actinomycetes; Streptosporangiales; Nocardiopsidaceae; Streptomonospora,0,1_104_VanA#6,core,0.8338,0,0,0,0,[alpha] > reductase > transporter
NZ_JRUE01000201.1:8526-9594:1,WP_061519175.1,AVENLUH5627_RS12185,,aromatic ring-hydroxylating dioxygenase subunit alpha,1_104_VanA,1,103.3,0.4886,1e-29,NZ_JRUE01000201.1,8526,9594,1,Acinetobacter venetianus,Bacteria; Pseudomonadati; Pseudomonadota; Gammaproteobacteria; Moraxellales; Moraxellaceae; Acinetobacter,0,1_104_VanA#4,core,0.8021,2,0,1,1,ferredoxin > transposon > [alpha] > reductase > other > reductase > transporter > other > hydrolase > reductase > dehydrogenase > dehydrogenase > other
NZ_JSBM01000097.1:96040-97099:1,WP_008345995.1,NV82_RS25245,,aromatic ring-hydroxylating dioxygenase subunit alpha,1_104_VanA,1,128.2,0.4858,2.7e-37,NZ_JSBM01000097.1,96040,97099,1,Caballeronia zhejiangensis,Bacteria; Pseudomonadati; Pseudomonadota; Betaproteobacteria; Burkholderiales; Burkholderiaceae; Caballeronia,0,1_104_VanA#1,core,0.8867,2,0,1,1,ferredoxin > transposon > [alpha] > reductase > other > hydrolase > regulator > reductase > other > dehydrogenase > dehydrogenase > other > reductase
NZ_JSUH01000005.1:80525-81641:1,WP_035925360.1,GY22_RS06980,,aromatic ring-hydroxylating dioxygenase subunit alpha,1_104_VanA,1,325.7,0.9773,2.4e-97,NZ_JSUH01000005.1,80525,81641,1,Kocuria rosea subsp. polaris,Bacteria; Bacillati; Actinomycetota; Actinomycetes; Micrococcales; Micrococcaceae; Kocuria,0,1_104_VanA#6,core,0.892,0,0,0,0,[alpha] > reductase > transporter
NZ_JSUQ01000044.1:10872-11919:-1,WP_043147205.1,OA50_RS28165,,Rieske 2Fe-2S domain-containing protein,1_104_VanA,1,111.3,0.4574,3.9e-32,NZ_JSUQ01000044.1,10872,11919,-1,Mameliella alba,Bacteria; Pseudomonadati; Pseudomonadota; Alphaproteobacteria; Rhodobacterales; Roseobacteraceae; Mameliella,0,1_104_VanA#17,divergent,0.4063,1,0,0,1,transposon > transporter > transporter > transporter > [alpha] > reductase > hydrolase > other > reductase > other > dehydrogenase > dehydrogenase > reductase > other > other
NZ_JSEE01000015.1:71551-72646:1,WP_063333922.1,OA79_RS14345,,aromatic ring-hydroxylating dioxygenase subunit alpha,1_104_VanA,1,682.9,0.983,6.3e-206,NZ_JSEE01000015.1,71551,72646,1,Marinomonas sp. TW1,Bacteria; Pseudomonadati; Pseudomonadota; Gammaproteobacteria; Oceanospirillales; Oceanospirillaceae; Marinomonas,0,1_104_VanA#0,core,0.7615,0,0,0,0,[alpha] > reductase
NZ_JRZE01000008.1:61233-62367:-1,WP_037313444.1,MINT15_RS18620,,aromatic ring-hydroxylating dioxygenase subunit alpha,1_104_VanA,1,345.9,0.9716,1.8e-103,NZ_JRZE01000008.1,61233,62367,-1,Saccharomonospora viridis,Bacteria; Bacillati; Actinomycetota; Actinomycetes; Pseudonocardiales; Pseudonocardiaceae; Saccharomonospora,0,1_104_VanA#6,core,0.8204,1,0,0,1,[alpha] > reductase > transporter
NZ_JTAN02000006.1:20680-21760:1,WP_044847437.1,PL79_RS10055,,aromatic ring-hydroxylating dioxygenase subunit alpha,1_104_VanA,1,701.3,0.983,1.6e-211,NZ_JTAN02000006.1,20680,21760,1,Burkholderia sp. USMB20,Bacteria; Pseudomonadati; Pseudomonadota; Betaproteobacteria; Burkholderiales; Burkholderiaceae; Burkholderia,0,1_104_VanA#0,core,0.9276,0,0,0,0,[alpha] > reductase > alpha_other
NZ_JVHT01000026.1:72182-73235:-1,WP_049175430.1,ADB45_RS10380,,aromatic ring-hydroxylating dioxygenase subunit alpha,1_104_VanA,1,110.6,0.4858,6.3e-32,NZ_JVHT01000026.1,72182,73235,-1,Acinetobacter ursingii,Bacteria; Pseudomonadati; Pseudomonadota; Gammaproteobacteria; Moraxellales; Moraxellaceae; Acinetobacter,0,1_104_VanA#30,core,0.875,2,0,1,1,ferredoxin > transposon > [alpha] > reductase > other > reductase > transporter > other > hydrolase > reductase > dehydrogenase > dehydrogenase > other
NZ_JVHT01000026.1:78609-79686:1,WP_049175437.1,ADB45_RS10410,,aromatic ring-hydroxylating dioxygenase subunit alpha,1_104_VanA,1,687.8,0.9858,2e-207,NZ_JVHT01000026.1,78609,79686,1,Acinetobacter ursingii,Bacteria; Pseudomonadati; Pseudomonadota; Gammaproteobacteria; Moraxellales; Moraxellaceae; Acinetobacter,0,1_104_VanA#0,core,0.8742,0,0,0,0,[alpha] > reductase
NZ_JWJW01000001.1:214979-216005:1,WP_039050294.1,RP30_RS00970,,aromatic ring-hydroxylating dioxygenase subunit alpha,1_104_VanA,1,107.9,0.4886,4.1e-31,NZ_JWJW01000001.1,214979,216005,1,Comamonas thiooxydans,Bacteria; Pseudomonadati; Pseudomonadota; Betaproteobacteria; Burkholderiales; Comamonadaceae; Comamonas,0,1_104_VanA#11,core,0.9387,0,0,0,0,transposon > [alpha] > reductase > transporter
NZ_JWHY01000001.1:284285-285329:1,WP_041157384.1,RO22_RS01350,,aromatic ring-hydroxylating dioxygenase subunit alpha,1_104_VanA,1,687.9,0.9744,1.9e-207,NZ_JWHY01000001.1,284285,285329,1,Halomonas sp. KHS3,Bacteria; Pseudomonadati; Pseudomonadota; Gammaproteobacteria; Oceanospirillales; Halomonadaceae; Halomonas,0,1_104_VanA#0,core,0.761,1,0,0,1,[alpha] > reductase > transporter
NZ_JXNZ01000248.1:2877-3963:1,WP_042731823.1,RL74_RS21520,,aromatic ring-hydroxylating dioxygenase subunit alpha,1_104_VanA,1,778.4,0.9943,5.9e-235,NZ_JXNZ01000248.1,2877,3963,1,Pseudomonas fluorescens,Bacteria; Pseudomonadati; Pseudomonadota; Gammaproteobacteria; Pseudomonadales; Pseudomonadaceae; Pseudomonas,0,1_104_VanA#0,core,0.9037,0,0,0,0,[alpha] > reductase
NZ_JXQQ01000020.1:75882-76992:-1,WP_042578553.1,RT97_RS09605,,aromatic ring-hydroxylating dioxygenase subunit alpha,1_104_VanA,1,374.2,0.9773,4.4e-112,NZ_JXQQ01000020.1,75882,76992,-1,Variovorax paradoxus,Bacteria; Pseudomonadati; Pseudomonadota; Betaproteobacteria; Burkholderiales; Comamonadaceae; Variovorax,0,1_104_VanA#14,core,0.7634,0,0,0,0,[alpha] > regulator > reductase
NZ_JXQQ01000028.1:24986-26009:-1,WP_042579146.1,RT97_RS12685,,aromatic ring-hydroxylating dioxygenase subunit alpha,1_104_VanA,1,100.0,0.483,1.1e-28,NZ_JXQQ01000028.1,24986,26009,-1,Variovorax paradoxus,Bacteria; Pseudomonadati; Pseudomonadota; Betaproteobacteria; Burkholderiales; Comamonadaceae; Variovorax,0,1_104_VanA#22,core,0.7913,1,0,0,1,other > transporter > reductase > transposon > [alpha] > reductase > transporter > transporter
NZ_JXQW01000124.1:15295-16360:-1,WP_042556753.1,RU08_RS25815,,aromatic ring-hydroxylating dioxygenase subunit alpha,1_104_VanA,1,743.1,0.9915,3.1e-224,NZ_JXQW01000124.1,15295,16360,-1,Pseudomonas fulva,Bacteria; Pseudomonadati; Pseudomonadota; Gammaproteobacteria; Pseudomonadales; Pseudomonadaceae; Pseudomonas,0,1_104_VanA#0,core,0.825,0,0,0,0,[alpha] > reductase
NZ_JYCN01000017.1:68844-69933:-1,WP_043481456.1,TV39_RS10165,,aromatic ring-hydroxylating dioxygenase subunit alpha,1_104_VanA,1,334.8,0.9659,4.1e-100,NZ_JYCN01000017.1,68844,69933,-1,Arthrobacter sp. SPG23,Bacteria; Bacillati; Actinomycetota; Actinomycetes; Micrococcales; Micrococcaceae; Arthrobacter,0,1_104_VanA#6,core,0.8375,0,0,0,0,regulator > [alpha] > reductase
NZ_JYHV01000034.1:175437-176499:1,WP_045163570.1,UF78_RS17895,,aromatic ring-hydroxylating dioxygenase subunit alpha,1_104_VanA,1,738.4,0.9801,8.4e-223,NZ_JYHV01000034.1,175437,176499,1,Stutzerimonas stutzeri,Bacteria; Pseudomonadati; Pseudomonadota; Gammaproteobacteria; Pseudomonadales; Pseudomonadaceae; Stutzerimonas,0,1_104_VanA#0,core,0.8442,0,0,0,0,[alpha] > reductase
NZ_JYKS01000031.1:104826-105858:1,WP_051099473.1,TZ03_RS17540,,aromatic ring-hydroxylating dioxygenase subunit alpha,1_104_VanA,1,98.7,0.4886,2.6e-28,NZ_JYKS01000031.1,104826,105858,1,Pseudomonas sp. 10-1B,Bacteria; Pseudomonadati; Pseudomonadota; Gammaproteobacteria; Pseudomonadales; Pseudomonadaceae; Pseudomonas,0,1_104_VanA#21,core,0.9381,1,0,0,1,transporter > reductase > other > hydrolase > regulator > reductase > other > dehydrogenase > dehydrogenase > other > hypothetical > transposon > [alpha] > other > reductase
NZ_JYMR01000015.1:34701-35751:1,WP_045011012.1,UB31_RS11800,,aromatic ring-hydroxylating dioxygenase subunit alpha,1_104_VanA,1,359.0,0.9801,1.9e-107,NZ_JYMR01000015.1,34701,35751,1,Bradyrhizobium sp. LTSP849,Bacteria; Pseudomonadati; Pseudomonadota; Alphaproteobacteria; Hyphomicrobiales; Nitrobacteraceae; Bradyrhizobium,0,1_104_VanA#5,core,0.9045,0,0,0,0,[alpha] > regulator > reductase
NZ_JYMT01000036.1:92737-93799:-1,WP_044540719.1,UP09_RS22995,,aromatic ring-hydroxylating dioxygenase subunit alpha,1_104_VanA,1,368.0,0.9773,3.3e-110,NZ_JYMT01000036.1,92737,93799,-1,Bradyrhizobium sp. LTSP885,Bacteria; Pseudomonadati; Pseudomonadota; Alphaproteobacteria; Hyphomicrobiales; Nitrobacteraceae; Bradyrhizobium,0,1_104_VanA#12,core,0.8594,1,0,0,1,[alpha] > regulator > reductase
NZ_JYMU01000008.1:79631-80693:-1,WP_044586670.1,UP10_RS06655,,aromatic ring-hydroxylating dioxygenase subunit alpha,1_104_VanA,1,372.6,0.9773,1.4e-111,NZ_JYMU01000008.1,79631,80693,-1,Bradyrhizobium sp. LTSPM299,Bacteria; Pseudomonadati; Pseudomonadota; Alphaproteobacteria; Hyphomicrobiales; Nitrobacteraceae; Bradyrhizobium,0,1_104_VanA#12,core,0.8349,0,0,0,0,[alpha] > regulator > reductase
NZ_JYLN01000003.1:213278-214313:-1,WP_034134089.1,TX23_RS09145,,aromatic ring-hydroxylating dioxygenase subunit alpha,1_104_VanA,1,102.1,0.4886,2.4e-29,NZ_JYLN01000003.1,213278,214313,-1,Pseudomonas paralactis,Bacteria; Pseudomonadati; Pseudomonadota; Gammaproteobacteria; Pseudomonadales; Pseudomonadaceae; Pseudomonas,0,1_104_VanA#13,core,0.9585,1,0,0,1,reductase > other > hydrolase > regulator > reductase > other > dehydrogenase > dehydrogenase > other > reductase > transposon > [alpha] > reductase
NZ_JYON01000009.1:133446-134508:-1,WP_045054636.1,UH38_RS10640,,aromatic ring-hydroxylating dioxygenase subunit alpha,1_104_VanA,1,89.3,0.4858,1.9e-25,NZ_JYON01000009.1,133446,134508,-1,Aliterella atlantica CENA595,Bacteria; Bacillati; Cyanobacteriota; Cyanophyceae; Chroococcidiopsidales; Aliterellaceae; Aliterella,0,1_104_VanA#28,novel_candidate,0.2534,0,0,0,0,[alpha]
NZ_JZDQ02000009.1:25672-26776:1,WP_045550294.1,UG56_RS07795,,aromatic ring-hydroxylating dioxygenase subunit alpha,1_104_VanA,1,340.1,0.9773,1e-101,NZ_JZDQ02000009.1,25672,26776,1,Nocardioides luteus,Bacteria; Bacillati; Actinomycetota; Actinomycetes; Propionibacteriales; Nocardioidaceae; Nocardioides,0,1_104_VanA#6,core,0.865,0,0,0,0,[alpha] > reductase > transporter
NZ_JZDQ02000008.1:64141-65242:1,WP_045548610.1,UG56_RS07165,,aromatic ring-hydroxylating dioxygenase subunit alpha,1_104_VanA,1,302.3,0.9659,3.3e-90,NZ_JZDQ02000008.1,64141,65242,1,Nocardioides luteus,Bacteria; Bacillati; Actinomycetota; Actinomycetes; Propionibacteriales; Nocardioidaceae; Nocardioides,0,1_104_VanA#18,core,0.6327,0,0,0,0,[alpha] > reductase
NZ_JZRI01000126.1:81155-82214:1,WP_045061348.1,UB23_RS21745,,aromatic ring-hydroxylating dioxygenase subunit alpha,1_104_VanA,1,765.2,0.9943,5.7e-231,NZ_JZRI01000126.1,81155,82214,1,Pseudomonas sp. ES3-33,Bacteria; Pseudomonadati; Pseudomonadota; Gammaproteobacteria; Pseudomonadales; Pseudomonadaceae; Pseudomonas,0,1_104_VanA#0,core,0.881,0,0,0,0,[alpha] > reductase
NZ_JZWI01000002.1:24202-25246:-1,WP_047782955.1,VPARA_RS01050,,aromatic ring-hydroxylating dioxygenase subunit alpha,1_104_VanA,1,101.0,0.4858,5.3e-29,NZ_JZWI01000002.1,24202,25246,-1,Variovorax paradoxus,Bacteria; Pseudomonadati; Pseudomonadota; Betaproteobacteria; Burkholderiales; Comamonadaceae; Variovorax,0,1_104_VanA#22,core,0.7724,1,0,0,1,hydrolase > regulator > reductase > other > dehydrogenase > dehydrogenase > other > transporter > reductase > transposon > [alpha] > reductase > transporter
NZ_JZWI01000007.1:123419-124475:-1,WP_047783891.1,VPARA_RS07065,,aromatic ring-hydroxylating dioxygenase subunit alpha,1_104_VanA,1,713.5,0.9744,3.1e-215,NZ_JZWI01000007.1,123419,124475,-1,Variovorax paradoxus,Bacteria; Pseudomonadati; Pseudomonadota; Betaproteobacteria; Burkholderiales; Comamonadaceae; Variovorax,0,1_104_VanA#0,core,0.8056,0,0,0,0,transporter > [alpha] > reductase > regulator
NZ_KB849356.1:288887-289964:1,WP_004770581.1,F971_RS17205,,aromatic ring-hydroxylating dioxygenase subunit alpha,1_104_VanA,1,694.0,0.983,2.6e-209,NZ_KB849356.1,288887,289964,1,Acinetobacter vivianii,Bacteria; Pseudomonadati; Pseudomonadota; Gammaproteobacteria; Moraxellales; Moraxellaceae; Acinetobacter,0,1_104_VanA#0,core,0.9533,0,0,0,0,[alpha] > reductase
NZ_KB849176.1:184528-185587:-1,WP_004651136.1,F994_RS13665,,aromatic ring-hydroxylating dioxygenase subunit alpha,1_104_VanA,1,685.7,0.983,8.6e-207,NZ_KB849176.1,184528,185587,-1,Acinetobacter bohemicus ANC 3994,Bacteria; Pseudomonadati; Pseudomonadota; Gammaproteobacteria; Moraxellales; Moraxellaceae; Acinetobacter,0,1_104_VanA#0,core,0.7438,0,0,0,0,[alpha] > reductase
NZ_KB849455.1:33084-34161:1,WP_004817262.1,F964_RS02185,,aromatic ring-hydroxylating dioxygenase subunit alpha,1_104_VanA,1,679.2,0.983,8e-205,NZ_KB849455.1,33084,34161,1,Acinetobacter guillouiae NIPH 991,Bacteria; Pseudomonadati; Pseudomonadota; Gammaproteobacteria; Moraxellales; Moraxellaceae; Acinetobacter,0,1_104_VanA#0,core,0.8731,0,0,0,0,[alpha] > reductase
NZ_KB849575.1:587779-588853:-1,WP_004892396.1,F955_RS05990,,aromatic ring-hydroxylating dioxygenase subunit alpha,1_104_VanA,1,700.3,0.9773,3.2e-211,NZ_KB849575.1,587779,588853,-1,Acinetobacter schindleri CIP 107287,Bacteria; Pseudomonadati; Pseudomonadota; Gammaproteobacteria; Moraxellales; Moraxellaceae; Acinetobacter,0,1_104_VanA#0,core,0.7695,0,0,0,0,[alpha] > reductase
NZ_KB849542.1:514386-515448:1,WP_004861804.1,F960_RS07880,,aromatic ring-hydroxylating dioxygenase subunit alpha,1_104_VanA,1,664.2,0.9858,2.9e-200,NZ_KB849542.1,514386,515448,1,Acinetobacter gerneri DSM 14967 = CIP 107464 = MTCC 9824,Bacteria; Pseudomonadati; Pseudomonadota; Gammaproteobacteria; Moraxellales; Moraxellaceae; Acinetobacter,0,1_104_VanA#0,core,0.743,1,0,0,1,[alpha] > reductase
NZ_KB849766.1:288204-289275:-1,WP_005062465.1,F933_RS14475,,aromatic ring-hydroxylating dioxygenase subunit alpha,1_104_VanA,1,103.9,0.4886,6.9e-30,NZ_KB849766.1,288204,289275,-1,Acinetobacter beijerinckii CIP 110307,Bacteria; Pseudomonadati; Pseudomonadota; Gammaproteobacteria; Moraxellales; Moraxellaceae; Acinetobacter,0,1_104_VanA#4,core,0.8763,2,0,1,1,ferredoxin > transposon > [alpha] > reductase > other > reductase > transporter > other > hydrolase > reductase > dehydrogenase > dehydrogenase > other
NZ_KB850239.1:23653-24730:-1,WP_005330675.1,F884_RS14280,,aromatic ring-hydroxylating dioxygenase subunit alpha,1_104_VanA,1,683.6,0.983,3.8e-206,NZ_KB850239.1,23653,24730,-1,Acinetobacter sp. CIP 102143,Bacteria; Pseudomonadati; Pseudomonadota; Gammaproteobacteria; Moraxellales; Moraxellaceae; Acinetobacter,0,1_104_VanA#0,core,0.8545,0,0,0,0,[alpha] > reductase
NZ_KB849802.1:98666-99743:1,WP_004640518.1,F927_RS07195,,aromatic ring-hydroxylating dioxygenase subunit alpha,1_104_VanA,1,689.0,0.9801,8.4e-208,NZ_KB849802.1,98666,99743,1,Acinetobacter haemolyticus CIP 64.3 = MTCC 9819,Bacteria; Pseudomonadati; Pseudomonadota; Gammaproteobacteria; Moraxellales; Moraxellaceae; Acinetobacter,0,1_104_VanA#0,core,0.9185,0,0,0,0,[alpha] > reductase
NZ_KB849804.1:281824-282892:1,WP_005084774.1,F927_RS11380,,aromatic ring-hydroxylating dioxygenase subunit alpha,1_104_VanA,1,102.5,0.4886,1.8e-29,NZ_KB849804.1,281824,282892,1,Acinetobacter haemolyticus CIP 64.3 = MTCC 9819,Bacteria; Pseudomonadati; Pseudomonadota; Gammaproteobacteria; Moraxellales; Moraxellaceae; Acinetobacter,0,1_104_VanA#4,core,0.8811,2,0,1,1,ferredoxin > transposon > [alpha] > reductase > other > reductase > transporter > other > hydrolase > reductase > dehydrogenase > dehydrogenase > other
NZ_KB849999.1:587103-588171:1,WP_005150703.1,F909_RS10160,,aromatic ring-hydroxylating dioxygenase subunit alpha,1_104_VanA,1,104.5,0.4858,4.5e-30,NZ_KB849999.1,587103,588171,1,Acinetobacter sp. ANC 3929,Bacteria; Pseudomonadati; Pseudomonadota; Gammaproteobacteria; Moraxellales; Moraxellaceae; Acinetobacter,0,1_104_VanA#4,core,0.9179,2,0,1,1,ferredoxin > transposon > [alpha] > reductase > other > reductase > transporter > other > hydrolase > reductase > dehydrogenase > dehydrogenase > other
NZ_KB944473.1:42668-43730:-1,WP_010811688.1,C265_RS11795,,aromatic ring-hydroxylating dioxygenase subunit alpha,1_104_VanA,1,113.2,0.483,1e-32,NZ_KB944473.1,42668,43730,-1,Cupriavidus sp. GA3-3,Bacteria; Pseudomonadati; Pseudomonadota; Betaproteobacteria; Burkholderiales; Burkholderiaceae; Cupriavidus,0,1_104_VanA#25,core,0.6055,0,0,0,0,transposon > [alpha] > reductase > other > regulator > reductase > other > dehydrogenase > dehydrogenase > other > reductase
NZ_KB976988.1:50256-51333:-1,WP_016143271.1,F929_RS04435,,aromatic ring-hydroxylating dioxygenase subunit alpha,1_104_VanA,1,693.0,0.983,5.4e-209,NZ_KB976988.1,50256,51333,-1,Acinetobacter lactucae,Bacteria; Pseudomonadati; Pseudomonadota; Gammaproteobacteria; Moraxellales; Moraxellaceae; Acinetobacter; Acinetobacter calcoaceticus/baumannii complex,0,1_104_VanA#0,core,0.9749,0,0,0,0,[alpha] > reductase
NZ_KE354153.1:11522-12569:1,WP_020272029.1,STAFG_RS15230,,aromatic ring-hydroxylating dioxygenase subunit alpha,1_104_VanA,1,213.5,0.9688,3.2e-63,NZ_KE354153.1,11522,12569,1,Streptomyces afghaniensis 772,Bacteria; Bacillati; Actinomycetota; Actinomycetes; Kitasatosporales; Streptomycetaceae; Streptomyces,0,1_104_VanA#36,novel_candidate,0.3636,0,0,0,0,other > hypothetical > reductase > [alpha] > hydrolase > ring_cleavage > reductase > ro_alpha > ro_beta
NZ_KE007367.1:695298-696375:1,WP_016167989.1,I593_RS12740,,aromatic ring-hydroxylating dioxygenase subunit alpha,1_104_VanA,1,692.3,0.9801,8.3e-209,NZ_KE007367.1,695298,696375,1,Acinetobacter tandoii DSM 14970 = CIP 107469,Bacteria; Pseudomonadati; Pseudomonadota; Gammaproteobacteria; Moraxellales; Moraxellaceae; Acinetobacter,0,1_104_VanA#0,core,0.9344,0,0,0,0,[alpha] > reductase
NZ_KI650981.1:4593-5685:-1,WP_024006286.1,W822_RS39650,,aromatic ring-hydroxylating dioxygenase subunit alpha,1_104_VanA,1,261.0,0.9943,1.2e-77,NZ_KI650981.1,4593,5685,-1,Advenella kashmirensis W13003,Bacteria; Pseudomonadati; Pseudomonadota; Betaproteobacteria; Burkholderiales; Alcaligenaceae,0,1_104_VanA#63,novel_candidate,0.3688,0,0,0,0,other > [alpha]
NZ_KN150856.1:870543-871659:1,WP_034209420.1,DM43_RS29580,,aromatic ring-hydroxylating dioxygenase subunit alpha,1_104_VanA,1,98.4,0.4659,3.3e-28,NZ_KN150856.1,870543,871659,1,Burkholderia cepacia,Bacteria; Pseudomonadati; Pseudomonadota; Betaproteobacteria; Burkholderiales; Burkholderiaceae; Burkholderia; Burkholderia cepacia complex,0,1_104_VanA#7,core,0.9741,0,0,0,0,[alpha]
NZ_KV790836.1:6650-7616:1,WP_070455523.1,HMPREF3107_RS11165,,Rieske 2Fe-2S domain-containing protein,1_104_VanA,1,57.0,0.4545,1.2e-15,NZ_KV790836.1,6650,7616,1,Neisseria sp. HMSC31F04,Bacteria; Pseudomonadati; Pseudomonadota; Betaproteobacteria; Neisseriales; Neisseriaceae; Neisseria,0,1_104_VanA#40,novel_candidate,0.323,0,0,0,0,hydrolase > [alpha] > other
NZ_KV838378.1:15071-16130:-1,WP_043268638.1,HMPREF3289_RS10830,,aromatic ring-hydroxylating dioxygenase subunit alpha,1_104_VanA,1,744.6,0.9858,1.1e-224,NZ_KV838378.1,15071,16130,-1,Pseudomonas sp. HMSC75E02,Bacteria; Pseudomonadati; Pseudomonadota; Gammaproteobacteria; Pseudomonadales; Pseudomonadaceae; Pseudomonas,0,1_104_VanA#0,core,0.8822,0,0,0,0,[alpha] > reductase
NZ_LABX01000220.1:2115-3204:-1,WP_048466679.1,VP06_RS25855,,aromatic ring-hydroxylating dioxygenase subunit alpha,1_104_VanA,1,332.7,0.9716,1.8e-99,NZ_LABX01000220.1,2115,3204,-1,Methylobacterium aquaticum,Bacteria; Pseudomonadati; Pseudomonadota; Alphaproteobacteria; Hyphomicrobiales; Methylobacteriaceae; Methylobacterium,0,1_104_VanA#31,core,0.8245,1,0,0,1,[alpha] > reductase
NZ_KZ268819.1:179399-180434:-1,WP_057710603.1,CDH05_RS04380,,aromatic ring-hydroxylating dioxygenase subunit alpha,1_104_VanA,1,101.4,0.4886,4e-29,NZ_KZ268819.1,179399,180434,-1,Pseudomonas lactis,Bacteria; Pseudomonadati; Pseudomonadota; Gammaproteobacteria; Pseudomonadales; Pseudomonadaceae; Pseudomonas,0,1_104_VanA#35,core,0.9585,1,0,0,1,reductase > other > hydrolase > regulator > reductase > other > dehydrogenase > dehydrogenase > other > reductase > transposon > [alpha] > reductase
NZ_LABZ01000054.1:2376-3480:1,WP_048450476.1,VQ03_RS08670,,aromatic ring-hydroxylating dioxygenase subunit alpha,1_104_VanA,1,330.1,0.9716,1.1e-98,NZ_LABZ01000054.1,2376,3480,1,Methylobacterium tarhaniae,Bacteria; Pseudomonadati; Pseudomonadota; Alphaproteobacteria; Hyphomicrobiales; Methylobacteriaceae; Methylobacterium,0,1_104_VanA#31,core,0.8254,1,0,0,1,[alpha] > reductase > transporter
NZ_LACD01000032.1:23832-24867:1,WP_046049007.1,VC34_RS25315,,aromatic ring-hydroxylating dioxygenase subunit alpha,1_104_VanA,1,104.3,0.4943,5.2e-30,NZ_LACD01000032.1,23832,24867,1,Pseudomonas fluorescens,Bacteria; Pseudomonadati; Pseudomonadota; Gammaproteobacteria; Pseudomonadales; Pseudomonadaceae; Pseudomonas,0,1_104_VanA#21,core,0.9421,1,0,0,1,reductase > other > hydrolase > regulator > reductase > other > dehydrogenase > dehydrogenase > other > reductase > hypothetical > transposon > [alpha] > hydrolase > reductase
NZ_LAJY01000223.1:5276-6305:1,WP_045775649.1,VZ95_RS09620,,aromatic ring-hydroxylating dioxygenase subunit alpha,1_104_VanA,1,430.2,0.9688,4.4e-129,NZ_LAJY01000223.1,5276,6305,1,Elstera litoralis,Bacteria; Pseudomonadati; Pseudomonadota; Alphaproteobacteria; Rhodospirillales; Rhodospirillaceae; Elstera,0,1_104_VanA#23,divergent,0.5083,0,0,0,0,[alpha]
NZ_LAQU01000011.1:9864-10944:-1,WP_024903127.1,WM40_RS12095,,aromatic ring-hydroxylating dioxygenase subunit alpha,1_104_VanA,1,681.0,0.9773,2.3e-205,NZ_LAQU01000011.1,9864,10944,-1,Robbsia andropogonis,Bacteria; Pseudomonadati; Pseudomonadota; Betaproteobacteria; Burkholderiales; Burkholderiaceae; Robbsia,0,1_104_VanA#0,core,0.8333,1,0,0,1,[alpha] > reductase
NZ_LATL02000098.1:10080-11106:-1,WP_046278418.1,WN50_RS08960,,aromatic ring-hydroxylating dioxygenase subunit alpha,1_104_VanA,1,107.2,0.5369,6.8e-31,NZ_LATL02000098.1,10080,11106,-1,Limnoraphis robusta CS-951,Bacteria; Bacillati; Cyanobacteriota; Cyanophyceae; Oscillatoriophycideae; Oscillatoriales; Sirenicapillariaceae; Limnoraphis,0,1_104_VanA#27,novel_candidate,0.375,1,0,0,1,reductase > [alpha]
NZ_LBHY02000013.1:23209-24286:-1,WP_000470071.1,YA64_RS07830,,aromatic ring-hydroxylating dioxygenase subunit alpha,1_104_VanA,1,698.8,0.983,9e-211,NZ_LBHY02000013.1,23209,24286,-1,Acinetobacter pittii,Bacteria; Pseudomonadati; Pseudomonadota; Gammaproteobacteria; Moraxellales; Moraxellaceae; Acinetobacter; Acinetobacter calcoaceticus/baumannii complex,0,1_104_VanA#0,core,0.9969,0,0,0,0,[alpha] > reductase
NZ_LBNW01000022.1:14459-15488:1,WP_046912905.1,ABA08_RS01925,,aromatic ring-hydroxylating dioxygenase subunit alpha,1_104_VanA,1,214.1,0.9688,2.2e-63,NZ_LBNW01000022.1,14459,15488,1,Streptomyces stelliscabiei,Bacteria; Bacillati; Actinomycetota; Actinomycetes; Kitasatosporales; Streptomycetaceae; Streptomyces,0,1_104_VanA#36,novel_candidate,0.3722,0,0,0,0,other > hypothetical > reductase > [alpha] > hydrolase > ring_cleavage > reductase > ro_alpha > ro_beta
NZ_LDPZ01000069.1:10926-11971:1,WP_058636668.1,NS226_RS21290,,aromatic ring-hydroxylating dioxygenase subunit alpha,1_104_VanA,1,319.0,0.9659,2.7e-95,NZ_LDPZ01000069.1,10926,11971,1,Aureimonas ureilytica,Bacteria; Pseudomonadati; Pseudomonadota; Alphaproteobacteria; Hyphomicrobiales; Aurantimonadaceae; Aureimonas,0,1_104_VanA#48,core,0.7363,0,0,0,0,[alpha]
NZ_LDQA01000019.1:54715-55789:-1,WP_058599701.1,NS365_RS07710,,aromatic ring-hydroxylating dioxygenase subunit alpha,1_104_VanA,1,320.9,0.9744,7.3e-96,NZ_LDQA01000019.1,54715,55789,-1,Aureimonas ureilytica,Bacteria; Pseudomonadati; Pseudomonadota; Alphaproteobacteria; Hyphomicrobiales; Aurantimonadaceae; Aureimonas,0,1_104_VanA#48,core,0.7881,1,0,0,1,[alpha] > reductase > regulator > transporter > transporter > transporter > transporter > transporter
NZ_LDRN01000129.1:14367-15468:-1,WP_058620492.1,NS230_RS18250,,aromatic ring-hydroxylating dioxygenase subunit alpha,1_104_VanA,1,330.8,0.9659,7.1e-99,NZ_LDRN01000129.1,14367,15468,-1,Methylobacterium indicum,Bacteria; Pseudomonadati; Pseudomonadota; Alphaproteobacteria; Hyphomicrobiales; Methylobacteriaceae; Methylobacterium,0,1_104_VanA#31,core,0.7796,1,0,0,1,[alpha] > reductase
NZ_LDRT01000032.1:14473-15583:1,WP_058623149.1,NS220_RS05855,,aromatic ring-hydroxylating dioxygenase subunit alpha,1_104_VanA,1,325.2,0.9716,3.5e-97,NZ_LDRT01000032.1,14473,15583,1,Microbacterium testaceum,Bacteria; Bacillati; Actinomycetota; Actinomycetes; Micrococcales; Microbacteriaceae; Microbacterium,0,1_104_VanA#6,core,0.7957,0,0,0,0,[alpha] > reductase
NZ_LDRV01000038.1:16488-17598:1,WP_058613784.1,RSA3_RS06905,,aromatic ring-hydroxylating dioxygenase subunit alpha,1_104_VanA,1,327.6,0.9716,6.7e-98,NZ_LDRV01000038.1,16488,17598,1,Microbacterium testaceum,Bacteria; Bacillati; Actinomycetota; Actinomycetes; Micrococcales; Microbacteriaceae; Microbacterium,0,1_104_VanA#6,core,0.7988,0,0,0,0,[alpha] > reductase
NZ_LDSL01000176.1:2823-3861:-1,WP_058644218.1,NS331_RS22760,,aromatic ring-hydroxylating dioxygenase subunit alpha,1_104_VanA,1,101.5,0.4801,3.6e-29,NZ_LDSL01000176.1,2823,3861,-1,Pseudacidovorax intermedius,Bacteria; Pseudomonadati; Pseudomonadota; Betaproteobacteria; Burkholderiales; Comamonadaceae; Pseudacidovorax,0,1_104_VanA#22,core,0.7917,1,0,0,1,regulator > reductase > other > dehydrogenase > dehydrogenase > other > transporter > transposon > [alpha] > reductase > transporter
NZ_LDWD01000054.1:157-1234:1,WP_025095739.1,ABW55_RS12230,,aromatic ring-hydroxylating dioxygenase subunit alpha,1_104_VanA,1,684.7,0.9773,1.8e-206,NZ_LDWD01000054.1,157,1234,1,Acinetobacter sp. C15,Bacteria; Pseudomonadati; Pseudomonadota; Gammaproteobacteria; Moraxellales; Moraxellaceae; Acinetobacter,0,1_104_VanA#0,core,0.9272,0,0,0,0,[alpha] > reductase
NZ_LDUF01000020.1:30984-32100:1,WP_040271467.1,AC926_RS23175,,aromatic ring-hydroxylating dioxygenase subunit alpha,1_104_VanA,1,318.6,0.9744,3.6e-95,NZ_LDUF01000020.1,30984,32100,1,Rhodococcus ruber,Bacteria; Bacillati; Actinomycetota; Actinomycetes; Mycobacteriales; Nocardiaceae; Rhodococcus,0,1_104_VanA#6,core,0.8276,0,0,0,0,[alpha] > reductase > transporter
NZ_LDWR01000021.1:311467-312511:1,WP_048246165.1,VL15_RS13790,,aromatic ring-hydroxylating dioxygenase subunit alpha,1_104_VanA,1,672.6,0.9744,8.3e-203,NZ_LDWR01000021.1,311467,312511,1,Burkholderia cepacia,Bacteria; Pseudomonadati; Pseudomonadota; Betaproteobacteria; Burkholderiales; Burkholderiaceae; Burkholderia; Burkholderia cepacia complex,0,1_104_VanA#0,core,0.9683,0,0,0,0,regulator > [alpha] > reductase
NZ_LDWR01000022.1:25764-26880:-1,WP_048246249.1,VL15_RS14105,,aromatic ring-hydroxylating dioxygenase subunit alpha,1_104_VanA,1,99.5,0.4659,1.5e-28,NZ_LDWR01000022.1,25764,26880,-1,Burkholderia cepacia,Bacteria; Pseudomonadati; Pseudomonadota; Betaproteobacteria; Burkholderiales; Burkholderiaceae; Burkholderia; Burkholderia cepacia complex,0,1_104_VanA#7,core,0.9845,0,0,0,0,[alpha]
NZ_LDWR01000029.1:130752-131823:1,WP_048247369.1,VL15_RS18075,,aromatic ring-hydroxylating dioxygenase subunit alpha,1_104_VanA,1,127.1,0.4858,6.1e-37,NZ_LDWR01000029.1,130752,131823,1,Burkholderia cepacia,Bacteria; Pseudomonadati; Pseudomonadota; Betaproteobacteria; Burkholderiales; Burkholderiaceae; Burkholderia; Burkholderia cepacia complex,0,1_104_VanA#1,core,0.9625,2,0,1,1,ferredoxin > transposon > [alpha] > reductase > other > hydrolase > regulator > reductase > other > dehydrogenase > dehydrogenase > other > reductase
NZ_LDZN01000022.1:11436-12459:-1,WP_048288513.1,ABW13_RS21830,,aromatic ring-hydroxylating dioxygenase subunit alpha,1_104_VanA,1,106.8,0.4744,8.9e-31,NZ_LDZN01000022.1,11436,12459,-1,Pluralibacter gergoviae,Bacteria; Pseudomonadati; Pseudomonadota; Gammaproteobacteria; Enterobacterales; Enterobacteriaceae; Pluralibacter,0,1_104_VanA#3,core,0.8993,2,0,1,1,ferredoxin > transposon > [alpha] > reductase > regulator > other > reductase > transporter > other > hydrolase > reductase > dehydrogenase > dehydrogenase > other
NZ_LELH02000003.1:178841-179897:1,WP_047822478.1,AB595_RS04055,,aromatic ring-hydroxylating dioxygenase subunit alpha,1_104_VanA,1,747.1,0.983,1.9e-225,NZ_LELH02000003.1,178841,179897,1,Massilia sp. WF1,Bacteria; Pseudomonadati; Pseudomonadota; Betaproteobacteria; Burkholderiales; Oxalobacteraceae; Telluria group; Massilia,0,1_104_VanA#0,core,0.8313,0,0,0,0,[alpha] > reductase
NZ_LFME01000014.1:16344-17421:1,WP_048490658.1,ACP93_RS10580,,aromatic ring-hydroxylating dioxygenase subunit alpha,1_104_VanA,1,374.7,0.9773,3.1e-112,NZ_LFME01000014.1,16344,17421,1,Xanthomonas sp. NCPPB 1128,Bacteria; Pseudomonadati; Pseudomonadota; Gammaproteobacteria; Lysobacterales; Lysobacteraceae; Xanthomonas,0,1_104_VanA#12,core,0.7719,0,0,0,0,[alpha] > regulator > reductase
NZ_LFRE01000054.1:1114-2188:1,WP_048881490.1,ACS72_RS05470,,aromatic ring-hydroxylating dioxygenase subunit alpha,1_104_VanA,1,699.4,0.9773,6.1e-211,NZ_LFRE01000054.1,1114,2188,1,Acinetobacter sp. VT 511,Bacteria; Pseudomonadati; Pseudomonadota; Gammaproteobacteria; Moraxellales; Moraxellaceae; Acinetobacter,0,1_104_VanA#0,core,0.7664,0,0,0,0,[alpha] > reductase
NZ_LFYT02000033.1:9510-10563:-1,WP_053170171.1,H663_RS38310,,aromatic ring-hydroxylating dioxygenase subunit alpha,1_104_VanA,1,608.4,0.9744,2.7e-183,NZ_LFYT02000033.1,9510,10563,-1,Limnohabitans planktonicus II-D5,Bacteria; Pseudomonadati; Pseudomonadota; Betaproteobacteria; Burkholderiales; Comamonadaceae; Limnohabitans,0,1_104_VanA#0,core,0.6074,1,0,1,0,transporter > [alpha] > ferredoxin
NZ_LFMW01000039.1:311119-312181:1,WP_048731746.1,ACR52_RS28630,,aromatic ring-hydroxylating dioxygenase subunit alpha,1_104_VanA,1,753.1,0.9943,2.8e-227,NZ_LFMW01000039.1,311119,312181,1,Pseudomonas fildesensis,Bacteria; Pseudomonadati; Pseudomonadota; Gammaproteobacteria; Pseudomonadales; Pseudomonadaceae; Pseudomonas,0,1_104_VanA#0,core,0.9363,0,0,0,0,[alpha] > reductase
NZ_LGCL01000031.1:13484-14474:1,WP_075063504.1,ADN00_RS13400,,aromatic ring-hydroxylating dioxygenase subunit alpha,1_104_VanA,1,117.5,0.4688,5e-34,NZ_LGCL01000031.1,13484,14474,1,Ornatilinea apprima,Bacteria; Bacillati; Chloroflexota; Anaerolineae; Anaerolineales; Anaerolineaceae; Ornatilinea,0,1_104_VanA#62,novel_candidate,0.2852,0,0,0,0,other > [alpha]
NZ_LFZS01000001.1:58514-59591:-1,WP_077168174.1,AC058_RS00275,,aromatic ring-hydroxylating dioxygenase subunit alpha,1_104_VanA,1,690.8,0.983,2.5e-208,NZ_LFZS01000001.1,58514,59591,-1,Acinetobacter genomosp. 33YU,Bacteria; Pseudomonadati; Pseudomonadota; Gammaproteobacteria; Moraxellales; Moraxellaceae; Acinetobacter,0,1_104_VanA#0,core,0.9812,0,0,0,0,[alpha] > reductase
NZ_LFZS01000022.1:105474-106542:1,WP_077170088.1,AC058_RS18140,,aromatic ring-hydroxylating dioxygenase subunit alpha,1_104_VanA,1,108.6,0.4886,2.5e-31,NZ_LFZS01000022.1,105474,106542,1,Acinetobacter genomosp. 33YU,Bacteria; Pseudomonadati; Pseudomonadota; Gammaproteobacteria; Moraxellales; Moraxellaceae; Acinetobacter,0,1_104_VanA#4,core,0.8754,2,0,1,1,ferredoxin > transposon > [alpha] > reductase > other > reductase > transporter > other > hydrolase > reductase > dehydrogenase > dehydrogenase > other
NZ_LGDW01000426.1:18575-19640:1,WP_053744797.1,ADL01_RS28105,,aromatic ring-hydroxylating dioxygenase subunit alpha,1_104_VanA,1,227.5,0.9773,1.8e-67,NZ_LGDW01000426.1,18575,19640,1,Streptomyces sp. NRRL WC-3618,Bacteria; Bacillati; Actinomycetota; Actinomycetes; Kitasatosporales; Streptomycetaceae; Streptomyces,0,1_104_VanA#10,core,0.9567,1,0,0,1,[alpha] > hypothetical > reductase
NZ_LGDV01000201.1:267382-268447:1,WP_053662600.1,ADK64_RS26285,,aromatic ring-hydroxylating dioxygenase subunit alpha,1_104_VanA,1,221.4,0.9688,1.3e-65,NZ_LGDV01000201.1,267382,268447,1,Streptomyces sp. MMG1121,Bacteria; Bacillati; Actinomycetota; Actinomycetes; Kitasatosporales; Streptomycetaceae; Streptomyces,0,1_104_VanA#10,core,0.8633,0,0,0,0,[alpha] > hypothetical > reductase
NZ_LGHK01000071.1:90324-91374:-1,WP_074127897.1,AC628_RS16775,,aromatic ring-hydroxylating dioxygenase subunit alpha,1_104_VanA,1,371.8,0.9801,2.4e-111,NZ_LGHK01000071.1,90324,91374,-1,Bradyrhizobium sp. NAS96.2,Bacteria; Pseudomonadati; Pseudomonadota; Alphaproteobacteria; Hyphomicrobiales; Nitrobacteraceae; Bradyrhizobium,0,1_104_VanA#12,core,0.8291,1,0,0,1,[alpha] > regulator > reductase
NZ_LGHK01000072.1:1354-2404:1,WP_074127942.1,AC628_RS16990,,aromatic ring-hydroxylating dioxygenase subunit alpha,1_104_VanA,1,378.9,0.9858,1.6e-113,NZ_LGHK01000072.1,1354,2404,1,Bradyrhizobium sp. NAS96.2,Bacteria; Pseudomonadati; Pseudomonadota; Alphaproteobacteria; Hyphomicrobiales; Nitrobacteraceae; Bradyrhizobium,0,1_104_VanA#5,core,0.8449,0,0,0,0,[alpha] > regulator > reductase
NZ_LGDY01000091.1:477796-478831:-1,WP_053733635.1,ADL03_RS13120,,aromatic ring-hydroxylating dioxygenase subunit alpha,1_104_VanA,1,229.8,0.9517,3.7e-68,NZ_LGDY01000091.1,477796,478831,-1,Nocardia sp. NRRL S-836,Bacteria; Bacillati; Actinomycetota; Actinomycetes; Mycobacteriales; Nocardiaceae; Nocardia,0,1_104_VanA#33,core,0.7433,1,0,0,1,regulator > [alpha] > hypothetical > reductase
NZ_LGLN01000099.1:79001-80066:1,WP_054088209.1,ABJ99_RS25860,,aromatic ring-hydroxylating dioxygenase subunit alpha,1_104_VanA,1,741.0,0.9858,1.3e-223,NZ_LGLN01000099.1,79001,80066,1,Pseudomonas syringae pv. cilantro,Bacteria; Pseudomonadati; Pseudomonadota; Gammaproteobacteria; Pseudomonadales; Pseudomonadaceae; Pseudomonas; Pseudomonas syringae,0,1_104_VanA#0,core,0.9094,0,0,0,0,regulator > [alpha] > reductase
NZ_LGRC01000029.1:48471-49533:1,WP_053570810.1,ACU09_RS27705,,aromatic ring-hydroxylating dioxygenase subunit alpha,1_104_VanA,1,125.3,0.4886,2.2e-36,NZ_LGRC01000029.1,48471,49533,1,Caballeronia cordobensis,Bacteria; Pseudomonadati; Pseudomonadota; Betaproteobacteria; Burkholderiales; Burkholderiaceae; Caballeronia,0,1_104_VanA#1,core,0.8742,2,0,1,1,ferredoxin > transposon > [alpha] > reductase > other > hydrolase > regulator > reductase > other > dehydrogenase > dehydrogenase > other > reductase
NZ_LGSI01000074.1:268682-269741:-1,WP_065836594.1,AFK24_RS29445,,aromatic ring-hydroxylating dioxygenase subunit alpha,1_104_VanA,1,764.8,0.9972,7.6e-231,NZ_LGSI01000074.1,268682,269741,-1,Pseudomonas syringae,Bacteria; Pseudomonadati; Pseudomonadota; Gammaproteobacteria; Pseudomonadales; Pseudomonadaceae; Pseudomonas,0,1_104_VanA#0,core,0.9097,0,0,0,0,[alpha] > reductase
NZ_LGUR01000117.1:47097-48168:1,WP_048579269.1,ADK36_RS12075,,aromatic ring-hydroxylating dioxygenase subunit alpha,1_104_VanA,1,226.2,0.9716,4.4e-67,NZ_LGUR01000117.1,47097,48168,1,Streptomyces viridochromogenes,Bacteria; Bacillati; Actinomycetota; Actinomycetes; Kitasatosporales; Streptomycetaceae; Streptomyces,0,1_104_VanA#10,core,0.941,1,0,0,1,[alpha] > hypothetical > reductase
NZ_LHUJ01000285.1:84430-85507:1,WP_019302967.1,ADT25_RS16455,,aromatic ring-hydroxylating dioxygenase subunit alpha,1_104_VanA,1,371.8,0.9801,2.5e-111,NZ_LHUJ01000285.1,84430,85507,1,Xanthomonas oryzae,Bacteria; Pseudomonadati; Pseudomonadota; Gammaproteobacteria; Lysobacterales; Lysobacteraceae; Xanthomonas,0,1_104_VanA#8,core,0.9128,1,0,0,1,[alpha] > reductase
NZ_LIOM01000004.1:489004-490030:1,WP_034382290.1,ASC53_RS11420,,aromatic ring-hydroxylating dioxygenase subunit alpha,1_104_VanA,1,110.8,0.4886,5.5e-32,NZ_LIOM01000004.1,489004,490030,1,Comamonas thiooxydans,Bacteria; Pseudomonadati; Pseudomonadota; Betaproteobacteria; Burkholderiales; Comamonadaceae; Comamonas,0,1_104_VanA#11,core,0.9385,0,0,0,0,transporter > transposon > [alpha] > reductase
NZ_LIQF01000009.1:30763-31852:-1,WP_055463802.1,ASC49_RS13575,,aromatic ring-hydroxylating dioxygenase subunit alpha,1_104_VanA,1,640.7,0.9801,4.1e-193,NZ_LIQF01000009.1,30763,31852,-1,Marinomonas fungiae,Bacteria; Pseudomonadati; Pseudomonadota; Gammaproteobacteria; Oceanospirillales; Oceanospirillaceae; Marinomonas,0,1_104_VanA#0,core,0.6959,0,0,0,0,[alpha] > reductase
NZ_LIPG01000004.1:81761-82874:1,WP_073749439.1,AMK10_RS20975,,aromatic ring-hydroxylating dioxygenase subunit alpha,1_104_VanA,1,343.1,0.9773,1.3e-102,NZ_LIPG01000004.1,81761,82874,1,Streptomyces sp. CB02058,Bacteria; Bacillati; Actinomycetota; Actinomycetes; Kitasatosporales; Streptomycetaceae; Streptomyces,0,1_104_VanA#6,core,0.84,0,0,0,0,[alpha] > reductase > transporter
NZ_LIWB01000010.1:272992-274063:1,WP_073935083.1,AMK33_RS24390,,aromatic ring-hydroxylating dioxygenase subunit alpha,1_104_VanA,1,216.0,0.9688,5.8e-64,NZ_LIWB01000010.1,272992,274063,1,Streptomyces sp. CB02400,Bacteria; Bacillati; Actinomycetota; Actinomycetes; Kitasatosporales; Streptomycetaceae; Streptomyces,0,1_104_VanA#10,core,0.898,0,0,0,0,[alpha] > hypothetical > reductase
NZ_LIVY01000011.1:225944-227114:-1,WP_073969240.1,AMK30_RS30195,,aromatic ring-hydroxylating dioxygenase subunit alpha,1_104_VanA,1,91.4,0.4574,4.3e-26,NZ_LIVY01000011.1,225944,227114,-1,Streptomyces sp. CB02460,Bacteria; Bacillati; Actinomycetota; Actinomycetes; Kitasatosporales; Streptomycetaceae; Streptomyces,0,1_104_VanA#7,divergent,0.453,0,0,0,0,[alpha]
NZ_LIYH01000008.1:335777-336821:-1,WP_073759156.1,AMK26_RS32335,,aromatic ring-hydroxylating dioxygenase subunit alpha,1_104_VanA,1,229.2,0.9602,5.3e-68,NZ_LIYH01000008.1,335777,336821,-1,Streptomyces sp. CB03234,Bacteria; Bacillati; Actinomycetota; Actinomycetes; Kitasatosporales; Streptomycetaceae; Streptomyces,0,1_104_VanA#72,core,0.7475,1,0,0,1,transporter > [alpha] > reductase > hydrolase > other > other > reductase > other > other
NZ_LJHP01000003.1:93267-94377:1,WP_054133760.1,IP68_RS04410,,aromatic ring-hydroxylating dioxygenase subunit alpha,1_104_VanA,1,650.6,0.9801,4.2e-196,NZ_LJHP01000003.1,93267,94377,1,Blastomonas sp. AAP25,Bacteria; Pseudomonadati; Pseudomonadota; Alphaproteobacteria; Sphingomonadales; Sphingomonadaceae; Blastomonas,0,1_104_VanA#0,core,0.756,0,0,0,0,[alpha]
NZ_LJPO01000210.1:20391-21456:1,WP_003344931.1,ALO42_RS23470,,aromatic ring-hydroxylating dioxygenase subunit alpha,1_104_VanA,1,746.5,0.9773,2.9e-225,NZ_LJPO01000210.1,20391,21456,1,Pseudomonas syringae pv. atrofaciens,Bacteria; Pseudomonadati; Pseudomonadota; Gammaproteobacteria; Pseudomonadales; Pseudomonadaceae; Pseudomonas; Pseudomonas syringae,0,1_104_VanA#0,core,0.9465,0,0,0,0,regulator > [alpha] > reductase
NZ_LJIB01000002.1:176248-177310:1,WP_054147771.1,IP85_RS00855,,aromatic ring-hydroxylating dioxygenase subunit alpha,1_104_VanA,1,359.0,0.9801,1.8e-107,NZ_LJIB01000002.1,176248,177310,1,Rhizobium sp. AAP116,Bacteria; Pseudomonadati; Pseudomonadota; Alphaproteobacteria; Hyphomicrobiales; Rhizobiaceae; Rhizobium/Agrobacterium group; Rhizobium,0,1_104_VanA#19,core,0.7029,1,0,0,1,[alpha] > regulator > reductase
NZ_LJQB01000075.1:271768-272833:1,WP_054994147.1,ALO92_RS19845,,aromatic ring-hydroxylating dioxygenase subunit alpha,1_104_VanA,1,746.4,0.9773,3.2e-225,NZ_LJQB01000075.1,271768,272833,1,Pseudomonas congelans,Bacteria; Pseudomonadati; Pseudomonadota; Gammaproteobacteria; Pseudomonadales; Pseudomonadaceae; Pseudomonas,0,1_104_VanA#0,core,0.9403,0,0,0,0,regulator > [alpha] > reductase
NZ_LJQF01000076.1:18629-19694:1,WP_044320734.1,ALO73_RS02945,,aromatic ring-hydroxylating dioxygenase subunit alpha,1_104_VanA,1,744.6,0.9886,1.1e-224,NZ_LJQF01000076.1,18629,19694,1,Pseudomonas syringae pv. daphniphylli,Bacteria; Pseudomonadati; Pseudomonadota; Gammaproteobacteria; Pseudomonadales; Pseudomonadaceae; Pseudomonas; Pseudomonas syringae,0,1_104_VanA#0,core,0.9248,0,0,0,0,regulator > [alpha] > reductase
NZ_LJRC01000046.1:26735-27800:-1,WP_057408243.1,ALO52_RS03085,,aromatic ring-hydroxylating dioxygenase subunit alpha,1_104_VanA,1,733.2,0.9915,3.2e-221,NZ_LJRC01000046.1,26735,27800,-1,Pseudomonas syringae pv. primulae,Bacteria; Pseudomonadati; Pseudomonadota; Gammaproteobacteria; Pseudomonadales; Pseudomonadaceae; Pseudomonas,0,1_104_VanA#0,core,0.8454,0,0,0,0,[alpha] > reductase
NZ_LJRP01000055.1:46616-47681:-1,WP_003344931.1,ALO85_RS10990,,aromatic ring-hydroxylating dioxygenase subunit alpha,1_104_VanA,1,746.5,0.9773,2.9e-225,NZ_LJRP01000055.1,46616,47681,-1,Pseudomonas syringae pv. aptata,Bacteria; Pseudomonadati; Pseudomonadota; Gammaproteobacteria; Pseudomonadales; Pseudomonadaceae; Pseudomonas; Pseudomonas syringae,0,1_104_VanA#0,core,0.9465,0,0,0,0,regulator > [alpha] > reductase
NZ_LJRQ01000157.1:16184-17249:1,WP_005731856.1,ALO41_RS09155,,aromatic ring-hydroxylating dioxygenase subunit alpha,1_104_VanA,1,743.8,0.9886,1.9e-224,NZ_LJRQ01000157.1,16184,17249,1,Pseudomonas amygdali pv. ulmi,Bacteria; Pseudomonadati; Pseudomonadota; Gammaproteobacteria; Pseudomonadales; Pseudomonadaceae; Pseudomonas; Pseudomonas amygdali,0,1_104_VanA#0,core,0.9279,0,0,0,0,[alpha] > reductase
NZ_LJRF01000168.1:261-1326:1,WP_004882347.1,ALO47_RS20830,,aromatic ring-hydroxylating dioxygenase subunit alpha,1_104_VanA,1,733.4,0.9915,2.7e-221,NZ_LJRF01000168.1,261,1326,1,Pseudomonas syringae pv. ribicola,Bacteria; Pseudomonadati; Pseudomonadota; Gammaproteobacteria; Pseudomonadales; Pseudomonadaceae; Pseudomonas,0,1_104_VanA#0,core,0.8428,0,0,0,0,[alpha] > reductase
NZ_LJRO01000458.1:109782-110847:-1,WP_024670787.1,ALO43_RS24790,,aromatic ring-hydroxylating dioxygenase subunit alpha,1_104_VanA,1,739.4,0.983,4e-223,NZ_LJRO01000458.1,109782,110847,-1,Pseudomonas tremae,Bacteria; Pseudomonadati; Pseudomonadota; Gammaproteobacteria; Pseudomonadales; Pseudomonadaceae; Pseudomonas,0,1_104_VanA#0,core,0.9335,0,0,0,0,regulator > [alpha] > reductase
NZ_LJQR01000181.1:16991-18056:1,WP_044390056.1,ALO84_RS21205,,aromatic ring-hydroxylating dioxygenase subunit alpha,1_104_VanA,1,742.7,0.9886,4.1e-224,NZ_LJQR01000181.1,16991,18056,1,Pseudomonas syringae pv. maculicola,Bacteria; Pseudomonadati; Pseudomonadota; Gammaproteobacteria; Pseudomonadales; Pseudomonadaceae; Pseudomonas,0,1_104_VanA#0,core,0.9281,0,0,0,0,regulator > [alpha] > reductase
NZ_LJRR01000283.1:6210-7275:1,WP_024679063.1,ALO40_RS17095,,aromatic ring-hydroxylating dioxygenase subunit alpha,1_104_VanA,1,742.7,0.9886,4.2e-224,NZ_LJRR01000283.1,6210,7275,1,Pseudomonas syringae pv. viburni,Bacteria; Pseudomonadati; Pseudomonadota; Gammaproteobacteria; Pseudomonadales; Pseudomonadaceae; Pseudomonas,0,1_104_VanA#0,core,0.9281,0,0,0,0,regulator > [alpha] > reductase
NZ_LJXB01000088.1:29818-30865:1,WP_057399449.1,AN403_RS21910,,aromatic ring-hydroxylating dioxygenase subunit alpha,1_104_VanA,1,773.7,0.983,1.5e-233,NZ_LJXB01000088.1,29818,30865,1,Pseudomonas fluorescens,Bacteria; Pseudomonadati; Pseudomonadota; Gammaproteobacteria; Pseudomonadales; Pseudomonadaceae; Pseudomonas,0,1_104_VanA#0,core,0.9317,0,0,0,0,dehydrogenase > [alpha] > reductase
NZ_LJYG01000110.1:38300-39350:1,WP_057756895.1,AOQ71_RS34555,,aromatic ring-hydroxylating dioxygenase subunit alpha,1_104_VanA,1,359.3,0.9801,1.6e-107,NZ_LJYG01000110.1,38300,39350,1,Bradyrhizobium manausense,Bacteria; Pseudomonadati; Pseudomonadota; Alphaproteobacteria; Hyphomicrobiales; Nitrobacteraceae; Bradyrhizobium,0,1_104_VanA#5,core,0.8548,1,0,0,1,[alpha] > regulator > reductase
NZ_LJYF01000004.1:233397-234447:1,WP_057026217.1,AOQ72_RS03435,,aromatic ring-hydroxylating dioxygenase subunit alpha,1_104_VanA,1,362.6,0.9801,1.5e-108,NZ_LJYF01000004.1,233397,234447,1,Bradyrhizobium yuanmingense,Bacteria; Pseudomonadati; Pseudomonadota; Alphaproteobacteria; Hyphomicrobiales; Nitrobacteraceae; Bradyrhizobium,0,1_104_VanA#5,core,0.9201,0,0,0,0,[alpha] > regulator > reductase
NZ_LJYG01000029.1:20775-21849:1,WP_057743342.1,AOQ71_RS06520,,aromatic ring-hydroxylating dioxygenase subunit alpha,1_104_VanA,1,339.3,0.9858,1.9e-101,NZ_LJYG01000029.1,20775,21849,1,Bradyrhizobium manausense,Bacteria; Pseudomonadati; Pseudomonadota; Alphaproteobacteria; Hyphomicrobiales; Nitrobacteraceae; Bradyrhizobium,0,1_104_VanA#31,core,0.8416,1,0,0,1,[alpha] > reductase
NZ_LKEF01000023.1:98485-99547:-1,WP_058420703.1,AO063_RS11570,,aromatic ring-hydroxylating dioxygenase subunit alpha,1_104_VanA,1,756.6,0.9943,2.5e-228,NZ_LKEF01000023.1,98485,99547,-1,Pseudomonas fluorescens ICMP 11288,Bacteria; Pseudomonadati; Pseudomonadota; Gammaproteobacteria; Pseudomonadales; Pseudomonadaceae; Pseudomonas,0,1_104_VanA#0,core,0.9342,0,0,0,0,[alpha] > reductase
NZ_LKEG01000036.1:243359-244421:-1,WP_064053519.1,AO064_RS12700,,aromatic ring-hydroxylating dioxygenase subunit alpha,1_104_VanA,1,760.7,0.9943,1.4e-229,NZ_LKEG01000036.1,243359,244421,-1,Pseudomonas marginalis,Bacteria; Pseudomonadati; Pseudomonadota; Gammaproteobacteria; Pseudomonadales; Pseudomonadaceae; Pseudomonas,0,1_104_VanA#0,core,0.9342,0,0,0,0,[alpha] > reductase
NZ_LKKP01000167.1:15514-16591:1,WP_017156466.1,AO826_RS16420,,aromatic ring-hydroxylating dioxygenase subunit alpha,1_104_VanA,1,381.7,0.9801,2.4e-114,NZ_LKKP01000167.1,15514,16591,1,Xanthomonas phaseoli pv. manihotis,Bacteria; Pseudomonadati; Pseudomonadota; Gammaproteobacteria; Lysobacterales; Lysobacteraceae; Xanthomonas,0,1_104_VanA#8,core,0.9627,1,0,0,1,[alpha] > reductase
NZ_LKEN01000001.1:140013-141078:1,WP_003370890.1,AO071_RS00360,,aromatic ring-hydroxylating dioxygenase subunit alpha,1_104_VanA,1,744.5,0.9858,1.1e-224,NZ_LKEN01000001.1,140013,141078,1,Pseudomonas syringae,Bacteria; Pseudomonadati; Pseudomonadota; Gammaproteobacteria; Pseudomonadales; Pseudomonadaceae; Pseudomonas,0,1_104_VanA#0,core,0.9373,0,0,0,0,regulator > [alpha] > reductase
NZ_LLEZ01000043.1:411-1488:1,WP_025095739.1,APD01_RS04055,,aromatic ring-hydroxylating dioxygenase subunit alpha,1_104_VanA,1,684.7,0.9773,1.8e-206,NZ_LLEZ01000043.1,411,1488,1,Acinetobacter soli,Bacteria; Pseudomonadati; Pseudomonadota; Gammaproteobacteria; Moraxellales; Moraxellaceae; Acinetobacter,0,1_104_VanA#0,core,0.9272,0,0,0,0,[alpha] > reductase
NZ_LLWF02000030.1:45140-46205:1,WP_076970269.1,APZ41_RS10970,,aromatic ring-hydroxylating dioxygenase subunit alpha,1_104_VanA,1,352.8,0.9688,1.5e-105,NZ_LLWF02000030.1,45140,46205,1,Roseomonas mucosa,Bacteria; Pseudomonadati; Pseudomonadota; Alphaproteobacteria; Acetobacterales; Roseomonadaceae; Roseomonas,0,1_104_VanA#5,core,0.7169,1,0,0,1,transporter > transporter > transporter > transporter > transporter > [alpha] > regulator > reductase
NZ_LLWF02000088.1:5058-6108:1,WP_058389821.1,APZ41_RS17850,,aromatic ring-hydroxylating dioxygenase subunit alpha,1_104_VanA,1,105.8,0.4545,1.8e-30,NZ_LLWF02000088.1,5058,6108,1,Roseomonas mucosa,Bacteria; Pseudomonadati; Pseudomonadota; Alphaproteobacteria; Acetobacterales; Roseomonadaceae; Roseomonas,0,1_104_VanA#17,divergent,0.4186,1,0,0,1,transposon > transporter > transporter > transporter > [alpha] > reductase > hydrolase > regulator > other > reductase > other > dehydrogenase > dehydrogenase > reductase > other > other
NZ_LKIU01000006.1:19213-20341:-1,WP_055242327.1,AO716_RS14625,,aromatic ring-hydroxylating dioxygenase subunit alpha,1_104_VanA,1,331.3,0.9659,5e-99,NZ_LKIU01000006.1,19213,20341,-1,Arthrobacter sp. Edens01,Bacteria; Bacillati; Actinomycetota; Actinomycetes; Micrococcales; Micrococcaceae; Arthrobacter,0,1_104_VanA#6,core,0.8719,0,0,0,0,[alpha] > reductase
NZ_LLWH01000220.1:90707-91766:1,WP_055104679.1,AQS70_RS21115,,aromatic ring-hydroxylating dioxygenase subunit alpha,1_104_VanA,1,758.6,0.9915,6e-229,NZ_LLWH01000220.1,90707,91766,1,Pseudomonas endophytica,Bacteria; Pseudomonadati; Pseudomonadota; Gammaproteobacteria; Pseudomonadales; Pseudomonadaceae; Pseudomonas,0,1_104_VanA#0,core,0.8452,0,0,0,0,[alpha] > reductase
NZ_LLXZ01000104.1:8919-9969:1,WP_057836463.1,CQ12_RS17040,,aromatic ring-hydroxylating dioxygenase subunit alpha,1_104_VanA,1,373.1,0.983,9.7e-112,NZ_LLXZ01000104.1,8919,9969,1,Bradyrhizobium jicamae,Bacteria; Pseudomonadati; Pseudomonadota; Alphaproteobacteria; Hyphomicrobiales; Nitrobacteraceae; Bradyrhizobium,0,1_104_VanA#5,core,0.8185,0,0,0,0,[alpha] > regulator > reductase
NZ_LLXZ01000159.1:59953-61027:-1,WP_057838167.1,CQ12_RS26155,,aromatic ring-hydroxylating dioxygenase subunit alpha,1_104_VanA,1,340.3,0.983,9.3e-102,NZ_LLXZ01000159.1,59953,61027,-1,Bradyrhizobium jicamae,Bacteria; Pseudomonadati; Pseudomonadota; Alphaproteobacteria; Hyphomicrobiales; Nitrobacteraceae; Bradyrhizobium,0,1_104_VanA#34,core,0.8785,1,0,0,1,[alpha] > reductase
NZ_LLXY01000218.1:14142-15192:1,WP_057850031.1,CQ10_RS37925,,aromatic ring-hydroxylating dioxygenase subunit alpha,1_104_VanA,1,374.1,0.983,4.7e-112,NZ_LLXY01000218.1,14142,15192,1,Bradyrhizobium valentinum,Bacteria; Pseudomonadati; Pseudomonadota; Alphaproteobacteria; Hyphomicrobiales; Nitrobacteraceae; Bradyrhizobium,0,1_104_VanA#5,core,0.8217,0,0,0,0,[alpha] > regulator > reductase
NZ_LLZG01000013.1:54785-55856:1,WP_062698395.1,ADL12_RS03670,,aromatic ring-hydroxylating dioxygenase subunit alpha,1_104_VanA,1,226.5,0.9716,3.7e-67,NZ_LLZG01000013.1,54785,55856,1,Streptomyces regalis,Bacteria; Bacillati; Actinomycetota; Actinomycetes; Kitasatosporales; Streptomycetaceae; Streptomyces,0,1_104_VanA#10,core,0.901,1,0,0,1,[alpha] > hypothetical > reductase
NZ_LLYB01000099.1:10382-11432:1,WP_057861181.1,CQ14_RS28705,,aromatic ring-hydroxylating dioxygenase subunit alpha,1_104_VanA,1,370.0,0.9801,8.4e-111,NZ_LLYB01000099.1,10382,11432,1,Bradyrhizobium lablabi,Bacteria; Pseudomonadati; Pseudomonadota; Alphaproteobacteria; Hyphomicrobiales; Nitrobacteraceae; Bradyrhizobium,0,1_104_VanA#5,core,0.8147,0,0,0,0,[alpha] > regulator > reductase
NZ_LLYA01000013.1:144390-145440:1,WP_057841805.1,CQ13_RS04520,,aromatic ring-hydroxylating dioxygenase subunit alpha,1_104_VanA,1,378.5,0.983,2.2e-113,NZ_LLYA01000013.1,144390,145440,1,Bradyrhizobium retamae,Bacteria; Pseudomonadati; Pseudomonadota; Alphaproteobacteria; Hyphomicrobiales; Nitrobacteraceae; Bradyrhizobium,0,1_104_VanA#5,core,0.8376,0,0,0,0,[alpha] > regulator > reductase
NZ_LMCV01000045.1:188612-189647:1,WP_056745372.1,ASC74_RS26380,,aromatic ring-hydroxylating dioxygenase subunit alpha,1_104_VanA,1,104.3,0.4943,5.3e-30,NZ_LMCV01000045.1,188612,189647,1,Pseudomonas sp. Root329,Bacteria; Pseudomonadati; Pseudomonadota; Gammaproteobacteria; Pseudomonadales; Pseudomonadaceae; Pseudomonas,0,1_104_VanA#21,core,0.9424,1,0,0,1,reductase > other > hydrolase > regulator > reductase > other > dehydrogenase > dehydrogenase > other > reductase > hypothetical > transposon > [alpha] > hydrolase > reductase
NZ_LMCQ01000021.1:267206-268313:-1,WP_055804984.1,ASC78_RS19770,,aromatic ring-hydroxylating dioxygenase subunit alpha,1_104_VanA,1,377.8,0.9773,3.6e-113,NZ_LMCQ01000021.1,267206,268313,-1,Variovorax sp. Root318D1,Bacteria; Pseudomonadati; Pseudomonadota; Betaproteobacteria; Burkholderiales; Comamonadaceae; Variovorax,0,1_104_VanA#14,core,0.7714,1,0,0,1,[alpha] > regulator > reductase
NZ_LMCV01000003.1:43273-44332:-1,WP_056739810.1,ASC74_RS05195,,aromatic ring-hydroxylating dioxygenase subunit alpha,1_104_VanA,1,766.5,0.9943,2.3e-231,NZ_LMCV01000003.1,43273,44332,-1,Pseudomonas sp. Root329,Bacteria; Pseudomonadati; Pseudomonadota; Gammaproteobacteria; Pseudomonadales; Pseudomonadaceae; Pseudomonas,0,1_104_VanA#0,core,0.9185,0,0,0,0,[alpha] > reductase
NZ_LMDI01000045.1:212321-213350:1,WP_056669364.1,ASC87_RS25215,,aromatic ring-hydroxylating dioxygenase subunit alpha,1_104_VanA,1,624.0,0.9631,4.9e-188,NZ_LMDI01000045.1,212321,213350,1,Rhizobacter sp. Root1221,Bacteria; Pseudomonadati; Pseudomonadota; Betaproteobacteria; Burkholderiales; Rhizobacter,0,1_104_VanA#0,core,0.6656,1,0,0,1,other > other > other > other > reductase > [alpha] > reductase
NZ_LMDJ01000023.1:154337-155393:1,WP_057156345.1,ASD15_RS17875,,aromatic ring-hydroxylating dioxygenase subunit alpha,1_104_VanA,1,739.4,0.9858,4.1e-223,NZ_LMDJ01000023.1,154337,155393,1,Massilia sp. Root351,Bacteria; Pseudomonadati; Pseudomonadota; Betaproteobacteria; Burkholderiales; Oxalobacteraceae; Telluria group; Massilia,0,1_104_VanA#0,core,0.8031,0,0,0,0,[alpha] > reductase > transporter
NZ_LMDW01000018.1:42232-43288:1,WP_056520073.1,ASC92_RS22135,,aromatic ring-hydroxylating dioxygenase subunit alpha,1_104_VanA,1,724.0,0.9858,1.9e-218,NZ_LMDW01000018.1,42232,43288,1,Variovorax sp. Root411,Bacteria; Pseudomonadati; Pseudomonadota; Betaproteobacteria; Burkholderiales; Comamonadaceae; Variovorax,0,1_104_VanA#0,core,0.8168,0,0,0,0,transporter > [alpha] > reductase > regulator > regulator
NZ_LMEC01000002.1:100022-101048:1,WP_056392495.1,ASC94_RS06215,,aromatic ring-hydroxylating dioxygenase subunit alpha,1_104_VanA,1,99.2,0.483,1.9e-28,NZ_LMEC01000002.1,100022,101048,1,Massilia sp. Root418,Bacteria; Pseudomonadati; Pseudomonadota; Betaproteobacteria; Burkholderiales; Oxalobacteraceae; Telluria group; Massilia,0,1_104_VanA#16,core,0.7468,1,0,0,1,transporter > reductase > other > hydrolase > regulator > reductase > other > dehydrogenase > dehydrogenase > other > transposon > [alpha] > reductase
NZ_LMDO01000023.1:120648-121734:-1,WP_057450682.1,ASC85_RS17615,,aromatic ring-hydroxylating dioxygenase subunit alpha,1_104_VanA,1,774.8,0.9943,7.2e-234,NZ_LMDO01000023.1,120648,121734,-1,Pseudomonas sp. Root401,Bacteria; Pseudomonadati; Pseudomonadota; Gammaproteobacteria; Pseudomonadales; Pseudomonadaceae; Pseudomonas,0,1_104_VanA#0,core,0.9128,0,0,0,0,[alpha] > reductase
NZ_LMEK01000022.1:118163-119219:1,WP_056595209.1,ASD05_RS18080,,aromatic ring-hydroxylating dioxygenase subunit alpha,1_104_VanA,1,726.1,0.9886,4.4e-219,NZ_LMEK01000022.1,118163,119219,1,Variovorax sp. Root434,Bacteria; Pseudomonadati; Pseudomonadota; Betaproteobacteria; Burkholderiales; Comamonadaceae; Variovorax,0,1_104_VanA#0,core,0.8043,0,0,0,0,transporter > [alpha] > reductase > regulator
NZ_LMDW01000020.1:421482-422505:1,WP_056521920.1,ASC92_RS26480,,aromatic ring-hydroxylating dioxygenase subunit alpha,1_104_VanA,1,101.5,0.4858,3.5e-29,NZ_LMDW01000020.1,421482,422505,1,Variovorax sp. Root411,Bacteria; Pseudomonadati; Pseudomonadota; Betaproteobacteria; Burkholderiales; Comamonadaceae; Variovorax,0,1_104_VanA#22,core,0.7818,1,0,0,1,other > transporter > transposon > [alpha] > reductase > transporter > transporter
NZ_LMEV01000019.1:91422-92532:1,WP_056582989.1,ASD34_RS23535,,aromatic ring-hydroxylating dioxygenase subunit alpha,1_104_VanA,1,379.1,0.9773,1.5e-113,NZ_LMEV01000019.1,91422,92532,1,Variovorax sp. Root473,Bacteria; Pseudomonadati; Pseudomonadota; Betaproteobacteria; Burkholderiales; Comamonadaceae; Variovorax,0,1_104_VanA#14,core,0.7618,0,0,0,0,[alpha] > regulator > reductase
NZ_LMFP01000027.1:62979-64008:1,WP_056876196.1,ASD35_RS17215,,aromatic ring-hydroxylating dioxygenase subunit alpha,1_104_VanA,1,617.5,0.9631,4.6e-186,NZ_LMFP01000027.1,62979,64008,1,Pelomonas sp. Root1444,Bacteria; Pseudomonadati; Pseudomonadota; Betaproteobacteria; Burkholderiales; Sphaerotilaceae; Roseateles,0,1_104_VanA#0,core,0.7172,1,0,0,1,other > other > other > other > reductase > [alpha] > reductase
NZ_LMGD01000022.1:259563-260613:1,WP_062556210.1,ASD54_RS19500,,aromatic ring-hydroxylating dioxygenase subunit alpha,1_104_VanA,1,354.3,0.9744,5e-106,NZ_LMGD01000022.1,259563,260613,1,Rhizobium sp. Root149,Bacteria; Pseudomonadati; Pseudomonadota; Alphaproteobacteria; Hyphomicrobiales; Rhizobiaceae; Rhizobium/Agrobacterium group; Rhizobium,0,1_104_VanA#14,core,0.7235,1,0,0,1,other > [alpha] > regulator > reductase
NZ_LMFQ01000024.1:165829-166900:1,WP_056444593.1,ASD21_RS18180,,aromatic ring-hydroxylating dioxygenase subunit alpha,1_104_VanA,1,613.6,0.9631,7.1e-185,NZ_LMFQ01000024.1,165829,166900,1,Caulobacter sp. Root1455,Bacteria; Pseudomonadati; Pseudomonadota; Alphaproteobacteria; Caulobacterales; Caulobacteraceae; Caulobacter,0,1_104_VanA#0,core,0.6593,0,0,0,0,other > hypothetical > other > [alpha]
NZ_LMHS01000005.1:93443-94571:-1,WP_056125157.1,ASD93_RS15625,,aromatic ring-hydroxylating dioxygenase subunit alpha,1_104_VanA,1,331.8,0.9886,3.5e-99,NZ_LMHS01000005.1,93443,94571,-1,Microbacterium sp. Root180,Bacteria; Bacillati; Actinomycetota; Actinomycetes; Micrococcales; Microbacteriaceae; Microbacterium,0,1_104_VanA#6,core,0.7809,0,0,0,0,[alpha] > reductase
NZ_LMHZ01000003.1:109537-110584:-1,WP_057289333.1,ASE07_RS02860,,aromatic ring-hydroxylating dioxygenase subunit alpha,1_104_VanA,1,702.8,0.9716,5.6e-212,NZ_LMHZ01000003.1,109537,110584,-1,Noviherbaspirillum sp. Root189,Bacteria; Pseudomonadati; Pseudomonadota; Betaproteobacteria; Burkholderiales; Oxalobacteraceae; Noviherbaspirillum,0,1_104_VanA#0,core,0.7841,0,0,0,0,[alpha] > regulator
NZ_LMHK01000005.1:22720-23767:-1,WP_056314092.1,ASD83_RS19505,,aromatic ring-hydroxylating dioxygenase subunit alpha,1_104_VanA,1,358.3,0.9716,3e-107,NZ_LMHK01000005.1,22720,23767,-1,Devosia sp. Root685,Bacteria; Pseudomonadati; Pseudomonadota; Alphaproteobacteria; Hyphomicrobiales; Devosiaceae; Devosia,0,1_104_VanA#5,core,0.738,0,0,0,0,[alpha] > regulator > reductase > other
NZ_LMIB01000020.1:43851-44880:1,WP_056384034.1,ASE00_RS22370,,aromatic ring-hydroxylating dioxygenase subunit alpha,1_104_VanA,1,385.3,0.9602,1.9e-115,NZ_LMIB01000020.1,43851,44880,1,Sphingomonas sp. Root710,Bacteria; Pseudomonadati; Pseudomonadota; Alphaproteobacteria; Sphingomonadales; Sphingomonadaceae; Sphingomonas,0,1_104_VanA#20,divergent,0.4618,0,0,0,0,regulator > reductase > hydrolase > [alpha] > ro_alpha > ro_beta > reductase > transposon > other
NZ_LMIH01000006.1:564080-565112:-1,WP_057200713.1,ASE31_RS06600,,aromatic ring-hydroxylating dioxygenase subunit alpha,1_104_VanA,1,687.2,0.9716,3.1e-207,NZ_LMIH01000006.1,564080,565112,-1,Acidovorax sp. Root217,Bacteria; Pseudomonadati; Pseudomonadota; Betaproteobacteria; Burkholderiales; Comamonadaceae; Acidovorax,0,1_104_VanA#0,core,0.8101,0,0,0,0,[alpha] > reductase
NZ_LMIE01000022.1:400055-401090:1,WP_056272099.1,ASE11_RS13395,,aromatic ring-hydroxylating dioxygenase subunit alpha,1_104_VanA,1,654.4,0.9744,2.9e-197,NZ_LMIE01000022.1,400055,401090,1,Hydrogenophaga sp. Root209,Bacteria; Pseudomonadati; Pseudomonadota; Betaproteobacteria; Burkholderiales; Comamonadaceae; Hydrogenophaga,0,1_104_VanA#0,core,0.6952,0,0,0,0,transporter > reductase > dehydrogenase > [alpha] > transporter > transporter > transporter > transporter > transporter
NZ_LMIE01000029.1:547854-548883:-1,WP_056273691.1,ASE11_RS16120,,aromatic ring-hydroxylating dioxygenase subunit alpha,1_104_VanA,1,98.6,0.4801,2.7e-28,NZ_LMIE01000029.1,547854,548883,-1,Hydrogenophaga sp. Root209,Bacteria; Pseudomonadati; Pseudomonadota; Betaproteobacteria; Burkholderiales; Comamonadaceae; Hydrogenophaga,0,1_104_VanA#76,core,0.8355,0,0,0,0,other > transposon > [alpha] > reductase
NZ_LMIE01000031.1:186809-187847:-1,WP_056275358.1,ASE11_RS19375,,aromatic ring-hydroxylating dioxygenase subunit alpha,1_104_VanA,1,690.0,0.9716,4.2e-208,NZ_LMIE01000031.1,186809,187847,-1,Hydrogenophaga sp. Root209,Bacteria; Pseudomonadati; Pseudomonadota; Betaproteobacteria; Burkholderiales; Comamonadaceae; Hydrogenophaga,0,1_104_VanA#0,core,0.754,0,0,0,0,regulator > [alpha] > reductase > transporter
NZ_LMIJ01000011.1:831622-832654:-1,WP_057267191.1,ASE28_RS14545,,aromatic ring-hydroxylating dioxygenase subunit alpha,1_104_VanA,1,689.7,0.9716,5.4e-208,NZ_LMIJ01000011.1,831622,832654,-1,Acidovorax sp. Root219,Bacteria; Pseudomonadati; Pseudomonadota; Betaproteobacteria; Burkholderiales; Comamonadaceae; Acidovorax,0,1_104_VanA#0,core,0.8133,0,0,0,0,[alpha] > reductase
NZ_LMJH01000009.1:88427-89483:1,WP_010464367.1,ASE52_RS15490,,aromatic ring-hydroxylating dioxygenase subunit alpha,1_104_VanA,1,684.6,0.9886,1.9e-206,NZ_LMJH01000009.1,88427,89483,1,Acidovorax sp. Root275,Bacteria; Pseudomonadati; Pseudomonadota; Betaproteobacteria; Burkholderiales; Comamonadaceae; Acidovorax,0,1_104_VanA#0,core,0.7944,0,0,0,0,[alpha] > reductase
NZ_LMJY01000017.1:219321-220425:-1,WP_056772966.1,ASE49_RS12665,,aromatic ring-hydroxylating dioxygenase subunit alpha,1_104_VanA,1,628.2,0.9716,2.7e-189,NZ_LMJY01000017.1,219321,220425,-1,Novosphingobium sp. Leaf2,Bacteria; Pseudomonadati; Pseudomonadota; Alphaproteobacteria; Sphingomonadales; Sphingomonadaceae; Novosphingobium,0,1_104_VanA#0,core,0.6997,0,0,0,0,[alpha] > regulator
NZ_LMKH01000003.1:1665-2712:-1,WP_056483274.1,ASE69_RS03860,,aromatic ring-hydroxylating dioxygenase subunit alpha,1_104_VanA,1,323.6,0.9744,1.1e-96,NZ_LMKH01000003.1,1665,2712,-1,Sphingomonas sp. Leaf208,Bacteria; Pseudomonadati; Pseudomonadota; Alphaproteobacteria; Sphingomonadales; Sphingomonadaceae; Sphingomonas,0,1_104_VanA#47,core,0.7079,1,0,0,1,regulator > [alpha] > reductase
NZ_LMKI01000004.1:150882-151944:1,WP_056857997.1,ASE80_RS05425,,aromatic ring-hydroxylating dioxygenase subunit alpha,1_104_VanA,1,758.6,0.9943,6e-229,NZ_LMKI01000004.1,150882,151944,1,Pseudomonas sp. Leaf15,Bacteria; Pseudomonadati; Pseudomonadota; Gammaproteobacteria; Pseudomonadales; Pseudomonadaceae; Pseudomonas,0,1_104_VanA#0,core,0.9404,0,0,0,0,[alpha] > reductase
NZ_LMKE01000034.1:71042-72116:-1,WP_056459750.1,ASE59_RS18125,,aromatic ring-hydroxylating dioxygenase subunit alpha,1_104_VanA,1,622.6,0.9716,1.4e-187,NZ_LMKE01000034.1,71042,72116,-1,Sphingomonas sp. Leaf10,Bacteria; Pseudomonadati; Pseudomonadota; Alphaproteobacteria; Sphingomonadales; Sphingomonadaceae; Sphingomonas,0,1_104_VanA#0,core,0.6869,1,0,0,1,other > [alpha] > reductase
NZ_LMKZ01000012.1:18137-19184:-1,WP_056677551.1,ASE89_RS11015,,aromatic ring-hydroxylating dioxygenase subunit alpha,1_104_VanA,1,325.0,0.9773,4.2e-97,NZ_LMKZ01000012.1,18137,19184,-1,Sphingomonas sp. Leaf30,Bacteria; Pseudomonadati; Pseudomonadota; Alphaproteobacteria; Sphingomonadales; Sphingomonadaceae; Sphingomonas,0,1_104_VanA#47,core,0.7143,0,0,0,0,regulator > [alpha] > reductase
NZ_LMLH01000003.1:40260-41319:-1,WP_060539947.1,ASE98_RS03110,,aromatic ring-hydroxylating dioxygenase subunit alpha,1_104_VanA,1,770.4,0.9943,1.6e-232,NZ_LMLH01000003.1,40260,41319,-1,Pseudomonas sp. Leaf48,Bacteria; Pseudomonadati; Pseudomonadota; Gammaproteobacteria; Pseudomonadales; Pseudomonadaceae; Pseudomonas,0,1_104_VanA#0,core,0.8938,0,0,0,0,[alpha] > reductase
NZ_LMLK01000001.1:388529-389558:1,WP_056231803.1,ASF13_RS01720,,aromatic ring-hydroxylating dioxygenase subunit alpha,1_104_VanA,1,100.7,0.4688,6.6e-29,NZ_LMLK01000001.1,388529,389558,1,Erwinia sp. Leaf53,Bacteria; Pseudomonadati; Pseudomonadota; Gammaproteobacteria; Enterobacterales; Erwiniaceae; Erwinia,0,1_104_VanA#3,core,0.7041,2,0,1,1,ferredoxin > transposon > [alpha] > reductase > regulator > other > reductase > transporter > other > hydrolase > reductase > dehydrogenase > dehydrogenase > other
NZ_LMLZ01000022.1:52995-54054:1,WP_056170965.1,ASF16_RS18850,,aromatic ring-hydroxylating dioxygenase subunit alpha,1_104_VanA,1,693.1,0.9801,4.9e-209,NZ_LMLZ01000022.1,52995,54054,1,Acidovorax sp. Leaf78,Bacteria; Pseudomonadati; Pseudomonadota; Betaproteobacteria; Burkholderiales; Comamonadaceae; Acidovorax,0,1_104_VanA#0,core,0.8013,0,0,0,0,[alpha] > reductase
NZ_LMLM01000028.1:539560-540616:1,WP_056144328.1,ASF04_RS17550,,aromatic ring-hydroxylating dioxygenase subunit alpha,1_104_VanA,1,737.4,0.9801,1.7e-222,NZ_LMLM01000028.1,539560,540616,1,Duganella sp. Leaf61,Bacteria; Pseudomonadati; Pseudomonadota; Betaproteobacteria; Burkholderiales; Oxalobacteraceae; Telluria group; Duganella,0,1_104_VanA#0,core,0.8,1,0,0,1,[alpha] > reductase > transporter
NZ_LMMT01000037.1:198357-199410:-1,WP_056670530.1,ASF45_RS26380,,aromatic ring-hydroxylating dioxygenase subunit alpha,1_104_VanA,1,679.8,0.9801,5.6e-205,NZ_LMMT01000037.1,198357,199410,-1,Pseudorhodoferax sp. Leaf265,Bacteria; Pseudomonadati; Pseudomonadota; Betaproteobacteria; Burkholderiales; Comamonadaceae,0,1_104_VanA#0,core,0.7609,0,0,0,0,[alpha] > reductase
NZ_LMNA01000008.1:95753-96794:1,WP_056899532.1,ASF44_RS12405,,aromatic ring-hydroxylating dioxygenase subunit alpha,1_104_VanA,1,96.8,0.483,9.8e-28,NZ_LMNA01000008.1,95753,96794,1,Pseudorhodoferax sp. Leaf274,Bacteria; Pseudomonadati; Pseudomonadota; Betaproteobacteria; Burkholderiales; Comamonadaceae,0,1_104_VanA#22,core,0.7792,1,0,0,1,reductase > other > hydrolase > regulator > reductase > other > dehydrogenase > dehydrogenase > other > transporter > transposon > [alpha] > reductase > transporter > transporter
NZ_LMNA01000027.1:200188-201244:1,WP_056901631.1,ASF44_RS23255,,aromatic ring-hydroxylating dioxygenase subunit alpha,1_104_VanA,1,682.9,0.9858,6.2e-206,NZ_LMNA01000027.1,200188,201244,1,Pseudorhodoferax sp. Leaf274,Bacteria; Pseudomonadati; Pseudomonadota; Betaproteobacteria; Burkholderiales; Comamonadaceae,0,1_104_VanA#0,core,0.7531,0,0,0,0,[alpha] > reductase
NZ_LMNW01000012.1:309180-310254:1,WP_056154245.1,ASF61_RS09090,,aromatic ring-hydroxylating dioxygenase subunit alpha,1_104_VanA,1,736.6,0.983,2.9e-222,NZ_LMNW01000012.1,309180,310254,1,Duganella sp. Leaf126,Bacteria; Pseudomonadati; Pseudomonadota; Betaproteobacteria; Burkholderiales; Oxalobacteraceae; Telluria group; Duganella,0,1_104_VanA#0,core,0.8106,1,0,0,1,[alpha] > reductase > transporter
NZ_LMOP01000012.1:240302-241379:1,WP_055853391.1,ASF90_RS18105,,aromatic ring-hydroxylating dioxygenase subunit alpha,1_104_VanA,1,378.7,0.9801,1.9e-113,NZ_LMOP01000012.1,240302,241379,1,Xanthomonas sp. Leaf148,Bacteria; Pseudomonadati; Pseudomonadota; Gammaproteobacteria; Lysobacterales; Lysobacteraceae; Xanthomonas,0,1_104_VanA#12,core,0.9599,1,0,0,1,[alpha] > regulator > reductase > other
NZ_LMOV01000023.1:345263-346343:1,WP_056666394.1,ASF94_RS12085,,aromatic ring-hydroxylating dioxygenase subunit alpha,1_104_VanA,1,615.3,0.9858,2.2e-185,NZ_LMOV01000023.1,345263,346343,1,Acidovorax sp. Leaf160,Bacteria; Pseudomonadati; Pseudomonadota; Betaproteobacteria; Burkholderiales; Comamonadaceae; Acidovorax,0,1_104_VanA#0,core,0.6741,1,0,0,1,other > other > reductase > [alpha] > reductase
NZ_LMOA01000023.1:281329-282382:1,WP_056841060.1,ASF84_RS22365,,aromatic ring-hydroxylating dioxygenase subunit alpha,1_104_VanA,1,750.5,0.9744,1.7e-226,NZ_LMOA01000023.1,281329,282382,1,Pseudomonas sp. Leaf127,Bacteria; Pseudomonadati; Pseudomonadota; Gammaproteobacteria; Pseudomonadales; Pseudomonadaceae; Pseudomonas,0,1_104_VanA#0,core,0.91,0,0,0,0,[alpha] > reductase
NZ_LMQB01000028.1:172999-174046:1,WP_062596867.1,ASG39_RS20840,,aromatic ring-hydroxylating dioxygenase subunit alpha,1_104_VanA,1,361.7,0.9744,2.9e-108,NZ_LMQB01000028.1,172999,174046,1,Rhizobium sp. Leaf371,Bacteria; Pseudomonadati; Pseudomonadota; Alphaproteobacteria; Hyphomicrobiales; Rhizobiaceae; Rhizobium/Agrobacterium group; Rhizobium,0,1_104_VanA#19,core,0.7192,1,0,0,1,[alpha] > regulator > reductase
NZ_LMQC01000012.1:849431-850505:-1,WP_056294513.1,ASG41_RS12105,,aromatic ring-hydroxylating dioxygenase subunit alpha,1_104_VanA,1,228.1,0.9517,1.2e-67,NZ_LMQC01000012.1,849431,850505,-1,Modestobacter sp. Leaf380,Bacteria; Bacillati; Actinomycetota; Actinomycetes; Geodermatophilales; Geodermatophilaceae; Modestobacter,0,1_104_VanA#37,core,0.7166,0,0,0,0,[alpha] > hypothetical > reductase > regulator
NZ_LMQW01000012.1:554153-555200:-1,WP_056689034.1,ASG62_RS10795,,aromatic ring-hydroxylating dioxygenase subunit alpha,1_104_VanA,1,346.1,0.9716,1.6e-103,NZ_LMQW01000012.1,554153,555200,-1,Aureimonas sp. Leaf427,Bacteria; Pseudomonadati; Pseudomonadota; Alphaproteobacteria; Hyphomicrobiales; Aurantimonadaceae; Aureimonas,0,1_104_VanA#19,core,0.7115,0,0,0,0,[alpha] > regulator > reductase
NZ_LMQL01000014.1:26231-27275:1,WP_055901279.1,ASG30_RS20230,,aromatic ring-hydroxylating dioxygenase subunit alpha,1_104_VanA,1,691.8,0.9773,1.2e-208,NZ_LMQL01000014.1,26231,27275,1,Ramlibacter sp. Leaf400,Bacteria; Pseudomonadati; Pseudomonadota; Betaproteobacteria; Burkholderiales; Comamonadaceae; Ramlibacter,0,1_104_VanA#0,core,0.761,0,0,0,0,[alpha] > reductase > regulator
NZ_LMQY01000001.1:553933-554980:-1,WP_056689034.1,ASG54_RS02590,,aromatic ring-hydroxylating dioxygenase subunit alpha,1_104_VanA,1,346.1,0.9716,1.6e-103,NZ_LMQY01000001.1,553933,554980,-1,Aureimonas sp. Leaf460,Bacteria; Pseudomonadati; Pseudomonadota; Alphaproteobacteria; Hyphomicrobiales; Aurantimonadaceae; Aureimonas,0,1_104_VanA#19,core,0.7115,0,0,0,0,[alpha] > regulator > reductase
NZ_LMTZ01000025.1:9070-10093:-1,WP_027844260.1,BC008_RS05865,,aromatic ring-hydroxylating dioxygenase subunit alpha,1_104_VanA,1,94.2,0.4631,6.2e-27,NZ_LMTZ01000025.1,9070,10093,-1,Mastigocoleus testarum BC008,Bacteria; Bacillati; Cyanobacteriota; Cyanophyceae; Nostocales; Hapalosiphonaceae; Mastigocoleus,0,1_104_VanA#61,novel_candidate,0.2229,0,0,0,0,regulator > other > [alpha] > other > transporter
NZ_LMTZ01000088.1:129122-130130:1,WP_058183685.1,BC008_RS16595,,aromatic ring-hydroxylating dioxygenase subunit alpha,1_104_VanA,1,88.7,0.4574,2.9e-25,NZ_LMTZ01000088.1,129122,130130,1,Mastigocoleus testarum BC008,Bacteria; Bacillati; Cyanobacteriota; Cyanophyceae; Nostocales; Hapalosiphonaceae; Mastigocoleus,0,1_104_VanA#24,novel_candidate,0.3125,1,0,1,0,[alpha] > ferredoxin > alpha_other
NZ_LMXT01000010.1:120634-121711:-1,WP_053283368.1,APV28_RS01235,,aromatic ring-hydroxylating dioxygenase subunit alpha,1_104_VanA,1,666.6,0.9744,5.4e-201,NZ_LMXT01000010.1,120634,121711,-1,Comamonas testosteroni,Bacteria; Pseudomonadati; Pseudomonadota; Betaproteobacteria; Burkholderiales; Comamonadaceae; Comamonas,0,1_104_VanA#0,core,0.8923,0,0,0,0,regulator > [alpha] > regulator
NZ_LMXT01000080.1:37258-38284:-1,WP_053282449.1,APV28_RS19410,,aromatic ring-hydroxylating dioxygenase subunit alpha,1_104_VanA,1,111.1,0.4886,4.3e-32,NZ_LMXT01000080.1,37258,38284,-1,Comamonas testosteroni,Bacteria; Pseudomonadati; Pseudomonadota; Betaproteobacteria; Burkholderiales; Comamonadaceae; Comamonas,0,1_104_VanA#11,core,0.9452,0,0,0,0,transposon > [alpha] > reductase
NZ_LMSS01000005.1:633628-634607:1,WP_056923198.1,ASG91_RS14005,,aromatic ring-hydroxylating dioxygenase subunit alpha,1_104_VanA,1,293.2,0.8665,1.9e-87,NZ_LMSS01000005.1,633628,634607,1,Phycicoccus sp. Soil802,Bacteria; Bacillati; Actinomycetota; Actinomycetes; Micrococcales; Intrasporangiaceae; Phycicoccus,0,1_104_VanA#18,core,0.7986,0,0,0,0,[alpha]
NZ_LNCU01000114.1:25649-26699:1,WP_066513770.1,AS156_RS34210,,aromatic ring-hydroxylating dioxygenase subunit alpha,1_104_VanA,1,377.8,0.9801,3.7e-113,NZ_LNCU01000114.1,25649,26699,1,Bradyrhizobium macuxiense,Bacteria; Pseudomonadati; Pseudomonadota; Alphaproteobacteria; Hyphomicrobiales; Nitrobacteraceae; Bradyrhizobium,0,1_104_VanA#12,core,0.8585,1,0,0,1,[alpha] > regulator > reductase
NZ_LNCR01000022.1:386908-387979:-1,WP_050011925.1,AS149_RS14510,,aromatic ring-hydroxylating dioxygenase subunit alpha,1_104_VanA,1,125.2,0.4858,2.3e-36,NZ_LNCR01000022.1,386908,387979,-1,Burkholderia cenocepacia,Bacteria; Pseudomonadati; Pseudomonadota; Betaproteobacteria; Burkholderiales; Burkholderiaceae; Burkholderia; Burkholderia cepacia complex,0,1_104_VanA#1,core,0.9247,2,0,1,1,ferredoxin > transposon > [alpha] > reductase > other > hydrolase > regulator > reductase > other > dehydrogenase > dehydrogenase > other > reductase
NZ_LNCU01000039.1:126594-127644:1,WP_066503800.1,AS156_RS11565,,aromatic ring-hydroxylating dioxygenase subunit alpha,1_104_VanA,1,369.7,0.9773,1.1e-110,NZ_LNCU01000039.1,126594,127644,1,Bradyrhizobium macuxiense,Bacteria; Pseudomonadati; Pseudomonadota; Alphaproteobacteria; Hyphomicrobiales; Nitrobacteraceae; Bradyrhizobium,0,1_104_VanA#5,core,0.8486,1,0,0,1,[alpha] > regulator > reductase
NZ_LNOS01000035.1:55584-56670:-1,WP_019369238.1,ATB93_RS09075,,aromatic ring-hydroxylating dioxygenase subunit alpha,1_104_VanA,1,633.4,0.9801,7e-191,NZ_LNOS01000035.1,55584,56670,-1,Sphingomonas sp. WG,Bacteria; Pseudomonadati; Pseudomonadota; Alphaproteobacteria; Sphingomonadales; Sphingomonadaceae; Sphingomonas,0,1_104_VanA#0,core,0.6902,0,0,0,0,[alpha] > regulator
NZ_LNHM01000021.1:379396-380419:1,WP_060572199.1,APT89_RS09690,,aromatic ring-hydroxylating dioxygenase subunit alpha,1_104_VanA,1,106.7,0.4744,9.9e-31,NZ_LNHM01000021.1,379396,380419,1,Enterobacter sp. 50588862,Bacteria; Pseudomonadati; Pseudomonadota; Gammaproteobacteria; Enterobacterales; Enterobacteriaceae; Enterobacter,0,1_104_VanA#3,core,0.9367,2,0,1,1,ferredoxin > transposon > [alpha] > reductase > regulator > other > reductase > transporter > other > hydrolase > reductase > dehydrogenase > dehydrogenase > other
NZ_LOJW01000005.1:55505-56582:1,WP_011050269.1,Xmlh_RS01660,,Rieske 2Fe-2S domain-containing protein,1_104_VanA,1,377.3,0.9801,5.1e-113,NZ_LOJW01000005.1,55505,56582,1,Xanthomonas axonopodis pv. melhusii,Bacteria; Pseudomonadati; Pseudomonadota; Gammaproteobacteria; Lysobacterales; Lysobacteraceae; Xanthomonas,0,1_104_VanA#8,core,0.9627,1,0,0,1,[alpha] > reductase
NZ_LOKM01000142.1:162366-163443:1,WP_005912763.1,Xmlv_RS10100,,aromatic ring-hydroxylating dioxygenase subunit alpha,1_104_VanA,1,374.9,0.9801,2.7e-112,NZ_LOKM01000142.1,162366,163443,1,Xanthomonas citri pv. malvacearum,Bacteria; Pseudomonadati; Pseudomonadota; Gammaproteobacteria; Lysobacterales; Lysobacteraceae; Xanthomonas,0,1_104_VanA#8,core,0.9627,1,0,0,1,[alpha] > reductase
NZ_LOSU01000002.1:69433-70513:-1,WP_059697641.1,WS45_RS00770,,aromatic ring-hydroxylating dioxygenase subunit alpha,1_104_VanA,1,697.2,0.9801,2.8e-210,NZ_LOSU01000002.1,69433,70513,-1,Burkholderia sp. RF2-non_BP3,Bacteria; Pseudomonadati; Pseudomonadota; Betaproteobacteria; Burkholderiales; Burkholderiaceae; Burkholderia,0,1_104_VanA#0,core,0.9205,0,0,0,0,[alpha] > reductase > alpha_other
NZ_LOSU01000010.1:42892-43963:1,WP_059691865.1,WS45_RS03795,,aromatic ring-hydroxylating dioxygenase subunit alpha,1_104_VanA,1,125.5,0.4858,1.9e-36,NZ_LOSU01000010.1,42892,43963,1,Burkholderia sp. RF2-non_BP3,Bacteria; Pseudomonadati; Pseudomonadota; Betaproteobacteria; Burkholderiales; Burkholderiaceae; Burkholderia,0,1_104_VanA#1,core,0.9687,2,0,1,1,ferredoxin > transposon > [alpha] > reductase > other > hydrolase > regulator > reductase > other > dehydrogenase > dehydrogenase > other > reductase
NZ_LOQS01000025.1:76730-77861:-1,WP_011015082.1,AUO96_RS12370,,aromatic ring-hydroxylating dioxygenase subunit alpha,1_104_VanA,1,323.1,0.9659,1.5e-96,NZ_LOQS01000025.1,76730,77861,-1,Corynebacterium glutamicum,Bacteria; Bacillati; Actinomycetota; Actinomycetes; Mycobacteriales; Corynebacteriaceae; Corynebacterium,0,1_104_VanA#18,core,0.8531,0,0,0,0,[alpha] > reductase > transporter
NZ_LOQV01000020.1:109261-110392:1,WP_011015082.1,AUO95_RS09900,,aromatic ring-hydroxylating dioxygenase subunit alpha,1_104_VanA,1,323.1,0.9659,1.5e-96,NZ_LOQV01000020.1,109261,110392,1,Corynebacterium glutamicum,Bacteria; Bacillati; Actinomycetota; Actinomycetes; Mycobacteriales; Corynebacteriaceae; Corynebacterium,0,1_104_VanA#18,core,0.8531,0,0,0,0,[alpha] > reductase > transporter
NZ_LOQY01000080.1:108498-109629:1,WP_003859270.1,AUP72_RS10565,,aromatic ring-hydroxylating dioxygenase subunit alpha,1_104_VanA,1,324.1,0.9659,7.8e-97,NZ_LOQY01000080.1,108498,109629,1,Corynebacterium glutamicum,Bacteria; Bacillati; Actinomycetota; Actinomycetes; Mycobacteriales; Corynebacteriaceae; Corynebacterium,0,1_104_VanA#18,core,0.85,0,0,0,0,[alpha] > reductase > transporter
NZ_LOTQ01000052.1:53254-54331:-1,WP_040138683.1,WI41_RS26035,,aromatic ring-hydroxylating dioxygenase subunit alpha,1_104_VanA,1,698.3,0.983,1.3e-210,NZ_LOTQ01000052.1,53254,54331,-1,Burkholderia latens,Bacteria; Pseudomonadati; Pseudomonadota; Betaproteobacteria; Burkholderiales; Burkholderiaceae; Burkholderia; Burkholderia cepacia complex,0,1_104_VanA#0,core,0.9028,0,0,0,0,[alpha] > reductase
NZ_LOTO01000048.1:15742-16786:1,WP_059634921.1,WI39_RS16915,,aromatic ring-hydroxylating dioxygenase subunit alpha,1_104_VanA,1,674.2,0.9773,2.7e-203,NZ_LOTO01000048.1,15742,16786,1,Burkholderia ubonensis,Bacteria; Pseudomonadati; Pseudomonadota; Betaproteobacteria; Burkholderiales; Burkholderiaceae; Burkholderia; Burkholderia cepacia complex,0,1_104_VanA#0,core,0.9465,0,0,0,0,regulator > [alpha] > reductase
NZ_LOTP01000054.1:115367-116438:1,WP_059637564.1,WI40_RS20085,,aromatic ring-hydroxylating dioxygenase subunit alpha,1_104_VanA,1,129.1,0.4858,1.5e-37,NZ_LOTP01000054.1,115367,116438,1,Burkholderia ubonensis,Bacteria; Pseudomonadati; Pseudomonadota; Betaproteobacteria; Burkholderiales; Burkholderiaceae; Burkholderia; Burkholderia cepacia complex,0,1_104_VanA#1,core,0.935,2,0,1,1,ferredoxin > transposon > [alpha] > reductase > other > hydrolase > regulator > reductase > other > dehydrogenase > dehydrogenase > other > reductase
NZ_LOVS01000084.1:47495-48563:-1,WP_066571147.1,WS62_RS12710,,aromatic ring-hydroxylating dioxygenase subunit alpha,1_104_VanA,1,114.5,0.4858,3.9e-33,NZ_LOVS01000084.1,47495,48563,-1,Burkholderia sp. ABCPW 14,Bacteria; Pseudomonadati; Pseudomonadota; Betaproteobacteria; Burkholderiales; Burkholderiaceae; Burkholderia,0,1_104_VanA#1,core,0.8185,2,0,1,1,ferredoxin > transposon > [alpha] > reductase > other > hydrolase > regulator > reductase > other > dehydrogenase > dehydrogenase > other > reductase
NZ_LOVS01000149.1:49961-51173:1,WP_066575998.1,WS62_RS23670,,Rieske 2Fe-2S domain-containing protein,1_104_VanA,1,77.6,0.4659,7e-22,NZ_LOVS01000149.1,49961,51173,1,Burkholderia sp. ABCPW 14,Bacteria; Pseudomonadati; Pseudomonadota; Betaproteobacteria; Burkholderiales; Burkholderiaceae; Burkholderia,0,1_104_VanA#39,novel_candidate,0.2965,0,0,0,0,[alpha]
NZ_LOTQ01000030.1:856209-857280:-1,WP_059547330.1,WI41_RS19330,,aromatic ring-hydroxylating dioxygenase subunit alpha,1_104_VanA,1,127.0,0.4886,6.5e-37,NZ_LOTQ01000030.1,856209,857280,-1,Burkholderia latens,Bacteria; Pseudomonadati; Pseudomonadota; Betaproteobacteria; Burkholderiales; Burkholderiaceae; Burkholderia; Burkholderia cepacia complex,0,1_104_VanA#1,core,0.9844,2,0,1,1,ferredoxin > transposon > [alpha] > reductase > other > hydrolase > regulator > reductase > other > dehydrogenase > dehydrogenase > other > reductase
NZ_LOWC01000063.1:3695-4712:1,WP_059471033.1,WS69_RS12205,,aromatic ring-hydroxylating dioxygenase subunit alpha,1_104_VanA,1,104.2,0.483,5.6e-30,NZ_LOWC01000063.1,3695,4712,1,Burkholderia sp. BDU5,Bacteria; Pseudomonadati; Pseudomonadota; Betaproteobacteria; Burkholderiales; Burkholderiaceae; Burkholderia,0,1_104_VanA#75,core,0.7284,0,0,0,0,transporter > transporter > transporter > hypothetical > transposon > [alpha] > other > reductase
NZ_LOVU01000039.1:209643-210687:1,WP_059610613.1,WI90_RS08790,,aromatic ring-hydroxylating dioxygenase subunit alpha,1_104_VanA,1,674.4,0.9773,2.4e-203,NZ_LOVU01000039.1,209643,210687,1,Burkholderia ubonensis,Bacteria; Pseudomonadati; Pseudomonadota; Betaproteobacteria; Burkholderiales; Burkholderiaceae; Burkholderia; Burkholderia cepacia complex,0,1_104_VanA#0,core,0.9497,0,0,0,0,regulator > [alpha] > reductase
NZ_LOXK01000032.1:157255-158323:-1,WP_038744090.1,WS77_RS06120,,aromatic ring-hydroxylating dioxygenase subunit alpha,1_104_VanA,1,117.6,0.4858,4.8e-34,NZ_LOXK01000032.1,157255,158323,-1,Burkholderia sp. MSMB0265,Bacteria; Pseudomonadati; Pseudomonadota; Betaproteobacteria; Burkholderiales; Burkholderiaceae; Burkholderia,0,1_104_VanA#1,core,0.8497,2,0,1,1,ferredoxin > transposon > [alpha] > reductase > other > hydrolase > regulator > reductase > other > dehydrogenase > dehydrogenase > other > reductase
NZ_LOXK01000140.1:51542-52754:1,WP_038745421.1,WS77_RS31365,,Rieske 2Fe-2S domain-containing protein,1_104_VanA,1,73.2,0.4631,1.4e-20,NZ_LOXK01000140.1,51542,52754,1,Burkholderia sp. MSMB0265,Bacteria; Pseudomonadati; Pseudomonadota; Betaproteobacteria; Burkholderiales; Burkholderiaceae; Burkholderia,0,1_104_VanA#39,novel_candidate,0.2924,0,0,0,0,[alpha]
NZ_LOXM01000066.1:129382-130426:1,WP_059750305.1,WJ33_RS09700,,aromatic ring-hydroxylating dioxygenase subunit alpha,1_104_VanA,1,675.5,0.9773,1.1e-203,NZ_LOXM01000066.1,129382,130426,1,Burkholderia ubonensis,Bacteria; Pseudomonadati; Pseudomonadota; Betaproteobacteria; Burkholderiales; Burkholderiaceae; Burkholderia; Burkholderia cepacia complex,0,1_104_VanA#0,core,0.9403,0,0,0,0,regulator > [alpha] > reductase
NZ_LOXM01000070.1:9962-11033:1,WP_059750383.1,WJ33_RS10095,,aromatic ring-hydroxylating dioxygenase subunit alpha,1_104_VanA,1,126.2,0.4858,1.2e-36,NZ_LOXM01000070.1,9962,11033,1,Burkholderia ubonensis,Bacteria; Pseudomonadati; Pseudomonadota; Betaproteobacteria; Burkholderiales; Burkholderiaceae; Burkholderia; Burkholderia cepacia complex,0,1_104_VanA#1,core,0.935,2,0,1,1,ferredoxin > transposon > [alpha] > reductase > other > hydrolase > regulator > reductase > other > dehydrogenase > dehydrogenase > other > reductase
NZ_LOYH01000002.1:22992-24072:1,WP_059727248.1,WS90_RS00245,,aromatic ring-hydroxylating dioxygenase subunit alpha,1_104_VanA,1,693.6,0.983,3.4e-209,NZ_LOYH01000002.1,22992,24072,1,Burkholderia cepacia,Bacteria; Pseudomonadati; Pseudomonadota; Betaproteobacteria; Burkholderiales; Burkholderiaceae; Burkholderia; Burkholderia cepacia complex,0,1_104_VanA#0,core,0.8544,0,0,0,0,[alpha] > reductase > alpha_other
NZ_LOWC01000171.1:6375-7443:1,WP_059473930.1,WS69_RS28195,,aromatic ring-hydroxylating dioxygenase subunit alpha,1_104_VanA,1,116.3,0.4858,1.2e-33,NZ_LOWC01000171.1,6375,7443,1,Burkholderia sp. BDU5,Bacteria; Pseudomonadati; Pseudomonadota; Betaproteobacteria; Burkholderiales; Burkholderiaceae; Burkholderia,0,1_104_VanA#1,core,0.821,2,0,1,1,ferredoxin > transposon > [alpha] > reductase > other > hydrolase > regulator > reductase > other > dehydrogenase > dehydrogenase > other > reductase
NZ_LPFQ01000036.1:20593-21664:-1,WP_060108020.1,WT31_RS08235,,aromatic ring-hydroxylating dioxygenase subunit alpha,1_104_VanA,1,127.2,0.4886,5.5e-37,NZ_LPFQ01000036.1,20593,21664,-1,Burkholderia territorii,Bacteria; Pseudomonadati; Pseudomonadota; Betaproteobacteria; Burkholderiales; Burkholderiaceae; Burkholderia; Burkholderia cepacia complex,0,1_104_VanA#1,core,0.9621,2,0,1,1,ferredoxin > transposon > [alpha] > reductase > other > hydrolase > regulator > reductase > other > dehydrogenase > dehydrogenase > other > reductase
NZ_LPDZ01000049.1:8242-9313:1,WP_060062716.1,WK64_RS07460,,aromatic ring-hydroxylating dioxygenase subunit alpha,1_104_VanA,1,126.0,0.4858,1.3e-36,NZ_LPDZ01000049.1,8242,9313,1,Burkholderia ubonensis,Bacteria; Pseudomonadati; Pseudomonadota; Betaproteobacteria; Burkholderiales; Burkholderiaceae; Burkholderia; Burkholderia cepacia complex,0,1_104_VanA#1,core,0.9195,2,0,1,1,ferredoxin > transposon > [alpha] > reductase > other > hydrolase > regulator > reductase > other > dehydrogenase > dehydrogenase > other > reductase
NZ_LPFQ01000122.1:19789-20869:1,WP_060103326.1,WT31_RS26690,,aromatic ring-hydroxylating dioxygenase subunit alpha,1_104_VanA,1,695.9,0.9801,7.1e-210,NZ_LPFQ01000122.1,19789,20869,1,Burkholderia territorii,Bacteria; Pseudomonadati; Pseudomonadota; Betaproteobacteria; Burkholderiales; Burkholderiaceae; Burkholderia; Burkholderia cepacia complex,0,1_104_VanA#0,core,0.8656,0,0,0,0,[alpha] > reductase
NZ_LOYK01000046.1:158386-159502:1,WP_059623613.1,WS93_RS20530,,aromatic ring-hydroxylating dioxygenase subunit alpha,1_104_VanA,1,98.1,0.4659,3.9e-28,NZ_LOYK01000046.1,158386,159502,1,Burkholderia cepacia,Bacteria; Pseudomonadati; Pseudomonadota; Betaproteobacteria; Burkholderiales; Burkholderiaceae; Burkholderia; Burkholderia cepacia complex,0,1_104_VanA#7,core,0.9545,0,0,0,0,[alpha]
NZ_LOYU01000007.1:167179-168295:1,WP_059623613.1,WT01_RS03830,,aromatic ring-hydroxylating dioxygenase subunit alpha,1_104_VanA,1,98.1,0.4659,3.9e-28,NZ_LOYU01000007.1,167179,168295,1,Burkholderia cepacia,Bacteria; Pseudomonadati; Pseudomonadota; Betaproteobacteria; Burkholderiales; Burkholderiaceae; Burkholderia; Burkholderia cepacia complex,0,1_104_VanA#7,core,0.9545,0,0,0,0,[alpha]
NZ_LPIX01000054.1:191932-192976:1,WP_060324950.1,WL73_RS17125,,aromatic ring-hydroxylating dioxygenase subunit alpha,1_104_VanA,1,670.2,0.9773,4.4e-202,NZ_LPIX01000054.1,191932,192976,1,Burkholderia ubonensis,Bacteria; Pseudomonadati; Pseudomonadota; Betaproteobacteria; Burkholderiales; Burkholderiaceae; Burkholderia; Burkholderia cepacia complex,0,1_104_VanA#0,core,0.9371,0,0,0,0,regulator > [alpha] > reductase
NZ_LPJR01000001.1:83790-84861:1,WP_060236908.1,WT56_RS00365,,aromatic ring-hydroxylating dioxygenase subunit alpha,1_104_VanA,1,130.9,0.4886,4.4e-38,NZ_LPJR01000001.1,83790,84861,1,Burkholderia pseudomultivorans,Bacteria; Pseudomonadati; Pseudomonadota; Betaproteobacteria; Burkholderiales; Burkholderiaceae; Burkholderia; Burkholderia cepacia complex,0,1_104_VanA#1,core,0.928,2,0,1,1,ferredoxin > transposon > [alpha] > reductase > other > hydrolase > regulator > reductase > other > dehydrogenase > dehydrogenase > other > reductase
NZ_LOYU01000010.1:301613-302684:1,WP_059522421.1,WT01_RS05300,,aromatic ring-hydroxylating dioxygenase subunit alpha,1_104_VanA,1,124.4,0.4858,4.1e-36,NZ_LOYU01000010.1,301613,302684,1,Burkholderia cepacia,Bacteria; Pseudomonadati; Pseudomonadota; Betaproteobacteria; Burkholderiales; Burkholderiaceae; Burkholderia; Burkholderia cepacia complex,0,1_104_VanA#1,core,0.9778,2,0,1,1,ferredoxin > transposon > [alpha] > reductase > other > hydrolase > regulator > reductase > other > dehydrogenase > dehydrogenase > other > reductase
NZ_LPJR01000033.1:57090-58170:-1,WP_060242795.1,WT56_RS16345,,aromatic ring-hydroxylating dioxygenase subunit alpha,1_104_VanA,1,694.1,0.983,2.4e-209,NZ_LPJR01000033.1,57090,58170,-1,Burkholderia pseudomultivorans,Bacteria; Pseudomonadati; Pseudomonadota; Betaproteobacteria; Burkholderiales; Burkholderiaceae; Burkholderia; Burkholderia cepacia complex,0,1_104_VanA#0,core,0.8475,0,0,0,0,[alpha] > reductase > alpha_other
NZ_LPJX01000009.1:285570-286641:-1,WP_009692516.1,WT57_RS02970,,aromatic ring-hydroxylating dioxygenase subunit alpha,1_104_VanA,1,130.9,0.4886,4.2e-38,NZ_LPJX01000009.1,285570,286641,-1,Burkholderia pseudomultivorans,Bacteria; Pseudomonadati; Pseudomonadota; Betaproteobacteria; Burkholderiales; Burkholderiaceae; Burkholderia; Burkholderia cepacia complex,0,1_104_VanA#1,core,0.9408,2,0,1,1,ferredoxin > transposon > [alpha] > reductase > other > hydrolase > regulator > reductase > other > dehydrogenase > dehydrogenase > other > reductase
NZ_LPLP01000013.1:69023-70094:-1,WP_042588192.1,WM14_RS04135,,aromatic ring-hydroxylating dioxygenase subunit alpha,1_104_VanA,1,128.5,0.4858,2.3e-37,NZ_LPLP01000013.1,69023,70094,-1,Burkholderia ubonensis,Bacteria; Pseudomonadati; Pseudomonadota; Betaproteobacteria; Burkholderiales; Burkholderiaceae; Burkholderia; Burkholderia cepacia complex,0,1_104_VanA#1,core,0.9255,2,0,1,1,ferredoxin > transposon > [alpha] > reductase > other > hydrolase > regulator > reductase > other > dehydrogenase > dehydrogenase > other > reductase
NZ_LPLB01000031.1:23376-24447:1,WP_009692516.1,WT72_RS11445,,aromatic ring-hydroxylating dioxygenase subunit alpha,1_104_VanA,1,130.9,0.4886,4.2e-38,NZ_LPLB01000031.1,23376,24447,1,Burkholderia pseudomultivorans,Bacteria; Pseudomonadati; Pseudomonadota; Betaproteobacteria; Burkholderiales; Burkholderiaceae; Burkholderia; Burkholderia cepacia complex,0,1_104_VanA#1,core,0.9408,2,0,1,1,ferredoxin > transposon > [alpha] > reductase > other > hydrolase > regulator > reductase > other > dehydrogenase > dehydrogenase > other > reductase
NZ_LPJX01000048.1:60414-61494:-1,WP_060299461.1,WT57_RS18005,,aromatic ring-hydroxylating dioxygenase subunit alpha,1_104_VanA,1,694.9,0.983,1.4e-209,NZ_LPJX01000048.1,60414,61494,-1,Burkholderia pseudomultivorans,Bacteria; Pseudomonadati; Pseudomonadota; Betaproteobacteria; Burkholderiales; Burkholderiaceae; Burkholderia; Burkholderia cepacia complex,0,1_104_VanA#0,core,0.8548,0,0,0,0,[alpha] > reductase > alpha_other
NZ_LPLZ01000031.1:58973-60053:-1,WP_060346810.1,WT83_RS09750,,aromatic ring-hydroxylating dioxygenase subunit alpha,1_104_VanA,1,697.0,0.983,3.2e-210,NZ_LPLZ01000031.1,58973,60053,-1,Burkholderia territorii,Bacteria; Pseudomonadati; Pseudomonadota; Betaproteobacteria; Burkholderiales; Burkholderiaceae; Burkholderia; Burkholderia cepacia complex,0,1_104_VanA#0,core,0.8684,0,0,0,0,[alpha] > reductase
NZ_LPMA01000049.1:77715-78786:-1,WP_059963667.1,WM21_RS23765,,aromatic ring-hydroxylating dioxygenase subunit alpha,1_104_VanA,1,127.7,0.4858,4e-37,NZ_LPMA01000049.1,77715,78786,-1,Burkholderia ubonensis,Bacteria; Pseudomonadati; Pseudomonadota; Betaproteobacteria; Burkholderiales; Burkholderiaceae; Burkholderia; Burkholderia cepacia complex,0,1_104_VanA#1,core,0.9074,2,0,1,1,ferredoxin > transposon > [alpha] > reductase > other > hydrolase > regulator > reductase > other > dehydrogenase > dehydrogenase > other > reductase
NZ_LPLU01000046.1:201251-202322:1,WP_010089666.1,WM16_RS09385,,aromatic ring-hydroxylating dioxygenase subunit alpha,1_104_VanA,1,127.6,0.4858,4.4e-37,NZ_LPLU01000046.1,201251,202322,1,Burkholderia ubonensis,Bacteria; Pseudomonadati; Pseudomonadota; Betaproteobacteria; Burkholderiales; Burkholderiaceae; Burkholderia; Burkholderia cepacia complex,0,1_104_VanA#1,core,0.8951,2,0,1,1,ferredoxin > transposon > [alpha] > reductase > other > hydrolase > regulator > reductase > other > dehydrogenase > dehydrogenase > other > reductase
NZ_LQBK01000017.1:26708-27824:1,WP_058874097.1,AVL61_RS09450,,aromatic ring-hydroxylating dioxygenase subunit alpha,1_104_VanA,1,324.9,0.9773,4.4e-97,NZ_LQBK01000017.1,26708,27824,1,Kocuria rosea subsp. polaris,Bacteria; Bacillati; Actinomycetota; Actinomycetes; Micrococcales; Micrococcaceae; Kocuria,0,1_104_VanA#6,core,0.8777,0,0,0,0,[alpha] > reductase > transporter
NZ_LPXK01000011.1:363107-364124:1,WP_008889504.1,AUQ41_RS12695,,aromatic ring-hydroxylating dioxygenase subunit alpha,1_104_VanA,1,427.1,0.9631,3.6e-128,NZ_LPXK01000011.1,363107,364124,1,Thalassospira sp. MCCC 1A02898,Bacteria; Pseudomonadati; Pseudomonadota; Alphaproteobacteria; Rhodospirillales; Thalassospiraceae; Thalassospira,0,1_104_VanA#23,divergent,0.4966,0,0,0,0,[alpha]
NZ_LQBQ01000008.1:13985-15035:-1,WP_068345309.1,AVO45_RS06895,,aromatic ring-hydroxylating dioxygenase subunit alpha,1_104_VanA,1,110.3,0.4545,7.9e-32,NZ_LQBQ01000008.1,13985,15035,-1,Ruegeria marisrubri,Bacteria; Pseudomonadati; Pseudomonadota; Alphaproteobacteria; Rhodobacterales; Roseobacteraceae; Ruegeria,0,1_104_VanA#17,novel_candidate,0.3935,1,0,0,1,transposon > transporter > transporter > transporter > [alpha] > reductase > hydrolase > other > reductase > other > dehydrogenase > dehydrogenase > reductase > other > other
NZ_LQQP01000002.1:52579-53659:-1,WP_063256392.1,AVW09_RS01080,,aromatic ring-hydroxylating dioxygenase subunit alpha,1_104_VanA,1,335.5,0.9716,2.6e-100,NZ_LQQP01000002.1,52579,53659,-1,Microbacterium sp. T32,Bacteria; Bacillati; Actinomycetota; Actinomycetes; Micrococcales; Microbacteriaceae; Microbacterium,0,1_104_VanA#6,core,0.8062,0,0,0,0,[alpha] > reductase
NZ_LRMR01000004.1:120342-121404:-1,WP_060752851.1,AWV77_RS03275,,aromatic ring-hydroxylating dioxygenase subunit alpha,1_104_VanA,1,751.0,0.9943,1.2e-226,NZ_LRMR01000004.1,120342,121404,-1,Pseudomonas palleroniana,Bacteria; Pseudomonadati; Pseudomonadota; Gammaproteobacteria; Pseudomonadales; Pseudomonadaceae; Pseudomonas,0,1_104_VanA#0,core,0.9231,0,0,0,0,[alpha] > reductase
NZ_LROM01000071.1:90804-91848:-1,WP_070247431.1,DUPY_RS08695,,aromatic ring-hydroxylating dioxygenase subunit alpha,1_104_VanA,1,734.5,0.9801,1.3e-221,NZ_LROM01000071.1,90804,91848,-1,Duganella phyllosphaerae,Bacteria; Pseudomonadati; Pseudomonadota; Betaproteobacteria; Burkholderiales; Oxalobacteraceae; Telluria group; Duganella,0,1_104_VanA#0,core,0.7937,1,0,0,1,[alpha] > reductase > transporter
NZ_LRJH01000017.1:22703-23726:1,WP_013098652.1,AWS33_RS13420,,aromatic ring-hydroxylating dioxygenase subunit alpha,1_104_VanA,1,106.0,0.4744,1.5e-30,NZ_LRJH01000017.1,22703,23726,1,Enterobacter cloacae subsp. cloacae,Bacteria; Pseudomonadati; Pseudomonadota; Gammaproteobacteria; Enterobacterales; Enterobacteriaceae; Enterobacter; Enterobacter cloacae complex,0,1_104_VanA#3,core,0.9396,2,0,1,1,ferredoxin > transposon > [alpha] > reductase > regulator > other > reductase > transporter > other > hydrolase > reductase > dehydrogenase > dehydrogenase > other
NZ_LRBG01000035.1:38930-40016:1,WP_062130511.1,CI15_RS20975,,aromatic ring-hydroxylating dioxygenase subunit alpha,1_104_VanA,1,114.8,0.4858,3.3e-33,NZ_LRBG01000035.1,38930,40016,1,Paraburkholderia monticola,Bacteria; Pseudomonadati; Pseudomonadota; Betaproteobacteria; Burkholderiales; Burkholderiaceae; Paraburkholderia,0,1_104_VanA#1,core,0.8396,2,0,1,1,ferredoxin > transposon > [alpha] > reductase > other > hydrolase > regulator > reductase > other > dehydrogenase > dehydrogenase > other > reductase
NZ_LRBG01000038.1:309324-310410:1,WP_062134999.1,CI15_RS28905,,aromatic ring-hydroxylating dioxygenase subunit alpha,1_104_VanA,1,710.9,0.9801,1.9e-214,NZ_LRBG01000038.1,309324,310410,1,Paraburkholderia monticola,Bacteria; Pseudomonadati; Pseudomonadota; Betaproteobacteria; Burkholderiales; Burkholderiaceae; Paraburkholderia,0,1_104_VanA#0,core,0.8491,0,0,0,0,[alpha] > reductase
NZ_LSEF01000049.1:47192-48266:-1,WP_063678739.1,AXW67_RS16580,,aromatic ring-hydroxylating dioxygenase subunit alpha,1_104_VanA,1,335.4,0.9801,2.7e-100,NZ_LSEF01000049.1,47192,48266,-1,Bradyrhizobium neotropicale,Bacteria; Pseudomonadati; Pseudomonadota; Alphaproteobacteria; Hyphomicrobiales; Nitrobacteraceae; Bradyrhizobium,0,1_104_VanA#34,core,0.8313,1,0,0,1,[alpha] > reductase
NZ_LSNE01000020.1:56570-57629:-1,WP_068382157.1,AX660_RS21845,,aromatic ring-hydroxylating dioxygenase subunit alpha,1_104_VanA,1,649.6,0.9744,8.5e-196,NZ_LSNE01000020.1,56570,57629,-1,Paraglaciecola hydrolytica,Bacteria; Pseudomonadati; Pseudomonadota; Gammaproteobacteria; Alteromonadales; Alteromonadaceae; Paraglaciecola,0,1_104_VanA#0,core,0.673,0,0,0,0,[alpha] > reductase
NZ_LSTU01000040.1:249718-250786:-1,WP_016714584.1,AYJ70_RS20105,,aromatic ring-hydroxylating dioxygenase subunit alpha,1_104_VanA,1,764.9,0.9972,7.1e-231,NZ_LSTU01000040.1,249718,250786,-1,Pseudomonas monteilii,Bacteria; Pseudomonadati; Pseudomonadota; Gammaproteobacteria; Pseudomonadales; Pseudomonadaceae; Pseudomonas,0,1_104_VanA#0,core,0.8822,0,0,0,0,other > [alpha] > reductase
NZ_LSVC01000023.1:303676-304744:1,WP_061392947.1,AYK86_RS10800,,aromatic ring-hydroxylating dioxygenase subunit alpha,1_104_VanA,1,102.6,0.4886,1.8e-29,NZ_LSVC01000023.1,303676,304744,1,Acinetobacter venetianus,Bacteria; Pseudomonadati; Pseudomonadota; Gammaproteobacteria; Moraxellales; Moraxellaceae; Acinetobacter,0,1_104_VanA#4,core,0.8776,2,0,1,1,ferredoxin > transposon > [alpha] > reductase > other > reductase > transporter > other > hydrolase > reductase > dehydrogenase > dehydrogenase > other
NZ_LTAV01000015.1:74263-75352:1,WP_067211033.1,AYW77_RS12225,,aromatic ring-hydroxylating dioxygenase subunit alpha,1_104_VanA,1,645.8,0.9801,1.1e-194,NZ_LTAV01000015.1,74263,75352,1,Marinomonas aquimarina,Bacteria; Pseudomonadati; Pseudomonadota; Gammaproteobacteria; Oceanospirillales; Oceanospirillaceae; Marinomonas,0,1_104_VanA#0,core,0.7028,0,0,0,0,[alpha] > reductase
NZ_LTCZ01000290.1:136628-137702:1,WP_061699965.1,AZG88_RS30105,,aromatic ring-hydroxylating dioxygenase subunit alpha,1_104_VanA,1,239.0,0.9744,5.8e-71,NZ_LTCZ01000290.1,136628,137702,1,Rhodococcus sp. LB1,Bacteria; Bacillati; Actinomycetota; Actinomycetes; Mycobacteriales; Nocardiaceae; Rhodococcus,0,1_104_VanA#15,core,0.9193,0,0,0,0,other > [alpha] > hypothetical > reductase > regulator
NZ_LUKZ01000007.1:11484-12537:-1,WP_063459760.1,A1D30_RS05330,,aromatic ring-hydroxylating dioxygenase subunit alpha,1_104_VanA,1,682.0,0.9886,1.2e-205,NZ_LUKZ01000007.1,11484,12537,-1,Acidovorax sp. GW101-3H11,Bacteria; Pseudomonadati; Pseudomonadota; Betaproteobacteria; Burkholderiales; Comamonadaceae; Acidovorax,0,1_104_VanA#0,core,0.7918,0,0,0,0,[alpha] > reductase
NZ_LUAW01000014.1:137511-138588:-1,WP_067667606.1,AZH43_RS06065,,aromatic ring-hydroxylating dioxygenase subunit alpha,1_104_VanA,1,682.7,0.983,6.9e-206,NZ_LUAW01000014.1,137511,138588,-1,Acinetobacter pragensis,Bacteria; Pseudomonadati; Pseudomonadota; Gammaproteobacteria; Moraxellales; Moraxellaceae; Acinetobacter,0,1_104_VanA#0,core,0.8638,0,0,0,0,[alpha] > reductase
NZ_LUCV01000040.1:1024-2077:1,WP_064303990.1,AYO28_RS20260,,aromatic ring-hydroxylating dioxygenase subunit alpha,1_104_VanA,1,716.7,0.9773,3.2e-216,NZ_LUCV01000040.1,1024,2077,1,Pseudomonas putida,Bacteria; Pseudomonadati; Pseudomonadota; Gammaproteobacteria; Pseudomonadales; Pseudomonadaceae; Pseudomonas,0,1_104_VanA#0,core,0.8354,0,0,0,0,[alpha] > reductase
NZ_LUUB01000014.1:16557-17631:-1,WP_063696129.1,AYJ54_RS01550,,aromatic ring-hydroxylating dioxygenase subunit alpha,1_104_VanA,1,339.0,0.9801,2.2e-101,NZ_LUUB01000014.1,16557,17631,-1,Bradyrhizobium centrolobii,Bacteria; Pseudomonadati; Pseudomonadota; Alphaproteobacteria; Hyphomicrobiales; Nitrobacteraceae; Bradyrhizobium,0,1_104_VanA#34,core,0.8762,1,0,0,1,[alpha] > reductase
NZ_LUKJ01000001.1:7743-8790:1,WP_063340116.1,A1D17_RS00035,,aromatic ring-hydroxylating dioxygenase subunit alpha,1_104_VanA,1,769.6,0.983,2.7e-232,NZ_LUKJ01000001.1,7743,8790,1,Pseudomonas fluorescens,Bacteria; Pseudomonadati; Pseudomonadota; Gammaproteobacteria; Pseudomonadales; Pseudomonadaceae; Pseudomonas,0,1_104_VanA#0,core,0.9342,0,0,0,0,[alpha] > reductase
NZ_LVYV01000009.1:48118-49168:-1,WP_068732211.1,A4A58_RS11945,,aromatic ring-hydroxylating dioxygenase subunit alpha,1_104_VanA,1,377.6,0.9773,4e-113,NZ_LVYV01000009.1,48118,49168,-1,Tardiphaga robiniae,Bacteria; Pseudomonadati; Pseudomonadota; Alphaproteobacteria; Hyphomicrobiales; Nitrobacteraceae; Tardiphaga,0,1_104_VanA#5,core,0.8019,1,0,0,1,[alpha] > regulator > reductase
NZ_LVUF01000024.1:21680-22703:1,WP_059311646.1,A3464_RS02680,,aromatic ring-hydroxylating dioxygenase subunit alpha,1_104_VanA,1,107.0,0.4744,7.9e-31,NZ_LVUF01000024.1,21680,22703,1,Enterobacter genomosp. O,Bacteria; Pseudomonadati; Pseudomonadota; Gammaproteobacteria; Enterobacterales; Enterobacteriaceae; Enterobacter; Enterobacter cloacae complex; Enterobacter cloacae complex clade O,0,1_104_VanA#3,core,0.9358,2,0,1,1,ferredoxin > transposon > [alpha] > reductase > regulator > other > reductase > transporter > other > hydrolase > reductase > dehydrogenase > dehydrogenase > other
NZ_LVVY01000081.1:23919-24966:-1,WP_067455225.1,A3840_RS09195,,aromatic ring-hydroxylating dioxygenase subunit alpha,1_104_VanA,1,364.6,0.9801,3.8e-109,NZ_LVVY01000081.1,23919,24966,-1,Devosia elaeis,Bacteria; Pseudomonadati; Pseudomonadota; Alphaproteobacteria; Hyphomicrobiales; Devosiaceae; Devosia,0,1_104_VanA#5,core,0.735,0,0,0,0,[alpha] > regulator
NZ_LWBS01000059.1:408-1458:1,WP_064245950.1,A4U53_RS06285,,aromatic ring-hydroxylating dioxygenase subunit alpha,1_104_VanA,1,360.9,0.9801,5.1e-108,NZ_LWBS01000059.1,408,1458,1,Rhizobium leguminosarum,Bacteria; Pseudomonadota; Alphaproteobacteria; Hyphomicrobiales; Rhizobiaceae; Rhizobium/Agrobacterium group; Rhizobium,0,1_104_VanA#19,core,0.6603,1,0,0,1,[alpha] > regulator > reductase
NZ_LWEQ01000468.1:7653-8700:1,WP_067925739.1,A3721_RS18275,,aromatic ring-hydroxylating dioxygenase subunit alpha,1_104_VanA,1,110.0,0.4602,9.3e-32,NZ_LWEQ01000468.1,7653,8700,1,Sulfitobacter sp. HI0023,Bacteria; Pseudomonadati; Pseudomonadota; Alphaproteobacteria; Rhodobacterales; Roseobacteraceae; Sulfitobacter,0,1_104_VanA#17,divergent,0.4259,1,0,0,1,transposon > transporter > transporter > transporter > [alpha] > reductase > hydrolase > other > reductase > other > dehydrogenase > dehydrogenase > reductase
NZ_LVWD01000003.1:71033-72086:1,WP_066085397.1,LPB72_RS03075,,aromatic ring-hydroxylating dioxygenase subunit alpha,1_104_VanA,1,673.0,0.9801,6.6e-203,NZ_LVWD01000003.1,71033,72086,1,Hydrogenophaga crassostreae,Bacteria; Pseudomonadati; Pseudomonadota; Betaproteobacteria; Burkholderiales; Comamonadaceae; Hydrogenophaga,0,1_104_VanA#0,core,0.7634,0,0,0,0,[alpha] > reductase
NZ_LWCR01000016.1:968-2027:-1,WP_064307982.1,A4V15_RS11170,,aromatic ring-hydroxylating dioxygenase subunit alpha,1_104_VanA,1,717.4,0.9773,2e-216,NZ_LWCR01000016.1,968,2027,-1,Pseudomonas oryzihabitans,Bacteria; Pseudomonadati; Pseudomonadota; Gammaproteobacteria; Pseudomonadales; Pseudomonadaceae; Pseudomonas,0,1_104_VanA#0,core,0.8239,0,0,0,0,[alpha] > reductase
NZ_LWHQ01000017.1:95431-96520:-1,WP_048437367.1,A5481_RS10205,,aromatic ring-hydroxylating dioxygenase subunit alpha,1_104_VanA,1,330.0,0.9773,1.2e-98,NZ_LWHQ01000017.1,95431,96520,-1,Methylobacterium platani,Bacteria; Pseudomonadati; Pseudomonadota; Alphaproteobacteria; Hyphomicrobiales; Methylobacteriaceae; Methylobacterium,0,1_104_VanA#31,core,0.8376,0,0,0,0,[alpha] > reductase
NZ_LXJQ01000038.1:25183-26203:-1,WP_069565691.1,A7D27_RS18440,,aromatic ring-hydroxylating dioxygenase subunit alpha,1_104_VanA,1,101.6,0.4915,3.5e-29,NZ_LXJQ01000038.1,25183,26203,-1,Pseudomonas sp. 1D4,Bacteria; Pseudomonadati; Pseudomonadota; Gammaproteobacteria; Pseudomonadales; Pseudomonadaceae; Pseudomonas,0,1_104_VanA#13,core,0.7128,0,0,0,0,reductase > other > hydrolase > regulator > reductase > other > dehydrogenase > dehydrogenase > other > reductase > hypothetical > transposon > [alpha] > other > reductase
NZ_LXJP01000023.1:74462-75503:1,WP_069552226.1,A7D21_RS17305,,aromatic ring-hydroxylating dioxygenase subunit alpha,1_104_VanA,1,753.4,0.9744,2.2e-227,NZ_LXJP01000023.1,74462,75503,1,Pseudomonas sp. AP19,Bacteria; Pseudomonadati; Pseudomonadota; Gammaproteobacteria; Pseudomonadales; Pseudomonadaceae; Pseudomonas,0,1_104_VanA#0,core,0.9494,0,0,0,0,[alpha] > reductase
NZ_LXJR01000016.1:13885-14971:1,WP_069519463.1,A7D25_RS13740,,aromatic ring-hydroxylating dioxygenase subunit alpha,1_104_VanA,1,338.4,0.9744,3.5e-101,NZ_LXJR01000016.1,13885,14971,1,Pseudomonas sp. 21C1,Bacteria; Pseudomonadati; Pseudomonadota; Gammaproteobacteria; Pseudomonadales; Pseudomonadaceae; Pseudomonas,0,1_104_VanA#46,core,0.5655,0,0,0,0,[alpha] > reductase > other > hydrolase > hydrolase > other > dehydrogenase > dehydrogenase > other > other > reductase
NZ_LXJR01000016.1:67464-68529:-1,WP_069519505.1,A7D25_RS13955,,aromatic ring-hydroxylating dioxygenase subunit alpha,1_104_VanA,1,716.7,0.983,3.2e-216,NZ_LXJR01000016.1,67464,68529,-1,Pseudomonas sp. 21C1,Bacteria; Pseudomonadati; Pseudomonadota; Gammaproteobacteria; Pseudomonadales; Pseudomonadaceae; Pseudomonas,0,1_104_VanA#0,core,0.7806,0,0,0,0,[alpha] > reductase
NZ_LXKA01000087.1:80631-81723:-1,WP_064271218.1,A6V37_RS06510,,aromatic ring-hydroxylating dioxygenase subunit alpha,1_104_VanA,1,118.1,0.4858,3.3e-34,NZ_LXKA01000087.1,80631,81723,-1,Paraburkholderia ginsengiterrae,Bacteria; Pseudomonadati; Pseudomonadota; Betaproteobacteria; Burkholderiales; Burkholderiaceae; Paraburkholderia,0,1_104_VanA#1,core,0.85,2,0,1,1,ferredoxin > transposon > [alpha] > reductase > other > hydrolase > regulator > reductase > other > dehydrogenase > dehydrogenase > other > reductase
NZ_LXNG01000004.1:57250-58327:-1,WP_064507763.1,A7D17_RS03140,,aromatic ring-hydroxylating dioxygenase subunit alpha,1_104_VanA,1,379.3,0.9773,1.3e-113,NZ_LXNG01000004.1,57250,58327,-1,Xanthomonas floridensis,Bacteria; Pseudomonadati; Pseudomonadota; Gammaproteobacteria; Lysobacterales; Lysobacteraceae; Xanthomonas,0,1_104_VanA#8,core,0.9338,1,0,0,1,[alpha] > regulator > reductase > other
NZ_LXKR01000028.1:90919-91963:-1,WP_024484371.1,A6U95_RS10930,,aromatic ring-hydroxylating dioxygenase subunit alpha,1_104_VanA,1,100.6,0.4773,6.8e-29,NZ_LXKR01000028.1,90919,91963,-1,Serratia sp. 14-2641,Bacteria; Pseudomonadati; Pseudomonadota; Gammaproteobacteria; Enterobacterales; Yersiniaceae; Serratia,0,1_104_VanA#3,core,0.7804,2,0,1,1,ferredoxin > transposon > [alpha] > reductase > regulator > other > reductase > transporter > other > hydrolase > reductase > dehydrogenase > dehydrogenase > other
NZ_LXRG01000109.1:9732-10800:1,WP_064233974.1,A6R74_RS07830,,aromatic ring-hydroxylating dioxygenase subunit alpha,1_104_VanA,1,691.1,0.983,2e-208,NZ_LXRG01000109.1,9732,10800,1,Halomonas sp. ALS9,Bacteria; Pseudomonadati; Pseudomonadota; Gammaproteobacteria; Oceanospirillales; Halomonadaceae; Halomonas,0,1_104_VanA#0,core,0.761,1,0,0,1,[alpha] > reductase > transporter
NZ_LXVX01000011.1:43084-44119:1,WP_332308763.1,A7Q26_RS07825,,aromatic ring-hydroxylating dioxygenase subunit alpha,1_104_VanA,1,108.8,0.4943,2.2e-31,NZ_LXVX01000011.1,43084,44119,1,Sphingobium sp. TCM1,Bacteria; Pseudomonadati; Pseudomonadota; Alphaproteobacteria; Sphingomonadales; Sphingomonadaceae; Sphingobium,0,1_104_VanA#44,core,0.5831,0,0,0,0,transposon > [alpha] > regulator > other > other > hydrolase > reductase > transporter
NZ_LYSO01000003.1:41741-42776:1,WP_003195686.1,A7K61_RS02085,,aromatic ring-hydroxylating dioxygenase subunit alpha,1_104_VanA,1,101.7,0.4886,3.3e-29,NZ_LYSO01000003.1,41741,42776,1,Pseudomonas sp. AP42,Bacteria; Pseudomonadati; Pseudomonadota; Gammaproteobacteria; Pseudomonadales; Pseudomonadaceae; Pseudomonas,0,1_104_VanA#13,core,0.9637,1,0,0,1,reductase > other > hydrolase > regulator > reductase > other > dehydrogenase > dehydrogenase > other > reductase > transposon > [alpha] > reductase
NZ_LYXG01000006.1:58081-59125:1,WP_066316422.1,ADS46_RS03720,,aromatic ring-hydroxylating dioxygenase subunit alpha,1_104_VanA,1,691.0,0.9744,2.2e-208,NZ_LYXG01000006.1,58081,59125,1,Halomonas sp. G11,Bacteria; Pseudomonadati; Pseudomonadota; Gammaproteobacteria; Oceanospirillales; Halomonadaceae; Halomonas,0,1_104_VanA#0,core,0.7774,1,0,0,1,[alpha] > reductase > transporter
NZ_LYWZ01000002.1:209590-210724:-1,WP_066768982.1,A9D13_RS01275,,aromatic ring-hydroxylating dioxygenase subunit alpha,1_104_VanA,1,154.0,0.9716,4e-45,NZ_LYWZ01000002.1,209590,210724,-1,Croceicoccus mobilis,Bacteria; Pseudomonadati; Pseudomonadota; Alphaproteobacteria; Sphingomonadales; Erythrobacteraceae; Croceicoccus,0,1_104_VanA#60,novel_candidate,0.3175,0,0,0,0,[alpha] > other > hydrolase > hydrolase
NZ_LZKT01000029.1:6658-7732:1,WP_067317409.1,A5660_RS04620,,aromatic ring-hydroxylating dioxygenase subunit alpha,1_104_VanA,1,245.6,0.9659,5.8e-73,NZ_LZKT01000029.1,6658,7732,1,Mycobacterium alsense,Bacteria; Bacillati; Actinomycetota; Actinomycetes; Mycobacteriales; Mycobacteriaceae; Mycobacterium,0,1_104_VanA#15,core,0.7798,0,0,0,0,[alpha]
NZ_LZYC01000029.1:23818-24877:1,WP_058488226.1,BAE52_RS07455,,aromatic ring-hydroxylating dioxygenase subunit alpha,1_104_VanA,1,742.0,0.9858,6.8e-224,NZ_LZYC01000029.1,23818,24877,1,Pseudomonas sp. EGD-AKN5,Bacteria; Pseudomonadati; Pseudomonadota; Gammaproteobacteria; Pseudomonadales; Pseudomonadaceae; Pseudomonas,0,1_104_VanA#0,core,0.879,0,0,0,0,[alpha] > reductase
NZ_MAOS01000040.1:66125-67187:-1,WP_069343036.1,A9762_RS16200,,aromatic ring-hydroxylating dioxygenase subunit alpha,1_104_VanA,1,652.8,0.983,8.9e-197,NZ_MAOS01000040.1,66125,67187,-1,Pandoraea sp. ISTKB,Bacteria; Pseudomonadati; Pseudomonadota; Betaproteobacteria; Burkholderiales; Burkholderiaceae; Pandoraea,0,1_104_VanA#0,core,0.6822,0,0,0,0,regulator > [alpha] > reductase
NZ_MAOS01000013.1:58283-59315:1,WP_069340663.1,A9762_RS03500,,aromatic ring-hydroxylating dioxygenase subunit alpha,1_104_VanA,1,114.2,0.4886,4.9e-33,NZ_MAOS01000013.1,58283,59315,1,Pandoraea sp. ISTKB,Bacteria; Pseudomonadati; Pseudomonadota; Betaproteobacteria; Burkholderiales; Burkholderiaceae; Pandoraea,0,1_104_VanA#29,core,0.8228,0,0,0,0,transporter > reductase > other > hydrolase > regulator > reductase > other > dehydrogenase > dehydrogenase > transporter > hypothetical > transposon > [alpha] > other > reductase > other
NZ_MAXC01000008.1:149291-150341:-1,WP_065744437.1,LMTR3_RS07425,,aromatic ring-hydroxylating dioxygenase subunit alpha,1_104_VanA,1,380.0,0.983,7.6e-114,NZ_MAXC01000008.1,149291,150341,-1,Bradyrhizobium sp. LMTR 3,Bacteria; Pseudomonadati; Pseudomonadota; Alphaproteobacteria; Hyphomicrobiales; Nitrobacteraceae; Bradyrhizobium,0,1_104_VanA#5,core,0.8312,0,0,0,0,[alpha] > regulator > reductase
NZ_MCAS01000068.1:259449-260547:-1,WP_120349238.1,BCY88_RS38185,,aromatic ring-hydroxylating dioxygenase subunit alpha,1_104_VanA,1,118.7,0.4858,2.2e-34,NZ_MCAS01000068.1,259449,260547,-1,Paraburkholderia fungorum,Bacteria; Pseudomonadati; Pseudomonadota; Betaproteobacteria; Burkholderiales; Burkholderiaceae; Paraburkholderia,0,1_104_VanA#1,core,0.8585,2,0,1,1,ferredoxin > transposon > [alpha] > reductase > other > hydrolase > regulator > reductase > other > dehydrogenase > dehydrogenase > other > reductase
NZ_MDCE01000032.1:35044-36121:1,WP_065469906.1,XbrCFBP1976_RS17980,,aromatic ring-hydroxylating dioxygenase subunit alpha,1_104_VanA,1,371.5,0.9801,2.9e-111,NZ_MDCE01000032.1,35044,36121,1,Xanthomonas bromi,Bacteria; Pseudomonadati; Pseudomonadota; Gammaproteobacteria; Lysobacterales; Lysobacteraceae; Xanthomonas,0,1_104_VanA#8,core,0.9187,1,0,0,1,[alpha] > reductase
NZ_MDCO01000010.1:243063-244065:-1,WP_069726698.1,BFL38_RS08765,,aromatic ring-hydroxylating dioxygenase subunit alpha,1_104_VanA,1,103.0,0.5398,1.3e-29,NZ_MDCO01000010.1,243063,244065,-1,Brachyspira hampsonii,Bacteria; Pseudomonadati; Spirochaetota; Spirochaetia; Brachyspirales; Brachyspiraceae; Brachyspira,0,1_104_VanA#38,novel_candidate,0.2218,0,0,0,0,[alpha] > other > hypothetical > reductase > other > other
NZ_MDDR01000044.1:2518-3580:1,WP_071486577.1,BFL40_RS25775,,aromatic ring-hydroxylating dioxygenase subunit alpha,1_104_VanA,1,754.7,0.9943,9.4e-228,NZ_MDDR01000044.1,2518,3580,1,Pseudomonas costantinii,Bacteria; Pseudomonadati; Pseudomonadota; Gammaproteobacteria; Pseudomonadales; Pseudomonadaceae; Pseudomonas,0,1_104_VanA#0,core,0.9432,0,0,0,0,[alpha] > reductase
NZ_MDEI01000006.1:231017-232094:1,WP_046964785.1,XpiCFBP4643_RS09520,,aromatic ring-hydroxylating dioxygenase subunit alpha,1_104_VanA,1,382.0,0.9801,1.9e-114,NZ_MDEI01000006.1,231017,232094,1,Xanthomonas pisi,Bacteria; Pseudomonadati; Pseudomonadota; Gammaproteobacteria; Lysobacterales; Lysobacteraceae; Xanthomonas,0,1_104_VanA#12,core,0.9688,1,0,0,1,[alpha] > regulator > reductase > other
NZ_MDDS01000024.1:106302-107331:1,WP_069320477.1,BFL28_RS10345,,aromatic ring-hydroxylating dioxygenase subunit alpha,1_104_VanA,1,371.3,0.9659,3.4e-111,NZ_MDDS01000024.1,106302,107331,1,Sphingomonas turrisvirgatae,Bacteria; Pseudomonadati; Pseudomonadota; Alphaproteobacteria; Sphingomonadales; Sphingomonadaceae; Sphingomonas,0,1_104_VanA#20,divergent,0.4586,0,0,0,0,[alpha]
NZ_MDDR01000034.1:572417-573452:1,WP_071485257.1,BFL40_RS18115,,aromatic ring-hydroxylating dioxygenase subunit alpha,1_104_VanA,1,103.9,0.4943,7e-30,NZ_MDDR01000034.1,572417,573452,1,Pseudomonas costantinii,Bacteria; Pseudomonadati; Pseudomonadota; Gammaproteobacteria; Pseudomonadales; Pseudomonadaceae; Pseudomonas,0,1_104_VanA#13,core,0.9692,1,0,0,1,reductase > other > hydrolase > regulator > reductase > other > dehydrogenase > dehydrogenase > other > reductase > hypothetical > transposon > [alpha] > hydrolase > reductase
NZ_MDEQ02000026.1:71141-72212:-1,WP_128846590.1,BFF94_RS30585,,aromatic ring-hydroxylating dioxygenase subunit alpha,1_104_VanA,1,124.1,0.4858,4.9e-36,NZ_MDEQ02000026.1,71141,72212,-1,Burkholderia catarinensis,Bacteria; Pseudomonadati; Pseudomonadota; Betaproteobacteria; Burkholderiales; Burkholderiaceae; Burkholderia; Burkholderia cepacia complex,0,1_104_VanA#1,core,0.9685,2,0,1,1,ferredoxin > transposon > [alpha] > reductase > other > hydrolase > regulator > reductase > other > dehydrogenase > dehydrogenase > other > reductase
NZ_MDFI01000011.1:134485-135547:1,WP_065931455.1,BFN07_RS02305,,aromatic ring-hydroxylating dioxygenase subunit alpha,1_104_VanA,1,754.2,0.9943,1.3e-227,NZ_MDFI01000011.1,134485,135547,1,Pseudomonas salomonii,Bacteria; Pseudomonadati; Pseudomonadota; Gammaproteobacteria; Pseudomonadales; Pseudomonadaceae; Pseudomonas,0,1_104_VanA#0,core,0.9417,0,0,0,0,[alpha] > reductase
NZ_MDEF01000055.1:7200-8277:1,WP_006449036.1,XhhCFBP4925_RS14860,,aromatic ring-hydroxylating dioxygenase subunit alpha,1_104_VanA,1,381.2,0.9801,3.3e-114,NZ_MDEF01000055.1,7200,8277,1,Xanthomonas hortorum pv. hederae,Bacteria; Pseudomonadati; Pseudomonadota; Gammaproteobacteria; Lysobacterales; Lysobacteraceae; Xanthomonas,0,1_104_VanA#8,core,0.9537,1,0,0,1,[alpha] > regulator > reductase > other
NZ_MDEK01000008.1:48716-49793:-1,WP_010343720.1,XsacCFBP4641_RS10005,,aromatic ring-hydroxylating dioxygenase subunit alpha,1_104_VanA,1,372.4,0.9773,1.6e-111,NZ_MDEK01000008.1,48716,49793,-1,Xanthomonas sacchari,Bacteria; Pseudomonadati; Pseudomonadota; Gammaproteobacteria; Lysobacterales; Lysobacteraceae; Xanthomonas,0,1_104_VanA#12,core,0.7788,0,0,0,0,[alpha] > regulator > reductase
NZ_MDFI01000053.1:104495-105557:1,WP_069787598.1,BFN07_RS19870,,aromatic ring-hydroxylating dioxygenase subunit alpha,1_104_VanA,1,760.4,0.9943,1.6e-229,NZ_MDFI01000053.1,104495,105557,1,Pseudomonas salomonii,Bacteria; Pseudomonadati; Pseudomonadota; Gammaproteobacteria; Pseudomonadales; Pseudomonadaceae; Pseudomonas,0,1_104_VanA#0,core,0.9279,0,0,0,0,dehydrogenase > [alpha] > reductase
NZ_MDFJ01000026.1:243153-244194:-1,WP_057008245.1,BFN06_RS12430,,aromatic ring-hydroxylating dioxygenase subunit alpha,1_104_VanA,1,742.7,0.9744,3.9e-224,NZ_MDFJ01000026.1,243153,244194,-1,Pseudomonas trivialis,Bacteria; Pseudomonadati; Pseudomonadota; Gammaproteobacteria; Pseudomonadales; Pseudomonadaceae; Pseudomonas,0,1_104_VanA#0,core,0.8882,0,0,0,0,[alpha] > reductase
NZ_MDJT01000146.1:23409-24486:-1,WP_011050269.1,BFQ41_RS15585,,Rieske 2Fe-2S domain-containing protein,1_104_VanA,1,377.3,0.9801,5.1e-113,NZ_MDJT01000146.1,23409,24486,-1,Xanthomonas citri pv. citri,Bacteria; Pseudomonadati; Pseudomonadota; Gammaproteobacteria; Lysobacterales; Lysobacteraceae; Xanthomonas,0,1_104_VanA#8,core,0.9627,1,0,0,1,[alpha] > reductase
NZ_MDSS02000045.1:12910-14056:1,WP_070160181.1,BCY76_RS12610,,aromatic ring-hydroxylating dioxygenase subunit alpha,1_104_VanA,1,321.5,0.9773,4.6e-96,NZ_MDSS02000045.1,12910,14056,1,Nesterenkonia sp. PF2B19,Bacteria; Bacillati; Actinomycetota; Actinomycetes; Micrococcales; Micrococcaceae; Nesterenkonia,0,1_104_VanA#18,core,0.7623,0,0,0,0,[alpha] > reductase > transporter > transporter
NZ_MDHN01000004.1:41252-42311:1,WP_070123354.1,BFC18_RS01120,,aromatic ring-hydroxylating dioxygenase subunit alpha,1_104_VanA,1,633.2,0.9773,8.2e-191,NZ_MDHN01000004.1,41252,42311,1,Alteromonas confluentis,Bacteria; Pseudomonadati; Pseudomonadota; Gammaproteobacteria; Alteromonadales; Alteromonadaceae; Alteromonas/Salinimonas group; Alteromonas,0,1_104_VanA#0,core,0.6646,1,0,0,1,[alpha] > reductase
NZ_MEAY01000001.1:544321-545392:1,WP_045565162.1,BGV70_RS02565,,aromatic ring-hydroxylating dioxygenase subunit alpha,1_104_VanA,1,126.1,0.4858,1.2e-36,NZ_MEAY01000001.1,544321,545392,1,Burkholderia ubonensis,Bacteria; Pseudomonadati; Pseudomonadota; Betaproteobacteria; Burkholderiales; Burkholderiaceae; Burkholderia; Burkholderia cepacia complex,0,1_104_VanA#1,core,0.9317,2,0,1,1,ferredoxin > transposon > [alpha] > reductase > other > hydrolase > regulator > reductase > other > dehydrogenase > dehydrogenase > other > reductase
NZ_MDSJ01000025.1:24650-25727:-1,WP_016904721.1,XacyCFBP2565_RS19850,,aromatic ring-hydroxylating dioxygenase subunit alpha,1_104_VanA,1,379.6,0.9801,1e-113,NZ_MDSJ01000025.1,24650,25727,-1,Xanthomonas arboricola pv. corylina,Bacteria; Pseudomonadati; Pseudomonadota; Gammaproteobacteria; Lysobacterales; Lysobacteraceae; Xanthomonas,0,1_104_VanA#8,core,0.9691,1,0,0,1,[alpha] > regulator > reductase > other
NZ_MDSN01000001.1:610361-611438:1,WP_039408740.1,XspCFBP7912_RS02525,,aromatic ring-hydroxylating dioxygenase subunit alpha,1_104_VanA,1,381.6,0.9801,2.5e-114,NZ_MDSN01000001.1,610361,611438,1,Xanthomonas sp. CFBP 7912,Bacteria; Pseudomonadati; Pseudomonadota; Gammaproteobacteria; Lysobacterales; Lysobacteraceae; Xanthomonas,0,1_104_VanA#8,core,0.9533,1,0,0,1,[alpha] > regulator > reductase
NZ_MECP01000001.1:37386-38457:-1,WP_059587200.1,BGV63_RS00170,,aromatic ring-hydroxylating dioxygenase subunit alpha,1_104_VanA,1,126.2,0.4858,1.2e-36,NZ_MECP01000001.1,37386,38457,-1,Burkholderia ubonensis,Bacteria; Pseudomonadati; Pseudomonadota; Betaproteobacteria; Burkholderiales; Burkholderiaceae; Burkholderia; Burkholderia cepacia complex,0,1_104_VanA#1,core,0.8951,2,0,1,1,ferredoxin > transposon > [alpha] > reductase > other > hydrolase > regulator > reductase > other > dehydrogenase > dehydrogenase > other > reductase
NZ_MEBK01000001.1:50974-52045:-1,WP_045565162.1,BGV57_RS00220,,aromatic ring-hydroxylating dioxygenase subunit alpha,1_104_VanA,1,126.1,0.4858,1.2e-36,NZ_MEBK01000001.1,50974,52045,-1,Burkholderia ubonensis,Bacteria; Pseudomonadati; Pseudomonadota; Betaproteobacteria; Burkholderiales; Burkholderiaceae; Burkholderia; Burkholderia cepacia complex,0,1_104_VanA#1,core,0.9317,2,0,1,1,ferredoxin > transposon > [alpha] > reductase > other > hydrolase > regulator > reductase > other > dehydrogenase > dehydrogenase > other > reductase
NZ_MECN01000005.1:81034-82105:-1,WP_059963667.1,BGV65_RS06355,,aromatic ring-hydroxylating dioxygenase subunit alpha,1_104_VanA,1,127.7,0.4858,4e-37,NZ_MECN01000005.1,81034,82105,-1,Burkholderia ubonensis,Bacteria; Pseudomonadati; Pseudomonadota; Betaproteobacteria; Burkholderiales; Burkholderiaceae; Burkholderia; Burkholderia cepacia complex,0,1_104_VanA#1,core,0.9074,2,0,1,1,ferredoxin > transposon > [alpha] > reductase > other > hydrolase > regulator > reductase > other > dehydrogenase > dehydrogenase > other > reductase
NZ_MJAO01000026.1:55782-56826:1,WP_073534199.1,BHU62_RS20915,,aromatic ring-hydroxylating dioxygenase subunit alpha,1_104_VanA,1,100.5,0.4744,7.4e-29,NZ_MJAO01000026.1,55782,56826,1,Serratia marcescens,Bacteria; Pseudomonadati; Pseudomonadota; Gammaproteobacteria; Enterobacterales; Yersiniaceae; Serratia,0,1_104_VanA#3,core,0.8013,2,0,1,1,ferredoxin > transposon > [alpha] > reductase > regulator > other > reductase > transporter > other > hydrolase > reductase > dehydrogenase > dehydrogenase > other
NZ_MJHA01000008.1:202167-203244:1,WP_000470079.1,BIT33_RS14565,,aromatic ring-hydroxylating dioxygenase subunit alpha,1_104_VanA,1,695.8,0.9858,7.2e-210,NZ_MJHA01000008.1,202167,203244,1,Acinetobacter baumannii ATCC 19606 = CIP 70.34 = JCM 6841,Bacteria; Pseudomonadati; Pseudomonadota; Gammaproteobacteria; Moraxellales; Moraxellaceae; Acinetobacter; Acinetobacter calcoaceticus/baumannii complex,0,1_104_VanA#0,core,0.9719,0,0,0,0,[alpha] > reductase
NZ_MJHA01000009.1:92948-94016:-1,WP_000991783.1,BIT33_RS15980,,aromatic ring-hydroxylating dioxygenase subunit alpha,1_104_VanA,1,109.9,0.483,1e-31,NZ_MJHA01000009.1,92948,94016,-1,Acinetobacter baumannii ATCC 19606 = CIP 70.34 = JCM 6841,Bacteria; Pseudomonadati; Pseudomonadota; Gammaproteobacteria; Moraxellales; Moraxellaceae; Acinetobacter; Acinetobacter calcoaceticus/baumannii complex,0,1_104_VanA#4,core,1.0,2,0,1,1,ferredoxin > transposon > [alpha] > reductase > other > reductase > transporter > other > hydrolase > reductase > dehydrogenase > dehydrogenase > other
NZ_MJIC01000013.1:37800-38859:1,WP_070176437.1,BFC17_RS10515,,aromatic ring-hydroxylating dioxygenase subunit alpha,1_104_VanA,1,624.6,0.9773,3.3e-188,NZ_MJIC01000013.1,37800,38859,1,Alteromonas lipolytica,Bacteria; Pseudomonadati; Pseudomonadota; Gammaproteobacteria; Alteromonadales; Alteromonadaceae; Alteromonas/Salinimonas group; Alteromonas,0,1_104_VanA#0,core,0.6832,0,0,0,0,[alpha] > reductase
NZ_MKEP01000006.1:89448-90510:-1,WP_069899799.1,AX279_RS09380,,aromatic ring-hydroxylating dioxygenase subunit alpha,1_104_VanA,1,730.1,0.9943,2.8e-220,NZ_MKEP01000006.1,89448,90510,-1,Pseudomonas sp. J237,Bacteria; Pseudomonadota; Gammaproteobacteria; Pseudomonadales; Pseudomonadaceae; Pseudomonas,0,1_104_VanA#0,core,0.8,0,0,0,0,[alpha] > reductase
NZ_MKEQ01000002.1:542358-543381:1,WP_006811913.1,BH712_RS21695,,aromatic ring-hydroxylating dioxygenase subunit alpha,1_104_VanA,1,106.7,0.4744,9.6e-31,NZ_MKEQ01000002.1,542358,543381,1,Enterobacter hormaechei ATCC 49162,Bacteria; Pseudomonadati; Pseudomonadota; Gammaproteobacteria; Enterobacterales; Enterobacteriaceae; Enterobacter; Enterobacter cloacae complex,0,1_104_VanA#3,core,0.9396,2,0,1,1,ferredoxin > transposon > [alpha] > reductase > regulator > other > reductase > transporter > other > hydrolase > reductase > dehydrogenase > dehydrogenase > other
NZ_MKIN01000028.1:112153-113197:-1,WP_075617158.1,BJF91_RS24515,,aromatic ring-hydroxylating dioxygenase subunit alpha,1_104_VanA,1,353.3,0.9744,1e-105,NZ_MKIN01000028.1,112153,113197,-1,Allorhizobium taibaishanense,Bacteria; Pseudomonadati; Pseudomonadota; Alphaproteobacteria; Hyphomicrobiales; Rhizobiaceae; Rhizobium/Agrobacterium group; Allorhizobium,0,1_104_VanA#19,core,0.7075,0,0,0,0,[alpha]
NZ_ML137229.1:53241-54303:1,WP_057005585.1,DJ028_RS13710,,aromatic ring-hydroxylating dioxygenase subunit alpha,1_104_VanA,1,758.9,0.9943,4.9e-229,NZ_ML137229.1,53241,54303,1,Pseudomonas veronii,Bacteria; Pseudomonadati; Pseudomonadota; Gammaproteobacteria; Pseudomonadales; Pseudomonadaceae; Pseudomonas,0,1_104_VanA#0,core,0.9373,0,0,0,0,[alpha] > reductase
NZ_MKZO01000047.1:246558-247611:1,WP_075805514.1,PSEMO_RS24475,,aromatic ring-hydroxylating dioxygenase subunit alpha,1_104_VanA,1,713.4,0.9773,3.4e-215,NZ_MKZO01000047.1,246558,247611,1,Pseudomonas putida,Bacteria; Pseudomonadati; Pseudomonadota; Gammaproteobacteria; Pseudomonadales; Pseudomonadaceae; Pseudomonas,0,1_104_VanA#0,core,0.8228,0,0,0,0,[alpha] > reductase
NZ_MLED01000030.1:30823-31888:1,WP_005739414.1,BKM25_RS18405,,aromatic ring-hydroxylating dioxygenase subunit alpha,1_104_VanA,1,739.7,0.9886,3.3e-223,NZ_MLED01000030.1,30823,31888,1,Pseudomonas avellanae,Bacteria; Pseudomonadati; Pseudomonadota; Gammaproteobacteria; Pseudomonadales; Pseudomonadaceae; Pseudomonas,0,1_104_VanA#0,core,0.9219,0,0,0,0,regulator > [alpha] > reductase
NZ_MLYO01000076.1:92055-93120:1,WP_071385514.1,BIV23_RS37835,,aromatic ring-hydroxylating dioxygenase subunit alpha,1_104_VanA,1,225.6,0.9801,6.9e-67,NZ_MLYO01000076.1,92055,93120,1,Streptomyces monashensis,Bacteria; Bacillati; Actinomycetota; Actinomycetes; Kitasatosporales; Streptomycetaceae; Streptomyces,0,1_104_VanA#10,core,0.8219,0,0,0,0,[alpha] > reductase
NZ_MOBC01000022.1:98650-99736:-1,WP_042731823.1,BK652_RS28065,,aromatic ring-hydroxylating dioxygenase subunit alpha,1_104_VanA,1,778.4,0.9943,5.9e-235,NZ_MOBC01000022.1,98650,99736,-1,Pseudomonas brassicacearum,Bacteria; Pseudomonadati; Pseudomonadota; Gammaproteobacteria; Pseudomonadales; Pseudomonadaceae; Pseudomonas,0,1_104_VanA#0,core,0.9037,0,0,0,0,[alpha] > reductase
NZ_MOXD01000010.1:57266-58310:-1,WP_076943354.1,BMI79_RS17335,,aromatic ring-hydroxylating dioxygenase subunit alpha,1_104_VanA,1,101.6,0.4773,3.4e-29,NZ_MOXD01000010.1,57266,58310,-1,Serratia oryzae,Bacteria; Pseudomonadati; Pseudomonadota; Gammaproteobacteria; Enterobacterales; Yersiniaceae; Serratia,0,1_104_VanA#3,core,0.8013,2,0,1,1,ferredoxin > transposon > [alpha] > reductase > regulator > other > reductase > transporter > other > hydrolase > reductase > dehydrogenase > dehydrogenase > other
NZ_MPJD01000027.1:21104-22163:1,WP_073510122.1,BOH74_RS17535,,aromatic ring-hydroxylating dioxygenase subunit alpha,1_104_VanA,1,752.9,0.9972,3.2e-227,NZ_MPJD01000027.1,21104,22163,1,Pseudomonas versuta,Bacteria; Pseudomonadati; Pseudomonadota; Gammaproteobacteria; Pseudomonadales; Pseudomonadaceae; Pseudomonas,0,1_104_VanA#0,core,0.8486,0,0,0,0,[alpha] > reductase
NZ_MQMU01000005.1:136238-137282:1,WP_012146669.1,BSR03_RS04900,,aromatic ring-hydroxylating dioxygenase subunit alpha,1_104_VanA,1,100.2,0.4773,9.2e-29,NZ_MQMU01000005.1,136238,137282,1,Serratia proteamaculans,Bacteria; Pseudomonadati; Pseudomonadota; Gammaproteobacteria; Enterobacterales; Yersiniaceae; Serratia,0,1_104_VanA#3,core,0.7953,2,0,1,1,ferredoxin > transposon > [alpha] > reductase > regulator > other > reductase > transporter > other > hydrolase > reductase > dehydrogenase > dehydrogenase > other
NZ_MQUS01000007.1:199828-200893:1,WP_076088372.1,AV521_RS14805,,aromatic ring-hydroxylating dioxygenase subunit alpha,1_104_VanA,1,229.9,0.9631,3.3e-68,NZ_MQUS01000007.1,199828,200893,1,Streptomyces sp. IMTB 2501,Bacteria; Bacillati; Actinomycetota; Actinomycetes; Kitasatosporales; Streptomycetaceae; Streptomyces,0,1_104_VanA#10,core,0.89,0,0,0,0,[alpha] > hypothetical > reductase
NZ_MRCE01000010.1:68588-69593:-1,WP_073593669.1,NIES2119_RS11825,,aromatic ring-hydroxylating dioxygenase subunit alpha,1_104_VanA,1,86.2,0.4574,1.7e-24,NZ_MRCE01000010.1,68588,69593,-1,Phormidium ambiguum IAM M-71,Bacteria; Bacillati; Cyanobacteriota; Cyanophyceae; Oscillatoriophycideae; Oscillatoriales; Oscillatoriaceae; Phormidium,0,1_104_VanA#24,novel_candidate,0.2325,1,0,1,0,other > other > hydrolase > other > [alpha] > hypothetical > alpha_other > other > other > ferredoxin
NZ_MRCB01000020.1:12484-13555:1,WP_073600465.1,NIES593_RS15620,,aromatic ring-hydroxylating dioxygenase subunit alpha,1_104_VanA,1,118.6,0.5426,2.4e-34,NZ_MRCB01000020.1,12484,13555,1,Hydrococcus rivularis NIES-593,Bacteria; Bacillati; Cyanobacteriota; Cyanophyceae; Pleurocapsales; Hydrococcaceae; Hydrococcus,0,1_104_VanA#27,divergent,0.4146,0,0,0,0,[alpha]
NZ_MRCC01000028.1:159-1269:1,WP_073551573.1,NIES1031_RS21970,,aromatic ring-hydroxylating dioxygenase subunit alpha,1_104_VanA,1,96.4,0.5369,1.3e-27,NZ_MRCC01000028.1,159,1269,1,Chroogloeocystis siderophila 5.2 s.c.1,Bacteria; Bacillati; Cyanobacteriota; Cyanophyceae; Oscillatoriophycideae; Chroococcales; Chroococcaceae; Chroogloeocystis,0,1_104_VanA#28,novel_candidate,0.2244,0,0,0,0,[alpha] > other > hypothetical > other
NZ_MSCT01000023.1:62798-63833:-1,WP_075122333.1,BTN82_RS28415,,aromatic ring-hydroxylating dioxygenase subunit alpha,1_104_VanA,1,101.3,0.4972,4.3e-29,NZ_MSCT01000023.1,62798,63833,-1,Pseudomonas chlororaphis,Bacteria; Pseudomonadati; Pseudomonadota; Gammaproteobacteria; Pseudomonadales; Pseudomonadaceae; Pseudomonas,0,1_104_VanA#21,core,0.9585,1,0,0,1,dehydrogenase > other > reductase > hypothetical > transposon > [alpha] > other > reductase
NZ_MSDQ01000001.1:2434-3466:1,WP_075367627.1,BTW10_RS00025,,aromatic ring-hydroxylating dioxygenase subunit alpha,1_104_VanA,1,105.5,0.4801,2.3e-30,NZ_MSDQ01000001.1,2434,3466,1,Chromohalobacter japonicus,Bacteria; Pseudomonadati; Pseudomonadota; Gammaproteobacteria; Oceanospirillales; Halomonadaceae; Chromohalobacter,0,1_104_VanA#78,core,0.6471,1,0,1,0,ferredoxin > transposon > [alpha] > reductase > regulator
NZ_MSDV01000021.1:149437-150532:-1,WP_075298389.1,BTH42_RS09755,,aromatic ring-hydroxylating dioxygenase subunit alpha,1_104_VanA,1,118.9,0.4858,1.8e-34,NZ_MSDV01000021.1,149437,150532,-1,Burkholderia sp. SRS-W-2-2016,Bacteria; Pseudomonadati; Pseudomonadota; Betaproteobacteria; Burkholderiales; Burkholderiaceae; Burkholderia,0,1_104_VanA#1,core,0.879,2,0,1,1,ferredoxin > transposon > [alpha] > reductase > other > hydrolase > regulator > reductase > other > dehydrogenase > dehydrogenase > other > reductase
NZ_MSDV01000023.1:212788-213880:1,WP_075299309.1,BTH42_RS11720,,aromatic ring-hydroxylating dioxygenase subunit alpha,1_104_VanA,1,711.3,0.9801,1.4e-214,NZ_MSDV01000023.1,212788,213880,1,Burkholderia sp. SRS-W-2-2016,Bacteria; Pseudomonadati; Pseudomonadota; Betaproteobacteria; Burkholderiales; Burkholderiaceae; Burkholderia,0,1_104_VanA#0,core,0.8131,0,0,0,0,[alpha] > reductase
NZ_MSDZ01000027.1:42288-43374:1,WP_065057804.1,BUM79_RS12680,,aromatic ring-hydroxylating dioxygenase subunit alpha,1_104_VanA,1,116.9,0.4886,7.7e-34,NZ_MSDZ01000027.1,42288,43374,1,Paraburkholderia tropica,Bacteria; Pseudomonadati; Pseudomonadota; Betaproteobacteria; Burkholderiales; Burkholderiaceae; Paraburkholderia,0,1_104_VanA#1,core,0.8388,2,0,1,1,ferredoxin > transposon > [alpha] > reductase > other > hydrolase > regulator > reductase > other > dehydrogenase > dehydrogenase > other > reductase
NZ_MSXV01000055.1:42423-43488:1,WP_075962808.1,BVH03_RS19940,,aromatic ring-hydroxylating dioxygenase subunit alpha,1_104_VanA,1,742.2,0.9915,5.9e-224,NZ_MSXV01000055.1,42423,43488,1,Pseudomonas sp. PA15(2017),Bacteria; Pseudomonadati; Pseudomonadota; Gammaproteobacteria; Pseudomonadales; Pseudomonadaceae; Pseudomonas,0,1_104_VanA#0,core,0.8025,0,0,0,0,[alpha] > reductase
NZ_MSXW01000020.1:13267-14332:1,WP_075934056.1,BVH06_RS10570,,aromatic ring-hydroxylating dioxygenase subunit alpha,1_104_VanA,1,751.2,0.9915,1e-226,NZ_MSXW01000020.1,13267,14332,1,Pseudomonas sp. PA27(2017),Bacteria; Pseudomonadati; Pseudomonadota; Gammaproteobacteria; Pseudomonadales; Pseudomonadaceae; Pseudomonas,0,1_104_VanA#0,core,0.8339,0,0,0,0,[alpha] > reductase
NZ_MTJZ01000020.1:6878-7922:1,WP_076478358.1,BW685_RS17270,,aromatic ring-hydroxylating dioxygenase subunit alpha,1_104_VanA,1,675.1,0.9773,1.5e-203,NZ_MTJZ01000020.1,6878,7922,1,Burkholderia ubonensis,Bacteria; Pseudomonadati; Pseudomonadota; Betaproteobacteria; Burkholderiales; Burkholderiaceae; Burkholderia; Burkholderia cepacia complex,0,1_104_VanA#0,core,0.9497,0,0,0,0,regulator > [alpha] > reductase
NZ_MTJZ01000030.1:13106-14177:-1,WP_076479600.1,BW685_RS21260,,aromatic ring-hydroxylating dioxygenase subunit alpha,1_104_VanA,1,127.5,0.4858,4.5e-37,NZ_MTJZ01000030.1,13106,14177,-1,Burkholderia ubonensis,Bacteria; Pseudomonadati; Pseudomonadota; Betaproteobacteria; Burkholderiales; Burkholderiaceae; Burkholderia; Burkholderia cepacia complex,0,1_104_VanA#1,core,0.9043,2,0,1,1,ferredoxin > transposon > [alpha] > reductase > other > hydrolase > regulator > reductase > other > dehydrogenase > dehydrogenase > other > reductase
NZ_MTZU01000023.1:80220-81291:-1,WP_084908987.1,BZL54_RS08270,,aromatic ring-hydroxylating dioxygenase subunit alpha,1_104_VanA,1,122.8,0.4858,1.2e-35,NZ_MTZU01000023.1,80220,81291,-1,Burkholderia ubonensis subsp. mesacidophila,Bacteria; Pseudomonadati; Pseudomonadota; Betaproteobacteria; Burkholderiales; Burkholderiaceae; Burkholderia; Burkholderia cepacia complex,0,1_104_VanA#1,core,0.9352,2,0,1,1,ferredoxin > transposon > [alpha] > reductase > other > hydrolase > regulator > reductase > other > dehydrogenase > dehydrogenase > other > reductase
NZ_MUBF01000006.1:320500-321523:1,WP_041147187.1,BZP36_RS16265,,aromatic ring-hydroxylating dioxygenase subunit alpha,1_104_VanA,1,105.4,0.4659,2.3e-30,NZ_MUBF01000006.1,320500,321523,1,Raoultella terrigena,Bacteria; Pseudomonadati; Pseudomonadota; Gammaproteobacteria; Enterobacterales; Enterobacteriaceae; Klebsiella/Raoultella group; Raoultella,0,1_104_VanA#3,core,0.8993,2,0,1,1,ferredoxin > transposon > [alpha] > reductase > regulator > other > reductase > transporter > other > hydrolase > reductase > dehydrogenase > dehydrogenase > other
NZ_MTQP01000040.1:17159-18293:1,WP_077004383.1,ALI22I_RS05120,,aromatic ring-hydroxylating dioxygenase subunit alpha,1_104_VanA,1,340.8,0.9773,6.4e-102,NZ_MTQP01000040.1,17159,18293,1,Saccharothrix sp. ALI-22-I,Bacteria; Bacillati; Actinomycetota; Actinomycetes; Pseudonocardiales; Pseudonocardiaceae; Saccharothrix,0,1_104_VanA#6,core,0.8462,1,0,0,1,[alpha] > reductase
NZ_MTQP01000067.1:438541-439597:1,WP_077009730.1,ALI22I_RS34525,,aromatic ring-hydroxylating dioxygenase subunit alpha,1_104_VanA,1,243.6,0.9744,2.2e-72,NZ_MTQP01000067.1,438541,439597,1,Saccharothrix sp. ALI-22-I,Bacteria; Bacillati; Actinomycetota; Actinomycetes; Pseudonocardiales; Pseudonocardiaceae; Saccharothrix,0,1_104_VanA#71,core,0.7415,1,0,0,1,[alpha] > hypothetical > reductase > hydrolase
NZ_MUOA01000087.1:955-2041:1,WP_053188603.1,B0E42_RS22315,,aromatic ring-hydroxylating dioxygenase subunit alpha,1_104_VanA,1,775.0,0.9943,6.3e-234,NZ_MUOA01000087.1,955,2041,1,Pseudomonas sp. A25(2017),Bacteria; Pseudomonadati; Pseudomonadota; Gammaproteobacteria; Pseudomonadales; Pseudomonadaceae; Pseudomonas,0,1_104_VanA#0,core,0.9221,0,0,0,0,[alpha] > reductase
NZ_NBAQ01000002.1:399714-400779:-1,WP_057406826.1,CXB42_RS05710,,aromatic ring-hydroxylating dioxygenase subunit alpha,1_104_VanA,1,746.1,0.9773,3.7e-225,NZ_NBAQ01000002.1,399714,400779,-1,Pseudomonas syringae pv. syringae,Bacteria; Pseudomonadati; Pseudomonadota; Gammaproteobacteria; Pseudomonadales; Pseudomonadaceae; Pseudomonas; Pseudomonas syringae,0,1_104_VanA#0,core,0.9465,0,0,0,0,regulator > [alpha] > reductase
NZ_NBWN02000032.1:23091-24162:1,WP_062884813.1,B7L34_RS30590,,aromatic ring-hydroxylating dioxygenase subunit alpha,1_104_VanA,1,123.6,0.4858,6.9e-36,NZ_NBWN02000032.1,23091,24162,1,Burkholderia cenocepacia,Bacteria; Pseudomonadati; Pseudomonadota; Betaproteobacteria; Burkholderiales; Burkholderiaceae; Burkholderia; Burkholderia cepacia complex,0,1_104_VanA#1,core,0.9698,2,0,1,1,ferredoxin > transposon > [alpha] > reductase > other > hydrolase > regulator > reductase > other > dehydrogenase > dehydrogenase > other > reductase
NZ_NBYX01000001.1:99541-100612:1,WP_085037251.1,B7G54_RS00455,,aromatic ring-hydroxylating dioxygenase subunit alpha,1_104_VanA,1,123.4,0.4858,7.9e-36,NZ_NBYX01000001.1,99541,100612,1,Burkholderia puraquae,Bacteria; Pseudomonadati; Pseudomonadota; Betaproteobacteria; Burkholderiales; Burkholderiaceae; Burkholderia; Burkholderia cepacia complex,0,1_104_VanA#1,core,0.9749,1,0,1,0,ferredoxin > transposon > [alpha] > reductase > other > hydrolase > regulator
NZ_NFVE01000403.1:27888-28977:-1,WP_007587794.1,CA601_RS28700,,aromatic ring-hydroxylating dioxygenase subunit alpha,1_104_VanA,1,114.9,0.4858,3.2e-33,NZ_NFVE01000403.1,27888,28977,-1,Paraburkholderia hospita,Bacteria; Pseudomonadati; Pseudomonadota; Betaproteobacteria; Burkholderiales; Burkholderiaceae; Paraburkholderia,0,1_104_VanA#1,core,0.8547,2,0,1,1,ferredoxin > transposon > [alpha] > reductase > other > hydrolase > regulator > reductase > other > dehydrogenase > dehydrogenase > other > reductase
NZ_NHSZ01000432.1:1558-2623:1,WP_003370890.1,CCL19_RS25100,,aromatic ring-hydroxylating dioxygenase subunit alpha,1_104_VanA,1,744.5,0.9858,1.1e-224,NZ_NHSZ01000432.1,1558,2623,1,Pseudomonas syringae,Bacteria; Pseudomonadati; Pseudomonadota; Gammaproteobacteria; Pseudomonadales; Pseudomonadaceae; Pseudomonas,0,1_104_VanA#0,core,0.9373,0,0,0,0,regulator > [alpha] > reductase
NZ_NHTC01000019.1:102374-103439:1,WP_074909150.1,CCL22_RS07735,,aromatic ring-hydroxylating dioxygenase subunit alpha,1_104_VanA,1,746.0,0.9773,4e-225,NZ_NHTC01000019.1,102374,103439,1,Pseudomonas syringae,Bacteria; Pseudomonadati; Pseudomonadota; Gammaproteobacteria; Pseudomonadales; Pseudomonadaceae; Pseudomonas,0,1_104_VanA#0,core,0.9465,0,0,0,0,regulator > [alpha] > reductase
NZ_NGIR01000023.1:157465-158542:-1,WP_032054818.1,CAT59_RS07935,,aromatic ring-hydroxylating dioxygenase subunit alpha,1_104_VanA,1,696.9,0.9858,3.5e-210,NZ_NGIR01000023.1,157465,158542,-1,Acinetobacter pittii,Bacteria; Pseudomonadati; Pseudomonadota; Gammaproteobacteria; Moraxellales; Moraxellaceae; Acinetobacter; Acinetobacter calcoaceticus/baumannii complex,0,1_104_VanA#0,core,0.9937,0,0,0,0,[alpha] > reductase
NZ_NGIX01000007.1:64243-65320:1,WP_069036816.1,CAT36_RS04255,vanA,aromatic ring-hydroxylating dioxygenase subunit alpha,1_104_VanA,1,695.5,0.9858,9e-210,NZ_NGIX01000007.1,64243,65320,1,Acinetobacter pittii,Bacteria; Pseudomonadati; Pseudomonadota; Gammaproteobacteria; Moraxellales; Moraxellaceae; Acinetobacter; Acinetobacter calcoaceticus/baumannii complex,0,1_104_VanA#0,core,0.9812,0,0,0,0,[alpha] > reductase
NZ_NGEL01000141.1:93432-94500:-1,WP_057073147.1,B9X95_RS12980,,aromatic ring-hydroxylating dioxygenase subunit alpha,1_104_VanA,1,109.9,0.483,1e-31,NZ_NGEL01000141.1,93432,94500,-1,Acinetobacter baumannii,Bacteria; Pseudomonadati; Pseudomonadota; Gammaproteobacteria; Moraxellales; Moraxellaceae; Acinetobacter; Acinetobacter calcoaceticus/baumannii complex,0,1_104_VanA#4,core,0.996,2,0,1,1,ferredoxin > transposon > [alpha] > reductase > other > reductase > transporter > other > hydrolase > reductase > dehydrogenase > dehydrogenase > other
NZ_NIZM01000031.1:4692-5715:-1,WP_022649345.1,B7457_RS06595,,aromatic ring-hydroxylating dioxygenase subunit alpha,1_104_VanA,1,106.7,0.4744,9.6e-31,NZ_NIZM01000031.1,4692,5715,-1,Enterobacter hormaechei subsp. hoffmannii,Bacteria; Pseudomonadati; Pseudomonadota; Gammaproteobacteria; Enterobacterales; Enterobacteriaceae; Enterobacter; Enterobacter cloacae complex,0,1_104_VanA#3,core,0.94,2,0,1,1,ferredoxin > transposon > [alpha] > reductase > regulator > other > reductase > transporter
NZ_NKFA01000032.1:33779-34895:-1,WP_089454139.1,CFB84_RS37920,,aromatic ring-hydroxylating dioxygenase subunit alpha,1_104_VanA,1,99.0,0.4631,2.1e-28,NZ_NKFA01000032.1,33779,34895,-1,Burkholderia aenigmatica,Bacteria; Pseudomonadati; Pseudomonadota; Betaproteobacteria; Burkholderiales; Burkholderiaceae; Burkholderia; Burkholderia cepacia complex,0,1_104_VanA#7,core,0.9534,0,0,0,0,[alpha]
NZ_NKFM01000037.1:10804-11884:-1,WP_089485067.1,CFB82_RS20535,,aromatic ring-hydroxylating dioxygenase subunit alpha,1_104_VanA,1,695.2,0.9773,1.1e-209,NZ_NKFM01000037.1,10804,11884,-1,Burkholderia sp. HI2714,Bacteria; Pseudomonadati; Pseudomonadota; Betaproteobacteria; Burkholderiales; Burkholderiaceae; Burkholderia,0,1_104_VanA#0,core,0.9142,1,0,0,1,[alpha] > reductase > alpha_other
NZ_NKFM01000044.1:21925-23002:1,WP_069251899.1,CFB82_RS23435,,aromatic ring-hydroxylating dioxygenase subunit alpha,1_104_VanA,1,122.8,0.4858,1.2e-35,NZ_NKFM01000044.1,21925,23002,1,Burkholderia sp. HI2714,Bacteria; Pseudomonadati; Pseudomonadota; Betaproteobacteria; Burkholderiales; Burkholderiaceae; Burkholderia,0,1_104_VanA#1,core,0.9636,1,0,1,0,ferredoxin > transposon > [alpha] > reductase > other > hydrolase > regulator
NZ_NKFA01000008.1:83173-84253:-1,WP_089452432.1,CFB84_RS21085,,aromatic ring-hydroxylating dioxygenase subunit alpha,1_104_VanA,1,694.4,0.9773,2e-209,NZ_NKFA01000008.1,83173,84253,-1,Burkholderia aenigmatica,Bacteria; Pseudomonadati; Pseudomonadota; Betaproteobacteria; Burkholderiales; Burkholderiaceae; Burkholderia; Burkholderia cepacia complex,0,1_104_VanA#0,core,0.9205,1,0,0,1,[alpha] > reductase > alpha_other
NZ_NKFA01000009.1:73358-74435:1,WP_089452518.1,CFB84_RS25410,,aromatic ring-hydroxylating dioxygenase subunit alpha,1_104_VanA,1,124.1,0.4858,4.9e-36,NZ_NKFA01000009.1,73358,74435,1,Burkholderia aenigmatica,Bacteria; Pseudomonadati; Pseudomonadota; Betaproteobacteria; Burkholderiales; Burkholderiaceae; Burkholderia; Burkholderia cepacia complex,0,1_104_VanA#1,core,0.9688,2,0,1,1,ferredoxin > transposon > [alpha] > reductase > other > hydrolase > regulator > reductase > other > dehydrogenase > dehydrogenase > other > reductase
NZ_NOYO01000010.1:281072-282194:1,WP_033188113.1,CH284_RS07115,,aromatic ring-hydroxylating dioxygenase subunit alpha,1_104_VanA,1,316.0,0.983,2.2e-94,NZ_NOYO01000010.1,281072,282194,1,Rhodococcus sp. 06-156-3,Bacteria; Actinomycetota; Actinomycetes; Mycobacteriales; Nocardiaceae; Rhodococcus,0,1_104_VanA#6,core,0.7623,0,0,0,0,[alpha] > reductase
NZ_NOWH01000023.1:288178-289249:-1,WP_048317418.1,CHX23_RS21825,,aromatic ring-hydroxylating dioxygenase subunit alpha,1_104_VanA,1,248.1,0.9659,9.7e-74,NZ_NOWH01000023.1,288178,289249,-1,Rhodococcoides fascians,Bacteria; Bacillati; Actinomycetota; Actinomycetes; Mycobacteriales; Nocardiaceae; Rhodococcoides,0,1_104_VanA#15,core,0.805,0,0,0,0,dehydrogenase > dehydrogenase > [alpha] > hypothetical > reductase > regulator > other
NZ_NOYY01000021.1:472006-473077:-1,WP_094643492.1,CH257_RS11745,,aromatic ring-hydroxylating dioxygenase subunit alpha,1_104_VanA,1,241.5,0.9659,1e-71,NZ_NOYY01000021.1,472006,473077,-1,Rhodococcus sp. 05-2256-B3,Bacteria; Bacillati; Actinomycetota; Actinomycetes; Mycobacteriales; Nocardiaceae; Rhodococcus,0,1_104_VanA#15,core,0.803,0,0,0,0,dehydrogenase > dehydrogenase > [alpha] > hypothetical > reductase > regulator > other
NZ_NQXC01000004.1:150873-151926:-1,WP_104124461.1,AsoHEU7_RS06150,,aromatic ring-hydroxylating dioxygenase subunit alpha,1_104_VanA,1,104.9,0.4858,3.4e-30,NZ_NQXC01000004.1,150873,151926,-1,Acinetobacter soli,Bacteria; Pseudomonadati; Pseudomonadota; Gammaproteobacteria; Moraxellales; Moraxellaceae; Acinetobacter,0,1_104_VanA#30,core,0.7984,2,0,1,1,ferredoxin > transposon > [alpha] > reductase > other > reductase > transporter > other > hydrolase > reductase > dehydrogenase > dehydrogenase > other
NZ_NQXC01000004.1:157043-158120:1,WP_104124463.1,AsoHEU7_RS06180,,aromatic ring-hydroxylating dioxygenase subunit alpha,1_104_VanA,1,682.8,0.9773,6.9e-206,NZ_NQXC01000004.1,157043,158120,1,Acinetobacter soli,Bacteria; Pseudomonadati; Pseudomonadota; Gammaproteobacteria; Moraxellales; Moraxellaceae; Acinetobacter,0,1_104_VanA#0,core,0.9209,0,0,0,0,[alpha] > reductase
NZ_NSKF01000001.1:242278-243394:-1,WP_017834002.1,CK505_RS01120,,aromatic ring-hydroxylating dioxygenase subunit alpha,1_104_VanA,1,325.3,0.9773,3.4e-97,NZ_NSKF01000001.1,242278,243394,-1,Kocuria sp. WN036,Bacteria; Bacillati; Actinomycetota; Actinomycetes; Micrococcales; Micrococcaceae; Kocuria,0,1_104_VanA#6,core,0.8862,0,0,0,0,[alpha] > reductase > transporter
NZ_NWTG01000003.1:161821-162871:-1,WP_018269897.1,CO675_RS08425,,aromatic ring-hydroxylating dioxygenase subunit alpha,1_104_VanA,1,371.4,0.983,3.1e-111,NZ_NWTG01000003.1,161821,162871,-1,Bradyrhizobium sp. C9,Bacteria; Pseudomonadati; Pseudomonadota; Alphaproteobacteria; Hyphomicrobiales; Nitrobacteraceae; Bradyrhizobium,0,1_104_VanA#5,core,0.8395,0,0,0,0,[alpha] > regulator > reductase
NZ_OCZD01000151.1:9643-10720:1,WP_039567649.1,CX316_RS07450,,aromatic ring-hydroxylating dioxygenase subunit alpha,1_104_VanA,1,379.0,0.9801,1.5e-113,NZ_OCZD01000151.1,9643,10720,1,Xanthomonas phaseoli pv. phaseoli,Bacteria; Pseudomonadati; Pseudomonadota; Gammaproteobacteria; Lysobacterales; Lysobacteraceae; Xanthomonas,0,1_104_VanA#8,core,0.9565,1,0,0,1,[alpha] > reductase
NZ_OGTP01000014.1:143028-144090:-1,WP_106856321.1,NOV72_RS20035,,aromatic ring-hydroxylating dioxygenase subunit alpha,1_104_VanA,1,126.1,0.4858,1.2e-36,NZ_OGTP01000014.1,143028,144090,-1,Caballeronia novacaledonica,Bacteria; Pseudomonadati; Pseudomonadota; Betaproteobacteria; Burkholderiales; Burkholderiaceae; Caballeronia,0,1_104_VanA#1,core,0.8847,2,0,1,1,ferredoxin > transposon > [alpha] > reductase > other > hydrolase > regulator > reductase > other > dehydrogenase > dehydrogenase > other > reductase
NZ_OBEF01000004.1:114203-115226:-1,WP_097162090.1,CRO87_RS06335,,aromatic ring-hydroxylating dioxygenase subunit alpha,1_104_VanA,1,106.6,0.4744,1e-30,NZ_OBEF01000004.1,114203,115226,-1,Enterobacter sp. CC120223-11,Bacteria; Pseudomonadati; Pseudomonadota; Gammaproteobacteria; Enterobacterales; Enterobacteriaceae; Enterobacter,0,1_104_VanA#3,core,0.9054,2,0,1,1,ferredoxin > transposon > [alpha] > reductase > regulator > other > reductase > transporter > other > hydrolase > reductase > dehydrogenase > dehydrogenase > other
NZ_OGUS01000066.1:8728-9742:-1,WP_063238855.1,CBM2604_RS33600,,aromatic ring-hydroxylating dioxygenase subunit alpha,1_104_VanA,1,112.4,0.4858,1.7e-32,NZ_OGUS01000066.1,8728,9742,-1,Cupriavidus oxalaticus,Bacteria; Pseudomonadati; Pseudomonadota; Betaproteobacteria; Burkholderiales; Burkholderiaceae; Cupriavidus,0,1_104_VanA#77,core,0.5869,0,0,0,0,transposon > [alpha]
NZ_OCMN01000006.1:47608-48676:1,WP_027593683.1,CRO55_RS14265,,aromatic ring-hydroxylating dioxygenase subunit alpha,1_104_VanA,1,768.5,0.9972,6e-232,NZ_OCMN01000006.1,47608,48676,1,Pseudomonas sp. LAIL14HWK12:I8,Bacteria; Pseudomonadati; Pseudomonadota; Gammaproteobacteria; Pseudomonadales; Pseudomonadaceae; Pseudomonas,0,1_104_VanA#0,core,0.8781,0,0,0,0,[alpha] > reductase
NZ_PCGS01000062.1:631-1696:1,WP_010357629.1,CQR58_RS12260,,aromatic ring-hydroxylating dioxygenase subunit alpha,1_104_VanA,1,227.3,0.9716,2.1e-67,NZ_PCGS01000062.1,631,1696,1,Streptomyces acidiscabies,Bacteria; Actinomycetota; Actinomycetes; Kitasatosporales; Streptomycetaceae; Streptomyces,0,1_104_VanA#10,core,0.9419,0,0,0,0,[alpha] > hypothetical > reductase
NZ_PBYO01000003.1:9511-10579:-1,WP_007483764.1,CL491_RS00140,,aromatic ring-hydroxylating dioxygenase subunit alpha,1_104_VanA,1,103.3,0.4886,1e-29,NZ_PBYO01000003.1,9511,10579,-1,Acinetobacter sp.,Bacteria; Pseudomonadati; Pseudomonadota; Gammaproteobacteria; Moraxellales; Moraxellaceae; Acinetobacter,0,1_104_VanA#4,core,0.8531,2,0,1,1,ferredoxin > transposon > [alpha] > reductase > other > reductase > transporter > other > hydrolase > reductase > dehydrogenase > dehydrogenase > other
NZ_PBYO01000035.1:45435-46503:-1,WP_007483764.1,CL491_RS13360,,aromatic ring-hydroxylating dioxygenase subunit alpha,1_104_VanA,1,103.3,0.4886,1e-29,NZ_PBYO01000035.1,45435,46503,-1,Acinetobacter sp.,Bacteria; Pseudomonadati; Pseudomonadota; Gammaproteobacteria; Moraxellales; Moraxellaceae; Acinetobacter,0,1_104_VanA#4,core,0.8531,2,0,1,1,ferredoxin > transposon > [alpha] > reductase > other > reductase > transporter > other > hydrolase > reductase > dehydrogenase > dehydrogenase > other
NZ_OLMQ01000002.1:444406-445471:-1,WP_005739414.1,DTQ22_RS15505,,aromatic ring-hydroxylating dioxygenase subunit alpha,1_104_VanA,1,739.7,0.9886,3.3e-223,NZ_OLMQ01000002.1,444406,445471,-1,Pseudomonas syringae group genomosp. 3,Bacteria; Pseudomonadati; Pseudomonadota; Gammaproteobacteria; Pseudomonadales; Pseudomonadaceae; Pseudomonas,0,1_104_VanA#0,core,0.9219,0,0,0,0,regulator > [alpha] > reductase
NZ_PCFB01000157.1:52687-53710:-1,WP_045329272.1,CP955_RS19000,,aromatic ring-hydroxylating dioxygenase subunit alpha,1_104_VanA,1,107.5,0.4744,5.5e-31,NZ_PCFB01000157.1,52687,53710,-1,Enterobacter sp. HN503E2II,Bacteria; Pseudomonadati; Pseudomonadota; Gammaproteobacteria; Enterobacterales; Enterobacteriaceae; Enterobacter,0,1_104_VanA#3,core,0.9054,2,0,1,1,ferredoxin > transposon > [alpha] > reductase > regulator > other > reductase > transporter > other > hydrolase > reductase > dehydrogenase > dehydrogenase > other
NZ_PCOA01000021.1:953-2015:1,WP_105642516.1,CQ065_RS22055,,aromatic ring-hydroxylating dioxygenase subunit alpha,1_104_VanA,1,739.3,0.9886,4.5e-223,NZ_PCOA01000021.1,953,2015,1,Pseudomonas sp. MYb187,Bacteria; Pseudomonadati; Pseudomonadota; Gammaproteobacteria; Pseudomonadales; Pseudomonadaceae; Pseudomonas,0,1_104_VanA#0,core,0.8517,1,0,0,1,[alpha] > reductase
NZ_PCOA01000021.1:124067-125135:1,WP_028946244.1,CQ065_RS22610,,aromatic ring-hydroxylating dioxygenase subunit alpha,1_104_VanA,1,762.0,0.9943,5.3e-230,NZ_PCOA01000021.1,124067,125135,1,Pseudomonas sp. MYb187,Bacteria; Pseudomonadati; Pseudomonadota; Gammaproteobacteria; Pseudomonadales; Pseudomonadaceae; Pseudomonas,0,1_104_VanA#0,core,0.8715,0,0,0,0,hypothetical > hydrolase > transporter > [alpha] > reductase
NZ_PCQM01000008.1:117388-118447:-1,WP_027616332.1,CQZ98_RS13750,,aromatic ring-hydroxylating dioxygenase subunit alpha,1_104_VanA,1,773.5,0.9943,1.7e-233,NZ_PCQM01000008.1,117388,118447,-1,Pseudomonas sp. MYb115,Bacteria; Pseudomonadati; Pseudomonadota; Gammaproteobacteria; Pseudomonadales; Pseudomonadaceae; Pseudomonas,0,1_104_VanA#0,core,0.8941,0,0,0,0,[alpha] > reductase
NZ_PEHU01000004.1:81675-82698:-1,WP_006811913.1,CS906_RS06130,,aromatic ring-hydroxylating dioxygenase subunit alpha,1_104_VanA,1,106.7,0.4744,9.6e-31,NZ_PEHU01000004.1,81675,82698,-1,Enterobacter cloacae,Bacteria; Pseudomonadati; Pseudomonadota; Gammaproteobacteria; Enterobacterales; Enterobacteriaceae; Enterobacter; Enterobacter cloacae complex,1,1_104_VanA#3,core,0.9396,2,0,1,1,ferredoxin > transposon > [alpha] > reductase > regulator > other > reductase > transporter > other > hydrolase > reductase > dehydrogenase > dehydrogenase > other
NZ_PEMX01000027.1:34895-35930:-1,WP_054885726.1,CQW31_RS23380,,aromatic ring-hydroxylating dioxygenase subunit alpha,1_104_VanA,1,98.1,0.483,3.9e-28,NZ_PEMX01000027.1,34895,35930,-1,Pseudomonas sp. 382,Bacteria; Pseudomonadati; Pseudomonadota; Gammaproteobacteria; Pseudomonadales; Pseudomonadaceae; Pseudomonas,0,1_104_VanA#35,core,0.9048,1,0,0,1,transporter > transporter > reductase > other > hydrolase > regulator > reductase > other > dehydrogenase > dehydrogenase > other > transposon > [alpha] > reductase
NZ_PEMX01000001.1:287185-288247:1,WP_054883784.1,CQW31_RS01455,,aromatic ring-hydroxylating dioxygenase subunit alpha,1_104_VanA,1,730.9,0.9858,1.6e-220,NZ_PEMX01000001.1,287185,288247,1,Pseudomonas sp. 382,Bacteria; Pseudomonadati; Pseudomonadota; Gammaproteobacteria; Pseudomonadales; Pseudomonadaceae; Pseudomonas,0,1_104_VanA#0,core,0.8261,0,0,0,0,other > other > [alpha] > reductase
NZ_PICY01000090.1:12157-13180:1,WP_004174429.1,CWN28_RS15905,,aromatic ring-hydroxylating dioxygenase subunit alpha,1_104_VanA,1,107.6,0.4744,5e-31,NZ_PICY01000090.1,12157,13180,1,Klebsiella pneumoniae,Bacteria; Pseudomonadati; Pseudomonadota; Gammaproteobacteria; Enterobacterales; Enterobacteriaceae; Klebsiella/Raoultella group; Klebsiella,0,1_104_VanA#3,core,0.9428,2,0,1,1,ferredoxin > transposon > [alpha] > reductase > regulator > other > reductase > transporter
NZ_PHHP01000078.1:27784-28813:-1,WP_003262736.1,CVV71_RS17665,,aromatic ring-hydroxylating dioxygenase subunit alpha,1_104_VanA,1,704.8,0.9716,1.4e-212,NZ_PHHP01000078.1,27784,28813,-1,Ralstonia solanacearum,Bacteria; Pseudomonadati; Pseudomonadota; Betaproteobacteria; Burkholderiales; Burkholderiaceae; Ralstonia; Ralstonia solanacearum species complex,0,1_104_VanA#0,core,0.8082,1,0,0,1,[alpha] > reductase
NZ_PHJU02000030.1:30434-31511:1,WP_002073267.1,CV954_RS13440,,aromatic ring-hydroxylating dioxygenase subunit alpha,1_104_VanA,1,695.9,0.983,6.8e-210,NZ_PHJU02000030.1,30434,31511,1,Acinetobacter baumannii,Bacteria; Pseudomonadati; Pseudomonadota; Gammaproteobacteria; Moraxellales; Moraxellaceae; Acinetobacter; Acinetobacter calcoaceticus/baumannii complex,0,1_104_VanA#0,core,0.9937,0,0,0,0,[alpha] > reductase
NZ_PISI01000010.1:204402-205461:-1,WP_074985095.1,CW310_RS05465,,aromatic ring-hydroxylating dioxygenase subunit alpha,1_104_VanA,1,743.9,0.9858,1.7e-224,NZ_PISI01000010.1,204402,205461,-1,Pseudomonas citronellolis,Bacteria; Pseudomonadati; Pseudomonadota; Gammaproteobacteria; Pseudomonadales; Pseudomonadaceae; Pseudomonas,0,1_104_VanA#0,core,0.8959,0,0,0,0,[alpha] > reductase
NZ_PISI01000035.1:645451-646483:1,WP_074985995.1,CW310_RS27370,,aromatic ring-hydroxylating dioxygenase subunit alpha,1_104_VanA,1,107.1,0.4744,7.2e-31,NZ_PISI01000035.1,645451,646483,1,Pseudomonas citronellolis,Bacteria; Pseudomonadati; Pseudomonadota; Gammaproteobacteria; Pseudomonadales; Pseudomonadaceae; Pseudomonas,0,1_104_VanA#13,core,0.8345,1,0,0,1,reductase > other > hydrolase > regulator > reductase > other > dehydrogenase > dehydrogenase > other > reductase > hypothetical > transposon > [alpha] > other > reductase
NZ_PISJ01000017.1:101496-102564:-1,WP_070075138.1,CW311_RS14380,,aromatic ring-hydroxylating dioxygenase subunit alpha,1_104_VanA,1,105.3,0.4886,2.5e-30,NZ_PISJ01000017.1,101496,102564,-1,Acinetobacter proteolyticus,Bacteria; Pseudomonadati; Pseudomonadota; Gammaproteobacteria; Moraxellales; Moraxellaceae; Acinetobacter,0,1_104_VanA#4,core,0.8865,2,0,1,1,ferredoxin > transposon > [alpha] > reductase > other > reductase > transporter > other > hydrolase > reductase > dehydrogenase > dehydrogenase > other
NZ_PJCG01000002.1:92154-93222:1,WP_021782072.1,CXB65_RS01425,,aromatic ring-hydroxylating dioxygenase subunit alpha,1_104_VanA,1,768.1,0.9972,7.5e-232,NZ_PJCG01000002.1,92154,93222,1,Pseudomonas monteilii,Bacteria; Pseudomonadati; Pseudomonadota; Gammaproteobacteria; Pseudomonadales; Pseudomonadaceae; Pseudomonas,0,1_104_VanA#0,core,0.8805,0,0,0,0,[alpha] > reductase
NZ_POEC01000008.1:3033-4095:1,WP_017847926.1,C1Y27_RS08210,,aromatic ring-hydroxylating dioxygenase subunit alpha,1_104_VanA,1,758.6,0.9943,6e-229,NZ_POEC01000008.1,3033,4095,1,Pseudomonas sp. GW704-F2,Bacteria; Pseudomonadati; Pseudomonadota; Gammaproteobacteria; Pseudomonadales; Pseudomonadaceae; Pseudomonas,0,1_104_VanA#0,core,0.9434,0,0,0,0,[alpha] > reductase
NZ_POFS01000022.1:63255-64317:-1,WP_024074622.1,C1Y25_RS11845,,aromatic ring-hydroxylating dioxygenase subunit alpha,1_104_VanA,1,760.6,0.9943,1.4e-229,NZ_POFS01000022.1,63255,64317,-1,Pseudomonas sp. MPBC4-3,Bacteria; Pseudomonadati; Pseudomonadota; Gammaproteobacteria; Pseudomonadales; Pseudomonadaceae; Pseudomonas,0,1_104_VanA#0,core,0.9527,0,0,0,0,[alpha] > reductase
NZ_PKOI01000001.1:405994-407044:1,WP_077237866.1,HBH1_RS01820,,aromatic ring-hydroxylating dioxygenase subunit alpha,1_104_VanA,1,105.8,0.4886,1.8e-30,NZ_PKOI01000001.1,405994,407044,1,Herbaspirillum sp. BH-1,Bacteria; Pseudomonadati; Pseudomonadota; Betaproteobacteria; Burkholderiales; Oxalobacteraceae; Herbaspirillum,0,1_104_VanA#16,core,0.7583,0,0,0,0,other > hydrolase > regulator > reductase > other > dehydrogenase > dehydrogenase > other > reductase > hypothetical > transposon > [alpha] > other > reductase
NZ_POHK01000001.1:87970-89005:-1,WP_054597062.1,C1X97_RS00375,,aromatic ring-hydroxylating dioxygenase subunit alpha,1_104_VanA,1,104.9,0.4943,3.4e-30,NZ_POHK01000001.1,87970,89005,-1,Pseudomonas sp. FW306-2-11AA,Bacteria; Pseudomonadati; Pseudomonadota; Gammaproteobacteria; Pseudomonadales; Pseudomonadaceae; Pseudomonas,0,1_104_VanA#21,core,0.9427,1,0,0,1,transporter > transporter > reductase > other > hydrolase > regulator > reductase > other > dehydrogenase > dehydrogenase > other > transposon > [alpha] > reductase
NZ_PPRZ01000099.1:23532-24618:1,WP_060742250.1,C1892_RS20775,,aromatic ring-hydroxylating dioxygenase subunit alpha,1_104_VanA,1,773.2,0.9943,2.2e-233,NZ_PPRZ01000099.1,23532,24618,1,Pseudomonas sp. MPBD7-1,Bacteria; Pseudomonadati; Pseudomonadota; Gammaproteobacteria; Pseudomonadales; Pseudomonadaceae; Pseudomonas,0,1_104_VanA#0,core,0.9159,0,0,0,0,regulator > [alpha] > reductase
NZ_PQLQ01000026.1:27194-28271:1,WP_000470065.1,C3422_RS13040,,aromatic ring-hydroxylating dioxygenase subunit alpha,1_104_VanA,1,697.6,0.983,2.1e-210,NZ_PQLQ01000026.1,27194,28271,1,Acinetobacter sp. ABNIH27,Bacteria; Pseudomonadati; Pseudomonadota; Gammaproteobacteria; Moraxellales; Moraxellaceae; Acinetobacter; Acinetobacter calcoaceticus/baumannii complex,0,1_104_VanA#0,core,0.9937,0,0,0,0,[alpha] > reductase
NZ_PQLQ01000007.1:38443-39511:1,WP_000991786.1,C3422_RS04660,,aromatic ring-hydroxylating dioxygenase subunit alpha,1_104_VanA,1,110.0,0.483,9.7e-32,NZ_PQLQ01000007.1,38443,39511,1,Acinetobacter sp. ABNIH27,Bacteria; Pseudomonadati; Pseudomonadota; Gammaproteobacteria; Moraxellales; Moraxellaceae; Acinetobacter; Acinetobacter calcoaceticus/baumannii complex,0,1_104_VanA#4,core,0.996,2,0,1,1,ferredoxin > transposon > [alpha] > reductase > other > reductase > transporter > other > hydrolase > reductase > dehydrogenase > dehydrogenase > other
NZ_PREH01000024.1:49679-50753:-1,WP_075168017.1,C5499_RS11005,,aromatic ring-hydroxylating dioxygenase subunit alpha,1_104_VanA,1,700.4,0.9773,3e-211,NZ_PREH01000024.1,49679,50753,-1,Acinetobacter indicus,Bacteria; Pseudomonadati; Pseudomonadota; Gammaproteobacteria; Moraxellales; Moraxellaceae; Acinetobacter,0,1_104_VanA#0,core,0.7757,0,0,0,0,[alpha] > reductase
NZ_PTPV01000021.1:94902-95955:-1,WP_004990781.1,C5B41_RS08855,,aromatic ring-hydroxylating dioxygenase subunit alpha,1_104_VanA,1,108.9,0.4858,2.1e-31,NZ_PTPV01000021.1,94902,95955,-1,Acinetobacter ursingii,Bacteria; Pseudomonadati; Pseudomonadota; Gammaproteobacteria; Moraxellales; Moraxellaceae; Acinetobacter,0,1_104_VanA#4,core,0.8842,2,0,1,1,ferredoxin > transposon > [alpha] > reductase > other > reductase > transporter > other > hydrolase > reductase > dehydrogenase > dehydrogenase > other
NZ_PTXM01000009.1:23377-24493:-1,WP_046547271.1,C5O79_RS13660,,aromatic ring-hydroxylating dioxygenase subunit alpha,1_104_VanA,1,99.8,0.4659,1.2e-28,NZ_PTXM01000009.1,23377,24493,-1,Burkholderia sp. SRS-25,Bacteria; Pseudomonadati; Pseudomonadota; Betaproteobacteria; Burkholderiales; Burkholderiaceae; Burkholderia,0,1_104_VanA#7,core,0.9948,0,0,0,0,[alpha]
NZ_PTXM01000020.1:48486-49563:-1,WP_122476249.1,C5O79_RS26765,,aromatic ring-hydroxylating dioxygenase subunit alpha,1_104_VanA,1,122.8,0.4858,1.2e-35,NZ_PTXM01000020.1,48486,49563,-1,Burkholderia sp. SRS-25,Bacteria; Pseudomonadati; Pseudomonadota; Betaproteobacteria; Burkholderiales; Burkholderiaceae; Burkholderia,0,1_104_VanA#1,core,0.9631,2,0,1,1,ferredoxin > transposon > [alpha] > reductase > other > hydrolase > regulator > reductase > other > dehydrogenase > dehydrogenase > other > reductase
NZ_PVGG01000127.1:55113-56193:-1,WP_034203294.1,C6Q19_RS17650,,aromatic ring-hydroxylating dioxygenase subunit alpha,1_104_VanA,1,697.8,0.983,1.8e-210,NZ_PVGG01000127.1,55113,56193,-1,Burkholderia cenocepacia,Bacteria; Pseudomonadati; Pseudomonadota; Betaproteobacteria; Burkholderiales; Burkholderiaceae; Burkholderia; Burkholderia cepacia complex,0,1_104_VanA#0,core,0.8987,0,0,0,0,[alpha] > reductase
NZ_PVHH01000083.1:147118-148162:1,WP_065495883.1,C6T53_RS15550,,aromatic ring-hydroxylating dioxygenase subunit alpha,1_104_VanA,1,672.4,0.9773,9.9e-203,NZ_PVHH01000083.1,147118,148162,1,Burkholderia multivorans,Bacteria; Pseudomonadati; Pseudomonadota; Betaproteobacteria; Burkholderiales; Burkholderiaceae; Burkholderia; Burkholderia cepacia complex,0,1_104_VanA#0,core,0.9843,0,0,0,0,hypothetical > regulator > [alpha] > reductase
NZ_PVHK01000027.1:15230-16310:-1,WP_060081409.1,C6T65_RS03940,,aromatic ring-hydroxylating dioxygenase subunit alpha,1_104_VanA,1,698.6,0.9801,1.1e-210,NZ_PVHK01000027.1,15230,16310,-1,Burkholderia vietnamiensis,Bacteria; Pseudomonadati; Pseudomonadota; Betaproteobacteria; Burkholderiales; Burkholderiaceae; Burkholderia; Burkholderia cepacia complex,0,1_104_VanA#0,core,0.884,1,0,0,1,[alpha] > reductase
NZ_PVFJ01000057.1:50897-51968:1,WP_006751282.1,C6P77_RS18125,,aromatic ring-hydroxylating dioxygenase subunit alpha,1_104_VanA,1,124.3,0.4858,4.3e-36,NZ_PVFJ01000057.1,50897,51968,1,Burkholderia ambifaria,Bacteria; Pseudomonadati; Pseudomonadota; Betaproteobacteria; Burkholderiales; Burkholderiaceae; Burkholderia; Burkholderia cepacia complex,0,1_104_VanA#1,core,0.9592,2,0,1,1,ferredoxin > transposon > [alpha] > reductase > other > hydrolase > regulator > reductase > other > dehydrogenase > dehydrogenase > other > reductase
NZ_PVFJ01000071.1:121929-123051:1,WP_006753678.1,C6P77_RS24015,,aromatic ring-hydroxylating dioxygenase subunit alpha,1_104_VanA,1,97.7,0.4659,5.1e-28,NZ_PVFJ01000071.1,121929,123051,1,Burkholderia ambifaria,Bacteria; Pseudomonadati; Pseudomonadota; Betaproteobacteria; Burkholderiales; Burkholderiaceae; Burkholderia; Burkholderia cepacia complex,0,1_104_VanA#7,core,0.8939,0,0,0,0,[alpha]
NZ_PVWG01000010.1:8709-9807:-1,WP_073072079.1,C7B65_RS10855,,aromatic ring-hydroxylating dioxygenase subunit alpha,1_104_VanA,1,98.4,0.5142,3.2e-28,NZ_PVWG01000010.1,8709,9807,-1,Phormidesmis priestleyi ULC007,Bacteria; Bacillati; Cyanobacteriota; Cyanophyceae; Leptolyngbyales; Leptolyngbyaceae; Phormidesmis,0,1_104_VanA#28,novel_candidate,0.2492,0,0,0,0,hypothetical > hypothetical > [alpha]
NZ_PVZM01000030.1:12610-13708:1,WP_028195933.1,BX589_RS35990,,aromatic ring-hydroxylating dioxygenase subunit alpha,1_104_VanA,1,120.9,0.4858,4.7e-35,NZ_PVZM01000030.1,12610,13708,1,Paraburkholderia fungorum,Bacteria; Pseudomonadati; Pseudomonadota; Betaproteobacteria; Burkholderiales; Burkholderiaceae; Paraburkholderia,0,1_104_VanA#1,core,0.8679,2,0,1,1,ferredoxin > transposon > [alpha] > reductase > other > hydrolase > regulator > reductase > other > dehydrogenase > dehydrogenase > other > reductase
NZ_PVFD01000048.1:65702-66782:-1,WP_006480544.1,C6P63_RS14085,,aromatic ring-hydroxylating dioxygenase subunit alpha,1_104_VanA,1,696.1,0.983,5.9e-210,NZ_PVFD01000048.1,65702,66782,-1,Burkholderia cenocepacia,Bacteria; Pseudomonadati; Pseudomonadota; Betaproteobacteria; Burkholderiales; Burkholderiaceae; Burkholderia; Burkholderia cepacia complex,0,1_104_VanA#0,core,0.9175,0,0,0,0,[alpha] > reductase
NZ_PVGX01000047.1:88250-89321:-1,WP_059843035.1,C6T63_RS10790,,aromatic ring-hydroxylating dioxygenase subunit alpha,1_104_VanA,1,122.0,0.4858,2.2e-35,NZ_PVGX01000047.1,88250,89321,-1,Burkholderia multivorans,Bacteria; Pseudomonadati; Pseudomonadota; Betaproteobacteria; Burkholderiales; Burkholderiaceae; Burkholderia; Burkholderia cepacia complex,0,1_104_VanA#1,core,0.9502,2,0,1,1,ferredoxin > transposon > [alpha] > reductase > other > hydrolase > regulator > reductase > other > dehydrogenase > dehydrogenase > other > reductase
NZ_PVGX01000098.1:260771-261815:1,WP_006397489.1,C6T63_RS24125,,aromatic ring-hydroxylating dioxygenase subunit alpha,1_104_VanA,1,675.6,0.9773,1e-203,NZ_PVGX01000098.1,260771,261815,1,Burkholderia multivorans,Bacteria; Pseudomonadati; Pseudomonadota; Betaproteobacteria; Burkholderiales; Burkholderiaceae; Burkholderia; Burkholderia cepacia complex,0,1_104_VanA#0,core,0.9874,0,0,0,0,regulator > [alpha] > reductase
NZ_PVWG01000001.1:82708-83758:-1,WP_073068945.1,C7B65_RS00410,,aromatic ring-hydroxylating dioxygenase subunit alpha,1_104_VanA,1,102.6,0.4773,1.7e-29,NZ_PVWG01000001.1,82708,83758,-1,Phormidesmis priestleyi ULC007,Bacteria; Bacillati; Cyanobacteriota; Cyanophyceae; Leptolyngbyales; Leptolyngbyaceae; Phormidesmis,0,1_104_VanA#59,novel_candidate,0.315,0,0,0,0,other > other > other > other > [alpha]
NZ_PYUB01000024.1:29228-30317:-1,WP_107202272.1,C9I56_RS17485,,aromatic ring-hydroxylating dioxygenase subunit alpha,1_104_VanA,1,114.6,0.4858,3.9e-33,NZ_PYUB01000024.1,29228,30317,-1,Paraburkholderia caribensis,Bacteria; Pseudomonadati; Pseudomonadota; Betaproteobacteria; Burkholderiales; Burkholderiaceae; Paraburkholderia,0,1_104_VanA#1,core,0.8581,2,0,1,1,ferredoxin > transposon > [alpha] > reductase > other > hydrolase > regulator > reductase > other > dehydrogenase > dehydrogenase > other > reductase
NZ_PYTW01000004.1:12590-13637:-1,WP_063988740.1,C9411_RS10340,,aromatic ring-hydroxylating dioxygenase subunit alpha,1_104_VanA,1,100.5,0.4744,7.6e-29,NZ_PYTW01000004.1,12590,13637,-1,Serratia sp. Nf2,Bacteria; Pseudomonadati; Pseudomonadota; Gammaproteobacteria; Enterobacterales; Yersiniaceae; Serratia,0,1_104_VanA#3,core,0.7986,2,0,1,1,ferredoxin > transposon > [alpha] > reductase > regulator > other > reductase > transporter
NZ_QAYQ01000083.1:42504-43572:-1,WP_003256145.1,DBL05_RS05180,,aromatic ring-hydroxylating dioxygenase subunit alpha,1_104_VanA,1,765.8,0.9972,4e-231,NZ_QAYQ01000083.1,42504,43572,-1,Pseudomonas putida,Bacteria; Pseudomonadati; Pseudomonadota; Gammaproteobacteria; Pseudomonadales; Pseudomonadaceae; Pseudomonas,0,1_104_VanA#0,core,0.8774,0,0,0,0,[alpha] > reductase
NZ_QDHA01000014.1:32408-33470:1,WP_011616776.1,DDK22_RS06145,,aromatic ring-hydroxylating dioxygenase subunit alpha,1_104_VanA,1,113.3,0.483,9.7e-33,NZ_QDHA01000014.1,32408,33470,1,Cupriavidus necator,Bacteria; Pseudomonadati; Pseudomonadota; Betaproteobacteria; Burkholderiales; Burkholderiaceae; Cupriavidus,0,1_104_VanA#25,core,0.6037,0,0,0,0,transposon > [alpha] > reductase > other > regulator > reductase > other > dehydrogenase > dehydrogenase > other > reductase
NZ_QEZD01000047.1:122570-123653:-1,WP_039429008.1,EO146_RS11385,,aromatic ring-hydroxylating dioxygenase subunit alpha,1_104_VanA,1,380.8,0.9801,4.5e-114,NZ_QEZD01000047.1,122570,123653,-1,Xanthomonas vesicatoria,Bacteria; Pseudomonadati; Pseudomonadota; Gammaproteobacteria; Lysobacterales; Lysobacteraceae; Xanthomonas,0,1_104_VanA#12,core,0.9315,1,0,0,1,[alpha] > regulator > reductase > other
NZ_QFAL01000082.1:26014-27091:1,WP_011346068.1,EO172_RS15470,,aromatic ring-hydroxylating dioxygenase subunit alpha,1_104_VanA,1,378.9,0.9801,1.6e-113,NZ_QFAL01000082.1,26014,27091,1,Xanthomonas euvesicatoria,Bacteria; Pseudomonadati; Pseudomonadota; Gammaproteobacteria; Lysobacterales; Lysobacteraceae; Xanthomonas,0,1_104_VanA#8,core,0.947,1,0,0,1,[alpha] > reductase
NZ_QFAQ01000023.1:118614-119691:1,WP_016904721.1,EO142_RS11350,,aromatic ring-hydroxylating dioxygenase subunit alpha,1_104_VanA,1,379.6,0.9801,1e-113,NZ_QFAQ01000023.1,118614,119691,1,Xanthomonas arboricola,Bacteria; Pseudomonadati; Pseudomonadota; Gammaproteobacteria; Lysobacterales; Lysobacteraceae; Xanthomonas,0,1_104_VanA#8,core,0.9691,1,0,0,1,[alpha] > regulator > reductase > other
NZ_QFDR01000015.1:26155-27220:1,WP_055724691.1,DF268_RS13565,,aromatic ring-hydroxylating dioxygenase subunit alpha,1_104_VanA,1,229.2,0.9716,5.6e-68,NZ_QFDR01000015.1,26155,27220,1,Streptomyces sp. V2,Bacteria; Bacillati; Actinomycetota; Actinomycetes; Kitasatosporales; Streptomycetaceae; Streptomyces,0,1_104_VanA#10,core,0.9377,0,0,0,0,[alpha] > hypothetical > reductase
NZ_QFRC01000214.1:3772-4870:1,WP_030103724.1,DI523_RS37800,,aromatic ring-hydroxylating dioxygenase subunit alpha,1_104_VanA,1,120.9,0.4858,4.7e-35,NZ_QFRC01000214.1,3772,4870,1,Paraburkholderia fungorum,Bacteria; Pseudomonadati; Pseudomonadota; Betaproteobacteria; Burkholderiales; Burkholderiaceae; Paraburkholderia,0,1_104_VanA#1,core,0.8679,1,0,1,0,ferredoxin > transposon > [alpha] > reductase > other > hydrolase > regulator > reductase
NZ_QEKO01000003.1:383695-384745:1,WP_116518821.1,C7440_RS12840,,aromatic ring-hydroxylating dioxygenase subunit alpha,1_104_VanA,1,698.3,0.9801,1.2e-210,NZ_QEKO01000003.1,383695,384745,1,Pusillimonas noertemannii,Bacteria; Pseudomonadati; Pseudomonadota; Betaproteobacteria; Burkholderiales; Alcaligenaceae; Pusillimonas,0,1_104_VanA#0,core,0.7531,0,0,0,0,regulator > transporter > transporter > transporter > transporter > transporter > regulator > [alpha] > reductase > transporter
NZ_QFLN01000001.1:383925-384948:-1,WP_003860047.1,DD602_RS01820,,aromatic ring-hydroxylating dioxygenase subunit alpha,1_104_VanA,1,106.7,0.4744,9.9e-31,NZ_QFLN01000001.1,383925,384948,-1,Enterobacter cloacae complex sp. 743-2DZ2F-22B,Bacteria; Pseudomonadati; Pseudomonadota; Gammaproteobacteria; Enterobacterales; Enterobacteriaceae; Enterobacter; Enterobacter cloacae complex,0,1_104_VanA#3,core,0.94,2,0,1,1,ferredoxin > transposon > [alpha] > reductase > regulator > other > reductase > transporter > other > hydrolase > reductase > dehydrogenase > dehydrogenase > other
NZ_QHHU01000019.1:65033-66074:-1,WP_020647251.1,DMA12_RS15765,,aromatic ring-hydroxylating dioxygenase subunit alpha,1_104_VanA,1,239.7,0.9545,3.5e-71,NZ_QHHU01000019.1,65033,66074,-1,Amycolatopsis balhimycina DSM 5908,Bacteria; Bacillati; Actinomycetota; Actinomycetes; Pseudonocardiales; Pseudonocardiaceae; Amycolatopsis,0,1_104_VanA#33,core,0.7565,1,0,0,1,hydrolase > other > regulator > [alpha] > hypothetical > reductase > other
NZ_QJJY01000018.1:61346-62426:1,WP_072443807.1,NA66_RS26850,,aromatic ring-hydroxylating dioxygenase subunit alpha,1_104_VanA,1,697.4,0.983,2.5e-210,NZ_QJJY01000018.1,61346,62426,1,Burkholderia pyrrocinia,Bacteria; Pseudomonadati; Pseudomonadota; Betaproteobacteria; Burkholderiales; Burkholderiaceae; Burkholderia; Burkholderia cepacia complex,0,1_104_VanA#0,core,0.9208,0,0,0,0,[alpha] > reductase > alpha_other
NZ_QJPW01000020.1:86564-87608:1,WP_049212885.1,DMW45_RS23095,,aromatic ring-hydroxylating dioxygenase subunit alpha,1_104_VanA,1,101.3,0.4744,4.3e-29,NZ_QJPW01000020.1,86564,87608,1,Serratia marcescens,Bacteria; Pseudomonadati; Pseudomonadota; Gammaproteobacteria; Enterobacterales; Yersiniaceae; Serratia,0,1_104_VanA#3,core,0.8013,2,0,1,1,ferredoxin > transposon > [alpha] > reductase > regulator > other > reductase > transporter > other > hydrolase > reductase > dehydrogenase > dehydrogenase > other
NZ_QJOV01000007.1:154264-155332:1,WP_010954571.1,DM483_RS11790,,aromatic ring-hydroxylating dioxygenase subunit alpha,1_104_VanA,1,767.3,0.9972,1.3e-231,NZ_QJOV01000007.1,154264,155332,1,Pseudomonas sp. SMT-1,Bacteria; Pseudomonadati; Pseudomonadota; Gammaproteobacteria; Pseudomonadales; Pseudomonadaceae; Pseudomonas,0,1_104_VanA#0,core,0.8864,0,0,0,0,[alpha] > reductase
NZ_QKZC01000003.1:460579-461665:-1,WP_065057804.1,C7399_RS07185,,aromatic ring-hydroxylating dioxygenase subunit alpha,1_104_VanA,1,116.9,0.4886,7.7e-34,NZ_QKZC01000003.1,460579,461665,-1,Paraburkholderia tropica,Bacteria; Pseudomonadati; Pseudomonadota; Betaproteobacteria; Burkholderiales; Burkholderiaceae; Paraburkholderia,0,1_104_VanA#1,core,0.8388,2,0,1,1,ferredoxin > transposon > [alpha] > reductase > other > hydrolase > regulator > reductase > other > dehydrogenase > dehydrogenase > other > reductase
NZ_QKZJ01000002.1:67204-68236:1,WP_066605862.1,LX82_RS02055,,aromatic ring-hydroxylating dioxygenase subunit alpha,1_104_VanA,1,113.4,0.4545,8.8e-33,NZ_QKZJ01000002.1,67204,68236,1,Celeribacter halophilus,Bacteria; Pseudomonadati; Pseudomonadota; Alphaproteobacteria; Rhodobacterales; Roseobacteraceae; Celeribacter,0,1_104_VanA#17,divergent,0.4194,1,0,0,1,transposon > transporter > transporter > transporter > [alpha] > reductase > hydrolase > other > reductase > other > dehydrogenase > dehydrogenase > reductase > other > other
NZ_QLUZ01000011.1:197331-198447:1,WP_059685737.1,DPR02_RS20320,,aromatic ring-hydroxylating dioxygenase subunit alpha,1_104_VanA,1,98.1,0.4659,3.9e-28,NZ_QLUZ01000011.1,197331,198447,1,Burkholderia cepacia,Bacteria; Pseudomonadati; Pseudomonadota; Betaproteobacteria; Burkholderiales; Burkholderiaceae; Burkholderia; Burkholderia cepacia complex,0,1_104_VanA#7,core,0.959,0,0,0,0,[alpha]
NZ_QMFZ01000036.1:41602-42682:-1,WP_113047336.1,DPV79_RS31945,,aromatic ring-hydroxylating dioxygenase subunit alpha,1_104_VanA,1,699.2,0.983,6.6e-211,NZ_QMFZ01000036.1,41602,42682,-1,Burkholderia reimsis,Bacteria; Pseudomonadati; Pseudomonadota; Betaproteobacteria; Burkholderiales; Burkholderiaceae; Burkholderia,0,1_104_VanA#0,core,0.9243,0,0,0,0,[alpha] > reductase > alpha_other
NZ_QMFZ01000067.1:4604-5675:1,WP_021161515.1,DPV79_RS39415,,aromatic ring-hydroxylating dioxygenase subunit alpha,1_104_VanA,1,124.4,0.4858,4.1e-36,NZ_QMFZ01000067.1,4604,5675,1,Burkholderia reimsis,Bacteria; Pseudomonadati; Pseudomonadota; Betaproteobacteria; Burkholderiales; Burkholderiaceae; Burkholderia,0,1_104_VanA#1,core,0.9778,2,0,1,1,ferredoxin > transposon > [alpha] > reductase > other > hydrolase > regulator > reductase > other > dehydrogenase > dehydrogenase > other > reductase
NZ_QMFZ01000010.1:25554-26670:-1,WP_113045675.1,DPV79_RS14060,,aromatic ring-hydroxylating dioxygenase subunit alpha,1_104_VanA,1,98.1,0.4659,3.9e-28,NZ_QMFZ01000010.1,25554,26670,-1,Burkholderia reimsis,Bacteria; Pseudomonadati; Pseudomonadota; Betaproteobacteria; Burkholderiales; Burkholderiaceae; Burkholderia,0,1_104_VanA#7,core,0.959,0,0,0,0,[alpha]
NZ_QNRF01000002.1:496711-497806:1,WP_113873674.1,DFP76_RS05670,,aromatic ring-hydroxylating dioxygenase subunit alpha,1_104_VanA,1,684.0,0.983,2.8e-206,NZ_QNRF01000002.1,496711,497806,1,Marinomonas aquiplantarum,Bacteria; Pseudomonadati; Pseudomonadota; Gammaproteobacteria; Oceanospirillales; Oceanospirillaceae; Marinomonas,0,1_104_VanA#0,core,0.7584,0,0,0,0,[alpha] > reductase
NZ_QQAV01000002.1:358841-359894:-1,WP_017760120.1,DFR41_RS08300,,aromatic ring-hydroxylating dioxygenase subunit alpha,1_104_VanA,1,690.4,0.9858,3.3e-208,NZ_QQAV01000002.1,358841,359894,-1,Pseudacidovorax intermedius,Bacteria; Pseudomonadati; Pseudomonadota; Betaproteobacteria; Burkholderiales; Comamonadaceae; Pseudacidovorax,0,1_104_VanA#0,core,0.7753,0,0,0,0,[alpha] > reductase > regulator
NZ_QRAU01000007.1:95865-96909:-1,WP_021806234.1,DFO62_RS13970,,aromatic ring-hydroxylating dioxygenase subunit alpha,1_104_VanA,1,100.6,0.4773,6.8e-29,NZ_QRAU01000007.1,95865,96909,-1,Serratia fonticola,Bacteria; Pseudomonadati; Pseudomonadota; Gammaproteobacteria; Enterobacterales; Yersiniaceae; Serratia,0,1_104_VanA#3,core,0.7804,2,0,1,1,ferredoxin > transposon > [alpha] > reductase > regulator > other > reductase > transporter > other > hydrolase > reductase > dehydrogenase > dehydrogenase > other
NZ_QQZI01000002.1:35983-37006:1,WP_075151769.1,DAH57_RS02575,,aromatic ring-hydroxylating dioxygenase subunit alpha,1_104_VanA,1,378.6,0.9602,2e-113,NZ_QQZI01000002.1,35983,37006,1,Sphingomonas koreensis,Bacteria; Pseudomonadati; Pseudomonadota; Alphaproteobacteria; Sphingomonadales; Sphingomonadaceae; Sphingomonas,0,1_104_VanA#20,divergent,0.4752,0,0,0,0,[alpha] > regulator > transporter > dehydrogenase > other > other
NZ_QRBA01000013.1:188917-189979:-1,WP_027603468.1,DL347_RS22645,,aromatic ring-hydroxylating dioxygenase subunit alpha,1_104_VanA,1,760.9,0.9943,1.2e-229,NZ_QRBA01000013.1,188917,189979,-1,Pseudomonas fluorescens,Bacteria; Pseudomonadati; Pseudomonadota; Gammaproteobacteria; Pseudomonadales; Pseudomonadaceae; Pseudomonas,0,1_104_VanA#0,core,0.9558,0,0,0,0,dehydrogenase > [alpha] > reductase
NZ_QTOD01000020.1:15694-16765:-1,WP_095401572.1,DF009_RS26700,,aromatic ring-hydroxylating dioxygenase subunit alpha,1_104_VanA,1,122.9,0.4858,1.1e-35,NZ_QTOD01000020.1,15694,16765,-1,Burkholderia ubonensis,Bacteria; Pseudomonadati; Pseudomonadota; Betaproteobacteria; Burkholderiales; Burkholderiaceae; Burkholderia; Burkholderia cepacia complex,0,1_104_VanA#1,core,0.8981,2,0,1,1,ferredoxin > transposon > [alpha] > reductase > other > hydrolase > regulator > reductase > other > dehydrogenase > dehydrogenase > other > reductase
NZ_QTPI01000006.1:185048-186122:1,WP_059993079.1,DF031_RS08835,,aromatic ring-hydroxylating dioxygenase subunit alpha,1_104_VanA,1,128.8,0.4886,1.9e-37,NZ_QTPI01000006.1,185048,186122,1,Burkholderia stagnalis,Bacteria; Pseudomonadati; Pseudomonadota; Betaproteobacteria; Burkholderiales; Burkholderiaceae; Burkholderia; Burkholderia cepacia complex,0,1_104_VanA#1,core,0.957,2,0,1,1,ferredoxin > transposon > [alpha] > reductase > other > hydrolase > regulator > reductase > other > dehydrogenase > dehydrogenase > other > reductase
NZ_QTQU01000016.1:4371-5451:1,WP_015877507.1,DF052_RS16620,,aromatic ring-hydroxylating dioxygenase subunit alpha,1_104_VanA,1,699.5,0.9744,5.6e-211,NZ_QTQU01000016.1,4371,5451,1,Burkholderia glumae,Bacteria; Pseudomonadati; Pseudomonadota; Betaproteobacteria; Burkholderiales; Burkholderiaceae; Burkholderia,0,1_104_VanA#0,core,0.8514,0,0,0,0,[alpha] > reductase
NZ_QTPR01000008.1:118298-119369:-1,WP_124488182.1,DIE20_RS11265,,aromatic ring-hydroxylating dioxygenase subunit alpha,1_104_VanA,1,125.3,0.4858,2.2e-36,NZ_QTPR01000008.1,118298,119369,-1,Burkholderia sp. Bp9131,Bacteria; Pseudomonadati; Pseudomonadota; Betaproteobacteria; Burkholderiales; Burkholderiaceae; Burkholderia,0,1_104_VanA#1,core,0.9811,2,0,1,1,ferredoxin > transposon > [alpha] > reductase > other > hydrolase > regulator > reductase > other > dehydrogenase > dehydrogenase > other > reductase
NZ_QTPW01000001.1:592202-593273:-1,WP_057929365.1,DIE15_RS02630,,aromatic ring-hydroxylating dioxygenase subunit alpha,1_104_VanA,1,122.3,0.4858,1.8e-35,NZ_QTPW01000001.1,592202,593273,-1,Burkholderia sp. Bp9031,Bacteria; Pseudomonadati; Pseudomonadota; Betaproteobacteria; Burkholderiales; Burkholderiaceae; Burkholderia,0,1_104_VanA#1,core,0.9684,1,0,1,0,ferredoxin > transposon > [alpha] > reductase > other > hydrolase > regulator
NZ_QTPW01000048.1:15135-16257:-1,WP_057924177.1,DIE15_RS34340,,aromatic ring-hydroxylating dioxygenase subunit alpha,1_104_VanA,1,98.0,0.4659,4.3e-28,NZ_QTPW01000048.1,15135,16257,-1,Burkholderia sp. Bp9031,Bacteria; Pseudomonadati; Pseudomonadota; Betaproteobacteria; Burkholderiales; Burkholderiaceae; Burkholderia,0,1_104_VanA#7,core,0.9128,0,0,0,0,[alpha]
NZ_QTPX01000014.1:129503-130574:-1,WP_124828368.1,DIE14_RS17715,,aromatic ring-hydroxylating dioxygenase subunit alpha,1_104_VanA,1,124.5,0.4858,3.7e-36,NZ_QTPX01000014.1,129503,130574,-1,Burkholderia sp. Bp9017,Bacteria; Pseudomonadati; Pseudomonadota; Betaproteobacteria; Burkholderiales; Burkholderiaceae; Burkholderia,0,1_104_VanA#1,core,0.9734,2,0,1,1,ferredoxin > transposon > [alpha] > reductase > other > hydrolase > regulator > reductase > other > dehydrogenase > dehydrogenase > other > reductase
NZ_QTQA01000028.1:40809-41886:1,WP_059608471.1,DIE11_RS29820,,aromatic ring-hydroxylating dioxygenase subunit alpha,1_104_VanA,1,124.6,0.4858,3.4e-36,NZ_QTQA01000028.1,40809,41886,1,Burkholderia sp. Bp9012,Bacteria; Pseudomonadati; Pseudomonadota; Betaproteobacteria; Burkholderiales; Burkholderiaceae; Burkholderia,0,1_104_VanA#1,core,0.9595,2,0,1,1,ferredoxin > transposon > [alpha] > reductase > other > hydrolase > regulator > reductase > other > dehydrogenase > dehydrogenase > other > reductase
NZ_QTQI01000035.1:21562-22678:-1,WP_124456495.1,DIE03_RS33855,,aromatic ring-hydroxylating dioxygenase subunit alpha,1_104_VanA,1,99.9,0.4659,1.1e-28,NZ_QTQI01000035.1,21562,22678,-1,Burkholderia sp. Bp8992,Bacteria; Pseudomonadati; Pseudomonadota; Betaproteobacteria; Burkholderiales; Burkholderiaceae; Burkholderia,0,1_104_VanA#7,core,0.9845,0,0,0,0,[alpha]
NZ_QTPW01000011.1:33560-34640:-1,WP_057930154.1,DIE15_RS16540,,aromatic ring-hydroxylating dioxygenase subunit alpha,1_104_VanA,1,698.3,0.9801,1.3e-210,NZ_QTPW01000011.1,33560,34640,-1,Burkholderia sp. Bp9031,Bacteria; Pseudomonadati; Pseudomonadota; Betaproteobacteria; Burkholderiales; Burkholderiaceae; Burkholderia,0,1_104_VanA#0,core,0.9241,0,0,0,0,[alpha] > reductase > alpha_other
NZ_QTLJ01000005.1:275189-276212:-1,WP_014885172.1,DW197_RS09285,,aromatic ring-hydroxylating dioxygenase subunit alpha,1_104_VanA,1,106.7,0.4744,9.9e-31,NZ_QTLJ01000005.1,275189,276212,-1,Enterobacter sp. AM17-18,Bacteria; Pseudomonadati; Pseudomonadota; Gammaproteobacteria; Enterobacterales; Enterobacteriaceae; Enterobacter,0,1_104_VanA#3,core,0.943,2,0,1,1,ferredoxin > transposon > [alpha] > reductase > regulator > other > reductase > transporter > other > hydrolase > reductase > dehydrogenase > dehydrogenase > other
NZ_QTRV01000027.1:24455-25535:1,WP_077021333.1,DF146_RS33270,,aromatic ring-hydroxylating dioxygenase subunit alpha,1_104_VanA,1,699.2,0.983,6.7e-211,NZ_QTRV01000027.1,24455,25535,1,Burkholderia cenocepacia,Bacteria; Pseudomonadati; Pseudomonadota; Betaproteobacteria; Burkholderiales; Burkholderiaceae; Burkholderia; Burkholderia cepacia complex,0,1_104_VanA#0,core,0.9019,0,0,0,0,[alpha] > reductase
NZ_QTQV01000009.1:274758-275874:1,WP_089443805.1,DF051_RS18010,,aromatic ring-hydroxylating dioxygenase subunit alpha,1_104_VanA,1,99.8,0.4659,1.2e-28,NZ_QTQV01000009.1,274758,275874,1,Burkholderia contaminans,Bacteria; Pseudomonadati; Pseudomonadota; Betaproteobacteria; Burkholderiales; Burkholderiaceae; Burkholderia; Burkholderia cepacia complex,0,1_104_VanA#7,core,0.9948,0,0,0,0,[alpha]
NZ_QTQX01000042.1:24174-25254:1,WP_046549792.1,DF037_RS38240,,aromatic ring-hydroxylating dioxygenase subunit alpha,1_104_VanA,1,695.3,0.9801,1.1e-209,NZ_QTQX01000042.1,24174,25254,1,Burkholderia contaminans,Bacteria; Pseudomonadati; Pseudomonadota; Betaproteobacteria; Burkholderiales; Burkholderiaceae; Burkholderia; Burkholderia cepacia complex,0,1_104_VanA#0,core,0.8974,0,0,0,0,[alpha] > reductase > alpha_other
NZ_QTQY01000005.1:351547-352663:1,WP_046547271.1,DF036_RS12205,,aromatic ring-hydroxylating dioxygenase subunit alpha,1_104_VanA,1,99.8,0.4659,1.2e-28,NZ_QTQY01000005.1,351547,352663,1,Burkholderia contaminans,Bacteria; Pseudomonadati; Pseudomonadota; Betaproteobacteria; Burkholderiales; Burkholderiaceae; Burkholderia; Burkholderia cepacia complex,0,1_104_VanA#7,core,0.9948,0,0,0,0,[alpha]
NZ_QUZJ01000011.1:70319-71396:1,WP_004793810.1,DZ985_RS16495,,aromatic ring-hydroxylating dioxygenase subunit alpha,1_104_VanA,1,694.8,0.9858,1.5e-209,NZ_QUZJ01000011.1,70319,71396,1,Acinetobacter sp. JW,Bacteria; Pseudomonadati; Pseudomonadota; Gammaproteobacteria; Moraxellales; Moraxellaceae; Acinetobacter,0,1_104_VanA#0,core,0.9592,0,0,0,0,[alpha] > reductase
NZ_QUAF01000003.1:179408-180449:1,WP_117162545.1,DYB39_RS10460,,aromatic ring-hydroxylating dioxygenase subunit alpha,1_104_VanA,1,98.9,0.4801,2.2e-28,NZ_QUAF01000003.1,179408,180449,1,Providencia rettgeri,Bacteria; Pseudomonadati; Pseudomonadota; Gammaproteobacteria; Enterobacterales; Morganellaceae; Providencia,0,1_104_VanA#4,core,0.7081,2,0,1,1,ferredoxin > transposon > [alpha] > reductase > regulator > other > reductase > transporter > other > hydrolase > reductase > dehydrogenase > dehydrogenase > other
NZ_QUZJ01000006.1:155730-156798:-1,WP_004794035.1,DZ985_RS11750,,aromatic ring-hydroxylating dioxygenase subunit alpha,1_104_VanA,1,110.1,0.4744,8.6e-32,NZ_QUZJ01000006.1,155730,156798,-1,Acinetobacter sp. JW,Bacteria; Pseudomonadati; Pseudomonadota; Gammaproteobacteria; Moraxellales; Moraxellaceae; Acinetobacter,0,1_104_VanA#4,core,0.9365,2,0,1,1,ferredoxin > transposon > [alpha] > reductase > other > reductase > transporter > other > hydrolase > reductase > dehydrogenase > dehydrogenase > other
NZ_QVOO01000118.1:92101-93145:1,WP_039991765.1,DX901_RS11970,,aromatic ring-hydroxylating dioxygenase subunit alpha,1_104_VanA,1,99.2,0.4659,1.9e-28,NZ_QVOO01000118.1,92101,93145,1,Serratia odorifera,Bacteria; Pseudomonadati; Pseudomonadota; Gammaproteobacteria; Enterobacterales; Yersiniaceae; Serratia,0,1_104_VanA#3,core,0.7877,2,0,1,1,ferredoxin > transposon > [alpha] > reductase > regulator > other > reductase > transporter > other > hydrolase > reductase > dehydrogenase > dehydrogenase > other
NZ_QZGE01000001.1:555386-556406:1,WP_003112910.1,ELY47_RS02605,,aromatic ring-hydroxylating dioxygenase subunit alpha,1_104_VanA,1,102.9,0.4858,1.4e-29,NZ_QZGE01000001.1,555386,556406,1,Pseudomonas aeruginosa PAO1,Bacteria; Pseudomonadati; Pseudomonadota; Gammaproteobacteria; Pseudomonadales; Pseudomonadaceae; Pseudomonas,0,1_104_VanA#13,core,0.7285,0,0,0,0,transporter > reductase > other > hydrolase > regulator > reductase > other > dehydrogenase > dehydrogenase > other > hypothetical > transposon > [alpha] > other > reductase
NZ_QZGE01000002.1:119230-120286:1,WP_003112296.1,ELY47_RS03230,,aromatic ring-hydroxylating dioxygenase subunit alpha,1_104_VanA,1,717.0,0.9858,2.6e-216,NZ_QZGE01000002.1,119230,120286,1,Pseudomonas aeruginosa PAO1,Bacteria; Pseudomonadati; Pseudomonadota; Gammaproteobacteria; Pseudomonadales; Pseudomonadaceae; Pseudomonas,0,1_104_VanA#0,core,0.7826,0,0,0,0,[alpha] > reductase
NZ_QYYG01000010.1:12821-13865:-1,WP_006321036.1,D4100_RS22225,,aromatic ring-hydroxylating dioxygenase subunit alpha,1_104_VanA,1,96.7,0.4773,1.1e-27,NZ_QYYG01000010.1,12821,13865,-1,Serratia inhibens,Bacteria; Pseudomonadati; Pseudomonadota; Gammaproteobacteria; Enterobacterales; Yersiniaceae; Serratia,0,1_104_VanA#3,core,0.7891,2,0,1,1,ferredoxin > transposon > [alpha] > reductase > regulator > other > reductase > transporter
NZ_RARP01000046.1:32954-34070:-1,WP_039343232.1,D7S92_RS36635,,aromatic ring-hydroxylating dioxygenase subunit alpha,1_104_VanA,1,99.8,0.4659,1.2e-28,NZ_RARP01000046.1,32954,34070,-1,Burkholderia contaminans,Bacteria; Pseudomonadati; Pseudomonadota; Betaproteobacteria; Burkholderiales; Burkholderiaceae; Burkholderia; Burkholderia cepacia complex,0,1_104_VanA#7,core,0.9948,0,0,0,0,[alpha]
NZ_RARP01000024.1:69578-70658:-1,WP_039339762.1,D7S92_RS27545,,aromatic ring-hydroxylating dioxygenase subunit alpha,1_104_VanA,1,700.7,0.9801,2.4e-211,NZ_RARP01000024.1,69578,70658,-1,Burkholderia contaminans,Bacteria; Pseudomonadati; Pseudomonadota; Betaproteobacteria; Burkholderiales; Burkholderiaceae; Burkholderia; Burkholderia cepacia complex,0,1_104_VanA#0,core,0.9241,0,0,0,0,[alpha] > reductase > alpha_other
NZ_RBNM01000138.1:45882-46947:-1,WP_005743729.1,ALR00_RS07520,,aromatic ring-hydroxylating dioxygenase subunit alpha,1_104_VanA,1,745.5,0.9886,5.9e-225,NZ_RBNM01000138.1,45882,46947,-1,Pseudomonas savastanoi pv. retacarpa,Bacteria; Pseudomonadati; Pseudomonadota; Gammaproteobacteria; Pseudomonadales; Pseudomonadaceae; Pseudomonas,0,1_104_VanA#0,core,0.931,0,0,0,0,regulator > [alpha] > reductase
NZ_RARP01000003.1:241902-242979:-1,WP_039344090.1,D7S92_RS06170,,aromatic ring-hydroxylating dioxygenase subunit alpha,1_104_VanA,1,122.8,0.4858,1.2e-35,NZ_RARP01000003.1,241902,242979,-1,Burkholderia contaminans,Bacteria; Pseudomonadati; Pseudomonadota; Betaproteobacteria; Burkholderiales; Burkholderiaceae; Burkholderia; Burkholderia cepacia complex,0,1_104_VanA#1,core,0.9625,2,0,1,1,ferredoxin > transposon > [alpha] > reductase > other > hydrolase > regulator > reductase > other > dehydrogenase > dehydrogenase > other > reductase
NZ_RBNV01000132.1:70929-71994:1,WP_003344931.1,ALQ91_RS17045,,aromatic ring-hydroxylating dioxygenase subunit alpha,1_104_VanA,1,746.5,0.9773,2.9e-225,NZ_RBNV01000132.1,70929,71994,1,Pseudomonas syringae pv. syringae,Bacteria; Pseudomonadati; Pseudomonadota; Gammaproteobacteria; Pseudomonadales; Pseudomonadaceae; Pseudomonas; Pseudomonas syringae,0,1_104_VanA#0,core,0.9465,0,0,0,0,regulator > [alpha] > reductase
NZ_RBOA01000130.1:11040-12105:1,WP_060411791.1,ALQ86_RS06695,,aromatic ring-hydroxylating dioxygenase subunit alpha,1_104_VanA,1,743.7,0.9886,2.1e-224,NZ_RBOA01000130.1,11040,12105,1,Pseudomonas amygdali pv. eriobotryae,Bacteria; Pseudomonadati; Pseudomonadota; Gammaproteobacteria; Pseudomonadales; Pseudomonadaceae; Pseudomonas; Pseudomonas amygdali,0,1_104_VanA#0,core,0.9248,0,0,0,0,regulator > [alpha] > reductase
NZ_RBOJ01000057.1:34596-35682:-1,WP_053191769.1,ALQ77_RS10650,,aromatic ring-hydroxylating dioxygenase subunit alpha,1_104_VanA,1,770.2,0.9943,1.8e-232,NZ_RBOJ01000057.1,34596,35682,-1,Pseudomonas corrugata,Bacteria; Pseudomonadati; Pseudomonadota; Gammaproteobacteria; Pseudomonadales; Pseudomonadaceae; Pseudomonas,0,1_104_VanA#0,core,0.8966,0,0,0,0,[alpha] > reductase
NZ_RBNS01000075.1:43587-44652:-1,WP_005739414.1,ALQ94_RS06970,,aromatic ring-hydroxylating dioxygenase subunit alpha,1_104_VanA,1,739.7,0.9886,3.3e-223,NZ_RBNS01000075.1,43587,44652,-1,Pseudomonas amygdali pv. morsprunorum,Bacteria; Pseudomonadati; Pseudomonadota; Gammaproteobacteria; Pseudomonadales; Pseudomonadaceae; Pseudomonas; Pseudomonas amygdali,0,1_104_VanA#0,core,0.9219,0,0,0,0,regulator > [alpha] > reductase
NZ_RBOV01000282.1:25218-26283:1,WP_054088209.1,ALQ65_RS17930,,aromatic ring-hydroxylating dioxygenase subunit alpha,1_104_VanA,1,741.0,0.9858,1.3e-223,NZ_RBOV01000282.1,25218,26283,1,Pseudomonas syringae pv. coriandricola,Bacteria; Pseudomonadati; Pseudomonadota; Gammaproteobacteria; Pseudomonadales; Pseudomonadaceae; Pseudomonas,0,1_104_VanA#0,core,0.9094,0,0,0,0,regulator > [alpha] > reductase
NZ_RBOX01000203.1:3289-4333:1,WP_004947815.1,ALQ63_RS22550,,aromatic ring-hydroxylating dioxygenase subunit alpha,1_104_VanA,1,98.6,0.4773,2.8e-28,NZ_RBOX01000203.1,3289,4333,1,Serratia plymuthica,Bacteria; Pseudomonadati; Pseudomonadota; Gammaproteobacteria; Enterobacterales; Yersiniaceae; Serratia,0,1_104_VanA#3,core,0.7811,2,0,1,1,ferredoxin > transposon > [alpha] > reductase > regulator > other > reductase > transporter > other > hydrolase > reductase > dehydrogenase > dehydrogenase > other
NZ_RBOZ01000061.1:80330-81395:-1,WP_024690657.1,ALQ61_RS09185,,aromatic ring-hydroxylating dioxygenase subunit alpha,1_104_VanA,1,741.7,0.983,8.2e-224,NZ_RBOZ01000061.1,80330,81395,-1,Pseudomonas coronafaciens pv. zizaniae,Bacteria; Pseudomonadati; Pseudomonadota; Gammaproteobacteria; Pseudomonadales; Pseudomonadaceae; Pseudomonas; Pseudomonas coronafaciens,0,1_104_VanA#0,core,0.9367,0,0,0,0,regulator > [alpha] > reductase
NZ_RBBW01000025.1:24846-25926:1,WP_059648887.1,D7222_RS20625,,aromatic ring-hydroxylating dioxygenase subunit alpha,1_104_VanA,1,697.4,0.983,2.4e-210,NZ_RBBW01000025.1,24846,25926,1,Burkholderia cepacia,Bacteria; Pseudomonadati; Pseudomonadota; Betaproteobacteria; Burkholderiales; Burkholderiaceae; Burkholderia; Burkholderia cepacia complex,0,1_104_VanA#0,core,0.8882,0,0,0,0,[alpha] > reductase > alpha_other
NZ_RBBW01000067.1:5186-6302:1,WP_042972892.1,D7222_RS33390,,aromatic ring-hydroxylating dioxygenase subunit alpha,1_104_VanA,1,99.6,0.4659,1.4e-28,NZ_RBBW01000067.1,5186,6302,1,Burkholderia cepacia,Bacteria; Pseudomonadati; Pseudomonadota; Betaproteobacteria; Burkholderiales; Burkholderiaceae; Burkholderia; Burkholderia cepacia complex,0,1_104_VanA#7,core,0.9495,0,0,0,0,[alpha]
NZ_RBRA01000013.1:25084-26149:1,WP_024679063.1,ALQ08_RS01215,,aromatic ring-hydroxylating dioxygenase subunit alpha,1_104_VanA,1,742.7,0.9886,4.2e-224,NZ_RBRA01000013.1,25084,26149,1,Pseudomonas syringae pv. delphinii,Bacteria; Pseudomonadati; Pseudomonadota; Gammaproteobacteria; Pseudomonadales; Pseudomonadaceae; Pseudomonas,0,1_104_VanA#0,core,0.9281,0,0,0,0,regulator > [alpha] > reductase
NZ_RBPF01000044.1:7700-8765:1,WP_005743729.1,ALQ55_RS02530,,aromatic ring-hydroxylating dioxygenase subunit alpha,1_104_VanA,1,745.5,0.9886,5.9e-225,NZ_RBPF01000044.1,7700,8765,1,Pseudomonas savastanoi pv. savastanoi,Bacteria; Pseudomonadati; Pseudomonadota; Gammaproteobacteria; Pseudomonadales; Pseudomonadaceae; Pseudomonas,0,1_104_VanA#0,core,0.931,0,0,0,0,regulator > [alpha] > reductase
NZ_RBQC01000119.1:30220-31285:1,WP_007243876.1,ALQ32_RS25765,,aromatic ring-hydroxylating dioxygenase subunit alpha,1_104_VanA,1,741.9,0.9886,7.2e-224,NZ_RBQC01000119.1,30220,31285,1,Pseudomonas syringae pv. tagetis,Bacteria; Pseudomonadati; Pseudomonadota; Gammaproteobacteria; Pseudomonadales; Pseudomonadaceae; Pseudomonas,0,1_104_VanA#0,core,0.925,0,0,0,0,regulator > [alpha] > reductase
NZ_RBQE01000007.1:39752-40817:1,WP_058402893.1,ALQ30_RS00210,,aromatic ring-hydroxylating dioxygenase subunit alpha,1_104_VanA,1,746.6,0.9886,2.7e-225,NZ_RBQE01000007.1,39752,40817,1,Pseudomonas syringae pv. persicae,Bacteria; Pseudomonadati; Pseudomonadota; Gammaproteobacteria; Pseudomonadales; Pseudomonadaceae; Pseudomonas,0,1_104_VanA#0,core,0.9342,0,0,0,0,regulator > [alpha] > reductase
NZ_RBRB01000021.1:14629-15694:1,WP_017702383.1,ALQ07_RS01530,,aromatic ring-hydroxylating dioxygenase subunit alpha,1_104_VanA,1,741.5,0.9886,9.2e-224,NZ_RBRB01000021.1,14629,15694,1,Pseudomonas syringae pv. actinidiae,Bacteria; Pseudomonadati; Pseudomonadota; Gammaproteobacteria; Pseudomonadales; Pseudomonadaceae; Pseudomonas; Pseudomonas syringae,0,1_104_VanA#0,core,0.925,0,0,0,0,regulator > [alpha] > reductase
NZ_RBPJ01000059.1:30890-31955:-1,WP_057413990.1,ALQ51_RS05050,,aromatic ring-hydroxylating dioxygenase subunit alpha,1_104_VanA,1,742.7,0.9858,4.1e-224,NZ_RBPJ01000059.1,30890,31955,-1,Pseudomonas cannabina,Bacteria; Pseudomonadati; Pseudomonadota; Gammaproteobacteria; Pseudomonadales; Pseudomonadaceae; Pseudomonas,0,1_104_VanA#0,core,0.9122,0,0,0,0,regulator > [alpha] > reductase
NZ_RBPL01000103.1:48043-49108:-1,WP_074843417.1,ALQ49_RS23925,,aromatic ring-hydroxylating dioxygenase subunit alpha,1_104_VanA,1,741.2,0.9886,1.2e-223,NZ_RBPL01000103.1,48043,49108,-1,Pseudomonas syringae pv. apii,Bacteria; Pseudomonadati; Pseudomonadota; Gammaproteobacteria; Pseudomonadales; Pseudomonadaceae; Pseudomonas,0,1_104_VanA#0,core,0.9219,0,0,0,0,regulator > [alpha] > reductase
NZ_RBRK01000014.1:31985-33050:1,WP_058402893.1,ALP98_RS01715,,aromatic ring-hydroxylating dioxygenase subunit alpha,1_104_VanA,1,746.6,0.9886,2.7e-225,NZ_RBRK01000014.1,31985,33050,1,Pseudomonas viridiflava,Bacteria; Pseudomonadati; Pseudomonadota; Gammaproteobacteria; Pseudomonadales; Pseudomonadaceae; Pseudomonas,0,1_104_VanA#0,core,0.9342,0,0,0,0,regulator > [alpha] > reductase
NZ_RBPO01000276.1:30933-31998:1,WP_019742239.1,ALQ46_RS20065,,aromatic ring-hydroxylating dioxygenase subunit alpha,1_104_VanA,1,741.8,0.9886,7.7e-224,NZ_RBPO01000276.1,30933,31998,1,Pseudomonas savastanoi pv. phaseolicola,Bacteria; Pseudomonadati; Pseudomonadota; Gammaproteobacteria; Pseudomonadales; Pseudomonadaceae; Pseudomonas,0,1_104_VanA#0,core,0.9216,0,0,0,0,regulator > [alpha] > ferredoxin
NZ_RBSD01000119.1:19979-21044:1,WP_057406826.1,ALP78_RS13885,,aromatic ring-hydroxylating dioxygenase subunit alpha,1_104_VanA,1,746.1,0.9773,3.7e-225,NZ_RBSD01000119.1,19979,21044,1,Pseudomonas coronafaciens pv. striafaciens,Bacteria; Pseudomonadati; Pseudomonadota; Gammaproteobacteria; Pseudomonadales; Pseudomonadaceae; Pseudomonas; Pseudomonas coronafaciens,0,1_104_VanA#0,core,0.9465,0,0,0,0,regulator > [alpha] > reductase
NZ_RBSR01000055.1:6211-7276:1,WP_003379547.1,ALP64_RS04055,,aromatic ring-hydroxylating dioxygenase subunit alpha,1_104_VanA,1,737.4,0.9886,1.7e-222,NZ_RBSR01000055.1,6211,7276,1,Pseudomonas syringae pv. actinidiae,Bacteria; Pseudomonadati; Pseudomonadota; Gammaproteobacteria; Pseudomonadales; Pseudomonadaceae; Pseudomonas; Pseudomonas syringae,0,1_104_VanA#0,core,0.884,0,0,0,0,regulator > [alpha] > reductase
NZ_RBRQ01000127.1:13375-14440:1,WP_024679063.1,ALP92_RS13880,,aromatic ring-hydroxylating dioxygenase subunit alpha,1_104_VanA,1,742.7,0.9886,4.2e-224,NZ_RBRQ01000127.1,13375,14440,1,Pseudomonas syringae pv. primulae,Bacteria; Pseudomonadati; Pseudomonadota; Gammaproteobacteria; Pseudomonadales; Pseudomonadaceae; Pseudomonas,0,1_104_VanA#0,core,0.9281,0,0,0,0,regulator > [alpha] > reductase
NZ_RBRL01000187.1:2689-3751:1,WP_058420703.1,ALP97_RS12435,,aromatic ring-hydroxylating dioxygenase subunit alpha,1_104_VanA,1,756.6,0.9943,2.5e-228,NZ_RBRL01000187.1,2689,3751,1,Pseudomonas salomonii,Bacteria; Pseudomonadati; Pseudomonadota; Gammaproteobacteria; Pseudomonadales; Pseudomonadaceae; Pseudomonas,0,1_104_VanA#0,core,0.9342,0,0,0,0,[alpha] > reductase
NZ_RBRP01000138.1:161124-162189:-1,WP_054984201.1,ALP93_RS21245,,aromatic ring-hydroxylating dioxygenase subunit alpha,1_104_VanA,1,746.9,0.9858,2.1e-225,NZ_RBRP01000138.1,161124,162189,-1,Pseudomonas syringae pv. helianthi,Bacteria; Pseudomonadati; Pseudomonadota; Gammaproteobacteria; Pseudomonadales; Pseudomonadaceae; Pseudomonas,0,1_104_VanA#0,core,0.9214,0,0,0,0,regulator > [alpha] > reductase
NZ_RBTA01000022.1:21001-22066:-1,WP_024690657.1,ALP55_RS02290,,aromatic ring-hydroxylating dioxygenase subunit alpha,1_104_VanA,1,741.7,0.983,8.2e-224,NZ_RBTA01000022.1,21001,22066,-1,Pseudomonas coronafaciens pv. oryzae,Bacteria; Pseudomonadati; Pseudomonadota; Gammaproteobacteria; Pseudomonadales; Pseudomonadaceae; Pseudomonas; Pseudomonas coronafaciens,0,1_104_VanA#0,core,0.9367,0,0,0,0,regulator > [alpha] > reductase
NZ_RBTC01000147.1:9369-10434:1,WP_011168603.1,ALP53_RS15780,,aromatic ring-hydroxylating dioxygenase subunit alpha,1_104_VanA,1,742.8,0.9886,3.8e-224,NZ_RBTC01000147.1,9369,10434,1,Pseudomonas savastanoi pv. phaseolicola,Bacteria; Pseudomonadati; Pseudomonadota; Gammaproteobacteria; Pseudomonadales; Pseudomonadaceae; Pseudomonas,0,1_104_VanA#0,core,0.9279,0,0,0,0,regulator > [alpha] > ferredoxin
NZ_RBTE01000559.1:43807-44872:-1,WP_057453755.1,ALP51_RS25615,,aromatic ring-hydroxylating dioxygenase subunit alpha,1_104_VanA,1,741.4,0.9886,9.8e-224,NZ_RBTE01000559.1,43807,44872,-1,Pseudomonas savastanoi,Bacteria; Pseudomonadati; Pseudomonadota; Gammaproteobacteria; Pseudomonadales; Pseudomonadaceae; Pseudomonas,0,1_104_VanA#0,core,0.9279,0,0,0,0,regulator > [alpha] > reductase
NZ_RBTT01000244.1:19003-20068:1,WP_054090801.1,ALP36_RS16360,,aromatic ring-hydroxylating dioxygenase subunit alpha,1_104_VanA,1,742.8,0.9886,3.7e-224,NZ_RBTT01000244.1,19003,20068,1,Pseudomonas syringae pv. coriandricola,Bacteria; Pseudomonadati; Pseudomonadota; Gammaproteobacteria; Pseudomonadales; Pseudomonadaceae; Pseudomonas,0,1_104_VanA#0,core,0.9281,0,0,0,0,regulator > [alpha] > reductase
NZ_RBTX01000155.1:3005-4070:-1,WP_005618168.1,ALP32_RS05580,,aromatic ring-hydroxylating dioxygenase subunit alpha,1_104_VanA,1,741.7,0.9886,8.2e-224,NZ_RBTX01000155.1,3005,4070,-1,Pseudomonas avellanae,Bacteria; Pseudomonadati; Pseudomonadota; Gammaproteobacteria; Pseudomonadales; Pseudomonadaceae; Pseudomonas,0,1_104_VanA#0,core,0.9281,0,0,0,0,regulator > [alpha] > reductase
NZ_RBUB01000012.1:28150-29215:-1,WP_005743729.1,ALP28_RS00635,,aromatic ring-hydroxylating dioxygenase subunit alpha,1_104_VanA,1,745.5,0.9886,5.9e-225,NZ_RBUB01000012.1,28150,29215,-1,Pseudomonas savastanoi pv. nerii,Bacteria; Pseudomonadati; Pseudomonadota; Gammaproteobacteria; Pseudomonadales; Pseudomonadaceae; Pseudomonas,0,1_104_VanA#0,core,0.931,0,0,0,0,regulator > [alpha] > reductase
NZ_RBTH01000377.1:41840-42905:-1,WP_003401095.1,ALP48_RS23210,,aromatic ring-hydroxylating dioxygenase subunit alpha,1_104_VanA,1,746.4,0.9773,3e-225,NZ_RBTH01000377.1,41840,42905,-1,Pseudomonas syringae pv. solidagae,Bacteria; Pseudomonadati; Pseudomonadota; Gammaproteobacteria; Pseudomonadales; Pseudomonadaceae; Pseudomonas; Pseudomonas syringae,0,1_104_VanA#0,core,0.9465,0,0,0,0,regulator > [alpha] > reductase
NZ_RBTI01000339.1:14895-15960:-1,WP_057458922.1,ALP47_RS15555,,aromatic ring-hydroxylating dioxygenase subunit alpha,1_104_VanA,1,743.5,0.9886,2.3e-224,NZ_RBTI01000339.1,14895,15960,-1,Pseudomonas savastanoi,Bacteria; Pseudomonadati; Pseudomonadota; Gammaproteobacteria; Pseudomonadales; Pseudomonadaceae; Pseudomonas,0,1_104_VanA#0,core,0.9248,0,0,0,0,regulator > [alpha] > reductase
NZ_RBTL01000370.1:11514-12579:-1,WP_003379547.1,ALP44_RS29090,,aromatic ring-hydroxylating dioxygenase subunit alpha,1_104_VanA,1,737.4,0.9886,1.7e-222,NZ_RBTL01000370.1,11514,12579,-1,Pseudomonas syringae pv. theae,Bacteria; Pseudomonadati; Pseudomonadota; Gammaproteobacteria; Pseudomonadales; Pseudomonadaceae; Pseudomonas; Pseudomonas syringae,0,1_104_VanA#0,core,0.884,0,0,0,0,regulator > [alpha] > reductase
NZ_RBUS01000271.1:27256-28321:1,WP_003370890.1,ALP11_RS18740,,aromatic ring-hydroxylating dioxygenase subunit alpha,1_104_VanA,1,744.5,0.9858,1.1e-224,NZ_RBUS01000271.1,27256,28321,1,Pseudomonas syringae pv. papulans,Bacteria; Pseudomonadati; Pseudomonadota; Gammaproteobacteria; Pseudomonadales; Pseudomonadaceae; Pseudomonas; Pseudomonas syringae,0,1_104_VanA#0,core,0.9373,0,0,0,0,regulator > [alpha] > reductase
NZ_RBUQ01000098.1:35603-36668:-1,WP_005764325.1,ALP13_RS08420,,aromatic ring-hydroxylating dioxygenase subunit alpha,1_104_VanA,1,742.6,0.9886,4.4e-224,NZ_RBUQ01000098.1,35603,36668,-1,Pseudomonas syringae pv. maculicola,Bacteria; Pseudomonadati; Pseudomonadota; Gammaproteobacteria; Pseudomonadales; Pseudomonadaceae; Pseudomonas,0,1_104_VanA#0,core,0.9252,0,0,0,0,regulator > [alpha] > reductase
NZ_RBUO01000350.1:16157-17222:1,WP_044324544.1,ALP15_RS23605,,aromatic ring-hydroxylating dioxygenase subunit alpha,1_104_VanA,1,744.3,0.9886,1.3e-224,NZ_RBUO01000350.1,16157,17222,1,Pseudomonas savastanoi,Bacteria; Pseudomonadati; Pseudomonadota; Gammaproteobacteria; Pseudomonadales; Pseudomonadaceae; Pseudomonas,0,1_104_VanA#0,core,0.9279,0,0,0,0,regulator > [alpha] > reductase
NZ_RBUU01000135.1:30501-31566:-1,WP_005743729.1,ALP09_RS12965,,aromatic ring-hydroxylating dioxygenase subunit alpha,1_104_VanA,1,745.5,0.9886,5.9e-225,NZ_RBUU01000135.1,30501,31566,-1,Pseudomonas amygdali pv. lachrymans,Bacteria; Pseudomonadati; Pseudomonadota; Gammaproteobacteria; Pseudomonadales; Pseudomonadaceae; Pseudomonas; Pseudomonas amygdali,0,1_104_VanA#0,core,0.931,0,0,0,0,regulator > [alpha] > reductase
NZ_RBUW01000442.1:11233-12298:-1,WP_011168603.1,ALP07_RS13745,,aromatic ring-hydroxylating dioxygenase subunit alpha,1_104_VanA,1,742.8,0.9886,3.8e-224,NZ_RBUW01000442.1,11233,12298,-1,Pseudomonas savastanoi pv. glycinea,Bacteria; Pseudomonadati; Pseudomonadota; Gammaproteobacteria; Pseudomonadales; Pseudomonadaceae; Pseudomonas,0,1_104_VanA#0,core,0.9279,0,0,0,0,regulator > [alpha] > ferredoxin
NZ_RBUR01000139.1:36228-37293:1,WP_004665482.1,ALP12_RS11485,,aromatic ring-hydroxylating dioxygenase subunit alpha,1_104_VanA,1,744.7,0.9886,9.9e-225,NZ_RBUR01000139.1,36228,37293,1,Pseudomonas savastanoi pv. phaseolicola,Bacteria; Pseudomonadati; Pseudomonadota; Gammaproteobacteria; Pseudomonadales; Pseudomonadaceae; Pseudomonas,0,1_104_VanA#0,core,0.9279,0,0,0,0,regulator > [alpha] > reductase
NZ_RBVG01000166.1:70010-71075:1,WP_054984201.1,ALO97_RS26790,,aromatic ring-hydroxylating dioxygenase subunit alpha,1_104_VanA,1,746.9,0.9858,2.1e-225,NZ_RBVG01000166.1,70010,71075,1,Pseudomonas syringae pv. tagetis,Bacteria; Pseudomonadati; Pseudomonadota; Gammaproteobacteria; Pseudomonadales; Pseudomonadaceae; Pseudomonas,0,1_104_VanA#0,core,0.9214,0,0,0,0,regulator > [alpha] > reductase
NZ_RBVH01000348.1:3011-4076:-1,WP_004665482.1,ALO96_RS11660,,aromatic ring-hydroxylating dioxygenase subunit alpha,1_104_VanA,1,744.7,0.9886,9.9e-225,NZ_RBVH01000348.1,3011,4076,-1,Pseudomonas savastanoi pv. glycinea,Bacteria; Pseudomonadati; Pseudomonadota; Gammaproteobacteria; Pseudomonadales; Pseudomonadaceae; Pseudomonas,0,1_104_VanA#0,core,0.9279,0,0,0,0,regulator > [alpha] > ferredoxin
NZ_RBUZ01000138.1:9366-10431:1,WP_005743729.1,ALP04_RS08585,,aromatic ring-hydroxylating dioxygenase subunit alpha,1_104_VanA,1,745.5,0.9886,5.9e-225,NZ_RBUZ01000138.1,9366,10431,1,Pseudomonas amygdali pv. sesami,Bacteria; Pseudomonadati; Pseudomonadota; Gammaproteobacteria; Pseudomonadales; Pseudomonadaceae; Pseudomonas; Pseudomonas amygdali,0,1_104_VanA#0,core,0.931,0,0,0,0,regulator > [alpha] > reductase
NZ_RBUG01000106.1:44108-45173:-1,WP_003401095.1,ALP23_RS18870,,aromatic ring-hydroxylating dioxygenase subunit alpha,1_104_VanA,1,746.4,0.9773,3e-225,NZ_RBUG01000106.1,44108,45173,-1,Pseudomonas syringae pv. apii,Bacteria; Pseudomonadati; Pseudomonadota; Gammaproteobacteria; Pseudomonadales; Pseudomonadaceae; Pseudomonas,0,1_104_VanA#0,core,0.9465,0,0,0,0,regulator > [alpha] > reductase
NZ_RBUI01000014.1:300221-301286:-1,WP_003344931.1,ALP21_RS03825,,aromatic ring-hydroxylating dioxygenase subunit alpha,1_104_VanA,1,746.5,0.9773,2.9e-225,NZ_RBUI01000014.1,300221,301286,-1,Pseudomonas savastanoi pv. phaseolicola,Bacteria; Pseudomonadati; Pseudomonadota; Gammaproteobacteria; Pseudomonadales; Pseudomonadaceae; Pseudomonas,0,1_104_VanA#0,core,0.9465,0,0,0,0,regulator > [alpha] > reductase
NZ_RBVI01000012.1:8174-9239:-1,WP_057418025.1,ALO95_RS02190,,aromatic ring-hydroxylating dioxygenase subunit alpha,1_104_VanA,1,740.5,0.9886,1.9e-223,NZ_RBVI01000012.1,8174,9239,-1,Pseudomonas syringae pv. antirrhini,Bacteria; Pseudomonadati; Pseudomonadota; Gammaproteobacteria; Pseudomonadales; Pseudomonadaceae; Pseudomonas,0,1_104_VanA#0,core,0.9219,0,0,0,0,regulator > [alpha] > reductase
NZ_RDWT01000023.1:4697-5720:-1,WP_003860047.1,EA154_RS11850,,aromatic ring-hydroxylating dioxygenase subunit alpha,1_104_VanA,1,106.7,0.4744,9.9e-31,NZ_RDWT01000023.1,4697,5720,-1,Enterobacter hormaechei subsp. hoffmannii,Bacteria; Pseudomonadati; Pseudomonadota; Gammaproteobacteria; Enterobacterales; Enterobacteriaceae; Enterobacter; Enterobacter cloacae complex,0,1_104_VanA#3,core,0.94,2,0,1,1,ferredoxin > transposon > [alpha] > reductase > regulator > other > reductase > transporter
NZ_RDNY01000001.1:55129-56197:-1,WP_121928364.1,EAH57_RS00325,,aromatic ring-hydroxylating dioxygenase subunit alpha,1_104_VanA,1,104.3,0.4886,5.3e-30,NZ_RDNY01000001.1,55129,56197,-1,Acinetobacter sp. 2JN-4,Bacteria; Pseudomonadati; Pseudomonadota; Gammaproteobacteria; Moraxellales; Moraxellaceae; Acinetobacter,0,1_104_VanA#4,core,0.8811,2,0,1,1,ferredoxin > transposon > [alpha] > reductase > other > reductase > transporter > other > hydrolase > reductase > dehydrogenase > dehydrogenase > other
NZ_RFEL01000010.1:35937-37005:1,WP_061875617.1,EA763_RS08530,,aromatic ring-hydroxylating dioxygenase subunit alpha,1_104_VanA,1,105.7,0.4716,2e-30,NZ_RFEL01000010.1,35937,37005,1,Acinetobacter lactucae,Bacteria; Pseudomonadati; Pseudomonadota; Gammaproteobacteria; Moraxellales; Moraxellaceae; Acinetobacter; Acinetobacter calcoaceticus/baumannii complex,0,1_104_VanA#4,core,0.9838,2,0,1,1,ferredoxin > transposon > [alpha] > reductase > other > reductase > transporter > other > hydrolase > reductase > dehydrogenase > dehydrogenase > other
NZ_RFES01000003.1:97749-98817:1,WP_125698418.1,EA756_RS05680,,aromatic ring-hydroxylating dioxygenase subunit alpha,1_104_VanA,1,106.6,0.4716,1e-30,NZ_RFES01000003.1,97749,98817,1,Acinetobacter lactucae,Bacteria; Pseudomonadati; Pseudomonadota; Gammaproteobacteria; Moraxellales; Moraxellaceae; Acinetobacter; Acinetobacter calcoaceticus/baumannii complex,0,1_104_VanA#4,core,0.9839,2,0,1,1,ferredoxin > transposon > [alpha] > reductase > other > reductase > transporter > other > hydrolase > reductase > dehydrogenase > dehydrogenase > other
NZ_RFES01000003.1:326914-327991:-1,WP_061874769.1,EA756_RS06745,,aromatic ring-hydroxylating dioxygenase subunit alpha,1_104_VanA,1,693.9,0.983,2.8e-209,NZ_RFES01000003.1,326914,327991,-1,Acinetobacter lactucae,Bacteria; Pseudomonadati; Pseudomonadota; Gammaproteobacteria; Moraxellales; Moraxellaceae; Acinetobacter; Acinetobacter calcoaceticus/baumannii complex,0,1_104_VanA#0,core,0.9781,0,0,0,0,[alpha] > reductase
NZ_RFFA01000011.1:16006-17059:-1,WP_034698593.1,EA748_RS09160,,aromatic ring-hydroxylating dioxygenase subunit alpha,1_104_VanA,1,109.8,0.4858,1.1e-31,NZ_RFFA01000011.1,16006,17059,-1,Acinetobacter ursingii,Bacteria; Pseudomonadati; Pseudomonadota; Gammaproteobacteria; Moraxellales; Moraxellaceae; Acinetobacter,0,1_104_VanA#4,core,0.8741,2,0,1,1,ferredoxin > transposon > [alpha] > reductase > other > reductase > transporter > other > hydrolase > reductase > dehydrogenase > dehydrogenase > other
NZ_RFFA01000011.1:22434-23511:1,WP_034698597.1,EA748_RS09190,,aromatic ring-hydroxylating dioxygenase subunit alpha,1_104_VanA,1,689.6,0.9858,5.9e-208,NZ_RFFA01000011.1,22434,23511,1,Acinetobacter ursingii,Bacteria; Pseudomonadati; Pseudomonadota; Gammaproteobacteria; Moraxellales; Moraxellaceae; Acinetobacter,0,1_104_VanA#0,core,0.8804,0,0,0,0,[alpha] > reductase
NZ_RJTL01000109.1:1158-2187:-1,WP_028853999.1,EGA29_RS26395,,aromatic ring-hydroxylating dioxygenase subunit alpha,1_104_VanA,1,711.9,0.9716,9.6e-215,NZ_RJTL01000109.1,1158,2187,-1,Ralstonia pseudosolanacearum,Bacteria; Pseudomonadati; Pseudomonadota; Betaproteobacteria; Burkholderiales; Burkholderiaceae; Ralstonia; Ralstonia solanacearum species complex,0,1_104_VanA#0,core,0.8082,1,0,0,1,[alpha] > reductase
NZ_RJUY01000005.1:59883-60975:-1,WP_123694074.1,EDF72_RS19170,,aromatic ring-hydroxylating dioxygenase subunit alpha,1_104_VanA,1,663.6,0.9886,4.6e-200,NZ_RJUY01000005.1,59883,60975,-1,Delftia acidovorans,Bacteria; Pseudomonadati; Pseudomonadota; Betaproteobacteria; Burkholderiales; Comamonadaceae; Delftia,0,1_104_VanA#0,core,0.8108,0,0,0,0,regulator > [alpha] > regulator
NZ_RJUY01000005.1:482645-483671:-1,WP_012202896.1,EDF72_RS21100,,aromatic ring-hydroxylating dioxygenase subunit alpha,1_104_VanA,1,107.9,0.4915,4.1e-31,NZ_RJUY01000005.1,482645,483671,-1,Delftia acidovorans,Bacteria; Pseudomonadati; Pseudomonadota; Betaproteobacteria; Burkholderiales; Comamonadaceae; Delftia,0,1_104_VanA#11,core,0.9006,0,0,0,0,reductase > regulator > reductase > other > dehydrogenase > other > transporter > transposon > [alpha] > reductase > transporter > transporter
NZ_RSCJ01000054.1:14289-15291:-1,WP_026087683.1,PCC6912_RS33440,,aromatic ring-hydroxylating dioxygenase subunit alpha,1_104_VanA,1,74.5,0.4574,5.8e-21,NZ_RSCJ01000054.1,14289,15291,-1,Chlorogloeopsis fritschii PCC 6912,Bacteria; Bacillati; Cyanobacteriota; Cyanophyceae; Nostocales; Chlorogloeopsidaceae; Chlorogloeopsis,0,1_104_VanA#24,novel_candidate,0.2253,0,0,0,0,hypothetical > alpha_other > other > hypothetical > hypothetical > [alpha]
NZ_RSCN01000011.1:32783-33839:1,WP_010998007.1,DSM107007_RS11505,,aromatic ring-hydroxylating dioxygenase subunit alpha,1_104_VanA,1,106.5,0.5369,1.1e-30,NZ_RSCN01000011.1,32783,33839,1,Nostoc sp. PCC 7120 = FACHB-418,Bacteria; Bacillati; Cyanobacteriota; Cyanophyceae; Nostocales; Nostocaceae; Nostoc,0,1_104_VanA#27,novel_candidate,0.3937,0,0,0,0,[alpha] > other
NZ_RWYT01000008.1:42950-44027:1,WP_039511201.1,EJL05_RS03355,,aromatic ring-hydroxylating dioxygenase subunit alpha,1_104_VanA,1,380.4,0.9801,5.8e-114,NZ_RWYT01000008.1,42950,44027,1,Xanthomonas arboricola pv. pruni,Bacteria; Pseudomonadati; Pseudomonadota; Gammaproteobacteria; Lysobacterales; Lysobacteraceae; Xanthomonas,0,1_104_VanA#8,core,0.966,1,0,0,1,[alpha] > regulator > reductase > other
NZ_RWHU01000005.1:151864-152887:1,WP_125914841.1,EJE24_RS14455,,aromatic ring-hydroxylating dioxygenase subunit alpha,1_104_VanA,1,104.7,0.4744,3.9e-30,NZ_RWHU01000005.1,151864,152887,1,Enterobacter huaxiensis,Bacteria; Pseudomonadati; Pseudomonadota; Gammaproteobacteria; Enterobacterales; Enterobacteriaceae; Enterobacter,0,1_104_VanA#3,core,0.9362,2,0,1,1,ferredoxin > transposon > [alpha] > reductase > regulator > other > reductase > transporter > other > hydrolase > reductase > dehydrogenase > dehydrogenase > other
NZ_RWJW01000003.1:36581-37658:-1,WP_007968449.1,EI541_RS05175,,aromatic ring-hydroxylating dioxygenase subunit alpha,1_104_VanA,1,366.0,0.9801,1.4e-109,NZ_RWJW01000003.1,36581,37658,-1,Xanthomonas citri pv. eucalyptorum,Bacteria; Pseudomonadati; Pseudomonadota; Gammaproteobacteria; Lysobacterales; Lysobacteraceae; Xanthomonas,0,1_104_VanA#12,core,0.8972,1,0,0,1,[alpha] > reductase
NZ_RXWS01000040.1:78531-79587:-1,WP_023434977.1,DZA23_RS13440,,aromatic ring-hydroxylating dioxygenase subunit alpha,1_104_VanA,1,714.7,0.9858,1.3e-215,NZ_RXWS01000040.1,78531,79587,-1,Pseudomonas aeruginosa,Bacteria; Pseudomonadati; Pseudomonadota; Gammaproteobacteria; Pseudomonadales; Pseudomonadaceae; Pseudomonas,0,1_104_VanA#0,core,0.7764,0,0,0,0,[alpha] > reductase
NZ_RXYI01000031.1:66885-67947:-1,WP_046483772.1,EKA85_RS26995,,aromatic ring-hydroxylating dioxygenase subunit alpha,1_104_VanA,1,757.9,0.9943,9.8e-229,NZ_RXYI01000031.1,66885,67947,-1,Pseudomonas veronii,Bacteria; Pseudomonadati; Pseudomonadota; Gammaproteobacteria; Pseudomonadales; Pseudomonadaceae; Pseudomonas,0,1_104_VanA#0,core,0.9434,0,0,0,0,[alpha] > reductase
NZ_RXPP01000006.1:58801-59824:1,WP_032640649.1,EKN29_RS07235,,aromatic ring-hydroxylating dioxygenase subunit alpha,1_104_VanA,1,107.1,0.4744,7.2e-31,NZ_RXPP01000006.1,58801,59824,1,Enterobacter mori,Bacteria; Pseudomonadati; Pseudomonadota; Gammaproteobacteria; Enterobacterales; Enterobacteriaceae; Enterobacter,0,1_104_VanA#3,core,0.9291,2,0,1,1,ferredoxin > transposon > [alpha] > reductase > regulator > other > reductase > transporter > other > hydrolase > reductase > dehydrogenase > dehydrogenase > other
NZ_RXSP01000004.1:173870-174893:-1,WP_022651825.1,EKO17_RS06925,,aromatic ring-hydroxylating dioxygenase subunit alpha,1_104_VanA,1,107.1,0.4744,7.4e-31,NZ_RXSP01000004.1,173870,174893,-1,Enterobacter hormaechei subsp. xiangfangensis,Bacteria; Pseudomonadati; Pseudomonadota; Gammaproteobacteria; Enterobacterales; Enterobacteriaceae; Enterobacter; Enterobacter cloacae complex,0,1_104_VanA#3,core,0.94,2,0,1,1,ferredoxin > transposon > [alpha] > reductase > regulator > other > reductase > transporter > other > hydrolase > reductase > dehydrogenase > dehydrogenase > other
NZ_RXTL01000019.1:79973-81029:-1,WP_012077606.1,DY940_RS14045,,aromatic ring-hydroxylating dioxygenase subunit alpha,1_104_VanA,1,716.8,0.983,3.1e-216,NZ_RXTL01000019.1,79973,81029,-1,Pseudomonas aeruginosa,Bacteria; Pseudomonadati; Pseudomonadota; Gammaproteobacteria; Pseudomonadales; Pseudomonadaceae; Pseudomonas,0,1_104_VanA#0,core,0.8199,0,0,0,0,[alpha] > reductase
NZ_RXYW01000023.1:251755-252778:-1,WP_006811913.1,EKS35_RS19380,,aromatic ring-hydroxylating dioxygenase subunit alpha,1_104_VanA,1,106.7,0.4744,9.6e-31,NZ_RXYW01000023.1,251755,252778,-1,Enterobacter hormaechei subsp. steigerwaltii,Bacteria; Pseudomonadati; Pseudomonadota; Gammaproteobacteria; Enterobacterales; Enterobacteriaceae; Enterobacter; Enterobacter cloacae complex,0,1_104_VanA#3,core,0.9396,2,0,1,1,ferredoxin > transposon > [alpha] > reductase > regulator > other > reductase > transporter > other > hydrolase > reductase > dehydrogenase > dehydrogenase > other
NZ_RYXN01000092.1:31519-32542:-1,WP_003860047.1,ELP90_RS20435,,aromatic ring-hydroxylating dioxygenase subunit alpha,1_104_VanA,1,106.7,0.4744,9.9e-31,NZ_RYXN01000092.1,31519,32542,-1,Enterobacter hormaechei subsp. xiangfangensis,Bacteria; Pseudomonadati; Pseudomonadota; Gammaproteobacteria; Enterobacterales; Enterobacteriaceae; Enterobacter; Enterobacter cloacae complex,0,1_104_VanA#3,core,0.94,2,0,1,1,ferredoxin > transposon > [alpha] > reductase > regulator > other > reductase > transporter > other > hydrolase > reductase > dehydrogenase > dehydrogenase > other
NZ_RZMV01000012.1:77460-78492:-1,WP_042114946.1,EJ714_RS10245,,aromatic ring-hydroxylating dioxygenase subunit alpha,1_104_VanA,1,115.1,0.4886,2.6e-33,NZ_RZMV01000012.1,77460,78492,-1,Pandoraea apista,Bacteria; Pseudomonadati; Pseudomonadota; Betaproteobacteria; Burkholderiales; Burkholderiaceae; Pandoraea,0,1_104_VanA#29,core,0.8328,0,0,0,0,transporter > reductase > other > hydrolase > regulator > reductase > other > dehydrogenase > dehydrogenase > transporter > hypothetical > transposon > [alpha] > other > reductase > other
NZ_RZAA01000021.1:2062-3121:1,WP_003444870.1,WG29040_RS24090,,aromatic ring-hydroxylating dioxygenase subunit alpha,1_104_VanA,1,759.3,0.9972,3.6e-229,NZ_RZAA01000021.1,2062,3121,1,Pseudomonas sp. PAMC 29040,Bacteria; Pseudomonadati; Pseudomonadota; Gammaproteobacteria; Pseudomonadales; Pseudomonadaceae; Pseudomonas,0,1_104_VanA#0,core,0.8486,0,0,0,0,[alpha] > reductase
NZ_RZMV01000001.1:78560-79634:-1,WP_042113951.1,EJ714_RS00335,,aromatic ring-hydroxylating dioxygenase subunit alpha,1_104_VanA,1,657.9,0.9886,2.4e-198,NZ_RZMV01000001.1,78560,79634,-1,Pandoraea apista,Bacteria; Pseudomonadati; Pseudomonadota; Betaproteobacteria; Burkholderiales; Burkholderiaceae; Pandoraea,0,1_104_VanA#0,core,0.675,0,0,0,0,regulator > [alpha] > reductase
NZ_SCSK01000031.1:85746-86769:-1,WP_047214809.1,EPN80_RS09025,,aromatic ring-hydroxylating dioxygenase subunit alpha,1_104_VanA,1,107.0,0.4545,7.6e-31,NZ_SCSK01000031.1,85746,86769,-1,Pandoraea sp.,Bacteria; Pseudomonadati; Pseudomonadota; Betaproteobacteria; Burkholderiales; Burkholderiaceae; Pandoraea,0,1_104_VanA#29,core,0.7744,0,0,0,0,transporter > reductase > other > hydrolase > regulator > reductase > other > dehydrogenase > dehydrogenase > transporter > hypothetical > transposon > [alpha] > other > reductase > other
NZ_SFBY01000074.1:3438-4488:-1,WP_004162539.1,EWV84_RS03815,,aromatic ring-hydroxylating dioxygenase subunit alpha,1_104_VanA,1,64.5,0.4545,6.7e-18,NZ_SFBY01000074.1,3438,4488,-1,Microcystis sp. M_QC_C_20170808_M3Col,Bacteria; Bacillati; Cyanobacteriota; Cyanophyceae; Oscillatoriophycideae; Chroococcales; Microcystaceae; Microcystis,0,1_104_VanA#9,core,0.9814,0,0,0,0,[alpha]
NZ_SGFE01000004.1:54968-56030:-1,WP_065892887.1,EUX57_RS03170,,aromatic ring-hydroxylating dioxygenase subunit alpha,1_104_VanA,1,759.8,0.9943,2.5e-229,NZ_SGFE01000004.1,54968,56030,-1,Pseudomonas orientalis,Bacteria; Pseudomonadati; Pseudomonadota; Gammaproteobacteria; Pseudomonadales; Pseudomonadaceae; Pseudomonas,0,1_104_VanA#0,core,0.9494,0,0,0,0,[alpha] > reductase
NZ_SGIM01000002.1:326149-327217:1,WP_130161242.1,EXE30_RS03685,,aromatic ring-hydroxylating dioxygenase subunit alpha,1_104_VanA,1,105.3,0.4886,2.6e-30,NZ_SGIM01000002.1,326149,327217,1,Acinetobacter halotolerans,Bacteria; Pseudomonadati; Pseudomonadota; Gammaproteobacteria; Moraxellales; Moraxellaceae; Acinetobacter,0,1_104_VanA#4,core,0.9187,2,0,1,1,ferredoxin > transposon > [alpha] > reductase > other > reductase > transporter > other > hydrolase > reductase > dehydrogenase > dehydrogenase > other
NZ_SGIR01000400.1:21492-22563:1,WP_131949448.1,EVG18_RS36820,,aromatic ring-hydroxylating dioxygenase subunit alpha,1_104_VanA,1,124.0,0.4858,5.5e-36,NZ_SGIR01000400.1,21492,22563,1,Burkholderia pyrrocinia,Bacteria; Pseudomonadati; Pseudomonadota; Betaproteobacteria; Burkholderiales; Burkholderiaceae; Burkholderia; Burkholderia cepacia complex,0,1_104_VanA#1,core,0.9679,2,0,1,1,ferredoxin > transposon > [alpha] > reductase > other > hydrolase > regulator > reductase > other > dehydrogenase > dehydrogenase > other > reductase
NZ_SFBO01000220.1:3713-4763:1,WP_002735996.1,EWV60_RS22090,,Rieske 2Fe-2S domain-containing protein,1_104_VanA,1,65.2,0.4545,3.9e-18,NZ_SFBO01000220.1,3713,4763,1,Microcystis sp. Msp_OC_L_20101000_S702,Bacteria; Bacillati; Cyanobacteriota; Cyanophyceae; Oscillatoriophycideae; Chroococcales; Microcystaceae; Microcystis,0,1_104_VanA#9,core,0.9938,0,0,0,0,[alpha]
NZ_SGWA01000010.1:95367-96435:1,WP_002117507.1,EXE05_RS11120,vanA,aromatic ring-hydroxylating dioxygenase subunit alpha,1_104_VanA,1,110.1,0.4688,8.8e-32,NZ_SGWA01000010.1,95367,96435,1,Acinetobacter pittii,Bacteria; Pseudomonadati; Pseudomonadota; Gammaproteobacteria; Moraxellales; Moraxellaceae; Acinetobacter; Acinetobacter calcoaceticus/baumannii complex,0,1_104_VanA#4,core,0.9405,2,0,1,1,ferredoxin > transposon > [alpha] > reductase > other > reductase > transporter > other > hydrolase > reductase > dehydrogenase > dehydrogenase > other
NZ_SGSV01000025.1:36385-37453:1,WP_019384869.1,EXE23_RS11575,,aromatic ring-hydroxylating dioxygenase subunit alpha,1_104_VanA,1,102.5,0.4886,1.8e-29,NZ_SGSV01000025.1,36385,37453,1,Acinetobacter venetianus,Bacteria; Pseudomonadati; Pseudomonadota; Gammaproteobacteria; Moraxellales; Moraxellaceae; Acinetobacter,0,1_104_VanA#4,core,0.8741,2,0,1,1,ferredoxin > transposon > [alpha] > reductase > other > reductase > transporter > other > hydrolase > reductase > dehydrogenase > dehydrogenase > other
NZ_SGTH01000007.1:94376-95453:-1,WP_130173961.1,EXD98_RS15420,,aromatic ring-hydroxylating dioxygenase subunit alpha,1_104_VanA,1,698.2,0.9858,1.4e-210,NZ_SGTH01000007.1,94376,95453,-1,Acinetobacter pittii,Bacteria; Pseudomonadati; Pseudomonadota; Gammaproteobacteria; Moraxellales; Moraxellaceae; Acinetobacter; Acinetobacter calcoaceticus/baumannii complex,0,1_104_VanA#0,core,0.9969,0,0,0,0,[alpha] > reductase
NZ_SGTQ01000010.1:87399-88476:1,WP_017386389.1,EXD89_RS12495,,aromatic ring-hydroxylating dioxygenase subunit alpha,1_104_VanA,1,693.4,0.9858,4e-209,NZ_SGTQ01000010.1,87399,88476,1,Acinetobacter pittii,Bacteria; Pseudomonadati; Pseudomonadota; Gammaproteobacteria; Moraxellales; Moraxellaceae; Acinetobacter; Acinetobacter calcoaceticus/baumannii complex,0,1_104_VanA#0,core,0.9843,0,0,0,0,[alpha] > reductase
NZ_SIRG01000056.1:14907-15975:-1,WP_009587219.1,EYY58_RS17910,,aromatic ring-hydroxylating dioxygenase subunit alpha,1_104_VanA,1,101.6,0.4886,3.4e-29,NZ_SIRG01000056.1,14907,15975,-1,Acinetobacter bereziniae,Bacteria; Pseudomonadati; Pseudomonadota; Gammaproteobacteria; Moraxellales; Moraxellaceae; Acinetobacter,0,1_104_VanA#4,core,0.8256,2,0,1,1,ferredoxin > transposon > [alpha] > reductase > other > reductase > transporter > other > hydrolase > reductase > dehydrogenase > dehydrogenase > other
NZ_SHDQ01000005.1:600491-601532:1,WP_048605948.1,EX225_RS08800,,aromatic ring-hydroxylating dioxygenase subunit alpha,1_104_VanA,1,99.0,0.4801,2.2e-28,NZ_SHDQ01000005.1,600491,601532,1,Providencia rettgeri,Bacteria; Pseudomonadati; Pseudomonadota; Gammaproteobacteria; Enterobacterales; Morganellaceae; Providencia,0,1_104_VanA#3,core,0.7288,2,0,1,1,ferredoxin > transposon > [alpha] > reductase > regulator > other > reductase > transporter > other > hydrolase > reductase > dehydrogenase > dehydrogenase > other
NZ_SLVH01000009.1:204118-205165:-1,WP_062596867.1,C8J36_RS25030,,aromatic ring-hydroxylating dioxygenase subunit alpha,1_104_VanA,1,361.7,0.9744,2.9e-108,NZ_SLVH01000009.1,204118,205165,-1,Rhizobium sp. PP-F2F-G48,Bacteria; Pseudomonadati; Pseudomonadota; Alphaproteobacteria; Hyphomicrobiales; Rhizobiaceae; Rhizobium/Agrobacterium group; Rhizobium,0,1_104_VanA#19,core,0.7192,1,0,0,1,[alpha] > regulator > reductase
NZ_SJON01000002.1:288308-289331:-1,WP_131636372.1,E0L16_RS04000,,aromatic ring-hydroxylating dioxygenase subunit alpha,1_104_VanA,1,107.4,0.4744,6.1e-31,NZ_SJON01000002.1,288308,289331,-1,Enterobacter quasihormaechei,Bacteria; Pseudomonadati; Pseudomonadota; Gammaproteobacteria; Enterobacterales; Enterobacteriaceae; Enterobacter,0,1_104_VanA#3,core,0.9367,2,0,1,1,ferredoxin > transposon > [alpha] > reductase > regulator > other > reductase > transporter > other > hydrolase > reductase > dehydrogenase > dehydrogenase > other
NZ_SMDW01000028.1:29479-30556:1,WP_006449036.1,E1J23_RS17545,,aromatic ring-hydroxylating dioxygenase subunit alpha,1_104_VanA,1,381.2,0.9801,3.3e-114,NZ_SMDW01000028.1,29479,30556,1,Xanthomonas hortorum pv. gardneri,Bacteria; Pseudomonadati; Pseudomonadota; Gammaproteobacteria; Lysobacterales; Lysobacteraceae; Xanthomonas,0,1_104_VanA#8,core,0.9537,1,0,0,1,[alpha] > regulator > reductase
NZ_SMRP01000033.1:37758-38844:1,WP_133199396.1,EYW47_RS35060,,aromatic ring-hydroxylating dioxygenase subunit alpha,1_104_VanA,1,118.3,0.4858,2.8e-34,NZ_SMRP01000033.1,37758,38844,1,Paraburkholderia silviterrae,Bacteria; Pseudomonadati; Pseudomonadota; Betaproteobacteria; Burkholderiales; Burkholderiaceae; Paraburkholderia,0,1_104_VanA#1,core,0.8591,2,0,1,1,ferredoxin > transposon > [alpha] > reductase > other > hydrolase > regulator > reductase > other > dehydrogenase > dehydrogenase > other > reductase
NZ_SNQH01000046.1:52451-53495:1,WP_055311967.1,D5R38_RS14705,,aromatic ring-hydroxylating dioxygenase subunit alpha,1_104_VanA,1,101.0,0.4744,5.1e-29,NZ_SNQH01000046.1,52451,53495,1,Serratia marcescens,Bacteria; Pseudomonadati; Pseudomonadota; Gammaproteobacteria; Enterobacterales; Yersiniaceae; Serratia,0,1_104_VanA#3,core,0.8081,2,0,1,1,ferredoxin > transposon > [alpha] > reductase > regulator > other > reductase > transporter
NZ_SNVF01000007.1:43463-44528:-1,WP_007243876.1,E2N90_RS08290,,aromatic ring-hydroxylating dioxygenase subunit alpha,1_104_VanA,1,741.9,0.9886,7.2e-224,NZ_SNVF01000007.1,43463,44528,-1,Pseudomonas syringae pv. tomato,Bacteria; Pseudomonadati; Pseudomonadota; Gammaproteobacteria; Pseudomonadales; Pseudomonadaceae; Pseudomonas,0,1_104_VanA#0,core,0.925,0,0,0,0,regulator > [alpha] > reductase
NZ_SNQV01000177.1:6301-7366:1,WP_017683371.1,E2R72_RS16515,,aromatic ring-hydroxylating dioxygenase subunit alpha,1_104_VanA,1,732.5,0.9886,5e-221,NZ_SNQV01000177.1,6301,7366,1,Pseudomonas syringae pv. actinidiae,Bacteria; Pseudomonadati; Pseudomonadota; Gammaproteobacteria; Pseudomonadales; Pseudomonadaceae; Pseudomonas; Pseudomonas syringae,0,1_104_VanA#0,core,0.8777,0,0,0,0,regulator > [alpha] > reductase
NZ_SNSA01000005.1:218849-219917:-1,WP_134262884.1,E2R16_RS11750,,aromatic ring-hydroxylating dioxygenase subunit alpha,1_104_VanA,1,107.2,0.4886,6.6e-31,NZ_SNSA01000005.1,218849,219917,-1,Acinetobacter seifertii,Bacteria; Pseudomonadati; Pseudomonadota; Gammaproteobacteria; Moraxellales; Moraxellaceae; Acinetobacter; Acinetobacter calcoaceticus/baumannii complex,0,1_104_VanA#4,core,0.872,2,0,1,1,ferredoxin > transposon > [alpha] > reductase > other > reductase > transporter > other > hydrolase > reductase > dehydrogenase > dehydrogenase > other
NZ_SNVG01000033.1:107479-108544:-1,WP_054090801.1,E2N91_RS21470,,aromatic ring-hydroxylating dioxygenase subunit alpha,1_104_VanA,1,742.8,0.9886,3.7e-224,NZ_SNVG01000033.1,107479,108544,-1,Pseudomonas syringae pv. tomato,Bacteria; Pseudomonadati; Pseudomonadota; Gammaproteobacteria; Pseudomonadales; Pseudomonadaceae; Pseudomonas,0,1_104_VanA#0,core,0.9281,0,0,0,0,regulator > [alpha] > reductase
NZ_SNYG01000007.1:322844-323867:1,WP_123708797.1,EDF75_RS22880,,aromatic ring-hydroxylating dioxygenase subunit alpha,1_104_VanA,1,106.7,0.4659,9.9e-31,NZ_SNYG01000007.1,322844,323867,1,Raoultella sp. BIGb0149,Bacteria; Pseudomonadati; Pseudomonadota; Gammaproteobacteria; Enterobacterales; Enterobacteriaceae; Klebsiella/Raoultella group; Raoultella,0,1_104_VanA#3,core,0.906,2,0,1,1,ferredoxin > transposon > [alpha] > reductase > regulator > other > reductase > transporter > other > hydrolase > reductase > dehydrogenase > dehydrogenase > other
NZ_SOZF01000009.1:96774-97818:1,WP_156293103.1,E3Z74_RS07985,,aromatic ring-hydroxylating dioxygenase subunit alpha,1_104_VanA,1,100.9,0.4773,5.7e-29,NZ_SOZF01000009.1,96774,97818,1,Serratia oryzae,Bacteria; Pseudomonadati; Pseudomonadota; Gammaproteobacteria; Enterobacterales; Yersiniaceae; Serratia,0,1_104_VanA#3,core,0.798,2,0,1,1,ferredoxin > transposon > [alpha] > reductase > regulator > other > reductase > transporter > other > hydrolase > reductase > dehydrogenase > dehydrogenase > other
NZ_SPET01000027.1:6202-7228:1,WP_034374616.1,E2578_RS23060,,aromatic ring-hydroxylating dioxygenase subunit alpha,1_104_VanA,1,111.1,0.4886,4.3e-32,NZ_SPET01000027.1,6202,7228,1,Comamonas sp.,Bacteria; Pseudomonadati; Pseudomonadota; Betaproteobacteria; Burkholderiales; Comamonadaceae; Comamonas,0,1_104_VanA#11,core,0.9452,0,0,0,0,transposon > [alpha] > reductase
NZ_SPET01000008.1:30620-31697:-1,WP_034374108.1,E2578_RS10655,,aromatic ring-hydroxylating dioxygenase subunit alpha,1_104_VanA,1,668.4,0.9744,1.6e-201,NZ_SPET01000008.1,30620,31697,-1,Comamonas sp.,Bacteria; Pseudomonadati; Pseudomonadota; Betaproteobacteria; Burkholderiales; Comamonadaceae; Comamonas,0,1_104_VanA#0,core,0.8951,0,0,0,0,regulator > [alpha] > regulator
NZ_SPET01000009.1:34750-35791:-1,WP_034374375.1,E2578_RS11690,,aromatic ring-hydroxylating dioxygenase subunit alpha,1_104_VanA,1,631.9,0.9744,1.9e-190,NZ_SPET01000009.1,34750,35791,-1,Comamonas sp.,Bacteria; Pseudomonadati; Pseudomonadota; Betaproteobacteria; Burkholderiales; Comamonadaceae; Comamonas,0,1_104_VanA#0,core,0.7898,0,0,0,0,transporter > [alpha] > reductase > ro_alpha > ro_beta > hydrolase
NZ_SPFA01000034.1:21816-22893:1,WP_003051091.1,E2585_RS25220,,aromatic ring-hydroxylating dioxygenase subunit alpha,1_104_VanA,1,669.4,0.9773,7.7e-202,NZ_SPFA01000034.1,21816,22893,1,Comamonas sp.,Bacteria; Pseudomonadati; Pseudomonadota; Betaproteobacteria; Burkholderiales; Comamonadaceae; Comamonas,0,1_104_VanA#0,core,0.8858,0,0,0,0,regulator > [alpha] > regulator
NZ_SPEW01000025.1:100642-101677:-1,WP_023381741.1,E2581_RS12620,,aromatic ring-hydroxylating dioxygenase subunit alpha,1_104_VanA,1,96.9,0.4886,9.3e-28,NZ_SPEW01000025.1,100642,101677,-1,Pseudomonas sp.,Bacteria; Pseudomonadati; Pseudomonadota; Gammaproteobacteria; Pseudomonadales; Pseudomonadaceae; Pseudomonas,0,1_104_VanA#13,core,0.9639,1,0,0,1,transporter > transporter > reductase > other > hydrolase > regulator > reductase > other > dehydrogenase > dehydrogenase > other > transposon > [alpha] > reductase
NZ_SPEW01000030.1:222465-223527:1,WP_023380154.1,E2581_RS14675,,aromatic ring-hydroxylating dioxygenase subunit alpha,1_104_VanA,1,744.0,0.983,1.6e-224,NZ_SPEW01000030.1,222465,223527,1,Pseudomonas sp.,Bacteria; Pseudomonadati; Pseudomonadota; Gammaproteobacteria; Pseudomonadales; Pseudomonadaceae; Pseudomonas,0,1_104_VanA#0,core,0.7715,0,0,0,0,[alpha] > reductase
NZ_SPVI01000026.1:31500-32541:-1,WP_017528281.1,E4T65_RS27725,,aromatic ring-hydroxylating dioxygenase subunit alpha,1_104_VanA,1,760.0,0.9744,2.3e-229,NZ_SPVI01000026.1,31500,32541,-1,Pseudomonas fluorescens,Bacteria; Pseudomonadati; Pseudomonadota; Gammaproteobacteria; Pseudomonadales; Pseudomonadaceae; Pseudomonas,0,1_104_VanA#0,core,0.9495,0,0,0,0,[alpha] > reductase
NZ_SPFA01000005.1:1962-2988:1,WP_019044145.1,E2585_RS08890,,aromatic ring-hydroxylating dioxygenase subunit alpha,1_104_VanA,1,110.8,0.4886,5.5e-32,NZ_SPFA01000005.1,1962,2988,1,Comamonas sp.,Bacteria; Pseudomonadati; Pseudomonadota; Betaproteobacteria; Burkholderiales; Comamonadaceae; Comamonas,0,1_104_VanA#11,core,0.9419,0,0,0,0,transposon > [alpha] > reductase
NZ_SPNH01000082.1:7761-8808:-1,WP_050480017.1,E4P30_RS16415,,aromatic ring-hydroxylating dioxygenase subunit alpha,1_104_VanA,1,109.4,0.4886,1.5e-31,NZ_SPNH01000082.1,7761,8808,-1,Herbaspirillum sp. 3C11,Bacteria; Pseudomonadati; Pseudomonadota; Betaproteobacteria; Burkholderiales; Oxalobacteraceae; Herbaspirillum,0,1_104_VanA#16,core,0.7516,0,0,0,0,other > hydrolase > regulator > reductase > other > dehydrogenase > dehydrogenase > other > reductase > hypothetical > transposon > [alpha] > other > reductase
NZ_SRHQ01000018.1:10020-11103:1,WP_060771144.1,E4V01_RS17135,,aromatic ring-hydroxylating dioxygenase subunit alpha,1_104_VanA,1,335.9,0.9659,2e-100,NZ_SRHQ01000018.1,10020,11103,1,Methylorubrum sp. Q1,Bacteria; Pseudomonadati; Pseudomonadota; Alphaproteobacteria; Hyphomicrobiales; Methylobacteriaceae; Methylorubrum,0,1_104_VanA#80,core,0.7358,0,0,0,0,[alpha] > reductase
NZ_SPVI01000003.1:88271-89312:1,WP_029291075.1,E4T65_RS05995,,aromatic ring-hydroxylating dioxygenase subunit alpha,1_104_VanA,1,754.2,0.9744,1.3e-227,NZ_SPVI01000003.1,88271,89312,1,Pseudomonas fluorescens,Bacteria; Pseudomonadati; Pseudomonadota; Gammaproteobacteria; Pseudomonadales; Pseudomonadaceae; Pseudomonas,0,1_104_VanA#0,core,0.949,0,0,0,0,[alpha] > reductase
NZ_SRZO01000162.1:5002-5986:-1,WP_069732230.1,E6A52_RS04325,,aromatic ring-hydroxylating dioxygenase subunit alpha,1_104_VanA,1,103.2,0.5398,1.1e-29,NZ_SRZO01000162.1,5002,5986,-1,Brachyspira hampsonii,Bacteria; Pseudomonadati; Spirochaetota; Spirochaetia; Brachyspirales; Brachyspiraceae; Brachyspira,0,1_104_VanA#38,novel_candidate,0.2457,0,0,0,0,[alpha] > other > hypothetical > reductase > other > other
NZ_SSHL01000026.1:20707-21787:1,WP_059685365.1,E6L39_RS21385,,aromatic ring-hydroxylating dioxygenase subunit alpha,1_104_VanA,1,697.4,0.983,2.3e-210,NZ_SSHL01000026.1,20707,21787,1,Burkholderia cepacia,Bacteria; Pseudomonadati; Pseudomonadota; Betaproteobacteria; Burkholderiales; Burkholderiaceae; Burkholderia; Burkholderia cepacia complex,0,1_104_VanA#0,core,0.8794,0,0,0,0,[alpha] > reductase > alpha_other
NZ_SSHL01000034.1:34316-35387:-1,WP_059697603.1,E6L39_RS24945,,aromatic ring-hydroxylating dioxygenase subunit alpha,1_104_VanA,1,124.4,0.4858,4.1e-36,NZ_SSHL01000034.1,34316,35387,-1,Burkholderia cepacia,Bacteria; Pseudomonadati; Pseudomonadota; Betaproteobacteria; Burkholderiales; Burkholderiaceae; Burkholderia; Burkholderia cepacia complex,0,1_104_VanA#1,core,0.9778,2,0,1,1,ferredoxin > transposon > [alpha] > reductase > other > hydrolase > regulator > reductase > other > dehydrogenase > dehydrogenase > other > reductase
NZ_SWAM01000035.1:23673-24750:-1,WP_006449036.1,FCG19_RS18315,,aromatic ring-hydroxylating dioxygenase subunit alpha,1_104_VanA,1,381.2,0.9801,3.3e-114,NZ_SWAM01000035.1,23673,24750,-1,Xanthomonas hortorum pv. vitians,Bacteria; Pseudomonadati; Pseudomonadota; Gammaproteobacteria; Lysobacterales; Lysobacteraceae; Xanthomonas,0,1_104_VanA#8,core,0.9537,1,0,0,1,[alpha] > regulator > reductase
NZ_SWAO01000119.1:11413-12463:1,WP_016839802.1,FBF72_RS36605,,aromatic ring-hydroxylating dioxygenase subunit alpha,1_104_VanA,1,369.6,0.983,1.2e-110,NZ_SWAO01000119.1,11413,12463,1,Bradyrhizobium elkanii,Bacteria; Pseudomonadati; Pseudomonadota; Alphaproteobacteria; Hyphomicrobiales; Nitrobacteraceae; Bradyrhizobium,0,1_104_VanA#5,core,0.8361,0,0,0,0,[alpha] > regulator > reductase > transposon > other
NZ_SUPV01000003.1:218271-219315:-1,WP_024484371.1,FCH34_RS04180,,aromatic ring-hydroxylating dioxygenase subunit alpha,1_104_VanA,1,100.6,0.4773,6.8e-29,NZ_SUPV01000003.1,218271,219315,-1,Serratia fonticola,Bacteria; Pseudomonadati; Pseudomonadota; Gammaproteobacteria; Enterobacterales; Yersiniaceae; Serratia,0,1_104_VanA#3,core,0.7804,2,0,1,1,ferredoxin > transposon > [alpha] > reductase > regulator > other > reductase > transporter > other > hydrolase > reductase > dehydrogenase > dehydrogenase > other
NZ_SSWO01000002.1:215463-216534:1,WP_027789382.1,E9536_RS06130,,aromatic ring-hydroxylating dioxygenase subunit alpha,1_104_VanA,1,122.8,0.4858,1.2e-35,NZ_SSWO01000002.1,215463,216534,1,Burkholderia sp. LS-044,Bacteria; Pseudomonadati; Pseudomonadota; Betaproteobacteria; Burkholderiales; Burkholderiaceae; Burkholderia,0,1_104_VanA#1,core,0.9746,2,0,1,1,ferredoxin > transposon > [alpha] > reductase > other > hydrolase > regulator > reductase > other > dehydrogenase > dehydrogenase > other > reductase
NZ_SSWO01000006.1:75561-76641:-1,WP_136470266.1,E9536_RS17325,,aromatic ring-hydroxylating dioxygenase subunit alpha,1_104_VanA,1,697.4,0.983,2.3e-210,NZ_SSWO01000006.1,75561,76641,-1,Burkholderia sp. LS-044,Bacteria; Pseudomonadati; Pseudomonadota; Betaproteobacteria; Burkholderiales; Burkholderiaceae; Burkholderia,0,1_104_VanA#0,core,0.8762,1,0,0,1,[alpha] > reductase > alpha_other
NZ_SSWO01000012.1:227550-228666:1,WP_027792251.1,E9536_RS28155,,aromatic ring-hydroxylating dioxygenase subunit alpha,1_104_VanA,1,97.8,0.4659,4.9e-28,NZ_SSWO01000012.1,227550,228666,1,Burkholderia sp. LS-044,Bacteria; Pseudomonadati; Pseudomonadota; Betaproteobacteria; Burkholderiales; Burkholderiaceae; Burkholderia,0,1_104_VanA#7,core,0.9538,0,0,0,0,[alpha]
NZ_UARD01000028.1:71705-72776:1,WP_021161515.1,DS944_RS25030,,aromatic ring-hydroxylating dioxygenase subunit alpha,1_104_VanA,1,124.4,0.4858,4.1e-36,NZ_UARD01000028.1,71705,72776,1,Burkholderia cepacia,Bacteria; Pseudomonadati; Pseudomonadota; Betaproteobacteria; Burkholderiales; Burkholderiaceae; Burkholderia; Burkholderia cepacia complex,0,1_104_VanA#1,core,0.9778,2,0,1,1,ferredoxin > transposon > [alpha] > reductase > other > hydrolase > regulator > reductase > other > dehydrogenase > dehydrogenase > other > reductase
NZ_UARC01000016.1:438165-439236:1,WP_006489909.1,DTA18_RS26960,,aromatic ring-hydroxylating dioxygenase subunit alpha,1_104_VanA,1,123.0,0.4858,1.1e-35,NZ_UARC01000016.1,438165,439236,1,Burkholderia cenocepacia,Bacteria; Pseudomonadati; Pseudomonadota; Betaproteobacteria; Burkholderiales; Burkholderiaceae; Burkholderia; Burkholderia cepacia complex,0,1_104_VanA#1,core,0.9664,2,0,1,1,ferredoxin > transposon > [alpha] > reductase > other > hydrolase > regulator > reductase > other > dehydrogenase > dehydrogenase > other > reductase
NZ_UARC01000018.1:165467-166547:1,WP_060264409.1,DTA18_RS29755,,aromatic ring-hydroxylating dioxygenase subunit alpha,1_104_VanA,1,698.8,0.983,9.3e-211,NZ_UARC01000018.1,165467,166547,1,Burkholderia cenocepacia,Bacteria; Pseudomonadati; Pseudomonadota; Betaproteobacteria; Burkholderiales; Burkholderiaceae; Burkholderia; Burkholderia cepacia complex,0,1_104_VanA#0,core,0.8956,0,0,0,0,[alpha] > reductase
NZ_UFLC01000033.1:1082-2150:-1,WP_002132629.1,DVU15_RS18395,,aromatic ring-hydroxylating dioxygenase subunit alpha,1_104_VanA,1,110.9,0.483,5e-32,NZ_UFLC01000033.1,1082,2150,-1,Acinetobacter nosocomialis,Bacteria; Pseudomonadati; Pseudomonadota; Gammaproteobacteria; Moraxellales; Moraxellaceae; Acinetobacter; Acinetobacter calcoaceticus/baumannii complex,0,1_104_VanA#4,core,0.996,1,0,1,0,ferredoxin > transposon > [alpha] > reductase > other
NZ_UFOG01000004.1:101656-102724:1,WP_005070727.1,DVY95_RS08140,,aromatic ring-hydroxylating dioxygenase subunit alpha,1_104_VanA,1,110.2,0.4744,8.2e-32,NZ_UFOG01000004.1,101656,102724,1,Acinetobacter pittii,Bacteria; Pseudomonadati; Pseudomonadota; Gammaproteobacteria; Moraxellales; Moraxellaceae; Acinetobacter; Acinetobacter calcoaceticus/baumannii complex,0,1_104_VanA#4,core,0.9405,2,0,1,1,ferredoxin > transposon > [alpha] > reductase > other > reductase > transporter > other > hydrolase > reductase > dehydrogenase > dehydrogenase > other
NZ_UAUF01000008.1:297211-298273:1,WP_010796952.1,DTA20_RS04540,,aromatic ring-hydroxylating dioxygenase subunit alpha,1_104_VanA,1,758.2,0.9801,8.2e-229,NZ_UAUF01000008.1,297211,298273,1,Pseudomonas luteola,Bacteria; Pseudomonadati; Pseudomonadota; Gammaproteobacteria; Pseudomonadales; Pseudomonadaceae; Pseudomonas,0,1_104_VanA#0,core,0.875,0,0,0,0,[alpha] > reductase
NZ_UGVN01000002.1:366953-368018:-1,WP_019462768.1,DYH92_RS20885,,aromatic ring-hydroxylating dioxygenase subunit alpha,1_104_VanA,1,353.1,0.9688,1.2e-105,NZ_UGVN01000002.1,366953,368018,-1,Roseomonas mucosa,Bacteria; Pseudomonadati; Pseudomonadota; Alphaproteobacteria; Acetobacterales; Roseomonadaceae; Roseomonas,0,1_104_VanA#5,core,0.729,1,0,0,1,hydrolase > reductase > regulator > hypothetical > ring_cleavage > hydrolase > ring_cleavage > transporter > transporter > transporter > transporter > transporter > [alpha] > regulator > reductase > other > other
NZ_UAUI01000024.1:520197-521271:-1,WP_037228017.1,DTA22_RS28315,,aromatic ring-hydroxylating dioxygenase subunit alpha,1_104_VanA,1,239.2,0.9744,5e-71,NZ_UAUI01000024.1,520197,521271,-1,Rhodococcus wratislaviensis,Bacteria; Bacillati; Actinomycetota; Actinomycetes; Mycobacteriales; Nocardiaceae; Rhodococcus,0,1_104_VanA#15,core,0.9161,0,0,0,0,other > [alpha] > hypothetical > reductase > regulator
NZ_UNRO01000009.1:76582-77659:1,WP_016904721.1,CPBF426_RS02340,,aromatic ring-hydroxylating dioxygenase subunit alpha,1_104_VanA,1,379.6,0.9801,1e-113,NZ_UNRO01000009.1,76582,77659,1,Xanthomonas arboricola pv. juglandis,Bacteria; Pseudomonadati; Pseudomonadota; Gammaproteobacteria; Lysobacterales; Lysobacteraceae; Xanthomonas,0,1_104_VanA#8,core,0.9691,1,0,0,1,[alpha] > regulator > reductase > other
NZ_UFOY01000002.1:20591-21668:-1,WP_114271406.1,DVZ10_RS04635,,aromatic ring-hydroxylating dioxygenase subunit alpha,1_104_VanA,1,697.5,0.9858,2.2e-210,NZ_UFOY01000002.1,20591,21668,-1,Acinetobacter nosocomialis,Bacteria; Pseudomonadati; Pseudomonadota; Gammaproteobacteria; Moraxellales; Moraxellaceae; Acinetobacter; Acinetobacter calcoaceticus/baumannii complex,0,1_104_VanA#0,core,0.9875,0,0,0,0,[alpha] > reductase
NZ_UWIZ01000036.1:76238-77303:-1,WP_058432944.1,EFA76_RS08625,,aromatic ring-hydroxylating dioxygenase subunit alpha,1_104_VanA,1,733.3,0.9858,2.9e-221,NZ_UWIZ01000036.1,76238,77303,-1,Pseudomonas viridiflava,Bacteria; Pseudomonadati; Pseudomonadota; Gammaproteobacteria; Pseudomonadales; Pseudomonadaceae; Pseudomonas,0,1_104_VanA#0,core,0.8454,0,0,0,0,[alpha] > reductase
NZ_VAUD01000015.1:80303-81341:1,WP_070925510.1,FJP60_RS12485,,aromatic ring-hydroxylating dioxygenase subunit alpha,1_104_VanA,1,100.7,0.4744,6.6e-29,NZ_VAUD01000015.1,80303,81341,1,Providencia stuartii,Bacteria; Pseudomonadati; Pseudomonadota; Gammaproteobacteria; Enterobacterales; Morganellaceae; Providencia,0,1_104_VanA#4,core,0.6997,1,0,1,0,ferredoxin > transposon > [alpha] > reductase > regulator
NZ_VAUE01000019.1:27249-28287:-1,WP_140186658.1,FJP61_RS10195,,aromatic ring-hydroxylating dioxygenase subunit alpha,1_104_VanA,1,100.6,0.4716,6.9e-29,NZ_VAUE01000019.1,27249,28287,-1,Providencia stuartii,Bacteria; Pseudomonadati; Pseudomonadota; Gammaproteobacteria; Enterobacterales; Morganellaceae; Providencia,0,1_104_VanA#4,core,0.6997,1,0,1,0,ferredoxin > transposon > [alpha] > reductase > regulator
NZ_VANB01000019.1:127806-128883:-1,WP_000470079.1,FEC88_RS16620,,aromatic ring-hydroxylating dioxygenase subunit alpha,1_104_VanA,1,695.8,0.9858,7.2e-210,NZ_VANB01000019.1,127806,128883,-1,Acinetobacter baumannii,Bacteria; Pseudomonadati; Pseudomonadota; Gammaproteobacteria; Moraxellales; Moraxellaceae; Acinetobacter; Acinetobacter calcoaceticus/baumannii complex,0,1_104_VanA#0,core,0.9719,0,0,0,0,[alpha] > reductase
NZ_VBSA01000004.1:358993-360016:1,WP_143717513.1,FE241_RS14435,,aromatic ring-hydroxylating dioxygenase subunit alpha,1_104_VanA,1,105.1,0.4659,3e-30,NZ_VBSA01000004.1,358993,360016,1,Raoultella terrigena,Bacteria; Pseudomonadati; Pseudomonadota; Gammaproteobacteria; Enterobacterales; Enterobacteriaceae; Klebsiella/Raoultella group; Raoultella,0,1_104_VanA#3,core,0.9027,2,0,1,1,ferredoxin > transposon > [alpha] > reductase > regulator > other > reductase > transporter > other > hydrolase > reductase > dehydrogenase > dehydrogenase > other
NZ_UYXV01000008.1:263690-264731:-1,WP_076953996.1,E0G09_RS16900,,aromatic ring-hydroxylating dioxygenase subunit alpha,1_104_VanA,1,759.9,0.9744,2.3e-229,NZ_UYXV01000008.1,263690,264731,-1,Pseudomonas cedrina subsp. cedrina,Bacteria; Pseudomonadati; Pseudomonadota; Gammaproteobacteria; Pseudomonadales; Pseudomonadaceae; Pseudomonas,0,1_104_VanA#0,core,0.9465,0,0,0,0,[alpha] > reductase
NZ_VCCM02000003.1:680858-681920:-1,WP_041990181.1,FCE86_RS32280,,aromatic ring-hydroxylating dioxygenase subunit alpha,1_104_VanA,1,769.3,0.9972,3.2e-232,NZ_VCCM02000003.1,680858,681920,-1,Pseudomonas sp. ATCC 13985,Bacteria; Pseudomonadati; Pseudomonadota; Gammaproteobacteria; Pseudomonadales; Pseudomonadaceae; Pseudomonas,0,1_104_VanA#0,core,0.858,0,0,0,0,[alpha] > reductase
NZ_VCME01000007.1:222320-223397:-1,WP_006449036.1,FFY45_RS08745,,aromatic ring-hydroxylating dioxygenase subunit alpha,1_104_VanA,1,381.2,0.9801,3.3e-114,NZ_VCME01000007.1,222320,223397,-1,Xanthomonas hortorum,Bacteria; Pseudomonadati; Pseudomonadota; Gammaproteobacteria; Lysobacterales; Lysobacteraceae; Xanthomonas,0,1_104_VanA#8,core,0.9537,1,0,0,1,[alpha] > regulator > reductase
NZ_VDAI01000010.1:277520-278543:-1,WP_014885172.1,FHC46_RS06445,,aromatic ring-hydroxylating dioxygenase subunit alpha,1_104_VanA,1,106.7,0.4744,9.9e-31,NZ_VDAI01000010.1,277520,278543,-1,Enterobacter kobei,Bacteria; Pseudomonadati; Pseudomonadota; Gammaproteobacteria; Enterobacterales; Enterobacteriaceae; Enterobacter; Enterobacter cloacae complex,0,1_104_VanA#3,core,0.943,2,0,1,1,ferredoxin > transposon > [alpha] > reductase > regulator > other > reductase > transporter > other > hydrolase > reductase > dehydrogenase > dehydrogenase > other
NZ_VFBM01000004.1:194909-195977:-1,WP_005019805.1,FHY67_RS07065,,aromatic ring-hydroxylating dioxygenase subunit alpha,1_104_VanA,1,110.3,0.4744,8e-32,NZ_VFBM01000004.1,194909,195977,-1,Acinetobacter radioresistens,Bacteria; Pseudomonadati; Pseudomonadota; Gammaproteobacteria; Moraxellales; Moraxellaceae; Acinetobacter,0,1_104_VanA#4,core,0.9838,2,0,1,1,ferredoxin > transposon > [alpha] > reductase > other > reductase > transporter > other > hydrolase > reductase > dehydrogenase > dehydrogenase > other
NZ_VFEQ01000023.1:26094-27156:-1,WP_065948005.1,FIV41_RS25280,,aromatic ring-hydroxylating dioxygenase subunit alpha,1_104_VanA,1,760.4,0.9943,1.7e-229,NZ_VFEQ01000023.1,26094,27156,-1,Pseudomonas marginalis,Bacteria; Pseudomonadati; Pseudomonadota; Gammaproteobacteria; Pseudomonadales; Pseudomonadaceae; Pseudomonas,0,1_104_VanA#0,core,0.959,0,0,0,0,dehydrogenase > [alpha] > reductase
NZ_VHGG01000008.1:38689-39766:-1,WP_000470067.1,FJU50_RS03460,,aromatic ring-hydroxylating dioxygenase subunit alpha,1_104_VanA,1,697.5,0.9858,2.3e-210,NZ_VHGG01000008.1,38689,39766,-1,Acinetobacter baumannii,Bacteria; Pseudomonadati; Pseudomonadota; Gammaproteobacteria; Moraxellales; Moraxellaceae; Acinetobacter; Acinetobacter calcoaceticus/baumannii complex,0,1_104_VanA#0,core,0.9937,0,0,0,0,[alpha] > reductase
NZ_VHFL01000014.1:58703-59771:1,WP_000991789.1,FJU69_RS06045,,aromatic ring-hydroxylating dioxygenase subunit alpha,1_104_VanA,1,108.5,0.483,2.7e-31,NZ_VHFL01000014.1,58703,59771,1,Acinetobacter baumannii,Bacteria; Pseudomonadati; Pseudomonadota; Gammaproteobacteria; Moraxellales; Moraxellaceae; Acinetobacter; Acinetobacter calcoaceticus/baumannii complex,0,1_104_VanA#4,core,0.996,2,0,1,1,ferredoxin > transposon > [alpha] > reductase > other > reductase > transporter > other > hydrolase > reductase > dehydrogenase > dehydrogenase > other
NZ_VHFY01000032.1:45278-46355:-1,WP_000470065.1,FJU56_RS13185,,aromatic ring-hydroxylating dioxygenase subunit alpha,1_104_VanA,1,697.6,0.983,2.1e-210,NZ_VHFY01000032.1,45278,46355,-1,Acinetobacter baumannii,Bacteria; Pseudomonadati; Pseudomonadota; Gammaproteobacteria; Moraxellales; Moraxellaceae; Acinetobacter; Acinetobacter calcoaceticus/baumannii complex,0,1_104_VanA#0,core,0.9937,0,0,0,0,[alpha] > reductase
NZ_VHEA01000038.1:45304-46381:-1,WP_031966559.1,FJV14_RS13960,,aromatic ring-hydroxylating dioxygenase subunit alpha,1_104_VanA,1,696.1,0.983,6e-210,NZ_VHEA01000038.1,45304,46381,-1,Acinetobacter baumannii,Bacteria; Pseudomonadati; Pseudomonadota; Gammaproteobacteria; Moraxellales; Moraxellaceae; Acinetobacter; Acinetobacter calcoaceticus/baumannii complex,0,1_104_VanA#0,core,0.9969,0,0,0,0,[alpha] > reductase
NZ_VHHJ01000039.1:28656-29733:1,WP_000470078.1,FJV23_RS15170,,aromatic ring-hydroxylating dioxygenase subunit alpha,1_104_VanA,1,700.4,0.983,2.9e-211,NZ_VHHJ01000039.1,28656,29733,1,Acinetobacter baumannii,Bacteria; Pseudomonadati; Pseudomonadota; Gammaproteobacteria; Moraxellales; Moraxellaceae; Acinetobacter; Acinetobacter calcoaceticus/baumannii complex,0,1_104_VanA#0,core,0.9937,0,0,0,0,[alpha] > reductase
NZ_VHHK01000005.1:95487-96555:1,WP_000991784.1,FJV22_RS03340,,aromatic ring-hydroxylating dioxygenase subunit alpha,1_104_VanA,1,109.9,0.483,1e-31,NZ_VHHK01000005.1,95487,96555,1,Acinetobacter baumannii,Bacteria; Pseudomonadati; Pseudomonadota; Gammaproteobacteria; Moraxellales; Moraxellaceae; Acinetobacter; Acinetobacter calcoaceticus/baumannii complex,0,1_104_VanA#4,core,1.0,2,0,1,1,ferredoxin > transposon > [alpha] > reductase > other > reductase > transporter > other > hydrolase > reductase > dehydrogenase > dehydrogenase > other
NZ_VITK01000023.1:5249-6323:-1,WP_063695008.1,FBZ96_RS42095,,aromatic ring-hydroxylating dioxygenase subunit alpha,1_104_VanA,1,340.8,0.9773,6.4e-102,NZ_VITK01000023.1,5249,6323,-1,Bradyrhizobium stylosanthis,Bacteria; Pseudomonadati; Pseudomonadota; Alphaproteobacteria; Hyphomicrobiales; Nitrobacteraceae; Bradyrhizobium,0,1_104_VanA#34,core,0.8531,1,0,0,1,[alpha] > reductase > reductase
NZ_VJPM01000017.1:58844-59888:1,WP_006397489.1,FEP08_RS21670,,aromatic ring-hydroxylating dioxygenase subunit alpha,1_104_VanA,1,675.6,0.9773,1e-203,NZ_VJPM01000017.1,58844,59888,1,Burkholderia multivorans,Bacteria; Pseudomonadati; Pseudomonadota; Betaproteobacteria; Burkholderiales; Burkholderiaceae; Burkholderia; Burkholderia cepacia complex,0,1_104_VanA#0,core,0.9874,0,0,0,0,regulator > [alpha] > reductase
NZ_VJRA01000022.1:64807-65878:-1,WP_065496357.1,FEP48_RS20640,,aromatic ring-hydroxylating dioxygenase subunit alpha,1_104_VanA,1,121.9,0.4858,2.2e-35,NZ_VJRA01000022.1,64807,65878,-1,Burkholderia multivorans,Bacteria; Pseudomonadati; Pseudomonadota; Betaproteobacteria; Burkholderiales; Burkholderiaceae; Burkholderia; Burkholderia cepacia complex,0,1_104_VanA#1,core,0.9198,2,0,1,1,ferredoxin > transposon > [alpha] > reductase > other > hydrolase > regulator > reductase > other > dehydrogenase > dehydrogenase > other > reductase
NZ_VIUS01000004.1:109344-110454:1,WP_145756557.1,FBX98_RS08800,,aromatic ring-hydroxylating dioxygenase subunit alpha,1_104_VanA,1,122.4,0.4858,1.7e-35,NZ_VIUS01000004.1,109344,110454,1,Burkholderia sp. SJZ115,Bacteria; Pseudomonadati; Pseudomonadota; Betaproteobacteria; Burkholderiales; Burkholderiaceae; Burkholderia,0,1_104_VanA#1,core,0.7982,2,0,1,1,hypothetical > ferredoxin > transposon > [alpha] > reductase > other > hydrolase > regulator > reductase > other > dehydrogenase > dehydrogenase > other > reductase
NZ_VJSF01000011.1:107804-108848:1,WP_006397489.1,FEP80_RS09250,,aromatic ring-hydroxylating dioxygenase subunit alpha,1_104_VanA,1,675.6,0.9773,1e-203,NZ_VJSF01000011.1,107804,108848,1,Burkholderia multivorans,Bacteria; Pseudomonadati; Pseudomonadota; Betaproteobacteria; Burkholderiales; Burkholderiaceae; Burkholderia; Burkholderia cepacia complex,0,1_104_VanA#0,core,0.9874,0,0,0,0,regulator > [alpha] > reductase
NZ_VJSI01000007.1:165391-166462:1,WP_006413805.1,FEP83_RS09340,,aromatic ring-hydroxylating dioxygenase subunit alpha,1_104_VanA,1,122.0,0.4858,2.2e-35,NZ_VJSI01000007.1,165391,166462,1,Burkholderia multivorans,Bacteria; Pseudomonadati; Pseudomonadota; Betaproteobacteria; Burkholderiales; Burkholderiaceae; Burkholderia; Burkholderia cepacia complex,0,1_104_VanA#1,core,0.9505,2,0,1,1,ferredoxin > transposon > [alpha] > reductase > other > hydrolase > regulator > reductase > other > dehydrogenase > dehydrogenase > other > reductase
NZ_VJSV01000022.1:68472-69543:1,WP_006403208.1,FEP96_RS24260,,aromatic ring-hydroxylating dioxygenase subunit alpha,1_104_VanA,1,122.0,0.4858,2.2e-35,NZ_VJSV01000022.1,68472,69543,1,Burkholderia multivorans,Bacteria; Pseudomonadati; Pseudomonadota; Betaproteobacteria; Burkholderiales; Burkholderiaceae; Burkholderia; Burkholderia cepacia complex,0,1_104_VanA#1,core,0.9281,1,0,1,0,ferredoxin > transposon > [alpha] > reductase > other > hydrolase > regulator > reductase > other > dehydrogenase > dehydrogenase > other > reductase
NZ_VJTD01000028.1:76859-77930:1,WP_060236908.1,FEQ05_RS17890,,aromatic ring-hydroxylating dioxygenase subunit alpha,1_104_VanA,1,130.9,0.4886,4.4e-38,NZ_VJTD01000028.1,76859,77930,1,Burkholderia pseudomultivorans,Bacteria; Pseudomonadati; Pseudomonadota; Betaproteobacteria; Burkholderiales; Burkholderiaceae; Burkholderia; Burkholderia cepacia complex,0,1_104_VanA#1,core,0.928,2,0,1,1,ferredoxin > transposon > [alpha] > reductase > other > hydrolase > regulator > reductase > other > dehydrogenase > dehydrogenase > other > reductase
NZ_VKOF01000027.1:47318-48383:-1,WP_005743729.1,FOM00_RS16470,,aromatic ring-hydroxylating dioxygenase subunit alpha,1_104_VanA,1,745.5,0.9886,5.9e-225,NZ_VKOF01000027.1,47318,48383,-1,Pseudomonas sp. ST1,Bacteria; Pseudomonadati; Pseudomonadota; Gammaproteobacteria; Pseudomonadales; Pseudomonadaceae; Pseudomonas,0,1_104_VanA#0,core,0.931,0,0,0,0,regulator > [alpha] > reductase
NZ_VKQV01000004.1:42312-43380:1,WP_000991783.1,G4270_RS03370,,aromatic ring-hydroxylating dioxygenase subunit alpha,1_104_VanA,1,109.9,0.483,1e-31,NZ_VKQV01000004.1,42312,43380,1,Acinetobacter baumannii,Bacteria; Pseudomonadati; Pseudomonadota; Gammaproteobacteria; Moraxellales; Moraxellaceae; Acinetobacter; Acinetobacter calcoaceticus/baumannii complex,0,1_104_VanA#4,core,1.0,2,0,1,1,ferredoxin > transposon > [alpha] > reductase > other > reductase > transporter > other > hydrolase > reductase > dehydrogenase > dehydrogenase > other
NZ_VLJO01000034.1:27816-28857:1,WP_027071048.1,L599_RS10455,,aromatic ring-hydroxylating dioxygenase subunit alpha,1_104_VanA,1,643.1,0.9773,7.8e-194,NZ_VLJO01000034.1,27816,28857,1,Luteimonas sp. J16,Bacteria; Pseudomonadati; Pseudomonadota; Gammaproteobacteria; Lysobacterales; Lysobacteraceae; Luteimonas,0,1_104_VanA#0,core,0.7604,0,0,0,0,[alpha] > reductase > regulator
NZ_VKYT01000087.1:12351-13395:-1,WP_033644715.1,G4906_RS24220,,aromatic ring-hydroxylating dioxygenase subunit alpha,1_104_VanA,1,100.6,0.4744,6.9e-29,NZ_VKYT01000087.1,12351,13395,-1,Serratia marcescens,Bacteria; Pseudomonadati; Pseudomonadota; Gammaproteobacteria; Enterobacterales; Yersiniaceae; Serratia,0,1_104_VanA#3,core,0.7912,2,0,1,1,ferredoxin > transposon > [alpha] > reductase > regulator > other > reductase > transporter > other > hydrolase > reductase > dehydrogenase > dehydrogenase > other
NZ_VLJT01000001.1:536709-537825:-1,WP_145690636.1,L618_RS02575,,aromatic ring-hydroxylating dioxygenase subunit alpha,1_104_VanA,1,323.3,0.9744,1.3e-96,NZ_VLJT01000001.1,536709,537825,-1,Rhodococcus rhodochrous J45,Bacteria; Bacillati; Actinomycetota; Actinomycetes; Mycobacteriales; Nocardiaceae; Rhodococcus,0,1_104_VanA#18,core,0.8261,0,0,0,0,[alpha] > reductase > transporter
NZ_VKVR01000003.1:178423-179446:-1,WP_013098652.1,G4556_RS09220,,aromatic ring-hydroxylating dioxygenase subunit alpha,1_104_VanA,1,106.0,0.4744,1.5e-30,NZ_VKVR01000003.1,178423,179446,-1,Enterobacter cloacae,Bacteria; Pseudomonadati; Pseudomonadota; Gammaproteobacteria; Enterobacterales; Enterobacteriaceae; Enterobacter; Enterobacter cloacae complex,0,1_104_VanA#3,core,0.9396,2,0,1,1,ferredoxin > transposon > [alpha] > reductase > regulator > other > reductase > transporter > other > hydrolase > reductase > dehydrogenase > dehydrogenase > other
NZ_VLUI01000008.1:19742-20819:-1,WP_004888080.1,G4922_RS06305,,aromatic ring-hydroxylating dioxygenase subunit alpha,1_104_VanA,1,697.4,0.983,2.5e-210,NZ_VLUI01000008.1,19742,20819,-1,Acinetobacter nosocomialis,Bacteria; Pseudomonadati; Pseudomonadota; Gammaproteobacteria; Moraxellales; Moraxellaceae; Acinetobacter; Acinetobacter calcoaceticus/baumannii complex,0,1_104_VanA#0,core,0.9937,0,0,0,0,[alpha] > reductase
NZ_VLUI01000011.1:62878-63946:-1,WP_004888276.1,G4922_RS08290,,aromatic ring-hydroxylating dioxygenase subunit alpha,1_104_VanA,1,109.9,0.483,1e-31,NZ_VLUI01000011.1,62878,63946,-1,Acinetobacter nosocomialis,Bacteria; Pseudomonadati; Pseudomonadota; Gammaproteobacteria; Moraxellales; Moraxellaceae; Acinetobacter; Acinetobacter calcoaceticus/baumannii complex,0,1_104_VanA#4,core,0.996,2,0,1,1,ferredoxin > transposon > [alpha] > reductase > other > reductase > transporter > other > hydrolase > reductase > dehydrogenase > dehydrogenase > other
NZ_VLVU01000024.1:26668-27745:1,WP_032056768.1,G4902_RS12605,,aromatic ring-hydroxylating dioxygenase subunit alpha,1_104_VanA,1,697.6,0.9858,2.1e-210,NZ_VLVU01000024.1,26668,27745,1,Acinetobacter pittii,Bacteria; Pseudomonadati; Pseudomonadota; Gammaproteobacteria; Moraxellales; Moraxellaceae; Acinetobacter; Acinetobacter calcoaceticus/baumannii complex,0,1_104_VanA#0,core,0.9875,0,0,0,0,[alpha] > reductase
NZ_VLMF01000004.1:97359-98382:1,WP_028014352.1,G4453_RS09055,,aromatic ring-hydroxylating dioxygenase subunit alpha,1_104_VanA,1,106.7,0.4744,9.9e-31,NZ_VLMF01000004.1,97359,98382,1,Enterobacter bugandensis,Bacteria; Pseudomonadati; Pseudomonadota; Gammaproteobacteria; Enterobacterales; Enterobacteriaceae; Enterobacter,0,1_104_VanA#3,core,0.94,2,0,1,1,ferredoxin > transposon > [alpha] > reductase > regulator > other > reductase > transporter > other > hydrolase > reductase > dehydrogenase > dehydrogenase > other
NZ_VOBL01000002.1:4820-5915:-1,WP_007269574.1,FQ154_RS01990,,Rieske 2Fe-2S domain-containing protein,1_104_VanA,1,346.6,0.9659,1.1e-103,NZ_VOBL01000002.1,4820,5915,-1,Paeniglutamicibacter gangotriensis,Bacteria; Bacillati; Actinomycetota; Actinomycetes; Micrococcales; Micrococcaceae; Paeniglutamicibacter,0,1_104_VanA#6,core,0.7925,0,0,0,0,[alpha] > reductase > hypothetical > other
NZ_VNVX01000055.1:896-1919:1,WP_032697622.1,FML70_RS25365,,aromatic ring-hydroxylating dioxygenase subunit alpha,1_104_VanA,1,103.4,0.4744,9.6e-30,NZ_VNVX01000055.1,896,1919,1,Raoultella planticola,Bacteria; Pseudomonadati; Pseudomonadota; Gammaproteobacteria; Enterobacterales; Enterobacteriaceae; Klebsiella/Raoultella group; Raoultella,0,1_104_VanA#3,core,0.9262,2,0,1,1,ferredoxin > transposon > [alpha] > reductase > regulator > other > reductase > transporter > other > hydrolase > reductase > dehydrogenase > dehydrogenase > other
NZ_VNWG01000028.1:31488-32511:1,WP_025861938.1,FML65_RS22840,,aromatic ring-hydroxylating dioxygenase subunit alpha,1_104_VanA,1,108.8,0.4744,2.2e-31,NZ_VNWG01000028.1,31488,32511,1,Klebsiella pneumoniae,Bacteria; Pseudomonadati; Pseudomonadota; Gammaproteobacteria; Enterobacterales; Enterobacteriaceae; Klebsiella/Raoultella group; Klebsiella,0,1_104_VanA#3,core,0.9428,2,0,1,1,ferredoxin > transposon > [alpha] > reductase > regulator > other > reductase > transporter > other > hydrolase > reductase > dehydrogenase > dehydrogenase > other
NZ_VOQT01000010.1:50790-51816:-1,WP_003060441.1,FSY45_RS17485,,aromatic ring-hydroxylating dioxygenase subunit alpha,1_104_VanA,1,110.8,0.4886,5.4e-32,NZ_VOQT01000010.1,50790,51816,-1,Comamonas sp. Z1,Bacteria; Pseudomonadati; Pseudomonadota; Betaproteobacteria; Burkholderiales; Comamonadaceae; Comamonas,0,1_104_VanA#11,core,0.9387,0,0,0,0,transposon > [alpha] > reductase > transporter > transporter
NZ_VRPH01000003.1:283482-284523:1,WP_042845620.1,FT667_RS05610,,aromatic ring-hydroxylating dioxygenase subunit alpha,1_104_VanA,1,98.9,0.4801,2.2e-28,NZ_VRPH01000003.1,283482,284523,1,Providencia rettgeri,Bacteria; Pseudomonadati; Pseudomonadota; Gammaproteobacteria; Enterobacterales; Morganellaceae; Providencia,0,1_104_VanA#3,core,0.7241,2,0,1,1,ferredoxin > transposon > [alpha] > reductase > regulator > other > reductase > transporter > other > hydrolase > reductase > dehydrogenase > dehydrogenase > other
NZ_VOUP01000004.1:84454-85498:1,WP_033652735.1,FOT63_RS09705,,aromatic ring-hydroxylating dioxygenase subunit alpha,1_104_VanA,1,100.9,0.4744,5.6e-29,NZ_VOUP01000004.1,84454,85498,1,Serratia ureilytica,Bacteria; Pseudomonadati; Pseudomonadota; Gammaproteobacteria; Enterobacterales; Yersiniaceae; Serratia,0,1_104_VanA#3,core,0.7912,2,0,1,1,ferredoxin > transposon > [alpha] > reductase > regulator > other > reductase > transporter > other > hydrolase > reductase > dehydrogenase > dehydrogenase > other
NZ_VOUV01000022.1:2601-3645:1,WP_147881219.1,FOT57_RS23495,,aromatic ring-hydroxylating dioxygenase subunit alpha,1_104_VanA,1,100.9,0.4744,5.6e-29,NZ_VOUV01000022.1,2601,3645,1,Serratia ureilytica,Bacteria; Pseudomonadati; Pseudomonadota; Gammaproteobacteria; Enterobacterales; Yersiniaceae; Serratia,0,1_104_VanA#3,core,0.7778,2,0,1,1,ferredoxin > transposon > [alpha] > reductase > regulator > other > reductase > transporter > other > hydrolase > reductase > dehydrogenase > dehydrogenase > other
NZ_VRKM01000003.1:327851-328874:1,WP_148250350.1,FU671_RS08185,,aromatic ring-hydroxylating dioxygenase subunit alpha,1_104_VanA,1,105.2,0.4659,2.8e-30,NZ_VRKM01000003.1,327851,328874,1,Raoultella terrigena,Bacteria; Pseudomonadati; Pseudomonadota; Gammaproteobacteria; Enterobacterales; Enterobacteriaceae; Klebsiella/Raoultella group; Raoultella,0,1_104_VanA#3,core,0.906,2,0,1,1,ferredoxin > transposon > [alpha] > reductase > regulator > other > reductase > transporter > other > hydrolase > reductase > dehydrogenase > dehydrogenase > other
NZ_VOQT01000002.1:270449-271526:-1,WP_034354483.1,FSY45_RS04600,,aromatic ring-hydroxylating dioxygenase subunit alpha,1_104_VanA,1,671.8,0.9773,1.5e-202,NZ_VOQT01000002.1,270449,271526,-1,Comamonas sp. Z1,Bacteria; Pseudomonadati; Pseudomonadota; Betaproteobacteria; Burkholderiales; Comamonadaceae; Comamonas,0,1_104_VanA#0,core,0.8777,0,0,0,0,regulator > [alpha] > regulator
NZ_VTEB01000046.1:19984-21028:1,WP_038874286.1,FYK38_RS08640,,aromatic ring-hydroxylating dioxygenase subunit alpha,1_104_VanA,1,101.0,0.4744,5e-29,NZ_VTEB01000046.1,19984,21028,1,Serratia marcescens,Bacteria; Pseudomonadati; Pseudomonadota; Gammaproteobacteria; Enterobacterales; Yersiniaceae; Serratia,0,1_104_VanA#3,core,0.8081,2,0,1,1,ferredoxin > transposon > [alpha] > reductase > regulator > other > reductase
NZ_VTZO01000010.1:76644-77667:1,WP_015963081.1,F0Q32_RS12130,,aromatic ring-hydroxylating dioxygenase subunit alpha,1_104_VanA,1,106.9,0.4744,8.5e-31,NZ_VTZO01000010.1,76644,77667,1,Pseudocitrobacter sp. 73,Bacteria; Pseudomonadati; Pseudomonadota; Gammaproteobacteria; Enterobacterales; Enterobacteriaceae; Pseudocitrobacter,0,1_104_VanA#3,core,0.9192,2,0,1,1,ferredoxin > transposon > [alpha] > reductase > regulator > other > reductase > transporter > other > hydrolase > reductase > dehydrogenase > dehydrogenase > other
NZ_VULS01000007.1:17010-18168:-1,WP_152225842.1,FYJ28_RS11440,,aromatic ring-hydroxylating dioxygenase subunit alpha,1_104_VanA,1,328.4,0.9659,3.9e-98,NZ_VULS01000007.1,17010,18168,-1,Arthrobacter sp. BL-252-APC-1A,Bacteria; Bacillati; Actinomycetota; Actinomycetes; Micrococcales; Micrococcaceae; Arthrobacter,0,1_104_VanA#6,core,0.8634,1,0,0,1,[alpha] > reductase
NZ_VTFP01000003.1:327604-328660:-1,WP_003095551.1,FZO85_RS08600,,aromatic ring-hydroxylating dioxygenase subunit alpha,1_104_VanA,1,715.8,0.9858,6.1e-216,NZ_VTFP01000003.1,327604,328660,-1,Pseudomonas aeruginosa,Bacteria; Pseudomonadati; Pseudomonadota; Gammaproteobacteria; Pseudomonadales; Pseudomonadaceae; Pseudomonas,0,1_104_VanA#0,core,0.7469,0,0,0,0,[alpha] > reductase
NZ_VWXU01000136.1:3842-4904:1,WP_024074622.1,F3K54_RS09985,,aromatic ring-hydroxylating dioxygenase subunit alpha,1_104_VanA,1,760.6,0.9943,1.4e-229,NZ_VWXU01000136.1,3842,4904,1,Pseudomonas veronii,Bacteria; Pseudomonadati; Pseudomonadota; Gammaproteobacteria; Pseudomonadales; Pseudomonadaceae; Pseudomonas,0,1_104_VanA#0,core,0.9527,0,0,0,0,[alpha] > reductase
NZ_VWRP01000004.1:140460-141483:1,WP_048279815.1,F1652_RS03945,,aromatic ring-hydroxylating dioxygenase subunit alpha,1_104_VanA,1,106.8,0.4744,8.9e-31,NZ_VWRP01000004.1,140460,141483,1,Pluralibacter gergoviae,Bacteria; Pseudomonadati; Pseudomonadota; Gammaproteobacteria; Enterobacterales; Enterobacteriaceae; Pluralibacter,0,1_104_VanA#3,core,0.9094,2,0,1,1,ferredoxin > transposon > [alpha] > reductase > regulator > other > reductase > transporter > other > hydrolase > reductase > dehydrogenase > dehydrogenase > other
NZ_VXJZ01000023.1:23056-24121:1,WP_055001482.1,F4W70_RS12420,,aromatic ring-hydroxylating dioxygenase subunit alpha,1_104_VanA,1,740.4,0.9858,2.1e-223,NZ_VXJZ01000023.1,23056,24121,1,Pseudomonas cannabina,Bacteria; Pseudomonadati; Pseudomonadota; Gammaproteobacteria; Pseudomonadales; Pseudomonadaceae; Pseudomonas,0,1_104_VanA#0,core,0.906,0,0,0,0,regulator > [alpha] > reductase
NZ_VXKN01000012.1:27440-28520:-1,WP_070071115.1,F4V57_RS13165,,aromatic ring-hydroxylating dioxygenase subunit alpha,1_104_VanA,1,667.7,0.9744,2.5e-201,NZ_VXKN01000012.1,27440,28520,-1,Acinetobacter qingfengensis,Bacteria; Pseudomonadati; Pseudomonadota; Gammaproteobacteria; Moraxellales; Moraxellaceae; Acinetobacter,0,1_104_VanA#0,core,0.8279,0,0,0,0,[alpha] > reductase
NZ_VXJY01000001.1:556268-557333:-1,WP_055008465.1,F4W67_RS02540,,aromatic ring-hydroxylating dioxygenase subunit alpha,1_104_VanA,1,747.4,0.9886,1.5e-225,NZ_VXJY01000001.1,556268,557333,-1,Pseudomonas caricapapayae,Bacteria; Pseudomonadati; Pseudomonadota; Gammaproteobacteria; Pseudomonadales; Pseudomonadaceae; Pseudomonas,0,1_104_VanA#0,core,0.9156,0,0,0,0,regulator > [alpha] > reductase
NZ_VYTL01000014.1:20874-21951:-1,WP_017393650.1,F4T81_RS09395,,aromatic ring-hydroxylating dioxygenase subunit alpha,1_104_VanA,1,699.3,0.9858,6.2e-211,NZ_VYTL01000014.1,20874,21951,-1,Acinetobacter nosocomialis,Bacteria; Pseudomonadati; Pseudomonadota; Gammaproteobacteria; Moraxellales; Moraxellaceae; Acinetobacter; Acinetobacter calcoaceticus/baumannii complex,0,1_104_VanA#0,core,0.9937,0,0,0,0,[alpha] > reductase
NZ_VYSW01000014.1:51851-52919:-1,WP_000991783.1,F4T96_RS10265,,aromatic ring-hydroxylating dioxygenase subunit alpha,1_104_VanA,1,109.9,0.483,1e-31,NZ_VYSW01000014.1,51851,52919,-1,Acinetobacter nosocomialis,Bacteria; Pseudomonadati; Pseudomonadota; Gammaproteobacteria; Moraxellales; Moraxellaceae; Acinetobacter; Acinetobacter calcoaceticus/baumannii complex,0,1_104_VanA#4,core,1.0,2,0,1,1,ferredoxin > transposon > [alpha] > reductase > other > reductase > transporter > other > hydrolase > reductase > dehydrogenase > dehydrogenase > other
NZ_VYTM01000030.1:39803-40880:1,WP_002163172.1,F4T80_RS17000,,aromatic ring-hydroxylating dioxygenase subunit alpha,1_104_VanA,1,691.2,0.9801,1.8e-208,NZ_VYTM01000030.1,39803,40880,1,Acinetobacter pittii,Bacteria; Pseudomonadati; Pseudomonadota; Gammaproteobacteria; Moraxellales; Moraxellaceae; Acinetobacter; Acinetobacter calcoaceticus/baumannii complex,0,1_104_VanA#0,core,0.9843,0,0,0,0,[alpha] > reductase
NZ_VYTU01000002.1:130690-131758:-1,WP_017387110.1,F4T72_RS01760,,aromatic ring-hydroxylating dioxygenase subunit alpha,1_104_VanA,1,110.2,0.4744,8.3e-32,NZ_VYTU01000002.1,130690,131758,-1,Acinetobacter pittii,Bacteria; Pseudomonadati; Pseudomonadota; Gammaproteobacteria; Moraxellales; Moraxellaceae; Acinetobacter; Acinetobacter calcoaceticus/baumannii complex,0,1_104_VanA#4,core,0.9405,2,0,1,1,ferredoxin > transposon > [alpha] > reductase > other > reductase > transporter > other > hydrolase > reductase > dehydrogenase > dehydrogenase > other
NZ_VZOI01000034.1:33427-34504:-1,WP_059608471.1,F7R23_RS11280,,aromatic ring-hydroxylating dioxygenase subunit alpha,1_104_VanA,1,124.6,0.4858,3.4e-36,NZ_VZOI01000034.1,33427,34504,-1,Burkholderia diffusa,Bacteria; Pseudomonadati; Pseudomonadota; Betaproteobacteria; Burkholderiales; Burkholderiaceae; Burkholderia; Burkholderia cepacia complex,0,1_104_VanA#1,core,0.9595,2,0,1,1,ferredoxin > transposon > [alpha] > reductase > other > hydrolase > regulator > reductase > other > dehydrogenase > dehydrogenase > other > reductase
NZ_VZOD01000006.1:142856-143915:1,WP_074947716.1,F7P73_RS06190,,aromatic ring-hydroxylating dioxygenase subunit alpha,1_104_VanA,1,682.9,0.983,6.4e-206,NZ_VZOD01000006.1,142856,143915,1,Acinetobacter bohemicus,Bacteria; Pseudomonadati; Pseudomonadota; Gammaproteobacteria; Moraxellales; Moraxellaceae; Acinetobacter,0,1_104_VanA#0,core,0.7469,0,0,0,0,[alpha] > reductase
NZ_VZOL01000349.1:55-1126:-1,WP_059451070.1,F7R13_RS21535,,aromatic ring-hydroxylating dioxygenase subunit alpha,1_104_VanA,1,128.7,0.4886,1.9e-37,NZ_VZOL01000349.1,55,1126,-1,Burkholderia territorii,Bacteria; Pseudomonadati; Pseudomonadota; Betaproteobacteria; Burkholderiales; Burkholderiaceae; Burkholderia; Burkholderia cepacia complex,0,1_104_VanA#1,core,0.9749,1,0,1,0,ferredoxin > transposon > [alpha]
NZ_VZOS01000108.1:4967-6011:-1,WP_043681974.1,F7Q88_RS14075,,aromatic ring-hydroxylating dioxygenase subunit alpha,1_104_VanA,1,615.4,0.9744,2.1e-185,NZ_VZOS01000108.1,4967,6011,-1,Castellaniella defragrans,Bacteria; Pseudomonadati; Pseudomonadota; Betaproteobacteria; Burkholderiales; Alcaligenaceae; Castellaniella,0,1_104_VanA#0,core,0.6178,0,0,0,0,regulator > [alpha] > reductase
NZ_VZOF01000004.1:210785-211862:-1,WP_067761780.1,F7P75_RS05150,,Rieske 2Fe-2S domain-containing protein,1_104_VanA,1,108.7,0.5227,2.3e-31,NZ_VZOF01000004.1,210785,211862,-1,Acinetobacter gandensis,Bacteria; Pseudomonadati; Pseudomonadota; Gammaproteobacteria; Moraxellales; Moraxellaceae; Acinetobacter,0,1_104_VanA#58,novel_candidate,0.2466,0,0,0,0,[alpha] > other
NZ_VZOK01000008.1:109101-110178:1,WP_059562897.1,F7R25_RS07375,,aromatic ring-hydroxylating dioxygenase subunit alpha,1_104_VanA,1,128.8,0.4886,1.9e-37,NZ_VZOK01000008.1,109101,110178,1,Burkholderia stagnalis,Bacteria; Pseudomonadati; Pseudomonadota; Betaproteobacteria; Burkholderiales; Burkholderiaceae; Burkholderia; Burkholderia cepacia complex,0,1_104_VanA#1,core,0.957,2,0,1,1,ferredoxin > transposon > [alpha] > reductase > other > hydrolase > regulator > reductase > other > dehydrogenase > dehydrogenase > other > reductase
NZ_VZOG01000003.1:167818-168886:-1,WP_004717632.1,F7P82_RS01635,,aromatic ring-hydroxylating dioxygenase subunit alpha,1_104_VanA,1,102.1,0.4659,2.3e-29,NZ_VZOG01000003.1,167818,168886,-1,Acinetobacter guillouiae,Bacteria; Pseudomonadati; Pseudomonadota; Gammaproteobacteria; Moraxellales; Moraxellaceae; Acinetobacter,0,1_104_VanA#4,core,0.9032,2,0,1,1,ferredoxin > transposon > [alpha] > reductase > other > reductase > transporter > other > hydrolase > reductase > dehydrogenase > dehydrogenase > other
NZ_VZOG01000003.1:221872-222949:1,WP_004717724.1,F7P82_RS01860,,aromatic ring-hydroxylating dioxygenase subunit alpha,1_104_VanA,1,675.8,0.983,8.9e-204,NZ_VZOG01000003.1,221872,222949,1,Acinetobacter guillouiae,Bacteria; Pseudomonadati; Pseudomonadota; Gammaproteobacteria; Moraxellales; Moraxellaceae; Acinetobacter,0,1_104_VanA#0,core,0.8669,0,0,0,0,[alpha] > reductase
NZ_VZOJ01000012.1:54698-55769:1,WP_151063619.1,F7R21_RS07220,,aromatic ring-hydroxylating dioxygenase subunit alpha,1_104_VanA,1,127.0,0.4886,6.5e-37,NZ_VZOJ01000012.1,54698,55769,1,Burkholderia latens,Bacteria; Pseudomonadati; Pseudomonadota; Betaproteobacteria; Burkholderiales; Burkholderiaceae; Burkholderia; Burkholderia cepacia complex,0,1_104_VanA#1,core,0.9809,2,0,1,1,ferredoxin > transposon > [alpha] > reductase > other > hydrolase > regulator > reductase > other > dehydrogenase > dehydrogenase > other > reductase
NZ_VZPI01000005.1:188367-189432:1,WP_074889218.1,F7R01_RS22870,,aromatic ring-hydroxylating dioxygenase subunit alpha,1_104_VanA,1,751.7,0.9915,7.7e-227,NZ_VZPI01000005.1,188367,189432,1,Pseudomonas argentinensis,Bacteria; Pseudomonadati; Pseudomonadota; Gammaproteobacteria; Pseudomonadales; Pseudomonadaceae; Pseudomonas,0,1_104_VanA#0,core,0.837,0,0,0,0,[alpha] > reductase
NZ_VZPC01000001.1:49646-50765:-1,WP_068375454.1,F7P85_RS00290,,aromatic ring-hydroxylating dioxygenase subunit alpha,1_104_VanA,1,372.8,0.9801,1.2e-111,NZ_VZPC01000001.1,49646,50765,-1,Kerstersia gyiorum,Bacteria; Pseudomonadati; Pseudomonadota; Betaproteobacteria; Burkholderiales; Alcaligenaceae; Kerstersia,0,1_104_VanA#14,core,0.7313,0,0,0,0,[alpha] > regulator > reductase > transporter > transporter > transporter > transporter > transporter
NZ_VZPC01000008.1:23130-24201:1,WP_068371486.1,F7P85_RS12445,,aromatic ring-hydroxylating dioxygenase subunit alpha,1_104_VanA,1,93.5,0.4773,9.9e-27,NZ_VZPC01000008.1,23130,24201,1,Kerstersia gyiorum,Bacteria; Pseudomonadati; Pseudomonadota; Betaproteobacteria; Burkholderiales; Alcaligenaceae; Kerstersia,0,1_104_VanA#35,core,0.6809,1,0,0,1,reductase > other > hydrolase > regulator > reductase > other > dehydrogenase > dehydrogenase > other > reductase > transposon > [alpha] > reductase
NZ_VZPO01000002.1:531798-532845:1,WP_038983136.1,F7R14_RS06090,,aromatic ring-hydroxylating dioxygenase subunit alpha,1_104_VanA,1,774.3,0.983,1e-233,NZ_VZPO01000002.1,531798,532845,1,Pseudomonas lini,Bacteria; Pseudomonadati; Pseudomonadota; Gammaproteobacteria; Pseudomonadales; Pseudomonadaceae; Pseudomonas,0,1_104_VanA#0,core,0.9315,0,0,0,0,[alpha] > reductase
NZ_VZZL01000021.1:29054-30131:-1,WP_005139722.1,F6W73_RS17065,,aromatic ring-hydroxylating dioxygenase subunit alpha,1_104_VanA,1,698.9,0.983,8.7e-211,NZ_VZZL01000021.1,29054,30131,-1,Acinetobacter baumannii,Bacteria; Pseudomonadota; Gammaproteobacteria; Moraxellales; Moraxellaceae; Acinetobacter; Acinetobacter calcoaceticus/baumannii complex,0,1_104_VanA#0,core,0.9937,0,0,0,0,[alpha] > reductase
NZ_WBTD01000036.1:38289-39312:1,WP_022649345.1,F8265_RS12790,,aromatic ring-hydroxylating dioxygenase subunit alpha,1_104_VanA,1,106.7,0.4744,9.6e-31,NZ_WBTD01000036.1,38289,39312,1,Enterobacter hormaechei,Bacteria; Pseudomonadati; Pseudomonadota; Gammaproteobacteria; Enterobacterales; Enterobacteriaceae; Enterobacter; Enterobacter cloacae complex,0,1_104_VanA#3,core,0.94,2,0,1,1,ferredoxin > transposon > [alpha] > reductase > regulator > other > reductase > transporter
NZ_WBKI01000010.1:86201-87245:1,WP_112347334.1,F8R23_RS23035,,aromatic ring-hydroxylating dioxygenase subunit alpha,1_104_VanA,1,99.6,0.4773,1.4e-28,NZ_WBKI01000010.1,86201,87245,1,Serratia proteamaculans,Bacteria; Pseudomonadati; Pseudomonadota; Gammaproteobacteria; Enterobacterales; Yersiniaceae; Serratia,0,1_104_VanA#3,core,0.8033,1,0,1,0,ferredoxin > transposon > [alpha] > reductase > regulator
NZ_WBKK01000010.1:79697-80741:1,WP_033649620.1,F8B69_RS16865,,aromatic ring-hydroxylating dioxygenase subunit alpha,1_104_VanA,1,100.5,0.4744,7.6e-29,NZ_WBKK01000010.1,79697,80741,1,Serratia marcescens,Bacteria; Pseudomonadati; Pseudomonadota; Gammaproteobacteria; Enterobacterales; Yersiniaceae; Serratia,0,1_104_VanA#3,core,0.798,2,0,1,1,ferredoxin > transposon > [alpha] > reductase > regulator > other > reductase > transporter > other > hydrolase > reductase > dehydrogenase > dehydrogenase > other
NZ_WEIK01000009.1:160647-161715:-1,WP_156867412.1,F9Z43_RS12340,,aromatic ring-hydroxylating dioxygenase subunit alpha,1_104_VanA,1,767.8,0.9972,9.6e-232,NZ_WEIK01000009.1,160647,161715,-1,Pseudomonas monteilii,Bacteria; Pseudomonadati; Pseudomonadota; Gammaproteobacteria; Pseudomonadales; Pseudomonadaceae; Pseudomonas,0,1_104_VanA#0,core,0.8885,0,0,0,0,[alpha] > reductase
NZ_WHNU01000032.1:45737-46808:-1,WP_152861023.1,GD429_RS25565,,aromatic ring-hydroxylating dioxygenase subunit alpha,1_104_VanA,1,122.8,0.4858,1.2e-35,NZ_WHNU01000032.1,45737,46808,-1,Burkholderia sp. BE17,Bacteria; Pseudomonadati; Pseudomonadota; Betaproteobacteria; Burkholderiales; Burkholderiaceae; Burkholderia,0,1_104_VanA#1,core,0.9734,2,0,1,1,ferredoxin > transposon > [alpha] > reductase > other > hydrolase > regulator > reductase > other > dehydrogenase > dehydrogenase > other > reductase
NZ_WIWK01000167.1:3391-4450:1,WP_048370214.1,GHO41_RS27425,,aromatic ring-hydroxylating dioxygenase subunit alpha,1_104_VanA,1,764.4,0.9886,1e-230,NZ_WIWK01000167.1,3391,4450,1,Pseudomonas sp. FSL R10-0399,Bacteria; Pseudomonadati; Pseudomonadota; Gammaproteobacteria; Pseudomonadales; Pseudomonadaceae; Pseudomonas,0,1_104_VanA#0,core,0.9006,0,0,0,0,[alpha] > reductase
NZ_WJFW01000002.1:222207-223230:-1,WP_028014352.1,GIJ63_RS08225,,aromatic ring-hydroxylating dioxygenase subunit alpha,1_104_VanA,1,106.7,0.4744,9.9e-31,NZ_WJFW01000002.1,222207,223230,-1,Enterobacter bugandensis,Bacteria; Pseudomonadati; Pseudomonadota; Gammaproteobacteria; Enterobacterales; Enterobacteriaceae; Enterobacter,0,1_104_VanA#3,core,0.94,2,0,1,1,ferredoxin > transposon > [alpha] > reductase > regulator > other > reductase > transporter > other > hydrolase > reductase > dehydrogenase > dehydrogenase > other
NZ_WIWG01000003.1:64313-65372:1,WP_048387913.1,GHO38_RS02225,,aromatic ring-hydroxylating dioxygenase subunit alpha,1_104_VanA,1,766.1,0.9886,3.1e-231,NZ_WIWG01000003.1,64313,65372,1,Pseudomonas helleri,Bacteria; Pseudomonadati; Pseudomonadota; Gammaproteobacteria; Pseudomonadales; Pseudomonadaceae; Pseudomonas,0,1_104_VanA#0,core,0.9037,0,0,0,0,[alpha] > reductase
NZ_WJPN01000009.1:17978-19055:1,WP_017916012.1,GIY21_RS11835,,aromatic ring-hydroxylating dioxygenase subunit alpha,1_104_VanA,1,374.0,0.9773,5.1e-112,NZ_WJPN01000009.1,17978,19055,1,Xanthomonas sontii,Bacteria; Pseudomonadati; Pseudomonadota; Gammaproteobacteria; Lysobacterales; Lysobacteraceae; Xanthomonas,0,1_104_VanA#12,core,0.7726,0,0,0,0,[alpha] > regulator > reductase
NZ_WJHA01000001.1:217159-218182:-1,WP_006178426.1,GIJ69_RS01005,,aromatic ring-hydroxylating dioxygenase subunit alpha,1_104_VanA,1,106.6,0.4744,1e-30,NZ_WJHA01000001.1,217159,218182,-1,Enterobacter cancerogenus,Bacteria; Pseudomonadati; Pseudomonadota; Gammaproteobacteria; Enterobacterales; Enterobacteriaceae; Enterobacter; Enterobacter cloacae complex,0,1_104_VanA#3,core,0.9197,2,0,1,1,ferredoxin > transposon > [alpha] > reductase > regulator > other > reductase > transporter > other > hydrolase > reductase > dehydrogenase > dehydrogenase > other
NZ_WJNU01000004.1:53750-54827:-1,WP_045544384.1,GFB79_RS06455,,aromatic ring-hydroxylating dioxygenase subunit alpha,1_104_VanA,1,698.4,0.9773,1.2e-210,NZ_WJNU01000004.1,53750,54827,-1,Acinetobacter baumannii,Bacteria; Pseudomonadati; Pseudomonadota; Gammaproteobacteria; Moraxellales; Moraxellaceae; Acinetobacter; Acinetobacter calcoaceticus/baumannii complex,0,1_104_VanA#0,core,0.9969,0,0,0,0,[alpha] > reductase
NZ_WKEX01000113.1:16655-17690:1,WP_003195686.1,GIW76_RS24405,,aromatic ring-hydroxylating dioxygenase subunit alpha,1_104_VanA,1,101.7,0.4886,3.3e-29,NZ_WKEX01000113.1,16655,17690,1,Pseudomonas lactis,Bacteria; Pseudomonadati; Pseudomonadota; Gammaproteobacteria; Pseudomonadales; Pseudomonadaceae; Pseudomonas,0,1_104_VanA#13,core,0.9637,1,0,0,1,reductase > other > hydrolase > regulator > reductase > other > dehydrogenase > dehydrogenase > other > reductase > transposon > [alpha] > reductase
NZ_WKEW01000001.1:93184-94219:1,WP_029289992.1,GIW75_RS00440,,aromatic ring-hydroxylating dioxygenase subunit alpha,1_104_VanA,1,102.2,0.4943,2.2e-29,NZ_WKEW01000001.1,93184,94219,1,Pseudomonas proteolytica,Bacteria; Pseudomonadati; Pseudomonadota; Gammaproteobacteria; Pseudomonadales; Pseudomonadaceae; Pseudomonas,0,1_104_VanA#13,core,0.9742,1,0,0,1,reductase > other > hydrolase > regulator > reductase > other > dehydrogenase > dehydrogenase > other > reductase > hypothetical > transposon > [alpha] > hydrolase > reductase
NZ_WJSE01000004.1:92547-93612:1,WP_024662426.1,PspCFBP8693_RS09035,,aromatic ring-hydroxylating dioxygenase subunit alpha,1_104_VanA,1,746.4,0.9773,3e-225,NZ_WJSE01000004.1,92547,93612,1,Pseudomonas syringae,Bacteria; Pseudomonadati; Pseudomonadota; Gammaproteobacteria; Pseudomonadales; Pseudomonadaceae; Pseudomonas,0,1_104_VanA#0,core,0.9434,0,0,0,0,regulator > [alpha] > reductase
NZ_WJWO01000007.1:14691-15714:-1,WP_071058850.1,GJJ26_RS08855,,aromatic ring-hydroxylating dioxygenase subunit alpha,1_104_VanA,1,106.8,0.4744,8.7e-31,NZ_WJWO01000007.1,14691,15714,-1,Klebsiella pneumoniae,Bacteria; Pseudomonadati; Pseudomonadota; Gammaproteobacteria; Enterobacterales; Enterobacteriaceae; Klebsiella/Raoultella group; Klebsiella,0,1_104_VanA#3,core,0.9428,2,0,1,1,ferredoxin > transposon > [alpha] > reductase > regulator > other > reductase > transporter > other > hydrolase > reductase > dehydrogenase > dehydrogenase > other
NZ_WLUM01000043.1:181615-182653:1,WP_004918962.1,GKR73_RS10205,,aromatic ring-hydroxylating dioxygenase subunit alpha,1_104_VanA,1,103.0,0.4688,1.3e-29,NZ_WLUM01000043.1,181615,182653,1,Providencia stuartii,Bacteria; Pseudomonadati; Pseudomonadota; Gammaproteobacteria; Enterobacterales; Morganellaceae; Providencia,0,1_104_VanA#4,core,0.7067,2,0,1,1,ferredoxin > transposon > [alpha] > reductase > regulator > other > reductase > transporter > other > hydrolase > reductase > dehydrogenase > dehydrogenase > other
NZ_WMOD01000003.1:152310-153333:-1,WP_004115357.1,HZ885_RS07160,,aromatic ring-hydroxylating dioxygenase subunit alpha,1_104_VanA,1,110.4,0.4744,7.4e-32,NZ_WMOD01000003.1,152310,153333,-1,Klebsiella oxytoca,Bacteria; Pseudomonadati; Pseudomonadota; Gammaproteobacteria; Enterobacterales; Enterobacteriaceae; Klebsiella/Raoultella group; Klebsiella,0,1_104_VanA#3,core,0.9362,2,0,1,1,ferredoxin > transposon > [alpha] > reductase > regulator > other > reductase > transporter > other > hydrolase > reductase > dehydrogenase > dehydrogenase > other
NZ_WNLM01000031.1:12869-13892:-1,WP_004151770.1,GK022_RS25075,,aromatic ring-hydroxylating dioxygenase subunit alpha,1_104_VanA,1,108.8,0.4744,2.2e-31,NZ_WNLM01000031.1,12869,13892,-1,Klebsiella pneumoniae subsp. pneumoniae,Bacteria; Pseudomonadati; Pseudomonadota; Gammaproteobacteria; Enterobacterales; Enterobacteriaceae; Klebsiella/Raoultella group; Klebsiella,0,1_104_VanA#3,core,0.9461,2,0,1,1,ferredoxin > transposon > [alpha] > reductase > regulator > other > reductase > transporter > other > hydrolase > reductase > dehydrogenase > dehydrogenase > other
NZ_WNXG01000073.1:33802-34825:1,WP_013098652.1,GNP13_RS04435,,aromatic ring-hydroxylating dioxygenase subunit alpha,1_104_VanA,1,106.0,0.4744,1.5e-30,NZ_WNXG01000073.1,33802,34825,1,Enterobacter cloacae,Bacteria; Pseudomonadati; Pseudomonadota; Gammaproteobacteria; Enterobacterales; Enterobacteriaceae; Enterobacter; Enterobacter cloacae complex,0,1_104_VanA#3,core,0.9396,2,0,1,1,ferredoxin > transposon > [alpha] > reductase > regulator > other > reductase > transporter > other > hydrolase > reductase > dehydrogenase > dehydrogenase > other
NZ_WMCJ01000007.1:24525-25602:-1,WP_008577962.1,GPA06_RS12625,,aromatic ring-hydroxylating dioxygenase subunit alpha,1_104_VanA,1,379.2,0.9801,1.4e-113,NZ_WMCJ01000007.1,24525,25602,-1,Xanthomonas perforans,Bacteria; Pseudomonadati; Pseudomonadota; Gammaproteobacteria; Lysobacterales; Lysobacteraceae; Xanthomonas,0,1_104_VanA#8,core,0.9439,1,0,0,1,[alpha] > reductase
NZ_WMOQ01000005.1:284919-285942:1,WP_004205160.1,HZ912_RS13390,,aromatic ring-hydroxylating dioxygenase subunit alpha,1_104_VanA,1,108.4,0.4744,2.8e-31,NZ_WMOQ01000005.1,284919,285942,1,Klebsiella quasipneumoniae,Bacteria; Pseudomonadati; Pseudomonadota; Gammaproteobacteria; Enterobacterales; Enterobacteriaceae; Klebsiella/Raoultella group; Klebsiella,0,1_104_VanA#3,core,0.9394,2,0,1,1,ferredoxin > transposon > [alpha] > reductase > regulator > other > reductase > transporter > other > hydrolase > reductase > dehydrogenase > dehydrogenase > other
NZ_WNDV01000001.1:886615-887692:-1,WP_011354712.1,GAK33_RS03830,,aromatic ring-hydroxylating dioxygenase subunit alpha,1_104_VanA,1,123.6,0.4858,6.9e-36,NZ_WNDV01000001.1,886615,887692,-1,Burkholderia lata,Bacteria; Pseudomonadati; Pseudomonadota; Betaproteobacteria; Burkholderiales; Burkholderiaceae; Burkholderia; Burkholderia cepacia complex,0,1_104_VanA#1,core,0.9688,2,0,1,1,ferredoxin > transposon > [alpha] > reductase > other > hydrolase > regulator > reductase > other > dehydrogenase > dehydrogenase > other > reductase
NZ_WODK01000002.1:271880-272936:-1,WP_021205358.1,GIB41_RS02670,,aromatic ring-hydroxylating dioxygenase subunit alpha,1_104_VanA,1,715.2,0.9858,9.5e-216,NZ_WODK01000002.1,271880,272936,-1,Pseudomonas aeruginosa,Bacteria; Pseudomonadati; Pseudomonadota; Gammaproteobacteria; Pseudomonadales; Pseudomonadaceae; Pseudomonas,0,1_104_VanA#0,core,0.75,0,0,0,0,hypothetical > [alpha] > reductase
NZ_WNDV01000017.1:30277-31393:-1,WP_011349356.1,GAK33_RS24470,,aromatic ring-hydroxylating dioxygenase subunit alpha,1_104_VanA,1,98.5,0.4659,3e-28,NZ_WNDV01000017.1,30277,31393,-1,Burkholderia lata,Bacteria; Pseudomonadati; Pseudomonadota; Betaproteobacteria; Burkholderiales; Burkholderiaceae; Burkholderia; Burkholderia cepacia complex,0,1_104_VanA#7,core,0.9795,0,0,0,0,[alpha]
NZ_WOAK01000015.1:31252-32308:-1,WP_003109448.1,GNQ40_RS18345,,aromatic ring-hydroxylating dioxygenase subunit alpha,1_104_VanA,1,717.4,0.9858,2.1e-216,NZ_WOAK01000015.1,31252,32308,-1,Pseudomonas aeruginosa,Bacteria; Pseudomonadati; Pseudomonadota; Gammaproteobacteria; Pseudomonadales; Pseudomonadaceae; Pseudomonas,0,1_104_VanA#0,core,0.7826,0,0,0,0,[alpha] > reductase
NZ_WOVH01000061.1:1852-2920:-1,WP_047583506.1,GNP06_RS26235,,aromatic ring-hydroxylating dioxygenase subunit alpha,1_104_VanA,1,768.8,0.9972,4.6e-232,NZ_WOVH01000061.1,1852,2920,-1,Pseudomonas sp. TDA1,Bacteria; Pseudomonadati; Pseudomonadota; Gammaproteobacteria; Pseudomonadales; Pseudomonadaceae; Pseudomonas,0,1_104_VanA#0,core,0.8878,0,0,0,0,[alpha] > reductase
NZ_WOEZ01000146.1:37995-39093:1,WP_172170050.1,GNZ13_RS26530,,aromatic ring-hydroxylating dioxygenase subunit alpha,1_104_VanA,1,118.8,0.4858,2e-34,NZ_WOEZ01000146.1,37995,39093,1,Paraburkholderia elongata,Bacteria; Pseudomonadati; Pseudomonadota; Betaproteobacteria; Burkholderiales; Burkholderiaceae; Paraburkholderia,0,1_104_VanA#1,core,0.8221,2,0,1,1,ferredoxin > transposon > [alpha] > reductase > other > hydrolase > regulator > reductase > other > dehydrogenase > dehydrogenase > other > reductase
NZ_WOFD01000005.1:81275-82298:-1,WP_156234283.1,GMZ16_RS05850,,aromatic ring-hydroxylating dioxygenase subunit alpha,1_104_VanA,1,108.3,0.4744,3.1e-31,NZ_WOFD01000005.1,81275,82298,-1,Klebsiella quasipneumoniae,Bacteria; Pseudomonadati; Pseudomonadota; Gammaproteobacteria; Enterobacterales; Enterobacteriaceae; Klebsiella/Raoultella group; Klebsiella,0,1_104_VanA#3,core,0.9358,2,0,1,1,ferredoxin > transposon > [alpha] > reductase > regulator > other > reductase > transporter > other > hydrolase > reductase > dehydrogenase > dehydrogenase > other
NZ_WOWR01000014.1:129764-130832:1,WP_059396337.1,GN299_RS13460,,aromatic ring-hydroxylating dioxygenase subunit alpha,1_104_VanA,1,768.5,0.9972,5.8e-232,NZ_WOWR01000014.1,129764,130832,1,Pseudomonas putida,Bacteria; Pseudomonadati; Pseudomonadota; Gammaproteobacteria; Pseudomonadales; Pseudomonadaceae; Pseudomonas,0,1_104_VanA#0,core,0.8742,0,0,0,0,[alpha] > reductase
NZ_WPBG01000004.1:113341-114364:1,WP_004205160.1,GOY79_RS06915,,aromatic ring-hydroxylating dioxygenase subunit alpha,1_104_VanA,1,108.4,0.4744,2.8e-31,NZ_WPBG01000004.1,113341,114364,1,Klebsiella quasipneumoniae subsp. similipneumoniae,Bacteria; Pseudomonadati; Pseudomonadota; Gammaproteobacteria; Enterobacterales; Enterobacteriaceae; Klebsiella/Raoultella group; Klebsiella,0,1_104_VanA#3,core,0.9394,2,0,1,1,ferredoxin > transposon > [alpha] > reductase > regulator > other > reductase > transporter > other > hydrolase > reductase > dehydrogenase > dehydrogenase > other
NZ_WPIQ01000011.1:11868-12945:1,WP_005135506.1,GNY87_RS11365,,aromatic ring-hydroxylating dioxygenase subunit alpha,1_104_VanA,1,699.3,0.983,6.3e-211,NZ_WPIQ01000011.1,11868,12945,1,Acinetobacter baumannii,Bacteria; Pseudomonadati; Pseudomonadota; Gammaproteobacteria; Moraxellales; Moraxellaceae; Acinetobacter; Acinetobacter calcoaceticus/baumannii complex,0,1_104_VanA#0,core,0.9719,0,0,0,0,[alpha] > reductase
NZ_WPHD01000036.1:6870-7893:1,WP_022651825.1,GOU89_RS07125,,aromatic ring-hydroxylating dioxygenase subunit alpha,1_104_VanA,1,107.1,0.4744,7.4e-31,NZ_WPHD01000036.1,6870,7893,1,Enterobacter hormaechei,Bacteria; Pseudomonadati; Pseudomonadota; Gammaproteobacteria; Enterobacterales; Enterobacteriaceae; Enterobacter; Enterobacter cloacae complex,0,1_104_VanA#3,core,0.94,2,0,1,1,ferredoxin > transposon > [alpha] > reductase > regulator > other > reductase > transporter > other > hydrolase > reductase > dehydrogenase > dehydrogenase > other
NZ_WPHE01000003.1:258635-259658:-1,WP_015369746.1,GOU90_RS08255,,aromatic ring-hydroxylating dioxygenase subunit alpha,1_104_VanA,1,107.9,0.4744,4.2e-31,NZ_WPHE01000003.1,258635,259658,-1,Klebsiella aerogenes,Bacteria; Pseudomonadati; Pseudomonadota; Gammaproteobacteria; Enterobacterales; Enterobacteriaceae; Klebsiella/Raoultella group; Klebsiella,0,1_104_VanA#3,core,0.9461,2,0,1,1,ferredoxin > transposon > [alpha] > reductase > regulator > other > reductase > transporter > other > hydrolase > reductase > dehydrogenase > dehydrogenase > other
NZ_WQNG01000035.1:1850-2900:-1,WP_036013919.1,GPL17_RS30475,,aromatic ring-hydroxylating dioxygenase subunit alpha,1_104_VanA,1,365.2,0.9801,2.5e-109,NZ_WQNG01000035.1,1850,2900,-1,Bradyrhizobium yuanmingense,Bacteria; Pseudomonadati; Pseudomonadota; Alphaproteobacteria; Hyphomicrobiales; Nitrobacteraceae; Bradyrhizobium,0,1_104_VanA#5,core,0.9137,0,0,0,0,[alpha] > regulator > reductase
NZ_WTTJ01000009.1:20426-21503:1,WP_005089337.1,GPS57_RS05775,,aromatic ring-hydroxylating dioxygenase subunit alpha,1_104_VanA,1,692.7,0.983,6.3e-209,NZ_WTTJ01000009.1,20426,21503,1,Acinetobacter haemolyticus,Bacteria; Pseudomonadati; Pseudomonadota; Gammaproteobacteria; Moraxellales; Moraxellaceae; Acinetobacter,0,1_104_VanA#0,core,0.9097,0,0,0,0,[alpha] > reductase
NZ_WTTO01000046.1:902-1970:-1,WP_075315293.1,GPS52_RS13140,,aromatic ring-hydroxylating dioxygenase subunit alpha,1_104_VanA,1,104.0,0.4886,6.5e-30,NZ_WTTO01000046.1,902,1970,-1,Acinetobacter haemolyticus,Bacteria; Pseudomonadati; Pseudomonadota; Gammaproteobacteria; Moraxellales; Moraxellaceae; Acinetobacter,0,1_104_VanA#4,core,0.8368,1,0,1,0,ferredoxin > transposon > [alpha] > reductase
NZ_WTTU01000024.1:17267-18335:1,WP_005089805.1,GPS46_RS07735,,aromatic ring-hydroxylating dioxygenase subunit alpha,1_104_VanA,1,104.0,0.4886,6.3e-30,NZ_WTTU01000024.1,17267,18335,1,Acinetobacter haemolyticus,Bacteria; Pseudomonadati; Pseudomonadota; Gammaproteobacteria; Moraxellales; Moraxellaceae; Acinetobacter,0,1_104_VanA#4,core,0.8846,2,0,1,1,ferredoxin > transposon > [alpha] > reductase > other > reductase > transporter > other > hydrolase > reductase > dehydrogenase > dehydrogenase > other
NZ_WTTY01000003.1:83569-84646:-1,WP_075314971.1,GPS42_RS01560,,aromatic ring-hydroxylating dioxygenase subunit alpha,1_104_VanA,1,693.7,0.983,3.2e-209,NZ_WTTY01000003.1,83569,84646,-1,Acinetobacter haemolyticus,Bacteria; Pseudomonadati; Pseudomonadota; Gammaproteobacteria; Moraxellales; Moraxellaceae; Acinetobacter,0,1_104_VanA#0,core,0.9128,0,0,0,0,[alpha] > reductase
NZ_WTZL01000007.1:10497-11574:1,WP_000470073.1,AB71193_RS06450,,aromatic ring-hydroxylating dioxygenase subunit alpha,1_104_VanA,1,698.8,0.9858,8.8e-211,NZ_WTZL01000007.1,10497,11574,1,Acinetobacter baumannii,Bacteria; Pseudomonadati; Pseudomonadota; Gammaproteobacteria; Moraxellales; Moraxellaceae; Acinetobacter; Acinetobacter calcoaceticus/baumannii complex,0,1_104_VanA#0,core,0.9969,0,0,0,0,[alpha] > reductase
NZ_WTZM01000017.1:14466-15534:-1,WP_000991789.1,AB71198_RS11800,,aromatic ring-hydroxylating dioxygenase subunit alpha,1_104_VanA,1,108.5,0.483,2.7e-31,NZ_WTZM01000017.1,14466,15534,-1,Acinetobacter baumannii,Bacteria; Pseudomonadati; Pseudomonadota; Gammaproteobacteria; Moraxellales; Moraxellaceae; Acinetobacter; Acinetobacter calcoaceticus/baumannii complex,0,1_104_VanA#4,core,0.996,2,0,1,1,ferredoxin > transposon > [alpha] > reductase > other > reductase > transporter > other > hydrolase > reductase > dehydrogenase > dehydrogenase > other
NZ_WTZO01000001.1:115862-116930:1,WP_004748045.1,AB71191_RS00530,,aromatic ring-hydroxylating dioxygenase subunit alpha,1_104_VanA,1,109.9,0.483,1e-31,NZ_WTZO01000001.1,115862,116930,1,Acinetobacter baumannii,Bacteria; Pseudomonadati; Pseudomonadota; Gammaproteobacteria; Moraxellales; Moraxellaceae; Acinetobacter; Acinetobacter calcoaceticus/baumannii complex,0,1_104_VanA#4,core,1.0,2,0,1,1,ferredoxin > transposon > [alpha] > reductase > other > reductase > transporter > other > hydrolase > reductase > dehydrogenase > dehydrogenase > other
NZ_WTZO01000043.1:14281-15358:1,WP_000470076.1,AB71191_RS15710,,aromatic ring-hydroxylating dioxygenase subunit alpha,1_104_VanA,1,698.1,0.983,1.5e-210,NZ_WTZO01000043.1,14281,15358,1,Acinetobacter baumannii,Bacteria; Pseudomonadati; Pseudomonadota; Gammaproteobacteria; Moraxellales; Moraxellaceae; Acinetobacter; Acinetobacter calcoaceticus/baumannii complex,0,1_104_VanA#0,core,0.9937,0,0,0,0,[alpha] > reductase
NZ_WTEE01000024.1:13912-14935:-1,WP_004174429.1,GQQ60_RS21210,,aromatic ring-hydroxylating dioxygenase subunit alpha,1_104_VanA,1,107.6,0.4744,5e-31,NZ_WTEE01000024.1,13912,14935,-1,Klebsiella pneumoniae,Bacteria; Pseudomonadati; Pseudomonadota; Gammaproteobacteria; Enterobacterales; Enterobacteriaceae; Klebsiella/Raoultella group; Klebsiella,0,1_104_VanA#3,core,0.9428,2,0,1,1,ferredoxin > transposon > [alpha] > reductase > regulator > other > reductase > transporter > other > hydrolase > reductase > dehydrogenase > dehydrogenase > other
NZ_WUQI01000007.1:260332-261355:1,WP_004867464.1,GOX97_RS12020,,aromatic ring-hydroxylating dioxygenase subunit alpha,1_104_VanA,1,102.0,0.4744,2.6e-29,NZ_WUQI01000007.1,260332,261355,1,Raoultella ornithinolytica,Bacteria; Pseudomonadati; Pseudomonadota; Gammaproteobacteria; Enterobacterales; Enterobacteriaceae; Klebsiella/Raoultella group; Raoultella,0,1_104_VanA#3,core,0.9262,2,0,1,1,ferredoxin > transposon > [alpha] > reductase > regulator > other > reductase > transporter > other > hydrolase > reductase > dehydrogenase > dehydrogenase > other
NZ_WUMD01000003.1:83439-84462:1,WP_004151770.1,GR653_RS03290,,aromatic ring-hydroxylating dioxygenase subunit alpha,1_104_VanA,1,108.8,0.4744,2.2e-31,NZ_WUMD01000003.1,83439,84462,1,Klebsiella pneumoniae,Bacteria; Pseudomonadati; Pseudomonadota; Gammaproteobacteria; Enterobacterales; Enterobacteriaceae; Klebsiella/Raoultella group; Klebsiella,0,1_104_VanA#3,core,0.9461,2,0,1,1,ferredoxin > transposon > [alpha] > reductase > regulator > other > reductase > transporter > other > hydrolase > reductase > dehydrogenase > dehydrogenase > other
NZ_WUMF01000003.1:118882-119905:-1,WP_004854140.1,GR701_RS06905,,aromatic ring-hydroxylating dioxygenase subunit alpha,1_104_VanA,1,110.5,0.4744,6.7e-32,NZ_WUMF01000003.1,118882,119905,-1,Klebsiella michiganensis,Bacteria; Pseudomonadati; Pseudomonadota; Gammaproteobacteria; Enterobacterales; Enterobacteriaceae; Klebsiella/Raoultella group; Klebsiella,0,1_104_VanA#3,core,0.9463,2,0,1,1,ferredoxin > transposon > [alpha] > reductase > regulator > other > reductase > transporter > other > hydrolase > reductase > dehydrogenase > dehydrogenase > other
NZ_WVHR01000038.1:43630-44728:1,WP_154562986.1,GS910_RS27500,,aromatic ring-hydroxylating dioxygenase subunit alpha,1_104_VanA,1,119.2,0.4858,1.5e-34,NZ_WVHR01000038.1,43630,44728,1,Paraburkholderia madseniana,Bacteria; Pseudomonadati; Pseudomonadota; Betaproteobacteria; Burkholderiales; Burkholderiaceae; Paraburkholderia,0,1_104_VanA#1,core,0.8616,2,0,1,1,ferredoxin > transposon > [alpha] > reductase > other > hydrolase > regulator > reductase > other > dehydrogenase > dehydrogenase > other > reductase
NZ_WVHX01000045.1:12487-13531:-1,WP_025304204.1,G5A08_RS23330,,aromatic ring-hydroxylating dioxygenase subunit alpha,1_104_VanA,1,99.8,0.4744,1.2e-28,NZ_WVHX01000045.1,12487,13531,-1,Serratia marcescens,Bacteria; Pseudomonadati; Pseudomonadota; Gammaproteobacteria; Enterobacterales; Yersiniaceae; Serratia,0,1_104_VanA#3,core,0.8013,2,0,1,1,ferredoxin > transposon > [alpha] > reductase > regulator > other > reductase > transporter
NZ_WUTV01000008.1:96851-97919:1,WP_004195457.1,GSF23_RS11360,,aromatic ring-hydroxylating dioxygenase subunit alpha,1_104_VanA,1,116.6,0.4858,9.6e-34,NZ_WUTV01000008.1,96851,97919,1,Burkholderia pseudomallei,Bacteria; Pseudomonadati; Pseudomonadota; Betaproteobacteria; Burkholderiales; Burkholderiaceae; Burkholderia; pseudomallei group,0,1_104_VanA#1,core,0.8235,2,0,1,1,ferredoxin > transposon > [alpha] > reductase > other > hydrolase > regulator > reductase > other > dehydrogenase > dehydrogenase > other > reductase
NZ_WVTN01000036.1:14322-15345:-1,WP_160887721.1,GTJ45_RS26420,,aromatic ring-hydroxylating dioxygenase subunit alpha,1_104_VanA,1,110.7,0.4744,5.7e-32,NZ_WVTN01000036.1,14322,15345,-1,Klebsiella oxytoca,Bacteria; Pseudomonadati; Pseudomonadota; Gammaproteobacteria; Enterobacterales; Enterobacteriaceae; Klebsiella/Raoultella group; Klebsiella,0,1_104_VanA#3,core,0.9329,2,0,1,1,ferredoxin > transposon > [alpha] > reductase > regulator > other > reductase > transporter > other > hydrolase > reductase > dehydrogenase > dehydrogenase > other
NZ_WVTX01000003.1:103077-104100:1,WP_006811913.1,GTJ51_RS09490,,aromatic ring-hydroxylating dioxygenase subunit alpha,1_104_VanA,1,106.7,0.4744,9.6e-31,NZ_WVTX01000003.1,103077,104100,1,Enterobacter hormaechei,Bacteria; Pseudomonadati; Pseudomonadota; Gammaproteobacteria; Enterobacterales; Enterobacteriaceae; Enterobacter; Enterobacter cloacae complex,0,1_104_VanA#3,core,0.9396,2,0,1,1,ferredoxin > transposon > [alpha] > reductase > regulator > other > reductase > transporter > other > hydrolase > reductase > dehydrogenase > dehydrogenase > other
NZ_WWGC01000052.1:459116-460139:-1,WP_018529013.1,GTY65_RS39210,,aromatic ring-hydroxylating dioxygenase subunit alpha,1_104_VanA,1,207.3,0.9545,2.4e-61,NZ_WWGC01000052.1,459116,460139,-1,Streptomyces sp. SID8379,Bacteria; Bacillati; Actinomycetota; Actinomycetes; Kitasatosporales; Streptomycetaceae; Streptomyces,0,1_104_VanA#10,core,0.7418,0,0,0,0,hydrolase > regulator > [alpha] > hypothetical > reductase
NZ_WWGW01000019.1:80836-81931:1,WP_018537303.1,GTY73_RS06860,,Rieske 2Fe-2S domain-containing protein,1_104_VanA,1,76.4,0.4545,1.6e-21,NZ_WWGW01000019.1,80836,81931,1,Streptomyces sp. SID8354,Bacteria; Bacillati; Actinomycetota; Actinomycetes; Kitasatosporales; Streptomycetaceae; Streptomyces,0,1_104_VanA#57,novel_candidate,0.2316,0,0,0,0,other > [alpha] > alpha_other > alpha_other > other > hypothetical > other
NZ_WWRV01000002.1:351060-352083:-1,WP_047734791.1,GT622_RS06190,,aromatic ring-hydroxylating dioxygenase subunit alpha,1_104_VanA,1,106.6,0.4744,1.1e-30,NZ_WWRV01000002.1,351060,352083,-1,Enterobacter hormaechei,Bacteria; Pseudomonadati; Pseudomonadota; Gammaproteobacteria; Enterobacterales; Enterobacteriaceae; Enterobacter; Enterobacter cloacae complex,0,1_104_VanA#3,core,0.9333,2,0,1,1,ferredoxin > transposon > [alpha] > reductase > regulator > other > reductase > transporter > other > hydrolase > reductase > dehydrogenase > dehydrogenase > other
NZ_WXZO01000018.1:13933-14956:-1,WP_004151770.1,GUI81_RS09335,,aromatic ring-hydroxylating dioxygenase subunit alpha,1_104_VanA,1,108.8,0.4744,2.2e-31,NZ_WXZO01000018.1,13933,14956,-1,Klebsiella pneumoniae,Bacteria; Pseudomonadati; Pseudomonadota; Gammaproteobacteria; Enterobacterales; Enterobacteriaceae; Klebsiella/Raoultella group; Klebsiella,0,1_104_VanA#3,core,0.9461,2,0,1,1,ferredoxin > transposon > [alpha] > reductase > regulator > other > reductase > transporter > other > hydrolase > reductase > dehydrogenase > dehydrogenase > other
NZ_WXZR01000001.1:92779-93847:1,WP_005070727.1,GUK58_RS00440,,aromatic ring-hydroxylating dioxygenase subunit alpha,1_104_VanA,1,110.2,0.4744,8.2e-32,NZ_WXZR01000001.1,92779,93847,1,Acinetobacter pittii,Bacteria; Pseudomonadati; Pseudomonadota; Gammaproteobacteria; Moraxellales; Moraxellaceae; Acinetobacter; Acinetobacter calcoaceticus/baumannii complex,0,1_104_VanA#4,core,0.9405,2,0,1,1,ferredoxin > transposon > [alpha] > reductase > other > reductase > transporter > other > hydrolase > reductase > dehydrogenase > dehydrogenase > other
NZ_WXZR01000001.1:289686-290763:-1,WP_161281865.1,GUK58_RS01305,vanA,aromatic ring-hydroxylating dioxygenase subunit alpha,1_104_VanA,1,698.7,0.983,9.8e-211,NZ_WXZR01000001.1,289686,290763,-1,Acinetobacter pittii,Bacteria; Pseudomonadati; Pseudomonadota; Gammaproteobacteria; Moraxellales; Moraxellaceae; Acinetobacter; Acinetobacter calcoaceticus/baumannii complex,0,1_104_VanA#0,core,0.9906,0,0,0,0,[alpha] > reductase
NZ_WYAS01000018.1:23059-24136:1,WP_002035798.1,GUK67_RS11750,,aromatic ring-hydroxylating dioxygenase subunit alpha,1_104_VanA,1,699.0,0.9858,7.8e-211,NZ_WYAS01000018.1,23059,24136,1,Acinetobacter baumannii,Bacteria; Pseudomonadati; Pseudomonadota; Gammaproteobacteria; Moraxellales; Moraxellaceae; Acinetobacter; Acinetobacter calcoaceticus/baumannii complex,0,1_104_VanA#0,core,1.0,0,0,0,0,[alpha] > reductase
NZ_WYAB01000003.1:173771-174848:1,WP_000470068.1,GUK62_RS03830,,aromatic ring-hydroxylating dioxygenase subunit alpha,1_104_VanA,1,698.0,0.983,1.6e-210,NZ_WYAB01000003.1,173771,174848,1,Acinetobacter baumannii,Bacteria; Pseudomonadati; Pseudomonadota; Gammaproteobacteria; Moraxellales; Moraxellaceae; Acinetobacter; Acinetobacter calcoaceticus/baumannii complex,0,1_104_VanA#0,core,0.9937,0,0,0,0,[alpha] > reductase
XM_001421158.1:0-1479:1,XP_001421195.1,OSTLU_43309,,predicted protein,1_104_VanA,1,87.8,0.5369,5.3e-25,XM_001421158.1,0,1479,1,Ostreococcus lucimarinus CCE9901,Eukaryota; Viridiplantae; Chlorophyta; Mamiellophyceae; Mamiellales; Bathycoccaceae; Ostreococcus,0,1_104_VanA#56,novel_candidate,0.2837,0,0,0,0,[alpha]
XM_001421766.1:0-1533:1,XP_001421803.1,OSTLU_40637,,predicted protein,1_104_VanA,1,55.1,0.4517,4.7e-15,XM_001421766.1,0,1533,1,Ostreococcus lucimarinus CCE9901,Eukaryota; Viridiplantae; Chlorophyta; Mamiellophyceae; Mamiellales; Bathycoccaceae; Ostreococcus,0,1_104_VanA#55,novel_candidate,0.2926,0,0,0,0,[alpha]
NZ_WYAF01000015.1:15081-16101:-1,WP_003112910.1,GUL14_RS16945,,aromatic ring-hydroxylating dioxygenase subunit alpha,1_104_VanA,1,102.9,0.4858,1.4e-29,NZ_WYAF01000015.1,15081,16101,-1,Pseudomonas aeruginosa,Bacteria; Pseudomonadati; Pseudomonadota; Gammaproteobacteria; Pseudomonadales; Pseudomonadaceae; Pseudomonas,0,1_104_VanA#13,core,0.7285,0,0,0,0,transporter > reductase > other > hydrolase > regulator > reductase > other > dehydrogenase > dehydrogenase > other > hypothetical > transposon > [alpha] > other > reductase
NZ_WYAJ01000017.1:184860-185883:-1,WP_003860047.1,GUK75_RS17065,,aromatic ring-hydroxylating dioxygenase subunit alpha,1_104_VanA,1,106.7,0.4744,9.9e-31,NZ_WYAJ01000017.1,184860,185883,-1,Enterobacter hormaechei,Bacteria; Pseudomonadati; Pseudomonadota; Gammaproteobacteria; Enterobacterales; Enterobacteriaceae; Enterobacter; Enterobacter cloacae complex,0,1_104_VanA#3,core,0.94,2,0,1,1,ferredoxin > transposon > [alpha] > reductase > regulator > other > reductase > transporter > other > hydrolase > reductase > dehydrogenase > dehydrogenase > other
XM_002302197.2:29-1637:1,XP_002302233.2,POPTR_0002s08380g,,hypothetical protein,1_104_VanA,1,87.7,0.4602,5.8e-25,XM_002302197.2,29,1637,1,Populus trichocarpa,Eukaryota; Viridiplantae; Streptophyta; Embryophyta; Tracheophyta; Spermatophyta; Magnoliophyta; eudicotyledons; Gunneridae; Pentapetalae; rosids; fabids; Malpighiales; Salicaceae; Saliceae; Populus,0,1_104_VanA#2,core,0.9381,0,0,0,0,[alpha]
XM_002459098.1:128-1757:1,XP_002459143.1,SORBIDRAFT_03g046660,,hypothetical protein,1_104_VanA,1,91.7,0.4602,3.4e-26,XM_002459098.1,128,1757,1,Sorghum bicolor,Eukaryota; Viridiplantae; Streptophyta; Embryophyta; Tracheophyta; Spermatophyta; Magnoliophyta; Liliopsida; Poales; Poaceae; PACMAD clade; Panicoideae; Andropogonodae; Andropogoneae; Sorghinae; Sorghum,0,1_104_VanA#2,core,0.9689,0,0,0,0,[alpha]
XM_002893942.1:72-1683:1,XP_002893988.1,ARALYDRAFT_473812,,hypothetical protein,1_104_VanA,1,93.4,0.7756,1e-26,XM_002893942.1,72,1683,1,Arabidopsis lyrata subsp. lyrata,Eukaryota; Viridiplantae; Streptophyta; Embryophyta; Tracheophyta; Spermatophyta; Magnoliophyta; eudicotyledons; Gunneridae; Pentapetalae; rosids; malvids; Brassicales; Brassicaceae; Camelineae; Arabidopsis,0,1_104_VanA#2,core,0.8417,0,0,0,0,[alpha]
XM_002983715.1:0-1446:1,XP_002983761.1,SELMODRAFT_118803,,hypothetical protein,1_104_VanA,1,100.8,0.7756,5.9e-29,XM_002983715.1,0,1446,1,Selaginella moellendorffii,Eukaryota; Viridiplantae; Streptophyta; Embryophyta; Tracheophyta; Lycopodiopsida; Selaginellales; Selaginellaceae; Selaginella,0,1_104_VanA#2,core,0.6429,0,0,0,0,[alpha]
XM_002990449.1:0-1476:1,XP_002990495.1,SELMODRAFT_131716,,hypothetical protein,1_104_VanA,1,100.6,0.7756,6.7e-29,XM_002990449.1,0,1476,1,Selaginella moellendorffii,Eukaryota; Viridiplantae; Streptophyta; Embryophyta; Tracheophyta; Lycopodiopsida; Selaginellales; Selaginellaceae; Selaginella,0,1_104_VanA#2,core,0.6429,0,0,0,0,[alpha]
XM_003523394.3:83-1676:1,XP_003523442.1,,LOC100806298,"chlorophyllide a oxygenase, chloroplastic",1_104_VanA,1,92.9,0.4631,1.5e-26,XM_003523394.3,83,1676,1,Glycine max,Eukaryota; Viridiplantae; Streptophyta; Embryophyta; Tracheophyta; Spermatophyta; Magnoliophyta; eudicotyledons; Gunneridae; Pentapetalae; rosids; fabids; Fabales; Fabaceae; Papilionoideae; Phaseoleae; Glycine; Soja,0,1_104_VanA#2,core,0.9046,0,0,0,0,[alpha]
XM_003526585.3:81-1674:1,XP_003526633.1,,LOC100780485,"chlorophyllide a oxygenase, chloroplastic-like",1_104_VanA,1,94.9,0.4631,3.6e-27,XM_003526585.3,81,1674,1,Glycine max,Eukaryota; Viridiplantae; Streptophyta; Embryophyta; Tracheophyta; Spermatophyta; Magnoliophyta; eudicotyledons; Gunneridae; Pentapetalae; rosids; fabids; Fabales; Fabaceae; Papilionoideae; Phaseoleae; Glycine; Soja,0,1_104_VanA#2,core,0.8908,0,0,0,0,[alpha]
XM_003542999.3:81-1680:1,XP_003543047.1,,LOC100805998,"chlorophyllide a oxygenase, chloroplastic",1_104_VanA,1,93.0,0.4631,1.4e-26,XM_003542999.3,81,1680,1,Glycine max,Eukaryota; Viridiplantae; Streptophyta; Embryophyta; Tracheophyta; Spermatophyta; Magnoliopsida; eudicotyledons; Gunneridae; Pentapetalae; rosids; fabids; Fabales; Fabaceae; Papilionoideae; 50 kb inversion clade; NPAAA clade; indigoferoid/millettioid clade; Phaseoleae; Glycine; Glycine subgen. Soja,0,1_104_VanA#2,core,0.9223,0,0,0,0,[alpha]
XM_003544643.3:80-1685:1,XP_003544691.1,,LOC100820586,"chlorophyllide a oxygenase, chloroplastic isoform X1",1_104_VanA,1,92.0,0.4631,2.8e-26,XM_003544643.3,80,1685,1,Glycine max,Eukaryota; Viridiplantae; Streptophyta; Embryophyta; Tracheophyta; Spermatophyta; Magnoliopsida; eudicotyledons; Gunneridae; Pentapetalae; rosids; fabids; Fabales; Fabaceae; Papilionoideae; 50 kb inversion clade; NPAAA clade; indigoferoid/millettioid clade; Phaseoleae; Glycine; Glycine subgen. Soja,0,1_104_VanA#2,core,0.9333,0,0,0,0,[alpha]
XM_003565075.3:114-1767:1,XP_003565123.1,,LOC100823044,"chlorophyllide a oxygenase, chloroplastic",1_104_VanA,1,90.2,0.4602,1e-25,XM_003565075.3,114,1767,1,Brachypodium distachyon,Eukaryota; Viridiplantae; Streptophyta; Embryophyta; Tracheophyta; Spermatophyta; Magnoliophyta; Liliopsida; Poales; Poaceae; BOP clade; Pooideae; Brachypodieae; Brachypodium,0,1_104_VanA#2,core,0.9211,0,0,0,0,[alpha]
XM_003589550.2:92-1688:1,XP_003589598.2,MTR_1g030480,,chlorophyllide A oxygenase,1_104_VanA,1,95.9,0.4602,1.8e-27,XM_003589550.2,92,1688,1,Medicago truncatula,Eukaryota; Viridiplantae; Streptophyta; Embryophyta; Tracheophyta; Spermatophyta; Magnoliophyta; eudicotyledons; Gunneridae; Pentapetalae; rosids; fabids; Fabales; Fabaceae; Papilionoideae; Trifolieae; Medicago,0,1_104_VanA#2,core,0.9088,0,0,0,0,[alpha]
XM_004150391.2:67-1672:1,XP_004150439.1,,LOC101205768,"chlorophyllide a oxygenase, chloroplastic",1_104_VanA,1,93.2,0.767,1.2e-26,XM_004150391.2,67,1672,1,Cucumis sativus,Eukaryota; Viridiplantae; Streptophyta; Embryophyta; Tracheophyta; Spermatophyta; Magnoliophyta; eudicotyledons; Gunneridae; Pentapetalae; rosids; fabids; Cucurbitales; Cucurbitaceae; Benincaseae; Cucumis,0,1_104_VanA#2,core,0.9117,0,0,0,0,[alpha]
XM_004241981.3:149-1757:1,XP_004242029.1,,LOC101261422,"chlorophyllide a oxygenase, chloroplastic",1_104_VanA,1,93.8,0.7756,8e-27,XM_004241981.3,149,1757,1,Solanum lycopersicum,Eukaryota; Viridiplantae; Streptophyta; Embryophyta; Tracheophyta; Spermatophyta; Magnoliophyta; eudicotyledons; Gunneridae; Pentapetalae; asterids; lamiids; Solanales; Solanaceae; Solanoideae; Solaneae; Solanum; Lycopersicon,0,1_104_VanA#2,core,0.931,0,0,0,0,[alpha]
XM_004250263.3:59-1667:1,XP_004250311.1,,LOC101244441,"chlorophyllide a oxygenase, chloroplastic-like",1_104_VanA,1,94.5,0.7727,5.1e-27,XM_004250263.3,59,1667,1,Solanum lycopersicum,Eukaryota; Viridiplantae; Streptophyta; Embryophyta; Tracheophyta; Spermatophyta; Magnoliophyta; eudicotyledons; Gunneridae; Pentapetalae; asterids; lamiids; Solanales; Solanaceae; Solanoideae; Solaneae; Solanum; Lycopersicon,0,1_104_VanA#2,core,0.9303,0,0,0,0,[alpha]
XM_004498288.3:115-1705:1,XP_004498345.1,,LOC101515232,"chlorophyllide a oxygenase, chloroplastic",1_104_VanA,1,94.0,0.4602,6.8e-27,XM_004498288.3,115,1705,1,Cicer arietinum,Eukaryota; Viridiplantae; Streptophyta; Embryophyta; Tracheophyta; Spermatophyta; Magnoliopsida; eudicotyledons; Gunneridae; Pentapetalae; rosids; fabids; Fabales; Fabaceae; Papilionoideae; 50 kb inversion clade; NPAAA clade; Hologalegina; IRL clade; Cicereae; Cicer,0,1_104_VanA#2,core,0.9263,0,0,0,0,[alpha]
XM_004971292.3:105-1731:1,XP_004971349.1,,LOC101772993,"chlorophyllide a oxygenase, chloroplastic",1_104_VanA,1,90.9,0.4602,6.3e-26,XM_004971292.3,105,1731,1,Setaria italica,Eukaryota; Viridiplantae; Streptophyta; Embryophyta; Tracheophyta; Spermatophyta; Magnoliophyta; Liliopsida; Poales; Poaceae; PACMAD clade; Panicoideae; Panicodae; Paniceae; Cenchrinae; Setaria,0,1_104_VanA#2,core,0.935,0,0,0,0,[alpha]
NZ_WYAT01000018.1:101719-102787:-1,WP_000991783.1,GUK66_RS15055,,aromatic ring-hydroxylating dioxygenase subunit alpha,1_104_VanA,1,109.9,0.483,1e-31,NZ_WYAT01000018.1,101719,102787,-1,Acinetobacter baumannii,Bacteria; Pseudomonadati; Pseudomonadota; Gammaproteobacteria; Moraxellales; Moraxellaceae; Acinetobacter; Acinetobacter calcoaceticus/baumannii complex,0,1_104_VanA#4,core,1.0,2,0,1,1,ferredoxin > transposon > [alpha] > reductase > other > reductase > transporter > other > hydrolase > reductase > dehydrogenase > dehydrogenase > other
NZ_WYAT01000020.1:34909-35986:1,WP_000470071.1,GUK66_RS16410,,aromatic ring-hydroxylating dioxygenase subunit alpha,1_104_VanA,1,698.8,0.983,9e-211,NZ_WYAT01000020.1,34909,35986,1,Acinetobacter baumannii,Bacteria; Pseudomonadati; Pseudomonadota; Gammaproteobacteria; Moraxellales; Moraxellaceae; Acinetobacter; Acinetobacter calcoaceticus/baumannii complex,0,1_104_VanA#0,core,0.9969,0,0,0,0,[alpha] > reductase
XM_005647884.1:57-1731:1,XP_005647941.1,COCSUDRAFT_47272,,hypothetical protein,1_104_VanA,1,60.3,0.4631,1.2e-16,XM_005647884.1,57,1731,1,Coccomyxa subellipsoidea C-169,Eukaryota; Viridiplantae; Chlorophyta; core chlorophytes; Trebouxiophyceae; Trebouxiophyceae incertae sedis; Elliptochloris clade; Coccomyxa; Coccomyxa subellipsoidea,0,1_104_VanA#54,novel_candidate,0.2052,0,0,0,0,[alpha]
NZ_WYAF01000006.1:230367-231423:1,WP_003099966.1,GUL14_RS09980,,aromatic ring-hydroxylating dioxygenase subunit alpha,1_104_VanA,1,717.2,0.9858,2.2e-216,NZ_WYAF01000006.1,230367,231423,1,Pseudomonas aeruginosa,Bacteria; Pseudomonadati; Pseudomonadota; Gammaproteobacteria; Pseudomonadales; Pseudomonadaceae; Pseudomonas,0,1_104_VanA#0,core,0.7826,0,0,0,0,[alpha] > reductase
XM_005843991.1:0-2052:1,XP_005844053.1,CHLNCDRAFT_54799,,hypothetical protein,1_104_VanA,1,93.6,0.7216,9e-27,XM_005843991.1,0,2052,1,Chlorella variabilis,Eukaryota; Viridiplantae; Chlorophyta; core chlorophytes; Trebouxiophyceae; Chlorellales; Chlorellaceae; Chlorella clade; Chlorella,0,1_104_VanA#53,divergent,0.5398,0,0,0,0,[alpha]
XM_005848154.1:0-1662:1,XP_005848216.1,CHLNCDRAFT_51738,,hypothetical protein,1_104_VanA,1,64.9,0.5028,5e-18,XM_005848154.1,0,1662,1,Chlorella variabilis,Eukaryota; Viridiplantae; Chlorophyta; core chlorophytes; Trebouxiophyceae; Chlorellales; Chlorellaceae; Chlorella clade; Chlorella,0,1_104_VanA#52,novel_candidate,0.2412,0,0,0,0,[alpha]
XM_006393662.1:17-1622:1,XP_006393724.1,EUTSA_v10011377mg,,hypothetical protein,1_104_VanA,1,94.0,0.7727,7.1e-27,XM_006393662.1,17,1622,1,Eutrema salsugineum,Eukaryota; Viridiplantae; Streptophyta; Embryophyta; Tracheophyta; Spermatophyta; Magnoliophyta; eudicotyledons; Gunneridae; Pentapetalae; rosids; malvids; Brassicales; Brassicaceae; Eutremeae; Eutrema,0,1_104_VanA#2,core,0.8582,0,0,0,0,[alpha]
XM_006351842.2:62-1670:1,XP_006351904.1,,LOC102594460,"chlorophyllide a oxygenase, chloroplastic-like",1_104_VanA,1,94.8,0.7727,3.9e-27,XM_006351842.2,62,1670,1,Solanum tuberosum,Eukaryota; Viridiplantae; Streptophyta; Embryophyta; Tracheophyta; Spermatophyta; Magnoliopsida; eudicotyledons; Gunneridae; Pentapetalae; asterids; lamiids; Solanales; Solanaceae; Solanoideae; Solaneae; Solanum,0,1_104_VanA#2,core,0.9303,0,0,0,0,[alpha]
XM_006363830.2:108-1716:1,XP_006363892.1,,LOC102592765,"chlorophyllide a oxygenase, chloroplastic",1_104_VanA,1,94.0,0.7756,6.9e-27,XM_006363830.2,108,1716,1,Solanum tuberosum,Eukaryota; Viridiplantae; Streptophyta; Embryophyta; Tracheophyta; Spermatophyta; Magnoliopsida; eudicotyledons; Gunneridae; Pentapetalae; asterids; lamiids; Solanales; Solanaceae; Solanoideae; Solaneae; Solanum,0,1_104_VanA#2,core,0.9155,0,0,0,0,[alpha]
XM_006434138.1:58-1666:1,XP_006434201.1,CICLE_v10000821mg,,hypothetical protein,1_104_VanA,1,87.6,0.4602,6e-25,XM_006434138.1,58,1666,1,Citrus clementina,Eukaryota; Viridiplantae; Streptophyta; Embryophyta; Tracheophyta; Spermatophyta; Magnoliophyta; eudicotyledons; Gunneridae; Pentapetalae; rosids; malvids; Sapindales; Rutaceae; Aurantioideae; Citrus,0,1_104_VanA#2,core,0.9075,0,0,0,0,[alpha]
XM_006307147.1:79-1690:1,XP_006307209.1,CARUB_v10008806mg,,hypothetical protein,1_104_VanA,1,91.5,0.7756,3.9e-26,XM_006307147.1,79,1690,1,Capsella rubella,Eukaryota; Viridiplantae; Streptophyta; Embryophyta; Tracheophyta; Spermatophyta; Magnoliophyta; eudicotyledons; Gunneridae; Pentapetalae; rosids; malvids; Brassicales; Brassicaceae; Camelineae; Capsella,0,1_104_VanA#2,core,0.8597,0,0,0,0,[alpha]
XM_006846954.2:0-1656:1,XP_006847017.1,,LOC18436732,"chlorophyllide a oxygenase, chloroplastic",1_104_VanA,1,92.3,0.4602,2.3e-26,XM_006846954.2,0,1656,1,Amborella trichopoda,Eukaryota; Viridiplantae; Streptophyta; Embryophyta; Tracheophyta; Spermatophyta; Magnoliophyta; basal Magnoliophyta; Amborellales; Amborellaceae; Amborella,0,1_104_VanA#2,core,0.875,0,0,0,0,[alpha]
XM_007140963.1:151-1789:1,XP_007141025.1,PHAVU_008G161000g,,hypothetical protein,1_104_VanA,1,91.4,0.4631,4.4e-26,XM_007140963.1,151,1789,1,Phaseolus vulgaris,Eukaryota; Viridiplantae; Streptophyta; Embryophyta; Tracheophyta; Spermatophyta; Magnoliopsida; eudicotyledons; Gunneridae; Pentapetalae; rosids; fabids; Fabales; Fabaceae; Papilionoideae; 50 kb inversion clade; NPAAA clade; indigoferoid/millettioid clade; Phaseoleae; Phaseolus,0,1_104_VanA#2,core,0.9331,0,0,0,0,[alpha]
XM_007508501.1:0-1965:1,XP_007508563.1,Bathy16g02500,,predicted protein,1_104_VanA,1,60.9,0.4602,8.1e-17,XM_007508501.1,0,1965,1,Bathycoccus prasinos,Eukaryota; Viridiplantae; Chlorophyta; Mamiellophyceae; Mamiellales; Bathycoccaceae; Bathycoccus,0,1_104_VanA#51,novel_candidate,0.1937,0,0,0,0,[alpha]
XM_008656854.1:137-1676:1,XP_008655076.1,,pco079065e,LOC100284976 isoform X1,1_104_VanA,1,90.2,0.4602,9.7e-26,XM_008656854.1,137,1676,1,Zea mays,Eukaryota; Viridiplantae; Streptophyta; Embryophyta; Tracheophyta; Spermatophyta; Magnoliophyta; Liliopsida; Poales; Poaceae; PACMAD clade; Panicoideae; Andropogonodae; Andropogoneae; Tripsacinae; Zea,0,1_104_VanA#2,core,0.9572,0,0,0,0,[alpha]
XM_008468493.2:71-1676:1,XP_008466715.2,,LOC103504061,"chlorophyllide a oxygenase, chloroplastic",1_104_VanA,1,93.6,0.767,8.9e-27,XM_008468493.2,71,1676,1,Cucumis melo,Eukaryota; Viridiplantae; Streptophyta; Embryophyta; Tracheophyta; Spermatophyta; Magnoliopsida; eudicotyledons; Gunneridae; Pentapetalae; rosids; fabids; Cucurbitales; Cucurbitaceae; Benincaseae; Cucumis,0,1_104_VanA#2,core,0.9155,0,0,0,0,[alpha]
XM_008656855.1:137-1601:1,XP_008655077.1,,pco079065e,LOC100284976 isoform X2,1_104_VanA,1,90.4,0.4602,8.5e-26,XM_008656855.1,137,1601,1,Zea mays,Eukaryota; Viridiplantae; Streptophyta; Embryophyta; Tracheophyta; Spermatophyta; Magnoliophyta; Liliopsida; Poales; Poaceae; PACMAD clade; Panicoideae; Andropogonodae; Andropogoneae; Tripsacinae; Zea,0,1_104_VanA#2,core,0.9572,0,0,0,0,[alpha]
XM_008674303.1:97-1714:1,XP_008672525.1,,LOC100274228,uncharacterized protein LOC100274228 isoform X1,1_104_VanA,1,87.9,0.4602,5e-25,XM_008674303.1,97,1714,1,Zea mays,Eukaryota; Viridiplantae; Streptophyta; Embryophyta; Tracheophyta; Spermatophyta; Magnoliopsida; Liliopsida; Poales; Poaceae; PACMAD clade; Panicoideae; Andropogonodae; Andropogoneae; Tripsacinae; Zea,0,1_104_VanA#2,core,0.9217,0,0,0,0,[alpha]
XM_009124806.2:83-1688:1,XP_009123054.1,,LOC103847721,"chlorophyllide a oxygenase, chloroplastic",1_104_VanA,1,94.2,0.7756,6e-27,XM_009124806.2,83,1688,1,Brassica rapa,Eukaryota; Viridiplantae; Streptophyta; Embryophyta; Tracheophyta; Spermatophyta; Magnoliophyta; eudicotyledons; Gunneridae; Pentapetalae; rosids; malvids; Brassicales; Brassicaceae; Brassiceae; Brassica,0,1_104_VanA#2,core,0.8453,0,0,0,0,[alpha]
XM_009406710.2:56-1679:1,XP_009404985.1,,LOC103988166,"chlorophyllide a oxygenase, chloroplastic",1_104_VanA,1,93.6,0.7869,9.3e-27,XM_009406710.2,56,1679,1,Musa acuminata subsp. malaccensis,Eukaryota; Viridiplantae; Streptophyta; Embryophyta; Tracheophyta; Spermatophyta; Magnoliopsida; Liliopsida; Zingiberales; Musaceae; Musa,0,1_104_VanA#2,core,0.8548,0,0,0,0,[alpha]
XM_009407834.2:97-1720:1,XP_009406109.1,,LOC103989081,"chlorophyllide a oxygenase, chloroplastic isoform X2",1_104_VanA,1,87.3,0.4574,7.8e-25,XM_009407834.2,97,1720,1,Musa acuminata subsp. malaccensis,Eukaryota; Viridiplantae; Streptophyta; Embryophyta; Tracheophyta; Spermatophyta; Magnoliopsida; Liliopsida; Zingiberales; Musaceae; Musa,0,1_104_VanA#2,core,0.845,0,0,0,0,[alpha]
XM_010106193.1:0-1611:1,XP_010104495.1,L484_025466,,Chlorophyllide a oxygenase,1_104_VanA,1,88.7,0.4602,2.8e-25,XM_010106193.1,0,1611,1,Morus notabilis,Eukaryota; Viridiplantae; Streptophyta; Embryophyta; Tracheophyta; Spermatophyta; Magnoliophyta; eudicotyledons; Gunneridae; Pentapetalae; rosids; fabids; Rosales; Moraceae; Morus,0,1_104_VanA#2,core,0.8815,0,0,0,0,[alpha]
XM_010065091.2:112-1720:1,XP_010063393.1,,LOC104450507,"chlorophyllide a oxygenase, chloroplastic",1_104_VanA,1,97.8,0.7273,4.9e-28,XM_010065091.2,112,1720,1,Eucalyptus grandis,Eukaryota; Viridiplantae; Streptophyta; Embryophyta; Tracheophyta; Spermatophyta; Magnoliopsida; eudicotyledons; Gunneridae; Pentapetalae; rosids; malvids; Myrtales; Myrtaceae; Myrtoideae; Eucalypteae; Eucalyptus,0,1_104_VanA#2,core,0.9104,0,0,0,0,[alpha]
XM_009776209.1:59-1655:1,XP_009774511.1,,LOC104224528,"chlorophyllide a oxygenase, chloroplastic-like",1_104_VanA,1,94.0,0.7727,7.1e-27,XM_009776209.1,59,1655,1,Nicotiana sylvestris,Eukaryota; Viridiplantae; Streptophyta; Embryophyta; Tracheophyta; Spermatophyta; Magnoliopsida; eudicotyledons; Gunneridae; Pentapetalae; asterids; lamiids; Solanales; Solanaceae; Nicotianoideae; Nicotianeae; Nicotiana,0,1_104_VanA#2,core,0.9342,0,0,0,0,[alpha]
XM_009806741.1:160-1765:1,XP_009805043.1,,LOC104250169,"chlorophyllide a oxygenase, chloroplastic-like",1_104_VanA,1,95.5,0.7784,2.5e-27,XM_009806741.1,160,1765,1,Nicotiana sylvestris,Eukaryota; Viridiplantae; Streptophyta; Embryophyta; Tracheophyta; Spermatophyta; Magnoliopsida; eudicotyledons; Gunneridae; Pentapetalae; asterids; lamiids; Solanales; Solanaceae; Nicotianoideae; Nicotianeae; Nicotiana,0,1_104_VanA#2,core,0.9055,0,0,0,0,[alpha]
XM_010245550.2:208-1807:1,XP_010243852.1,,LOC104587818,"chlorophyllide a oxygenase, chloroplastic-like isoform X1",1_104_VanA,1,89.6,0.4659,1.5e-25,XM_010245550.2,208,1807,1,Nelumbo nucifera,Eukaryota; Viridiplantae; Streptophyta; Embryophyta; Tracheophyta; Spermatophyta; Magnoliopsida; Proteales; Nelumbonaceae; Nelumbo,0,1_104_VanA#2,core,0.8448,0,0,0,0,[alpha]
XM_010245553.2:209-1577:1,XP_010243855.1,,LOC104587818,"chlorophyllide a oxygenase, chloroplastic-like isoform X2",1_104_VanA,1,89.6,0.4659,1.5e-25,XM_010245553.2,209,1577,1,Nelumbo nucifera,Eukaryota; Viridiplantae; Streptophyta; Embryophyta; Tracheophyta; Spermatophyta; Magnoliopsida; Proteales; Nelumbonaceae; Nelumbo,0,1_104_VanA#2,core,0.8306,0,0,0,0,[alpha]
XM_010244510.2:73-1831:1,XP_010242812.2,,LOC104587061,"chlorophyllide a oxygenase, chloroplastic isoform X1",1_104_VanA,1,96.3,0.4659,1.4e-27,XM_010244510.2,73,1831,1,Nelumbo nucifera,Eukaryota; Viridiplantae; Streptophyta; Embryophyta; Tracheophyta; Spermatophyta; Magnoliopsida; Proteales; Nelumbonaceae; Nelumbo,0,1_104_VanA#2,core,0.8803,0,0,0,0,[alpha]
XM_010244511.2:73-1807:1,XP_010242813.2,,LOC104587061,"chlorophyllide a oxygenase, chloroplastic isoform X2",1_104_VanA,1,96.4,0.4659,1.3e-27,XM_010244511.2,73,1807,1,Nelumbo nucifera,Eukaryota; Viridiplantae; Streptophyta; Embryophyta; Tracheophyta; Spermatophyta; Magnoliopsida; Proteales; Nelumbonaceae; Nelumbo,0,1_104_VanA#2,core,0.8803,0,0,0,0,[alpha]
XM_011071224.2:257-1865:1,XP_011069526.1,,LOC105155361,"chlorophyllide a oxygenase, chloroplastic",1_104_VanA,1,92.7,0.7273,1.8e-26,XM_011071224.2,257,1865,1,Sesamum indicum,Eukaryota; Viridiplantae; Streptophyta; Embryophyta; Tracheophyta; Spermatophyta; Magnoliopsida; eudicotyledons; Gunneridae; Pentapetalae; asterids; lamiids; Lamiales; Pedaliaceae; Sesamum,0,1_104_VanA#2,core,0.8869,0,0,0,0,[alpha]
XM_011076546.2:328-1936:1,XP_011074848.1,,LOC105159469,"chlorophyllide a oxygenase, chloroplastic",1_104_VanA,1,90.9,0.7756,6.3e-26,XM_011076546.2,328,1936,1,Sesamum indicum,Eukaryota; Viridiplantae; Streptophyta; Embryophyta; Tracheophyta; Spermatophyta; Magnoliopsida; eudicotyledons; Gunneridae; Pentapetalae; asterids; lamiids; Lamiales; Pedaliaceae; Sesamum,0,1_104_VanA#2,core,0.8858,0,0,0,0,[alpha]
XM_010913562.3:95-1718:1,XP_010911864.1,,LOC105037930,"chlorophyllide a oxygenase, chloroplastic",1_104_VanA,1,96.0,0.767,1.7e-27,XM_010913562.3,95,1718,1,Elaeis guineensis,Eukaryota; Viridiplantae; Streptophyta; Embryophyta; Tracheophyta; Spermatophyta; Magnoliopsida; Liliopsida; Arecaceae; Arecoideae; Cocoseae; Elaeidinae; Elaeis,0,1_104_VanA#2,core,0.8653,0,0,0,0,[alpha]
XM_011001089.1:62-1670:1,XP_010999391.1,,LOC105107237,"chlorophyllide a oxygenase, chloroplastic-like",1_104_VanA,1,84.4,0.4631,5.9e-24,XM_011001089.1,62,1670,1,Populus euphratica,Eukaryota; Viridiplantae; Streptophyta; Embryophyta; Tracheophyta; Spermatophyta; Magnoliopsida; eudicotyledons; Gunneridae; Pentapetalae; rosids; fabids; Malpighiales; Salicaceae; Saliceae; Populus,0,1_104_VanA#2,core,0.9286,0,0,0,0,[alpha]
XM_011013604.1:58-1666:1,XP_011011906.1,,LOC105116314,"chlorophyllide a oxygenase, chloroplastic-like",1_104_VanA,1,84.6,0.4631,4.9e-24,XM_011013604.1,58,1666,1,Populus euphratica,Eukaryota; Viridiplantae; Streptophyta; Embryophyta; Tracheophyta; Spermatophyta; Magnoliopsida; eudicotyledons; Gunneridae; Pentapetalae; rosids; fabids; Malpighiales; Salicaceae; Saliceae; Populus,0,1_104_VanA#2,core,0.9321,0,0,0,0,[alpha]
XM_011401078.1:0-1710:1,XP_011399380.1,F751_2666,,Vanillate O-demethylase oxygenase subunit,1_104_VanA,1,92.8,0.5682,1.6e-26,XM_011401078.1,0,1710,1,Auxenochlorella protothecoides,Eukaryota; Viridiplantae; Chlorophyta; core chlorophytes; Trebouxiophyceae; Chlorellales; Chlorellaceae; Auxenochlorella,0,1_104_VanA#50,novel_candidate,0.3137,0,0,0,0,[alpha]
XM_012590686.1:77-1682:1,XP_012446140.1,,LOC105769806,"chlorophyllide a oxygenase, chloroplastic-like",1_104_VanA,1,91.1,0.4602,5.4e-26,XM_012590686.1,77,1682,1,Gossypium raimondii,Eukaryota; Viridiplantae; Streptophyta; Embryophyta; Tracheophyta; Spermatophyta; Magnoliopsida; eudicotyledons; Gunneridae; Pentapetalae; rosids; malvids; Malvales; Malvaceae; Malvoideae; Gossypium,0,1_104_VanA#2,core,0.9355,0,0,0,0,[alpha]
XM_012627102.1:116-1727:1,XP_012482556.1,,LOC105797165,"chlorophyllide a oxygenase, chloroplastic-like",1_104_VanA,1,90.4,0.4602,8.8e-26,XM_012627102.1,116,1727,1,Gossypium raimondii,Eukaryota; Viridiplantae; Streptophyta; Embryophyta; Tracheophyta; Spermatophyta; Magnoliopsida; eudicotyledons; Gunneridae; Pentapetalae; rosids; malvids; Malvales; Malvaceae; Malvoideae; Gossypium,0,1_104_VanA#2,core,0.9321,0,0,0,0,[alpha]
XM_012222858.1:67-1672:1,XP_012078248.1,,LOC105638943,"chlorophyllide a oxygenase, chloroplastic",1_104_VanA,1,94.4,0.7756,5.2e-27,XM_012222858.1,67,1672,1,Jatropha curcas,Eukaryota; Viridiplantae; Streptophyta; Embryophyta; Tracheophyta; Spermatophyta; Magnoliophyta; eudicotyledons; Gunneridae; Pentapetalae; rosids; fabids; Malpighiales; Euphorbiaceae; Crotonoideae; Jatropheae; Jatropha,0,1_104_VanA#2,core,0.9364,0,0,0,0,[alpha]
XM_012999372.1:130-1735:1,XP_012854826.1,,LOC105974305,"chlorophyllide a oxygenase, chloroplastic",1_104_VanA,1,92.7,0.7301,1.7e-26,XM_012999372.1,130,1735,1,Erythranthe guttata,Eukaryota; Viridiplantae; Streptophyta; Embryophyta; Tracheophyta; Spermatophyta; Magnoliopsida; eudicotyledons; Gunneridae; Pentapetalae; asterids; lamiids; Lamiales; Phrymaceae; Erythranthe,0,1_104_VanA#2,core,0.8776,0,0,0,0,[alpha]
XM_013749965.1:64-1639:1,XP_013605419.1,,LOC106312441,"chlorophyllide a oxygenase, chloroplastic",1_104_VanA,1,93.4,0.7727,1.1e-26,XM_013749965.1,64,1639,1,Brassica oleracea var. oleracea,Eukaryota; Viridiplantae; Streptophyta; Embryophyta; Tracheophyta; Spermatophyta; Magnoliopsida; eudicotyledons; Gunneridae; Pentapetalae; rosids; malvids; Brassicales; Brassicaceae; Brassiceae; Brassica,0,1_104_VanA#2,core,0.8453,0,0,0,0,[alpha]
XM_013790702.1:69-1665:1,XP_013646156.1,,LOC106350863,"chlorophyllide a oxygenase, chloroplastic-like",1_104_VanA,1,94.7,0.7756,4.2e-27,XM_013790702.1,69,1665,1,Brassica napus,Eukaryota; Viridiplantae; Streptophyta; Embryophyta; Tracheophyta; Spermatophyta; Magnoliophyta; eudicotyledons; Gunneridae; Pentapetalae; rosids; malvids; Brassicales; Brassicaceae; Brassiceae; Brassica,0,1_104_VanA#2,core,0.8489,0,0,0,0,[alpha]
XM_013825736.1:42-1617:1,XP_013681190.1,,LOC106385836,"chlorophyllide a oxygenase, chloroplastic-like",1_104_VanA,1,93.4,0.7727,1.1e-26,XM_013825736.1,42,1617,1,Brassica napus,Eukaryota; Viridiplantae; Streptophyta; Embryophyta; Tracheophyta; Spermatophyta; Magnoliophyta; eudicotyledons; Gunneridae; Pentapetalae; rosids; malvids; Brassicales; Brassicaceae; Brassiceae; Brassica,0,1_104_VanA#2,core,0.8453,0,0,0,0,[alpha]
XM_014048526.1:0-2028:1,XP_013903980.1,MNEG_2999,,hypothetical protein,1_104_VanA,1,92.4,0.4773,2.2e-26,XM_014048526.1,0,2028,1,Monoraphidium neglectum,Eukaryota; Viridiplantae; Chlorophyta; core chlorophytes; Chlorophyceae; CS clade; Sphaeropleales; Selenastraceae; Monoraphidium,0,1_104_VanA#49,novel_candidate,0.2712,0,0,0,0,[alpha]
XM_014668859.2:193-1798:1,XP_014524345.1,,LOC106780555,"chlorophyllide a oxygenase, chloroplastic",1_104_VanA,1,89.3,0.4631,1.8e-25,XM_014668859.2,193,1798,1,Vigna radiata var. radiata,Eukaryota; Viridiplantae; Streptophyta; Embryophyta; Tracheophyta; Spermatophyta; Magnoliopsida; eudicotyledons; Gunneridae; Pentapetalae; rosids; fabids; Fabales; Fabaceae; Papilionoideae; 50 kb inversion clade; NPAAA clade; indigoferoid/millettioid clade; Phaseoleae; Vigna,0,1_104_VanA#2,core,0.9117,0,0,0,0,[alpha]
XM_014767212.1:345-1668:1,XP_014622698.1,,LOC100820586,"chlorophyllide a oxygenase, chloroplastic isoform X2",1_104_VanA,1,93.0,0.4631,1.4e-26,XM_014767212.1,345,1668,1,Glycine max,Eukaryota; Viridiplantae; Streptophyta; Embryophyta; Tracheophyta; Spermatophyta; Magnoliopsida; eudicotyledons; Gunneridae; Pentapetalae; rosids; fabids; Fabales; Fabaceae; Papilionoideae; 50 kb inversion clade; NPAAA clade; indigoferoid/millettioid clade; Phaseoleae; Glycine; Glycine subgen. Soja,0,1_104_VanA#2,core,0.9333,0,0,0,0,[alpha]
XM_015758600.1:161-1787:1,XP_015614086.1,,LOC4349433,"chlorophyllide a oxygenase, chloroplastic",1_104_VanA,1,89.3,0.4602,1.9e-25,XM_015758600.1,161,1787,1,Oryza sativa Japonica Group,Eukaryota; Viridiplantae; Streptophyta; Embryophyta; Tracheophyta; Spermatophyta; Magnoliopsida; Liliopsida; Poales; Poaceae; BOP clade; Oryzoideae; Oryzeae; Oryzinae; Oryza; Oryza sativa,0,1_104_VanA#2,core,0.9424,0,0,0,0,[alpha]
XM_015758605.1:8-1637:1,XP_015614091.1,,LOC4349430,"chlorophyllide a oxygenase, chloroplastic-like",1_104_VanA,1,87.5,0.4602,6.8e-25,XM_015758605.1,8,1637,1,Oryza sativa Japonica Group,Eukaryota; Viridiplantae; Streptophyta; Embryophyta; Tracheophyta; Spermatophyta; Magnoliophyta; Liliopsida; Poales; Poaceae; BOP clade; Oryzoideae; Oryzeae; Oryzinae; Oryza; Oryza sativa,0,1_104_VanA#2,core,0.843,0,0,0,0,[alpha]
XM_016077325.3:91-1678:1,XP_015932811.1,,LOC107459116,"chlorophyllide a oxygenase, chloroplastic",1_104_VanA,1,88.4,0.4602,3.4e-25,XM_016077325.3,91,1678,1,Arachis duranensis,Eukaryota; Viridiplantae; Streptophyta; Embryophyta; Tracheophyta; Spermatophyta; Magnoliopsida; eudicotyledons; Gunneridae; Pentapetalae; rosids; fabids; Fabales; Fabaceae; Papilionoideae; 50 kb inversion clade; dalbergioids sensu lato; Dalbergieae; Pterocarpus clade; Arachis,0,1_104_VanA#2,core,0.8842,0,0,0,0,[alpha]
XM_016030221.2:71-1700:1,XP_015885707.1,,LOC107421070,"chlorophyllide a oxygenase, chloroplastic",1_104_VanA,1,95.3,0.4602,2.7e-27,XM_016030221.2,71,1700,1,Ziziphus jujuba,Eukaryota; Viridiplantae; Streptophyta; Embryophyta; Tracheophyta; Spermatophyta; Magnoliopsida; eudicotyledons; Gunneridae; Pentapetalae; rosids; fabids; Rosales; Rhamnaceae; Paliureae; Ziziphus,0,1_104_VanA#2,core,0.9412,0,0,0,0,[alpha]
NZ_WYAL01000017.1:126029-127052:1,WP_004151770.1,GUK32_RS17430,,aromatic ring-hydroxylating dioxygenase subunit alpha,1_104_VanA,1,108.8,0.4744,2.2e-31,NZ_WYAL01000017.1,126029,127052,1,Klebsiella pneumoniae,Bacteria; Pseudomonadati; Pseudomonadota; Gammaproteobacteria; Enterobacterales; Enterobacteriaceae; Klebsiella/Raoultella group; Klebsiella,0,1_104_VanA#3,core,0.9461,2,0,1,1,ferredoxin > transposon > [alpha] > reductase > regulator > other > reductase > transporter > other > hydrolase > reductase > dehydrogenase > dehydrogenase > other
XM_016590218.1:71-1667:1,XP_016445704.1,,LOC107770885,"chlorophyllide a oxygenase, chloroplastic",1_104_VanA,1,94.9,0.7727,3.8e-27,XM_016590218.1,71,1667,1,Nicotiana tabacum,Eukaryota; Viridiplantae; Streptophyta; Embryophyta; Tracheophyta; Spermatophyta; Magnoliopsida; eudicotyledons; Gunneridae; Pentapetalae; asterids; lamiids; Solanales; Solanaceae; Nicotianoideae; Nicotianeae; Nicotiana,0,1_104_VanA#2,core,0.9344,0,0,0,0,[alpha]
XM_016609772.1:48-1644:1,XP_016465258.1,,LOC107788114,"chlorophyllide a oxygenase, chloroplastic",1_104_VanA,1,94.0,0.7727,7.1e-27,XM_016609772.1,48,1644,1,Nicotiana tabacum,Eukaryota; Viridiplantae; Streptophyta; Embryophyta; Tracheophyta; Spermatophyta; Magnoliopsida; eudicotyledons; Gunneridae; Pentapetalae; asterids; lamiids; Solanales; Solanaceae; Nicotianoideae; Nicotianeae; Nicotiana,0,1_104_VanA#2,core,0.9342,0,0,0,0,[alpha]
XM_016644132.1:121-1726:1,XP_016499618.1,,LOC107818187,"chlorophyllide a oxygenase, chloroplastic-like",1_104_VanA,1,95.5,0.7784,2.5e-27,XM_016644132.1,121,1726,1,Nicotiana tabacum,Eukaryota; Viridiplantae; Streptophyta; Embryophyta; Tracheophyta; Spermatophyta; Magnoliopsida; eudicotyledons; Gunneridae; Pentapetalae; asterids; lamiids; Solanales; Solanaceae; Nicotianoideae; Nicotianeae; Nicotiana,0,1_104_VanA#2,core,0.9055,0,0,0,0,[alpha]
XM_016651824.1:110-1715:1,XP_016507310.1,,LOC107824996,"chlorophyllide a oxygenase, chloroplastic",1_104_VanA,1,93.7,0.7756,8.8e-27,XM_016651824.1,110,1715,1,Nicotiana tabacum,Eukaryota; Viridiplantae; Streptophyta; Embryophyta; Tracheophyta; Spermatophyta; Magnoliopsida; eudicotyledons; Gunneridae; Pentapetalae; asterids; lamiids; Solanales; Solanaceae; Nicotianoideae; Nicotianeae; Nicotiana,0,1_104_VanA#2,core,0.9311,0,0,0,0,[alpha]
XM_016719685.1:346-1954:1,XP_016575171.1,,LOC107872996,"chlorophyllide a oxygenase, chloroplastic-like",1_104_VanA,1,90.6,0.4631,7.3e-26,XM_016719685.1,346,1954,1,Capsicum annuum,Eukaryota; Viridiplantae; Streptophyta; Embryophyta; Tracheophyta; Spermatophyta; Magnoliopsida; eudicotyledons; Gunneridae; Pentapetalae; asterids; lamiids; Solanales; Solanaceae; Solanoideae; Capsiceae; Capsicum,0,1_104_VanA#2,core,0.8615,0,0,0,0,[alpha]
XM_016831561.1:78-1209:1,XP_016687050.1,,LOC107905015,"chlorophyllide a oxygenase, chloroplastic-like",1_104_VanA,1,90.5,0.4602,8.2e-26,XM_016831561.1,78,1209,1,Gossypium hirsutum,Eukaryota; Viridiplantae; Streptophyta; Embryophyta; Tracheophyta; Spermatophyta; Magnoliopsida; eudicotyledons; Gunneridae; Pentapetalae; rosids; malvids; Malvales; Malvaceae; Malvoideae; Gossypium,0,1_104_VanA#2,core,0.9211,0,0,0,0,[alpha]
XM_016855089.1:83-1694:1,XP_016710578.1,,LOC107924574,"chlorophyllide a oxygenase, chloroplastic-like",1_104_VanA,1,90.8,0.4602,6.3e-26,XM_016855089.1,83,1694,1,Gossypium hirsutum,Eukaryota; Viridiplantae; Streptophyta; Embryophyta; Tracheophyta; Spermatophyta; Magnoliopsida; eudicotyledons; Gunneridae; Pentapetalae; rosids; malvids; Malvales; Malvaceae; Malvoideae; Gossypium,0,1_104_VanA#2,core,0.9247,0,0,0,0,[alpha]
XM_017392665.1:127-1729:1,XP_017248154.1,,LOC108219296,"chlorophyllide a oxygenase, chloroplastic",1_104_VanA,1,87.3,0.767,7.8e-25,XM_017392665.1,127,1729,1,Daucus carota subsp. sativus,Eukaryota; Viridiplantae; Streptophyta; Embryophyta; Tracheophyta; Spermatophyta; Magnoliopsida; eudicotyledons; Gunneridae; Pentapetalae; asterids; campanulids; Apiales; Apiaceae; Apioideae; Scandiceae; Daucinae; Daucus; Daucus sect. Daucus,0,1_104_VanA#2,core,0.8502,0,0,0,0,[alpha]
XM_017575148.1:126-1731:1,XP_017430637.1,,LOC108338340,"chlorophyllide a oxygenase, chloroplastic",1_104_VanA,1,88.4,0.4631,3.6e-25,XM_017575148.1,126,1731,1,Vigna angularis,Eukaryota; Viridiplantae; Streptophyta; Embryophyta; Tracheophyta; Spermatophyta; Magnoliopsida; eudicotyledons; Gunneridae; Pentapetalae; rosids; fabids; Fabales; Fabaceae; Papilionoideae; 50 kb inversion clade; NPAAA clade; indigoferoid/millettioid clade; Phaseoleae; Vigna,0,1_104_VanA#2,core,0.9152,0,0,0,0,[alpha]
XM_017778240.1:91-1702:1,XP_017633729.1,,LOC108476133,"chlorophyllide a oxygenase, chloroplastic-like",1_104_VanA,1,91.0,0.7727,5.7e-26,XM_017778240.1,91,1702,1,Gossypium arboreum,Eukaryota; Viridiplantae; Streptophyta; Embryophyta; Tracheophyta; Spermatophyta; Magnoliopsida; eudicotyledons; Gunneridae; Pentapetalae; rosids; malvids; Malvales; Malvaceae; Malvoideae; Gossypium,0,1_104_VanA#2,core,0.9333,0,0,0,0,[alpha]
XM_018628360.2:74-1685:1,XP_018483862.1,,LOC108854699,"chlorophyllide a oxygenase, chloroplastic",1_104_VanA,1,94.7,0.7756,4.3e-27,XM_018628360.2,74,1685,1,Raphanus sativus,Eukaryota; Viridiplantae; Streptophyta; Embryophyta; Tracheophyta; Spermatophyta; Magnoliopsida; eudicotyledons; Gunneridae; Pentapetalae; rosids; malvids; Brassicales; Brassicaceae; Brassiceae; Raphanus,0,1_104_VanA#2,core,0.8489,0,0,0,0,[alpha]
XM_018637329.2:66-1689:1,XP_018492831.1,,LOC108863039,"chlorophyllide a oxygenase, chloroplastic",1_104_VanA,1,93.2,0.7756,1.2e-26,XM_018637329.2,66,1689,1,Raphanus sativus,Eukaryota; Viridiplantae; Streptophyta; Embryophyta; Tracheophyta; Spermatophyta; Magnoliopsida; eudicotyledons; Gunneridae; Pentapetalae; rosids; malvids; Brassicales; Brassicaceae; Brassiceae; Raphanus,0,1_104_VanA#2,core,0.8235,0,0,0,0,[alpha]
XM_018952223.2:53-1658:1,XP_018807768.2,,LOC108981140,"chlorophyllide a oxygenase, chloroplastic-like",1_104_VanA,1,93.0,0.7216,1.4e-26,XM_018952223.2,53,1658,1,Juglans regia,Eukaryota; Viridiplantae; Streptophyta; Embryophyta; Tracheophyta; Spermatophyta; Magnoliopsida; eudicotyledons; Gunneridae; Pentapetalae; rosids; fabids; Fagales; Juglandaceae; Juglans,0,1_104_VanA#2,core,0.9104,0,0,0,0,[alpha]
XM_018961574.2:88-1693:1,XP_018817119.1,,LOC108988337,"chlorophyllide a oxygenase, chloroplastic",1_104_VanA,1,95.9,0.7188,1.9e-27,XM_018961574.2,88,1693,1,Juglans regia,Eukaryota; Viridiplantae; Streptophyta; Embryophyta; Tracheophyta; Spermatophyta; Magnoliopsida; eudicotyledons; Gunneridae; Pentapetalae; rosids; fabids; Fagales; Juglandaceae; Juglans,0,1_104_VanA#2,core,0.9101,0,0,0,0,[alpha]
XM_019373400.1:82-1678:1,XP_019228945.1,,LOC109210030,"chlorophyllide a oxygenase, chloroplastic-like",1_104_VanA,1,96.9,0.7727,9.2e-28,XM_019373400.1,82,1678,1,Nicotiana attenuata,Eukaryota; Viridiplantae; Streptophyta; Embryophyta; Tracheophyta; Spermatophyta; Magnoliopsida; eudicotyledons; Gunneridae; Pentapetalae; asterids; lamiids; Solanales; Solanaceae; Nicotianoideae; Nicotianeae; Nicotiana,0,1_104_VanA#2,core,0.9309,0,0,0,0,[alpha]
XM_019375905.1:166-1771:1,XP_019231450.1,,LOC109212272,"chlorophyllide a oxygenase, chloroplastic isoform X1",1_104_VanA,1,94.8,0.7756,4.1e-27,XM_019375905.1,166,1771,1,Nicotiana attenuata,Eukaryota; Viridiplantae; Streptophyta; Embryophyta; Tracheophyta; Spermatophyta; Magnoliopsida; eudicotyledons; Gunneridae; Pentapetalae; asterids; lamiids; Solanales; Solanaceae; Nicotianoideae; Nicotianeae; Nicotiana,0,1_104_VanA#2,core,0.9267,0,0,0,0,[alpha]
XM_019605122.1:70-1675:1,XP_019460667.1,,LOC109360317,"chlorophyllide a oxygenase, chloroplastic-like",1_104_VanA,1,93.6,0.4602,9.4e-27,XM_019605122.1,70,1675,1,Lupinus angustifolius,Eukaryota; Viridiplantae; Streptophyta; Embryophyta; Tracheophyta; Spermatophyta; Magnoliopsida; eudicotyledons; Gunneridae; Pentapetalae; rosids; fabids; Fabales; Fabaceae; Papilionoideae; 50 kb inversion clade; genistoids sensu lato; core genistoids; Genisteae; Lupinus,0,1_104_VanA#2,core,0.8905,0,0,0,0,[alpha]
XM_021950921.1:46-1675:1,XP_021806613.1,,LOC110750577,"chlorophyllide a oxygenase, chloroplastic",1_104_VanA,1,90.7,0.4602,7e-26,XM_021950921.1,46,1675,1,Prunus avium,Eukaryota; Viridiplantae; Streptophyta; Embryophyta; Tracheophyta; Spermatophyta; Magnoliopsida; eudicotyledons; Gunneridae; Pentapetalae; rosids; fabids; Rosales; Rosaceae; Amygdaloideae; Amygdaleae; Prunus,0,1_104_VanA#2,core,0.9139,0,0,0,0,[alpha]
XM_020251805.1:73-1705:1,XP_020107394.1,,LOC109723449,"chlorophyllide a oxygenase, chloroplastic",1_104_VanA,1,95.4,0.8097,2.7e-27,XM_020251805.1,73,1705,1,Ananas comosus,Eukaryota; Viridiplantae; Streptophyta; Embryophyta; Tracheophyta; Spermatophyta; Magnoliopsida; Liliopsida; Poales; Bromeliaceae; Bromelioideae; Ananas,0,1_104_VanA#2,core,0.8543,0,0,0,0,[alpha]
XM_021428541.1:74-1685:1,XP_021284216.1,,LOC110416535,"LOW QUALITY PROTEIN: chlorophyllide a oxygenase, chloroplastic",1_104_VanA,1,89.5,0.4602,1.6e-25,XM_021428541.1,74,1685,1,Herrania umbratica,Eukaryota; Viridiplantae; Streptophyta; Embryophyta; Tracheophyta; Spermatophyta; Magnoliopsida; eudicotyledons; Gunneridae; Pentapetalae; rosids; malvids; Malvales; Malvaceae; Byttnerioideae; Herrania,0,1_104_VanA#2,core,0.8953,0,0,0,0,[alpha]
XM_022001433.1:84-1686:1,XP_021857125.1,,LOC110796344,"chlorophyllide a oxygenase, chloroplastic",1_104_VanA,1,95.1,0.733,3.1e-27,XM_022001433.1,84,1686,1,Spinacia oleracea,Eukaryota; Viridiplantae; Streptophyta; Embryophyta; Tracheophyta; Spermatophyta; Magnoliopsida; eudicotyledons; Gunneridae; Pentapetalae; Caryophyllales; Chenopodiaceae; Chenopodioideae; Anserineae; Spinacia,0,1_104_VanA#2,core,0.8985,0,0,0,0,[alpha]
XM_022285826.1:429-2031:1,XP_022141518.1,,LOC111011875,"chlorophyllide a oxygenase, chloroplastic isoform X1",1_104_VanA,1,96.7,0.767,1.1e-27,XM_022285826.1,429,2031,1,Momordica charantia,Eukaryota; Viridiplantae; Streptophyta; Embryophyta; Tracheophyta; Spermatophyta; Magnoliopsida; eudicotyledons; Gunneridae; Pentapetalae; rosids; fabids; Cucurbitales; Cucurbitaceae; Momordiceae; Momordica,0,1_104_VanA#2,core,0.9018,0,0,0,0,[alpha]
XM_022285827.1:86-1625:1,XP_022141519.1,,LOC111011875,"chlorophyllide a oxygenase, chloroplastic isoform X2",1_104_VanA,1,96.9,0.767,9.3e-28,XM_022285827.1,86,1625,1,Momordica charantia,Eukaryota; Viridiplantae; Streptophyta; Embryophyta; Tracheophyta; Spermatophyta; Magnoliopsida; eudicotyledons; Gunneridae; Pentapetalae; rosids; fabids; Cucurbitales; Cucurbitaceae; Momordiceae; Momordica,0,1_104_VanA#2,core,0.9018,0,0,0,0,[alpha]
XM_022912444.1:362-1976:1,XP_022768179.1,,LOC111312296,"chlorophyllide a oxygenase, chloroplastic-like",1_104_VanA,1,90.6,0.4602,7.3e-26,XM_022912444.1,362,1976,1,Durio zibethinus,Eukaryota; Viridiplantae; Streptophyta; Embryophyta; Tracheophyta; Spermatophyta; Magnoliopsida; eudicotyledons; Gunneridae; Pentapetalae; rosids; malvids; Malvales; Malvaceae; Helicteroideae; Durio,0,1_104_VanA#2,core,0.9164,0,0,0,0,[alpha]
XM_022917527.1:101-1715:1,XP_022773262.1,,LOC111315638,"chlorophyllide a oxygenase, chloroplastic-like isoform X1",1_104_VanA,1,91.8,0.4602,3.3e-26,XM_022917527.1,101,1715,1,Durio zibethinus,Eukaryota; Viridiplantae; Streptophyta; Embryophyta; Tracheophyta; Spermatophyta; Magnoliopsida; eudicotyledons; Gunneridae; Pentapetalae; rosids; malvids; Malvales; Malvaceae; Helicteroideae; Durio,0,1_104_VanA#2,core,0.9247,0,0,0,0,[alpha]
XM_023083333.1:83-1688:1,XP_022939101.1,,LOC111445103,"chlorophyllide a oxygenase, chloroplastic-like",1_104_VanA,1,98.1,0.7727,4.1e-28,XM_023083333.1,83,1688,1,Cucurbita moschata,Eukaryota; Viridiplantae; Streptophyta; Embryophyta; Tracheophyta; Spermatophyta; Magnoliopsida; eudicotyledons; Gunneridae; Pentapetalae; rosids; fabids; Cucurbitales; Cucurbitaceae; Cucurbiteae; Cucurbita,0,1_104_VanA#2,core,0.885,0,0,0,0,[alpha]
XM_023134747.1:64-1669:1,XP_022990515.1,,LOC111487368,"chlorophyllide a oxygenase, chloroplastic-like",1_104_VanA,1,95.5,0.767,2.4e-27,XM_023134747.1,64,1669,1,Cucurbita maxima,Eukaryota; Viridiplantae; Streptophyta; Embryophyta; Tracheophyta; Spermatophyta; Magnoliopsida; eudicotyledons; Gunneridae; Pentapetalae; rosids; fabids; Cucurbitales; Cucurbitaceae; Cucurbiteae; Cucurbita,0,1_104_VanA#2,core,0.8794,0,0,0,0,[alpha]
XM_023137227.1:83-1688:1,XP_022992995.1,,LOC111489155,"chlorophyllide a oxygenase, chloroplastic-like",1_104_VanA,1,98.2,0.7699,3.8e-28,XM_023137227.1,83,1688,1,Cucurbita maxima,Eukaryota; Viridiplantae; Streptophyta; Embryophyta; Tracheophyta; Spermatophyta; Magnoliopsida; eudicotyledons; Gunneridae; Pentapetalae; rosids; fabids; Cucurbitales; Cucurbitaceae; Cucurbiteae; Cucurbita,0,1_104_VanA#2,core,0.8746,0,0,0,0,[alpha]
XM_023106676.1:67-1672:1,XP_022962444.1,,LOC111462878,"chlorophyllide a oxygenase, chloroplastic-like",1_104_VanA,1,94.6,0.767,4.5e-27,XM_023106676.1,67,1672,1,Cucurbita moschata,Eukaryota; Viridiplantae; Streptophyta; Embryophyta; Tracheophyta; Spermatophyta; Magnoliopsida; eudicotyledons; Gunneridae; Pentapetalae; rosids; fabids; Cucurbitales; Cucurbitaceae; Cucurbiteae; Cucurbita,0,1_104_VanA#2,core,0.883,0,0,0,0,[alpha]
XM_027235594.1:140-1748:1,XP_027091395.1,,LOC113712263,"chlorophyllide a oxygenase, chloroplastic-like",1_104_VanA,1,93.4,0.7727,1.1e-26,XM_027235594.1,140,1748,1,Coffea arabica,Eukaryota; Viridiplantae; Streptophyta; Embryophyta; Tracheophyta; Spermatophyta; Magnoliopsida; eudicotyledons; Gunneridae; Pentapetalae; asterids; lamiids; Gentianales; Rubiaceae; Ixoroideae; Gardenieae complex; Bertiereae - Coffeeae clade; Coffeeae; Coffea,0,1_104_VanA#2,core,0.9184,0,0,0,0,[alpha]
XM_027237670.1:137-1745:1,XP_027093471.1,,LOC113713860,"chlorophyllide a oxygenase, chloroplastic-like",1_104_VanA,1,93.4,0.7727,1e-26,XM_027237670.1,137,1745,1,Coffea arabica,Eukaryota; Viridiplantae; Streptophyta; Embryophyta; Tracheophyta; Spermatophyta; Magnoliopsida; eudicotyledons; Gunneridae; Pentapetalae; asterids; lamiids; Gentianales; Rubiaceae; Ixoroideae; Gardenieae complex; Bertiereae - Coffeeae clade; Coffeeae; Coffea,0,1_104_VanA#2,core,0.9179,0,0,0,0,[alpha]
XM_027237671.1:137-1745:1,XP_027093472.1,,LOC113713860,"chlorophyllide a oxygenase, chloroplastic-like",1_104_VanA,1,93.4,0.7727,1e-26,XM_027237671.1,137,1745,1,Coffea arabica,Eukaryota; Viridiplantae; Streptophyta; Embryophyta; Tracheophyta; Spermatophyta; Magnoliopsida; eudicotyledons; Gunneridae; Pentapetalae; asterids; lamiids; Gentianales; Rubiaceae; Ixoroideae; Gardenieae complex; Bertiereae - Coffeeae clade; Coffeeae; Coffea,0,1_104_VanA#2,core,0.9179,0,0,0,0,[alpha]
XM_027507649.1:90-1677:1,XP_027363450.1,,LOC113871002,"chlorophyllide a oxygenase, chloroplastic isoform X1",1_104_VanA,1,93.6,0.4631,9.2e-27,XM_027507649.1,90,1677,1,Abrus precatorius,Eukaryota; Viridiplantae; Streptophyta; Embryophyta; Tracheophyta; Spermatophyta; Magnoliopsida; eudicotyledons; Gunneridae; Pentapetalae; rosids; fabids; Fabales; Fabaceae; Papilionoideae; 50 kb inversion clade; NPAAA clade; indigoferoid/millettioid clade; Abreae; Abrus,0,1_104_VanA#2,core,0.9333,0,0,0,0,[alpha]
XM_027507659.1:91-1351:1,XP_027363460.1,,LOC113871002,"chlorophyllide a oxygenase, chloroplastic isoform X2",1_104_VanA,1,88.9,0.4631,2.6e-25,XM_027507659.1,91,1351,1,Abrus precatorius,Eukaryota; Viridiplantae; Streptophyta; Embryophyta; Tracheophyta; Spermatophyta; Magnoliopsida; eudicotyledons; Gunneridae; Pentapetalae; rosids; fabids; Fabales; Fabaceae; Papilionoideae; 50 kb inversion clade; NPAAA clade; indigoferoid/millettioid clade; Abreae; Abrus,0,1_104_VanA#2,core,0.9455,0,0,0,0,[alpha]
XM_029266694.1:64-1690:1,XP_029122527.1,,LOC105051924,"chlorophyllide a oxygenase, chloroplastic-like",1_104_VanA,1,87.9,0.4602,4.9e-25,XM_029266694.1,64,1690,1,Elaeis guineensis,Eukaryota; Viridiplantae; Streptophyta; Embryophyta; Tracheophyta; Spermatophyta; Magnoliopsida; Liliopsida; Arecaceae; Arecoideae; Cocoseae; Elaeidinae; Elaeis,0,1_104_VanA#2,core,0.8736,0,0,0,0,[alpha]
XM_030672153.1:36-1659:1,XP_030528013.1,,LOC115739173,"chlorophyllide a oxygenase, chloroplastic isoform X1",1_104_VanA,1,97.3,0.7273,6.7e-28,XM_030672153.1,36,1659,1,Rhodamnia argentea,Eukaryota; Viridiplantae; Streptophyta; Embryophyta; Tracheophyta; Spermatophyta; Magnoliopsida; eudicotyledons; Gunneridae; Pentapetalae; rosids; malvids; Myrtales; Myrtaceae; Myrtoideae; Myrteae; Australasian group; Rhodamnia,0,1_104_VanA#2,core,0.8809,0,0,0,0,[alpha]
XM_030672163.1:32-1640:1,XP_030528023.1,,LOC115739173,"chlorophyllide a oxygenase, chloroplastic isoform X2",1_104_VanA,1,97.4,0.7273,6.5e-28,XM_030672163.1,32,1640,1,Rhodamnia argentea,Eukaryota; Viridiplantae; Streptophyta; Embryophyta; Tracheophyta; Spermatophyta; Magnoliopsida; eudicotyledons; Gunneridae; Pentapetalae; rosids; malvids; Myrtales; Myrtaceae; Myrtoideae; Myrteae; Australasian group; Rhodamnia,0,1_104_VanA#2,core,0.8809,0,0,0,0,[alpha]
XM_031538364.1:110-1724:1,XP_031394224.1,,LOC116205716,"chlorophyllide a oxygenase, chloroplastic",1_104_VanA,1,96.1,0.7727,1.6e-27,XM_031538364.1,110,1724,1,Punica granatum,Eukaryota; Viridiplantae; Streptophyta; Embryophyta; Tracheophyta; Spermatophyta; Magnoliopsida; eudicotyledons; Gunneridae; Pentapetalae; rosids; malvids; Myrtales; Lythraceae; Punica,0,1_104_VanA#2,core,0.9537,0,0,0,0,[alpha]
XM_039120154.1:0-973:1,XP_038976082.1,,LOC103702743,"LOW QUALITY PROTEIN: chlorophyllide a oxygenase, chloroplastic",1_104_VanA,1,77.9,0.4602,5.4e-22,XM_039120154.1,0,973,1,Phoenix dactylifera,Eukaryota; Viridiplantae; Streptophyta; Embryophyta; Tracheophyta; Spermatophyta; Magnoliopsida; Liliopsida; Arecaceae; Coryphoideae; Phoeniceae; Phoenix,0,1_104_VanA#2,core,0.7888,0,0,0,0,[alpha]
XM_039132853.1:79-1708:1,XP_038988781.1,,LOC103699659,"chlorophyllide a oxygenase, chloroplastic",1_104_VanA,1,94.5,0.7727,4.8e-27,XM_039132853.1,79,1708,1,Phoenix dactylifera,Eukaryota; Viridiplantae; Streptophyta; Embryophyta; Tracheophyta; Spermatophyta; Magnoliopsida; Liliopsida; Arecaceae; Coryphoideae; Phoeniceae; Phoenix,0,1_104_VanA#2,core,0.8656,0,0,0,0,[alpha]
