candidate_id,protein_id,locus_tag,gene,product,ro_cluster,ro_group,hmm_score,model_coverage,hmm_evalue,nucleotide_id,start,end,strand,organism,taxonomy,is_plasmid,leaf_id,assignment_class,core_identity,operon_completeness,has_beta,has_ferredoxin,has_reductase,layout
NC_016037.1:138131-139220:-1,WP_014106881.1,GLX_RS15215,,aromatic ring-hydroxylating dioxygenase subunit alpha,1_105_DdmC,1,86.6,0.4543,1.1e-24,NC_016037.1,138131,139220,-1,Komagataeibacter medellinensis NBRC 3288,Bacteria; Pseudomonadati; Pseudomonadota; Alphaproteobacteria; Rhodospirillales; Acetobacteraceae; Komagataeibacter,1,1_105_DdmC#1,core,0.7235,0,0,0,0,regulator > [alpha]
NC_013857.1:452832-453906:-1,WP_012977490.1,AZL_RS26465,,aromatic ring-hydroxylating dioxygenase subunit alpha,1_105_DdmC,1,277.7,0.9882,8.9e-83,NC_013857.1,452832,453906,-1,Azospirillum sp. B510,Bacteria; Pseudomonadati; Pseudomonadota; Alphaproteobacteria; Rhodospirillales; Azospirillaceae; Azospirillum,1,1_105_DdmC#28,novel_candidate,0.2239,2,0,1,1,other > other > ferredoxin > reductase > other > other > hydrolase > other > transporter > [alpha] > reductase > other > other
NM_001154132.2:100-1678:1,NP_001147604.2,,cl64795_1,uncharacterized protein LOC100281213,1_105_DdmC,1,80.8,0.469,6.8e-23,NM_001154132.2,100,1678,1,Zea mays,Eukaryota; Viridiplantae; Streptophyta; Embryophyta; Tracheophyta; Spermatophyta; Magnoliophyta; Liliopsida; Poales; Poaceae; PACMAD clade; Panicoideae; Andropogonodae; Andropogoneae; Tripsacinae; Zea,0,1_105_DdmC#27,core,0.55,0,0,0,0,[alpha]
NM_001174842.1:1-1618:1,NP_001168313.1,,LOC100382079,"Protein TIC 55, chloroplastic-like",1_105_DdmC,1,99.6,0.4749,1.3e-28,NM_001174842.1,1,1618,1,Zea mays,Eukaryota; Viridiplantae; Streptophyta; Embryophyta; Tracheophyta; Spermatophyta; Magnoliopsida; Liliopsida; Poales; Poaceae; PACMAD clade; Panicoideae; Andropogonodae; Andropogoneae; Tripsacinae; Zea,0,1_105_DdmC#0,core,0.7733,0,0,0,0,[alpha]
NM_114357.6:263-1877:1,NP_190074.1,AT3G44880,ACD1,Pheophorbide a oxygenase family protein with Rieske 2Fe-2S domain-containing protein,1_105_DdmC,1,72.1,0.4779,2.9e-20,NM_114357.6,263,1877,1,Arabidopsis thaliana,Eukaryota; Viridiplantae; Streptophyta; Embryophyta; Tracheophyta; Spermatophyta; Magnoliopsida; eudicotyledons; Gunneridae; Pentapetalae; rosids; malvids; Brassicales; Brassicaceae; Camelineae; Arabidopsis,0,1_105_DdmC#2,novel_candidate,0.3901,0,0,0,0,[alpha]
NM_118697.4:107-1718:1,NP_567725.1,AT4G25650,ACD1-LIKE,ACD1-like protein,1_105_DdmC,1,67.7,0.469,6.3e-19,NM_118697.4,107,1718,1,Arabidopsis thaliana,Eukaryota; Viridiplantae; Streptophyta; Embryophyta; Tracheophyta; Spermatophyta; Magnoliopsida; eudicotyledons; Gunneridae; Pentapetalae; rosids; malvids; Brassicales; Brassicaceae; Camelineae; Arabidopsis,0,1_105_DdmC#6,divergent,0.5483,0,0,0,0,[alpha]
NM_128041.4:96-1716:1,NP_180055.1,AT2G24820,TIC55-II,translocon at the inner envelope membrane of chloroplasts 55-II,1_105_DdmC,1,97.2,0.469,6.9e-28,NM_128041.4,96,1716,1,Arabidopsis thaliana,Eukaryota; Viridiplantae; Streptophyta; Embryophyta; Tracheophyta; Spermatophyta; Magnoliopsida; eudicotyledons; Gunneridae; Pentapetalae; rosids; malvids; Brassicales; Brassicaceae; Camelineae; Arabidopsis,0,1_105_DdmC#0,core,0.9464,0,0,0,0,[alpha]
NM_179113.2:44-1724:1,NP_849444.1,AT4G25650,ACD1-LIKE,ACD1-like protein,1_105_DdmC,1,67.1,0.4661,9.9e-19,NM_179113.2,44,1724,1,Arabidopsis thaliana,Eukaryota; Viridiplantae; Streptophyta; Embryophyta; Tracheophyta; Spermatophyta; Magnoliopsida; eudicotyledons; Gunneridae; Pentapetalae; rosids; malvids; Brassicales; Brassicaceae; Camelineae; Arabidopsis,0,1_105_DdmC#50,core,0.6854,0,0,0,0,[alpha]
NZ_AAVU01000039.1:53553-54585:1,WP_009786670.1,L8106_RS22020,,aromatic ring-hydroxylating dioxygenase subunit alpha,1_105_DdmC,1,112.0,0.4956,2.2e-32,NZ_AAVU01000039.1,53553,54585,1,Lyngbya sp. PCC 8106,Bacteria; Bacillati; Cyanobacteriota; Cyanophyceae; Oscillatoriophycideae; Oscillatoriales; Microcoleaceae; Lyngbya,0,1_105_DdmC#49,novel_candidate,0.3889,1,0,0,1,reductase > [alpha]
NZ_ABCS01000061.1:27929-29036:1,WP_006974208.1,PPSIR1_RS26185,,aromatic ring-hydroxylating dioxygenase subunit alpha,1_105_DdmC,1,82.3,0.469,2.4e-23,NZ_ABCS01000061.1,27929,29036,1,Plesiocystis pacifica SIR-1,Bacteria; Pseudomonadati; Myxococcota; Polyangia; Nannocystales; Nannocystaceae; Plesiocystis,0,1_105_DdmC#103,novel_candidate,0.1969,0,0,0,0,[alpha]
NZ_ABCS01000033.1:2817-3882:-1,WP_006972576.1,PPSIR1_RS18175,,aromatic ring-hydroxylating dioxygenase subunit alpha,1_105_DdmC,1,89.8,0.4808,1.2e-25,NZ_ABCS01000033.1,2817,3882,-1,Plesiocystis pacifica SIR-1,Bacteria; Pseudomonadati; Myxococcota; Polyangia; Nannocystales; Nannocystaceae; Plesiocystis,0,1_105_DdmC#102,novel_candidate,0.2212,0,0,0,0,[alpha]
NZ_ACKO02000001.1:181923-182916:-1,WP_003755471.1,NEISICOT_RS00910,,Rieske 2Fe-2S domain-containing protein,1_105_DdmC,1,82.3,0.4897,2.4e-23,NZ_ACKO02000001.1,181923,182916,-1,Neisseria sicca ATCC 29256,Bacteria; Pseudomonadati; Pseudomonadota; Betaproteobacteria; Neisseriales; Neisseriaceae; Neisseria,0,1_105_DdmC#12,novel_candidate,0.2928,0,0,0,0,[alpha]
NZ_ABVL01000003.1:130598-131597:1,WP_006978557.1,CFE428DRAFT_RS33070,,Rieske 2Fe-2S domain-containing protein,1_105_DdmC,1,51.5,0.4808,5.6e-14,NZ_ABVL01000003.1,130598,131597,1,Chthoniobacter flavus Ellin428,Bacteria; Pseudomonadati; Verrucomicrobiota; Spartobacteria; Chthoniobacterales; Chthoniobacteraceae; Chthoniobacter,0,1_105_DdmC#101,novel_candidate,0.2372,0,0,0,0,[alpha] > other > other
NZ_AEUP01000031.1:133082-134177:-1,WP_006117263.1,APO_RS11770,,Rieske 2Fe-2S domain-containing protein,1_105_DdmC,1,80.7,0.4572,7.3e-23,NZ_AEUP01000031.1,133082,134177,-1,Acetobacter pomorum DM001,Bacteria; Pseudomonadati; Pseudomonadota; Alphaproteobacteria; Acetobacterales; Acetobacteraceae; Acetobacter,0,1_105_DdmC#1,core,0.9266,0,0,0,0,[alpha] > hypothetical > hypothetical
NZ_AEUP01000026.1:35773-36892:-1,WP_006116421.1,APO_RS07175,,aromatic ring-hydroxylating dioxygenase subunit alpha,1_105_DdmC,1,95.4,0.4749,2.4e-27,NZ_AEUP01000026.1,35773,36892,-1,Acetobacter pomorum DM001,Bacteria; Pseudomonadati; Pseudomonadota; Alphaproteobacteria; Acetobacterales; Acetobacteraceae; Acetobacter,0,1_105_DdmC#1,core,0.8565,0,0,0,0,other > [alpha] > other
NZ_AFDH01000034.1:45139-46216:-1,WP_009672873.1,HMPREF9413_RS06935,,aromatic ring-hydroxylating dioxygenase subunit alpha,1_105_DdmC,1,94.9,0.5074,3.5e-27,NZ_AFDH01000034.1,45139,46216,-1,Paenibacillus sp. HGF7,Bacteria; Bacillati; Bacillota; Bacilli; Bacillales; Paenibacillaceae; Paenibacillus,0,1_105_DdmC#46,novel_candidate,0.2679,0,0,0,0,other > other > reductase > hydrolase > other > other > other > other > [alpha]
NZ_AGJK01000096.1:7058-8144:1,WP_003601556.1,METEXDRAFT_RS16500,,aromatic ring-hydroxylating dioxygenase subunit alpha,1_105_DdmC,1,67.3,0.4749,8.6e-19,NZ_AGJK01000096.1,7058,8144,1,Methylorubrum extorquens DSM 13060,Bacteria; Pseudomonadati; Pseudomonadota; Alphaproteobacteria; Hyphomicrobiales; Methylobacteriaceae; Methylorubrum,0,1_105_DdmC#45,novel_candidate,0.3257,0,0,0,0,[alpha] > hydrolase
NZ_AGBF01000295.1:1755-2949:-1,WP_007504621.1,SZN_RS34860,,aromatic ring-hydroxylating dioxygenase subunit alpha,1_105_DdmC,1,90.3,0.469,8.8e-26,NZ_AGBF01000295.1,1755,2949,-1,Streptomyces zinciresistens K42,Bacteria; Bacillati; Actinomycetota; Actinomycetes; Kitasatosporales; Streptomycetaceae; Streptomyces,0,1_105_DdmC#25,divergent,0.4429,0,0,0,0,[alpha]
NZ_AKKF01000167.1:1844-2867:1,WP_007669938.1,PMI01_RS14320,,aromatic ring-hydroxylating dioxygenase subunit alpha,1_105_DdmC,1,214.1,0.9882,1.9e-63,NZ_AKKF01000167.1,1844,2867,1,Caulobacter sp. AP07,Bacteria; Pseudomonadati; Pseudomonadota; Alphaproteobacteria; Caulobacterales; Caulobacteraceae; Caulobacter,0,1_105_DdmC#24,novel_candidate,0.2158,0,0,0,0,[alpha]
NZ_AKKF01000167.1:53343-54402:-1,WP_007670050.1,PMI01_RS14555,,aromatic ring-hydroxylating dioxygenase subunit alpha,1_105_DdmC,1,259.8,0.9764,2.4e-77,NZ_AKKF01000167.1,53343,54402,-1,Caulobacter sp. AP07,Bacteria; Pseudomonadati; Pseudomonadota; Alphaproteobacteria; Caulobacterales; Caulobacteraceae; Caulobacter,0,1_105_DdmC#100,novel_candidate,0.2247,0,0,0,0,alpha_other > [alpha] > transporter
NZ_AKKF01000205.1:29652-30669:-1,WP_007672324.1,PMI01_RS18355,,aromatic ring-hydroxylating dioxygenase subunit alpha,1_105_DdmC,1,215.7,0.9853,6.5e-64,NZ_AKKF01000205.1,29652,30669,-1,Caulobacter sp. AP07,Bacteria; Pseudomonadati; Pseudomonadota; Alphaproteobacteria; Caulobacterales; Caulobacteraceae; Caulobacter,0,1_105_DdmC#24,novel_candidate,0.1956,0,0,0,0,other > hydrolase > [alpha]
NZ_AKKF01000205.1:37894-38905:1,WP_007672352.1,PMI01_RS18395,,aromatic ring-hydroxylating dioxygenase subunit alpha,1_105_DdmC,1,206.0,0.9912,5.7e-61,NZ_AKKF01000205.1,37894,38905,1,Caulobacter sp. AP07,Bacteria; Pseudomonadati; Pseudomonadota; Alphaproteobacteria; Caulobacterales; Caulobacteraceae; Caulobacter,0,1_105_DdmC#24,novel_candidate,0.1994,0,0,0,0,[alpha]
NZ_AQHN01000062.1:167750-168743:-1,WP_004119610.1,RHSP_RS16790,,Rieske 2Fe-2S domain-containing protein,1_105_DdmC,1,80.5,0.5929,8.4e-23,NZ_AQHN01000062.1,167750,168743,-1,Rhizobium freirei PRF 81,Bacteria; Pseudomonadati; Pseudomonadota; Alphaproteobacteria; Hyphomicrobiales; Rhizobiaceae; Rhizobium/Agrobacterium group; Rhizobium,0,1_105_DdmC#99,novel_candidate,0.2865,0,0,0,0,hypothetical > [alpha]
NZ_APMP01000003.1:27489-28578:1,WP_004616128.1,OR37_RS04050,,aromatic ring-hydroxylating dioxygenase subunit alpha,1_105_DdmC,1,79.8,0.5015,1.3e-22,NZ_APMP01000003.1,27489,28578,1,Caulobacter vibrioides OR37,Bacteria; Pseudomonadati; Pseudomonadota; Alphaproteobacteria; Caulobacterales; Caulobacteraceae; Caulobacter,0,1_105_DdmC#98,divergent,0.4626,0,0,0,0,[alpha]
NZ_ARYL01000011.1:43589-44690:1,WP_035537603.1,HOC_RS08645,,aromatic ring-hydroxylating dioxygenase subunit alpha,1_105_DdmC,1,72.2,0.4779,2.8e-20,NZ_ARYL01000011.1,43589,44690,1,Hyphomonas oceanitis SCH89,Bacteria; Pseudomonadati; Pseudomonadota; Alphaproteobacteria; Hyphomonadales; Hyphomonadaceae; Hyphomonas,0,1_105_DdmC#97,core,0.8946,0,0,0,0,hypothetical > hypothetical > other > [alpha] > other
NZ_ARYM01000010.1:72682-73780:1,WP_035597821.1,HPO_RS09875,,aromatic ring-hydroxylating dioxygenase subunit alpha,1_105_DdmC,1,78.5,0.4808,3.2e-22,NZ_ARYM01000010.1,72682,73780,1,Hyphomonas polymorpha PS728,Bacteria; Pseudomonadati; Pseudomonadota; Alphaproteobacteria; Hyphomonadales; Hyphomonadaceae; Hyphomonas,0,1_105_DdmC#5,core,0.9027,0,0,0,0,hypothetical > hypothetical > other > [alpha] > other > other > other > other > other
NZ_ARYI01000014.1:63499-64597:-1,WP_011645177.1,HHI_RS14515,,aromatic ring-hydroxylating dioxygenase subunit alpha,1_105_DdmC,1,77.3,0.4808,7.6e-22,NZ_ARYI01000014.1,63499,64597,-1,Hyphomonas hirschiana VP5,Bacteria; Pseudomonadati; Pseudomonadota; Alphaproteobacteria; Hyphomonadales; Hyphomonadaceae; Hyphomonas,0,1_105_DdmC#5,core,0.8624,0,0,0,0,hypothetical > hypothetical > other > [alpha] > other > other > other > other
NZ_ARYJ01000005.1:278169-279273:1,WP_035581546.1,HJA_RS09925,,aromatic ring-hydroxylating dioxygenase subunit alpha,1_105_DdmC,1,66.0,0.4808,2.1e-18,NZ_ARYJ01000005.1,278169,279273,1,Hyphomonas jannaschiana VP2,Bacteria; Pseudomonadati; Pseudomonadota; Alphaproteobacteria; Hyphomonadales; Hyphomonadaceae; Hyphomonas,0,1_105_DdmC#5,core,0.8893,0,0,0,0,other > [alpha] > reductase > hypothetical
NZ_ARYK01000004.1:210482-211583:1,WP_035616523.1,HJO_RS09670,,aromatic ring-hydroxylating dioxygenase subunit alpha,1_105_DdmC,1,69.3,0.4779,2e-19,NZ_ARYK01000004.1,210482,211583,1,Hyphomonas johnsonii MHS-2,Bacteria; Pseudomonadati; Pseudomonadota; Alphaproteobacteria; Hyphomonadales; Hyphomonadaceae; Hyphomonas,0,1_105_DdmC#5,core,0.843,0,0,0,0,other > [alpha]
NZ_ASSJ01000070.1:115396-116446:-1,WP_022608202.1,KR51_RS12280,,aromatic ring-hydroxylating dioxygenase subunit alpha,1_105_DdmC,1,79.2,0.4867,2.1e-22,NZ_ASSJ01000070.1,115396,116446,-1,Rubidibacter lacunae KORDI 51-2,Bacteria; Bacillati; Cyanobacteriota; Cyanophyceae; Oscillatoriophycideae; Chroococcales; Aphanothecaceae; Rubidibacter,0,1_105_DdmC#43,novel_candidate,0.3686,0,0,0,0,[alpha]
NZ_ATDP01000097.1:158163-159195:-1,WP_021226968.1,RLDS_RS44800,,Rieske 2Fe-2S domain-containing protein,1_105_DdmC,1,254.6,0.9941,9.4e-76,NZ_ATDP01000097.1,158163,159195,-1,Sphingobium lactosutens DS20,Bacteria; Pseudomonadati; Pseudomonadota; Alphaproteobacteria; Sphingomonadales; Sphingomonadaceae; Sphingobium,0,1_105_DdmC#96,novel_candidate,0.2281,0,0,0,0,other > hydrolase > hydrolase > other > [alpha] > other
NZ_ATHL01000007.1:5375-6392:1,WP_021232148.1,L284_RS25795,,Rieske 2Fe-2S domain-containing protein,1_105_DdmC,1,206.5,0.9941,3.9e-61,NZ_ATHL01000007.1,5375,6392,1,Novosphingobium lindaniclasticum LE124,Bacteria; Pseudomonadati; Pseudomonadota; Alphaproteobacteria; Sphingomonadales; Sphingomonadaceae; Novosphingobium,0,1_105_DdmC#8,novel_candidate,0.2168,0,0,0,0,[alpha]
NZ_ATHO01000072.1:10129-11203:-1,WP_021238063.1,L288_RS41955,,aromatic ring-hydroxylating dioxygenase subunit alpha,1_105_DdmC,1,141.1,0.9705,3.1e-41,NZ_ATHO01000072.1,10129,11203,-1,Sphingobium quisquiliarum P25,Bacteria; Pseudomonadati; Pseudomonadota; Alphaproteobacteria; Sphingomonadales; Sphingomonadaceae; Sphingobium,0,1_105_DdmC#95,novel_candidate,0.2036,0,0,0,0,[alpha] > reductase > reductase
NZ_ATHO01000130.1:23261-24299:1,WP_031304600.1,L288_RS35735,,aromatic ring-hydroxylating dioxygenase subunit alpha,1_105_DdmC,1,243.1,0.9794,2.9e-72,NZ_ATHO01000130.1,23261,24299,1,Sphingobium quisquiliarum P25,Bacteria; Pseudomonadati; Pseudomonadota; Alphaproteobacteria; Sphingomonadales; Sphingomonadaceae; Sphingobium,0,1_105_DdmC#42,novel_candidate,0.2094,0,0,0,0,[alpha] > other
NZ_ATHO01000130.1:31318-32386:1,WP_021238974.1,L288_RS35775,,aromatic ring-hydroxylating dioxygenase subunit alpha,1_105_DdmC,1,220.5,0.8024,2.1e-65,NZ_ATHO01000130.1,31318,32386,1,Sphingobium quisquiliarum P25,Bacteria; Pseudomonadati; Pseudomonadota; Alphaproteobacteria; Sphingomonadales; Sphingomonadaceae; Sphingobium,0,1_105_DdmC#28,novel_candidate,0.2369,0,0,0,0,regulator > regulator > [alpha]
NZ_ATHO01000141.1:6284-7340:1,WP_021239166.1,L288_RS36930,,Rieske 2Fe-2S domain-containing protein,1_105_DdmC,1,211.3,0.9823,1.4e-62,NZ_ATHO01000141.1,6284,7340,1,Sphingobium quisquiliarum P25,Bacteria; Pseudomonadati; Pseudomonadota; Alphaproteobacteria; Sphingomonadales; Sphingomonadaceae; Sphingobium,0,1_105_DdmC#94,novel_candidate,0.216,0,0,0,0,[alpha]
NZ_ATHO01000014.1:58259-59285:1,WP_041207689.1,L288_RS24585,,aromatic ring-hydroxylating dioxygenase subunit alpha,1_105_DdmC,1,219.3,0.9882,5.1e-65,NZ_ATHO01000014.1,58259,59285,1,Sphingobium quisquiliarum P25,Bacteria; Pseudomonadati; Pseudomonadota; Alphaproteobacteria; Sphingomonadales; Sphingomonadaceae; Sphingobium,0,1_105_DdmC#93,novel_candidate,0.2081,0,0,0,0,[alpha]
NZ_AUNE01000004.1:81353-82385:1,WP_021269593.1,M899_RS01285,,aromatic ring-hydroxylating dioxygenase subunit alpha,1_105_DdmC,1,77.8,0.5044,5.4e-22,NZ_AUNE01000004.1,81353,82385,1,Bacteriovorax sp. BSW11_IV,Bacteria; Pseudomonadati; Bdellovibrionota; Bacteriovoracia; Bacteriovoracales; Bacteriovoracaceae; Bacteriovorax,0,1_105_DdmC#92,novel_candidate,0.2466,1,0,1,0,other > other > other > hypothetical > ferredoxin > [alpha] > other > other > other
NZ_ATUQ01000001.1:441711-442737:1,WP_015048565.1,G409_RS0101865,,Rieske 2Fe-2S domain-containing protein,1_105_DdmC,1,99.9,0.4985,1e-28,NZ_ATUQ01000001.1,441711,442737,1,Simiduia agarivorans SA1 = DSM 21679,Bacteria; Pseudomonadati; Pseudomonadota; Gammaproteobacteria; Cellvibrionales; Cellvibrionaceae; Simiduia,0,1_105_DdmC#91,novel_candidate,0.2456,0,0,0,0,other > reductase > hydrolase > other > other > [alpha] > other > hypothetical > hypothetical > regulator > hypothetical > hydrolase
NZ_AUWY01000133.1:7239-8337:1,WP_021319992.1,M529_RS46245,,aromatic ring-hydroxylating dioxygenase subunit alpha,1_105_DdmC,1,278.3,0.9882,5.6e-83,NZ_AUWY01000133.1,7239,8337,1,Sphingobium ummariense RL-3,Bacteria; Pseudomonadati; Pseudomonadota; Alphaproteobacteria; Sphingomonadales; Sphingomonadaceae; Sphingobium,0,1_105_DdmC#90,novel_candidate,0.2134,0,0,0,0,other > [alpha]
NZ_AUZM01000017.1:93159-94191:1,WP_023066020.1,M595_RS09745,,aromatic ring-hydroxylating dioxygenase subunit alpha,1_105_DdmC,1,104.6,0.4956,3.9e-30,NZ_AUZM01000017.1,93159,94191,1,Lyngbya aestuarii BL J,Bacteria; Bacillati; Cyanobacteriota; Cyanophyceae; Oscillatoriophycideae; Oscillatoriales; Microcoleaceae; Lyngbya,0,1_105_DdmC#109,novel_candidate,0.3758,1,0,0,1,reductase > [alpha]
NZ_AWFC01000027.1:137712-138837:-1,WP_034829439.1,HY11_RS06475,,aromatic ring-hydroxylating dioxygenase subunit alpha,1_105_DdmC,1,73.5,0.4749,1.1e-20,NZ_AWFC01000027.1,137712,138837,-1,Hyphomonas pacifica,Bacteria; Pseudomonadati; Pseudomonadota; Alphaproteobacteria; Hyphomonadales; Hyphomonadaceae; Hyphomonas,0,1_105_DdmC#5,core,0.9433,0,0,0,0,other > [alpha]
NZ_AWFD01000023.1:173016-174117:-1,WP_034766787.1,HY17_RS12040,,aromatic ring-hydroxylating dioxygenase subunit alpha,1_105_DdmC,1,64.8,0.4808,4.9e-18,NZ_AWFD01000023.1,173016,174117,-1,Hyphomonas sp. CY54-11-8,Bacteria; Pseudomonadati; Pseudomonadota; Alphaproteobacteria; Hyphomonadales; Hyphomonadaceae; Hyphomonas,0,1_105_DdmC#5,core,0.8904,0,0,0,0,[alpha] > reductase > hypothetical
NZ_AWFF01000026.1:108529-109654:1,WP_034792833.1,HY29_RS04225,,aromatic ring-hydroxylating dioxygenase subunit alpha,1_105_DdmC,1,74.7,0.4779,4.8e-21,NZ_AWFF01000026.1,108529,109654,1,Hyphomonas beringensis,Bacteria; Pseudomonadati; Pseudomonadota; Alphaproteobacteria; Hyphomonadales; Hyphomonadaceae; Hyphomonas,0,1_105_DdmC#5,core,0.9221,0,0,0,0,other > [alpha]
NZ_AWFI01000021.1:100924-102022:1,WP_034817705.1,L53_RS16020,,aromatic ring-hydroxylating dioxygenase subunit alpha,1_105_DdmC,1,66.8,0.4808,1.2e-18,NZ_AWFI01000021.1,100924,102022,1,Hyphomonas sp. L-53-1-40,Bacteria; Pseudomonadati; Pseudomonadota; Alphaproteobacteria; Hyphomonadales; Hyphomonadaceae; Hyphomonas,0,1_105_DdmC#5,core,0.9082,0,0,0,0,[alpha]
NZ_AWGB01000007.1:82163-83264:-1,WP_018081719.1,ABENE_RS30185,,aromatic ring-hydroxylating dioxygenase subunit alpha,1_105_DdmC,1,82.0,0.4838,2.9e-23,NZ_AWGB01000007.1,82163,83264,-1,Asticcacaulis benevestitus DSM 16100 = ATCC BAA-896,Bacteria; Pseudomonadati; Pseudomonadota; Alphaproteobacteria; Caulobacterales; Caulobacteraceae; Asticcacaulis,0,1_105_DdmC#16,divergent,0.4483,1,0,0,1,reductase > [alpha] > other
NZ_AWGC01000004.1:86083-87193:-1,WP_023447972.1,ABAC402_RS22875,,aromatic ring-hydroxylating dioxygenase subunit alpha,1_105_DdmC,1,74.7,0.4838,4.7e-21,NZ_AWGC01000004.1,86083,87193,-1,Asticcacaulis sp. AC402,Bacteria; Pseudomonadati; Pseudomonadota; Alphaproteobacteria; Caulobacterales; Caulobacteraceae; Asticcacaulis,0,1_105_DdmC#16,divergent,0.4232,0,0,0,0,other > other > [alpha]
NZ_AWGD01000003.1:120321-121431:-1,WP_023451729.1,ABAC460_RS27155,,aromatic ring-hydroxylating dioxygenase subunit alpha,1_105_DdmC,1,74.9,0.4838,4.1e-21,NZ_AWGD01000003.1,120321,121431,-1,Asticcacaulis sp. AC460,Bacteria; Pseudomonadati; Pseudomonadota; Alphaproteobacteria; Caulobacterales; Caulobacteraceae; Asticcacaulis,0,1_105_DdmC#16,divergent,0.446,0,0,0,0,other > other > [alpha]
NZ_AWFH01000004.1:6138-7236:-1,WP_035549118.1,HY36_RS04425,,aromatic ring-hydroxylating dioxygenase subunit alpha,1_105_DdmC,1,73.0,0.4808,1.5e-20,NZ_AWFH01000004.1,6138,7236,-1,Hyphomonas atlantica,Bacteria; Pseudomonadati; Pseudomonadota; Alphaproteobacteria; Hyphomonadales; Hyphomonadaceae; Hyphomonas,0,1_105_DdmC#5,core,0.9286,0,0,0,0,[alpha] > hypothetical
NZ_AWGF01000001.1:561003-562107:1,WP_023460822.1,AEYBE204_RS23425,,aromatic ring-hydroxylating dioxygenase subunit alpha,1_105_DdmC,1,79.2,0.4838,2.1e-22,NZ_AWGF01000001.1,561003,562107,1,Asticcacaulis sp. YBE204,Bacteria; Pseudomonadati; Pseudomonadota; Alphaproteobacteria; Caulobacterales; Caulobacteraceae; Asticcacaulis,0,1_105_DdmC#16,divergent,0.4394,0,0,0,0,[alpha]
NZ_AWNH01000012.1:154170-155313:-1,WP_023070781.1,N836_RS43070,,aromatic ring-hydroxylating dioxygenase subunit alpha,1_105_DdmC,1,96.2,0.469,1.4e-27,NZ_AWNH01000012.1,154170,155313,-1,Leptolyngbya sp. Heron Island J,Bacteria; Bacillati; Cyanobacteriota; Cyanophyceae; Leptolyngbyales; Leptolyngbyaceae; Leptolyngbya group; Leptolyngbya,0,1_105_DdmC#47,divergent,0.4286,0,0,0,0,[alpha]
NZ_AWGE01000001.1:368970-370071:1,WP_023456388.1,AEAC466_RS24740,,aromatic ring-hydroxylating dioxygenase subunit alpha,1_105_DdmC,1,77.3,0.4867,7.7e-22,NZ_AWGE01000001.1,368970,370071,1,Asticcacaulis sp. AC466,Bacteria; Pseudomonadati; Pseudomonadota; Alphaproteobacteria; Caulobacterales; Caulobacteraceae; Asticcacaulis,0,1_105_DdmC#16,divergent,0.4552,0,0,0,0,other > other > hypothetical > other > other > [alpha] > other
NZ_AYOY01000001.1:45189-46230:1,WP_024017885.1,C100_RS25770,,aromatic ring-hydroxylating dioxygenase subunit alpha,1_105_DdmC,1,244.9,0.9764,8.3e-73,NZ_AYOY01000001.1,45189,46230,1,Sphingobium sp. C100,Bacteria; Pseudomonadati; Pseudomonadota; Alphaproteobacteria; Sphingomonadales; Sphingomonadaceae; Sphingobium,0,1_105_DdmC#19,novel_candidate,0.2025,0,0,0,0,other > other > [alpha] > other > reductase > other > reductase
NZ_AYWA01000005.1:292553-293558:1,WP_023705346.1,X758_RS148650,,Rieske (2Fe-2S) protein,1_105_DdmC,1,73.2,0.472,1.4e-20,NZ_AYWA01000005.1,292553,293558,1,Mesorhizobium sp. LSHC414A00,Bacteria; Pseudomonadati; Pseudomonadota; Alphaproteobacteria; Hyphomicrobiales; Phyllobacteriaceae; Mesorhizobium,0,1_105_DdmC#10,novel_candidate,0.3086,0,0,0,0,other > reductase > hydrolase > other > other > [alpha]
NZ_AYWN01000005.1:662666-663671:-1,WP_023754722.1,X745_RS149435,,Rieske (2Fe-2S) protein,1_105_DdmC,1,75.4,0.4985,3e-21,NZ_AYWN01000005.1,662666,663671,-1,Mesorhizobium sp. LNJC372A00,Bacteria; Pseudomonadati; Pseudomonadota; Alphaproteobacteria; Hyphomicrobiales; Phyllobacteriaceae; Mesorhizobium,0,1_105_DdmC#10,novel_candidate,0.3086,0,0,0,0,other > reductase > hydrolase > other > other > [alpha] > other > other
NZ_AYWI01000006.1:599089-600094:-1,WP_023747904.1,X750_RS146870,,Rieske (2Fe-2S) protein,1_105_DdmC,1,73.2,0.469,1.4e-20,NZ_AYWI01000006.1,599089,600094,-1,Mesorhizobium sp. LNJC391B00,Bacteria; Pseudomonadati; Pseudomonadota; Alphaproteobacteria; Hyphomicrobiales; Phyllobacteriaceae; Mesorhizobium,0,1_105_DdmC#10,novel_candidate,0.3086,0,0,0,0,other > [alpha]
NZ_AYWV01000006.1:237419-238424:-1,WP_023805658.1,X737_RS151265,,Rieske 2Fe-2S domain-containing protein,1_105_DdmC,1,73.1,0.472,1.4e-20,NZ_AYWV01000006.1,237419,238424,-1,Mesorhizobium sp. L2C089B000,Bacteria; Pseudomonadati; Pseudomonadota; Alphaproteobacteria; Hyphomicrobiales; Phyllobacteriaceae; Mesorhizobium,0,1_105_DdmC#10,novel_candidate,0.3158,0,0,0,0,hypothetical > other > other > other > reductase > hydrolase > other > hypothetical > other > [alpha] > other > other
NZ_BANI01000004.1:80703-81825:1,WP_029335013.1,B7451_RS00635,,aromatic ring-hydroxylating dioxygenase subunit alpha,1_105_DdmC,1,99.8,0.472,1.1e-28,NZ_BANI01000004.1,80703,81825,1,Komagataeibacter europaeus NBRC 3261,Bacteria; Pseudomonadati; Pseudomonadota; Alphaproteobacteria; Acetobacterales; Acetobacteraceae; Komagataeibacter,0,1_105_DdmC#1,core,0.8819,0,0,0,0,[alpha] > other
NZ_BANI01000051.1:10691-11840:-1,WP_048850894.1,B7451_RS06975,,aromatic ring-hydroxylating dioxygenase subunit alpha,1_105_DdmC,1,111.9,0.4749,2.3e-32,NZ_BANI01000051.1,10691,11840,-1,Komagataeibacter europaeus NBRC 3261,Bacteria; Pseudomonadati; Pseudomonadota; Alphaproteobacteria; Acetobacterales; Acetobacteraceae; Komagataeibacter,0,1_105_DdmC#1,core,0.7412,0,0,0,0,[alpha] > hypothetical > other > other > other > dehydrogenase > other > other > other > other
NZ_BANJ01000032.1:33418-34552:-1,WP_010514795.1,B7447_RS08100,,aromatic ring-hydroxylating dioxygenase subunit alpha,1_105_DdmC,1,109.5,0.4749,1.2e-31,NZ_BANJ01000032.1,33418,34552,-1,Komagataeibacter xylinus NBRC 13693,Bacteria; Pseudomonadati; Pseudomonadota; Alphaproteobacteria; Acetobacterales; Acetobacteraceae; Komagataeibacter,0,1_105_DdmC#1,core,0.7326,0,0,0,0,[alpha] > hypothetical > other > other
NZ_BANJ01000068.1:9494-10616:-1,WP_048857065.1,B7447_RS13850,,aromatic ring-hydroxylating dioxygenase subunit alpha,1_105_DdmC,1,102.9,0.472,1.3e-29,NZ_BANJ01000068.1,9494,10616,-1,Komagataeibacter xylinus NBRC 13693,Bacteria; Pseudomonadati; Pseudomonadota; Alphaproteobacteria; Acetobacterales; Acetobacteraceae; Komagataeibacter,0,1_105_DdmC#1,core,0.8716,0,0,0,0,[alpha] > other
NZ_BAQF01000007.1:60960-62088:1,WP_048848783.1,AA103193_RS04710,,aromatic ring-hydroxylating dioxygenase subunit alpha,1_105_DdmC,1,108.7,0.472,2.2e-31,NZ_BAQF01000007.1,60960,62088,1,Tanticharoenia sakaeratensis NBRC 103193,Bacteria; Pseudomonadati; Pseudomonadota; Alphaproteobacteria; Acetobacterales; Acetobacteraceae; Tanticharoenia,0,1_105_DdmC#25,core,0.7889,0,0,0,0,other > other > [alpha] > hydrolase
NZ_BATC01000006.1:82982-84101:-1,WP_021696474.1,MBEBAB_RS03105,,aromatic ring-hydroxylating dioxygenase subunit alpha,1_105_DdmC,1,86.4,0.5162,1.3e-24,NZ_BATC01000006.1,82982,84101,-1,Brevundimonas abyssalis TAR-001,Bacteria; Pseudomonadati; Pseudomonadota; Alphaproteobacteria; Caulobacterales; Caulobacteraceae; Brevundimonas,0,1_105_DdmC#9,divergent,0.4456,0,0,0,0,[alpha]
NZ_BBUY01000010.1:189272-190448:1,WP_066934385.1,AZE13_RS21660,,aromatic ring-hydroxylating dioxygenase subunit alpha,1_105_DdmC,1,101.6,0.472,3.1e-29,NZ_BBUY01000010.1,189272,190448,1,Streptomyces sp. NBRC 110611,Bacteria; Bacillati; Actinomycetota; Actinomycetes; Kitasatosporales; Streptomycetaceae; Streptomyces,0,1_105_DdmC#89,novel_candidate,0.3436,0,0,0,0,other > other > [alpha] > reductase > other > transporter
NZ_BDES01000049.1:123304-124423:1,WP_003624538.1,NBRC3188_RS09245,,aromatic ring-hydroxylating dioxygenase subunit alpha,1_105_DdmC,1,96.3,0.4749,1.3e-27,NZ_BDES01000049.1,123304,124423,1,Acetobacter pasteurianus NBRC 3188,Bacteria; Pseudomonadati; Pseudomonadota; Alphaproteobacteria; Acetobacterales; Acetobacteraceae; Acetobacter,0,1_105_DdmC#1,core,0.8963,0,0,0,0,other > [alpha] > other
NZ_BJXQ01000001.1:47346-48423:1,WP_048844604.1,AIN02nite_RS00190,,Rieske 2Fe-2S domain-containing protein,1_105_DdmC,1,91.3,0.4543,4.3e-26,NZ_BJXQ01000001.1,47346,48423,1,Acetobacter indonesiensis,Bacteria; Pseudomonadati; Pseudomonadota; Alphaproteobacteria; Acetobacterales; Acetobacteraceae; Acetobacter,0,1_105_DdmC#1,core,0.7616,0,0,0,0,[alpha]
NZ_BJXQ01000001.1:331911-333018:-1,WP_048844775.1,AIN02nite_RS01360,,aromatic ring-hydroxylating dioxygenase subunit alpha,1_105_DdmC,1,99.9,0.472,1.1e-28,NZ_BJXQ01000001.1,331911,333018,-1,Acetobacter indonesiensis,Bacteria; Pseudomonadati; Pseudomonadota; Alphaproteobacteria; Acetobacterales; Acetobacteraceae; Acetobacter,0,1_105_DdmC#1,core,0.9323,0,0,0,0,other > hypothetical > [alpha] > other
NZ_BJVU01000014.1:29648-30752:1,WP_048838621.1,ACI01nite_RS12140,,aromatic ring-hydroxylating dioxygenase subunit alpha,1_105_DdmC,1,103.2,0.4749,1e-29,NZ_BJVU01000014.1,29648,30752,1,Acetobacter cibinongensis,Bacteria; Pseudomonadati; Pseudomonadota; Alphaproteobacteria; Acetobacterales; Acetobacteraceae; Acetobacter,0,1_105_DdmC#1,core,0.8764,0,0,0,0,other > hypothetical > [alpha] > hydrolase > hypothetical
NZ_BSNB01000003.1:531253-532414:-1,WP_231490205.1,QQL55_RS06805,,Rieske 2Fe-2S domain-containing protein,1_105_DdmC,1,100.3,0.472,8e-29,NZ_BSNB01000003.1,531253,532414,-1,Gluconobacter roseus NBRC 3990,Bacteria; Pseudomonadati; Pseudomonadota; Alphaproteobacteria; Acetobacterales; Acetobacteraceae; Gluconobacter,0,1_105_DdmC#1,core,0.7853,0,0,0,0,[alpha] > hydrolase
NZ_CABVQS010000002.1:217780-218917:1,WP_235986485.1,BLA39750_RS03110,,aromatic ring-hydroxylating dioxygenase subunit alpha,1_105_DdmC,1,106.3,0.4897,1.2e-30,NZ_CABVQS010000002.1,217780,218917,1,Burkholderia contaminans,Bacteria; Pseudomonadati; Pseudomonadota; Betaproteobacteria; Burkholderiales; Burkholderiaceae; Burkholderia; Burkholderia cepacia complex,0,1_105_DdmC#11,divergent,0.543,0,0,0,0,other > other > [alpha]
NZ_CABVQB010000028.1:33268-34405:1,WP_254602452.1,BLA6863_RS34050,,aromatic ring-hydroxylating dioxygenase subunit alpha,1_105_DdmC,1,104.4,0.5162,4.4e-30,NZ_CABVQB010000028.1,33268,34405,1,Burkholderia lata,Bacteria; Pseudomonadati; Pseudomonadota; Betaproteobacteria; Burkholderiales; Burkholderiaceae; Burkholderia; Burkholderia cepacia complex,0,1_105_DdmC#11,divergent,0.529,0,0,0,0,other > other > [alpha]
NZ_CADIKA010000011.1:186234-187320:1,WP_232292210.1,HV697_RS23655,,aromatic ring-hydroxylating dioxygenase subunit alpha,1_105_DdmC,1,234.0,0.9853,1.7e-69,NZ_CADIKA010000011.1,186234,187320,1,Paraburkholderia graminis C4D1M,Bacteria; Pseudomonadati; Pseudomonadota; Betaproteobacteria; Burkholderiales; Burkholderiaceae; Paraburkholderia,0,1_105_DdmC#40,novel_candidate,0.2263,0,0,0,0,[alpha]
NZ_CADIKB010000006.1:180324-181410:1,WP_035484461.1,HV711_RS09740,,aromatic ring-hydroxylating dioxygenase subunit alpha,1_105_DdmC,1,221.5,0.9941,1.1e-65,NZ_CADIKB010000006.1,180324,181410,1,Paraburkholderia phenoliruptrix,Bacteria; Pseudomonadati; Pseudomonadota; Betaproteobacteria; Burkholderiales; Burkholderiaceae; Paraburkholderia,0,1_105_DdmC#40,novel_candidate,0.2321,0,0,0,0,[alpha]
NZ_CAWLMR010000899.1:2214-3282:1,WP_007309901.1,AACR44_RS22955,,aromatic ring-hydroxylating dioxygenase subunit alpha,1_105_DdmC,1,95.8,0.4985,1.9e-27,NZ_CAWLMR010000899.1,2214,3282,1,Crocosphaera watsonii WH 0003,Bacteria; Bacillati; Cyanobacteriota; Cyanophyceae; Oscillatoriophycideae; Chroococcales; Aphanothecaceae; Crocosphaera,0,1_105_DdmC#48,novel_candidate,0.3494,0,0,0,0,[alpha] > other > other > other > other > other
NZ_CAXIAO010000009.1:94520-95621:1,WP_034740200.1,AADI53_RS07105,,aromatic ring-hydroxylating dioxygenase subunit alpha,1_105_DdmC,1,71.6,0.4779,4.3e-20,NZ_CAXIAO010000009.1,94520,95621,1,Hyphomonas chukchiensis,Bacteria; Pseudomonadati; Pseudomonadota; Alphaproteobacteria; Hyphomonadales; Hyphomonadaceae; Hyphomonas,0,1_105_DdmC#5,core,0.9048,0,0,0,0,hypothetical > hypothetical > other > [alpha] > other > other > other > hypothetical > other
NZ_CAWLGH010000321.1:153898-154966:1,WP_007304485.1,AACR32_RS23825,,aromatic ring-hydroxylating dioxygenase subunit alpha,1_105_DdmC,1,95.8,0.4985,1.9e-27,NZ_CAWLGH010000321.1,153898,154966,1,Crocosphaera watsonii WH 8501,Bacteria; Bacillati; Cyanobacteriota; Cyanophyceae; Oscillatoriophycideae; Chroococcales; Aphanothecaceae; Crocosphaera,0,1_105_DdmC#48,novel_candidate,0.3494,0,0,0,0,[alpha] > other > other > other > other > other
NZ_CCBH010000152.1:82401-83421:1,WP_054946321.1,SPHV1_RS12165,,aromatic ring-hydroxylating dioxygenase subunit alpha,1_105_DdmC,1,190.0,0.9971,4e-56,NZ_CCBH010000152.1,82401,83421,1,Novosphingobium sp. KN65.2,Bacteria; Pseudomonadati; Pseudomonadota; Alphaproteobacteria; Sphingomonadales; Sphingomonadaceae; Novosphingobium,0,1_105_DdmC#8,novel_candidate,0.2083,0,0,0,0,[alpha]
NZ_CCBH010000203.1:9482-10490:1,WP_054948142.1,SPHV1_RS22005,,aromatic ring-hydroxylating dioxygenase subunit alpha,1_105_DdmC,1,214.8,0.9794,1.2e-63,NZ_CCBH010000203.1,9482,10490,1,Novosphingobium sp. KN65.2,Bacteria; Pseudomonadati; Pseudomonadota; Alphaproteobacteria; Sphingomonadales; Sphingomonadaceae; Novosphingobium,0,1_105_DdmC#88,novel_candidate,0.2161,0,0,0,0,[alpha]
NZ_CCNB01000009.1:100822-101818:1,WP_052457851.1,MPLDJ20_RS12625,,Rieske 2Fe-2S domain-containing protein,1_105_DdmC,1,87.3,0.5369,6.8e-25,NZ_CCNB01000009.1,100822,101818,1,Mesorhizobium plurifarium,Bacteria; Proteobacteria; Alphaproteobacteria; Rhizobiales; Phyllobacteriaceae; Mesorhizobium,0,1_105_DdmC#10,novel_candidate,0.3068,0,0,0,0,other > other > other > reductase > hydrolase > other > other > [alpha] > other > other
NZ_CP005084.1:195482-196523:-1,WP_237230141.1,K426_RS21855,,aromatic ring-hydroxylating dioxygenase subunit alpha,1_105_DdmC,1,259.4,0.9764,3.3e-77,NZ_CP005084.1,195482,196523,-1,Sphingobium sp. TKS,Bacteria; Pseudomonadati; Pseudomonadota; Alphaproteobacteria; Sphingomonadales; Sphingomonadaceae; Sphingobium,0,1_105_DdmC#19,novel_candidate,0.2043,0,0,0,0,other > other > [alpha] > other > reductase > other > reductase
NZ_CP009292.1:105142-106186:1,WP_039857629.1,JI59_RS19180,,aromatic ring-hydroxylating dioxygenase subunit alpha,1_105_DdmC,1,168.4,0.8938,1.5e-49,NZ_CP009292.1,105142,106186,1,Novosphingobium pentaromativorans US6-1,Bacteria; Pseudomonadati; Pseudomonadota; Alphaproteobacteria; Sphingomonadales; Sphingomonadaceae; Novosphingobium,1,1_105_DdmC#87,novel_candidate,0.2019,0,0,0,0,other > hydrolase > reductase > reductase > [alpha] > dehydrogenase > regulator
NZ_CP016458.1:46089-47118:-1,WP_083231222.1,BSY18_RS00220,,aromatic ring-hydroxylating dioxygenase subunit alpha,1_105_DdmC,1,241.5,0.9823,8.9e-72,NZ_CP016458.1,46089,47118,-1,Blastomonas sp. RAC04,Bacteria; Pseudomonadati; Pseudomonadota; Alphaproteobacteria; Sphingomonadales; Sphingomonadaceae; Blastomonas,1,1_105_DdmC#18,novel_candidate,0.1921,0,0,0,0,other > [alpha]
NZ_DF968392.1:118235-119288:-1,WP_059422814.1,AOQ53_RS32840,,Rieske 2Fe-2S domain-containing protein,1_105_DdmC,1,74.1,0.472,7.3e-21,NZ_DF968392.1,118235,119288,-1,Streptomyces azureus,Bacteria; Bacillati; Actinomycetota; Actinomycetes; Kitasatosporales; Streptomycetaceae; Streptomyces,0,1_105_DdmC#39,novel_candidate,0.2807,0,0,0,0,other > alpha_other > alpha_other > [alpha] > other > other > hypothetical
NZ_DS989860.1:42882-43944:1,WP_006103795.1,MC7420_RS24365,,aromatic ring-hydroxylating dioxygenase subunit alpha,1_105_DdmC,1,111.2,0.4572,3.8e-32,NZ_DS989860.1,42882,43944,1,Coleofasciculus chthonoplastes PCC 7420,Bacteria; Bacillati; Cyanobacteriota; Cyanophyceae; Coleofasciculales; Coleofasciculaceae; Coleofasciculus,0,1_105_DdmC#86,novel_candidate,0.2818,0,0,0,0,[alpha] > other > other > other > hypothetical
NZ_DS989851.1:26844-28194:-1,WP_006101713.1,MC7420_RS16035,,Rieske 2Fe-2S domain-containing protein,1_105_DdmC,1,116.5,0.4956,9.6e-34,NZ_DS989851.1,26844,28194,-1,Coleofasciculus chthonoplastes PCC 7420,Bacteria; Bacillati; Cyanobacteriota; Cyanophyceae; Coleofasciculales; Coleofasciculaceae; Coleofasciculus,0,1_105_DdmC#85,divergent,0.4022,0,0,0,0,[alpha]
NZ_FCOA02000010.1:220565-221723:1,WP_061168681.1,AWB79_RS17545,,aromatic ring-hydroxylating dioxygenase subunit alpha,1_105_DdmC,1,106.7,0.4867,8.8e-31,NZ_FCOA02000010.1,220565,221723,1,Caballeronia hypogeia,Bacteria; Pseudomonadati; Pseudomonadota; Betaproteobacteria; Burkholderiales; Burkholderiaceae; Caballeronia,0,1_105_DdmC#1,core,0.6301,0,0,0,0,regulator > [alpha] > hypothetical
NZ_FMWI01000004.1:228956-229973:-1,WP_072443414.1,BLP89_RS16430,,aromatic ring-hydroxylating dioxygenase subunit alpha,1_105_DdmC,1,96.8,0.5959,9.2e-28,NZ_FMWI01000004.1,228956,229973,-1,Pseudomonas sp. NFPP17,Bacteria; Pseudomonadati; Pseudomonadota; Gammaproteobacteria; Pseudomonadales; Pseudomonadaceae; Pseudomonas,0,1_105_DdmC#15,novel_candidate,0.2919,0,0,0,0,hypothetical > other > other > reductase > hydrolase > other > other > hypothetical > [alpha]
NZ_FNEF01000001.1:114758-115772:1,WP_022520587.1,BLR10_RS00555,,aromatic ring-hydroxylating dioxygenase subunit alpha,1_105_DdmC,1,87.4,0.6224,6.6e-25,NZ_FNEF01000001.1,114758,115772,1,Vreelandella titanicae,Bacteria; Pseudomonadati; Pseudomonadota; Gammaproteobacteria; Oceanospirillales; Halomonadaceae; Vreelandella,0,1_105_DdmC#38,novel_candidate,0.2376,0,0,0,0,other > reductase > hydrolase > hypothetical > other > [alpha]
NZ_FOAP01000019.1:14900-15983:1,WP_075009674.1,BMZ62_RS27980,,aromatic ring-hydroxylating dioxygenase subunit alpha,1_105_DdmC,1,104.9,0.6077,3.2e-30,NZ_FOAP01000019.1,14900,15983,1,Stigmatella aurantiaca,Bacteria; Pseudomonadati; Myxococcota; Myxococcia; Myxococcales; Cystobacterineae; Archangiaceae; Stigmatella,0,1_105_DdmC#14,novel_candidate,0.3371,0,0,0,0,[alpha]
NZ_FVZE01000003.1:262053-263073:-1,WP_079730709.1,B5483_RS12250,,aromatic ring-hydroxylating dioxygenase subunit alpha,1_105_DdmC,1,188.2,0.9971,1.5e-55,NZ_FVZE01000003.1,262053,263073,-1,Novosphingobium mathurense,Bacteria; Pseudomonadati; Pseudomonadota; Alphaproteobacteria; Sphingomonadales; Sphingomonadaceae; Novosphingobium,0,1_105_DdmC#8,novel_candidate,0.2083,0,0,0,0,[alpha]
NZ_FXEG02000006.1:172169-173183:1,WP_036473666.1,MAAFP003_RS27905,,Rieske 2Fe-2S domain-containing protein,1_105_DdmC,1,57.8,0.469,6.5e-16,NZ_FXEG02000006.1,172169,173183,1,Mycobacterium ahvazicum,Bacteria; Bacillati; Actinomycetota; Actinomycetes; Mycobacteriales; Mycobacteriaceae; Mycobacterium; Mycobacterium simiae complex,0,1_105_DdmC#13,novel_candidate,0.2049,0,0,0,0,[alpha] > regulator
NZ_GG665873.1:304110-305118:1,WP_003798518.1,GCWU000324_RS10990,,Rieske 2Fe-2S domain-containing protein,1_105_DdmC,1,93.0,0.5133,1.3e-26,NZ_GG665873.1,304110,305118,1,Kingella oralis ATCC 51147,Bacteria; Pseudomonadati; Pseudomonadota; Betaproteobacteria; Neisseriales; Neisseriaceae; Kingella,0,1_105_DdmC#23,novel_candidate,0.3029,0,0,0,0,other > [alpha] > hypothetical
NZ_GL883080.1:614204-615218:-1,WP_006275138.1,ABI_RS21280,,Rieske 2Fe-2S domain-containing protein,1_105_DdmC,1,71.9,0.6077,3.3e-20,NZ_GL883080.1,614204,615218,-1,Asticcacaulis biprosthecium C19,Bacteria; Pseudomonadati; Pseudomonadota; Alphaproteobacteria; Caulobacterales; Caulobacteraceae; Asticcacaulis,0,1_105_DdmC#84,novel_candidate,0.2971,0,0,0,0,hypothetical > [alpha] > hypothetical
NZ_HE973010.1:56942-58283:-1,WP_002771106.1,MICAC_RS20595,,Rieske 2Fe-2S domain-containing protein,1_105_DdmC,1,101.6,0.4749,3.3e-29,NZ_HE973010.1,56942,58283,-1,Microcystis aeruginosa PCC 9443,Bacteria; Bacillati; Cyanobacteriota; Cyanophyceae; Oscillatoriophycideae; Chroococcales; Microcystaceae; Microcystis,0,1_105_DdmC#37,divergent,0.4795,0,0,0,0,other > hydrolase > hypothetical > [alpha]
NZ_HE973360.1:220821-222162:-1,WP_002787900.1,MICAF_RS13395,,Rieske 2Fe-2S domain-containing protein,1_105_DdmC,1,102.3,0.4749,2e-29,NZ_HE973360.1,220821,222162,-1,Microcystis aeruginosa PCC 9807,Bacteria; Bacillati; Cyanobacteriota; Cyanophyceae; Oscillatoriophycideae; Chroococcales; Microcystaceae; Microcystis,0,1_105_DdmC#37,divergent,0.4795,0,0,0,0,regulator > [alpha]
NZ_JABBGL010000001.1:576507-577548:-1,WP_237230141.1,HHL26_RS02605,,aromatic ring-hydroxylating dioxygenase subunit alpha,1_105_DdmC,1,259.4,0.9764,3.3e-77,NZ_JABBGL010000001.1,576507,577548,-1,Sphingobium sp. TB-6,Bacteria; Pseudomonadati; Pseudomonadota; Alphaproteobacteria; Sphingomonadales; Sphingomonadaceae; Sphingobium,0,1_105_DdmC#19,novel_candidate,0.2043,0,0,0,0,other > other > [alpha] > other > reductase > other > reductase
NZ_JABFNQ010000078.1:38843-39893:1,WP_011556419.1,HK404_RS30325,,Rieske 2Fe-2S domain-containing protein,1_105_DdmC,1,76.7,0.4513,1.2e-21,NZ_JABFNQ010000078.1,38843,39893,1,Myxococcus xanthus,Bacteria; Pseudomonadati; Myxococcota; Myxococcia; Myxococcales; Cystobacterineae; Myxococcaceae; Myxococcus,0,1_105_DdmC#83,novel_candidate,0.3136,0,0,0,0,[alpha]
NZ_JABFNQ010000007.1:50077-51169:1,WP_011551102.1,HK404_RS05850,,aromatic ring-hydroxylating dioxygenase subunit alpha,1_105_DdmC,1,104.2,0.6195,5.1e-30,NZ_JABFNQ010000007.1,50077,51169,1,Myxococcus xanthus,Bacteria; Pseudomonadati; Myxococcota; Myxococcia; Myxococcales; Cystobacterineae; Myxococcaceae; Myxococcus,0,1_105_DdmC#14,novel_candidate,0.3352,0,0,0,0,other > other > [alpha]
NZ_JABXXS010000009.1:64582-65728:1,WP_025439334.1,HUK81_RS05820,,aromatic ring-hydroxylating dioxygenase subunit alpha,1_105_DdmC,1,109.2,0.4749,1.6e-31,NZ_JABXXS010000009.1,64582,65728,1,Komagataeibacter swingsii,Bacteria; Pseudomonadati; Pseudomonadota; Alphaproteobacteria; Acetobacterales; Acetobacteraceae; Komagataeibacter,0,1_105_DdmC#1,core,0.731,0,0,0,0,[alpha] > hypothetical > other > other > other > dehydrogenase > other > other > other > other
NZ_JACARJ010000015.1:129583-130651:-1,WP_177082821.1,HX863_RS05215,,Rieske 2Fe-2S domain-containing protein,1_105_DdmC,1,51.1,0.4779,7.2e-14,NZ_JACARJ010000015.1,129583,130651,-1,Pseudomonas gingeri,Bacteria; Pseudomonadati; Pseudomonadota; Gammaproteobacteria; Pseudomonadales; Pseudomonadaceae; Pseudomonas,0,1_105_DdmC#82,novel_candidate,0.2917,0,0,0,0,other > other > [alpha]
NZ_JACIJL010000001.1:380005-381046:1,WP_046903381.1,FHS61_RS01875,,aromatic ring-hydroxylating dioxygenase subunit alpha,1_105_DdmC,1,224.6,0.9882,1.3e-66,NZ_JACIJL010000001.1,380005,381046,1,Croceibacterium atlanticum,Bacteria; Pseudomonadati; Pseudomonadota; Alphaproteobacteria; Sphingomonadales; Erythrobacteraceae; Croceibacterium,0,1_105_DdmC#18,novel_candidate,0.1881,0,0,0,0,regulator > [alpha]
NZ_JAIZSP010000004.1:421839-422976:1,WP_226196235.1,LGN46_RS12850,,aromatic ring-hydroxylating dioxygenase subunit alpha,1_105_DdmC,1,106.4,0.4897,1.1e-30,NZ_JAIZSP010000004.1,421839,422976,1,Burkholderia arboris,Bacteria; Pseudomonadati; Pseudomonadota; Betaproteobacteria; Burkholderiales; Burkholderiaceae; Burkholderia; Burkholderia cepacia complex,0,1_105_DdmC#11,divergent,0.5207,0,0,0,0,other > other > [alpha]
NZ_JAMDMK010000012.1:139045-140122:1,WP_042227173.1,M5X10_RS09065,,aromatic ring-hydroxylating dioxygenase subunit alpha,1_105_DdmC,1,97.4,0.5074,5.9e-28,NZ_JAMDMK010000012.1,139045,140122,1,Paenibacillus chitinolyticus,Bacteria; Bacillati; Bacillota; Bacilli; Bacillales; Paenibacillaceae; Paenibacillus,0,1_105_DdmC#46,novel_candidate,0.2347,0,0,0,0,other > other > reductase > hydrolase > other > other > other > other > [alpha]
NZ_JAMQOK010000003.1:17113-18205:1,WP_015216465.1,MMC39_RS02720,,aromatic ring-hydroxylating dioxygenase subunit alpha,1_105_DdmC,1,107.9,0.4926,3.7e-31,NZ_JAMQOK010000003.1,17113,18205,1,Anabaena sp. PCC 7938,Bacteria; Bacillati; Cyanobacteriota; Cyanophyceae; Nostocales; Nostocaceae; Anabaena,0,1_105_DdmC#47,divergent,0.4114,0,0,0,0,[alpha]
NZ_JAMZAF010000002.1:112456-113575:1,WP_087651897.1,NKW48_RS04545,,aromatic ring-hydroxylating dioxygenase subunit alpha,1_105_DdmC,1,96.3,0.4749,1.3e-27,NZ_JAMZAF010000002.1,112456,113575,1,Acetobacter oryzoeni,Bacteria; Pseudomonadati; Pseudomonadota; Alphaproteobacteria; Acetobacterales; Acetobacteraceae; Acetobacter,0,1_105_DdmC#1,core,0.8583,0,0,0,0,other > [alpha] > other
NZ_JAVDXJ010000002.1:79696-80680:1,WP_081988820.1,J2X47_RS03565,,aromatic ring-hydroxylating dioxygenase subunit alpha,1_105_DdmC,1,104.2,0.4749,5.2e-30,NZ_JAVDXJ010000002.1,79696,80680,1,Sphingomonas sp. BE270,Bacteria; Pseudomonadati; Pseudomonadota; Alphaproteobacteria; Sphingomonadales; Sphingomonadaceae; Sphingomonas,0,1_105_DdmC#81,novel_candidate,0.3375,0,0,0,0,other > regulator > other > [alpha] > hypothetical
NZ_JBEIME010000154.1:973-2074:-1,WP_017713323.1,ABWQ24_RS06440,,Rieske 2Fe-2S domain-containing protein,1_105_DdmC,1,102.0,0.4808,2.4e-29,NZ_JBEIME010000154.1,973,2074,-1,Prochlorothrix hollandica,Bacteria; Bacillati; Cyanobacteriota; Cyanophyceae; Prochlorotrichales; Prochlorotrichaceae; Prochlorothrix,0,1_105_DdmC#17,novel_candidate,0.3235,0,0,0,0,[alpha]
NZ_JBEPCA010000003.1:196267-197422:1,WP_032754295.1,ABT309_RS07885,,aromatic ring-hydroxylating dioxygenase subunit alpha,1_105_DdmC,1,88.3,0.472,3.6e-25,NZ_JBEPCA010000003.1,196267,197422,1,Streptomyces microflavus,Bacteria; Bacillati; Actinomycetota; Actinomycetes; Kitasatosporales; Streptomycetaceae; Streptomyces,0,1_105_DdmC#25,divergent,0.4286,0,0,0,0,[alpha]
NZ_JH668177.1:249207-250323:-1,WP_015072282.1,O1G_RS0101510,,Rieske 2Fe-2S domain-containing protein,1_105_DdmC,1,104.2,0.472,5.1e-30,NZ_JH668177.1,249207,250323,-1,Gluconobacter thailandicus,Bacteria; Pseudomonadati; Pseudomonadota; Alphaproteobacteria; Acetobacterales; Acetobacteraceae; Gluconobacter,0,1_105_DdmC#1,core,0.7778,0,0,0,0,[alpha] > hydrolase
NZ_JMQR01000022.1:3214-4345:1,WP_035307262.1,ER13_RS05055,,aromatic ring-hydroxylating dioxygenase subunit alpha,1_105_DdmC,1,79.9,0.4808,1.3e-22,NZ_JMQR01000022.1,3214,4345,1,Brevundimonas sp. EAKA,Bacteria; Pseudomonadati; Pseudomonadota; Alphaproteobacteria; Caulobacterales; Caulobacteraceae; Brevundimonas,0,1_105_DdmC#9,divergent,0.49,0,0,0,0,[alpha]
NZ_JOOY01000015.1:23377-24481:-1,WP_048840128.1,HK15_RS02185,,aromatic ring-hydroxylating dioxygenase subunit alpha,1_105_DdmC,1,101.5,0.469,3.4e-29,NZ_JOOY01000015.1,23377,24481,-1,Acetobacter orientalis,Bacteria; Pseudomonadati; Pseudomonadota; Alphaproteobacteria; Acetobacterales; Acetobacteraceae; Acetobacter,0,1_105_DdmC#1,core,0.8919,0,0,0,0,other > hypothetical > [alpha] > hydrolase
NZ_JOPH01000057.1:145438-146551:-1,WP_046899802.1,HK24_RS10615,,Rieske 2Fe-2S domain-containing protein,1_105_DdmC,1,102.8,0.472,1.3e-29,NZ_JOPH01000057.1,145438,146551,-1,Gluconobacter sp. DsW_058,Bacteria; Pseudomonadati; Pseudomonadota; Alphaproteobacteria; Acetobacterales; Acetobacteraceae; Gluconobacter,0,1_105_DdmC#1,core,0.8078,0,0,0,0,[alpha] > hydrolase
NZ_JPMI01000233.1:246345-247428:1,WP_043404346.1,Q664_RS32690,,aromatic ring-hydroxylating dioxygenase subunit alpha,1_105_DdmC,1,100.8,0.6136,5.7e-29,NZ_JPMI01000233.1,246345,247428,1,Archangium violaceum Cb vi76,Bacteria; Pseudomonadati; Myxococcota; Myxococcia; Myxococcales; Cystobacterineae; Archangiaceae; Archangium,0,1_105_DdmC#14,novel_candidate,0.2954,0,0,0,0,[alpha] > hypothetical
NZ_JRVC01000007.1:185162-186185:-1,WP_052242270.1,NJ75_RS09175,,aromatic ring-hydroxylating dioxygenase subunit alpha,1_105_DdmC,1,206.9,0.9941,3e-61,NZ_JRVC01000007.1,185162,186185,-1,Novosphingobium subterraneum,Bacteria; Pseudomonadati; Pseudomonadota; Alphaproteobacteria; Sphingomonadales; Sphingomonadaceae; Novosphingobium,0,1_105_DdmC#8,novel_candidate,0.2131,0,0,0,0,[alpha]
NZ_JRVC01000004.1:107724-108801:1,WP_052242038.1,NJ75_RS05235,,aromatic ring-hydroxylating dioxygenase subunit alpha,1_105_DdmC,1,247.8,0.9853,1.1e-73,NZ_JRVC01000004.1,107724,108801,1,Novosphingobium subterraneum,Bacteria; Pseudomonadati; Pseudomonadota; Alphaproteobacteria; Sphingomonadales; Sphingomonadaceae; Novosphingobium,0,1_105_DdmC#7,novel_candidate,0.203,0,0,0,0,regulator > dehydrogenase > other > transporter > regulator > other > other > other > other > [alpha] > reductase > dehydrogenase
NZ_JTAN02000017.1:356164-357277:1,WP_044847020.1,PL79_RS21860,,aromatic ring-hydroxylating dioxygenase subunit alpha,1_105_DdmC,1,293.0,0.9853,1.9e-87,NZ_JTAN02000017.1,356164,357277,1,Burkholderia sp. USMB20,Bacteria; Pseudomonadati; Pseudomonadota; Betaproteobacteria; Burkholderiales; Burkholderiaceae; Burkholderia,0,1_105_DdmC#80,novel_candidate,0.2099,0,0,0,0,[alpha]
NZ_JTAN02000001.1:454120-455242:-1,WP_044846491.1,PL79_RS02115,,aromatic ring-hydroxylating dioxygenase subunit alpha,1_105_DdmC,1,100.6,0.531,6.5e-29,NZ_JTAN02000001.1,454120,455242,-1,Burkholderia sp. USMB20,Bacteria; Pseudomonadati; Pseudomonadota; Betaproteobacteria; Burkholderiales; Burkholderiaceae; Burkholderia,0,1_105_DdmC#41,core,0.5521,0,0,0,0,other > other > [alpha]
NZ_JUFX02000024.1:67442-68576:1,WP_039732399.1,GLUCOINTEAF2_RS03130,,aromatic ring-hydroxylating dioxygenase subunit alpha,1_105_DdmC,1,109.1,0.4749,1.7e-31,NZ_JUFX02000024.1,67442,68576,1,Komagataeibacter intermedius AF2,Bacteria; Pseudomonadati; Pseudomonadota; Alphaproteobacteria; Acetobacterales; Acetobacteraceae; Komagataeibacter,0,1_105_DdmC#1,core,0.731,0,0,0,0,[alpha] > hypothetical > other > other > other > dehydrogenase > other > other > other > other
NZ_JUFX02000112.1:184861-185983:-1,WP_039732720.1,GLUCOINTEAF2_RS07825,,aromatic ring-hydroxylating dioxygenase subunit alpha,1_105_DdmC,1,100.4,0.472,7.4e-29,NZ_JUFX02000112.1,184861,185983,-1,Komagataeibacter intermedius AF2,Bacteria; Pseudomonadati; Pseudomonadota; Alphaproteobacteria; Acetobacterales; Acetobacteraceae; Komagataeibacter,0,1_105_DdmC#1,core,0.8664,0,0,0,0,[alpha] > other
NZ_JWSY01000003.1:297261-298392:-1,WP_039244039.1,RM53_RS02260,,aromatic ring-hydroxylating dioxygenase subunit alpha,1_105_DdmC,1,80.7,0.4838,6.9e-23,NZ_JWSY01000003.1,297261,298392,-1,Brevundimonas nasdae,Bacteria; Pseudomonadati; Pseudomonadota; Alphaproteobacteria; Caulobacterales; Caulobacteraceae; Brevundimonas,0,1_105_DdmC#9,divergent,0.4699,0,0,0,0,[alpha]
NZ_JXTJ01000004.1:713367-714453:-1,WP_066469999.1,DK26_RS07700,,aromatic ring-hydroxylating dioxygenase subunit alpha,1_105_DdmC,1,88.9,0.4779,2.3e-25,NZ_JXTJ01000004.1,713367,714453,-1,Bosea sp. WAO,Bacteria; Pseudomonadati; Pseudomonadota; Alphaproteobacteria; Hyphomicrobiales; Boseaceae; Bosea,0,1_105_DdmC#45,novel_candidate,0.36,0,0,0,0,[alpha]
NZ_JYON01000011.1:102811-103888:1,WP_045054925.1,UH38_RS12200,,aromatic ring-hydroxylating dioxygenase subunit alpha,1_105_DdmC,1,123.5,0.4897,7e-36,NZ_JYON01000011.1,102811,103888,1,Aliterella atlantica CENA595,Bacteria; Bacillati; Cyanobacteriota; Cyanophyceae; Chroococcidiopsidales; Aliterellaceae; Aliterella,0,1_105_DdmC#49,novel_candidate,0.3804,0,0,0,0,alpha_other > [alpha]
NZ_JYON01000020.1:99017-100007:-1,WP_045055917.1,UH38_RS17240,,Rieske 2Fe-2S domain-containing protein,1_105_DdmC,1,40.9,0.4513,9.1e-11,NZ_JYON01000020.1,99017,100007,-1,Aliterella atlantica CENA595,Bacteria; Bacillati; Cyanobacteriota; Cyanophyceae; Chroococcidiopsidales; Aliterellaceae; Aliterella,0,1_105_DdmC#36,novel_candidate,0.2455,0,0,0,0,[alpha]
NZ_JZRG01000003.1:138233-139364:-1,WP_045809559.1,VH88_RS00850,,aromatic ring-hydroxylating dioxygenase subunit alpha,1_105_DdmC,1,80.9,0.4838,6.4e-23,NZ_JZRG01000003.1,138233,139364,-1,Brevundimonas sp. KM4,Bacteria; Pseudomonadati; Pseudomonadota; Alphaproteobacteria; Caulobacterales; Caulobacteraceae; Brevundimonas,0,1_105_DdmC#9,divergent,0.4659,0,0,0,0,[alpha]
NZ_JZWI01000011.1:1354-2443:1,WP_047784616.1,VPARA_RS11440,,aromatic ring-hydroxylating dioxygenase subunit alpha,1_105_DdmC,1,242.7,0.9971,3.7e-72,NZ_JZWI01000011.1,1354,2443,1,Variovorax paradoxus,Bacteria; Pseudomonadati; Pseudomonadota; Betaproteobacteria; Burkholderiales; Comamonadaceae; Variovorax,0,1_105_DdmC#79,novel_candidate,0.2238,0,0,0,0,[alpha]
NZ_KB235936.1:206743-208171:1,WP_044076604.1,PRO9006_RS0108410,,Rieske 2Fe-2S domain-containing protein,1_105_DdmC,1,88.3,0.5192,3.5e-25,NZ_KB235936.1,206743,208171,1,Prochlorothrix hollandica PCC 9006 = CALU 1027,Bacteria; Bacillati; Cyanobacteriota; Cyanophyceae; Prochlorotrichales; Prochlorotrichaceae; Prochlorothrix,0,1_105_DdmC#22,novel_candidate,0.2785,0,0,0,0,[alpha]
NZ_KB235939.1:282238-283339:1,WP_017713323.1,PRO9006_RS0115970,,Rieske 2Fe-2S domain-containing protein,1_105_DdmC,1,102.0,0.4808,2.4e-29,NZ_KB235939.1,282238,283339,1,Prochlorothrix hollandica PCC 9006 = CALU 1027,Bacteria; Bacillati; Cyanobacteriota; Cyanophyceae; Prochlorotrichales; Prochlorotrichaceae; Prochlorothrix,0,1_105_DdmC#17,novel_candidate,0.3235,0,0,0,0,[alpha]
NZ_KB235944.1:324018-325095:-1,WP_017714684.1,PRO9006_RS0124280,,aromatic ring-hydroxylating dioxygenase subunit alpha,1_105_DdmC,1,111.1,0.5074,4e-32,NZ_KB235944.1,324018,325095,-1,Prochlorothrix hollandica PCC 9006 = CALU 1027,Bacteria; Bacillati; Cyanobacteriota; Cyanophyceae; Prochlorotrichales; Prochlorotrichaceae; Prochlorothrix,0,1_105_DdmC#108,divergent,0.4157,0,0,0,0,other > hypothetical > [alpha] > other
NZ_KB291145.1:109314-110355:-1,WP_009426962.1,HMPREF9120_RS08735,,Rieske 2Fe-2S domain-containing protein,1_105_DdmC,1,85.5,0.4808,2.5e-24,NZ_KB291145.1,109314,110355,-1,Neisseria sp. oral taxon 020 str. F0370,Bacteria; Pseudomonadati; Pseudomonadota; Betaproteobacteria; Neisseriales; Neisseriaceae; Neisseria,0,1_105_DdmC#23,novel_candidate,0.2759,0,0,0,0,other > [alpha] > hypothetical > hypothetical
NZ_KI530745.1:590765-591845:1,WP_016658303.1,P253_RS02880,,aromatic ring-hydroxylating dioxygenase subunit alpha,1_105_DdmC,1,224.8,0.9794,1.1e-66,NZ_KI530745.1,590765,591845,1,Acinetobacter indicus CIP 110367,Bacteria; Pseudomonadati; Pseudomonadota; Gammaproteobacteria; Moraxellales; Moraxellaceae; Acinetobacter,0,1_105_DdmC#21,novel_candidate,0.1988,1,0,0,1,[alpha] > reductase > hypothetical > reductase > regulator
NZ_KQ954256.1:332469-333528:-1,WP_067615967.1,AQZ49_RS12320,,aromatic ring-hydroxylating dioxygenase subunit alpha,1_105_DdmC,1,241.4,0.9823,9.7e-72,NZ_KQ954256.1,332469,333528,-1,Novosphingobium sp. FSW06-99,Bacteria; Pseudomonadati; Pseudomonadota; Alphaproteobacteria; Sphingomonadales; Sphingomonadaceae; Novosphingobium,0,1_105_DdmC#7,novel_candidate,0.2057,0,0,0,0,other > other > other > [alpha] > dehydrogenase > transporter > other
NZ_KV757611.1:15788-17144:1,WP_069070501.1,A4S05_RS14305,,Rieske 2Fe-2S domain-containing protein,1_105_DdmC,1,96.3,0.4572,1.2e-27,NZ_KV757611.1,15788,17144,1,Nostoc sp. KVJ20,Bacteria; Bacillati; Cyanobacteriota; Cyanophyceae; Nostocales; Nostocaceae; Nostoc,0,1_105_DdmC#78,divergent,0.4167,0,0,0,0,[alpha]
NZ_KQ954245.1:519609-520680:1,WP_067911056.1,AQZ52_RS12230,,aromatic ring-hydroxylating dioxygenase subunit alpha,1_105_DdmC,1,237.2,0.9853,1.7e-70,NZ_KQ954245.1,519609,520680,1,Novosphingobium fuchskuhlense,Bacteria; Pseudomonadati; Pseudomonadota; Alphaproteobacteria; Sphingomonadales; Sphingomonadaceae; Novosphingobium,0,1_105_DdmC#7,novel_candidate,0.2105,0,0,0,0,regulator > dehydrogenase > other > transporter > regulator > other > other > other > other > [alpha] > reductase > other > reductase > hydrolase > reductase > dehydrogenase > hypothetical > reductase
NZ_KV790787.1:36597-37632:-1,WP_070453723.1,HMPREF3107_RS03890,,Rieske 2Fe-2S domain-containing protein,1_105_DdmC,1,83.2,0.4779,1.2e-23,NZ_KV790787.1,36597,37632,-1,Neisseria sp. HMSC31F04,Bacteria; Pseudomonadati; Pseudomonadota; Betaproteobacteria; Neisseriales; Neisseriaceae; Neisseria,0,1_105_DdmC#23,novel_candidate,0.2756,0,0,0,0,[alpha] > hypothetical > hypothetical
NZ_KV838097.1:17083-18076:1,WP_036492294.1,HMPREF3277_RS06825,,Rieske 2Fe-2S domain-containing protein,1_105_DdmC,1,82.4,0.4926,2.2e-23,NZ_KV838097.1,17083,18076,1,Neisseria sp. HMSC70E02,Bacteria; Pseudomonadati; Pseudomonadota; Betaproteobacteria; Neisseriales; Neisseriaceae; Neisseria,0,1_105_DdmC#12,novel_candidate,0.2912,0,0,0,0,hypothetical > [alpha]
NZ_KV794950.1:30596-31589:1,WP_070498004.1,HMPREF2572_RS09440,,Rieske 2Fe-2S domain-containing protein,1_105_DdmC,1,83.9,0.4808,7.4e-24,NZ_KV794950.1,30596,31589,1,Neisseria sp. HMSC064E01,Bacteria; Pseudomonadati; Pseudomonadota; Betaproteobacteria; Neisseriales; Neisseriaceae; Neisseria,0,1_105_DdmC#12,novel_candidate,0.2588,0,0,0,0,other > other > hypothetical > [alpha]
NZ_KV796991.1:4203-5196:-1,WP_070513748.1,HMPREF2600_RS04855,,Rieske 2Fe-2S domain-containing protein,1_105_DdmC,1,81.4,0.4779,4.4e-23,NZ_KV796991.1,4203,5196,-1,Neisseria sp. HMSC077D05,Bacteria; Pseudomonadati; Pseudomonadota; Betaproteobacteria; Neisseriales; Neisseriaceae; Neisseria,0,1_105_DdmC#12,novel_candidate,0.2648,0,0,0,0,hypothetical > [alpha]
NZ_KV800981.1:128122-129115:1,WP_070603465.1,HMPREF2726_RS11750,,Rieske 2Fe-2S domain-containing protein,1_105_DdmC,1,83.7,0.4926,8.8e-24,NZ_KV800981.1,128122,129115,1,Neisseria sp. HMSC074B07,Bacteria; Pseudomonadati; Pseudomonadota; Betaproteobacteria; Neisseriales; Neisseriaceae; Neisseria,0,1_105_DdmC#12,novel_candidate,0.2632,0,0,0,0,other > other > hypothetical > [alpha]
NZ_LARW01000086.1:34698-35736:1,WP_046193785.1,WP12_RS11120,,aromatic ring-hydroxylating dioxygenase subunit alpha,1_105_DdmC,1,219.4,0.9912,4.6e-65,NZ_LARW01000086.1,34698,35736,1,Sphingomonas sp. SRS2,Bacteria; Pseudomonadati; Pseudomonadota; Alphaproteobacteria; Sphingomonadales; Sphingomonadaceae; Sphingomonas,0,1_105_DdmC#77,novel_candidate,0.2198,0,0,0,0,other > [alpha]
NZ_LARW01000153.1:2729-3743:1,WP_046195824.1,WP12_RS24500,,aromatic ring-hydroxylating dioxygenase subunit alpha,1_105_DdmC,1,484.8,0.9882,9e-146,NZ_LARW01000153.1,2729,3743,1,Sphingomonas sp. SRS2,Bacteria; Pseudomonadati; Pseudomonadota; Alphaproteobacteria; Sphingomonadales; Sphingomonadaceae; Sphingomonas,0,1_105_DdmC#35,novel_candidate,0.2145,0,0,0,0,other > [alpha]
NZ_LAQU01000004.1:128230-129289:1,WP_046152399.1,WM40_RS05740,,aromatic ring-hydroxylating dioxygenase subunit alpha,1_105_DdmC,1,92.6,0.4779,1.7e-26,NZ_LAQU01000004.1,128230,129289,1,Robbsia andropogonis,Bacteria; Pseudomonadati; Pseudomonadota; Betaproteobacteria; Burkholderiales; Burkholderiaceae; Robbsia,0,1_105_DdmC#11,divergent,0.5068,0,0,0,0,other > other > [alpha]
NZ_LFRE01000061.1:43309-44389:-1,WP_048881885.1,ACS72_RS08865,,aromatic ring-hydroxylating dioxygenase subunit alpha,1_105_DdmC,1,224.7,0.9794,1.2e-66,NZ_LFRE01000061.1,43309,44389,-1,Acinetobacter sp. VT 511,Bacteria; Pseudomonadati; Pseudomonadota; Gammaproteobacteria; Moraxellales; Moraxellaceae; Acinetobacter,0,1_105_DdmC#21,novel_candidate,0.2049,1,0,0,1,[alpha] > reductase > hypothetical > reductase > regulator
NZ_LGRC01000026.1:299215-300247:1,WP_041732516.1,ACU09_RS23385,,aromatic ring-hydroxylating dioxygenase subunit alpha,1_105_DdmC,1,330.7,0.9941,6.6e-99,NZ_LGRC01000026.1,299215,300247,1,Caballeronia cordobensis,Bacteria; Pseudomonadati; Pseudomonadota; Betaproteobacteria; Burkholderiales; Burkholderiaceae; Caballeronia,0,1_105_DdmC#76,novel_candidate,0.1951,0,0,0,0,hydrolase > transporter > other > hydrolase > other > reductase > [alpha] > transporter
NZ_LGRC01000028.1:111393-112443:-1,WP_053570455.1,ACU09_RS25425,,aromatic ring-hydroxylating dioxygenase subunit alpha,1_105_DdmC,1,300.5,0.9823,9.9e-90,NZ_LGRC01000028.1,111393,112443,-1,Caballeronia cordobensis,Bacteria; Pseudomonadati; Pseudomonadota; Betaproteobacteria; Burkholderiales; Burkholderiaceae; Caballeronia,0,1_105_DdmC#34,novel_candidate,0.225,0,0,0,0,other > [alpha] > transporter > reductase > regulator
NZ_LHUQ01000009.1:65618-66767:1,WP_053323362.1,KOEU_RS09670,,aromatic ring-hydroxylating dioxygenase subunit alpha,1_105_DdmC,1,111.8,0.4749,2.5e-32,NZ_LHUQ01000009.1,65618,66767,1,Komagataeibacter europaeus,Bacteria; Pseudomonadati; Pseudomonadota; Alphaproteobacteria; Acetobacterales; Acetobacteraceae; Komagataeibacter,0,1_105_DdmC#1,core,0.7427,0,0,0,0,[alpha] > hypothetical > other > other > other > dehydrogenase > other > other > other > other
NZ_LHZA01000142.1:42666-43782:-1,WP_062249506.1,AD928_RS07440,,aromatic ring-hydroxylating dioxygenase subunit alpha,1_105_DdmC,1,102.4,0.472,1.8e-29,NZ_LHZA01000142.1,42666,43782,-1,Acetobacter cerevisiae,Bacteria; Pseudomonadati; Pseudomonadota; Alphaproteobacteria; Rhodospirillales; Acetobacteraceae; Acetobacter,0,1_105_DdmC#1,core,0.9667,0,0,0,0,[alpha] > hydrolase
NZ_LHZF01000156.1:42915-44031:-1,WP_061507979.1,AD933_RS06230,,aromatic ring-hydroxylating dioxygenase subunit alpha,1_105_DdmC,1,102.5,0.4749,1.7e-29,NZ_LHZF01000156.1,42915,44031,-1,Acetobacter malorum,Bacteria; Pseudomonadati; Pseudomonadota; Alphaproteobacteria; Acetobacterales; Acetobacteraceae; Acetobacter,0,1_105_DdmC#1,core,0.9673,0,0,0,0,[alpha] > hydrolase
NZ_LHZF01000163.1:4669-5740:1,WP_061508215.1,AD933_RS07950,,Rieske 2Fe-2S domain-containing protein,1_105_DdmC,1,76.2,0.4543,1.7e-21,NZ_LHZF01000163.1,4669,5740,1,Acetobacter malorum,Bacteria; Pseudomonadati; Pseudomonadota; Alphaproteobacteria; Acetobacterales; Acetobacteraceae; Acetobacter,0,1_105_DdmC#1,core,0.8284,0,0,0,0,[alpha] > hypothetical
NZ_LHZU01000126.1:21974-23081:-1,WP_061471414.1,AD948_RS07905,,aromatic ring-hydroxylating dioxygenase subunit alpha,1_105_DdmC,1,98.8,0.4749,2.3e-28,NZ_LHZU01000126.1,21974,23081,-1,Acetobacter senegalensis,Bacteria; Pseudomonadati; Pseudomonadota; Alphaproteobacteria; Acetobacterales; Acetobacteraceae; Acetobacter,0,1_105_DdmC#1,core,0.9291,0,0,0,0,other > hypothetical > [alpha] > other
NZ_LHZU01000135.1:34872-35967:-1,WP_061471921.1,AD948_RS10610,,Rieske 2Fe-2S domain-containing protein,1_105_DdmC,1,81.0,0.4543,5.8e-23,NZ_LHZU01000135.1,34872,35967,-1,Acetobacter senegalensis,Bacteria; Pseudomonadati; Pseudomonadota; Alphaproteobacteria; Acetobacterales; Acetobacteraceae; Acetobacter,0,1_105_DdmC#1,core,0.9205,0,0,0,0,[alpha] > hypothetical
NZ_LHZZ01000523.1:4057-5173:1,WP_061490919.1,AD953_RS07205,,aromatic ring-hydroxylating dioxygenase subunit alpha,1_105_DdmC,1,99.0,0.4749,1.9e-28,NZ_LHZZ01000523.1,4057,5173,1,Acetobacter malorum,Bacteria; Pseudomonadati; Pseudomonadota; Alphaproteobacteria; Acetobacterales; Acetobacteraceae; Acetobacter,0,1_105_DdmC#1,core,0.9628,0,0,0,0,[alpha] > hydrolase
NZ_LHUQ01000031.1:24966-26088:-1,WP_053323923.1,KOEU_RS15530,,aromatic ring-hydroxylating dioxygenase subunit alpha,1_105_DdmC,1,99.8,0.472,1.1e-28,NZ_LHUQ01000031.1,24966,26088,-1,Komagataeibacter europaeus,Bacteria; Pseudomonadati; Pseudomonadota; Alphaproteobacteria; Acetobacterales; Acetobacteraceae; Komagataeibacter,0,1_105_DdmC#1,core,0.8745,0,0,0,0,[alpha] > other
NZ_LHZA01000110.1:12323-13418:1,WP_062248084.1,AD928_RS02775,,Rieske 2Fe-2S domain-containing protein,1_105_DdmC,1,80.8,0.4543,6.7e-23,NZ_LHZA01000110.1,12323,13418,1,Acetobacter cerevisiae,Bacteria; Pseudomonadati; Pseudomonadota; Alphaproteobacteria; Rhodospirillales; Acetobacteraceae; Acetobacter,0,1_105_DdmC#1,core,0.9261,0,0,0,0,[alpha] > hypothetical > hypothetical
NZ_LHZX01000289.1:25838-26954:-1,WP_043550497.1,AD951_RS07420,,aromatic ring-hydroxylating dioxygenase subunit alpha,1_105_DdmC,1,102.5,0.4749,1.7e-29,NZ_LHZX01000289.1,25838,26954,-1,Acetobacter malorum,Bacteria; Pseudomonadati; Pseudomonadota; Alphaproteobacteria; Acetobacterales; Acetobacteraceae; Acetobacter,0,1_105_DdmC#1,core,0.9669,0,0,0,0,[alpha] > hydrolase
NZ_LHZY01000008.1:83601-84717:-1,WP_062141717.1,AD952_RS05280,,aromatic ring-hydroxylating dioxygenase subunit alpha,1_105_DdmC,1,102.3,0.472,1.9e-29,NZ_LHZY01000008.1,83601,84717,-1,Acetobacter cerevisiae,Bacteria; Pseudomonadati; Pseudomonadota; Alphaproteobacteria; Acetobacterales; Acetobacteraceae; Acetobacter,0,1_105_DdmC#1,core,0.9597,0,0,0,0,[alpha] > hydrolase
NZ_LHZT01000103.1:4362-5445:1,WP_061487532.1,AD947_RS03685,,aromatic ring-hydroxylating dioxygenase subunit alpha,1_105_DdmC,1,92.1,0.4572,2.5e-26,NZ_LHZT01000103.1,4362,5445,1,Acetobacter tropicalis,Bacteria; Pseudomonadati; Pseudomonadota; Alphaproteobacteria; Acetobacterales; Acetobacteraceae; Acetobacter,0,1_105_DdmC#1,core,0.8249,0,0,0,0,[alpha]
NZ_LIAA01000045.1:11541-12657:1,WP_062273404.1,AD954_RS10110,,aromatic ring-hydroxylating dioxygenase subunit alpha,1_105_DdmC,1,102.0,0.472,2.4e-29,NZ_LIAA01000045.1,11541,12657,1,Acetobacter cerevisiae,Bacteria; Pseudomonadati; Pseudomonadota; Alphaproteobacteria; Acetobacterales; Acetobacteraceae; Acetobacter,0,1_105_DdmC#1,core,0.9514,0,0,0,0,[alpha] > hydrolase
NZ_LIAA01000067.1:22235-23330:-1,WP_062274538.1,AD954_RS13670,,Rieske 2Fe-2S domain-containing protein,1_105_DdmC,1,74.8,0.4543,4.3e-21,NZ_LIAA01000067.1,22235,23330,-1,Acetobacter cerevisiae,Bacteria; Pseudomonadati; Pseudomonadota; Alphaproteobacteria; Acetobacterales; Acetobacteraceae; Acetobacter,0,1_105_DdmC#1,core,0.8944,0,0,0,0,[alpha] > hypothetical
NZ_LJHU01000004.1:69562-70678:1,WP_054109790.1,IP78_RS00720,,aromatic ring-hydroxylating dioxygenase subunit alpha,1_105_DdmC,1,75.2,0.4838,3.4e-21,NZ_LJHU01000004.1,69562,70678,1,Brevundimonas sp. AAP58,Bacteria; Pseudomonadati; Pseudomonadota; Alphaproteobacteria; Caulobacterales; Caulobacteraceae; Brevundimonas,0,1_105_DdmC#9,divergent,0.498,0,0,0,0,[alpha]
NZ_LJHY01000043.1:4945-5980:1,WP_054109072.1,IP81_RS16295,,aromatic ring-hydroxylating dioxygenase subunit alpha,1_105_DdmC,1,224.0,0.9912,1.9e-66,NZ_LJHY01000043.1,4945,5980,1,Novosphingobium sp. AAP83,Bacteria; Pseudomonadati; Pseudomonadota; Alphaproteobacteria; Sphingomonadales; Sphingomonadaceae; Novosphingobium,0,1_105_DdmC#75,novel_candidate,0.21,0,0,0,0,hypothetical > hydrolase > [alpha] > other > other > hypothetical > regulator
NZ_LJHY01000058.1:31721-32783:-1,WP_082356281.1,IP81_RS17550,,aromatic ring-hydroxylating dioxygenase subunit alpha,1_105_DdmC,1,256.0,0.9823,3.4e-76,NZ_LJHY01000058.1,31721,32783,-1,Novosphingobium sp. AAP83,Bacteria; Pseudomonadati; Pseudomonadota; Alphaproteobacteria; Sphingomonadales; Sphingomonadaceae; Novosphingobium,0,1_105_DdmC#7,novel_candidate,0.23,0,0,0,0,other > other > other > other > [alpha] > reductase
NZ_LJHZ01000001.1:45343-46369:-1,WP_054120175.1,IP83_RS00160,,aromatic ring-hydroxylating dioxygenase subunit alpha,1_105_DdmC,1,220.3,0.9882,2.4e-65,NZ_LJHZ01000001.1,45343,46369,-1,Novosphingobium sp. AAP93,Bacteria; Pseudomonadati; Pseudomonadota; Alphaproteobacteria; Sphingomonadales; Sphingomonadaceae; Novosphingobium,0,1_105_DdmC#8,novel_candidate,0.2131,0,0,0,0,transporter > other > hypothetical > hydrolase > other > other > dehydrogenase > reductase > [alpha]
NZ_LJHZ01000002.1:21418-22489:1,WP_054120234.1,IP83_RS00445,,aromatic ring-hydroxylating dioxygenase subunit alpha,1_105_DdmC,1,234.5,0.9853,1.2e-69,NZ_LJHZ01000002.1,21418,22489,1,Novosphingobium sp. AAP93,Bacteria; Pseudomonadati; Pseudomonadota; Alphaproteobacteria; Sphingomonadales; Sphingomonadaceae; Novosphingobium,0,1_105_DdmC#7,novel_candidate,0.2055,0,0,0,0,regulator > dehydrogenase > other > transporter > regulator > other > other > other > other > [alpha] > reductase > other > reductase > hydrolase > reductase > dehydrogenase > hypothetical > reductase
NZ_LJHY01000008.1:87393-88443:-1,WP_054106863.1,IP81_RS04885,,aromatic ring-hydroxylating dioxygenase subunit alpha,1_105_DdmC,1,258.1,0.9853,8e-77,NZ_LJHY01000008.1,87393,88443,-1,Novosphingobium sp. AAP83,Bacteria; Pseudomonadati; Pseudomonadota; Alphaproteobacteria; Sphingomonadales; Sphingomonadaceae; Novosphingobium,0,1_105_DdmC#74,novel_candidate,0.2208,0,0,0,0,[alpha] > other > reductase
NZ_LJHY01000014.1:10813-11866:-1,WP_054107218.1,IP81_RS06675,,aromatic ring-hydroxylating dioxygenase subunit alpha,1_105_DdmC,1,216.8,0.8879,2.8e-64,NZ_LJHY01000014.1,10813,11866,-1,Novosphingobium sp. AAP83,Bacteria; Pseudomonadati; Pseudomonadota; Alphaproteobacteria; Sphingomonadales; Sphingomonadaceae; Novosphingobium,0,1_105_DdmC#28,novel_candidate,0.2143,0,0,0,0,other > other > other > reductase > ring_cleavage > hypothetical > hypothetical > transporter > other > other > [alpha] > hydrolase
NZ_LJHY01000014.1:23221-24247:1,WP_197274556.1,IP81_RS06740,,aromatic ring-hydroxylating dioxygenase subunit alpha,1_105_DdmC,1,192.0,0.9971,1e-56,NZ_LJHY01000014.1,23221,24247,1,Novosphingobium sp. AAP83,Bacteria; Pseudomonadati; Pseudomonadota; Alphaproteobacteria; Sphingomonadales; Sphingomonadaceae; Novosphingobium,0,1_105_DdmC#73,novel_candidate,0.2291,0,0,0,0,[alpha]
NZ_LJHY01000020.1:135629-136658:1,WP_054108077.1,IP81_RS11190,,aromatic ring-hydroxylating dioxygenase subunit alpha,1_105_DdmC,1,232.0,0.9853,7e-69,NZ_LJHY01000020.1,135629,136658,1,Novosphingobium sp. AAP83,Bacteria; Pseudomonadati; Pseudomonadota; Alphaproteobacteria; Sphingomonadales; Sphingomonadaceae; Novosphingobium,0,1_105_DdmC#18,novel_candidate,0.1921,0,0,0,0,regulator > [alpha] > other
NZ_LJIB01000007.1:110466-111450:-1,WP_054148747.1,IP85_RS05885,,Rieske (2Fe-2S) protein,1_105_DdmC,1,67.7,0.5428,6.5e-19,NZ_LJIB01000007.1,110466,111450,-1,Rhizobium sp. AAP116,Bacteria; Pseudomonadati; Pseudomonadota; Alphaproteobacteria; Hyphomicrobiales; Rhizobiaceae; Rhizobium/Agrobacterium group; Rhizobium,0,1_105_DdmC#10,novel_candidate,0.3086,0,0,0,0,other > reductase > hydrolase > other > hypothetical > [alpha]
NZ_LJHO01000001.1:116390-117413:-1,WP_231627468.1,IP65_RS00480,,aromatic ring-hydroxylating dioxygenase subunit alpha,1_105_DdmC,1,176.3,0.764,6.2e-52,NZ_LJHO01000001.1,116390,117413,-1,Novosphingobium sp. AAP1,Bacteria; Pseudomonadati; Pseudomonadota; Alphaproteobacteria; Sphingomonadales; Sphingomonadaceae; Novosphingobium,0,1_105_DdmC#72,novel_candidate,0.2057,0,0,0,0,[alpha] > hydrolase > other
NZ_LJHO01000001.1:122602-123622:-1,WP_082349682.1,IP65_RS00505,,aromatic ring-hydroxylating dioxygenase subunit alpha,1_105_DdmC,1,238.6,0.9882,6.9e-71,NZ_LJHO01000001.1,122602,123622,-1,Novosphingobium sp. AAP1,Bacteria; Pseudomonadati; Pseudomonadota; Alphaproteobacteria; Sphingomonadales; Sphingomonadaceae; Novosphingobium,0,1_105_DdmC#71,novel_candidate,0.1981,0,0,0,0,[alpha]
NZ_LJHO01000001.1:479525-480539:1,WP_054130578.1,IP65_RS02080,,aromatic ring-hydroxylating dioxygenase subunit alpha,1_105_DdmC,1,180.1,0.9941,4.1e-53,NZ_LJHO01000001.1,479525,480539,1,Novosphingobium sp. AAP1,Bacteria; Pseudomonadati; Pseudomonadota; Alphaproteobacteria; Sphingomonadales; Sphingomonadaceae; Novosphingobium,0,1_105_DdmC#8,novel_candidate,0.2226,0,0,0,0,[alpha]
NZ_LJHO01000002.1:442339-443434:1,WP_054131112.1,IP65_RS05960,,aromatic ring-hydroxylating dioxygenase subunit alpha,1_105_DdmC,1,233.1,0.9823,3.2e-69,NZ_LJHO01000002.1,442339,443434,1,Novosphingobium sp. AAP1,Bacteria; Pseudomonadati; Pseudomonadota; Alphaproteobacteria; Sphingomonadales; Sphingomonadaceae; Novosphingobium,0,1_105_DdmC#7,novel_candidate,0.2123,0,0,0,0,other > other > other > other > [alpha] > reductase > dehydrogenase
NZ_LJRF01000186.1:11905-12988:-1,WP_004885488.1,ALO47_RS23155,,aromatic ring-hydroxylating dioxygenase subunit alpha,1_105_DdmC,1,95.3,0.4897,2.7e-27,NZ_LJRF01000186.1,11905,12988,-1,Pseudomonas syringae pv. ribicola,Bacteria; Pseudomonadati; Pseudomonadota; Gammaproteobacteria; Pseudomonadales; Pseudomonadaceae; Pseudomonas,0,1_105_DdmC#4,core,0.8316,0,0,0,0,other > other > [alpha]
NZ_LJRR01000389.1:43539-44616:-1,WP_044419602.1,ALO40_RS23900,,aromatic ring-hydroxylating dioxygenase subunit alpha,1_105_DdmC,1,99.8,0.6106,1.1e-28,NZ_LJRR01000389.1,43539,44616,-1,Pseudomonas syringae pv. viburni,Bacteria; Pseudomonadati; Pseudomonadota; Gammaproteobacteria; Pseudomonadales; Pseudomonadaceae; Pseudomonas,0,1_105_DdmC#4,core,0.9735,0,0,0,0,other > other > [alpha]
NZ_LMCL01000026.1:2226-3249:-1,WP_055977834.1,ASC75_RS16485,,aromatic ring-hydroxylating dioxygenase subunit alpha,1_105_DdmC,1,256.5,0.9823,2.4e-76,NZ_LMCL01000026.1,2226,3249,-1,Aminobacter sp. DSM 101952,Bacteria; Pseudomonadati; Pseudomonadota; Alphaproteobacteria; Hyphomicrobiales; Phyllobacteriaceae; Aminobacter,0,1_105_DdmC#70,novel_candidate,0.2122,0,0,0,0,[alpha] > regulator > reductase
NZ_LMDD01000008.1:220927-222046:-1,WP_056048031.1,ASC62_RS17745,,aromatic ring-hydroxylating dioxygenase subunit alpha,1_105_DdmC,1,80.9,0.4808,6.4e-23,NZ_LMDD01000008.1,220927,222046,-1,Caulobacter sp. Root342,Bacteria; Pseudomonadati; Pseudomonadota; Alphaproteobacteria; Caulobacterales; Caulobacteraceae; Caulobacter,0,1_105_DdmC#20,divergent,0.4483,0,0,0,0,[alpha] > other > hypothetical
NZ_LMDF01000005.1:669679-670798:1,WP_056048031.1,ASC70_RS07085,,aromatic ring-hydroxylating dioxygenase subunit alpha,1_105_DdmC,1,80.9,0.4808,6.4e-23,NZ_LMDF01000005.1,669679,670798,1,Caulobacter sp. Root343,Bacteria; Pseudomonadati; Pseudomonadota; Alphaproteobacteria; Caulobacterales; Caulobacteraceae; Caulobacter,0,1_105_DdmC#20,divergent,0.4483,0,0,0,0,[alpha]
NZ_LMEB01000007.1:126309-127434:1,WP_056453081.1,ASC65_RS11330,,aromatic ring-hydroxylating dioxygenase subunit alpha,1_105_DdmC,1,72.1,0.4867,2.9e-20,NZ_LMEB01000007.1,126309,127434,1,Brevundimonas sp. Root1279,Bacteria; Pseudomonadati; Pseudomonadota; Alphaproteobacteria; Caulobacterales; Caulobacteraceae; Brevundimonas,0,1_105_DdmC#9,divergent,0.4862,0,0,0,0,[alpha]
NZ_LMDZ01000001.1:668896-669997:1,WP_056017460.1,ASC73_RS03330,,aromatic ring-hydroxylating dioxygenase subunit alpha,1_105_DdmC,1,78.5,0.4838,3.3e-22,NZ_LMDZ01000001.1,668896,669997,1,Phenylobacterium sp. Root1277,Bacteria; Pseudomonadati; Pseudomonadota; Alphaproteobacteria; Caulobacterales; Caulobacteraceae; Phenylobacterium,0,1_105_DdmC#44,divergent,0.474,0,0,0,0,other > other > hydrolase > [alpha]
NZ_LMFQ01000020.1:206355-207465:-1,WP_056440338.1,ASD21_RS10395,,aromatic ring-hydroxylating dioxygenase subunit alpha,1_105_DdmC,1,89.3,0.4838,1.8e-25,NZ_LMFQ01000020.1,206355,207465,-1,Caulobacter sp. Root1455,Bacteria; Pseudomonadati; Pseudomonadota; Alphaproteobacteria; Caulobacterales; Caulobacteraceae; Caulobacter,0,1_105_DdmC#20,divergent,0.4422,0,0,0,0,[alpha]
NZ_LMFX01000010.1:60405-61515:1,WP_056754359.1,ASD47_RS08405,,aromatic ring-hydroxylating dioxygenase subunit alpha,1_105_DdmC,1,87.8,0.4838,4.9e-25,NZ_LMFX01000010.1,60405,61515,1,Caulobacter sp. Root1472,Bacteria; Pseudomonadati; Pseudomonadota; Alphaproteobacteria; Caulobacterales; Caulobacteraceae; Caulobacter,0,1_105_DdmC#20,divergent,0.4262,0,0,0,0,other > [alpha] > hypothetical
NZ_LMHT01000010.1:65489-66596:-1,WP_056731843.1,ASE02_RS05180,,aromatic ring-hydroxylating dioxygenase subunit alpha,1_105_DdmC,1,77.7,0.4867,5.8e-22,NZ_LMHT01000010.1,65489,66596,-1,Phenylobacterium sp. Root700,Bacteria; Pseudomonadati; Pseudomonadota; Alphaproteobacteria; Caulobacterales; Caulobacteraceae; Phenylobacterium,0,1_105_DdmC#44,divergent,0.4828,0,0,0,0,hydrolase > other > hypothetical > other > other > [alpha]
NZ_LMIB01000020.1:8513-9575:-1,WP_056383981.1,ASE00_RS22220,,aromatic ring-hydroxylating dioxygenase subunit alpha,1_105_DdmC,1,235.4,0.9823,6.5e-70,NZ_LMIB01000020.1,8513,9575,-1,Sphingomonas sp. Root710,Bacteria; Pseudomonadati; Pseudomonadota; Alphaproteobacteria; Sphingomonadales; Sphingomonadaceae; Sphingomonas,0,1_105_DdmC#69,novel_candidate,0.216,0,0,0,0,other > [alpha] > other > other > hydrolase
NZ_LMID01000011.1:873425-874496:1,WP_056360825.1,ASE22_RS14765,,aromatic ring-hydroxylating dioxygenase subunit alpha,1_105_DdmC,1,290.8,0.9764,9e-87,NZ_LMID01000011.1,873425,874496,1,Sphingomonas sp. Root720,Bacteria; Pseudomonadati; Pseudomonadota; Alphaproteobacteria; Sphingomonadales; Sphingomonadaceae; Sphingomonas,0,1_105_DdmC#68,novel_candidate,0.2067,0,0,0,0,reductase > [alpha]
NZ_LMID01000011.1:883859-884912:1,WP_235536370.1,ASE22_RS14815,,aromatic ring-hydroxylating dioxygenase subunit alpha,1_105_DdmC,1,306.3,0.9912,1.7e-91,NZ_LMID01000011.1,883859,884912,1,Sphingomonas sp. Root720,Bacteria; Pseudomonadati; Pseudomonadota; Alphaproteobacteria; Sphingomonadales; Sphingomonadaceae; Sphingomonas,0,1_105_DdmC#19,novel_candidate,0.2127,0,0,0,0,hydrolase > other > hypothetical > hypothetical > regulator > dehydrogenase > [alpha]
NZ_LMKV01000028.1:111430-112429:-1,WP_056691265.1,ASE85_RS16265,,aromatic ring-hydroxylating dioxygenase subunit alpha,1_105_DdmC,1,197.0,0.9971,3e-58,NZ_LMKV01000028.1,111430,112429,-1,Sphingobium sp. Leaf26,Bacteria; Pseudomonadati; Pseudomonadota; Alphaproteobacteria; Sphingomonadales; Sphingomonadaceae; Sphingobium,0,1_105_DdmC#8,novel_candidate,0.215,0,0,0,0,[alpha]
NZ_LMOA01000021.1:125290-126289:1,WP_056839285.1,ASF84_RS13875,,aromatic ring-hydroxylating dioxygenase subunit alpha,1_105_DdmC,1,106.2,0.6018,1.3e-30,NZ_LMOA01000021.1,125290,126289,1,Pseudomonas sp. Leaf127,Bacteria; Pseudomonadati; Pseudomonadota; Gammaproteobacteria; Pseudomonadales; Pseudomonadaceae; Pseudomonas,0,1_105_DdmC#15,novel_candidate,0.2591,0,0,0,0,other > reductase > hydrolase > other > hypothetical > hypothetical > [alpha]
NZ_LNYU01000078.1:72307-73330:-1,WP_058514702.1,Lsan_RS13265,,aromatic ring-hydroxylating dioxygenase subunit alpha,1_105_DdmC,1,97.3,0.5457,6.3e-28,NZ_LNYU01000078.1,72307,73330,-1,Legionella santicrucis,Bacteria; Pseudomonadati; Pseudomonadota; Gammaproteobacteria; Legionellales; Legionellaceae; Legionella,0,1_105_DdmC#67,novel_candidate,0.3443,0,0,0,0,[alpha] > hypothetical > other > hypothetical > other > other > hypothetical
NZ_LQPY01000004.1:210833-211847:-1,WP_036473666.1,AWC29_RS01460,,Rieske 2Fe-2S domain-containing protein,1_105_DdmC,1,57.8,0.469,6.5e-16,NZ_LQPY01000004.1,210833,211847,-1,Mycobacterium triplex,Bacteria; Bacillati; Actinomycetota; Actinomycetes; Mycobacteriales; Mycobacteriaceae; Mycobacterium; Mycobacterium simiae complex,0,1_105_DdmC#13,novel_candidate,0.2049,0,0,0,0,[alpha] > regulator
NZ_LTCZ01000405.1:68491-69595:1,WP_061700819.1,AZG88_RS39940,,Rieske 2Fe-2S domain-containing protein,1_105_DdmC,1,124.3,0.826,3.9e-36,NZ_LTCZ01000405.1,68491,69595,1,Rhodococcus sp. LB1,Bacteria; Bacillati; Actinomycetota; Actinomycetes; Mycobacteriales; Nocardiaceae; Rhodococcus,0,1_105_DdmC#66,novel_candidate,0.2077,0,0,0,0,[alpha] > hypothetical > reductase > other > reductase
NZ_LVHD01000008.1:26521-27592:1,WP_043550141.1,Amal_RS02970,,Rieske 2Fe-2S domain-containing protein,1_105_DdmC,1,78.7,0.4543,2.9e-22,NZ_LVHD01000008.1,26521,27592,1,Acetobacter malorum,Bacteria; Pseudomonadati; Pseudomonadota; Alphaproteobacteria; Acetobacterales; Acetobacteraceae; Acetobacter,0,1_105_DdmC#1,core,0.8743,0,0,0,0,[alpha] > hypothetical
NZ_LUUM01000291.1:55863-56985:1,WP_024878582.1,A1351_RS20675,,aromatic ring-hydroxylating dioxygenase subunit alpha,1_105_DdmC,1,95.9,0.472,1.7e-27,NZ_LUUM01000291.1,55863,56985,1,Methylosinus sp. R-45379,Bacteria; Pseudomonadati; Pseudomonadota; Alphaproteobacteria; Hyphomicrobiales; Methylocystaceae; Methylosinus,0,1_105_DdmC#33,divergent,0.4521,0,0,0,0,other > [alpha]
NZ_LUKF01000016.1:576176-577217:-1,WP_063244319.1,AZI85_RS12370,,aromatic ring-hydroxylating dioxygenase subunit alpha,1_105_DdmC,1,113.2,0.4838,9.2e-33,NZ_LUKF01000016.1,576176,577217,-1,Bdellovibrio bacteriovorus,Bacteria; Pseudomonadati; Bdellovibrionota; Bdellovibrionia; Bdellovibrionales; Pseudobdellovibrionaceae; Bdellovibrio,0,1_105_DdmC#65,novel_candidate,0.3898,0,0,0,0,regulator > [alpha] > hydrolase > other
NZ_LVHD01000011.1:29869-30985:-1,WP_063907368.1,Amal_RS04340,,aromatic ring-hydroxylating dioxygenase subunit alpha,1_105_DdmC,1,102.3,0.472,1.9e-29,NZ_LVHD01000011.1,29869,30985,-1,Acetobacter malorum,Bacteria; Pseudomonadati; Pseudomonadota; Alphaproteobacteria; Acetobacterales; Acetobacteraceae; Acetobacter,0,1_105_DdmC#1,core,0.9676,0,0,0,0,other > hypothetical > [alpha] > hydrolase
NZ_LUTU01000005.1:441968-443081:-1,WP_064273898.1,A0123_RS05010,,Rieske 2Fe-2S domain-containing protein,1_105_DdmC,1,102.8,0.472,1.3e-29,NZ_LUTU01000005.1,441968,443081,-1,Gluconobacter cerinus,Bacteria; Pseudomonadati; Pseudomonadota; Alphaproteobacteria; Acetobacterales; Acetobacteraceae; Gluconobacter,0,1_105_DdmC#1,core,0.8118,0,0,0,0,[alpha] > hydrolase
NZ_LWAJ01000010.1:20605-21679:1,WP_063871132.1,A2T98_RS00735,,aromatic ring-hydroxylating dioxygenase subunit alpha,1_105_DdmC,1,90.2,0.4926,9.4e-26,NZ_LWAJ01000010.1,20605,21679,1,Nodularia spumigena CENA596,Bacteria; Bacillati; Cyanobacteriota; Cyanophyceae; Nostocales; Aphanizomenonaceae; Nodularia,0,1_105_DdmC#107,novel_candidate,0.278,0,0,0,0,[alpha]
NZ_LWAJ01000274.1:3814-5212:-1,WP_063874414.1,A2T98_RS20850,,Rieske 2Fe-2S domain-containing protein,1_105_DdmC,1,75.8,0.4779,2.3e-21,NZ_LWAJ01000274.1,3814,5212,-1,Nodularia spumigena CENA596,Bacteria; Bacillati; Cyanobacteriota; Cyanophyceae; Nostocales; Aphanizomenonaceae; Nodularia,0,1_105_DdmC#22,novel_candidate,0.2781,0,0,0,0,[alpha]
NZ_LWHC01000081.1:47643-48684:-1,WP_069791423.1,A5482_RS11800,,aromatic ring-hydroxylating dioxygenase subunit alpha,1_105_DdmC,1,101.7,0.4838,2.9e-29,NZ_LWHC01000081.1,47643,48684,-1,Cyanobacterium sp. IPPAS B-1200,Bacteria; Bacillati; Cyanobacteriota; Cyanophyceae; Oscillatoriophycideae; Chroococcales; Geminocystaceae; Cyanobacterium,0,1_105_DdmC#106,novel_candidate,0.2491,0,0,0,0,hydrolase > [alpha]
NZ_LXSL01000012.1:95963-96965:1,WP_067590665.1,A7P95_RS02515,,Rieske 2Fe-2S domain-containing protein,1_105_DdmC,1,84.7,0.4808,4.2e-24,NZ_LXSL01000012.1,95963,96965,1,Eikenella longinqua,Bacteria; Pseudomonadati; Pseudomonadota; Betaproteobacteria; Neisseriales; Neisseriaceae; Eikenella,0,1_105_DdmC#12,novel_candidate,0.3202,0,0,0,0,[alpha] > hydrolase
NZ_LXRG01000163.1:109611-110625:1,WP_064234563.1,A6R74_RS11160,,aromatic ring-hydroxylating dioxygenase subunit alpha,1_105_DdmC,1,87.2,0.6224,7.4e-25,NZ_LXRG01000163.1,109611,110625,1,Halomonas sp. ALS9,Bacteria; Pseudomonadati; Pseudomonadota; Gammaproteobacteria; Oceanospirillales; Halomonadaceae; Halomonas,0,1_105_DdmC#38,novel_candidate,0.257,0,0,0,0,other > reductase > hydrolase > other > other > [alpha]
NZ_LXVY01000044.1:245729-246761:-1,WP_064313414.1,A7X12_RS21160,,aromatic ring-hydroxylating dioxygenase subunit alpha,1_105_DdmC,1,256.1,0.9764,3.3e-76,NZ_LXVY01000044.1,245729,246761,-1,Sphingomonas sp. TDK1,Bacteria; Pseudomonadati; Pseudomonadota; Alphaproteobacteria; Sphingomonadales; Sphingomonadaceae; Sphingomonas,0,1_105_DdmC#18,novel_candidate,0.2082,1,0,0,1,alpha_other > reductase > reductase > reductase > regulator > other > reductase > regulator > [alpha]
NZ_LXVY01000044.1:253709-254729:-1,WP_064313422.1,A7X12_RS21200,,aromatic ring-hydroxylating dioxygenase subunit alpha,1_105_DdmC,1,242.8,0.9853,3.6e-72,NZ_LXVY01000044.1,253709,254729,-1,Sphingomonas sp. TDK1,Bacteria; Pseudomonadati; Pseudomonadota; Alphaproteobacteria; Sphingomonadales; Sphingomonadaceae; Sphingomonas,0,1_105_DdmC#42,novel_candidate,0.2202,1,0,0,1,[alpha] > reductase > reductase > reductase > regulator > other > reductase > regulator > alpha_other
NZ_LYUD01000153.1:11983-13102:1,WP_003624538.1,SRCM100623_RS13190,,aromatic ring-hydroxylating dioxygenase subunit alpha,1_105_DdmC,1,96.3,0.4749,1.3e-27,NZ_LYUD01000153.1,11983,13102,1,Acetobacter pasteurianus,Bacteria; Pseudomonadati; Pseudomonadota; Alphaproteobacteria; Acetobacterales; Acetobacteraceae; Acetobacter,0,1_105_DdmC#1,core,0.8963,0,0,0,0,other > [alpha] > other
NZ_LYWZ01000002.1:218250-219336:-1,WP_066768992.1,A9D13_RS01310,,aromatic ring-hydroxylating dioxygenase subunit alpha,1_105_DdmC,1,532.1,0.9941,3.6e-160,NZ_LYWZ01000002.1,218250,219336,-1,Croceicoccus mobilis,Bacteria; Pseudomonadati; Pseudomonadota; Alphaproteobacteria; Sphingomonadales; Erythrobacteraceae; Croceicoccus,0,1_105_DdmC#35,novel_candidate,0.2194,0,0,0,0,hydrolase > [alpha] > other > transporter
NZ_MLED01000025.1:41241-42318:1,WP_005737595.1,BKM25_RS16665,,aromatic ring-hydroxylating dioxygenase subunit alpha,1_105_DdmC,1,100.0,0.6106,9.6e-29,NZ_MLED01000025.1,41241,42318,1,Pseudomonas avellanae,Bacteria; Pseudomonadati; Pseudomonadota; Gammaproteobacteria; Pseudomonadales; Pseudomonadaceae; Pseudomonas,0,1_105_DdmC#4,core,0.9768,0,0,0,0,other > other > [alpha]
NZ_MPIN01000008.1:205052-206135:-1,WP_071901593.1,BON30_RS29100,,aromatic ring-hydroxylating dioxygenase subunit alpha,1_105_DdmC,1,101.0,0.5959,4.9e-29,NZ_MPIN01000008.1,205052,206135,-1,Cystobacter ferrugineus,Bacteria; Pseudomonadati; Myxococcota; Myxococcia; Myxococcales; Cystobacterineae; Archangiaceae; Cystobacter,0,1_105_DdmC#14,novel_candidate,0.2847,0,0,0,0,[alpha] > hypothetical
NZ_MPNT01000012.1:159960-160974:-1,WP_073875898.1,BRW65_RS15245,,Rieske 2Fe-2S domain-containing protein,1_105_DdmC,1,56.8,0.469,1.4e-15,NZ_MPNT01000012.1,159960,160974,-1,Mycobacterium paraffinicum,Bacteria; Bacillati; Actinomycetota; Actinomycetes; Mycobacteriales; Mycobacteriaceae; Mycobacterium,0,1_105_DdmC#13,novel_candidate,0.1979,0,0,0,0,[alpha] > regulator
NZ_MPKY01000004.1:164126-165179:1,WP_072678538.1,BEE62_RS17425,,aromatic ring-hydroxylating dioxygenase subunit alpha,1_105_DdmC,1,220.5,0.9764,2.1e-65,NZ_MPKY01000004.1,164126,165179,1,Marinobacter nauticus,Bacteria; Pseudomonadati; Pseudomonadota; Gammaproteobacteria; Pseudomonadales; Marinobacteraceae; Marinobacter,0,1_105_DdmC#21,novel_candidate,0.2114,0,0,0,0,[alpha] > dehydrogenase > other > dehydrogenase
NZ_MPOI01000008.1:117047-118130:-1,WP_073563252.1,BO221_RS24610,,aromatic ring-hydroxylating dioxygenase subunit alpha,1_105_DdmC,1,100.6,0.6165,6.3e-29,NZ_MPOI01000008.1,117047,118130,-1,Archangium sp. Cb G35,Bacteria; Pseudomonadati; Myxococcota; Myxococcia; Myxococcales; Cystobacterineae; Archangiaceae; Archangium,0,1_105_DdmC#14,novel_candidate,0.2872,0,0,0,0,[alpha] > hypothetical
NZ_MRBY01000037.1:21536-22622:-1,WP_075893515.1,NIES208_RS13520,,aromatic ring-hydroxylating dioxygenase subunit alpha,1_105_DdmC,1,122.9,0.4926,1e-35,NZ_MRBY01000037.1,21536,22622,-1,[Limnothrix rosea] IAM M-220,Bacteria; Bacillati; Cyanobacteriota; Cyanophyceae; Oscillatoriophycideae; Chroococcales; Geminocystaceae; Picosynechococcus,0,1_105_DdmC#105,novel_candidate,0.2614,0,0,0,0,[alpha]
NZ_MQTZ01000017.1:169263-170286:1,WP_075597687.1,BST81_RS06320,,aromatic ring-hydroxylating dioxygenase subunit alpha,1_105_DdmC,1,78.9,0.5369,2.5e-22,NZ_MQTZ01000017.1,169263,170286,1,Leptolyngbya sp. 'hensonii',Bacteria; Bacillati; Cyanobacteriota; Cyanophyceae; Leptolyngbyales; Leptolyngbyaceae; Leptolyngbya group; Leptolyngbya,0,1_105_DdmC#64,novel_candidate,0.2617,0,0,0,0,regulator > hypothetical > other > other > [alpha] > hypothetical > other > other > other
NZ_MRCF01000055.1:40872-41952:1,WP_073634326.1,NIES2130_RS26960,,aromatic ring-hydroxylating dioxygenase subunit alpha,1_105_DdmC,1,119.4,0.6195,1.2e-34,NZ_MRCF01000055.1,40872,41952,1,Scytonema sp. HK-05,Bacteria; Bacillati; Cyanobacteriota; Cyanophyceae; Nostocales; Scytonemataceae; Scytonema,0,1_105_DdmC#63,novel_candidate,0.328,0,0,0,0,[alpha]
NZ_MRCE01000001.1:307237-308296:1,WP_073591658.1,NIES2119_RS01380,,aromatic ring-hydroxylating dioxygenase subunit alpha,1_105_DdmC,1,114.5,0.4749,3.7e-33,NZ_MRCE01000001.1,307237,308296,1,Phormidium ambiguum IAM M-71,Bacteria; Bacillati; Cyanobacteriota; Cyanophyceae; Oscillatoriophycideae; Oscillatoriales; Oscillatoriaceae; Phormidium,0,1_105_DdmC#104,novel_candidate,0.2784,0,0,0,0,alpha_other > [alpha]
NZ_MRCF01000093.1:8800-9790:-1,WP_073635700.1,NIES2130_RS34510,,Rieske 2Fe-2S domain-containing protein,1_105_DdmC,1,42.5,0.4572,3e-11,NZ_MRCF01000093.1,8800,9790,-1,Scytonema sp. HK-05,Bacteria; Bacillati; Cyanobacteriota; Cyanophyceae; Nostocales; Scytonemataceae; Scytonema,0,1_105_DdmC#36,novel_candidate,0.1893,0,0,0,0,[alpha] > other
NZ_MTPU01000053.1:38280-39345:-1,WP_061545312.1,CENA302_RS11935,,aromatic ring-hydroxylating dioxygenase subunit alpha,1_105_DdmC,1,78.2,0.4779,4.1e-22,NZ_MTPU01000053.1,38280,39345,-1,Cylindrospermopsis raciborskii CENA302,Bacteria; Bacillati; Cyanobacteriota; Cyanophyceae; Nostocales; Aphanizomenonaceae; Cylindrospermopsis,0,1_105_DdmC#43,novel_candidate,0.363,0,0,0,0,[alpha]
NZ_MVIJ01000003.1:54833-55847:1,WP_083175148.1,BST44_RS03455,,Rieske 2Fe-2S domain-containing protein,1_105_DdmC,1,60.2,0.469,1.3e-16,NZ_MVIJ01000003.1,54833,55847,1,Mycobacterium scrofulaceum,Bacteria; Bacillati; Actinomycetota; Actinomycetes; Mycobacteriales; Mycobacteriaceae; Mycobacterium,0,1_105_DdmC#13,novel_candidate,0.2042,0,0,0,0,[alpha] > regulator
NZ_MZZM01000035.1:29253-30267:1,WP_036473666.1,B5M45_RS27700,,Rieske 2Fe-2S domain-containing protein,1_105_DdmC,1,57.8,0.469,6.5e-16,NZ_MZZM01000035.1,29253,30267,1,Mycobacterium simiae,Bacteria; Bacillati; Actinomycetota; Actinomycetes; Mycobacteriales; Mycobacteriaceae; Mycobacterium; Mycobacterium simiae complex,0,1_105_DdmC#13,novel_candidate,0.2049,0,0,0,0,[alpha] > regulator
NZ_NDFP01000003.1:26474-27581:1,WP_048853097.1,B9K05_RS04070,,aromatic ring-hydroxylating dioxygenase subunit alpha,1_105_DdmC,1,92.9,0.4749,1.4e-26,NZ_NDFP01000003.1,26474,27581,1,Acetobacter syzygii,Bacteria; Pseudomonadati; Pseudomonadota; Alphaproteobacteria; Acetobacterales; Acetobacteraceae; Acetobacter,0,1_105_DdmC#1,core,0.8163,0,0,0,0,other > [alpha] > other
NZ_NFVE01000297.1:53728-54778:-1,WP_009770035.1,CA601_RS21635,,aromatic ring-hydroxylating dioxygenase subunit alpha,1_105_DdmC,1,296.1,0.9823,2.1e-88,NZ_NFVE01000297.1,53728,54778,-1,Paraburkholderia hospita,Bacteria; Pseudomonadati; Pseudomonadota; Betaproteobacteria; Burkholderiales; Burkholderiaceae; Paraburkholderia,0,1_105_DdmC#34,novel_candidate,0.1988,1,0,0,1,[alpha] > transporter > reductase > regulator
NZ_NKTX01000001.1:215726-216842:-1,WP_167513886.1,CFR80_RS00940,,aromatic ring-hydroxylating dioxygenase subunit alpha,1_105_DdmC,1,102.4,0.472,1.8e-29,NZ_NKTX01000001.1,215726,216842,-1,Komagataeibacter oboediens,Bacteria; Pseudomonadati; Pseudomonadota; Alphaproteobacteria; Acetobacterales; Acetobacteraceae; Komagataeibacter,0,1_105_DdmC#33,core,0.8677,0,0,0,0,[alpha] > other
NZ_NKTX01000040.1:13746-14880:1,WP_010514795.1,CFR80_RS12855,,aromatic ring-hydroxylating dioxygenase subunit alpha,1_105_DdmC,1,109.5,0.4749,1.2e-31,NZ_NKTX01000040.1,13746,14880,1,Komagataeibacter oboediens,Bacteria; Pseudomonadati; Pseudomonadota; Alphaproteobacteria; Acetobacterales; Acetobacteraceae; Komagataeibacter,0,1_105_DdmC#1,core,0.7326,0,0,0,0,[alpha] > hypothetical > other > other
NZ_NKTZ01000005.1:64313-65444:1,WP_034928537.1,CFR78_RS07370,,aromatic ring-hydroxylating dioxygenase subunit alpha,1_105_DdmC,1,107.2,0.4749,6.3e-31,NZ_NKTZ01000005.1,64313,65444,1,Komagataeibacter rhaeticus,Bacteria; Pseudomonadati; Pseudomonadota; Alphaproteobacteria; Acetobacterales; Acetobacteraceae; Komagataeibacter,0,1_105_DdmC#1,core,0.7485,0,0,0,0,[alpha] > hypothetical > other > other > other > dehydrogenase > other > other > other > other
NZ_NKUC01000010.1:65310-66453:1,WP_061273399.1,CFR75_RS06875,,aromatic ring-hydroxylating dioxygenase subunit alpha,1_105_DdmC,1,107.9,0.4749,3.7e-31,NZ_NKUC01000010.1,65310,66453,1,Komagataeibacter xylinus,Bacteria; Pseudomonadati; Pseudomonadota; Alphaproteobacteria; Acetobacterales; Acetobacteraceae; Komagataeibacter,0,1_105_DdmC#1,core,0.7059,0,0,0,0,[alpha] > hypothetical > other > other > other > dehydrogenase > other > other > other > other
NZ_NKTZ01000004.1:218720-219842:-1,WP_034929170.1,CFR78_RS06650,,aromatic ring-hydroxylating dioxygenase subunit alpha,1_105_DdmC,1,98.0,0.472,4.1e-28,NZ_NKTZ01000004.1,218720,219842,-1,Komagataeibacter rhaeticus,Bacteria; Pseudomonadati; Pseudomonadota; Alphaproteobacteria; Acetobacterales; Acetobacteraceae; Komagataeibacter,0,1_105_DdmC#1,core,0.8346,0,0,0,0,[alpha] > other
NZ_NWTP01000010.1:11181-12288:1,WP_048835102.1,CO710_RS10370,,aromatic ring-hydroxylating dioxygenase subunit alpha,1_105_DdmC,1,106.6,0.472,9.6e-31,NZ_NWTP01000010.1,11181,12288,1,Acetobacter orleanensis,Bacteria; Pseudomonadati; Pseudomonadota; Alphaproteobacteria; Acetobacterales; Acetobacteraceae; Acetobacter,0,1_105_DdmC#1,core,0.9438,0,0,0,0,[alpha] > hydrolase
NZ_OLMQ01000002.1:601389-602466:-1,WP_005737595.1,DTQ22_RS16085,,aromatic ring-hydroxylating dioxygenase subunit alpha,1_105_DdmC,1,100.0,0.6106,9.6e-29,NZ_OLMQ01000002.1,601389,602466,-1,Pseudomonas syringae group genomosp. 3,Bacteria; Pseudomonadati; Pseudomonadota; Gammaproteobacteria; Pseudomonadales; Pseudomonadaceae; Pseudomonas,0,1_105_DdmC#4,core,0.9768,0,0,0,0,other > other > [alpha]
NZ_PTXM01000014.1:121375-122518:-1,WP_236862341.1,C5O79_RS19945,,aromatic ring-hydroxylating dioxygenase subunit alpha,1_105_DdmC,1,104.3,0.4926,4.8e-30,NZ_PTXM01000014.1,121375,122518,-1,Burkholderia sp. SRS-25,Bacteria; Pseudomonadati; Pseudomonadota; Betaproteobacteria; Burkholderiales; Burkholderiaceae; Burkholderia,0,1_105_DdmC#11,divergent,0.5326,0,0,0,0,other > other > [alpha]
NZ_PYJM01000003.1:230797-231814:-1,WP_108544988.1,C5U62_RS14180,,aromatic ring-hydroxylating dioxygenase subunit alpha,1_105_DdmC,1,90.9,0.59,5.7e-26,NZ_PYJM01000003.1,230797,231814,-1,Pseudomonas protegens,Bacteria; Pseudomonadati; Pseudomonadota; Gammaproteobacteria; Pseudomonadales; Pseudomonadaceae; Pseudomonas,0,1_105_DdmC#15,novel_candidate,0.288,0,0,0,0,hypothetical > hypothetical > other > reductase > hydrolase > other > other > hypothetical > [alpha]
NZ_QNRF01000013.1:1836-2871:-1,WP_013795841.1,DFP76_RS16520,,aromatic ring-hydroxylating dioxygenase subunit alpha,1_105_DdmC,1,232.2,0.9971,6.1e-69,NZ_QNRF01000013.1,1836,2871,-1,Marinomonas aquiplantarum,Bacteria; Pseudomonadati; Pseudomonadota; Gammaproteobacteria; Oceanospirillales; Oceanospirillaceae; Marinomonas,0,1_105_DdmC#62,novel_candidate,0.2367,0,0,0,0,[alpha]
NZ_QUMU01000012.1:275861-276848:-1,WP_047855652.1,ATI61_RS37305,,Rieske 2Fe-2S domain-containing protein,1_105_DdmC,1,58.2,0.472,5e-16,NZ_QUMU01000012.1,275861,276848,-1,Archangium gephyra,Bacteria; Pseudomonadati; Myxococcota; Myxococcia; Myxococcales; Cystobacterineae; Archangiaceae; Archangium,0,1_105_DdmC#61,novel_candidate,0.2807,0,0,0,0,[alpha] > other > other
NZ_RBNS01000303.1:17898-18975:1,WP_005737595.1,ALQ94_RS28540,,aromatic ring-hydroxylating dioxygenase subunit alpha,1_105_DdmC,1,100.0,0.6106,9.6e-29,NZ_RBNS01000303.1,17898,18975,1,Pseudomonas amygdali pv. morsprunorum,Bacteria; Pseudomonadati; Pseudomonadota; Gammaproteobacteria; Pseudomonadales; Pseudomonadaceae; Pseudomonas; Pseudomonas amygdali,0,1_105_DdmC#4,core,0.9768,0,0,0,0,other > other > [alpha]
NZ_RBRA01000285.1:18170-19247:-1,WP_057435869.1,ALQ08_RS25525,,aromatic ring-hydroxylating dioxygenase subunit alpha,1_105_DdmC,1,97.6,0.6106,5.2e-28,NZ_RBRA01000285.1,18170,19247,-1,Pseudomonas syringae pv. delphinii,Bacteria; Pseudomonadati; Pseudomonadota; Gammaproteobacteria; Pseudomonadales; Pseudomonadaceae; Pseudomonas,0,1_105_DdmC#4,core,0.9768,0,0,0,0,other > other > [alpha]
NZ_RBRC01000121.1:35031-36108:-1,WP_057416854.1,ALQ06_RS09970,,aromatic ring-hydroxylating dioxygenase subunit alpha,1_105_DdmC,1,96.7,0.5044,9.8e-28,NZ_RBRC01000121.1,35031,36108,-1,Pseudomonas syringae pv. berberidis,Bacteria; Pseudomonadati; Pseudomonadota; Gammaproteobacteria; Pseudomonadales; Pseudomonadaceae; Pseudomonas,0,1_105_DdmC#4,core,0.9767,0,0,0,0,other > other > [alpha]
NZ_RBRT01000087.1:33087-34164:-1,WP_060412503.1,ALP89_RS06560,,aromatic ring-hydroxylating dioxygenase subunit alpha,1_105_DdmC,1,98.8,0.6106,2.2e-28,NZ_RBRT01000087.1,33087,34164,-1,Pseudomonas syringae pv. persicae,Bacteria; Pseudomonadati; Pseudomonadota; Gammaproteobacteria; Pseudomonadales; Pseudomonadaceae; Pseudomonas,0,1_105_DdmC#4,core,0.9802,0,0,0,0,other > other > [alpha]
NZ_RBTF01000548.1:28421-29498:1,WP_057426873.1,ALP50_RS32260,,aromatic ring-hydroxylating dioxygenase subunit alpha,1_105_DdmC,1,96.7,0.5044,9.6e-28,NZ_RBTF01000548.1,28421,29498,1,Pseudomonas syringae pv. spinaceae,Bacteria; Pseudomonadati; Pseudomonadota; Gammaproteobacteria; Pseudomonadales; Pseudomonadaceae; Pseudomonas; Pseudomonas syringae,0,1_105_DdmC#4,core,0.9801,0,0,0,0,other > other > [alpha]
NZ_RBRY01000038.1:45045-46047:-1,WP_025260253.1,ALP84_RS05045,,Rieske 2Fe-2S domain-containing protein,1_105_DdmC,1,98.4,0.5959,2.9e-28,NZ_RBRY01000038.1,45045,46047,-1,Pseudomonas cichorii,Bacteria; Pseudomonadati; Pseudomonadota; Gammaproteobacteria; Pseudomonadales; Pseudomonadaceae; Pseudomonas,0,1_105_DdmC#15,novel_candidate,0.3174,0,0,0,0,hypothetical > other > reductase > hydrolase > other > hypothetical > hypothetical > [alpha]
NZ_RBVI01000063.1:21845-22922:1,WP_057416854.1,ALO95_RS08930,,aromatic ring-hydroxylating dioxygenase subunit alpha,1_105_DdmC,1,96.7,0.5044,9.8e-28,NZ_RBVI01000063.1,21845,22922,1,Pseudomonas syringae pv. antirrhini,Bacteria; Pseudomonadati; Pseudomonadota; Gammaproteobacteria; Pseudomonadales; Pseudomonadaceae; Pseudomonas,0,1_105_DdmC#4,core,0.9767,0,0,0,0,other > other > [alpha]
NZ_RQSI01000001.1:200369-201440:-1,WP_124807407.1,EH199_RS00970,,aromatic ring-hydroxylating dioxygenase subunit alpha,1_105_DdmC,1,238.9,0.9853,5.4e-71,NZ_RQSI01000001.1,200369,201440,-1,Novosphingobium sp. LASN5T,Bacteria; Pseudomonadati; Pseudomonadota; Alphaproteobacteria; Sphingomonadales; Sphingomonadaceae; Novosphingobium,0,1_105_DdmC#7,novel_candidate,0.2049,0,0,0,0,regulator > dehydrogenase > other > transporter > regulator > other > other > other > other > [alpha] > reductase > hydrolase > reductase > dehydrogenase
NZ_RSCJ01000001.1:111761-113195:1,WP_016874431.1,PCC6912_RS00495,,Rieske 2Fe-2S domain-containing protein,1_105_DdmC,1,76.9,0.5162,1e-21,NZ_RSCJ01000001.1,111761,113195,1,Chlorogloeopsis fritschii PCC 6912,Bacteria; Bacillati; Cyanobacteriota; Cyanophyceae; Nostocales; Chlorogloeopsidaceae; Chlorogloeopsis,0,1_105_DdmC#22,novel_candidate,0.271,0,0,0,0,[alpha] > hypothetical
NZ_SLZP01000008.1:66875-67952:-1,WP_010667271.1,EDC15_RS08320,,aromatic ring-hydroxylating dioxygenase subunit alpha,1_105_DdmC,1,173.1,0.9764,5.7e-51,NZ_SLZP01000008.1,66875,67952,-1,Acetobacter aceti NBRC 14818,Bacteria; Pseudomonadati; Pseudomonadota; Alphaproteobacteria; Acetobacterales; Acetobacteraceae; Acetobacter; Acetobacter subgen. Acetobacter,0,1_105_DdmC#60,novel_candidate,0.1782,0,0,0,0,[alpha]
NZ_UARD01000059.1:500165-501287:1,WP_081052588.1,DS944_RS37760,,aromatic ring-hydroxylating dioxygenase subunit alpha,1_105_DdmC,1,97.5,0.5369,5.5e-28,NZ_UARD01000059.1,500165,501287,1,Burkholderia cepacia,Bacteria; Pseudomonadati; Pseudomonadota; Betaproteobacteria; Burkholderiales; Burkholderiaceae; Burkholderia; Burkholderia cepacia complex,0,1_105_DdmC#41,divergent,0.5467,0,0,0,0,other > other > [alpha]
NZ_UXHF01000030.1:31811-32942:-1,WP_035307262.1,BREV_RS08775,,aromatic ring-hydroxylating dioxygenase subunit alpha,1_105_DdmC,1,79.9,0.4808,1.3e-22,NZ_UXHF01000030.1,31811,32942,-1,Brevundimonas mediterranea,Bacteria; Pseudomonadati; Pseudomonadota; Alphaproteobacteria; Caulobacterales; Caulobacteraceae; Brevundimonas,0,1_105_DdmC#9,divergent,0.49,0,0,0,0,[alpha]
NZ_VAUE01000009.1:20081-21086:-1,WP_070925008.1,FJP61_RS05530,,aromatic ring-hydroxylating dioxygenase subunit alpha,1_105_DdmC,1,96.8,0.5103,9e-28,NZ_VAUE01000009.1,20081,21086,-1,Providencia stuartii,Bacteria; Pseudomonadati; Pseudomonadota; Gammaproteobacteria; Enterobacterales; Morganellaceae; Providencia,0,1_105_DdmC#15,novel_candidate,0.3209,0,0,0,0,other > hypothetical > [alpha]
NZ_VKJJ01000034.1:16556-17639:-1,WP_035380504.1,FOH22_RS10880,,Rieske 2Fe-2S domain-containing protein,1_105_DdmC,1,91.6,0.4572,3.5e-26,NZ_VKJJ01000034.1,16556,17639,-1,Acetobacter tropicalis,Bacteria; Pseudomonadati; Pseudomonadota; Alphaproteobacteria; Acetobacterales; Acetobacteraceae; Acetobacter,0,1_105_DdmC#1,core,0.8249,0,0,0,0,[alpha]
NZ_VKJJ01000038.1:36766-37873:1,WP_035379555.1,FOH22_RS11695,,aromatic ring-hydroxylating dioxygenase subunit alpha,1_105_DdmC,1,97.7,0.4749,4.9e-28,NZ_VKJJ01000038.1,36766,37873,1,Acetobacter tropicalis,Bacteria; Pseudomonadati; Pseudomonadota; Alphaproteobacteria; Acetobacterales; Acetobacteraceae; Acetobacter,0,1_105_DdmC#1,core,0.9331,0,0,0,0,other > hypothetical > [alpha] > other
NZ_VNHV01000004.1:372699-373683:-1,WP_008333804.1,BD830_RS12505,,Rieske 2Fe-2S domain-containing protein,1_105_DdmC,1,82.6,0.531,1.9e-23,NZ_VNHV01000004.1,372699,373683,-1,Maritimibacter alkaliphilus HTCC2654,Bacteria; Pseudomonadati; Pseudomonadota; Alphaproteobacteria; Rhodobacterales; Roseobacteraceae; Maritimibacter,0,1_105_DdmC#10,novel_candidate,0.3432,0,0,0,0,other > reductase > hydrolase > other > hypothetical > [alpha]
NZ_WHJJ01000018.1:213995-215102:-1,WP_035379555.1,GC248_RS06845,,aromatic ring-hydroxylating dioxygenase subunit alpha,1_105_DdmC,1,97.7,0.4749,4.9e-28,NZ_WHJJ01000018.1,213995,215102,-1,Acetobacter senegalensis,Bacteria; Pseudomonadati; Pseudomonadota; Alphaproteobacteria; Acetobacterales; Acetobacteraceae; Acetobacter,0,1_105_DdmC#1,core,0.9331,0,0,0,0,other > hypothetical > [alpha] > other
NZ_WNDV01000003.1:242128-243265:1,WP_278644337.1,GAK33_RS07105,,aromatic ring-hydroxylating dioxygenase subunit alpha,1_105_DdmC,1,105.0,0.5162,2.9e-30,NZ_WNDV01000003.1,242128,243265,1,Burkholderia lata,Bacteria; Pseudomonadati; Pseudomonadota; Betaproteobacteria; Burkholderiales; Burkholderiaceae; Burkholderia; Burkholderia cepacia complex,0,1_105_DdmC#11,divergent,0.5324,0,0,0,0,other > other > [alpha]
NZ_WOTE01000010.1:17935-19030:-1,WP_059024912.1,GOB80_RS12065,,Rieske 2Fe-2S domain-containing protein,1_105_DdmC,1,73.7,0.4543,9.6e-21,NZ_WOTE01000010.1,17935,19030,-1,Acetobacter ghanensis,Bacteria; Pseudomonadati; Pseudomonadota; Alphaproteobacteria; Acetobacterales; Acetobacteraceae; Acetobacter,0,1_105_DdmC#1,core,0.9181,0,0,0,0,[alpha] > hypothetical > hypothetical
NZ_WWIF01000017.1:83009-84119:1,WP_018515604.1,GTX53_RS30350,,Rieske 2Fe-2S domain-containing protein,1_105_DdmC,1,71.9,0.472,3.4e-20,NZ_WWIF01000017.1,83009,84119,1,Streptomyces sp. SID5594,Bacteria; Bacillati; Actinomycetota; Actinomycetes; Kitasatosporales; Streptomycetaceae; Streptomyces,0,1_105_DdmC#59,novel_candidate,0.1994,0,0,0,0,other > other > [alpha] > alpha_other > alpha_other > other > other > hypothetical > hypothetical
NZ_WWIF01000017.1:85160-86183:1,WP_018515606.1,GTX53_RS30360,,Rieske 2Fe-2S domain-containing protein,1_105_DdmC,1,71.9,0.469,3.4e-20,NZ_WWIF01000017.1,85160,86183,1,Streptomyces sp. SID5594,Bacteria; Bacillati; Actinomycetota; Actinomycetes; Kitasatosporales; Streptomycetaceae; Streptomyces,0,1_105_DdmC#39,novel_candidate,0.2157,0,0,0,0,other > other > alpha_other > alpha_other > [alpha] > other > other > hypothetical > hypothetical
XM_001690123.1:204-2142:1,XP_001690175.1,CHLREDRAFT_195951,CAO,chlorophyll a oxygenase,1_105_DdmC,1,91.5,0.4838,3.8e-26,XM_001690123.1,204,2142,1,Chlamydomonas reinhardtii,Eukaryota; Viridiplantae; Chlorophyta; core chlorophytes; Chlorophyceae; CS clade; Chlamydomonadales; Chlamydomonadaceae; Chlamydomonas,0,1_105_DdmC#17,novel_candidate,0.2908,0,0,0,0,[alpha]
XM_002309657.2:144-1815:1,XP_002309693.1,POPTR_0006s28310g,,hypothetical protein,1_105_DdmC,1,101.2,0.472,4.3e-29,XM_002309657.2,144,1815,1,Populus trichocarpa,Eukaryota; Viridiplantae; Streptophyta; Embryophyta; Tracheophyta; Spermatophyta; Magnoliophyta; eudicotyledons; Gunneridae; Pentapetalae; rosids; fabids; Malpighiales; Salicaceae; Saliceae; Populus,0,1_105_DdmC#0,core,0.8757,0,0,0,0,[alpha]
XM_002283397.4:90-1725:1,XP_002283433.2,,LOC100259354,"protein TIC 55, chloroplastic",1_105_DdmC,1,99.5,0.469,1.3e-28,XM_002283397.4,90,1725,1,Vitis vinifera,Eukaryota; Viridiplantae; Streptophyta; Embryophyta; Tracheophyta; Spermatophyta; Magnoliopsida; eudicotyledons; Gunneridae; Pentapetalae; rosids; Vitales; Vitaceae; Viteae; Vitis,0,1_105_DdmC#0,core,0.8803,0,0,0,0,[alpha]
XM_002324892.2:254-1904:1,XP_002324928.1,POPTR_0018s02890g,,hypothetical protein,1_105_DdmC,1,96.0,0.469,1.6e-27,XM_002324892.2,254,1904,1,Populus trichocarpa,Eukaryota; Viridiplantae; Streptophyta; Embryophyta; Tracheophyta; Spermatophyta; Magnoliophyta; eudicotyledons; Gunneridae; Pentapetalae; rosids; fabids; Malpighiales; Salicaceae; Saliceae; Populus,0,1_105_DdmC#0,core,0.7981,0,0,0,0,[alpha]
XM_002452921.1:246-1863:1,XP_002452966.1,SORBIDRAFT_04g035660,,hypothetical protein,1_105_DdmC,1,100.0,0.472,9.7e-29,XM_002452921.1,246,1863,1,Sorghum bicolor,Eukaryota; Viridiplantae; Streptophyta; Embryophyta; Tracheophyta; Spermatophyta; Magnoliophyta; Liliopsida; Poales; Poaceae; PACMAD clade; Panicoideae; Andropogonodae; Andropogoneae; Sorghinae; Sorghum,0,1_105_DdmC#0,core,0.7849,0,0,0,0,[alpha]
XM_002466210.1:90-1668:1,XP_002466255.1,SORBIDRAFT_01g004440,,hypothetical protein,1_105_DdmC,1,79.9,0.469,1.3e-22,XM_002466210.1,90,1668,1,Sorghum bicolor,Eukaryota; Viridiplantae; Streptophyta; Embryophyta; Tracheophyta; Spermatophyta; Magnoliophyta; Liliopsida; Poales; Poaceae; PACMAD clade; Panicoideae; Andropogonodae; Andropogoneae; Sorghinae; Sorghum,0,1_105_DdmC#32,divergent,0.4939,0,0,0,0,[alpha]
XM_002515345.2:394-2053:1,XP_002515391.1,,LOC8274149,"protein TIC 55, chloroplastic",1_105_DdmC,1,99.1,0.469,1.8e-28,XM_002515345.2,394,2053,1,Ricinus communis,Eukaryota; Viridiplantae; Streptophyta; Embryophyta; Tracheophyta; Spermatophyta; Magnoliophyta; eudicotyledons; Gunneridae; Pentapetalae; rosids; fabids; Malpighiales; Euphorbiaceae; Acalyphoideae; Acalypheae; Ricinus,0,1_105_DdmC#0,core,0.8522,0,0,0,0,[alpha]
XM_002533346.2:131-1790:1,XP_002533392.1,,LOC8261738,"protochlorophyllide-dependent translocon component 52, chloroplastic",1_105_DdmC,1,69.7,0.4838,1.5e-19,XM_002533346.2,131,1790,1,Ricinus communis,Eukaryota; Viridiplantae; Streptophyta; Embryophyta; Tracheophyta; Spermatophyta; Magnoliophyta; eudicotyledons; Gunneridae; Pentapetalae; rosids; fabids; Malpighiales; Euphorbiaceae; Acalyphoideae; Acalypheae; Ricinus,0,1_105_DdmC#114,core,0.6667,0,0,0,0,[alpha]
XM_002875654.1:21-1635:1,XP_002875700.1,ARALYDRAFT_905628,,hypothetical protein,1_105_DdmC,1,71.7,0.4779,4e-20,XM_002875654.1,21,1635,1,Arabidopsis lyrata subsp. lyrata,Eukaryota; Viridiplantae; Streptophyta; Embryophyta; Tracheophyta; Spermatophyta; Magnoliophyta; eudicotyledons; Gunneridae; Pentapetalae; rosids; malvids; Brassicales; Brassicaceae; Camelineae; Arabidopsis,0,1_105_DdmC#2,novel_candidate,0.3645,0,0,0,0,[alpha]
XM_002878757.1:20-1640:1,XP_002878803.1,ARALYDRAFT_901077,,hypothetical protein,1_105_DdmC,1,97.1,0.469,7.3e-28,XM_002878757.1,20,1640,1,Arabidopsis lyrata subsp. lyrata,Eukaryota; Viridiplantae; Streptophyta; Embryophyta; Tracheophyta; Spermatophyta; Magnoliophyta; eudicotyledons; Gunneridae; Pentapetalae; rosids; malvids; Brassicales; Brassicaceae; Camelineae; Arabidopsis,0,1_105_DdmC#0,core,0.9432,0,0,0,0,[alpha]
XM_002867554.1:35-1601:1,XP_002867600.1,ARALYDRAFT_492262,,hypothetical protein,1_105_DdmC,1,70.4,0.469,9.8e-20,XM_002867554.1,35,1601,1,Arabidopsis lyrata subsp. lyrata,Eukaryota; Viridiplantae; Streptophyta; Embryophyta; Tracheophyta; Spermatophyta; Magnoliophyta; eudicotyledons; Gunneridae; Pentapetalae; rosids; malvids; Brassicales; Brassicaceae; Camelineae; Arabidopsis,0,1_105_DdmC#32,core,0.6089,0,0,0,0,[alpha]
XM_002953844.1:0-1974:1,XP_002953890.1,VOLCADRAFT_64158,,chlorophyll a oxygenase,1_105_DdmC,1,94.1,0.4808,6.2e-27,XM_002953844.1,0,1974,1,Volvox carteri f. nagariensis,Eukaryota; Viridiplantae; Chlorophyta; core chlorophytes; Chlorophyceae; CS clade; Chlamydomonadales; Volvocaceae; Volvox,0,1_105_DdmC#17,novel_candidate,0.3333,0,0,0,0,[alpha]
XM_002975599.1:71-1715:1,XP_002975645.1,SELMODRAFT_174928,,hypothetical protein,1_105_DdmC,1,71.1,0.4749,5.8e-20,XM_002975599.1,71,1715,1,Selaginella moellendorffii,Eukaryota; Viridiplantae; Streptophyta; Embryophyta; Tracheophyta; Lycopodiopsida; Selaginellales; Selaginellaceae; Selaginella,0,1_105_DdmC#2,novel_candidate,0.3915,0,0,0,0,[alpha]
XM_002978782.1:0-1644:1,XP_002978828.1,SELMODRAFT_177205,,hypothetical protein,1_105_DdmC,1,70.3,0.4749,1e-19,XM_002978782.1,0,1644,1,Selaginella moellendorffii,Eukaryota; Viridiplantae; Streptophyta; Embryophyta; Tracheophyta; Lycopodiopsida; Selaginellales; Selaginellaceae; Selaginella,0,1_105_DdmC#2,novel_candidate,0.3915,0,0,0,0,[alpha]
XM_003055699.1:36-1785:1,XP_003055745.1,MICPUCDRAFT_49408,TIC55-5,chloroplast envelope protein translocase family,1_105_DdmC,1,56.3,0.472,1.8e-15,XM_003055699.1,36,1785,1,Micromonas pusilla CCMP1545,Eukaryota; Viridiplantae; Chlorophyta; Mamiellophyceae; Mamiellales; Mamiellaceae; Micromonas,0,1_105_DdmC#58,novel_candidate,0.2389,0,0,0,0,[alpha]
XM_003522297.3:28-1756:1,XP_003522345.2,,LOC100808233,"protein TIC 55, chloroplastic",1_105_DdmC,1,95.4,0.469,2.4e-27,XM_003522297.3,28,1756,1,Glycine max,Eukaryota; Viridiplantae; Streptophyta; Embryophyta; Tracheophyta; Spermatophyta; Magnoliophyta; eudicotyledons; Gunneridae; Pentapetalae; rosids; fabids; Fabales; Fabaceae; Papilionoideae; Phaseoleae; Glycine; Soja,0,1_105_DdmC#0,core,0.9304,0,0,0,0,[alpha]
XM_003526076.3:125-1748:1,XP_003526124.1,,LOC100818625,"protein TIC 55, chloroplastic-like",1_105_DdmC,1,93.3,0.4661,1e-26,XM_003526076.3,125,1748,1,Glycine max,Eukaryota; Viridiplantae; Streptophyta; Embryophyta; Tracheophyta; Spermatophyta; Magnoliophyta; eudicotyledons; Gunneridae; Pentapetalae; rosids; fabids; Fabales; Fabaceae; Papilionoideae; Phaseoleae; Glycine; Soja,0,1_105_DdmC#0,core,0.8738,0,0,0,0,[alpha]
XM_003562041.3:203-1790:1,XP_003562089.2,,LOC100840185,"pheophorbide a oxygenase, chloroplastic",1_105_DdmC,1,77.2,0.4779,8e-22,XM_003562041.3,203,1790,1,Brachypodium distachyon,Eukaryota; Viridiplantae; Streptophyta; Embryophyta; Tracheophyta; Spermatophyta; Magnoliophyta; Liliopsida; Poales; Poaceae; BOP clade; Pooideae; Brachypodieae; Brachypodium,0,1_105_DdmC#2,novel_candidate,0.3978,0,0,0,0,[alpha]
XM_003570235.3:69-1689:1,XP_003570283.1,,LOC100823679,"protein TIC 55, chloroplastic",1_105_DdmC,1,98.6,0.472,2.6e-28,XM_003570235.3,69,1689,1,Brachypodium distachyon,Eukaryota; Viridiplantae; Streptophyta; Embryophyta; Tracheophyta; Spermatophyta; Magnoliophyta; Liliopsida; Poales; Poaceae; BOP clade; Pooideae; Brachypodieae; Brachypodium,0,1_105_DdmC#0,core,0.7641,0,0,0,0,[alpha]
XM_003603228.2:199-1858:1,XP_003603276.1,MTR_3g105820,,translocon at the inner envelope membrane ofs protein 55-II,1_105_DdmC,1,98.8,0.469,2.3e-28,XM_003603228.2,199,1858,1,Medicago truncatula,Eukaryota; Viridiplantae; Streptophyta; Embryophyta; Tracheophyta; Spermatophyta; Magnoliophyta; eudicotyledons; Gunneridae; Pentapetalae; rosids; fabids; Fabales; Fabaceae; Papilionoideae; Trifolieae; Medicago,0,1_105_DdmC#0,core,0.8997,0,0,0,0,[alpha]
XM_004145530.2:68-1697:1,XP_004145578.1,,LOC101212085,"protein TIC 55, chloroplastic",1_105_DdmC,1,97.0,0.469,8e-28,XM_004145530.2,68,1697,1,Cucumis sativus,Eukaryota; Viridiplantae; Streptophyta; Embryophyta; Tracheophyta; Spermatophyta; Magnoliophyta; eudicotyledons; Gunneridae; Pentapetalae; rosids; fabids; Cucurbitales; Cucurbitaceae; Benincaseae; Cucumis,0,1_105_DdmC#0,core,0.7783,0,0,0,0,[alpha]
XM_004252999.3:65-1748:1,XP_004253047.1,,LOC101252762,"protein TIC 55, chloroplastic",1_105_DdmC,1,97.4,0.469,6e-28,XM_004252999.3,65,1748,1,Solanum lycopersicum,Eukaryota; Viridiplantae; Streptophyta; Embryophyta; Tracheophyta; Spermatophyta; Magnoliophyta; eudicotyledons; Gunneridae; Pentapetalae; asterids; lamiids; Solanales; Solanaceae; Solanoideae; Solaneae; Solanum; Lycopersicon,0,1_105_DdmC#0,core,0.9625,0,0,0,0,[alpha]
XM_004253000.3:65-1748:1,XP_004253048.1,,LOC101252762,"protein TIC 55, chloroplastic",1_105_DdmC,1,97.4,0.469,6e-28,XM_004253000.3,65,1748,1,Solanum lycopersicum,Eukaryota; Viridiplantae; Streptophyta; Embryophyta; Tracheophyta; Spermatophyta; Magnoliophyta; eudicotyledons; Gunneridae; Pentapetalae; asterids; lamiids; Solanales; Solanaceae; Solanoideae; Solaneae; Solanum; Lycopersicon,0,1_105_DdmC#0,core,0.9625,0,0,0,0,[alpha]
XM_004506024.3:116-1748:1,XP_004506081.1,,LOC101513298,"pheophorbide a oxygenase, chloroplastic",1_105_DdmC,1,69.2,0.4779,2.3e-19,XM_004506024.3,116,1748,1,Cicer arietinum,Eukaryota; Viridiplantae; Streptophyta; Embryophyta; Tracheophyta; Spermatophyta; Magnoliopsida; eudicotyledons; Gunneridae; Pentapetalae; rosids; fabids; Fabales; Fabaceae; Papilionoideae; 50 kb inversion clade; NPAAA clade; Hologalegina; IRL clade; Cicereae; Cicer,0,1_105_DdmC#2,divergent,0.4056,0,0,0,0,[alpha]
XM_004501337.3:93-1746:1,XP_004501394.1,,LOC101488767,"protein TIC 55, chloroplastic",1_105_DdmC,1,99.2,0.469,1.7e-28,XM_004501337.3,93,1746,1,Cicer arietinum,Eukaryota; Viridiplantae; Streptophyta; Embryophyta; Tracheophyta; Spermatophyta; Magnoliopsida; eudicotyledons; Gunneridae; Pentapetalae; rosids; fabids; Fabales; Fabaceae; Papilionoideae; 50 kb inversion clade; NPAAA clade; Hologalegina; IRL clade; Cicereae; Cicer,0,1_105_DdmC#0,core,0.9054,0,0,0,0,[alpha]
XM_004954132.3:25-1681:1,XP_004954189.1,,LOC101771663,"protein TIC 55, chloroplastic",1_105_DdmC,1,98.6,0.472,2.5e-28,XM_004954132.3,25,1681,1,Setaria italica,Eukaryota; Viridiplantae; Streptophyta; Embryophyta; Tracheophyta; Spermatophyta; Magnoliopsida; Liliopsida; Poales; Poaceae; PACMAD clade; Panicoideae; Panicodae; Paniceae; Cenchrinae; Setaria,0,1_105_DdmC#0,core,0.8081,0,0,0,0,[alpha]
XM_005649544.1:0-1683:1,XP_005649601.1,COCSUDRAFT_65076,,hypothetical protein,1_105_DdmC,1,51.5,0.4661,5.4e-14,XM_005649544.1,0,1683,1,Coccomyxa subellipsoidea C-169,Eukaryota; Viridiplantae; Chlorophyta; core chlorophytes; Trebouxiophyceae; Trebouxiophyceae incertae sedis; Elliptochloris clade; Coccomyxa; Coccomyxa subellipsoidea,0,1_105_DdmC#57,novel_candidate,0.34,0,0,0,0,[alpha]
XM_005644668.1:0-1113:1,XP_005644725.1,COCSUDRAFT_18877,,PaO-domain-containing protein,1_105_DdmC,1,88.9,0.4779,2.2e-25,XM_005644668.1,0,1113,1,Coccomyxa subellipsoidea C-169,Eukaryota; Viridiplantae; Chlorophyta; core chlorophytes; Trebouxiophyceae; Trebouxiophyceae incertae sedis; Elliptochloris clade; Coccomyxa; Coccomyxa subellipsoidea,0,1_105_DdmC#31,novel_candidate,0.3207,0,0,0,0,[alpha]
XM_005758207.1:0-1422:1,XP_005758264.1,EMIHUDRAFT_219969,,hypothetical protein,1_105_DdmC,1,70.3,0.4779,1.1e-19,XM_005758207.1,0,1422,1,Emiliania huxleyi CCMP1516,Eukaryota; Haptista; Haptophyta; Prymnesiophyceae; Isochrysidales; Noelaerhabdaceae; Emiliania,0,1_105_DdmC#30,novel_candidate,0.3687,0,0,0,0,[alpha]
XM_005777790.1:0-1707:1,XP_005777847.1,EMIHUDRAFT_115527,,hypothetical protein,1_105_DdmC,1,64.9,0.4749,4.5e-18,XM_005777790.1,0,1707,1,Emiliania huxleyi CCMP1516,Eukaryota; Haptista; Haptophyta; Prymnesiophyceae; Isochrysidales; Noelaerhabdaceae; Emiliania,0,1_105_DdmC#29,novel_candidate,0.3503,0,0,0,0,[alpha]
XM_005794482.1:0-1707:1,XP_005794539.1,EMIHUDRAFT_95263,,hypothetical protein,1_105_DdmC,1,65.7,0.4749,2.5e-18,XM_005794482.1,0,1707,1,Emiliania huxleyi CCMP1516,Eukaryota; Haptista; Haptophyta; Prymnesiophyceae; Isochrysidales; Noelaerhabdaceae; Emiliania,0,1_105_DdmC#29,novel_candidate,0.3483,0,0,0,0,[alpha]
XM_005786157.1:0-1419:1,XP_005786214.1,EMIHUDRAFT_229293,,hypothetical protein,1_105_DdmC,1,72.3,0.4779,2.5e-20,XM_005786157.1,0,1419,1,Emiliania huxleyi CCMP1516,Eukaryota; Haptista; Haptophyta; Prymnesiophyceae; Isochrysidales; Noelaerhabdaceae; Emiliania,0,1_105_DdmC#30,novel_candidate,0.3785,0,0,0,0,[alpha]
XM_005848119.1:0-1692:1,XP_005848181.1,CHLNCDRAFT_145588,,hypothetical protein,1_105_DdmC,1,80.9,0.4838,6.4e-23,XM_005848119.1,0,1692,1,Chlorella variabilis,Eukaryota; Viridiplantae; Chlorophyta; core chlorophytes; Trebouxiophyceae; Chlorellales; Chlorellaceae; Chlorella clade; Chlorella,0,1_105_DdmC#56,novel_candidate,0.3657,0,0,0,0,[alpha]
XM_006285147.1:0-1617:1,XP_006285209.1,CARUB_v10006566mg,,hypothetical protein,1_105_DdmC,1,66.7,0.469,1.3e-18,XM_006285147.1,0,1617,1,Capsella rubella,Eukaryota; Viridiplantae; Streptophyta; Embryophyta; Tracheophyta; Spermatophyta; Magnoliophyta; eudicotyledons; Gunneridae; Pentapetalae; rosids; malvids; Brassicales; Brassicaceae; Camelineae; Capsella,0,1_105_DdmC#6,core,0.6091,0,0,0,0,[alpha]
XM_006404984.1:111-1746:1,XP_006405047.1,EUTSA_v10000113mg,,hypothetical protein,1_105_DdmC,1,98.9,0.469,2.1e-28,XM_006404984.1,111,1746,1,Eutrema salsugineum,Eukaryota; Viridiplantae; Streptophyta; Embryophyta; Tracheophyta; Spermatophyta; Magnoliophyta; eudicotyledons; Gunneridae; Pentapetalae; rosids; malvids; Brassicales; Brassicaceae; Eutremeae; Eutrema,0,1_105_DdmC#0,core,0.8535,0,0,0,0,[alpha]
XM_006413222.1:27-1647:1,XP_006413285.1,EUTSA_v10024869mg,,hypothetical protein,1_105_DdmC,1,66.1,0.469,1.9e-18,XM_006413222.1,27,1647,1,Eutrema salsugineum,Eukaryota; Viridiplantae; Streptophyta; Embryophyta; Tracheophyta; Spermatophyta; Magnoliophyta; eudicotyledons; Gunneridae; Pentapetalae; rosids; malvids; Brassicales; Brassicaceae; Eutremeae; Eutrema,0,1_105_DdmC#6,core,0.5535,0,0,0,0,[alpha]
XM_006419030.1:101-1724:1,XP_006419093.1,EUTSA_v10002475mg,,hypothetical protein,1_105_DdmC,1,72.2,0.4779,2.8e-20,XM_006419030.1,101,1724,1,Eutrema salsugineum,Eukaryota; Viridiplantae; Streptophyta; Embryophyta; Tracheophyta; Spermatophyta; Magnoliophyta; eudicotyledons; Gunneridae; Pentapetalae; rosids; malvids; Brassicales; Brassicaceae; Eutremeae; Eutrema,0,1_105_DdmC#2,novel_candidate,0.3901,0,0,0,0,[alpha]
XM_006450178.1:0-1944:1,XP_006450241.1,CICLE_v10007702mg,,hypothetical protein,1_105_DdmC,1,104.0,0.469,5.9e-30,XM_006450178.1,0,1944,1,Citrus clementina,Eukaryota; Viridiplantae; Streptophyta; Embryophyta; Tracheophyta; Spermatophyta; Magnoliophyta; eudicotyledons; Gunneridae; Pentapetalae; rosids; malvids; Sapindales; Rutaceae; Aurantioideae; Citrus,0,1_105_DdmC#0,core,0.8257,0,0,0,0,[alpha]
XM_006450179.1:95-1700:1,XP_006450242.1,CICLE_v10007965mg,,hypothetical protein,1_105_DdmC,1,106.1,0.469,1.3e-30,XM_006450179.1,95,1700,1,Citrus clementina,Eukaryota; Viridiplantae; Streptophyta; Embryophyta; Tracheophyta; Spermatophyta; Magnoliophyta; eudicotyledons; Gunneridae; Pentapetalae; rosids; malvids; Sapindales; Rutaceae; Aurantioideae; Citrus,0,1_105_DdmC#0,core,0.9094,0,0,0,0,[alpha]
XM_006290808.1:159-1776:1,XP_006290870.1,CARUB_v10016980mg,,hypothetical protein,1_105_DdmC,1,71.1,0.4779,6e-20,XM_006290808.1,159,1776,1,Capsella rubella,Eukaryota; Viridiplantae; Streptophyta; Embryophyta; Tracheophyta; Spermatophyta; Magnoliophyta; eudicotyledons; Gunneridae; Pentapetalae; rosids; malvids; Brassicales; Brassicaceae; Camelineae; Capsella,0,1_105_DdmC#2,novel_candidate,0.381,0,0,0,0,[alpha]
XM_006293844.1:0-1728:1,XP_006293906.1,CARUB_v10022898mg,,hypothetical protein,1_105_DdmC,1,95.4,0.469,2.5e-27,XM_006293844.1,0,1728,1,Capsella rubella,Eukaryota; Viridiplantae; Streptophyta; Embryophyta; Tracheophyta; Spermatophyta; Magnoliophyta; eudicotyledons; Gunneridae; Pentapetalae; rosids; malvids; Brassicales; Brassicaceae; Camelineae; Capsella,0,1_105_DdmC#0,core,0.9464,0,0,0,0,[alpha]
XM_006342387.2:133-1783:1,XP_006342449.1,,LOC102605482,"protein TIC 55, chloroplastic",1_105_DdmC,1,97.9,0.469,4.3e-28,XM_006342387.2,133,1783,1,Solanum tuberosum,Eukaryota; Viridiplantae; Streptophyta; Embryophyta; Tracheophyta; Spermatophyta; Magnoliopsida; eudicotyledons; Gunneridae; Pentapetalae; asterids; lamiids; Solanales; Solanaceae; Solanoideae; Solaneae; Solanum,0,1_105_DdmC#0,core,0.9656,0,0,0,0,[alpha]
XM_006845389.2:1363-3022:1,XP_006845452.1,,LOC18435343,"protein TIC 55, chloroplastic",1_105_DdmC,1,111.1,0.472,4e-32,XM_006845389.2,1363,3022,1,Amborella trichopoda,Eukaryota; Viridiplantae; Streptophyta; Embryophyta; Tracheophyta; Spermatophyta; Magnoliophyta; basal Magnoliophyta; Amborellales; Amborellaceae; Amborella,0,1_105_DdmC#0,core,0.7713,0,0,0,0,[alpha]
XM_006858924.2:23-1679:1,XP_006858986.1,,LOC18448869,"protochlorophyllide-dependent translocon component 52, chloroplastic",1_105_DdmC,1,74.8,0.4867,4.6e-21,XM_006858924.2,23,1679,1,Amborella trichopoda,Eukaryota; Viridiplantae; Streptophyta; Embryophyta; Tracheophyta; Spermatophyta; Magnoliophyta; basal Magnoliophyta; Amborellales; Amborellaceae; Amborella,0,1_105_DdmC#3,core,0.6613,0,0,0,0,[alpha]
XM_007136868.1:58-1789:1,XP_007136930.1,PHAVU_009G086000g,,hypothetical protein,1_105_DdmC,1,95.5,0.469,2.3e-27,XM_007136868.1,58,1789,1,Phaseolus vulgaris,Eukaryota; Viridiplantae; Streptophyta; Embryophyta; Tracheophyta; Spermatophyta; Magnoliopsida; eudicotyledons; Gunneridae; Pentapetalae; rosids; fabids; Fabales; Fabaceae; Papilionoideae; 50 kb inversion clade; NPAAA clade; indigoferoid/millettioid clade; Phaseoleae; Phaseolus,0,1_105_DdmC#0,core,0.8147,0,0,0,0,[alpha]
XM_008381168.2:85-1753:1,XP_008379390.1,,LOC103442385,"protein TIC 55, chloroplastic-like",1_105_DdmC,1,103.2,0.469,1e-29,XM_008381168.2,85,1753,1,Malus domestica,Eukaryota; Viridiplantae; Streptophyta; Embryophyta; Tracheophyta; Spermatophyta; Magnoliophyta; eudicotyledons; Gunneridae; Pentapetalae; rosids; fabids; Rosales; Rosaceae; Maloideae; Maleae; Malus,0,1_105_DdmC#0,core,0.8774,0,0,0,0,[alpha]
XM_008652816.1:251-1814:1,XP_008651038.1,,LOC103631716,"pheophorbide a oxygenase, chloroplastic",1_105_DdmC,1,74.1,0.4779,7.3e-21,XM_008652816.1,251,1814,1,Zea mays,Eukaryota; Viridiplantae; Streptophyta; Embryophyta; Tracheophyta; Spermatophyta; Magnoliophyta; Liliopsida; Poales; Poaceae; PACMAD clade; Panicoideae; Andropogonodae; Andropogoneae; Tripsacinae; Zea,0,1_105_DdmC#2,divergent,0.4045,0,0,0,0,[alpha]
XM_008452808.2:51-1680:1,XP_008451030.1,,LOC103492436,"protochlorophyllide-dependent translocon component 52, chloroplastic-like",1_105_DdmC,1,66.2,0.4513,1.8e-18,XM_008452808.2,51,1680,1,Cucumis melo,Eukaryota; Viridiplantae; Streptophyta; Embryophyta; Tracheophyta; Spermatophyta; Magnoliopsida; eudicotyledons; Gunneridae; Pentapetalae; rosids; fabids; Cucurbitales; Cucurbitaceae; Benincaseae; Cucumis,0,1_105_DdmC#113,divergent,0.4843,0,0,0,0,[alpha]
XM_008454596.2:135-1776:1,XP_008452818.2,,LOC103493728,"protein TIC 55, chloroplastic",1_105_DdmC,1,98.8,0.469,2.3e-28,XM_008454596.2,135,1776,1,Cucumis melo,Eukaryota; Viridiplantae; Streptophyta; Embryophyta; Tracheophyta; Spermatophyta; Magnoliopsida; eudicotyledons; Gunneridae; Pentapetalae; rosids; fabids; Cucurbitales; Cucurbitaceae; Benincaseae; Cucumis,0,1_105_DdmC#0,core,0.7659,0,0,0,0,[alpha]
XM_008676088.1:132-1704:1,XP_008674310.1,,cl64795_1,LOC100281213 isoform X1,1_105_DdmC,1,80.8,0.469,6.8e-23,XM_008676088.1,132,1704,1,Zea mays,Eukaryota; Viridiplantae; Streptophyta; Embryophyta; Tracheophyta; Spermatophyta; Magnoliophyta; Liliopsida; Poales; Poaceae; PACMAD clade; Panicoideae; Andropogonodae; Andropogoneae; Tripsacinae; Zea,0,1_105_DdmC#27,divergent,0.5423,0,0,0,0,[alpha]
XM_008814104.4:69-1716:1,XP_008812326.2,,LOC103723245,"pheophorbide a oxygenase, chloroplastic",1_105_DdmC,1,71.1,0.4779,5.9e-20,XM_008814104.4,69,1716,1,Phoenix dactylifera,Eukaryota; Viridiplantae; Streptophyta; Embryophyta; Tracheophyta; Spermatophyta; Magnoliopsida; Liliopsida; Arecaceae; Coryphoideae; Phoeniceae; Phoenix,0,1_105_DdmC#2,divergent,0.4056,0,0,0,0,[alpha]
XM_008791881.4:278-1922:1,XP_008790103.2,,LOC103707410,"protein TIC 55, chloroplastic",1_105_DdmC,1,103.0,0.4749,1.2e-29,XM_008791881.4,278,1922,1,Phoenix dactylifera,Eukaryota; Viridiplantae; Streptophyta; Embryophyta; Tracheophyta; Spermatophyta; Magnoliopsida; Liliopsida; Arecaceae; Coryphoideae; Phoeniceae; Phoenix,0,1_105_DdmC#0,core,0.7802,0,0,0,0,[alpha]
XM_009038974.1:0-2331:1,XP_009037222.1,AURANDRAFT_64390,,hypothetical protein,1_105_DdmC,1,63.8,0.4513,9.7e-18,XM_009038974.1,0,2331,1,Aureococcus anophagefferens,Eukaryota; Sar; Stramenopiles; Ochrophyta; Pelagophyceae; Pelagomonadales; Pelagomonadaceae; Aureococcus,0,1_105_DdmC#55,novel_candidate,0.2254,0,0,0,0,[alpha]
XM_009042058.1:0-1149:1,XP_009040306.1,AURANDRAFT_11520,,hypothetical protein,1_105_DdmC,1,82.1,0.4749,2.6e-23,XM_009042058.1,0,1149,1,Aureococcus anophagefferens,Eukaryota; Sar; Stramenopiles; Ochrophyta; Pelagophyceae; Pelagomonadales; Pelagomonadaceae; Aureococcus,0,1_105_DdmC#54,novel_candidate,0.276,0,0,0,0,[alpha]
XM_009135704.2:252-1878:1,XP_009133952.1,,LOC103858361,"protein TIC 55, chloroplastic",1_105_DdmC,1,103.8,0.469,6.9e-30,XM_009135704.2,252,1878,1,Brassica rapa,Eukaryota; Viridiplantae; Streptophyta; Embryophyta; Tracheophyta; Spermatophyta; Magnoliopsida; eudicotyledons; Gunneridae; Pentapetalae; rosids; malvids; Brassicales; Brassicaceae; Brassiceae; Brassica,0,1_105_DdmC#0,core,0.9811,0,0,0,0,[alpha]
XM_009141132.2:61-1666:1,XP_009139380.1,,LOC103863379,"protochlorophyllide-dependent translocon component 52, chloroplastic",1_105_DdmC,1,63.1,0.469,1.6e-17,XM_009141132.2,61,1666,1,Brassica rapa,Eukaryota; Viridiplantae; Streptophyta; Embryophyta; Tracheophyta; Spermatophyta; Magnoliophyta; eudicotyledons; Gunneridae; Pentapetalae; rosids; malvids; Brassicales; Brassicaceae; Brassiceae; Brassica,0,1_105_DdmC#6,divergent,0.5107,0,0,0,0,[alpha]
XM_009411499.2:170-1841:1,XP_009409774.1,,LOC103991952,"protein TIC 55, chloroplastic",1_105_DdmC,1,102.1,0.4749,2.2e-29,XM_009411499.2,170,1841,1,Musa acuminata subsp. malaccensis,Eukaryota; Viridiplantae; Streptophyta; Embryophyta; Tracheophyta; Spermatophyta; Magnoliopsida; Liliopsida; Zingiberales; Musaceae; Musa,0,1_105_DdmC#0,core,0.7923,0,0,0,0,[alpha]
XM_009772441.1:108-1782:1,XP_009770743.1,,LOC104221378,"protein TIC 55, chloroplastic",1_105_DdmC,1,94.4,0.469,5e-27,XM_009772441.1,108,1782,1,Nicotiana sylvestris,Eukaryota; Viridiplantae; Streptophyta; Embryophyta; Tracheophyta; Spermatophyta; Magnoliopsida; eudicotyledons; Gunneridae; Pentapetalae; asterids; lamiids; Solanales; Solanaceae; Nicotianoideae; Nicotianeae; Nicotiana,0,1_105_DdmC#0,core,0.9792,0,0,0,0,[alpha]
XM_009390784.2:86-1697:1,XP_009389059.1,,LOC103975726,"protochlorophyllide-dependent translocon component 52, chloroplastic",1_105_DdmC,1,76.2,0.472,1.7e-21,XM_009390784.2,86,1697,1,Musa acuminata subsp. malaccensis,Eukaryota; Viridiplantae; Streptophyta; Embryophyta; Tracheophyta; Spermatophyta; Magnoliopsida; Liliopsida; Zingiberales; Musaceae; Musa,0,1_105_DdmC#3,core,0.7418,0,0,0,0,[alpha]
XM_009399766.2:63-1680:1,XP_009398041.1,,LOC103982755,"pheophorbide a oxygenase, chloroplastic",1_105_DdmC,1,78.2,0.4779,4e-22,XM_009399766.2,63,1680,1,Musa acuminata subsp. malaccensis,Eukaryota; Viridiplantae; Streptophyta; Embryophyta; Tracheophyta; Spermatophyta; Magnoliopsida; Liliopsida; Zingiberales; Musaceae; Musa,0,1_105_DdmC#2,novel_candidate,0.3978,0,0,0,0,[alpha]
XM_009400368.2:283-1876:1,XP_009398643.1,,LOC103983177,"protein TIC 55, chloroplastic-like",1_105_DdmC,1,104.0,0.4749,6e-30,XM_009400368.2,283,1876,1,Musa acuminata subsp. malaccensis,Eukaryota; Viridiplantae; Streptophyta; Embryophyta; Tracheophyta; Spermatophyta; Magnoliopsida; Liliopsida; Zingiberales; Musaceae; Musa,0,1_105_DdmC#0,core,0.6763,0,0,0,0,[alpha]
XM_010109986.1:0-1626:1,XP_010108288.1,L484_007141,,Protein TIC 55,1_105_DdmC,1,98.9,0.469,2.1e-28,XM_010109986.1,0,1626,1,Morus notabilis,Eukaryota; Viridiplantae; Streptophyta; Embryophyta; Tracheophyta; Spermatophyta; Magnoliophyta; eudicotyledons; Gunneridae; Pentapetalae; rosids; fabids; Rosales; Moraceae; Morus,0,1_105_DdmC#0,core,0.8235,0,0,0,0,[alpha]
XM_010248273.2:209-1895:1,XP_010246575.1,,LOC104589837,"protein TIC 55, chloroplastic-like",1_105_DdmC,1,100.2,0.4749,8.6e-29,XM_010248273.2,209,1895,1,Nelumbo nucifera,Eukaryota; Viridiplantae; Streptophyta; Embryophyta; Tracheophyta; Spermatophyta; Magnoliopsida; Proteales; Nelumbonaceae; Nelumbo,0,1_105_DdmC#0,core,0.8519,0,0,0,0,[alpha]
XM_010248274.2:143-1841:1,XP_010246576.1,,LOC104589839,"protein TIC 55, chloroplastic-like",1_105_DdmC,1,101.4,0.4749,3.5e-29,XM_010248274.2,143,1841,1,Nelumbo nucifera,Eukaryota; Viridiplantae; Streptophyta; Embryophyta; Tracheophyta; Spermatophyta; Magnoliopsida; Proteales; Nelumbonaceae; Nelumbo,0,1_105_DdmC#0,core,0.8549,0,0,0,0,[alpha]
XM_010259313.2:159-1776:1,XP_010257615.1,,LOC104597648,"protochlorophyllide-dependent translocon component 52, chloroplastic isoform X1",1_105_DdmC,1,68.7,0.469,3.2e-19,XM_010259313.2,159,1776,1,Nelumbo nucifera,Eukaryota; Viridiplantae; Streptophyta; Embryophyta; Tracheophyta; Spermatophyta; Magnoliopsida; Proteales; Nelumbonaceae; Nelumbo,0,1_105_DdmC#26,core,0.6784,0,0,0,0,[alpha]
XM_010259314.2:159-1770:1,XP_010257616.1,,LOC104597648,"protochlorophyllide-dependent translocon component 52, chloroplastic isoform X2",1_105_DdmC,1,68.7,0.469,3.2e-19,XM_010259314.2,159,1770,1,Nelumbo nucifera,Eukaryota; Viridiplantae; Streptophyta; Embryophyta; Tracheophyta; Spermatophyta; Magnoliopsida; Proteales; Nelumbonaceae; Nelumbo,0,1_105_DdmC#26,core,0.7074,0,0,0,0,[alpha]
XM_010259317.2:159-1425:1,XP_010257619.1,,LOC104597648,"protochlorophyllide-dependent translocon component 52, chloroplastic isoform X3",1_105_DdmC,1,69.4,0.469,1.9e-19,XM_010259317.2,159,1425,1,Nelumbo nucifera,Eukaryota; Viridiplantae; Streptophyta; Embryophyta; Tracheophyta; Spermatophyta; Magnoliopsida; Proteales; Nelumbonaceae; Nelumbo,0,1_105_DdmC#26,core,0.6784,0,0,0,0,[alpha]
XM_010690946.2:256-1867:1,XP_010689248.1,,LOC104902984,"pheophorbide a oxygenase, chloroplastic",1_105_DdmC,1,69.4,0.4779,2e-19,XM_010690946.2,256,1867,1,Beta vulgaris subsp. vulgaris,Eukaryota; Viridiplantae; Streptophyta; Embryophyta; Tracheophyta; Spermatophyta; Magnoliopsida; eudicotyledons; Gunneridae; Pentapetalae; Caryophyllales; Chenopodiaceae; Betoideae; Beta,0,1_105_DdmC#2,novel_candidate,0.3814,0,0,0,0,[alpha]
XM_010694651.2:192-1908:1,XP_010692953.1,,LOC104905980,"protein TIC 55, chloroplastic",1_105_DdmC,1,100.7,0.469,6e-29,XM_010694651.2,192,1908,1,Beta vulgaris subsp. vulgaris,Eukaryota; Viridiplantae; Streptophyta; Embryophyta; Tracheophyta; Spermatophyta; Magnoliopsida; eudicotyledons; Gunneridae; Pentapetalae; Caryophyllales; Chenopodiaceae; Betoideae; Beta,0,1_105_DdmC#0,core,0.8342,0,0,0,0,[alpha]
XM_010920415.3:151-1807:1,XP_010918717.1,,LOC105043024,"pheophorbide a oxygenase, chloroplastic",1_105_DdmC,1,67.7,0.4779,6.3e-19,XM_010920415.3,151,1807,1,Elaeis guineensis,Eukaryota; Viridiplantae; Streptophyta; Embryophyta; Tracheophyta; Spermatophyta; Magnoliopsida; Liliopsida; Arecaceae; Arecoideae; Cocoseae; Elaeidinae; Elaeis,0,1_105_DdmC#2,divergent,0.4144,0,0,0,0,[alpha]
XM_010936301.3:15-1716:1,XP_010934603.2,,LOC105054726,"protochlorophyllide-dependent translocon component 52, chloroplastic isoform X2",1_105_DdmC,1,82.5,0.4749,2e-23,XM_010936301.3,15,1716,1,Elaeis guineensis,Eukaryota; Viridiplantae; Streptophyta; Embryophyta; Tracheophyta; Spermatophyta; Magnoliopsida; Liliopsida; Arecaceae; Arecoideae; Cocoseae; Elaeidinae; Elaeis,0,1_105_DdmC#3,core,0.9601,0,0,0,0,[alpha]
XM_011033107.1:186-1863:1,XP_011031409.1,,LOC105130549,"protein TIC 55, chloroplastic-like",1_105_DdmC,1,99.7,0.472,1.2e-28,XM_011033107.1,186,1863,1,Populus euphratica,Eukaryota; Viridiplantae; Streptophyta; Embryophyta; Tracheophyta; Spermatophyta; Magnoliopsida; eudicotyledons; Gunneridae; Pentapetalae; rosids; fabids; Malpighiales; Salicaceae; Saliceae; Populus,0,1_105_DdmC#0,core,0.8757,0,0,0,0,[alpha]
XM_011038423.1:152-1802:1,XP_011036725.1,,LOC105134128,"protein TIC 55, chloroplastic-like",1_105_DdmC,1,96.2,0.472,1.4e-27,XM_011038423.1,152,1802,1,Populus euphratica,Eukaryota; Viridiplantae; Streptophyta; Embryophyta; Tracheophyta; Spermatophyta; Magnoliopsida; eudicotyledons; Gunneridae; Pentapetalae; rosids; fabids; Malpighiales; Salicaceae; Saliceae; Populus,0,1_105_DdmC#0,core,0.8013,0,0,0,0,[alpha]
XM_011083704.2:196-1843:1,XP_011082006.1,,LOC105164888,"protein TIC 55, chloroplastic",1_105_DdmC,1,102.9,0.4661,1.3e-29,XM_011083704.2,196,1843,1,Sesamum indicum,Eukaryota; Viridiplantae; Streptophyta; Embryophyta; Tracheophyta; Spermatophyta; Magnoliopsida; eudicotyledons; Gunneridae; Pentapetalae; asterids; lamiids; Lamiales; Pedaliaceae; Sesamum,0,1_105_DdmC#0,core,0.6994,0,0,0,0,[alpha]
XM_011026851.1:283-1879:1,XP_011025153.1,,LOC105126102,"protochlorophyllide-dependent translocon component 52, chloroplastic-like",1_105_DdmC,1,70.2,0.472,1.1e-19,XM_011026851.1,283,1879,1,Populus euphratica,Eukaryota; Viridiplantae; Streptophyta; Embryophyta; Tracheophyta; Spermatophyta; Magnoliopsida; eudicotyledons; Gunneridae; Pentapetalae; rosids; fabids; Malpighiales; Salicaceae; Saliceae; Populus,0,1_105_DdmC#112,core,0.6738,0,0,0,0,[alpha]
XM_010915744.3:42-1812:1,XP_010914046.2,,LOC105039555,"protein TIC 55, chloroplastic",1_105_DdmC,1,97.8,0.4749,4.5e-28,XM_010915744.3,42,1812,1,Elaeis guineensis,Eukaryota; Viridiplantae; Streptophyta; Embryophyta; Tracheophyta; Spermatophyta; Magnoliopsida; Liliopsida; Arecaceae; Arecoideae; Cocoseae; Elaeidinae; Elaeis,0,1_105_DdmC#0,core,0.7641,0,0,0,0,[alpha]
XM_012220999.1:140-1790:1,XP_012076389.1,,LOC105637523,"protein TIC 55, chloroplastic",1_105_DdmC,1,99.9,0.469,1e-28,XM_012220999.1,140,1790,1,Jatropha curcas,Eukaryota; Viridiplantae; Streptophyta; Embryophyta; Tracheophyta; Spermatophyta; Magnoliophyta; eudicotyledons; Gunneridae; Pentapetalae; rosids; fabids; Malpighiales; Euphorbiaceae; Crotonoideae; Jatropheae; Jatropha,0,1_105_DdmC#0,core,0.9476,0,0,0,0,[alpha]
XM_012589212.1:197-1826:1,XP_012444666.1,,LOC105768929,"protein TIC 55, chloroplastic",1_105_DdmC,1,106.4,0.469,1.1e-30,XM_012589212.1,197,1826,1,Gossypium raimondii,Eukaryota; Viridiplantae; Streptophyta; Embryophyta; Tracheophyta; Spermatophyta; Magnoliopsida; eudicotyledons; Gunneridae; Pentapetalae; rosids; malvids; Malvales; Malvaceae; Malvoideae; Gossypium,0,1_105_DdmC#0,core,0.8987,0,0,0,0,[alpha]
XM_013752085.1:86-1805:1,XP_013607539.1,,LOC106314152,"pheophorbide a oxygenase, chloroplastic",1_105_DdmC,1,71.5,0.4779,4.6e-20,XM_013752085.1,86,1805,1,Brassica oleracea var. oleracea,Eukaryota; Viridiplantae; Streptophyta; Embryophyta; Tracheophyta; Spermatophyta; Magnoliopsida; eudicotyledons; Gunneridae; Pentapetalae; rosids; malvids; Brassicales; Brassicaceae; Brassiceae; Brassica,0,1_105_DdmC#2,novel_candidate,0.3901,0,0,0,0,[alpha]
XM_013752093.1:59-1667:1,XP_013607547.1,,LOC106314162,"protochlorophyllide-dependent translocon component 52, chloroplastic",1_105_DdmC,1,62.8,0.469,2e-17,XM_013752093.1,59,1667,1,Brassica oleracea var. oleracea,Eukaryota; Viridiplantae; Streptophyta; Embryophyta; Tracheophyta; Spermatophyta; Magnoliopsida; eudicotyledons; Gunneridae; Pentapetalae; rosids; malvids; Brassicales; Brassicaceae; Brassiceae; Brassica,0,1_105_DdmC#6,divergent,0.5168,0,0,0,0,[alpha]
XM_013774052.1:100-1726:1,XP_013629506.1,,LOC106335512,"protein TIC 55, chloroplastic",1_105_DdmC,1,103.8,0.469,6.9e-30,XM_013774052.1,100,1726,1,Brassica oleracea var. oleracea,Eukaryota; Viridiplantae; Streptophyta; Embryophyta; Tracheophyta; Spermatophyta; Magnoliopsida; eudicotyledons; Gunneridae; Pentapetalae; rosids; malvids; Brassicales; Brassicaceae; Brassiceae; Brassica,0,1_105_DdmC#0,core,0.9778,0,0,0,0,[alpha]
XM_013786594.1:73-1681:1,XP_013642048.1,,LOC106347103,"protochlorophyllide-dependent translocon component 52, chloroplastic-like",1_105_DdmC,1,62.5,0.469,2.4e-17,XM_013786594.1,73,1681,1,Brassica napus,Eukaryota; Viridiplantae; Streptophyta; Embryophyta; Tracheophyta; Spermatophyta; Magnoliophyta; eudicotyledons; Gunneridae; Pentapetalae; rosids; malvids; Brassicales; Brassicaceae; Brassiceae; Brassica,0,1_105_DdmC#6,divergent,0.5138,0,0,0,0,[alpha]
XM_013879534.1:73-1699:1,XP_013734988.1,,LOC106438399,"protein TIC 55, chloroplastic",1_105_DdmC,1,103.8,0.469,6.9e-30,XM_013879534.1,73,1699,1,Brassica napus,Eukaryota; Viridiplantae; Streptophyta; Embryophyta; Tracheophyta; Spermatophyta; Magnoliophyta; eudicotyledons; Gunneridae; Pentapetalae; rosids; malvids; Brassicales; Brassicaceae; Brassiceae; Brassica,0,1_105_DdmC#0,core,0.9811,0,0,0,0,[alpha]
XM_013884534.1:66-1671:1,XP_013739988.1,,LOC106442909,"protochlorophyllide-dependent translocon component 52, chloroplastic-like",1_105_DdmC,1,63.1,0.469,1.6e-17,XM_013884534.1,66,1671,1,Brassica napus,Eukaryota; Viridiplantae; Streptophyta; Embryophyta; Tracheophyta; Spermatophyta; Magnoliophyta; eudicotyledons; Gunneridae; Pentapetalae; rosids; malvids; Brassicales; Brassicaceae; Brassiceae; Brassica,0,1_105_DdmC#6,divergent,0.5107,0,0,0,0,[alpha]
XM_014043518.1:0-2079:1,XP_013898972.1,MNEG_8007,,hypothetical protein,1_105_DdmC,1,90.2,0.4808,9.4e-26,XM_014043518.1,0,2079,1,Monoraphidium neglectum,Eukaryota; Viridiplantae; Chlorophyta; core chlorophytes; Chlorophyceae; CS clade; Sphaeropleales; Selenastraceae; Monoraphidium,0,1_105_DdmC#31,novel_candidate,0.2984,0,0,0,0,[alpha]
XM_014646873.2:65-1682:1,XP_014502359.2,,LOC106762803,"protein TIC 55, chloroplastic",1_105_DdmC,1,99.7,0.469,1.2e-28,XM_014646873.2,65,1682,1,Vigna radiata var. radiata,Eukaryota; Viridiplantae; Streptophyta; Embryophyta; Tracheophyta; Spermatophyta; Magnoliopsida; eudicotyledons; Gunneridae; Pentapetalae; rosids; fabids; Fabales; Fabaceae; Papilionoideae; 50 kb inversion clade; NPAAA clade; indigoferoid/millettioid clade; Phaseoleae; Vigna,0,1_105_DdmC#0,core,0.8428,0,0,0,0,[alpha]
XM_015306566.1:133-1783:1,XP_015162052.1,,LOC102605482,"protein TIC 55, chloroplastic",1_105_DdmC,1,97.9,0.469,4.3e-28,XM_015306566.1,133,1783,1,Solanum tuberosum,Eukaryota; Viridiplantae; Streptophyta; Embryophyta; Tracheophyta; Spermatophyta; Magnoliopsida; eudicotyledons; Gunneridae; Pentapetalae; asterids; lamiids; Solanales; Solanaceae; Solanoideae; Solaneae; Solanum,0,1_105_DdmC#0,core,0.9656,0,0,0,0,[alpha]
XM_015306565.1:133-1783:1,XP_015162051.1,,LOC102605482,"protein TIC 55, chloroplastic",1_105_DdmC,1,97.9,0.469,4.3e-28,XM_015306565.1,133,1783,1,Solanum tuberosum,Eukaryota; Viridiplantae; Streptophyta; Embryophyta; Tracheophyta; Spermatophyta; Magnoliopsida; eudicotyledons; Gunneridae; Pentapetalae; asterids; lamiids; Solanales; Solanaceae; Solanoideae; Solaneae; Solanum,0,1_105_DdmC#0,core,0.9656,0,0,0,0,[alpha]
XM_015772124.1:124-1744:1,XP_015627610.1,,LOC4330982,"protein TIC 55, chloroplastic",1_105_DdmC,1,97.5,0.4749,5.5e-28,XM_015772124.1,124,1744,1,Oryza sativa Japonica Group,Eukaryota; Viridiplantae; Streptophyta; Embryophyta; Tracheophyta; Spermatophyta; Magnoliophyta; Liliopsida; Poales; Poaceae; BOP clade; Oryzoideae; Oryzeae; Oryzinae; Oryza; Oryza sativa,0,1_105_DdmC#0,core,0.7849,0,0,0,0,[alpha]
XM_015772979.1:71-1688:1,XP_015628465.1,,LOC4334497,"protochlorophyllide-dependent translocon component 52, chloroplastic",1_105_DdmC,1,74.4,0.4808,6.1e-21,XM_015772979.1,71,1688,1,Oryza sativa Japonica Group,Eukaryota; Viridiplantae; Streptophyta; Embryophyta; Tracheophyta; Spermatophyta; Magnoliophyta; Liliopsida; Poales; Poaceae; BOP clade; Oryzoideae; Oryzeae; Oryzinae; Oryza; Oryza sativa,0,1_105_DdmC#27,core,0.6406,0,0,0,0,[alpha]
XM_015777732.1:46-2011:1,XP_015633218.1,,LOC4331611,"pheophorbide a oxygenase, chloroplastic",1_105_DdmC,1,74.8,0.4779,4.6e-21,XM_015777732.1,46,2011,1,Oryza sativa Japonica Group,Eukaryota; Viridiplantae; Streptophyta; Embryophyta; Tracheophyta; Spermatophyta; Magnoliopsida; Liliopsida; Poales; Poaceae; BOP clade; Oryzoideae; Oryzeae; Oryzinae; Oryza; Oryza sativa,0,1_105_DdmC#2,novel_candidate,0.3989,0,0,0,0,[alpha]
XM_016089988.3:168-1824:1,XP_015945474.1,,LOC107470586,"protein TIC 55, chloroplastic",1_105_DdmC,1,103.7,0.469,7.4e-30,XM_016089988.3,168,1824,1,Arachis duranensis,Eukaryota; Viridiplantae; Streptophyta; Embryophyta; Tracheophyta; Spermatophyta; Magnoliopsida; eudicotyledons; Gunneridae; Pentapetalae; rosids; fabids; Fabales; Fabaceae; Papilionoideae; 50 kb inversion clade; dalbergioids sensu lato; Dalbergieae; Pterocarpus clade; Arachis,0,1_105_DdmC#0,core,0.8734,0,0,0,0,[alpha]
XM_016028781.2:256-1897:1,XP_015884267.1,,LOC107419939,"protein TIC 55, chloroplastic",1_105_DdmC,1,100.2,0.469,8.5e-29,XM_016028781.2,256,1897,1,Ziziphus jujuba,Eukaryota; Viridiplantae; Streptophyta; Embryophyta; Tracheophyta; Spermatophyta; Magnoliopsida; eudicotyledons; Gunneridae; Pentapetalae; rosids; fabids; Rosales; Rhamnaceae; Paliureae; Ziziphus,0,1_105_DdmC#0,core,0.8838,0,0,0,0,[alpha]
XM_016102699.3:122-1742:1,XP_015958185.1,,LOC107482259,"protochlorophyllide-dependent translocon component 52, chloroplastic",1_105_DdmC,1,70.9,0.4513,6.7e-20,XM_016102699.3,122,1742,1,Arachis duranensis,Eukaryota; Viridiplantae; Streptophyta; Embryophyta; Tracheophyta; Spermatophyta; Magnoliopsida; eudicotyledons; Gunneridae; Pentapetalae; rosids; fabids; Fabales; Fabaceae; Papilionoideae; 50 kb inversion clade; dalbergioids sensu lato; Dalbergieae; Pterocarpus clade; Arachis,0,1_105_DdmC#111,core,0.5551,0,0,0,0,[alpha]
XM_016591380.1:131-1805:1,XP_016446866.1,,LOC107771918,"protein TIC 55, chloroplastic",1_105_DdmC,1,94.4,0.469,5e-27,XM_016591380.1,131,1805,1,Nicotiana tabacum,Eukaryota; Viridiplantae; Streptophyta; Embryophyta; Tracheophyta; Spermatophyta; Magnoliopsida; eudicotyledons; Gunneridae; Pentapetalae; asterids; lamiids; Solanales; Solanaceae; Nicotianoideae; Nicotianeae; Nicotiana,0,1_105_DdmC#0,core,0.9792,0,0,0,0,[alpha]
XM_016608352.1:129-1815:1,XP_016463838.1,,LOC107786854,"protein TIC 55, chloroplastic-like",1_105_DdmC,1,96.2,0.469,1.3e-27,XM_016608352.1,129,1815,1,Nicotiana tabacum,Eukaryota; Viridiplantae; Streptophyta; Embryophyta; Tracheophyta; Spermatophyta; Magnoliopsida; eudicotyledons; Gunneridae; Pentapetalae; asterids; lamiids; Solanales; Solanaceae; Nicotianoideae; Nicotianeae; Nicotiana,0,1_105_DdmC#0,core,0.975,0,0,0,0,[alpha]
XM_016751997.1:0-3216:1,XP_016608659.1,SPPG_03748,,uncharacterized protein,1_105_DdmC,1,107.0,0.4867,7.3e-31,XM_016751997.1,0,3216,1,Spizellomyces punctatus DAOM BR117,Eukaryota; Fungi; Fungi incertae sedis; Chytridiomycota; Chytridiomycota incertae sedis; Chytridiomycetes; Spizellomycetales; Spizellomycetaceae; Spizellomyces,0,1_105_DdmC#53,novel_candidate,0.2515,0,0,0,0,[alpha]
XM_016833928.1:182-1811:1,XP_016689417.1,,LOC107906810,"protein TIC 55, chloroplastic-like isoform X1",1_105_DdmC,1,106.4,0.469,1.1e-30,XM_016833928.1,182,1811,1,Gossypium hirsutum,Eukaryota; Viridiplantae; Streptophyta; Embryophyta; Tracheophyta; Spermatophyta; Magnoliopsida; eudicotyledons; Gunneridae; Pentapetalae; rosids; malvids; Malvales; Malvaceae; Malvoideae; Gossypium,0,1_105_DdmC#0,core,0.8987,0,0,0,0,[alpha]
XM_016833929.1:182-1811:1,XP_016689418.1,,LOC107906810,"protein TIC 55, chloroplastic-like isoform X2",1_105_DdmC,1,106.4,0.469,1.1e-30,XM_016833929.1,182,1811,1,Gossypium hirsutum,Eukaryota; Viridiplantae; Streptophyta; Embryophyta; Tracheophyta; Spermatophyta; Magnoliopsida; eudicotyledons; Gunneridae; Pentapetalae; rosids; malvids; Malvales; Malvaceae; Malvoideae; Gossypium,0,1_105_DdmC#0,core,0.8987,0,0,0,0,[alpha]
XM_016894899.1:189-1818:1,XP_016750388.1,,LOC107958971,"protein TIC 55, chloroplastic-like",1_105_DdmC,1,106.4,0.469,1.1e-30,XM_016894899.1,189,1818,1,Gossypium hirsutum,Eukaryota; Viridiplantae; Streptophyta; Embryophyta; Tracheophyta; Spermatophyta; Magnoliopsida; eudicotyledons; Gunneridae; Pentapetalae; rosids; malvids; Malvales; Malvaceae; Malvoideae; Gossypium,0,1_105_DdmC#0,core,0.9108,0,0,0,0,[alpha]
XM_017375144.1:158-1805:1,XP_017230633.1,,LOC108205260,"protein TIC 55, chloroplastic",1_105_DdmC,1,99.7,0.469,1.2e-28,XM_017375144.1,158,1805,1,Daucus carota subsp. sativus,Eukaryota; Viridiplantae; Streptophyta; Embryophyta; Tracheophyta; Spermatophyta; Magnoliopsida; eudicotyledons; Gunneridae; Pentapetalae; asterids; campanulids; Apiales; Apiaceae; Apioideae; Scandiceae; Daucinae; Daucus; Daucus sect. Daucus,0,1_105_DdmC#0,core,0.793,0,0,0,0,[alpha]
XM_017566402.1:127-1744:1,XP_017421891.1,,LOC108331598,"protein TIC 55, chloroplastic",1_105_DdmC,1,98.3,0.469,3.3e-28,XM_017566402.1,127,1744,1,Vigna angularis,Eukaryota; Viridiplantae; Streptophyta; Embryophyta; Tracheophyta; Spermatophyta; Magnoliopsida; eudicotyledons; Gunneridae; Pentapetalae; rosids; fabids; Fabales; Fabaceae; Papilionoideae; 50 kb inversion clade; NPAAA clade; indigoferoid/millettioid clade; Phaseoleae; Vigna,0,1_105_DdmC#0,core,0.858,0,0,0,0,[alpha]
XM_018621439.1:39-1737:1,XP_018476941.1,,LOC108848036,"protein TIC 55, chloroplastic",1_105_DdmC,1,103.2,0.469,1e-29,XM_018621439.1,39,1737,1,Raphanus sativus,Eukaryota; Viridiplantae; Streptophyta; Embryophyta; Tracheophyta; Spermatophyta; Magnoliopsida; eudicotyledons; Gunneridae; Pentapetalae; rosids; malvids; Brassicales; Brassicaceae; Brassiceae; Raphanus,0,1_105_DdmC#0,core,0.9842,0,0,0,0,[alpha]
XM_018621439.2:198-1941:1,XP_018476941.2,,LOC108848036,"protein TIC 55, chloroplastic",1_105_DdmC,1,103.2,0.469,1e-29,XM_018621439.2,198,1941,1,Raphanus sativus,Eukaryota; Viridiplantae; Streptophyta; Embryophyta; Tracheophyta; Spermatophyta; Magnoliopsida; eudicotyledons; Gunneridae; Pentapetalae; rosids; malvids; Brassicales; Brassicaceae; Brassiceae; Raphanus,0,1_105_DdmC#0,core,0.9842,0,0,0,0,[alpha]
XM_018621449.2:44-1742:1,XP_018476951.1,,LOC108848046,"protein TIC 55, chloroplastic",1_105_DdmC,1,103.2,0.469,1e-29,XM_018621449.2,44,1742,1,Raphanus sativus,Eukaryota; Viridiplantae; Streptophyta; Embryophyta; Tracheophyta; Spermatophyta; Magnoliopsida; eudicotyledons; Gunneridae; Pentapetalae; rosids; malvids; Brassicales; Brassicaceae; Brassiceae; Raphanus,0,1_105_DdmC#0,core,0.9842,0,0,0,0,[alpha]
XM_018978098.2:174-1812:1,XP_018833643.2,,LOC109000997,"protein TIC 55, chloroplastic-like",1_105_DdmC,1,102.6,0.469,1.5e-29,XM_018978098.2,174,1812,1,Juglans regia,Eukaryota; Viridiplantae; Streptophyta; Embryophyta; Tracheophyta; Spermatophyta; Magnoliopsida; eudicotyledons; Gunneridae; Pentapetalae; rosids; fabids; Fagales; Juglandaceae; Juglans,0,1_105_DdmC#0,core,0.8444,0,0,0,0,[alpha]
XM_018978192.2:183-1839:1,XP_018833737.1,,LOC109001071,"pheophorbide a oxygenase, chloroplastic-like",1_105_DdmC,1,63.8,0.4749,1e-17,XM_018978192.2,183,1839,1,Juglans regia,Eukaryota; Viridiplantae; Streptophyta; Embryophyta; Tracheophyta; Spermatophyta; Magnoliopsida; eudicotyledons; Gunneridae; Pentapetalae; rosids; fabids; Fagales; Juglandaceae; Juglans,0,1_105_DdmC#2,divergent,0.4098,0,0,0,0,[alpha]
XM_019406015.1:143-1817:1,XP_019261560.1,,LOC109239448,"protein TIC 55, chloroplastic",1_105_DdmC,1,94.4,0.469,4.9e-27,XM_019406015.1,143,1817,1,Nicotiana attenuata,Eukaryota; Viridiplantae; Streptophyta; Embryophyta; Tracheophyta; Spermatophyta; Magnoliopsida; eudicotyledons; Gunneridae; Pentapetalae; asterids; lamiids; Solanales; Solanaceae; Nicotianoideae; Nicotianeae; Nicotiana,0,1_105_DdmC#0,core,0.9792,0,0,0,0,[alpha]
XM_019558253.1:166-1804:1,XP_019413798.1,,LOC109325727,"pheophorbide a oxygenase, chloroplastic",1_105_DdmC,1,70.4,0.4779,9.8e-20,XM_019558253.1,166,1804,1,Lupinus angustifolius,Eukaryota; Viridiplantae; Streptophyta; Embryophyta; Tracheophyta; Spermatophyta; Magnoliopsida; eudicotyledons; Gunneridae; Pentapetalae; rosids; fabids; Fabales; Fabaceae; Papilionoideae; 50 kb inversion clade; genistoids sensu lato; core genistoids; Genisteae; Lupinus,0,1_105_DdmC#2,novel_candidate,0.3956,0,0,0,0,[alpha]
XM_019578063.1:75-1731:1,XP_019433608.1,,LOC109340386,"protein TIC 55, chloroplastic-like",1_105_DdmC,1,93.7,0.469,8e-27,XM_019578063.1,75,1731,1,Lupinus angustifolius,Eukaryota; Viridiplantae; Streptophyta; Embryophyta; Tracheophyta; Spermatophyta; Magnoliopsida; eudicotyledons; Gunneridae; Pentapetalae; rosids; fabids; Fabales; Fabaceae; Papilionoideae; 50 kb inversion clade; genistoids sensu lato; core genistoids; Genisteae; Lupinus,0,1_105_DdmC#0,core,0.8774,0,0,0,0,[alpha]
XM_019846815.2:89-1709:1,XP_019702374.1,,LOC105054709,"protochlorophyllide-dependent translocon component 52, chloroplastic-like",1_105_DdmC,1,81.0,0.4749,5.6e-23,XM_019846815.2,89,1709,1,Elaeis guineensis,Eukaryota; Viridiplantae; Streptophyta; Embryophyta; Tracheophyta; Spermatophyta; Magnoliopsida; Liliopsida; Arecaceae; Arecoideae; Cocoseae; Elaeidinae; Elaeis,0,1_105_DdmC#3,core,0.7544,0,0,0,0,[alpha]
XM_020236229.1:89-1724:1,XP_020091818.1,,LOC109712593,"protochlorophyllide-dependent translocon component 52, chloroplastic-like isoform X1",1_105_DdmC,1,80.9,0.4779,6.2e-23,XM_020236229.1,89,1724,1,Ananas comosus,Eukaryota; Viridiplantae; Streptophyta; Embryophyta; Tracheophyta; Spermatophyta; Magnoliopsida; Liliopsida; Poales; Bromeliaceae; Bromelioideae; Ananas,0,1_105_DdmC#3,core,0.738,0,0,0,0,[alpha]
XM_020236230.1:90-1704:1,XP_020091819.1,,LOC109712593,"protochlorophyllide-dependent translocon component 52, chloroplastic-like isoform X2",1_105_DdmC,1,81.0,0.4779,6e-23,XM_020236230.1,90,1704,1,Ananas comosus,Eukaryota; Viridiplantae; Streptophyta; Embryophyta; Tracheophyta; Spermatophyta; Magnoliopsida; Liliopsida; Poales; Bromeliaceae; Bromelioideae; Ananas,0,1_105_DdmC#3,core,0.7486,0,0,0,0,[alpha]
XM_020236231.1:90-1701:1,XP_020091820.1,,LOC109712593,"protochlorophyllide-dependent translocon component 52, chloroplastic-like isoform X3",1_105_DdmC,1,81.0,0.4779,6e-23,XM_020236231.1,90,1701,1,Ananas comosus,Eukaryota; Viridiplantae; Streptophyta; Embryophyta; Tracheophyta; Spermatophyta; Magnoliopsida; Liliopsida; Poales; Bromeliaceae; Bromelioideae; Ananas,0,1_105_DdmC#3,core,0.7326,0,0,0,0,[alpha]
XM_020234434.1:357-1986:1,XP_020090023.1,,LOC109711418,"LOW QUALITY PROTEIN: protein TIC 55, chloroplastic",1_105_DdmC,1,104.0,0.4749,5.7e-30,XM_020234434.1,357,1986,1,Ananas comosus,Eukaryota; Viridiplantae; Streptophyta; Embryophyta; Tracheophyta; Spermatophyta; Magnoliopsida; Liliopsida; Poales; Bromeliaceae; Bromelioideae; Ananas,0,1_105_DdmC#0,core,0.8011,0,0,0,0,[alpha]
XM_020236226.1:132-1866:1,XP_020091815.1,,LOC109712592,"protochlorophyllide-dependent translocon component 52, chloroplastic-like isoform X1",1_105_DdmC,1,82.8,0.472,1.7e-23,XM_020236226.1,132,1866,1,Ananas comosus,Eukaryota; Viridiplantae; Streptophyta; Embryophyta; Tracheophyta; Spermatophyta; Magnoliopsida; Liliopsida; Poales; Bromeliaceae; Bromelioideae; Ananas,0,1_105_DdmC#50,core,0.7337,0,0,0,0,[alpha]
XM_020236227.1:129-1776:1,XP_020091816.1,,LOC109712592,"protochlorophyllide-dependent translocon component 52, chloroplastic-like isoform X2",1_105_DdmC,1,82.8,0.472,1.7e-23,XM_020236227.1,129,1776,1,Ananas comosus,Eukaryota; Viridiplantae; Streptophyta; Embryophyta; Tracheophyta; Spermatophyta; Magnoliopsida; Liliopsida; Poales; Bromeliaceae; Bromelioideae; Ananas,0,1_105_DdmC#3,core,0.6038,0,0,0,0,[alpha]
XM_021995240.1:165-1773:1,XP_021850932.1,,LOC110790452,"protochlorophyllide-dependent translocon component 52, chloroplastic-like",1_105_DdmC,1,83.8,0.472,8.2e-24,XM_021995240.1,165,1773,1,Spinacia oleracea,Eukaryota; Viridiplantae; Streptophyta; Embryophyta; Tracheophyta; Spermatophyta; Magnoliopsida; eudicotyledons; Gunneridae; Pentapetalae; Caryophyllales; Chenopodiaceae; Chenopodioideae; Anserineae; Spinacia,0,1_105_DdmC#110,core,0.5949,0,0,0,0,[alpha]
XM_021965216.1:253-1969:1,XP_021820908.1,,LOC110762564,"protein TIC 55, chloroplastic-like",1_105_DdmC,1,99.7,0.469,1.2e-28,XM_021965216.1,253,1969,1,Prunus avium,Eukaryota; Viridiplantae; Streptophyta; Embryophyta; Tracheophyta; Spermatophyta; Magnoliopsida; eudicotyledons; Gunneridae; Pentapetalae; rosids; fabids; Rosales; Rosaceae; Amygdaloideae; Amygdaleae; Prunus,0,1_105_DdmC#0,core,0.8694,0,0,0,0,[alpha]
XM_021982666.1:97-1747:1,XP_021838358.1,,LOC110778108,"protein TIC 55, chloroplastic",1_105_DdmC,1,98.3,0.472,3.2e-28,XM_021982666.1,97,1747,1,Spinacia oleracea,Eukaryota; Viridiplantae; Streptophyta; Embryophyta; Tracheophyta; Spermatophyta; Magnoliopsida; eudicotyledons; Gunneridae; Pentapetalae; Caryophyllales; Chenopodiaceae; Chenopodioideae; Anserineae; Spinacia,0,1_105_DdmC#0,core,0.7636,0,0,0,0,[alpha]
XM_022299644.1:81-1749:1,XP_022155336.1,,LOC111022434,"protein TIC 55, chloroplastic",1_105_DdmC,1,93.4,0.469,1e-26,XM_022299644.1,81,1749,1,Momordica charantia,Eukaryota; Viridiplantae; Streptophyta; Embryophyta; Tracheophyta; Spermatophyta; Magnoliopsida; eudicotyledons; Gunneridae; Pentapetalae; rosids; fabids; Cucurbitales; Cucurbitaceae; Momordiceae; Momordica,0,1_105_DdmC#0,core,0.8141,0,0,0,0,[alpha]
XM_022894611.1:109-1759:1,XP_022750346.1,,LOC111299426,"protein TIC 55, chloroplastic",1_105_DdmC,1,104.2,0.469,5.1e-30,XM_022894611.1,109,1759,1,Durio zibethinus,Eukaryota; Viridiplantae; Streptophyta; Embryophyta; Tracheophyta; Spermatophyta; Magnoliopsida; eudicotyledons; Gunneridae; Pentapetalae; rosids; malvids; Malvales; Malvaceae; Helicteroideae; Durio,0,1_105_DdmC#0,core,0.9331,0,0,0,0,[alpha]
XM_023081554.1:122-1769:1,XP_022937322.1,,LOC111443647,"protein TIC 55, chloroplastic isoform X1",1_105_DdmC,1,94.1,0.469,5.9e-27,XM_023081554.1,122,1769,1,Cucurbita moschata,Eukaryota; Viridiplantae; Streptophyta; Embryophyta; Tracheophyta; Spermatophyta; Magnoliopsida; eudicotyledons; Gunneridae; Pentapetalae; rosids; fabids; Cucurbitales; Cucurbitaceae; Cucurbiteae; Cucurbita,0,1_105_DdmC#0,core,0.8238,0,0,0,0,[alpha]
XM_023121228.1:133-1780:1,XP_022976996.1,,LOC111477196,"protein TIC 55, chloroplastic isoform X1",1_105_DdmC,1,95.9,0.469,1.7e-27,XM_023121228.1,133,1780,1,Cucurbita maxima,Eukaryota; Viridiplantae; Streptophyta; Embryophyta; Tracheophyta; Spermatophyta; Magnoliopsida; eudicotyledons; Gunneridae; Pentapetalae; rosids; fabids; Cucurbitales; Cucurbitaceae; Cucurbiteae; Cucurbita,0,1_105_DdmC#0,core,0.8238,0,0,0,0,[alpha]
XM_023121229.1:133-1780:1,XP_022976997.1,,LOC111477196,"protein TIC 55, chloroplastic isoform X2",1_105_DdmC,1,95.9,0.469,1.7e-27,XM_023121229.1,133,1780,1,Cucurbita maxima,Eukaryota; Viridiplantae; Streptophyta; Embryophyta; Tracheophyta; Spermatophyta; Magnoliopsida; eudicotyledons; Gunneridae; Pentapetalae; rosids; fabids; Cucurbitales; Cucurbitaceae; Cucurbiteae; Cucurbita,0,1_105_DdmC#0,core,0.8238,0,0,0,0,[alpha]
XM_023081555.1:122-1769:1,XP_022937323.1,,LOC111443647,"protein TIC 55, chloroplastic isoform X2",1_105_DdmC,1,94.1,0.469,5.9e-27,XM_023081555.1,122,1769,1,Cucurbita moschata,Eukaryota; Viridiplantae; Streptophyta; Embryophyta; Tracheophyta; Spermatophyta; Magnoliopsida; eudicotyledons; Gunneridae; Pentapetalae; rosids; fabids; Cucurbitales; Cucurbitaceae; Cucurbiteae; Cucurbita,0,1_105_DdmC#0,core,0.8238,0,0,0,0,[alpha]
XM_023105370.1:219-1863:1,XP_022961138.1,,LOC111461739,"protochlorophyllide-dependent translocon component 52, chloroplastic-like isoform X1",1_105_DdmC,1,71.7,0.4779,4.1e-20,XM_023105370.1,219,1863,1,Cucurbita moschata,Eukaryota; Viridiplantae; Streptophyta; Embryophyta; Tracheophyta; Spermatophyta; Magnoliopsida; eudicotyledons; Gunneridae; Pentapetalae; rosids; fabids; Cucurbitales; Cucurbitaceae; Cucurbiteae; Cucurbita,0,1_105_DdmC#52,core,0.6291,0,0,0,0,[alpha]
XM_023105371.1:219-1857:1,XP_022961139.1,,LOC111461739,"protochlorophyllide-dependent translocon component 52, chloroplastic-like isoform X2",1_105_DdmC,1,71.4,0.4779,4.7e-20,XM_023105371.1,219,1857,1,Cucurbita moschata,Eukaryota; Viridiplantae; Streptophyta; Embryophyta; Tracheophyta; Spermatophyta; Magnoliopsida; eudicotyledons; Gunneridae; Pentapetalae; rosids; fabids; Cucurbitales; Cucurbitaceae; Cucurbiteae; Cucurbita,0,1_105_DdmC#51,core,0.5662,0,0,0,0,[alpha]
XM_023132296.1:224-1865:1,XP_022988064.1,,LOC111485419,"protochlorophyllide-dependent translocon component 52, chloroplastic-like isoform X1",1_105_DdmC,1,71.8,0.4779,3.7e-20,XM_023132296.1,224,1865,1,Cucurbita maxima,Eukaryota; Viridiplantae; Streptophyta; Embryophyta; Tracheophyta; Spermatophyta; Magnoliopsida; eudicotyledons; Gunneridae; Pentapetalae; rosids; fabids; Cucurbitales; Cucurbitaceae; Cucurbiteae; Cucurbita,0,1_105_DdmC#52,core,0.6359,0,0,0,0,[alpha]
XM_023132297.1:224-1859:1,XP_022988065.1,,LOC111485419,"protochlorophyllide-dependent translocon component 52, chloroplastic-like isoform X2",1_105_DdmC,1,71.8,0.4779,3.7e-20,XM_023132297.1,224,1859,1,Cucurbita maxima,Eukaryota; Viridiplantae; Streptophyta; Embryophyta; Tracheophyta; Spermatophyta; Magnoliopsida; eudicotyledons; Gunneridae; Pentapetalae; rosids; fabids; Cucurbitales; Cucurbitaceae; Cucurbiteae; Cucurbita,0,1_105_DdmC#51,core,0.6359,0,0,0,0,[alpha]
XM_027225885.1:53-1763:1,XP_027081686.1,,LOC113704170,"protein TIC 55, chloroplastic-like",1_105_DdmC,1,103.3,0.469,9.5e-30,XM_027225885.1,53,1763,1,Coffea arabica,Eukaryota; Viridiplantae; Streptophyta; Embryophyta; Tracheophyta; Spermatophyta; Magnoliopsida; eudicotyledons; Gunneridae; Pentapetalae; asterids; lamiids; Gentianales; Rubiaceae; Ixoroideae; Gardenieae complex; Bertiereae - Coffeeae clade; Coffeeae; Coffea,0,1_105_DdmC#0,core,0.802,0,0,0,0,[alpha]
XM_027229052.1:228-1863:1,XP_027084853.1,,LOC113706953,"pheophorbide a oxygenase, chloroplastic-like",1_105_DdmC,1,72.5,0.4779,2.2e-20,XM_027229052.1,228,1863,1,Coffea arabica,Eukaryota; Viridiplantae; Streptophyta; Embryophyta; Tracheophyta; Spermatophyta; Magnoliopsida; eudicotyledons; Gunneridae; Pentapetalae; asterids; lamiids; Gentianales; Rubiaceae; Ixoroideae; Gardenieae complex; Bertiereae - Coffeeae clade; Coffeeae; Coffea,0,1_105_DdmC#2,divergent,0.4111,0,0,0,0,[alpha]
XM_027229310.1:58-1768:1,XP_027085111.1,,LOC113707144,"protein TIC 55, chloroplastic-like",1_105_DdmC,1,103.2,0.469,1e-29,XM_027229310.1,58,1768,1,Coffea arabica,Eukaryota; Viridiplantae; Streptophyta; Embryophyta; Tracheophyta; Spermatophyta; Magnoliopsida; eudicotyledons; Gunneridae; Pentapetalae; asterids; lamiids; Gentianales; Rubiaceae; Ixoroideae; Gardenieae complex; Bertiereae - Coffeeae clade; Coffeeae; Coffea,0,1_105_DdmC#0,core,0.802,0,0,0,0,[alpha]
XM_027251223.1:335-1970:1,XP_027107024.1,,LOC113727191,"LOW QUALITY PROTEIN: pheophorbide a oxygenase, chloroplastic-like",1_105_DdmC,1,73.8,0.4779,8.9e-21,XM_027251223.1,335,1970,1,Coffea arabica,Eukaryota; Viridiplantae; Streptophyta; Embryophyta; Tracheophyta; Spermatophyta; Magnoliopsida; eudicotyledons; Gunneridae; Pentapetalae; asterids; lamiids; Gentianales; Rubiaceae; Ixoroideae; Gardenieae complex; Bertiereae - Coffeeae clade; Coffeeae; Coffea,0,1_105_DdmC#2,divergent,0.4176,0,0,0,0,[alpha]
XM_027499244.1:99-1713:1,XP_027355045.1,,LOC113864970,"protein TIC 55, chloroplastic",1_105_DdmC,1,97.2,0.469,7.1e-28,XM_027499244.1,99,1713,1,Abrus precatorius,Eukaryota; Viridiplantae; Streptophyta; Embryophyta; Tracheophyta; Spermatophyta; Magnoliopsida; eudicotyledons; Gunneridae; Pentapetalae; rosids; fabids; Fabales; Fabaceae; Papilionoideae; 50 kb inversion clade; NPAAA clade; indigoferoid/millettioid clade; Abreae; Abrus,0,1_105_DdmC#0,core,0.8718,0,0,0,0,[alpha]
XM_027513356.1:129-1770:1,XP_027369157.1,,LOC113874984,"protein TIC 55, chloroplastic-like",1_105_DdmC,1,99.7,0.469,1.2e-28,XM_027513356.1,129,1770,1,Abrus precatorius,Eukaryota; Viridiplantae; Streptophyta; Embryophyta; Tracheophyta; Spermatophyta; Magnoliopsida; eudicotyledons; Gunneridae; Pentapetalae; rosids; fabids; Fabales; Fabaceae; Papilionoideae; 50 kb inversion clade; NPAAA clade; indigoferoid/millettioid clade; Abreae; Abrus,0,1_105_DdmC#0,core,0.875,0,0,0,0,[alpha]
XM_029267819.1:15-1743:1,XP_029123652.1,,LOC105054726,"protochlorophyllide-dependent translocon component 52, chloroplastic isoform X1",1_105_DdmC,1,79.9,0.531,1.3e-22,XM_029267819.1,15,1743,1,Elaeis guineensis,Eukaryota; Viridiplantae; Streptophyta; Embryophyta; Tracheophyta; Spermatophyta; Magnoliopsida; Liliopsida; Arecaceae; Arecoideae; Cocoseae; Elaeidinae; Elaeis,0,1_105_DdmC#3,core,0.94,0,0,0,0,[alpha]
XM_030688615.1:19-1744:1,XP_030544475.1,,LOC115750976,"protein TIC 55, chloroplastic",1_105_DdmC,1,100.5,0.469,6.7e-29,XM_030688615.1,19,1744,1,Rhodamnia argentea,Eukaryota; Viridiplantae; Streptophyta; Embryophyta; Tracheophyta; Spermatophyta; Magnoliopsida; eudicotyledons; Gunneridae; Pentapetalae; rosids; malvids; Myrtales; Myrtaceae; Myrtoideae; Myrteae; Australasian group; Rhodamnia,0,1_105_DdmC#0,core,0.9032,0,0,0,0,[alpha]
XM_031519204.1:105-1740:1,XP_031375064.1,,LOC116189520,"protein TIC 55, chloroplastic",1_105_DdmC,1,98.2,0.469,3.5e-28,XM_031519204.1,105,1740,1,Punica granatum,Eukaryota; Viridiplantae; Streptophyta; Embryophyta; Tracheophyta; Spermatophyta; Magnoliopsida; eudicotyledons; Gunneridae; Pentapetalae; rosids; malvids; Myrtales; Lythraceae; Punica,0,1_105_DdmC#0,core,0.9243,0,0,0,0,[alpha]
XM_031530707.1:214-1870:1,XP_031386567.1,,LOC116200042,"pheophorbide a oxygenase, chloroplastic",1_105_DdmC,1,65.1,0.4779,4.1e-18,XM_031530707.1,214,1870,1,Punica granatum,Eukaryota; Viridiplantae; Streptophyta; Embryophyta; Tracheophyta; Spermatophyta; Magnoliopsida; eudicotyledons; Gunneridae; Pentapetalae; rosids; malvids; Myrtales; Lythraceae; Punica,0,1_105_DdmC#2,divergent,0.4167,0,0,0,0,[alpha]
XM_035682812.1:59-1802:1,XP_035538705.1,,LOC109005194,"protein TIC 55, chloroplastic",1_105_DdmC,1,93.2,0.469,1.1e-26,XM_035682812.1,59,1802,1,Juglans regia,Eukaryota; Viridiplantae; Streptophyta; Embryophyta; Tracheophyta; Spermatophyta; Magnoliopsida; eudicotyledons; Gunneridae; Pentapetalae; rosids; fabids; Fagales; Juglandaceae; Juglans,0,1_105_DdmC#0,core,0.8535,0,0,0,0,[alpha]
XM_039116211.1:61-1486:1,XP_038972139.1,,LOC103717633,"protochlorophyllide-dependent translocon component 52, chloroplastic-like isoform X2",1_105_DdmC,1,77.3,0.4749,7.8e-22,XM_039116211.1,61,1486,1,Phoenix dactylifera,Eukaryota; Viridiplantae; Streptophyta; Embryophyta; Tracheophyta; Spermatophyta; Magnoliopsida; Liliopsida; Arecaceae; Coryphoideae; Phoeniceae; Phoenix,0,1_105_DdmC#3,core,0.9945,0,0,0,0,[alpha]
XM_039116212.1:59-1307:1,XP_038972140.1,,LOC103717633,"protochlorophyllide-dependent translocon component 52, chloroplastic-like isoform X3",1_105_DdmC,1,78.9,0.5133,2.4e-22,XM_039116212.1,59,1307,1,Phoenix dactylifera,Eukaryota; Viridiplantae; Streptophyta; Embryophyta; Tracheophyta; Spermatophyta; Magnoliopsida; Liliopsida; Arecaceae; Coryphoideae; Phoeniceae; Phoenix,0,1_105_DdmC#3,core,0.9944,0,0,0,0,[alpha]
XM_039116213.1:69-1692:1,XP_038972141.1,,LOC103717630,"protochlorophyllide-dependent translocon component 52, chloroplastic-like",1_105_DdmC,1,82.4,0.472,2.2e-23,XM_039116213.1,69,1692,1,Phoenix dactylifera,Eukaryota; Viridiplantae; Streptophyta; Embryophyta; Tracheophyta; Spermatophyta; Magnoliopsida; Liliopsida; Arecaceae; Coryphoideae; Phoeniceae; Phoenix,0,1_105_DdmC#3,core,0.8415,0,0,0,0,[alpha]
XM_039122792.1:296-1940:1,XP_038978720.1,,LOC120109062,"LOW QUALITY PROTEIN: protein TIC 55, chloroplastic-like",1_105_DdmC,1,99.5,0.4779,1.4e-28,XM_039122792.1,296,1940,1,Phoenix dactylifera,Eukaryota; Viridiplantae; Streptophyta; Embryophyta; Tracheophyta; Spermatophyta; Magnoliopsida; Liliopsida; Arecaceae; Coryphoideae; Phoeniceae; Phoenix,0,1_105_DdmC#0,core,0.7663,0,0,0,0,[alpha]
XM_039116207.1:20-1769:1,XP_038972135.1,,LOC120103903,"protochlorophyllide-dependent translocon component 52, chloroplastic-like isoform X1",1_105_DdmC,1,76.3,0.4779,1.5e-21,XM_039116207.1,20,1769,1,Phoenix dactylifera,Eukaryota; Viridiplantae; Streptophyta; Embryophyta; Tracheophyta; Spermatophyta; Magnoliopsida; Liliopsida; Arecaceae; Coryphoideae; Phoeniceae; Phoenix,0,1_105_DdmC#3,core,0.9838,0,0,0,0,[alpha]
XM_039116208.1:20-1766:1,XP_038972136.1,,LOC120103903,"protochlorophyllide-dependent translocon component 52, chloroplastic-like isoform X2",1_105_DdmC,1,75.7,0.472,2.3e-21,XM_039116208.1,20,1766,1,Phoenix dactylifera,Eukaryota; Viridiplantae; Streptophyta; Embryophyta; Tracheophyta; Spermatophyta; Magnoliopsida; Liliopsida; Arecaceae; Coryphoideae; Phoeniceae; Phoenix,0,1_105_DdmC#3,core,0.9837,0,0,0,0,[alpha]
XM_039116209.1:20-1565:1,XP_038972137.1,,LOC120103903,"protochlorophyllide-dependent translocon component 52, chloroplastic-like isoform X3",1_105_DdmC,1,76.5,0.4749,1.3e-21,XM_039116209.1,20,1565,1,Phoenix dactylifera,Eukaryota; Viridiplantae; Streptophyta; Embryophyta; Tracheophyta; Spermatophyta; Magnoliopsida; Liliopsida; Arecaceae; Coryphoideae; Phoeniceae; Phoenix,0,1_105_DdmC#3,core,0.989,0,0,0,0,[alpha]
XM_039116210.1:63-1692:1,XP_038972138.1,,LOC103717633,"protochlorophyllide-dependent translocon component 52, chloroplastic-like isoform X1",1_105_DdmC,1,77.5,0.4838,6.5e-22,XM_039116210.1,63,1692,1,Phoenix dactylifera,Eukaryota; Viridiplantae; Streptophyta; Embryophyta; Tracheophyta; Spermatophyta; Magnoliopsida; Liliopsida; Arecaceae; Coryphoideae; Phoeniceae; Phoenix,0,1_105_DdmC#3,core,0.9946,0,0,0,0,[alpha]
XM_057003204.1:52-1657:1,XP_056859184.1,,LOC108839495,"protochlorophyllide-dependent translocon component 52, chloroplastic",1_105_DdmC,1,62.0,0.469,3.4e-17,XM_057003204.1,52,1657,1,Raphanus sativus,Eukaryota; Viridiplantae; Streptophyta; Embryophyta; Tracheophyta; Spermatophyta; Magnoliopsida; eudicotyledons; Gunneridae; Pentapetalae; rosids; malvids; Brassicales; Brassicaceae; Brassiceae; Raphanus,0,1_105_DdmC#6,divergent,0.5106,0,0,0,0,[alpha]
