candidate_id,protein_id,locus_tag,gene,product,ro_cluster,ro_group,hmm_score,model_coverage,hmm_evalue,nucleotide_id,start,end,strand,organism,taxonomy,is_plasmid,leaf_id,assignment_class,core_identity,operon_completeness,has_beta,has_ferredoxin,has_reductase,layout
NC_011002.1:798419-799535:1,WP_006485640.1,QU43_RS72275,,aromatic ring-hydroxylating dioxygenase subunit alpha,1_106_TsaM,1,97.2,0.4755,6.8e-28,NC_011002.1,798419,799535,1,Burkholderia cenocepacia J2315,Bacteria; Pseudomonadati; Pseudomonadota; Betaproteobacteria; Burkholderiales; Burkholderiaceae; Burkholderia; Burkholderia cepacia complex,0,1_106_TsaM#0,core,0.904,0,0,0,0,[alpha]
NC_010801.1:882941-884054:1,WP_012217804.1,BMULJ_RS30815,,aromatic ring-hydroxylating dioxygenase subunit alpha,1_106_TsaM,1,100.7,0.4726,6e-29,NC_010801.1,882941,884054,1,Burkholderia multivorans ATCC 17616,Bacteria; Pseudomonadati; Pseudomonadota; Betaproteobacteria; Burkholderiales; Burkholderiaceae; Burkholderia; Burkholderia cepacia complex,0,1_106_TsaM#0,core,0.8988,0,0,0,0,[alpha]
NC_019318.1:16109-17186:-1,WP_015061615.1,HS994_RS00070,,aromatic ring-hydroxylating dioxygenase subunit alpha,1_106_TsaM,1,198.7,0.9885,9.5e-59,NC_019318.1,16109,17186,-1,Ralstonia pickettii,Bacteria; Pseudomonadati; Pseudomonadota; Betaproteobacteria; Burkholderiales; Burkholderiaceae; Ralstonia,1,1_106_TsaM#16,novel_candidate,0.3457,0,0,0,0,[alpha]
NC_019320.1:16398-17502:1,WP_237308021.1,HS989_RS00105,,aromatic ring-hydroxylating dioxygenase subunit alpha,1_106_TsaM,1,190.7,0.9885,2.6e-56,NC_019320.1,16398,17502,1,Variovorax sp. DB1,Bacteria; Pseudomonadati; Pseudomonadota; Betaproteobacteria; Burkholderiales; Comamonadaceae; Variovorax,1,1_106_TsaM#16,novel_candidate,0.3373,0,0,0,0,[alpha]
NM_001044161.1:39-1401:1,NP_001037626.1,,nvd,cholesterol 7-desaturase nvd,1_106_TsaM,1,70.7,0.4784,7.8e-20,NM_001044161.1,39,1401,1,Bombyx mori,Eukaryota; Metazoa; Ecdysozoa; Arthropoda; Hexapoda; Insecta; Pterygota; Neoptera; Endopterygota; Lepidoptera; Glossata; Ditrysia; Bombycoidea; Bombycidae; Bombycinae; Bombyx,0,1_106_TsaM#68,novel_candidate,0.2182,0,0,0,0,[alpha]
NZ_AAXW01000018.1:27599-28634:1,WP_008275948.1,CY0110_RS13205,,aromatic ring-hydroxylating dioxygenase subunit alpha,1_106_TsaM,1,94.2,0.5043,5.5e-27,NZ_AAXW01000018.1,27599,28634,1,Crocosphaera chwakensis CCY0110,Bacteria; Bacillati; Cyanobacteriota; Cyanophyceae; Oscillatoriophycideae; Chroococcales; Aphanothecaceae; Crocosphaera; Crocosphaera chwakensis,0,1_106_TsaM#67,novel_candidate,0.375,0,0,0,0,[alpha] > other > hydrolase > other > other
NZ_AAOH01000002.1:145148-146261:-1,WP_009837241.1,PTD2_RS04285,,Rieske 2Fe-2S domain-containing protein,1_106_TsaM,1,97.1,0.4669,7.6e-28,NZ_AAOH01000002.1,145148,146261,-1,Pseudoalteromonas tunicata D2,Bacteria; Pseudomonadati; Pseudomonadota; Gammaproteobacteria; Alteromonadales; Pseudoalteromonadaceae; Pseudoalteromonas,0,1_106_TsaM#167,novel_candidate,0.2411,0,0,0,0,other > hypothetical > [alpha] > other > other > other > dehydrogenase > other > reductase
NZ_ABCS01000049.1:6193-7276:1,WP_006973564.1,PPSIR1_RS43570,,Rieske 2Fe-2S domain-containing protein,1_106_TsaM,1,125.8,0.536,1.4e-36,NZ_ABCS01000049.1,6193,7276,1,Plesiocystis pacifica SIR-1,Bacteria; Pseudomonadati; Myxococcota; Polyangia; Nannocystales; Nannocystaceae; Plesiocystis,0,1_106_TsaM#166,novel_candidate,0.3661,0,0,0,0,other > reductase > other > [alpha] > alpha_other
NZ_ABCS01000049.1:7272-8361:1,WP_086001622.1,PPSIR1_RS43575,,Rieske 2Fe-2S domain-containing protein,1_106_TsaM,1,119.9,0.5418,8.5e-35,NZ_ABCS01000049.1,7272,8361,1,Plesiocystis pacifica SIR-1,Bacteria; Pseudomonadati; Myxococcota; Polyangia; Nannocystales; Nannocystaceae; Plesiocystis,0,1_106_TsaM#165,novel_candidate,0.276,0,0,0,0,other > reductase > other > alpha_other > [alpha]
NZ_AAXW01000093.1:5127-6177:1,WP_008278645.1,CY0110_RS26080,,Rieske 2Fe-2S domain-containing protein,1_106_TsaM,1,82.8,0.4697,1.7e-23,NZ_AAXW01000093.1,5127,6177,1,Crocosphaera chwakensis CCY0110,Bacteria; Bacillati; Cyanobacteriota; Cyanophyceae; Oscillatoriophycideae; Chroococcales; Aphanothecaceae; Crocosphaera; Crocosphaera chwakensis,0,1_106_TsaM#66,novel_candidate,0.2705,0,0,0,0,[alpha] > transporter
NZ_AAYC01000002.1:116077-117139:-1,WP_008204493.1,RSK20926_RS03715,,aromatic ring-hydroxylating dioxygenase subunit alpha,1_106_TsaM,1,225.5,0.9856,6.6e-67,NZ_AAYC01000002.1,116077,117139,-1,Roseobacter sp. SK209-2-6,Bacteria; Pseudomonadati; Pseudomonadota; Alphaproteobacteria; Rhodobacterales; Roseobacteraceae; Roseobacter,0,1_106_TsaM#26,divergent,0.4579,0,0,0,0,transporter > transporter > ring_cleavage > [alpha]
NZ_ABLC01000003.1:44213-45218:1,WP_006749598.1,BAMIOP4010_RS01860,,aromatic ring-hydroxylating dioxygenase subunit alpha,1_106_TsaM,1,233.8,0.9769,2e-69,NZ_ABLC01000003.1,44213,45218,1,Burkholderia ambifaria IOP40-10,Bacteria; Pseudomonadati; Pseudomonadota; Betaproteobacteria; Burkholderiales; Burkholderiaceae; Burkholderia; Burkholderia cepacia complex,0,1_106_TsaM#32,novel_candidate,0.322,0,0,0,0,reductase > other > [alpha] > hypothetical > transporter > other > other > other > other > other > hydrolase > other
NZ_ABLC01000028.1:33155-34217:-1,WP_006750922.1,BAMIOP4010_RS08370,,aromatic ring-hydroxylating dioxygenase subunit alpha,1_106_TsaM,1,271.4,0.9597,7.3e-81,NZ_ABLC01000028.1,33155,34217,-1,Burkholderia ambifaria IOP40-10,Bacteria; Pseudomonadati; Pseudomonadota; Betaproteobacteria; Burkholderiales; Burkholderiaceae; Burkholderia; Burkholderia cepacia complex,0,1_106_TsaM#4,core,0.9116,0,0,0,0,alpha_other > reductase > [alpha] > transporter > transporter
NZ_ABLK01000043.1:14573-15635:-1,WP_006757862.1,BAMMEX5DRAFT_RS09385,,aromatic ring-hydroxylating dioxygenase subunit alpha,1_106_TsaM,1,272.2,0.9597,4.1e-81,NZ_ABLK01000043.1,14573,15635,-1,Burkholderia ambifaria MEX-5,Bacteria; Pseudomonadati; Pseudomonadota; Betaproteobacteria; Burkholderiales; Burkholderiaceae; Burkholderia; Burkholderia cepacia complex,0,1_106_TsaM#4,core,0.9416,0,0,0,0,alpha_other > reductase > [alpha] > transporter > transporter
NZ_ABLK01000019.1:30976-31981:1,WP_006756998.1,BAMMEX5DRAFT_RS04865,,aromatic ring-hydroxylating dioxygenase subunit alpha,1_106_TsaM,1,233.6,0.9769,2.4e-69,NZ_ABLK01000019.1,30976,31981,1,Burkholderia ambifaria MEX-5,Bacteria; Pseudomonadati; Pseudomonadota; Betaproteobacteria; Burkholderiales; Burkholderiaceae; Burkholderia; Burkholderia cepacia complex,0,1_106_TsaM#32,novel_candidate,0.3254,0,0,0,0,reductase > other > [alpha] > hypothetical > transporter > other > other > other > other > other > hydrolase > other
NZ_ABCS01000184.1:4247-5333:1,WP_006977105.1,PPSIR1_RS40340,,aromatic ring-hydroxylating dioxygenase subunit alpha,1_106_TsaM,1,237.9,0.9769,1.1e-70,NZ_ABCS01000184.1,4247,5333,1,Plesiocystis pacifica SIR-1,Bacteria; Pseudomonadati; Myxococcota; Polyangia; Nannocystales; Nannocystaceae; Plesiocystis,0,1_106_TsaM#160,novel_candidate,0.331,0,0,0,0,[alpha]
NZ_ABYK01000009.1:120195-121239:1,WP_006625159.1,AMAXDRAFT_RS07650,,Rieske 2Fe-2S domain-containing protein,1_106_TsaM,1,116.5,0.4611,9.6e-34,NZ_ABYK01000009.1,120195,121239,1,Limnospira maxima CS-328,Bacteria; Bacillati; Cyanobacteriota; Cyanophyceae; Oscillatoriophycideae; Oscillatoriales; Sirenicapillariaceae; Limnospira,0,1_106_TsaM#67,novel_candidate,0.2753,0,0,0,0,[alpha]
NZ_ACFC01000013.1:20365-21478:-1,WP_006407315.1,BURMUCGD2_RS22935,,aromatic ring-hydroxylating dioxygenase subunit alpha,1_106_TsaM,1,101.1,0.4726,4.5e-29,NZ_ACFC01000013.1,20365,21478,-1,Burkholderia multivorans CGD2,Bacteria; Pseudomonadati; Pseudomonadota; Betaproteobacteria; Burkholderiales; Burkholderiaceae; Burkholderia; Burkholderia cepacia complex,0,1_106_TsaM#0,core,0.8988,0,0,0,0,[alpha]
NZ_AEEC02000001.1:149714-150869:-1,WP_006461261.1,HFRIS_RS00675,,aromatic ring-hydroxylating dioxygenase subunit alpha,1_106_TsaM,1,213.7,0.9827,2.7e-63,NZ_AEEC02000001.1,149714,150869,-1,Herbaspirillum frisingense GSF30,Bacteria; Pseudomonadati; Pseudomonadota; Betaproteobacteria; Burkholderiales; Oxalobacteraceae; Herbaspirillum,0,1_106_TsaM#159,novel_candidate,0.347,1,0,0,1,reductase > [alpha] > reductase
NZ_AEJF01000235.1:6425-7565:-1,WP_047897528.1,EOS_RS38760,,aromatic ring-hydroxylating dioxygenase subunit alpha,1_106_TsaM,1,109.2,0.4784,1.6e-31,NZ_AEJF01000235.1,6425,7565,-1,Caballeronia mineralivorans PML1(12),Bacteria; Pseudomonadati; Pseudomonadota; Betaproteobacteria; Burkholderiales; Burkholderiaceae; Caballeronia,0,1_106_TsaM#0,core,0.8432,0,0,0,0,[alpha] > hypothetical
NZ_AEJF01000088.1:84178-85231:-1,WP_047847225.1,EOS_RS13895,,aromatic ring-hydroxylating dioxygenase subunit alpha,1_106_TsaM,1,275.1,0.9856,5.5e-82,NZ_AEJF01000088.1,84178,85231,-1,Caballeronia mineralivorans PML1(12),Bacteria; Pseudomonadati; Pseudomonadota; Betaproteobacteria; Burkholderiales; Burkholderiaceae; Caballeronia,0,1_106_TsaM#6,core,0.7771,1,0,0,1,[alpha] > reductase > hypothetical > transporter > other
NZ_AEUP01000063.1:83298-84426:-1,WP_006117467.1,APO_RS13110,,aromatic ring-hydroxylating dioxygenase subunit alpha,1_106_TsaM,1,108.0,0.4813,3.7e-31,NZ_AEUP01000063.1,83298,84426,-1,Acetobacter pomorum DM001,Bacteria; Pseudomonadati; Pseudomonadota; Alphaproteobacteria; Acetobacterales; Acetobacteraceae; Acetobacter,0,1_106_TsaM#2,core,0.9336,0,0,0,0,[alpha]
NZ_AEUD01000009.1:140692-141724:-1,WP_009679599.1,SCNU_RS11760,,aromatic ring-hydroxylating dioxygenase subunit alpha,1_106_TsaM,1,74.7,0.4611,4.8e-21,NZ_AEUD01000009.1,140692,141724,-1,Gordonia neofelifaecis NRRL B-59395,Bacteria; Bacillati; Actinomycetota; Actinomycetes; Mycobacteriales; Gordoniaceae; Gordonia,0,1_106_TsaM#150,novel_candidate,0.3026,0,0,0,0,transporter > dehydrogenase > other > hydrolase > other > reductase > reductase > other > reductase > transposon > [alpha]
NZ_AEYE02000028.1:18572-19613:-1,WP_016556310.1,RGCCGE502_RS21525,,aromatic ring-hydroxylating dioxygenase subunit alpha,1_106_TsaM,1,267.7,0.9914,1e-79,NZ_AEYE02000028.1,18572,19613,-1,Rhizobium grahamii CCGE 502,Bacteria; Pseudomonadati; Pseudomonadota; Alphaproteobacteria; Hyphomicrobiales; Rhizobiaceae; Rhizobium/Agrobacterium group; Rhizobium,0,1_106_TsaM#3,core,0.839,0,0,0,0,[alpha] > hypothetical > transporter > transporter > transporter > reductase > reductase
NZ_AEYX01000041.1:287877-289074:1,WP_006142415.1,SGM_RS37755,,aromatic ring-hydroxylating dioxygenase subunit alpha,1_106_TsaM,1,84.0,0.4697,6.9e-24,NZ_AEYX01000041.1,287877,289074,1,Streptomyces griseoaurantiacus M045,Bacteria; Bacillati; Actinomycetota; Actinomycetes; Kitasatosporales; Streptomycetaceae; Streptomyces; Streptomyces aurantiacus group,0,1_106_TsaM#38,novel_candidate,0.2672,0,0,0,0,other > hydrolase > other > other > [alpha] > other
NZ_AGQV01000010.1:9095-10217:-1,WP_008852325.1,GMO_RS10255,,aromatic ring-hydroxylating dioxygenase subunit alpha,1_106_TsaM,1,102.9,0.4697,1.3e-29,NZ_AGQV01000010.1,9095,10217,-1,Gluconobacter morbifer G707,Bacteria; Pseudomonadati; Pseudomonadota; Alphaproteobacteria; Acetobacterales; Acetobacteraceae; Gluconobacter,0,1_106_TsaM#2,core,0.6395,0,0,0,0,other > other > [alpha] > reductase
NZ_AHJE01000071.1:52366-53404:1,WP_006161016.1,OR16_RS25115,,aromatic ring-hydroxylating dioxygenase subunit alpha,1_106_TsaM,1,459.3,0.9914,5.5e-138,NZ_AHJE01000071.1,52366,53404,1,Cupriavidus basilensis OR16,Bacteria; Pseudomonadati; Pseudomonadota; Betaproteobacteria; Burkholderiales; Burkholderiaceae; Cupriavidus,0,1_106_TsaM#15,novel_candidate,0.3642,1,0,0,1,[alpha] > reductase > transporter
NZ_AJJH01000101.1:45462-46494:1,WP_007298268.1,W59_RS16695,,aromatic ring-hydroxylating dioxygenase subunit alpha,1_106_TsaM,1,76.0,0.487,2e-21,NZ_AJJH01000101.1,45462,46494,1,Rhodococcus opacus RKJ300 = JCM 13270,Bacteria; Bacillati; Actinomycetota; Actinomycetes; Mycobacteriales; Nocardiaceae; Rhodococcus,0,1_106_TsaM#20,novel_candidate,0.3297,0,0,0,0,other > hydrolase > other > reductase > reductase > other > reductase > hydrolase > hydrolase > reductase > transposon > [alpha] > regulator
NZ_AJWX01000020.1:45891-46971:-1,WP_008372232.1,PMM47T1_RS19825,,aromatic ring-hydroxylating dioxygenase subunit alpha,1_106_TsaM,1,264.0,0.9654,1.3e-78,NZ_AJWX01000020.1,45891,46971,-1,Pseudomonas sp. M47T1,Bacteria; Pseudomonadati; Pseudomonadota; Gammaproteobacteria; Pseudomonadales; Pseudomonadaceae; Pseudomonas,0,1_106_TsaM#5,core,0.8252,1,0,0,1,reductase > [alpha]
NZ_AJYC02000024.1:10227-11259:-1,WP_005254755.1,WSS_RS07910,,aromatic ring-hydroxylating dioxygenase subunit alpha,1_106_TsaM,1,75.7,0.487,2.3e-21,NZ_AJYC02000024.1,10227,11259,-1,Rhodococcus opacus M213,Bacteria; Bacillati; Actinomycetota; Actinomycetes; Mycobacteriales; Nocardiaceae; Rhodococcus,0,1_106_TsaM#20,novel_candidate,0.3261,0,0,0,0,other > hydrolase > other > reductase > reductase > other > reductase > hydrolase > hydrolase > reductase > transposon > [alpha] > regulator
NZ_AKJD01000015.1:60204-61278:1,WP_008077488.1,PMI37_RS01930,,aromatic ring-hydroxylating dioxygenase subunit alpha,1_106_TsaM,1,263.7,0.9597,1.6e-78,NZ_AKJD01000015.1,60204,61278,1,Pseudomonas sp. GM80,Bacteria; Pseudomonadati; Pseudomonadota; Gammaproteobacteria; Pseudomonadales; Pseudomonadaceae; Pseudomonas,0,1_106_TsaM#5,core,0.8901,0,0,0,0,reductase > [alpha]
NZ_AKJJ01000036.1:90639-91713:-1,WP_008017323.1,PMI31_RS07795,,aromatic ring-hydroxylating dioxygenase subunit alpha,1_106_TsaM,1,262.3,0.9885,4.3e-78,NZ_AKJJ01000036.1,90639,91713,-1,Pseudomonas sp. GM55,Bacteria; Pseudomonadati; Pseudomonadota; Gammaproteobacteria; Pseudomonadales; Pseudomonadaceae; Pseudomonas,0,1_106_TsaM#6,core,0.7778,1,0,0,1,[alpha] > reductase > dehydrogenase > other
NZ_AKJR01000025.1:46035-47109:1,WP_007910260.1,PMI23_RS04400,,aromatic ring-hydroxylating dioxygenase subunit alpha,1_106_TsaM,1,267.6,0.9597,1.1e-79,NZ_AKJR01000025.1,46035,47109,1,Pseudomonas sp. GM24,Bacteria; Pseudomonadati; Pseudomonadota; Gammaproteobacteria; Pseudomonadales; Pseudomonadaceae; Pseudomonas,0,1_106_TsaM#5,core,0.825,0,0,0,0,reductase > [alpha]
NZ_AKJS01000191.1:28897-29974:1,WP_007949109.1,PMI22_RS01830,,Rieske 2Fe-2S domain-containing protein,1_106_TsaM,1,274.9,0.9654,6.6e-82,NZ_AKJS01000191.1,28897,29974,1,Pseudomonas sp. GM21,Bacteria; Pseudomonadati; Pseudomonadota; Gammaproteobacteria; Pseudomonadales; Pseudomonadaceae; Pseudomonas,0,1_106_TsaM#5,core,0.887,0,0,0,0,reductase > [alpha] > dehydrogenase
NZ_AKJS01000034.1:9279-10356:-1,WP_007943838.1,PMI22_RS29915,,aromatic ring-hydroxylating dioxygenase subunit alpha,1_106_TsaM,1,185.7,0.9741,8.6e-55,NZ_AKJS01000034.1,9279,10356,-1,Pseudomonas sp. GM21,Bacteria; Pseudomonadati; Pseudomonadota; Gammaproteobacteria; Pseudomonadales; Pseudomonadaceae; Pseudomonas,0,1_106_TsaM#145,novel_candidate,0.3165,0,0,0,0,hydrolase > other > other > [alpha]
NZ_AKJS01000034.1:25209-26316:1,WP_007943857.1,PMI22_RS22685,,aromatic ring-hydroxylating dioxygenase subunit alpha,1_106_TsaM,1,247.8,0.9741,1.1e-73,NZ_AKJS01000034.1,25209,26316,1,Pseudomonas sp. GM21,Bacteria; Pseudomonadati; Pseudomonadota; Gammaproteobacteria; Pseudomonadales; Pseudomonadaceae; Pseudomonas,0,1_106_TsaM#163,core,0.6505,0,0,0,0,transporter > reductase > reductase > [alpha] > hydrolase > other > other
NZ_AKJS01000125.1:16000-17074:-1,WP_007947410.1,PMI22_RS08590,,aromatic ring-hydroxylating dioxygenase subunit alpha,1_106_TsaM,1,262.0,0.9885,5.4e-78,NZ_AKJS01000125.1,16000,17074,-1,Pseudomonas sp. GM21,Bacteria; Pseudomonadati; Pseudomonadota; Gammaproteobacteria; Pseudomonadales; Pseudomonadaceae; Pseudomonas,0,1_106_TsaM#6,core,0.7848,1,0,0,1,[alpha] > reductase > dehydrogenase > other
NZ_AKJW01000109.1:25550-26588:-1,WP_007883947.1,PMI16_RS22520,,aromatic ring-hydroxylating dioxygenase subunit alpha,1_106_TsaM,1,281.3,0.9856,7.4e-84,NZ_AKJW01000109.1,25550,26588,-1,Herbaspirillum sp. CF444,Bacteria; Pseudomonadati; Pseudomonadota; Betaproteobacteria; Burkholderiales; Oxalobacteraceae; Herbaspirillum,0,1_106_TsaM#162,core,0.5918,0,0,0,0,transporter > [alpha]
NZ_AKJW01000018.1:114260-115361:1,WP_007876672.1,PMI16_RS04065,,aromatic ring-hydroxylating dioxygenase subunit alpha,1_106_TsaM,1,219.0,0.8732,6.4e-65,NZ_AKJW01000018.1,114260,115361,1,Herbaspirillum sp. CF444,Bacteria; Pseudomonadati; Pseudomonadota; Betaproteobacteria; Burkholderiales; Oxalobacteraceae; Herbaspirillum,0,1_106_TsaM#19,novel_candidate,0.3642,0,0,0,0,transporter > [alpha] > other > ro_alpha
NZ_AKKF01000078.1:457-1516:1,WP_007664951.1,PMI01_RS05470,,aromatic ring-hydroxylating dioxygenase subunit alpha,1_106_TsaM,1,418.8,0.9885,1.1e-125,NZ_AKKF01000078.1,457,1516,1,Caulobacter sp. AP07,Bacteria; Pseudomonadati; Pseudomonadota; Alphaproteobacteria; Caulobacterales; Caulobacteraceae; Caulobacter,0,1_106_TsaM#83,novel_candidate,0.3551,0,0,0,0,[alpha]
NZ_AKKF01000205.1:17468-18557:1,WP_007672299.1,PMI01_RS18290,,aromatic ring-hydroxylating dioxygenase subunit alpha,1_106_TsaM,1,199.4,0.9625,5.7e-59,NZ_AKKF01000205.1,17468,18557,1,Caulobacter sp. AP07,Bacteria; Pseudomonadati; Pseudomonadota; Alphaproteobacteria; Caulobacterales; Caulobacteraceae; Caulobacter,0,1_106_TsaM#158,novel_candidate,0.3645,0,0,0,0,other > dehydrogenase > dehydrogenase > [alpha]
NZ_AKKP01000080.1:50334-51366:1,WP_009477073.1,JVH1_RS23320,,aromatic ring-hydroxylating dioxygenase subunit alpha,1_106_TsaM,1,75.1,0.487,3.5e-21,NZ_AKKP01000080.1,50334,51366,1,Rhodococcus sp. JVH1,Bacteria; Actinomycetota; Actinomycetes; Mycobacteriales; Nocardiaceae; Rhodococcus,0,1_106_TsaM#20,novel_candidate,0.3189,0,0,0,0,other > hydrolase > other > reductase > reductase > other > reductase > hydrolase > hydrolase > reductase > transposon > [alpha] > regulator
NZ_ALKN02000006.1:226270-227365:1,WP_019426929.1,B472_RS09175,,aromatic ring-hydroxylating dioxygenase subunit alpha,1_106_TsaM,1,226.4,0.9798,3.5e-67,NZ_ALKN02000006.1,226270,227365,1,Limnohabitans sp. Rim28,Bacteria; Pseudomonadati; Pseudomonadota; Betaproteobacteria; Burkholderiales; Comamonadaceae; Limnohabitans,0,1_106_TsaM#157,novel_candidate,0.3231,0,0,0,0,[alpha] > other > dehydrogenase
NZ_ANAH02000015.1:176960-178148:-1,WP_002629357.1,D187_RS26205,,aromatic ring-hydroxylating dioxygenase subunit alpha,1_106_TsaM,1,90.7,0.5159,6.6e-26,NZ_ANAH02000015.1,176960,178148,-1,Cystobacter fuscus DSM 2262,Bacteria; Pseudomonadati; Myxococcota; Myxococcia; Myxococcales; Cystobacterineae; Archangiaceae; Cystobacter,0,1_106_TsaM#25,novel_candidate,0.2778,0,0,0,0,other > hypothetical > other > [alpha]
NZ_AOEX01000015.1:156078-157173:-1,WP_003934496.1,G352_RS02010,,Rieske 2Fe-2S domain-containing protein,1_106_TsaM,1,79.9,0.4899,1.2e-22,NZ_AOEX01000015.1,156078,157173,-1,Rhodococcus ruber BKS 20-38,Bacteria; Bacillati; Actinomycetota; Actinomycetes; Mycobacteriales; Nocardiaceae; Rhodococcus,0,1_106_TsaM#13,novel_candidate,0.2849,0,0,0,0,dehydrogenase > other > other > reductase > other > hydrolase > reductase > reductase > other > hydrolase > transposon > [alpha] > hypothetical > other > transporter
NZ_AOCK01000003.1:222502-223543:-1,WP_007270505.1,ADIAG_RS06330,,aromatic ring-hydroxylating dioxygenase subunit alpha,1_106_TsaM,1,238.1,0.9942,1e-70,NZ_AOCK01000003.1,222502,223543,-1,Paeniglutamicibacter gangotriensis Lz1y,Bacteria; Bacillati; Actinomycetota; Actinomycetes; Micrococcales; Micrococcaceae; Paeniglutamicibacter,0,1_106_TsaM#144,novel_candidate,0.3866,0,0,0,0,[alpha] > hypothetical > other > transporter > transporter > transporter > reductase
NZ_AOPZ01000147.1:41309-42554:-1,WP_016641427.1,STRAU_RS16260,,aromatic ring-hydroxylating dioxygenase subunit alpha,1_106_TsaM,1,80.1,0.4669,1.1e-22,NZ_AOPZ01000147.1,41309,42554,-1,Streptomyces aurantiacus JA 4570,Bacteria; Bacillati; Actinomycetota; Actinomycetes; Kitasatosporales; Streptomycetaceae; Streptomyces; Streptomyces aurantiacus group,0,1_106_TsaM#38,novel_candidate,0.3059,0,0,0,0,other > hydrolase > other > other > [alpha]
NZ_APIO01000001.1:180161-181223:1,WP_020795191.1,PG5_RS00835,,aromatic ring-hydroxylating dioxygenase subunit alpha,1_106_TsaM,1,295.2,0.9885,4.3e-88,NZ_APIO01000001.1,180161,181223,1,Pseudomonas sp. G5(2012),Bacteria; Pseudomonadati; Pseudomonadota; Gammaproteobacteria; Pseudomonadales; Pseudomonadaceae; Pseudomonas,0,1_106_TsaM#143,novel_candidate,0.3302,0,0,0,0,[alpha]
NZ_APMY01000131.1:113742-114837:-1,WP_010840294.1,RRHOD_RS20180,,Rieske 2Fe-2S domain-containing protein,1_106_TsaM,1,74.1,0.4841,7.4e-21,NZ_APMY01000131.1,113742,114837,-1,Rhodococcus rhodnii LMG 5362,Bacteria; Bacillati; Actinomycetota; Actinomycetes; Mycobacteriales; Nocardiaceae; Rhodococcus,0,1_106_TsaM#13,novel_candidate,0.2849,0,0,0,0,dehydrogenase > dehydrogenase > other > other > reductase > other > hydrolase > reductase > reductase > other > hypothetical > transposon > [alpha] > hypothetical > other > other
NZ_APMQ01000016.1:17718-18786:-1,WP_004634822.1,OR214_RS21890,,aromatic ring-hydroxylating dioxygenase subunit alpha,1_106_TsaM,1,110.1,0.487,8.1e-32,NZ_APMQ01000016.1,17718,18786,-1,Ralstonia pickettii OR214,Bacteria; Pseudomonadati; Pseudomonadota; Betaproteobacteria; Burkholderiales; Burkholderiaceae; Ralstonia,0,1_106_TsaM#12,novel_candidate,0.2754,1,0,0,1,transposon > [alpha] > reductase > other > hydrolase > regulator > reductase > other > dehydrogenase > dehydrogenase > other > reductase
NZ_ASSI01000198.1:8914-9970:-1,WP_021163012.1,L810_RS35540,,aromatic ring-hydroxylating dioxygenase subunit alpha,1_106_TsaM,1,274.5,0.9625,8.7e-82,NZ_ASSI01000198.1,8914,9970,-1,Burkholderia sp. AU4i,Bacteria; Pseudomonadati; Pseudomonadota; Betaproteobacteria; Burkholderiales; Burkholderiaceae; Burkholderia,0,1_106_TsaM#4,core,0.976,0,0,0,0,alpha_other > reductase > [alpha]
NZ_ATDP01000089.1:114762-115833:1,WP_201767481.1,RLDS_RS0128195,,aromatic ring-hydroxylating dioxygenase subunit alpha,1_106_TsaM,1,288.2,0.9885,5.9e-86,NZ_ATDP01000089.1,114762,115833,1,Sphingobium lactosutens DS20,Bacteria; Pseudomonadati; Pseudomonadota; Alphaproteobacteria; Sphingomonadales; Sphingomonadaceae; Sphingobium,0,1_106_TsaM#82,divergent,0.4815,0,0,0,0,[alpha] > alpha_other > dehydrogenase
NZ_ATHO01000072.1:5007-6054:-1,WP_021238058.1,L288_RS30820,,aromatic ring-hydroxylating dioxygenase subunit alpha,1_106_TsaM,1,255.7,0.9914,4.4e-76,NZ_ATHO01000072.1,5007,6054,-1,Sphingobium quisquiliarum P25,Bacteria; Pseudomonadati; Pseudomonadota; Alphaproteobacteria; Sphingomonadales; Sphingomonadaceae; Sphingobium,0,1_106_TsaM#80,novel_candidate,0.3303,0,0,0,0,[alpha]
NZ_ATHO01000134.1:1543-2599:-1,WP_021239067.1,L288_RS36200,,Rieske 2Fe-2S domain-containing protein,1_106_TsaM,1,217.5,0.9885,1.8e-64,NZ_ATHO01000134.1,1543,2599,-1,Sphingobium quisquiliarum P25,Bacteria; Pseudomonadati; Pseudomonadota; Alphaproteobacteria; Sphingomonadales; Sphingomonadaceae; Sphingobium,0,1_106_TsaM#79,novel_candidate,0.2983,0,0,0,0,reductase > other > hypothetical > other > [alpha] > transporter
NZ_ATHO01000014.1:46238-47315:-1,WP_021236776.1,L288_RS24540,,aromatic ring-hydroxylating dioxygenase subunit alpha,1_106_TsaM,1,218.9,0.9683,6.8e-65,NZ_ATHO01000014.1,46238,47315,-1,Sphingobium quisquiliarum P25,Bacteria; Pseudomonadati; Pseudomonadota; Alphaproteobacteria; Sphingomonadales; Sphingomonadaceae; Sphingobium,0,1_106_TsaM#79,novel_candidate,0.2769,0,0,0,0,alpha_other > other > [alpha]
NZ_ATHO01000014.1:48590-49685:-1,WP_021236778.1,L288_RS24550,,aromatic ring-hydroxylating dioxygenase subunit alpha,1_106_TsaM,1,179.7,0.9827,5.7e-53,NZ_ATHO01000014.1,48590,49685,-1,Sphingobium quisquiliarum P25,Bacteria; Pseudomonadati; Pseudomonadota; Alphaproteobacteria; Sphingomonadales; Sphingomonadaceae; Sphingobium,0,1_106_TsaM#78,novel_candidate,0.3006,0,0,0,0,[alpha] > other > alpha_other
NZ_ATHO01000014.1:57010-58075:-1,WP_021236783.1,L288_RS24580,,aromatic ring-hydroxylating dioxygenase subunit alpha,1_106_TsaM,1,202.7,0.9856,5.9e-60,NZ_ATHO01000014.1,57010,58075,-1,Sphingobium quisquiliarum P25,Bacteria; Pseudomonadati; Pseudomonadota; Alphaproteobacteria; Sphingomonadales; Sphingomonadaceae; Sphingobium,0,1_106_TsaM#141,novel_candidate,0.3459,0,0,0,0,[alpha] > hypothetical > regulator > other
NZ_ATHO01000014.1:60664-61723:1,WP_161625641.1,L288_RS42245,,aromatic ring-hydroxylating dioxygenase subunit alpha,1_106_TsaM,1,203.7,0.9798,2.9e-60,NZ_ATHO01000014.1,60664,61723,1,Sphingobium quisquiliarum P25,Bacteria; Pseudomonadati; Pseudomonadota; Alphaproteobacteria; Sphingomonadales; Sphingomonadaceae; Sphingobium,0,1_106_TsaM#140,novel_candidate,0.3355,0,0,0,0,[alpha]
NZ_ATDP01000109.1:35316-36360:-1,WP_021228502.1,RLDS_RS52555,,Rieske 2Fe-2S domain-containing protein,1_106_TsaM,1,294.2,0.9856,8.4e-88,NZ_ATDP01000109.1,35316,36360,-1,Sphingobium lactosutens DS20,Bacteria; Pseudomonadati; Pseudomonadota; Alphaproteobacteria; Sphingomonadales; Sphingomonadaceae; Sphingobium,0,1_106_TsaM#10,core,0.9,0,0,0,0,[alpha] > transporter
NZ_AUNE01000004.1:85231-86320:-1,WP_021269613.1,M899_RS01305,,aromatic ring-hydroxylating dioxygenase subunit alpha,1_106_TsaM,1,77.2,0.4841,8.2e-22,NZ_AUNE01000004.1,85231,86320,-1,Bacteriovorax sp. BSW11_IV,Bacteria; Pseudomonadati; Bdellovibrionota; Bacteriovoracia; Bacteriovoracales; Bacteriovoracaceae; Bacteriovorax,0,1_106_TsaM#139,novel_candidate,0.2696,0,0,0,0,[alpha]
NZ_AURB01000140.1:27899-28937:1,WP_021296921.1,N007_RS34080,,aromatic ring-hydroxylating dioxygenase subunit alpha,1_106_TsaM,1,112.9,0.732,1.1e-32,NZ_AURB01000140.1,27899,28937,1,Alicyclobacillus acidoterrestris ATCC 49025,Bacteria; Bacillati; Bacillota; Bacilli; Bacillales; Alicyclobacillaceae; Alicyclobacillus,0,1_106_TsaM#138,novel_candidate,0.2785,0,0,0,0,[alpha] > hypothetical
NZ_AUNB01000015.1:20766-21807:1,WP_038129045.1,DT23_RS05275,,aromatic ring-hydroxylating dioxygenase subunit alpha,1_106_TsaM,1,274.5,0.9885,8.2e-82,NZ_AUNB01000015.1,20766,21807,1,Thioclava indica,Bacteria; Pseudomonadati; Pseudomonadota; Alphaproteobacteria; Rhodobacterales; Paracoccaceae; Thioclava,0,1_106_TsaM#41,core,0.9105,1,0,0,1,regulator > [alpha] > reductase
NZ_AUTA01000133.1:19850-20897:1,WP_058329497.1,N183_RS31940,,aromatic ring-hydroxylating dioxygenase subunit alpha,1_106_TsaM,1,253.0,0.9914,3e-75,NZ_AUTA01000133.1,19850,20897,1,Sinorhizobium sp. Sb3,Bacteria; Pseudomonadati; Pseudomonadota; Alphaproteobacteria; Hyphomicrobiales; Rhizobiaceae; Sinorhizobium/Ensifer group; Sinorhizobium,0,1_106_TsaM#3,core,0.8896,1,0,0,1,[alpha] > reductase > other > hypothetical > transporter > transporter > transporter > dehydrogenase
NZ_AVOG02000070.1:94945-95989:-1,WP_009457395.1,N879_RS19680,,aromatic ring-hydroxylating dioxygenase subunit alpha,1_106_TsaM,1,247.0,0.9914,1.9e-73,NZ_AVOG02000070.1,94945,95989,-1,Alcaligenes sp. EGD-AK7,Bacteria; Pseudomonadati; Pseudomonadota; Betaproteobacteria; Burkholderiales; Alcaligenaceae; Alcaligenes,0,1_106_TsaM#88,core,0.6258,1,0,0,1,[alpha] > reductase
NZ_AWNH01000063.1:32698-33847:1,WP_023073923.1,N836_RS57535,,aromatic ring-hydroxylating dioxygenase subunit alpha,1_106_TsaM,1,76.4,0.4697,1.5e-21,NZ_AWNH01000063.1,32698,33847,1,Leptolyngbya sp. Heron Island J,Bacteria; Bacillati; Cyanobacteriota; Cyanophyceae; Leptolyngbyales; Leptolyngbyaceae; Leptolyngbya group; Leptolyngbya,0,1_106_TsaM#77,novel_candidate,0.27,1,0,1,0,hypothetical > alpha_other > hypothetical > hypothetical > hypothetical > [alpha] > ferredoxin > alpha_other > other > hypothetical > other > other
NZ_AWOR01000068.1:121414-122494:-1,WP_034373297.1,P353_RS19500,,Rieske 2Fe-2S domain-containing protein,1_106_TsaM,1,279.0,0.9856,3.6e-83,NZ_AWOR01000068.1,121414,122494,-1,Comamonas testosteroni,Bacteria; Pseudomonadati; Pseudomonadota; Betaproteobacteria; Burkholderiales; Comamonadaceae; Comamonas,0,1_106_TsaM#11,core,0.9932,1,0,0,1,transporter > [alpha] > reductase > dehydrogenase
NZ_AWTN01000001.1:109377-110457:-1,WP_034377154.1,P245_RS00500,,Rieske 2Fe-2S domain-containing protein,1_106_TsaM,1,278.5,0.9798,5e-83,NZ_AWTN01000001.1,109377,110457,-1,Comamonas thiooxydans,Bacteria; Pseudomonadati; Pseudomonadota; Betaproteobacteria; Burkholderiales; Comamonadaceae; Comamonas,0,1_106_TsaM#11,core,0.9757,1,0,0,1,transporter > [alpha] > reductase > dehydrogenase
NZ_AWTP01000111.1:110093-111173:-1,WP_034391044.1,P608_RS12345,,Rieske 2Fe-2S domain-containing protein,1_106_TsaM,1,277.4,0.9798,1.1e-82,NZ_AWTP01000111.1,110093,111173,-1,Comamonas thiooxydans,Bacteria; Pseudomonadati; Pseudomonadota; Betaproteobacteria; Burkholderiales; Comamonadaceae; Comamonas,0,1_106_TsaM#11,core,0.9861,1,0,0,1,transporter > [alpha] > reductase > dehydrogenase
NZ_AWSQ01000005.1:64511-65570:1,WP_025166613.1,TMS3_RS17645,,aromatic ring-hydroxylating dioxygenase subunit alpha,1_106_TsaM,1,262.1,0.9914,5.1e-78,NZ_AWSQ01000005.1,64511,65570,1,Pseudomonas taeanensis MS-3,Bacteria; Pseudomonadati; Pseudomonadota; Gammaproteobacteria; Pseudomonadales; Pseudomonadaceae; Pseudomonas,0,1_106_TsaM#6,core,0.7587,1,0,0,1,[alpha] > reductase
NZ_AYLZ02000181.1:10191-11238:-1,WP_023513005.1,SHLA_RS26660,,aromatic ring-hydroxylating dioxygenase subunit alpha,1_106_TsaM,1,264.5,0.9885,9.1e-79,NZ_AYLZ02000181.1,10191,11238,-1,Shinella sp. DD12,Bacteria; Pseudomonadati; Pseudomonadota; Alphaproteobacteria; Hyphomicrobiales; Rhizobiaceae; Shinella,0,1_106_TsaM#3,core,0.9021,1,0,0,1,[alpha] > reductase > other > hypothetical
NZ_AYOY01000143.1:3321-4362:1,WP_024019835.1,C100_RS47510,,aromatic ring-hydroxylating dioxygenase subunit alpha,1_106_TsaM,1,166.9,0.9395,4.3e-49,NZ_AYOY01000143.1,3321,4362,1,Sphingobium sp. C100,Bacteria; Pseudomonadati; Pseudomonadota; Alphaproteobacteria; Sphingomonadales; Sphingomonadaceae; Sphingobium,0,1_106_TsaM#35,novel_candidate,0.3421,0,0,0,0,[alpha]
NZ_AYOY01000143.1:18758-19802:1,WP_052028278.1,C100_RS35655,,aromatic ring-hydroxylating dioxygenase subunit alpha,1_106_TsaM,1,300.3,0.9885,1.2e-89,NZ_AYOY01000143.1,18758,19802,1,Sphingobium sp. C100,Bacteria; Pseudomonadati; Pseudomonadota; Alphaproteobacteria; Sphingomonadales; Sphingomonadaceae; Sphingobium,0,1_106_TsaM#10,core,0.9309,0,0,0,0,other > reductase > [alpha] > regulator
NZ_AY365053.1:40967-42044:-1,WP_011178402.1,HS370_RS00220,,aromatic ring-hydroxylating dioxygenase subunit alpha,1_106_TsaM,1,198.8,0.9885,8.7e-59,NZ_AY365053.1,40967,42044,-1,Cupriavidus pinatubonensis JMP134,Bacteria; Pseudomonadati; Pseudomonadota; Betaproteobacteria; Burkholderiales; Burkholderiaceae; Cupriavidus,1,1_106_TsaM#16,novel_candidate,0.3394,0,0,0,0,[alpha]
NZ_AZND01000029.1:5129-6212:1,WP_036234225.1,x551_RS06215,,Rieske 2Fe-2S domain-containing protein,1_106_TsaM,1,144.1,0.9856,3.9e-42,NZ_AZND01000029.1,5129,6212,1,Methylibium sp. T29,Bacteria; Pseudomonadati; Pseudomonadota; Betaproteobacteria; Burkholderiales; Sphaerotilaceae; Methylibium,0,1_106_TsaM#31,novel_candidate,0.3063,0,0,0,0,[alpha] > other > other > transporter > transporter > transporter > other > other > transporter > other
NZ_AZND01000362.1:797-1862:-1,WP_036236046.1,x551_RS20845,,aromatic ring-hydroxylating dioxygenase subunit alpha,1_106_TsaM,1,221.3,0.9856,1.2e-65,NZ_AZND01000362.1,797,1862,-1,Methylibium sp. T29,Bacteria; Pseudomonadati; Pseudomonadota; Betaproteobacteria; Burkholderiales; Sphaerotilaceae; Methylibium,0,1_106_TsaM#76,novel_candidate,0.3429,0,0,0,0,reductase > [alpha] > regulator
NZ_AZSN01000107.1:5343-6396:1,WP_036234017.1,Y694_RS15330,,aromatic ring-hydroxylating dioxygenase subunit alpha,1_106_TsaM,1,272.7,0.9914,3.1e-81,NZ_AZSN01000107.1,5343,6396,1,Methylibium sp. T29-B,Bacteria; Pseudomonadati; Pseudomonadota; Betaproteobacteria; Burkholderiales; Sphaerotilaceae; Methylibium,0,1_106_TsaM#18,novel_candidate,0.3498,0,0,0,0,[alpha]
NZ_AZSN01000117.1:6810-7893:1,WP_036234225.1,Y694_RS15925,,Rieske 2Fe-2S domain-containing protein,1_106_TsaM,1,144.1,0.9856,3.9e-42,NZ_AZSN01000117.1,6810,7893,1,Methylibium sp. T29-B,Bacteria; Pseudomonadati; Pseudomonadota; Betaproteobacteria; Burkholderiales; Sphaerotilaceae; Methylibium,0,1_106_TsaM#31,novel_candidate,0.3063,0,0,0,0,[alpha] > other > other > transporter > transporter
NZ_AZSN01000250.1:1499-2564:-1,WP_036236046.1,Y694_RS20560,,aromatic ring-hydroxylating dioxygenase subunit alpha,1_106_TsaM,1,221.3,0.9856,1.2e-65,NZ_AZSN01000250.1,1499,2564,-1,Methylibium sp. T29-B,Bacteria; Pseudomonadati; Pseudomonadota; Betaproteobacteria; Burkholderiales; Sphaerotilaceae; Methylibium,0,1_106_TsaM#76,novel_candidate,0.3429,0,0,0,0,reductase > [alpha] > regulator
NZ_AZYO01000012.1:4082-5177:1,WP_054372036.1,Z051_RS07200,,Rieske 2Fe-2S domain-containing protein,1_106_TsaM,1,79.9,0.4899,1.2e-22,NZ_AZYO01000012.1,4082,5177,1,Rhodococcus rhodochrous KG-21,Bacteria; Bacillati; Actinomycetota; Actinomycetes; Mycobacteriales; Nocardiaceae; Rhodococcus,0,1_106_TsaM#13,novel_candidate,0.2849,0,0,0,0,reductase > reductase > other > hydrolase > transposon > [alpha] > hypothetical > other > transporter
NZ_BAHC01000028.1:277-1369:-1,WP_006330016.1,GORHZ_RS02335,,Rieske 2Fe-2S domain-containing protein,1_106_TsaM,1,68.2,0.4899,4.7e-19,NZ_BAHC01000028.1,277,1369,-1,Gordonia rhizosphera NBRC 16068,Bacteria; Bacillati; Actinomycetota; Actinomycetes; Mycobacteriales; Gordoniaceae; Gordonia,0,1_106_TsaM#13,novel_candidate,0.2818,0,0,0,0,dehydrogenase > other > other > reductase > other > hydrolase > reductase > reductase > other > hydrolase > transposon > [alpha] > hypothetical
NZ_BAOP01000011.1:80131-81181:-1,WP_008378192.1,GM1_RS08920,,aromatic ring-hydroxylating dioxygenase subunit alpha,1_106_TsaM,1,118.7,0.6167,2e-34,NZ_BAOP01000011.1,80131,81181,-1,Gordonia malaquae NBRC 108250,Bacteria; Bacillati; Actinomycetota; Actinomycetes; Mycobacteriales; Gordoniaceae; Gordonia,0,1_106_TsaM#24,novel_candidate,0.3041,0,0,0,0,reductase > [alpha] > other > dehydrogenase
NZ_BAWF01000007.1:191391-192423:-1,WP_037228329.1,RW1_RS07215,,aromatic ring-hydroxylating dioxygenase subunit alpha,1_106_TsaM,1,76.2,0.487,1.6e-21,NZ_BAWF01000007.1,191391,192423,-1,Rhodococcus wratislaviensis NBRC 100605,Bacteria; Bacillati; Actinomycetota; Actinomycetes; Mycobacteriales; Nocardiaceae; Rhodococcus,0,1_106_TsaM#20,novel_candidate,0.3243,0,0,0,0,other > hydrolase > other > reductase > reductase > other > reductase > hydrolase > hydrolase > reductase > transposon > [alpha] > regulator
NZ_BBPA01000019.1:78718-79741:1,WP_045357804.1,N44_RS04485,,aromatic ring-hydroxylating dioxygenase subunit alpha,1_106_TsaM,1,83.9,0.5187,7.6e-24,NZ_BBPA01000019.1,78718,79741,1,Microcystis aeruginosa NIES-44,Bacteria; Bacillati; Cyanobacteriota; Cyanophyceae; Oscillatoriophycideae; Chroococcales; Microcystaceae; Microcystis,0,1_106_TsaM#59,novel_candidate,0.251,0,0,0,0,[alpha] > other > other > other > other > other > hydrolase
NZ_BBPA01000021.1:71881-72931:-1,WP_045358330.1,N44_RS06100,,aromatic ring-hydroxylating dioxygenase subunit alpha,1_106_TsaM,1,84.7,0.464,4.4e-24,NZ_BBPA01000021.1,71881,72931,-1,Microcystis aeruginosa NIES-44,Bacteria; Bacillati; Cyanobacteriota; Cyanophyceae; Oscillatoriophycideae; Chroococcales; Microcystaceae; Microcystis,0,1_106_TsaM#66,novel_candidate,0.2492,0,0,0,0,[alpha]
NZ_BBUN01000079.1:21108-22158:-1,WP_062539078.1,AWU83_RS05410,,aromatic ring-hydroxylating dioxygenase subunit alpha,1_106_TsaM,1,156.8,0.7118,5.3e-46,NZ_BBUN01000079.1,21108,22158,-1,Mycobacterium celatum,Bacteria; Bacillati; Actinomycetota; Actinomycetes; Mycobacteriales; Mycobacteriaceae; Mycobacterium,0,1_106_TsaM#30,novel_candidate,0.3375,1,0,0,1,other > reductase > [alpha] > dehydrogenase > reductase > other > hypothetical
NZ_BBQU01000004.1:154050-155130:1,WP_045432134.1,P23_RS05365,,aromatic ring-hydroxylating dioxygenase subunit alpha,1_106_TsaM,1,269.4,0.9769,3e-80,NZ_BBQU01000004.1,154050,155130,1,Acinetobacter calcoaceticus,Bacteria; Pseudomonadati; Pseudomonadota; Gammaproteobacteria; Moraxellales; Moraxellaceae; Acinetobacter; Acinetobacter calcoaceticus/baumannii complex,0,1_106_TsaM#164,core,0.6346,1,0,0,1,reductase > [alpha]
NZ_BBXH01000023.1:109342-110422:-1,WP_034377154.1,CSE6_RS19965,,Rieske 2Fe-2S domain-containing protein,1_106_TsaM,1,278.5,0.9798,5e-83,NZ_BBXH01000023.1,109342,110422,-1,Comamonas sp. E6,Bacteria; Pseudomonadati; Pseudomonadota; Betaproteobacteria; Burkholderiales; Comamonadaceae; Comamonas,0,1_106_TsaM#11,core,0.9757,1,0,0,1,transporter > [alpha] > reductase > dehydrogenase
NZ_BCSZ01000020.1:63286-64294:1,WP_061263224.1,RMCFA_RS10195,,Rieske 2Fe-2S domain-containing protein,1_106_TsaM,1,49.6,0.464,2e-13,NZ_BCSZ01000020.1,63286,64294,1,Mycolicibacterium fortuitum subsp. acetamidolyticum,Bacteria; Bacillati; Actinomycetota; Actinomycetes; Mycobacteriales; Mycobacteriaceae; Mycolicibacterium,0,1_106_TsaM#58,novel_candidate,0.2122,0,0,0,0,[alpha]
NZ_BDEV01000073.1:45904-47032:-1,WP_003623144.1,NBRC3278_RS09310,,Rieske 2Fe-2S domain-containing protein,1_106_TsaM,1,107.9,0.4813,3.8e-31,NZ_BDEV01000073.1,45904,47032,-1,Acetobacter pasteurianus NBRC 3278,Bacteria; Pseudomonadati; Pseudomonadota; Alphaproteobacteria; Acetobacterales; Acetobacteraceae; Acetobacter,0,1_106_TsaM#2,core,0.9788,0,0,0,0,[alpha]
NZ_BDES01000050.1:37040-38168:-1,WP_003623144.1,NBRC3188_RS09750,,Rieske 2Fe-2S domain-containing protein,1_106_TsaM,1,107.9,0.4813,3.8e-31,NZ_BDES01000050.1,37040,38168,-1,Acetobacter pasteurianus NBRC 3188,Bacteria; Pseudomonadati; Pseudomonadota; Alphaproteobacteria; Acetobacterales; Acetobacteraceae; Acetobacter,0,1_106_TsaM#2,core,0.9788,0,0,0,0,[alpha]
NZ_BDLP01000002.1:31583-32648:1,WP_075821244.1,ROTAS13_RS00520,,aromatic ring-hydroxylating dioxygenase subunit alpha,1_106_TsaM,1,200.9,0.9885,2.1e-59,NZ_BDLP01000002.1,31583,32648,1,Roseomonas sp. TAS13,Bacteria; Pseudomonadati; Pseudomonadota; Alphaproteobacteria; Acetobacterales; Roseomonadaceae; Roseomonas,0,1_106_TsaM#57,novel_candidate,0.3137,0,0,0,0,[alpha]
NZ_BDLP01000002.1:39608-40640:-1,WP_051004931.1,ROTAS13_RS00560,,aromatic ring-hydroxylating dioxygenase subunit alpha,1_106_TsaM,1,312.9,0.9942,1.8e-93,NZ_BDLP01000002.1,39608,40640,-1,Roseomonas sp. TAS13,Bacteria; Pseudomonadati; Pseudomonadota; Alphaproteobacteria; Acetobacterales; Roseomonadaceae; Roseomonas,0,1_106_TsaM#36,divergent,0.4268,0,0,0,0,[alpha] > hypothetical > transposon > transposon > reductase
NZ_BHVW01000129.1:11566-12598:1,WP_064859880.1,NCCNTM_RS25525,,aromatic ring-hydroxylating dioxygenase subunit alpha,1_106_TsaM,1,160.5,0.7089,4e-47,NZ_BHVW01000129.1,11566,12598,1,Mycolicibacterium sp. NCC-Tsukiji,Bacteria; Bacillati; Actinomycetota; Actinomycetes; Mycobacteriales; Mycobacteriaceae; Mycolicibacterium,0,1_106_TsaM#30,novel_candidate,0.3322,1,0,0,1,other > reductase > [alpha] > reductase
NZ_BJCD01000039.1:102278-103322:1,WP_141294249.1,FLZ02_RS12935,,aromatic ring-hydroxylating dioxygenase subunit alpha,1_106_TsaM,1,82.5,0.464,2.1e-23,NZ_BJCD01000039.1,102278,103322,1,Planktothrix agardhii CCAP 1459/11A,Bacteria; Bacillati; Cyanobacteriota; Cyanophyceae; Oscillatoriophycideae; Oscillatoriales; Microcoleaceae; Planktothrix,0,1_106_TsaM#56,novel_candidate,0.2924,1,0,1,0,other > other > hydrolase > other > alpha_other > hypothetical > [alpha] > hypothetical > hypothetical > ferredoxin
NZ_BJCD01000039.1:106048-107119:1,WP_237157199.1,FLZ02_RS12960,,aromatic ring-hydroxylating dioxygenase subunit alpha,1_106_TsaM,1,93.7,0.5216,7.8e-27,NZ_BJCD01000039.1,106048,107119,1,Planktothrix agardhii CCAP 1459/11A,Bacteria; Bacillati; Cyanobacteriota; Cyanophyceae; Oscillatoriophycideae; Oscillatoriales; Microcoleaceae; Planktothrix,0,1_106_TsaM#59,novel_candidate,0.2314,0,0,0,0,[alpha] > other > other > other
NZ_BJVI01000077.1:7500-8499:-1,WP_037058017.1,PA7_RS22050,,Rieske 2Fe-2S domain-containing protein,1_106_TsaM,1,70.9,0.464,6.7e-20,NZ_BJVI01000077.1,7500,8499,-1,Pseudonocardia asaccharolytica DSM 44247 = NBRC 16224,Bacteria; Bacillati; Actinomycetota; Actinomycetes; Pseudonocardiales; Pseudonocardiaceae; Pseudonocardia,0,1_106_TsaM#137,novel_candidate,0.2848,0,0,0,0,other > regulator > other > [alpha]
NZ_BJXQ01000007.1:94972-96076:-1,WP_048845886.1,AIN02nite_RS07705,,Rieske 2Fe-2S domain-containing protein,1_106_TsaM,1,117.5,0.4755,4.5e-34,NZ_BJXQ01000007.1,94972,96076,-1,Acetobacter indonesiensis,Bacteria; Pseudomonadati; Pseudomonadota; Alphaproteobacteria; Acetobacterales; Acetobacteraceae; Acetobacter,0,1_106_TsaM#2,core,0.8885,0,0,0,0,[alpha]
NZ_BJVU01000001.1:117743-118844:1,WP_048837974.1,ACI01nite_RS00560,,Rieske 2Fe-2S domain-containing protein,1_106_TsaM,1,115.4,0.4813,2e-33,NZ_BJVU01000001.1,117743,118844,1,Acetobacter cibinongensis,Bacteria; Pseudomonadati; Pseudomonadota; Alphaproteobacteria; Acetobacterales; Acetobacteraceae; Acetobacter,0,1_106_TsaM#2,core,0.8829,0,0,0,0,[alpha]
NZ_CAAAGZ010000085.1:48815-49913:1,WP_013872809.1,CJ1DGVC_RS06180,,Rieske (2Fe-2S) protein,1_106_TsaM,1,63.2,0.5476,1.5e-17,NZ_CAAAGZ010000085.1,48815,49913,1,Candidatus Protofrankia datiscae,Bacteria; Bacillati; Actinomycetota; Actinomycetes; Frankiales; Frankiaceae; Protofrankia,0,1_106_TsaM#75,novel_candidate,0.2682,0,0,0,0,[alpha]
NZ_CABWIK020000057.1:42200-43288:-1,WP_217486118.1,BAR24066_RS31225,,aromatic ring-hydroxylating dioxygenase subunit alpha,1_106_TsaM,1,169.3,0.9827,8.5e-50,NZ_CABWIK020000057.1,42200,43288,-1,Burkholderia cenocepacia,Bacteria; Pseudomonadati; Pseudomonadota; Betaproteobacteria; Burkholderiales; Burkholderiaceae; Burkholderia; Burkholderia cepacia complex,0,1_106_TsaM#35,novel_candidate,0.3333,0,0,0,0,[alpha]
NZ_CABVPP010000050.1:14656-15769:-1,WP_012217804.1,BST28156_RS25995,,aromatic ring-hydroxylating dioxygenase subunit alpha,1_106_TsaM,1,100.7,0.4726,6e-29,NZ_CABVPP010000050.1,14656,15769,-1,Burkholderia pseudomultivorans,Bacteria; Pseudomonadati; Pseudomonadota; Betaproteobacteria; Burkholderiales; Burkholderiaceae; Burkholderia; Burkholderia cepacia complex,0,1_106_TsaM#0,core,0.8988,0,0,0,0,[alpha]
NZ_CADIKA010000012.1:61171-62380:1,WP_006047362.1,HV697_RS24215,,aromatic ring-hydroxylating dioxygenase subunit alpha,1_106_TsaM,1,107.6,0.487,4.9e-31,NZ_CADIKA010000012.1,61171,62380,1,Paraburkholderia graminis C4D1M,Bacteria; Pseudomonadati; Pseudomonadota; Betaproteobacteria; Burkholderiales; Burkholderiaceae; Paraburkholderia,0,1_106_TsaM#0,core,0.8911,0,0,0,0,other > other > [alpha]
NZ_CADIKB010000002.1:233065-234274:-1,WP_035477574.1,HV711_RS03815,,aromatic ring-hydroxylating dioxygenase subunit alpha,1_106_TsaM,1,107.0,0.487,7.2e-31,NZ_CADIKB010000002.1,233065,234274,-1,Paraburkholderia phenoliruptrix,Bacteria; Pseudomonadati; Pseudomonadota; Betaproteobacteria; Burkholderiales; Burkholderiaceae; Paraburkholderia,0,1_106_TsaM#0,core,0.8658,0,0,0,0,[alpha]
NZ_CADFGH010000005.1:286150-287275:1,WP_012403399.1,HWY06_RS13430,,aromatic ring-hydroxylating dioxygenase subunit alpha,1_106_TsaM,1,101.6,0.487,3.3e-29,NZ_CADFGH010000005.1,286150,287275,1,Paraburkholderia phymatum STM815,Bacteria; Pseudomonadati; Pseudomonadota; Betaproteobacteria; Burkholderiales; Burkholderiaceae; Paraburkholderia,0,1_106_TsaM#2,core,0.8427,0,0,0,0,[alpha]
NZ_CAJNBD010000030.1:66194-67433:-1,WP_201081376.1,KHO32_RS31520,,aromatic ring-hydroxylating dioxygenase subunit alpha,1_106_TsaM,1,114.2,0.487,4.6e-33,NZ_CAJNBD010000030.1,66194,67433,-1,Paraburkholderia domus,Bacteria; Pseudomonadati; Pseudomonadota; Betaproteobacteria; Burkholderiales; Burkholderiaceae; Paraburkholderia,0,1_106_TsaM#0,core,0.8208,0,0,0,0,[alpha]
NZ_CATZKU010000015.1:17861-18929:-1,WP_024979224.1,R2N08_RS23050,,aromatic ring-hydroxylating dioxygenase subunit alpha,1_106_TsaM,1,110.1,0.487,8.1e-32,NZ_CATZKU010000015.1,17861,18929,-1,Ralstonia holmesii,Bacteria; Pseudomonadati; Pseudomonadota; Betaproteobacteria; Burkholderiales; Burkholderiaceae; Ralstonia,0,1_106_TsaM#12,novel_candidate,0.2763,0,0,0,0,transposon > [alpha] > reductase > other > hydrolase > regulator > reductase > other > dehydrogenase > dehydrogenase > other > reductase
NZ_CAVK010000129.1:15906-16938:-1,WP_006958172.1,EBBID32_RS12760,,aromatic ring-hydroxylating dioxygenase subunit alpha,1_106_TsaM,1,269.8,0.9856,2.3e-80,NZ_CAVK010000129.1,15906,16938,-1,Sphingobium indicum BiD32,Bacteria; Pseudomonadati; Pseudomonadota; Alphaproteobacteria; Sphingomonadales; Sphingomonadaceae; Sphingobium,0,1_106_TsaM#23,novel_candidate,0.33,0,0,0,0,hypothetical > alpha_other > [alpha]
NZ_CAVK010000129.1:16960-18001:-1,WP_006958187.1,EBBID32_RS12765,,Rieske 2Fe-2S domain-containing protein,1_106_TsaM,1,171.7,0.9769,1.6e-50,NZ_CAVK010000129.1,16960,18001,-1,Sphingobium indicum BiD32,Bacteria; Pseudomonadati; Pseudomonadota; Alphaproteobacteria; Sphingomonadales; Sphingomonadaceae; Sphingobium,0,1_106_TsaM#34,novel_candidate,0.3123,0,0,0,0,hypothetical > [alpha] > alpha_other
NZ_CAUDKY010000011.1:17867-18935:-1,WP_012430475.1,R2679_RS16045,,aromatic ring-hydroxylating dioxygenase subunit alpha,1_106_TsaM,1,110.1,0.487,8.1e-32,NZ_CAUDKY010000011.1,17867,18935,-1,Ralstonia thomasii,Bacteria; Pseudomonadati; Pseudomonadota; Betaproteobacteria; Burkholderiales; Burkholderiaceae; Ralstonia,0,1_106_TsaM#12,novel_candidate,0.2754,1,0,0,1,transposon > [alpha] > reductase > other > hydrolase > regulator > reductase > other > dehydrogenase > dehydrogenase > other > reductase
NZ_CAUDLI010000004.1:541496-542564:1,WP_004634822.1,R2676_RS12660,,aromatic ring-hydroxylating dioxygenase subunit alpha,1_106_TsaM,1,110.1,0.487,8.1e-32,NZ_CAUDLI010000004.1,541496,542564,1,Ralstonia sp. LMG 32965,Bacteria; Pseudomonadati; Pseudomonadota; Betaproteobacteria; Burkholderiales; Burkholderiaceae; Ralstonia,0,1_106_TsaM#12,novel_candidate,0.2754,1,0,0,1,transposon > [alpha] > reductase > other > hydrolase > regulator > reductase > other > dehydrogenase > dehydrogenase > other > reductase
NZ_CP006368.1:278741-279809:1,WP_061978130.1,M673_RS18230,,aromatic ring-hydroxylating dioxygenase subunit alpha,1_106_TsaM,1,242.6,0.9885,4.2e-72,NZ_CP006368.1,278741,279809,1,Aureimonas sp. AU20,Bacteria; Pseudomonadati; Pseudomonadota; Alphaproteobacteria; Hyphomicrobiales; Aurantimonadaceae; Aureimonas,1,1_106_TsaM#3,core,0.8111,1,0,0,1,[alpha] > reductase
NZ_CP009292.1:509675-510785:1,WP_160289752.1,JI59_RS21010,,aromatic ring-hydroxylating dioxygenase subunit alpha,1_106_TsaM,1,267.3,0.9914,1.3e-79,NZ_CP009292.1,509675,510785,1,Novosphingobium pentaromativorans US6-1,Bacteria; Pseudomonadati; Pseudomonadota; Alphaproteobacteria; Sphingomonadales; Sphingomonadaceae; Novosphingobium,1,1_106_TsaM#136,novel_candidate,0.3409,0,0,0,0,[alpha]
NZ_CP009292.1:543475-544474:-1,WP_007014327.1,JI59_RS21140,,aromatic ring-hydroxylating dioxygenase subunit alpha,1_106_TsaM,1,267.0,0.9597,1.6e-79,NZ_CP009292.1,543475,544474,-1,Novosphingobium pentaromativorans US6-1,Bacteria; Pseudomonadati; Pseudomonadota; Alphaproteobacteria; Sphingomonadales; Sphingomonadaceae; Novosphingobium,1,1_106_TsaM#135,novel_candidate,0.3215,0,0,0,0,[alpha] > dehydrogenase > other > hydrolase
NZ_CP012185.1:510775-511840:-1,WP_060577167.1,AD017_RS30550,,aromatic ring-hydroxylating dioxygenase subunit alpha,1_106_TsaM,1,224.6,0.9654,1.3e-66,NZ_CP012185.1,510775,511840,-1,Pseudonocardia sp. EC080619-01,Bacteria; Bacillati; Actinomycetota; Actinomycetes; Pseudonocardiales; Pseudonocardiaceae; Pseudonocardia,1,1_106_TsaM#1,core,0.5508,0,0,0,0,transporter > [alpha] > hypothetical > reductase > other
NZ_CP013442.1:655214-656333:1,WP_069272180.1,WT26_RS02515,,aromatic ring-hydroxylating dioxygenase subunit alpha,1_106_TsaM,1,96.3,0.4755,1.3e-27,NZ_CP013442.1,655214,656333,1,Burkholderia cepacia,Bacteria; Pseudomonadati; Pseudomonadota; Betaproteobacteria; Burkholderiales; Burkholderiaceae; Burkholderia; Burkholderia cepacia complex,0,1_106_TsaM#0,core,0.8434,0,0,0,0,[alpha]
NZ_CP015584.1:277405-278527:-1,WP_208864042.1,RGI145_RS20820,,aromatic ring-hydroxylating dioxygenase subunit alpha,1_106_TsaM,1,183.8,0.9769,3.3e-54,NZ_CP015584.1,277405,278527,-1,Roseomonas gilardii,Bacteria; Pseudomonadati; Pseudomonadota; Alphaproteobacteria; Acetobacterales; Roseomonadaceae; Roseomonas,0,1_106_TsaM#19,novel_candidate,0.3301,1,0,0,1,reductase > [alpha] > transporter > regulator
NZ_CP015737.1:190140-191187:-1,WP_064332901.1,shn_RS23270,,aromatic ring-hydroxylating dioxygenase subunit alpha,1_106_TsaM,1,264.3,0.9914,1.1e-78,NZ_CP015737.1,190140,191187,-1,Shinella sp. HZN7,Bacteria; Pseudomonadati; Pseudomonadota; Alphaproteobacteria; Hyphomicrobiales; Rhizobiaceae; Shinella,1,1_106_TsaM#3,core,0.8824,1,0,0,1,[alpha] > reductase > hypothetical > hypothetical > transporter > transporter > transporter > reductase
NZ_CP013385.1:914277-915393:-1,WP_059606043.1,WS66_RS33240,,aromatic ring-hydroxylating dioxygenase subunit alpha,1_106_TsaM,1,97.9,0.4813,4.4e-28,NZ_CP013385.1,914277,915393,-1,Burkholderia sp. LA-2-3-30-S1-D2,Bacteria; Pseudomonadati; Pseudomonadota; Betaproteobacteria; Burkholderiales; Burkholderiaceae; Burkholderia,0,1_106_TsaM#0,core,0.9062,0,0,0,0,[alpha]
NZ_CP015743.1:26718-27765:1,WP_035228497.1,shn_RS31740,,aromatic ring-hydroxylating dioxygenase subunit alpha,1_106_TsaM,1,265.3,0.9885,5.5e-79,NZ_CP015743.1,26718,27765,1,Shinella sp. HZN7,Bacteria; Pseudomonadati; Pseudomonadota; Alphaproteobacteria; Hyphomicrobiales; Rhizobiaceae; Shinella,1,1_106_TsaM#3,core,0.9052,1,0,0,1,[alpha] > reductase > other > hypothetical > transporter > transporter > transporter > dehydrogenase > other > reductase
NZ_CP019163.1:647747-648800:-1,WP_058429815.1,ATS72_RS18380,,aromatic ring-hydroxylating dioxygenase subunit alpha,1_106_TsaM,1,269.6,0.9654,2.5e-80,NZ_CP019163.1,647747,648800,-1,Pseudoalteromonas sp. 13-15,Bacteria; Pseudomonadati; Pseudomonadota; Gammaproteobacteria; Alteromonadales; Pseudoalteromonadaceae; Pseudoalteromonas,0,1_106_TsaM#65,core,0.5745,0,0,0,0,reductase > [alpha]
NZ_CP019603.1:26160-27285:-1,WP_232469036.1,A9D14_RS14395,,aromatic ring-hydroxylating dioxygenase subunit alpha,1_106_TsaM,1,301.8,0.9914,4.2e-90,NZ_CP019603.1,26160,27285,-1,Croceicoccus marinus,Bacteria; Pseudomonadati; Pseudomonadota; Alphaproteobacteria; Sphingomonadales; Erythrobacteraceae; Croceicoccus,1,1_106_TsaM#10,core,0.8211,0,0,0,0,[alpha]
NZ_CP017077.1:825489-826608:-1,WP_008833630.1,BES08_RS28875,,aromatic ring-hydroxylating dioxygenase subunit alpha,1_106_TsaM,1,194.3,0.9366,2e-57,NZ_CP017077.1,825489,826608,-1,Novosphingobium resinovorum,Bacteria; Pseudomonadati; Pseudomonadota; Alphaproteobacteria; Sphingomonadales; Sphingomonadaceae; Novosphingobium,1,1_106_TsaM#19,novel_candidate,0.3302,0,0,0,0,reductase > [alpha] > other > transporter > other
NZ_CP024582.1:117941-118973:1,WP_051004931.1,CTJ15_RS00510,,aromatic ring-hydroxylating dioxygenase subunit alpha,1_106_TsaM,1,312.9,0.9942,1.8e-93,NZ_CP024582.1,117941,118973,1,Roseomonas sp. FDAARGOS_362,Bacteria; Pseudomonadati; Pseudomonadota; Alphaproteobacteria; Acetobacterales; Roseomonadaceae; Roseomonas,1,1_106_TsaM#36,divergent,0.4268,0,0,0,0,[alpha] > reductase
NZ_CP025810.1:122430-123498:1,WP_009824281.1,C1J04_RS17265,,aromatic ring-hydroxylating dioxygenase subunit alpha,1_106_TsaM,1,236.5,0.9856,3e-70,NZ_CP025810.1,122430,123498,1,Sulfitobacter sp. SK025,Bacteria; Pseudomonadati; Pseudomonadota; Alphaproteobacteria; Rhodobacterales; Roseobacteraceae; Sulfitobacter,1,1_106_TsaM#7,divergent,0.4201,0,0,0,0,[alpha] > transporter > transporter > transporter > transporter
NZ_CP038640.1:17351-18428:1,WP_015061672.1,E0W60_RS36530,,aromatic ring-hydroxylating dioxygenase subunit alpha,1_106_TsaM,1,190.8,0.9914,2.4e-56,NZ_CP038640.1,17351,18428,1,Cupriavidus oxalaticus,Bacteria; Pseudomonadati; Pseudomonadota; Betaproteobacteria; Burkholderiales; Burkholderiaceae; Cupriavidus,1,1_106_TsaM#16,novel_candidate,0.3425,0,0,0,0,[alpha]
NZ_CP128493.1:810100-811150:1,WP_211151984.1,QUC32_RS30555,,aromatic ring-hydroxylating dioxygenase subunit alpha,1_106_TsaM,1,293.0,0.9885,2e-87,NZ_CP128493.1,810100,811150,1,Novosphingobium resinovorum,Bacteria; Pseudomonadati; Pseudomonadota; Alphaproteobacteria; Sphingomonadales; Sphingomonadaceae; Novosphingobium,1,1_106_TsaM#82,divergent,0.4625,0,0,0,0,[alpha]
NZ_CP155730.1:89102-90173:-1,WP_005862022.1,ABFK29_RS21865,,aromatic ring-hydroxylating dioxygenase subunit alpha,1_106_TsaM,1,265.3,0.9885,5.3e-79,NZ_CP155730.1,89102,90173,-1,Sagittula stellata E-37,Bacteria; Pseudomonadati; Pseudomonadota; Alphaproteobacteria; Rhodobacterales; Roseobacteraceae; Sagittula,1,1_106_TsaM#7,divergent,0.4451,0,0,0,0,reductase > other > other > other > [alpha] > transporter > transporter > transporter > transporter > regulator
NZ_CYSG01000017.1:10303-11341:1,WP_058335308.1,PH5382_RS15520,,aromatic ring-hydroxylating dioxygenase subunit alpha,1_106_TsaM,1,290.6,0.9885,1.1e-86,NZ_CYSG01000017.1,10303,11341,1,Phaeobacter sp. CECT 5382,Bacteria; Pseudomonadati; Pseudomonadota; Alphaproteobacteria; Rhodobacterales; Roseobacteraceae; Phaeobacter,0,1_106_TsaM#9,core,0.8658,0,0,0,0,[alpha] > other
NZ_CYUD01000020.1:7609-8656:1,WP_058283901.1,RUE5091_RS20775,,aromatic ring-hydroxylating dioxygenase subunit alpha,1_106_TsaM,1,224.4,0.9798,1.4e-66,NZ_CYUD01000020.1,7609,8656,1,Ruegeria denitrificans,Bacteria; Pseudomonadati; Pseudomonadota; Alphaproteobacteria; Rhodobacterales; Roseobacteraceae; Ruegeria,0,1_106_TsaM#26,divergent,0.443,0,0,0,0,transporter > transporter > ring_cleavage > [alpha]
NZ_CYTW01000002.1:658213-659287:-1,WP_058311807.1,PH7735_RS13090,,aromatic ring-hydroxylating dioxygenase subunit alpha,1_106_TsaM,1,188.7,0.7637,1.1e-55,NZ_CYTW01000002.1,658213,659287,-1,Shimia thalassica,Bacteria; Pseudomonadati; Pseudomonadota; Alphaproteobacteria; Rhodobacterales; Roseobacteraceae,0,1_106_TsaM#134,novel_candidate,0.3204,0,0,0,0,other > [alpha] > other > regulator
NZ_DDNH01000040.1:10526-11582:1,WP_017184104.1,B3D26_RS16810,,Rieske 2Fe-2S domain-containing protein,1_106_TsaM,1,183.9,0.9885,3e-54,NZ_DDNH01000040.1,10526,11582,1,Sphingobium xenophagum,Bacteria; Pseudomonadati; Pseudomonadota; Alphaproteobacteria; Sphingomonadales; Sphingomonadaceae; Sphingobium,0,1_106_TsaM#34,novel_candidate,0.324,0,0,0,0,hypothetical > other > other > regulator > [alpha] > other
NZ_CYTK01000004.1:585572-586637:1,WP_054454677.1,AOZ63_RS15230,,aromatic ring-hydroxylating dioxygenase subunit alpha,1_106_TsaM,1,472.5,0.9914,5.4e-142,NZ_CYTK01000004.1,585572,586637,1,Achromobacter aegrifaciens,Bacteria; Pseudomonadati; Pseudomonadota; Betaproteobacteria; Burkholderiales; Alcaligenaceae; Achromobacter,0,1_106_TsaM#15,novel_candidate,0.3899,1,0,0,1,transporter > [alpha] > reductase
NZ_DS999214.1:49082-50150:1,WP_008229699.1,RGAI101_RS18220,,aromatic ring-hydroxylating dioxygenase subunit alpha,1_106_TsaM,1,237.8,0.9856,1.2e-70,NZ_DS999214.1,49082,50150,1,Roseobacter sp. GAI101,Bacteria; Pseudomonadati; Pseudomonadota; Alphaproteobacteria; Rhodobacterales; Roseobacteraceae; Roseobacter,0,1_106_TsaM#7,divergent,0.4107,0,0,0,0,[alpha] > transporter > transporter > transporter > transporter
NZ_FCNX02000005.1:8023-9181:-1,WP_061134783.1,AWB77_RS10975,,aromatic ring-hydroxylating dioxygenase subunit alpha,1_106_TsaM,1,108.3,0.4899,2.9e-31,NZ_FCNX02000005.1,8023,9181,-1,Caballeronia fortuita,Bacteria; Pseudomonadati; Pseudomonadota; Betaproteobacteria; Burkholderiales; Burkholderiaceae; Caballeronia,0,1_106_TsaM#0,core,0.8439,0,0,0,0,regulator > [alpha] > hypothetical
NZ_FCNY02000010.1:259382-260402:-1,WP_053572495.1,AWB70_RS21170,,aromatic ring-hydroxylating dioxygenase subunit alpha,1_106_TsaM,1,301.9,0.9914,3.8e-90,NZ_FCNY02000010.1,259382,260402,-1,Caballeronia cordobensis,Bacteria; Pseudomonadati; Pseudomonadota; Betaproteobacteria; Burkholderiales; Burkholderiaceae; Caballeronia,0,1_106_TsaM#54,novel_candidate,0.3808,1,0,0,1,dehydrogenase > [alpha] > reductase > dehydrogenase
NZ_FCNV02000005.1:53065-54226:1,WP_040048438.1,AWB72_RS14470,,aromatic ring-hydroxylating dioxygenase subunit alpha,1_106_TsaM,1,107.3,0.4899,5.8e-31,NZ_FCNV02000005.1,53065,54226,1,Caballeronia concitans,Bacteria; Pseudomonadati; Pseudomonadota; Betaproteobacteria; Burkholderiales; Burkholderiaceae; Caballeronia,0,1_106_TsaM#0,core,0.882,0,0,0,0,hypothetical > [alpha] > hypothetical
NZ_FCOA02000004.1:328297-329377:1,WP_061167275.1,AWB79_RS10225,,aromatic ring-hydroxylating dioxygenase subunit alpha,1_106_TsaM,1,280.8,0.9942,1e-83,NZ_FCOA02000004.1,328297,329377,1,Caballeronia hypogeia,Bacteria; Pseudomonadati; Pseudomonadota; Betaproteobacteria; Burkholderiales; Burkholderiaceae; Caballeronia,0,1_106_TsaM#6,core,0.7987,1,0,0,1,[alpha] > reductase > hypothetical > transporter > transporter > transporter
NZ_FCOC02000008.1:69679-70828:-1,WP_060856222.1,AWB64_RS14995,,aromatic ring-hydroxylating dioxygenase subunit alpha,1_106_TsaM,1,104.1,0.4784,5.4e-30,NZ_FCOC02000008.1,69679,70828,-1,Caballeronia sordidicola,Bacteria; Pseudomonadati; Pseudomonadota; Betaproteobacteria; Burkholderiales; Burkholderiaceae; Caballeronia,0,1_106_TsaM#0,core,0.8098,0,0,0,0,[alpha] > hypothetical
NZ_FCOK02000123.1:13377-14493:-1,WP_062092852.1,AWB69_RS42995,,aromatic ring-hydroxylating dioxygenase subunit alpha,1_106_TsaM,1,140.4,0.9856,4.9e-41,NZ_FCOK02000123.1,13377,14493,-1,Caballeronia udeis,Bacteria; Pseudomonadati; Pseudomonadota; Betaproteobacteria; Burkholderiales; Burkholderiaceae; Caballeronia,0,1_106_TsaM#31,novel_candidate,0.3095,1,0,0,1,reductase > [alpha]
NZ_FCOI02000007.1:8517-9675:-1,WP_061160414.1,AWB76_RS12315,,aromatic ring-hydroxylating dioxygenase subunit alpha,1_106_TsaM,1,108.5,0.4899,2.6e-31,NZ_FCOI02000007.1,8517,9675,-1,Caballeronia temeraria,Bacteria; Pseudomonadati; Pseudomonadota; Betaproteobacteria; Burkholderiales; Burkholderiaceae; Caballeronia,0,1_106_TsaM#0,core,0.8757,0,0,0,0,regulator > [alpha] > hypothetical > hypothetical
NZ_FCOK02000007.1:6038-7178:-1,WP_062083766.1,AWB69_RS07260,,aromatic ring-hydroxylating dioxygenase subunit alpha,1_106_TsaM,1,106.3,0.4784,1.2e-30,NZ_FCOK02000007.1,6038,7178,-1,Caballeronia udeis,Bacteria; Pseudomonadati; Pseudomonadota; Betaproteobacteria; Burkholderiales; Burkholderiaceae; Caballeronia,0,1_106_TsaM#0,core,0.827,0,0,0,0,[alpha] > hypothetical
NZ_FCOK02000010.1:149889-150942:-1,WP_062084797.1,AWB69_RS10335,,aromatic ring-hydroxylating dioxygenase subunit alpha,1_106_TsaM,1,272.8,0.9885,2.8e-81,NZ_FCOK02000010.1,149889,150942,-1,Caballeronia udeis,Bacteria; Pseudomonadati; Pseudomonadota; Betaproteobacteria; Burkholderiales; Burkholderiaceae; Caballeronia,0,1_106_TsaM#6,core,0.7771,1,0,0,1,[alpha] > reductase > hypothetical > transporter > other
NZ_FCOX02000070.1:9201-10359:-1,WP_062611250.1,AWB78_RS35160,,aromatic ring-hydroxylating dioxygenase subunit alpha,1_106_TsaM,1,107.2,0.487,6.4e-31,NZ_FCOX02000070.1,9201,10359,-1,Caballeronia calidae,Bacteria; Pseudomonadati; Pseudomonadota; Betaproteobacteria; Burkholderiales; Burkholderiaceae; Caballeronia,0,1_106_TsaM#0,core,0.8563,0,0,0,0,regulator > [alpha] > hypothetical
NZ_FKJI03000052.1:11280-12312:1,WP_070022753.1,A7P67_RS35415,,aromatic ring-hydroxylating dioxygenase subunit alpha,1_106_TsaM,1,77.6,0.4726,6.1e-22,NZ_FKJI03000052.1,11280,12312,1,Streptomyces sp. F-1,Bacteria; Bacillati; Actinomycetota; Actinomycetes; Kitasatosporales; Streptomycetaceae; Streptomyces,0,1_106_TsaM#12,novel_candidate,0.3457,1,0,0,1,dehydrogenase > other > dehydrogenase > hydrolase > other > reductase > reductase > other > reductase > transposon > [alpha]
NZ_FMCT01000019.1:6469-7513:1,WP_074478738.1,GA0070563_RS30725,,aromatic ring-hydroxylating dioxygenase subunit alpha,1_106_TsaM,1,247.4,0.9712,1.4e-73,NZ_FMCT01000019.1,6469,7513,1,Micromonospora carbonacea,Bacteria; Bacillati; Actinomycetota; Actinomycetes; Micromonosporales; Micromonosporaceae; Micromonospora,0,1_106_TsaM#1,core,0.7279,1,0,1,0,hypothetical > [alpha] > ferredoxin > regulator
NZ_FMJB01000025.1:19072-20113:1,WP_072704131.1,KARMA_RS03495,,aromatic ring-hydroxylating dioxygenase subunit alpha,1_106_TsaM,1,272.0,0.9885,4.9e-81,NZ_FMJB01000025.1,19072,20113,1,Donghicola eburneus,Bacteria; Pseudomonadati; Pseudomonadota; Alphaproteobacteria; Rhodobacterales; Roseobacteraceae; Donghicola,0,1_106_TsaM#41,core,0.8654,0,0,0,0,other > other > other > other > [alpha] > regulator
NZ_FNCO01000001.1:189606-190707:1,WP_074749487.1,BLS87_RS00710,,aromatic ring-hydroxylating dioxygenase subunit alpha,1_106_TsaM,1,263.0,0.9798,2.7e-78,NZ_FNCO01000001.1,189606,190707,1,Pseudomonas abietaniphila,Bacteria; Pseudomonadati; Pseudomonadota; Gammaproteobacteria; Pseudomonadales; Pseudomonadaceae; Pseudomonas,0,1_106_TsaM#64,core,0.8175,0,0,0,0,[alpha] > alpha_other
NZ_FNCO01000001.1:190714-191755:1,WP_074749488.1,BLS87_RS00715,,aromatic ring-hydroxylating dioxygenase subunit alpha,1_106_TsaM,1,250.0,0.9856,2.4e-74,NZ_FNCO01000001.1,190714,191755,1,Pseudomonas abietaniphila,Bacteria; Pseudomonadati; Pseudomonadota; Gammaproteobacteria; Pseudomonadales; Pseudomonadaceae; Pseudomonas,0,1_106_TsaM#53,novel_candidate,0.3428,0,0,0,0,alpha_other > [alpha]
NZ_FNDI01000009.1:72168-73242:-1,WP_091779515.1,BLT65_RS17755,,aromatic ring-hydroxylating dioxygenase subunit alpha,1_106_TsaM,1,274.5,0.9914,8.3e-82,NZ_FNDI01000009.1,72168,73242,-1,Paraburkholderia steynii,Bacteria; Pseudomonadati; Pseudomonadota; Betaproteobacteria; Burkholderiales; Burkholderiaceae; Paraburkholderia,0,1_106_TsaM#6,core,0.8857,1,0,0,1,[alpha] > reductase > hypothetical
NZ_FNDI01000012.1:22728-23853:-1,WP_042304503.1,BLT65_RS21585,,aromatic ring-hydroxylating dioxygenase subunit alpha,1_106_TsaM,1,103.7,0.4899,7.2e-30,NZ_FNDI01000012.1,22728,23853,-1,Paraburkholderia steynii,Bacteria; Pseudomonadati; Pseudomonadota; Betaproteobacteria; Burkholderiales; Burkholderiaceae; Paraburkholderia,0,1_106_TsaM#2,core,0.8523,0,0,0,0,[alpha]
NZ_FNDN01000001.1:769820-770909:-1,WP_072736229.1,BLQ89_RS03680,,Rieske 2Fe-2S domain-containing protein,1_106_TsaM,1,75.0,0.4669,4e-21,NZ_FNDN01000001.1,769820,770909,-1,Rhodococcus triatomae,Bacteria; Bacillati; Actinomycetota; Actinomycetes; Mycobacteriales; Nocardiaceae; Rhodococcus,0,1_106_TsaM#13,novel_candidate,0.2919,1,0,0,1,dehydrogenase > other > other > reductase > other > hydrolase > reductase > reductase > other > hydrolase > transposon > [alpha] > hypothetical > hydrolase
NZ_FNNB01000006.1:9440-10508:-1,WP_074636786.1,BLW19_RS13870,,aromatic ring-hydroxylating dioxygenase subunit alpha,1_106_TsaM,1,236.0,0.9856,4.3e-70,NZ_FNNB01000006.1,9440,10508,-1,Sulfitobacter pontiacus,Bacteria; Pseudomonadati; Pseudomonadota; Alphaproteobacteria; Rhodobacterales; Roseobacteraceae; Sulfitobacter,0,1_106_TsaM#7,divergent,0.4295,0,0,0,0,[alpha] > transporter > transporter > transporter > transporter
NZ_FNNP01000002.1:68671-69721:1,WP_074736607.1,BLU89_RS09525,,aromatic ring-hydroxylating dioxygenase subunit alpha,1_106_TsaM,1,244.3,0.9942,1.3e-72,NZ_FNNP01000002.1,68671,69721,1,Ruegeria halocynthiae,Bacteria; Pseudomonadati; Pseudomonadota; Alphaproteobacteria; Rhodobacterales; Roseobacteraceae; Ruegeria,0,1_106_TsaM#61,divergent,0.4768,0,0,0,0,regulator > [alpha]
NZ_FNPE01000001.1:48441-49518:-1,WP_074920481.1,BLV89_RS00230,,aromatic ring-hydroxylating dioxygenase subunit alpha,1_106_TsaM,1,273.9,0.9741,1.3e-81,NZ_FNPE01000001.1,48441,49518,-1,Delftia lacustris,Bacteria; Pseudomonadati; Pseudomonadota; Betaproteobacteria; Burkholderiales; Comamonadaceae; Delftia,0,1_106_TsaM#11,core,0.8421,1,0,0,1,transporter > [alpha] > reductase > dehydrogenase
NZ_FNXA01000145.1:739-1816:1,WP_011178402.1,BLW87_RS51670,,aromatic ring-hydroxylating dioxygenase subunit alpha,1_106_TsaM,1,198.8,0.9885,8.7e-59,NZ_FNXA01000145.1,739,1816,1,Paraburkholderia hospita,Bacteria; Pseudomonadati; Pseudomonadota; Betaproteobacteria; Burkholderiales; Burkholderiaceae; Paraburkholderia,0,1_106_TsaM#16,novel_candidate,0.3394,0,0,0,0,[alpha]
NZ_FOFW01000005.1:163004-164069:-1,WP_058263338.1,BMW57_RS09050,,aromatic ring-hydroxylating dioxygenase subunit alpha,1_106_TsaM,1,230.3,0.9885,2.4e-68,NZ_FOFW01000005.1,163004,164069,-1,Thalassovita gelatinovora,Bacteria; Pseudomonadati; Pseudomonadota; Alphaproteobacteria; Rhodobacterales; Roseobacteraceae; Thalassovita,0,1_106_TsaM#7,novel_candidate,0.3766,0,0,0,0,[alpha] > transporter > transporter > transporter > transporter
NZ_FOLR01000001.1:311926-312997:1,WP_017467653.1,BM112_RS01450,,aromatic ring-hydroxylating dioxygenase subunit alpha,1_106_TsaM,1,263.2,0.9885,2.3e-78,NZ_FOLR01000001.1,311926,312997,1,Salipiger profundus,Bacteria; Pseudomonadati; Pseudomonadota; Alphaproteobacteria; Rhodobacterales; Roseobacteraceae; Salipiger,0,1_106_TsaM#7,divergent,0.4348,0,0,0,0,reductase > other > other > other > [alpha] > transporter > transporter > transporter > transporter
NZ_FOOO01000012.1:13373-14414:1,WP_011569767.1,BM138_RS16005,,aromatic ring-hydroxylating dioxygenase subunit alpha,1_106_TsaM,1,273.1,0.9914,2.3e-81,NZ_FOOO01000012.1,13373,14414,1,Roseobacter denitrificans OCh 114,Bacteria; Pseudomonadati; Pseudomonadota; Alphaproteobacteria; Rhodobacterales; Roseobacteraceae; Roseobacter,0,1_106_TsaM#41,core,0.8921,0,0,0,0,other > other > other > other > dehydrogenase > other > [alpha] > other
NZ_FOOO01000014.1:3193-4264:-1,WP_011568553.1,BM138_RS17190,,aromatic ring-hydroxylating dioxygenase subunit alpha,1_106_TsaM,1,252.5,0.9885,4e-75,NZ_FOOO01000014.1,3193,4264,-1,Roseobacter denitrificans OCh 114,Bacteria; Pseudomonadati; Pseudomonadota; Alphaproteobacteria; Rhodobacterales; Roseobacteraceae; Roseobacter,0,1_106_TsaM#7,novel_candidate,0.3994,0,0,0,0,[alpha]
NZ_FPAW01000029.1:35625-36666:-1,WP_027260339.1,BM410_RS17850,,aromatic ring-hydroxylating dioxygenase subunit alpha,1_106_TsaM,1,277.5,0.9885,1.1e-82,NZ_FPAW01000029.1,35625,36666,-1,Sedimentitalea nanhaiensis,Bacteria; Pseudomonadati; Pseudomonadota; Alphaproteobacteria; Rhodobacterales; Paracoccaceae; Sedimentitalea,0,1_106_TsaM#9,core,0.8981,1,0,0,1,regulator > [alpha] > reductase
NZ_FPAW01000038.1:32812-33880:-1,WP_027263824.1,BM410_RS20140,,aromatic ring-hydroxylating dioxygenase subunit alpha,1_106_TsaM,1,225.7,0.9885,5.9e-67,NZ_FPAW01000038.1,32812,33880,-1,Sedimentitalea nanhaiensis,Bacteria; Pseudomonadati; Pseudomonadota; Alphaproteobacteria; Rhodobacterales; Paracoccaceae; Sedimentitalea,0,1_106_TsaM#26,divergent,0.4387,0,0,0,0,[alpha] > ring_cleavage > regulator
NZ_FPJF01000025.1:24297-25359:1,WP_072443705.1,BT190_RS29930,,aromatic ring-hydroxylating dioxygenase subunit alpha,1_106_TsaM,1,270.9,0.9597,1.1e-80,NZ_FPJF01000025.1,24297,25359,1,Burkholderia sp. NFACC33-1,Bacteria; Pseudomonadati; Pseudomonadota; Betaproteobacteria; Burkholderiales; Burkholderiaceae; Burkholderia,0,1_106_TsaM#4,core,0.9517,0,0,0,0,alpha_other > reductase > [alpha]
NZ_FPJF01000027.1:68312-69428:1,WP_072444024.1,BT190_RS31105,,aromatic ring-hydroxylating dioxygenase subunit alpha,1_106_TsaM,1,101.0,0.4755,5e-29,NZ_FPJF01000027.1,68312,69428,1,Burkholderia sp. NFACC33-1,Bacteria; Pseudomonadati; Pseudomonadota; Betaproteobacteria; Burkholderiales; Burkholderiaceae; Burkholderia,0,1_106_TsaM#0,core,0.9162,0,0,0,0,[alpha]
NZ_FQWD01000001.1:367082-368168:1,WP_073317183.1,BUB81_RS01530,,aromatic ring-hydroxylating dioxygenase subunit alpha,1_106_TsaM,1,258.2,0.9654,7.5e-77,NZ_FQWD01000001.1,367082,368168,1,Marisediminitalea aggregata,Bacteria; Pseudomonadati; Pseudomonadota; Gammaproteobacteria; Alteromonadales; Alteromonadaceae; Marisediminitalea,0,1_106_TsaM#90,core,0.6678,0,0,0,0,reductase > [alpha]
NZ_FRAB01000004.1:253270-254323:1,WP_073427671.1,BUE39_RS05750,,aromatic ring-hydroxylating dioxygenase subunit alpha,1_106_TsaM,1,460.3,0.9914,2.6e-138,NZ_FRAB01000004.1,253270,254323,1,Paraburkholderia terricola,Bacteria; Pseudomonadati; Pseudomonadota; Betaproteobacteria; Burkholderiales; Burkholderiaceae; Paraburkholderia,0,1_106_TsaM#15,novel_candidate,0.3875,0,0,0,0,[alpha] > reductase > transporter
NZ_FRAB01000016.1:118036-119275:1,WP_073429695.1,BUE39_RS16275,,aromatic ring-hydroxylating dioxygenase subunit alpha,1_106_TsaM,1,106.9,0.487,8e-31,NZ_FRAB01000016.1,118036,119275,1,Paraburkholderia terricola,Bacteria; Pseudomonadati; Pseudomonadota; Betaproteobacteria; Burkholderiales; Burkholderiaceae; Paraburkholderia,0,1_106_TsaM#0,core,0.8878,0,0,0,0,[alpha]
NZ_FRAB01000048.1:3782-4898:-1,WP_073431991.1,BUE39_RS28375,,aromatic ring-hydroxylating dioxygenase subunit alpha,1_106_TsaM,1,143.3,0.9856,6.8e-42,NZ_FRAB01000048.1,3782,4898,-1,Paraburkholderia terricola,Bacteria; Pseudomonadati; Pseudomonadota; Betaproteobacteria; Burkholderiales; Burkholderiaceae; Paraburkholderia,0,1_106_TsaM#31,novel_candidate,0.3007,0,0,0,0,reductase > [alpha]
NZ_FRAB01000080.1:9215-10292:1,WP_011178402.1,BUE39_RS32960,,aromatic ring-hydroxylating dioxygenase subunit alpha,1_106_TsaM,1,198.8,0.9885,8.7e-59,NZ_FRAB01000080.1,9215,10292,1,Paraburkholderia terricola,Bacteria; Pseudomonadati; Pseudomonadota; Betaproteobacteria; Burkholderiales; Burkholderiaceae; Paraburkholderia,0,1_106_TsaM#16,novel_candidate,0.3394,0,0,0,0,[alpha]
NZ_FRAP01000010.1:55109-56195:-1,WP_073457566.1,BUE41_RS14195,,aromatic ring-hydroxylating dioxygenase subunit alpha,1_106_TsaM,1,214.6,0.9885,1.4e-63,NZ_FRAP01000010.1,55109,56195,-1,Pseudonocardia thermophila,Bacteria; Bacillati; Actinomycetota; Actinomycetes; Pseudonocardiales; Pseudonocardiaceae; Pseudonocardia,0,1_106_TsaM#133,divergent,0.4086,0,0,0,0,regulator > other > hydrolase > [alpha] > hypothetical
NZ_FRBI01000008.1:29865-31014:-1,WP_073498125.1,BUE44_RS14470,,aromatic ring-hydroxylating dioxygenase subunit alpha,1_106_TsaM,1,88.5,0.4726,3.2e-25,NZ_FRBI01000008.1,29865,31014,-1,Actinacidiphila paucisporea,Bacteria; Bacillati; Actinomycetota; Actinomycetes; Kitasatosporales; Streptomycetaceae; Actinacidiphila,0,1_106_TsaM#8,core,0.8152,0,0,0,0,[alpha]
NZ_FRCS01000009.1:89718-90786:-1,WP_073260707.1,BUB75_RS27330,,aromatic ring-hydroxylating dioxygenase subunit alpha,1_106_TsaM,1,219.7,0.9798,4e-65,NZ_FRCS01000009.1,89718,90786,-1,Cryptosporangium aurantiacum,Bacteria; Bacillati; Actinomycetota; Actinomycetes; Cryptosporangiales; Cryptosporangiaceae; Cryptosporangium,0,1_106_TsaM#1,core,0.6166,1,0,0,1,[alpha] > hypothetical > reductase
NZ_FRDJ01000004.1:93748-94732:1,WP_072758947.1,BUA11_RS04765,,aromatic ring-hydroxylating dioxygenase subunit alpha,1_106_TsaM,1,93.9,0.4899,7.1e-27,NZ_FRDJ01000004.1,93748,94732,1,Fervidobacterium gondwanense DSM 13020,Bacteria; Thermotogati; Thermotogota; Thermotogae; Thermotogales; Fervidobacteriaceae; Fervidobacterium,0,1_106_TsaM#74,novel_candidate,0.234,1,0,0,1,other > other > regulator > other > [alpha] > other > reductase > reductase
NZ_FRXO01000003.1:268799-269858:-1,WP_073627707.1,BUF17_RS08830,,aromatic ring-hydroxylating dioxygenase subunit alpha,1_106_TsaM,1,99.6,0.5072,1.3e-28,NZ_FRXO01000003.1,268799,269858,-1,Pseudoxanthobacter soli DSM 19599,Bacteria; Pseudomonadati; Pseudomonadota; Alphaproteobacteria; Hyphomicrobiales; Segnochrobactraceae; Pseudoxanthobacter,0,1_106_TsaM#29,novel_candidate,0.2461,0,0,0,0,[alpha]
NZ_FTMN01000006.1:298625-299759:-1,WP_076463620.1,BW956_RS14825,,aromatic ring-hydroxylating dioxygenase subunit alpha,1_106_TsaM,1,217.2,0.9856,2.2e-64,NZ_FTMN01000006.1,298625,299759,-1,Marinobacterium stanieri,Bacteria; Pseudomonadati; Pseudomonadota; Gammaproteobacteria; Oceanospirillales; Oceanospirillaceae; Marinobacterium,0,1_106_TsaM#156,novel_candidate,0.345,2,0,1,1,[alpha] > ferredoxin > reductase > transporter
NZ_FTMY01000013.1:86471-87500:-1,WP_076511178.1,BXA03_RS21190,,aromatic ring-hydroxylating dioxygenase subunit alpha,1_106_TsaM,1,236.7,0.9769,2.7e-70,NZ_FTMY01000013.1,86471,87500,-1,Pseudacidovorax sp. RU35E,Bacteria; Pseudomonadati; Pseudomonadota; Betaproteobacteria; Burkholderiales; Comamonadaceae; Pseudacidovorax,0,1_106_TsaM#28,novel_candidate,0.373,0,0,0,0,[alpha] > transporter
NZ_FTNX01000001.1:672054-673098:1,WP_058317803.1,BW969_RS03270,,aromatic ring-hydroxylating dioxygenase subunit alpha,1_106_TsaM,1,266.6,0.9885,2.1e-79,NZ_FTNX01000001.1,672054,673098,1,Thalassovita mediterranea,Bacteria; Pseudomonadati; Pseudomonadota; Alphaproteobacteria; Rhodobacterales; Roseobacteraceae; Thalassovita,0,1_106_TsaM#41,core,0.8871,0,0,0,0,[alpha]
NZ_FXAT01000011.1:29040-30291:-1,WP_085488452.1,B9Z01_RS26135,,aromatic ring-hydroxylating dioxygenase subunit alpha,1_106_TsaM,1,107.5,0.4755,5.1e-31,NZ_FXAT01000011.1,29040,30291,-1,Paraburkholderia susongensis,Bacteria; Pseudomonadati; Pseudomonadota; Betaproteobacteria; Burkholderiales; Burkholderiaceae; Paraburkholderia,0,1_106_TsaM#0,core,0.8416,0,0,0,0,[alpha]
NZ_GL476310.1:358820-359879:-1,WP_009466893.1,TRICHSKD4_RS07475,,aromatic ring-hydroxylating dioxygenase subunit alpha,1_106_TsaM,1,95.7,0.5072,2e-27,NZ_GL476310.1,358820,359879,-1,Roseibium sp. TrichSKD4,Bacteria; Pseudomonadati; Pseudomonadota; Alphaproteobacteria; Hyphomicrobiales; Stappiaceae; Roseibium,0,1_106_TsaM#29,novel_candidate,0.2397,0,0,0,0,other > hydrolase > hypothetical > [alpha]
NZ_HE972586.1:163825-165166:1,WP_002755568.1,MICCA_RS19400,,Rieske 2Fe-2S domain-containing protein,1_106_TsaM,1,101.9,0.4697,2.6e-29,NZ_HE972586.1,163825,165166,1,Microcystis aeruginosa PCC 9432,Bacteria; Bacillati; Cyanobacteriota; Cyanophyceae; Oscillatoriophycideae; Chroococcales; Microcystaceae; Microcystis,0,1_106_TsaM#22,novel_candidate,0.3176,0,0,0,0,other > hydrolase > hypothetical > [alpha]
NZ_HE972720.1:17378-18719:1,WP_002760677.1,MICAB_RS13460,,Rieske 2Fe-2S domain-containing protein,1_106_TsaM,1,101.8,0.4697,2.8e-29,NZ_HE972720.1,17378,18719,1,Microcystis aeruginosa PCC 9717,Bacteria; Bacillati; Cyanobacteriota; Cyanophyceae; Oscillatoriophycideae; Chroococcales; Microcystaceae; Microcystis,0,1_106_TsaM#22,novel_candidate,0.3216,0,0,0,0,regulator > [alpha]
NZ_HE973252.1:235750-237091:1,WP_002785068.1,MICAE_RS19730,,Rieske 2Fe-2S domain-containing protein,1_106_TsaM,1,101.8,0.4697,2.8e-29,NZ_HE973252.1,235750,237091,1,Microcystis aeruginosa PCC 9806,Bacteria; Bacillati; Cyanobacteriota; Cyanophyceae; Oscillatoriophycideae; Chroococcales; Microcystaceae; Microcystis,0,1_106_TsaM#22,novel_candidate,0.3214,0,0,0,0,other > hydrolase > hypothetical > [alpha]
NZ_JAAHGN010001038.1:188-1547:-1,WP_008191526.1,F6K20_RS33305,,Rieske 2Fe-2S domain-containing protein,1_106_TsaM,1,126.0,0.4899,1.2e-36,NZ_JAAHGN010001038.1,188,1547,-1,Moorena sp. SIO2C4,Bacteria; Bacillati; Cyanobacteriota; Cyanophyceae; Oscillatoriophycideae; Oscillatoriales; Oscillatoriaceae; Moorena,0,1_106_TsaM#17,novel_candidate,0.3005,0,0,0,0,hypothetical > [alpha]
NZ_JAAHFZ010000007.1:177053-178412:-1,WP_008191526.1,F6K63_RS09245,,Rieske 2Fe-2S domain-containing protein,1_106_TsaM,1,126.0,0.4899,1.2e-36,NZ_JAAHFZ010000007.1,177053,178412,-1,Moorena sp. SIO1G6,Bacteria; Bacillati; Cyanobacteriota; Cyanophyceae; Oscillatoriophycideae; Oscillatoriales; Oscillatoriaceae; Moorena,0,1_106_TsaM#17,novel_candidate,0.3005,0,0,0,0,hypothetical > [alpha]
NZ_HE973742.1:184536-185877:1,WP_004163177.1,MICAH_RS04665,,Rieske 2Fe-2S domain-containing protein,1_106_TsaM,1,101.8,0.4697,2.8e-29,NZ_HE973742.1,184536,185877,1,Microcystis aeruginosa PCC 9809,Bacteria; Bacillati; Cyanobacteriota; Cyanophyceae; Oscillatoriophycideae; Chroococcales; Microcystaceae; Microcystis,0,1_106_TsaM#22,novel_candidate,0.3235,0,0,0,0,other > hydrolase > hypothetical > [alpha]
NZ_HE974173.1:240004-241345:-1,WP_002801873.1,MICAK_RS09460,,Rieske 2Fe-2S domain-containing protein,1_106_TsaM,1,99.9,0.4697,1.1e-28,NZ_HE974173.1,240004,241345,-1,Microcystis aeruginosa PCC 9701,Bacteria; Bacillati; Cyanobacteriota; Cyanophyceae; Oscillatoriophycideae; Chroococcales; Microcystaceae; Microcystis,0,1_106_TsaM#22,novel_candidate,0.3235,0,0,0,0,[alpha]
NZ_JAAHIE010000128.1:8505-9864:1,WP_008191526.1,F6K37_RS15535,,Rieske 2Fe-2S domain-containing protein,1_106_TsaM,1,126.0,0.4899,1.2e-36,NZ_JAAHIE010000128.1,8505,9864,1,Moorena sp. SIO4E2,Bacteria; Bacillati; Cyanobacteriota; Cyanophyceae; Oscillatoriophycideae; Oscillatoriales; Oscillatoriaceae; Moorena,0,1_106_TsaM#17,novel_candidate,0.3005,0,0,0,0,hypothetical > [alpha]
NZ_JAALEG010000003.1:25290-26352:1,WP_006940588.1,G6039_RS01825,,aromatic ring-hydroxylating dioxygenase subunit alpha,1_106_TsaM,1,235.2,0.9654,7.7e-70,NZ_JAALEG010000003.1,25290,26352,1,Rhodococcus aetherivorans,Bacteria; Bacillati; Actinomycetota; Actinomycetes; Mycobacteriales; Nocardiaceae; Rhodococcus,0,1_106_TsaM#1,core,0.5659,0,0,0,0,[alpha] > hypothetical > reductase > other > regulator > other
NZ_HE973587.1:397147-398488:-1,WP_002792686.1,MICAG_RS11490,,Rieske 2Fe-2S domain-containing protein,1_106_TsaM,1,101.7,0.4697,2.9e-29,NZ_HE973587.1,397147,398488,-1,Microcystis aeruginosa PCC 9808,Bacteria; Bacillati; Cyanobacteriota; Cyanophyceae; Oscillatoriophycideae; Chroococcales; Microcystaceae; Microcystis,0,1_106_TsaM#22,novel_candidate,0.3235,0,0,0,0,other > hydrolase > hypothetical > [alpha]
NZ_JAAQPP010000013.1:138376-139417:1,WP_038492212.1,HBF20_RS25435,,aromatic ring-hydroxylating dioxygenase subunit alpha,1_106_TsaM,1,254.8,0.9856,8.6e-76,NZ_JAAQPP010000013.1,138376,139417,1,Agrobacterium tumefaciens,Bacteria; Pseudomonadati; Pseudomonadota; Alphaproteobacteria; Hyphomicrobiales; Rhizobiaceae; Rhizobium/Agrobacterium group; Agrobacterium; Agrobacterium tumefaciens complex,0,1_106_TsaM#3,core,0.87,0,0,0,0,[alpha] > hypothetical > transporter > transporter > transporter > other
NZ_JAAHHC010000001.1:311261-312620:1,WP_008191526.1,F6K64_RS01340,,Rieske 2Fe-2S domain-containing protein,1_106_TsaM,1,126.0,0.4899,1.2e-36,NZ_JAAHHC010000001.1,311261,312620,1,Moorena sp. SIO3A2,Bacteria; Bacillati; Cyanobacteriota; Cyanophyceae; Oscillatoriophycideae; Oscillatoriales; Oscillatoriaceae; Moorena,0,1_106_TsaM#17,novel_candidate,0.3005,0,0,0,0,hypothetical > [alpha]
NZ_JAANNT010000001.1:287680-288736:-1,WP_047466579.1,G6W59_RS01195,,aromatic ring-hydroxylating dioxygenase subunit alpha,1_106_TsaM,1,96.3,0.4899,1.3e-27,NZ_JAANNT010000001.1,287680,288736,-1,Streptomyces odorifer,Bacteria; Bacillati; Actinomycetota; Actinomycetes; Kitasatosporales; Streptomycetaceae; Streptomyces; Streptomyces albidoflavus group,0,1_106_TsaM#85,novel_candidate,0.3299,1,0,0,1,dehydrogenase > other > dehydrogenase > hydrolase > other > reductase > reductase > other > reductase > transposon > [alpha] > other
NZ_JAAXPI010000067.1:29135-30155:-1,WP_067637184.1,HGB48_RS30290,,aromatic ring-hydroxylating dioxygenase subunit alpha,1_106_TsaM,1,241.8,0.9683,7.4e-72,NZ_JAAXPI010000067.1,29135,30155,-1,Actinomadura latina,Bacteria; Bacillati; Actinomycetota; Actinomycetes; Streptosporangiales; Thermomonosporaceae; Actinomadura,0,1_106_TsaM#1,core,0.6309,0,0,0,0,transporter > transporter > transporter > transporter > transporter > other > regulator > [alpha] > hypothetical
NZ_JABBFZ010000005.1:9912-11157:-1,WP_169497634.1,HHL14_RS10980,,aromatic ring-hydroxylating dioxygenase subunit alpha,1_106_TsaM,1,109.6,0.487,1.2e-31,NZ_JABBFZ010000005.1,9912,11157,-1,Paraburkholderia antibiotica,Bacteria; Pseudomonadati; Pseudomonadota; Betaproteobacteria; Burkholderiales; Burkholderiaceae; Paraburkholderia,0,1_106_TsaM#0,core,0.8537,0,0,0,0,[alpha]
NZ_JABBGJ010000015.1:95910-97152:1,WP_169486366.1,HHL24_RS15665,,aromatic ring-hydroxylating dioxygenase subunit alpha,1_106_TsaM,1,108.9,0.487,1.9e-31,NZ_JABBGJ010000015.1,95910,97152,1,Paraburkholderia polaris,Bacteria; Pseudomonadati; Pseudomonadota; Betaproteobacteria; Burkholderiales; Burkholderiaceae; Paraburkholderia,0,1_106_TsaM#0,core,0.7883,0,0,0,0,[alpha]
NZ_JABELY010000002.1:117068-118076:-1,WP_007323682.1,HLA97_RS02000,,aromatic ring-hydroxylating dioxygenase subunit alpha,1_106_TsaM,1,138.0,0.4784,2.7e-40,NZ_JABELY010000002.1,117068,118076,-1,Gordonia araii NBRC 100433,Bacteria; Bacillati; Actinomycetota; Actinomycetes; Mycobacteriales; Gordoniaceae; Gordonia,0,1_106_TsaM#24,novel_candidate,0.2958,0,0,0,0,reductase > [alpha]
NZ_JABFNQ010000012.1:24199-25381:1,WP_020478068.1,HK404_RS08805,,aromatic ring-hydroxylating dioxygenase subunit alpha,1_106_TsaM,1,91.6,0.5418,3.6e-26,NZ_JABFNQ010000012.1,24199,25381,1,Myxococcus xanthus,Bacteria; Pseudomonadati; Myxococcota; Myxococcia; Myxococcales; Cystobacterineae; Myxococcaceae; Myxococcus,0,1_106_TsaM#25,novel_candidate,0.3257,0,0,0,0,other > hypothetical > other > [alpha]
NZ_JABFMR010000001.1:335067-336156:1,WP_175361414.1,HNO91_RS01490,,aromatic ring-hydroxylating dioxygenase subunit alpha,1_106_TsaM,1,248.5,0.9914,6.7e-74,NZ_JABFMR010000001.1,335067,336156,1,Pseudomonas corrugata,Bacteria; Pseudomonadati; Pseudomonadota; Gammaproteobacteria; Pseudomonadales; Pseudomonadaceae; Pseudomonas,0,1_106_TsaM#52,novel_candidate,0.3417,0,0,0,0,other > other > dehydrogenase > hydrolase > other > ring_cleavage > dehydrogenase > other > transporter > transporter > reductase > [alpha] > other
NZ_JABQ01000005.1:131950-133012:-1,WP_037948380.1,Z951_RS05070,,aromatic ring-hydroxylating dioxygenase subunit alpha,1_106_TsaM,1,240.0,0.9798,2.6e-71,NZ_JABQ01000005.1,131950,133012,-1,Streptomyces sp. PRh5,Bacteria; Bacillati; Actinomycetota; Actinomycetes; Kitasatosporales; Streptomycetaceae; Streptomyces,0,1_106_TsaM#1,core,0.7905,0,0,0,0,hypothetical > hypothetical > [alpha] > hypothetical > reductase
NZ_JABVZO010000015.1:26472-27483:1,WP_015031319.1,L1F27_RS02935,,aromatic ring-hydroxylating dioxygenase subunit alpha,1_106_TsaM,1,78.4,0.4697,3.7e-22,NZ_JABVZO010000015.1,26472,27483,1,Streptomyces venezuelae ATCC 10712,Bacteria; Bacillati; Actinomycetota; Actinomycetes; Kitasatosporales; Streptomycetaceae; Streptomyces,0,1_106_TsaM#40,novel_candidate,0.3617,1,0,0,1,other > reductase > transposon > [alpha]
NZ_JACGCZ010000007.1:122097-123171:1,WP_019486332.1,H4B97_RS06115,,aromatic ring-hydroxylating dioxygenase subunit alpha,1_106_TsaM,1,276.1,0.9625,2.8e-82,NZ_JACGCZ010000007.1,122097,123171,1,Pseudomonas juntendi,Bacteria; Pseudomonadati; Pseudomonadota; Gammaproteobacteria; Pseudomonadales; Pseudomonadaceae; Pseudomonas,0,1_106_TsaM#5,core,0.8759,0,0,0,0,reductase > [alpha] > other > other > dehydrogenase > dehydrogenase > other
NZ_JACHDK010000010.1:132772-133837:1,WP_260328111.1,HDG39_RS20665,,aromatic ring-hydroxylating dioxygenase subunit alpha,1_106_TsaM,1,232.5,0.9798,5e-69,NZ_JACHDK010000010.1,132772,133837,1,Paraburkholderia sp. WSM4180,Bacteria; Pseudomonadati; Pseudomonadota; Betaproteobacteria; Burkholderiales; Burkholderiaceae; Paraburkholderia,0,1_106_TsaM#73,novel_candidate,0.3142,0,0,0,0,[alpha] > reductase > transporter > other > hypothetical > hypothetical > hypothetical > hypothetical
NZ_JACHZU010000003.1:25810-26884:1,WP_022676241.1,FHT53_RS08055,,aromatic ring-hydroxylating dioxygenase subunit alpha,1_106_TsaM,1,214.2,0.9914,1.8e-63,NZ_JACHZU010000003.1,25810,26884,1,Novosphingobium sp. BK369,Bacteria; Pseudomonadati; Pseudomonadota; Alphaproteobacteria; Sphingomonadales; Sphingomonadaceae; Novosphingobium,0,1_106_TsaM#18,divergent,0.4237,1,0,0,1,other > [alpha] > reductase > alpha_other
NZ_JACHZU010000014.1:52620-53661:-1,WP_022677462.1,FHT53_RS20380,,aromatic ring-hydroxylating dioxygenase subunit alpha,1_106_TsaM,1,263.3,0.9885,2.2e-78,NZ_JACHZU010000014.1,52620,53661,-1,Novosphingobium sp. BK369,Bacteria; Pseudomonadati; Pseudomonadota; Alphaproteobacteria; Sphingomonadales; Sphingomonadaceae; Novosphingobium,0,1_106_TsaM#23,novel_candidate,0.3291,0,0,0,0,[alpha]
NZ_JACIEU010000013.1:68553-69621:1,WP_188083114.1,GGQ90_RS16195,,aromatic ring-hydroxylating dioxygenase subunit alpha,1_106_TsaM,1,299.9,0.9914,1.6e-89,NZ_JACIEU010000013.1,68553,69621,1,Sphingobium scionense,Bacteria; Pseudomonadati; Pseudomonadota; Alphaproteobacteria; Sphingomonadales; Sphingomonadaceae; Sphingobium,0,1_106_TsaM#81,divergent,0.456,0,0,0,0,hypothetical > [alpha]
NZ_JACJEO010000017.1:89308-90361:-1,WP_058429815.1,H5116_RS13545,,aromatic ring-hydroxylating dioxygenase subunit alpha,1_106_TsaM,1,269.6,0.9654,2.5e-80,NZ_JACJEO010000017.1,89308,90361,-1,Pseudoalteromonas sp. SG45-2,Bacteria; Pseudomonadati; Pseudomonadota; Gammaproteobacteria; Alteromonadales; Pseudoalteromonadaceae; Pseudoalteromonas,0,1_106_TsaM#65,core,0.5745,0,0,0,0,reductase > [alpha]
NZ_JACJUU010000002.1:200674-201712:1,WP_185778811.1,GTU67_RS03625,,aromatic ring-hydroxylating dioxygenase subunit alpha,1_106_TsaM,1,295.5,0.9942,3.5e-88,NZ_JACJUU010000002.1,200674,201712,1,Pusillimonas minor,Bacteria; Pseudomonadati; Pseudomonadota; Betaproteobacteria; Burkholderiales; Alcaligenaceae; Pusillimonas,0,1_106_TsaM#54,novel_candidate,0.3738,0,0,0,0,dehydrogenase > [alpha] > dehydrogenase
NZ_JACJUU010000002.1:264341-265430:1,WP_185778854.1,GTU67_RS03910,,aromatic ring-hydroxylating dioxygenase subunit alpha,1_106_TsaM,1,215.8,0.8963,5.9e-64,NZ_JACJUU010000002.1,264341,265430,1,Pusillimonas minor,Bacteria; Pseudomonadati; Pseudomonadota; Betaproteobacteria; Burkholderiales; Alcaligenaceae; Pusillimonas,0,1_106_TsaM#19,novel_candidate,0.3312,1,0,0,1,reductase > [alpha] > other > ring_cleavage > alpha_other > reductase > dehydrogenase
NZ_JACJUU010000002.1:295339-296422:1,WP_185778883.1,GTU67_RS04060,,aromatic ring-hydroxylating dioxygenase subunit alpha,1_106_TsaM,1,335.5,0.9942,2.3e-100,NZ_JACJUU010000002.1,295339,296422,1,Pusillimonas minor,Bacteria; Pseudomonadati; Pseudomonadota; Betaproteobacteria; Burkholderiales; Alcaligenaceae; Pusillimonas,0,1_106_TsaM#51,novel_candidate,0.3925,0,0,0,0,[alpha] > other > hypothetical > other
NZ_JACJUU010000002.1:451452-452499:1,WP_093971045.1,GTU67_RS04835,,aromatic ring-hydroxylating dioxygenase subunit alpha,1_106_TsaM,1,264.5,0.9914,9.4e-79,NZ_JACJUU010000002.1,451452,452499,1,Pusillimonas minor,Bacteria; Pseudomonadati; Pseudomonadota; Betaproteobacteria; Burkholderiales; Alcaligenaceae; Pusillimonas,0,1_106_TsaM#28,novel_candidate,0.3808,0,0,0,0,[alpha] > other
NZ_JACIJL010000008.1:39456-40500:-1,WP_046905348.1,FHS61_RS14540,,aromatic ring-hydroxylating dioxygenase subunit alpha,1_106_TsaM,1,307.4,0.9914,8.3e-92,NZ_JACIJL010000008.1,39456,40500,-1,Croceibacterium atlanticum,Bacteria; Pseudomonadati; Pseudomonadota; Alphaproteobacteria; Sphingomonadales; Erythrobacteraceae; Croceibacterium,0,1_106_TsaM#10,core,0.8155,0,0,0,0,[alpha]
NZ_JACJTX010000001.1:548748-549753:1,WP_011378286.1,H6G84_RS02785,,aromatic ring-hydroxylating dioxygenase subunit alpha,1_106_TsaM,1,133.9,0.4899,4.8e-39,NZ_JACJTX010000001.1,548748,549753,1,Synechococcus elongatus PCC 7942 = FACHB-805,Bacteria; Bacillati; Cyanobacteriota; Cyanophyceae; Synechococcales; Synechococcaceae; Synechococcus,0,1_106_TsaM#132,novel_candidate,0.2564,0,0,0,0,hypothetical > [alpha] > alpha_other
NZ_JACJTX010000001.1:549756-550794:1,WP_011378285.1,H6G84_RS02790,,aromatic ring-hydroxylating dioxygenase subunit alpha,1_106_TsaM,1,149.3,0.7147,9.7e-44,NZ_JACJTX010000001.1,549756,550794,1,Synechococcus elongatus PCC 7942 = FACHB-805,Bacteria; Bacillati; Cyanobacteriota; Cyanophyceae; Synechococcales; Synechococcaceae; Synechococcus,0,1_106_TsaM#131,novel_candidate,0.2957,0,0,0,0,hypothetical > alpha_other > [alpha]
NZ_JAFKHN010000006.1:137279-138320:-1,WP_070399377.1,J0I38_RS06565,,aromatic ring-hydroxylating dioxygenase subunit alpha,1_106_TsaM,1,741.5,0.9942,8.5e-224,NZ_JAFKHN010000006.1,137279,138320,-1,Hydrogenophaga sp.,Bacteria; Pseudomonadati; Pseudomonadota; Betaproteobacteria; Burkholderiales; Comamonadaceae; Hydrogenophaga,0,1_106_TsaM#83,divergent,0.4103,0,0,0,0,transporter > transporter > transporter > [alpha] > reductase > reductase > dehydrogenase > transporter > other
NZ_JAGPYG010000022.1:149955-151143:-1,WP_011030519.1,KBZ75_RS32005,,aromatic ring-hydroxylating dioxygenase subunit alpha,1_106_TsaM,1,84.2,0.4669,6.2e-24,NZ_JAGPYG010000022.1,149955,151143,-1,Streptomyces sp. RK76,Bacteria; Bacillati; Actinomycetota; Actinomycetes; Kitasatosporales; Streptomycetaceae; Streptomyces,0,1_106_TsaM#37,novel_candidate,0.243,0,0,0,0,other > reductase > hydrolase > other > other > [alpha] > hypothetical
NZ_JAGPYH010000007.1:20966-22040:-1,WP_076977330.1,KBZ94_RS09460,,aromatic ring-hydroxylating dioxygenase subunit alpha,1_106_TsaM,1,226.9,0.9769,2.5e-67,NZ_JAGPYH010000007.1,20966,22040,-1,Streptomyces sp. RM72,Bacteria; Bacillati; Actinomycetota; Actinomycetes; Kitasatosporales; Streptomycetaceae; Streptomyces,0,1_106_TsaM#1,core,0.8885,0,0,0,0,[alpha] > hypothetical > reductase > transporter > transporter > transporter > transporter
NZ_JAJFOB010000004.1:423334-424447:1,WP_035976029.1,LK469_RS27400,,aromatic ring-hydroxylating dioxygenase subunit alpha,1_106_TsaM,1,104.8,0.4755,3.4e-30,NZ_JAJFOB010000004.1,423334,424447,1,Burkholderia dolosa,Bacteria; Pseudomonadati; Pseudomonadota; Betaproteobacteria; Burkholderiales; Burkholderiaceae; Burkholderia; Burkholderia cepacia complex,0,1_106_TsaM#0,core,0.8802,0,0,0,0,[alpha]
NZ_JAIMCU010000003.1:373963-375031:1,WP_021193936.1,K6V18_RS13575,,aromatic ring-hydroxylating dioxygenase subunit alpha,1_106_TsaM,1,110.9,0.487,4.8e-32,NZ_JAIMCU010000003.1,373963,375031,1,Ralstonia insidiosa,Bacteria; Pseudomonadati; Pseudomonadota; Betaproteobacteria; Burkholderiales; Burkholderiaceae; Ralstonia,0,1_106_TsaM#12,novel_candidate,0.2757,0,0,0,0,transposon > [alpha] > reductase > other > hydrolase > regulator > reductase > other > dehydrogenase > dehydrogenase > transporter > other
NZ_JAIZSP010000004.1:66110-67169:-1,WP_059238993.1,LGN46_RS11300,,aromatic ring-hydroxylating dioxygenase subunit alpha,1_106_TsaM,1,274.7,0.9683,7.4e-82,NZ_JAIZSP010000004.1,66110,67169,-1,Burkholderia arboris,Bacteria; Pseudomonadati; Pseudomonadota; Betaproteobacteria; Burkholderiales; Burkholderiaceae; Burkholderia; Burkholderia cepacia complex,0,1_106_TsaM#4,core,0.9689,1,0,0,1,alpha_other > reductase > [alpha]
NZ_JAIZSP010000018.1:144323-145439:1,WP_059241032.1,LGN46_RS34035,,aromatic ring-hydroxylating dioxygenase subunit alpha,1_106_TsaM,1,98.4,0.4755,3e-28,NZ_JAIZSP010000018.1,144323,145439,1,Burkholderia arboris,Bacteria; Pseudomonadati; Pseudomonadota; Betaproteobacteria; Burkholderiales; Burkholderiaceae; Burkholderia; Burkholderia cepacia complex,0,1_106_TsaM#0,core,0.9223,0,0,0,0,[alpha]
NZ_JAIZSX010000021.1:27555-28614:1,WP_226254196.1,LGN30_RS32425,,aromatic ring-hydroxylating dioxygenase subunit alpha,1_106_TsaM,1,274.0,0.9683,1.2e-81,NZ_JAIZSX010000021.1,27555,28614,1,Burkholderia seminalis,Bacteria; Pseudomonadati; Pseudomonadota; Betaproteobacteria; Burkholderiales; Burkholderiaceae; Burkholderia; Burkholderia cepacia complex,0,1_106_TsaM#4,core,0.9231,1,0,0,1,alpha_other > reductase > [alpha]
NZ_JAKRTA010000059.1:19487-20573:1,WP_015821070.1,MIN69_RS12490,,aromatic ring-hydroxylating dioxygenase subunit alpha,1_106_TsaM,1,68.2,0.4669,4.7e-19,NZ_JAKRTA010000059.1,19487,20573,1,Methylorubrum extorquens,Bacteria; Pseudomonadati; Pseudomonadota; Alphaproteobacteria; Hyphomicrobiales; Methylobacteriaceae; Methylorubrum,0,1_106_TsaM#72,novel_candidate,0.2353,0,0,0,0,[alpha] > hydrolase
NZ_JALN02000002.1:366630-367653:1,WP_036348658.1,Y900_RS28025,,aromatic ring-hydroxylating dioxygenase subunit alpha,1_106_TsaM,1,223.9,0.9798,2.1e-66,NZ_JALN02000002.1,366630,367653,1,Mycolicibacterium aromaticivorans JS19b1 = JCM 16368,Bacteria; Bacillati; Actinomycetota; Actinomycetes; Mycobacteriales; Mycobacteriaceae; Mycolicibacterium,0,1_106_TsaM#130,novel_candidate,0.3794,0,0,0,0,ferredoxin > [alpha] > reductase > dehydrogenase > other
NZ_JAME01000005.1:159200-160268:-1,WP_043767322.1,RISW2_RS04835,,aromatic ring-hydroxylating dioxygenase subunit alpha,1_106_TsaM,1,252.6,0.9885,3.9e-75,NZ_JAME01000005.1,159200,160268,-1,Roseivivax isoporae LMG 25204,Bacteria; Pseudomonadati; Pseudomonadota; Alphaproteobacteria; Rhodobacterales; Roseobacteraceae; Roseivivax,0,1_106_TsaM#7,divergent,0.4105,0,0,0,0,[alpha] > transporter
NZ_JAMKDT010000054.1:16810-17875:1,WP_070094318.1,M9Y57_RS25615,,aromatic ring-hydroxylating dioxygenase subunit alpha,1_106_TsaM,1,274.1,0.9914,1.1e-81,NZ_JAMKDT010000054.1,16810,17875,1,Pseudomonas putida,Bacteria; Pseudomonadati; Pseudomonadota; Gammaproteobacteria; Pseudomonadales; Pseudomonadaceae; Pseudomonas,0,1_106_TsaM#154,core,0.6957,1,0,0,1,[alpha] > reductase > transporter > transporter > transporter > transporter > other > hypothetical
NZ_JAMOIA010000008.1:141757-142837:1,WP_025240535.1,NAV34_RS16130,,aromatic ring-hydroxylating dioxygenase subunit alpha,1_106_TsaM,1,254.8,0.9597,8.6e-76,NZ_JAMOIA010000008.1,141757,142837,1,Stutzerimonas stutzeri,Bacteria; Pseudomonadati; Pseudomonadota; Gammaproteobacteria; Pseudomonadales; Pseudomonadaceae; Stutzerimonas,0,1_106_TsaM#5,core,0.7465,0,0,0,0,hydrolase > other > hydrolase > other > other > other > reductase > [alpha] > dehydrogenase
NZ_JAMOLM010000014.1:65203-66232:-1,WP_064728031.1,M4J08_RS06545,,aromatic ring-hydroxylating dioxygenase subunit alpha,1_106_TsaM,1,76.3,0.4726,1.6e-21,NZ_JAMOLM010000014.1,65203,66232,-1,Streptomyces parvulus,Bacteria; Bacillati; Actinomycetota; Actinomycetes; Kitasatosporales; Streptomycetaceae; Streptomyces,0,1_106_TsaM#40,novel_candidate,0.3316,1,0,0,1,reductase > other > reductase > transposon > [alpha]
NZ_JAMQOK010000002.1:225003-226068:1,WP_015216803.1,MMC39_RS01380,,aromatic ring-hydroxylating dioxygenase subunit alpha,1_106_TsaM,1,102.1,0.5879,2.3e-29,NZ_JAMQOK010000002.1,225003,226068,1,Anabaena sp. PCC 7938,Bacteria; Bacillati; Cyanobacteriota; Cyanophyceae; Nostocales; Nostocaceae; Anabaena,0,1_106_TsaM#50,novel_candidate,0.2559,0,0,0,0,[alpha]
NZ_JANIAM010000057.1:9313-10387:1,WP_009682426.1,NP554_RS29785,,aromatic ring-hydroxylating dioxygenase subunit alpha,1_106_TsaM,1,264.4,0.9885,9.8e-79,NZ_JANIAM010000057.1,9313,10387,1,Pseudomonas asiatica,Bacteria; Pseudomonadati; Pseudomonadota; Gammaproteobacteria; Pseudomonadales; Pseudomonadaceae; Pseudomonas,0,1_106_TsaM#63,core,0.742,1,0,0,1,[alpha] > reductase
NZ_JANX01000290.1:3724-4765:1,WP_034842722.1,P409_RS20430,,aromatic ring-hydroxylating dioxygenase subunit alpha,1_106_TsaM,1,266.2,0.9914,2.9e-79,NZ_JANX01000290.1,3724,4765,1,Inquilinus limosus MP06,Bacteria; Pseudomonadati; Pseudomonadota; Alphaproteobacteria; Rhodospirillales; Rhodospirillaceae; Inquilinus,0,1_106_TsaM#3,core,0.7675,0,0,0,0,[alpha]
NZ_JAMZAF010000002.1:236116-237244:-1,WP_050818336.1,NKW48_RS05080,,aromatic ring-hydroxylating dioxygenase subunit alpha,1_106_TsaM,1,107.7,0.4813,4.3e-31,NZ_JAMZAF010000002.1,236116,237244,-1,Acetobacter oryzoeni,Bacteria; Pseudomonadati; Pseudomonadota; Alphaproteobacteria; Acetobacterales; Acetobacteraceae; Acetobacter,0,1_106_TsaM#2,core,0.9823,0,0,0,0,[alpha]
NZ_JAPWIS010000004.1:383315-384347:-1,WP_007298268.1,O4328_RS10740,,aromatic ring-hydroxylating dioxygenase subunit alpha,1_106_TsaM,1,76.0,0.487,2e-21,NZ_JAPWIS010000004.1,383315,384347,-1,Rhodococcus opacus,Bacteria; Bacillati; Actinomycetota; Actinomycetes; Mycobacteriales; Nocardiaceae; Rhodococcus,0,1_106_TsaM#20,novel_candidate,0.3297,0,0,0,0,other > hydrolase > other > reductase > reductase > other > reductase > hydrolase > hydrolase > reductase > transposon > [alpha] > regulator
NZ_JARAXU010000003.1:7064-8252:1,WP_011030519.1,PV387_RS00795,,aromatic ring-hydroxylating dioxygenase subunit alpha,1_106_TsaM,1,84.2,0.4669,6.2e-24,NZ_JARAXU010000003.1,7064,8252,1,Streptomyces sp. ME02-6987-2C,Bacteria; Bacillati; Actinomycetota; Actinomycetes; Kitasatosporales; Streptomycetaceae; Streptomyces,0,1_106_TsaM#37,novel_candidate,0.243,0,0,0,0,other > reductase > hydrolase > other > other > [alpha] > hypothetical
NZ_JARAXU010000108.1:7996-9076:-1,WP_011031099.1,PV387_RS20300,,aromatic ring-hydroxylating dioxygenase subunit alpha,1_106_TsaM,1,226.6,0.9798,3.1e-67,NZ_JARAXU010000108.1,7996,9076,-1,Streptomyces sp. ME02-6987-2C,Bacteria; Bacillati; Actinomycetota; Actinomycetes; Kitasatosporales; Streptomycetaceae; Streptomyces,0,1_106_TsaM#1,core,0.8484,1,0,0,1,[alpha] > hypothetical > reductase > other
NZ_JAQOTI010000001.1:503621-504650:-1,WP_272205950.1,PO605_RS02355,,aromatic ring-hydroxylating dioxygenase subunit alpha,1_106_TsaM,1,252.0,0.9741,5.8e-75,NZ_JAQOTI010000001.1,503621,504650,-1,Delftia sp. DT-2,Bacteria; Pseudomonadati; Pseudomonadota; Betaproteobacteria; Burkholderiales; Comamonadaceae; Delftia,0,1_106_TsaM#55,novel_candidate,0.3781,2,0,1,1,transporter > [alpha] > other > reductase > ferredoxin
NZ_JAQOTI010000002.1:48999-50088:-1,WP_272206035.1,PO605_RS02765,,aromatic ring-hydroxylating dioxygenase subunit alpha,1_106_TsaM,1,273.4,0.9741,1.9e-81,NZ_JAQOTI010000002.1,48999,50088,-1,Delftia sp. DT-2,Bacteria; Pseudomonadati; Pseudomonadota; Betaproteobacteria; Burkholderiales; Comamonadaceae; Delftia,0,1_106_TsaM#11,core,0.8776,1,0,0,1,transporter > [alpha] > reductase > dehydrogenase
NZ_JAPKHY010000001.1:877568-878807:-1,WP_093634271.1,OSB78_RS04005,,aromatic ring-hydroxylating dioxygenase subunit alpha,1_106_TsaM,1,109.7,0.487,1.1e-31,NZ_JAPKHY010000001.1,877568,878807,-1,Paraburkholderia aspalathi,Bacteria; Pseudomonadati; Pseudomonadota; Betaproteobacteria; Burkholderiales; Burkholderiaceae; Paraburkholderia,0,1_106_TsaM#0,core,0.8357,0,0,0,0,[alpha]
NZ_JAUYZV010000032.1:94683-95808:-1,WP_042304503.1,Q8F57_RS23575,,aromatic ring-hydroxylating dioxygenase subunit alpha,1_106_TsaM,1,103.7,0.4899,7.2e-30,NZ_JAUYZV010000032.1,94683,95808,-1,Paraburkholderia terrae,Bacteria; Pseudomonadati; Pseudomonadota; Betaproteobacteria; Burkholderiales; Burkholderiaceae; Paraburkholderia,0,1_106_TsaM#2,core,0.8523,0,0,0,0,[alpha]
NZ_JAVDRO010000006.1:413555-414764:-1,WP_310109910.1,J2803_RS21665,,aromatic ring-hydroxylating dioxygenase subunit alpha,1_106_TsaM,1,106.9,0.487,7.9e-31,NZ_JAVDRO010000006.1,413555,414764,-1,Paraburkholderia phenoliruptrix,Bacteria; Pseudomonadati; Pseudomonadota; Betaproteobacteria; Burkholderiales; Burkholderiaceae; Paraburkholderia,0,1_106_TsaM#0,core,0.8667,0,0,0,0,[alpha]
NZ_JAVDRI010000002.1:347806-348859:-1,WP_310129070.1,J2797_RS04715,,aromatic ring-hydroxylating dioxygenase subunit alpha,1_106_TsaM,1,461.7,0.9914,1e-138,NZ_JAVDRI010000002.1,347806,348859,-1,Paraburkholderia terricola,Bacteria; Pseudomonadati; Pseudomonadota; Betaproteobacteria; Burkholderiales; Burkholderiaceae; Paraburkholderia,0,1_106_TsaM#15,novel_candidate,0.3875,0,0,0,0,[alpha] > reductase > transporter
NZ_JAVRKX010000081.1:144-1128:1,WP_064012278.1,RTH78_RS07640,,aromatic ring-hydroxylating dioxygenase subunit alpha,1_106_TsaM,1,93.1,0.4899,1.2e-26,NZ_JAVRKX010000081.1,144,1128,1,Fervidobacterium pennivorans,Bacteria; Thermotogati; Thermotogota; Thermotogae; Thermotogales; Fervidobacteriaceae; Fervidobacterium,0,1_106_TsaM#74,novel_candidate,0.2576,1,0,0,1,[alpha] > other > reductase > reductase > other
NZ_JAWLJY010000015.1:28827-29922:1,WP_040270992.1,R3Q24_RS19230,,Rieske 2Fe-2S domain-containing protein,1_106_TsaM,1,79.9,0.4899,1.2e-22,NZ_JAWLJY010000015.1,28827,29922,1,Rhodococcus ruber,Bacteria; Bacillati; Actinomycetota; Actinomycetes; Mycobacteriales; Nocardiaceae; Rhodococcus,0,1_106_TsaM#13,novel_candidate,0.2849,0,0,0,0,dehydrogenase > other > other > reductase > other > hydrolase > reductase > reductase > other > hydrolase > transposon > [alpha] > hypothetical > other > transporter
NZ_JAWLKG010000011.1:61487-62585:1,WP_029546492.1,R3Q02_RS22540,,Rieske 2Fe-2S domain-containing protein,1_106_TsaM,1,78.8,0.4899,2.8e-22,NZ_JAWLKG010000011.1,61487,62585,1,Rhodococcus aetherivorans,Bacteria; Bacillati; Actinomycetota; Actinomycetes; Mycobacteriales; Nocardiaceae; Rhodococcus,0,1_106_TsaM#13,novel_candidate,0.2833,0,0,0,0,dehydrogenase > other > other > reductase > other > hydrolase > reductase > reductase > other > hypothetical > transposon > [alpha] > hypothetical > other > transporter
NZ_JAWLVV010000042.1:48276-49284:1,WP_061263224.1,R4485_RS30895,,Rieske 2Fe-2S domain-containing protein,1_106_TsaM,1,49.6,0.464,2e-13,NZ_JAWLVV010000042.1,48276,49284,1,Mycolicibacterium fortuitum,Bacteria; Bacillati; Actinomycetota; Actinomycetes; Mycobacteriales; Mycobacteriaceae; Mycolicibacterium,0,1_106_TsaM#58,novel_candidate,0.2122,0,0,0,0,[alpha]
NZ_JAXKSO010000015.1:105575-106643:1,WP_024979224.1,SPJ20_RS23485,,aromatic ring-hydroxylating dioxygenase subunit alpha,1_106_TsaM,1,110.1,0.487,8.1e-32,NZ_JAXKSO010000015.1,105575,106643,1,Ralstonia wenshanensis,Bacteria; Pseudomonadati; Pseudomonadota; Betaproteobacteria; Burkholderiales; Burkholderiaceae; Ralstonia,0,1_106_TsaM#12,novel_candidate,0.2763,1,0,0,1,transposon > [alpha] > reductase > other > hydrolase > regulator > reductase > other > dehydrogenase > dehydrogenase > other > reductase
NZ_JBAKHY010000015.1:46557-47601:-1,WP_053655911.1,V6W11_RS27085,,aromatic ring-hydroxylating dioxygenase subunit alpha,1_106_TsaM,1,253.2,0.9741,2.5e-75,NZ_JBAKHY010000015.1,46557,47601,-1,Micromonospora profundi,Bacteria; Bacillati; Actinomycetota; Actinomycetes; Micromonosporales; Micromonosporaceae; Micromonospora,0,1_106_TsaM#1,core,0.7492,0,0,0,0,other > [alpha] > hypothetical > reductase > regulator > reductase > hydrolase > other > other
NZ_JBDJLG010000007.1:140233-141298:1,WP_125470383.1,ABE474_RS17470,,aromatic ring-hydroxylating dioxygenase subunit alpha,1_106_TsaM,1,472.4,0.9914,5.7e-142,NZ_JBDJLG010000007.1,140233,141298,1,Achromobacter aegrifaciens,Bacteria; Pseudomonadati; Pseudomonadota; Betaproteobacteria; Burkholderiales; Alcaligenaceae; Achromobacter,0,1_106_TsaM#15,novel_candidate,0.3931,1,0,0,1,transporter > [alpha] > reductase
NZ_JBDLAI010000015.1:117420-118659:1,WP_083081925.1,ABFP44_RS19185,,aromatic ring-hydroxylating dioxygenase subunit alpha,1_106_TsaM,1,106.9,0.487,8e-31,NZ_JBDLAI010000015.1,117420,118659,1,Paraburkholderia terricola,Bacteria; Pseudomonadati; Pseudomonadota; Betaproteobacteria; Burkholderiales; Burkholderiaceae; Paraburkholderia,0,1_106_TsaM#0,core,0.8878,0,0,0,0,[alpha]
NZ_JBEBOD010000051.1:6124-7204:1,WP_043375228.1,ABWQ02_RS23040,,Rieske 2Fe-2S domain-containing protein,1_106_TsaM,1,277.6,0.9798,9.7e-83,NZ_JBEBOD010000051.1,6124,7204,1,Comamonas testosteroni,Bacteria; Pseudomonadati; Pseudomonadota; Betaproteobacteria; Burkholderiales; Comamonadaceae; Comamonas,0,1_106_TsaM#11,core,0.993,1,0,0,1,transporter > [alpha] > reductase > dehydrogenase
NZ_JEMU01000006.1:181219-182260:1,WP_037907443.1,PM02_RS08630,,aromatic ring-hydroxylating dioxygenase subunit alpha,1_106_TsaM,1,279.5,0.9914,2.6e-83,NZ_JEMU01000006.1,181219,182260,1,Sulfitobacter mediterraneus,Bacteria; Pseudomonadati; Pseudomonadota; Alphaproteobacteria; Rhodobacterales; Roseobacteraceae; Sulfitobacter,0,1_106_TsaM#9,core,0.8829,0,0,0,0,[alpha]
NZ_JEMV01000001.1:260012-261056:-1,WP_043148825.1,BF95_RS01110,,aromatic ring-hydroxylating dioxygenase subunit alpha,1_106_TsaM,1,299.7,0.9885,1.9e-89,NZ_JEMV01000001.1,260012,261056,-1,Sphingobium sp. Ant17,Bacteria; Pseudomonadati; Pseudomonadota; Alphaproteobacteria; Sphingomonadales; Sphingomonadaceae; Sphingobium,0,1_106_TsaM#10,core,0.9712,0,0,0,0,other > other > reductase > [alpha] > regulator
NZ_JFHC01000006.1:19202-20372:1,WP_035930271.1,BG61_RS06275,,aromatic ring-hydroxylating dioxygenase subunit alpha,1_106_TsaM,1,107.1,0.4899,6.9e-31,NZ_JFHC01000006.1,19202,20372,1,Caballeronia glathei,Bacteria; Pseudomonadati; Pseudomonadota; Betaproteobacteria; Burkholderiales; Burkholderiaceae; Caballeronia,0,1_106_TsaM#0,core,0.8683,0,0,0,0,[alpha] > hypothetical
NZ_JFHR01000017.1:84384-85425:-1,WP_037450538.1,BV95_RS09435,,aromatic ring-hydroxylating dioxygenase subunit alpha,1_106_TsaM,1,264.4,0.9885,1e-78,NZ_JFHR01000017.1,84384,85425,-1,Sphingobium chlorophenolicum,Bacteria; Pseudomonadati; Pseudomonadota; Alphaproteobacteria; Sphingomonadales; Sphingomonadaceae; Sphingobium,0,1_106_TsaM#23,novel_candidate,0.3281,0,0,0,0,[alpha]
NZ_JFHE01000014.1:53273-54434:1,WP_035966188.1,BG57_RS16255,,aromatic ring-hydroxylating dioxygenase subunit alpha,1_106_TsaM,1,108.1,0.4813,3.4e-31,NZ_JFHE01000014.1,53273,54434,1,Caballeronia grimmiae,Bacteria; Pseudomonadati; Pseudomonadota; Betaproteobacteria; Burkholderiales; Burkholderiaceae; Caballeronia,0,1_106_TsaM#0,core,0.8701,0,0,0,0,hypothetical > [alpha] > hypothetical
NZ_JFJV02000075.1:54761-55850:1,WP_035862778.1,CF70_RS07900,,aromatic ring-hydroxylating dioxygenase subunit alpha,1_106_TsaM,1,105.6,0.487,1.9e-30,NZ_JFJV02000075.1,54761,55850,1,Cupriavidus sp. SK-3,Bacteria; Pseudomonadati; Pseudomonadota; Betaproteobacteria; Burkholderiales; Burkholderiaceae; Cupriavidus,0,1_106_TsaM#0,core,0.8807,0,0,0,0,[alpha]
NZ_JFHD01000030.1:64425-65583:1,WP_034473459.1,BG60_RS27560,,aromatic ring-hydroxylating dioxygenase subunit alpha,1_106_TsaM,1,108.6,0.4899,2.3e-31,NZ_JFHD01000030.1,64425,65583,1,Caballeronia zhejiangensis,Bacteria; Pseudomonadati; Pseudomonadota; Betaproteobacteria; Burkholderiales; Burkholderiaceae; Caballeronia,0,1_106_TsaM#0,core,0.875,0,0,0,0,regulator > [alpha] > hypothetical
NZ_JFJW01000147.1:31329-32439:-1,WP_035825941.1,CF68_RS29410,,aromatic ring-hydroxylating dioxygenase subunit alpha,1_106_TsaM,1,103.7,0.487,7.6e-30,NZ_JFJW01000147.1,31329,32439,-1,Cupriavidus sp. SK-4,Bacteria; Pseudomonadati; Pseudomonadota; Betaproteobacteria; Burkholderiales; Burkholderiaceae; Cupriavidus,0,1_106_TsaM#0,core,0.8406,0,0,0,0,[alpha]
NZ_JGVR01000071.1:893-1937:1,WP_037523177.1,CP98_RS25515,,aromatic ring-hydroxylating dioxygenase subunit alpha,1_106_TsaM,1,299.3,0.9885,2.5e-89,NZ_JGVR01000071.1,893,1937,1,Sphingobium yanoikuyae,Bacteria; Pseudomonadati; Pseudomonadota; Alphaproteobacteria; Sphingomonadales; Sphingomonadaceae; Sphingobium,0,1_106_TsaM#10,core,0.9323,0,0,0,0,reductase > [alpha] > regulator
NZ_JGVR01000002.1:11467-12511:1,WP_037516512.1,CP98_RS02280,,aromatic ring-hydroxylating dioxygenase subunit alpha,1_106_TsaM,1,295.7,0.9885,3.1e-88,NZ_JGVR01000002.1,11467,12511,1,Sphingobium yanoikuyae,Bacteria; Pseudomonadati; Pseudomonadota; Alphaproteobacteria; Sphingomonadales; Sphingomonadaceae; Sphingobium,0,1_106_TsaM#10,core,0.9357,0,0,0,0,hypothetical > other > reductase > [alpha] > regulator
NZ_JH930360.1:913-1936:-1,WP_045870147.1,FDUTEX481_RS14275,,aromatic ring-hydroxylating dioxygenase subunit alpha,1_106_TsaM,1,90.8,0.5187,6.3e-26,NZ_JH930360.1,913,1936,-1,Tolypothrix sp. PCC 7601,Bacteria; Bacillati; Cyanobacteriota; Cyanophyceae; Nostocales; Tolypothrichaceae; Tolypothrix,0,1_106_TsaM#59,novel_candidate,0.25,0,0,0,0,[alpha] > other
NZ_JH930360.1:449133-450501:-1,WP_045870427.1,FDUTEX481_RS15980,,Rieske 2Fe-2S domain-containing protein,1_106_TsaM,1,109.8,0.4928,1e-31,NZ_JH930360.1,449133,450501,-1,Tolypothrix sp. PCC 7601,Bacteria; Bacillati; Cyanobacteriota; Cyanophyceae; Nostocales; Tolypothrichaceae; Tolypothrix,0,1_106_TsaM#17,novel_candidate,0.3122,0,0,0,0,[alpha]
NZ_JJML01000003.1:126768-127758:1,WP_036530795.1,DO97_RS02180,,aromatic ring-hydroxylating dioxygenase subunit alpha,1_106_TsaM,1,135.8,0.7406,1.3e-39,NZ_JJML01000003.1,126768,127758,1,Neosynechococcus sphagnicola sy1,Bacteria; Bacillati; Cyanobacteriota; Cyanophyceae; Leptolyngbyales; Neosynechococcaceae; Neosynechococcus,0,1_106_TsaM#71,novel_candidate,0.2698,0,0,0,0,[alpha]
NZ_JJML01000003.1:127913-128978:1,WP_072016320.1,DO97_RS02185,,Rieske 2Fe-2S domain-containing protein,1_106_TsaM,1,139.8,0.4928,7.9e-41,NZ_JJML01000003.1,127913,128978,1,Neosynechococcus sphagnicola sy1,Bacteria; Bacillati; Cyanobacteriota; Cyanophyceae; Leptolyngbyales; Neosynechococcaceae; Neosynechococcus,0,1_106_TsaM#71,novel_candidate,0.2776,0,0,0,0,[alpha] > alpha_other
NZ_JMIR01000005.1:107693-108680:-1,WP_052036027.1,EL26_RS05455,,aromatic ring-hydroxylating dioxygenase subunit alpha,1_106_TsaM,1,132.0,0.6916,1.8e-38,NZ_JMIR01000005.1,107693,108680,-1,Tumebacillus flagellatus,Bacteria; Bacillati; Bacillota; Bacilli; Bacillales; Alicyclobacillaceae; Tumebacillus,0,1_106_TsaM#129,novel_candidate,0.2839,0,0,0,0,other > [alpha] > other
NZ_JMCB01000011.1:104456-105638:-1,WP_052420267.1,DB31_RS26895,,aromatic ring-hydroxylating dioxygenase subunit alpha,1_106_TsaM,1,82.7,0.5159,1.8e-23,NZ_JMCB01000011.1,104456,105638,-1,Hyalangium minutum,Bacteria; Pseudomonadati; Myxococcota; Myxococcia; Myxococcales; Cystobacterineae; Archangiaceae; Hyalangium,0,1_106_TsaM#25,novel_candidate,0.2613,0,0,0,0,other > hypothetical > other > [alpha]
NZ_JMQN01000040.1:80229-81273:1,WP_036188858.1,ADIMK_RS12955,,aromatic ring-hydroxylating dioxygenase subunit alpha,1_106_TsaM,1,274.9,0.9856,6.6e-82,NZ_JMQN01000040.1,80229,81273,1,Marinobacterium lacunae,Bacteria; Pseudomonadati; Pseudomonadota; Gammaproteobacteria; Oceanospirillales; Oceanospirillaceae; Marinobacterium,0,1_106_TsaM#53,novel_candidate,0.3095,0,0,0,0,[alpha]
NZ_JMQN01000040.1:117689-118763:-1,WP_197027536.1,ADIMK_RS13120,,aromatic ring-hydroxylating dioxygenase subunit alpha,1_106_TsaM,1,255.1,0.9914,6.8e-76,NZ_JMQN01000040.1,117689,118763,-1,Marinobacterium lacunae,Bacteria; Pseudomonadati; Pseudomonadota; Gammaproteobacteria; Oceanospirillales; Oceanospirillaceae; Marinobacterium,0,1_106_TsaM#52,novel_candidate,0.3529,0,0,0,0,transporter > transporter > other > [alpha] > reductase > other > other > other > dehydrogenase
NZ_JNAX01000015.1:394465-395800:-1,WP_036907343.1,EV03_RS08885,,Rieske 2Fe-2S domain-containing protein,1_106_TsaM,1,72.8,0.5101,1.8e-20,NZ_JNAX01000015.1,394465,395800,-1,Prochlorococcus marinus str. PAC1,Bacteria; Bacillati; Cyanobacteriota; Cyanophyceae; Synechococcales; Prochlorococcaceae; Prochlorococcus,0,1_106_TsaM#49,novel_candidate,0.1877,0,0,0,0,[alpha] > transporter
NZ_JNBA01000039.1:29286-30597:-1,WP_036915089.1,EV12_RS10435,,Rieske (2Fe-2S) protein,1_106_TsaM,1,62.7,0.4755,2.2e-17,NZ_JNBA01000039.1,29286,30597,-1,Prochlorococcus sp. MIT 0701,Bacteria; Bacillati; Cyanobacteriota; Cyanophyceae; Synechococcales; Prochlorococcaceae; Prochlorococcus,0,1_106_TsaM#49,novel_candidate,0.1743,0,0,0,0,[alpha] > other > hypothetical
NZ_JNYE01000015.1:21768-22866:-1,WP_051776946.1,OO57_RS08700,,aromatic ring-hydroxylating dioxygenase subunit alpha,1_106_TsaM,1,89.3,0.4697,1.8e-25,NZ_JNYE01000015.1,21768,22866,-1,Kitasatospora phosalacinea,Bacteria; Bacillati; Actinomycetota; Actinomycetes; Kitasatosporales; Streptomycetaceae; Kitasatospora,0,1_106_TsaM#8,core,0.8193,0,0,0,0,transporter > [alpha] > reductase > other > regulator
NZ_JNYE01000040.1:8297-9326:-1,WP_033253635.1,OO57_RS18475,,aromatic ring-hydroxylating dioxygenase subunit alpha,1_106_TsaM,1,212.7,0.9769,5.3e-63,NZ_JNYE01000040.1,8297,9326,-1,Kitasatospora phosalacinea,Bacteria; Bacillati; Actinomycetota; Actinomycetes; Kitasatosporales; Streptomycetaceae; Kitasatospora,0,1_106_TsaM#1,core,0.7638,0,0,0,0,regulator > [alpha] > hypothetical > reductase
NZ_JOMO01000005.1:100794-101898:1,WP_048840912.1,HK12_RS01610,,aromatic ring-hydroxylating dioxygenase subunit alpha,1_106_TsaM,1,115.4,0.4813,2e-33,NZ_JOMO01000005.1,100794,101898,1,Acetobacter orientalis,Bacteria; Pseudomonadati; Pseudomonadota; Alphaproteobacteria; Acetobacterales; Acetobacteraceae; Acetobacter,0,1_106_TsaM#2,core,0.9018,0,0,0,0,[alpha]
NZ_JOPC01000014.1:28942-30046:1,WP_025827145.1,HK19_RS03930,,aromatic ring-hydroxylating dioxygenase subunit alpha,1_106_TsaM,1,118.7,0.4755,2e-34,NZ_JOPC01000014.1,28942,30046,1,Acetobacter persici,Bacteria; Pseudomonadati; Pseudomonadota; Alphaproteobacteria; Acetobacterales; Acetobacteraceae; Acetobacter,0,1_106_TsaM#2,core,0.8692,0,0,0,0,[alpha]
NZ_JPMI01000260.1:22309-23497:-1,WP_052519087.1,Q664_RS35835,,aromatic ring-hydroxylating dioxygenase subunit alpha,1_106_TsaM,1,88.8,0.4784,2.4e-25,NZ_JPMI01000260.1,22309,23497,-1,Archangium violaceum Cb vi76,Bacteria; Pseudomonadati; Myxococcota; Myxococcia; Myxococcales; Cystobacterineae; Archangiaceae; Archangium,0,1_106_TsaM#25,novel_candidate,0.2817,0,0,0,0,other > hypothetical > other > [alpha] > other > transporter
NZ_JPYO01000046.1:87504-88572:-1,WP_043548377.1,JL37_RS27535,,aromatic ring-hydroxylating dioxygenase subunit alpha,1_106_TsaM,1,476.7,0.9942,2.8e-143,NZ_JPYO01000046.1,87504,88572,-1,Achromobacter sp. RTa,Bacteria; Pseudomonadati; Pseudomonadota; Betaproteobacteria; Burkholderiales; Alcaligenaceae; Achromobacter,0,1_106_TsaM#15,novel_candidate,0.3956,1,0,0,1,transporter > [alpha] > reductase
NZ_JQCV01000002.1:635409-636453:1,WP_035269676.1,JT27_RS06320,,aromatic ring-hydroxylating dioxygenase subunit alpha,1_106_TsaM,1,249.6,0.9942,3.2e-74,NZ_JQCV01000002.1,635409,636453,1,Alcaligenes faecalis,Bacteria; Pseudomonadati; Pseudomonadota; Betaproteobacteria; Burkholderiales; Alcaligenaceae; Alcaligenes,0,1_106_TsaM#88,core,0.6312,1,0,0,1,[alpha] > reductase
NZ_JRJG01000037.1:30509-31547:1,WP_035525628.1,LL06_RS09880,,aromatic ring-hydroxylating dioxygenase subunit alpha,1_106_TsaM,1,254.7,0.9885,8.9e-76,NZ_JRJG01000037.1,30509,31547,1,Hoeflea sp. BAL378,Bacteria; Pseudomonadati; Pseudomonadota; Alphaproteobacteria; Hyphomicrobiales; Rhizobiaceae; Hoeflea,0,1_106_TsaM#62,core,0.6,0,0,0,0,transporter > transporter > transporter > transporter > [alpha]
NZ_JRFO01000005.1:832097-833213:1,WP_042585894.1,KY49_RS17195,,aromatic ring-hydroxylating dioxygenase subunit alpha,1_106_TsaM,1,107.6,0.4755,4.9e-31,NZ_JRFO01000005.1,832097,833213,1,Burkholderia sp. MSHR3999,Bacteria; Pseudomonadati; Pseudomonadota; Betaproteobacteria; Burkholderiales; Burkholderiaceae; Burkholderia,0,1_106_TsaM#0,core,0.9067,0,0,0,0,[alpha]
NZ_JRVC01000009.1:63498-64545:1,WP_039334198.1,NJ75_RS10465,,aromatic ring-hydroxylating dioxygenase subunit alpha,1_106_TsaM,1,169.8,0.9741,6e-50,NZ_JRVC01000009.1,63498,64545,1,Novosphingobium subterraneum,Bacteria; Pseudomonadati; Pseudomonadota; Alphaproteobacteria; Sphingomonadales; Sphingomonadaceae; Novosphingobium,0,1_106_TsaM#35,novel_candidate,0.3365,0,0,0,0,[alpha]
NZ_JSEE01000001.1:128719-129793:1,WP_063331289.1,OA79_RS00565,,aromatic ring-hydroxylating dioxygenase subunit alpha,1_106_TsaM,1,197.4,0.9827,2.3e-58,NZ_JSEE01000001.1,128719,129793,1,Marinomonas sp. TW1,Bacteria; Pseudomonadati; Pseudomonadota; Gammaproteobacteria; Oceanospirillales; Oceanospirillaceae; Marinomonas,0,1_106_TsaM#48,novel_candidate,0.3031,0,0,0,0,[alpha]
NZ_JSEE01000001.1:132131-133208:1,WP_063331292.1,OA79_RS00580,,aromatic ring-hydroxylating dioxygenase subunit alpha,1_106_TsaM,1,187.5,0.9856,2.4e-55,NZ_JSEE01000001.1,132131,133208,1,Marinomonas sp. TW1,Bacteria; Pseudomonadati; Pseudomonadota; Gammaproteobacteria; Oceanospirillales; Oceanospirillaceae; Marinomonas,0,1_106_TsaM#48,novel_candidate,0.2934,0,0,0,0,[alpha]
NZ_JSUQ01000002.1:27567-28638:-1,WP_043136896.1,OA50_RS02230,,aromatic ring-hydroxylating dioxygenase subunit alpha,1_106_TsaM,1,251.1,0.9856,1.1e-74,NZ_JSUQ01000002.1,27567,28638,-1,Mameliella alba,Bacteria; Pseudomonadati; Pseudomonadota; Alphaproteobacteria; Rhodobacterales; Roseobacteraceae; Mameliella,0,1_106_TsaM#7,divergent,0.4365,1,0,0,1,[alpha] > reductase
NZ_JSEP01000007.1:210529-211597:-1,WP_068411307.1,OA90_RS11900,,aromatic ring-hydroxylating dioxygenase subunit alpha,1_106_TsaM,1,264.4,0.9856,9.8e-79,NZ_JSEP01000007.1,210529,211597,-1,Labrenzia sp. OB1,Bacteria; Pseudomonadati; Pseudomonadota; Alphaproteobacteria; Hyphomicrobiales; Stappiaceae; Labrenzia,0,1_106_TsaM#7,divergent,0.419,0,0,0,0,reductase > other > other > other > [alpha] > transporter > transporter > transporter > transporter
NZ_JSZO01000033.1:178579-179647:-1,WP_039600407.1,PI87_RS24980,,aromatic ring-hydroxylating dioxygenase subunit alpha,1_106_TsaM,1,110.4,0.487,6.6e-32,NZ_JSZO01000033.1,178579,179647,-1,Ralstonia sp. A12,Bacteria; Pseudomonadati; Pseudomonadota; Betaproteobacteria; Burkholderiales; Burkholderiaceae; Ralstonia,0,1_106_TsaM#12,novel_candidate,0.2757,0,0,0,0,transposon > [alpha] > reductase > other > hydrolase > regulator > reductase > other > dehydrogenase > dehydrogenase > transporter > other
NZ_JTDB02000004.1:149456-150533:1,WP_035525580.1,NH14_RS16215,,aromatic ring-hydroxylating dioxygenase subunit alpha,1_106_TsaM,1,269.0,0.9942,3.9e-80,NZ_JTDB02000004.1,149456,150533,1,Paraburkholderia sacchari,Bacteria; Pseudomonadati; Pseudomonadota; Betaproteobacteria; Burkholderiales; Burkholderiaceae; Paraburkholderia,0,1_106_TsaM#6,core,0.8727,1,0,0,1,[alpha] > reductase > hypothetical
NZ_JTAN02000017.1:427361-428483:1,WP_044847213.1,PL79_RS22140,,aromatic ring-hydroxylating dioxygenase subunit alpha,1_106_TsaM,1,101.1,0.4755,4.4e-29,NZ_JTAN02000017.1,427361,428483,1,Burkholderia sp. USMB20,Bacteria; Pseudomonadati; Pseudomonadota; Betaproteobacteria; Burkholderiales; Burkholderiaceae; Burkholderia,0,1_106_TsaM#0,core,0.9077,0,0,0,0,[alpha]
NZ_JTAN02000003.1:534249-535299:1,WP_044845504.1,PL79_RS06490,,aromatic ring-hydroxylating dioxygenase subunit alpha,1_106_TsaM,1,465.7,0.9914,6.1e-140,NZ_JTAN02000003.1,534249,535299,1,Burkholderia sp. USMB20,Bacteria; Pseudomonadati; Pseudomonadota; Betaproteobacteria; Burkholderiales; Burkholderiaceae; Burkholderia,0,1_106_TsaM#14,novel_candidate,0.3738,1,0,0,1,[alpha] > reductase
NZ_JTAN02000006.1:22770-23832:1,WP_044847412.1,PL79_RS10065,,aromatic ring-hydroxylating dioxygenase subunit alpha,1_106_TsaM,1,266.9,0.9597,1.8e-79,NZ_JTAN02000006.1,22770,23832,1,Burkholderia sp. USMB20,Bacteria; Pseudomonadati; Pseudomonadota; Betaproteobacteria; Burkholderiales; Burkholderiaceae; Burkholderia,0,1_106_TsaM#4,core,0.8811,0,0,0,0,alpha_other > reductase > [alpha]
NZ_JWLC01000002.1:4338-5388:1,WP_039158722.1,RA19_RS00940,,aromatic ring-hydroxylating dioxygenase subunit alpha,1_106_TsaM,1,226.3,0.9827,3.8e-67,NZ_JWLC01000002.1,4338,5388,1,Leisingera sp. ANG-M1,Bacteria; Pseudomonadati; Pseudomonadota; Alphaproteobacteria; Rhodobacterales; Roseobacteraceae; Leisingera,0,1_106_TsaM#26,divergent,0.4574,0,0,0,0,transporter > transporter > ring_cleavage > [alpha]
NZ_JWLC01000026.1:102725-103763:-1,WP_039166840.1,RA19_RS21660,,aromatic ring-hydroxylating dioxygenase subunit alpha,1_106_TsaM,1,271.3,0.9914,8e-81,NZ_JWLC01000026.1,102725,103763,-1,Leisingera sp. ANG-M1,Bacteria; Pseudomonadati; Pseudomonadota; Alphaproteobacteria; Rhodobacterales; Roseobacteraceae; Leisingera,0,1_106_TsaM#87,core,0.5893,1,0,0,1,reductase > other > reductase > hypothetical > [alpha]
NZ_JWLJ01000004.1:149691-150741:-1,WP_039539335.1,RA27_RS12585,,aromatic ring-hydroxylating dioxygenase subunit alpha,1_106_TsaM,1,247.5,0.9914,1.4e-73,NZ_JWLJ01000004.1,149691,150741,-1,Ruegeria sp. ANG-R,Bacteria; Pseudomonadati; Pseudomonadota; Alphaproteobacteria; Rhodobacterales; Roseobacteraceae; Ruegeria,0,1_106_TsaM#26,divergent,0.5156,0,0,0,0,regulator > [alpha]
NZ_JWLD01000066.1:65213-66263:-1,WP_039132665.1,RA20_RS19645,,aromatic ring-hydroxylating dioxygenase subunit alpha,1_106_TsaM,1,235.2,0.9827,7.7e-70,NZ_JWLD01000066.1,65213,66263,-1,Leisingera sp. ANG-Vp,Bacteria; Pseudomonadati; Pseudomonadota; Alphaproteobacteria; Rhodobacterales; Roseobacteraceae; Leisingera,0,1_106_TsaM#26,divergent,0.456,0,0,0,0,transporter > transporter > ring_cleavage > [alpha]
NZ_JWLD01000087.1:14538-15576:-1,WP_039134317.1,RA20_RS22615,,aromatic ring-hydroxylating dioxygenase subunit alpha,1_106_TsaM,1,271.6,0.9942,6.5e-81,NZ_JWLD01000087.1,14538,15576,-1,Leisingera sp. ANG-Vp,Bacteria; Pseudomonadati; Pseudomonadota; Alphaproteobacteria; Rhodobacterales; Roseobacteraceae; Leisingera,0,1_106_TsaM#87,core,0.6044,1,0,0,1,reductase > hypothetical > [alpha]
NZ_JXWX01000081.1:25341-26529:-1,WP_011030519.1,TR66_RS33675,,aromatic ring-hydroxylating dioxygenase subunit alpha,1_106_TsaM,1,84.2,0.4669,6.2e-24,NZ_JXWX01000081.1,25341,26529,-1,Streptomyces sp. WM6391,Bacteria; Bacillati; Actinomycetota; Actinomycetes; Kitasatosporales; Streptomycetaceae; Streptomyces,0,1_106_TsaM#37,novel_candidate,0.243,0,0,0,0,other > reductase > hydrolase > other > other > [alpha] > hypothetical
NZ_JYJG01000111.1:44099-45134:-1,WP_045312585.1,UK23_RS17390,,aromatic ring-hydroxylating dioxygenase subunit alpha,1_106_TsaM,1,229.8,0.9712,3.2e-68,NZ_JYJG01000111.1,44099,45134,-1,Lentzea aerocolonigenes,Bacteria; Bacillati; Actinomycetota; Actinomycetes; Pseudonocardiales; Pseudonocardiaceae; Lentzea,0,1_106_TsaM#1,core,0.6097,1,0,0,1,regulator > [alpha] > hypothetical > reductase
NZ_JYMT01000012.1:138190-139243:-1,WP_044537634.1,UP09_RS08545,,aromatic ring-hydroxylating dioxygenase subunit alpha,1_106_TsaM,1,341.8,0.9914,2.9e-102,NZ_JYMT01000012.1,138190,139243,-1,Bradyrhizobium sp. LTSP885,Bacteria; Pseudomonadati; Pseudomonadota; Alphaproteobacteria; Hyphomicrobiales; Nitrobacteraceae; Bradyrhizobium,0,1_106_TsaM#128,novel_candidate,0.3858,2,0,1,1,[alpha] > ferredoxin > reductase > hydrolase > regulator
NZ_JYMU01000055.1:12245-13313:-1,WP_044590487.1,UP10_RS28145,,aromatic ring-hydroxylating dioxygenase subunit alpha,1_106_TsaM,1,368.9,0.9942,1.7e-110,NZ_JYMU01000055.1,12245,13313,-1,Bradyrhizobium sp. LTSPM299,Bacteria; Pseudomonadati; Pseudomonadota; Alphaproteobacteria; Hyphomicrobiales; Nitrobacteraceae; Bradyrhizobium,0,1_106_TsaM#14,novel_candidate,0.3695,0,0,0,0,[alpha]
NZ_JYMT01000043.1:141513-142581:1,WP_044542896.1,UP09_RS34630,,aromatic ring-hydroxylating dioxygenase subunit alpha,1_106_TsaM,1,370.3,0.9942,6.1e-111,NZ_JYMT01000043.1,141513,142581,1,Bradyrhizobium sp. LTSP885,Bacteria; Pseudomonadati; Pseudomonadota; Alphaproteobacteria; Hyphomicrobiales; Nitrobacteraceae; Bradyrhizobium,0,1_106_TsaM#14,novel_candidate,0.3695,0,0,0,0,[alpha]
NZ_JZRI01000104.1:8951-10025:-1,WP_045060602.1,UB23_RS17710,,aromatic ring-hydroxylating dioxygenase subunit alpha,1_106_TsaM,1,260.8,0.9885,1.2e-77,NZ_JZRI01000104.1,8951,10025,-1,Pseudomonas sp. ES3-33,Bacteria; Pseudomonadati; Pseudomonadota; Gammaproteobacteria; Pseudomonadales; Pseudomonadaceae; Pseudomonas,0,1_106_TsaM#6,core,0.7619,0,0,0,0,[alpha] > reductase > transporter > transporter > transporter > transporter > other
NZ_JZRI01000044.1:174882-175962:1,WP_045058486.1,UB23_RS06420,,aromatic ring-hydroxylating dioxygenase subunit alpha,1_106_TsaM,1,267.5,0.9683,1.1e-79,NZ_JZRI01000044.1,174882,175962,1,Pseudomonas sp. ES3-33,Bacteria; Pseudomonadati; Pseudomonadota; Gammaproteobacteria; Pseudomonadales; Pseudomonadaceae; Pseudomonas,0,1_106_TsaM#5,core,0.75,0,0,0,0,reductase > [alpha]
NZ_JZWI01000032.1:71933-72959:1,WP_047786645.1,VPARA_RS26360,,aromatic ring-hydroxylating dioxygenase subunit alpha,1_106_TsaM,1,368.2,0.9885,2.7e-110,NZ_JZWI01000032.1,71933,72959,1,Variovorax paradoxus,Bacteria; Pseudomonadati; Pseudomonadota; Betaproteobacteria; Burkholderiales; Comamonadaceae; Variovorax,0,1_106_TsaM#27,novel_candidate,0.3639,0,0,0,0,hypothetical > hypothetical > other > other > regulator > [alpha] > transporter > transporter
NZ_KB849539.1:80732-81785:-1,WP_004859068.1,F960_RS04680,,aromatic ring-hydroxylating dioxygenase subunit alpha,1_106_TsaM,1,282.3,0.9683,3.7e-84,NZ_KB849539.1,80732,81785,-1,Acinetobacter gerneri DSM 14967 = CIP 107464 = MTCC 9824,Bacteria; Pseudomonadati; Pseudomonadota; Gammaproteobacteria; Moraxellales; Moraxellaceae; Acinetobacter,0,1_106_TsaM#42,core,0.5938,0,0,0,0,[alpha]
NZ_KB849575.1:574752-575811:1,WP_004892365.1,F955_RS05930,,aromatic ring-hydroxylating dioxygenase subunit alpha,1_106_TsaM,1,264.2,0.9654,1.1e-78,NZ_KB849575.1,574752,575811,1,Acinetobacter schindleri CIP 107287,Bacteria; Pseudomonadati; Pseudomonadota; Gammaproteobacteria; Moraxellales; Moraxellaceae; Acinetobacter,0,1_106_TsaM#42,divergent,0.5245,0,0,0,0,[alpha]
NZ_KB849544.1:44397-45486:1,WP_004865225.1,F960_RS11500,,aromatic ring-hydroxylating dioxygenase subunit alpha,1_106_TsaM,1,214.0,0.9769,2.1e-63,NZ_KB849544.1,44397,45486,1,Acinetobacter gerneri DSM 14967 = CIP 107464 = MTCC 9824,Bacteria; Pseudomonadati; Pseudomonadota; Gammaproteobacteria; Moraxellales; Moraxellaceae; Acinetobacter,0,1_106_TsaM#21,novel_candidate,0.3647,1,0,0,1,other > reductase > regulator > reductase > [alpha]
NZ_KB849544.1:46544-47627:1,WP_004865231.1,F960_RS11510,,aromatic ring-hydroxylating dioxygenase subunit alpha,1_106_TsaM,1,224.6,0.9798,1.2e-66,NZ_KB849544.1,46544,47627,1,Acinetobacter gerneri DSM 14967 = CIP 107464 = MTCC 9824,Bacteria; Pseudomonadati; Pseudomonadota; Gammaproteobacteria; Moraxellales; Moraxellaceae; Acinetobacter,0,1_106_TsaM#21,novel_candidate,0.3282,0,0,0,0,regulator > [alpha]
NZ_KB892278.1:100629-101718:1,WP_005012184.1,B090_RS0117150,,aromatic ring-hydroxylating dioxygenase subunit alpha,1_106_TsaM,1,208.5,0.9769,1e-61,NZ_KB892278.1,100629,101718,1,Acinetobacter bouvetii DSM 14964 = CIP 107468,Bacteria; Pseudomonadati; Pseudomonadota; Gammaproteobacteria; Moraxellales; Moraxellaceae; Acinetobacter,0,1_106_TsaM#21,novel_candidate,0.37,1,0,0,1,regulator > reductase > [alpha] > transporter > transporter
NZ_KE557279.1:114681-115752:1,WP_020039144.1,SALMUC_RS17850,,aromatic ring-hydroxylating dioxygenase subunit alpha,1_106_TsaM,1,259.8,0.9885,2.5e-77,NZ_KE557279.1,114681,115752,1,Salipiger mucosus DSM 16094,Bacteria; Pseudomonadati; Pseudomonadota; Alphaproteobacteria; Rhodobacterales; Roseobacteraceae; Salipiger,0,1_106_TsaM#7,divergent,0.4326,0,0,0,0,hypothetical > other > other > [alpha] > transporter > transporter > transporter > transporter > regulator > other > other
NZ_KE557311.1:130276-131317:-1,WP_021101454.1,THALAR_RS10135,,aromatic ring-hydroxylating dioxygenase subunit alpha,1_106_TsaM,1,272.0,0.9914,4.9e-81,NZ_KE557311.1,130276,131317,-1,Litoreibacter arenae DSM 19593,Bacteria; Pseudomonadati; Pseudomonadota; Alphaproteobacteria; Rhodobacterales; Roseobacteraceae; Litoreibacter,0,1_106_TsaM#9,core,0.8857,0,0,0,0,other > other > other > other > [alpha] > regulator > hypothetical > transposon
NZ_KQ130436.1:15547-16597:1,WP_066607609.1,V473_RS16700,,aromatic ring-hydroxylating dioxygenase subunit alpha,1_106_TsaM,1,274.5,0.9856,8.6e-82,NZ_KQ130436.1,15547,16597,1,Sphingobium cupriresistens LL01,Bacteria; Pseudomonadati; Pseudomonadota; Alphaproteobacteria; Sphingomonadales; Sphingomonadaceae; Sphingobium,0,1_106_TsaM#23,novel_candidate,0.3589,0,0,0,0,[alpha] > transporter > reductase > reductase > other > reductase
NZ_KQ130457.1:329903-331013:-1,WP_236711358.1,V474_RS20330,,aromatic ring-hydroxylating dioxygenase subunit alpha,1_106_TsaM,1,246.7,0.9914,2.5e-73,NZ_KQ130457.1,329903,331013,-1,Novosphingobium barchaimii LL02,Bacteria; Pseudomonadati; Pseudomonadota; Alphaproteobacteria; Sphingomonadales; Sphingomonadaceae; Novosphingobium,0,1_106_TsaM#127,novel_candidate,0.3213,0,0,0,0,[alpha] > hypothetical
NZ_KQ948316.1:111585-112659:-1,WP_062047949.1,AQI96_RS30520,,aromatic ring-hydroxylating dioxygenase subunit alpha,1_106_TsaM,1,224.3,0.9798,1.5e-66,NZ_KQ948316.1,111585,112659,-1,Streptomyces canus,Bacteria; Bacillati; Actinomycetota; Actinomycetes; Kitasatosporales; Streptomycetaceae; Streptomyces; Streptomyces aurantiacus group,0,1_106_TsaM#1,core,0.8923,1,0,0,1,[alpha] > hypothetical > reductase
NZ_KQ948321.1:172271-173438:1,WP_062050041.1,AQI96_RS36565,,aromatic ring-hydroxylating dioxygenase subunit alpha,1_106_TsaM,1,83.1,0.4697,1.4e-23,NZ_KQ948321.1,172271,173438,1,Streptomyces canus,Bacteria; Bacillati; Actinomycetota; Actinomycetes; Kitasatosporales; Streptomycetaceae; Streptomyces; Streptomyces aurantiacus group,0,1_106_TsaM#38,novel_candidate,0.3214,0,0,0,0,other > hydrolase > other > other > [alpha] > hypothetical
NZ_KQ947989.1:395076-396279:-1,WP_063801609.1,AQI70_RS21935,,Rieske 2Fe-2S domain-containing protein,1_106_TsaM,1,102.0,0.4553,2.5e-29,NZ_KQ947989.1,395076,396279,-1,Streptomyces curacoi,Bacteria; Bacillati; Actinomycetota; Actinomycetes; Kitasatosporales; Streptomycetaceae; Streptomyces,0,1_106_TsaM#126,novel_candidate,0.3926,0,0,0,0,other > other > [alpha] > other
NZ_KQ948362.1:221155-222220:1,WP_059265196.1,AQJ11_RS29660,,aromatic ring-hydroxylating dioxygenase subunit alpha,1_106_TsaM,1,232.8,0.9798,4.2e-69,NZ_KQ948362.1,221155,222220,1,Streptomyces corchorusii,Bacteria; Bacillati; Actinomycetota; Actinomycetes; Kitasatosporales; Streptomycetaceae; Streptomyces,0,1_106_TsaM#1,core,0.8778,1,0,0,1,[alpha] > hypothetical > reductase
NZ_KQ948146.1:830743-831817:1,WP_031049070.1,AQI94_RS15870,,aromatic ring-hydroxylating dioxygenase subunit alpha,1_106_TsaM,1,223.4,0.9798,3e-66,NZ_KQ948146.1,830743,831817,1,Streptomyces pseudovenezuelae,Bacteria; Bacillati; Actinomycetota; Actinomycetes; Kitasatosporales; Streptomycetaceae; Streptomyces; Streptomyces aurantiacus group,0,1_106_TsaM#1,core,0.8947,1,0,0,1,hypothetical > hypothetical > [alpha] > hypothetical > reductase > transporter > transporter > transporter > transporter
NZ_KQ948874.1:33007-34072:-1,WP_061929192.1,AQJ66_RS32685,,aromatic ring-hydroxylating dioxygenase subunit alpha,1_106_TsaM,1,222.1,0.9827,7.4e-66,NZ_KQ948874.1,33007,34072,-1,Streptomyces bungoensis,Bacteria; Bacillati; Actinomycetota; Actinomycetes; Kitasatosporales; Streptomycetaceae; Streptomyces,0,1_106_TsaM#1,core,0.8709,0,0,0,0,hypothetical > [alpha] > hypothetical > reductase
NZ_KQ949028.1:42555-43629:-1,WP_067251943.1,AQJ58_RS19775,,aromatic ring-hydroxylating dioxygenase subunit alpha,1_106_TsaM,1,228.4,0.9798,8.9e-68,NZ_KQ949028.1,42555,43629,-1,Streptomyces sp. DSM 15324,Bacteria; Bacillati; Actinomycetota; Actinomycetes; Kitasatosporales; Streptomycetaceae; Streptomyces,0,1_106_TsaM#1,core,0.9164,0,0,0,0,[alpha] > hypothetical > reductase
NZ_KQ948668.1:125573-126647:-1,WP_059209325.1,AQJ46_RS34695,,aromatic ring-hydroxylating dioxygenase subunit alpha,1_106_TsaM,1,224.2,0.9798,1.7e-66,NZ_KQ948668.1,125573,126647,-1,Streptomyces canus,Bacteria; Bacillati; Actinomycetota; Actinomycetes; Kitasatosporales; Streptomycetaceae; Streptomyces; Streptomyces aurantiacus group,0,1_106_TsaM#1,core,0.9012,1,0,0,1,[alpha] > hypothetical > reductase
NZ_KQ949113.1:23584-24652:1,WP_067032313.1,AQJ91_RS39985,,aromatic ring-hydroxylating dioxygenase subunit alpha,1_106_TsaM,1,220.9,0.9798,1.7e-65,NZ_KQ949113.1,23584,24652,1,Streptomyces dysideae,Bacteria; Bacillati; Actinomycetota; Actinomycetes; Kitasatosporales; Streptomycetaceae; Streptomyces,0,1_106_TsaM#1,core,0.9293,1,0,0,1,[alpha] > hypothetical > reductase
NZ_KQ954257.1:170356-171382:1,WP_067616436.1,AQZ49_RS13365,,aromatic ring-hydroxylating dioxygenase subunit alpha,1_106_TsaM,1,254.1,0.9798,1.4e-75,NZ_KQ954257.1,170356,171382,1,Novosphingobium sp. FSW06-99,Bacteria; Pseudomonadati; Pseudomonadota; Alphaproteobacteria; Sphingomonadales; Sphingomonadaceae; Novosphingobium,0,1_106_TsaM#152,divergent,0.5256,0,0,0,0,other > other > other > [alpha] > reductase > hypothetical > regulator > hydrolase
NZ_KV757607.1:59970-61056:1,WP_069070361.1,A4S05_RS13585,,aromatic ring-hydroxylating dioxygenase subunit alpha,1_106_TsaM,1,78.3,0.4582,3.9e-22,NZ_KV757607.1,59970,61056,1,Nostoc sp. KVJ20,Bacteria; Bacillati; Cyanobacteriota; Cyanophyceae; Nostocales; Nostocaceae; Nostoc,0,1_106_TsaM#56,novel_candidate,0.2738,0,0,0,0,hypothetical > [alpha]
NZ_LAKD02000002.1:63875-64937:-1,WP_046084970.1,VT50_RS02190,,aromatic ring-hydroxylating dioxygenase subunit alpha,1_106_TsaM,1,241.6,0.9798,8.6e-72,NZ_LAKD02000002.1,63875,64937,-1,Streptomyces antioxidans,Bacteria; Bacillati; Actinomycetota; Actinomycetes; Kitasatosporales; Streptomycetaceae; Streptomyces,0,1_106_TsaM#1,core,0.7966,0,0,0,0,hypothetical > hypothetical > [alpha] > hypothetical > reductase
NZ_LARW01000153.1:466-1561:-1,WP_046195822.1,WP12_RS22125,,aromatic ring-hydroxylating dioxygenase subunit alpha,1_106_TsaM,1,188.8,0.9827,9.4e-56,NZ_LARW01000153.1,466,1561,-1,Sphingomonas sp. SRS2,Bacteria; Pseudomonadati; Pseudomonadota; Alphaproteobacteria; Sphingomonadales; Sphingomonadaceae; Sphingomonas,0,1_106_TsaM#125,novel_candidate,0.287,0,0,0,0,[alpha]
NZ_LBHW02000056.1:4897-5965:-1,WP_046807536.1,YH64_RS27680,,aromatic ring-hydroxylating dioxygenase subunit alpha,1_106_TsaM,1,475.3,0.9885,7.2e-143,NZ_LBHW02000056.1,4897,5965,-1,Achromobacter sp. LC458,Bacteria; Pseudomonadati; Pseudomonadota; Betaproteobacteria; Burkholderiales; Alcaligenaceae; Achromobacter,0,1_106_TsaM#15,novel_candidate,0.3962,1,0,0,1,transporter > [alpha] > reductase
NZ_LBNE01000008.1:5386-6472:1,WP_068372141.1,AAV32_RS11705,,aromatic ring-hydroxylating dioxygenase subunit alpha,1_106_TsaM,1,272.3,0.9568,3.8e-81,NZ_LBNE01000008.1,5386,6472,1,Kerstersia gyiorum,Bacteria; Pseudomonadati; Pseudomonadota; Betaproteobacteria; Burkholderiales; Alcaligenaceae; Kerstersia,0,1_106_TsaM#161,core,0.7063,0,0,0,0,reductase > [alpha]
NZ_LDQA01000038.1:38954-40007:-1,WP_058601202.1,NS365_RS15490,,aromatic ring-hydroxylating dioxygenase subunit alpha,1_106_TsaM,1,245.9,0.9885,4.1e-73,NZ_LDQA01000038.1,38954,40007,-1,Aureimonas ureilytica,Bacteria; Pseudomonadati; Pseudomonadota; Alphaproteobacteria; Hyphomicrobiales; Aurantimonadaceae; Aureimonas,0,1_106_TsaM#3,core,0.8292,1,0,0,1,[alpha] > reductase > other > reductase
NZ_LDSL01000118.1:20197-21226:1,WP_058643293.1,NS331_RS17770,,aromatic ring-hydroxylating dioxygenase subunit alpha,1_106_TsaM,1,236.1,0.9798,4.1e-70,NZ_LDSL01000118.1,20197,21226,1,Pseudacidovorax intermedius,Bacteria; Pseudomonadati; Pseudomonadota; Betaproteobacteria; Burkholderiales; Comamonadaceae; Pseudacidovorax,0,1_106_TsaM#28,novel_candidate,0.3762,0,0,0,0,[alpha] > transporter
NZ_LDPZ01000005.1:66480-67533:-1,WP_058633607.1,NS226_RS02360,,aromatic ring-hydroxylating dioxygenase subunit alpha,1_106_TsaM,1,246.7,0.9885,2.4e-73,NZ_LDPZ01000005.1,66480,67533,-1,Aureimonas ureilytica,Bacteria; Pseudomonadati; Pseudomonadota; Alphaproteobacteria; Hyphomicrobiales; Aurantimonadaceae; Aureimonas,0,1_106_TsaM#3,core,0.8168,1,0,0,1,[alpha] > reductase > other > reductase
NZ_LDUF01000002.1:570582-571677:1,WP_010595740.1,AC926_RS06210,,Rieske 2Fe-2S domain-containing protein,1_106_TsaM,1,80.1,0.4697,1.1e-22,NZ_LDUF01000002.1,570582,571677,1,Rhodococcus ruber,Bacteria; Bacillati; Actinomycetota; Actinomycetes; Mycobacteriales; Nocardiaceae; Rhodococcus,0,1_106_TsaM#13,novel_candidate,0.2849,0,0,0,0,dehydrogenase > other > other > reductase > other > hydrolase > reductase > reductase > other > hydrolase > transposon > [alpha] > hypothetical > other > transporter
NZ_LELH02000033.1:112199-113246:1,WP_047826954.1,AB595_RS25610,,aromatic ring-hydroxylating dioxygenase subunit alpha,1_106_TsaM,1,277.6,0.9856,1e-82,NZ_LELH02000033.1,112199,113246,1,Massilia sp. WF1,Bacteria; Pseudomonadati; Pseudomonadota; Betaproteobacteria; Burkholderiales; Oxalobacteraceae; Telluria group; Massilia,0,1_106_TsaM#52,novel_candidate,0.3533,0,0,0,0,[alpha]
NZ_LFJJ01000090.1:9402-10572:-1,WP_050454185.1,BVER_RS16180,,aromatic ring-hydroxylating dioxygenase subunit alpha,1_106_TsaM,1,109.6,0.4899,1.2e-31,NZ_LFJJ01000090.1,9402,10572,-1,Candidatus Burkholderia verschuerenii,Bacteria; Pseudomonadati; Pseudomonadota; Betaproteobacteria; Burkholderiales; Burkholderiaceae; Burkholderia,0,1_106_TsaM#0,core,0.8547,0,0,0,0,[alpha] > hypothetical
NZ_LFRE01000054.1:14163-15222:-1,WP_048881499.1,ACS72_RS05530,,aromatic ring-hydroxylating dioxygenase subunit alpha,1_106_TsaM,1,268.9,0.9654,4.3e-80,NZ_LFRE01000054.1,14163,15222,-1,Acinetobacter sp. VT 511,Bacteria; Pseudomonadati; Pseudomonadota; Gammaproteobacteria; Moraxellales; Moraxellaceae; Acinetobacter,0,1_106_TsaM#42,divergent,0.5193,0,0,0,0,[alpha]
NZ_LGAP01000018.1:122893-123940:1,WP_053251110.1,AC244_RS22840,,aromatic ring-hydroxylating dioxygenase subunit alpha,1_106_TsaM,1,262.4,0.9942,4e-78,NZ_LGAP01000018.1,122893,123940,1,Ensifer adhaerens,Bacteria; Pseudomonadati; Pseudomonadota; Alphaproteobacteria; Hyphomicrobiales; Rhizobiaceae; Sinorhizobium/Ensifer group; Ensifer,0,1_106_TsaM#3,core,0.9018,1,0,0,1,[alpha] > reductase > other > hypothetical > transporter > transporter > transporter > dehydrogenase
NZ_LGDG01000001.1:279217-280285:-1,WP_053747399.1,ADK57_RS01210,,aromatic ring-hydroxylating dioxygenase subunit alpha,1_106_TsaM,1,229.3,0.9827,4.7e-68,NZ_LGDG01000001.1,279217,280285,-1,Streptomyces sp. MMG1533,Bacteria; Bacillati; Actinomycetota; Actinomycetes; Kitasatosporales; Streptomycetaceae; Streptomyces,0,1_106_TsaM#1,core,0.9436,0,0,0,0,[alpha] > hypothetical > reductase
NZ_LGED01000169.1:540-1593:1,WP_053717256.1,ADK67_RS16140,,aromatic ring-hydroxylating dioxygenase subunit alpha,1_106_TsaM,1,244.9,0.9798,8.7e-73,NZ_LGED01000169.1,540,1593,1,Saccharothrix sp. NRRL B-16348,Bacteria; Bacillati; Actinomycetota; Actinomycetes; Pseudonocardiales; Pseudonocardiaceae; Saccharothrix,0,1_106_TsaM#1,core,0.6215,0,0,0,0,[alpha] > hypothetical > reductase
NZ_LGHK01000030.1:16329-17394:-1,WP_074126284.1,AC628_RS08520,,aromatic ring-hydroxylating dioxygenase subunit alpha,1_106_TsaM,1,365.1,0.9914,2.4e-109,NZ_LGHK01000030.1,16329,17394,-1,Bradyrhizobium sp. NAS96.2,Bacteria; Pseudomonadati; Pseudomonadota; Alphaproteobacteria; Hyphomicrobiales; Nitrobacteraceae; Bradyrhizobium,0,1_106_TsaM#14,novel_candidate,0.3695,0,0,0,0,[alpha]
NZ_LGHJ01000017.1:172014-173004:1,WP_061918746.1,AC812_RS11935,,aromatic ring-hydroxylating dioxygenase subunit alpha,1_106_TsaM,1,101.2,0.487,4.2e-29,NZ_LGHJ01000017.1,172014,173004,1,Bellilinea caldifistulae,Bacteria; Bacillati; Chloroflexota; Anaerolineae; Anaerolineales; Anaerolineaceae; Bellilinea,0,1_106_TsaM#124,novel_candidate,0.2764,0,0,0,0,other > [alpha] > other
NZ_LGHM01000064.1:15783-16848:1,WP_074119343.1,AC630_RS15205,,aromatic ring-hydroxylating dioxygenase subunit alpha,1_106_TsaM,1,361.4,0.9914,3.1e-108,NZ_LGHM01000064.1,15783,16848,1,Bradyrhizobium sp. AS23.2,Bacteria; Pseudomonadati; Pseudomonadota; Alphaproteobacteria; Hyphomicrobiales; Nitrobacteraceae; Bradyrhizobium,0,1_106_TsaM#14,novel_candidate,0.3406,0,0,0,0,[alpha] > reductase
NZ_LGDX01000316.1:361195-362260:-1,WP_031094545.1,ADL02_RS31095,,aromatic ring-hydroxylating dioxygenase subunit alpha,1_106_TsaM,1,237.1,0.9798,2e-70,NZ_LGDX01000316.1,361195,362260,-1,Streptomyces sp. NRRL WC-3723,Bacteria; Bacillati; Actinomycetota; Actinomycetes; Kitasatosporales; Streptomycetaceae; Streptomyces,0,1_106_TsaM#1,core,0.9071,1,0,0,1,[alpha] > hypothetical > reductase
NZ_LGEA01000114.1:331415-332597:-1,WP_053673653.1,ADK65_RS27555,,aromatic ring-hydroxylating dioxygenase subunit alpha,1_106_TsaM,1,99.6,0.4611,1.3e-28,NZ_LGEA01000114.1,331415,332597,-1,Streptomyces sp. NRRL B-1140,Bacteria; Bacillati; Actinomycetota; Actinomycetes; Kitasatosporales; Streptomycetaceae; Streptomyces,0,1_106_TsaM#8,core,0.8811,0,0,0,0,hypothetical > other > hypothetical > other > hypothetical > other > [alpha]
NZ_LGEC01000016.1:176344-177424:-1,WP_053615448.1,ADL05_RS03815,,aromatic ring-hydroxylating dioxygenase subunit alpha,1_106_TsaM,1,238.5,0.9769,7.4e-71,NZ_LGEC01000016.1,176344,177424,-1,Nocardiopsis sp. NRRL B-16309,Bacteria; Bacillati; Actinomycetota; Actinomycetes; Streptosporangiales; Nocardiopsidaceae; Nocardiopsis,0,1_106_TsaM#1,core,0.68,0,0,0,0,[alpha] > hypothetical > reductase > regulator
NZ_LGHU01000037.1:2290-3331:-1,WP_050519138.1,AKU59_RS06295,,aromatic ring-hydroxylating dioxygenase subunit alpha,1_106_TsaM,1,255.2,0.9856,6.3e-76,NZ_LGHU01000037.1,2290,3331,-1,Pseudorhodobacter antarcticus,Bacteria; Pseudomonadati; Pseudomonadota; Alphaproteobacteria; Rhodobacterales; Paracoccaceae; Pseudorhodobacter,0,1_106_TsaM#9,core,0.8121,0,0,0,0,other > other > other > [alpha]
NZ_LGHU01000072.1:135362-136394:-1,WP_050520123.1,AKU59_RS11665,,aromatic ring-hydroxylating dioxygenase subunit alpha,1_106_TsaM,1,219.4,0.9741,4.8e-65,NZ_LGHU01000072.1,135362,136394,-1,Pseudorhodobacter antarcticus,Bacteria; Pseudomonadati; Pseudomonadota; Alphaproteobacteria; Rhodobacterales; Paracoccaceae; Pseudorhodobacter,0,1_106_TsaM#151,divergent,0.4138,0,0,0,0,other > other > transporter > transporter > transporter > transporter > hypothetical > [alpha] > other
NZ_LGRC01000006.1:10334-11492:-1,WP_014191528.1,ACU09_RS09390,,aromatic ring-hydroxylating dioxygenase subunit alpha,1_106_TsaM,1,111.2,0.487,3.9e-32,NZ_LGRC01000006.1,10334,11492,-1,Caballeronia cordobensis,Bacteria; Pseudomonadati; Pseudomonadota; Betaproteobacteria; Burkholderiales; Burkholderiaceae; Caballeronia,0,1_106_TsaM#0,core,0.8382,0,0,0,0,regulator > [alpha] > hypothetical
NZ_LGRC01000035.1:184685-185705:-1,WP_053572495.1,ACU09_RS38250,,aromatic ring-hydroxylating dioxygenase subunit alpha,1_106_TsaM,1,301.9,0.9914,3.8e-90,NZ_LGRC01000035.1,184685,185705,-1,Caballeronia cordobensis,Bacteria; Pseudomonadati; Pseudomonadota; Betaproteobacteria; Burkholderiales; Burkholderiaceae; Caballeronia,0,1_106_TsaM#54,novel_candidate,0.3808,1,0,0,1,dehydrogenase > [alpha] > reductase > dehydrogenase
NZ_LGUS01000222.1:44991-46059:-1,WP_030042048.1,ADK37_RS36390,,aromatic ring-hydroxylating dioxygenase subunit alpha,1_106_TsaM,1,231.8,0.9798,8e-69,NZ_LGUS01000222.1,44991,46059,-1,Streptomyces resistomycificus,Bacteria; Bacillati; Actinomycetota; Actinomycetes; Kitasatosporales; Streptomycetaceae; Streptomyces; Streptomyces aurantiacus group,0,1_106_TsaM#1,core,0.9415,0,0,0,0,[alpha] > hypothetical > reductase
NZ_LHUQ01000027.1:12808-13897:-1,WP_053323834.1,KOEU_RS14740,,aromatic ring-hydroxylating dioxygenase subunit alpha,1_106_TsaM,1,94.5,0.4582,4.8e-27,NZ_LHUQ01000027.1,12808,13897,-1,Komagataeibacter europaeus,Bacteria; Pseudomonadati; Pseudomonadota; Alphaproteobacteria; Acetobacterales; Acetobacteraceae; Komagataeibacter,0,1_106_TsaM#0,divergent,0.5489,0,0,0,0,regulator > [alpha]
NZ_LHZT01000109.1:15628-16732:1,WP_045542748.1,AD947_RS04820,,aromatic ring-hydroxylating dioxygenase subunit alpha,1_106_TsaM,1,116.5,0.4813,9.4e-34,NZ_LHZT01000109.1,15628,16732,1,Acetobacter tropicalis,Bacteria; Pseudomonadati; Pseudomonadota; Alphaproteobacteria; Acetobacterales; Acetobacteraceae; Acetobacter,0,1_106_TsaM#2,core,0.9189,0,0,0,0,[alpha]
NZ_LHZZ01000553.1:442-1546:1,WP_061491110.1,AD953_RS08535,,aromatic ring-hydroxylating dioxygenase subunit alpha,1_106_TsaM,1,120.3,0.4755,6.8e-35,NZ_LHZZ01000553.1,442,1546,1,Acetobacter malorum,Bacteria; Pseudomonadati; Pseudomonadota; Alphaproteobacteria; Acetobacterales; Acetobacteraceae; Acetobacter,0,1_106_TsaM#2,core,0.8621,0,0,0,0,[alpha]
NZ_LHZX01000309.1:64294-65398:-1,WP_061502097.1,AD951_RS11735,,aromatic ring-hydroxylating dioxygenase subunit alpha,1_106_TsaM,1,119.5,0.4755,1.1e-34,NZ_LHZX01000309.1,64294,65398,-1,Acetobacter malorum,Bacteria; Pseudomonadati; Pseudomonadota; Alphaproteobacteria; Acetobacterales; Acetobacteraceae; Acetobacter,0,1_106_TsaM#2,core,0.8512,0,0,0,0,[alpha]
NZ_LHZY01000006.1:64468-65572:1,WP_062141504.1,AD952_RS04325,,aromatic ring-hydroxylating dioxygenase subunit alpha,1_106_TsaM,1,120.7,0.4755,5.1e-35,NZ_LHZY01000006.1,64468,65572,1,Acetobacter cerevisiae,Bacteria; Pseudomonadati; Pseudomonadota; Alphaproteobacteria; Acetobacterales; Acetobacteraceae; Acetobacter,0,1_106_TsaM#2,core,0.8547,0,0,0,0,[alpha]
NZ_LHZF01000173.1:115694-116798:1,WP_061508852.1,AD933_RS12700,,aromatic ring-hydroxylating dioxygenase subunit alpha,1_106_TsaM,1,119.6,0.4755,1e-34,NZ_LHZF01000173.1,115694,116798,1,Acetobacter malorum,Bacteria; Pseudomonadati; Pseudomonadota; Alphaproteobacteria; Acetobacterales; Acetobacteraceae; Acetobacter,0,1_106_TsaM#2,core,0.8586,0,0,0,0,[alpha]
NZ_LHZR01000113.1:240873-241962:1,WP_062110121.1,AD945_RS15230,,aromatic ring-hydroxylating dioxygenase subunit alpha,1_106_TsaM,1,100.5,0.4697,6.8e-29,NZ_LHZR01000113.1,240873,241962,1,Gluconobacter albidus,Bacteria; Pseudomonadati; Pseudomonadota; Alphaproteobacteria; Acetobacterales; Acetobacteraceae; Gluconobacter,0,1_106_TsaM#2,core,0.5783,0,0,0,0,other > other > [alpha] > reductase > hypothetical > hypothetical > hypothetical > hypothetical > hypothetical > reductase
NZ_LIAA01000010.1:14612-15716:1,WP_062271514.1,AD954_RS02385,,aromatic ring-hydroxylating dioxygenase subunit alpha,1_106_TsaM,1,120.7,0.4755,5.1e-35,NZ_LIAA01000010.1,14612,15716,1,Acetobacter cerevisiae,Bacteria; Pseudomonadati; Pseudomonadota; Alphaproteobacteria; Acetobacterales; Acetobacteraceae; Acetobacter,0,1_106_TsaM#2,core,0.8577,0,0,0,0,[alpha]
NZ_LIKT01000015.1:7510-8551:-1,WP_054462099.1,AN476_RS13400,,aromatic ring-hydroxylating dioxygenase subunit alpha,1_106_TsaM,1,273.1,0.9856,2.3e-81,NZ_LIKT01000015.1,7510,8551,-1,Phaeobacter sp. 11ANDIMAR09,Bacteria; Pseudomonadati; Pseudomonadota; Alphaproteobacteria; Rhodobacterales; Roseobacteraceae; Phaeobacter,0,1_106_TsaM#9,core,0.8481,0,0,0,0,regulator > [alpha] > other
NZ_LIQS01000218.1:7784-8858:1,WP_055634759.1,AOK10_RS19360,,aromatic ring-hydroxylating dioxygenase subunit alpha,1_106_TsaM,1,232.5,0.9769,5e-69,NZ_LIQS01000218.1,7784,8858,1,Streptomyces griseoruber,Bacteria; Bacillati; Actinomycetota; Actinomycetes; Kitasatosporales; Streptomycetaceae; Streptomyces,0,1_106_TsaM#1,core,0.9094,0,0,0,0,[alpha] > hypothetical > reductase > other
NZ_LIPC01000008.1:57609-58701:-1,WP_044369453.1,AMK14_RS30665,,aromatic ring-hydroxylating dioxygenase subunit alpha,1_106_TsaM,1,98.1,0.4669,3.8e-28,NZ_LIPC01000008.1,57609,58701,-1,Streptomyces sp. TSRI0445,Bacteria; Bacillati; Actinomycetota; Actinomycetes; Kitasatosporales; Streptomycetaceae; Streptomyces,0,1_106_TsaM#8,core,0.8898,0,0,0,0,other > [alpha]
NZ_LISW01000006.1:176156-177200:1,WP_073864654.1,AMK18_RS25660,,aromatic ring-hydroxylating dioxygenase subunit alpha,1_106_TsaM,1,79.7,0.4726,1.4e-22,NZ_LISW01000006.1,176156,177200,1,Streptomyces sp. CB01249,Bacteria; Bacillati; Actinomycetota; Actinomycetes; Kitasatosporales; Streptomycetaceae; Streptomyces,0,1_106_TsaM#39,novel_candidate,0.3298,1,0,0,1,dehydrogenase > other > dehydrogenase > hydrolase > other > reductase > reductase > other > reductase > transposon > [alpha]
NZ_LISW01000009.1:103666-104836:1,WP_073865339.1,AMK18_RS30560,,aromatic ring-hydroxylating dioxygenase subunit alpha,1_106_TsaM,1,91.2,0.464,4.6e-26,NZ_LISW01000009.1,103666,104836,1,Streptomyces sp. CB01249,Bacteria; Bacillati; Actinomycetota; Actinomycetes; Kitasatosporales; Streptomycetaceae; Streptomyces,0,1_106_TsaM#8,core,0.869,0,0,0,0,[alpha]
NZ_LIXK01000007.1:255129-256269:-1,WP_073823959.1,AMK23_RS27045,,aromatic ring-hydroxylating dioxygenase subunit alpha,1_106_TsaM,1,96.1,0.464,1.5e-27,NZ_LIXK01000007.1,255129,256269,-1,Streptomyces sp. CB02130,Bacteria; Bacillati; Actinomycetota; Actinomycetes; Kitasatosporales; Streptomycetaceae; Streptomyces,0,1_106_TsaM#8,core,0.8902,0,0,0,0,other > [alpha]
NZ_LIVY01000008.1:176753-177803:1,WP_073968268.1,AMK30_RS25035,,aromatic ring-hydroxylating dioxygenase subunit alpha,1_106_TsaM,1,81.4,0.4726,4.6e-23,NZ_LIVY01000008.1,176753,177803,1,Streptomyces sp. CB02460,Bacteria; Bacillati; Actinomycetota; Actinomycetes; Kitasatosporales; Streptomycetaceae; Streptomyces,0,1_106_TsaM#39,novel_candidate,0.328,1,0,0,1,dehydrogenase > other > dehydrogenase > hydrolase > other > reductase > reductase > other > reductase > transposon > [alpha]
NZ_LJHO01000003.1:572695-573769:-1,WP_022676241.1,IP65_RS09640,,aromatic ring-hydroxylating dioxygenase subunit alpha,1_106_TsaM,1,214.2,0.9914,1.8e-63,NZ_LJHO01000003.1,572695,573769,-1,Novosphingobium sp. AAP1,Bacteria; Pseudomonadati; Pseudomonadota; Alphaproteobacteria; Sphingomonadales; Sphingomonadaceae; Novosphingobium,0,1_106_TsaM#18,divergent,0.4237,1,0,0,1,other > [alpha] > reductase > alpha_other
NZ_LJHO01000011.1:87924-88965:-1,WP_022677462.1,IP65_RS16860,,aromatic ring-hydroxylating dioxygenase subunit alpha,1_106_TsaM,1,263.3,0.9885,2.2e-78,NZ_LJHO01000011.1,87924,88965,-1,Novosphingobium sp. AAP1,Bacteria; Pseudomonadati; Pseudomonadota; Alphaproteobacteria; Sphingomonadales; Sphingomonadaceae; Novosphingobium,0,1_106_TsaM#23,novel_candidate,0.3291,0,0,0,0,[alpha]
NZ_LJHZ01000073.1:19277-20327:1,WP_054122422.1,IP83_RS11790,,aromatic ring-hydroxylating dioxygenase subunit alpha,1_106_TsaM,1,262.2,0.9827,4.8e-78,NZ_LJHZ01000073.1,19277,20327,1,Novosphingobium sp. AAP93,Bacteria; Pseudomonadati; Pseudomonadota; Alphaproteobacteria; Sphingomonadales; Sphingomonadaceae; Novosphingobium,0,1_106_TsaM#23,novel_candidate,0.3322,0,0,0,0,other > dehydrogenase > dehydrogenase > [alpha] > hydrolase > hydrolase > hydrolase > other
NZ_LJHO01000001.1:120482-121532:-1,WP_022677569.1,IP65_RS00495,,aromatic ring-hydroxylating dioxygenase subunit alpha,1_106_TsaM,1,294.0,0.9798,1e-87,NZ_LJHO01000001.1,120482,121532,-1,Novosphingobium sp. AAP1,Bacteria; Pseudomonadati; Pseudomonadota; Alphaproteobacteria; Sphingomonadales; Sphingomonadaceae; Novosphingobium,0,1_106_TsaM#142,divergent,0.4755,0,0,0,0,[alpha]
NZ_LJHO01000001.1:125789-126878:1,WP_054130390.1,IP65_RS00520,,aromatic ring-hydroxylating dioxygenase subunit alpha,1_106_TsaM,1,174.9,0.9769,1.7e-51,NZ_LJHO01000001.1,125789,126878,1,Novosphingobium sp. AAP1,Bacteria; Pseudomonadati; Pseudomonadota; Alphaproteobacteria; Sphingomonadales; Sphingomonadaceae; Novosphingobium,0,1_106_TsaM#78,novel_candidate,0.2928,0,0,0,0,[alpha]
NZ_LKEU01000030.1:148228-149197:1,WP_070371349.1,ACWI_RS10255,,aromatic ring-hydroxylating dioxygenase subunit alpha,1_106_TsaM,1,96.5,0.4986,1.1e-27,NZ_LKEU01000030.1,148228,149197,1,Acetobacterium wieringae,Bacteria; Bacillati; Bacillota; Clostridia; Eubacteriales; Eubacteriaceae; Acetobacterium,0,1_106_TsaM#123,novel_candidate,0.2334,0,0,0,0,[alpha]
NZ_LLWF02000042.1:27326-28358:1,WP_058389466.1,APZ41_RS12955,,aromatic ring-hydroxylating dioxygenase subunit alpha,1_106_TsaM,1,310.9,0.9942,7.1e-93,NZ_LLWF02000042.1,27326,28358,1,Roseomonas mucosa,Bacteria; Pseudomonadati; Pseudomonadota; Alphaproteobacteria; Acetobacterales; Roseomonadaceae; Roseomonas,0,1_106_TsaM#36,divergent,0.4299,0,0,0,0,[alpha] > reductase
NZ_LLWF02000042.1:33080-34145:-1,WP_051004974.1,APZ41_RS12985,,aromatic ring-hydroxylating dioxygenase subunit alpha,1_106_TsaM,1,200.9,0.9885,2.1e-59,NZ_LLWF02000042.1,33080,34145,-1,Roseomonas mucosa,Bacteria; Pseudomonadati; Pseudomonadota; Alphaproteobacteria; Acetobacterales; Roseomonadaceae; Roseomonas,0,1_106_TsaM#57,novel_candidate,0.3146,0,0,0,0,[alpha]
NZ_LLWQ01000143.1:6027-7068:1,WP_058097523.1,AQY21_RS09935,,aromatic ring-hydroxylating dioxygenase subunit alpha,1_106_TsaM,1,278.7,0.9885,4.4e-83,NZ_LLWQ01000143.1,6027,7068,1,Paracoccus sp. MKU1,Bacteria; Pseudomonadati; Pseudomonadota; Alphaproteobacteria; Rhodobacterales; Paracoccaceae; Paracoccus,0,1_106_TsaM#9,core,0.8825,1,0,0,1,regulator > [alpha] > reductase
NZ_LLWQ01000192.1:32272-33343:1,WP_058098628.1,AQY21_RS16085,,aromatic ring-hydroxylating dioxygenase subunit alpha,1_106_TsaM,1,255.1,0.9856,6.9e-76,NZ_LLWQ01000192.1,32272,33343,1,Paracoccus sp. MKU1,Bacteria; Pseudomonadati; Pseudomonadota; Alphaproteobacteria; Rhodobacterales; Paracoccaceae; Paracoccus,0,1_106_TsaM#7,divergent,0.4308,1,0,0,1,regulator > regulator > [alpha] > reductase
NZ_LLXZ01000225.1:14019-15063:-1,WP_057840720.1,CQ12_RS39980,,aromatic ring-hydroxylating dioxygenase subunit alpha,1_106_TsaM,1,234.2,0.9827,1.6e-69,NZ_LLXZ01000225.1,14019,15063,-1,Bradyrhizobium jicamae,Bacteria; Pseudomonadati; Pseudomonadota; Alphaproteobacteria; Hyphomicrobiales; Nitrobacteraceae; Bradyrhizobium,0,1_106_TsaM#28,divergent,0.4209,0,0,0,0,transporter > [alpha]
NZ_LLYB01000073.1:32549-33593:-1,WP_057859517.1,CQ14_RS19730,,aromatic ring-hydroxylating dioxygenase subunit alpha,1_106_TsaM,1,234.0,0.9827,1.8e-69,NZ_LLYB01000073.1,32549,33593,-1,Bradyrhizobium lablabi,Bacteria; Pseudomonadati; Pseudomonadota; Alphaproteobacteria; Hyphomicrobiales; Nitrobacteraceae; Bradyrhizobium,0,1_106_TsaM#55,divergent,0.4254,0,0,0,0,transporter > [alpha]
NZ_LLZJ01000414.1:34875-35946:1,WP_059148809.1,ADL28_RS40490,,aromatic ring-hydroxylating dioxygenase subunit alpha,1_106_TsaM,1,243.2,0.9798,2.8e-72,NZ_LLZJ01000414.1,34875,35946,1,Streptomyces violaceusniger,Bacteria; Bacillati; Actinomycetota; Actinomycetes; Kitasatosporales; Streptomycetaceae; Streptomyces; Streptomyces violaceusniger group,0,1_106_TsaM#1,core,0.8102,0,0,0,0,[alpha] > hypothetical > reductase
NZ_LLZN01000102.1:44086-45292:-1,WP_062664880.1,ADL34_RS31485,,aromatic ring-hydroxylating dioxygenase subunit alpha,1_106_TsaM,1,95.3,0.4726,2.5e-27,NZ_LLZN01000102.1,44086,45292,-1,Streptomyces sp. NRRL WC-3605,Bacteria; Bacillati; Actinomycetota; Actinomycetes; Kitasatosporales; Streptomycetaceae; Streptomyces,0,1_106_TsaM#8,core,0.9021,0,0,0,0,[alpha] > other > hypothetical
NZ_LMDL01000008.1:17768-18842:-1,WP_057610122.1,ASD08_RS12075,,aromatic ring-hydroxylating dioxygenase subunit alpha,1_106_TsaM,1,223.3,0.9798,3e-66,NZ_LMDL01000008.1,17768,18842,-1,Streptomyces sp. Root369,Bacteria; Bacillati; Actinomycetota; Actinomycetes; Kitasatosporales; Streptomycetaceae; Streptomyces,0,1_106_TsaM#1,core,0.8981,1,0,0,1,[alpha] > hypothetical > reductase
NZ_LMDY01000013.1:220204-221299:1,WP_056319026.1,ASC67_RS10080,,Rieske 2Fe-2S domain-containing protein,1_106_TsaM,1,145.2,0.9885,1.8e-42,NZ_LMDY01000013.1,220204,221299,1,Methylibium sp. Root1272,Bacteria; Pseudomonadati; Pseudomonadota; Betaproteobacteria; Burkholderiales; Sphaerotilaceae; Methylibium,0,1_106_TsaM#31,novel_candidate,0.3045,0,0,0,0,[alpha] > other > other > transporter > transporter > transporter > other > other > transporter > other
NZ_LMDY01000016.1:93016-94069:1,WP_056323514.1,ASC67_RS15995,,aromatic ring-hydroxylating dioxygenase subunit alpha,1_106_TsaM,1,268.2,0.9885,7.2e-80,NZ_LMDY01000016.1,93016,94069,1,Methylibium sp. Root1272,Bacteria; Pseudomonadati; Pseudomonadota; Betaproteobacteria; Burkholderiales; Sphaerotilaceae; Methylibium,0,1_106_TsaM#18,novel_candidate,0.3464,0,0,0,0,[alpha]
NZ_LMEQ01000004.1:124599-125667:-1,WP_057601740.1,ASD48_RS13115,,aromatic ring-hydroxylating dioxygenase subunit alpha,1_106_TsaM,1,232.6,0.9798,4.5e-69,NZ_LMEQ01000004.1,124599,125667,-1,Streptomyces sp. Root1310,Bacteria; Bacillati; Actinomycetota; Actinomycetes; Kitasatosporales; Streptomycetaceae; Streptomyces,0,1_106_TsaM#1,core,0.9414,0,0,0,0,[alpha] > hypothetical > reductase
NZ_LMFI01000015.1:79504-80587:1,WP_056687959.1,ASD30_RS23535,,Rieske 2Fe-2S domain-containing protein,1_106_TsaM,1,79.6,0.4697,1.6e-22,NZ_LMFI01000015.1,79504,80587,1,Nocardioides sp. Root140,Bacteria; Bacillati; Actinomycetota; Actinomycetes; Propionibacteriales; Nocardioidaceae; Nocardioides,0,1_106_TsaM#13,novel_candidate,0.2857,1,0,0,1,dehydrogenase > dehydrogenase > other > other > reductase > other > hydrolase > reductase > reductase > other > hydrolase > transposon > [alpha] > hypothetical > other
NZ_LMFL01000010.1:65275-66397:1,WP_055826964.1,ASD25_RS06680,,aromatic ring-hydroxylating dioxygenase subunit alpha,1_106_TsaM,1,91.1,0.4669,5e-26,NZ_LMFL01000010.1,65275,66397,1,Brevundimonas sp. Root1423,Bacteria; Pseudomonadati; Pseudomonadota; Alphaproteobacteria; Caulobacterales; Caulobacteraceae; Brevundimonas,0,1_106_TsaM#33,novel_candidate,0.2932,0,0,0,0,[alpha]
NZ_LMFL01000012.1:588929-590051:-1,WP_056617009.1,ASD25_RS10240,,aromatic ring-hydroxylating dioxygenase subunit alpha,1_106_TsaM,1,88.7,0.4697,2.6e-25,NZ_LMFL01000012.1,588929,590051,-1,Brevundimonas sp. Root1423,Bacteria; Pseudomonadati; Pseudomonadota; Alphaproteobacteria; Caulobacterales; Caulobacteraceae; Brevundimonas,0,1_106_TsaM#33,novel_candidate,0.284,0,0,0,0,other > [alpha]
NZ_LMFV01000023.1:145363-146404:1,WP_056240838.1,ASD50_RS11485,,aromatic ring-hydroxylating dioxygenase subunit alpha,1_106_TsaM,1,249.7,0.9885,3e-74,NZ_LMFV01000023.1,145363,146404,1,Mesorhizobium sp. Root552,Bacteria; Pseudomonadati; Pseudomonadota; Alphaproteobacteria; Hyphomicrobiales; Phyllobacteriaceae; Mesorhizobium,0,1_106_TsaM#3,core,0.78,1,0,0,1,[alpha] > reductase > other > reductase
NZ_LMGV01000006.1:320831-321851:1,WP_056711476.1,ASD81_RS13600,,aromatic ring-hydroxylating dioxygenase subunit alpha,1_106_TsaM,1,130.1,0.4697,6.7e-38,NZ_LMGV01000006.1,320831,321851,1,Nocardioides sp. Root614,Bacteria; Bacillati; Actinomycetota; Actinomycetes; Propionibacteriales; Nocardioidaceae; Nocardioides,0,1_106_TsaM#24,novel_candidate,0.3077,0,0,0,0,regulator > reductase > [alpha]
NZ_LMHI01000004.1:107700-108753:-1,WP_056723317.1,ASD91_RS07850,,aromatic ring-hydroxylating dioxygenase subunit alpha,1_106_TsaM,1,411.4,0.9914,2e-123,NZ_LMHI01000004.1,107700,108753,-1,Pseudomonas sp. Root68,Bacteria; Pseudomonadati; Pseudomonadota; Gammaproteobacteria; Pseudomonadales; Pseudomonadaceae; Pseudomonas,0,1_106_TsaM#60,novel_candidate,0.3671,1,0,0,1,[alpha] > reductase > hydrolase
NZ_LMHJ01000002.1:320843-321863:1,WP_056711476.1,ASD84_RS13815,,aromatic ring-hydroxylating dioxygenase subunit alpha,1_106_TsaM,1,130.1,0.4697,6.7e-38,NZ_LMHJ01000002.1,320843,321863,1,Nocardioides sp. Root682,Bacteria; Bacillati; Actinomycetota; Actinomycetes; Propionibacteriales; Nocardioidaceae; Nocardioides,0,1_106_TsaM#24,novel_candidate,0.3077,0,0,0,0,regulator > reductase > [alpha]
NZ_LMHZ01000003.1:61963-63037:1,WP_057289264.1,ASE07_RS02650,,aromatic ring-hydroxylating dioxygenase subunit alpha,1_106_TsaM,1,245.0,0.9654,7.7e-73,NZ_LMHZ01000003.1,61963,63037,1,Noviherbaspirillum sp. Root189,Bacteria; Pseudomonadati; Pseudomonadota; Betaproteobacteria; Burkholderiales; Oxalobacteraceae; Noviherbaspirillum,0,1_106_TsaM#43,core,0.6298,0,0,0,0,transporter > [alpha]
NZ_LMHZ01000003.1:118967-120056:-1,WP_057289308.1,ASE07_RS02910,,aromatic ring-hydroxylating dioxygenase subunit alpha,1_106_TsaM,1,207.5,0.9769,2e-61,NZ_LMHZ01000003.1,118967,120056,-1,Noviherbaspirillum sp. Root189,Bacteria; Pseudomonadati; Pseudomonadota; Betaproteobacteria; Burkholderiales; Oxalobacteraceae; Noviherbaspirillum,0,1_106_TsaM#122,novel_candidate,0.3153,0,0,0,0,[alpha]
NZ_LMHZ01000003.1:120345-121383:-1,WP_057289309.1,ASE07_RS02915,,aromatic ring-hydroxylating dioxygenase subunit alpha,1_106_TsaM,1,199.7,0.7608,4.7e-59,NZ_LMHZ01000003.1,120345,121383,-1,Noviherbaspirillum sp. Root189,Bacteria; Pseudomonadati; Pseudomonadota; Betaproteobacteria; Burkholderiales; Oxalobacteraceae; Noviherbaspirillum,0,1_106_TsaM#121,novel_candidate,0.3333,0,0,0,0,[alpha]
NZ_LMIB01000018.1:161175-162246:-1,WP_056383776.1,ASE00_RS21455,,aromatic ring-hydroxylating dioxygenase subunit alpha,1_106_TsaM,1,225.4,0.9914,7.1e-67,NZ_LMIB01000018.1,161175,162246,-1,Sphingomonas sp. Root710,Bacteria; Pseudomonadati; Pseudomonadota; Alphaproteobacteria; Sphingomonadales; Sphingomonadaceae; Sphingomonas,0,1_106_TsaM#18,novel_candidate,0.3123,0,0,0,0,other > [alpha] > reductase > alpha_other
NZ_LMID01000015.1:103127-104216:-1,WP_056365004.1,ASE22_RS22635,,aromatic ring-hydroxylating dioxygenase subunit alpha,1_106_TsaM,1,198.9,0.9942,8e-59,NZ_LMID01000015.1,103127,104216,-1,Sphingomonas sp. Root720,Bacteria; Pseudomonadati; Pseudomonadota; Alphaproteobacteria; Sphingomonadales; Sphingomonadaceae; Sphingomonas,0,1_106_TsaM#120,novel_candidate,0.321,0,0,0,0,[alpha] > other > other > hypothetical > reductase
NZ_LMIE01000001.1:106852-107947:-1,WP_056264259.1,ASE11_RS00550,,aromatic ring-hydroxylating dioxygenase subunit alpha,1_106_TsaM,1,255.7,0.9683,4.4e-76,NZ_LMIE01000001.1,106852,107947,-1,Hydrogenophaga sp. Root209,Bacteria; Pseudomonadati; Pseudomonadota; Betaproteobacteria; Burkholderiales; Comamonadaceae; Hydrogenophaga,0,1_106_TsaM#43,core,0.5793,1,0,0,1,transporter > transporter > transporter > transporter > transporter > regulator > reductase > [alpha]
NZ_LMIE01000004.1:16520-17606:-1,WP_056266930.1,ASE11_RS04545,,aromatic ring-hydroxylating dioxygenase subunit alpha,1_106_TsaM,1,367.3,0.9914,5.2e-110,NZ_LMIE01000004.1,16520,17606,-1,Hydrogenophaga sp. Root209,Bacteria; Pseudomonadati; Pseudomonadota; Betaproteobacteria; Burkholderiales; Comamonadaceae; Hydrogenophaga,0,1_106_TsaM#27,novel_candidate,0.3742,0,0,0,0,[alpha] > transporter
NZ_LMIH01000045.1:96400-97516:-1,WP_057206900.1,ASE31_RS30265,,aromatic ring-hydroxylating dioxygenase subunit alpha,1_106_TsaM,1,267.8,0.9712,9.5e-80,NZ_LMIH01000045.1,96400,97516,-1,Acidovorax sp. Root217,Bacteria; Pseudomonadati; Pseudomonadota; Betaproteobacteria; Burkholderiales; Comamonadaceae; Acidovorax,0,1_106_TsaM#43,core,0.6132,0,0,0,0,transporter > transporter > transporter > transporter > transporter > regulator > reductase > [alpha]
NZ_LMIJ01000028.1:38796-39912:1,WP_057268858.1,ASE28_RS24625,,aromatic ring-hydroxylating dioxygenase subunit alpha,1_106_TsaM,1,264.7,0.9769,7.9e-79,NZ_LMIJ01000028.1,38796,39912,1,Acidovorax sp. Root219,Bacteria; Pseudomonadati; Pseudomonadota; Betaproteobacteria; Burkholderiales; Comamonadaceae; Acidovorax,0,1_106_TsaM#43,core,0.6074,0,0,0,0,transporter > transporter > transporter > transporter > transporter > regulator > reductase > [alpha] > other
NZ_LMIZ01000030.1:44090-45230:-1,WP_057581090.1,ASE41_RS23085,,aromatic ring-hydroxylating dioxygenase subunit alpha,1_106_TsaM,1,91.5,0.4697,3.7e-26,NZ_LMIZ01000030.1,44090,45230,-1,Streptomyces sp. Root264,Bacteria; Bacillati; Actinomycetota; Actinomycetes; Kitasatosporales; Streptomycetaceae; Streptomyces,0,1_106_TsaM#8,core,0.8652,0,0,0,0,other > other > hypothetical > other > [alpha]
NZ_LMIZ01000053.1:72001-73069:1,WP_057582778.1,ASE41_RS31270,,aromatic ring-hydroxylating dioxygenase subunit alpha,1_106_TsaM,1,232.5,0.9769,4.9e-69,NZ_LMIZ01000053.1,72001,73069,1,Streptomyces sp. Root264,Bacteria; Bacillati; Actinomycetota; Actinomycetes; Kitasatosporales; Streptomycetaceae; Streptomyces,0,1_106_TsaM#1,core,0.9375,1,0,0,1,[alpha] > hypothetical > reductase
NZ_LMKV01000003.1:77893-78931:-1,WP_056685044.1,ASE85_RS05810,,aromatic ring-hydroxylating dioxygenase subunit alpha,1_106_TsaM,1,168.3,0.9798,1.7e-49,NZ_LMKV01000003.1,77893,78931,-1,Sphingobium sp. Leaf26,Bacteria; Pseudomonadati; Pseudomonadota; Alphaproteobacteria; Sphingomonadales; Sphingomonadaceae; Sphingobium,0,1_106_TsaM#34,novel_candidate,0.3217,0,0,0,0,[alpha]
NZ_LMKV01000010.1:41575-42643:-1,WP_056686781.1,ASE85_RS08785,,aromatic ring-hydroxylating dioxygenase subunit alpha,1_106_TsaM,1,304.4,0.9885,7e-91,NZ_LMKV01000010.1,41575,42643,-1,Sphingobium sp. Leaf26,Bacteria; Pseudomonadati; Pseudomonadota; Alphaproteobacteria; Sphingomonadales; Sphingomonadaceae; Sphingobium,0,1_106_TsaM#81,divergent,0.4566,0,0,0,0,[alpha]
NZ_LMKV01000032.1:692-1739:-1,WP_056693165.1,ASE85_RS20440,,aromatic ring-hydroxylating dioxygenase subunit alpha,1_106_TsaM,1,298.9,0.9539,3.3e-89,NZ_LMKV01000032.1,692,1739,-1,Sphingobium sp. Leaf26,Bacteria; Pseudomonadati; Pseudomonadota; Alphaproteobacteria; Sphingomonadales; Sphingomonadaceae; Sphingobium,0,1_106_TsaM#119,novel_candidate,0.3478,0,0,0,0,other > reductase > other > alpha_other > other > [alpha] > dehydrogenase
NZ_LMKV01000032.1:4251-5295:-1,WP_056693176.1,ASE85_RS20450,,aromatic ring-hydroxylating dioxygenase subunit alpha,1_106_TsaM,1,168.3,0.9798,1.6e-49,NZ_LMKV01000032.1,4251,5295,-1,Sphingobium sp. Leaf26,Bacteria; Pseudomonadati; Pseudomonadota; Alphaproteobacteria; Sphingomonadales; Sphingomonadaceae; Sphingobium,0,1_106_TsaM#34,novel_candidate,0.3407,0,0,0,0,other > reductase > other > [alpha] > other > alpha_other > dehydrogenase
NZ_LMKV01000032.1:144045-145092:1,WP_056693667.1,ASE85_RS21040,,aromatic ring-hydroxylating dioxygenase subunit alpha,1_106_TsaM,1,299.7,0.9914,1.9e-89,NZ_LMKV01000032.1,144045,145092,1,Sphingobium sp. Leaf26,Bacteria; Pseudomonadati; Pseudomonadota; Alphaproteobacteria; Sphingomonadales; Sphingomonadaceae; Sphingobium,0,1_106_TsaM#10,core,0.899,0,0,0,0,[alpha]
NZ_LMLH01000023.1:176183-177260:1,WP_060542124.1,ASE98_RS15025,,aromatic ring-hydroxylating dioxygenase subunit alpha,1_106_TsaM,1,274.3,0.9654,9.5e-82,NZ_LMLH01000023.1,176183,177260,1,Pseudomonas sp. Leaf48,Bacteria; Pseudomonadati; Pseudomonadota; Gammaproteobacteria; Pseudomonadales; Pseudomonadaceae; Pseudomonas,0,1_106_TsaM#5,core,0.893,0,0,0,0,reductase > [alpha] > dehydrogenase
NZ_LMMT01000014.1:43467-44481:-1,WP_056663851.1,ASF45_RS15070,,aromatic ring-hydroxylating dioxygenase subunit alpha,1_106_TsaM,1,239.7,0.9856,3.3e-71,NZ_LMMT01000014.1,43467,44481,-1,Pseudorhodoferax sp. Leaf265,Bacteria; Pseudomonadati; Pseudomonadota; Betaproteobacteria; Burkholderiales; Comamonadaceae,0,1_106_TsaM#16,novel_candidate,0.347,0,0,0,0,[alpha] > transporter > other
NZ_LMNA01000006.1:133787-134801:1,WP_056899242.1,ASF44_RS10890,,aromatic ring-hydroxylating dioxygenase subunit alpha,1_106_TsaM,1,245.4,0.9856,5.9e-73,NZ_LMNA01000006.1,133787,134801,1,Pseudorhodoferax sp. Leaf274,Bacteria; Pseudomonadati; Pseudomonadota; Betaproteobacteria; Burkholderiales; Comamonadaceae,0,1_106_TsaM#16,novel_candidate,0.3619,1,0,0,1,[alpha] > transporter > dehydrogenase > reductase > dehydrogenase
NZ_LMPF01000002.1:302688-303828:-1,WP_056353529.1,ASG35_RS05170,,aromatic ring-hydroxylating dioxygenase subunit alpha,1_106_TsaM,1,103.3,0.4784,9.9e-30,NZ_LMPF01000002.1,302688,303828,-1,Burkholderia sp. Leaf177,Bacteria; Pseudomonadati; Pseudomonadota; Betaproteobacteria; Burkholderiales; Burkholderiaceae; Burkholderia,0,1_106_TsaM#0,core,0.8207,0,0,0,0,[alpha] > hypothetical
NZ_LMOA01000012.1:164208-165282:-1,WP_056837206.1,ASF84_RS08555,,aromatic ring-hydroxylating dioxygenase subunit alpha,1_106_TsaM,1,271.9,0.9654,5.3e-81,NZ_LMOA01000012.1,164208,165282,-1,Pseudomonas sp. Leaf127,Bacteria; Pseudomonadati; Pseudomonadota; Gammaproteobacteria; Pseudomonadales; Pseudomonadaceae; Pseudomonas,0,1_106_TsaM#5,core,0.8021,0,0,0,0,reductase > [alpha]
NZ_LMOA01000012.1:490386-491484:-1,WP_056837768.1,ASF84_RS10085,,aromatic ring-hydroxylating dioxygenase subunit alpha,1_106_TsaM,1,224.5,0.9856,1.3e-66,NZ_LMOA01000012.1,490386,491484,-1,Pseudomonas sp. Leaf127,Bacteria; Pseudomonadati; Pseudomonadota; Gammaproteobacteria; Pseudomonadales; Pseudomonadaceae; Pseudomonas,0,1_106_TsaM#21,novel_candidate,0.3585,1,0,0,1,reductase > [alpha]
NZ_LMOA01000023.1:119052-120105:-1,WP_056840935.1,ASF84_RS21670,,aromatic ring-hydroxylating dioxygenase subunit alpha,1_106_TsaM,1,421.2,0.9942,2.1e-126,NZ_LMOA01000023.1,119052,120105,-1,Pseudomonas sp. Leaf127,Bacteria; Pseudomonadati; Pseudomonadota; Gammaproteobacteria; Pseudomonadales; Pseudomonadaceae; Pseudomonas,0,1_106_TsaM#60,novel_candidate,0.3754,0,0,0,0,[alpha] > reductase > hydrolase
NZ_LMPZ01000001.1:521271-522375:1,WP_056098632.1,ASG17_RS02515,,aromatic ring-hydroxylating dioxygenase subunit alpha,1_106_TsaM,1,83.1,0.4697,1.4e-23,NZ_LMPZ01000001.1,521271,522375,1,Brevundimonas sp. Leaf363,Bacteria; Pseudomonadati; Pseudomonadota; Alphaproteobacteria; Caulobacterales; Caulobacteraceae; Brevundimonas,0,1_106_TsaM#33,novel_candidate,0.26,0,0,0,0,[alpha]
NZ_LMPF01000012.1:159191-160241:1,WP_056356683.1,ASG35_RS11580,,aromatic ring-hydroxylating dioxygenase subunit alpha,1_106_TsaM,1,267.8,0.9942,9.3e-80,NZ_LMPF01000012.1,159191,160241,1,Burkholderia sp. Leaf177,Bacteria; Pseudomonadati; Pseudomonadota; Betaproteobacteria; Burkholderiales; Burkholderiaceae; Burkholderia,0,1_106_TsaM#6,core,0.7799,0,0,0,0,[alpha] > hypothetical > transporter > other
NZ_LMQJ01000010.1:108246-109311:-1,WP_057196342.1,ASG57_RS11930,,aromatic ring-hydroxylating dioxygenase subunit alpha,1_106_TsaM,1,101.4,0.4697,3.6e-29,NZ_LMQJ01000010.1,108246,109311,-1,Bradyrhizobium sp. Leaf396,Bacteria; Pseudomonadati; Pseudomonadota; Alphaproteobacteria; Hyphomicrobiales; Nitrobacteraceae; Bradyrhizobium,0,1_106_TsaM#0,core,0.6587,0,0,0,0,hydrolase > other > other > other > [alpha] > reductase
NZ_LMQL01000008.1:146573-147683:-1,WP_055894302.1,ASG30_RS06895,,aromatic ring-hydroxylating dioxygenase subunit alpha,1_106_TsaM,1,394.5,0.9942,2.7e-118,NZ_LMQL01000008.1,146573,147683,-1,Ramlibacter sp. Leaf400,Bacteria; Pseudomonadati; Pseudomonadota; Betaproteobacteria; Burkholderiales; Comamonadaceae; Ramlibacter,0,1_106_TsaM#14,novel_candidate,0.3458,1,0,0,1,[alpha] > reductase > transporter
NZ_LMQT01000025.1:50359-51418:1,WP_056509407.1,ASG43_RS21430,,aromatic ring-hydroxylating dioxygenase subunit alpha,1_106_TsaM,1,115.0,0.5072,2.7e-33,NZ_LMQT01000025.1,50359,51418,1,Aureimonas sp. Leaf454,Bacteria; Pseudomonadati; Pseudomonadota; Alphaproteobacteria; Hyphomicrobiales; Aurantimonadaceae; Aureimonas,0,1_106_TsaM#29,novel_candidate,0.2911,0,0,0,0,[alpha]
NZ_LMQW01000012.1:338162-339221:-1,WP_056688459.1,ASG62_RS09780,,aromatic ring-hydroxylating dioxygenase subunit alpha,1_106_TsaM,1,124.3,0.5101,4e-36,NZ_LMQW01000012.1,338162,339221,-1,Aureimonas sp. Leaf427,Bacteria; Pseudomonadati; Pseudomonadota; Alphaproteobacteria; Hyphomicrobiales; Aurantimonadaceae; Aureimonas,0,1_106_TsaM#29,novel_candidate,0.274,0,0,0,0,[alpha] > other
NZ_LMQL01000009.1:200742-201834:1,WP_055895158.1,ASG30_RS09175,,aromatic ring-hydroxylating dioxygenase subunit alpha,1_106_TsaM,1,315.9,0.9856,2.1e-94,NZ_LMQL01000009.1,200742,201834,1,Ramlibacter sp. Leaf400,Bacteria; Pseudomonadati; Pseudomonadota; Betaproteobacteria; Burkholderiales; Comamonadaceae; Ramlibacter,0,1_106_TsaM#51,novel_candidate,0.3674,0,0,0,0,transporter > [alpha] > reductase > other > other > hydrolase > regulator > reductase > hydrolase > other > transporter > other > reductase
NZ_LMQL01000012.1:517313-518372:1,WP_055899971.1,ASG30_RS18190,,aromatic ring-hydroxylating dioxygenase subunit alpha,1_106_TsaM,1,359.6,0.9856,1.2e-107,NZ_LMQL01000012.1,517313,518372,1,Ramlibacter sp. Leaf400,Bacteria; Pseudomonadati; Pseudomonadota; Betaproteobacteria; Burkholderiales; Comamonadaceae; Ramlibacter,0,1_106_TsaM#27,novel_candidate,0.3735,0,0,0,0,regulator > [alpha] > transporter > other
NZ_LMQY01000001.1:337847-338906:-1,WP_056688459.1,ASG54_RS01565,,aromatic ring-hydroxylating dioxygenase subunit alpha,1_106_TsaM,1,124.3,0.5101,4e-36,NZ_LMQY01000001.1,337847,338906,-1,Aureimonas sp. Leaf460,Bacteria; Pseudomonadati; Pseudomonadota; Alphaproteobacteria; Hyphomicrobiales; Aurantimonadaceae; Aureimonas,0,1_106_TsaM#29,novel_candidate,0.274,0,0,0,0,[alpha] > other
NZ_LMTZ01000024.1:56539-57616:-1,WP_235595803.1,BC008_RS05430,,aromatic ring-hydroxylating dioxygenase subunit alpha,1_106_TsaM,1,117.3,0.5187,5.5e-34,NZ_LMTZ01000024.1,56539,57616,-1,Mastigocoleus testarum BC008,Bacteria; Bacillati; Cyanobacteriota; Cyanophyceae; Nostocales; Hapalosiphonaceae; Mastigocoleus,0,1_106_TsaM#47,novel_candidate,0.2382,0,0,0,0,other > other > hypothetical > hydrolase > reductase > alpha_other > [alpha] > reductase
NZ_LMTZ01000099.1:26186-27641:-1,WP_058183845.1,BC008_RS22480,,Rieske 2Fe-2S domain-containing protein,1_106_TsaM,1,112.8,0.5014,1.2e-32,NZ_LMTZ01000099.1,26186,27641,-1,Mastigocoleus testarum BC008,Bacteria; Bacillati; Cyanobacteriota; Cyanophyceae; Nostocales; Hapalosiphonaceae; Mastigocoleus,0,1_106_TsaM#118,novel_candidate,0.2358,0,0,0,0,[alpha]
NZ_LMXT01000008.1:2243-3308:1,WP_034371507.1,APV28_RS00505,,aromatic ring-hydroxylating dioxygenase subunit alpha,1_106_TsaM,1,259.5,0.9625,3e-77,NZ_LMXT01000008.1,2243,3308,1,Comamonas testosteroni,Bacteria; Pseudomonadati; Pseudomonadota; Betaproteobacteria; Burkholderiales; Comamonadaceae; Comamonas,0,1_106_TsaM#5,core,0.7374,0,0,0,0,reductase > [alpha]
NZ_LMVE01000135.1:11148-12213:1,WP_057179114.1,ASL19_RS16110,,aromatic ring-hydroxylating dioxygenase subunit alpha,1_106_TsaM,1,105.7,0.5821,1.8e-30,NZ_LMVE01000135.1,11148,12213,1,Cylindrospermopsis sp. CR12,Bacteria; Bacillati; Cyanobacteriota; Cyanophyceae; Nostocales; Aphanizomenonaceae; Cylindrospermopsis,0,1_106_TsaM#50,novel_candidate,0.268,0,0,0,0,[alpha] > other > other > hypothetical
NZ_LMXT01000010.1:117435-118515:-1,WP_053283284.1,APV28_RS01220,,Rieske 2Fe-2S domain-containing protein,1_106_TsaM,1,281.8,0.9856,5.2e-84,NZ_LMXT01000010.1,117435,118515,-1,Comamonas testosteroni,Bacteria; Pseudomonadati; Pseudomonadota; Betaproteobacteria; Burkholderiales; Comamonadaceae; Comamonas,0,1_106_TsaM#11,core,0.9931,1,0,0,1,transporter > [alpha] > reductase > dehydrogenase
NZ_LNCU01000106.1:71477-72545:-1,WP_066513075.1,AS156_RS31410,,aromatic ring-hydroxylating dioxygenase subunit alpha,1_106_TsaM,1,353.6,0.9914,7.5e-106,NZ_LNCU01000106.1,71477,72545,-1,Bradyrhizobium macuxiense,Bacteria; Pseudomonadati; Pseudomonadota; Alphaproteobacteria; Hyphomicrobiales; Nitrobacteraceae; Bradyrhizobium,0,1_106_TsaM#14,novel_candidate,0.3552,0,0,0,0,[alpha]
NZ_LOCL01000030.1:88656-89901:1,WP_058847296.1,AT728_RS10345,,aromatic ring-hydroxylating dioxygenase subunit alpha,1_106_TsaM,1,86.1,0.4669,1.7e-24,NZ_LOCL01000030.1,88656,89901,1,Streptomyces silvensis,Bacteria; Bacillati; Actinomycetota; Actinomycetes; Kitasatosporales; Streptomycetaceae; Streptomyces,0,1_106_TsaM#38,novel_candidate,0.3133,0,0,0,0,reductase > hydrolase > other > other > [alpha]
NZ_LOSU01000002.1:67353-68415:-1,WP_059697621.1,WS45_RS00760,,Rieske 2Fe-2S domain-containing protein,1_106_TsaM,1,269.6,0.9654,2.6e-80,NZ_LOSU01000002.1,67353,68415,-1,Burkholderia sp. RF2-non_BP3,Bacteria; Pseudomonadati; Pseudomonadota; Betaproteobacteria; Burkholderiales; Burkholderiaceae; Burkholderia,0,1_106_TsaM#4,core,0.9514,0,0,0,0,alpha_other > reductase > [alpha]
NZ_LOSU01000015.1:64228-65344:1,WP_059534449.1,WS45_RS06685,,aromatic ring-hydroxylating dioxygenase subunit alpha,1_106_TsaM,1,99.7,0.4813,1.2e-28,NZ_LOSU01000015.1,64228,65344,1,Burkholderia sp. RF2-non_BP3,Bacteria; Pseudomonadati; Pseudomonadota; Betaproteobacteria; Burkholderiales; Burkholderiaceae; Burkholderia,0,1_106_TsaM#0,core,0.875,0,0,0,0,[alpha]
NZ_LOTQ01000045.1:48997-50119:1,WP_059548238.1,WI41_RS24245,,aromatic ring-hydroxylating dioxygenase subunit alpha,1_106_TsaM,1,102.2,0.4784,2.1e-29,NZ_LOTQ01000045.1,48997,50119,1,Burkholderia latens,Bacteria; Pseudomonadati; Pseudomonadota; Betaproteobacteria; Burkholderiales; Burkholderiaceae; Burkholderia; Burkholderia cepacia complex,0,1_106_TsaM#0,core,0.8171,0,0,0,0,[alpha]
NZ_LOVS01000006.1:182672-183821:-1,WP_066566769.1,WS62_RS01500,,aromatic ring-hydroxylating dioxygenase subunit alpha,1_106_TsaM,1,109.8,0.4841,1e-31,NZ_LOVS01000006.1,182672,183821,-1,Burkholderia sp. ABCPW 14,Bacteria; Pseudomonadati; Pseudomonadota; Betaproteobacteria; Burkholderiales; Burkholderiaceae; Burkholderia,0,1_106_TsaM#0,core,0.887,0,0,0,0,[alpha]
NZ_LOTO01000077.1:14749-15865:-1,WP_059631446.1,WI39_RS22720,,aromatic ring-hydroxylating dioxygenase subunit alpha,1_106_TsaM,1,106.4,0.4755,1.1e-30,NZ_LOTO01000077.1,14749,15865,-1,Burkholderia ubonensis,Bacteria; Pseudomonadati; Pseudomonadota; Betaproteobacteria; Burkholderiales; Burkholderiaceae; Burkholderia; Burkholderia cepacia complex,0,1_106_TsaM#0,core,0.9107,0,0,0,0,[alpha]
NZ_LOWB01000010.1:26740-27799:1,WP_059568970.1,WS68_RS00590,,aromatic ring-hydroxylating dioxygenase subunit alpha,1_106_TsaM,1,189.8,0.9712,4.7e-56,NZ_LOWB01000010.1,26740,27799,1,Burkholderia sp. TSV86,Bacteria; Pseudomonadati; Pseudomonadota; Betaproteobacteria; Burkholderiales; Burkholderiaceae; Burkholderia,0,1_106_TsaM#117,novel_candidate,0.3034,0,0,0,0,[alpha] > hydrolase
NZ_LOWB01000040.1:27042-28056:-1,WP_059570121.1,WS68_RS07085,,aromatic ring-hydroxylating dioxygenase subunit alpha,1_106_TsaM,1,273.3,0.9914,2e-81,NZ_LOWB01000040.1,27042,28056,-1,Burkholderia sp. TSV86,Bacteria; Pseudomonadati; Pseudomonadota; Betaproteobacteria; Burkholderiales; Burkholderiaceae; Burkholderia,0,1_106_TsaM#32,novel_candidate,0.3841,0,0,0,0,other > other > other > other > other > hydrolase > other > [alpha]
NZ_LOSU01000063.1:130950-131955:-1,WP_059690377.1,WS45_RS29050,,aromatic ring-hydroxylating dioxygenase subunit alpha,1_106_TsaM,1,239.3,0.9769,4.2e-71,NZ_LOSU01000063.1,130950,131955,-1,Burkholderia sp. RF2-non_BP3,Bacteria; Pseudomonadati; Pseudomonadota; Betaproteobacteria; Burkholderiales; Burkholderiaceae; Burkholderia,0,1_106_TsaM#32,novel_candidate,0.3288,0,0,0,0,reductase > other > [alpha]
NZ_LOWA01000014.1:27000-28014:-1,WP_059513636.1,WS67_RS03190,,aromatic ring-hydroxylating dioxygenase subunit alpha,1_106_TsaM,1,272.5,0.9914,3.5e-81,NZ_LOWA01000014.1,27000,28014,-1,Burkholderia singularis,Bacteria; Pseudomonadati; Pseudomonadota; Betaproteobacteria; Burkholderiales; Burkholderiaceae; Burkholderia; pseudomallei group,0,1_106_TsaM#32,novel_candidate,0.3806,0,0,0,0,other > other > other > other > other > hydrolase > other > [alpha]
NZ_LOXM01000166.1:14821-15937:-1,WP_059754191.1,WJ33_RS20255,,aromatic ring-hydroxylating dioxygenase subunit alpha,1_106_TsaM,1,104.7,0.4755,3.5e-30,NZ_LOXM01000166.1,14821,15937,-1,Burkholderia ubonensis,Bacteria; Pseudomonadati; Pseudomonadota; Betaproteobacteria; Burkholderiales; Burkholderiaceae; Burkholderia; Burkholderia cepacia complex,0,1_106_TsaM#0,core,0.8929,0,0,0,0,[alpha]
NZ_LOYH01000002.1:25098-26154:1,WP_059727252.1,WS90_RS00255,,aromatic ring-hydroxylating dioxygenase subunit alpha,1_106_TsaM,1,270.2,0.9597,1.7e-80,NZ_LOYH01000002.1,25098,26154,1,Burkholderia cepacia,Bacteria; Pseudomonadati; Pseudomonadota; Betaproteobacteria; Burkholderiales; Burkholderiaceae; Burkholderia; Burkholderia cepacia complex,0,1_106_TsaM#4,core,0.9653,0,0,0,0,alpha_other > reductase > [alpha]
NZ_LPJR01000005.1:12678-13791:1,WP_060239685.1,WT56_RS04950,,aromatic ring-hydroxylating dioxygenase subunit alpha,1_106_TsaM,1,99.8,0.4755,1.1e-28,NZ_LPJR01000005.1,12678,13791,1,Burkholderia pseudomultivorans,Bacteria; Pseudomonadati; Pseudomonadota; Betaproteobacteria; Burkholderiales; Burkholderiaceae; Burkholderia; Burkholderia cepacia complex,0,1_106_TsaM#0,core,0.9249,0,0,0,0,[alpha]
NZ_LPJR01000025.1:54399-55449:1,WP_060240961.1,WT56_RS09910,,aromatic ring-hydroxylating dioxygenase subunit alpha,1_106_TsaM,1,471.2,0.9942,1.3e-141,NZ_LPJR01000025.1,54399,55449,1,Burkholderia pseudomultivorans,Bacteria; Pseudomonadati; Pseudomonadota; Betaproteobacteria; Burkholderiales; Burkholderiaceae; Burkholderia; Burkholderia cepacia complex,0,1_106_TsaM#15,novel_candidate,0.3692,1,0,0,1,[alpha] > reductase
NZ_LPJR01000033.1:55007-56072:-1,WP_060242790.1,WT56_RS16335,,aromatic ring-hydroxylating dioxygenase subunit alpha,1_106_TsaM,1,275.8,0.9769,3.3e-82,NZ_LPJR01000033.1,55007,56072,-1,Burkholderia pseudomultivorans,Bacteria; Pseudomonadati; Pseudomonadota; Betaproteobacteria; Burkholderiales; Burkholderiaceae; Burkholderia; Burkholderia cepacia complex,0,1_106_TsaM#89,core,0.8699,0,0,0,0,alpha_other > reductase > [alpha]
NZ_LPJX01000030.1:8660-9773:1,WP_060298784.1,WT57_RS11050,,aromatic ring-hydroxylating dioxygenase subunit alpha,1_106_TsaM,1,102.5,0.4755,1.6e-29,NZ_LPJX01000030.1,8660,9773,1,Burkholderia pseudomultivorans,Bacteria; Pseudomonadati; Pseudomonadota; Betaproteobacteria; Burkholderiales; Burkholderiaceae; Burkholderia; Burkholderia cepacia complex,0,1_106_TsaM#0,core,0.8889,0,0,0,0,[alpha]
NZ_LPJX01000043.1:4407-5445:1,WP_060252660.1,WT57_RS15985,,aromatic ring-hydroxylating dioxygenase subunit alpha,1_106_TsaM,1,263.9,0.9942,1.4e-78,NZ_LPJX01000043.1,4407,5445,1,Burkholderia pseudomultivorans,Bacteria; Pseudomonadati; Pseudomonadota; Betaproteobacteria; Burkholderiales; Burkholderiaceae; Burkholderia; Burkholderia cepacia complex,0,1_106_TsaM#86,divergent,0.5109,1,0,0,1,[alpha] > reductase > transporter
NZ_LPJX01000043.1:12392-13442:1,WP_060299271.1,WT57_RS16020,,aromatic ring-hydroxylating dioxygenase subunit alpha,1_106_TsaM,1,272.4,0.9914,3.7e-81,NZ_LPJX01000043.1,12392,13442,1,Burkholderia pseudomultivorans,Bacteria; Pseudomonadati; Pseudomonadota; Betaproteobacteria; Burkholderiales; Burkholderiaceae; Burkholderia; Burkholderia cepacia complex,0,1_106_TsaM#6,core,0.8094,1,0,0,1,[alpha] > reductase > hypothetical
NZ_LPLB01000080.1:4471-5509:1,WP_060336398.1,WT72_RS28575,,aromatic ring-hydroxylating dioxygenase subunit alpha,1_106_TsaM,1,261.3,0.9942,8.9e-78,NZ_LPLB01000080.1,4471,5509,1,Burkholderia pseudomultivorans,Bacteria; Pseudomonadati; Pseudomonadota; Betaproteobacteria; Burkholderiales; Burkholderiaceae; Burkholderia; Burkholderia cepacia complex,0,1_106_TsaM#86,divergent,0.5109,0,0,0,0,[alpha]
NZ_LPLB01000080.1:12437-13487:1,WP_060299271.1,WT72_RS28610,,aromatic ring-hydroxylating dioxygenase subunit alpha,1_106_TsaM,1,272.4,0.9914,3.7e-81,NZ_LPLB01000080.1,12437,13487,1,Burkholderia pseudomultivorans,Bacteria; Pseudomonadati; Pseudomonadota; Betaproteobacteria; Burkholderiales; Burkholderiaceae; Burkholderia; Burkholderia cepacia complex,0,1_106_TsaM#6,core,0.8094,1,0,0,1,[alpha] > reductase > hypothetical
NZ_LPLU01000017.1:34547-35663:1,WP_010099526.1,WM16_RS05355,,aromatic ring-hydroxylating dioxygenase subunit alpha,1_106_TsaM,1,107.5,0.4755,5.1e-31,NZ_LPLU01000017.1,34547,35663,1,Burkholderia ubonensis,Bacteria; Pseudomonadati; Pseudomonadota; Betaproteobacteria; Burkholderiales; Burkholderiaceae; Burkholderia; Burkholderia cepacia complex,0,1_106_TsaM#0,core,0.9171,0,0,0,0,[alpha]
NZ_LPJX01000048.1:58331-59396:-1,WP_060299459.1,WT57_RS17995,,aromatic ring-hydroxylating dioxygenase subunit alpha,1_106_TsaM,1,277.5,0.9769,1e-82,NZ_LPJX01000048.1,58331,59396,-1,Burkholderia pseudomultivorans,Bacteria; Pseudomonadati; Pseudomonadota; Betaproteobacteria; Burkholderiales; Burkholderiaceae; Burkholderia; Burkholderia cepacia complex,0,1_106_TsaM#89,core,0.884,0,0,0,0,alpha_other > reductase > [alpha]
NZ_LPMY01000019.1:59737-60847:1,WP_060148756.1,WT99_RS04560,,aromatic ring-hydroxylating dioxygenase subunit alpha,1_106_TsaM,1,104.1,0.487,5.4e-30,NZ_LPMY01000019.1,59737,60847,1,Burkholderia stagnalis,Bacteria; Pseudomonadati; Pseudomonadota; Betaproteobacteria; Burkholderiales; Burkholderiaceae; Burkholderia; Burkholderia cepacia complex,0,1_106_TsaM#0,core,0.8883,0,0,0,0,[alpha]
NZ_LQOX01000129.1:45672-46722:-1,WP_036417815.1,AWC07_RS20190,,aromatic ring-hydroxylating dioxygenase subunit alpha,1_106_TsaM,1,165.3,0.7118,1.4e-48,NZ_LQOX01000129.1,45672,46722,-1,Mycobacterium gastri,Bacteria; Bacillati; Actinomycetota; Actinomycetes; Mycobacteriales; Mycobacteriaceae; Mycobacterium,0,1_106_TsaM#30,novel_candidate,0.323,1,0,0,1,other > reductase > [alpha] > dehydrogenase
NZ_LQXG01000020.1:124484-125534:-1,WP_075191279.1,AWH62_RS14775,,Rieske 2Fe-2S domain-containing protein,1_106_TsaM,1,89.0,0.4726,2.2e-25,NZ_LQXG01000020.1,124484,125534,-1,Maricaulis sp. W15,Bacteria; Pseudomonadati; Pseudomonadota; Alphaproteobacteria; Maricaulales; Maricaulaceae; Maricaulis,0,1_106_TsaM#116,novel_candidate,0.244,0,0,0,0,[alpha] > other
NZ_LQZT01000001.1:334650-335688:-1,WP_066174791.1,AWJ14_RS01590,,aromatic ring-hydroxylating dioxygenase subunit alpha,1_106_TsaM,1,257.8,0.9914,1e-76,NZ_LQZT01000001.1,334650,335688,-1,Hoeflea olei,Bacteria; Pseudomonadati; Pseudomonadota; Alphaproteobacteria; Hyphomicrobiales; Rhizobiaceae; Hoeflea,0,1_106_TsaM#62,core,0.5875,0,0,0,0,transporter > transporter > transporter > transporter > [alpha]
NZ_LRBG01000035.1:91369-92620:1,WP_062130601.1,CI15_RS21240,,aromatic ring-hydroxylating dioxygenase subunit alpha,1_106_TsaM,1,117.2,0.487,5.6e-34,NZ_LRBG01000035.1,91369,92620,1,Paraburkholderia monticola,Bacteria; Pseudomonadati; Pseudomonadota; Betaproteobacteria; Burkholderiales; Burkholderiaceae; Paraburkholderia,0,1_106_TsaM#0,core,0.8119,0,0,0,0,[alpha]
NZ_LSEF01000102.1:39724-40768:1,WP_063681610.1,AXW67_RS35235,,aromatic ring-hydroxylating dioxygenase subunit alpha,1_106_TsaM,1,232.3,0.9856,5.9e-69,NZ_LSEF01000102.1,39724,40768,1,Bradyrhizobium neotropicale,Bacteria; Pseudomonadati; Pseudomonadota; Alphaproteobacteria; Hyphomicrobiales; Nitrobacteraceae; Bradyrhizobium,0,1_106_TsaM#28,divergent,0.4089,0,0,0,0,transporter > [alpha]
NZ_LROM01000072.1:70747-71791:1,WP_070247565.1,DUPY_RS09420,,aromatic ring-hydroxylating dioxygenase subunit alpha,1_106_TsaM,1,293.9,0.9914,1.1e-87,NZ_LROM01000072.1,70747,71791,1,Duganella phyllosphaerae,Bacteria; Pseudomonadati; Pseudomonadota; Betaproteobacteria; Burkholderiales; Oxalobacteraceae; Telluria group; Duganella,0,1_106_TsaM#115,novel_candidate,0.3899,0,0,0,0,other > transporter > hydrolase > [alpha] > reductase
NZ_LSNE01000020.1:31668-32733:1,WP_068382116.1,AX660_RS21755,,aromatic ring-hydroxylating dioxygenase subunit alpha,1_106_TsaM,1,278.0,0.9625,7.5e-83,NZ_LSNE01000020.1,31668,32733,1,Paraglaciecola hydrolytica,Bacteria; Pseudomonadati; Pseudomonadota; Gammaproteobacteria; Alteromonadales; Alteromonadaceae; Paraglaciecola,0,1_106_TsaM#65,core,0.6341,0,0,0,0,reductase > [alpha]
NZ_LSRF01000008.1:65556-66585:1,WP_068570291.1,AXK60_RS06695,,Rieske 2Fe-2S domain-containing protein,1_106_TsaM,1,72.4,0.4755,2.3e-20,NZ_LSRF01000008.1,65556,66585,1,Tsukamurella pseudospumae,Bacteria; Bacillati; Actinomycetota; Actinomycetes; Mycobacteriales; Tsukamurellaceae; Tsukamurella,0,1_106_TsaM#149,novel_candidate,0.2564,0,0,0,0,transporter > dehydrogenase > other > hydrolase > other > reductase > reductase > other > reductase > reductase > transposon > [alpha]
NZ_LSRF01000056.1:57376-58420:1,WP_068572005.1,AXK60_RS14690,,aromatic ring-hydroxylating dioxygenase subunit alpha,1_106_TsaM,1,129.4,0.6052,1.1e-37,NZ_LSRF01000056.1,57376,58420,1,Tsukamurella pseudospumae,Bacteria; Bacillati; Actinomycetota; Actinomycetes; Mycobacteriales; Tsukamurellaceae; Tsukamurella,0,1_106_TsaM#24,novel_candidate,0.3103,0,0,0,0,reductase > [alpha] > transporter
NZ_LSRJ01000001.1:662191-663241:-1,WP_068739601.1,AXK58_RS03240,,aromatic ring-hydroxylating dioxygenase subunit alpha,1_106_TsaM,1,129.2,0.6196,1.3e-37,NZ_LSRJ01000001.1,662191,663241,-1,Tsukamurella tyrosinosolvens,Bacteria; Bacillati; Actinomycetota; Actinomycetes; Mycobacteriales; Tsukamurellaceae; Tsukamurella,0,1_106_TsaM#24,novel_candidate,0.2963,0,0,0,0,reductase > [alpha]
NZ_LTCZ01000290.1:319737-320769:-1,WP_005248917.1,AZG88_RS31010,,aromatic ring-hydroxylating dioxygenase subunit alpha,1_106_TsaM,1,75.6,0.487,2.5e-21,NZ_LTCZ01000290.1,319737,320769,-1,Rhodococcus sp. LB1,Bacteria; Bacillati; Actinomycetota; Actinomycetes; Mycobacteriales; Nocardiaceae; Rhodococcus,0,1_106_TsaM#20,novel_candidate,0.3297,0,0,0,0,other > hydrolase > other > reductase > reductase > other > reductase > hydrolase > hydrolase > reductase > transposon > [alpha] > regulator
NZ_LUCV01000019.1:10737-11814:1,WP_064303029.1,AYO28_RS13515,,aromatic ring-hydroxylating dioxygenase subunit alpha,1_106_TsaM,1,253.3,0.9654,2.4e-75,NZ_LUCV01000019.1,10737,11814,1,Pseudomonas putida,Bacteria; Pseudomonadati; Pseudomonadota; Gammaproteobacteria; Pseudomonadales; Pseudomonadaceae; Pseudomonas,0,1_106_TsaM#64,core,0.8362,0,0,0,0,reductase > [alpha] > dehydrogenase
NZ_LVHD01000019.1:86109-87213:1,WP_063908480.1,Amal_RS13160,,aromatic ring-hydroxylating dioxygenase subunit alpha,1_106_TsaM,1,119.4,0.4755,1.3e-34,NZ_LVHD01000019.1,86109,87213,1,Acetobacter malorum,Bacteria; Pseudomonadati; Pseudomonadota; Alphaproteobacteria; Acetobacterales; Acetobacteraceae; Acetobacter,0,1_106_TsaM#2,core,0.8547,0,0,0,0,[alpha]
NZ_LVWD01000037.1:188893-189988:1,WP_066095363.1,LPB72_RS20055,,aromatic ring-hydroxylating dioxygenase subunit alpha,1_106_TsaM,1,352.9,0.9914,1.3e-105,NZ_LVWD01000037.1,188893,189988,1,Hydrogenophaga crassostreae,Bacteria; Pseudomonadati; Pseudomonadota; Betaproteobacteria; Burkholderiales; Comamonadaceae; Hydrogenophaga,0,1_106_TsaM#27,novel_candidate,0.3824,0,0,0,0,ring_cleavage > hydrolase > hydrolase > dehydrogenase > other > ring_cleavage > other > other > reductase > regulator > [alpha] > transporter
NZ_LVYU01000078.1:105268-106309:1,WP_062940888.1,A4A59_RS07900,,aromatic ring-hydroxylating dioxygenase subunit alpha,1_106_TsaM,1,254.8,0.9885,8.1e-76,NZ_LVYU01000078.1,105268,106309,1,Rhizobium leguminosarum,Bacteria; Pseudomonadati; Pseudomonadota; Alphaproteobacteria; Hyphomicrobiales; Rhizobiaceae; Rhizobium/Agrobacterium group; Rhizobium,0,1_106_TsaM#3,core,0.8629,0,0,0,0,[alpha] > hypothetical > transporter > transporter > transporter > other
NZ_LWAJ01000027.1:51700-52735:-1,WP_063871452.1,A2T98_RS02715,,aromatic ring-hydroxylating dioxygenase subunit alpha,1_106_TsaM,1,119.0,0.4928,1.7e-34,NZ_LWAJ01000027.1,51700,52735,-1,Nodularia spumigena CENA596,Bacteria; Bacillati; Cyanobacteriota; Cyanophyceae; Nostocales; Aphanizomenonaceae; Nodularia,0,1_106_TsaM#47,novel_candidate,0.272,0,0,0,0,alpha_other > [alpha]
NZ_LVHL01000010.1:377761-379072:1,WP_063395932.1,PMIT1306_RS05765,,aromatic ring-hydroxylating dioxygenase subunit alpha,1_106_TsaM,1,66.4,0.4755,1.6e-18,NZ_LVHL01000010.1,377761,379072,1,Prochlorococcus sp. MIT 1306,Bacteria; Bacillati; Cyanobacteriota; Cyanophyceae; Synechococcales; Prochlorococcaceae; Prochlorococcus,0,1_106_TsaM#49,novel_candidate,0.1846,0,0,0,0,[alpha] > other > hypothetical
NZ_LWCI01000002.1:3574-4621:-1,WP_075509025.1,A4G28_RS00085,,aromatic ring-hydroxylating dioxygenase subunit alpha,1_106_TsaM,1,181.6,0.7176,1.5e-53,NZ_LWCI01000002.1,3574,4621,-1,Mycobacterium ostraviense,Bacteria; Bacillati; Actinomycetota; Actinomycetes; Mycobacteriales; Mycobacteriaceae; Mycobacterium,0,1_106_TsaM#46,novel_candidate,0.3271,1,0,0,1,hydrolase > reductase > [alpha] > reductase > other > regulator
NZ_LWEQ01000096.1:177-1245:1,WP_067920740.1,A3721_RS06425,,aromatic ring-hydroxylating dioxygenase subunit alpha,1_106_TsaM,1,246.1,0.9856,3.6e-73,NZ_LWEQ01000096.1,177,1245,1,Sulfitobacter sp. HI0023,Bacteria; Pseudomonadati; Pseudomonadota; Alphaproteobacteria; Rhodobacterales; Roseobacteraceae; Sulfitobacter,0,1_106_TsaM#7,divergent,0.4172,0,0,0,0,[alpha] > transporter > transporter > transporter > transporter
NZ_LWEQ01000437.1:7938-8979:1,WP_067919708.1,A3721_RS17595,,aromatic ring-hydroxylating dioxygenase subunit alpha,1_106_TsaM,1,275.0,0.9914,6e-82,NZ_LWEQ01000437.1,7938,8979,1,Sulfitobacter sp. HI0023,Bacteria; Pseudomonadati; Pseudomonadota; Alphaproteobacteria; Rhodobacterales; Roseobacteraceae; Sulfitobacter,0,1_106_TsaM#9,core,0.8762,0,0,0,0,[alpha]
NZ_LVWD01000026.1:70142-71213:1,WP_066091590.1,LPB72_RS13625,,aromatic ring-hydroxylating dioxygenase subunit alpha,1_106_TsaM,1,184.0,0.9856,2.7e-54,NZ_LVWD01000026.1,70142,71213,1,Hydrogenophaga crassostreae,Bacteria; Pseudomonadati; Pseudomonadota; Betaproteobacteria; Burkholderiales; Comamonadaceae; Hydrogenophaga,0,1_106_TsaM#48,novel_candidate,0.2936,0,0,0,0,other > hydrolase > other > [alpha]
NZ_LWSI01000025.1:6718-7759:-1,WP_075084992.1,RC89_RS18195,,aromatic ring-hydroxylating dioxygenase subunit alpha,1_106_TsaM,1,90.4,0.4784,8.2e-26,NZ_LWSI01000025.1,6718,7759,-1,Mariniblastus fucicola,Bacteria; Pseudomonadati; Planctomycetota; Planctomycetia; Pirellulales; Pirellulaceae; Mariniblastus,0,1_106_TsaM#114,novel_candidate,0.2938,0,0,0,0,[alpha]
NZ_LXEO01000013.1:15129-16269:1,WP_064553980.1,M979_RS05035,,aromatic ring-hydroxylating dioxygenase subunit alpha,1_106_TsaM,1,231.2,0.8934,1.3e-68,NZ_LXEO01000013.1,15129,16269,1,Buttiauxella noackiae ATCC 51607,Bacteria; Pseudomonadati; Pseudomonadota; Gammaproteobacteria; Enterobacterales; Enterobacteriaceae; Buttiauxella,0,1_106_TsaM#19,novel_candidate,0.3244,1,0,0,1,transporter > reductase > [alpha] > other
NZ_LWSF01000004.1:122287-123346:-1,WP_067579021.1,A4R44_RS11155,,Rieske 2Fe-2S domain-containing protein,1_106_TsaM,1,89.4,0.4697,1.7e-25,NZ_LWSF01000004.1,122287,123346,-1,Amycolatopsis sp. M39,Bacteria; Bacillati; Actinomycetota; Actinomycetes; Pseudonocardiales; Pseudonocardiaceae; Amycolatopsis,0,1_106_TsaM#84,novel_candidate,0.3298,0,0,0,0,other > reductase > hypothetical > transposon > [alpha] > other > dehydrogenase > hydrolase > reductase > reductase > other > hydrolase > transporter > hydrolase
NZ_LXKA01000357.1:8653-9706:-1,WP_064270772.1,A6V37_RS32350,,aromatic ring-hydroxylating dioxygenase subunit alpha,1_106_TsaM,1,248.0,0.9885,9.5e-74,NZ_LXKA01000357.1,8653,9706,-1,Paraburkholderia ginsengiterrae,Bacteria; Pseudomonadati; Pseudomonadota; Betaproteobacteria; Burkholderiales; Burkholderiaceae; Paraburkholderia,0,1_106_TsaM#18,novel_candidate,0.3397,0,0,0,0,[alpha]
NZ_LXKW01000003.1:8974-10015:-1,WP_065658616.1,A6U94_RS04750,,aromatic ring-hydroxylating dioxygenase subunit alpha,1_106_TsaM,1,253.8,0.9856,1.7e-75,NZ_LXKW01000003.1,8974,10015,-1,Agrobacterium tumefaciens,Bacteria; Pseudomonadati; Pseudomonadota; Alphaproteobacteria; Hyphomicrobiales; Rhizobiaceae; Rhizobium/Agrobacterium group; Agrobacterium; Agrobacterium tumefaciens complex,0,1_106_TsaM#3,core,0.8733,0,0,0,0,[alpha] > hypothetical > transporter > transporter > transporter > other
NZ_LXVX01000003.1:182425-183469:1,WP_062063645.1,A7Q26_RS03675,,aromatic ring-hydroxylating dioxygenase subunit alpha,1_106_TsaM,1,291.5,0.9856,5.5e-87,NZ_LXVX01000003.1,182425,183469,1,Sphingobium sp. TCM1,Bacteria; Pseudomonadati; Pseudomonadota; Alphaproteobacteria; Sphingomonadales; Sphingomonadaceae; Sphingobium,0,1_106_TsaM#10,core,0.894,0,0,0,0,[alpha] > transporter
NZ_LXVX01000004.1:111736-112789:1,WP_066857030.1,A7Q26_RS04325,,aromatic ring-hydroxylating dioxygenase subunit alpha,1_106_TsaM,1,219.6,0.9885,4e-65,NZ_LXVX01000004.1,111736,112789,1,Sphingobium sp. TCM1,Bacteria; Pseudomonadati; Pseudomonadota; Alphaproteobacteria; Sphingomonadales; Sphingomonadaceae; Sphingobium,0,1_106_TsaM#53,novel_candidate,0.3276,0,0,0,0,regulator > [alpha]
NZ_LXVX01000011.1:28484-29528:1,WP_066859033.1,A7Q26_RS07765,,aromatic ring-hydroxylating dioxygenase subunit alpha,1_106_TsaM,1,300.5,0.9885,1e-89,NZ_LXVX01000011.1,28484,29528,1,Sphingobium sp. TCM1,Bacteria; Pseudomonadati; Pseudomonadota; Alphaproteobacteria; Sphingomonadales; Sphingomonadaceae; Sphingobium,0,1_106_TsaM#10,core,0.9706,0,0,0,0,other > reductase > [alpha]
NZ_LYUD01000045.1:90620-91748:-1,WP_064775922.1,SRCM100623_RS02680,,aromatic ring-hydroxylating dioxygenase subunit alpha,1_106_TsaM,1,107.9,0.4813,3.8e-31,NZ_LYUD01000045.1,90620,91748,-1,Acetobacter pasteurianus,Bacteria; Pseudomonadati; Pseudomonadota; Alphaproteobacteria; Acetobacterales; Acetobacteraceae; Acetobacter,0,1_106_TsaM#2,core,0.9753,0,0,0,0,[alpha]
NZ_LYWZ01000026.1:3212-4256:1,WP_066775935.1,A9D13_RS16075,,aromatic ring-hydroxylating dioxygenase subunit alpha,1_106_TsaM,1,300.0,0.9914,1.5e-89,NZ_LYWZ01000026.1,3212,4256,1,Croceicoccus mobilis,Bacteria; Pseudomonadati; Pseudomonadota; Alphaproteobacteria; Sphingomonadales; Erythrobacteraceae; Croceicoccus,0,1_106_TsaM#10,core,0.8143,0,0,0,0,[alpha]
NZ_LZIJ01000147.1:33295-34360:1,WP_067239398.1,A5791_RS17285,,aromatic ring-hydroxylating dioxygenase subunit alpha,1_106_TsaM,1,173.7,0.7118,3.8e-51,NZ_LZIJ01000147.1,33295,34360,1,Mycobacterium sp. 852002-51163_SCH5372311,Bacteria; Bacillati; Actinomycetota; Actinomycetes; Mycobacteriales; Mycobacteriaceae; Mycobacterium,0,1_106_TsaM#30,novel_candidate,0.326,1,0,0,1,other > reductase > [alpha] > reductase > reductase
NZ_LZSF01000196.1:12724-13756:1,WP_064859880.1,A5642_RS19485,,aromatic ring-hydroxylating dioxygenase subunit alpha,1_106_TsaM,1,160.5,0.7089,4e-47,NZ_LZSF01000196.1,12724,13756,1,Mycolicibacterium mucogenicum,Bacteria; Bacillati; Actinomycetota; Actinomycetes; Mycobacteriales; Mycobacteriaceae; Mycolicibacterium,0,1_106_TsaM#30,novel_candidate,0.3322,1,0,0,1,other > reductase > [alpha] > reductase
NZ_LZRD01000022.1:74065-75175:-1,WP_065487743.1,A3Q37_RS24200,,aromatic ring-hydroxylating dioxygenase subunit alpha,1_106_TsaM,1,96.1,0.464,1.5e-27,NZ_LZRD01000022.1,74065,75175,-1,Streptomyces sp. PTY087I2,Bacteria; Bacillati; Actinomycetota; Actinomycetes; Kitasatosporales; Streptomycetaceae; Streptomyces,0,1_106_TsaM#8,core,0.9016,0,0,0,0,other > [alpha]
NZ_MAXA01000229.1:14505-15564:1,WP_071065237.1,BBK14_RS22410,,aromatic ring-hydroxylating dioxygenase subunit alpha,1_106_TsaM,1,220.6,0.9885,2e-65,NZ_MAXA01000229.1,14505,15564,1,Parafrankia soli,Bacteria; Bacillati; Actinomycetota; Actinomycetes; Frankiales; Frankiaceae; Parafrankia,0,1_106_TsaM#113,novel_candidate,0.3569,0,0,0,0,[alpha] > dehydrogenase > hydrolase > ring_cleavage > other > other
NZ_MBLO01000099.1:670-1738:1,WP_071049117.1,BCD48_RS15620,,aromatic ring-hydroxylating dioxygenase subunit alpha,1_106_TsaM,1,202.8,0.9827,5.5e-60,NZ_MBLO01000099.1,670,1738,1,Pseudofrankia sp. BMG5.36,Bacteria; Bacillati; Actinomycetota; Actinomycetes; Frankiales; Frankiaceae; Pseudofrankia,0,1_106_TsaM#112,novel_candidate,0.3506,0,0,0,0,[alpha] > hypothetical
NZ_MBSR01000078.1:37211-38258:1,WP_065785890.1,BC361_RS25060,,aromatic ring-hydroxylating dioxygenase subunit alpha,1_106_TsaM,1,261.1,0.9942,1e-77,NZ_MBSR01000078.1,37211,38258,1,Ensifer sp. LC54,Bacteria; Pseudomonadati; Pseudomonadota; Alphaproteobacteria; Hyphomicrobiales; Rhizobiaceae; Sinorhizobium/Ensifer group; Ensifer,0,1_106_TsaM#3,core,0.8988,1,0,0,1,[alpha] > reductase > other > hypothetical
NZ_MCAS01000068.1:213954-215193:-1,WP_120349205.1,BCY88_RS37985,,aromatic ring-hydroxylating dioxygenase subunit alpha,1_106_TsaM,1,109.0,0.487,1.8e-31,NZ_MCAS01000068.1,213954,215193,-1,Paraburkholderia fungorum,Bacteria; Pseudomonadati; Pseudomonadota; Betaproteobacteria; Burkholderiales; Burkholderiaceae; Paraburkholderia,0,1_106_TsaM#0,core,0.883,0,0,0,0,[alpha]
NZ_MCRJ01000003.1:61787-62831:-1,WP_069305547.1,A6302_RS01440,,aromatic ring-hydroxylating dioxygenase subunit alpha,1_106_TsaM,1,259.9,0.9856,2.3e-77,NZ_MCRJ01000003.1,61787,62831,-1,Methylobrevis pamukkalensis,Bacteria; Pseudomonadati; Pseudomonadota; Alphaproteobacteria; Hyphomicrobiales; Pleomorphomonadaceae; Methylobrevis,0,1_106_TsaM#62,core,0.6384,0,0,0,0,[alpha]
NZ_MDCQ01001194.1:3325-4462:-1,WP_069467077.1,BHU13_RS32455,,aromatic ring-hydroxylating dioxygenase subunit alpha,1_106_TsaM,1,82.1,0.4697,2.6e-23,NZ_MDCQ01001194.1,3325,4462,-1,Actinacidiphila rubida,Bacteria; Bacillati; Actinomycetota; Actinomycetes; Kitasatosporales; Streptomycetaceae; Actinacidiphila,0,1_106_TsaM#8,core,0.7321,0,0,0,0,[alpha]
NZ_MDFL01000156.1:19188-20229:1,WP_071101168.1,ORS3428_RS26115,,aromatic ring-hydroxylating dioxygenase subunit alpha,1_106_TsaM,1,261.7,0.9914,6.6e-78,NZ_MDFL01000156.1,19188,20229,1,Mesorhizobium sp. ORS 3428,Bacteria; Pseudomonadati; Pseudomonadota; Alphaproteobacteria; Hyphomicrobiales; Phyllobacteriaceae; Mesorhizobium,0,1_106_TsaM#3,core,0.795,1,0,0,1,[alpha] > reductase > other > reductase > hypothetical > transporter > transporter > transporter
NZ_MDEO01000019.1:42657-43698:1,WP_065996681.1,QV13_RS01270,,aromatic ring-hydroxylating dioxygenase subunit alpha,1_106_TsaM,1,257.9,0.9856,9.7e-77,NZ_MDEO01000019.1,42657,43698,1,Mesorhizobium hungaricum,Bacteria; Pseudomonadati; Pseudomonadota; Alphaproteobacteria; Hyphomicrobiales; Phyllobacteriaceae; Mesorhizobium,0,1_106_TsaM#3,core,0.7867,1,0,0,1,[alpha] > reductase > hypothetical > transporter > transporter > transporter
NZ_MEBA01000042.1:81736-82852:1,WP_059737006.1,BGV72_RS10920,,aromatic ring-hydroxylating dioxygenase subunit alpha,1_106_TsaM,1,107.5,0.4755,5.1e-31,NZ_MEBA01000042.1,81736,82852,1,Burkholderia ubonensis,Bacteria; Pseudomonadati; Pseudomonadota; Betaproteobacteria; Burkholderiales; Burkholderiaceae; Burkholderia; Burkholderia cepacia complex,0,1_106_TsaM#0,core,0.9171,0,0,0,0,[alpha]
NZ_MEBD01000125.1:73044-74160:1,WP_059647845.1,BGV50_RS17125,,aromatic ring-hydroxylating dioxygenase subunit alpha,1_106_TsaM,1,107.1,0.4755,6.6e-31,NZ_MEBD01000125.1,73044,74160,1,Burkholderia ubonensis,Bacteria; Pseudomonadati; Pseudomonadota; Betaproteobacteria; Burkholderiales; Burkholderiaceae; Burkholderia; Burkholderia cepacia complex,0,1_106_TsaM#0,core,0.8889,0,0,0,0,[alpha]
NZ_MECN01000022.1:93211-94327:1,WP_059967534.1,BGV65_RS20235,,aromatic ring-hydroxylating dioxygenase subunit alpha,1_106_TsaM,1,107.5,0.4755,5.1e-31,NZ_MECN01000022.1,93211,94327,1,Burkholderia ubonensis,Bacteria; Pseudomonadati; Pseudomonadota; Betaproteobacteria; Burkholderiales; Burkholderiaceae; Burkholderia; Burkholderia cepacia complex,0,1_106_TsaM#0,core,0.9171,0,0,0,0,[alpha]
NZ_MECO01000015.1:56728-57844:1,WP_059530476.1,BGV64_RS17495,,aromatic ring-hydroxylating dioxygenase subunit alpha,1_106_TsaM,1,107.1,0.4755,6.6e-31,NZ_MECO01000015.1,56728,57844,1,Burkholderia ubonensis,Bacteria; Pseudomonadati; Pseudomonadota; Betaproteobacteria; Burkholderiales; Burkholderiaceae; Burkholderia; Burkholderia cepacia complex,0,1_106_TsaM#0,core,0.9119,0,0,0,0,[alpha]
NZ_MECP01000022.1:91544-92660:1,WP_059865146.1,BGV63_RS17010,,aromatic ring-hydroxylating dioxygenase subunit alpha,1_106_TsaM,1,107.2,0.4755,6.4e-31,NZ_MECP01000022.1,91544,92660,1,Burkholderia ubonensis,Bacteria; Pseudomonadati; Pseudomonadota; Betaproteobacteria; Burkholderiales; Burkholderiaceae; Burkholderia; Burkholderia cepacia complex,0,1_106_TsaM#0,core,0.9119,0,0,0,0,[alpha]
NZ_MIHG01000202.1:9265-10297:1,WP_065137578.1,BHQ23_RS26960,,aromatic ring-hydroxylating dioxygenase subunit alpha,1_106_TsaM,1,183.3,0.7349,4.4e-54,NZ_MIHG01000202.1,9265,10297,1,Mycobacterium gordonae,Bacteria; Bacillati; Actinomycetota; Actinomycetes; Mycobacteriales; Mycobacteriaceae; Mycobacterium,0,1_106_TsaM#46,novel_candidate,0.3175,1,0,0,1,reductase > [alpha] > reductase > other
NZ_MJGC01000025.1:92998-94069:1,WP_069965577.1,BH720_RS02510,,aromatic ring-hydroxylating dioxygenase subunit alpha,1_106_TsaM,1,105.3,0.4957,2.4e-30,NZ_MJGC01000025.1,92998,94069,1,Desertifilum tharense IPPAS B-1220,Bacteria; Bacillati; Cyanobacteriota; Cyanophyceae; Desertifilales; Desertifilaceae; Desertifilum,0,1_106_TsaM#67,novel_candidate,0.2696,0,0,0,0,[alpha] > hypothetical
NZ_MJGC01000110.1:43622-45026:-1,WP_069969522.1,BH720_RS22810,,Rieske 2Fe-2S domain-containing protein,1_106_TsaM,1,85.7,0.4928,2.2e-24,NZ_MJGC01000110.1,43622,45026,-1,Desertifilum tharense IPPAS B-1220,Bacteria; Bacillati; Cyanobacteriota; Cyanophyceae; Desertifilales; Desertifilaceae; Desertifilum,0,1_106_TsaM#111,novel_candidate,0.2291,0,0,0,0,other > [alpha] > hypothetical
NZ_MJIC01000014.1:440515-441589:1,WP_070176902.1,BFC17_RS13010,,aromatic ring-hydroxylating dioxygenase subunit alpha,1_106_TsaM,1,247.7,0.9625,1.2e-73,NZ_MJIC01000014.1,440515,441589,1,Alteromonas lipolytica,Bacteria; Pseudomonadati; Pseudomonadota; Gammaproteobacteria; Alteromonadales; Alteromonadaceae; Alteromonas/Salinimonas group; Alteromonas,0,1_106_TsaM#90,core,0.6738,0,0,0,0,reductase > [alpha]
NZ_MJIC01000015.1:111964-113005:1,WP_070177311.1,BFC17_RS14985,,aromatic ring-hydroxylating dioxygenase subunit alpha,1_106_TsaM,1,243.0,0.9885,3.2e-72,NZ_MJIC01000015.1,111964,113005,1,Alteromonas lipolytica,Bacteria; Pseudomonadati; Pseudomonadota; Gammaproteobacteria; Alteromonadales; Alteromonadaceae; Alteromonas/Salinimonas group; Alteromonas,0,1_106_TsaM#80,novel_candidate,0.3131,0,0,0,0,[alpha] > regulator > other
NZ_MKJU01000006.1:325448-326576:1,WP_070983322.1,BET10_RS02930,,Rieske 2Fe-2S domain-containing protein,1_106_TsaM,1,113.5,0.5187,7.6e-33,NZ_MKJU01000006.1,325448,326576,1,Pseudoalteromonas amylolytica,Bacteria; Pseudomonadati; Pseudomonadota; Gammaproteobacteria; Alteromonadales; Pseudoalteromonadaceae; Pseudoalteromonas,0,1_106_TsaM#110,novel_candidate,0.2416,0,0,0,0,other > hypothetical > reductase > other > other > other > hypothetical > [alpha]
NZ_MKEP01000031.1:91621-92704:-1,WP_069901526.1,AX279_RS18830,,aromatic ring-hydroxylating dioxygenase subunit alpha,1_106_TsaM,1,269.2,0.9683,3.5e-80,NZ_MKEP01000031.1,91621,92704,-1,Pseudomonas sp. J237,Bacteria; Pseudomonadota; Gammaproteobacteria; Pseudomonadales; Pseudomonadaceae; Pseudomonas,0,1_106_TsaM#5,core,0.777,0,0,0,0,reductase > [alpha]
NZ_MKZO01000012.1:389120-390200:-1,WP_075802727.1,PSEMO_RS08820,,aromatic ring-hydroxylating dioxygenase subunit alpha,1_106_TsaM,1,286.6,0.9683,1.7e-85,NZ_MKZO01000012.1,389120,390200,-1,Pseudomonas putida,Bacteria; Pseudomonadati; Pseudomonadota; Gammaproteobacteria; Pseudomonadales; Pseudomonadaceae; Pseudomonas,0,1_106_TsaM#5,core,0.8028,0,0,0,0,reductase > [alpha]
NZ_MOME01000045.1:9895-10993:-1,WP_052914905.1,BL254_RS20665,,Rieske (2Fe-2S) protein,1_106_TsaM,1,64.0,0.5476,8.7e-18,NZ_MOME01000045.1,9895,10993,-1,Protofrankia sp. BMG5.30,Bacteria; Bacillati; Actinomycetota; Actinomycetes; Frankiales; Frankiaceae; Protofrankia,0,1_106_TsaM#75,novel_candidate,0.2652,0,0,0,0,[alpha]
NZ_MPOH02000009.1:4832-5900:1,WP_073497241.1,BM536_RS07790,,aromatic ring-hydroxylating dioxygenase subunit alpha,1_106_TsaM,1,233.8,0.9856,2.1e-69,NZ_MPOH02000009.1,4832,5900,1,Streptomyces phaeoluteigriseus,Bacteria; Bacillati; Actinomycetota; Actinomycetes; Kitasatosporales; Streptomycetaceae; Streptomyces; Streptomyces aurantiacus group,0,1_106_TsaM#1,core,0.9292,0,0,0,0,other > [alpha] > hypothetical > reductase
NZ_MQTZ01000044.1:63006-64050:1,WP_075599739.1,BST81_RS17215,,aromatic ring-hydroxylating dioxygenase subunit alpha,1_106_TsaM,1,82.7,0.4611,1.8e-23,NZ_MQTZ01000044.1,63006,64050,1,Leptolyngbya sp. 'hensonii',Bacteria; Bacillati; Cyanobacteriota; Cyanophyceae; Leptolyngbyales; Leptolyngbyaceae; Leptolyngbya group; Leptolyngbya,0,1_106_TsaM#77,novel_candidate,0.2879,0,0,0,0,[alpha]
NZ_MQTZ01000045.1:172342-173386:1,WP_075600028.1,BST81_RS18745,,aromatic ring-hydroxylating dioxygenase subunit alpha,1_106_TsaM,1,103.7,0.6196,7.2e-30,NZ_MQTZ01000045.1,172342,173386,1,Leptolyngbya sp. 'hensonii',Bacteria; Bacillati; Cyanobacteriota; Cyanophyceae; Leptolyngbyales; Leptolyngbyaceae; Leptolyngbya group; Leptolyngbya,0,1_106_TsaM#50,novel_candidate,0.263,0,0,0,0,[alpha] > other > other
NZ_MPOI01000014.1:328401-329589:1,WP_073565787.1,BO221_RS38170,,aromatic ring-hydroxylating dioxygenase subunit alpha,1_106_TsaM,1,90.2,0.4784,9.2e-26,NZ_MPOI01000014.1,328401,329589,1,Archangium sp. Cb G35,Bacteria; Pseudomonadati; Myxococcota; Myxococcia; Myxococcales; Cystobacterineae; Archangiaceae; Archangium,0,1_106_TsaM#25,novel_candidate,0.2806,0,0,0,0,other > [alpha] > other > transporter > other > other > other
NZ_MQTZ01000017.1:217542-218631:-1,WP_075597727.1,BST81_RS06570,,aromatic ring-hydroxylating dioxygenase subunit alpha,1_106_TsaM,1,76.9,0.4582,1.1e-21,NZ_MQTZ01000017.1,217542,218631,-1,Leptolyngbya sp. 'hensonii',Bacteria; Bacillati; Cyanobacteriota; Cyanophyceae; Leptolyngbyales; Leptolyngbyaceae; Leptolyngbya group; Leptolyngbya,0,1_106_TsaM#56,novel_candidate,0.2649,1,0,1,0,hypothetical > [alpha] > other > other > ferredoxin
NZ_MRCF01000075.1:27920-28991:-1,WP_073635110.1,NIES2130_RS31330,,aromatic ring-hydroxylating dioxygenase subunit alpha,1_106_TsaM,1,117.1,0.4841,6.3e-34,NZ_MRCF01000075.1,27920,28991,-1,Scytonema sp. HK-05,Bacteria; Bacillati; Cyanobacteriota; Cyanophyceae; Nostocales; Scytonemataceae; Scytonema,0,1_106_TsaM#47,novel_candidate,0.2528,0,0,0,0,[alpha] > other > other > hypothetical
NZ_MRCF01000075.1:29276-30341:-1,WP_073635111.1,NIES2130_RS31335,,aromatic ring-hydroxylating dioxygenase subunit alpha,1_106_TsaM,1,135.1,0.487,2.1e-39,NZ_MRCF01000075.1,29276,30341,-1,Scytonema sp. HK-05,Bacteria; Bacillati; Cyanobacteriota; Cyanophyceae; Nostocales; Scytonemataceae; Scytonema,0,1_106_TsaM#109,novel_candidate,0.2814,0,0,0,0,reductase > reductase > [alpha]
NZ_MRCC01000006.1:160533-161583:1,WP_073549063.1,NIES1031_RS08850,,aromatic ring-hydroxylating dioxygenase subunit alpha,1_106_TsaM,1,97.6,0.4697,5.3e-28,NZ_MRCC01000006.1,160533,161583,1,Chroogloeocystis siderophila 5.2 s.c.1,Bacteria; Bacillati; Cyanobacteriota; Cyanophyceae; Oscillatoriophycideae; Chroococcales; Chroococcaceae; Chroogloeocystis,0,1_106_TsaM#66,novel_candidate,0.2551,0,0,0,0,transporter > transporter > [alpha] > transporter
NZ_MSDV01000019.1:293750-294908:-1,WP_075297541.1,BTH42_RS07750,,aromatic ring-hydroxylating dioxygenase subunit alpha,1_106_TsaM,1,125.9,0.4928,1.3e-36,NZ_MSDV01000019.1,293750,294908,-1,Burkholderia sp. SRS-W-2-2016,Bacteria; Pseudomonadati; Pseudomonadota; Betaproteobacteria; Burkholderiales; Burkholderiaceae; Burkholderia,0,1_106_TsaM#45,novel_candidate,0.2586,0,0,0,0,[alpha] > transporter
NZ_MSDV01000021.1:115359-116610:-1,WP_075298310.1,BTH42_RS09590,,aromatic ring-hydroxylating dioxygenase subunit alpha,1_106_TsaM,1,112.9,0.4899,1.2e-32,NZ_MSDV01000021.1,115359,116610,-1,Burkholderia sp. SRS-W-2-2016,Bacteria; Pseudomonadati; Pseudomonadota; Betaproteobacteria; Burkholderiales; Burkholderiaceae; Burkholderia,0,1_106_TsaM#0,core,0.8862,0,0,0,0,other > other > [alpha]
NZ_MSDV01000022.1:12625-13693:1,WP_075298718.1,BTH42_RS10255,,aromatic ring-hydroxylating dioxygenase subunit alpha,1_106_TsaM,1,269.5,0.9856,2.9e-80,NZ_MSDV01000022.1,12625,13693,1,Burkholderia sp. SRS-W-2-2016,Bacteria; Pseudomonadati; Pseudomonadota; Betaproteobacteria; Burkholderiales; Burkholderiaceae; Burkholderia,0,1_106_TsaM#108,novel_candidate,0.3981,1,0,0,1,other > other > other > other > [alpha] > reductase > reductase > transporter
NZ_MSDZ01000021.1:199269-200433:1,WP_074983208.1,BUM79_RS10090,,aromatic ring-hydroxylating dioxygenase subunit alpha,1_106_TsaM,1,130.7,0.487,4.4e-38,NZ_MSDZ01000021.1,199269,200433,1,Paraburkholderia tropica,Bacteria; Pseudomonadati; Pseudomonadota; Betaproteobacteria; Burkholderiales; Burkholderiaceae; Paraburkholderia,0,1_106_TsaM#45,novel_candidate,0.2555,0,0,0,0,[alpha]
NZ_MTHE01000011.1:37622-38738:1,WP_076224461.1,BJP32_RS13260,,aromatic ring-hydroxylating dioxygenase subunit alpha,1_106_TsaM,1,84.2,0.4669,6.4e-24,NZ_MTHE01000011.1,37622,38738,1,Brevundimonas sp. ZS04,Bacteria; Pseudomonadati; Pseudomonadota; Alphaproteobacteria; Caulobacterales; Caulobacteraceae; Brevundimonas,0,1_106_TsaM#33,novel_candidate,0.2731,0,0,0,0,[alpha] > hypothetical
NZ_MUIN01000002.1:60261-61335:1,WP_081564050.1,BWR59_RS02380,,aromatic ring-hydroxylating dioxygenase subunit alpha,1_106_TsaM,1,256.0,0.9683,3.5e-76,NZ_MUIN01000002.1,60261,61335,1,Pseudomonas sp. Bc-h,Bacteria; Pseudomonadati; Pseudomonadota; Gammaproteobacteria; Pseudomonadales; Pseudomonadaceae; Pseudomonas,0,1_106_TsaM#5,core,0.7972,0,0,0,0,[alpha]
NZ_MYFL01000005.1:330099-331128:-1,WP_034391421.1,KDK82_RS28335,,aromatic ring-hydroxylating dioxygenase subunit alpha,1_106_TsaM,1,254.3,0.9741,1.2e-75,NZ_MYFL01000005.1,330099,331128,-1,Delftia sp. K82,Bacteria; Pseudomonadati; Pseudomonadota; Betaproteobacteria; Burkholderiales; Comamonadaceae; Delftia,0,1_106_TsaM#55,novel_candidate,0.3812,2,0,1,1,[alpha] > other > reductase > ferredoxin
NZ_NBTZ01000026.1:122372-123422:-1,WP_075357562.1,PAMC26577_RS05635,,aromatic ring-hydroxylating dioxygenase subunit alpha,1_106_TsaM,1,266.6,0.9942,2.2e-79,NZ_NBTZ01000026.1,122372,123422,-1,Caballeronia sordidicola,Bacteria; Pseudomonadati; Pseudomonadota; Betaproteobacteria; Burkholderiales; Burkholderiaceae; Caballeronia,0,1_106_TsaM#153,core,0.7382,0,0,0,0,[alpha] > hypothetical > transporter > other
NZ_NBTZ01000100.1:141346-142486:-1,WP_075359511.1,PAMC26577_RS22150,,aromatic ring-hydroxylating dioxygenase subunit alpha,1_106_TsaM,1,103.0,0.4784,1.2e-29,NZ_NBTZ01000100.1,141346,142486,-1,Caballeronia sordidicola,Bacteria; Pseudomonadati; Pseudomonadota; Betaproteobacteria; Burkholderiales; Burkholderiaceae; Caballeronia,0,1_106_TsaM#0,core,0.7935,0,0,0,0,[alpha] > hypothetical
NZ_NDFP01000003.1:155434-156541:-1,WP_095350967.1,B9K05_RS04660,,Rieske 2Fe-2S domain-containing protein,1_106_TsaM,1,105.8,0.4813,1.7e-30,NZ_NDFP01000003.1,155434,156541,-1,Acetobacter syzygii,Bacteria; Pseudomonadati; Pseudomonadota; Alphaproteobacteria; Acetobacterales; Acetobacteraceae; Acetobacter,0,1_106_TsaM#2,core,0.9263,0,0,0,0,[alpha]
NZ_NCXN01000006.1:20710-21724:1,WP_041785019.1,B8W68_RS06410,,Rieske 2Fe-2S domain-containing protein,1_106_TsaM,1,51.3,0.4669,6.3e-14,NZ_NCXN01000006.1,20710,21724,1,Mycobacterium paraintracellulare,Bacteria; Bacillati; Actinomycetota; Actinomycetes; Mycobacteriales; Mycobacteriaceae; Mycobacterium; Mycobacterium avium complex (MAC),0,1_106_TsaM#58,novel_candidate,0.2116,0,0,0,0,[alpha] > regulator
NZ_NFVD01000056.1:32759-33833:-1,WP_009770199.1,CA602_RS03910,,aromatic ring-hydroxylating dioxygenase subunit alpha,1_106_TsaM,1,273.7,0.9942,1.5e-81,NZ_NFVD01000056.1,32759,33833,-1,Paraburkholderia hospita,Bacteria; Pseudomonadati; Pseudomonadota; Betaproteobacteria; Burkholderiales; Burkholderiaceae; Paraburkholderia,0,1_106_TsaM#6,core,0.8797,1,0,0,1,[alpha] > reductase > hypothetical
NZ_NFVE01000259.1:5260-6385:1,WP_007582980.1,CA601_RS18950,,aromatic ring-hydroxylating dioxygenase subunit alpha,1_106_TsaM,1,100.2,0.487,8.5e-29,NZ_NFVE01000259.1,5260,6385,1,Paraburkholderia hospita,Bacteria; Pseudomonadati; Pseudomonadota; Betaproteobacteria; Burkholderiales; Burkholderiaceae; Paraburkholderia,0,1_106_TsaM#2,core,0.8671,0,0,0,0,[alpha]
NZ_NFVE01000479.1:32404-33478:-1,WP_086910093.1,CA601_RS33325,,aromatic ring-hydroxylating dioxygenase subunit alpha,1_106_TsaM,1,272.9,0.9942,2.5e-81,NZ_NFVE01000479.1,32404,33478,-1,Paraburkholderia hospita,Bacteria; Pseudomonadati; Pseudomonadota; Betaproteobacteria; Burkholderiales; Burkholderiaceae; Paraburkholderia,0,1_106_TsaM#6,core,0.8703,1,0,0,1,[alpha] > reductase > hypothetical
NZ_NIPZ01000085.1:9021-10062:-1,WP_028720588.1,CDV54_RS17215,,aromatic ring-hydroxylating dioxygenase subunit alpha,1_106_TsaM,1,273.8,0.9914,1.4e-81,NZ_NIPZ01000085.1,9021,10062,-1,Paracoccus yeei,Bacteria; Pseudomonadati; Pseudomonadota; Alphaproteobacteria; Rhodobacterales; Paracoccaceae; Paracoccus,0,1_106_TsaM#9,core,0.8063,1,0,0,1,regulator > [alpha] > reductase
NZ_NIWC01000014.1:65204-66245:1,WP_043144443.1,CDZ98_RS22835,,aromatic ring-hydroxylating dioxygenase subunit alpha,1_106_TsaM,1,271.7,0.9885,6.1e-81,NZ_NIWC01000014.1,65204,66245,1,Mameliella alba,Bacteria; Pseudomonadati; Pseudomonadota; Alphaproteobacteria; Rhodobacterales; Roseobacteraceae; Mameliella,0,1_106_TsaM#9,core,0.9045,1,0,0,1,regulator > [alpha] > reductase
NZ_NIWT01000002.1:717865-718918:1,WP_090454366.1,PSJE_RS08040,,aromatic ring-hydroxylating dioxygenase subunit alpha,1_106_TsaM,1,413.0,0.9914,6.3e-124,NZ_NIWT01000002.1,717865,718918,1,Pseudomonas jessenii,Bacteria; Pseudomonadati; Pseudomonadota; Gammaproteobacteria; Pseudomonadales; Pseudomonadaceae; Pseudomonas,0,1_106_TsaM#60,novel_candidate,0.3724,1,0,0,1,[alpha] > reductase
NZ_NKTX01000052.1:11123-12212:1,WP_010516546.1,CFR80_RS13850,,aromatic ring-hydroxylating dioxygenase subunit alpha,1_106_TsaM,1,90.3,0.4553,8.8e-26,NZ_NKTX01000052.1,11123,12212,1,Komagataeibacter oboediens,Bacteria; Pseudomonadati; Pseudomonadota; Alphaproteobacteria; Acetobacterales; Acetobacteraceae; Komagataeibacter,0,1_106_TsaM#0,divergent,0.5235,0,0,0,0,regulator > [alpha]
NZ_NKFM01000037.1:8731-9793:-1,WP_089485065.1,CFB82_RS20525,,Rieske 2Fe-2S domain-containing protein,1_106_TsaM,1,273.2,0.9597,2.1e-81,NZ_NKFM01000037.1,8731,9793,-1,Burkholderia sp. HI2714,Bacteria; Pseudomonadati; Pseudomonadota; Betaproteobacteria; Burkholderiales; Burkholderiaceae; Burkholderia,0,1_106_TsaM#4,core,0.931,1,0,0,1,alpha_other > reductase > [alpha]
NZ_NKFN01000008.1:427828-428944:1,WP_027786231.1,CFB46_RS31900,,aromatic ring-hydroxylating dioxygenase subunit alpha,1_106_TsaM,1,97.7,0.487,4.7e-28,NZ_NKFN01000008.1,427828,428944,1,Burkholderia sp. HI2761,Bacteria; Pseudomonadati; Pseudomonadota; Betaproteobacteria; Burkholderiales; Burkholderiaceae; Burkholderia,0,1_106_TsaM#8,core,0.9016,0,0,0,0,[alpha]
NZ_NKFA01000008.1:81101-82163:-1,WP_089451904.1,CFB84_RS21075,,Rieske 2Fe-2S domain-containing protein,1_106_TsaM,1,270.1,0.9597,1.8e-80,NZ_NKFA01000008.1,81101,82163,-1,Burkholderia aenigmatica,Bacteria; Pseudomonadati; Pseudomonadota; Betaproteobacteria; Burkholderiales; Burkholderiaceae; Burkholderia; Burkholderia cepacia complex,0,1_106_TsaM#4,core,0.9014,1,0,0,1,alpha_other > reductase > [alpha]
NZ_NRQW01000264.1:143-1475:1,WP_016867732.1,CEN44_RS12335,,Rieske 2Fe-2S domain-containing protein,1_106_TsaM,1,107.9,0.5014,4e-31,NZ_NRQW01000264.1,143,1475,1,Fischerella muscicola CCMEE 5323,Bacteria; Bacillati; Cyanobacteriota; Cyanophyceae; Nostocales; Hapalosiphonaceae; Fischerella,0,1_106_TsaM#17,novel_candidate,0.2372,0,0,0,0,[alpha] > hypothetical
NZ_OCMN01000004.1:202268-203345:1,WP_085272876.1,CRO55_RS10720,,aromatic ring-hydroxylating dioxygenase subunit alpha,1_106_TsaM,1,268.5,0.9683,5.7e-80,NZ_OCMN01000004.1,202268,203345,1,Pseudomonas sp. LAIL14HWK12:I8,Bacteria; Pseudomonadati; Pseudomonadota; Gammaproteobacteria; Pseudomonadales; Pseudomonadaceae; Pseudomonas,0,1_106_TsaM#64,core,0.7766,0,0,0,0,reductase > [alpha]
NZ_PCOA01000021.1:14485-15562:-1,WP_105642525.1,CQ065_RS22100,,aromatic ring-hydroxylating dioxygenase subunit alpha,1_106_TsaM,1,321.0,0.9942,6.1e-96,NZ_PCOA01000021.1,14485,15562,-1,Pseudomonas sp. MYb187,Bacteria; Pseudomonadati; Pseudomonadota; Gammaproteobacteria; Pseudomonadales; Pseudomonadaceae; Pseudomonas,0,1_106_TsaM#107,novel_candidate,0.3365,0,0,0,0,[alpha]
NZ_PCQM01000046.1:1450-2506:-1,WP_027620406.1,CQZ98_RS27855,,aromatic ring-hydroxylating dioxygenase subunit alpha,1_106_TsaM,1,259.4,0.9885,3.4e-77,NZ_PCQM01000046.1,1450,2506,-1,Pseudomonas sp. MYb115,Bacteria; Pseudomonadati; Pseudomonadota; Gammaproteobacteria; Pseudomonadales; Pseudomonadaceae; Pseudomonas,0,1_106_TsaM#6,core,0.8139,1,0,0,1,transporter > [alpha] > reductase
NZ_PCQM01000004.1:155866-156934:-1,WP_027618842.1,CQZ98_RS08805,,aromatic ring-hydroxylating dioxygenase subunit alpha,1_106_TsaM,1,282.4,0.9654,3.4e-84,NZ_PCQM01000004.1,155866,156934,-1,Pseudomonas sp. MYb115,Bacteria; Pseudomonadati; Pseudomonadota; Gammaproteobacteria; Pseudomonadales; Pseudomonadaceae; Pseudomonas,0,1_106_TsaM#5,core,0.8028,0,0,0,0,reductase > [alpha]
NZ_PEBQ01000014.1:30356-31484:1,WP_042787778.1,CSR02_RS01590,,aromatic ring-hydroxylating dioxygenase subunit alpha,1_106_TsaM,1,107.7,0.4813,4.3e-31,NZ_PEBQ01000014.1,30356,31484,1,Acetobacter pomorum,Bacteria; Pseudomonadati; Pseudomonadota; Alphaproteobacteria; Acetobacterales; Acetobacteraceae; Acetobacter,0,1_106_TsaM#2,core,0.9823,0,0,0,0,[alpha]
NZ_PREH01000024.1:36653-37712:1,WP_075168025.1,C5499_RS10945,,aromatic ring-hydroxylating dioxygenase subunit alpha,1_106_TsaM,1,266.8,0.9654,1.8e-79,NZ_PREH01000024.1,36653,37712,1,Acinetobacter indicus,Bacteria; Pseudomonadati; Pseudomonadota; Gammaproteobacteria; Moraxellales; Moraxellaceae; Acinetobacter,0,1_106_TsaM#42,divergent,0.5211,0,0,0,0,[alpha]
NZ_PVGS01000084.1:132581-133607:-1,WP_048803605.1,C6T57_RS26670,,aromatic ring-hydroxylating dioxygenase subunit alpha,1_106_TsaM,1,364.2,0.9885,4.4e-109,NZ_PVGS01000084.1,132581,133607,-1,Burkholderia multivorans,Bacteria; Pseudomonadati; Pseudomonadota; Betaproteobacteria; Burkholderiales; Burkholderiaceae; Burkholderia; Burkholderia cepacia complex,0,1_106_TsaM#148,novel_candidate,0.3344,1,0,0,1,[alpha] > reductase > ring_cleavage > other > ring_cleavage
NZ_PVWU01000051.1:9602-10649:-1,WP_037094367.1,DBA25_RS27745,,aromatic ring-hydroxylating dioxygenase subunit alpha,1_106_TsaM,1,260.9,0.9885,1.2e-77,NZ_PVWU01000051.1,9602,10649,-1,Agrobacterium pusense,Bacteria; Pseudomonadati; Pseudomonadota; Alphaproteobacteria; Hyphomicrobiales; Rhizobiaceae; Rhizobium/Agrobacterium group; Agrobacterium,0,1_106_TsaM#3,core,0.8896,1,0,0,1,[alpha] > reductase > other > hypothetical > transporter > transporter > transporter > transporter > dehydrogenase > other > reductase
NZ_PVZM01000030.1:38919-40158:1,WP_025495980.1,BX589_RS36115,,aromatic ring-hydroxylating dioxygenase subunit alpha,1_106_TsaM,1,108.8,0.487,2.1e-31,NZ_PVZM01000030.1,38919,40158,1,Paraburkholderia fungorum,Bacteria; Pseudomonadati; Pseudomonadota; Betaproteobacteria; Burkholderiales; Burkholderiaceae; Paraburkholderia,0,1_106_TsaM#0,core,0.8834,0,0,0,0,[alpha]
NZ_PVGX01000100.1:12457-13570:1,WP_035956976.1,C6T63_RS27430,,aromatic ring-hydroxylating dioxygenase subunit alpha,1_106_TsaM,1,101.2,0.4726,4.2e-29,NZ_PVGX01000100.1,12457,13570,1,Burkholderia multivorans,Bacteria; Pseudomonadati; Pseudomonadota; Betaproteobacteria; Burkholderiales; Burkholderiaceae; Burkholderia; Burkholderia cepacia complex,0,1_106_TsaM#0,core,0.8988,0,0,0,0,[alpha]
NZ_PYUB01000005.1:81414-82488:1,WP_054930978.1,C9I56_RS04685,,aromatic ring-hydroxylating dioxygenase subunit alpha,1_106_TsaM,1,269.2,0.9942,3.4e-80,NZ_PYUB01000005.1,81414,82488,1,Paraburkholderia caribensis,Bacteria; Pseudomonadati; Pseudomonadota; Betaproteobacteria; Burkholderiales; Burkholderiaceae; Paraburkholderia,0,1_106_TsaM#6,core,0.8805,1,0,0,1,[alpha] > reductase > hypothetical
NZ_QBUI01000014.1:25399-26473:1,WP_107717671.1,C8K10_RS16490,,aromatic ring-hydroxylating dioxygenase subunit alpha,1_106_TsaM,1,214.1,0.9914,2e-63,NZ_QBUI01000014.1,25399,26473,1,Novosphingobium sp. GV027,Bacteria; Pseudomonadati; Pseudomonadota; Alphaproteobacteria; Sphingomonadales; Sphingomonadaceae; Novosphingobium,0,1_106_TsaM#18,divergent,0.4181,1,0,0,1,other > [alpha] > reductase > alpha_other
NZ_QBKU01000003.1:336228-337269:-1,WP_025048191.1,C8N31_RS06895,,aromatic ring-hydroxylating dioxygenase subunit alpha,1_106_TsaM,1,279.3,0.9914,2.9e-83,NZ_QBKU01000003.1,336228,337269,-1,Sulfitobacter mediterraneus,Bacteria; Pseudomonadati; Pseudomonadota; Alphaproteobacteria; Rhodobacterales; Roseobacteraceae; Sulfitobacter,0,1_106_TsaM#9,core,0.8829,0,0,0,0,[alpha]
NZ_QEKO01000009.1:5801-6833:-1,WP_017522594.1,C7440_RS18095,,aromatic ring-hydroxylating dioxygenase subunit alpha,1_106_TsaM,1,321.2,0.9856,5.2e-96,NZ_QEKO01000009.1,5801,6833,-1,Pusillimonas noertemannii,Bacteria; Pseudomonadati; Pseudomonadota; Betaproteobacteria; Burkholderiales; Alcaligenaceae; Pusillimonas,0,1_106_TsaM#51,novel_candidate,0.3542,0,0,0,0,[alpha]
NZ_QEKO01000002.1:88821-89928:-1,WP_341476770.1,C7440_RS07525,,aromatic ring-hydroxylating dioxygenase subunit alpha,1_106_TsaM,1,419.4,0.9914,7.6e-126,NZ_QEKO01000002.1,88821,89928,-1,Pusillimonas noertemannii,Bacteria; Pseudomonadati; Pseudomonadota; Betaproteobacteria; Burkholderiales; Alcaligenaceae; Pusillimonas,0,1_106_TsaM#147,novel_candidate,0.3404,0,0,0,0,transporter > reductase > hypothetical > [alpha] > other
NZ_QEKO01000002.1:396023-397094:-1,WP_165832514.1,C7440_RS09035,,aromatic ring-hydroxylating dioxygenase subunit alpha,1_106_TsaM,1,214.5,0.9683,1.5e-63,NZ_QEKO01000002.1,396023,397094,-1,Pusillimonas noertemannii,Bacteria; Pseudomonadati; Pseudomonadota; Betaproteobacteria; Burkholderiales; Alcaligenaceae; Pusillimonas,0,1_106_TsaM#106,novel_candidate,0.3292,0,0,0,0,other > hydrolase > hydrolase > transporter > transporter > other > [alpha]
NZ_QEKO01000002.1:649011-650094:1,WP_116518412.1,C7440_RS10195,,aromatic ring-hydroxylating dioxygenase subunit alpha,1_106_TsaM,1,252.6,0.9625,3.9e-75,NZ_QEKO01000002.1,649011,650094,1,Pusillimonas noertemannii,Bacteria; Pseudomonadati; Pseudomonadota; Betaproteobacteria; Burkholderiales; Alcaligenaceae; Pusillimonas,0,1_106_TsaM#105,novel_candidate,0.3538,0,0,0,0,[alpha] > transporter > transporter > transporter > transporter > alpha_other > ring_cleavage > ring_cleavage > hydrolase > other > hydrolase
NZ_QEKO01000002.1:655048-656098:1,WP_165832527.1,C7440_RS10220,,aromatic ring-hydroxylating dioxygenase subunit alpha,1_106_TsaM,1,213.2,0.9856,3.8e-63,NZ_QEKO01000002.1,655048,656098,1,Pusillimonas noertemannii,Bacteria; Pseudomonadati; Pseudomonadota; Betaproteobacteria; Burkholderiales; Alcaligenaceae; Pusillimonas,0,1_106_TsaM#104,novel_candidate,0.3414,0,0,0,0,alpha_other > transporter > transporter > transporter > transporter > [alpha] > ring_cleavage > ring_cleavage > hydrolase > other > hydrolase
NZ_QEKO01000002.1:691644-692727:1,WP_116518446.1,C7440_RS10390,,aromatic ring-hydroxylating dioxygenase subunit alpha,1_106_TsaM,1,201.0,0.9856,1.9e-59,NZ_QEKO01000002.1,691644,692727,1,Pusillimonas noertemannii,Bacteria; Pseudomonadati; Pseudomonadota; Betaproteobacteria; Burkholderiales; Alcaligenaceae; Pusillimonas,0,1_106_TsaM#103,novel_candidate,0.3221,0,0,0,0,regulator > regulator > [alpha] > hypothetical
NZ_QEKO01000002.1:715347-716433:-1,WP_116518469.1,C7440_RS10510,,aromatic ring-hydroxylating dioxygenase subunit alpha,1_106_TsaM,1,253.6,0.9914,1.9e-75,NZ_QEKO01000002.1,715347,716433,-1,Pusillimonas noertemannii,Bacteria; Pseudomonadati; Pseudomonadota; Betaproteobacteria; Burkholderiales; Alcaligenaceae; Pusillimonas,0,1_106_TsaM#102,novel_candidate,0.3292,0,0,0,0,[alpha]
NZ_QEKO01000003.1:162289-163330:1,WP_116518675.1,C7440_RS11880,,aromatic ring-hydroxylating dioxygenase subunit alpha,1_106_TsaM,1,404.0,0.9885,3.5e-121,NZ_QEKO01000003.1,162289,163330,1,Pusillimonas noertemannii,Bacteria; Pseudomonadati; Pseudomonadota; Betaproteobacteria; Burkholderiales; Alcaligenaceae; Pusillimonas,0,1_106_TsaM#146,novel_candidate,0.3727,0,0,0,0,[alpha] > alpha_other > regulator
NZ_QEKO01000003.1:163358-164528:1,WP_116518676.1,C7440_RS11885,,Rieske 2Fe-2S domain-containing protein,1_106_TsaM,1,228.9,0.9769,6.4e-68,NZ_QEKO01000003.1,163358,164528,1,Pusillimonas noertemannii,Bacteria; Pseudomonadati; Pseudomonadota; Betaproteobacteria; Burkholderiales; Alcaligenaceae; Pusillimonas,0,1_106_TsaM#155,novel_candidate,0.3025,0,0,0,0,alpha_other > [alpha] > regulator
NZ_QEKO01000003.1:430720-431758:-1,WP_017522814.1,C7440_RS13065,,aromatic ring-hydroxylating dioxygenase subunit alpha,1_106_TsaM,1,311.7,0.9856,4.3e-93,NZ_QEKO01000003.1,430720,431758,-1,Pusillimonas noertemannii,Bacteria; Pseudomonadati; Pseudomonadota; Betaproteobacteria; Burkholderiales; Alcaligenaceae; Pusillimonas,0,1_106_TsaM#101,novel_candidate,0.3754,0,0,0,0,[alpha]
NZ_QFBD02000008.1:147779-148841:1,WP_043464146.1,DC095_RS18795,,aromatic ring-hydroxylating dioxygenase subunit alpha,1_106_TsaM,1,227.1,0.9885,2.2e-67,NZ_QFBD02000008.1,147779,148841,1,Streptomyces xinghaiensis,Bacteria; Bacillati; Actinomycetota; Actinomycetes; Kitasatosporales; Streptomycetaceae; Streptomyces,0,1_106_TsaM#1,core,0.6552,1,0,0,1,[alpha] > hypothetical > reductase
NZ_QGGS01000016.1:127859-128936:1,WP_109787080.1,C7534_RS22430,,aromatic ring-hydroxylating dioxygenase subunit alpha,1_106_TsaM,1,273.5,0.9654,1.7e-81,NZ_QGGS01000016.1,127859,128936,1,Pseudomonas sp. OV226,Bacteria; Pseudomonadati; Pseudomonadota; Gammaproteobacteria; Pseudomonadales; Pseudomonadaceae; Pseudomonas,0,1_106_TsaM#5,core,0.9024,0,0,0,0,reductase > [alpha] > dehydrogenase
NZ_QHKI01000009.1:58797-59823:1,WP_037256296.1,DMH04_RS13835,,aromatic ring-hydroxylating dioxygenase subunit alpha,1_106_TsaM,1,252.2,0.9741,5.2e-75,NZ_QHKI01000009.1,58797,59823,1,Kibdelosporangium aridum,Bacteria; Bacillati; Actinomycetota; Actinomycetes; Pseudonocardiales; Pseudonocardiaceae; Kibdelosporangium,0,1_106_TsaM#1,core,0.6373,1,0,0,1,hypothetical > hypothetical > [alpha] > hypothetical > reductase > regulator
NZ_QJJY01000018.1:63436-64498:1,WP_072443705.1,NA66_RS26860,,aromatic ring-hydroxylating dioxygenase subunit alpha,1_106_TsaM,1,270.9,0.9597,1.1e-80,NZ_QJJY01000018.1,63436,64498,1,Burkholderia pyrrocinia,Bacteria; Pseudomonadati; Pseudomonadota; Betaproteobacteria; Burkholderiales; Burkholderiaceae; Burkholderia; Burkholderia cepacia complex,0,1_106_TsaM#4,core,0.9517,0,0,0,0,alpha_other > reductase > [alpha]
NZ_QJJY01000029.1:18274-19390:-1,WP_072444024.1,NA66_RS32120,,aromatic ring-hydroxylating dioxygenase subunit alpha,1_106_TsaM,1,101.0,0.4755,5e-29,NZ_QJJY01000029.1,18274,19390,-1,Burkholderia pyrrocinia,Bacteria; Pseudomonadati; Pseudomonadota; Betaproteobacteria; Burkholderiales; Burkholderiaceae; Burkholderia; Burkholderia cepacia complex,0,1_106_TsaM#0,core,0.9162,0,0,0,0,[alpha]
NZ_QKZC01000005.1:192998-194162:-1,WP_110327082.1,C7399_RS10125,,aromatic ring-hydroxylating dioxygenase subunit alpha,1_106_TsaM,1,130.7,0.487,4.4e-38,NZ_QKZC01000005.1,192998,194162,-1,Paraburkholderia tropica,Bacteria; Pseudomonadati; Pseudomonadota; Betaproteobacteria; Burkholderiales; Burkholderiaceae; Paraburkholderia,0,1_106_TsaM#45,novel_candidate,0.2563,0,0,0,0,[alpha]
NZ_QKZM01000005.1:21533-22601:1,WP_072631667.1,LY10_RS02515,,aromatic ring-hydroxylating dioxygenase subunit alpha,1_106_TsaM,1,231.0,0.9885,1.4e-68,NZ_QKZM01000005.1,21533,22601,1,Planktotalea frisia,Bacteria; Pseudomonadati; Pseudomonadota; Alphaproteobacteria; Rhodobacterales; Paracoccaceae; Planktotalea,0,1_106_TsaM#7,divergent,0.4006,0,0,0,0,[alpha] > transporter > transporter > transporter > transporter
NZ_QKZM01000123.1:6487-7504:1,WP_072629044.1,LY10_RS19835,,aromatic ring-hydroxylating dioxygenase subunit alpha,1_106_TsaM,1,253.5,0.9798,2.1e-75,NZ_QKZM01000123.1,6487,7504,1,Planktotalea frisia,Bacteria; Pseudomonadati; Pseudomonadota; Alphaproteobacteria; Rhodobacterales; Paracoccaceae; Planktotalea,0,1_106_TsaM#61,divergent,0.5116,0,0,0,0,[alpha]
NZ_QKZC01000003.1:67671-68769:-1,WP_065063488.1,C7399_RS05550,,aromatic ring-hydroxylating dioxygenase subunit alpha,1_106_TsaM,1,107.2,0.487,6.4e-31,NZ_QKZC01000003.1,67671,68769,-1,Paraburkholderia tropica,Bacteria; Pseudomonadati; Pseudomonadota; Betaproteobacteria; Burkholderiales; Burkholderiaceae; Paraburkholderia,0,1_106_TsaM#0,core,0.843,0,0,0,0,[alpha] > other > other
NZ_QKZF01000039.1:18646-19762:-1,WP_034203766.1,DFS13_RS37505,,aromatic ring-hydroxylating dioxygenase subunit alpha,1_106_TsaM,1,96.7,0.4755,9.6e-28,NZ_QKZF01000039.1,18646,19762,-1,Burkholderia sp. 28_3,Bacteria; Pseudomonadati; Pseudomonadota; Betaproteobacteria; Burkholderiales; Burkholderiaceae; Burkholderia,0,1_106_TsaM#0,core,0.9096,0,0,0,0,[alpha]
NZ_QMFZ01000036.1:39520-40576:-1,WP_060125104.1,DPV79_RS31935,,aromatic ring-hydroxylating dioxygenase subunit alpha,1_106_TsaM,1,274.5,0.9625,8.6e-82,NZ_QMFZ01000036.1,39520,40576,-1,Burkholderia reimsis,Bacteria; Pseudomonadati; Pseudomonadota; Betaproteobacteria; Burkholderiales; Burkholderiaceae; Burkholderia,0,1_106_TsaM#4,core,0.9761,0,0,0,0,alpha_other > reductase > [alpha]
NZ_QTPW01000011.1:31487-32549:-1,WP_124833826.1,DIE15_RS16530,,aromatic ring-hydroxylating dioxygenase subunit alpha,1_106_TsaM,1,266.8,0.9625,1.8e-79,NZ_QTPW01000011.1,31487,32549,-1,Burkholderia sp. Bp9031,Bacteria; Pseudomonadati; Pseudomonadota; Betaproteobacteria; Burkholderiales; Burkholderiaceae; Burkholderia,0,1_106_TsaM#4,core,0.8997,0,0,0,0,alpha_other > reductase > [alpha]
NZ_QTQX01000042.1:26265-27327:1,WP_124619956.1,DF037_RS38250,,aromatic ring-hydroxylating dioxygenase subunit alpha,1_106_TsaM,1,268.6,0.9597,5.2e-80,NZ_QTQX01000042.1,26265,27327,1,Burkholderia contaminans,Bacteria; Pseudomonadati; Pseudomonadota; Betaproteobacteria; Burkholderiales; Burkholderiaceae; Burkholderia; Burkholderia cepacia complex,0,1_106_TsaM#4,core,0.8938,0,0,0,0,alpha_other > reductase > [alpha]
NZ_QTSO01000032.1:18568-19684:-1,WP_023476501.1,DF020_RS34355,,aromatic ring-hydroxylating dioxygenase subunit alpha,1_106_TsaM,1,100.2,0.4755,8.4e-29,NZ_QTSO01000032.1,18568,19684,-1,Burkholderia cenocepacia,Bacteria; Pseudomonadati; Pseudomonadota; Betaproteobacteria; Burkholderiales; Burkholderiaceae; Burkholderia; Burkholderia cepacia complex,0,1_106_TsaM#0,core,0.8756,0,0,0,0,[alpha]
NZ_QUMX01000015.1:83644-84685:-1,WP_036750770.1,ATH84_RS13430,,aromatic ring-hydroxylating dioxygenase subunit alpha,1_106_TsaM,1,282.4,0.9885,3.4e-84,NZ_QUMX01000015.1,83644,84685,-1,Paracoccus versutus,Bacteria; Pseudomonadati; Pseudomonadota; Alphaproteobacteria; Rhodobacterales; Paracoccaceae; Paracoccus,0,1_106_TsaM#9,core,0.8984,1,0,0,1,regulator > [alpha] > reductase
NZ_QUMU01000025.1:41428-42616:1,WP_047861094.1,ATI61_RS48660,,aromatic ring-hydroxylating dioxygenase subunit alpha,1_106_TsaM,1,89.0,0.4813,2.2e-25,NZ_QUMU01000025.1,41428,42616,1,Archangium gephyra,Bacteria; Pseudomonadati; Myxococcota; Myxococcia; Myxococcales; Cystobacterineae; Archangiaceae; Archangium,0,1_106_TsaM#25,novel_candidate,0.2688,0,0,0,0,other > hypothetical > other > [alpha] > other > transporter
NZ_RARP01000024.1:67505-68567:-1,WP_039339642.1,D7S92_RS27535,,aromatic ring-hydroxylating dioxygenase subunit alpha,1_106_TsaM,1,270.4,0.9654,1.5e-80,NZ_RARP01000024.1,67505,68567,-1,Burkholderia contaminans,Bacteria; Pseudomonadati; Pseudomonadota; Betaproteobacteria; Burkholderiales; Burkholderiaceae; Burkholderia; Burkholderia cepacia complex,0,1_106_TsaM#4,core,0.9233,0,0,0,0,alpha_other > reductase > [alpha]
NZ_RBBW01000025.1:26952-28008:1,WP_104766256.1,D7222_RS20635,,aromatic ring-hydroxylating dioxygenase subunit alpha,1_106_TsaM,1,273.1,0.9597,2.3e-81,NZ_RBBW01000025.1,26952,28008,1,Burkholderia cepacia,Bacteria; Pseudomonadati; Pseudomonadota; Betaproteobacteria; Burkholderiales; Burkholderiaceae; Burkholderia; Burkholderia cepacia complex,0,1_106_TsaM#4,core,0.9792,0,0,0,0,alpha_other > reductase > [alpha]
NZ_RCZE01000003.1:119297-120398:1,WP_140666973.1,EAH78_RS07155,,aromatic ring-hydroxylating dioxygenase subunit alpha,1_106_TsaM,1,268.9,0.9741,4.4e-80,NZ_RCZE01000003.1,119297,120398,1,Pseudomonas arsenicoxydans,Bacteria; Pseudomonadati; Pseudomonadota; Gammaproteobacteria; Pseudomonadales; Pseudomonadaceae; Pseudomonas,0,1_106_TsaM#5,core,0.8923,0,0,0,0,reductase > [alpha]
NZ_RCCT01000003.1:485578-486628:-1,WP_010441566.1,CLV75_RS13230,,aromatic ring-hydroxylating dioxygenase subunit alpha,1_106_TsaM,1,251.4,0.9942,9.2e-75,NZ_RCCT01000003.1,485578,486628,-1,Ruegeria conchae,Bacteria; Pseudomonadati; Pseudomonadota; Alphaproteobacteria; Rhodobacterales; Roseobacteraceae; Ruegeria,0,1_106_TsaM#61,divergent,0.476,0,0,0,0,regulator > [alpha]
NZ_RJUY01000005.1:56503-57592:-1,WP_123694070.1,EDF72_RS19155,,aromatic ring-hydroxylating dioxygenase subunit alpha,1_106_TsaM,1,278.1,0.9741,6.8e-83,NZ_RJUY01000005.1,56503,57592,-1,Delftia acidovorans,Bacteria; Pseudomonadati; Pseudomonadota; Betaproteobacteria; Burkholderiales; Comamonadaceae; Delftia,0,1_106_TsaM#11,core,0.8483,1,0,0,1,transporter > [alpha] > reductase > dehydrogenase
NZ_RKIV01000003.1:747790-748906:1,WP_034203766.1,EGT44_RS34465,,aromatic ring-hydroxylating dioxygenase subunit alpha,1_106_TsaM,1,96.7,0.4755,9.6e-28,NZ_RKIV01000003.1,747790,748906,1,Burkholderia cenocepacia,Bacteria; Pseudomonadati; Pseudomonadota; Betaproteobacteria; Burkholderiales; Burkholderiaceae; Burkholderia; Burkholderia cepacia complex,0,1_106_TsaM#0,core,0.9096,0,0,0,0,[alpha]
NZ_RPSB01000038.1:46281-47310:-1,WP_030969638.1,EF919_RS26295,,aromatic ring-hydroxylating dioxygenase subunit alpha,1_106_TsaM,1,75.5,0.4726,2.7e-21,NZ_RPSB01000038.1,46281,47310,-1,Streptomyces sp. WAC02707,Bacteria; Bacillati; Actinomycetota; Actinomycetes; Kitasatosporales; Streptomycetaceae; Streptomyces,0,1_106_TsaM#40,novel_candidate,0.328,1,0,0,1,dehydrogenase > other > dehydrogenase > hydrolase > other > reductase > reductase > other > reductase > transposon > [alpha]
NZ_RQJA01000068.1:6855-7977:1,WP_014725531.1,EHZ18_RS29535,,aromatic ring-hydroxylating dioxygenase subunit alpha,1_106_TsaM,1,102.5,0.4755,1.7e-29,NZ_RQJA01000068.1,6855,7977,1,Burkholderia vietnamiensis,Bacteria; Pseudomonadati; Pseudomonadota; Betaproteobacteria; Burkholderiales; Burkholderiaceae; Burkholderia; Burkholderia cepacia complex,0,1_106_TsaM#0,core,0.9053,0,0,0,0,[alpha]
NZ_RQSI01000001.1:476476-477523:-1,WP_190287066.1,EH199_RS02285,,aromatic ring-hydroxylating dioxygenase subunit alpha,1_106_TsaM,1,259.5,0.9827,3.1e-77,NZ_RQSI01000001.1,476476,477523,-1,Novosphingobium sp. LASN5T,Bacteria; Pseudomonadati; Pseudomonadota; Alphaproteobacteria; Sphingomonadales; Sphingomonadaceae; Novosphingobium,0,1_106_TsaM#100,novel_candidate,0.3606,0,0,0,0,other > hypothetical > hydrolase > [alpha] > other > other > other > other > reductase
NZ_RSCN01000014.1:30638-31991:1,WP_010999133.1,DSM107007_RS13860,,Rieske 2Fe-2S domain-containing protein,1_106_TsaM,1,107.4,0.4899,5.5e-31,NZ_RSCN01000014.1,30638,31991,1,Nostoc sp. PCC 7120 = FACHB-418,Bacteria; Bacillati; Cyanobacteriota; Cyanophyceae; Nostocales; Nostocaceae; Nostoc,0,1_106_TsaM#17,novel_candidate,0.3026,0,0,0,0,[alpha]
NZ_RZQA01000231.1:2599-3640:-1,WP_013530418.1,EN925_RS14565,,aromatic ring-hydroxylating dioxygenase subunit alpha,1_106_TsaM,1,253.6,0.9885,1.9e-75,NZ_RZQA01000231.1,2599,3640,-1,Mesorhizobium sp. M7A.F.Ca.US.006.04.2.1,Bacteria; Pseudomonadati; Pseudomonadota; Alphaproteobacteria; Hyphomicrobiales; Phyllobacteriaceae; Mesorhizobium,0,1_106_TsaM#3,core,0.7834,1,0,0,1,[alpha] > reductase > other > reductase
NZ_RZRP01000006.1:21178-22219:-1,WP_013530418.1,EN991_RS00760,,aromatic ring-hydroxylating dioxygenase subunit alpha,1_106_TsaM,1,253.6,0.9885,1.9e-75,NZ_RZRP01000006.1,21178,22219,-1,Mesorhizobium sp. M7A.F.Ca.US.005.03.2.1,Bacteria; Pseudomonadati; Pseudomonadota; Alphaproteobacteria; Hyphomicrobiales; Phyllobacteriaceae; Mesorhizobium,0,1_106_TsaM#3,core,0.7834,1,0,0,1,[alpha] > reductase > other > reductase > hypothetical > transporter > transporter > transporter
NZ_SEOO01000015.1:63882-64926:-1,WP_066601337.1,EWH12_RS10790,,aromatic ring-hydroxylating dioxygenase subunit alpha,1_106_TsaM,1,297.1,0.9885,1.1e-88,NZ_SEOO01000015.1,63882,64926,-1,Sphingobium cupriresistens,Bacteria; Pseudomonadati; Pseudomonadota; Alphaproteobacteria; Sphingomonadales; Sphingomonadaceae; Sphingobium,0,1_106_TsaM#10,core,0.9674,0,0,0,0,other > reductase > [alpha] > regulator
NZ_SLVC01000032.1:26293-27346:-1,WP_054436092.1,EDF59_RS25370,,aromatic ring-hydroxylating dioxygenase subunit alpha,1_106_TsaM,1,159.4,0.9769,8.7e-47,NZ_SLVC01000032.1,26293,27346,-1,Novosphingobium sp. ST904,Bacteria; Pseudomonadati; Pseudomonadota; Alphaproteobacteria; Sphingomonadales; Sphingomonadaceae; Novosphingobium,0,1_106_TsaM#35,novel_candidate,0.3121,0,0,0,0,[alpha]
NZ_SLVC01000037.1:1618-2737:-1,WP_054435521.1,EDF59_RS26340,,aromatic ring-hydroxylating dioxygenase subunit alpha,1_106_TsaM,1,200.2,0.9827,3.2e-59,NZ_SLVC01000037.1,1618,2737,-1,Novosphingobium sp. ST904,Bacteria; Pseudomonadati; Pseudomonadota; Alphaproteobacteria; Sphingomonadales; Sphingomonadaceae; Novosphingobium,0,1_106_TsaM#19,novel_candidate,0.3127,1,0,0,1,reductase > [alpha] > other > hypothetical
NZ_SMCY01000010.1:99108-100200:1,WP_011253875.1,EDC20_RS07125,,Rieske 2Fe-2S domain-containing protein,1_106_TsaM,1,160.5,0.9798,3.9e-47,NZ_SMCY01000010.1,99108,100200,1,Gluconobacter oxydans,Bacteria; Pseudomonadati; Pseudomonadota; Alphaproteobacteria; Acetobacterales; Acetobacteraceae; Gluconobacter,0,1_106_TsaM#99,novel_candidate,0.2918,0,0,0,0,[alpha] > hypothetical
NZ_SLZP01000007.1:28680-29826:1,WP_018307718.1,EDC15_RS07380,,aromatic ring-hydroxylating dioxygenase subunit alpha,1_106_TsaM,1,106.7,0.4726,9.2e-31,NZ_SLZP01000007.1,28680,29826,1,Acetobacter aceti NBRC 14818,Bacteria; Pseudomonadati; Pseudomonadota; Alphaproteobacteria; Acetobacterales; Acetobacteraceae; Acetobacter; Acetobacter subgen. Acetobacter,0,1_106_TsaM#0,core,0.5579,0,0,0,0,[alpha]
NZ_SPET01000008.1:27421-28501:-1,WP_034373297.1,E2578_RS10640,,Rieske 2Fe-2S domain-containing protein,1_106_TsaM,1,279.0,0.9856,3.6e-83,NZ_SPET01000008.1,27421,28501,-1,Comamonas sp.,Bacteria; Pseudomonadati; Pseudomonadota; Betaproteobacteria; Burkholderiales; Comamonadaceae; Comamonas,0,1_106_TsaM#11,core,0.9932,1,0,0,1,transporter > [alpha] > reductase > dehydrogenase
NZ_SPFA01000034.1:25012-26092:1,WP_043375228.1,E2585_RS25235,,Rieske 2Fe-2S domain-containing protein,1_106_TsaM,1,277.6,0.9798,9.7e-83,NZ_SPFA01000034.1,25012,26092,1,Comamonas sp.,Bacteria; Pseudomonadati; Pseudomonadota; Betaproteobacteria; Burkholderiales; Comamonadaceae; Comamonas,0,1_106_TsaM#11,core,0.993,1,0,0,1,transporter > [alpha] > reductase > dehydrogenase
NZ_SPFA01000002.1:5665-6775:1,WP_003053679.1,E2585_RS01830,,aromatic ring-hydroxylating dioxygenase subunit alpha,1_106_TsaM,1,225.0,0.8963,9.5e-67,NZ_SPFA01000002.1,5665,6775,1,Comamonas sp.,Bacteria; Pseudomonadati; Pseudomonadota; Betaproteobacteria; Burkholderiales; Comamonadaceae; Comamonas,0,1_106_TsaM#19,novel_candidate,0.3378,1,0,0,1,transporter > reductase > [alpha]
NZ_SRHQ01000017.1:64615-65701:-1,WP_060768439.1,E4V01_RS16790,,aromatic ring-hydroxylating dioxygenase subunit alpha,1_106_TsaM,1,67.9,0.4669,5.6e-19,NZ_SRHQ01000017.1,64615,65701,-1,Methylorubrum sp. Q1,Bacteria; Pseudomonadati; Pseudomonadota; Alphaproteobacteria; Hyphomicrobiales; Methylobacteriaceae; Methylorubrum,0,1_106_TsaM#72,novel_candidate,0.2418,0,0,0,0,[alpha] > hydrolase > other > hypothetical
NZ_SSHL01000026.1:22813-23869:1,WP_060170545.1,E6L39_RS21395,,Rieske 2Fe-2S domain-containing protein,1_106_TsaM,1,274.3,0.9597,9.6e-82,NZ_SSHL01000026.1,22813,23869,1,Burkholderia cepacia,Bacteria; Pseudomonadati; Pseudomonadota; Betaproteobacteria; Burkholderiales; Burkholderiaceae; Burkholderia; Burkholderia cepacia complex,0,1_106_TsaM#4,core,0.9862,0,0,0,0,alpha_other > reductase > [alpha]
NZ_SSWO01000006.1:73479-74535:-1,WP_060170545.1,E9536_RS17315,,Rieske 2Fe-2S domain-containing protein,1_106_TsaM,1,274.3,0.9597,9.6e-82,NZ_SSWO01000006.1,73479,74535,-1,Burkholderia sp. LS-044,Bacteria; Pseudomonadati; Pseudomonadota; Betaproteobacteria; Burkholderiales; Burkholderiaceae; Burkholderia,0,1_106_TsaM#4,core,0.9862,1,0,0,1,alpha_other > reductase > [alpha]
NZ_SWAO01000132.1:13587-14652:1,WP_016843705.1,FBF72_RS38625,,aromatic ring-hydroxylating dioxygenase subunit alpha,1_106_TsaM,1,369.0,0.9942,1.5e-110,NZ_SWAO01000132.1,13587,14652,1,Bradyrhizobium elkanii,Bacteria; Pseudomonadati; Pseudomonadota; Alphaproteobacteria; Hyphomicrobiales; Nitrobacteraceae; Bradyrhizobium,0,1_106_TsaM#14,novel_candidate,0.3643,0,0,0,0,[alpha]
NZ_UARC01000024.1:388939-390055:1,WP_034203766.1,DTA18_RS35655,,aromatic ring-hydroxylating dioxygenase subunit alpha,1_106_TsaM,1,96.7,0.4755,9.6e-28,NZ_UARC01000024.1,388939,390055,1,Burkholderia cenocepacia,Bacteria; Pseudomonadati; Pseudomonadota; Betaproteobacteria; Burkholderiales; Burkholderiaceae; Burkholderia; Burkholderia cepacia complex,0,1_106_TsaM#0,core,0.9096,0,0,0,0,[alpha]
NZ_UARA01000011.1:21906-23022:-1,WP_006485640.1,DTA07_RS20685,,aromatic ring-hydroxylating dioxygenase subunit alpha,1_106_TsaM,1,97.2,0.4755,6.8e-28,NZ_UARA01000011.1,21906,23022,-1,Burkholderia cenocepacia,Bacteria; Pseudomonadati; Pseudomonadota; Betaproteobacteria; Burkholderiales; Burkholderiaceae; Burkholderia; Burkholderia cepacia complex,0,1_106_TsaM#0,core,0.904,0,0,0,0,[alpha]
NZ_UGVN01000002.1:8317-9382:1,WP_051004974.1,DYH92_RS19240,,aromatic ring-hydroxylating dioxygenase subunit alpha,1_106_TsaM,1,200.9,0.9885,2.1e-59,NZ_UGVN01000002.1,8317,9382,1,Roseomonas mucosa,Bacteria; Pseudomonadati; Pseudomonadota; Alphaproteobacteria; Acetobacterales; Roseomonadaceae; Roseomonas,0,1_106_TsaM#57,novel_candidate,0.3146,0,0,0,0,[alpha]
NZ_UGVN01000002.1:14959-15991:-1,WP_051004931.1,DYH92_RS19280,,aromatic ring-hydroxylating dioxygenase subunit alpha,1_106_TsaM,1,312.9,0.9942,1.8e-93,NZ_UGVN01000002.1,14959,15991,-1,Roseomonas mucosa,Bacteria; Pseudomonadati; Pseudomonadota; Alphaproteobacteria; Acetobacterales; Roseomonadaceae; Roseomonas,0,1_106_TsaM#36,divergent,0.4268,0,0,0,0,[alpha] > reductase
NZ_UAUI01000024.1:329667-330699:1,WP_037228329.1,DTA22_RS27305,,aromatic ring-hydroxylating dioxygenase subunit alpha,1_106_TsaM,1,76.2,0.487,1.6e-21,NZ_UAUI01000024.1,329667,330699,1,Rhodococcus wratislaviensis,Bacteria; Bacillati; Actinomycetota; Actinomycetes; Mycobacteriales; Nocardiaceae; Rhodococcus,0,1_106_TsaM#20,novel_candidate,0.3243,0,0,0,0,other > hydrolase > other > reductase > reductase > other > reductase > hydrolase > hydrolase > reductase > transposon > [alpha] > regulator
NZ_UPHM01000026.1:20813-21860:-1,WP_083135048.1,EES90_RS06825,,aromatic ring-hydroxylating dioxygenase subunit alpha,1_106_TsaM,1,183.2,0.7176,4.9e-54,NZ_UPHM01000026.1,20813,21860,-1,Mycobacterium persicum,Bacteria; Bacillati; Actinomycetota; Actinomycetes; Mycobacteriales; Mycobacteriaceae; Mycobacterium,0,1_106_TsaM#46,novel_candidate,0.3368,1,0,0,1,other > hydrolase > reductase > [alpha] > reductase > other > regulator
NZ_VCPF01000009.1:111028-112117:1,WP_009519318.1,FGJ01_RS14355,,Rieske 2Fe-2S domain-containing protein,1_106_TsaM,1,367.8,0.9942,3.5e-110,NZ_VCPF01000009.1,111028,112117,1,Hydrogenophaga intermedia,Bacteria; Pseudomonadati; Pseudomonadota; Betaproteobacteria; Burkholderiales; Comamonadaceae; Hydrogenophaga,0,1_106_TsaM#27,novel_candidate,0.378,0,0,0,0,other > ring_cleavage > other > other > other > reductase > regulator > [alpha] > transporter
NZ_VFTV01000006.1:134592-135633:-1,WP_013530418.1,FJ435_RS16150,,aromatic ring-hydroxylating dioxygenase subunit alpha,1_106_TsaM,1,253.6,0.9885,1.9e-75,NZ_VFTV01000006.1,134592,135633,-1,Mesorhizobium sp. B2-8-4,Bacteria; Pseudomonadati; Pseudomonadota; Alphaproteobacteria; Hyphomicrobiales; Phyllobacteriaceae; Mesorhizobium,0,1_106_TsaM#3,core,0.7834,1,0,0,1,[alpha] > reductase > other > reductase > hypothetical > transporter > transporter > transporter
NZ_VIYR01000078.1:6309-7419:1,WP_013689234.1,FLK63_RS28980,,aromatic ring-hydroxylating dioxygenase subunit alpha,1_106_TsaM,1,115.3,0.487,2.2e-33,NZ_VIYR01000078.1,6309,7419,1,Burkholderia gladioli,Bacteria; Pseudomonadati; Pseudomonadota; Betaproteobacteria; Burkholderiales; Burkholderiaceae; Burkholderia,0,1_106_TsaM#0,core,0.8254,0,0,0,0,[alpha]
NZ_VJQC01000027.1:12439-13552:1,WP_012217804.1,FEP24_RS28875,,aromatic ring-hydroxylating dioxygenase subunit alpha,1_106_TsaM,1,100.7,0.4726,6e-29,NZ_VJQC01000027.1,12439,13552,1,Burkholderia multivorans,Bacteria; Pseudomonadati; Pseudomonadota; Betaproteobacteria; Burkholderiales; Burkholderiaceae; Burkholderia; Burkholderia cepacia complex,0,1_106_TsaM#0,core,0.8988,0,0,0,0,[alpha]
NZ_VIUS01000003.1:524762-525872:-1,WP_145756512.1,FBX98_RS08185,,aromatic ring-hydroxylating dioxygenase subunit alpha,1_106_TsaM,1,115.9,0.487,1.5e-33,NZ_VIUS01000003.1,524762,525872,-1,Burkholderia sp. SJZ115,Bacteria; Pseudomonadati; Pseudomonadota; Betaproteobacteria; Burkholderiales; Burkholderiaceae; Burkholderia,0,1_106_TsaM#0,core,0.8254,0,0,0,0,[alpha]
NZ_VJSS01000011.1:193362-194475:1,WP_006407315.1,FEP93_RS14785,,aromatic ring-hydroxylating dioxygenase subunit alpha,1_106_TsaM,1,101.1,0.4726,4.5e-29,NZ_VJSS01000011.1,193362,194475,1,Burkholderia multivorans,Bacteria; Pseudomonadati; Pseudomonadota; Betaproteobacteria; Burkholderiales; Burkholderiaceae; Burkholderia; Burkholderia cepacia complex,0,1_106_TsaM#0,core,0.8988,0,0,0,0,[alpha]
NZ_VKJJ01000053.1:9546-10650:1,WP_035380482.1,FOH22_RS13975,,aromatic ring-hydroxylating dioxygenase subunit alpha,1_106_TsaM,1,116.5,0.4813,9.5e-34,NZ_VKJJ01000053.1,9546,10650,1,Acetobacter tropicalis,Bacteria; Pseudomonadati; Pseudomonadota; Alphaproteobacteria; Acetobacterales; Acetobacteraceae; Acetobacter,0,1_106_TsaM#2,core,0.9189,0,0,0,0,[alpha]
NZ_VLLH01000019.1:71965-73006:1,WP_054303300.1,IQ03_RS20070,,aromatic ring-hydroxylating dioxygenase subunit alpha,1_106_TsaM,1,280.5,0.9914,1.3e-83,NZ_VLLH01000019.1,71965,73006,1,Gemmobacter caeni,Bacteria; Pseudomonadati; Pseudomonadota; Alphaproteobacteria; Rhodobacterales; Paracoccaceae; Gemmobacter,0,1_106_TsaM#9,core,0.8987,1,0,0,1,regulator > [alpha] > reductase
NZ_VNID01000002.1:256174-257254:1,WP_011031099.1,FHV98_RS05560,,aromatic ring-hydroxylating dioxygenase subunit alpha,1_106_TsaM,1,226.6,0.9798,3.1e-67,NZ_VNID01000002.1,256174,257254,1,Streptomyces coelicolor A3(2),Bacteria; Bacillati; Actinomycetota; Actinomycetes; Kitasatosporales; Streptomycetaceae; Streptomyces; Streptomyces albidoflavus group,0,1_106_TsaM#1,core,0.8484,1,0,0,1,[alpha] > hypothetical > reductase > other
NZ_VNID01000007.1:187460-188648:1,WP_011030519.1,FHV98_RS16460,,aromatic ring-hydroxylating dioxygenase subunit alpha,1_106_TsaM,1,84.2,0.4669,6.2e-24,NZ_VNID01000007.1,187460,188648,1,Streptomyces coelicolor A3(2),Bacteria; Bacillati; Actinomycetota; Actinomycetes; Kitasatosporales; Streptomycetaceae; Streptomyces; Streptomyces albidoflavus group,0,1_106_TsaM#37,novel_candidate,0.243,0,0,0,0,other > reductase > hydrolase > other > other > [alpha] > hypothetical
NZ_VOQT01000001.1:463964-465029:-1,WP_046461919.1,FSY45_RS02055,,aromatic ring-hydroxylating dioxygenase subunit alpha,1_106_TsaM,1,263.6,0.9625,1.8e-78,NZ_VOQT01000001.1,463964,465029,-1,Comamonas sp. Z1,Bacteria; Pseudomonadati; Pseudomonadota; Betaproteobacteria; Burkholderiales; Comamonadaceae; Comamonas,0,1_106_TsaM#5,core,0.7282,0,0,0,0,reductase > [alpha]
NZ_VOQT01000002.1:267248-268328:-1,WP_046460555.1,FSY45_RS04585,,Rieske 2Fe-2S domain-containing protein,1_106_TsaM,1,281.1,0.9798,8.4e-84,NZ_VOQT01000002.1,267248,268328,-1,Comamonas sp. Z1,Bacteria; Pseudomonadati; Pseudomonadota; Betaproteobacteria; Burkholderiales; Comamonadaceae; Comamonas,0,1_106_TsaM#11,core,0.9861,1,0,0,1,transporter > [alpha] > reductase > dehydrogenase
NZ_VSRO01000026.1:5083-6151:1,WP_019410169.1,FXO26_RS29830,,aromatic ring-hydroxylating dioxygenase subunit alpha,1_106_TsaM,1,264.5,0.9885,9.6e-79,NZ_VSRO01000026.1,5083,6151,1,Pseudomonas synxantha,Bacteria; Pseudomonadati; Pseudomonadota; Gammaproteobacteria; Pseudomonadales; Pseudomonadaceae; Pseudomonas,0,1_106_TsaM#63,core,0.742,1,0,0,1,[alpha] > reductase
NZ_VSWE01000016.1:90081-91128:1,WP_154134876.1,FYB76_RS20605,,aromatic ring-hydroxylating dioxygenase subunit alpha,1_106_TsaM,1,244.2,0.9885,1.4e-72,NZ_VSWE01000016.1,90081,91128,1,Herbaspirillum sp. CAH-3,Bacteria; Pseudomonadati; Pseudomonadota; Betaproteobacteria; Burkholderiales; Oxalobacteraceae; Herbaspirillum,0,1_106_TsaM#98,novel_candidate,0.3323,0,0,0,0,hypothetical > [alpha] > transporter > reductase
NZ_VTFP01000001.1:783576-784689:1,WP_003111028.1,FZO85_RS03750,,Rieske 2Fe-2S domain-containing protein,1_106_TsaM,1,219.5,0.9914,4.4e-65,NZ_VTFP01000001.1,783576,784689,1,Pseudomonas aeruginosa,Bacteria; Pseudomonadati; Pseudomonadota; Gammaproteobacteria; Pseudomonadales; Pseudomonadaceae; Pseudomonas,0,1_106_TsaM#21,novel_candidate,0.3844,1,0,0,1,reductase > [alpha]
NZ_VZOJ01000004.1:15042-16164:-1,WP_151062841.1,F7R21_RS03290,,aromatic ring-hydroxylating dioxygenase subunit alpha,1_106_TsaM,1,101.1,0.4784,4.4e-29,NZ_VZOJ01000004.1,15042,16164,-1,Burkholderia latens,Bacteria; Pseudomonadati; Pseudomonadota; Betaproteobacteria; Burkholderiales; Burkholderiaceae; Burkholderia; Burkholderia cepacia complex,0,1_106_TsaM#0,core,0.841,0,0,0,0,[alpha]
NZ_VZOL01000583.1:816-1932:-1,WP_059506254.1,F7R13_RS26980,,aromatic ring-hydroxylating dioxygenase subunit alpha,1_106_TsaM,1,100.7,0.4784,5.8e-29,NZ_VZOL01000583.1,816,1932,-1,Burkholderia territorii,Bacteria; Pseudomonadati; Pseudomonadota; Betaproteobacteria; Burkholderiales; Burkholderiaceae; Burkholderia; Burkholderia cepacia complex,0,1_106_TsaM#0,core,0.816,0,0,0,0,[alpha]
NZ_VZOK01000028.1:56309-57419:1,WP_059558956.1,F7R25_RS19705,,aromatic ring-hydroxylating dioxygenase subunit alpha,1_106_TsaM,1,104.6,0.487,4e-30,NZ_VZOK01000028.1,56309,57419,1,Burkholderia stagnalis,Bacteria; Pseudomonadati; Pseudomonadota; Betaproteobacteria; Burkholderiales; Burkholderiaceae; Burkholderia; Burkholderia cepacia complex,0,1_106_TsaM#0,core,0.8939,0,0,0,0,[alpha]
NZ_VZPC01000003.1:211477-212599:-1,WP_068373610.1,F7P85_RS05255,,aromatic ring-hydroxylating dioxygenase subunit alpha,1_106_TsaM,1,223.2,0.9885,3.4e-66,NZ_VZPC01000003.1,211477,212599,-1,Kerstersia gyiorum,Bacteria; Pseudomonadati; Pseudomonadota; Betaproteobacteria; Burkholderiales; Alcaligenaceae; Kerstersia,0,1_106_TsaM#21,novel_candidate,0.3596,0,0,0,0,reductase > [alpha]
NZ_VZPV01000003.1:229920-230988:1,WP_064807466.1,F7R11_RS23225,,aromatic ring-hydroxylating dioxygenase subunit alpha,1_106_TsaM,1,110.9,0.487,4.6e-32,NZ_VZPV01000003.1,229920,230988,1,Ralstonia insidiosa,Bacteria; Pseudomonadati; Pseudomonadota; Betaproteobacteria; Burkholderiales; Burkholderiaceae; Ralstonia,0,1_106_TsaM#12,novel_candidate,0.2724,0,0,0,0,transposon > [alpha] > reductase > other > hydrolase > regulator > reductase > other > dehydrogenase > dehydrogenase > transporter > other
NZ_WHNQ01000033.1:35298-36357:1,WP_227749381.1,GCT19_RS32210,,aromatic ring-hydroxylating dioxygenase subunit alpha,1_106_TsaM,1,232.6,0.9885,4.8e-69,NZ_WHNQ01000033.1,35298,36357,1,Paraburkholderia atlantica,Bacteria; Pseudomonadati; Pseudomonadota; Betaproteobacteria; Burkholderiales; Burkholderiaceae; Paraburkholderia,0,1_106_TsaM#73,novel_candidate,0.3174,0,0,0,0,[alpha] > reductase > transporter > ring_cleavage > hypothetical
NZ_WHJJ01000016.1:182823-183927:1,WP_045542748.1,GC248_RS05445,,aromatic ring-hydroxylating dioxygenase subunit alpha,1_106_TsaM,1,116.5,0.4813,9.4e-34,NZ_WHJJ01000016.1,182823,183927,1,Acetobacter senegalensis,Bacteria; Pseudomonadati; Pseudomonadota; Alphaproteobacteria; Acetobacterales; Acetobacteraceae; Acetobacter,0,1_106_TsaM#2,core,0.9189,0,0,0,0,[alpha]
NZ_WIWM01000045.1:9001-10069:-1,WP_019410169.1,GHO43_RS19565,,aromatic ring-hydroxylating dioxygenase subunit alpha,1_106_TsaM,1,264.5,0.9885,9.6e-79,NZ_WIWM01000045.1,9001,10069,-1,Pseudomonas sp. FSL R10-0071,Bacteria; Pseudomonadati; Pseudomonadota; Gammaproteobacteria; Pseudomonadales; Pseudomonadaceae; Pseudomonas,0,1_106_TsaM#63,core,0.742,1,0,0,1,[alpha] > reductase
NZ_WJOK01000034.1:39020-40061:1,WP_065702562.1,GH784_RS24940,,aromatic ring-hydroxylating dioxygenase subunit alpha,1_106_TsaM,1,255.4,0.9856,5.6e-76,NZ_WJOK01000034.1,39020,40061,1,Agrobacterium tumefaciens,Bacteria; Pseudomonadati; Pseudomonadota; Alphaproteobacteria; Hyphomicrobiales; Rhizobiaceae; Rhizobium/Agrobacterium group; Agrobacterium; Agrobacterium tumefaciens complex,0,1_106_TsaM#3,core,0.8767,0,0,0,0,[alpha] > hypothetical > transporter > transporter > transporter > other
NZ_WJYN01000006.1:317067-318135:1,WP_004634822.1,GJQ57_RS17405,,aromatic ring-hydroxylating dioxygenase subunit alpha,1_106_TsaM,1,110.1,0.487,8.1e-32,NZ_WJYN01000006.1,317067,318135,1,Ralstonia pickettii,Bacteria; Pseudomonadati; Pseudomonadota; Betaproteobacteria; Burkholderiales; Burkholderiaceae; Ralstonia,0,1_106_TsaM#12,novel_candidate,0.2754,1,0,0,1,transposon > [alpha] > reductase > other > hydrolase > regulator > reductase > other > dehydrogenase > dehydrogenase > other > reductase
NZ_WOEZ01000146.1:59004-60243:1,WP_172170107.1,GNZ13_RS26635,,aromatic ring-hydroxylating dioxygenase subunit alpha,1_106_TsaM,1,110.5,0.487,6.4e-32,NZ_WOEZ01000146.1,59004,60243,1,Paraburkholderia elongata,Bacteria; Pseudomonadati; Pseudomonadota; Betaproteobacteria; Burkholderiales; Burkholderiaceae; Paraburkholderia,0,1_106_TsaM#0,core,0.8485,0,0,0,0,[alpha]
NZ_WOTE01000002.1:314941-316042:1,WP_059024310.1,GOB80_RS04840,,aromatic ring-hydroxylating dioxygenase subunit alpha,1_106_TsaM,1,107.6,0.4813,4.7e-31,NZ_WOTE01000002.1,314941,316042,1,Acetobacter ghanensis,Bacteria; Pseudomonadati; Pseudomonadota; Alphaproteobacteria; Acetobacterales; Acetobacteraceae; Acetobacter,0,1_106_TsaM#2,core,0.9225,0,0,0,0,[alpha]
NZ_WOTE01000002.1:437215-438322:-1,WP_059024228.1,GOB80_RS05360,,aromatic ring-hydroxylating dioxygenase subunit alpha,1_106_TsaM,1,95.2,0.4697,2.8e-27,NZ_WOTE01000002.1,437215,438322,-1,Acetobacter ghanensis,Bacteria; Pseudomonadati; Pseudomonadota; Alphaproteobacteria; Acetobacterales; Acetobacteraceae; Acetobacter,0,1_106_TsaM#0,core,0.5904,0,0,0,0,other > [alpha] > other
NZ_WUML01000031.1:11533-12580:-1,WP_035228497.1,GR156_RS20825,,aromatic ring-hydroxylating dioxygenase subunit alpha,1_106_TsaM,1,265.3,0.9885,5.5e-79,NZ_WUML01000031.1,11533,12580,-1,Shinella zoogloeoides,Bacteria; Pseudomonadati; Pseudomonadota; Alphaproteobacteria; Hyphomicrobiales; Rhizobiaceae; Shinella,0,1_106_TsaM#3,core,0.9052,1,0,0,1,[alpha] > reductase > other > hypothetical
NZ_WVHR01000038.1:77011-78250:1,WP_171927739.1,GS910_RS27670,,aromatic ring-hydroxylating dioxygenase subunit alpha,1_106_TsaM,1,109.7,0.4755,1.1e-31,NZ_WVHR01000038.1,77011,78250,1,Paraburkholderia madseniana,Bacteria; Pseudomonadati; Pseudomonadota; Betaproteobacteria; Burkholderiales; Burkholderiaceae; Paraburkholderia,0,1_106_TsaM#0,core,0.8924,0,0,0,0,[alpha]
NZ_WWFW01000064.1:12663-13722:-1,WP_067579021.1,GTY63_RS10880,,Rieske 2Fe-2S domain-containing protein,1_106_TsaM,1,89.4,0.4697,1.7e-25,NZ_WWFW01000064.1,12663,13722,-1,Amycolatopsis rubida,Bacteria; Bacillati; Actinomycetota; Actinomycetes; Pseudonocardiales; Pseudonocardiaceae; Amycolatopsis,0,1_106_TsaM#84,novel_candidate,0.3298,0,0,0,0,other > reductase > hypothetical > transposon > [alpha] > other > dehydrogenase > hydrolase > reductase > reductase > other > hydrolase > transporter > hydrolase > reductase
NZ_WWGW01000019.1:81927-82989:1,WP_018537304.1,GTY73_RS06865,,Rieske 2Fe-2S domain-containing protein,1_106_TsaM,1,76.2,0.4899,1.7e-21,NZ_WWGW01000019.1,81927,82989,1,Streptomyces sp. SID8354,Bacteria; Bacillati; Actinomycetota; Actinomycetes; Kitasatosporales; Streptomycetaceae; Streptomyces,0,1_106_TsaM#97,novel_candidate,0.2197,0,0,0,0,other > alpha_other > [alpha] > alpha_other > other > hypothetical > other
NZ_WWGW01000019.1:82985-84038:1,WP_018537305.1,GTY73_RS06870,,Rieske 2Fe-2S domain-containing protein,1_106_TsaM,1,81.1,0.4582,5.6e-23,NZ_WWGW01000019.1,82985,84038,1,Streptomyces sp. SID8354,Bacteria; Bacillati; Actinomycetota; Actinomycetes; Kitasatosporales; Streptomycetaceae; Streptomyces,0,1_106_TsaM#96,novel_candidate,0.2286,0,0,0,0,other > alpha_other > alpha_other > [alpha] > other > hypothetical > other
NZ_WWIE01000047.1:3593-4622:1,WP_064728031.1,GTX07_RS03340,,aromatic ring-hydroxylating dioxygenase subunit alpha,1_106_TsaM,1,76.3,0.4726,1.6e-21,NZ_WWIE01000047.1,3593,4622,1,Streptomyces sp. SID5606,Bacteria; Bacillati; Actinomycetota; Actinomycetes; Kitasatosporales; Streptomycetaceae; Streptomyces,0,1_106_TsaM#40,novel_candidate,0.3316,0,0,0,0,reductase > other > reductase > transposon > [alpha]
NZ_WWJR01000082.1:182275-183343:1,WP_018555610.1,GT035_RS29340,,aromatic ring-hydroxylating dioxygenase subunit alpha,1_106_TsaM,1,79.7,0.4726,1.4e-22,NZ_WWJR01000082.1,182275,183343,1,Streptomyces sp. SID4913,Bacteria; Bacillati; Actinomycetota; Actinomycetes; Kitasatosporales; Streptomycetaceae; Streptomyces,0,1_106_TsaM#39,novel_candidate,0.328,1,0,0,1,reductase > other > reductase > transposon > [alpha]
NZ_WWJF01000080.1:6494-7550:-1,WP_030766625.1,GTY78_RS15505,,aromatic ring-hydroxylating dioxygenase subunit alpha,1_106_TsaM,1,96.5,0.4899,1.2e-27,NZ_WWJF01000080.1,6494,7550,-1,Streptomyces sp. SID4934,Bacteria; Bacillati; Actinomycetota; Actinomycetes; Kitasatosporales; Streptomycetaceae; Streptomyces,0,1_106_TsaM#85,novel_candidate,0.3234,1,0,0,1,other > reductase > transposon > [alpha] > other
NZ_WWJK01000018.1:418267-419437:-1,WP_018103094.1,GTW64_RS22235,,aromatic ring-hydroxylating dioxygenase subunit alpha,1_106_TsaM,1,91.2,0.464,4.6e-26,NZ_WWJK01000018.1,418267,419437,-1,Streptomyces sp. SID4923,Bacteria; Bacillati; Actinomycetota; Actinomycetes; Kitasatosporales; Streptomycetaceae; Streptomyces,0,1_106_TsaM#8,core,0.869,0,0,0,0,[alpha]
NZ_WWIQ01000004.1:186306-187473:-1,WP_010039021.1,GTY47_RS04425,,aromatic ring-hydroxylating dioxygenase subunit alpha,1_106_TsaM,1,96.1,0.4611,1.5e-27,NZ_WWIQ01000004.1,186306,187473,-1,Streptomyces sp. SID5464,Bacteria; Bacillati; Actinomycetota; Actinomycetes; Kitasatosporales; Streptomycetaceae; Streptomyces,0,1_106_TsaM#8,core,0.8497,0,0,0,0,other > [alpha]
NZ_WWJK01000021.1:169041-170085:1,WP_018104536.1,GTW64_RS23370,,aromatic ring-hydroxylating dioxygenase subunit alpha,1_106_TsaM,1,82.0,0.4726,2.9e-23,NZ_WWJK01000021.1,169041,170085,1,Streptomyces sp. SID4923,Bacteria; Bacillati; Actinomycetota; Actinomycetes; Kitasatosporales; Streptomycetaceae; Streptomyces,0,1_106_TsaM#39,novel_candidate,0.3298,1,0,0,1,dehydrogenase > other > dehydrogenase > hydrolase > other > reductase > reductase > other > reductase > transposon > [alpha]
NZ_WXZS01000037.1:57673-58786:-1,WP_003119104.1,GUL11_RS26800,,Rieske 2Fe-2S domain-containing protein,1_106_TsaM,1,220.1,0.9914,2.9e-65,NZ_WXZS01000037.1,57673,58786,-1,Pseudomonas aeruginosa,Bacteria; Pseudomonadati; Pseudomonadota; Gammaproteobacteria; Pseudomonadales; Pseudomonadaceae; Pseudomonas,0,1_106_TsaM#21,novel_candidate,0.3875,1,0,0,1,reductase > [alpha]
XM_002503278.1:0-2712:1,XP_002503324.1,MICPUN_59518,TIC55-3,chloroplast envelope protein translocase family,1_106_TsaM,1,74.8,0.4755,4.6e-21,XM_002503278.1,0,2712,1,Micromonas commoda,Eukaryota; Viridiplantae; Chlorophyta; Mamiellophyceae; Mamiellales; Mamiellaceae; Micromonas,0,1_106_TsaM#95,novel_candidate,0.2857,0,0,0,0,[alpha]
XM_004334151.1:0-921:1,XP_004334199.1,ACA1_033140,,rieske [2fe2s] domain containing protein,1_106_TsaM,1,108.0,0.5908,3.7e-31,XM_004334151.1,0,921,1,Acanthamoeba castellanii str. Neff,Eukaryota; Amoebozoa; Discosea; Longamoebia; Centramoebida; Acanthamoebidae; Acanthamoeba,0,1_106_TsaM#94,novel_candidate,0.3386,0,0,0,0,[alpha]
XM_005650150.1:0-1074:1,XP_005650207.1,COCSUDRAFT_60677,,ISP domain-containing protein,1_106_TsaM,1,76.1,0.513,1.9e-21,XM_005650150.1,0,1074,1,Coccomyxa subellipsoidea C-169,Eukaryota; Viridiplantae; Chlorophyta; core chlorophytes; Trebouxiophyceae; Trebouxiophyceae incertae sedis; Elliptochloris clade; Coccomyxa; Coccomyxa subellipsoidea,0,1_106_TsaM#93,novel_candidate,0.236,0,0,0,0,[alpha]
XM_005770556.1:0-1392:1,XP_005770613.1,EMIHUDRAFT_308518,,hypothetical protein,1_106_TsaM,1,69.7,0.4813,1.6e-19,XM_005770556.1,0,1392,1,Emiliania huxleyi CCMP1516,Eukaryota; Haptista; Haptophyta; Prymnesiophyceae; Isochrysidales; Noelaerhabdaceae; Emiliania,0,1_106_TsaM#92,novel_candidate,0.2188,0,0,0,0,[alpha]
XM_007223000.1:122-1790:1,XP_007223062.1,PRUPE_ppa003700mg,,hypothetical protein,1_106_TsaM,1,97.9,0.487,4.2e-28,XM_007223000.1,122,1790,1,Prunus persica,Eukaryota; Viridiplantae; Streptophyta; Embryophyta; Tracheophyta; Spermatophyta; Magnoliophyta; eudicotyledons; Gunneridae; Pentapetalae; rosids; fabids; Rosales; Rosaceae; Maloideae; Amygdaleae; Prunus,0,1_106_TsaM#91,novel_candidate,0.3283,0,0,0,0,[alpha]
XM_012691890.1:106-1468:1,XP_012547344.1,,Nvd,neverland isoform X1,1_106_TsaM,1,71.4,0.4784,4.7e-20,XM_012691890.1,106,1468,1,Bombyx mori,Eukaryota; Metazoa; Ecdysozoa; Arthropoda; Hexapoda; Insecta; Pterygota; Neoptera; Holometabola; Lepidoptera; Glossata; Ditrysia; Bombycoidea; Bombycidae; Bombycinae; Bombyx,0,1_106_TsaM#68,novel_candidate,0.2649,0,0,0,0,[alpha]
XM_013899957.1:0-1678:1,XP_013755411.1,AMSG_08335,,Rieske domain-containing protein,1_106_TsaM,1,84.4,0.4582,5.3e-24,XM_013899957.1,0,1678,1,Thecamonas trahens ATCC 50062,Eukaryota; Apusozoa; Apusomonadida; Apusomonadidae; Thecamonas,0,1_106_TsaM#70,divergent,0.4182,0,0,0,0,[alpha]
XM_013899958.1:21-1662:1,XP_013755412.1,AMSG_08335,,"Rieske domain-containing protein, variant",1_106_TsaM,1,84.5,0.4582,5e-24,XM_013899958.1,21,1662,1,Thecamonas trahens ATCC 50062,Eukaryota; Apusozoa; Apusomonadida; Apusomonadidae; Thecamonas,0,1_106_TsaM#70,divergent,0.4182,0,0,0,0,[alpha]
XM_015943503.1:304-1516:1,XP_015798989.1,,LOC107375133,cholesterol 7-desaturase-like,1_106_TsaM,1,60.0,0.4813,1.4e-16,XM_015943503.1,304,1516,1,Nothobranchius furzeri,Eukaryota; Metazoa; Chordata; Craniata; Vertebrata; Euteleostomi; Actinopterygii; Neopterygii; Teleostei; Neoteleostei; Acanthomorphata; Ovalentaria; Atherinomorphae; Cyprinodontiformes; Nothobranchiidae; Nothobranchius,0,1_106_TsaM#44,novel_candidate,0.2286,0,0,0,0,[alpha]
XM_026234388.1:141-1386:1,XP_026090173.1,,LOC113063929,cholesterol 7-desaturase-like isoform X2,1_106_TsaM,1,62.6,0.464,2.3e-17,XM_026234388.1,141,1386,1,Carassius auratus,Eukaryota; Metazoa; Chordata; Craniata; Vertebrata; Euteleostomi; Actinopterygii; Neopterygii; Teleostei; Ostariophysi; Cypriniformes; Cyprinidae; Cyprininae; Carassius,0,1_106_TsaM#44,novel_candidate,0.25,0,0,0,0,[alpha]
XM_027492091.1:177-1767:1,XP_027347892.1,,LOC113859281,"protochlorophyllide-dependent translocon component 52, chloroplastic",1_106_TsaM,1,52.6,0.4553,2.6e-14,XM_027492091.1,177,1767,1,Abrus precatorius,Eukaryota; Viridiplantae; Streptophyta; Embryophyta; Tracheophyta; Spermatophyta; Magnoliopsida; eudicotyledons; Gunneridae; Pentapetalae; rosids; fabids; Fabales; Fabaceae; Papilionoideae; 50 kb inversion clade; NPAAA clade; indigoferoid/millettioid clade; Abreae; Abrus,0,1_106_TsaM#69,novel_candidate,0.2402,0,0,0,0,[alpha]
XM_028185795.1:0-1362:1,XP_028041596.1,,LOC114251510,cholesterol 7-desaturase,1_106_TsaM,1,71.8,0.4784,3.8e-20,XM_028185795.1,0,1362,1,Bombyx mandarina,Eukaryota; Metazoa; Ecdysozoa; Arthropoda; Hexapoda; Insecta; Pterygota; Neoptera; Endopterygota; Lepidoptera; Glossata; Ditrysia; Bombycoidea; Bombycidae; Bombycinae; Bombyx,0,1_106_TsaM#68,novel_candidate,0.2703,0,0,0,0,[alpha]
XM_031546358.1:112-1723:1,XP_031402218.1,,LOC116211830,"protochlorophyllide-dependent translocon component 52, chloroplastic",1_106_TsaM,1,59.3,0.536,2.3e-16,XM_031546358.1,112,1723,1,Punica granatum,Eukaryota; Viridiplantae; Streptophyta; Embryophyta; Tracheophyta; Spermatophyta; Magnoliopsida; eudicotyledons; Gunneridae; Pentapetalae; rosids; malvids; Myrtales; Lythraceae; Punica,0,1_106_TsaM#69,novel_candidate,0.221,0,0,0,0,[alpha]
XM_033960573.1:453-1698:1,XP_033816464.1,,LOC117367721,cholesterol 7-desaturase-like isoform X2,1_106_TsaM,1,74.7,0.4582,4.8e-21,XM_033960573.1,453,1698,1,Geotrypetes seraphini,Eukaryota; Metazoa; Chordata; Craniata; Vertebrata; Euteleostomi; Amphibia; Gymnophiona; Geotrypetes,0,1_106_TsaM#44,novel_candidate,0.2825,0,0,0,0,[alpha]
