candidate_id,protein_id,locus_tag,gene,product,ro_cluster,ro_group,hmm_score,model_coverage,hmm_evalue,nucleotide_id,start,end,strand,organism,taxonomy,is_plasmid,leaf_id,assignment_class,core_identity,operon_completeness,has_beta,has_ferredoxin,has_reductase,layout
NC_014838.1:757583-758615:1,WP_013511852.1,PAT9B_RS23800,hpxD,molybdenum cofactor-independent xanthine hydroxylase subunit HpxD,1_113_CdnA,1,156.8,0.8708,5.7e-46,NC_014838.1,757583,758615,1,Pantoea sp. At-9b,Bacteria; Pseudomonadati; Pseudomonadota; Gammaproteobacteria; Enterobacterales; Erwiniaceae; Pantoea,1,1_113_CdnA#4,core,0.7885,0,0,0,0,[alpha] > reductase
NC_014839.1:22610-23702:-1,WP_013511901.1,PAT9B_RS24050,,aromatic ring-hydroxylating dioxygenase subunit alpha,1_113_CdnA,1,207.4,0.9017,2.3e-61,NC_014839.1,22610,23702,-1,Pantoea sp. At-9b,Bacteria; Pseudomonadati; Pseudomonadota; Gammaproteobacteria; Enterobacterales; Erwiniaceae; Pantoea,1,1_113_CdnA#58,novel_candidate,0.2976,0,0,0,0,[alpha]
NC_022049.1:302632-303733:-1,WP_020952437.1,JCM7686_RS19480,,Rieske 2Fe-2S domain-containing protein,1_113_CdnA,1,142.5,0.8904,1.2e-41,NC_022049.1,302632,303733,-1,Paracoccus aminophilus JCM 7686,Bacteria; Pseudomonadati; Pseudomonadota; Alphaproteobacteria; Rhodobacterales; Paracoccaceae; Paracoccus,1,1_113_CdnA#62,divergent,0.5432,0,0,0,0,[alpha] > reductase
NM_001247606.2:89-1703:1,NP_001234535.2,,LOC543677,lethal leaf spot 1-like protein,1_113_CdnA,1,67.3,0.5,9.4e-19,NM_001247606.2,89,1703,1,Solanum lycopersicum,Eukaryota; Viridiplantae; Streptophyta; Embryophyta; Tracheophyta; Spermatophyta; Magnoliopsida; eudicotyledons; Gunneridae; Pentapetalae; asterids; lamiids; Solanales; Solanaceae; Solanoideae; Solaneae; Solanum; Solanum subgen. Lycopersicon,0,1_113_CdnA#38,novel_candidate,0.2487,0,0,0,0,[alpha]
NC_028110.1:135566-136472:-1,YP_009174634.1,AR678_gp179,,hypothetical protein,1_113_CdnA,1,61.7,0.7528,4.7e-17,NC_028110.1,135566,136472,-1,Yellowstone lake phycodnavirus 2,Viruses; Varidnaviria; Bamfordvirae; Nucleocytoviricota; Megaviricetes; Algavirales; Phycodnaviridae; Prasinovirus,0,1_113_CdnA#57,novel_candidate,0.2263,0,0,0,0,[alpha]
NZ_ABCS01000006.1:45458-46598:-1,WP_006969804.1,PPSIR1_RS04500,,aromatic ring-hydroxylating dioxygenase subunit alpha,1_113_CdnA,1,87.2,0.4635,8.4e-25,NZ_ABCS01000006.1,45458,46598,-1,Plesiocystis pacifica SIR-1,Bacteria; Pseudomonadati; Myxococcota; Polyangia; Nannocystales; Nannocystaceae; Plesiocystis,0,1_113_CdnA#56,novel_candidate,0.252,0,0,0,0,[alpha]
NZ_ACPY01000251.1:80850-81903:-1,WP_007975030.1,XAUC_RS21510,,aromatic ring-hydroxylating dioxygenase subunit alpha,1_113_CdnA,1,165.4,0.8764,1.4e-48,NZ_ACPY01000251.1,80850,81903,-1,Xanthomonas citri pv. aurantifolii str. ICPB 10535,Bacteria; Pseudomonadati; Pseudomonadota; Gammaproteobacteria; Lysobacterales; Lysobacteraceae; Xanthomonas,0,1_113_CdnA#3,core,0.9859,0,0,0,0,[alpha] > reductase
NZ_AERY01000136.1:5215-6271:1,WP_000991547.1,ABWM_RS0117545,,aromatic ring-hydroxylating dioxygenase subunit alpha,1_113_CdnA,1,153.4,0.8933,6.3e-45,NZ_AERY01000136.1,5215,6271,1,Acinetobacter baumannii WM99c,Bacteria; Pseudomonadati; Pseudomonadota; Gammaproteobacteria; Moraxellales; Moraxellaceae; Acinetobacter; Acinetobacter calcoaceticus/baumannii complex,0,1_113_CdnA#0,core,0.9459,0,0,0,0,[alpha] > other
NZ_AEUP01000036.1:40533-41589:-1,WP_006117332.1,APO_RS12175,,aromatic ring-hydroxylating dioxygenase subunit alpha,1_113_CdnA,1,165.1,0.8848,1.8e-48,NZ_AEUP01000036.1,40533,41589,-1,Acetobacter pomorum DM001,Bacteria; Pseudomonadati; Pseudomonadota; Alphaproteobacteria; Acetobacterales; Acetobacteraceae; Acetobacter,0,1_113_CdnA#22,core,0.8165,0,0,0,0,[alpha] > hypothetical
NZ_AFVQ02000054.1:9738-10779:1,WP_010027259.1,SINU_RS04550,,aromatic ring-hydroxylating dioxygenase subunit alpha,1_113_CdnA,1,169.3,0.8904,9.1e-50,NZ_AFVQ02000054.1,9738,10779,1,Sporolactobacillus inulinus CASD,Bacteria; Bacillati; Bacillota; Bacilli; Bacillales; Sporolactobacillaceae; Sporolactobacillus,0,1_113_CdnA#21,divergent,0.4791,0,0,0,0,[alpha] > ferredoxin > other
NZ_AGJK01000160.1:6422-7496:1,WP_003603486.1,METEXDRAFT_RS21370,,aromatic ring-hydroxylating dioxygenase subunit alpha,1_113_CdnA,1,128.5,0.8258,2.3e-37,NZ_AGJK01000160.1,6422,7496,1,Methylorubrum extorquens DSM 13060,Bacteria; Pseudomonadati; Pseudomonadota; Alphaproteobacteria; Hyphomicrobiales; Methylobacteriaceae; Methylorubrum,0,1_113_CdnA#15,novel_candidate,0.2546,0,0,0,0,transporter > transporter > transporter > [alpha] > transporter > other > reductase > reductase > other
NZ_AFNV02000008.1:59293-60319:1,WP_006912869.1,SSPSH_RS06465,,aromatic ring-hydroxylating dioxygenase subunit alpha,1_113_CdnA,1,151.3,0.9242,2.7e-44,NZ_AFNV02000008.1,59293,60319,1,Salinisphaera shabanensis E1L3A,Bacteria; Pseudomonadati; Pseudomonadota; Gammaproteobacteria; Salinisphaerales; Salinisphaeraceae; Salinisphaera,0,1_113_CdnA#55,novel_candidate,0.2407,0,0,0,0,transporter > transporter > [alpha] > other
NZ_AHJE01000061.1:73006-74023:-1,WP_006160266.1,OR16_RS22615,,aromatic ring-hydroxylating dioxygenase subunit alpha,1_113_CdnA,1,146.4,0.9045,8.2e-43,NZ_AHJE01000061.1,73006,74023,-1,Cupriavidus basilensis OR16,Bacteria; Pseudomonadati; Pseudomonadota; Betaproteobacteria; Burkholderiales; Burkholderiaceae; Cupriavidus,0,1_113_CdnA#20,novel_candidate,0.2523,1,0,0,1,other > other > reductase > reductase > [alpha] > other
NZ_AHKH01000028.1:60198-61176:-1,WP_006677045.1,PDENDC454_RS12610,,aromatic ring-hydroxylating dioxygenase subunit alpha,1_113_CdnA,1,173.5,0.8511,5e-51,NZ_AHKH01000028.1,60198,61176,-1,Paenibacillus dendritiformis C454,Bacteria; Bacillati; Bacillota; Bacilli; Bacillales; Paenibacillaceae; Paenibacillus,0,1_113_CdnA#19,novel_candidate,0.3146,0,0,0,0,[alpha]
NZ_AJLN01000136.1:12046-13069:-1,WP_016877905.1,UYC_RS0130295,,aromatic ring-hydroxylating dioxygenase subunit alpha,1_113_CdnA,1,92.4,0.4635,2.2e-26,NZ_AJLN01000136.1,12046,13069,-1,Chlorogloeopsis fritschii PCC 6912,Bacteria; Bacillati; Cyanobacteriota; Cyanophyceae; Nostocales; Chlorogloeopsidaceae; Chlorogloeopsis,0,1_113_CdnA#13,novel_candidate,0.2278,1,0,1,0,ferredoxin > [alpha] > other
NZ_AJWX01000005.1:226796-227912:-1,WP_043300851.1,PMM47T1_RS08475,,aromatic ring-hydroxylating dioxygenase subunit alpha,1_113_CdnA,1,139.7,0.8258,9e-41,NZ_AJWX01000005.1,226796,227912,-1,Pseudomonas sp. M47T1,Bacteria; Pseudomonadati; Pseudomonadota; Gammaproteobacteria; Pseudomonadales; Pseudomonadaceae; Pseudomonas,0,1_113_CdnA#9,novel_candidate,0.278,0,0,0,0,[alpha] > other
NZ_AJXD01000012.1:56809-57865:1,WP_008303550.1,HADU_RS03315,,aromatic ring-hydroxylating dioxygenase subunit alpha,1_113_CdnA,1,152.5,0.8904,1.2e-44,NZ_AJXD01000012.1,56809,57865,1,Acinetobacter sp. HA,Bacteria; Pseudomonadati; Pseudomonadota; Gammaproteobacteria; Moraxellales; Moraxellaceae; Acinetobacter,0,1_113_CdnA#0,core,0.795,0,0,0,0,[alpha] > other
NZ_AKBN02000008.1:2882-3935:1,WP_010363900.1,A11K_RS08020,,aromatic ring-hydroxylating dioxygenase subunit alpha,1_113_CdnA,1,166.7,0.8792,5.7e-49,NZ_AKBN02000008.1,2882,3935,1,Xanthomonas vasicola pv. vasculorum NCPPB 890,Bacteria; Pseudomonadati; Pseudomonadota; Gammaproteobacteria; Lysobacterales; Lysobacteraceae; Xanthomonas,0,1_113_CdnA#3,core,0.9754,0,0,0,0,[alpha] > reductase
NZ_AKJD01000012.1:7290-8403:1,WP_008077300.1,PMI37_RS01450,,aromatic ring-hydroxylating dioxygenase subunit alpha,1_113_CdnA,1,140.4,0.8118,5.5e-41,NZ_AKJD01000012.1,7290,8403,1,Pseudomonas sp. GM80,Bacteria; Pseudomonadati; Pseudomonadota; Gammaproteobacteria; Pseudomonadales; Pseudomonadaceae; Pseudomonas,0,1_113_CdnA#9,novel_candidate,0.2748,0,0,0,0,[alpha]
NZ_AKJW01000113.1:8860-9886:1,WP_007884056.1,PMI16_RS22945,,aromatic ring-hydroxylating dioxygenase subunit alpha,1_113_CdnA,1,153.8,0.9101,4.6e-45,NZ_AKJW01000113.1,8860,9886,1,Herbaspirillum sp. CF444,Bacteria; Pseudomonadati; Pseudomonadota; Betaproteobacteria; Burkholderiales; Oxalobacteraceae; Herbaspirillum,0,1_113_CdnA#7,novel_candidate,0.265,0,0,0,0,reductase > transporter > other > [alpha] > transporter > transporter > hydrolase > other > transposon > regulator > other > other > other
NZ_AKJX01000005.1:19130-20108:-1,WP_007847867.1,PMI14_RS00475,,aromatic ring-hydroxylating dioxygenase subunit alpha,1_113_CdnA,1,164.4,0.8624,2.8e-48,NZ_AKJX01000005.1,19130,20108,-1,Acidovorax sp. CF316,Bacteria; Pseudomonadati; Pseudomonadota; Betaproteobacteria; Burkholderiales; Comamonadaceae; Acidovorax,0,1_113_CdnA#12,novel_candidate,0.3041,0,0,0,0,transporter > [alpha] > other
NZ_AKKF01000167.1:17013-18075:-1,WP_007669974.1,PMI01_RS14410,,Rieske 2Fe-2S domain-containing protein,1_113_CdnA,1,127.4,0.9073,4.8e-37,NZ_AKKF01000167.1,17013,18075,-1,Caulobacter sp. AP07,Bacteria; Pseudomonadati; Pseudomonadota; Alphaproteobacteria; Caulobacterales; Caulobacteraceae; Caulobacter,0,1_113_CdnA#52,novel_candidate,0.3931,0,0,0,0,hydrolase > alpha_other > other > alpha_other > [alpha]
NZ_AKKF01000167.1:54442-55450:-1,WP_051989969.1,PMI01_RS27390,,Rieske 2Fe-2S domain-containing protein,1_113_CdnA,1,126.3,0.8792,1.1e-36,NZ_AKKF01000167.1,54442,55450,-1,Caulobacter sp. AP07,Bacteria; Pseudomonadati; Pseudomonadota; Alphaproteobacteria; Caulobacterales; Caulobacteraceae; Caulobacter,0,1_113_CdnA#51,novel_candidate,0.2867,0,0,0,0,[alpha] > alpha_other > transporter
NZ_ALNJ01000085.1:8694-9732:-1,WP_004849679.1,HMPREF1144_RS16165,hpxD,molybdenum cofactor-independent xanthine hydroxylase subunit HpxD,1_113_CdnA,1,148.6,0.8764,1.7e-43,NZ_ALNJ01000085.1,8694,9732,-1,Klebsiella sp. OBRC7,Bacteria; Pseudomonadati; Pseudomonadota; Gammaproteobacteria; Enterobacterales; Enterobacteriaceae; Klebsiella/Raoultella group; Klebsiella,0,1_113_CdnA#2,core,0.9278,0,0,0,0,[alpha] > reductase
NZ_AMPR02000134.1:3899-4937:1,WP_006578838.1,B551_RS09795,,aromatic ring-hydroxylating dioxygenase subunit alpha,1_113_CdnA,1,145.7,0.9129,1.4e-42,NZ_AMPR02000134.1,3899,4937,1,Cupriavidus sp. HPC(L),Bacteria; Pseudomonadati; Pseudomonadota; Betaproteobacteria; Burkholderiales; Burkholderiaceae; Cupriavidus,0,1_113_CdnA#14,novel_candidate,0.25,0,0,0,0,transporter > [alpha] > transporter > transporter > regulator > other
NZ_AMFQ01000139.1:40223-41279:-1,WP_009586890.1,ACINWC743_RS20940,,Rieske 2Fe-2S domain-containing protein,1_113_CdnA,1,149.6,0.8904,8.8e-44,NZ_AMFQ01000139.1,40223,41279,-1,Acinetobacter sp. WC-743,Bacteria; Pseudomonadati; Pseudomonadota; Gammaproteobacteria; Moraxellales; Moraxellaceae; Acinetobacter,0,1_113_CdnA#0,core,0.776,0,0,0,0,[alpha]
NZ_AMSS01000084.1:27648-28704:-1,WP_009392837.1,ACINWC141_RS15910,,aromatic ring-hydroxylating dioxygenase subunit alpha,1_113_CdnA,1,148.9,0.8933,1.5e-43,NZ_AMSS01000084.1,27648,28704,-1,Acinetobacter sp. WC-141,Bacteria; Pseudomonadati; Pseudomonadota; Gammaproteobacteria; Moraxellales; Moraxellaceae; Acinetobacter; Acinetobacter calcoaceticus/baumannii complex,0,1_113_CdnA#0,core,0.9373,0,0,0,0,[alpha] > other
NZ_AMZS01000026.1:45793-46849:1,WP_009509237.1,ACINWC323_RS15050,,aromatic ring-hydroxylating dioxygenase subunit alpha,1_113_CdnA,1,136.6,0.8904,7.8e-40,NZ_AMZS01000026.1,45793,46849,1,Acinetobacter sp. WC-323,Bacteria; Pseudomonadati; Pseudomonadota; Gammaproteobacteria; Moraxellales; Moraxellaceae; Acinetobacter; Acinetobacter calcoaceticus/baumannii complex,0,1_113_CdnA#0,core,0.7709,0,0,0,0,[alpha]
NZ_AP015030.1:459212-460244:1,WP_096426634.1,KF715C_RS33100,,aromatic ring-hydroxylating dioxygenase subunit alpha,1_113_CdnA,1,176.0,0.8315,8.6e-52,NZ_AP015030.1,459212,460244,1,Pseudomonas putida,Bacteria; Pseudomonadati; Pseudomonadota; Gammaproteobacteria; Pseudomonadales; Pseudomonadaceae; Pseudomonas,1,1_113_CdnA#1,core,0.5761,0,0,0,0,[alpha]
NZ_ATGG01000010.1:100759-101815:-1,WP_016541294.1,F957_RS15100,,Rieske 2Fe-2S domain-containing protein,1_113_CdnA,1,145.2,0.8904,1.9e-42,NZ_ATGG01000010.1,100759,101815,-1,Acinetobacter gyllenbergii CIP 110306 = MTCC 11365,Bacteria; Pseudomonadati; Pseudomonadota; Gammaproteobacteria; Moraxellales; Moraxellaceae; Acinetobacter,0,1_113_CdnA#1,core,0.879,0,0,0,0,[alpha]
NZ_ATGG01000014.1:37663-38719:1,WP_016542934.1,F957_RS10805,,aromatic ring-hydroxylating dioxygenase subunit alpha,1_113_CdnA,1,140.1,0.8904,6.8e-41,NZ_ATGG01000014.1,37663,38719,1,Acinetobacter gyllenbergii CIP 110306 = MTCC 11365,Bacteria; Pseudomonadati; Pseudomonadota; Gammaproteobacteria; Moraxellales; Moraxellaceae; Acinetobacter,0,1_113_CdnA#0,core,0.7538,0,0,0,0,[alpha]
NZ_ATMT01000088.1:26742-27720:1,WP_021262276.1,PAALTS15_RS25410,,aromatic ring-hydroxylating dioxygenase subunit alpha,1_113_CdnA,1,168.6,0.8343,1.5e-49,NZ_ATMT01000088.1,26742,27720,1,Paenibacillus alvei TS-15,Bacteria; Bacillati; Bacillota; Bacilli; Bacillales; Paenibacillaceae; Paenibacillus,0,1_113_CdnA#19,novel_candidate,0.3202,0,0,0,0,[alpha]
NZ_AVFL01000025.1:66716-67784:1,WP_037458690.1,N825_RS26460,,aromatic ring-hydroxylating dioxygenase subunit alpha,1_113_CdnA,1,130.4,0.8287,5.9e-38,NZ_AVFL01000025.1,66716,67784,1,Skermanella stibiiresistens SB22,Bacteria; Pseudomonadati; Pseudomonadota; Alphaproteobacteria; Rhodospirillales; Azospirillaceae; Skermanella,0,1_113_CdnA#15,novel_candidate,0.2531,0,0,0,0,transporter > transporter > transporter > hydrolase > [alpha]
NZ_AWNH01000063.1:34126-35167:1,WP_023073925.1,N836_RS57545,,aromatic ring-hydroxylating dioxygenase subunit alpha,1_113_CdnA,1,97.4,0.5365,6.6e-28,NZ_AWNH01000063.1,34126,35167,1,Leptolyngbya sp. Heron Island J,Bacteria; Bacillati; Cyanobacteriota; Cyanophyceae; Leptolyngbyales; Leptolyngbyaceae; Leptolyngbya group; Leptolyngbya,0,1_113_CdnA#13,novel_candidate,0.25,1,0,1,0,hypothetical > alpha_other > hypothetical > hypothetical > hypothetical > alpha_other > ferredoxin > [alpha] > other > hypothetical > other > other
NZ_AWNH01000079.1:9116-10514:-1,WP_023074872.1,N836_RS61920,,Rieske 2Fe-2S domain-containing protein,1_113_CdnA,1,76.4,0.5084,1.6e-21,NZ_AWNH01000079.1,9116,10514,-1,Leptolyngbya sp. Heron Island J,Bacteria; Bacillati; Cyanobacteriota; Cyanophyceae; Leptolyngbyales; Leptolyngbyaceae; Leptolyngbya group; Leptolyngbya,0,1_113_CdnA#37,novel_candidate,0.2271,0,0,0,0,other > [alpha]
NZ_AWQS01000037.1:12824-13826:-1,WP_051518289.1,N864_RS06880,,aromatic ring-hydroxylating dioxygenase subunit alpha,1_113_CdnA,1,182.2,0.8764,1.1e-53,NZ_AWQS01000037.1,12824,13826,-1,Intrasporangium chromatireducens Q5-1,Bacteria; Bacillati; Actinomycetota; Actinomycetes; Micrococcales; Intrasporangiaceae; Intrasporangium,0,1_113_CdnA#28,novel_candidate,0.2872,1,0,0,1,[alpha] > reductase > transporter > transporter > transporter > transporter > hydrolase > regulator
NZ_AWNH01000014.1:95326-96376:1,WP_023070992.1,N836_RS44060,,aromatic ring-hydroxylating dioxygenase subunit alpha,1_113_CdnA,1,157.5,0.882,3.5e-46,NZ_AWNH01000014.1,95326,96376,1,Leptolyngbya sp. Heron Island J,Bacteria; Bacillati; Cyanobacteriota; Cyanophyceae; Leptolyngbyales; Leptolyngbyaceae; Leptolyngbya group; Leptolyngbya,0,1_113_CdnA#39,divergent,0.4562,0,0,0,0,[alpha]
NZ_AWTC01000013.1:61684-62725:1,WP_023510828.1,P343_RS31330,,aromatic ring-hydroxylating dioxygenase subunit alpha,1_113_CdnA,1,175.4,0.8961,1.3e-51,NZ_AWTC01000013.1,61684,62725,1,Sporolactobacillus laevolacticus DSM 442,Bacteria; Bacillati; Bacillota; Bacilli; Bacillales; Sporolactobacillaceae; Sporolactobacillus,0,1_113_CdnA#36,divergent,0.5,0,0,0,0,[alpha] > ferredoxin > other
NZ_AXCD01000056.1:97908-98961:-1,WP_023014003.1,IO68_RS30280,,aromatic ring-hydroxylating dioxygenase subunit alpha,1_113_CdnA,1,156.8,0.882,5.6e-46,NZ_AXCD01000056.1,97908,98961,-1,Acinetobacter sp. COS3,Bacteria; Pseudomonadati; Pseudomonadota; Gammaproteobacteria; Moraxellales; Moraxellaceae; Acinetobacter,0,1_113_CdnA#1,core,0.9231,0,0,0,0,[alpha]
NZ_AXCD01000080.1:30039-31095:1,WP_023014380.1,IO68_RS33235,,aromatic ring-hydroxylating dioxygenase subunit alpha,1_113_CdnA,1,137.6,0.8904,3.9e-40,NZ_AXCD01000080.1,30039,31095,1,Acinetobacter sp. COS3,Bacteria; Pseudomonadati; Pseudomonadota; Gammaproteobacteria; Moraxellales; Moraxellaceae; Acinetobacter,0,1_113_CdnA#0,core,0.7585,0,0,0,0,[alpha]
NZ_AYFO01000064.1:22031-23087:1,WP_000991547.1,P669_RS16075,,aromatic ring-hydroxylating dioxygenase subunit alpha,1_113_CdnA,1,153.4,0.8933,6.3e-45,NZ_AYFO01000064.1,22031,23087,1,Acinetobacter baumannii UH5307,Bacteria; Pseudomonadati; Pseudomonadota; Gammaproteobacteria; Moraxellales; Moraxellaceae; Acinetobacter; Acinetobacter calcoaceticus/baumannii complex,0,1_113_CdnA#0,core,0.9459,0,0,0,0,[alpha] > other
NZ_AWTP01000133.1:203506-204481:-1,WP_034391428.1,P608_RS20160,,aromatic ring-hydroxylating dioxygenase subunit alpha,1_113_CdnA,1,180.3,0.8764,4e-53,NZ_AWTP01000133.1,203506,204481,-1,Comamonas thiooxydans,Bacteria; Pseudomonadati; Pseudomonadota; Betaproteobacteria; Burkholderiales; Comamonadaceae; Comamonas,0,1_113_CdnA#12,novel_candidate,0.2806,0,0,0,0,[alpha]
NZ_BAEB01000036.1:86285-87341:-1,WP_007482903.1,ACT4_RS13275,,aromatic ring-hydroxylating dioxygenase subunit alpha,1_113_CdnA,1,139.5,0.8904,1.1e-40,NZ_BAEB01000036.1,86285,87341,-1,Acinetobacter sp. NBRC 100985,Bacteria; Pseudomonadati; Pseudomonadota; Gammaproteobacteria; Moraxellales; Moraxellaceae; Acinetobacter,0,1_113_CdnA#0,core,0.7771,0,0,0,0,[alpha]
NZ_BAEB01000047.1:5917-6970:-1,WP_007483648.1,ACT4_RS15240,,aromatic ring-hydroxylating dioxygenase subunit alpha,1_113_CdnA,1,158.8,0.8792,1.4e-46,NZ_BAEB01000047.1,5917,6970,-1,Acinetobacter sp. NBRC 100985,Bacteria; Pseudomonadati; Pseudomonadota; Gammaproteobacteria; Moraxellales; Moraxellaceae; Acinetobacter,0,1_113_CdnA#1,core,0.8867,0,0,0,0,[alpha]
NZ_BANJ01000054.1:1022-2075:-1,WP_048856895.1,B7447_RS12530,,aromatic ring-hydroxylating dioxygenase subunit alpha,1_113_CdnA,1,158.8,0.8904,1.4e-46,NZ_BANJ01000054.1,1022,2075,-1,Komagataeibacter xylinus NBRC 13693,Bacteria; Pseudomonadati; Pseudomonadota; Alphaproteobacteria; Acetobacterales; Acetobacteraceae; Komagataeibacter,0,1_113_CdnA#17,core,0.953,0,0,0,0,[alpha] > reductase
NZ_BAQF01000006.1:98398-99445:1,WP_048848886.1,AA103193_RS04270,,aromatic ring-hydroxylating dioxygenase subunit alpha,1_113_CdnA,1,122.5,0.9213,1.5e-35,NZ_BAQF01000006.1,98398,99445,1,Tanticharoenia sakaeratensis NBRC 103193,Bacteria; Pseudomonadati; Pseudomonadota; Alphaproteobacteria; Acetobacterales; Acetobacteraceae; Tanticharoenia,0,1_113_CdnA#54,novel_candidate,0.2632,0,0,0,0,transporter > hydrolase > [alpha] > hydrolase
NZ_BBQU01000026.1:22225-23281:1,WP_045437766.1,P23_RS18545,,aromatic ring-hydroxylating dioxygenase subunit alpha,1_113_CdnA,1,152.9,0.8904,8.8e-45,NZ_BBQU01000026.1,22225,23281,1,Acinetobacter calcoaceticus,Bacteria; Pseudomonadati; Pseudomonadota; Gammaproteobacteria; Moraxellales; Moraxellaceae; Acinetobacter; Acinetobacter calcoaceticus/baumannii complex,0,1_113_CdnA#0,core,0.898,0,0,0,0,[alpha] > other
NZ_BBXH01000017.1:92485-93460:-1,WP_059440962.1,CSE6_RS16005,,aromatic ring-hydroxylating dioxygenase subunit alpha,1_113_CdnA,1,182.8,0.8764,7.1e-54,NZ_BBXH01000017.1,92485,93460,-1,Comamonas sp. E6,Bacteria; Pseudomonadati; Pseudomonadota; Betaproteobacteria; Burkholderiales; Comamonadaceae; Comamonas,0,1_113_CdnA#12,novel_candidate,0.2842,0,0,0,0,[alpha]
NZ_BDEV01000086.1:3915-4971:1,WP_014457383.1,NBRC3278_RS10760,,aromatic ring-hydroxylating dioxygenase subunit alpha,1_113_CdnA,1,166.7,0.8876,5.7e-49,NZ_BDEV01000086.1,3915,4971,1,Acetobacter pasteurianus NBRC 3278,Bacteria; Pseudomonadati; Pseudomonadota; Alphaproteobacteria; Acetobacterales; Acetobacteraceae; Acetobacter,0,1_113_CdnA#6,core,0.8603,0,0,0,0,[alpha]
NZ_BJMS01000047.1:9671-10712:1,WP_010027259.1,SIN01_RS08055,,aromatic ring-hydroxylating dioxygenase subunit alpha,1_113_CdnA,1,169.3,0.8904,9.1e-50,NZ_BJMS01000047.1,9671,10712,1,Sporolactobacillus inulinus,Bacteria; Bacillati; Bacillota; Bacilli; Bacillales; Sporolactobacillaceae; Sporolactobacillus,0,1_113_CdnA#21,divergent,0.4791,0,0,0,0,[alpha] > ferredoxin > other
NZ_BJVB01000022.1:36869-37949:-1,WP_042057226.1,AME01nite_RS11590,,aromatic ring-hydroxylating dioxygenase subunit alpha,1_113_CdnA,1,151.1,0.8904,3.1e-44,NZ_BJVB01000022.1,36869,37949,-1,Acidomonas methanolica NBRC 104435,Bacteria; Pseudomonadati; Pseudomonadota; Alphaproteobacteria; Acetobacterales; Acetobacteraceae; Acidomonas,0,1_113_CdnA#6,core,0.7774,0,0,0,0,[alpha]
NZ_BJVS01000009.1:36539-37580:-1,WP_062165490.1,ABO01nite_RS13255,,aromatic ring-hydroxylating dioxygenase subunit alpha,1_113_CdnA,1,162.4,0.8876,1.2e-47,NZ_BJVS01000009.1,36539,37580,-1,Asaia bogorensis NBRC 16594,Bacteria; Pseudomonadati; Pseudomonadota; Alphaproteobacteria; Acetobacterales; Acetobacteraceae; Asaia,0,1_113_CdnA#6,core,0.7007,0,0,0,0,[alpha]
NZ_BSNB01000003.1:852020-853076:-1,WP_062509121.1,QQL55_RS08295,,Rieske 2Fe-2S domain-containing protein,1_113_CdnA,1,163.2,0.8876,6.6e-48,NZ_BSNB01000003.1,852020,853076,-1,Gluconobacter roseus NBRC 3990,Bacteria; Pseudomonadati; Pseudomonadota; Alphaproteobacteria; Acetobacterales; Acetobacteraceae; Gluconobacter,0,1_113_CdnA#6,core,0.8143,0,0,0,0,[alpha]
NZ_CABKSF010000002.1:646376-647414:-1,WP_044180479.1,FY457_RS13390,hpxD,molybdenum cofactor-independent xanthine hydroxylase subunit HpxD,1_113_CdnA,1,149.1,0.8764,1.3e-43,NZ_CABKSF010000002.1,646376,647414,-1,Phytobacter massiliensis,Bacteria; Pseudomonadati; Pseudomonadota; Gammaproteobacteria; Enterobacterales; Enterobacteriaceae; Phytobacter,0,1_113_CdnA#2,core,0.9228,0,0,0,0,[alpha] > reductase
NZ_CABVIH010000006.1:21280-22393:-1,WP_150779167.1,F8N78_RS07365,,aromatic ring-hydroxylating dioxygenase subunit alpha,1_113_CdnA,1,130.5,0.8174,5.7e-38,NZ_CABVIH010000006.1,21280,22393,-1,Pseudomonas fluorescens,Bacteria; Pseudomonadati; Pseudomonadota; Gammaproteobacteria; Pseudomonadales; Pseudomonadaceae; Pseudomonas,0,1_113_CdnA#9,novel_candidate,0.2677,0,0,0,0,[alpha]
NZ_CABVQB010000028.1:91543-92599:1,WP_011354395.1,BLA6863_RS34280,,aromatic ring-hydroxylating dioxygenase subunit alpha,1_113_CdnA,1,170.7,0.8904,3.5e-50,NZ_CABVQB010000028.1,91543,92599,1,Burkholderia lata,Bacteria; Pseudomonadati; Pseudomonadota; Betaproteobacteria; Burkholderiales; Burkholderiaceae; Burkholderia; Burkholderia cepacia complex,0,1_113_CdnA#16,divergent,0.486,1,0,0,1,[alpha] > other > reductase
NZ_CACA01000349.1:11533-12547:1,WP_007357838.1,OSCI_RS24280,,aromatic ring-hydroxylating dioxygenase subunit alpha,1_113_CdnA,1,142.9,0.9045,9.8e-42,NZ_CACA01000349.1,11533,12547,1,Kamptonema sp. PCC 6506,Bacteria; Bacillati; Cyanobacteriota; Cyanophyceae; Oscillatoriophycideae; Oscillatoriales; Microcoleaceae; Kamptonema,0,1_113_CdnA#20,novel_candidate,0.2547,0,0,0,0,hydrolase > [alpha]
NZ_CADIKA010000002.1:622234-623269:1,WP_006046733.1,HV697_RS06700,,aromatic ring-hydroxylating dioxygenase subunit alpha,1_113_CdnA,1,140.9,0.9073,3.9e-41,NZ_CADIKA010000002.1,622234,623269,1,Paraburkholderia graminis C4D1M,Bacteria; Pseudomonadati; Pseudomonadota; Betaproteobacteria; Burkholderiales; Burkholderiaceae; Paraburkholderia,0,1_113_CdnA#7,novel_candidate,0.2741,0,0,0,0,transporter > [alpha] > transporter > transporter > hydrolase
NZ_CAFK01000024.1:37242-38256:1,WP_008967395.1,BRAS3843_RS03775,,aromatic ring-hydroxylating dioxygenase subunit alpha,1_113_CdnA,1,141.8,0.9045,2.1e-41,NZ_CAFK01000024.1,37242,38256,1,Bradyrhizobium sp. STM 3843,Bacteria; Pseudomonadati; Pseudomonadota; Alphaproteobacteria; Hyphomicrobiales; Nitrobacteraceae; Bradyrhizobium,0,1_113_CdnA#15,novel_candidate,0.2679,0,0,0,0,transporter > transporter > transporter > hydrolase > [alpha]
NZ_CAHS01000022.1:204443-205478:-1,WP_023656733.1,EPIR_RS17050,hpxD,molybdenum cofactor-independent xanthine hydroxylase subunit HpxD,1_113_CdnA,1,158.6,0.8848,1.6e-46,NZ_CAHS01000022.1,204443,205478,-1,Erwinia piriflorinigrans CFBP 5888,Bacteria; Pseudomonadati; Pseudomonadota; Gammaproteobacteria; Enterobacterales; Erwiniaceae; Erwinia,0,1_113_CdnA#2,core,0.7812,0,0,0,0,[alpha] > reductase > other
NZ_CAPB01000041.1:123691-124726:-1,WP_004160966.1,BN437_RS16450,hpxD,molybdenum cofactor-independent xanthine hydroxylase subunit HpxD,1_113_CdnA,1,157.4,0.8848,3.8e-46,NZ_CAPB01000041.1,123691,124726,-1,Erwinia amylovora NBRC 12687 = CFBP 1232,Bacteria; Pseudomonadati; Pseudomonadota; Gammaproteobacteria; Enterobacterales; Erwiniaceae; Erwinia,0,1_113_CdnA#2,core,0.7491,0,0,0,0,[alpha] > reductase > other
NZ_CBLX010000021.1:30391-31432:1,WP_023979922.1,ASAP_RS11935,,aromatic ring-hydroxylating dioxygenase subunit alpha,1_113_CdnA,1,163.3,0.8876,5.9e-48,NZ_CBLX010000021.1,30391,31432,1,Asaia bogorensis,Bacteria; Pseudomonadati; Pseudomonadota; Alphaproteobacteria; Acetobacterales; Acetobacteraceae; Asaia,0,1_113_CdnA#17,core,0.7192,0,0,0,0,[alpha]
NZ_CBSD020000007.1:22670-23726:1,WP_004884253.1,ANICBIBUN_RS23265,,aromatic ring-hydroxylating dioxygenase subunit alpha,1_113_CdnA,1,157.7,0.8933,3e-46,NZ_CBSD020000007.1,22670,23726,1,Acinetobacter nosocomialis 28F,Bacteria; Pseudomonadati; Pseudomonadota; Gammaproteobacteria; Moraxellales; Moraxellaceae; Acinetobacter; Acinetobacter calcoaceticus/baumannii complex,0,1_113_CdnA#0,core,0.9492,0,0,0,0,[alpha] > other
NZ_CP015595.1:110271-111324:-1,WP_067731848.1,A3K93_RS13655,,Rieske 2Fe-2S domain-containing protein,1_113_CdnA,1,154.0,0.8904,4.1e-45,NZ_CP015595.1,110271,111324,-1,Acinetobacter sp. NCu2D-2,Bacteria; Pseudomonadati; Pseudomonadota; Gammaproteobacteria; Moraxellales; Moraxellaceae; Acinetobacter,1,1_113_CdnA#1,core,0.7517,0,0,0,0,[alpha]
NZ_CP015595.1:112696-113752:1,WP_067731850.1,A3K93_RS13665,,aromatic ring-hydroxylating dioxygenase subunit alpha,1_113_CdnA,1,149.5,0.8904,9.7e-44,NZ_CP015595.1,112696,113752,1,Acinetobacter sp. NCu2D-2,Bacteria; Pseudomonadati; Pseudomonadota; Gammaproteobacteria; Moraxellales; Moraxellaceae; Acinetobacter,1,1_113_CdnA#0,core,0.7671,0,0,0,0,[alpha] > other
NZ_CP026416.1:67701-68757:1,WP_005090794.1,C3F34_RS19315,,aromatic ring-hydroxylating dioxygenase subunit alpha,1_113_CdnA,1,137.2,0.8904,5.2e-40,NZ_CP026416.1,67701,68757,1,Acinetobacter sp. ACNIH2,Bacteria; Pseudomonadati; Pseudomonadota; Gammaproteobacteria; Moraxellales; Moraxellaceae; Acinetobacter,1,1_113_CdnA#0,core,0.8176,0,0,0,0,[alpha]
NZ_CP026416.1:78569-79625:1,WP_000991568.1,C3F34_RS19375,,aromatic ring-hydroxylating dioxygenase subunit alpha,1_113_CdnA,1,149.8,0.8904,7.9e-44,NZ_CP026416.1,78569,79625,1,Acinetobacter sp. ACNIH2,Bacteria; Pseudomonadati; Pseudomonadota; Gammaproteobacteria; Moraxellales; Moraxellaceae; Acinetobacter,1,1_113_CdnA#0,core,0.768,0,0,0,0,[alpha]
NZ_CP064947.1:121790-122822:-1,WP_009682454.1,IZU98_RS23500,,aromatic ring-hydroxylating dioxygenase subunit alpha,1_113_CdnA,1,173.2,0.8652,5.9e-51,NZ_CP064947.1,121790,122822,-1,Pseudomonas fulva,Bacteria; Pseudomonadati; Pseudomonadota; Gammaproteobacteria; Pseudomonadales; Pseudomonadaceae; Pseudomonas,1,1_113_CdnA#23,core,0.5818,1,0,0,1,[alpha] > reductase
NZ_DAMCKL010000001.1:91498-92536:1,WP_032103218.1,RT683_RS00465,hpxD,molybdenum cofactor-independent xanthine hydroxylase subunit HpxD,1_113_CdnA,1,152.9,0.8764,8.5e-45,NZ_DAMCKL010000001.1,91498,92536,1,Klebsiella africana,Bacteria; Pseudomonadati; Pseudomonadota; Gammaproteobacteria; Enterobacterales; Enterobacteriaceae; Klebsiella/Raoultella group; Klebsiella,0,1_113_CdnA#4,core,0.934,0,0,0,0,[alpha] > other
NZ_DS989854.1:235470-236544:1,WP_006102543.1,MC7420_RS20080,,aromatic ring-hydroxylating dioxygenase subunit alpha,1_113_CdnA,1,127.9,0.8287,3.5e-37,NZ_DS989854.1,235470,236544,1,Coleofasciculus chthonoplastes PCC 7420,Bacteria; Bacillati; Cyanobacteriota; Cyanophyceae; Coleofasciculales; Coleofasciculaceae; Coleofasciculus,0,1_113_CdnA#35,novel_candidate,0.2586,0,0,0,0,hypothetical > reductase > reductase > [alpha] > alpha_other
NZ_FCNV02000002.1:525956-527159:-1,WP_052449893.1,AWB72_RS08540,,aromatic ring-hydroxylating dioxygenase subunit alpha,1_113_CdnA,1,260.8,0.9298,1.4e-77,NZ_FCNV02000002.1,525956,527159,-1,Caballeronia concitans,Bacteria; Pseudomonadati; Pseudomonadota; Betaproteobacteria; Burkholderiales; Burkholderiaceae; Caballeronia,0,1_113_CdnA#27,novel_candidate,0.2389,0,0,0,0,ferredoxin > [alpha]
NZ_FCOA02000053.1:19329-20385:-1,WP_061172356.1,AWB79_RS36630,,aromatic ring-hydroxylating dioxygenase subunit alpha,1_113_CdnA,1,162.0,0.8904,1.5e-47,NZ_FCOA02000053.1,19329,20385,-1,Caballeronia hypogeia,Bacteria; Pseudomonadati; Pseudomonadota; Betaproteobacteria; Burkholderiales; Burkholderiaceae; Caballeronia,0,1_113_CdnA#16,divergent,0.4755,1,0,0,1,dehydrogenase > dehydrogenase > hypothetical > other > [alpha] > other > reductase
NZ_FKGE01000003.1:55306-56341:1,WP_063143953.1,A7V04_RS03070,hpxD,molybdenum cofactor-independent xanthine hydroxylase subunit HpxD,1_113_CdnA,1,156.8,0.8764,5.8e-46,NZ_FKGE01000003.1,55306,56341,1,Enterobacter cloacae,Bacteria; Pseudomonadati; Pseudomonadota; Gammaproteobacteria; Enterobacterales; Enterobacteriaceae; Enterobacter; Enterobacter cloacae complex,0,1_113_CdnA#4,core,0.9201,0,0,0,0,reductase > [alpha] > reductase
NZ_FNAZ01000013.1:62212-63190:-1,WP_021257282.1,BLS15_RS25465,,aromatic ring-hydroxylating dioxygenase subunit alpha,1_113_CdnA,1,170.7,0.8343,3.5e-50,NZ_FNAZ01000013.1,62212,63190,-1,Paenibacillus sp. cl6col,Bacteria; Bacillati; Bacillota; Bacilli; Bacillales; Paenibacillaceae; Paenibacillus,0,1_113_CdnA#19,novel_candidate,0.3315,0,0,0,0,[alpha]
NZ_FNTL01000005.1:89009-90125:-1,WP_073369084.1,BLW42_RS41625,,Rieske 2Fe-2S domain-containing protein,1_113_CdnA,1,297.3,0.9494,1.1e-88,NZ_FNTL01000005.1,89009,90125,-1,Rhodococcus jostii,Bacteria; Bacillati; Actinomycetota; Actinomycetes; Mycobacteriales; Nocardiaceae; Rhodococcus,0,1_113_CdnA#27,novel_candidate,0.2633,0,0,0,0,[alpha]
NZ_FOIB01000013.1:5478-6495:1,WP_074958313.1,BMY20_RS37060,,aromatic ring-hydroxylating dioxygenase subunit alpha,1_113_CdnA,1,147.5,0.8736,3.9e-43,NZ_FOIB01000013.1,5478,6495,1,Myxococcus fulvus,Bacteria; Pseudomonadati; Myxococcota; Myxococcia; Myxococcales; Cystobacterineae; Myxococcaceae; Myxococcus,0,1_113_CdnA#34,novel_candidate,0.3184,0,0,0,0,other > [alpha] > other > hypothetical > hypothetical
NZ_FQUP01000009.1:56467-57472:1,WP_073058492.1,BUB39_RS23455,,aromatic ring-hydroxylating dioxygenase subunit alpha,1_113_CdnA,1,126.9,0.8989,7.1e-37,NZ_FQUP01000009.1,56467,57472,1,Kaistia soli DSM 19436,Bacteria; Pseudomonadati; Pseudomonadota; Alphaproteobacteria; Hyphomicrobiales; Kaistiaceae; Kaistia,0,1_113_CdnA#50,novel_candidate,0.2821,0,0,0,0,[alpha]
NZ_FQXD01000003.1:8156-9164:1,WP_073005770.1,BUB45_RS04510,,aromatic ring-hydroxylating dioxygenase subunit alpha,1_113_CdnA,1,180.2,0.882,4.5e-53,NZ_FQXD01000003.1,8156,9164,1,Virgibacillus chiguensis,Bacteria; Bacillati; Bacillota; Bacilli; Bacillales; Bacillaceae; Virgibacillus,0,1_113_CdnA#10,novel_candidate,0.2974,0,0,0,0,other > hydrolase > [alpha]
NZ_GG705015.1:104980-106036:1,WP_005403789.1,HMPREF0026_RS14405,,aromatic ring-hydroxylating dioxygenase subunit alpha,1_113_CdnA,1,138.2,0.8904,2.6e-40,NZ_GG705015.1,104980,106036,1,Acinetobacter junii SH205,Bacteria; Pseudomonadati; Pseudomonadota; Gammaproteobacteria; Moraxellales; Moraxellaceae; Acinetobacter,0,1_113_CdnA#0,core,0.8176,0,0,0,0,[alpha]
NZ_GG705015.1:121126-122182:1,WP_000991568.1,HMPREF0026_RS14490,,aromatic ring-hydroxylating dioxygenase subunit alpha,1_113_CdnA,1,149.8,0.8904,7.9e-44,NZ_GG705015.1,121126,122182,1,Acinetobacter junii SH205,Bacteria; Pseudomonadati; Pseudomonadota; Gammaproteobacteria; Moraxellales; Moraxellaceae; Acinetobacter,0,1_113_CdnA#0,core,0.768,0,0,0,0,[alpha]
NZ_GG665949.1:192296-193349:-1,WP_008940928.1,HMPREF0023_RS00840,,aromatic ring-hydroxylating dioxygenase subunit alpha,1_113_CdnA,1,157.8,0.882,2.9e-46,NZ_GG665949.1,192296,193349,-1,Acinetobacter sp. ATCC 27244,Bacteria; Pseudomonadati; Pseudomonadota; Gammaproteobacteria; Moraxellales; Moraxellaceae; Acinetobacter,0,1_113_CdnA#1,core,0.9061,0,0,0,0,[alpha]
NZ_GG665951.1:255126-256182:-1,WP_008941356.1,HMPREF0023_RS05125,,aromatic ring-hydroxylating dioxygenase subunit alpha,1_113_CdnA,1,136.5,0.8876,8.8e-40,NZ_GG665951.1,255126,256182,-1,Acinetobacter sp. ATCC 27244,Bacteria; Pseudomonadati; Pseudomonadota; Gammaproteobacteria; Moraxellales; Moraxellaceae; Acinetobacter,0,1_113_CdnA#0,core,0.757,0,0,0,0,[alpha] > regulator
NZ_GL891834.1:22050-23106:1,WP_000991561.1,HMPREF0022_RS08630,,aromatic ring-hydroxylating dioxygenase subunit alpha,1_113_CdnA,1,157.3,0.8933,4e-46,NZ_GL891834.1,22050,23106,1,Acinetobacter baumannii 6014059,Bacteria; Pseudomonadati; Pseudomonadota; Gammaproteobacteria; Moraxellales; Moraxellaceae; Acinetobacter; Acinetobacter calcoaceticus/baumannii complex,0,1_113_CdnA#0,core,0.949,0,0,0,0,[alpha] > other
NZ_JAAHHC010000001.1:433996-435226:1,WP_287264720.1,F6K64_RS01885,,Rieske 2Fe-2S domain-containing protein,1_113_CdnA,1,70.9,0.4916,7.4e-20,NZ_JAAHHC010000001.1,433996,435226,1,Moorena sp. SIO3A2,Bacteria; Bacillati; Cyanobacteriota; Cyanophyceae; Oscillatoriophycideae; Oscillatoriales; Oscillatoriaceae; Moorena,0,1_113_CdnA#49,novel_candidate,0.1866,0,0,0,0,[alpha]
NZ_JAAHHC010000001.1:439205-440642:-1,WP_287264723.1,F6K64_RS01905,,Rieske 2Fe-2S domain-containing protein,1_113_CdnA,1,69.0,0.4944,2.9e-19,NZ_JAAHHC010000001.1,439205,440642,-1,Moorena sp. SIO3A2,Bacteria; Bacillati; Cyanobacteriota; Cyanophyceae; Oscillatoriophycideae; Oscillatoriales; Oscillatoriaceae; Moorena,0,1_113_CdnA#37,novel_candidate,0.2007,1,0,1,0,[alpha] > ferredoxin > dehydrogenase > dehydrogenase
NZ_JAAXPI010000058.1:15279-16443:1,WP_067630569.1,HGB48_RS28310,,aromatic ring-hydroxylating dioxygenase subunit alpha,1_113_CdnA,1,122.6,0.6039,1.4e-35,NZ_JAAXPI010000058.1,15279,16443,1,Actinomadura latina,Bacteria; Bacillati; Actinomycetota; Actinomycetes; Streptosporangiales; Thermomonosporaceae; Actinomadura,0,1_113_CdnA#18,novel_candidate,0.2669,0,0,0,0,reductase > dehydrogenase > dehydrogenase > reductase > dehydrogenase > hypothetical > hydrolase > reductase > hydrolase > [alpha] > hypothetical > hypothetical > reductase > hypothetical > other > hydrolase
NZ_JACASJ010000002.1:66213-67248:-1,WP_013097237.1,HX884_RS00915,hpxD,molybdenum cofactor-independent xanthine hydroxylase subunit HpxD,1_113_CdnA,1,151.4,0.8764,2.5e-44,NZ_JACASJ010000002.1,66213,67248,-1,Enterobacter sp. SECR19-1250,Bacteria; Pseudomonadati; Pseudomonadota; Gammaproteobacteria; Enterobacterales; Enterobacteriaceae; Enterobacter,0,1_113_CdnA#4,core,0.9241,0,0,0,0,reductase > [alpha] > reductase
NZ_JACEOQ010000035.1:338-1394:-1,WP_000991568.1,H0920_RS15605,,aromatic ring-hydroxylating dioxygenase subunit alpha,1_113_CdnA,1,149.8,0.8904,7.9e-44,NZ_JACEOQ010000035.1,338,1394,-1,Acinetobacter sp. C_4_1,Bacteria; Pseudomonadati; Pseudomonadota; Gammaproteobacteria; Moraxellales; Moraxellaceae; Acinetobacter,0,1_113_CdnA#0,core,0.768,0,0,0,0,[alpha]
NZ_JACHOU010000003.1:225858-226905:1,WP_055973646.1,GGR00_RS08720,,aromatic ring-hydroxylating dioxygenase subunit alpha,1_113_CdnA,1,231.7,0.8848,9.7e-69,NZ_JACHOU010000003.1,225858,226905,1,Aminobacter aganoensis,Bacteria; Pseudomonadati; Pseudomonadota; Alphaproteobacteria; Hyphomicrobiales; Phyllobacteriaceae; Aminobacter,0,1_113_CdnA#11,novel_candidate,0.3137,1,0,0,1,reductase > reductase > [alpha] > hydrolase > other > hydrolase
NZ_JACICB010000003.1:335133-336189:-1,WP_067963080.1,FHS67_RS05780,,aromatic ring-hydroxylating dioxygenase subunit alpha,1_113_CdnA,1,150.9,0.882,3.6e-44,NZ_JACICB010000003.1,335133,336189,-1,Aminobacter aminovorans,Bacteria; Pseudomonadati; Pseudomonadota; Alphaproteobacteria; Hyphomicrobiales; Phyllobacteriaceae; Aminobacter,0,1_113_CdnA#33,novel_candidate,0.3404,0,0,0,0,[alpha] > reductase > other > other > transporter > transporter > transporter
NZ_JACKTP010000060.1:23243-24236:-1,WP_068918714.1,H7J56_RS24345,,aromatic ring-hydroxylating dioxygenase subunit alpha,1_113_CdnA,1,188.0,0.882,1.9e-55,NZ_JACKTP010000060.1,23243,24236,-1,Mycolicibacterium murale,Bacteria; Bacillati; Actinomycetota; Actinomycetes; Mycobacteriales; Mycobacteriaceae; Mycolicibacterium,0,1_113_CdnA#28,novel_candidate,0.3152,0,0,0,0,hypothetical > [alpha] > reductase
NZ_JADCLB010000015.1:121265-122300:1,WP_041910590.1,INF73_RS09235,hpxD,molybdenum cofactor-independent xanthine hydroxylase subunit HpxD,1_113_CdnA,1,154.0,0.8764,4.2e-45,NZ_JADCLB010000015.1,121265,122300,1,Enterobacter cloacae complex sp. P6RS,Bacteria; Pseudomonadati; Pseudomonadota; Gammaproteobacteria; Enterobacterales; Enterobacteriaceae; Enterobacter; Enterobacter cloacae complex,0,1_113_CdnA#5,core,0.9209,0,0,0,0,reductase > [alpha] > reductase
NZ_JADRTN010000017.1:16300-17338:-1,WP_014228754.1,I4534_RS19820,hpxD,molybdenum cofactor-independent xanthine hydroxylase subunit HpxD,1_113_CdnA,1,149.6,0.8764,8.7e-44,NZ_JADRTN010000017.1,16300,17338,-1,Klebsiella sp. LTGPAF-6F,Bacteria; Pseudomonadati; Pseudomonadota; Gammaproteobacteria; Enterobacterales; Enterobacteriaceae; Klebsiella/Raoultella group; Klebsiella,0,1_113_CdnA#4,core,0.9381,0,0,0,0,[alpha] > reductase
NZ_JAIFKC010000031.1:320448-321495:1,WP_051052323.1,K3T49_RS12390,,aromatic ring-hydroxylating dioxygenase subunit alpha,1_113_CdnA,1,172.0,0.8933,1.4e-50,NZ_JAIFKC010000031.1,320448,321495,1,Paenibacillus sonchi,Bacteria; Bacillati; Bacillota; Bacilli; Bacillales; Paenibacillaceae; Paenibacillus; Paenibacillus sonchi group,0,1_113_CdnA#8,divergent,0.4919,0,0,0,0,[alpha]
NZ_JAIZSP010000004.1:472362-473418:1,WP_059239599.1,LGN46_RS13060,,aromatic ring-hydroxylating dioxygenase subunit alpha,1_113_CdnA,1,172.7,0.8933,8.4e-51,NZ_JAIZSP010000004.1,472362,473418,1,Burkholderia arboris,Bacteria; Pseudomonadati; Pseudomonadota; Betaproteobacteria; Burkholderiales; Burkholderiaceae; Burkholderia; Burkholderia cepacia complex,0,1_113_CdnA#16,divergent,0.4842,1,0,0,1,[alpha] > other > reductase
NZ_JAKTIC010000017.1:27404-28460:-1,WP_005129992.1,MKL39_RS03490,,aromatic ring-hydroxylating dioxygenase subunit alpha,1_113_CdnA,1,155.2,0.8933,1.7e-45,NZ_JAKTIC010000017.1,27404,28460,-1,Acinetobacter sp. AOR38_HL,Bacteria; Pseudomonadati; Pseudomonadota; Gammaproteobacteria; Moraxellales; Moraxellaceae; Acinetobacter,0,1_113_CdnA#0,core,0.9554,0,0,0,0,[alpha] > other
NZ_JAKTIG010000081.1:27539-28595:1,WP_032007322.1,MKL51_RS19620,,aromatic ring-hydroxylating dioxygenase subunit alpha,1_113_CdnA,1,149.9,0.8933,7.1e-44,NZ_JAKTIG010000081.1,27539,28595,1,Acinetobacter sp. AOR18_HL,Bacteria; Pseudomonadati; Pseudomonadota; Gammaproteobacteria; Moraxellales; Moraxellaceae; Acinetobacter,0,1_113_CdnA#0,core,0.9125,0,0,0,0,[alpha] > other
NZ_JAKUZO010000006.1:278125-279163:-1,WP_002904779.1,MKS10_RS13320,hpxD,molybdenum cofactor-independent xanthine hydroxylase subunit HpxD,1_113_CdnA,1,152.6,0.8764,1.1e-44,NZ_JAKUZO010000006.1,278125,279163,-1,Klebsiella sp. K5-229,Bacteria; Pseudomonadati; Pseudomonadota; Gammaproteobacteria; Enterobacterales; Enterobacteriaceae; Klebsiella/Raoultella group; Klebsiella,0,1_113_CdnA#2,core,0.934,0,0,0,0,[alpha] > other
NZ_JANIAM010000031.1:22335-23367:1,WP_009682454.1,NP554_RS26195,,aromatic ring-hydroxylating dioxygenase subunit alpha,1_113_CdnA,1,173.2,0.8652,5.9e-51,NZ_JANIAM010000031.1,22335,23367,1,Pseudomonas asiatica,Bacteria; Pseudomonadati; Pseudomonadota; Gammaproteobacteria; Pseudomonadales; Pseudomonadaceae; Pseudomonas,0,1_113_CdnA#23,core,0.5818,1,0,0,1,[alpha] > reductase
NZ_JANSLM010000012.1:292451-293498:1,WP_106351969.1,ParKJ_RS29045,,aromatic ring-hydroxylating dioxygenase subunit alpha,1_113_CdnA,1,131.5,0.8174,2.9e-38,NZ_JANSLM010000012.1,292451,293498,1,Paraburkholderia fungorum,Bacteria; Pseudomonadati; Pseudomonadota; Betaproteobacteria; Burkholderiales; Burkholderiaceae; Paraburkholderia,0,1_113_CdnA#14,novel_candidate,0.2907,0,0,0,0,transporter > [alpha] > transporter > transporter > hydrolase
NZ_JAOEDX010000002.1:83541-84597:1,WP_151721998.1,N7586_RS02815,,aromatic ring-hydroxylating dioxygenase subunit alpha,1_113_CdnA,1,145.6,0.8961,1.5e-42,NZ_JAOEDX010000002.1,83541,84597,1,Acinetobacter ursingii,Bacteria; Pseudomonadati; Pseudomonadota; Gammaproteobacteria; Moraxellales; Moraxellaceae; Acinetobacter,0,1_113_CdnA#0,core,0.7654,0,0,0,0,[alpha]
NZ_JAUZUV010000009.1:24590-25646:-1,WP_004729766.1,Q9R21_RS09670,,aromatic ring-hydroxylating dioxygenase subunit alpha,1_113_CdnA,1,147.8,0.8904,3.2e-43,NZ_JAUZUV010000009.1,24590,25646,-1,Acinetobacter sp. RG5,Bacteria; Pseudomonadati; Pseudomonadota; Gammaproteobacteria; Moraxellales; Moraxellaceae; Acinetobacter,0,1_113_CdnA#0,core,0.8139,0,0,0,0,[alpha]
NZ_JAUZUV010000009.1:34344-35394:1,WP_311204351.1,Q9R21_RS09720,,Rieske 2Fe-2S domain-containing protein,1_113_CdnA,1,154.8,0.8876,2.3e-45,NZ_JAUZUV010000009.1,34344,35394,1,Acinetobacter sp. RG5,Bacteria; Pseudomonadati; Pseudomonadota; Gammaproteobacteria; Moraxellales; Moraxellaceae; Acinetobacter,0,1_113_CdnA#1,core,0.8339,0,0,0,0,[alpha]
NZ_JAXIOU010000042.1:14406-15474:1,WP_045929663.1,SBO82_RS16690,,aromatic ring-hydroxylating dioxygenase subunit alpha,1_113_CdnA,1,205.0,0.882,1.3e-60,NZ_JAXIOU010000042.1,14406,15474,1,Alcaligenes nematophilus,Bacteria; Pseudomonadati; Pseudomonadota; Betaproteobacteria; Burkholderiales; Alcaligenaceae; Alcaligenes,0,1_113_CdnA#11,novel_candidate,0.2945,1,0,0,1,reductase > reductase > [alpha] > hydrolase > other > hydrolase
NZ_JBEAEK010000049.1:4355-5411:1,WP_004280250.1,ABLT81_RS10800,,aromatic ring-hydroxylating dioxygenase subunit alpha,1_113_CdnA,1,149.0,0.8904,1.3e-43,NZ_JBEAEK010000049.1,4355,5411,1,Acinetobacter lwoffii,Bacteria; Pseudomonadati; Pseudomonadota; Gammaproteobacteria; Moraxellales; Moraxellaceae; Acinetobacter,0,1_113_CdnA#0,core,0.817,0,0,0,0,[alpha]
NZ_JEWG01000029.1:27872-28928:-1,WP_017386221.1,J507_RS18740,,aromatic ring-hydroxylating dioxygenase subunit alpha,1_113_CdnA,1,150.3,0.8933,5.5e-44,NZ_JEWG01000029.1,27872,28928,-1,Acinetobacter sp. 1295259,Bacteria; Pseudomonadati; Pseudomonadota; Gammaproteobacteria; Moraxellales; Moraxellaceae; Acinetobacter; Acinetobacter calcoaceticus/baumannii complex,0,1_113_CdnA#0,core,0.9185,0,0,0,0,[alpha] > other
NZ_JBEEVD010000002.1:226624-227662:-1,WP_004131179.1,ABN263_RS03930,hpxD,molybdenum cofactor-independent xanthine hydroxylase subunit HpxD,1_113_CdnA,1,149.0,0.8764,1.3e-43,NZ_JBEEVD010000002.1,226624,227662,-1,Klebsiella pasteurii,Bacteria; Pseudomonadati; Pseudomonadota; Gammaproteobacteria; Enterobacterales; Enterobacteriaceae; Klebsiella/Raoultella group; Klebsiella,0,1_113_CdnA#4,core,0.9381,0,0,0,0,[alpha] > reductase
NZ_JEWR01000021.1:23774-24830:1,WP_000991550.1,J545_RS16085,,aromatic ring-hydroxylating dioxygenase subunit alpha,1_113_CdnA,1,155.3,0.8933,1.7e-45,NZ_JEWR01000021.1,23774,24830,1,Acinetobacter baumannii 1462234,Bacteria; Pseudomonadati; Pseudomonadota; Gammaproteobacteria; Moraxellales; Moraxellaceae; Acinetobacter; Acinetobacter calcoaceticus/baumannii complex,0,1_113_CdnA#0,core,0.9524,0,0,0,0,[alpha] > other
NZ_JEWH01000045.1:27739-28795:-1,WP_032051494.1,J512_RS19760,,aromatic ring-hydroxylating dioxygenase subunit alpha,1_113_CdnA,1,152.4,0.8933,1.2e-44,NZ_JEWH01000045.1,27739,28795,-1,Acinetobacter baumannii 1295743,Bacteria; Pseudomonadati; Pseudomonadota; Gammaproteobacteria; Moraxellales; Moraxellaceae; Acinetobacter; Acinetobacter calcoaceticus/baumannii complex,0,1_113_CdnA#0,core,0.9492,0,0,0,0,[alpha] > other
NZ_JEWU01000042.1:3926-4982:-1,WP_005804891.1,J551_RS20090,,aromatic ring-hydroxylating dioxygenase subunit alpha,1_113_CdnA,1,148.4,0.8933,2e-43,NZ_JEWU01000042.1,3926,4982,-1,Acinetobacter sp. 1475718,Bacteria; Pseudomonadati; Pseudomonadota; Gammaproteobacteria; Moraxellales; Moraxellaceae; Acinetobacter; Acinetobacter calcoaceticus/baumannii complex,0,1_113_CdnA#0,core,0.9094,0,0,0,0,[alpha] > other
NZ_JEXG01000028.1:24234-25290:1,WP_032057545.1,J536_RS18265,,aromatic ring-hydroxylating dioxygenase subunit alpha,1_113_CdnA,1,147.3,0.8933,4.5e-43,NZ_JEXG01000028.1,24234,25290,1,Acinetobacter sp. 809848,Bacteria; Pseudomonadati; Pseudomonadota; Gammaproteobacteria; Moraxellales; Moraxellaceae; Acinetobacter; Acinetobacter calcoaceticus/baumannii complex,0,1_113_CdnA#0,core,0.9397,0,0,0,0,[alpha] > other
NZ_JEXJ01000045.1:4927-5983:-1,WP_000991563.1,J529_RS19090,,aromatic ring-hydroxylating dioxygenase subunit alpha,1_113_CdnA,1,155.4,0.8933,1.5e-45,NZ_JEXJ01000045.1,4927,5983,-1,Acinetobacter baumannii 99063,Bacteria; Pseudomonadati; Pseudomonadota; Gammaproteobacteria; Moraxellales; Moraxellaceae; Acinetobacter; Acinetobacter calcoaceticus/baumannii complex,0,1_113_CdnA#0,core,0.9524,0,0,0,0,[alpha] > other
NZ_JEXD01000039.1:2355-3411:1,WP_000991563.1,J506_RS20815,,aromatic ring-hydroxylating dioxygenase subunit alpha,1_113_CdnA,1,155.4,0.8933,1.5e-45,NZ_JEXD01000039.1,2355,3411,1,Acinetobacter baumannii 625974,Bacteria; Pseudomonadati; Pseudomonadota; Gammaproteobacteria; Moraxellales; Moraxellaceae; Acinetobacter; Acinetobacter calcoaceticus/baumannii complex,0,1_113_CdnA#0,core,0.9524,0,0,0,0,[alpha] > other
NZ_JEYA01000010.1:27707-28763:-1,WP_032005977.1,J580_RS22220,,aromatic ring-hydroxylating dioxygenase subunit alpha,1_113_CdnA,1,149.6,0.8933,8.7e-44,NZ_JEYA01000010.1,27707,28763,-1,Acinetobacter sp. 1542444,Bacteria; Pseudomonadati; Pseudomonadota; Gammaproteobacteria; Moraxellales; Moraxellaceae; Acinetobacter; Acinetobacter calcoaceticus/baumannii complex,0,1_113_CdnA#0,core,0.9154,0,0,0,0,[alpha] > other
NZ_JEZN01000011.1:1232-2288:-1,WP_004992287.1,J500_RS10330,,aromatic ring-hydroxylating dioxygenase subunit alpha,1_113_CdnA,1,150.1,0.8904,6.2e-44,NZ_JEZN01000011.1,1232,2288,-1,Acinetobacter sp. 479375,Bacteria; Pseudomonadati; Pseudomonadota; Gammaproteobacteria; Moraxellales; Moraxellaceae; Acinetobacter; Acinetobacter calcoaceticus/baumannii complex,0,1_113_CdnA#0,core,0.7609,0,0,0,0,[alpha]
NZ_JEXJ01000116.1:5502-6558:1,WP_000991568.1,J529_RS24160,,aromatic ring-hydroxylating dioxygenase subunit alpha,1_113_CdnA,1,149.8,0.8904,7.9e-44,NZ_JEXJ01000116.1,5502,6558,1,Acinetobacter baumannii 99063,Bacteria; Pseudomonadati; Pseudomonadota; Gammaproteobacteria; Moraxellales; Moraxellaceae; Acinetobacter; Acinetobacter calcoaceticus/baumannii complex,0,1_113_CdnA#0,core,0.768,0,0,0,0,[alpha]
NZ_JEZN01000019.1:29862-30918:-1,WP_004998585.1,J500_RS13410,,aromatic ring-hydroxylating dioxygenase subunit alpha,1_113_CdnA,1,143.5,0.8961,6.3e-42,NZ_JEZN01000019.1,29862,30918,-1,Acinetobacter sp. 479375,Bacteria; Pseudomonadati; Pseudomonadota; Gammaproteobacteria; Moraxellales; Moraxellaceae; Acinetobacter; Acinetobacter calcoaceticus/baumannii complex,0,1_113_CdnA#0,core,0.7685,0,0,0,0,[alpha]
NZ_JFEL02000001.1:329536-330592:-1,WP_032012815.1,J622_RS01585,,aromatic ring-hydroxylating dioxygenase subunit alpha,1_113_CdnA,1,146.4,0.8933,8.4e-43,NZ_JFEL02000001.1,329536,330592,-1,Acinetobacter sp. 1564232,Bacteria; Pseudomonadati; Pseudomonadota; Gammaproteobacteria; Moraxellales; Moraxellaceae; Acinetobacter; Acinetobacter calcoaceticus/baumannii complex,0,1_113_CdnA#0,core,0.9365,0,0,0,0,[alpha] > other
NZ_JFHN01000018.1:43598-44630:1,WP_034933945.1,BG55_RS01400,hpxD,molybdenum cofactor-independent xanthine hydroxylase subunit HpxD,1_113_CdnA,1,152.2,0.8736,1.4e-44,NZ_JFHN01000018.1,43598,44630,1,Erwinia mallotivora,Bacteria; Pseudomonadati; Pseudomonadota; Gammaproteobacteria; Enterobacterales; Erwiniaceae; Erwinia,0,1_113_CdnA#5,core,0.7853,0,0,0,0,[alpha] > reductase
NZ_JFYC01000020.1:27987-29043:-1,WP_032038258.1,J690_RS21380,,aromatic ring-hydroxylating dioxygenase subunit alpha,1_113_CdnA,1,150.1,0.8933,6.3e-44,NZ_JFYC01000020.1,27987,29043,-1,Acinetobacter sp. 742879,Bacteria; Pseudomonadati; Pseudomonadota; Gammaproteobacteria; Moraxellales; Moraxellaceae; Acinetobacter; Acinetobacter calcoaceticus/baumannii complex,0,1_113_CdnA#0,core,0.9429,0,0,0,0,[alpha] > other
NZ_JFXV01000021.1:27988-29044:1,WP_005804891.1,J687_RS18940,,aromatic ring-hydroxylating dioxygenase subunit alpha,1_113_CdnA,1,148.4,0.8933,2e-43,NZ_JFXV01000021.1,27988,29044,1,Acinetobacter sp. 225588,Bacteria; Pseudomonadati; Pseudomonadota; Gammaproteobacteria; Moraxellales; Moraxellaceae; Acinetobacter; Acinetobacter calcoaceticus/baumannii complex,0,1_113_CdnA#0,core,0.9094,0,0,0,0,[alpha] > other
NZ_JFXG01000022.1:28084-29140:-1,WP_032053117.1,J655_RS21760,,aromatic ring-hydroxylating dioxygenase subunit alpha,1_113_CdnA,1,148.1,0.8933,2.6e-43,NZ_JFXG01000022.1,28084,29140,-1,Acinetobacter sp. 1294243,Bacteria; Pseudomonadati; Pseudomonadota; Gammaproteobacteria; Moraxellales; Moraxellaceae; Acinetobacter; Acinetobacter calcoaceticus/baumannii complex,0,1_113_CdnA#0,core,0.9094,0,0,0,0,[alpha] > other
NZ_JFYL01000047.1:3004-4060:1,WP_035268585.1,CL42_RS11670,,Rieske 2Fe-2S domain-containing protein,1_113_CdnA,1,153.6,0.8933,5.3e-45,NZ_JFYL01000047.1,3004,4060,1,Acinetobacter sp. Ver3,Bacteria; Pseudomonadati; Pseudomonadota; Gammaproteobacteria; Moraxellales; Moraxellaceae; Acinetobacter,0,1_113_CdnA#0,core,0.8095,0,0,0,0,[alpha] > other > hypothetical > other > other
NZ_JFYD01000011.1:33243-34299:-1,WP_033851316.1,J663_RS17680,,aromatic ring-hydroxylating dioxygenase subunit alpha,1_113_CdnA,1,152.3,0.8933,1.3e-44,NZ_JFYD01000011.1,33243,34299,-1,Acinetobacter sp. 826659,Bacteria; Pseudomonadati; Pseudomonadota; Gammaproteobacteria; Moraxellales; Moraxellaceae; Acinetobacter; Acinetobacter calcoaceticus/baumannii complex,0,1_113_CdnA#0,core,0.9492,0,0,0,0,[alpha] > other
NZ_JFYL01000085.1:190-1246:-1,WP_000991568.1,CL42_RS14460,,aromatic ring-hydroxylating dioxygenase subunit alpha,1_113_CdnA,1,149.8,0.8904,7.9e-44,NZ_JFYL01000085.1,190,1246,-1,Acinetobacter sp. Ver3,Bacteria; Pseudomonadati; Pseudomonadota; Gammaproteobacteria; Moraxellales; Moraxellaceae; Acinetobacter,0,1_113_CdnA#0,core,0.768,0,0,0,0,[alpha]
NZ_JJML01000003.1:128989-130039:1,WP_052128289.1,DO97_RS02190,,aromatic ring-hydroxylating dioxygenase subunit alpha,1_113_CdnA,1,135.0,0.5787,2.4e-39,NZ_JJML01000003.1,128989,130039,1,Neosynechococcus sphagnicola sy1,Bacteria; Bacillati; Cyanobacteriota; Cyanophyceae; Leptolyngbyales; Neosynechococcaceae; Neosynechococcus,0,1_113_CdnA#48,novel_candidate,0.2379,0,0,0,0,alpha_other > [alpha]
NZ_JJML01000024.1:61426-62464:-1,WP_036533500.1,DO97_RS11495,,aromatic ring-hydroxylating dioxygenase subunit alpha,1_113_CdnA,1,157.3,0.9101,4.2e-46,NZ_JJML01000024.1,61426,62464,-1,Neosynechococcus sphagnicola sy1,Bacteria; Bacillati; Cyanobacteriota; Cyanophyceae; Leptolyngbyales; Neosynechococcaceae; Neosynechococcus,0,1_113_CdnA#20,novel_candidate,0.2627,0,0,0,0,[alpha]
NZ_JMDX01000014.1:40643-41621:-1,WP_044353617.1,AZ66_RS03635,,aromatic ring-hydroxylating dioxygenase subunit alpha,1_113_CdnA,1,167.2,0.8343,3.9e-49,NZ_JMDX01000014.1,40643,41621,-1,Paenibacillus sp. E194,Bacteria; Bacillati; Bacillota; Bacilli; Bacillales; Paenibacillaceae; Paenibacillus,0,1_113_CdnA#19,novel_candidate,0.3202,0,0,0,0,[alpha]
NZ_JJMH01000025.1:202183-203236:1,WP_034649526.1,BMT_RS12295,,aromatic ring-hydroxylating dioxygenase subunit alpha,1_113_CdnA,1,171.4,0.8904,2.1e-50,NZ_JJMH01000025.1,202183,203236,1,Priestia megaterium NBRC 15308 = ATCC 14581,Bacteria; Bacillati; Bacillota; Bacilli; Bacillales; Bacillaceae; Priestia,0,1_113_CdnA#0,divergent,0.4795,0,0,0,0,[alpha]
NZ_JJMH01000063.1:301355-302363:-1,WP_034654223.1,BMT_RS21710,,aromatic ring-hydroxylating dioxygenase subunit alpha,1_113_CdnA,1,192.6,0.8315,7.5e-57,NZ_JJMH01000063.1,301355,302363,-1,Priestia megaterium NBRC 15308 = ATCC 14581,Bacteria; Bacillati; Bacillota; Bacilli; Bacillales; Bacillaceae; Priestia,0,1_113_CdnA#10,novel_candidate,0.308,0,0,0,0,[alpha]
NZ_JMNZ01000031.1:34093-35149:-1,WP_005804891.1,J584_RS16400,,aromatic ring-hydroxylating dioxygenase subunit alpha,1_113_CdnA,1,148.4,0.8933,2e-43,NZ_JMNZ01000031.1,34093,35149,-1,Acinetobacter sp. 72431,Bacteria; Pseudomonadati; Pseudomonadota; Gammaproteobacteria; Moraxellales; Moraxellaceae; Acinetobacter; Acinetobacter calcoaceticus/baumannii complex,0,1_113_CdnA#0,core,0.9094,0,0,0,0,[alpha] > other
NZ_JMOA01000035.1:27434-28490:-1,WP_031961294.1,J572_RS18100,,aromatic ring-hydroxylating dioxygenase subunit alpha,1_113_CdnA,1,152.4,0.8933,1.2e-44,NZ_JMOA01000035.1,27434,28490,-1,Acinetobacter baumannii 1499986,Bacteria; Pseudomonadati; Pseudomonadota; Gammaproteobacteria; Moraxellales; Moraxellaceae; Acinetobacter; Acinetobacter calcoaceticus/baumannii complex,0,1_113_CdnA#0,core,0.9492,0,0,0,0,[alpha] > other
NZ_JMIR01000009.1:72110-73100:1,WP_038086593.1,EL26_RS08190,,aromatic ring-hydroxylating dioxygenase subunit alpha,1_113_CdnA,1,105.3,0.6348,2.5e-30,NZ_JMIR01000009.1,72110,73100,1,Tumebacillus flagellatus,Bacteria; Bacillati; Bacillota; Bacilli; Bacillales; Alicyclobacillaceae; Tumebacillus,0,1_113_CdnA#32,novel_candidate,0.2671,0,0,0,0,regulator > other > [alpha]
NZ_JMOD01000054.1:20999-22055:-1,WP_032037074.1,J596_RS19045,,aromatic ring-hydroxylating dioxygenase subunit alpha,1_113_CdnA,1,154.2,0.8933,3.6e-45,NZ_JMOD01000054.1,20999,22055,-1,Acinetobacter baumannii 21072,Bacteria; Pseudomonadati; Pseudomonadota; Gammaproteobacteria; Moraxellales; Moraxellaceae; Acinetobacter; Acinetobacter calcoaceticus/baumannii complex,0,1_113_CdnA#0,core,0.9524,0,0,0,0,[alpha] > other
NZ_JNYJ01000073.1:8037-9252:1,WP_033366795.1,OP18_RS47055,,aromatic ring-hydroxylating dioxygenase subunit alpha,1_113_CdnA,1,131.0,0.6798,4e-38,NZ_JNYJ01000073.1,8037,9252,1,Dactylosporangium aurantiacum,Bacteria; Bacillati; Actinomycetota; Actinomycetes; Micromonosporales; Micromonosporaceae; Dactylosporangium,0,1_113_CdnA#18,novel_candidate,0.2646,0,0,0,0,hydrolase > reductase > hydrolase > [alpha] > hypothetical > hypothetical > reductase > hypothetical > other
NZ_JPHZ01000025.1:31945-33001:-1,WP_000991559.1,T630_RS11775,,aromatic ring-hydroxylating dioxygenase subunit alpha,1_113_CdnA,1,155.4,0.8933,1.5e-45,NZ_JPHZ01000025.1,31945,33001,-1,Acinetobacter baumannii MRSN 3527,Bacteria; Pseudomonadati; Pseudomonadota; Gammaproteobacteria; Moraxellales; Moraxellaceae; Acinetobacter; Acinetobacter calcoaceticus/baumannii complex,0,1_113_CdnA#0,core,0.9524,0,0,0,0,[alpha] > other
NZ_JPMI01000152.1:4674-5673:-1,WP_043399158.1,Q664_RS22390,,aromatic ring-hydroxylating dioxygenase subunit alpha,1_113_CdnA,1,137.8,0.8764,3.4e-40,NZ_JPMI01000152.1,4674,5673,-1,Archangium violaceum Cb vi76,Bacteria; Pseudomonadati; Myxococcota; Myxococcia; Myxococcales; Cystobacterineae; Archangiaceae; Archangium,0,1_113_CdnA#34,novel_candidate,0.324,0,0,0,0,other > [alpha] > hypothetical > hypothetical
NZ_JPQO01000145.1:27473-28529:-1,WP_034585173.1,GW12_RS06535,,aromatic ring-hydroxylating dioxygenase subunit alpha,1_113_CdnA,1,150.6,0.8933,4.4e-44,NZ_JPQO01000145.1,27473,28529,-1,Acinetobacter sp. HR7,Bacteria; Pseudomonadati; Pseudomonadota; Gammaproteobacteria; Moraxellales; Moraxellaceae; Acinetobacter,0,1_113_CdnA#0,core,0.7688,0,0,0,0,[alpha] > other
NZ_JPQO01000145.1:29898-30951:1,WP_034585177.1,GW12_RS06545,,aromatic ring-hydroxylating dioxygenase subunit alpha,1_113_CdnA,1,169.0,0.8904,1.1e-49,NZ_JPQO01000145.1,29898,30951,1,Acinetobacter sp. HR7,Bacteria; Pseudomonadati; Pseudomonadota; Gammaproteobacteria; Moraxellales; Moraxellaceae; Acinetobacter,0,1_113_CdnA#1,core,0.769,0,0,0,0,[alpha]
NZ_JPYI02000013.1:6317-7370:-1,WP_057677623.1,IM53_RS00355,,aromatic ring-hydroxylating dioxygenase subunit alpha,1_113_CdnA,1,165.5,0.8792,1.3e-48,NZ_JPYI02000013.1,6317,7370,-1,Xanthomonas phaseoli pv. dieffenbachiae,Bacteria; Pseudomonadati; Pseudomonadota; Gammaproteobacteria; Lysobacterales; Lysobacteraceae; Xanthomonas,0,1_113_CdnA#3,core,0.9682,0,0,0,0,[alpha] > reductase
NZ_JRKN01000004.1:213524-214598:1,WP_052081272.1,IT41_RS04725,,Rieske 2Fe-2S domain-containing protein,1_113_CdnA,1,288.6,0.9438,4.8e-86,NZ_JRKN01000004.1,213524,214598,1,Paracoccus halophilus,Bacteria; Pseudomonadati; Pseudomonadota; Alphaproteobacteria; Rhodobacterales; Paracoccaceae; Paracoccus,0,1_113_CdnA#31,novel_candidate,0.3006,1,0,0,1,[alpha] > reductase > hypothetical > dehydrogenase
NZ_JRUE01000210.1:25925-26981:-1,WP_061519308.1,AVENLUH5627_RS13230,,aromatic ring-hydroxylating dioxygenase subunit alpha,1_113_CdnA,1,135.8,0.8876,1.4e-39,NZ_JRUE01000210.1,25925,26981,-1,Acinetobacter venetianus,Bacteria; Pseudomonadati; Pseudomonadota; Gammaproteobacteria; Moraxellales; Moraxellaceae; Acinetobacter,0,1_113_CdnA#0,core,0.7547,0,0,0,0,[alpha]
NZ_JRUQ01000028.1:13630-14662:-1,WP_034891183.1,NG99_RS09000,hpxD,molybdenum cofactor-independent xanthine hydroxylase subunit HpxD,1_113_CdnA,1,154.5,0.8708,2.9e-45,NZ_JRUQ01000028.1,13630,14662,-1,Erwinia typographi,Bacteria; Pseudomonadati; Pseudomonadota; Gammaproteobacteria; Enterobacterales; Erwiniaceae; Erwinia,0,1_113_CdnA#4,core,0.7329,0,0,0,0,[alpha] > reductase
NZ_JRUE01000067.1:20458-21511:1,WP_061518186.1,AVENLUH5627_RS03605,,aromatic ring-hydroxylating dioxygenase subunit alpha,1_113_CdnA,1,154.6,0.882,2.7e-45,NZ_JRUE01000067.1,20458,21511,1,Acinetobacter venetianus,Bacteria; Pseudomonadati; Pseudomonadota; Gammaproteobacteria; Moraxellales; Moraxellaceae; Acinetobacter,0,1_113_CdnA#1,core,0.9135,0,0,0,0,[alpha]
NZ_JUFX02000229.1:13479-14532:-1,WP_039736176.1,GLUCOINTEAF2_RS17460,,aromatic ring-hydroxylating dioxygenase subunit alpha,1_113_CdnA,1,160.1,0.8904,5.8e-47,NZ_JUFX02000229.1,13479,14532,-1,Komagataeibacter intermedius AF2,Bacteria; Pseudomonadati; Pseudomonadota; Alphaproteobacteria; Acetobacterales; Acetobacteraceae; Komagataeibacter,0,1_113_CdnA#17,core,0.9497,0,0,0,0,[alpha] > reductase
NZ_JWLC01000029.1:86376-87432:-1,WP_052262011.1,RA19_RS23230,,aromatic ring-hydroxylating dioxygenase subunit alpha,1_113_CdnA,1,155.8,0.882,1.2e-45,NZ_JWLC01000029.1,86376,87432,-1,Leisingera sp. ANG-M1,Bacteria; Pseudomonadati; Pseudomonadota; Alphaproteobacteria; Rhodobacterales; Roseobacteraceae; Leisingera,0,1_113_CdnA#33,novel_candidate,0.3556,1,0,0,1,[alpha] > reductase > other > transporter > transporter > transporter > ro_alpha > alpha_other > other > dehydrogenase
NZ_JYKS01000015.1:14822-15878:-1,WP_051097486.1,TZ03_RS10250,,Rieske 2Fe-2S domain-containing protein,1_113_CdnA,1,153.2,0.8961,7.2e-45,NZ_JYKS01000015.1,14822,15878,-1,Pseudomonas sp. 10-1B,Bacteria; Pseudomonadati; Pseudomonadota; Gammaproteobacteria; Pseudomonadales; Pseudomonadaceae; Pseudomonas,0,1_113_CdnA#0,divergent,0.461,1,0,0,1,[alpha] > reductase > regulator
NZ_JZYX01000005.1:71864-72899:1,WP_045284661.1,SS37_RS02955,hpxD,molybdenum cofactor-independent xanthine hydroxylase subunit HpxD,1_113_CdnA,1,157.6,0.8764,3.3e-46,NZ_JZYX01000005.1,71864,72899,1,Enterobacter sichuanensis,Bacteria; Pseudomonadati; Pseudomonadota; Gammaproteobacteria; Enterobacterales; Enterobacteriaceae; Enterobacter; Enterobacter cloacae complex,0,1_113_CdnA#5,core,0.9143,0,0,0,0,reductase > [alpha] > reductase
NZ_KB849356.1:36424-37480:1,WP_004770245.1,F971_RS18360,,aromatic ring-hydroxylating dioxygenase subunit alpha,1_113_CdnA,1,150.4,0.8904,5e-44,NZ_KB849356.1,36424,37480,1,Acinetobacter vivianii,Bacteria; Pseudomonadati; Pseudomonadota; Gammaproteobacteria; Moraxellales; Moraxellaceae; Acinetobacter,0,1_113_CdnA#1,core,0.8822,0,0,0,0,[alpha]
NZ_KB849373.1:8903-9932:1,WP_004778013.1,F970_RS14015,,aromatic ring-hydroxylating dioxygenase subunit alpha,1_113_CdnA,1,135.9,0.8876,1.3e-39,NZ_KB849373.1,8903,9932,1,Acinetobacter sp. CIP 102082,Bacteria; Pseudomonadati; Pseudomonadota; Gammaproteobacteria; Moraxellales; Moraxellaceae; Acinetobacter,0,1_113_CdnA#0,core,0.8135,0,0,0,0,[alpha]
NZ_KB849376.1:1129-2185:-1,WP_000991568.1,F970_RS14135,,aromatic ring-hydroxylating dioxygenase subunit alpha,1_113_CdnA,1,149.8,0.8904,7.9e-44,NZ_KB849376.1,1129,2185,-1,Acinetobacter sp. CIP 102082,Bacteria; Pseudomonadati; Pseudomonadota; Gammaproteobacteria; Moraxellales; Moraxellaceae; Acinetobacter,0,1_113_CdnA#0,core,0.768,0,0,0,0,[alpha]
NZ_KB849403.1:212851-213904:1,WP_004782666.1,F969_RS07220,,aromatic ring-hydroxylating dioxygenase subunit alpha,1_113_CdnA,1,160.9,0.8876,3.2e-47,NZ_KB849403.1,212851,213904,1,Acinetobacter variabilis,Bacteria; Pseudomonadati; Pseudomonadota; Gammaproteobacteria; Moraxellales; Moraxellaceae; Acinetobacter,0,1_113_CdnA#1,core,0.8591,0,0,0,0,[alpha]
NZ_KB849405.1:196964-198020:-1,WP_004785830.1,F969_RS15110,,aromatic ring-hydroxylating dioxygenase subunit alpha,1_113_CdnA,1,132.3,0.8876,1.6e-38,NZ_KB849405.1,196964,198020,-1,Acinetobacter variabilis,Bacteria; Pseudomonadati; Pseudomonadota; Gammaproteobacteria; Moraxellales; Moraxellaceae; Acinetobacter,0,1_113_CdnA#0,core,0.7656,0,0,0,0,[alpha] > other
NZ_KB849438.1:41862-42918:1,WP_004801293.1,F966_RS19815,,aromatic ring-hydroxylating dioxygenase subunit alpha,1_113_CdnA,1,152.6,0.8904,1.1e-44,NZ_KB849438.1,41862,42918,1,Acinetobacter higginsii,Bacteria; Pseudomonadati; Pseudomonadota; Gammaproteobacteria; Moraxellales; Moraxellaceae; Acinetobacter,0,1_113_CdnA#1,core,0.8825,0,0,0,0,[alpha]
NZ_KB849762.1:28833-29886:1,WP_005056245.1,F934_RS15185,,aromatic ring-hydroxylating dioxygenase subunit alpha,1_113_CdnA,1,144.7,0.8876,2.8e-42,NZ_KB849762.1,28833,29886,1,Acinetobacter beijerinckii ANC 3835,Bacteria; Pseudomonadati; Pseudomonadota; Gammaproteobacteria; Moraxellales; Moraxellaceae; Acinetobacter,0,1_113_CdnA#1,core,0.8722,0,0,0,0,[alpha]
NZ_KB849443.1:106421-107477:-1,WP_004809356.1,F965_RS00650,,aromatic ring-hydroxylating dioxygenase subunit alpha,1_113_CdnA,1,152.6,0.8904,1.1e-44,NZ_KB849443.1,106421,107477,-1,Acinetobacter schindleri NIPH 900,Bacteria; Pseudomonadati; Pseudomonadota; Gammaproteobacteria; Moraxellales; Moraxellaceae; Acinetobacter,0,1_113_CdnA#0,core,0.7888,0,0,0,0,[alpha] > other
NZ_KB849443.1:108867-109920:1,WP_034423868.1,F965_RS00660,,Rieske 2Fe-2S domain-containing protein,1_113_CdnA,1,159.6,0.8904,8.3e-47,NZ_KB849443.1,108867,109920,1,Acinetobacter schindleri NIPH 900,Bacteria; Pseudomonadati; Pseudomonadota; Gammaproteobacteria; Moraxellales; Moraxellaceae; Acinetobacter,0,1_113_CdnA#1,core,0.8258,0,0,0,0,[alpha]
NZ_KB849610.1:52888-53944:1,WP_004914993.1,F953_RS14370,,aromatic ring-hydroxylating dioxygenase subunit alpha,1_113_CdnA,1,137.9,0.8876,3.2e-40,NZ_KB849610.1,52888,53944,1,Acinetobacter junii CIP 107470 = MTCC 11364,Bacteria; Pseudomonadati; Pseudomonadota; Gammaproteobacteria; Moraxellales; Moraxellaceae; Acinetobacter,0,1_113_CdnA#0,core,0.7375,0,0,0,0,[alpha] > regulator > other
NZ_KB849763.1:29450-30503:1,WP_005057269.1,F933_RS00130,,aromatic ring-hydroxylating dioxygenase subunit alpha,1_113_CdnA,1,147.3,0.8792,4.5e-43,NZ_KB849763.1,29450,30503,1,Acinetobacter beijerinckii CIP 110307,Bacteria; Pseudomonadati; Pseudomonadota; Gammaproteobacteria; Moraxellales; Moraxellaceae; Acinetobacter,0,1_113_CdnA#1,core,0.8585,0,0,0,0,[alpha]
NZ_KB849766.1:134863-135919:-1,WP_005062193.1,F933_RS13780,,aromatic ring-hydroxylating dioxygenase subunit alpha,1_113_CdnA,1,134.9,0.8876,2.6e-39,NZ_KB849766.1,134863,135919,-1,Acinetobacter beijerinckii CIP 110307,Bacteria; Pseudomonadati; Pseudomonadota; Gammaproteobacteria; Moraxellales; Moraxellaceae; Acinetobacter,0,1_113_CdnA#0,core,0.7445,0,0,0,0,[alpha] > regulator > other
NZ_KB849779.1:522506-523562:1,WP_005045322.1,F936_RS04865,,aromatic ring-hydroxylating dioxygenase subunit alpha,1_113_CdnA,1,152.1,0.8933,1.5e-44,NZ_KB849779.1,522506,523562,1,Acinetobacter calcoaceticus DSM 30006 = CIP 81.8,Bacteria; Pseudomonadati; Pseudomonadota; Gammaproteobacteria; Moraxellales; Moraxellaceae; Acinetobacter; Acinetobacter calcoaceticus/baumannii complex,0,1_113_CdnA#0,core,0.9302,0,0,0,0,[alpha] > other
NZ_KB850048.1:364975-366031:1,WP_005184039.1,F904_RS17170,,aromatic ring-hydroxylating dioxygenase subunit alpha,1_113_CdnA,1,147.7,0.8904,3.4e-43,NZ_KB850048.1,364975,366031,1,Acinetobacter dispersus,Bacteria; Pseudomonadati; Pseudomonadota; Gammaproteobacteria; Moraxellales; Moraxellaceae; Acinetobacter,0,1_113_CdnA#1,core,0.8846,0,0,0,0,[alpha]
NZ_KB850065.1:19859-20915:1,WP_000991568.1,F902_RS00325,,aromatic ring-hydroxylating dioxygenase subunit alpha,1_113_CdnA,1,149.8,0.8904,7.9e-44,NZ_KB850065.1,19859,20915,1,Acinetobacter higginsii,Bacteria; Pseudomonadati; Pseudomonadota; Gammaproteobacteria; Moraxellales; Moraxellaceae; Acinetobacter,0,1_113_CdnA#0,core,0.768,0,0,0,0,[alpha]
NZ_KB849800.1:408812-409865:-1,WP_005081894.1,F927_RS04635,,aromatic ring-hydroxylating dioxygenase subunit alpha,1_113_CdnA,1,157.9,0.882,2.7e-46,NZ_KB849800.1,408812,409865,-1,Acinetobacter haemolyticus CIP 64.3 = MTCC 9819,Bacteria; Pseudomonadati; Pseudomonadota; Gammaproteobacteria; Moraxellales; Moraxellaceae; Acinetobacter,0,1_113_CdnA#1,core,0.9094,0,0,0,0,[alpha]
NZ_KB849801.1:104692-105748:1,WP_005082565.1,F927_RS06065,,aromatic ring-hydroxylating dioxygenase subunit alpha,1_113_CdnA,1,135.1,0.8848,2.3e-39,NZ_KB849801.1,104692,105748,1,Acinetobacter haemolyticus CIP 64.3 = MTCC 9819,Bacteria; Pseudomonadati; Pseudomonadota; Gammaproteobacteria; Moraxellales; Moraxellaceae; Acinetobacter,0,1_113_CdnA#0,core,0.7733,0,0,0,0,[alpha] > regulator
NZ_KB849944.1:219340-220396:1,WP_005137755.1,F913_RS08780,,aromatic ring-hydroxylating dioxygenase subunit alpha,1_113_CdnA,1,156.0,0.8933,9.8e-46,NZ_KB849944.1,219340,220396,1,Acinetobacter baumannii NIPH 80,Bacteria; Pseudomonadati; Pseudomonadota; Gammaproteobacteria; Moraxellales; Moraxellaceae; Acinetobacter; Acinetobacter calcoaceticus/baumannii complex,0,1_113_CdnA#0,core,0.9492,0,0,0,0,[alpha] > other
NZ_KB851205.1:210464-211520:1,WP_004706177.1,F985_RS24835,,aromatic ring-hydroxylating dioxygenase subunit alpha,1_113_CdnA,1,150.1,0.8933,6.1e-44,NZ_KB851205.1,210464,211520,1,Acinetobacter seifertii,Bacteria; Pseudomonadati; Pseudomonadota; Gammaproteobacteria; Moraxellales; Moraxellaceae; Acinetobacter; Acinetobacter calcoaceticus/baumannii complex,0,1_113_CdnA#0,core,0.9429,0,0,0,0,[alpha] > other
NZ_KB850178.1:221055-222111:-1,WP_000991568.1,F890_RS03225,,aromatic ring-hydroxylating dioxygenase subunit alpha,1_113_CdnA,1,149.8,0.8904,7.9e-44,NZ_KB850178.1,221055,222111,-1,Acinetobacter sp. CIP 64.7,Bacteria; Pseudomonadati; Pseudomonadota; Gammaproteobacteria; Moraxellales; Moraxellaceae; Acinetobacter,0,1_113_CdnA#0,core,0.768,0,0,0,0,[alpha]
NZ_KB850178.1:231926-232982:-1,WP_005090794.1,F890_RS03285,,aromatic ring-hydroxylating dioxygenase subunit alpha,1_113_CdnA,1,137.2,0.8904,5.2e-40,NZ_KB850178.1,231926,232982,-1,Acinetobacter sp. CIP 64.7,Bacteria; Pseudomonadati; Pseudomonadota; Gammaproteobacteria; Moraxellales; Moraxellaceae; Acinetobacter,0,1_113_CdnA#0,core,0.8176,0,0,0,0,[alpha]
NZ_KB850193.1:565628-566684:-1,WP_005269955.1,F889_RS16905,,aromatic ring-hydroxylating dioxygenase subunit alpha,1_113_CdnA,1,150.5,0.8848,4.6e-44,NZ_KB850193.1,565628,566684,-1,Acinetobacter colistiniresistens,Bacteria; Pseudomonadati; Pseudomonadota; Gammaproteobacteria; Moraxellales; Moraxellaceae; Acinetobacter,0,1_113_CdnA#1,core,0.8818,0,0,0,0,[alpha]
NZ_KE007346.1:547900-548956:-1,WP_016162942.1,F896_RS14155,,aromatic ring-hydroxylating dioxygenase subunit alpha,1_113_CdnA,1,154.1,0.8904,3.8e-45,NZ_KE007346.1,547900,548956,-1,Acinetobacter genomosp. 15BJ,Bacteria; Pseudomonadati; Pseudomonadota; Gammaproteobacteria; Moraxellales; Moraxellaceae; Acinetobacter,0,1_113_CdnA#1,core,0.8822,0,0,0,0,[alpha]
NZ_KI530723.1:453157-454213:-1,WP_023273298.1,P256_RS08590,,aromatic ring-hydroxylating dioxygenase subunit alpha,1_113_CdnA,1,137.7,0.8876,3.7e-40,NZ_KI530723.1,453157,454213,-1,Acinetobacter nectaris CIP 110549,Bacteria; Pseudomonadati; Pseudomonadota; Gammaproteobacteria; Moraxellales; Moraxellaceae; Acinetobacter,0,1_113_CdnA#0,core,0.7385,0,0,0,0,alpha_other > reductase > [alpha]
NZ_KI530723.1:455252-456302:-1,WP_040332027.1,P256_RS08600,,Rieske 2Fe-2S domain-containing protein,1_113_CdnA,1,150.3,0.882,5.3e-44,NZ_KI530723.1,455252,456302,-1,Acinetobacter nectaris CIP 110549,Bacteria; Pseudomonadati; Pseudomonadota; Gammaproteobacteria; Moraxellales; Moraxellaceae; Acinetobacter,0,1_113_CdnA#5,core,0.6319,0,0,0,0,[alpha] > reductase > alpha_other
NZ_KI530745.1:867290-868346:-1,WP_016658110.1,P253_RS04210,,aromatic ring-hydroxylating dioxygenase subunit alpha,1_113_CdnA,1,146.9,0.8876,5.7e-43,NZ_KI530745.1,867290,868346,-1,Acinetobacter indicus CIP 110367,Bacteria; Pseudomonadati; Pseudomonadota; Gammaproteobacteria; Moraxellales; Moraxellaceae; Acinetobacter,0,1_113_CdnA#0,core,0.7806,0,0,0,0,[alpha]
NZ_KQ758664.1:18634-19687:1,WP_061785259.1,AS180_RS14225,,aromatic ring-hydroxylating dioxygenase subunit alpha,1_113_CdnA,1,185.2,0.8933,1.4e-54,NZ_KQ758664.1,18634,19687,1,Priestia veravalensis,Bacteria; Bacillati; Bacillota; Bacilli; Bacillales; Bacillaceae; Priestia,0,1_113_CdnA#0,divergent,0.4693,0,0,0,0,[alpha]
NZ_KQ758637.1:39851-40859:1,WP_025910335.1,AS180_RS07025,,aromatic ring-hydroxylating dioxygenase subunit alpha,1_113_CdnA,1,200.7,0.8343,2.6e-59,NZ_KQ758637.1,39851,40859,1,Priestia veravalensis,Bacteria; Bacillati; Bacillota; Bacilli; Bacillales; Bacillaceae; Priestia,0,1_113_CdnA#10,novel_candidate,0.3523,0,0,0,0,hydrolase > [alpha]
NZ_KQ948658.1:564195-565236:-1,WP_059205525.1,AQJ46_RS11920,,aromatic ring-hydroxylating dioxygenase subunit alpha,1_113_CdnA,1,147.6,0.8904,3.5e-43,NZ_KQ948658.1,564195,565236,-1,Streptomyces canus,Bacteria; Bacillati; Actinomycetota; Actinomycetes; Kitasatosporales; Streptomycetaceae; Streptomyces; Streptomyces aurantiacus group,0,1_113_CdnA#61,core,0.5911,0,0,0,0,[alpha] > reductase > transporter > transporter > transporter > transporter > other
NZ_KQ954261.1:42528-43578:1,WP_067618542.1,AQZ49_RS17245,,aromatic ring-hydroxylating dioxygenase subunit alpha,1_113_CdnA,1,169.2,0.8989,9.5e-50,NZ_KQ954261.1,42528,43578,1,Novosphingobium sp. FSW06-99,Bacteria; Pseudomonadati; Pseudomonadota; Alphaproteobacteria; Sphingomonadales; Sphingomonadaceae; Novosphingobium,0,1_113_CdnA#60,divergent,0.5354,0,0,0,0,[alpha]
NZ_KV757574.1:8908-10003:-1,WP_069069099.1,A4S05_RS06940,,aromatic ring-hydroxylating dioxygenase subunit alpha,1_113_CdnA,1,134.4,0.6461,3.6e-39,NZ_KV757574.1,8908,10003,-1,Nostoc sp. KVJ20,Bacteria; Bacillati; Cyanobacteriota; Cyanophyceae; Nostocales; Nostocaceae; Nostoc,0,1_113_CdnA#35,novel_candidate,0.2519,0,0,0,0,hydrolase > reductase > reductase > [alpha]
NZ_KV792984.1:345662-346700:1,WP_004148366.1,HMPREF3142_RS03980,hpxD,molybdenum cofactor-independent xanthine hydroxylase subunit HpxD,1_113_CdnA,1,152.5,0.8764,1.2e-44,NZ_KV792984.1,345662,346700,1,Klebsiella sp. HMSC16C06,Bacteria; Pseudomonadati; Pseudomonadota; Gammaproteobacteria; Enterobacterales; Enterobacteriaceae; Klebsiella/Raoultella group; Klebsiella,0,1_113_CdnA#2,core,0.9306,0,0,0,0,[alpha] > other
NZ_LASY01000016.1:152159-153215:1,WP_046303191.1,RN22_RS04070,,Rieske 2Fe-2S domain-containing protein,1_113_CdnA,1,277.6,0.9354,1.1e-82,NZ_LASY01000016.1,152159,153215,1,Grimontia sp. AD028,Bacteria; Pseudomonadati; Pseudomonadota; Gammaproteobacteria; Vibrionales; Vibrionaceae; Grimontia,0,1_113_CdnA#31,novel_candidate,0.2727,1,0,0,1,[alpha] > reductase > reductase > other
NZ_LATZ01000008.1:58298-59351:1,WP_046514259.1,WQ54_RS07435,,aromatic ring-hydroxylating dioxygenase subunit alpha,1_113_CdnA,1,170.6,0.8933,3.7e-50,NZ_LATZ01000008.1,58298,59351,1,Bacillus sp. SA1-12,Bacteria; Bacillati; Bacillota; Bacilli; Bacillales; Bacillaceae; Bacillus,0,1_113_CdnA#0,divergent,0.5016,1,0,0,1,[alpha] > reductase > ferredoxin > transporter
NZ_LAVC01000019.1:32355-33330:1,WP_003067157.1,XA67_RS12990,,aromatic ring-hydroxylating dioxygenase subunit alpha,1_113_CdnA,1,180.1,0.8764,4.9e-53,NZ_LAVC01000019.1,32355,33330,1,Comamonas thiooxydans,Bacteria; Pseudomonadati; Pseudomonadota; Betaproteobacteria; Burkholderiales; Comamonadaceae; Comamonas,0,1_113_CdnA#12,novel_candidate,0.2842,0,0,0,0,[alpha]
NZ_LBHY02000028.1:21989-23045:1,WP_046812939.1,YA64_RS12395,,aromatic ring-hydroxylating dioxygenase subunit alpha,1_113_CdnA,1,149.0,0.8933,1.4e-43,NZ_LBHY02000028.1,21989,23045,1,Acinetobacter pittii,Bacteria; Pseudomonadati; Pseudomonadota; Gammaproteobacteria; Moraxellales; Moraxellaceae; Acinetobacter; Acinetobacter calcoaceticus/baumannii complex,0,1_113_CdnA#0,core,0.9122,0,0,0,0,[alpha] > other
NZ_LBHJ01000004.1:652650-653715:-1,WP_050059884.1,XX99_RS13445,,aromatic ring-hydroxylating dioxygenase subunit alpha,1_113_CdnA,1,171.6,0.8736,1.8e-50,NZ_LBHJ01000004.1,652650,653715,-1,Silvibacterium bohemicum,Bacteria; Pseudomonadati; Acidobacteriota; Terriglobia; Terriglobales; Acidobacteriaceae; Silvibacterium,0,1_113_CdnA#59,divergent,0.4928,0,0,0,0,[alpha] > hypothetical
NZ_LDHP01000028.1:205306-206314:1,WP_013055521.1,ABD94_RS24255,,aromatic ring-hydroxylating dioxygenase subunit alpha,1_113_CdnA,1,195.1,0.8315,1.3e-57,NZ_LDHP01000028.1,205306,206314,1,Priestia aryabhattai,Bacteria; Bacillati; Bacillota; Bacilli; Bacillales; Bacillaceae; Priestia,0,1_113_CdnA#10,novel_candidate,0.3308,0,0,0,0,[alpha]
NZ_LDSG01000009.1:47835-48867:-1,WP_058758659.1,SA5R_RS11110,hpxD,molybdenum cofactor-independent xanthine hydroxylase subunit HpxD,1_113_CdnA,1,162.1,0.8708,1.4e-47,NZ_LDSG01000009.1,47835,48867,-1,Pantoea dispersa,Bacteria; Pseudomonadati; Pseudomonadota; Gammaproteobacteria; Enterobacterales; Erwiniaceae; Pantoea,0,1_113_CdnA#2,core,0.8127,0,0,0,0,[alpha] > reductase
NZ_LDWR01000060.1:24587-25643:-1,WP_048250730.1,VL15_RS31715,,aromatic ring-hydroxylating dioxygenase subunit alpha,1_113_CdnA,1,168.5,0.8933,1.6e-49,NZ_LDWR01000060.1,24587,25643,-1,Burkholderia cepacia,Bacteria; Pseudomonadati; Pseudomonadota; Betaproteobacteria; Burkholderiales; Burkholderiaceae; Burkholderia; Burkholderia cepacia complex,0,1_113_CdnA#16,divergent,0.486,1,0,0,1,[alpha] > other > reductase
NZ_LFRE01000117.1:52875-53928:-1,WP_048882736.1,ACS72_RS16305,,Rieske 2Fe-2S domain-containing protein,1_113_CdnA,1,158.7,0.8904,1.5e-46,NZ_LFRE01000117.1,52875,53928,-1,Acinetobacter sp. VT 511,Bacteria; Pseudomonadati; Pseudomonadota; Gammaproteobacteria; Moraxellales; Moraxellaceae; Acinetobacter,0,1_113_CdnA#1,core,0.8223,0,0,0,0,[alpha]
NZ_LFRE01000117.1:55318-56374:1,WP_048882737.1,ACS72_RS16315,,aromatic ring-hydroxylating dioxygenase subunit alpha,1_113_CdnA,1,152.2,0.8904,1.4e-44,NZ_LFRE01000117.1,55318,56374,1,Acinetobacter sp. VT 511,Bacteria; Pseudomonadati; Pseudomonadota; Gammaproteobacteria; Moraxellales; Moraxellaceae; Acinetobacter,0,1_113_CdnA#0,core,0.7857,0,0,0,0,[alpha] > other
NZ_LFZS01000006.1:26444-27500:-1,WP_077169182.1,AC058_RS09540,,aromatic ring-hydroxylating dioxygenase subunit alpha,1_113_CdnA,1,150.0,0.8933,6.8e-44,NZ_LFZS01000006.1,26444,27500,-1,Acinetobacter genomosp. 33YU,Bacteria; Pseudomonadati; Pseudomonadota; Gammaproteobacteria; Moraxellales; Moraxellaceae; Acinetobacter,0,1_113_CdnA#0,core,0.9397,0,0,0,0,[alpha] > other
NZ_LGHK01000021.1:51291-52311:-1,WP_074125739.1,AC628_RS05610,,aromatic ring-hydroxylating dioxygenase subunit alpha,1_113_CdnA,1,137.6,0.9129,4e-40,NZ_LGHK01000021.1,51291,52311,-1,Bradyrhizobium sp. NAS96.2,Bacteria; Pseudomonadati; Pseudomonadota; Alphaproteobacteria; Hyphomicrobiales; Nitrobacteraceae; Bradyrhizobium,0,1_113_CdnA#15,novel_candidate,0.2601,0,0,0,0,transporter > transporter > [alpha] > reductase > transporter > other
NZ_LHZB01000116.1:20899-21937:1,WP_062496891.1,AD929_RS10350,,Rieske 2Fe-2S domain-containing protein,1_113_CdnA,1,165.7,0.8904,1.1e-48,NZ_LHZB01000116.1,20899,21937,1,Gluconobacter potus,Bacteria; Pseudomonadati; Pseudomonadota; Alphaproteobacteria; Acetobacterales; Acetobacteraceae; Gluconobacter,0,1_113_CdnA#6,core,0.8419,0,0,0,0,[alpha]
NZ_LHZW01000046.1:19923-20961:1,WP_062455263.1,AD950_RS03135,,Rieske 2Fe-2S domain-containing protein,1_113_CdnA,1,162.9,0.8904,8.2e-48,NZ_LHZW01000046.1,19923,20961,1,Gluconobacter oxydans,Bacteria; Pseudomonadati; Pseudomonadota; Alphaproteobacteria; Acetobacterales; Acetobacteraceae; Gluconobacter,0,1_113_CdnA#6,core,0.8323,0,0,0,0,[alpha]
NZ_LHZY01000052.1:15168-16218:1,WP_062143895.1,AD952_RS11895,,aromatic ring-hydroxylating dioxygenase subunit alpha,1_113_CdnA,1,160.8,0.8876,3.5e-47,NZ_LHZY01000052.1,15168,16218,1,Acetobacter cerevisiae,Bacteria; Pseudomonadati; Pseudomonadota; Alphaproteobacteria; Acetobacterales; Acetobacteraceae; Acetobacter,0,1_113_CdnA#6,core,0.7484,0,0,0,0,[alpha]
NZ_LIAA01000068.1:5420-6470:-1,WP_062274601.1,AD954_RS13765,,aromatic ring-hydroxylating dioxygenase subunit alpha,1_113_CdnA,1,158.4,0.8904,1.9e-46,NZ_LIAA01000068.1,5420,6470,-1,Acetobacter cerevisiae,Bacteria; Pseudomonadati; Pseudomonadota; Alphaproteobacteria; Acetobacterales; Acetobacteraceae; Acetobacter,0,1_113_CdnA#6,core,0.7469,0,0,0,0,[alpha]
NZ_LIPV01000001.1:264387-265464:1,WP_055449215.1,ASC45_RS01290,,aromatic ring-hydroxylating dioxygenase subunit alpha,1_113_CdnA,1,149.1,0.9213,1.3e-43,NZ_LIPV01000001.1,264387,265464,1,Thiomonas bhubaneswarensis,Bacteria; Pseudomonadati; Pseudomonadota; Betaproteobacteria; Burkholderiales; Thiomonas,0,1_113_CdnA#14,novel_candidate,0.2508,0,0,0,0,[alpha] > transporter > hydrolase > reductase
NZ_LIRB01000122.1:47684-48731:-1,WP_060860395.1,AMQ84_RS10935,,aromatic ring-hydroxylating dioxygenase subunit alpha,1_113_CdnA,1,174.4,0.8933,2.5e-51,NZ_LIRB01000122.1,47684,48731,-1,Paenibacillus riograndensis,Bacteria; Bacillati; Bacillota; Bacilli; Bacillales; Paenibacillaceae; Paenibacillus; Paenibacillus sonchi group,0,1_113_CdnA#8,divergent,0.4919,0,0,0,0,[alpha]
NZ_LITU01000053.1:162481-163528:-1,WP_053780788.1,AMS66_RS10755,,aromatic ring-hydroxylating dioxygenase subunit alpha,1_113_CdnA,1,175.6,0.8933,1.1e-51,NZ_LITU01000053.1,162481,163528,-1,Paenibacillus xylanivorans,Bacteria; Bacillati; Bacillota; Bacilli; Bacillales; Paenibacillaceae; Paenibacillus,0,1_113_CdnA#8,divergent,0.479,0,0,0,0,[alpha]
NZ_LJHO01000002.1:519165-520212:1,WP_054131261.1,IP65_RS06270,,aromatic ring-hydroxylating dioxygenase subunit alpha,1_113_CdnA,1,169.7,0.8876,6.8e-50,NZ_LJHO01000002.1,519165,520212,1,Novosphingobium sp. AAP1,Bacteria; Pseudomonadati; Pseudomonadota; Alphaproteobacteria; Sphingomonadales; Sphingomonadaceae; Novosphingobium,0,1_113_CdnA#64,core,0.5938,0,0,0,0,transporter > other > other > transporter > other > transporter > [alpha]
NZ_LKKP01000171.1:37379-38432:1,WP_017157637.1,AO826_RS16805,,aromatic ring-hydroxylating dioxygenase subunit alpha,1_113_CdnA,1,166.2,0.8792,8.2e-49,NZ_LKKP01000171.1,37379,38432,1,Xanthomonas phaseoli pv. manihotis,Bacteria; Pseudomonadati; Pseudomonadota; Gammaproteobacteria; Lysobacterales; Lysobacteraceae; Xanthomonas,0,1_113_CdnA#3,core,0.9682,0,0,0,0,[alpha] > reductase
NZ_LLWQ01000124.1:3291-4371:1,WP_036759099.1,AQY21_RS08060,,aromatic ring-hydroxylating dioxygenase subunit alpha,1_113_CdnA,1,716.5,0.9972,4.2e-216,NZ_LLWQ01000124.1,3291,4371,1,Paracoccus sp. MKU1,Bacteria; Pseudomonadati; Pseudomonadota; Alphaproteobacteria; Rhodobacterales; Paracoccaceae; Paracoccus,0,1_113_CdnA#30,novel_candidate,0.2804,0,0,0,0,[alpha] > hypothetical > hypothetical > other
NZ_LLWQ01000199.1:14303-15350:1,WP_058099114.1,AQY21_RS18685,,aromatic ring-hydroxylating dioxygenase subunit alpha,1_113_CdnA,1,221.0,0.8848,1.7e-65,NZ_LLWQ01000199.1,14303,15350,1,Paracoccus sp. MKU1,Bacteria; Pseudomonadati; Pseudomonadota; Alphaproteobacteria; Rhodobacterales; Paracoccaceae; Paracoccus,0,1_113_CdnA#11,novel_candidate,0.3101,1,0,0,1,reductase > reductase > [alpha] > hydrolase
NZ_LLXY01000208.1:13317-14379:-1,WP_057854254.1,CQ10_RS35445,,aromatic ring-hydroxylating dioxygenase subunit alpha,1_113_CdnA,1,147.2,0.9101,4.7e-43,NZ_LLXY01000208.1,13317,14379,-1,Bradyrhizobium valentinum,Bacteria; Pseudomonadati; Pseudomonadota; Alphaproteobacteria; Hyphomicrobiales; Nitrobacteraceae; Bradyrhizobium,0,1_113_CdnA#15,novel_candidate,0.2654,0,0,0,0,transporter > transporter > transporter > hydrolase > [alpha]
NZ_LMCL01000010.1:6101-7148:1,WP_055973646.1,ASC75_RS09430,,aromatic ring-hydroxylating dioxygenase subunit alpha,1_113_CdnA,1,231.7,0.8848,9.7e-69,NZ_LMCL01000010.1,6101,7148,1,Aminobacter sp. DSM 101952,Bacteria; Pseudomonadati; Pseudomonadota; Alphaproteobacteria; Hyphomicrobiales; Phyllobacteriaceae; Aminobacter,0,1_113_CdnA#11,novel_candidate,0.3137,1,0,0,1,reductase > reductase > [alpha] > hydrolase > other > hydrolase
NZ_LMHM01000018.1:437651-438662:-1,WP_082578700.1,ASD86_RS25065,,Rieske 2Fe-2S domain-containing protein,1_113_CdnA,1,97.4,0.5028,6.5e-28,NZ_LMHM01000018.1,437651,438662,-1,Lysobacter sp. Root690,Bacteria; Pseudomonadati; Pseudomonadota; Gammaproteobacteria; Lysobacterales; Lysobacteraceae; Lysobacter,0,1_113_CdnA#26,novel_candidate,0.2446,0,0,0,0,hypothetical > other > [alpha]
NZ_LMLH01000023.1:139363-140479:1,WP_082457550.1,ASE98_RS25895,,aromatic ring-hydroxylating dioxygenase subunit alpha,1_113_CdnA,1,131.6,0.8287,2.7e-38,NZ_LMLH01000023.1,139363,140479,1,Pseudomonas sp. Leaf48,Bacteria; Pseudomonadati; Pseudomonadota; Gammaproteobacteria; Pseudomonadales; Pseudomonadaceae; Pseudomonas,0,1_113_CdnA#9,novel_candidate,0.2696,0,0,0,0,other > [alpha]
NZ_LMLK01000022.1:76814-77846:1,WP_056237347.1,ASF13_RS14185,hpxD,molybdenum cofactor-independent xanthine hydroxylase subunit HpxD,1_113_CdnA,1,160.1,0.8764,5.5e-47,NZ_LMLK01000022.1,76814,77846,1,Erwinia sp. Leaf53,Bacteria; Pseudomonadati; Pseudomonadota; Gammaproteobacteria; Enterobacterales; Erwiniaceae; Erwinia,0,1_113_CdnA#2,core,0.8052,0,0,0,0,[alpha] > reductase
NZ_LMOP01000012.1:316532-317585:1,WP_055853528.1,ASF90_RS18485,,aromatic ring-hydroxylating dioxygenase subunit alpha,1_113_CdnA,1,167.9,0.8792,2.4e-49,NZ_LMOP01000012.1,316532,317585,1,Xanthomonas sp. Leaf148,Bacteria; Pseudomonadati; Pseudomonadota; Gammaproteobacteria; Lysobacterales; Lysobacteraceae; Xanthomonas,0,1_113_CdnA#3,core,0.9754,0,0,0,0,[alpha] > reductase
NZ_LMPF01000026.1:152692-153733:1,WP_056366530.1,ASG35_RS29840,,aromatic ring-hydroxylating dioxygenase subunit alpha,1_113_CdnA,1,134.5,0.9298,3.4e-39,NZ_LMPF01000026.1,152692,153733,1,Burkholderia sp. Leaf177,Bacteria; Pseudomonadati; Pseudomonadota; Betaproteobacteria; Burkholderiales; Burkholderiaceae; Burkholderia,0,1_113_CdnA#7,novel_candidate,0.2562,0,0,0,0,transporter > [alpha] > transporter > transporter > hydrolase
NZ_LMQP01000001.1:522246-523221:1,WP_055979567.1,ASG29_RS16950,,Rieske 2Fe-2S domain-containing protein,1_113_CdnA,1,66.4,0.5,1.8e-18,NZ_LMQP01000001.1,522246,523221,1,Sphingomonas sp. Leaf412,Bacteria; Pseudomonadati; Pseudomonadota; Alphaproteobacteria; Sphingomonadales; Sphingomonadaceae; Sphingomonas,0,1_113_CdnA#47,novel_candidate,0.3559,0,0,0,0,other > reductase > reductase > hydrolase > hypothetical > other > [alpha]
NZ_LMTZ01000088.1:130488-131511:1,WP_027843545.1,BC008_RS16605,,aromatic ring-hydroxylating dioxygenase subunit alpha,1_113_CdnA,1,86.2,0.4719,1.6e-24,NZ_LMTZ01000088.1,130488,131511,1,Mastigocoleus testarum BC008,Bacteria; Bacillati; Cyanobacteriota; Cyanophyceae; Nostocales; Hapalosiphonaceae; Mastigocoleus,0,1_113_CdnA#13,novel_candidate,0.2165,1,0,1,0,alpha_other > ferredoxin > [alpha]
NZ_LMVQ01000057.1:22594-23587:-1,WP_067953765.1,ASJ79_RS05690,,aromatic ring-hydroxylating dioxygenase subunit alpha,1_113_CdnA,1,178.8,0.8848,1.2e-52,NZ_LMVQ01000057.1,22594,23587,-1,Mycobacterium sp. NAZ190054,Bacteria; Bacillati; Actinomycetota; Actinomycetes; Mycobacteriales; Mycobacteriaceae; Mycobacterium,0,1_113_CdnA#28,novel_candidate,0.3029,1,0,1,0,[alpha] > regulator > hydrolase > dehydrogenase > dehydrogenase > ferredoxin > dehydrogenase > other > other > ring_cleavage
NZ_LN831674.1:33043-34105:1,WP_013107438.1,THICB1_RS16975,,aromatic ring-hydroxylating dioxygenase subunit alpha,1_113_CdnA,1,139.1,0.9326,1.4e-40,NZ_LN831674.1,33043,34105,1,Thiomonas arsenitoxydans,Bacteria; Pseudomonadati; Pseudomonadota; Betaproteobacteria; Burkholderiales; Thiomonas,0,1_113_CdnA#14,novel_candidate,0.2438,0,0,0,0,[alpha] > transporter > hydrolase > reductase
NZ_LNHM01000028.1:296539-297574:-1,WP_060572744.1,APT89_RS14230,hpxD,molybdenum cofactor-independent xanthine hydroxylase subunit HpxD,1_113_CdnA,1,153.8,0.8764,4.8e-45,NZ_LNHM01000028.1,296539,297574,-1,Enterobacter sp. 50588862,Bacteria; Pseudomonadati; Pseudomonadota; Gammaproteobacteria; Enterobacterales; Enterobacteriaceae; Enterobacter,0,1_113_CdnA#5,core,0.9209,0,0,0,0,reductase > [alpha] > reductase
NZ_LNNH01000032.1:19769-20822:-1,WP_061143226.1,AS888_RS16380,,Rieske 2Fe-2S domain-containing protein,1_113_CdnA,1,169.6,0.8989,7.1e-50,NZ_LNNH01000032.1,19769,20822,-1,Peribacillus simplex,Bacteria; Bacillati; Bacillota; Bacilli; Bacillales; Bacillaceae; Peribacillus,0,1_113_CdnA#0,divergent,0.4919,0,0,0,0,[alpha]
NZ_LOJW01000005.1:118457-119510:1,WP_005933790.1,Xmlh_RS01940,,aromatic ring-hydroxylating dioxygenase subunit alpha,1_113_CdnA,1,165.7,0.8764,1.1e-48,NZ_LOJW01000005.1,118457,119510,1,Xanthomonas axonopodis pv. melhusii,Bacteria; Pseudomonadati; Pseudomonadota; Gammaproteobacteria; Lysobacterales; Lysobacteraceae; Xanthomonas,0,1_113_CdnA#3,core,0.9895,0,0,0,0,[alpha] > reductase
NZ_LOKM01000161.1:3682-4735:1,WP_003489424.1,Xmlv_RS13415,,aromatic ring-hydroxylating dioxygenase subunit alpha,1_113_CdnA,1,165.7,0.8764,1.1e-48,NZ_LOKM01000161.1,3682,4735,1,Xanthomonas citri pv. malvacearum,Bacteria; Pseudomonadati; Pseudomonadota; Gammaproteobacteria; Lysobacterales; Lysobacteraceae; Xanthomonas,0,1_113_CdnA#3,core,0.986,0,0,0,0,[alpha] > reductase
NZ_LPQP01000001.1:144444-145479:1,WP_021240835.1,ASU70_RS00775,hpxD,molybdenum cofactor-independent xanthine hydroxylase subunit HpxD,1_113_CdnA,1,153.7,0.8764,5.2e-45,NZ_LPQP01000001.1,144444,145479,1,Enterobacter roggenkampii,Bacteria; Pseudomonadati; Pseudomonadota; Gammaproteobacteria; Enterobacterales; Enterobacteriaceae; Enterobacter; Enterobacter cloacae complex,0,1_113_CdnA#4,core,0.9143,0,0,0,0,reductase > [alpha] > reductase
NZ_LRAC01000120.1:259829-260876:1,WP_068724415.1,AWJ19_RS13465,,aromatic ring-hydroxylating dioxygenase subunit alpha,1_113_CdnA,1,178.0,0.8904,2e-52,NZ_LRAC01000120.1,259829,260876,1,Paenibacillus sp. DMB5,Bacteria; Bacillati; Bacillota; Bacilli; Bacillales; Paenibacillaceae; Paenibacillus,0,1_113_CdnA#8,divergent,0.484,0,0,0,0,[alpha]
NZ_LRJH01000033.1:262223-263258:1,WP_013097237.1,AWS33_RS17565,hpxD,molybdenum cofactor-independent xanthine hydroxylase subunit HpxD,1_113_CdnA,1,151.4,0.8764,2.5e-44,NZ_LRJH01000033.1,262223,263258,1,Enterobacter cloacae subsp. cloacae,Bacteria; Pseudomonadati; Pseudomonadota; Gammaproteobacteria; Enterobacterales; Enterobacteriaceae; Enterobacter; Enterobacter cloacae complex,0,1_113_CdnA#4,core,0.9241,0,0,0,0,reductase > [alpha] > reductase
NZ_LRCR01000012.1:216041-217076:1,WP_059311106.1,AWI28_RS08825,hpxD,molybdenum cofactor-independent xanthine hydroxylase subunit HpxD,1_113_CdnA,1,151.7,0.8764,2e-44,NZ_LRCR01000012.1,216041,217076,1,Enterobacter genomosp. O,Bacteria; Pseudomonadati; Pseudomonadota; Gammaproteobacteria; Enterobacterales; Enterobacteriaceae; Enterobacter; Enterobacter cloacae complex; Enterobacter cloacae complex clade O,0,1_113_CdnA#5,core,0.9206,0,0,0,0,reductase > [alpha] > reductase
NZ_LSUZ01000169.1:63219-64245:-1,WP_064492005.1,AYO08_RS15600,,aromatic ring-hydroxylating dioxygenase subunit alpha,1_113_CdnA,1,140.3,0.9073,5.9e-41,NZ_LSUZ01000169.1,63219,64245,-1,Pseudomonas putida,Bacteria; Pseudomonadati; Pseudomonadota; Gammaproteobacteria; Pseudomonadales; Pseudomonadaceae; Pseudomonas,0,1_113_CdnA#7,novel_candidate,0.2637,0,0,0,0,transporter > [alpha] > transporter > transporter > hydrolase > reductase
NZ_LSVC01000007.1:50924-51980:-1,WP_061392288.1,AYK86_RS05340,,aromatic ring-hydroxylating dioxygenase subunit alpha,1_113_CdnA,1,138.0,0.8904,3e-40,NZ_LSVC01000007.1,50924,51980,-1,Acinetobacter venetianus,Bacteria; Pseudomonadati; Pseudomonadota; Gammaproteobacteria; Moraxellales; Moraxellaceae; Acinetobacter,0,1_113_CdnA#0,core,0.7538,0,0,0,0,[alpha]
NZ_LSVC01000023.1:98422-99475:-1,WP_061392834.1,AYK86_RS09820,,aromatic ring-hydroxylating dioxygenase subunit alpha,1_113_CdnA,1,157.7,0.882,3e-46,NZ_LSVC01000023.1,98422,99475,-1,Acinetobacter venetianus,Bacteria; Pseudomonadati; Pseudomonadota; Gammaproteobacteria; Moraxellales; Moraxellaceae; Acinetobacter,0,1_113_CdnA#1,core,0.8803,0,0,0,0,[alpha]
NZ_LSZJ01000015.1:180120-181179:-1,WP_064096805.1,AY605_RS13045,,aromatic ring-hydroxylating dioxygenase subunit alpha,1_113_CdnA,1,149.5,0.8876,9.8e-44,NZ_LSZJ01000015.1,180120,181179,-1,Acinetobacter sp. SFD,Bacteria; Pseudomonadati; Pseudomonadota; Gammaproteobacteria; Moraxellales; Moraxellaceae; Acinetobacter,0,1_113_CdnA#1,core,0.8356,0,0,0,0,[alpha]
NZ_LSZJ01000015.1:189863-190919:1,WP_064096814.1,AY605_RS13095,,aromatic ring-hydroxylating dioxygenase subunit alpha,1_113_CdnA,1,148.0,0.8904,2.8e-43,NZ_LSZJ01000015.1,189863,190919,1,Acinetobacter sp. SFD,Bacteria; Pseudomonadati; Pseudomonadota; Gammaproteobacteria; Moraxellales; Moraxellaceae; Acinetobacter,0,1_113_CdnA#0,core,0.817,0,0,0,0,[alpha]
NZ_LUAW01000013.1:207054-208110:-1,WP_067667348.1,AZH43_RS05310,,aromatic ring-hydroxylating dioxygenase subunit alpha,1_113_CdnA,1,147.8,0.882,3.2e-43,NZ_LUAW01000013.1,207054,208110,-1,Acinetobacter pragensis,Bacteria; Pseudomonadati; Pseudomonadota; Gammaproteobacteria; Moraxellales; Moraxellaceae; Acinetobacter,0,1_113_CdnA#0,core,0.7634,0,0,0,0,[alpha] > other
NZ_LUAW01000020.1:134711-135761:-1,WP_067668909.1,AZH43_RS09115,,Rieske 2Fe-2S domain-containing protein,1_113_CdnA,1,151.3,0.8848,2.7e-44,NZ_LUAW01000020.1,134711,135761,-1,Acinetobacter pragensis,Bacteria; Pseudomonadati; Pseudomonadota; Gammaproteobacteria; Moraxellales; Moraxellaceae; Acinetobacter,0,1_113_CdnA#1,core,0.8042,0,0,0,0,transporter > hypothetical > hypothetical > hypothetical > [alpha]
NZ_LUUM01000252.1:13239-14190:1,WP_064033135.1,A1351_RS12405,,aromatic ring-hydroxylating dioxygenase subunit alpha,1_113_CdnA,1,84.8,0.6348,4.5e-24,NZ_LUUM01000252.1,13239,14190,1,Methylosinus sp. R-45379,Bacteria; Pseudomonadati; Pseudomonadota; Alphaproteobacteria; Hyphomicrobiales; Methylocystaceae; Methylosinus,0,1_113_CdnA#46,novel_candidate,0.2724,0,0,0,0,other > [alpha]
NZ_LVHD01000082.1:2446-3496:1,WP_063908883.1,Amal_RS16095,,aromatic ring-hydroxylating dioxygenase subunit alpha,1_113_CdnA,1,163.6,0.8848,5e-48,NZ_LVHD01000082.1,2446,3496,1,Acetobacter malorum,Bacteria; Pseudomonadati; Pseudomonadota; Alphaproteobacteria; Acetobacterales; Acetobacteraceae; Acetobacter,0,1_113_CdnA#22,core,0.727,0,0,0,0,[alpha]
NZ_LVWH01000228.1:2223-3270:-1,WP_074103685.1,A3842_RS29515,,aromatic ring-hydroxylating dioxygenase subunit alpha,1_113_CdnA,1,178.9,0.8933,1.1e-52,NZ_LVWH01000228.1,2223,3270,-1,Paenibacillus sp. P3E,Bacteria; Bacillati; Bacillota; Bacilli; Bacillales; Paenibacillaceae; Paenibacillus,0,1_113_CdnA#8,divergent,0.4844,0,0,0,0,[alpha]
NZ_LVYZ01000099.1:137618-138665:1,WP_074114833.1,A3849_RS30600,,aromatic ring-hydroxylating dioxygenase subunit alpha,1_113_CdnA,1,177.7,0.8933,2.5e-52,NZ_LVYZ01000099.1,137618,138665,1,Paenibacillus sp. P46E,Bacteria; Bacillati; Bacillota; Bacilli; Bacillales; Paenibacillaceae; Paenibacillus,0,1_113_CdnA#8,divergent,0.4984,0,0,0,0,[alpha]
NZ_LWSW01000001.1:25323-26337:1,WP_074375367.1,A6R72_RS00125,,Rieske 2Fe-2S domain-containing protein,1_113_CdnA,1,86.5,0.4635,1.4e-24,NZ_LWSW01000001.1,25323,26337,1,Xanthomonas translucens pv. graminis,Bacteria; Pseudomonadati; Pseudomonadota; Gammaproteobacteria; Lysobacterales; Lysobacteraceae; Xanthomonas,0,1_113_CdnA#26,novel_candidate,0.2828,0,0,0,0,other > [alpha]
NZ_LXGI01000095.1:95277-96312:1,WP_065062931.1,A6456_RS27290,,aromatic ring-hydroxylating dioxygenase subunit alpha,1_113_CdnA,1,130.9,0.9045,4.3e-38,NZ_LXGI01000095.1,95277,96312,1,Paraburkholderia tropica,Bacteria; Pseudomonadati; Pseudomonadota; Betaproteobacteria; Burkholderiales; Burkholderiaceae; Paraburkholderia,0,1_113_CdnA#7,novel_candidate,0.2707,0,0,0,0,transporter > [alpha] > transporter > transporter > hydrolase
NZ_LXGI01000105.1:102754-103918:1,WP_065063942.1,A6456_RS30020,,aromatic ring-hydroxylating dioxygenase subunit alpha,1_113_CdnA,1,130.0,0.8792,8e-38,NZ_LXGI01000105.1,102754,103918,1,Paraburkholderia tropica,Bacteria; Pseudomonadati; Pseudomonadota; Betaproteobacteria; Burkholderiales; Burkholderiaceae; Paraburkholderia,0,1_113_CdnA#9,novel_candidate,0.2839,0,0,0,0,[alpha]
NZ_LXNG01000026.1:43258-44311:1,WP_064509939.1,A7D17_RS15665,,aromatic ring-hydroxylating dioxygenase subunit alpha,1_113_CdnA,1,166.8,0.8764,5.3e-49,NZ_LXNG01000026.1,43258,44311,1,Xanthomonas floridensis,Bacteria; Pseudomonadati; Pseudomonadota; Gammaproteobacteria; Lysobacterales; Lysobacteraceae; Xanthomonas,0,1_113_CdnA#3,core,0.9719,0,0,0,0,[alpha] > reductase
NZ_LYPA01000043.1:164550-165540:1,WP_068681298.1,A7K91_RS07615,,aromatic ring-hydroxylating dioxygenase subunit alpha,1_113_CdnA,1,170.2,0.8764,4.8e-50,NZ_LYPA01000043.1,164550,165540,1,Paenibacillus oryzae,Bacteria; Bacillati; Bacillota; Bacilli; Bacillales; Paenibacillaceae; Paenibacillus,0,1_113_CdnA#45,novel_candidate,0.3486,1,0,1,0,other > transporter > transporter > transporter > reductase > dehydrogenase > ferredoxin > transporter > [alpha] > hydrolase > regulator
NZ_LYUD01000105.1:35223-36279:1,WP_035365767.1,SRCM100623_RS09865,,aromatic ring-hydroxylating dioxygenase subunit alpha,1_113_CdnA,1,169.5,0.8876,8.2e-50,NZ_LYUD01000105.1,35223,36279,1,Acetobacter pasteurianus,Bacteria; Pseudomonadati; Pseudomonadota; Alphaproteobacteria; Acetobacterales; Acetobacteraceae; Acetobacter,0,1_113_CdnA#6,core,0.854,0,0,0,0,[alpha]
NZ_LZFP01000005.1:11665-12667:1,WP_068483233.1,A9200_RS05475,,aromatic ring-hydroxylating dioxygenase subunit alpha,1_113_CdnA,1,201.2,0.8736,1.8e-59,NZ_LZFP01000005.1,11665,12667,1,Maribacter hydrothermalis,Bacteria; Pseudomonadati; Bacteroidota; Flavobacteriia; Flavobacteriales; Flavobacteriaceae; Maribacter,0,1_113_CdnA#44,novel_candidate,0.3004,0,0,0,0,[alpha] > other > other
NZ_MAIS01000020.1:42351-43329:-1,WP_065291479.1,BBG47_RS09095,,aromatic ring-hydroxylating dioxygenase subunit alpha,1_113_CdnA,1,170.9,0.8343,3e-50,NZ_MAIS01000020.1,42351,43329,-1,Paenibacillus sp. KS1,Bacteria; Bacillati; Bacillota; Bacilli; Bacillales; Paenibacillaceae; Paenibacillus,0,1_113_CdnA#10,novel_candidate,0.3352,0,0,0,0,[alpha]
NZ_MBLN01000054.1:207737-208820:1,WP_007510600.1,BCD49_RS18925,,aromatic ring-hydroxylating dioxygenase subunit alpha,1_113_CdnA,1,149.9,0.8848,7.3e-44,NZ_MBLN01000054.1,207737,208820,1,Pseudofrankia sp. EUN1h,Bacteria; Bacillati; Actinomycetota; Actinomycetes; Frankiales; Frankiaceae; Pseudofrankia,0,1_113_CdnA#40,core,0.5724,0,0,0,0,[alpha] > other
NZ_MBLN01000079.1:22308-23397:1,WP_007511982.1,BCD49_RS32100,,aromatic ring-hydroxylating dioxygenase subunit alpha,1_113_CdnA,1,110.6,0.8736,6.4e-32,NZ_MBLN01000079.1,22308,23397,1,Pseudofrankia sp. EUN1h,Bacteria; Bacillati; Actinomycetota; Actinomycetes; Frankiales; Frankiaceae; Pseudofrankia,0,1_113_CdnA#43,novel_candidate,0.3268,0,0,0,0,[alpha]
NZ_MBLN01000066.1:61260-62343:1,WP_051467489.1,BCD49_RS25750,,aromatic ring-hydroxylating dioxygenase subunit alpha,1_113_CdnA,1,139.5,0.8848,1e-40,NZ_MBLN01000066.1,61260,62343,1,Pseudofrankia sp. EUN1h,Bacteria; Bacillati; Actinomycetota; Actinomycetes; Frankiales; Frankiaceae; Pseudofrankia,0,1_113_CdnA#42,novel_candidate,0.2787,0,0,0,0,[alpha]
NZ_MBTX01000024.1:44475-45510:-1,WP_047747667.1,BBX43_RS03250,hpxD,molybdenum cofactor-independent xanthine hydroxylase subunit HpxD,1_113_CdnA,1,154.2,0.8764,3.5e-45,NZ_MBTX01000024.1,44475,45510,-1,Enterobacter roggenkampii,Bacteria; Pseudomonadati; Pseudomonadota; Gammaproteobacteria; Enterobacterales; Enterobacteriaceae; Enterobacter; Enterobacter cloacae complex,0,1_113_CdnA#5,core,0.901,0,0,0,0,reductase > [alpha] > reductase
NZ_MDCE01000029.1:33045-34098:-1,WP_065469771.1,XbrCFBP1976_RS17250,,aromatic ring-hydroxylating dioxygenase subunit alpha,1_113_CdnA,1,163.8,0.8792,4.2e-48,NZ_MDCE01000029.1,33045,34098,-1,Xanthomonas bromi,Bacteria; Pseudomonadati; Pseudomonadota; Gammaproteobacteria; Lysobacterales; Lysobacteraceae; Xanthomonas,0,1_113_CdnA#3,core,0.9647,0,0,0,0,[alpha] > reductase
NZ_MDEI01000007.1:49094-50147:1,WP_046962927.1,XpiCFBP4643_RS09990,,aromatic ring-hydroxylating dioxygenase subunit alpha,1_113_CdnA,1,167.6,0.8792,3e-49,NZ_MDEI01000007.1,49094,50147,1,Xanthomonas pisi,Bacteria; Pseudomonadati; Pseudomonadota; Gammaproteobacteria; Lysobacterales; Lysobacteraceae; Xanthomonas,0,1_113_CdnA#3,core,0.9719,0,0,0,0,[alpha] > reductase
NZ_MDHS01000066.1:22108-23164:1,WP_068615238.1,BFR75_RS17955,,aromatic ring-hydroxylating dioxygenase subunit alpha,1_113_CdnA,1,149.7,0.8933,8.2e-44,NZ_MDHS01000066.1,22108,23164,1,Acinetobacter pittii,Bacteria; Pseudomonadati; Pseudomonadota; Gammaproteobacteria; Moraxellales; Moraxellaceae; Acinetobacter; Acinetobacter calcoaceticus/baumannii complex,0,1_113_CdnA#0,core,0.9091,0,0,0,0,[alpha] > other
NZ_MDIK02000002.1:76544-77600:1,WP_004992287.1,BFR92_RS19775,,aromatic ring-hydroxylating dioxygenase subunit alpha,1_113_CdnA,1,150.1,0.8904,6.2e-44,NZ_MDIK02000002.1,76544,77600,1,Acinetobacter pittii,Bacteria; Pseudomonadati; Pseudomonadota; Gammaproteobacteria; Moraxellales; Moraxellaceae; Acinetobacter; Acinetobacter calcoaceticus/baumannii complex,0,1_113_CdnA#0,core,0.7609,0,0,0,0,[alpha]
NZ_MDJT01000130.1:35992-37045:1,WP_011050237.1,BFQ41_RS08755,,aromatic ring-hydroxylating dioxygenase subunit alpha,1_113_CdnA,1,161.8,0.8764,1.7e-47,NZ_MDJT01000130.1,35992,37045,1,Xanthomonas citri pv. citri,Bacteria; Pseudomonadati; Pseudomonadota; Gammaproteobacteria; Lysobacterales; Lysobacteraceae; Xanthomonas,0,1_113_CdnA#3,core,0.9825,0,0,0,0,[alpha] > reductase
NZ_MDSJ01000010.1:33402-34455:1,WP_039814014.1,XacyCFBP2565_RS13855,,aromatic ring-hydroxylating dioxygenase subunit alpha,1_113_CdnA,1,166.5,0.882,6.3e-49,NZ_MDSJ01000010.1,33402,34455,1,Xanthomonas arboricola pv. corylina,Bacteria; Pseudomonadati; Pseudomonadota; Gammaproteobacteria; Lysobacterales; Lysobacteraceae; Xanthomonas,0,1_113_CdnA#3,core,0.9758,0,0,0,0,[alpha] > reductase
NZ_MDSN01000001.1:668154-669207:1,WP_104579392.1,XspCFBP7912_RS02815,,aromatic ring-hydroxylating dioxygenase subunit alpha,1_113_CdnA,1,165.3,0.8792,1.5e-48,NZ_MDSN01000001.1,668154,669207,1,Xanthomonas sp. CFBP 7912,Bacteria; Pseudomonadati; Pseudomonadota; Gammaproteobacteria; Lysobacterales; Lysobacteraceae; Xanthomonas,0,1_113_CdnA#63,core,0.9404,0,0,0,0,[alpha] > reductase
NZ_MIGY01000004.1:49575-50628:1,WP_039814014.1,XarjCFBP7645_RS20035,,aromatic ring-hydroxylating dioxygenase subunit alpha,1_113_CdnA,1,166.5,0.882,6.3e-49,NZ_MIGY01000004.1,49575,50628,1,Xanthomonas arboricola,Bacteria; Pseudomonadati; Pseudomonadota; Gammaproteobacteria; Lysobacterales; Lysobacteraceae; Xanthomonas,0,1_113_CdnA#3,core,0.9758,0,0,0,0,[alpha] > reductase
NZ_MJGC01000091.1:22067-23096:1,WP_069969063.1,BH720_RS20390,,aromatic ring-hydroxylating dioxygenase subunit alpha,1_113_CdnA,1,148.7,0.9101,1.6e-43,NZ_MJGC01000091.1,22067,23096,1,Desertifilum tharense IPPAS B-1220,Bacteria; Bacillati; Cyanobacteriota; Cyanophyceae; Desertifilales; Desertifilaceae; Desertifilum,0,1_113_CdnA#20,novel_candidate,0.2508,0,0,0,0,other > other > [alpha]
NZ_MJHA01000010.1:284341-285397:1,WP_000991558.1,BIT33_RS18520,,aromatic ring-hydroxylating dioxygenase subunit alpha,1_113_CdnA,1,155.4,0.8933,1.5e-45,NZ_MJHA01000010.1,284341,285397,1,Acinetobacter baumannii ATCC 19606 = CIP 70.34 = JCM 6841,Bacteria; Pseudomonadati; Pseudomonadota; Gammaproteobacteria; Moraxellales; Moraxellaceae; Acinetobacter; Acinetobacter calcoaceticus/baumannii complex,0,1_113_CdnA#0,core,0.9492,0,0,0,0,[alpha] > other
NZ_MKGK01000008.1:393207-394245:-1,WP_042624320.1,BKD20_RS31760,,aromatic ring-hydroxylating dioxygenase subunit alpha,1_113_CdnA,1,148.6,0.8904,1.8e-43,NZ_MKGK01000008.1,393207,394245,-1,Burkholderia plantarii,Bacteria; Pseudomonadati; Pseudomonadota; Betaproteobacteria; Burkholderiales; Burkholderiaceae; Burkholderia,0,1_113_CdnA#29,novel_candidate,0.3154,0,0,0,0,[alpha] > other
NZ_MKEP01000031.1:277312-278431:1,WP_069901705.1,AX279_RS19850,,aromatic ring-hydroxylating dioxygenase subunit alpha,1_113_CdnA,1,137.8,0.8146,3.4e-40,NZ_MKEP01000031.1,277312,278431,1,Pseudomonas sp. J237,Bacteria; Pseudomonadota; Gammaproteobacteria; Pseudomonadales; Pseudomonadaceae; Pseudomonas,0,1_113_CdnA#9,novel_candidate,0.2681,0,0,0,0,other > [alpha]
NZ_MODX01000006.1:52495-53548:-1,WP_071320288.1,BK820_RS04990,,Rieske 2Fe-2S domain-containing protein,1_113_CdnA,1,160.1,0.8904,5.6e-47,NZ_MODX01000006.1,52495,53548,-1,Acinetobacter sp. LCT-H3,Bacteria; Pseudomonadati; Pseudomonadota; Gammaproteobacteria; Moraxellales; Moraxellaceae; Acinetobacter,0,1_113_CdnA#1,core,0.8223,0,0,0,0,[alpha]
NZ_MODX01000006.1:54938-55994:1,WP_071320289.1,BK820_RS05000,,aromatic ring-hydroxylating dioxygenase subunit alpha,1_113_CdnA,1,153.3,0.8904,6.6e-45,NZ_MODX01000006.1,54938,55994,1,Acinetobacter sp. LCT-H3,Bacteria; Pseudomonadati; Pseudomonadota; Gammaproteobacteria; Moraxellales; Moraxellaceae; Acinetobacter,0,1_113_CdnA#0,core,0.7888,0,0,0,0,[alpha] > other
NZ_MOMC01000055.1:29214-30291:-1,WP_076820018.1,BL253_RS26405,,aromatic ring-hydroxylating dioxygenase subunit alpha,1_113_CdnA,1,163.6,0.8848,4.9e-48,NZ_MOMC01000055.1,29214,30291,-1,Pseudofrankia asymbiotica,Bacteria; Bacillati; Actinomycetota; Actinomycetes; Frankiales; Frankiaceae; Pseudofrankia,0,1_113_CdnA#40,core,0.5714,0,0,0,0,[alpha] > other
NZ_MPJD01000029.1:54202-55318:1,WP_073510176.1,BOH74_RS18035,,aromatic ring-hydroxylating dioxygenase subunit alpha,1_113_CdnA,1,126.7,0.8146,8.2e-37,NZ_MPJD01000029.1,54202,55318,1,Pseudomonas versuta,Bacteria; Pseudomonadati; Pseudomonadota; Gammaproteobacteria; Pseudomonadales; Pseudomonadaceae; Pseudomonas,0,1_113_CdnA#9,novel_candidate,0.2707,0,0,0,0,[alpha]
NZ_MPIN01000011.1:279094-280105:-1,WP_071902787.1,BON30_RS35335,,aromatic ring-hydroxylating dioxygenase subunit alpha,1_113_CdnA,1,111.1,0.691,4.5e-32,NZ_MPIN01000011.1,279094,280105,-1,Cystobacter ferrugineus,Bacteria; Pseudomonadati; Myxococcota; Myxococcia; Myxococcales; Cystobacterineae; Archangiaceae; Cystobacter,0,1_113_CdnA#25,novel_candidate,0.2627,0,0,0,0,[alpha]
NZ_MPYJ04000013.1:107935-108973:-1,WP_064385545.1,BL127_RS07545,hpxD,molybdenum cofactor-independent xanthine hydroxylase subunit HpxD,1_113_CdnA,1,147.0,0.8764,5.5e-43,NZ_MPYJ04000013.1,107935,108973,-1,Raoultella planticola,Bacteria; Pseudomonadati; Pseudomonadota; Gammaproteobacteria; Enterobacterales; Enterobacteriaceae; Klebsiella/Raoultella group; Raoultella,0,1_113_CdnA#4,core,0.8603,0,0,0,0,[alpha] > reductase
NZ_MPOI01000002.1:486655-487666:-1,WP_073559868.1,BO221_RS08405,,aromatic ring-hydroxylating dioxygenase subunit alpha,1_113_CdnA,1,120.4,0.6966,6.7e-35,NZ_MPOI01000002.1,486655,487666,-1,Archangium sp. Cb G35,Bacteria; Pseudomonadati; Myxococcota; Myxococcia; Myxococcales; Cystobacterineae; Archangiaceae; Archangium,0,1_113_CdnA#25,novel_candidate,0.2701,0,0,0,0,[alpha] > hypothetical
NZ_MRCE01000010.1:57063-58086:-1,WP_073593659.1,NIES2119_RS11775,,aromatic ring-hydroxylating dioxygenase subunit alpha,1_113_CdnA,1,94.0,0.4551,7.2e-27,NZ_MRCE01000010.1,57063,58086,-1,Phormidium ambiguum IAM M-71,Bacteria; Bacillati; Cyanobacteriota; Cyanophyceae; Oscillatoriophycideae; Oscillatoriales; Oscillatoriaceae; Phormidium,0,1_113_CdnA#13,novel_candidate,0.2392,0,0,0,0,[alpha] > other
NZ_MRTD01000001.1:182170-183220:-1,WP_076265564.1,BK120_RS00730,,aromatic ring-hydroxylating dioxygenase subunit alpha,1_113_CdnA,1,181.3,0.8961,2e-53,NZ_MRTD01000001.1,182170,183220,-1,Paenibacillus sp. FSL A5-0031,Bacteria; Bacillati; Bacillota; Bacilli; Bacillales; Paenibacillaceae; Paenibacillus,0,1_113_CdnA#8,divergent,0.4685,0,0,0,0,[alpha]
NZ_MRTH01000019.1:90284-91337:-1,WP_076234279.1,BK127_RS25165,,aromatic ring-hydroxylating dioxygenase subunit alpha,1_113_CdnA,1,178.1,0.8904,2e-52,NZ_MRTH01000019.1,90284,91337,-1,Paenibacillus sp. FSL H7-0331,Bacteria; Bacillati; Bacillota; Bacilli; Bacillales; Paenibacillaceae; Paenibacillus,0,1_113_CdnA#8,divergent,0.4675,0,0,0,0,[alpha]
NZ_MSDZ01000005.1:6619-7654:-1,WP_074987182.1,BUM79_RS01655,,aromatic ring-hydroxylating dioxygenase subunit alpha,1_113_CdnA,1,130.3,0.9045,6.5e-38,NZ_MSDZ01000005.1,6619,7654,-1,Paraburkholderia tropica,Bacteria; Pseudomonadati; Pseudomonadota; Betaproteobacteria; Burkholderiales; Burkholderiaceae; Paraburkholderia,0,1_113_CdnA#7,novel_candidate,0.2707,0,0,0,0,transporter > [alpha] > transporter > transporter > hydrolase
NZ_NBTZ01000106.1:36278-37313:-1,WP_075358036.1,PAMC26577_RS25250,,aromatic ring-hydroxylating dioxygenase subunit alpha,1_113_CdnA,1,131.6,0.9242,2.5e-38,NZ_NBTZ01000106.1,36278,37313,-1,Caballeronia sordidicola,Bacteria; Pseudomonadati; Pseudomonadota; Betaproteobacteria; Burkholderiales; Burkholderiaceae; Caballeronia,0,1_113_CdnA#7,novel_candidate,0.264,0,0,0,0,transporter > [alpha] > transporter > transporter > hydrolase
NZ_NEGK01000003.1:289441-290491:1,WP_086212305.1,B9T34_RS06300,,Rieske 2Fe-2S domain-containing protein,1_113_CdnA,1,147.7,0.8736,3.3e-43,NZ_NEGK01000003.1,289441,290491,1,Acinetobacter sp. ANC 3813,Bacteria; Pseudomonadati; Pseudomonadota; Gammaproteobacteria; Moraxellales; Moraxellaceae; Acinetobacter,0,1_113_CdnA#1,core,0.8041,0,0,0,0,transporter > hypothetical > hypothetical > hypothetical > [alpha]
NZ_NKUC01000015.1:3708-4749:-1,WP_061274081.1,CFR75_RS08615,,aromatic ring-hydroxylating dioxygenase subunit alpha,1_113_CdnA,1,156.8,0.8848,5.8e-46,NZ_NKUC01000015.1,3708,4749,-1,Komagataeibacter xylinus,Bacteria; Pseudomonadati; Pseudomonadota; Alphaproteobacteria; Acetobacterales; Acetobacteraceae; Komagataeibacter,0,1_113_CdnA#6,core,0.8634,0,0,0,0,[alpha] > reductase
NZ_NKTX01000057.1:12229-13282:-1,WP_010515907.1,CFR80_RS14220,,aromatic ring-hydroxylating dioxygenase subunit alpha,1_113_CdnA,1,159.6,0.8904,8.1e-47,NZ_NKTX01000057.1,12229,13282,-1,Komagataeibacter oboediens,Bacteria; Pseudomonadati; Pseudomonadota; Alphaproteobacteria; Acetobacterales; Acetobacteraceae; Komagataeibacter,0,1_113_CdnA#17,core,0.9561,0,0,0,0,[alpha] > reductase
NZ_NKTZ01000002.1:385756-386839:-1,WP_051671988.1,CFR78_RS03975,,aromatic ring-hydroxylating dioxygenase subunit alpha,1_113_CdnA,1,152.7,0.8904,9.9e-45,NZ_NKTZ01000002.1,385756,386839,-1,Komagataeibacter rhaeticus,Bacteria; Pseudomonadati; Pseudomonadota; Alphaproteobacteria; Acetobacterales; Acetobacteraceae; Komagataeibacter,0,1_113_CdnA#17,core,0.6863,0,0,0,0,[alpha]
NZ_NSDZ01000015.1:103048-104164:1,WP_073369084.1,CJ179_RS49270,,Rieske 2Fe-2S domain-containing protein,1_113_CdnA,1,297.3,0.9494,1.1e-88,NZ_NSDZ01000015.1,103048,104164,1,Rhodococcus sp. ACS1,Bacteria; Bacillati; Actinomycetota; Actinomycetes; Mycobacteriales; Nocardiaceae; Rhodococcus,0,1_113_CdnA#27,novel_candidate,0.2633,1,0,0,1,reductase > ferredoxin > [alpha]
NZ_NUTZ01000016.1:69063-70071:1,WP_028412092.1,COI42_RS17760,,aromatic ring-hydroxylating dioxygenase subunit alpha,1_113_CdnA,1,189.9,0.8315,4.8e-56,NZ_NUTZ01000016.1,69063,70071,1,Priestia aryabhattai,Bacteria; Bacillati; Bacillota; Bacilli; Bacillales; Bacillaceae; Priestia,0,1_113_CdnA#10,novel_candidate,0.315,0,0,0,0,[alpha]
NZ_NVGV01000010.1:51224-52277:1,WP_028415032.1,COL65_RS10810,,aromatic ring-hydroxylating dioxygenase subunit alpha,1_113_CdnA,1,176.1,0.8904,7.6e-52,NZ_NVGV01000010.1,51224,52277,1,Priestia aryabhattai,Bacteria; Bacillati; Bacillota; Bacilli; Bacillales; Bacillaceae; Priestia,0,1_113_CdnA#21,divergent,0.4858,0,0,0,0,[alpha]
NZ_NZLS01000039.1:30168-31224:1,WP_004920257.1,CL490_RS05010,,aromatic ring-hydroxylating dioxygenase subunit alpha,1_113_CdnA,1,144.1,0.8933,4.1e-42,NZ_NZLS01000039.1,30168,31224,1,Acinetobacter sp.,Bacteria; Pseudomonadati; Pseudomonadota; Gammaproteobacteria; Moraxellales; Moraxellaceae; Acinetobacter,0,1_113_CdnA#0,core,0.7931,0,0,0,0,[alpha]
NZ_OCZD01000156.1:1055-2108:1,WP_039574134.1,CX316_RS07805,,aromatic ring-hydroxylating dioxygenase subunit alpha,1_113_CdnA,1,165.2,0.8792,1.6e-48,NZ_OCZD01000156.1,1055,2108,1,Xanthomonas phaseoli pv. phaseoli,Bacteria; Pseudomonadati; Pseudomonadota; Gammaproteobacteria; Lysobacterales; Lysobacteraceae; Xanthomonas,0,1_113_CdnA#3,core,0.9544,0,0,0,0,[alpha] > reductase
NZ_OQ920555.1:134052-135084:-1,WP_009682454.1,Q5M23_RS00735,,aromatic ring-hydroxylating dioxygenase subunit alpha,1_113_CdnA,1,173.2,0.8652,5.9e-51,NZ_OQ920555.1,134052,135084,-1,Pseudomonas putida,Bacteria; Pseudomonadati; Pseudomonadota; Gammaproteobacteria; Pseudomonadales; Pseudomonadaceae; Pseudomonas,1,1_113_CdnA#23,core,0.5818,1,0,0,1,[alpha] > reductase
NZ_PCFB01000130.1:119329-120364:1,WP_045326877.1,CP955_RS16545,hpxD,molybdenum cofactor-independent xanthine hydroxylase subunit HpxD,1_113_CdnA,1,147.6,0.8764,3.6e-43,NZ_PCFB01000130.1,119329,120364,1,Enterobacter sp. HN503E2II,Bacteria; Pseudomonadati; Pseudomonadota; Gammaproteobacteria; Enterobacterales; Enterobacteriaceae; Enterobacter,0,1_113_CdnA#5,core,0.9241,0,0,0,0,reductase > [alpha] > reductase
NZ_PISJ01000012.1:431580-432636:1,WP_004654215.1,CW311_RS09835,,aromatic ring-hydroxylating dioxygenase subunit alpha,1_113_CdnA,1,139.6,0.8904,9.6e-41,NZ_PISJ01000012.1,431580,432636,1,Acinetobacter proteolyticus,Bacteria; Pseudomonadati; Pseudomonadota; Gammaproteobacteria; Moraxellales; Moraxellaceae; Acinetobacter,0,1_113_CdnA#0,core,0.7368,0,0,0,0,[alpha] > regulator > other
NZ_PQLQ01000030.1:22113-23169:1,WP_000991563.1,C3422_RS14045,,aromatic ring-hydroxylating dioxygenase subunit alpha,1_113_CdnA,1,155.4,0.8933,1.5e-45,NZ_PQLQ01000030.1,22113,23169,1,Acinetobacter sp. ABNIH27,Bacteria; Pseudomonadati; Pseudomonadota; Gammaproteobacteria; Moraxellales; Moraxellaceae; Acinetobacter; Acinetobacter calcoaceticus/baumannii complex,0,1_113_CdnA#0,core,0.9524,0,0,0,0,[alpha] > other
NZ_PQUL01000001.1:397225-398263:1,WP_021440114.1,C3J88_RS02045,hpxD,molybdenum cofactor-independent xanthine hydroxylase subunit HpxD,1_113_CdnA,1,151.3,0.8764,2.6e-44,NZ_PQUL01000001.1,397225,398263,1,Klebsiella pneumoniae subsp. pneumoniae,Bacteria; Pseudomonadati; Pseudomonadota; Gammaproteobacteria; Enterobacterales; Enterobacteriaceae; Klebsiella/Raoultella group; Klebsiella,0,1_113_CdnA#2,core,0.9306,0,0,0,0,[alpha] > other
NZ_PTPV01000013.1:81582-82638:-1,WP_004990128.1,C5B41_RS06070,,aromatic ring-hydroxylating dioxygenase subunit alpha,1_113_CdnA,1,146.3,0.8961,8.6e-43,NZ_PTPV01000013.1,81582,82638,-1,Acinetobacter ursingii,Bacteria; Pseudomonadati; Pseudomonadota; Gammaproteobacteria; Moraxellales; Moraxellaceae; Acinetobacter,0,1_113_CdnA#0,core,0.7685,0,0,0,0,[alpha]
NZ_PTPV01000032.1:210-1266:-1,WP_004992287.1,C5B41_RS12615,,aromatic ring-hydroxylating dioxygenase subunit alpha,1_113_CdnA,1,150.1,0.8904,6.2e-44,NZ_PTPV01000032.1,210,1266,-1,Acinetobacter ursingii,Bacteria; Pseudomonadati; Pseudomonadota; Gammaproteobacteria; Moraxellales; Moraxellaceae; Acinetobacter,0,1_113_CdnA#0,core,0.7609,0,0,0,0,[alpha]
NZ_PVWG01000076.1:9233-10262:1,WP_073075241.1,C7B65_RS25830,,aromatic ring-hydroxylating dioxygenase subunit alpha,1_113_CdnA,1,156.3,0.8904,8.1e-46,NZ_PVWG01000076.1,9233,10262,1,Phormidesmis priestleyi ULC007,Bacteria; Bacillati; Cyanobacteriota; Cyanophyceae; Leptolyngbyales; Leptolyngbyaceae; Phormidesmis,0,1_113_CdnA#39,divergent,0.4626,0,0,0,0,[alpha]
NZ_PUQF01000006.1:45899-46934:1,WP_045334740.1,C6A40_RS08430,hpxD,molybdenum cofactor-independent xanthine hydroxylase subunit HpxD,1_113_CdnA,1,152.0,0.8764,1.6e-44,NZ_PUQF01000006.1,45899,46934,1,Enterobacter sp. GER_MD16_1505_Eko_090,Bacteria; Pseudomonadati; Pseudomonadota; Gammaproteobacteria; Enterobacterales; Enterobacteriaceae; Enterobacter,0,1_113_CdnA#4,core,0.9111,0,0,0,0,reductase > [alpha] > reductase
NZ_PYHI01000003.1:316441-317479:1,WP_049057353.1,LLY29_RS08860,hpxD,molybdenum cofactor-independent xanthine hydroxylase subunit HpxD,1_113_CdnA,1,151.7,0.8764,2e-44,NZ_PYHI01000003.1,316441,317479,1,Klebsiella aerogenes,Bacteria; Pseudomonadati; Pseudomonadota; Gammaproteobacteria; Enterobacterales; Enterobacteriaceae; Klebsiella/Raoultella group; Klebsiella,0,1_113_CdnA#5,core,0.8006,0,0,0,0,[alpha] > reductase
NZ_QEWH01000084.1:633-1689:-1,WP_005090794.1,DC346_RS13600,,aromatic ring-hydroxylating dioxygenase subunit alpha,1_113_CdnA,1,137.2,0.8904,5.2e-40,NZ_QEWH01000084.1,633,1689,-1,Acinetobacter junii,Bacteria; Pseudomonadati; Pseudomonadota; Gammaproteobacteria; Moraxellales; Moraxellaceae; Acinetobacter,0,1_113_CdnA#0,core,0.8176,0,0,0,0,[alpha]
NZ_QEWH01000090.1:437-1493:-1,WP_000991568.1,DC346_RS13850,,aromatic ring-hydroxylating dioxygenase subunit alpha,1_113_CdnA,1,149.8,0.8904,7.9e-44,NZ_QEWH01000090.1,437,1493,-1,Acinetobacter junii,Bacteria; Pseudomonadati; Pseudomonadota; Gammaproteobacteria; Moraxellales; Moraxellaceae; Acinetobacter,0,1_113_CdnA#0,core,0.768,0,0,0,0,[alpha]
NZ_QEZD01000047.1:54621-55674:-1,WP_039421207.1,EO146_RS11060,,aromatic ring-hydroxylating dioxygenase subunit alpha,1_113_CdnA,1,168.8,0.882,1.3e-49,NZ_QEZD01000047.1,54621,55674,-1,Xanthomonas vesicatoria,Bacteria; Pseudomonadati; Pseudomonadota; Gammaproteobacteria; Lysobacterales; Lysobacteraceae; Xanthomonas,0,1_113_CdnA#3,core,0.9544,0,0,0,0,[alpha] > reductase
NZ_QFAL01000050.1:36826-37879:1,WP_011346019.1,EO172_RS04555,,aromatic ring-hydroxylating dioxygenase subunit alpha,1_113_CdnA,1,166.8,0.8764,5.4e-49,NZ_QFAL01000050.1,36826,37879,1,Xanthomonas euvesicatoria,Bacteria; Pseudomonadati; Pseudomonadota; Gammaproteobacteria; Lysobacterales; Lysobacteraceae; Xanthomonas,0,1_113_CdnA#3,core,0.972,0,0,0,0,[alpha] > reductase
NZ_QFAQ01000023.1:207250-208303:1,WP_039511158.1,EO142_RS11775,,aromatic ring-hydroxylating dioxygenase subunit alpha,1_113_CdnA,1,165.8,0.8792,1.1e-48,NZ_QFAQ01000023.1,207250,208303,1,Xanthomonas arboricola,Bacteria; Pseudomonadati; Pseudomonadota; Gammaproteobacteria; Lysobacterales; Lysobacteraceae; Xanthomonas,0,1_113_CdnA#3,core,0.9789,0,0,0,0,[alpha] > reductase
NZ_QKZC01000025.1:119451-120486:1,WP_065062931.1,C7399_RS30785,,aromatic ring-hydroxylating dioxygenase subunit alpha,1_113_CdnA,1,130.9,0.9045,4.3e-38,NZ_QKZC01000025.1,119451,120486,1,Paraburkholderia tropica,Bacteria; Pseudomonadati; Pseudomonadota; Betaproteobacteria; Burkholderiales; Burkholderiaceae; Paraburkholderia,0,1_113_CdnA#7,novel_candidate,0.2707,0,0,0,0,transporter > [alpha] > transporter > transporter > hydrolase
NZ_QMBM01000002.1:57356-58412:1,WP_004809356.1,C8322_RS12980,,aromatic ring-hydroxylating dioxygenase subunit alpha,1_113_CdnA,1,152.6,0.8904,1.1e-44,NZ_QMBM01000002.1,57356,58412,1,Acinetobacter sp. SM1B,Bacteria; Pseudomonadati; Pseudomonadota; Gammaproteobacteria; Moraxellales; Moraxellaceae; Acinetobacter,0,1_113_CdnA#0,core,0.7888,0,0,0,0,[alpha] > other
NZ_QQBC01000015.1:190461-191583:-1,WP_068000866.1,DFR76_RS37305,,aromatic ring-hydroxylating dioxygenase subunit alpha,1_113_CdnA,1,125.7,0.573,1.6e-36,NZ_QQBC01000015.1,190461,191583,-1,Nocardia pseudobrasiliensis,Bacteria; Bacillati; Actinomycetota; Actinomycetes; Mycobacteriales; Nocardiaceae; Nocardia,0,1_113_CdnA#18,novel_candidate,0.2821,0,0,0,0,hydrolase > reductase > hydrolase > [alpha] > hypothetical > hypothetical > reductase > other
NZ_QTQU01000008.1:132112-133150:1,WP_012735125.1,DF052_RS10895,,aromatic ring-hydroxylating dioxygenase subunit alpha,1_113_CdnA,1,148.7,0.8904,1.7e-43,NZ_QTQU01000008.1,132112,133150,1,Burkholderia glumae,Bacteria; Pseudomonadati; Pseudomonadota; Betaproteobacteria; Burkholderiales; Burkholderiaceae; Burkholderia,0,1_113_CdnA#29,novel_candidate,0.3179,0,0,0,0,[alpha] > other
NZ_QTLJ01000008.1:57970-59005:-1,WP_014883280.1,DW197_RS11945,hpxD,molybdenum cofactor-independent xanthine hydroxylase subunit HpxD,1_113_CdnA,1,154.9,0.8764,2.2e-45,NZ_QTLJ01000008.1,57970,59005,-1,Enterobacter sp. AM17-18,Bacteria; Pseudomonadati; Pseudomonadota; Gammaproteobacteria; Enterobacterales; Enterobacteriaceae; Enterobacter,0,1_113_CdnA#5,core,0.9335,0,0,0,0,reductase > [alpha] > reductase
NZ_QUZJ01000016.1:27654-28710:-1,WP_004795558.1,DZ985_RS18290,,aromatic ring-hydroxylating dioxygenase subunit alpha,1_113_CdnA,1,150.3,0.8933,5.4e-44,NZ_QUZJ01000016.1,27654,28710,-1,Acinetobacter sp. JW,Bacteria; Pseudomonadati; Pseudomonadota; Gammaproteobacteria; Moraxellales; Moraxellaceae; Acinetobacter,0,1_113_CdnA#0,core,0.9429,0,0,0,0,[alpha] > other
NZ_QUMX01000031.1:24821-25901:1,WP_036759099.1,ATH84_RS20165,,aromatic ring-hydroxylating dioxygenase subunit alpha,1_113_CdnA,1,716.5,0.9972,4.2e-216,NZ_QUMX01000031.1,24821,25901,1,Paracoccus versutus,Bacteria; Pseudomonadati; Pseudomonadota; Alphaproteobacteria; Rhodobacterales; Paracoccaceae; Paracoccus,0,1_113_CdnA#30,novel_candidate,0.2804,0,0,0,0,[alpha] > hypothetical > hypothetical > other
NZ_QVFV01000004.1:268349-269387:1,WP_039726481.1,DYY88_RS16975,,aromatic ring-hydroxylating dioxygenase subunit alpha,1_113_CdnA,1,187.6,0.8933,2.5e-55,NZ_QVFV01000004.1,268349,269387,1,Leptolyngbya iicbica LK,Bacteria; Bacillati; Cyanobacteriota; Cyanophyceae; Leptolyngbyales; Leptolyngbyaceae; Leptolyngbya group; Leptolyngbya; Leptolyngbya iicbica,0,1_113_CdnA#36,divergent,0.4318,0,0,0,0,[alpha]
NZ_QWFV01000037.1:18588-19644:-1,WP_009586890.1,D1G79_RS06980,,Rieske 2Fe-2S domain-containing protein,1_113_CdnA,1,149.6,0.8904,8.8e-44,NZ_QWFV01000037.1,18588,19644,-1,Acinetobacter bereziniae,Bacteria; Pseudomonadati; Pseudomonadota; Gammaproteobacteria; Moraxellales; Moraxellaceae; Acinetobacter,0,1_113_CdnA#0,core,0.776,0,0,0,0,[alpha]
NZ_QUMU01000009.1:182880-183891:1,WP_047854693.1,ATI61_RS30445,,aromatic ring-hydroxylating dioxygenase subunit alpha,1_113_CdnA,1,113.3,0.7022,9.9e-33,NZ_QUMU01000009.1,182880,183891,1,Archangium gephyra,Bacteria; Pseudomonadati; Myxococcota; Myxococcia; Myxococcales; Cystobacterineae; Archangiaceae; Archangium,0,1_113_CdnA#25,novel_candidate,0.278,0,0,0,0,[alpha] > hypothetical
NZ_RAXU01000031.1:17997-19053:1,WP_000991568.1,D7V21_RS15810,,aromatic ring-hydroxylating dioxygenase subunit alpha,1_113_CdnA,1,149.8,0.8904,7.9e-44,NZ_RAXU01000031.1,17997,19053,1,Acinetobacter guerrae,Bacteria; Pseudomonadati; Pseudomonadota; Gammaproteobacteria; Moraxellales; Moraxellaceae; Acinetobacter,0,1_113_CdnA#0,core,0.768,0,0,0,0,[alpha]
NZ_RBVJ01000010.1:187312-188347:1,WP_059354509.1,D8O00_RS22590,hpxD,molybdenum cofactor-independent xanthine hydroxylase subunit HpxD,1_113_CdnA,1,153.7,0.8764,5e-45,NZ_RBVJ01000010.1,187312,188347,1,Enterobacter bugandensis,Bacteria; Pseudomonadati; Pseudomonadota; Gammaproteobacteria; Enterobacterales; Enterobacteriaceae; Enterobacter,0,1_113_CdnA#5,core,0.9241,0,0,0,0,reductase > [alpha] > reductase
NZ_RFFA01000025.1:13870-14926:1,WP_004998585.1,EA748_RS14170,,aromatic ring-hydroxylating dioxygenase subunit alpha,1_113_CdnA,1,143.5,0.8961,6.3e-42,NZ_RFFA01000025.1,13870,14926,1,Acinetobacter ursingii,Bacteria; Pseudomonadati; Pseudomonadota; Gammaproteobacteria; Moraxellales; Moraxellaceae; Acinetobacter,0,1_113_CdnA#0,core,0.7685,0,0,0,0,[alpha]
NZ_RJLR01000020.1:132183-133218:-1,WP_033568545.1,EF878_RS11300,,aromatic ring-hydroxylating dioxygenase subunit alpha,1_113_CdnA,1,172.1,0.8736,1.3e-50,NZ_RJLR01000020.1,132183,133218,-1,Dickeya undicola,Bacteria; Pseudomonadati; Pseudomonadota; Gammaproteobacteria; Enterobacterales; Pectobacteriaceae; Dickeya,0,1_113_CdnA#2,core,0.7491,0,0,0,0,[alpha] > reductase > reductase
NZ_RSCJ01000054.1:12742-13765:-1,WP_016877905.1,PCC6912_RS33430,,aromatic ring-hydroxylating dioxygenase subunit alpha,1_113_CdnA,1,92.4,0.4635,2.2e-26,NZ_RSCJ01000054.1,12742,13765,-1,Chlorogloeopsis fritschii PCC 6912,Bacteria; Bacillati; Cyanobacteriota; Cyanophyceae; Nostocales; Chlorogloeopsidaceae; Chlorogloeopsis,0,1_113_CdnA#13,novel_candidate,0.2278,1,0,1,0,ferredoxin > [alpha] > other
NZ_RQNO01000086.1:22206-23262:1,WP_016802621.1,ECD58_RS09740,,aromatic ring-hydroxylating dioxygenase subunit alpha,1_113_CdnA,1,148.5,0.8933,1.9e-43,NZ_RQNO01000086.1,22206,23262,1,Acinetobacter pittii,Bacteria; Pseudomonadati; Pseudomonadota; Gammaproteobacteria; Moraxellales; Moraxellaceae; Acinetobacter; Acinetobacter calcoaceticus/baumannii complex,0,1_113_CdnA#0,core,0.9154,0,0,0,0,[alpha] > other
NZ_RWYT01000001.1:197535-198588:-1,WP_039511158.1,EJL05_RS00880,,aromatic ring-hydroxylating dioxygenase subunit alpha,1_113_CdnA,1,165.8,0.8792,1.1e-48,NZ_RWYT01000001.1,197535,198588,-1,Xanthomonas arboricola pv. pruni,Bacteria; Pseudomonadati; Pseudomonadota; Gammaproteobacteria; Lysobacterales; Lysobacteraceae; Xanthomonas,0,1_113_CdnA#3,core,0.9789,0,0,0,0,[alpha] > reductase
NZ_RWJW01000024.1:14011-15064:1,WP_007968364.1,EI541_RS20145,,aromatic ring-hydroxylating dioxygenase subunit alpha,1_113_CdnA,1,165.4,0.8764,1.4e-48,NZ_RWJW01000024.1,14011,15064,1,Xanthomonas citri pv. eucalyptorum,Bacteria; Pseudomonadati; Pseudomonadota; Gammaproteobacteria; Lysobacterales; Lysobacteraceae; Xanthomonas,0,1_113_CdnA#3,core,0.9859,0,0,0,0,[alpha] > reductase
NZ_RYZL01000057.1:5783-6836:-1,WP_010363900.1,EJP68_RS18810,,aromatic ring-hydroxylating dioxygenase subunit alpha,1_113_CdnA,1,166.7,0.8792,5.7e-49,NZ_RYZL01000057.1,5783,6836,-1,Xanthomonas vasicola pv. vasculorum,Bacteria; Pseudomonadati; Pseudomonadota; Gammaproteobacteria; Lysobacterales; Lysobacteraceae; Xanthomonas,0,1_113_CdnA#3,core,0.9754,0,0,0,0,[alpha] > reductase
NZ_RZNI01000020.1:27376-28432:-1,WP_000991553.1,EM030_RS16190,,aromatic ring-hydroxylating dioxygenase subunit alpha,1_113_CdnA,1,154.8,0.8933,2.4e-45,NZ_RZNI01000020.1,27376,28432,-1,Acinetobacter baumannii,Bacteria; Pseudomonadati; Pseudomonadota; Gammaproteobacteria; Moraxellales; Moraxellaceae; Acinetobacter; Acinetobacter calcoaceticus/baumannii complex,0,1_113_CdnA#0,core,0.9556,0,0,0,0,[alpha] > other
NZ_SGTL01000028.1:22221-23277:1,WP_002115438.1,EXD94_RS13755,vanA,aromatic ring-hydroxylating dioxygenase subunit alpha,1_113_CdnA,1,149.0,0.8933,1.4e-43,NZ_SGTL01000028.1,22221,23277,1,Acinetobacter pittii,Bacteria; Pseudomonadati; Pseudomonadota; Gammaproteobacteria; Moraxellales; Moraxellaceae; Acinetobacter; Acinetobacter calcoaceticus/baumannii complex,0,1_113_CdnA#0,core,0.9333,0,0,0,0,[alpha] > other
NZ_SGTQ01000020.1:22646-23702:1,WP_017386221.1,EXD89_RS16030,,aromatic ring-hydroxylating dioxygenase subunit alpha,1_113_CdnA,1,150.3,0.8933,5.5e-44,NZ_SGTQ01000020.1,22646,23702,1,Acinetobacter pittii,Bacteria; Pseudomonadati; Pseudomonadota; Gammaproteobacteria; Moraxellales; Moraxellaceae; Acinetobacter; Acinetobacter calcoaceticus/baumannii complex,0,1_113_CdnA#0,core,0.9185,0,0,0,0,[alpha] > other
NZ_SJOA01000015.1:45382-46435:1,WP_067725064.1,E0H85_RS11785,,aromatic ring-hydroxylating dioxygenase subunit alpha,1_113_CdnA,1,149.2,0.882,1.1e-43,NZ_SJOA01000015.1,45382,46435,1,Acinetobacter terrae,Bacteria; Pseudomonadati; Pseudomonadota; Gammaproteobacteria; Moraxellales; Moraxellaceae; Acinetobacter; Acinetobacter Taxon 24,0,1_113_CdnA#1,core,0.8344,0,0,0,0,[alpha]
NZ_SJXH01000003.1:26182-27238:-1,WP_131287061.1,E0409_RS01930,,aromatic ring-hydroxylating dioxygenase subunit alpha,1_113_CdnA,1,155.6,0.8904,1.3e-45,NZ_SJXH01000003.1,26182,27238,-1,Acinetobacter sp. ANC 4862,Bacteria; Pseudomonadati; Pseudomonadota; Gammaproteobacteria; Moraxellales; Moraxellaceae; Acinetobacter; Acinetobacter Taxon 24; Acinetobacter Taxon 24D,0,1_113_CdnA#0,core,0.817,0,0,0,0,[alpha]
NZ_SMDW01000051.1:11918-12971:-1,WP_006450040.1,E1J23_RS21630,,aromatic ring-hydroxylating dioxygenase subunit alpha,1_113_CdnA,1,169.4,0.882,8.7e-50,NZ_SMDW01000051.1,11918,12971,-1,Xanthomonas hortorum pv. gardneri,Bacteria; Pseudomonadati; Pseudomonadota; Gammaproteobacteria; Lysobacterales; Lysobacteraceae; Xanthomonas,0,1_113_CdnA#3,core,0.9683,0,0,0,0,[alpha] > reductase
NZ_SMCY01000011.1:21374-22412:1,WP_062269464.1,EDC20_RS07235,,Rieske 2Fe-2S domain-containing protein,1_113_CdnA,1,162.4,0.8904,1.2e-47,NZ_SMCY01000011.1,21374,22412,1,Gluconobacter oxydans,Bacteria; Pseudomonadati; Pseudomonadota; Alphaproteobacteria; Acetobacterales; Acetobacteraceae; Gluconobacter,0,1_113_CdnA#6,core,0.8019,0,0,0,0,[alpha]
NZ_SLZP01000003.1:194694-195744:1,WP_010667208.1,EDC15_RS03885,,aromatic ring-hydroxylating dioxygenase subunit alpha,1_113_CdnA,1,167.3,0.8848,3.7e-49,NZ_SLZP01000003.1,194694,195744,1,Acetobacter aceti NBRC 14818,Bacteria; Pseudomonadati; Pseudomonadota; Alphaproteobacteria; Acetobacterales; Acetobacteraceae; Acetobacter; Acetobacter subgen. Acetobacter,0,1_113_CdnA#22,core,0.7219,0,0,0,0,[alpha]
NZ_SLZP01000008.1:121816-122872:1,WP_010668072.1,EDC15_RS08590,,aromatic ring-hydroxylating dioxygenase subunit alpha,1_113_CdnA,1,158.5,0.8933,1.7e-46,NZ_SLZP01000008.1,121816,122872,1,Acetobacter aceti NBRC 14818,Bacteria; Pseudomonadati; Pseudomonadota; Alphaproteobacteria; Acetobacterales; Acetobacteraceae; Acetobacter; Acetobacter subgen. Acetobacter,0,1_113_CdnA#6,core,0.8738,0,0,0,0,[alpha] > reductase
NZ_SRIW01000006.1:207556-208624:1,WP_045929663.1,E5C29_RS09300,,aromatic ring-hydroxylating dioxygenase subunit alpha,1_113_CdnA,1,205.0,0.882,1.3e-60,NZ_SRIW01000006.1,207556,208624,1,Alcaligenes faecalis,Bacteria; Pseudomonadati; Pseudomonadota; Betaproteobacteria; Burkholderiales; Alcaligenaceae; Alcaligenes,0,1_113_CdnA#11,novel_candidate,0.2945,1,0,0,1,reductase > reductase > [alpha] > hydrolase > other > hydrolase
NZ_SWAM01000036.1:39688-40741:1,WP_074058505.1,FCG19_RS18630,,aromatic ring-hydroxylating dioxygenase subunit alpha,1_113_CdnA,1,168.3,0.8764,1.8e-49,NZ_SWAM01000036.1,39688,40741,1,Xanthomonas hortorum pv. vitians,Bacteria; Pseudomonadati; Pseudomonadota; Gammaproteobacteria; Lysobacterales; Lysobacteraceae; Xanthomonas,0,1_113_CdnA#3,core,0.9399,0,0,0,0,[alpha] > reductase
NZ_SWHU01000017.1:43768-44803:1,WP_013097237.1,F7Q26_RS08805,hpxD,molybdenum cofactor-independent xanthine hydroxylase subunit HpxD,1_113_CdnA,1,151.4,0.8764,2.5e-44,NZ_SWHU01000017.1,43768,44803,1,Enterobacter cloacae,Bacteria; Pseudomonadati; Pseudomonadota; Gammaproteobacteria; Enterobacterales; Enterobacteriaceae; Enterobacter; Enterobacter cloacae complex,0,1_113_CdnA#4,core,0.9241,0,0,0,0,reductase > [alpha] > reductase
NZ_SZVX01000008.1:24810-25845:-1,WP_027713196.1,FDP13_RS09255,,aromatic ring-hydroxylating dioxygenase subunit alpha,1_113_CdnA,1,173.5,0.8904,4.8e-51,NZ_SZVX01000008.1,24810,25845,-1,Dickeya sp. ws52,Bacteria; Pseudomonadati; Pseudomonadota; Gammaproteobacteria; Enterobacterales; Pectobacteriaceae; Dickeya,0,1_113_CdnA#2,core,0.7024,0,0,0,0,[alpha] > reductase > reductase
NZ_UEGJ01000011.1:69431-70487:-1,WP_016651690.1,DR049_RS07130,,aromatic ring-hydroxylating dioxygenase subunit alpha,1_113_CdnA,1,149.1,0.882,1.2e-43,NZ_UEGJ01000011.1,69431,70487,-1,Acinetobacter colistiniresistens,Bacteria; Pseudomonadati; Pseudomonadota; Gammaproteobacteria; Moraxellales; Moraxellaceae; Acinetobacter,0,1_113_CdnA#1,core,0.8854,0,0,0,0,[alpha]
NZ_UFIV01000043.1:12601-13657:1,WP_000991568.1,DVT01_RS19400,,aromatic ring-hydroxylating dioxygenase subunit alpha,1_113_CdnA,1,149.8,0.8904,7.9e-44,NZ_UFIV01000043.1,12601,13657,1,Acinetobacter pittii,Bacteria; Pseudomonadati; Pseudomonadota; Gammaproteobacteria; Moraxellales; Moraxellaceae; Acinetobacter; Acinetobacter calcoaceticus/baumannii complex,0,1_113_CdnA#0,core,0.768,0,0,0,0,transposon > [alpha]
NZ_UGRY01000007.1:12964-14086:-1,WP_029924788.1,DX084_RS32675,,aromatic ring-hydroxylating dioxygenase subunit alpha,1_113_CdnA,1,124.7,0.5815,3.2e-36,NZ_UGRY01000007.1,12964,14086,-1,Nocardia otitidiscaviarum,Bacteria; Bacillati; Actinomycetota; Actinomycetes; Mycobacteriales; Nocardiaceae; Nocardia,0,1_113_CdnA#18,novel_candidate,0.295,0,0,0,0,hydrolase > reductase > hydrolase > [alpha] > hypothetical > hypothetical > reductase > other
NZ_UNRO01000005.1:29223-30276:1,WP_039814014.1,CPBF426_RS01275,,aromatic ring-hydroxylating dioxygenase subunit alpha,1_113_CdnA,1,166.5,0.882,6.3e-49,NZ_UNRO01000005.1,29223,30276,1,Xanthomonas arboricola pv. juglandis,Bacteria; Pseudomonadati; Pseudomonadota; Gammaproteobacteria; Lysobacterales; Lysobacteraceae; Xanthomonas,0,1_113_CdnA#3,core,0.9758,0,0,0,0,[alpha] > reductase
NZ_VAGR01000026.1:22139-23195:1,WP_000991556.1,FD899_RS17020,,aromatic ring-hydroxylating dioxygenase subunit alpha,1_113_CdnA,1,155.1,0.8933,1.9e-45,NZ_VAGR01000026.1,22139,23195,1,Acinetobacter baumannii,Bacteria; Pseudomonadati; Pseudomonadota; Gammaproteobacteria; Moraxellales; Moraxellaceae; Acinetobacter; Acinetobacter calcoaceticus/baumannii complex,0,1_113_CdnA#0,core,0.9492,0,0,0,0,[alpha] > other
NZ_VCND01000160.1:692-1748:-1,WP_000991568.1,FGQ54_RS10665,,aromatic ring-hydroxylating dioxygenase subunit alpha,1_113_CdnA,1,149.8,0.8904,7.9e-44,NZ_VCND01000160.1,692,1748,-1,Acinetobacter lwoffii,Bacteria; Pseudomonadati; Pseudomonadota; Gammaproteobacteria; Moraxellales; Moraxellaceae; Acinetobacter,0,1_113_CdnA#0,core,0.768,0,0,0,0,[alpha]
NZ_VCME01000007.1:150811-151864:-1,WP_176340090.1,FFY45_RS08420,,aromatic ring-hydroxylating dioxygenase subunit alpha,1_113_CdnA,1,166.7,0.882,5.4e-49,NZ_VCME01000007.1,150811,151864,-1,Xanthomonas hortorum,Bacteria; Pseudomonadati; Pseudomonadota; Gammaproteobacteria; Lysobacterales; Lysobacteraceae; Xanthomonas,0,1_113_CdnA#3,core,0.9823,0,0,0,0,[alpha] > reductase
NZ_VCOM01000033.1:4254-5310:1,WP_046128071.1,FGW72_RS17235,,aromatic ring-hydroxylating dioxygenase subunit alpha,1_113_CdnA,1,156.8,0.8933,5.6e-46,NZ_VCOM01000033.1,4254,5310,1,Acinetobacter baumannii,Bacteria; Pseudomonadati; Pseudomonadota; Gammaproteobacteria; Moraxellales; Moraxellaceae; Acinetobacter; Acinetobacter calcoaceticus/baumannii complex,0,1_113_CdnA#0,core,0.9524,0,0,0,0,[alpha] > other
NZ_VCPF01000001.1:114566-115586:-1,WP_009519984.1,FGJ01_RS00595,,Rieske 2Fe-2S domain-containing protein,1_113_CdnA,1,119.2,0.8315,1.6e-34,NZ_VCPF01000001.1,114566,115586,-1,Hydrogenophaga intermedia,Bacteria; Pseudomonadati; Pseudomonadota; Betaproteobacteria; Burkholderiales; Comamonadaceae; Hydrogenophaga,0,1_113_CdnA#53,novel_candidate,0.2618,0,0,0,0,[alpha]
NZ_VDZC01000005.1:271850-272903:1,WP_028415032.1,FS504_RS23005,,aromatic ring-hydroxylating dioxygenase subunit alpha,1_113_CdnA,1,176.1,0.8904,7.6e-52,NZ_VDZC01000005.1,271850,272903,1,Priestia megaterium Q3,Bacteria; Bacillati; Bacillota; Bacilli; Bacillales; Bacillaceae; Priestia,0,1_113_CdnA#21,divergent,0.4858,0,0,0,0,[alpha]
NZ_VEEH01000033.1:6548-7601:1,WP_061785259.1,FS664_RS11210,,aromatic ring-hydroxylating dioxygenase subunit alpha,1_113_CdnA,1,185.2,0.8933,1.4e-54,NZ_VEEH01000033.1,6548,7601,1,Priestia flexa,Bacteria; Bacillati; Bacillota; Bacilli; Bacillales; Bacillaceae; Priestia,0,1_113_CdnA#0,divergent,0.4693,0,0,0,0,[alpha]
NZ_VDSM01000002.1:406133-407081:1,WP_065845402.1,FSY79_RS08245,,aromatic ring-hydroxylating dioxygenase subunit alpha,1_113_CdnA,1,116.5,0.5562,9.9e-34,NZ_VDSM01000002.1,406133,407081,1,Bacillus cereus,Bacteria; Bacillati; Bacillota; Bacilli; Bacillales; Bacillaceae; Bacillus; Bacillus cereus group,0,1_113_CdnA#32,novel_candidate,0.2791,0,0,0,0,[alpha]
NZ_VDAI01000056.1:723230-724265:-1,WP_023337050.1,FHC46_RS16535,hpxD,molybdenum cofactor-independent xanthine hydroxylase subunit HpxD,1_113_CdnA,1,155.2,0.8764,1.7e-45,NZ_VDAI01000056.1,723230,724265,-1,Enterobacter kobei,Bacteria; Pseudomonadati; Pseudomonadota; Gammaproteobacteria; Enterobacterales; Enterobacteriaceae; Enterobacter; Enterobacter cloacae complex,0,1_113_CdnA#5,core,0.9399,0,0,0,0,reductase > [alpha] > reductase
NZ_VHEZ01000025.1:27338-28394:-1,WP_031961294.1,FJV01_RS17905,,aromatic ring-hydroxylating dioxygenase subunit alpha,1_113_CdnA,1,152.4,0.8933,1.2e-44,NZ_VHEZ01000025.1,27338,28394,-1,Acinetobacter baumannii,Bacteria; Pseudomonadati; Pseudomonadota; Gammaproteobacteria; Moraxellales; Moraxellaceae; Acinetobacter; Acinetobacter calcoaceticus/baumannii complex,0,1_113_CdnA#0,core,0.9492,0,0,0,0,[alpha] > other
NZ_VHFZ01000059.1:26984-28040:-1,WP_000991564.1,FJU55_RS18395,,aromatic ring-hydroxylating dioxygenase subunit alpha,1_113_CdnA,1,149.8,0.8933,7.6e-44,NZ_VHFZ01000059.1,26984,28040,-1,Acinetobacter baumannii,Bacteria; Pseudomonadati; Pseudomonadota; Gammaproteobacteria; Moraxellales; Moraxellaceae; Acinetobacter; Acinetobacter calcoaceticus/baumannii complex,0,1_113_CdnA#0,core,0.9091,0,0,0,0,[alpha] > other
NZ_VHGT01000043.1:22024-23080:1,WP_064191851.1,FJV29_RS18480,,aromatic ring-hydroxylating dioxygenase subunit alpha,1_113_CdnA,1,154.8,0.8933,2.3e-45,NZ_VHGT01000043.1,22024,23080,1,Acinetobacter baumannii,Bacteria; Pseudomonadati; Pseudomonadota; Gammaproteobacteria; Moraxellales; Moraxellaceae; Acinetobacter; Acinetobacter calcoaceticus/baumannii complex,0,1_113_CdnA#0,core,0.9524,0,0,0,0,[alpha] > other
NZ_VHHJ01000051.1:21929-22985:1,WP_000991548.1,FJV23_RS17310,,aromatic ring-hydroxylating dioxygenase subunit alpha,1_113_CdnA,1,152.9,0.8933,8.7e-45,NZ_VHHJ01000051.1,21929,22985,1,Acinetobacter baumannii,Bacteria; Pseudomonadati; Pseudomonadota; Gammaproteobacteria; Moraxellales; Moraxellaceae; Acinetobacter; Acinetobacter calcoaceticus/baumannii complex,0,1_113_CdnA#0,core,0.9619,0,0,0,0,[alpha] > other
NZ_VKFM01000001.1:282012-283047:-1,WP_063616704.1,F7H83_RS01300,hpxD,molybdenum cofactor-independent xanthine hydroxylase subunit HpxD,1_113_CdnA,1,153.5,0.8764,5.9e-45,NZ_VKFM01000001.1,282012,283047,-1,Enterobacter roggenkampii,Bacteria; Pseudomonadati; Pseudomonadota; Gammaproteobacteria; Enterobacterales; Enterobacteriaceae; Enterobacter; Enterobacter cloacae complex,0,1_113_CdnA#5,core,0.9082,0,0,0,0,reductase > [alpha] > reductase
NZ_VKVT01000003.1:277226-278261:-1,WP_045354525.1,G4859_RS06390,hpxD,molybdenum cofactor-independent xanthine hydroxylase subunit HpxD,1_113_CdnA,1,150.8,0.8764,3.8e-44,NZ_VKVT01000003.1,277226,278261,-1,Enterobacter asburiae,Bacteria; Pseudomonadati; Pseudomonadota; Gammaproteobacteria; Enterobacterales; Enterobacteriaceae; Enterobacter; Enterobacter cloacae complex,0,1_113_CdnA#4,core,0.9304,0,0,0,0,reductase > [alpha] > reductase
NZ_VKWB01000007.1:22566-23604:1,WP_032717653.1,G4868_RS11580,hpxD,molybdenum cofactor-independent xanthine hydroxylase subunit HpxD,1_113_CdnA,1,148.2,0.8764,2.3e-43,NZ_VKWB01000007.1,22566,23604,1,Raoultella ornithinolytica,Bacteria; Pseudomonadati; Pseudomonadota; Gammaproteobacteria; Enterobacterales; Enterobacteriaceae; Klebsiella/Raoultella group; Raoultella,0,1_113_CdnA#4,core,0.854,0,0,0,0,[alpha] > reductase
NZ_VLUI01000026.1:23189-24245:1,WP_004884253.1,G4922_RS13875,,aromatic ring-hydroxylating dioxygenase subunit alpha,1_113_CdnA,1,157.7,0.8933,3e-46,NZ_VLUI01000026.1,23189,24245,1,Acinetobacter nosocomialis,Bacteria; Pseudomonadati; Pseudomonadota; Gammaproteobacteria; Moraxellales; Moraxellaceae; Acinetobacter; Acinetobacter calcoaceticus/baumannii complex,0,1_113_CdnA#0,core,0.9492,0,0,0,0,[alpha] > other
NZ_VMKE01000029.1:4254-5310:1,WP_030424149.1,FML82_RS17505,,Rieske 2Fe-2S domain-containing protein,1_113_CdnA,1,151.0,0.8933,3.4e-44,NZ_VMKE01000029.1,4254,5310,1,Acinetobacter baumannii,Bacteria; Pseudomonadati; Pseudomonadota; Gammaproteobacteria; Moraxellales; Moraxellaceae; Acinetobacter; Acinetobacter calcoaceticus/baumannii complex,0,1_113_CdnA#0,core,0.946,0,0,0,0,[alpha] > other
NZ_VMTP01000013.1:10438-11494:1,WP_016652164.1,FPV60_RS01665,,aromatic ring-hydroxylating dioxygenase subunit alpha,1_113_CdnA,1,137.2,0.8904,5.3e-40,NZ_VMTP01000013.1,10438,11494,1,Acinetobacter colistiniresistens,Bacteria; Pseudomonadati; Pseudomonadota; Gammaproteobacteria; Moraxellales; Moraxellaceae; Acinetobacter,0,1_113_CdnA#0,core,0.7399,0,0,0,0,[alpha] > regulator > other
NZ_VNTE01000072.1:0-1017:1,WP_047935124.1,FMJ34_RS29740,hpxD,molybdenum cofactor-independent xanthine hydroxylase subunit HpxD,1_113_CdnA,1,149.7,0.8764,8.1e-44,NZ_VNTE01000072.1,0,1017,1,Klebsiella michiganensis,Bacteria; Pseudomonadati; Pseudomonadota; Gammaproteobacteria; Enterobacterales; Enterobacteriaceae; Klebsiella/Raoultella group; Klebsiella,0,1_113_CdnA#2,core,0.9377,0,0,0,0,[alpha] > reductase
NZ_VNVA01000078.1:1756-2794:-1,WP_004100869.1,FML38_RS17170,hpxD,molybdenum cofactor-independent xanthine hydroxylase subunit HpxD,1_113_CdnA,1,153.5,0.8764,5.7e-45,NZ_VNVA01000078.1,1756,2794,-1,Klebsiella oxytoca,Bacteria; Pseudomonadati; Pseudomonadota; Gammaproteobacteria; Enterobacterales; Enterobacteriaceae; Klebsiella/Raoultella group; Klebsiella,0,1_113_CdnA#4,core,0.9273,0,0,0,0,[alpha] > reductase
NZ_VMTP01000100.1:81149-82205:1,WP_005243347.1,FPV60_RS19010,,aromatic ring-hydroxylating dioxygenase subunit alpha,1_113_CdnA,1,149.4,0.8904,1e-43,NZ_VMTP01000100.1,81149,82205,1,Acinetobacter colistiniresistens,Bacteria; Pseudomonadati; Pseudomonadota; Gammaproteobacteria; Moraxellales; Moraxellaceae; Acinetobacter,0,1_113_CdnA#1,core,0.879,0,0,0,0,[alpha]
NZ_VNVC01000008.1:60037-61075:-1,WP_004860301.1,FML69_RS06780,hpxD,molybdenum cofactor-independent xanthine hydroxylase subunit HpxD,1_113_CdnA,1,147.8,0.8764,3.2e-43,NZ_VNVC01000008.1,60037,61075,-1,Raoultella ornithinolytica,Bacteria; Pseudomonadati; Pseudomonadota; Gammaproteobacteria; Enterobacterales; Enterobacteriaceae; Klebsiella/Raoultella group; Raoultella,0,1_113_CdnA#4,core,0.8571,0,0,0,0,[alpha] > reductase
NZ_VNVX01000007.1:69691-70729:1,WP_047664576.1,FML70_RS08015,hpxD,molybdenum cofactor-independent xanthine hydroxylase subunit HpxD,1_113_CdnA,1,147.9,0.8764,2.9e-43,NZ_VNVX01000007.1,69691,70729,1,Raoultella planticola,Bacteria; Pseudomonadati; Pseudomonadota; Gammaproteobacteria; Enterobacterales; Enterobacteriaceae; Klebsiella/Raoultella group; Raoultella,0,1_113_CdnA#4,core,0.8635,0,0,0,0,[alpha] > reductase
NZ_VOQT01000016.1:77909-78884:-1,WP_003067157.1,FSY45_RS22015,,aromatic ring-hydroxylating dioxygenase subunit alpha,1_113_CdnA,1,180.1,0.8764,4.9e-53,NZ_VOQT01000016.1,77909,78884,-1,Comamonas sp. Z1,Bacteria; Pseudomonadati; Pseudomonadota; Betaproteobacteria; Burkholderiales; Comamonadaceae; Comamonas,0,1_113_CdnA#12,novel_candidate,0.2842,0,0,0,0,[alpha]
NZ_VTUD01000017.1:61704-62739:-1,WP_014883280.1,F0324_RS12855,hpxD,molybdenum cofactor-independent xanthine hydroxylase subunit HpxD,1_113_CdnA,1,154.9,0.8764,2.2e-45,NZ_VTUD01000017.1,61704,62739,-1,Enterobacter kobei,Bacteria; Pseudomonadati; Pseudomonadota; Gammaproteobacteria; Enterobacterales; Enterobacteriaceae; Enterobacter; Enterobacter cloacae complex,0,1_113_CdnA#5,core,0.9335,0,0,0,0,reductase > [alpha] > reductase
NZ_VXKN01000007.1:113836-114886:1,WP_070070242.1,F4V57_RS10245,,Rieske 2Fe-2S domain-containing protein,1_113_CdnA,1,160.6,0.8764,4e-47,NZ_VXKN01000007.1,113836,114886,1,Acinetobacter qingfengensis,Bacteria; Pseudomonadati; Pseudomonadota; Gammaproteobacteria; Moraxellales; Moraxellaceae; Acinetobacter,0,1_113_CdnA#5,core,0.6462,0,0,0,0,[alpha]
NZ_VXKN01000007.1:116075-117131:1,WP_070070244.1,F4V57_RS10255,,aromatic ring-hydroxylating dioxygenase subunit alpha,1_113_CdnA,1,147.8,0.8904,3e-43,NZ_VXKN01000007.1,116075,117131,1,Acinetobacter qingfengensis,Bacteria; Pseudomonadati; Pseudomonadota; Gammaproteobacteria; Moraxellales; Moraxellaceae; Acinetobacter,0,1_113_CdnA#0,core,0.764,1,0,0,1,reductase > [alpha] > transporter
NZ_VZOF01000003.1:202128-203184:-1,WP_005090794.1,F7P75_RS03785,,aromatic ring-hydroxylating dioxygenase subunit alpha,1_113_CdnA,1,137.2,0.8904,5.2e-40,NZ_VZOF01000003.1,202128,203184,-1,Acinetobacter gandensis,Bacteria; Pseudomonadati; Pseudomonadota; Gammaproteobacteria; Moraxellales; Moraxellaceae; Acinetobacter,0,1_113_CdnA#0,core,0.8176,0,0,0,0,[alpha]
NZ_VZOF01000010.1:220-1273:1,WP_067765776.1,F7P75_RS09690,,Rieske 2Fe-2S domain-containing protein,1_113_CdnA,1,150.8,0.882,3.8e-44,NZ_VZOF01000010.1,220,1273,1,Acinetobacter gandensis,Bacteria; Pseudomonadati; Pseudomonadota; Gammaproteobacteria; Moraxellales; Moraxellaceae; Acinetobacter,0,1_113_CdnA#1,core,0.8227,0,0,0,0,transposon > [alpha]
NZ_VZOV01000007.1:242671-243709:-1,WP_053824442.1,F7Q96_RS11890,,aromatic ring-hydroxylating dioxygenase subunit alpha,1_113_CdnA,1,146.5,0.9129,7.8e-43,NZ_VZOV01000007.1,242671,243709,-1,Cupriavidus gilardii,Bacteria; Pseudomonadati; Pseudomonadota; Betaproteobacteria; Burkholderiales; Burkholderiaceae; Cupriavidus,0,1_113_CdnA#14,novel_candidate,0.25,0,0,0,0,transporter > [alpha] > transporter > transporter > regulator > other
NZ_VZZQ01000024.1:22146-23202:1,WP_029423852.1,F6W78_RS16590,,aromatic ring-hydroxylating dioxygenase subunit alpha,1_113_CdnA,1,155.5,0.8933,1.5e-45,NZ_VZZQ01000024.1,22146,23202,1,Acinetobacter baumannii,Bacteria; Pseudomonadota; Gammaproteobacteria; Moraxellales; Moraxellaceae; Acinetobacter; Acinetobacter calcoaceticus/baumannii complex,0,1_113_CdnA#0,core,0.9459,0,0,0,0,[alpha] > other
NZ_WABK01000109.1:7187-8222:1,WP_024104445.1,F7091_RS19490,,aromatic ring-hydroxylating dioxygenase subunit alpha,1_113_CdnA,1,161.1,0.8736,2.9e-47,NZ_WABK01000109.1,7187,8222,1,Dickeya dianthicola,Bacteria; Pseudomonadati; Pseudomonadota; Gammaproteobacteria; Enterobacterales; Pectobacteriaceae; Dickeya,0,1_113_CdnA#2,core,0.7385,0,0,0,0,[alpha] > reductase > reductase
NZ_WIVU01000058.1:9903-10935:-1,WP_009682454.1,GHO27_RS21540,,aromatic ring-hydroxylating dioxygenase subunit alpha,1_113_CdnA,1,173.2,0.8652,5.9e-51,NZ_WIVU01000058.1,9903,10935,-1,Pseudomonas helleri,Bacteria; Pseudomonadati; Pseudomonadota; Gammaproteobacteria; Pseudomonadales; Pseudomonadaceae; Pseudomonas,0,1_113_CdnA#23,core,0.5818,0,0,0,0,[alpha]
NZ_WJBX01000034.1:27097-28153:-1,WP_049589995.1,GE119_RS12980,,aromatic ring-hydroxylating dioxygenase subunit alpha,1_113_CdnA,1,155.2,0.8933,1.8e-45,NZ_WJBX01000034.1,27097,28153,-1,Acinetobacter baumannii,Bacteria; Pseudomonadati; Pseudomonadota; Gammaproteobacteria; Moraxellales; Moraxellaceae; Acinetobacter; Acinetobacter calcoaceticus/baumannii complex,0,1_113_CdnA#0,core,0.9556,0,0,0,0,[alpha] > other
NZ_WJOD01000025.1:27407-28463:-1,WP_000991563.1,GHT90_RS13060,,aromatic ring-hydroxylating dioxygenase subunit alpha,1_113_CdnA,1,155.4,0.8933,1.5e-45,NZ_WJOD01000025.1,27407,28463,-1,Acinetobacter baumannii,Bacteria; Pseudomonadati; Pseudomonadota; Gammaproteobacteria; Moraxellales; Moraxellaceae; Acinetobacter; Acinetobacter calcoaceticus/baumannii complex,0,1_113_CdnA#0,core,0.9524,0,0,0,0,[alpha] > other
NZ_WJOD01000060.1:11474-12530:1,WP_000991568.1,GHT90_RS18435,,aromatic ring-hydroxylating dioxygenase subunit alpha,1_113_CdnA,1,149.8,0.8904,7.9e-44,NZ_WJOD01000060.1,11474,12530,1,Acinetobacter baumannii,Bacteria; Pseudomonadati; Pseudomonadota; Gammaproteobacteria; Moraxellales; Moraxellaceae; Acinetobacter; Acinetobacter calcoaceticus/baumannii complex,0,1_113_CdnA#0,core,0.768,0,0,0,0,[alpha]
NZ_WJPN01000015.1:60757-61771:1,WP_153752290.1,GIY21_RS16045,,Rieske 2Fe-2S domain-containing protein,1_113_CdnA,1,87.3,0.4635,7.6e-25,NZ_WJPN01000015.1,60757,61771,1,Xanthomonas sontii,Bacteria; Pseudomonadati; Pseudomonadota; Gammaproteobacteria; Lysobacterales; Lysobacteraceae; Xanthomonas,0,1_113_CdnA#26,novel_candidate,0.3043,0,0,0,0,reductase > ring_cleavage > reductase > other > other > other > reductase > hydrolase > other > hypothetical > other > [alpha]
NZ_WJNU01000022.1:21214-22270:1,WP_000991550.1,GFB79_RS18490,,aromatic ring-hydroxylating dioxygenase subunit alpha,1_113_CdnA,1,155.3,0.8933,1.7e-45,NZ_WJNU01000022.1,21214,22270,1,Acinetobacter baumannii,Bacteria; Pseudomonadati; Pseudomonadota; Gammaproteobacteria; Moraxellales; Moraxellaceae; Acinetobacter; Acinetobacter calcoaceticus/baumannii complex,0,1_113_CdnA#0,core,0.9524,0,0,0,0,[alpha] > other
NZ_WMCJ01000003.1:454373-455426:-1,WP_008575627.1,GPA06_RS07985,,aromatic ring-hydroxylating dioxygenase subunit alpha,1_113_CdnA,1,166.2,0.8764,7.9e-49,NZ_WMCJ01000003.1,454373,455426,-1,Xanthomonas perforans,Bacteria; Pseudomonadati; Pseudomonadota; Gammaproteobacteria; Lysobacterales; Lysobacteraceae; Xanthomonas,0,1_113_CdnA#3,core,0.972,0,0,0,0,[alpha] > reductase
NZ_WMOD01000008.1:43289-44327:-1,WP_004112020.1,HZ885_RS14235,hpxD,molybdenum cofactor-independent xanthine hydroxylase subunit HpxD,1_113_CdnA,1,153.7,0.8764,5.2e-45,NZ_WMOD01000008.1,43289,44327,-1,Klebsiella oxytoca,Bacteria; Pseudomonadati; Pseudomonadota; Gammaproteobacteria; Enterobacterales; Enterobacteriaceae; Klebsiella/Raoultella group; Klebsiella,0,1_113_CdnA#4,core,0.9161,0,0,0,0,[alpha] > reductase
NZ_WMOF01000001.1:316939-317977:-1,WP_004205930.1,HZ977_RS01545,hpxD,molybdenum cofactor-independent xanthine hydroxylase subunit HpxD,1_113_CdnA,1,152.9,0.8764,8.9e-45,NZ_WMOF01000001.1,316939,317977,-1,Klebsiella quasipneumoniae,Bacteria; Pseudomonadati; Pseudomonadota; Gammaproteobacteria; Enterobacterales; Enterobacteriaceae; Klebsiella/Raoultella group; Klebsiella,0,1_113_CdnA#2,core,0.9236,0,0,0,0,[alpha] > other
NZ_WMOY01000007.1:117410-118448:1,WP_004871446.1,HZ883_RS17425,hpxD,molybdenum cofactor-independent xanthine hydroxylase subunit HpxD,1_113_CdnA,1,149.7,0.8764,8.4e-44,NZ_WMOY01000007.1,117410,118448,1,Klebsiella grimontii,Bacteria; Pseudomonadati; Pseudomonadota; Gammaproteobacteria; Enterobacterales; Enterobacteriaceae; Klebsiella/Raoultella group; Klebsiella,0,1_113_CdnA#2,core,0.9347,0,0,0,0,[alpha] > reductase
NZ_WMOZ01000020.1:1556-2594:1,WP_014228754.1,HZ882_RS22115,hpxD,molybdenum cofactor-independent xanthine hydroxylase subunit HpxD,1_113_CdnA,1,149.6,0.8764,8.7e-44,NZ_WMOZ01000020.1,1556,2594,1,Klebsiella michiganensis,Bacteria; Pseudomonadati; Pseudomonadota; Gammaproteobacteria; Enterobacterales; Enterobacteriaceae; Klebsiella/Raoultella group; Klebsiella,0,1_113_CdnA#4,core,0.9381,0,0,0,0,[alpha] > reductase
NZ_WNDV01000003.1:297962-299018:1,WP_278644399.1,GAK33_RS07335,,aromatic ring-hydroxylating dioxygenase subunit alpha,1_113_CdnA,1,169.5,0.8904,7.7e-50,NZ_WNDV01000003.1,297962,299018,1,Burkholderia lata,Bacteria; Pseudomonadati; Pseudomonadota; Betaproteobacteria; Burkholderiales; Burkholderiaceae; Burkholderia; Burkholderia cepacia complex,0,1_113_CdnA#16,divergent,0.486,1,0,0,1,[alpha] > other > reductase
NZ_WOVM01000031.1:27203-28259:-1,WP_001100889.1,GOM65_RS14860,,Rieske 2Fe-2S domain-containing protein,1_113_CdnA,1,154.8,0.8933,2.4e-45,NZ_WOVM01000031.1,27203,28259,-1,Acinetobacter baumannii,Bacteria; Pseudomonadati; Pseudomonadota; Gammaproteobacteria; Moraxellales; Moraxellaceae; Acinetobacter; Acinetobacter calcoaceticus/baumannii complex,0,1_113_CdnA#0,core,0.9556,0,0,0,0,[alpha] > other
NZ_WPBG01000017.1:65357-66395:-1,WP_021314344.1,GOY79_RS16735,hpxD,molybdenum cofactor-independent xanthine hydroxylase subunit HpxD,1_113_CdnA,1,156.3,0.8764,8.3e-46,NZ_WPBG01000017.1,65357,66395,-1,Klebsiella quasipneumoniae subsp. similipneumoniae,Bacteria; Pseudomonadati; Pseudomonadota; Gammaproteobacteria; Enterobacterales; Enterobacteriaceae; Klebsiella/Raoultella group; Klebsiella,0,1_113_CdnA#4,core,0.9201,0,0,0,0,[alpha] > other
NZ_WOTE01000007.1:28571-29624:-1,WP_059023979.1,GOB80_RS10945,,aromatic ring-hydroxylating dioxygenase subunit alpha,1_113_CdnA,1,161.9,0.8904,1.6e-47,NZ_WOTE01000007.1,28571,29624,-1,Acetobacter ghanensis,Bacteria; Pseudomonadati; Pseudomonadota; Alphaproteobacteria; Acetobacterales; Acetobacteraceae; Acetobacter,0,1_113_CdnA#22,core,0.8013,0,0,0,0,[alpha]
NZ_WQMN01000030.1:27410-28466:-1,WP_000991547.1,GO875_RS11300,,aromatic ring-hydroxylating dioxygenase subunit alpha,1_113_CdnA,1,153.4,0.8933,6.3e-45,NZ_WQMN01000030.1,27410,28466,-1,Acinetobacter baumannii,Bacteria; Pseudomonadati; Pseudomonadota; Gammaproteobacteria; Moraxellales; Moraxellaceae; Acinetobacter; Acinetobacter calcoaceticus/baumannii complex,0,1_113_CdnA#0,core,0.9459,0,0,0,0,[alpha] > other
NZ_WRWU01000100.1:40593-41631:-1,WP_048297498.1,GQO93_RS24830,hpxD,molybdenum cofactor-independent xanthine hydroxylase subunit HpxD,1_113_CdnA,1,153.3,0.8764,6.8e-45,NZ_WRWU01000100.1,40593,41631,-1,Klebsiella quasipneumoniae,Bacteria; Pseudomonadati; Pseudomonadota; Gammaproteobacteria; Enterobacterales; Enterobacteriaceae; Klebsiella/Raoultella group; Klebsiella,0,1_113_CdnA#2,core,0.9239,0,0,0,0,[alpha] > other
NZ_WTTN01000006.1:68488-69541:-1,WP_005091097.1,GPS53_RS02590,,aromatic ring-hydroxylating dioxygenase subunit alpha,1_113_CdnA,1,158.4,0.882,1.8e-46,NZ_WTTN01000006.1,68488,69541,-1,Acinetobacter haemolyticus,Bacteria; Pseudomonadati; Pseudomonadota; Gammaproteobacteria; Moraxellales; Moraxellaceae; Acinetobacter,0,1_113_CdnA#1,core,0.9029,0,0,0,0,[alpha]
NZ_WTTR01000124.1:8735-9788:-1,WP_017394961.1,GPS49_RS14430,,aromatic ring-hydroxylating dioxygenase subunit alpha,1_113_CdnA,1,160.0,0.882,5.9e-47,NZ_WTTR01000124.1,8735,9788,-1,Acinetobacter haemolyticus,Bacteria; Pseudomonadati; Pseudomonadota; Gammaproteobacteria; Moraxellales; Moraxellaceae; Acinetobacter,0,1_113_CdnA#1,core,0.9029,0,0,0,0,[alpha]
NZ_WRXJ01000080.1:15362-16400:1,WP_023158388.1,GQO55_RS23025,hpxD,molybdenum cofactor-independent xanthine hydroxylase subunit HpxD,1_113_CdnA,1,152.5,0.8764,1.2e-44,NZ_WRXJ01000080.1,15362,16400,1,Klebsiella pneumoniae,Bacteria; Pseudomonadati; Pseudomonadota; Gammaproteobacteria; Enterobacterales; Enterobacteriaceae; Klebsiella/Raoultella group; Klebsiella,0,1_113_CdnA#2,core,0.9306,0,0,0,0,[alpha] > other
NZ_WTTY01000061.1:11434-12490:-1,WP_008941356.1,GPS42_RS12995,,aromatic ring-hydroxylating dioxygenase subunit alpha,1_113_CdnA,1,136.5,0.8876,8.8e-40,NZ_WTTY01000061.1,11434,12490,-1,Acinetobacter haemolyticus,Bacteria; Pseudomonadati; Pseudomonadota; Gammaproteobacteria; Moraxellales; Moraxellaceae; Acinetobacter,0,1_113_CdnA#0,core,0.757,0,0,0,0,[alpha] > regulator
NZ_WTZM01000027.1:22016-23072:1,WP_000991561.1,AB71198_RS14975,,aromatic ring-hydroxylating dioxygenase subunit alpha,1_113_CdnA,1,157.3,0.8933,4e-46,NZ_WTZM01000027.1,22016,23072,1,Acinetobacter baumannii,Bacteria; Pseudomonadati; Pseudomonadota; Gammaproteobacteria; Moraxellales; Moraxellaceae; Acinetobacter; Acinetobacter calcoaceticus/baumannii complex,0,1_113_CdnA#0,core,0.949,0,0,0,0,[alpha] > other
NZ_WTDM01000005.1:274239-275277:-1,WP_004892031.1,GQQ42_RS11915,hpxD,molybdenum cofactor-independent xanthine hydroxylase subunit HpxD,1_113_CdnA,1,152.9,0.8764,9.1e-45,NZ_WTDM01000005.1,274239,275277,-1,Klebsiella pneumoniae,Bacteria; Pseudomonadati; Pseudomonadota; Gammaproteobacteria; Enterobacterales; Enterobacteriaceae; Klebsiella/Raoultella group; Klebsiella,0,1_113_CdnA#2,core,0.8958,0,0,0,0,[alpha] > other
NZ_WTEK01000003.1:87311-88349:-1,WP_002904779.1,GQQ66_RS08180,hpxD,molybdenum cofactor-independent xanthine hydroxylase subunit HpxD,1_113_CdnA,1,152.6,0.8764,1.1e-44,NZ_WTEK01000003.1,87311,88349,-1,Klebsiella pneumoniae,Bacteria; Pseudomonadati; Pseudomonadota; Gammaproteobacteria; Enterobacterales; Enterobacteriaceae; Klebsiella/Raoultella group; Klebsiella,0,1_113_CdnA#2,core,0.934,0,0,0,0,[alpha] > other
NZ_WTDL01000003.1:637582-638620:1,WP_009485248.1,GQQ41_RS10560,hpxD,molybdenum cofactor-independent xanthine hydroxylase subunit HpxD,1_113_CdnA,1,152.6,0.8764,1.1e-44,NZ_WTDL01000003.1,637582,638620,1,Klebsiella pneumoniae,Bacteria; Pseudomonadati; Pseudomonadota; Gammaproteobacteria; Enterobacterales; Enterobacteriaceae; Klebsiella/Raoultella group; Klebsiella,0,1_113_CdnA#2,core,0.9308,0,0,0,0,[alpha] > other
NZ_WULP01000001.1:776597-777635:1,WP_023301942.1,GR669_RS04020,hpxD,molybdenum cofactor-independent xanthine hydroxylase subunit HpxD,1_113_CdnA,1,150.5,0.8764,4.8e-44,NZ_WULP01000001.1,776597,777635,1,Klebsiella pneumoniae,Bacteria; Pseudomonadati; Pseudomonadota; Gammaproteobacteria; Enterobacterales; Enterobacteriaceae; Klebsiella/Raoultella group; Klebsiella,0,1_113_CdnA#2,core,0.9271,0,0,0,0,[alpha] > other
NZ_WULU01000014.1:102114-103152:1,WP_064145451.1,GR691_RS15755,hpxD,molybdenum cofactor-independent xanthine hydroxylase subunit HpxD,1_113_CdnA,1,151.7,0.8764,2e-44,NZ_WULU01000014.1,102114,103152,1,Klebsiella pneumoniae,Bacteria; Pseudomonadati; Pseudomonadota; Gammaproteobacteria; Enterobacterales; Enterobacteriaceae; Klebsiella/Raoultella group; Klebsiella,0,1_113_CdnA#2,core,0.9306,0,0,0,0,[alpha] > other
NZ_WVVY01000001.1:340877-341915:-1,WP_004190174.1,GV815_RS01635,hpxD,molybdenum cofactor-independent xanthine hydroxylase subunit HpxD,1_113_CdnA,1,152.5,0.8764,1.2e-44,NZ_WVVY01000001.1,340877,341915,-1,Klebsiella pneumoniae,Bacteria; Pseudomonadati; Pseudomonadota; Gammaproteobacteria; Enterobacterales; Enterobacteriaceae; Klebsiella/Raoultella group; Klebsiella,0,1_113_CdnA#2,core,0.934,0,0,0,0,[alpha] > other
NZ_WXZO01000019.1:49161-50199:1,WP_004215091.1,GUI81_RS09980,hpxD,molybdenum cofactor-independent xanthine hydroxylase subunit HpxD,1_113_CdnA,1,149.1,0.8764,1.2e-43,NZ_WXZO01000019.1,49161,50199,1,Klebsiella pneumoniae,Bacteria; Pseudomonadati; Pseudomonadota; Gammaproteobacteria; Enterobacterales; Enterobacteriaceae; Klebsiella/Raoultella group; Klebsiella,0,1_113_CdnA#2,core,0.9306,0,0,0,0,[alpha] > other
NZ_WYAS01000041.1:7356-8412:1,WP_000991559.1,GUK67_RS16905,,aromatic ring-hydroxylating dioxygenase subunit alpha,1_113_CdnA,1,155.4,0.8933,1.5e-45,NZ_WYAS01000041.1,7356,8412,1,Acinetobacter baumannii,Bacteria; Pseudomonadati; Pseudomonadota; Gammaproteobacteria; Moraxellales; Moraxellaceae; Acinetobacter; Acinetobacter calcoaceticus/baumannii complex,0,1_113_CdnA#0,core,0.9524,0,0,0,0,[alpha] > other
NZ_WXZY01000009.1:127500-128538:-1,WP_004148366.1,GUK38_RS12645,hpxD,molybdenum cofactor-independent xanthine hydroxylase subunit HpxD,1_113_CdnA,1,152.5,0.8764,1.2e-44,NZ_WXZY01000009.1,127500,128538,-1,Klebsiella pneumoniae,Bacteria; Pseudomonadati; Pseudomonadota; Gammaproteobacteria; Enterobacterales; Enterobacteriaceae; Klebsiella/Raoultella group; Klebsiella,0,1_113_CdnA#2,core,0.9306,0,0,0,0,[alpha] > other
NZ_WYAT01000026.1:22639-23695:1,WP_000991558.1,GUK66_RS18005,,aromatic ring-hydroxylating dioxygenase subunit alpha,1_113_CdnA,1,155.4,0.8933,1.5e-45,NZ_WYAT01000026.1,22639,23695,1,Acinetobacter baumannii,Bacteria; Pseudomonadati; Pseudomonadota; Gammaproteobacteria; Moraxellales; Moraxellaceae; Acinetobacter; Acinetobacter calcoaceticus/baumannii complex,0,1_113_CdnA#0,core,0.9492,0,0,0,0,[alpha] > other
XM_006348981.2:291-1941:1,XP_006349043.1,,LOC102579316,"pheophorbide a oxygenase, chloroplastic",1_113_CdnA,1,67.4,0.4972,8.7e-19,XM_006348981.2,291,1941,1,Solanum tuberosum,Eukaryota; Viridiplantae; Streptophyta; Embryophyta; Tracheophyta; Spermatophyta; Magnoliopsida; eudicotyledons; Gunneridae; Pentapetalae; asterids; lamiids; Solanales; Solanaceae; Solanoideae; Solaneae; Solanum,0,1_113_CdnA#38,novel_candidate,0.2637,0,0,0,0,[alpha]
XM_012716882.1:333-1929:1,XP_012572336.1,,LOC101506112,"protochlorophyllide-dependent translocon component 52, chloroplastic",1_113_CdnA,1,55.1,0.4775,4.7e-15,XM_012716882.1,333,1929,1,Cicer arietinum,Eukaryota; Viridiplantae; Streptophyta; Embryophyta; Tracheophyta; Spermatophyta; Magnoliophyta; eudicotyledons; Gunneridae; Pentapetalae; rosids; fabids; Fabales; Fabaceae; Papilionoideae; Cicereae; Cicer,0,1_113_CdnA#24,novel_candidate,0.2294,0,0,0,0,[alpha]
NZ_WYAL01000007.1:306920-307958:1,WP_002904779.1,GUK32_RS07490,hpxD,molybdenum cofactor-independent xanthine hydroxylase subunit HpxD,1_113_CdnA,1,152.6,0.8764,1.1e-44,NZ_WYAL01000007.1,306920,307958,1,Klebsiella pneumoniae,Bacteria; Pseudomonadati; Pseudomonadota; Gammaproteobacteria; Enterobacterales; Enterobacteriaceae; Klebsiella/Raoultella group; Klebsiella,0,1_113_CdnA#2,core,0.934,0,0,0,0,[alpha] > other
NZ_WYAM01000003.1:101076-102114:1,WP_014907614.1,GUK40_RS00835,hpxD,molybdenum cofactor-independent xanthine hydroxylase subunit HpxD,1_113_CdnA,1,152.6,0.8764,1.1e-44,NZ_WYAM01000003.1,101076,102114,1,Klebsiella pneumoniae,Bacteria; Pseudomonadati; Pseudomonadota; Gammaproteobacteria; Enterobacterales; Enterobacteriaceae; Klebsiella/Raoultella group; Klebsiella,0,1_113_CdnA#2,core,0.934,0,0,0,0,[alpha] > other
XM_022917528.1:109-1447:1,XP_022773263.1,,LOC111315638,"chlorophyllide a oxygenase, chloroplastic-like isoform X2",1_113_CdnA,1,65.0,0.8118,4.8e-18,XM_022917528.1,109,1447,1,Durio zibethinus,Eukaryota; Viridiplantae; Streptophyta; Embryophyta; Tracheophyta; Spermatophyta; Magnoliopsida; eudicotyledons; Gunneridae; Pentapetalae; rosids; malvids; Malvales; Malvaceae; Helicteroideae; Durio,0,1_113_CdnA#41,novel_candidate,0.2322,0,0,0,0,[alpha]
XM_027217258.1:537-2229:1,XP_027073059.1,,LOC113697576,"protochlorophyllide-dependent translocon component 52, chloroplastic-like",1_113_CdnA,1,64.6,0.4944,6.1e-18,XM_027217258.1,537,2229,1,Coffea arabica,Eukaryota; Viridiplantae; Streptophyta; Embryophyta; Tracheophyta; Spermatophyta; Magnoliopsida; eudicotyledons; Gunneridae; Pentapetalae; asterids; lamiids; Gentianales; Rubiaceae; Ixoroideae; Gardenieae complex; Bertiereae - Coffeeae clade; Coffeeae; Coffea,0,1_113_CdnA#24,novel_candidate,0.2453,0,0,0,0,[alpha]
XM_027336145.1:148-1744:1,XP_027191946.1,,LOC101506112,"protochlorophyllide-dependent translocon component 52, chloroplastic",1_113_CdnA,1,55.1,0.4775,4.7e-15,XM_027336145.1,148,1744,1,Cicer arietinum,Eukaryota; Viridiplantae; Streptophyta; Embryophyta; Tracheophyta; Spermatophyta; Magnoliopsida; eudicotyledons; Gunneridae; Pentapetalae; rosids; fabids; Fabales; Fabaceae; Papilionoideae; 50 kb inversion clade; NPAAA clade; Hologalegina; IRL clade; Cicereae; Cicer,0,1_113_CdnA#24,novel_candidate,0.2294,0,0,0,0,[alpha]
