candidate_id,protein_id,locus_tag,gene,product,ro_cluster,ro_group,hmm_score,model_coverage,hmm_evalue,nucleotide_id,start,end,strand,organism,taxonomy,is_plasmid,leaf_id,assignment_class,core_identity,operon_completeness,has_beta,has_ferredoxin,has_reductase,layout
NC_009427.1:224746-225853:1,WP_041551635.1,SARO_RS18880,,Rieske 2Fe-2S domain-containing protein,3_313_KshA15,3,125.8,0.8117,1.5e-36,NC_009427.1,224746,225853,1,Novosphingobium aromaticivorans DSM 12444,Bacteria; Pseudomonadati; Pseudomonadota; Alphaproteobacteria; Sphingomonadales; Sphingomonadaceae; Novosphingobium,1,3_313_KshA15#20,core,0.9431,0,0,0,0,other > other > reductase > regulator > other > other > other > hydrolase > reductase > [alpha] > hydrolase
NC_010801.1:251752-252781:-1,WP_012218294.1,BMULJ_RS27900,,aromatic ring-hydroxylating dioxygenase subunit alpha,3_313_KshA15,3,86.1,0.5165,1.7e-24,NC_010801.1,251752,252781,-1,Burkholderia multivorans ATCC 17616,Bacteria; Pseudomonadati; Pseudomonadota; Betaproteobacteria; Burkholderiales; Burkholderiaceae; Burkholderia; Burkholderia cepacia complex,0,3_313_KshA15#23,divergent,0.4311,0,0,0,0,alpha_other > other > other > [alpha] > transporter
NC_010801.1:255766-256792:-1,WP_012218291.1,BMULJ_RS27915,,Rieske 2Fe-2S domain-containing protein,3_313_KshA15,3,97.4,0.5242,6.5e-28,NC_010801.1,255766,256792,-1,Burkholderia multivorans ATCC 17616,Bacteria; Pseudomonadati; Pseudomonadota; Betaproteobacteria; Burkholderiales; Burkholderiaceae; Burkholderia; Burkholderia cepacia complex,0,3_313_KshA15#23,divergent,0.4472,0,0,0,0,[alpha] > other > other > alpha_other > transporter
NM_001096967.1:41-1406:1,NP_001090436.1,,XB5992703.S,cholesterol 7-desaturase nvd,3_313_KshA15,3,128.3,0.5623,2.6e-37,NM_001096967.1,41,1406,1,Xenopus laevis,Eukaryota; Metazoa; Chordata; Craniata; Vertebrata; Euteleostomi; Amphibia; Batrachia; Anura; Pipoidea; Pipidae; Xenopodinae; Xenopus; Xenopus,0,3_313_KshA15#6,core,0.6913,0,0,0,0,[alpha]
NM_001104200.3:190-1480:1,NP_001097670.1,Dmel_CG40050,nvd,neverland,3_313_KshA15,3,127.0,0.5852,6.4e-37,NM_001104200.3,190,1480,1,Drosophila melanogaster,Eukaryota; Metazoa; Ecdysozoa; Arthropoda; Hexapoda; Insecta; Pterygota; Neoptera; Endopterygota; Diptera; Brachycera; Muscomorpha; Ephydroidea; Drosophilidae; Drosophila; Sophophora,0,3_313_KshA15#29,divergent,0.4015,0,0,0,0,[alpha]
NM_001142116.1:63-1431:1,NP_001135588.1,,XB5992703,uncharacterized protein LOC100216141,3_313_KshA15,3,128.8,0.5674,1.9e-37,NM_001142116.1,63,1431,1,Xenopus tropicalis,Eukaryota; Metazoa; Chordata; Craniata; Vertebrata; Euteleostomi; Amphibia; Batrachia; Anura; Pipoidea; Pipidae; Xenopodinae; Xenopus; Silurana,0,3_313_KshA15#6,core,0.6764,0,0,0,0,[alpha]
NM_001278983.1:61-1420:1,NP_001265912.1,,LOC100176071,cholesterol 7-desaturase nvd 2,3_313_KshA15,3,106.9,0.5547,8.3e-31,NM_001278983.1,61,1420,1,Ciona intestinalis,Eukaryota; Metazoa; Chordata; Tunicata; Ascidiacea; Phlebobranchia; Cionidae; Ciona,0,3_313_KshA15#159,divergent,0.4948,0,0,0,0,[alpha]
NM_001278985.1:27-1440:1,NP_001265914.1,,LOC100177386,cholesterol 7-desaturase nvd 1,3_313_KshA15,3,144.1,0.5344,4.1e-42,NM_001278985.1,27,1440,1,Ciona intestinalis,Eukaryota; Metazoa; Chordata; Tunicata; Ascidiacea; Phlebobranchia; Cionidae; Ciona,0,3_313_KshA15#158,core,0.5778,0,0,0,0,[alpha]
NM_073228.4:0-1287:1,NP_505629.2,CELE_C12D8.5,daf-36,Cholesterol 7-desaturase,3_313_KshA15,3,118.6,0.5623,2.3e-34,NM_073228.4,0,1287,1,Caenorhabditis elegans,Eukaryota; Metazoa; Ecdysozoa; Nematoda; Chromadorea; Rhabditida; Rhabditina; Rhabditomorpha; Rhabditoidea; Rhabditidae; Peloderinae; Caenorhabditis,0,3_313_KshA15#57,divergent,0.4286,0,0,0,0,[alpha]
NM_001002612.1:103-1486:1,NP_001002612.1,,zgc:92275,cholesterol 7-desaturase nvd,3_313_KshA15,3,136.3,0.5522,1e-39,NM_001002612.1,103,1486,1,Danio rerio,Eukaryota; Metazoa; Chordata; Craniata; Vertebrata; Euteleostomi; Actinopterygii; Neopterygii; Teleostei; Ostariophysi; Cypriniformes; Danionidae; Danioninae; Danio,0,3_313_KshA15#6,core,0.9378,0,0,0,0,[alpha]
NZ_AAVU01000011.1:17797-18808:1,WP_009784045.1,L8106_RS09480,,Rieske 2Fe-2S domain-containing protein,3_313_KshA15,3,115.9,0.7608,1.6e-33,NZ_AAVU01000011.1,17797,18808,1,Lyngbya sp. PCC 8106,Bacteria; Bacillati; Cyanobacteriota; Cyanophyceae; Oscillatoriophycideae; Oscillatoriales; Microcoleaceae; Lyngbya,0,3_313_KshA15#56,novel_candidate,0.2885,0,0,0,0,[alpha]
NZ_ABCS01000006.1:26951-28034:-1,WP_006969786.1,PPSIR1_RS04415,,Rieske 2Fe-2S domain-containing protein,3_313_KshA15,3,126.4,0.5623,9.9e-37,NZ_ABCS01000006.1,26951,28034,-1,Plesiocystis pacifica SIR-1,Bacteria; Pseudomonadati; Myxococcota; Polyangia; Nannocystales; Nannocystaceae; Plesiocystis,0,3_313_KshA15#157,novel_candidate,0.2988,0,0,0,0,other > [alpha]
NZ_ABLC01000056.1:31406-32486:-1,WP_006751844.1,BAMIOP4010_RS13100,,Rieske 2Fe-2S domain-containing protein,3_313_KshA15,3,397.8,0.8753,3.7e-119,NZ_ABLC01000056.1,31406,32486,-1,Burkholderia ambifaria IOP40-10,Bacteria; Pseudomonadati; Pseudomonadota; Betaproteobacteria; Burkholderiales; Burkholderiaceae; Burkholderia; Burkholderia cepacia complex,0,3_313_KshA15#10,core,0.9525,0,0,0,0,[alpha]
NZ_ADGX01000002.1:68218-69214:1,WP_006538022.1,FREUN1FDRAFT_RS00880,,Rieske 2Fe-2S domain-containing protein,3_313_KshA15,3,117.3,0.5165,5.6e-34,NZ_ADGX01000002.1,68218,69214,1,Parafrankia sp. EUN1f,Bacteria; Bacillati; Actinomycetota; Actinomycetes; Frankiales; Frankiaceae; Parafrankia,0,3_313_KshA15#2,core,0.6796,0,0,0,0,[alpha]
NZ_ADGX01000036.1:48850-49930:1,WP_006540602.1,FREUN1FDRAFT_RS13435,,Rieske 2Fe-2S domain-containing protein,3_313_KshA15,3,130.5,0.6819,5.8e-38,NZ_ADGX01000036.1,48850,49930,1,Parafrankia sp. EUN1f,Bacteria; Bacillati; Actinomycetota; Actinomycetes; Frankiales; Frankiaceae; Parafrankia,0,3_313_KshA15#47,novel_candidate,0.3769,0,0,0,0,[alpha] > other > hydrolase > reductase
NZ_AEUD01000016.1:53179-54352:1,WP_009680522.1,SCNU_RS16400,,Rieske 2Fe-2S domain-containing protein,3_313_KshA15,3,616.4,0.9669,1.5e-185,NZ_AEUD01000016.1,53179,54352,1,Gordonia neofelifaecis NRRL B-59395,Bacteria; Bacillati; Actinomycetota; Actinomycetes; Mycobacteriales; Gordoniaceae; Gordonia,0,3_313_KshA15#13,core,0.761,0,0,0,0,[alpha] > hypothetical
NZ_AGVE01000048.1:8009-9026:1,WP_003927242.1,KEK_RS18545,,aromatic ring-hydroxylating dioxygenase subunit alpha,3_313_KshA15,3,105.2,0.5115,2.7e-30,NZ_AGVE01000048.1,8009,9026,1,Mycolicibacterium thermoresistibile ATCC 19527,Bacteria; Bacillati; Actinomycetota; Actinomycetes; Mycobacteriales; Mycobacteriaceae; Mycolicibacterium,0,3_313_KshA15#2,core,0.7241,0,0,0,0,[alpha] > hydrolase > other
NZ_AGVE01000051.1:1519-2554:1,WP_003927632.1,KEK_RS20505,,Rieske 2Fe-2S domain-containing protein,3_313_KshA15,3,100.9,0.631,5.6e-29,NZ_AGVE01000051.1,1519,2554,1,Mycolicibacterium thermoresistibile ATCC 19527,Bacteria; Bacillati; Actinomycetota; Actinomycetes; Mycobacteriales; Mycobacteriaceae; Mycolicibacterium,0,3_313_KshA15#0,core,0.8227,0,0,0,0,[alpha] > reductase
NZ_AHBW01000027.1:39647-40796:1,WP_006550451.1,AK37_RS02185,,Rieske 2Fe-2S domain-containing protein,3_313_KshA15,3,673.6,0.9618,6.5e-203,NZ_AHBW01000027.1,39647,40796,1,Rhodococcus pyridinivorans AK37,Bacteria; Bacillati; Actinomycetota; Actinomycetes; Mycobacteriales; Nocardiaceae; Rhodococcus,0,3_313_KshA15#19,core,0.7445,0,0,0,0,[alpha] > hypothetical
NZ_AHBW01000037.1:173293-174472:-1,WP_006551946.1,AK37_RS09645,,Rieske 2Fe-2S domain-containing protein,3_313_KshA15,3,600.2,0.9695,1.3e-180,NZ_AHBW01000037.1,173293,174472,-1,Rhodococcus pyridinivorans AK37,Bacteria; Bacillati; Actinomycetota; Actinomycetes; Mycobacteriales; Nocardiaceae; Rhodococcus,0,3_313_KshA15#14,core,0.8746,0,0,0,0,[alpha] > hypothetical > reductase
NZ_AGVE01000044.1:4257-5244:-1,WP_003925536.1,KEK_RS09990,,Rieske 2Fe-2S domain-containing protein,3_313_KshA15,3,101.9,0.5369,2.7e-29,NZ_AGVE01000044.1,4257,5244,-1,Mycolicibacterium thermoresistibile ATCC 19527,Bacteria; Bacillati; Actinomycetota; Actinomycetes; Mycobacteriales; Mycobacteriaceae; Mycolicibacterium,0,3_313_KshA15#53,novel_candidate,0.3881,0,0,0,0,[alpha] > regulator > other
NZ_AHBW01000046.1:204755-205892:-1,WP_006553089.1,AK37_RS15285,,Rieske 2Fe-2S domain-containing protein,3_313_KshA15,3,588.6,0.9389,4.2e-177,NZ_AHBW01000046.1,204755,205892,-1,Rhodococcus pyridinivorans AK37,Bacteria; Bacillati; Actinomycetota; Actinomycetes; Mycobacteriales; Nocardiaceae; Rhodococcus,0,3_313_KshA15#55,core,0.609,0,0,0,0,[alpha]
NZ_AJJH01000064.1:77818-78979:1,WP_007297610.1,W59_RS12830,,Rieske 2Fe-2S domain-containing protein,3_313_KshA15,3,606.6,0.9338,1.4e-182,NZ_AJJH01000064.1,77818,78979,1,Rhodococcus opacus RKJ300 = JCM 13270,Bacteria; Bacillati; Actinomycetota; Actinomycetes; Mycobacteriales; Nocardiaceae; Rhodococcus,0,3_313_KshA15#46,core,0.9367,0,0,0,0,[alpha] > dehydrogenase > other
NZ_AJJH01000004.1:9693-10878:1,WP_007295512.1,W59_RS00135,,Rieske 2Fe-2S domain-containing protein,3_313_KshA15,3,692.9,0.9644,8.4e-209,NZ_AJJH01000004.1,9693,10878,1,Rhodococcus opacus RKJ300 = JCM 13270,Bacteria; Bacillati; Actinomycetota; Actinomycetes; Mycobacteriales; Nocardiaceae; Rhodococcus,0,3_313_KshA15#19,core,0.7981,0,0,0,0,[alpha] > hypothetical > other
NZ_AJJH01000161.1:135333-136494:-1,WP_007300170.1,W59_RS27995,,Rieske 2Fe-2S domain-containing protein,3_313_KshA15,3,605.9,0.9669,2.2e-182,NZ_AJJH01000161.1,135333,136494,-1,Rhodococcus opacus RKJ300 = JCM 13270,Bacteria; Bacillati; Actinomycetota; Actinomycetes; Mycobacteriales; Nocardiaceae; Rhodococcus,0,3_313_KshA15#14,core,0.8532,0,0,0,0,[alpha] > hypothetical > reductase
NZ_AJYC02000063.1:142603-143764:-1,WP_005258974.1,WSS_RS19445,,Rieske 2Fe-2S domain-containing protein,3_313_KshA15,3,606.3,0.9338,1.8e-182,NZ_AJYC02000063.1,142603,143764,-1,Rhodococcus opacus M213,Bacteria; Bacillati; Actinomycetota; Actinomycetes; Mycobacteriales; Nocardiaceae; Rhodococcus,0,3_313_KshA15#46,core,0.9335,0,0,0,0,[alpha] > dehydrogenase > other
NZ_AJYC02000030.1:185514-186675:-1,WP_005255688.1,WSS_RS10985,,Rieske 2Fe-2S domain-containing protein,3_313_KshA15,3,603.8,0.9669,9.8e-182,NZ_AJYC02000030.1,185514,186675,-1,Rhodococcus opacus M213,Bacteria; Bacillati; Actinomycetota; Actinomycetes; Mycobacteriales; Nocardiaceae; Rhodococcus,0,3_313_KshA15#14,core,0.8746,0,0,0,0,[alpha] > hypothetical > reductase
NZ_AJYC02000142.1:28605-29766:-1,WP_005263856.1,WSS_RS35685,,Rieske 2Fe-2S domain-containing protein,3_313_KshA15,3,694.4,0.9644,3e-209,NZ_AJYC02000142.1,28605,29766,-1,Rhodococcus opacus M213,Bacteria; Bacillati; Actinomycetota; Actinomycetes; Mycobacteriales; Nocardiaceae; Rhodococcus,0,3_313_KshA15#19,core,0.7981,0,0,0,0,[alpha] > hypothetical > other
NZ_AKJC01000153.1:6494-7535:1,WP_008094744.1,PMI38_RS13330,,Rieske 2Fe-2S domain-containing protein,3_313_KshA15,3,376.4,0.8702,1.2e-112,NZ_AKJC01000153.1,6494,7535,1,Pseudomonas sp. GM84,Bacteria; Pseudomonadati; Pseudomonadota; Gammaproteobacteria; Pseudomonadales; Pseudomonadaceae; Pseudomonas,0,3_313_KshA15#8,core,0.8718,0,0,0,0,other > transporter > regulator > hypothetical > [alpha] > hypothetical
NZ_AKJB01000148.1:26659-27835:-1,WP_007907636.1,PMI18_RS00900,,Rieske 2Fe-2S domain-containing protein,3_313_KshA15,3,84.8,0.5267,4.2e-24,NZ_AKJB01000148.1,26659,27835,-1,Pseudomonas sp. GM102,Bacteria; Pseudomonadati; Pseudomonadota; Gammaproteobacteria; Pseudomonadales; Pseudomonadaceae; Pseudomonas,0,3_313_KshA15#89,novel_candidate,0.3731,0,0,0,0,other > hypothetical > other > other > [alpha] > other > other > ferredoxin > hydrolase
NZ_AKGD01000004.1:312097-313102:1,WP_007187237.1,WQQ_RS20825,,Rieske 2Fe-2S domain-containing protein,3_313_KshA15,3,116.8,0.6081,8.2e-34,NZ_AKGD01000004.1,312097,313102,1,Hydrocarboniphaga effusa AP103,Bacteria; Pseudomonadati; Pseudomonadota; Gammaproteobacteria; Nevskiales; Nevskiaceae; Hydrocarboniphaga,0,3_313_KshA15#35,novel_candidate,0.35,1,0,1,0,hydrolase > hydrolase > dehydrogenase > other > [alpha] > ferredoxin
NZ_AKJF01000058.1:26165-27203:-1,WP_008056553.1,PMI35_RS24780,,Rieske 2Fe-2S domain-containing protein,3_313_KshA15,3,351.7,0.8575,3.6e-105,NZ_AKJF01000058.1,26165,27203,-1,Pseudomonas sp. GM78,Bacteria; Pseudomonadati; Pseudomonadota; Gammaproteobacteria; Pseudomonadales; Pseudomonadaceae; Pseudomonas,0,3_313_KshA15#8,core,0.8333,0,0,0,0,other > transporter > regulator > reductase > reductase > [alpha] > transporter
NZ_AKJG01000046.1:15371-16415:-1,WP_008048787.1,PMI34_RS18200,,Rieske 2Fe-2S domain-containing protein,3_313_KshA15,3,397.5,0.8804,4.6e-119,NZ_AKJG01000046.1,15371,16415,-1,Pseudomonas sp. GM74,Bacteria; Pseudomonadati; Pseudomonadota; Gammaproteobacteria; Pseudomonadales; Pseudomonadaceae; Pseudomonas,0,3_313_KshA15#36,core,0.9775,0,0,0,0,[alpha] > regulator > hydrolase
NZ_AKJK01000105.1:9843-10884:-1,WP_081501305.1,PMI30_RS30905,,aromatic ring-hydroxylating dioxygenase subunit alpha,3_313_KshA15,3,70.0,0.5369,1.3e-19,NZ_AKJK01000105.1,9843,10884,-1,Pseudomonas sp. GM50,Bacteria; Pseudomonadati; Pseudomonadota; Gammaproteobacteria; Pseudomonadales; Pseudomonadaceae; Pseudomonas,0,3_313_KshA15#137,novel_candidate,0.3815,0,0,0,0,other > hypothetical > other > other > alpha_other > other > other > [alpha] > reductase > other > hydrolase
NZ_AKJK01000105.1:12843-14019:-1,WP_008013506.1,PMI30_RS05105,,Rieske 2Fe-2S domain-containing protein,3_313_KshA15,3,83.7,0.5293,9.2e-24,NZ_AKJK01000105.1,12843,14019,-1,Pseudomonas sp. GM50,Bacteria; Pseudomonadati; Pseudomonadota; Gammaproteobacteria; Pseudomonadales; Pseudomonadaceae; Pseudomonas,0,3_313_KshA15#89,novel_candidate,0.3259,0,0,0,0,other > hypothetical > other > other > [alpha] > other > other > alpha_other > reductase > other > hydrolase
NZ_AKJL01000332.1:25622-26666:1,WP_008004430.1,PMI29_RS00840,,Rieske 2Fe-2S domain-containing protein,3_313_KshA15,3,398.7,0.8804,2e-119,NZ_AKJL01000332.1,25622,26666,1,Pseudomonas sp. GM49,Bacteria; Pseudomonadati; Pseudomonadota; Gammaproteobacteria; Pseudomonadales; Pseudomonadaceae; Pseudomonas,0,3_313_KshA15#24,core,0.9583,0,0,0,0,[alpha]
NZ_AKJM01000175.1:46-1090:-1,WP_007992145.1,PMI28_RS02270,,Rieske 2Fe-2S domain-containing protein,3_313_KshA15,3,403.3,0.8804,7.8e-121,NZ_AKJM01000175.1,46,1090,-1,Pseudomonas sp. GM48,Bacteria; Pseudomonadati; Pseudomonadota; Gammaproteobacteria; Pseudomonadales; Pseudomonadaceae; Pseudomonas,0,3_313_KshA15#36,core,0.9777,0,0,0,0,[alpha]
NZ_AKJJ01000091.1:18941-19982:1,WP_008020863.1,PMI31_RS22195,,Rieske 2Fe-2S domain-containing protein,3_313_KshA15,3,372.5,0.8702,1.8e-111,NZ_AKJJ01000091.1,18941,19982,1,Pseudomonas sp. GM55,Bacteria; Pseudomonadati; Pseudomonadota; Gammaproteobacteria; Pseudomonadales; Pseudomonadaceae; Pseudomonas,0,3_313_KshA15#8,core,0.8636,0,0,0,0,[alpha] > hypothetical
NZ_AKJO01000111.1:38424-39468:-1,WP_007976890.1,PMI26_RS08980,,Rieske 2Fe-2S domain-containing protein,3_313_KshA15,3,399.7,0.8804,9.8e-120,NZ_AKJO01000111.1,38424,39468,-1,Pseudomonas sp. GM33,Bacteria; Pseudomonadati; Pseudomonadota; Gammaproteobacteria; Pseudomonadales; Pseudomonadaceae; Pseudomonas,0,3_313_KshA15#36,core,0.9678,0,0,0,0,[alpha] > regulator > hydrolase
NZ_AKJS01000156.1:751-1792:-1,WP_007948424.1,PMI22_RS04490,,Rieske 2Fe-2S domain-containing protein,3_313_KshA15,3,376.1,0.8702,1.4e-112,NZ_AKJS01000156.1,751,1792,-1,Pseudomonas sp. GM21,Bacteria; Pseudomonadati; Pseudomonadota; Gammaproteobacteria; Pseudomonadales; Pseudomonadaceae; Pseudomonas,0,3_313_KshA15#8,core,0.8961,0,0,0,0,[alpha]
NZ_AKJQ01000010.1:93774-94818:-1,WP_007951351.1,PMI24_RS03935,,Rieske 2Fe-2S domain-containing protein,3_313_KshA15,3,390.3,0.8855,6.8e-117,NZ_AKJQ01000010.1,93774,94818,-1,Pseudomonas sp. GM25,Bacteria; Pseudomonadati; Pseudomonadota; Gammaproteobacteria; Pseudomonadales; Pseudomonadaceae; Pseudomonas,0,3_313_KshA15#36,core,0.9085,0,0,0,0,[alpha] > regulator > hypothetical
NZ_AKKP01000086.1:66806-68015:-1,WP_009477598.1,JVH1_RS26155,,Rieske 2Fe-2S domain-containing protein,3_313_KshA15,3,694.3,0.9644,3.3e-209,NZ_AKKP01000086.1,66806,68015,-1,Rhodococcus sp. JVH1,Bacteria; Actinomycetota; Actinomycetes; Mycobacteriales; Nocardiaceae; Rhodococcus,0,3_313_KshA15#19,core,0.7937,0,0,0,0,[alpha] > hypothetical > other
NZ_AKKP01000046.1:183100-184261:-1,WP_016882564.1,JVH1_RS13890,,Rieske 2Fe-2S domain-containing protein,3_313_KshA15,3,606.8,0.9338,1.2e-182,NZ_AKKP01000046.1,183100,184261,-1,Rhodococcus sp. JVH1,Bacteria; Actinomycetota; Actinomycetes; Mycobacteriales; Nocardiaceae; Rhodococcus,0,3_313_KshA15#46,core,0.9367,0,0,0,0,[alpha] > dehydrogenase > other
NZ_AKKP01000107.1:180459-181623:-1,WP_009479058.1,JVH1_RS33480,,Rieske 2Fe-2S domain-containing protein,3_313_KshA15,3,602.1,0.9669,3.2e-181,NZ_AKKP01000107.1,180459,181623,-1,Rhodococcus sp. JVH1,Bacteria; Actinomycetota; Actinomycetes; Mycobacteriales; Nocardiaceae; Rhodococcus,0,3_313_KshA15#14,core,0.878,0,0,0,0,[alpha] > hypothetical > reductase
NZ_ALVZ01000041.1:157-1129:1,WP_006507376.1,XEN7305_RS00665,,Rieske 2Fe-2S domain-containing protein,3_313_KshA15,3,123.5,0.8041,7.7e-36,NZ_ALVZ01000041.1,157,1129,1,Xenococcus sp. PCC 7305,Bacteria; Bacillati; Cyanobacteriota; Cyanophyceae; Pleurocapsales; Xenococcaceae; Xenococcus,0,3_313_KshA15#56,novel_candidate,0.3222,0,0,0,0,[alpha]
NZ_AMPR02000257.1:20695-21676:1,WP_006576057.1,B551_RS15005,,Rieske 2Fe-2S domain-containing protein,3_313_KshA15,3,137.1,0.542,5.7e-40,NZ_AMPR02000257.1,20695,21676,1,Cupriavidus sp. HPC(L),Bacteria; Pseudomonadati; Pseudomonadota; Betaproteobacteria; Burkholderiales; Burkholderiaceae; Cupriavidus,0,3_313_KshA15#88,novel_candidate,0.3478,0,0,0,0,[alpha] > hydrolase > other > reductase
NZ_ANBP01000017.1:28632-29781:1,WP_003887644.1,MPHL21000_RS13590,,Rieske 2Fe-2S domain-containing protein,3_313_KshA15,3,559.0,0.9389,3.9e-168,NZ_ANBP01000017.1,28632,29781,1,Mycolicibacterium phlei DSM 43239 = CCUG 21000,Bacteria; Bacillati; Actinomycetota; Actinomycetes; Mycobacteriales; Mycobacteriaceae; Mycolicibacterium,0,3_313_KshA15#9,core,0.7717,0,0,0,0,[alpha] > hypothetical > other > reductase > reductase
NZ_ANBP01000034.1:35178-36333:-1,WP_003888446.1,MPHL21000_RS18615,,Rieske 2Fe-2S domain-containing protein,3_313_KshA15,3,817.2,0.9669,1.5e-246,NZ_ANBP01000034.1,35178,36333,-1,Mycolicibacterium phlei DSM 43239 = CCUG 21000,Bacteria; Bacillati; Actinomycetota; Actinomycetes; Mycobacteriales; Mycobacteriaceae; Mycolicibacterium,0,3_313_KshA15#3,core,0.8149,0,0,0,0,hypothetical > [alpha] > hypothetical > other
NZ_ANBP01000034.1:54664-55822:-1,WP_003890635.1,MPHL21000_RS18710,,Rieske 2Fe-2S domain-containing protein,3_313_KshA15,3,610.6,0.9593,8.3e-184,NZ_ANBP01000034.1,54664,55822,-1,Mycolicibacterium phlei DSM 43239 = CCUG 21000,Bacteria; Bacillati; Actinomycetota; Actinomycetes; Mycobacteriales; Mycobacteriaceae; Mycolicibacterium,0,3_313_KshA15#7,core,0.7395,0,0,0,0,dehydrogenase > dehydrogenase > reductase > regulator > other > other > [alpha]
NZ_ANBP01000055.1:65016-66015:1,WP_003887683.1,MPHL21000_RS24595,,aromatic ring-hydroxylating dioxygenase subunit alpha,3_313_KshA15,3,116.4,0.5293,1.1e-33,NZ_ANBP01000055.1,65016,66015,1,Mycolicibacterium phlei DSM 43239 = CCUG 21000,Bacteria; Bacillati; Actinomycetota; Actinomycetes; Mycobacteriales; Mycobacteriaceae; Mycolicibacterium,0,3_313_KshA15#2,core,0.7378,0,0,0,0,[alpha] > hydrolase > other
NZ_ANBP01000055.1:125755-126787:-1,WP_003887787.1,MPHL21000_RS24875,,Rieske 2Fe-2S domain-containing protein,3_313_KshA15,3,106.3,0.626,1.2e-30,NZ_ANBP01000055.1,125755,126787,-1,Mycolicibacterium phlei DSM 43239 = CCUG 21000,Bacteria; Bacillati; Actinomycetota; Actinomycetes; Mycobacteriales; Mycobacteriaceae; Mycolicibacterium,0,3_313_KshA15#0,core,0.7447,0,0,0,0,[alpha] > reductase > other
NZ_AOEX01000031.1:26450-27593:1,WP_003935874.1,G352_RS08760,,Rieske 2Fe-2S domain-containing protein,3_313_KshA15,3,673.5,0.9567,6.6e-203,NZ_AOEX01000031.1,26450,27593,1,Rhodococcus ruber BKS 20-38,Bacteria; Bacillati; Actinomycetota; Actinomycetes; Mycobacteriales; Nocardiaceae; Rhodococcus,0,3_313_KshA15#19,core,0.7981,0,0,0,0,[alpha] > hypothetical
NZ_AOEX01000077.1:106162-107329:1,WP_003938394.1,G352_RS21395,,Rieske 2Fe-2S domain-containing protein,3_313_KshA15,3,578.7,0.9466,4.2e-174,NZ_AOEX01000077.1,106162,107329,1,Rhodococcus ruber BKS 20-38,Bacteria; Bacillati; Actinomycetota; Actinomycetes; Mycobacteriales; Nocardiaceae; Rhodococcus,0,3_313_KshA15#67,core,0.6947,0,0,0,0,[alpha] > other > other > regulator
NZ_AOEX01000016.1:21146-22280:-1,WP_003934575.1,G352_RS02385,,Rieske 2Fe-2S domain-containing protein,3_313_KshA15,3,605.3,0.9491,3.5e-182,NZ_AOEX01000016.1,21146,22280,-1,Rhodococcus ruber BKS 20-38,Bacteria; Bacillati; Actinomycetota; Actinomycetes; Mycobacteriales; Nocardiaceae; Rhodococcus,0,3_313_KshA15#45,core,0.6242,0,0,0,0,reductase > hypothetical > [alpha]
NZ_AOEX01000016.1:173599-174775:1,WP_003934712.1,G352_RS03070,,Rieske 2Fe-2S domain-containing protein,3_313_KshA15,3,600.5,0.972,1e-180,NZ_AOEX01000016.1,173599,174775,1,Rhodococcus ruber BKS 20-38,Bacteria; Bacillati; Actinomycetota; Actinomycetes; Mycobacteriales; Nocardiaceae; Rhodococcus,0,3_313_KshA15#136,core,0.8531,0,0,0,0,[alpha] > hypothetical > reductase
NZ_AOCK01000001.1:229363-230551:-1,WP_007269428.1,ADIAG_RS01065,,Rieske 2Fe-2S domain-containing protein,3_313_KshA15,3,591.9,0.9389,4.1e-178,NZ_AOCK01000001.1,229363,230551,-1,Paeniglutamicibacter gangotriensis Lz1y,Bacteria; Bacillati; Actinomycetota; Actinomycetes; Micrococcales; Micrococcaceae; Paeniglutamicibacter,0,3_313_KshA15#45,core,0.6198,0,0,0,0,reductase > [alpha] > hypothetical > reductase
NZ_AOHO01000071.1:185712-186852:1,WP_007033670.1,H074_RS29170,,Rieske 2Fe-2S domain-containing protein,3_313_KshA15,3,643.6,0.9491,8e-194,NZ_AOHO01000071.1,185712,186852,1,Amycolatopsis decaplanina DSM 44594,Bacteria; Bacillati; Actinomycetota; Actinomycetes; Pseudonocardiales; Pseudonocardiaceae; Amycolatopsis,0,3_313_KshA15#18,core,0.8854,1,0,0,1,dehydrogenase > [alpha] > hypothetical > reductase
NZ_AOUO01000336.1:16990-18127:1,WP_003092803.1,H480_RS22740,,Rieske 2Fe-2S domain-containing protein,3_313_KshA15,3,646.9,0.9466,7.9e-195,NZ_AOUO01000336.1,16990,18127,1,Amycolatopsis vancoresmycina DSM 44592,Bacteria; Bacillati; Actinomycetota; Actinomycetes; Pseudonocardiales; Pseudonocardiaceae; Amycolatopsis,0,3_313_KshA15#18,core,0.8344,1,0,0,1,reductase > [alpha] > hypothetical > reductase > other > other
NZ_AOSR01000028.1:41078-42080:1,WP_017835846.1,H483_RS24175,,Rieske 2Fe-2S domain-containing protein,3_313_KshA15,3,115.8,0.6285,1.6e-33,NZ_AOSR01000028.1,41078,42080,1,Dietzia sp. UCD-THP,Bacteria; Bacillati; Actinomycetota; Actinomycetes; Mycobacteriales; Dietziaceae; Dietzia,0,3_313_KshA15#0,core,0.6105,0,0,0,0,[alpha] > reductase
NZ_AOSR01000008.1:132309-133533:1,WP_017835386.1,H483_RS21925,,Rieske 2Fe-2S domain-containing protein,3_313_KshA15,3,640.3,0.9746,8.4e-193,NZ_AOSR01000008.1,132309,133533,1,Dietzia sp. UCD-THP,Bacteria; Bacillati; Actinomycetota; Actinomycetes; Mycobacteriales; Dietziaceae; Dietzia,0,3_313_KshA15#146,core,0.6389,1,0,0,1,[alpha] > hypothetical > reductase > other
NZ_APIO01000161.1:10154-11195:-1,WP_020801034.1,PG5_RS31055,,Rieske 2Fe-2S domain-containing protein,3_313_KshA15,3,368.0,0.8702,4.1e-110,NZ_APIO01000161.1,10154,11195,-1,Pseudomonas sp. G5(2012),Bacteria; Pseudomonadati; Pseudomonadota; Gammaproteobacteria; Pseudomonadales; Pseudomonadaceae; Pseudomonas,0,3_313_KshA15#8,core,0.875,0,0,0,0,[alpha] > hypothetical
NZ_APIV01000003.1:303872-304967:1,WP_031042748.1,H742_RS08400,,Rieske 2Fe-2S domain-containing protein,3_313_KshA15,3,72.5,0.5547,2.3e-20,NZ_APIV01000003.1,303872,304967,1,Streptomyces sp. FXJ7.023,Bacteria; Bacillati; Actinomycetota; Actinomycetes; Kitasatosporales; Streptomycetaceae; Streptomyces,0,3_313_KshA15#16,core,0.6606,0,0,0,0,other > reductase > reductase > reductase > [alpha]
NZ_APMY01000114.1:22491-23625:-1,WP_010839869.1,RRHOD_RS18100,,Rieske 2Fe-2S domain-containing protein,3_313_KshA15,3,574.4,0.9466,8.7e-173,NZ_APMY01000114.1,22491,23625,-1,Rhodococcus rhodnii LMG 5362,Bacteria; Bacillati; Actinomycetota; Actinomycetes; Mycobacteriales; Nocardiaceae; Rhodococcus,0,3_313_KshA15#55,core,0.608,0,0,0,0,dehydrogenase > other > [alpha]
NZ_APMY01000039.1:33808-34978:-1,WP_010837222.1,RRHOD_RS05470,,Rieske 2Fe-2S domain-containing protein,3_313_KshA15,3,586.6,0.9517,1.7e-176,NZ_APMY01000039.1,33808,34978,-1,Rhodococcus rhodnii LMG 5362,Bacteria; Bacillati; Actinomycetota; Actinomycetes; Mycobacteriales; Nocardiaceae; Rhodococcus,0,3_313_KshA15#1,core,0.7019,0,0,0,0,[alpha] > hypothetical > reductase
NZ_APMY01000064.1:30759-31950:1,WP_010838157.1,RRHOD_RS09950,,Rieske 2Fe-2S domain-containing protein,3_313_KshA15,3,604.7,0.9466,5.4e-182,NZ_APMY01000064.1,30759,31950,1,Rhodococcus rhodnii LMG 5362,Bacteria; Bacillati; Actinomycetota; Actinomycetes; Mycobacteriales; Nocardiaceae; Rhodococcus,0,3_313_KshA15#26,core,0.7631,0,0,0,0,other > transporter > [alpha] > other > other
NZ_APKD01000081.1:11168-12329:1,WP_003419211.1,MORY_RS39770,kshA,3-ketosteroid-9-alpha-hydroxylase subunit KshA,3_313_KshA15,3,827.8,0.9669,9.4e-250,NZ_APKD01000081.1,11168,12329,1,Mycobacterium orygis 112400015,Bacteria; Bacillati; Actinomycetota; Actinomycetes; Mycobacteriales; Mycobacteriaceae; Mycobacterium; Mycobacterium tuberculosis complex,0,3_313_KshA15#3,core,0.8686,0,0,0,0,[alpha] > hypothetical
NZ_ASSI01000070.1:34049-35129:1,WP_021159445.1,L810_RS16665,,Rieske 2Fe-2S domain-containing protein,3_313_KshA15,3,406.6,0.8753,7.9e-122,NZ_ASSI01000070.1,34049,35129,1,Burkholderia sp. AU4i,Bacteria; Pseudomonadati; Pseudomonadota; Betaproteobacteria; Burkholderiales; Burkholderiaceae; Burkholderia,0,3_313_KshA15#10,core,0.9228,0,0,0,0,other > transporter > [alpha]
NZ_ATFQ01000028.1:111864-113067:1,WP_005062288.1,J108_RS129005,,Rieske 2Fe-2S domain-containing protein,3_313_KshA15,3,783.8,0.9873,2.2e-236,NZ_ATFQ01000028.1,111864,113067,1,Mycobacteroides abscessus subsp. bolletii CRM-0020,Bacteria; Bacillati; Actinomycetota; Actinomycetes; Mycobacteriales; Mycobacteriaceae; Mycobacteroides; Mycobacteroides abscessus,0,3_313_KshA15#3,core,0.75,0,0,0,0,[alpha] > hypothetical
NZ_ATHL01000087.1:54497-55586:-1,WP_021234651.1,L284_RS38205,,Rieske 2Fe-2S domain-containing protein,3_313_KshA15,3,127.4,0.827,4.8e-37,NZ_ATHL01000087.1,54497,55586,-1,Novosphingobium lindaniclasticum LE124,Bacteria; Pseudomonadati; Pseudomonadota; Alphaproteobacteria; Sphingomonadales; Sphingomonadaceae; Novosphingobium,0,3_313_KshA15#20,core,0.8493,0,0,0,0,other > hydrolase > [alpha] > hydrolase > reductase > regulator > regulator
NZ_ATFQ01000002.1:30332-31490:-1,WP_005062729.1,J108_RS147675,,Rieske 2Fe-2S domain-containing protein,3_313_KshA15,3,571.6,0.944,6e-172,NZ_ATFQ01000002.1,30332,31490,-1,Mycobacteroides abscessus subsp. bolletii CRM-0020,Bacteria; Bacillati; Actinomycetota; Actinomycetes; Mycobacteriales; Mycobacteriaceae; Mycobacteroides; Mycobacteroides abscessus,0,3_313_KshA15#1,core,0.8069,0,0,0,0,[alpha] > hypothetical
NZ_ATFQ01000004.1:277347-278346:1,WP_005064219.1,J108_RS144700,,Rieske 2Fe-2S domain-containing protein,3_313_KshA15,3,121.8,0.6234,2.6e-35,NZ_ATFQ01000004.1,277347,278346,1,Mycobacteroides abscessus subsp. bolletii CRM-0020,Bacteria; Bacillati; Actinomycetota; Actinomycetes; Mycobacteriales; Mycobacteriaceae; Mycobacteroides; Mycobacteroides abscessus,0,3_313_KshA15#0,core,0.6754,0,0,0,0,[alpha] > reductase > other
NZ_ATFQ01000026.1:187186-188326:-1,WP_005056198.1,J108_RS131695,,Rieske 2Fe-2S domain-containing protein,3_313_KshA15,3,587.0,0.9415,1.3e-176,NZ_ATFQ01000026.1,187186,188326,-1,Mycobacteroides abscessus subsp. bolletii CRM-0020,Bacteria; Bacillati; Actinomycetota; Actinomycetes; Mycobacteriales; Mycobacteriaceae; Mycobacteroides; Mycobacteroides abscessus,0,3_313_KshA15#7,core,0.8222,0,0,0,0,regulator > other > other > [alpha] > other > other
NZ_ATIB01000081.1:55733-56744:-1,WP_199739900.1,L485_RS42120,,Rieske 2Fe-2S domain-containing protein,3_313_KshA15,3,104.5,0.5445,4.4e-30,NZ_ATIB01000081.1,55733,56744,-1,Sphingobium baderi LL03,Bacteria; Pseudomonadati; Pseudomonadota; Alphaproteobacteria; Sphingomonadales; Sphingomonadaceae; Sphingobium,0,3_313_KshA15#33,novel_candidate,0.344,0,0,0,0,[alpha] > reductase > hypothetical > hydrolase
NZ_AUZM01000102.1:13895-14909:-1,WP_023069365.1,M595_RS25105,,Rieske 2Fe-2S domain-containing protein,3_313_KshA15,3,124.7,0.7659,3.2e-36,NZ_AUZM01000102.1,13895,14909,-1,Lyngbya aestuarii BL J,Bacteria; Bacillati; Cyanobacteriota; Cyanophyceae; Oscillatoriophycideae; Oscillatoriales; Microcoleaceae; Lyngbya,0,3_313_KshA15#56,novel_candidate,0.2976,0,0,0,0,[alpha]
NZ_AWXE01000001.1:80750-81752:-1,WP_021776197.1,RS24_RS00435,,aromatic ring-hydroxylating dioxygenase subunit alpha,3_313_KshA15,3,101.8,0.5827,3e-29,NZ_AWXE01000001.1,80750,81752,-1,Candidatus Micropelagos thuwalensis,Bacteria; Pseudomonadati; Pseudomonadota; Alphaproteobacteria; PS1 clade; Candidatus Micropelagos,0,3_313_KshA15#35,divergent,0.4167,0,0,0,0,reductase > dehydrogenase > [alpha]
NZ_AWXE01000001.1:118497-119628:-1,WP_021776232.1,RS24_RS00610,,aromatic ring-hydroxylating dioxygenase subunit alpha,3_313_KshA15,3,117.2,0.8448,6.2e-34,NZ_AWXE01000001.1,118497,119628,-1,Candidatus Micropelagos thuwalensis,Bacteria; Pseudomonadati; Pseudomonadota; Alphaproteobacteria; PS1 clade; Candidatus Micropelagos,0,3_313_KshA15#20,divergent,0.5184,0,0,0,0,other > hydrolase > [alpha] > regulator > regulator
NZ_AYTE01000003.1:171023-172187:1,WP_023954443.1,W823_RS33085,,Rieske 2Fe-2S domain-containing protein,3_313_KshA15,3,597.3,0.9542,9.6e-180,NZ_AYTE01000003.1,171023,172187,1,Williamsia sp. D3,Bacteria; Bacillati; Actinomycetota; Actinomycetes; Mycobacteriales; Nocardiaceae; Williamsia,0,3_313_KshA15#14,core,0.8452,0,0,0,0,[alpha] > hypothetical > reductase
NZ_AYTE01000020.1:237818-238847:1,WP_023958728.1,W823_RS44330,,Rieske 2Fe-2S domain-containing protein,3_313_KshA15,3,109.3,0.6616,1.5e-31,NZ_AYTE01000020.1,237818,238847,1,Williamsia sp. D3,Bacteria; Bacillati; Actinomycetota; Actinomycetes; Mycobacteriales; Nocardiaceae; Williamsia,0,3_313_KshA15#0,core,0.6926,0,0,0,0,[alpha] > reductase
NZ_AZQQ01000066.1:140287-141259:1,WP_082459051.1,V466_RS08620,,Rieske 2Fe-2S domain-containing protein,3_313_KshA15,3,86.8,0.6005,1e-24,NZ_AZQQ01000066.1,140287,141259,1,Pseudomonas mandelii PD30,Bacteria; Pseudomonadati; Pseudomonadota; Gammaproteobacteria; Pseudomonadales; Pseudomonadaceae; Pseudomonas,0,3_313_KshA15#135,novel_candidate,0.3563,0,0,0,0,other > hydrolase > other > other > other > [alpha] > other > other > hydrolase > other > other > hypothetical > other
NZ_AZYO01000022.1:18686-19853:-1,WP_054372666.1,Z051_RS10740,,Rieske 2Fe-2S domain-containing protein,3_313_KshA15,3,579.3,0.9517,2.8e-174,NZ_AZYO01000022.1,18686,19853,-1,Rhodococcus rhodochrous KG-21,Bacteria; Bacillati; Actinomycetota; Actinomycetes; Mycobacteriales; Nocardiaceae; Rhodococcus,0,3_313_KshA15#67,core,0.6947,0,0,0,0,[alpha] > other > other > regulator
NZ_AZYO01000042.1:10016-11090:-1,WP_054373479.1,Z051_RS15735,,Rieske 2Fe-2S domain-containing protein,3_313_KshA15,3,121.2,0.8092,3.8e-35,NZ_AZYO01000042.1,10016,11090,-1,Rhodococcus rhodochrous KG-21,Bacteria; Bacillati; Actinomycetota; Actinomycetes; Mycobacteriales; Nocardiaceae; Rhodococcus,0,3_313_KshA15#15,divergent,0.4491,1,0,0,1,regulator > hydrolase > regulator > [alpha] > reductase
NZ_AZYO01000006.1:91565-92708:1,WP_054371647.1,Z051_RS04830,,Rieske 2Fe-2S domain-containing protein,3_313_KshA15,3,674.0,0.9567,4.6e-203,NZ_AZYO01000006.1,91565,92708,1,Rhodococcus rhodochrous KG-21,Bacteria; Bacillati; Actinomycetota; Actinomycetes; Mycobacteriales; Nocardiaceae; Rhodococcus,0,3_313_KshA15#19,core,0.7981,0,0,0,0,[alpha] > hypothetical
NZ_AZYO01000011.1:78089-79223:-1,WP_054372010.1,Z051_RS07090,,Rieske 2Fe-2S domain-containing protein,3_313_KshA15,3,604.4,0.9491,6.7e-182,NZ_AZYO01000011.1,78089,79223,-1,Rhodococcus rhodochrous KG-21,Bacteria; Bacillati; Actinomycetota; Actinomycetes; Mycobacteriales; Nocardiaceae; Rhodococcus,0,3_313_KshA15#45,core,0.5994,0,0,0,0,reductase > hypothetical > [alpha]
NZ_AZXY01000012.1:95819-96968:-1,WP_060653621.1,Z045_RS20790,,Rieske 2Fe-2S domain-containing protein,3_313_KshA15,3,672.0,0.9618,2e-202,NZ_AZXY01000012.1,95819,96968,-1,Rhodococcus pyridinivorans KG-16,Bacteria; Bacillati; Actinomycetota; Actinomycetes; Mycobacteriales; Nocardiaceae; Rhodococcus,0,3_313_KshA15#19,core,0.7445,0,0,0,0,[alpha] > hypothetical
NZ_AZXY01000012.1:143673-144855:1,WP_016694695.1,Z045_RS21025,,Rieske 2Fe-2S domain-containing protein,3_313_KshA15,3,599.7,0.9593,1.8e-180,NZ_AZXY01000012.1,143673,144855,1,Rhodococcus pyridinivorans KG-16,Bacteria; Bacillati; Actinomycetota; Actinomycetes; Mycobacteriales; Nocardiaceae; Rhodococcus,0,3_313_KshA15#14,core,0.877,0,0,0,0,[alpha] > hypothetical > reductase
NZ_BAED01000063.1:56397-57480:1,WP_005191585.1,GOAMR_RS18800,,Rieske 2Fe-2S domain-containing protein,3_313_KshA15,3,100.4,0.5878,8.1e-29,NZ_BAED01000063.1,56397,57480,1,Gordonia amarae NBRC 15530,Bacteria; Bacillati; Actinomycetota; Actinomycetes; Mycobacteriales; Gordoniaceae; Gordonia,0,3_313_KshA15#0,core,0.7758,0,0,0,0,[alpha] > reductase > other
NZ_BACI01000026.1:62518-63655:1,WP_006357431.1,GOALK_RS03600,,Rieske 2Fe-2S domain-containing protein,3_313_KshA15,3,585.6,0.9466,3.3e-176,NZ_BACI01000026.1,62518,63655,1,Gordonia alkanivorans NBRC 16433,Bacteria; Bacillati; Actinomycetota; Actinomycetes; Mycobacteriales; Gordoniaceae; Gordonia,0,3_313_KshA15#68,core,0.6159,0,0,0,0,hypothetical > [alpha]
NZ_BACI01000050.1:171267-172500:-1,WP_006358448.1,GOALK_RS08780,,Rieske 2Fe-2S domain-containing protein,3_313_KshA15,3,635.5,0.972,2.3e-191,NZ_BACI01000050.1,171267,172500,-1,Gordonia alkanivorans NBRC 16433,Bacteria; Bacillati; Actinomycetota; Actinomycetes; Mycobacteriales; Gordoniaceae; Gordonia,0,3_313_KshA15#13,core,0.9214,0,0,0,0,[alpha] > hypothetical > other
NZ_BAEH01000068.1:104-1295:1,WP_007318192.1,GOEFS_RS12055,,Rieske 2Fe-2S domain-containing protein,3_313_KshA15,3,628.5,0.9796,3e-189,NZ_BAEH01000068.1,104,1295,1,Gordonia effusa NBRC 100432,Bacteria; Bacillati; Actinomycetota; Actinomycetes; Mycobacteriales; Gordoniaceae; Gordonia,0,3_313_KshA15#13,core,0.8339,0,0,0,0,[alpha] > hypothetical > other
NZ_BAFB01000035.1:31464-32538:-1,WP_007237242.1,GOOTI_RS03795,,Rieske 2Fe-2S domain-containing protein,3_313_KshA15,3,110.6,0.6539,6.3e-32,NZ_BAFB01000035.1,31464,32538,-1,Gordonia otitidis NBRC 100426,Bacteria; Bacillati; Actinomycetota; Actinomycetes; Mycobacteriales; Gordoniaceae; Gordonia,0,3_313_KshA15#0,core,0.7929,0,0,0,0,[alpha] > hypothetical
NZ_BAFB01000192.1:37865-39101:1,WP_007240233.1,GOOTI_RS19035,,Rieske 2Fe-2S domain-containing protein,3_313_KshA15,3,602.9,0.9644,1.8e-181,NZ_BAFB01000192.1,37865,39101,1,Gordonia otitidis NBRC 100426,Bacteria; Bacillati; Actinomycetota; Actinomycetes; Mycobacteriales; Gordoniaceae; Gordonia,0,3_313_KshA15#13,core,0.9,0,0,0,0,[alpha] > hypothetical
NZ_BAFC01000045.1:40059-41295:-1,WP_005204132.1,GOSPT_RS06075,,Rieske 2Fe-2S domain-containing protein,3_313_KshA15,3,605.8,0.9771,2.5e-182,NZ_BAFC01000045.1,40059,41295,-1,Gordonia sputi NBRC 100414,Bacteria; Bacillati; Actinomycetota; Actinomycetes; Mycobacteriales; Gordoniaceae; Gordonia,0,3_313_KshA15#13,core,0.8621,0,0,0,0,[alpha] > hypothetical
NZ_BAFC01000150.1:35017-36091:-1,WP_005209534.1,GOSPT_RS22650,,Rieske 2Fe-2S domain-containing protein,3_313_KshA15,3,109.1,0.6539,1.8e-31,NZ_BAFC01000150.1,35017,36091,-1,Gordonia sputi NBRC 100414,Bacteria; Bacillati; Actinomycetota; Actinomycetes; Mycobacteriales; Gordoniaceae; Gordonia,0,3_313_KshA15#0,core,0.7821,0,0,0,0,[alpha] > hypothetical
NZ_BAHC01000156.1:10094-11138:-1,WP_006336020.1,GORHZ_RS19480,,Rieske 2Fe-2S domain-containing protein,3_313_KshA15,3,99.7,0.8066,1.2e-28,NZ_BAHC01000156.1,10094,11138,-1,Gordonia rhizosphera NBRC 16068,Bacteria; Bacillati; Actinomycetota; Actinomycetes; Mycobacteriales; Gordoniaceae; Gordonia,0,3_313_KshA15#0,core,0.8465,0,0,0,0,[alpha] > hypothetical > reductase
NZ_BAHC01000069.1:116993-118211:1,WP_006331982.1,GORHZ_RS08320,,Rieske 2Fe-2S domain-containing protein,3_313_KshA15,3,621.0,0.9669,6e-187,NZ_BAHC01000069.1,116993,118211,1,Gordonia rhizosphera NBRC 16068,Bacteria; Bacillati; Actinomycetota; Actinomycetes; Mycobacteriales; Gordoniaceae; Gordonia,0,3_313_KshA15#13,core,0.8228,0,0,0,0,[alpha] > hypothetical > other
NZ_BAHE01000061.1:18382-19510:-1,WP_006868908.1,GONAM_RS21730,,Rieske 2Fe-2S domain-containing protein,3_313_KshA15,3,115.6,0.9059,1.9e-33,NZ_BAHE01000061.1,18382,19510,-1,Gordonia namibiensis NBRC 108229,Bacteria; Bacillati; Actinomycetota; Actinomycetes; Mycobacteriales; Gordoniaceae; Gordonia,0,3_313_KshA15#0,core,0.8571,0,0,0,0,[alpha] > reductase
NZ_BAHE01000007.1:42211-43444:1,WP_006865388.1,GONAM_RS03465,,Rieske 2Fe-2S domain-containing protein,3_313_KshA15,3,639.4,0.9771,1.6e-192,NZ_BAHE01000007.1,42211,43444,1,Gordonia namibiensis NBRC 108229,Bacteria; Bacillati; Actinomycetota; Actinomycetes; Mycobacteriales; Gordoniaceae; Gordonia,0,3_313_KshA15#13,core,0.9274,0,0,0,0,[alpha] > hypothetical > other
NZ_BAHE01000007.1:75886-77092:-1,WP_006865422.1,GONAM_RS03635,,Rieske 2Fe-2S domain-containing protein,3_313_KshA15,3,582.4,0.9466,3.1e-175,NZ_BAHE01000007.1,75886,77092,-1,Gordonia namibiensis NBRC 108229,Bacteria; Bacillati; Actinomycetota; Actinomycetes; Mycobacteriales; Gordoniaceae; Gordonia,0,3_313_KshA15#27,core,0.6495,1,0,0,1,reductase > [alpha] > dehydrogenase > other > reductase > hydrolase > reductase > reductase > reductase > dehydrogenase
NZ_BANR01000004.1:65771-66845:-1,WP_005171479.1,GOACH_RS04930,,Rieske 2Fe-2S domain-containing protein,3_313_KshA15,3,100.5,0.6489,7.1e-29,NZ_BANR01000004.1,65771,66845,-1,Gordonia aichiensis NBRC 108223,Bacteria; Bacillati; Actinomycetota; Actinomycetes; Mycobacteriales; Gordoniaceae; Gordonia,0,3_313_KshA15#0,core,0.7857,0,0,0,0,[alpha] > hypothetical
NZ_BANR01000004.1:441553-442813:-1,WP_005172459.1,GOACH_RS06685,,Rieske 2Fe-2S domain-containing protein,3_313_KshA15,3,605.3,0.9669,3.6e-182,NZ_BANR01000004.1,441553,442813,-1,Gordonia aichiensis NBRC 108223,Bacteria; Bacillati; Actinomycetota; Actinomycetes; Mycobacteriales; Gordoniaceae; Gordonia,0,3_313_KshA15#13,core,0.8997,0,0,0,0,[alpha] > hypothetical
NZ_BANX01000015.1:118682-119882:1,WP_007620609.1,GS4_RS11350,,Rieske 2Fe-2S domain-containing protein,3_313_KshA15,3,633.3,0.9771,1.1e-190,NZ_BANX01000015.1,118682,119882,1,Gordonia soli NBRC 108243,Bacteria; Bacillati; Actinomycetota; Actinomycetes; Mycobacteriales; Gordoniaceae; Gordonia,0,3_313_KshA15#13,core,0.8245,0,0,0,0,[alpha] > hypothetical > other
NZ_BANX01000043.1:6205-7255:-1,WP_007625310.1,GS4_RS23490,,Rieske 2Fe-2S domain-containing protein,3_313_KshA15,3,108.8,0.8117,2.2e-31,NZ_BANX01000043.1,6205,7255,-1,Gordonia soli NBRC 108243,Bacteria; Bacillati; Actinomycetota; Actinomycetes; Mycobacteriales; Gordoniaceae; Gordonia,0,3_313_KshA15#0,core,0.8092,0,0,0,0,[alpha] > hypothetical
NZ_BAOP01000013.1:61356-62511:-1,WP_008378573.1,GM1_RS10330,,Rieske 2Fe-2S domain-containing protein,3_313_KshA15,3,584.8,0.9466,5.8e-176,NZ_BAOP01000013.1,61356,62511,-1,Gordonia malaquae NBRC 108250,Bacteria; Bacillati; Actinomycetota; Actinomycetes; Mycobacteriales; Gordoniaceae; Gordonia,0,3_313_KshA15#153,core,0.6909,0,0,0,0,regulator > [alpha] > other > other
NZ_BAOP01000013.1:86951-88118:-1,WP_008378612.1,GM1_RS10445,,Rieske 2Fe-2S domain-containing protein,3_313_KshA15,3,617.8,0.9669,5.6e-186,NZ_BAOP01000013.1,86951,88118,-1,Gordonia malaquae NBRC 108250,Bacteria; Bacillati; Actinomycetota; Actinomycetes; Mycobacteriales; Gordoniaceae; Gordonia,0,3_313_KshA15#13,core,0.8162,0,0,0,0,[alpha] > hypothetical
NZ_BAOQ01000004.1:64143-65364:-1,WP_006898979.1,GP2_RS02955,,Rieske 2Fe-2S domain-containing protein,3_313_KshA15,3,635.5,0.9669,2.4e-191,NZ_BAOQ01000004.1,64143,65364,-1,Gordonia paraffinivorans NBRC 108238,Bacteria; Bacillati; Actinomycetota; Actinomycetes; Mycobacteriales; Gordoniaceae; Gordonia,0,3_313_KshA15#13,core,0.8671,0,0,0,0,[alpha] > hypothetical > other
NZ_BAWF01000018.1:4204-5368:-1,WP_037231685.1,RW1_RS14940,,Rieske 2Fe-2S domain-containing protein,3_313_KshA15,3,604.7,0.9669,5.3e-182,NZ_BAWF01000018.1,4204,5368,-1,Rhodococcus wratislaviensis NBRC 100605,Bacteria; Bacillati; Actinomycetota; Actinomycetes; Mycobacteriales; Nocardiaceae; Rhodococcus,0,3_313_KshA15#14,core,0.8746,0,0,0,0,[alpha] > hypothetical > reductase
NZ_BAWF01000001.1:152224-153385:-1,WP_037225940.1,RW1_RS00655,,Rieske 2Fe-2S domain-containing protein,3_313_KshA15,3,604.7,0.9338,5.5e-182,NZ_BAWF01000001.1,152224,153385,-1,Rhodococcus wratislaviensis NBRC 100605,Bacteria; Bacillati; Actinomycetota; Actinomycetes; Mycobacteriales; Nocardiaceae; Rhodococcus,0,3_313_KshA15#46,core,0.9367,0,0,0,0,[alpha] > dehydrogenase > other
NZ_BAWF01000093.1:307535-308720:1,WP_037242039.1,RW1_RS37800,,Rieske 2Fe-2S domain-containing protein,3_313_KshA15,3,695.7,0.9669,1.2e-209,NZ_BAWF01000093.1,307535,308720,1,Rhodococcus wratislaviensis NBRC 100605,Bacteria; Bacillati; Actinomycetota; Actinomycetes; Mycobacteriales; Nocardiaceae; Rhodococcus,0,3_313_KshA15#19,core,0.8013,0,0,0,0,[alpha] > hypothetical > other
NZ_BCMM01000037.1:72330-73551:-1,WP_059083410.1,AV118_RS32155,,Rieske 2Fe-2S domain-containing protein,3_313_KshA15,3,102.5,0.8041,1.7e-29,NZ_BCMM01000037.1,72330,73551,-1,Streptomyces scabiei,Bacteria; Bacillati; Actinomycetota; Actinomycetes; Kitasatosporales; Streptomycetaceae; Streptomyces,0,3_313_KshA15#52,novel_candidate,0.3743,0,0,0,0,other > other > hydrolase > [alpha]
NZ_BCSZ01000036.1:36178-37324:1,WP_003883122.1,RMCFA_RS20120,,Rieske 2Fe-2S domain-containing protein,3_313_KshA15,3,582.0,0.9542,4.1e-175,NZ_BCSZ01000036.1,36178,37324,1,Mycolicibacterium fortuitum subsp. acetamidolyticum,Bacteria; Bacillati; Actinomycetota; Actinomycetes; Mycobacteriales; Mycobacteriaceae; Mycolicibacterium,0,3_313_KshA15#1,core,0.7714,0,0,0,0,[alpha] > hypothetical
NZ_BCSZ01000038.1:23581-24598:-1,WP_061264468.1,RMCFA_RS20540,,Rieske 2Fe-2S domain-containing protein,3_313_KshA15,3,105.8,0.8015,1.8e-30,NZ_BCSZ01000038.1,23581,24598,-1,Mycolicibacterium fortuitum subsp. acetamidolyticum,Bacteria; Bacillati; Actinomycetota; Actinomycetes; Mycobacteriales; Mycobacteriaceae; Mycolicibacterium,0,3_313_KshA15#2,core,0.7394,0,0,0,0,[alpha] > hydrolase > other
NZ_BCSZ01000011.1:133276-134407:-1,WP_061262735.1,RMCFA_RS06060,,Rieske 2Fe-2S domain-containing protein,3_313_KshA15,3,585.8,0.9466,2.9e-176,NZ_BCSZ01000011.1,133276,134407,-1,Mycolicibacterium fortuitum subsp. acetamidolyticum,Bacteria; Bacillati; Actinomycetota; Actinomycetes; Mycobacteriales; Mycobacteriaceae; Mycolicibacterium,0,3_313_KshA15#7,core,0.8746,0,0,0,0,other > other > reductase > [alpha] > other > other
NZ_BCSZ01000013.1:227337-228501:1,WP_003879780.1,RMCFA_RS08460,,Rieske 2Fe-2S domain-containing protein,3_313_KshA15,3,822.9,0.9746,2.9e-248,NZ_BCSZ01000013.1,227337,228501,1,Mycolicibacterium fortuitum subsp. acetamidolyticum,Bacteria; Bacillati; Actinomycetota; Actinomycetes; Mycobacteriales; Mycobacteriaceae; Mycolicibacterium,0,3_313_KshA15#5,core,0.7875,0,0,0,0,hypothetical > [alpha] > hypothetical
NZ_BCSZ01000015.1:4352-5489:1,WP_061263041.1,RMCFA_RS08615,,Rieske 2Fe-2S domain-containing protein,3_313_KshA15,3,567.8,0.9466,8.7e-171,NZ_BCSZ01000015.1,4352,5489,1,Mycolicibacterium fortuitum subsp. acetamidolyticum,Bacteria; Bacillati; Actinomycetota; Actinomycetes; Mycobacteriales; Mycobacteriaceae; Mycolicibacterium,0,3_313_KshA15#1,core,0.7555,0,0,0,0,other > other > hypothetical > [alpha]
NZ_BDCX01000015.1:160111-161269:1,WP_068901754.1,A9J22_RS27565,,Rieske 2Fe-2S domain-containing protein,3_313_KshA15,3,563.8,0.9542,1.4e-169,NZ_BDCX01000015.1,160111,161269,1,Planomonospora sphaerica,Bacteria; Bacillati; Actinomycetota; Actinomycetes; Streptosporangiales; Streptosporangiaceae; Planomonospora,0,3_313_KshA15#1,core,0.6752,0,0,0,0,[alpha] > hypothetical
NZ_BHVW01000038.1:40718-41873:-1,WP_061005840.1,NCCNTM_RS08635,,Rieske 2Fe-2S domain-containing protein,3_313_KshA15,3,812.6,0.9695,3.8e-245,NZ_BHVW01000038.1,40718,41873,-1,Mycolicibacterium sp. NCC-Tsukiji,Bacteria; Bacillati; Actinomycetota; Actinomycetes; Mycobacteriales; Mycobacteriaceae; Mycolicibacterium,0,3_313_KshA15#3,core,0.8,0,0,0,0,[alpha] > hypothetical
NZ_BHVW01000130.1:54612-55614:-1,WP_061009760.1,NCCNTM_RS26040,,Rieske 2Fe-2S domain-containing protein,3_313_KshA15,3,67.7,0.5369,6.7e-19,NZ_BHVW01000130.1,54612,55614,-1,Mycolicibacterium sp. NCC-Tsukiji,Bacteria; Bacillati; Actinomycetota; Actinomycetes; Mycobacteriales; Mycobacteriaceae; Mycolicibacterium,0,3_313_KshA15#42,divergent,0.414,0,0,0,0,[alpha] > other > reductase
NZ_BHVW01000138.1:4697-5843:-1,WP_061003518.1,NCCNTM_RS27045,,Rieske 2Fe-2S domain-containing protein,3_313_KshA15,3,592.1,0.9491,3.6e-178,NZ_BHVW01000138.1,4697,5843,-1,Mycolicibacterium sp. NCC-Tsukiji,Bacteria; Bacillati; Actinomycetota; Actinomycetes; Mycobacteriales; Mycobacteriaceae; Mycolicibacterium,0,3_313_KshA15#7,core,0.8769,0,0,0,0,other > other > reductase > [alpha]
NZ_BMMH01000044.1:13378-14410:-1,WP_058856881.1,IEY68_RS35260,,Rieske 2Fe-2S domain-containing protein,3_313_KshA15,3,101.2,0.6539,4.6e-29,NZ_BMMH01000044.1,13378,14410,-1,Nocardia jinanensis,Bacteria; Bacillati; Actinomycetota; Actinomycetes; Mycobacteriales; Nocardiaceae; Nocardia,0,3_313_KshA15#0,core,0.8835,0,0,0,0,[alpha] > reductase
NZ_BPWM01000025.1:1099-2113:1,WP_073905095.1,MTY414_RS22955,,Rieske 2Fe-2S domain-containing protein,3_313_KshA15,3,116.5,0.626,1e-33,NZ_BPWM01000025.1,1099,2113,1,Mycolicibacterium mageritense,Bacteria; Bacillati; Actinomycetota; Actinomycetes; Mycobacteriales; Mycobacteriaceae; Mycolicibacterium,0,3_313_KshA15#0,core,0.8092,0,0,0,0,[alpha] > reductase > hydrolase
NZ_BLTI01000006.1:148163-149249:1,WP_207093840.1,J3474_RS08785,,Rieske 2Fe-2S domain-containing protein,3_313_KshA15,3,122.3,0.8066,1.7e-35,NZ_BLTI01000006.1,148163,149249,1,Novosphingobium sp. PY1,Bacteria; Pseudomonadati; Pseudomonadota; Alphaproteobacteria; Sphingomonadales; Sphingomonadaceae; Novosphingobium,0,3_313_KshA15#20,core,0.8464,0,0,0,0,other > hydrolase > reductase > [alpha] > hydrolase > reductase > regulator > regulator
NZ_CABVIH010000006.1:153648-154689:-1,WP_007948424.1,F8N78_RS08030,,Rieske 2Fe-2S domain-containing protein,3_313_KshA15,3,376.1,0.8702,1.4e-112,NZ_CABVIH010000006.1,153648,154689,-1,Pseudomonas fluorescens,Bacteria; Pseudomonadati; Pseudomonadota; Gammaproteobacteria; Pseudomonadales; Pseudomonadaceae; Pseudomonas,0,3_313_KshA15#8,core,0.8961,0,0,0,0,[alpha]
NZ_CALRWF010000066.1:10373-11378:1,WP_007187237.1,AAG820_RS14660,,Rieske 2Fe-2S domain-containing protein,3_313_KshA15,3,116.8,0.6081,8.2e-34,NZ_CALRWF010000066.1,10373,11378,1,Hydrocarboniphaga effusa AP103,Bacteria; Pseudomonadati; Pseudomonadota; Gammaproteobacteria; Nevskiales; Nevskiaceae; Hydrocarboniphaga,0,3_313_KshA15#35,novel_candidate,0.35,1,0,1,0,hydrolase > hydrolase > dehydrogenase > other > [alpha] > ferredoxin
NZ_CCBH010000068.1:17479-18565:-1,WP_054944517.1,SPHV1_RS02510,,Rieske 2Fe-2S domain-containing protein,3_313_KshA15,3,122.1,0.8193,2e-35,NZ_CCBH010000068.1,17479,18565,-1,Novosphingobium sp. KN65.2,Bacteria; Pseudomonadati; Pseudomonadota; Alphaproteobacteria; Sphingomonadales; Sphingomonadaceae; Novosphingobium,0,3_313_KshA15#20,core,0.8571,0,0,0,0,other > hydrolase > [alpha] > hydrolase > reductase > regulator > regulator
NZ_CP063446.1:250125-251199:1,WP_230487930.1,IM701_RS16510,,Rieske 2Fe-2S domain-containing protein,3_313_KshA15,3,129.5,0.8066,1.1e-37,NZ_CP063446.1,250125,251199,1,Novosphingobium sp. ES2-1,Bacteria; Pseudomonadati; Pseudomonadota; Alphaproteobacteria; Sphingomonadales; Sphingomonadaceae; Novosphingobium,1,3_313_KshA15#20,core,0.9542,0,0,0,0,reductase > regulator > other > hydrolase > [alpha] > hydrolase
NZ_CVQP01000007.1:173804-174980:-1,WP_050065813.1,RHCRD62_RS14490,,Rieske 2Fe-2S domain-containing protein,3_313_KshA15,3,623.7,0.9542,9.1e-188,NZ_CVQP01000007.1,173804,174980,-1,Rhodococcus sp. RD6.2,Bacteria; Bacillati; Actinomycetota; Actinomycetes; Mycobacteriales; Nocardiaceae; Rhodococcus,0,3_313_KshA15#26,core,0.7666,0,0,0,0,[alpha] > other > other
NZ_CVQP01000002.1:178844-180029:-1,WP_050063636.1,RHCRD62_RS05235,,Rieske 2Fe-2S domain-containing protein,3_313_KshA15,3,735.4,0.9695,1.1e-221,NZ_CVQP01000002.1,178844,180029,-1,Rhodococcus sp. RD6.2,Bacteria; Bacillati; Actinomycetota; Actinomycetes; Mycobacteriales; Nocardiaceae; Rhodococcus,0,3_313_KshA15#28,core,0.7778,0,0,0,0,[alpha] > hypothetical
NZ_CVQP01000005.1:263369-264515:1,WP_050064116.1,RHCRD62_RS07770,,Rieske 2Fe-2S domain-containing protein,3_313_KshA15,3,586.4,0.9517,2e-176,NZ_CVQP01000005.1,263369,264515,1,Rhodococcus sp. RD6.2,Bacteria; Bacillati; Actinomycetota; Actinomycetes; Mycobacteriales; Nocardiaceae; Rhodococcus,0,3_313_KshA15#14,core,0.7913,0,0,0,0,[alpha] > hypothetical > reductase > hydrolase
NZ_CVQP01000005.1:728787-729942:-1,WP_050064443.1,RHCRD62_RS09740,,Rieske 2Fe-2S domain-containing protein,3_313_KshA15,3,581.9,0.9517,4.5e-175,NZ_CVQP01000005.1,728787,729942,-1,Rhodococcus sp. RD6.2,Bacteria; Bacillati; Actinomycetota; Actinomycetes; Mycobacteriales; Nocardiaceae; Rhodococcus,0,3_313_KshA15#73,core,0.6571,0,0,0,0,[alpha] > hypothetical
NZ_FMCE01000342.1:2764-3865:1,WP_010279599.1,GA0115251_RS29150,,Rieske 2Fe-2S domain-containing protein,3_313_KshA15,3,76.4,0.5242,1.5e-21,NZ_FMCE01000342.1,2764,3865,1,Streptomyces sp. TverLS-915,Bacteria; Bacillati; Actinomycetota; Actinomycetes; Kitasatosporales; Streptomycetaceae; Streptomyces,0,3_313_KshA15#16,core,0.7531,0,0,0,0,other > hypothetical > [alpha]
NZ_FMCN01000025.1:2833-3934:1,WP_043255007.1,GA0115246_RS00650,,Rieske 2Fe-2S domain-containing protein,3_313_KshA15,3,77.2,0.5242,8.9e-22,NZ_FMCN01000025.1,2833,3934,1,Streptomyces sp. SolWspMP-sol7th,Bacteria; Bacillati; Actinomycetota; Actinomycetes; Kitasatosporales; Streptomycetaceae; Streptomyces,0,3_313_KshA15#16,core,0.7193,0,0,0,0,[alpha]
NZ_FNAB01000001.1:111102-112254:-1,WP_072844461.1,BLT10_RS00590,,Rieske 2Fe-2S domain-containing protein,3_313_KshA15,3,570.4,0.9542,1.4e-171,NZ_FNAB01000001.1,111102,112254,-1,Rhodococcus tukisamuensis,Bacteria; Bacillati; Actinomycetota; Actinomycetes; Mycobacteriales; Nocardiaceae; Rhodococcus,0,3_313_KshA15#1,core,0.6352,0,0,0,0,[alpha] > hypothetical
NZ_FNAB01000001.1:544674-545847:-1,WP_072843180.1,BLT10_RS02610,,Rieske 2Fe-2S domain-containing protein,3_313_KshA15,3,734.8,0.9644,1.6e-221,NZ_FNAB01000001.1,544674,545847,-1,Rhodococcus tukisamuensis,Bacteria; Bacillati; Actinomycetota; Actinomycetes; Mycobacteriales; Nocardiaceae; Rhodococcus,0,3_313_KshA15#28,core,0.9369,0,0,0,0,[alpha] > hypothetical
NZ_FNAB01000003.1:8283-9444:-1,WP_072843491.1,BLT10_RS07215,,Rieske 2Fe-2S domain-containing protein,3_313_KshA15,3,573.8,0.9618,1.3e-172,NZ_FNAB01000003.1,8283,9444,-1,Rhodococcus tukisamuensis,Bacteria; Bacillati; Actinomycetota; Actinomycetes; Mycobacteriales; Nocardiaceae; Rhodococcus,0,3_313_KshA15#1,core,0.7227,0,0,0,0,[alpha] > hypothetical > reductase
NZ_FNDN01000001.1:269680-270838:1,WP_072737947.1,BLQ89_RS01175,,Rieske 2Fe-2S domain-containing protein,3_313_KshA15,3,597.0,0.9644,1.2e-179,NZ_FNDN01000001.1,269680,270838,1,Rhodococcus triatomae,Bacteria; Bacillati; Actinomycetota; Actinomycetes; Mycobacteriales; Nocardiaceae; Rhodococcus,0,3_313_KshA15#14,core,0.823,0,0,0,0,[alpha] > hypothetical > reductase
NZ_FNDN01000001.1:838354-839524:1,WP_072736281.1,BLQ89_RS03995,,Rieske 2Fe-2S domain-containing protein,3_313_KshA15,3,716.3,0.972,6.8e-216,NZ_FNDN01000001.1,838354,839524,1,Rhodococcus triatomae,Bacteria; Bacillati; Actinomycetota; Actinomycetes; Mycobacteriales; Nocardiaceae; Rhodococcus,0,3_313_KshA15#28,core,0.8947,0,0,0,0,[alpha] > hypothetical > other
NZ_FNDN01000013.1:67711-68893:1,WP_072739425.1,BLQ89_RS18485,,Rieske 2Fe-2S domain-containing protein,3_313_KshA15,3,601.4,0.9415,5.5e-181,NZ_FNDN01000013.1,67711,68893,1,Rhodococcus triatomae,Bacteria; Bacillati; Actinomycetota; Actinomycetes; Mycobacteriales; Nocardiaceae; Rhodococcus,0,3_313_KshA15#26,core,0.7568,0,0,0,0,other > transporter > [alpha] > other > other
NZ_FNHO01000024.1:615-1659:1,WP_041104771.1,BLQ90_RS20585,,Rieske 2Fe-2S domain-containing protein,3_313_KshA15,3,360.3,0.8601,8.7e-108,NZ_FNHO01000024.1,615,1659,1,Stutzerimonas balearica DSM 6083,Bacteria; Pseudomonadati; Pseudomonadota; Gammaproteobacteria; Pseudomonadales; Pseudomonadaceae; Stutzerimonas,0,3_313_KshA15#8,core,0.7362,0,0,0,0,[alpha] > other
NZ_FOAW01000028.1:46099-47263:1,WP_072753030.1,BMY59_RS22370,,Rieske 2Fe-2S domain-containing protein,3_313_KshA15,3,603.1,0.9389,1.6e-181,NZ_FOAW01000028.1,46099,47263,1,Rhodococcus maanshanensis,Bacteria; Bacillati; Actinomycetota; Actinomycetes; Mycobacteriales; Nocardiaceae; Rhodococcus,0,3_313_KshA15#26,core,0.7562,0,0,0,0,[alpha] > dehydrogenase > other > reductase
NZ_FOAW01000038.1:17160-18342:-1,WP_072754086.1,BMY59_RS24865,,Rieske 2Fe-2S domain-containing protein,3_313_KshA15,3,731.2,0.9695,2e-220,NZ_FOAW01000038.1,17160,18342,-1,Rhodococcus maanshanensis,Bacteria; Bacillati; Actinomycetota; Actinomycetes; Mycobacteriales; Nocardiaceae; Rhodococcus,0,3_313_KshA15#28,core,0.8786,0,0,0,0,[alpha] > hypothetical
NZ_FOAW01000006.1:254567-255722:1,WP_072749610.1,BMY59_RS09790,,Rieske 2Fe-2S domain-containing protein,3_313_KshA15,3,584.4,0.9491,7.6e-176,NZ_FOAW01000006.1,254567,255722,1,Rhodococcus maanshanensis,Bacteria; Bacillati; Actinomycetota; Actinomycetes; Mycobacteriales; Nocardiaceae; Rhodococcus,0,3_313_KshA15#145,core,0.6667,0,0,0,0,ferredoxin > other > dehydrogenase > dehydrogenase > [alpha] > hypothetical
NZ_FOAW01000013.1:49444-50599:1,WP_072753381.1,BMY59_RS15340,,Rieske 2Fe-2S domain-containing protein,3_313_KshA15,3,589.6,0.9542,2.1e-177,NZ_FOAW01000013.1,49444,50599,1,Rhodococcus maanshanensis,Bacteria; Bacillati; Actinomycetota; Actinomycetes; Mycobacteriales; Nocardiaceae; Rhodococcus,0,3_313_KshA15#144,core,0.6134,0,0,0,0,[alpha]
NZ_FQWZ01000005.1:61466-62663:-1,WP_072897615.1,BUB09_RS10885,,Rieske 2Fe-2S domain-containing protein,3_313_KshA15,3,206.7,0.8346,4e-61,NZ_FQWZ01000005.1,61466,62663,-1,Hydrocarboniphaga daqingensis,Bacteria; Pseudomonadati; Pseudomonadota; Gammaproteobacteria; Nevskiales; Nevskiaceae; Hydrocarboniphaga,0,3_313_KshA15#134,novel_candidate,0.342,0,0,0,0,regulator > [alpha] > reductase > other > reductase
NZ_FQWZ01000005.1:78564-79629:1,WP_072897642.1,BUB09_RS10960,,aromatic ring-hydroxylating dioxygenase subunit alpha,3_313_KshA15,3,118.5,0.6081,2.4e-34,NZ_FQWZ01000005.1,78564,79629,1,Hydrocarboniphaga daqingensis,Bacteria; Pseudomonadati; Pseudomonadota; Gammaproteobacteria; Nevskiales; Nevskiaceae; Hydrocarboniphaga,0,3_313_KshA15#35,novel_candidate,0.3383,0,0,0,0,[alpha]
NZ_FQWZ01000007.1:11369-12401:1,WP_072898865.1,BUB09_RS13790,,Rieske 2Fe-2S domain-containing protein,3_313_KshA15,3,109.0,0.6081,1.8e-31,NZ_FQWZ01000007.1,11369,12401,1,Hydrocarboniphaga daqingensis,Bacteria; Pseudomonadati; Pseudomonadota; Gammaproteobacteria; Nevskiales; Nevskiaceae; Hydrocarboniphaga,0,3_313_KshA15#35,novel_candidate,0.3413,1,0,1,0,[alpha] > ferredoxin > hydrolase > other
NZ_FRCS01000016.1:42490-43486:-1,WP_073263571.1,BUB75_RS35305,,Rieske 2Fe-2S domain-containing protein,3_313_KshA15,3,123.9,0.4529,5.7e-36,NZ_FRCS01000016.1,42490,43486,-1,Cryptosporangium aurantiacum,Bacteria; Bacillati; Actinomycetota; Actinomycetes; Cryptosporangiales; Cryptosporangiaceae; Cryptosporangium,0,3_313_KshA15#2,core,0.6606,0,0,0,0,transporter > [alpha]
NZ_FRCS01000003.1:341130-342153:-1,WP_073256103.1,BUB75_RS12460,,Rieske 2Fe-2S domain-containing protein,3_313_KshA15,3,111.1,0.5598,4.5e-32,NZ_FRCS01000003.1,341130,342153,-1,Cryptosporangium aurantiacum,Bacteria; Bacillati; Actinomycetota; Actinomycetes; Cryptosporangiales; Cryptosporangiaceae; Cryptosporangium,0,3_313_KshA15#133,novel_candidate,0.3885,0,0,0,0,reductase > other > other > [alpha]
NZ_FWCL01000004.1:440752-441751:-1,WP_074358201.1,B6F48_RS21635,,Rieske 2Fe-2S domain-containing protein,3_313_KshA15,3,119.5,0.6234,1.2e-34,NZ_FWCL01000004.1,440752,441751,-1,Mycobacteroides abscessus subsp. bolletii,Bacteria; Bacillati; Actinomycetota; Actinomycetes; Mycobacteriales; Mycobacteriaceae; Mycobacteroides; Mycobacteroides abscessus,0,3_313_KshA15#0,core,0.6725,0,0,0,0,[alpha] > reductase
NZ_FWCL01000007.1:18176-19334:1,WP_074358203.1,B6F48_RS25760,,Rieske 2Fe-2S domain-containing protein,3_313_KshA15,3,570.7,0.9389,1.2e-171,NZ_FWCL01000007.1,18176,19334,1,Mycobacteroides abscessus subsp. bolletii,Bacteria; Bacillati; Actinomycetota; Actinomycetes; Mycobacteriales; Mycobacteriaceae; Mycobacteroides; Mycobacteroides abscessus,0,3_313_KshA15#1,core,0.81,0,0,0,0,[alpha] > ferredoxin
NZ_FVZE01000003.1:373731-374817:1,WP_079730599.1,B5483_RS12700,,Rieske 2Fe-2S domain-containing protein,3_313_KshA15,3,120.9,0.8193,4.5e-35,NZ_FVZE01000003.1,373731,374817,1,Novosphingobium mathurense,Bacteria; Pseudomonadati; Pseudomonadota; Alphaproteobacteria; Sphingomonadales; Sphingomonadaceae; Novosphingobium,0,3_313_KshA15#20,core,0.8607,0,0,0,0,hypothetical > other > hydrolase > [alpha] > hydrolase > reductase > regulator > regulator
NZ_FZOL01000028.1:12629-13670:-1,WP_042128696.1,CHB99_RS25630,,Rieske 2Fe-2S domain-containing protein,3_313_KshA15,3,364.4,0.8677,5.3e-109,NZ_FZOL01000028.1,12629,13670,-1,Pseudomonas japonica,Bacteria; Pseudomonadati; Pseudomonadota; Gammaproteobacteria; Pseudomonadales; Pseudomonadaceae; Pseudomonas,0,3_313_KshA15#8,core,0.8045,0,0,0,0,[alpha] > hypothetical
NZ_GG770558.1:350367-351357:1,WP_007171502.1,HMPREF0591_RS25020,,Rieske 2Fe-2S domain-containing protein,3_313_KshA15,3,108.8,0.631,2.1e-31,NZ_GG770558.1,350367,351357,1,Mycobacterium parascrofulaceum ATCC BAA-614,Bacteria; Bacillati; Actinomycetota; Actinomycetes; Mycobacteriales; Mycobacteriaceae; Mycobacterium; Mycobacterium simiae complex,0,3_313_KshA15#0,core,0.9613,0,0,0,0,[alpha] > reductase
NZ_JAAARG010000180.1:603-1746:-1,WP_038682802.1,GUY44_RS10075,,Rieske 2Fe-2S domain-containing protein,3_313_KshA15,3,569.3,0.9389,2.9e-171,NZ_JAAARG010000180.1,603,1746,-1,Pimelobacter simplex,Bacteria; Bacillati; Actinomycetota; Actinomycetes; Propionibacteriales; Nocardioidaceae; Pimelobacter,0,3_313_KshA15#151,core,0.6592,0,0,0,0,[alpha] > hypothetical
NZ_JAACYR010000011.1:44293-45307:-1,WP_019735257.1,GWR20_RS04795,,aromatic ring-hydroxylating dioxygenase subunit alpha,3_313_KshA15,3,117.3,0.8041,5.7e-34,NZ_JAACYR010000011.1,44293,45307,-1,Mycolicibacter kumamotonensis,Bacteria; Bacillati; Actinomycetota; Actinomycetes; Mycobacteriales; Mycobacteriaceae; Mycolicibacter,0,3_313_KshA15#2,core,0.9333,0,0,0,0,[alpha] > hypothetical > other
NZ_JAADZU010000008.1:90896-92105:1,WP_059035995.1,GYA93_RS04175,,Rieske 2Fe-2S domain-containing protein,3_313_KshA15,3,639.3,0.972,1.6e-192,NZ_JAADZU010000008.1,90896,92105,1,Gordonia desulfuricans,Bacteria; Bacillati; Actinomycetota; Actinomycetes; Mycobacteriales; Gordoniaceae; Gordonia,0,3_313_KshA15#143,core,0.8774,0,0,0,0,[alpha] > hypothetical
NZ_JAAARG010000103.1:5314-6469:-1,WP_038679116.1,GUY44_RS06045,,Rieske 2Fe-2S domain-containing protein,3_313_KshA15,3,574.0,0.9593,1.2e-172,NZ_JAAARG010000103.1,5314,6469,-1,Pimelobacter simplex,Bacteria; Bacillati; Actinomycetota; Actinomycetes; Propionibacteriales; Nocardioidaceae; Pimelobacter,0,3_313_KshA15#25,core,0.5603,1,0,0,1,[alpha] > hypothetical > reductase
NZ_JAANNT010000003.1:336535-337759:-1,WP_030700105.1,G6W59_RS06745,,Rieske 2Fe-2S domain-containing protein,3_313_KshA15,3,86.5,0.57,1.3e-24,NZ_JAANNT010000003.1,336535,337759,-1,Streptomyces odorifer,Bacteria; Bacillati; Actinomycetota; Actinomycetes; Kitasatosporales; Streptomycetaceae; Streptomyces; Streptomyces albidoflavus group,0,3_313_KshA15#16,core,0.8544,0,0,0,0,[alpha]
NZ_JAAXOP010000012.1:8313-9474:-1,WP_067878768.1,HGA08_RS19855,,Rieske 2Fe-2S domain-containing protein,3_313_KshA15,3,562.1,0.9593,4.6e-169,NZ_JAAXOP010000012.1,8313,9474,-1,Nocardia vermiculata,Bacteria; Bacillati; Actinomycetota; Actinomycetes; Mycobacteriales; Nocardiaceae; Nocardia,0,3_313_KshA15#1,core,0.7407,0,0,0,0,dehydrogenase > [alpha] > ferredoxin > other
NZ_JAAXOP010000031.1:8195-9371:-1,WP_067882138.1,HGA08_RS30385,,Rieske 2Fe-2S domain-containing protein,3_313_KshA15,3,565.7,0.9415,3.8e-170,NZ_JAAXOP010000031.1,8195,9371,-1,Nocardia vermiculata,Bacteria; Bacillati; Actinomycetota; Actinomycetes; Mycobacteriales; Nocardiaceae; Nocardia,0,3_313_KshA15#27,core,0.6218,1,0,0,1,[alpha] > reductase > reductase > reductase > reductase > reductase
NZ_JAAXOT010000003.1:144078-145287:-1,WP_062972186.1,HGA15_RS07155,,Rieske 2Fe-2S domain-containing protein,3_313_KshA15,3,652.6,0.9618,1.5e-196,NZ_JAAXOT010000003.1,144078,145287,-1,Nocardia flavorosea,Bacteria; Bacillati; Actinomycetota; Actinomycetes; Mycobacteriales; Nocardiaceae; Nocardia,0,3_313_KshA15#11,core,0.7406,0,0,0,0,[alpha] > hypothetical > hypothetical
NZ_JAAXOP010000006.1:286041-287208:1,WP_067872493.1,HGA08_RS13915,,Rieske 2Fe-2S domain-containing protein,3_313_KshA15,3,566.1,0.9517,2.8e-170,NZ_JAAXOP010000006.1,286041,287208,1,Nocardia vermiculata,Bacteria; Bacillati; Actinomycetota; Actinomycetes; Mycobacteriales; Nocardiaceae; Nocardia,0,3_313_KshA15#1,core,0.6564,0,0,0,0,[alpha]
NZ_JAAXOP010000007.1:66956-68006:1,WP_067881936.1,HGA08_RS14545,,Rieske 2Fe-2S domain-containing protein,3_313_KshA15,3,109.9,0.6514,1e-31,NZ_JAAXOP010000007.1,66956,68006,1,Nocardia vermiculata,Bacteria; Bacillati; Actinomycetota; Actinomycetes; Mycobacteriales; Nocardiaceae; Nocardia,0,3_313_KshA15#0,core,0.7801,0,0,0,0,[alpha] > reductase
NZ_JAAXOP010000009.1:139995-141132:-1,WP_067871091.1,HGA08_RS17245,,Rieske 2Fe-2S domain-containing protein,3_313_KshA15,3,573.1,0.944,2.1e-172,NZ_JAAXOP010000009.1,139995,141132,-1,Nocardia vermiculata,Bacteria; Bacillati; Actinomycetota; Actinomycetes; Mycobacteriales; Nocardiaceae; Nocardia,0,3_313_KshA15#68,core,0.609,0,0,0,0,hypothetical > [alpha]
NZ_JAAXPE010000002.1:59595-60738:1,WP_040718110.1,HGA07_RS02820,,Rieske 2Fe-2S domain-containing protein,3_313_KshA15,3,581.4,0.9466,6.3e-175,NZ_JAAXPE010000002.1,59595,60738,1,Nocardia veterana,Bacteria; Bacillati; Actinomycetota; Actinomycetes; Mycobacteriales; Nocardiaceae; Nocardia,0,3_313_KshA15#54,core,0.6088,1,0,0,1,[alpha] > hypothetical > reductase > other
NZ_JAAXPE010000004.1:189067-190117:-1,WP_040719257.1,HGA07_RS06370,,Rieske 2Fe-2S domain-containing protein,3_313_KshA15,3,97.2,0.8066,7.3e-28,NZ_JAAXPE010000004.1,189067,190117,-1,Nocardia veterana,Bacteria; Bacillati; Actinomycetota; Actinomycetes; Mycobacteriales; Nocardiaceae; Nocardia,0,3_313_KshA15#0,core,0.8099,0,0,0,0,[alpha] > reductase
NZ_JAAXOT010000008.1:51708-52719:-1,WP_062978267.1,HGA15_RS16985,,aromatic ring-hydroxylating dioxygenase subunit alpha,3_313_KshA15,3,112.8,0.799,1.4e-32,NZ_JAAXOT010000008.1,51708,52719,-1,Nocardia flavorosea,Bacteria; Bacillati; Actinomycetota; Actinomycetes; Mycobacteriales; Nocardiaceae; Nocardia,0,3_313_KshA15#2,core,0.6857,0,0,0,0,dehydrogenase > other > hydrolase > reductase > [alpha] > hydrolase
NZ_JAAXOO010000006.1:129327-130539:-1,WP_068045611.1,HGA13_RS23005,,Rieske 2Fe-2S domain-containing protein,3_313_KshA15,3,650.2,0.9644,8e-196,NZ_JAAXOO010000006.1,129327,130539,-1,Nocardia speluncae,Bacteria; Bacillati; Actinomycetota; Actinomycetes; Mycobacteriales; Nocardiaceae; Nocardia,0,3_313_KshA15#11,core,0.7391,0,0,0,0,[alpha] > hypothetical > hypothetical
NZ_JAAXOP010000003.1:512571-513786:-1,WP_067870934.1,HGA08_RS08735,,Rieske 2Fe-2S domain-containing protein,3_313_KshA15,3,630.7,0.9618,6.9e-190,NZ_JAAXOP010000003.1,512571,513786,-1,Nocardia vermiculata,Bacteria; Bacillati; Actinomycetota; Actinomycetes; Mycobacteriales; Nocardiaceae; Nocardia,0,3_313_KshA15#11,core,0.785,0,0,0,0,[alpha] > hypothetical
NZ_JAAXOP010000005.1:366264-367425:1,WP_067873573.1,HGA08_RS12455,,Rieske 2Fe-2S domain-containing protein,3_313_KshA15,3,558.0,0.9695,8.4e-168,NZ_JAAXOP010000005.1,366264,367425,1,Nocardia vermiculata,Bacteria; Bacillati; Actinomycetota; Actinomycetes; Mycobacteriales; Nocardiaceae; Nocardia,0,3_313_KshA15#1,core,0.7632,0,0,0,0,[alpha] > hypothetical
NZ_JAAXOP010000005.1:381570-382593:-1,WP_168436113.1,HGA08_RS12525,,Rieske 2Fe-2S domain-containing protein,3_313_KshA15,3,124.7,0.6209,3.4e-36,NZ_JAAXOP010000005.1,381570,382593,-1,Nocardia vermiculata,Bacteria; Bacillati; Actinomycetota; Actinomycetes; Mycobacteriales; Nocardiaceae; Nocardia,0,3_313_KshA15#65,divergent,0.4911,1,0,0,1,[alpha] > dehydrogenase > dehydrogenase > other > other > reductase
NZ_JAAXOM010000004.1:425586-426756:-1,WP_067640650.1,HGA10_RS17290,,Rieske 2Fe-2S domain-containing protein,3_313_KshA15,3,645.5,0.944,2.2e-194,NZ_JAAXOM010000004.1,425586,426756,-1,Nocardia coubleae,Bacteria; Bacillati; Actinomycetota; Actinomycetes; Mycobacteriales; Nocardiaceae; Nocardia,0,3_313_KshA15#11,core,0.8219,0,0,0,0,[alpha] > hypothetical
NZ_JAAXOO010000002.1:345913-347080:-1,WP_068040331.1,HGA13_RS08840,,Rieske 2Fe-2S domain-containing protein,3_313_KshA15,3,559.7,0.944,2.5e-168,NZ_JAAXOO010000002.1,345913,347080,-1,Nocardia speluncae,Bacteria; Bacillati; Actinomycetota; Actinomycetes; Mycobacteriales; Nocardiaceae; Nocardia,0,3_313_KshA15#1,core,0.6605,0,0,0,0,[alpha]
NZ_JAAXOO010000002.1:491347-492394:-1,WP_068040106.1,HGA13_RS09515,,Rieske 2Fe-2S domain-containing protein,3_313_KshA15,3,112.4,0.5216,1.8e-32,NZ_JAAXOO010000002.1,491347,492394,-1,Nocardia speluncae,Bacteria; Bacillati; Actinomycetota; Actinomycetes; Mycobacteriales; Nocardiaceae; Nocardia,0,3_313_KshA15#65,novel_candidate,0.3936,1,0,0,1,[alpha] > dehydrogenase > dehydrogenase > other > other > reductase
NZ_JAAXPI010000003.1:201124-202285:1,WP_067635150.1,HGB48_RS04440,,Rieske 2Fe-2S domain-containing protein,3_313_KshA15,3,541.8,0.9542,6.7e-163,NZ_JAAXPI010000003.1,201124,202285,1,Actinomadura latina,Bacteria; Bacillati; Actinomycetota; Actinomycetes; Streptosporangiales; Thermomonosporaceae; Actinomadura,0,3_313_KshA15#1,core,0.6481,0,0,0,0,[alpha] > ferredoxin > reductase > reductase
NZ_JAAXPJ010000014.1:111767-112799:-1,WP_044515378.1,HGA11_RS27825,,Rieske 2Fe-2S domain-containing protein,3_313_KshA15,3,108.1,0.631,3.7e-31,NZ_JAAXPJ010000014.1,111767,112799,-1,Mycolicibacterium septicum DSM 44393,Bacteria; Bacillati; Actinomycetota; Actinomycetes; Mycobacteriales; Mycobacteriaceae; Mycolicibacterium,0,3_313_KshA15#0,core,0.8652,0,0,0,0,[alpha] > reductase
NZ_JAAXPJ010000008.1:9550-10660:-1,WP_044516641.1,HGA11_RS19885,,Rieske 2Fe-2S domain-containing protein,3_313_KshA15,3,582.7,0.9338,2.5e-175,NZ_JAAXPJ010000008.1,9550,10660,-1,Mycolicibacterium septicum DSM 44393,Bacteria; Bacillati; Actinomycetota; Actinomycetes; Mycobacteriales; Mycobacteriaceae; Mycolicibacterium,0,3_313_KshA15#7,core,0.9051,0,0,0,0,other > other > reductase > [alpha] > other > other > other > dehydrogenase > other > other > other
NZ_JAAXPJ010000008.1:266079-267219:-1,WP_209446966.1,HGA11_RS21195,,Rieske 2Fe-2S domain-containing protein,3_313_KshA15,3,559.3,0.9491,3.2e-168,NZ_JAAXPJ010000008.1,266079,267219,-1,Mycolicibacterium septicum DSM 44393,Bacteria; Bacillati; Actinomycetota; Actinomycetes; Mycobacteriales; Mycobacteriaceae; Mycolicibacterium,0,3_313_KshA15#1,core,0.795,0,0,0,0,other > other > hypothetical > [alpha] > hypothetical
NZ_JAAXPJ010000002.1:486023-487202:1,WP_044514946.1,HGA11_RS07650,,Rieske 2Fe-2S domain-containing protein,3_313_KshA15,3,578.0,0.9542,6.8e-174,NZ_JAAXPJ010000002.1,486023,487202,1,Mycolicibacterium septicum DSM 44393,Bacteria; Bacillati; Actinomycetota; Actinomycetes; Mycobacteriales; Mycobacteriaceae; Mycolicibacterium,0,3_313_KshA15#12,core,0.7116,0,0,0,0,[alpha]
NZ_JAAXPJ010000003.1:385228-386245:-1,WP_044517234.1,HGA11_RS10310,,Rieske 2Fe-2S domain-containing protein,3_313_KshA15,3,101.9,0.799,2.7e-29,NZ_JAAXPJ010000003.1,385228,386245,-1,Mycolicibacterium septicum DSM 44393,Bacteria; Bacillati; Actinomycetota; Actinomycetes; Mycobacteriales; Mycobacteriaceae; Mycolicibacterium,0,3_313_KshA15#2,core,0.7491,0,0,0,0,[alpha] > hydrolase > other
NZ_JAAXPJ010000004.1:9760-10924:1,WP_044520625.1,HGA11_RS11010,,Rieske 2Fe-2S domain-containing protein,3_313_KshA15,3,817.8,0.9746,1e-246,NZ_JAAXPJ010000004.1,9760,10924,1,Mycolicibacterium septicum DSM 44393,Bacteria; Bacillati; Actinomycetota; Actinomycetes; Mycobacteriales; Mycobacteriaceae; Mycolicibacterium,0,3_313_KshA15#5,core,0.775,0,0,0,0,hypothetical > [alpha] > hypothetical
NZ_JABELY010000001.1:59202-60258:1,WP_007323305.1,HLA97_RS00285,,Rieske 2Fe-2S domain-containing protein,3_313_KshA15,3,99.5,0.5903,1.5e-28,NZ_JABELY010000001.1,59202,60258,1,Gordonia araii NBRC 100433,Bacteria; Bacillati; Actinomycetota; Actinomycetes; Mycobacteriales; Gordoniaceae; Gordonia,0,3_313_KshA15#0,core,0.7616,0,0,0,0,[alpha] > reductase > reductase
NZ_JABELY010000004.1:7943-9128:-1,WP_007322337.1,HLA97_RS03815,,Rieske 2Fe-2S domain-containing protein,3_313_KshA15,3,637.3,0.972,6.6e-192,NZ_JABELY010000004.1,7943,9128,-1,Gordonia araii NBRC 100433,Bacteria; Bacillati; Actinomycetota; Actinomycetes; Mycobacteriales; Gordoniaceae; Gordonia,0,3_313_KshA15#13,core,0.875,0,0,0,0,[alpha] > hypothetical
NZ_JABELX010000010.1:284904-286122:1,WP_067517410.1,HLB23_RS27125,,Rieske 2Fe-2S domain-containing protein,3_313_KshA15,3,658.7,0.9669,2.1e-198,NZ_JABELX010000010.1,284904,286122,1,Nocardia uniformis,Bacteria; Bacillati; Actinomycetota; Actinomycetes; Mycobacteriales; Nocardiaceae; Nocardia,0,3_313_KshA15#11,core,0.7723,0,0,0,0,[alpha] > hypothetical
NZ_JABELX010000013.1:71850-72999:-1,WP_067523633.1,HLB23_RS30995,,Rieske 2Fe-2S domain-containing protein,3_313_KshA15,3,574.5,0.9593,8e-173,NZ_JABELX010000013.1,71850,72999,-1,Nocardia uniformis,Bacteria; Bacillati; Actinomycetota; Actinomycetes; Mycobacteriales; Nocardiaceae; Nocardia,0,3_313_KshA15#70,core,0.6358,0,0,0,0,reductase > [alpha] > hypothetical
NZ_JACKSD010000036.1:64957-66115:-1,WP_011780083.1,H7I42_RS03695,,Rieske 2Fe-2S domain-containing protein,3_313_KshA15,3,552.3,0.9364,4.4e-166,NZ_JACKSD010000036.1,64957,66115,-1,Mycolicibacterium vanbaalenii PYR-1,Bacteria; Bacillati; Actinomycetota; Actinomycetes; Mycobacteriales; Mycobacteriaceae; Mycolicibacterium,0,3_313_KshA15#1,core,0.7988,0,0,0,0,[alpha] > hypothetical
NZ_JACKSB010000199.1:20596-21622:1,WP_020788024.1,H7H54_RS12860,,Rieske 2Fe-2S domain-containing protein,3_313_KshA15,3,105.4,0.6641,2.4e-30,NZ_JACKSB010000199.1,20596,21622,1,Mycobacterium pseudoshottsii,Bacteria; Bacillati; Actinomycetota; Actinomycetes; Mycobacteriales; Mycobacteriaceae; Mycobacterium; Mycobacterium ulcerans group,0,3_313_KshA15#0,core,0.8551,0,0,0,0,[alpha] > reductase
NZ_JACKSB010000453.1:4865-6050:1,WP_012396539.1,H7H54_RS27380,,Rieske 2Fe-2S domain-containing protein,3_313_KshA15,3,831.7,0.9949,6.2e-251,NZ_JACKSB010000453.1,4865,6050,1,Mycobacterium pseudoshottsii,Bacteria; Bacillati; Actinomycetota; Actinomycetes; Mycobacteriales; Mycobacteriaceae; Mycobacterium; Mycobacterium ulcerans group,0,3_313_KshA15#5,core,0.8599,0,0,0,0,[alpha] > hypothetical
NZ_JACKSD010000005.1:10279-11299:1,WP_011779245.1,H7I42_RS00405,,Rieske 2Fe-2S domain-containing protein,3_313_KshA15,3,106.4,0.8142,1.2e-30,NZ_JACKSD010000005.1,10279,11299,1,Mycolicibacterium vanbaalenii PYR-1,Bacteria; Bacillati; Actinomycetota; Actinomycetes; Mycobacteriales; Mycobacteriaceae; Mycolicibacterium,0,3_313_KshA15#2,core,0.7298,0,0,0,0,[alpha] > hydrolase > other
NZ_JACKSD010000239.1:14658-15813:-1,WP_011782366.1,H7I42_RS18685,,Rieske 2Fe-2S domain-containing protein,3_313_KshA15,3,812.7,0.9567,3.5e-245,NZ_JACKSD010000239.1,14658,15813,-1,Mycolicibacterium vanbaalenii PYR-1,Bacteria; Bacillati; Actinomycetota; Actinomycetes; Mycobacteriales; Mycobacteriaceae; Mycolicibacterium,0,3_313_KshA15#3,core,0.8408,0,0,0,0,[alpha] > hypothetical
NZ_JACKSD010000239.1:30380-31511:-1,WP_011782352.1,H7I42_RS18755,,Rieske 2Fe-2S domain-containing protein,3_313_KshA15,3,583.5,0.9389,1.5e-175,NZ_JACKSD010000239.1,30380,31511,-1,Mycolicibacterium vanbaalenii PYR-1,Bacteria; Bacillati; Actinomycetota; Actinomycetes; Mycobacteriales; Mycobacteriaceae; Mycolicibacterium,0,3_313_KshA15#7,core,0.8243,0,0,0,0,dehydrogenase > dehydrogenase > reductase > other > reductase > [alpha] > other
NZ_JACKSD010000335.1:4464-5493:-1,WP_011780953.1,H7I42_RS26900,,Rieske 2Fe-2S domain-containing protein,3_313_KshA15,3,108.0,0.6234,3.8e-31,NZ_JACKSD010000335.1,4464,5493,-1,Mycolicibacterium vanbaalenii PYR-1,Bacteria; Bacillati; Actinomycetota; Actinomycetes; Mycobacteriales; Mycobacteriaceae; Mycolicibacterium,0,3_313_KshA15#0,core,0.7842,0,0,0,0,[alpha] > reductase
NZ_JACKTM010000068.1:85658-86672:1,WP_062829694.1,H7J55_RS30550,,Rieske 2Fe-2S domain-containing protein,3_313_KshA15,3,120.3,0.6209,7e-35,NZ_JACKTM010000068.1,85658,86672,1,Mycolicibacterium brisbanense,Bacteria; Bacillati; Actinomycetota; Actinomycetes; Mycobacteriales; Mycobacteriaceae; Mycolicibacterium,0,3_313_KshA15#0,core,0.8481,0,0,0,0,[alpha] > reductase
NZ_JACKTM010000044.1:166891-168049:-1,WP_062830145.1,H7J55_RS21310,,Rieske 2Fe-2S domain-containing protein,3_313_KshA15,3,540.9,0.9364,1.3e-162,NZ_JACKTM010000044.1,166891,168049,-1,Mycolicibacterium brisbanense,Bacteria; Bacillati; Actinomycetota; Actinomycetes; Mycobacteriales; Mycobacteriaceae; Mycolicibacterium,0,3_313_KshA15#1,core,0.7886,0,0,0,0,[alpha] > hypothetical
NZ_JACKTM010000051.1:103062-104190:1,WP_062831563.1,H7J55_RS23330,,Rieske 2Fe-2S domain-containing protein,3_313_KshA15,3,589.7,0.944,1.9e-177,NZ_JACKTM010000051.1,103062,104190,1,Mycolicibacterium brisbanense,Bacteria; Bacillati; Actinomycetota; Actinomycetes; Mycobacteriales; Mycobacteriaceae; Mycolicibacterium,0,3_313_KshA15#7,core,0.8676,0,0,0,0,other > other > reductase > [alpha] > other > other
NZ_JACKTM010000054.1:9518-10700:1,WP_062827918.1,H7J55_RS24825,,Rieske 2Fe-2S domain-containing protein,3_313_KshA15,3,824.4,0.9593,9.6e-249,NZ_JACKTM010000054.1,9518,10700,1,Mycolicibacterium brisbanense,Bacteria; Bacillati; Actinomycetota; Actinomycetes; Mycobacteriales; Mycobacteriaceae; Mycolicibacterium,0,3_313_KshA15#5,core,0.8214,0,0,0,0,hypothetical > [alpha] > hypothetical > other
NZ_JAGGLP010000018.1:12608-13631:1,WP_067310433.1,J2Z21_RS33405,,Rieske 2Fe-2S domain-containing protein,3_313_KshA15,3,76.7,0.5293,1.2e-21,NZ_JAGGLP010000018.1,12608,13631,1,Streptomyces griseochromogenes,Bacteria; Bacillati; Actinomycetota; Actinomycetes; Kitasatosporales; Streptomycetaceae; Streptomyces,0,3_313_KshA15#84,divergent,0.4471,0,0,0,0,[alpha]
NZ_JAGGLR010000002.1:448303-449413:1,WP_052701701.1,J2Z30_RS05610,,Rieske 2Fe-2S domain-containing protein,3_313_KshA15,3,78.1,0.5165,4.8e-22,NZ_JAGGLR010000002.1,448303,449413,1,Streptomyces iranensis,Bacteria; Bacillati; Actinomycetota; Actinomycetes; Kitasatosporales; Streptomycetaceae; Streptomyces; Streptomyces violaceusniger group,0,3_313_KshA15#83,divergent,0.538,0,0,0,0,other > reductase > other > other > [alpha] > dehydrogenase > other > dehydrogenase > hydrolase
NZ_JAHAKO010000003.1:14416-15454:-1,WP_047274783.1,KID05_RS02040,,Rieske 2Fe-2S domain-containing protein,3_313_KshA15,3,350.5,0.8601,8.7e-105,NZ_JAHAKO010000003.1,14416,15454,-1,Pseudomonas sp.,Bacteria; Pseudomonadati; Pseudomonadota; Gammaproteobacteria; Pseudomonadales; Pseudomonadaceae; Pseudomonas,0,3_313_KshA15#8,core,0.823,0,0,0,0,regulator > reductase > reductase > [alpha] > regulator
NZ_JAJJNE010000146.1:10033-11182:1,WP_036430061.1,LOC73_RS39865,,Rieske 2Fe-2S domain-containing protein,3_313_KshA15,3,827.2,0.9618,1.5e-249,NZ_JAJJNE010000146.1,10033,11182,1,Mycolicibacterium mageritense,Bacteria; Bacillati; Actinomycetota; Actinomycetes; Mycobacteriales; Mycobacteriaceae; Mycolicibacterium,0,3_313_KshA15#5,core,0.8232,0,0,0,0,hypothetical > [alpha] > hypothetical
NZ_JAMKDT010000054.1:1984-3028:-1,WP_070094311.1,M9Y57_RS25565,,Rieske 2Fe-2S domain-containing protein,3_313_KshA15,3,385.4,0.8753,2.1e-115,NZ_JAMKDT010000054.1,1984,3028,-1,Pseudomonas putida,Bacteria; Pseudomonadati; Pseudomonadota; Gammaproteobacteria; Pseudomonadales; Pseudomonadaceae; Pseudomonas,0,3_313_KshA15#24,core,0.8516,0,0,0,0,[alpha] > regulator > hydrolase
NZ_JAOCDH010000011.1:90711-91725:1,WP_058151183.1,N5D41_RS11190,,Rieske 2Fe-2S domain-containing protein,3_313_KshA15,3,94.2,0.5522,5.9e-27,NZ_JAOCDH010000011.1,90711,91725,1,Ectopseudomonas toyotomiensis,Bacteria; Pseudomonadati; Pseudomonadota; Gammaproteobacteria; Pseudomonadales; Pseudomonadaceae; Ectopseudomonas,0,3_313_KshA15#33,novel_candidate,0.3723,1,0,0,1,reductase > dehydrogenase > dehydrogenase > other > dehydrogenase > [alpha]
NZ_JAOA01000017.1:50249-51410:-1,WP_023368378.1,I545_RS28405,,Rieske 2Fe-2S domain-containing protein,3_313_KshA15,3,817.7,0.9644,1e-246,NZ_JAOA01000017.1,50249,51410,-1,Mycobacterium kansasii 662,Bacteria; Bacillati; Actinomycetota; Actinomycetes; Mycobacteriales; Mycobacteriaceae; Mycobacterium,0,3_313_KshA15#5,core,0.8608,0,0,0,0,[alpha] > hypothetical
NZ_JANSLM010000002.1:707254-708334:1,WP_030098882.1,ParKJ_RS07765,,Rieske 2Fe-2S domain-containing protein,3_313_KshA15,3,410.0,0.8779,7.4e-123,NZ_JANSLM010000002.1,707254,708334,1,Paraburkholderia fungorum,Bacteria; Pseudomonadati; Pseudomonadota; Betaproteobacteria; Burkholderiales; Burkholderiaceae; Paraburkholderia,0,3_313_KshA15#10,core,0.7556,0,0,0,0,[alpha]
NZ_JAOA01000002.1:599481-600609:1,WP_036392905.1,I545_RS09975,,aromatic ring-hydroxylating dioxygenase subunit alpha,3_313_KshA15,3,113.1,0.542,1.1e-32,NZ_JAOA01000002.1,599481,600609,1,Mycobacterium kansasii 662,Bacteria; Bacillati; Actinomycetota; Actinomycetes; Mycobacteriales; Mycobacteriaceae; Mycobacterium,0,3_313_KshA15#4,core,0.8454,0,0,0,0,[alpha] > other > other > other > other
NZ_JAOR01000126.1:3232-4345:1,WP_009977174.1,NF18_RS11170,,Rieske 2Fe-2S domain-containing protein,3_313_KshA15,3,579.3,0.9389,2.7e-174,NZ_JAOR01000126.1,3232,4345,1,Mycobacterium sp. MAC_011194_8550,Bacteria; Bacillati; Actinomycetota; Actinomycetes; Mycobacteriales; Mycobacteriaceae; Mycobacterium; Mycobacterium avium complex (MAC),0,3_313_KshA15#9,core,0.891,0,0,0,0,[alpha] > hypothetical > reductase
NZ_JAPDNN010000016.1:18042-19191:1,WP_006550451.1,OMK68_RS13535,,Rieske 2Fe-2S domain-containing protein,3_313_KshA15,3,673.6,0.9618,6.5e-203,NZ_JAPDNN010000016.1,18042,19191,1,Rhodococcus pyridinivorans,Bacteria; Bacillati; Actinomycetota; Actinomycetes; Mycobacteriales; Nocardiaceae; Rhodococcus,0,3_313_KshA15#19,core,0.7445,0,0,0,0,[alpha] > hypothetical
NZ_JAOR01000148.1:106061-107075:-1,WP_011724245.1,NF18_RS16670,,Rieske 2Fe-2S domain-containing protein,3_313_KshA15,3,111.9,0.799,2.5e-32,NZ_JAOR01000148.1,106061,107075,-1,Mycobacterium sp. MAC_011194_8550,Bacteria; Bacillati; Actinomycetota; Actinomycetes; Mycobacteriales; Mycobacteriaceae; Mycobacterium; Mycobacterium avium complex (MAC),0,3_313_KshA15#2,core,0.8908,0,0,0,0,[alpha] > hydrolase > hydrolase > other > reductase > other > other > other
NZ_JAOR01000148.1:144492-145620:1,WP_011724265.1,NF18_RS16835,,aromatic ring-hydroxylating dioxygenase subunit alpha,3_313_KshA15,3,106.5,0.5903,1.1e-30,NZ_JAOR01000148.1,144492,145620,1,Mycobacterium sp. MAC_011194_8550,Bacteria; Bacillati; Actinomycetota; Actinomycetes; Mycobacteriales; Mycobacteriaceae; Mycobacterium; Mycobacterium avium complex (MAC),0,3_313_KshA15#4,core,0.9161,0,0,0,0,[alpha] > other > other > other > other
NZ_JAOR01000151.1:27398-28394:1,WP_031344996.1,NF18_RS18160,,Rieske 2Fe-2S domain-containing protein,3_313_KshA15,3,100.9,0.6285,5.5e-29,NZ_JAOR01000151.1,27398,28394,1,Mycobacterium sp. MAC_011194_8550,Bacteria; Bacillati; Actinomycetota; Actinomycetes; Mycobacteriales; Mycobacteriaceae; Mycobacterium; Mycobacterium avium complex (MAC),0,3_313_KshA15#0,core,0.9293,0,0,0,0,[alpha] > reductase
NZ_JAOR01000165.1:120638-121796:-1,WP_009974810.1,NF18_RS22295,,Rieske 2Fe-2S domain-containing protein,3_313_KshA15,3,839.1,0.9669,3.5e-253,NZ_JAOR01000165.1,120638,121796,-1,Mycobacterium sp. MAC_011194_8550,Bacteria; Bacillati; Actinomycetota; Actinomycetes; Mycobacteriales; Mycobacteriaceae; Mycobacterium; Mycobacterium avium complex (MAC),0,3_313_KshA15#3,core,0.9265,0,0,0,0,[alpha] > hypothetical
NZ_JARWNH010000067.1:42672-43863:1,WP_280507340.1,QH096_RS05705,,Rieske 2Fe-2S domain-containing protein,3_313_KshA15,3,598.4,0.9415,4.4e-180,NZ_JARWNH010000067.1,42672,43863,1,Nocardia flavorosea,Bacteria; Bacillati; Actinomycetota; Actinomycetes; Mycobacteriales; Nocardiaceae; Nocardia,0,3_313_KshA15#26,core,0.7531,0,0,0,0,[alpha]
NZ_JARWNH010000171.1:31719-32763:1,WP_062976455.1,QH096_RS14535,,Rieske 2Fe-2S domain-containing protein,3_313_KshA15,3,83.0,0.5725,1.5e-23,NZ_JARWNH010000171.1,31719,32763,1,Nocardia flavorosea,Bacteria; Bacillati; Actinomycetota; Actinomycetes; Mycobacteriales; Nocardiaceae; Nocardia,0,3_313_KshA15#132,divergent,0.4528,0,0,0,0,other > reductase > other > reductase > [alpha]
NZ_JARWNH010000172.1:18230-19280:1,WP_062980224.1,QH096_RS14630,,Rieske 2Fe-2S domain-containing protein,3_313_KshA15,3,103.1,0.799,1.2e-29,NZ_JARWNH010000172.1,18230,19280,1,Nocardia flavorosea,Bacteria; Bacillati; Actinomycetota; Actinomycetes; Mycobacteriales; Nocardiaceae; Nocardia,0,3_313_KshA15#0,core,0.8227,0,0,0,0,[alpha] > reductase
NZ_JARWNH010000212.1:22601-23780:-1,WP_062970189.1,QH096_RS18030,,Rieske 2Fe-2S domain-containing protein,3_313_KshA15,3,559.4,0.9466,3e-168,NZ_JARWNH010000212.1,22601,23780,-1,Nocardia flavorosea,Bacteria; Bacillati; Actinomycetota; Actinomycetes; Mycobacteriales; Nocardiaceae; Nocardia,0,3_313_KshA15#27,core,0.6013,0,0,0,0,[alpha] > dehydrogenase > other
NZ_JARWQE010000334.1:14440-15622:-1,WP_048833291.1,QH036_RS25860,,Rieske 2Fe-2S domain-containing protein,3_313_KshA15,3,603.2,0.9415,1.6e-181,NZ_JARWQE010000334.1,14440,15622,-1,Nocardia cyriacigeorgica,Bacteria; Bacillati; Actinomycetota; Actinomycetes; Mycobacteriales; Nocardiaceae; Nocardia,0,3_313_KshA15#26,core,0.7875,0,0,0,0,reductase > hypothetical > other > [alpha] > dehydrogenase > other
NZ_JAUMIP010000024.1:69580-70762:-1,WP_071926011.1,Q3A91_RS26785,,Rieske 2Fe-2S domain-containing protein,3_313_KshA15,3,642.5,0.9517,1.7e-193,NZ_JAUMIP010000024.1,69580,70762,-1,Nocardia mangyaensis,Bacteria; Bacillati; Actinomycetota; Actinomycetes; Mycobacteriales; Nocardiaceae; Nocardia,0,3_313_KshA15#11,core,0.8012,0,0,0,0,[alpha] > hypothetical
NZ_JASZZX010000002.1:189826-190954:-1,WP_172417498.1,QRB35_RS03665,,aromatic ring-hydroxylating dioxygenase subunit alpha,3_313_KshA15,3,107.7,0.5929,4.8e-31,NZ_JASZZX010000002.1,189826,190954,-1,Mycobacterium intracellulare subsp. chimaera,Bacteria; Bacillati; Actinomycetota; Actinomycetes; Mycobacteriales; Mycobacteriaceae; Mycobacterium; Mycobacterium avium complex (MAC),0,3_313_KshA15#4,core,0.9586,0,0,0,0,[alpha] > other > other > other > other
NZ_JASZZX010000002.1:226447-227455:1,WP_065503103.1,QRB35_RS03820,,Rieske 2Fe-2S domain-containing protein,3_313_KshA15,3,110.1,0.8066,9e-32,NZ_JASZZX010000002.1,226447,227455,1,Mycobacterium intracellulare subsp. chimaera,Bacteria; Bacillati; Actinomycetota; Actinomycetes; Mycobacteriales; Mycobacteriaceae; Mycobacterium; Mycobacterium avium complex (MAC),0,3_313_KshA15#2,core,0.9021,0,0,0,0,[alpha] > hydrolase > hydrolase > other > other > reductase
NZ_JAUTCF010000010.1:171206-172244:-1,WP_016486864.1,Q7L29_RS16010,,Rieske 2Fe-2S domain-containing protein,3_313_KshA15,3,353.8,0.8601,8.5e-106,NZ_JAUTCF010000010.1,171206,172244,-1,Pseudomonas putida,Bacteria; Pseudomonadati; Pseudomonadota; Gammaproteobacteria; Pseudomonadales; Pseudomonadaceae; Pseudomonas,0,3_313_KshA15#8,core,0.8388,0,0,0,0,reductase > reductase > other > other > other > transporter > regulator > reductase > reductase > [alpha] > transporter
NZ_JAVRET010000001.1:93356-94457:-1,WP_010279599.1,RM698_RS00405,,Rieske 2Fe-2S domain-containing protein,3_313_KshA15,3,76.4,0.5242,1.5e-21,NZ_JAVRET010000001.1,93356,94457,-1,Streptomyces evansiae,Bacteria; Bacillati; Actinomycetota; Actinomycetes; Kitasatosporales; Streptomycetaceae; Streptomyces,0,3_313_KshA15#16,core,0.7531,0,0,0,0,[alpha]
NZ_JAVLUS010000009.1:7176-8397:-1,WP_074851336.1,RD149_RS12165,,Rieske 2Fe-2S domain-containing protein,3_313_KshA15,3,628.9,0.9771,2.4e-189,NZ_JAVLUS010000009.1,7176,8397,-1,Gordonia westfalica,Bacteria; Bacillati; Actinomycetota; Actinomycetes; Mycobacteriales; Gordoniaceae; Gordonia,0,3_313_KshA15#13,core,0.8927,0,0,0,0,[alpha] > hypothetical > other
NZ_JAWLJY010000009.1:143371-144514:-1,WP_040273845.1,R3Q24_RS14560,,Rieske 2Fe-2S domain-containing protein,3_313_KshA15,3,675.1,0.9567,2.3e-203,NZ_JAWLJY010000009.1,143371,144514,-1,Rhodococcus ruber,Bacteria; Bacillati; Actinomycetota; Actinomycetes; Mycobacteriales; Nocardiaceae; Rhodococcus,0,3_313_KshA15#19,core,0.7579,0,0,0,0,[alpha] > hypothetical > other
NZ_JAWLJY010000012.1:49110-50244:-1,WP_040270374.1,R3Q24_RS17060,,Rieske 2Fe-2S domain-containing protein,3_313_KshA15,3,599.6,0.9491,1.9e-180,NZ_JAWLJY010000012.1,49110,50244,-1,Rhodococcus ruber,Bacteria; Bacillati; Actinomycetota; Actinomycetes; Mycobacteriales; Nocardiaceae; Rhodococcus,0,3_313_KshA15#45,core,0.5949,0,0,0,0,reductase > hypothetical > hypothetical > [alpha]
NZ_JAWLJY010000012.1:179777-180953:1,WP_040270140.1,R3Q24_RS17645,,Rieske 2Fe-2S domain-containing protein,3_313_KshA15,3,600.9,0.972,7.4e-181,NZ_JAWLJY010000012.1,179777,180953,1,Rhodococcus ruber,Bacteria; Bacillati; Actinomycetota; Actinomycetes; Mycobacteriales; Nocardiaceae; Rhodococcus,0,3_313_KshA15#14,core,0.8531,0,0,0,0,[alpha] > hypothetical > reductase
NZ_JAWLLF010000009.1:188499-189639:-1,WP_014380267.1,R4E96_RS10875,,Rieske 2Fe-2S domain-containing protein,3_313_KshA15,3,592.3,0.9567,3.2e-178,NZ_JAWLLF010000009.1,188499,189639,-1,Mycobacterium intracellulare,Bacteria; Bacillati; Actinomycetota; Actinomycetes; Mycobacteriales; Mycobacteriaceae; Mycobacterium; Mycobacterium avium complex (MAC),0,3_313_KshA15#9,core,0.9214,0,0,0,0,[alpha] > hypothetical > reductase
NZ_JAWLKG010000005.1:59599-60733:-1,WP_029545685.1,R3Q02_RS13250,,Rieske 2Fe-2S domain-containing protein,3_313_KshA15,3,597.6,0.944,7.5e-180,NZ_JAWLKG010000005.1,59599,60733,-1,Rhodococcus aetherivorans,Bacteria; Bacillati; Actinomycetota; Actinomycetes; Mycobacteriales; Nocardiaceae; Rhodococcus,0,3_313_KshA15#45,core,0.6032,0,0,0,0,hypothetical > [alpha]
NZ_JAWLKG010000005.1:301825-303001:1,WP_006935126.1,R3Q02_RS14345,,Rieske 2Fe-2S domain-containing protein,3_313_KshA15,3,600.7,0.972,8.7e-181,NZ_JAWLKG010000005.1,301825,303001,1,Rhodococcus aetherivorans,Bacteria; Bacillati; Actinomycetota; Actinomycetes; Mycobacteriales; Nocardiaceae; Rhodococcus,0,3_313_KshA15#14,core,0.8517,0,0,0,0,[alpha] > hypothetical > reductase
NZ_JAWLVV010000063.1:20718-21855:-1,WP_061263041.1,R4485_RS34480,,Rieske 2Fe-2S domain-containing protein,3_313_KshA15,3,567.8,0.9466,8.7e-171,NZ_JAWLVV010000063.1,20718,21855,-1,Mycolicibacterium fortuitum,Bacteria; Bacillati; Actinomycetota; Actinomycetes; Mycobacteriales; Mycobacteriaceae; Mycolicibacterium,0,3_313_KshA15#1,core,0.7555,0,0,0,0,other > other > hypothetical > [alpha]
NZ_JAWLVV010000001.1:583-1747:-1,WP_003879780.1,R4485_RS00010,,Rieske 2Fe-2S domain-containing protein,3_313_KshA15,3,822.9,0.9746,2.9e-248,NZ_JAWLVV010000001.1,583,1747,-1,Mycolicibacterium fortuitum,Bacteria; Bacillati; Actinomycetota; Actinomycetes; Mycobacteriales; Mycobacteriaceae; Mycolicibacterium,0,3_313_KshA15#5,core,0.7875,0,0,0,0,hypothetical > [alpha] > hypothetical
NZ_JAWLVV010000003.1:202981-203998:-1,WP_061264468.1,R4485_RS05930,,Rieske 2Fe-2S domain-containing protein,3_313_KshA15,3,105.8,0.8015,1.8e-30,NZ_JAWLVV010000003.1,202981,203998,-1,Mycolicibacterium fortuitum,Bacteria; Bacillati; Actinomycetota; Actinomycetes; Mycobacteriales; Mycobacteriaceae; Mycolicibacterium,0,3_313_KshA15#2,core,0.7394,0,0,0,0,[alpha] > hydrolase > other
NZ_JAZGUS010000060.1:95707-96778:-1,WP_006369982.1,V3H80_RS17680,,Rieske 2Fe-2S domain-containing protein,3_313_KshA15,3,107.0,0.6667,7.8e-31,NZ_JAZGUS010000060.1,95707,96778,-1,Gordonia polyisoprenivorans,Bacteria; Bacillati; Actinomycetota; Actinomycetes; Mycobacteriales; Gordoniaceae; Gordonia,0,3_313_KshA15#0,core,0.7794,0,0,0,0,[alpha] > hypothetical
NZ_JEMA01000589.1:11631-12555:1,WP_061609301.1,BE15_RS23225,,Rieske 2Fe-2S domain-containing protein,3_313_KshA15,3,124.7,0.57,3.4e-36,NZ_JEMA01000589.1,11631,12555,1,Sorangium cellulosum,Bacteria; Pseudomonadati; Myxococcota; Polyangia; Polyangiales; Polyangiaceae; Sorangium,0,3_313_KshA15#131,novel_candidate,0.3898,0,0,0,0,[alpha]
NZ_JBEORV010000133.1:14047-15142:1,WP_047180259.1,ABTX86_RS25465,,Rieske 2Fe-2S domain-containing protein,3_313_KshA15,3,78.0,0.5242,4.9e-22,NZ_JBEORV010000133.1,14047,15142,1,Streptomyces anulatus,Bacteria; Bacillati; Actinomycetota; Actinomycetes; Kitasatosporales; Streptomycetaceae; Streptomyces,0,3_313_KshA15#16,core,0.939,0,0,0,0,hydrolase > reductase > [alpha]
NZ_JFJW01000159.1:8290-9391:-1,WP_051591777.1,CF68_RS31125,,Rieske 2Fe-2S domain-containing protein,3_313_KshA15,3,398.6,0.8753,2.1e-119,NZ_JFJW01000159.1,8290,9391,-1,Cupriavidus sp. SK-4,Bacteria; Pseudomonadati; Pseudomonadota; Betaproteobacteria; Burkholderiales; Burkholderiaceae; Cupriavidus,0,3_313_KshA15#10,core,0.7031,0,0,0,0,other > transporter > reductase > [alpha] > reductase
NZ_JFZA02000001.1:211060-212155:1,WP_037461735.1,BV98_RS00990,,Rieske 2Fe-2S domain-containing protein,3_313_KshA15,3,120.3,0.8066,7.2e-35,NZ_JFZA02000001.1,211060,212155,1,Sphingobium herbicidovorans NBRC 16415,Bacteria; Pseudomonadati; Pseudomonadota; Alphaproteobacteria; Sphingomonadales; Sphingomonadaceae; Sphingobium,0,3_313_KshA15#20,core,0.8635,0,0,0,0,other > hydrolase > [alpha] > hydrolase > reductase > transporter > regulator > regulator
NZ_JH814700.1:45968-46997:-1,WP_003933277.1,MVAC_RS25780,,Rieske 2Fe-2S domain-containing protein,3_313_KshA15,3,102.2,0.6158,2.3e-29,NZ_JH814700.1,45968,46997,-1,Mycolicibacterium vaccae ATCC 25954,Bacteria; Bacillati; Actinomycetota; Actinomycetes; Mycobacteriales; Mycobacteriaceae; Mycolicibacterium,0,3_313_KshA15#0,core,0.7706,0,0,0,0,[alpha] > hypothetical > other
NZ_JH814717.1:28688-29852:-1,WP_003879780.1,MFORT_RS01050,,Rieske 2Fe-2S domain-containing protein,3_313_KshA15,3,822.9,0.9746,2.9e-248,NZ_JH814717.1,28688,29852,-1,Mycolicibacterium fortuitum subsp. fortuitum DSM 46621 = ATCC 6841 = JCM 6387,Bacteria; Bacillati; Actinomycetota; Actinomycetes; Mycobacteriales; Mycobacteriaceae; Mycolicibacterium,0,3_313_KshA15#5,core,0.7875,0,0,0,0,hypothetical > [alpha] > hypothetical
NZ_JH814685.1:1293-2451:-1,WP_003929052.1,MVAC_RS04610,,Rieske 2Fe-2S domain-containing protein,3_313_KshA15,3,554.7,0.9389,8.4e-167,NZ_JH814685.1,1293,2451,-1,Mycolicibacterium vaccae ATCC 25954,Bacteria; Bacillati; Actinomycetota; Actinomycetes; Mycobacteriales; Mycobacteriaceae; Mycolicibacterium,0,3_313_KshA15#1,core,0.7607,0,0,0,0,[alpha] > hypothetical > hypothetical
NZ_JH814734.1:129269-130400:-1,WP_003882754.1,MFORT_RS15860,,Rieske 2Fe-2S domain-containing protein,3_313_KshA15,3,588.4,0.9466,4.6e-177,NZ_JH814734.1,129269,130400,-1,Mycolicibacterium fortuitum subsp. fortuitum DSM 46621 = ATCC 6841 = JCM 6387,Bacteria; Bacillati; Actinomycetota; Actinomycetes; Mycobacteriales; Mycobacteriaceae; Mycolicibacterium,0,3_313_KshA15#7,core,0.8776,0,0,0,0,other > other > reductase > [alpha] > other > other
NZ_JH814736.1:21719-22865:1,WP_003883122.1,MFORT_RS17175,,Rieske 2Fe-2S domain-containing protein,3_313_KshA15,3,582.0,0.9542,4.1e-175,NZ_JH814736.1,21719,22865,1,Mycolicibacterium fortuitum subsp. fortuitum DSM 46621 = ATCC 6841 = JCM 6387,Bacteria; Bacillati; Actinomycetota; Actinomycetes; Mycobacteriales; Mycobacteriaceae; Mycolicibacterium,0,3_313_KshA15#1,core,0.7714,0,0,0,0,[alpha] > hypothetical
NZ_JH814690.1:215122-216271:1,WP_003930524.1,MVAC_RS11940,,Rieske 2Fe-2S domain-containing protein,3_313_KshA15,3,584.4,0.9466,8e-176,NZ_JH814690.1,215122,216271,1,Mycolicibacterium vaccae ATCC 25954,Bacteria; Bacillati; Actinomycetota; Actinomycetes; Mycobacteriales; Mycobacteriaceae; Mycolicibacterium,0,3_313_KshA15#7,core,0.8107,0,0,0,0,dehydrogenase > dehydrogenase > reductase > other > reductase > [alpha] > regulator
NZ_JH814690.1:233426-234590:1,WP_040541205.1,MVAC_RS12030,,Rieske 2Fe-2S domain-containing protein,3_313_KshA15,3,818.0,0.9644,8.8e-247,NZ_JH814690.1,233426,234590,1,Mycolicibacterium vaccae ATCC 25954,Bacteria; Bacillati; Actinomycetota; Actinomycetes; Mycobacteriales; Mycobacteriaceae; Mycolicibacterium,0,3_313_KshA15#5,core,0.815,0,0,0,0,[alpha] > hypothetical
NZ_JH814694.1:13424-14423:-1,WP_003931878.1,MVAC_RS17705,,Rieske 2Fe-2S domain-containing protein,3_313_KshA15,3,68.6,0.5267,3.7e-19,NZ_JH814694.1,13424,14423,-1,Mycolicibacterium vaccae ATCC 25954,Bacteria; Bacillati; Actinomycetota; Actinomycetes; Mycobacteriales; Mycobacteriaceae; Mycolicibacterium,0,3_313_KshA15#42,divergent,0.4065,0,0,0,0,[alpha] > other > reductase
NZ_JH814747.1:37261-38293:1,WP_003884064.1,MFORT_RS21865,,Rieske 2Fe-2S domain-containing protein,3_313_KshA15,3,113.1,0.6285,1.1e-32,NZ_JH814747.1,37261,38293,1,Mycolicibacterium fortuitum subsp. fortuitum DSM 46621 = ATCC 6841 = JCM 6387,Bacteria; Bacillati; Actinomycetota; Actinomycetes; Mycobacteriales; Mycobacteriaceae; Mycolicibacterium,0,3_313_KshA15#0,core,0.8759,0,0,0,0,[alpha] > reductase > regulator
NZ_JH814760.1:23111-24248:-1,WP_003885036.1,MFORT_RS26940,,Rieske 2Fe-2S domain-containing protein,3_313_KshA15,3,570.0,0.9466,1.9e-171,NZ_JH814760.1,23111,24248,-1,Mycolicibacterium fortuitum subsp. fortuitum DSM 46621 = ATCC 6841 = JCM 6387,Bacteria; Bacillati; Actinomycetota; Actinomycetes; Mycobacteriales; Mycobacteriaceae; Mycolicibacterium,0,3_313_KshA15#1,core,0.7555,0,0,0,0,other > other > hypothetical > [alpha]
NZ_JH814760.1:58746-59910:1,WP_003885066.1,MFORT_RS27090,,Rieske 2Fe-2S domain-containing protein,3_313_KshA15,3,710.0,0.9567,5.4e-214,NZ_JH814760.1,58746,59910,1,Mycolicibacterium fortuitum subsp. fortuitum DSM 46621 = ATCC 6841 = JCM 6387,Bacteria; Bacillati; Actinomycetota; Actinomycetes; Mycobacteriales; Mycobacteriaceae; Mycolicibacterium,0,3_313_KshA15#43,core,0.7241,0,0,0,0,[alpha] > dehydrogenase
NZ_JH814725.1:309254-310271:1,WP_003881272.1,MFORT_RS08180,,Rieske 2Fe-2S domain-containing protein,3_313_KshA15,3,106.0,0.8015,1.5e-30,NZ_JH814725.1,309254,310271,1,Mycolicibacterium fortuitum subsp. fortuitum DSM 46621 = ATCC 6841 = JCM 6387,Bacteria; Bacillati; Actinomycetota; Actinomycetes; Mycobacteriales; Mycobacteriaceae; Mycolicibacterium,0,3_313_KshA15#2,core,0.7359,0,0,0,0,[alpha] > hydrolase > other
NZ_JMDW01000003.1:11816-13004:-1,WP_030133072.1,IC40_RS0101845,,Rieske 2Fe-2S domain-containing protein,3_313_KshA15,3,826.6,0.9746,2.1e-249,NZ_JMDW01000003.1,11816,13004,-1,Mycolicibacterium neoaurum ATCC 25795,Bacteria; Bacillati; Actinomycetota; Actinomycetes; Mycobacteriales; Mycobacteriaceae; Mycolicibacterium,0,3_313_KshA15#3,core,0.8392,0,0,0,0,[alpha] > hypothetical
NZ_JMDW01000003.1:398632-399661:-1,WP_030133417.1,IC40_RS0103720,,Rieske 2Fe-2S domain-containing protein,3_313_KshA15,3,106.2,0.6234,1.4e-30,NZ_JMDW01000003.1,398632,399661,-1,Mycolicibacterium neoaurum ATCC 25795,Bacteria; Bacillati; Actinomycetota; Actinomycetes; Mycobacteriales; Mycobacteriaceae; Mycolicibacterium,0,3_313_KshA15#0,core,0.7438,0,0,0,0,[alpha] > reductase > hypothetical
NZ_JMDW01000008.1:792061-793204:1,WP_030134806.1,IC40_RS0111235,,Rieske 2Fe-2S domain-containing protein,3_313_KshA15,3,581.7,0.9338,5.1e-175,NZ_JMDW01000008.1,792061,793204,1,Mycolicibacterium neoaurum ATCC 25795,Bacteria; Bacillati; Actinomycetota; Actinomycetes; Mycobacteriales; Mycobacteriaceae; Mycolicibacterium,0,3_313_KshA15#12,core,0.81,0,0,0,0,other > [alpha]
NZ_JMQI01000047.1:278688-279825:-1,WP_043783539.1,DV20_RS22950,,Rieske 2Fe-2S domain-containing protein,3_313_KshA15,3,640.1,0.9466,9.8e-193,NZ_JMQI01000047.1,278688,279825,-1,Amycolatopsis rifamycinica,Bacteria; Bacillati; Actinomycetota; Actinomycetes; Pseudonocardiales; Pseudonocardiaceae; Amycolatopsis,0,3_313_KshA15#18,core,0.8088,1,0,0,1,reductase > [alpha] > hypothetical > reductase > other > other
NZ_JNFD01000021.1:77490-78501:1,WP_161785647.1,FG91_RS10790,,Rieske 2Fe-2S domain-containing protein,3_313_KshA15,3,132.9,0.631,1.1e-38,NZ_JNFD01000021.1,77490,78501,1,Sphingopyxis sp. LC81,Bacteria; Pseudomonadati; Pseudomonadota; Alphaproteobacteria; Sphingomonadales; Sphingomonadaceae; Sphingopyxis,0,3_313_KshA15#41,novel_candidate,0.3714,0,0,0,0,[alpha] > other > reductase > transporter
NZ_JNXA01000006.1:140822-141986:1,WP_004023217.1,OO49_RS11335,,Rieske 2Fe-2S domain-containing protein,3_313_KshA15,3,565.6,0.9415,4.1e-170,NZ_JNXA01000006.1,140822,141986,1,Gordonia terrae,Bacteria; Bacillati; Actinomycetota; Actinomycetes; Mycobacteriales; Gordoniaceae; Gordonia,0,3_313_KshA15#27,core,0.6482,0,0,0,0,[alpha] > dehydrogenase > other > hydrolase
NZ_JNXA01000006.1:212003-213242:-1,WP_004023125.1,OO49_RS11680,,Rieske 2Fe-2S domain-containing protein,3_313_KshA15,3,627.6,0.9771,6e-189,NZ_JNXA01000006.1,212003,213242,-1,Gordonia terrae,Bacteria; Bacillati; Actinomycetota; Actinomycetes; Mycobacteriales; Gordoniaceae; Gordonia,0,3_313_KshA15#13,core,0.8994,0,0,0,0,[alpha] > hypothetical > other
NZ_JNXA01000014.1:125867-126962:-1,WP_033205219.1,OO49_RS18005,,Rieske 2Fe-2S domain-containing protein,3_313_KshA15,3,109.0,0.8066,2e-31,NZ_JNXA01000014.1,125867,126962,-1,Gordonia terrae,Bacteria; Bacillati; Actinomycetota; Actinomycetes; Mycobacteriales; Gordoniaceae; Gordonia,0,3_313_KshA15#0,core,0.8652,0,0,0,0,hydrolase > [alpha] > reductase
NZ_JOIL01000018.1:49568-50732:-1,WP_003940257.1,IF68_RS0124025,,Rieske 2Fe-2S domain-containing protein,3_313_KshA15,3,603.2,0.9644,1.5e-181,NZ_JOIL01000018.1,49568,50732,-1,Rhodococcus erythropolis,Bacteria; Bacillati; Actinomycetota; Actinomycetes; Mycobacteriales; Nocardiaceae; Rhodococcus; Rhodococcus erythropolis group,0,3_313_KshA15#14,core,0.7446,0,0,0,0,[alpha] > hypothetical > reductase > other
NZ_JOEA01000030.1:140095-141223:-1,WP_030481679.1,IG04_RS0138440,,Rieske 2Fe-2S domain-containing protein,3_313_KshA15,3,616.1,0.9415,1.8e-185,NZ_JOEA01000030.1,140095,141223,-1,Lentzea albidocapillata,Bacteria; Bacillati; Actinomycetota; Actinomycetes; Pseudonocardiales; Pseudonocardiaceae; Lentzea,0,3_313_KshA15#93,core,0.771,1,0,0,1,reductase > [alpha] > hypothetical > reductase > other
NZ_JOEW01000008.1:151395-152547:1,WP_030228325.1,IF07_RS0109790,,Rieske 2Fe-2S domain-containing protein,3_313_KshA15,3,580.1,0.9491,1.6e-174,NZ_JOEW01000008.1,151395,152547,1,Streptomyces lavendulae subsp. lavendulae,Bacteria; Bacillati; Actinomycetota; Actinomycetes; Kitasatosporales; Streptomycetaceae; Streptomyces,0,3_313_KshA15#142,core,0.5976,1,0,0,1,other > dehydrogenase > other > [alpha] > hypothetical > reductase
NZ_JRTT01000018.1:119529-120657:1,WP_043525620.1,MB27_RS17305,,Rieske 2Fe-2S domain-containing protein,3_313_KshA15,3,601.5,0.9262,4.8e-181,NZ_JRTT01000018.1,119529,120657,1,Actinoplanes utahensis,Bacteria; Bacillati; Actinomycetota; Actinomycetes; Micromonosporales; Micromonosporaceae; Actinoplanes,0,3_313_KshA15#149,core,0.7129,1,0,0,1,[alpha] > hypothetical > reductase > hypothetical > hypothetical
NZ_JRVC01000015.1:120091-121165:1,WP_039335981.1,NJ75_RS15335,,Rieske 2Fe-2S domain-containing protein,3_313_KshA15,3,129.8,0.8066,9.3e-38,NZ_JRVC01000015.1,120091,121165,1,Novosphingobium subterraneum,Bacteria; Pseudomonadati; Pseudomonadota; Alphaproteobacteria; Sphingomonadales; Sphingomonadaceae; Novosphingobium,0,3_313_KshA15#20,core,0.9507,0,0,0,0,reductase > regulator > other > hydrolase > [alpha] > hydrolase
NZ_JSZO01000036.1:95898-96975:1,WP_039600655.1,PI87_RS26140,,Rieske 2Fe-2S domain-containing protein,3_313_KshA15,3,400.9,0.8728,4.2e-120,NZ_JSZO01000036.1,95898,96975,1,Ralstonia sp. A12,Bacteria; Pseudomonadati; Pseudomonadota; Betaproteobacteria; Burkholderiales; Burkholderiaceae; Ralstonia,0,3_313_KshA15#10,core,0.6854,0,0,0,0,reductase > dehydrogenase > dehydrogenase > reductase > other > other > other > transporter > reductase > [alpha] > reductase > reductase > reductase
NZ_JTAK01000005.1:256489-257533:-1,WP_039606898.1,PT85_RS13385,,Rieske 2Fe-2S domain-containing protein,3_313_KshA15,3,367.9,0.8626,4.6e-110,NZ_JTAK01000005.1,256489,257533,-1,Pseudomonas flexibilis,Bacteria; Pseudomonadati; Pseudomonadota; Gammaproteobacteria; Pseudomonadales; Pseudomonadaceae; Pseudomonas,0,3_313_KshA15#8,core,0.7403,0,0,0,0,[alpha] > other
NZ_JTDB02000010.1:138871-139984:-1,WP_052148332.1,NH14_RS27745,,Rieske 2Fe-2S domain-containing protein,3_313_KshA15,3,394.9,0.8779,2.9e-118,NZ_JTDB02000010.1,138871,139984,-1,Paraburkholderia sacchari,Bacteria; Pseudomonadati; Pseudomonadota; Betaproteobacteria; Burkholderiales; Burkholderiaceae; Paraburkholderia,0,3_313_KshA15#24,divergent,0.535,0,0,0,0,[alpha] > other > other > other > other > reductase > other > dehydrogenase > dehydrogenase > other > reductase > dehydrogenase
NZ_JTDI01000005.1:47595-48594:1,WP_039286241.1,LK12_RS15935,,Rieske 2Fe-2S domain-containing protein,3_313_KshA15,3,100.5,0.5852,7.3e-29,NZ_JTDI01000005.1,47595,48594,1,Novosphingobium malaysiense,Bacteria; Pseudomonadati; Pseudomonadota; Alphaproteobacteria; Sphingomonadales; Sphingomonadaceae; Novosphingobium,0,3_313_KshA15#82,novel_candidate,0.3804,0,0,0,0,dehydrogenase > dehydrogenase > [alpha]
NZ_JUEH01000019.1:94658-95672:-1,WP_024764247.1,QX33_RS28270,,Rieske 2Fe-2S domain-containing protein,3_313_KshA15,3,106.8,0.4631,8.9e-31,NZ_JUEH01000019.1,94658,95672,-1,Pseudomonas nitroreducens,Bacteria; Pseudomonadati; Pseudomonadota; Gammaproteobacteria; Pseudomonadales; Pseudomonadaceae; Pseudomonas,0,3_313_KshA15#33,divergent,0.4164,1,0,0,1,reductase > dehydrogenase > dehydrogenase > other > [alpha] > dehydrogenase > other
NZ_JVYC01000138.1:10272-11319:1,WP_049339875.1,ADD03_RS10250,,Rieske 2Fe-2S domain-containing protein,3_313_KshA15,3,403.5,0.8677,6.8e-121,NZ_JVYC01000138.1,10272,11319,1,Stutzerimonas stutzeri,Bacteria; Pseudomonadati; Pseudomonadota; Gammaproteobacteria; Pseudomonadales; Pseudomonadaceae; Stutzerimonas,0,3_313_KshA15#8,core,0.7712,0,0,0,0,hypothetical > other > [alpha] > other
NZ_JXST01000036.1:53185-54157:1,WP_043987379.1,TL10_RS22310,,Rieske 2Fe-2S domain-containing protein,3_313_KshA15,3,105.9,0.5496,1.7e-30,NZ_JXST01000036.1,53185,54157,1,Mycolicibacterium llatzerense,Bacteria; Bacillati; Actinomycetota; Actinomycetes; Mycobacteriales; Mycobacteriaceae; Mycolicibacterium,0,3_313_KshA15#0,core,0.8267,0,0,0,0,[alpha] > reductase
NZ_JXST01000010.1:94128-95121:1,WP_043985434.1,TL10_RS09295,,aromatic ring-hydroxylating dioxygenase subunit alpha,3_313_KshA15,3,115.5,0.5751,2.1e-33,NZ_JXST01000010.1,94128,95121,1,Mycolicibacterium llatzerense,Bacteria; Bacillati; Actinomycetota; Actinomycetes; Mycobacteriales; Mycobacteriaceae; Mycolicibacterium,0,3_313_KshA15#2,core,0.7069,0,0,0,0,other > reductase > [alpha]
NZ_JXST01000022.1:34520-35642:-1,WP_234711469.1,TL10_RS16335,,Rieske 2Fe-2S domain-containing protein,3_313_KshA15,3,561.0,0.9237,9.9e-169,NZ_JXST01000022.1,34520,35642,-1,Mycolicibacterium llatzerense,Bacteria; Bacillati; Actinomycetota; Actinomycetes; Mycobacteriales; Mycobacteriaceae; Mycolicibacterium,0,3_313_KshA15#139,core,0.5842,0,0,0,0,[alpha] > other > other > other
NZ_JXST01000026.1:56515-57646:-1,WP_043986798.1,TL10_RS18530,,Rieske 2Fe-2S domain-containing protein,3_313_KshA15,3,564.7,0.9466,7.4e-170,NZ_JXST01000026.1,56515,57646,-1,Mycolicibacterium llatzerense,Bacteria; Bacillati; Actinomycetota; Actinomycetes; Mycobacteriales; Mycobacteriaceae; Mycolicibacterium,0,3_313_KshA15#1,core,0.7853,0,0,0,0,[alpha] > hypothetical > reductase
NZ_JYFN01000023.1:100550-101618:-1,WP_044885811.1,FF36_RS15735,,Rieske 2Fe-2S domain-containing protein,3_313_KshA15,3,93.9,0.8168,7.4e-27,NZ_JYFN01000023.1,100550,101618,-1,Frankia torreyi,Bacteria; Bacillati; Actinomycetota; Actinomycetes; Frankiales; Frankiaceae; Frankia,0,3_313_KshA15#53,novel_candidate,0.3556,0,0,0,0,[alpha]
NZ_JYJG01000155.1:12422-13550:-1,WP_045313595.1,UK23_RS22620,,Rieske 2Fe-2S domain-containing protein,3_313_KshA15,3,616.4,0.9415,1.5e-185,NZ_JYJG01000155.1,12422,13550,-1,Lentzea aerocolonigenes,Bacteria; Bacillati; Actinomycetota; Actinomycetes; Pseudonocardiales; Pseudonocardiaceae; Lentzea,0,3_313_KshA15#69,core,0.7839,1,0,0,1,reductase > [alpha] > hypothetical > reductase > other
NZ_JYKX01000004.1:443965-445003:1,WP_048361042.1,TR67_RS16600,,Rieske 2Fe-2S domain-containing protein,3_313_KshA15,3,357.0,0.8626,8.9e-107,NZ_JYKX01000004.1,443965,445003,1,Pseudomonas deceptionensis,Bacteria; Pseudomonadati; Pseudomonadota; Gammaproteobacteria; Pseudomonadales; Pseudomonadaceae; Pseudomonas,0,3_313_KshA15#8,core,0.8203,0,0,0,0,[alpha] > transporter > regulator
NZ_JYNL01000008.1:29152-30301:-1,WP_048468859.1,MCHLDSM_RS03280,,Rieske 2Fe-2S domain-containing protein,3_313_KshA15,3,581.1,0.9669,7.7e-175,NZ_JYNL01000008.1,29152,30301,-1,Mycolicibacterium chlorophenolicum,Bacteria; Bacillati; Actinomycetota; Actinomycetes; Mycobacteriales; Mycobacteriaceae; Mycolicibacterium,0,3_313_KshA15#1,core,0.766,0,0,0,0,[alpha] > hypothetical
NZ_JZDQ02000004.1:184477-185653:-1,WP_045550877.1,UG56_RS04170,,Rieske 2Fe-2S domain-containing protein,3_313_KshA15,3,570.9,0.9669,1e-171,NZ_JZDQ02000004.1,184477,185653,-1,Nocardioides luteus,Bacteria; Bacillati; Actinomycetota; Actinomycetes; Propionibacteriales; Nocardioidaceae; Nocardioides,0,3_313_KshA15#25,core,0.5659,1,0,0,1,[alpha] > hypothetical > reductase > hypothetical > other > other > hypothetical > hypothetical
NZ_JYNL01000069.1:887860-889021:1,WP_048474051.1,MCHLDSM_RS34085,,Rieske 2Fe-2S domain-containing protein,3_313_KshA15,3,594.4,0.9517,7.1e-179,NZ_JYNL01000069.1,887860,889021,1,Mycolicibacterium chlorophenolicum,Bacteria; Bacillati; Actinomycetota; Actinomycetes; Mycobacteriales; Mycobacteriaceae; Mycolicibacterium,0,3_313_KshA15#7,core,0.8269,0,0,0,0,dehydrogenase > dehydrogenase > reductase > other > reductase > [alpha] > other
NZ_JYNL01000069.1:914660-915812:1,WP_048474065.1,MCHLDSM_RS34175,,Rieske 2Fe-2S domain-containing protein,3_313_KshA15,3,815.9,0.9593,3.8e-246,NZ_JYNL01000069.1,914660,915812,1,Mycolicibacterium chlorophenolicum,Bacteria; Bacillati; Actinomycetota; Actinomycetes; Mycobacteriales; Mycobacteriaceae; Mycolicibacterium,0,3_313_KshA15#3,core,0.828,0,0,0,0,[alpha] > hypothetical
NZ_JYNU01000001.1:53342-54374:1,WP_048421647.1,MOBUDSM44075_RS00260,,Rieske 2Fe-2S domain-containing protein,3_313_KshA15,3,101.4,0.6336,3.8e-29,NZ_JYNU01000001.1,53342,54374,1,Mycolicibacterium obuense,Bacteria; Bacillati; Actinomycetota; Actinomycetes; Mycobacteriales; Mycobacteriaceae; Mycolicibacterium,0,3_313_KshA15#0,core,0.7305,0,0,0,0,[alpha] > reductase
NZ_JYNU01000002.1:17900-19043:1,WP_048421791.1,MOBUDSM44075_RS01050,,Rieske 2Fe-2S domain-containing protein,3_313_KshA15,3,600.2,0.944,1.3e-180,NZ_JYNU01000002.1,17900,19043,1,Mycolicibacterium obuense,Bacteria; Bacillati; Actinomycetota; Actinomycetes; Mycobacteriales; Mycobacteriaceae; Mycolicibacterium,0,3_313_KshA15#5,core,0.8166,0,0,0,0,dehydrogenase > dehydrogenase > reductase > other > reductase > [alpha]
NZ_JYNU01000002.1:33495-34647:1,WP_048421804.1,MOBUDSM44075_RS01120,,Rieske 2Fe-2S domain-containing protein,3_313_KshA15,3,816.3,0.9593,2.9e-246,NZ_JYNU01000002.1,33495,34647,1,Mycolicibacterium obuense,Bacteria; Bacillati; Actinomycetota; Actinomycetes; Mycobacteriales; Mycobacteriaceae; Mycolicibacterium,0,3_313_KshA15#5,core,0.7925,0,0,0,0,[alpha] > hypothetical
NZ_JYNX01000035.1:17619-18780:1,WP_048418489.1,MCHUDSM44219_RS12070,,Rieske 2Fe-2S domain-containing protein,3_313_KshA15,3,600.2,0.9542,1.3e-180,NZ_JYNX01000035.1,17619,18780,1,Mycolicibacterium chubuense,Bacteria; Bacillati; Actinomycetota; Actinomycetes; Mycobacteriales; Mycobacteriaceae; Mycolicibacterium,0,3_313_KshA15#7,core,0.8353,0,0,0,0,dehydrogenase > dehydrogenase > reductase > other > reductase > [alpha] > other
NZ_JYNX01000035.1:44705-45857:1,WP_048418505.1,MCHUDSM44219_RS12160,,Rieske 2Fe-2S domain-containing protein,3_313_KshA15,3,814.8,0.9593,8e-246,NZ_JYNX01000035.1,44705,45857,1,Mycolicibacterium chubuense,Bacteria; Bacillati; Actinomycetota; Actinomycetes; Mycobacteriales; Mycobacteriaceae; Mycolicibacterium,0,3_313_KshA15#3,core,0.8185,0,0,0,0,[alpha] > hypothetical
NZ_JZRI01000044.1:196171-197212:-1,WP_045058503.1,UB23_RS06520,,Rieske 2Fe-2S domain-containing protein,3_313_KshA15,3,368.0,0.8702,4.2e-110,NZ_JZRI01000044.1,196171,197212,-1,Pseudomonas sp. ES3-33,Bacteria; Pseudomonadati; Pseudomonadota; Gammaproteobacteria; Pseudomonadales; Pseudomonadaceae; Pseudomonas,0,3_313_KshA15#81,core,0.8889,0,0,0,0,[alpha]
NZ_KB944505.1:25385-26486:-1,WP_010813964.1,C265_RS30105,,Rieske 2Fe-2S domain-containing protein,3_313_KshA15,3,396.7,0.8753,7.7e-119,NZ_KB944505.1,25385,26486,-1,Cupriavidus sp. GA3-3,Bacteria; Pseudomonadati; Pseudomonadota; Betaproteobacteria; Burkholderiales; Burkholderiaceae; Cupriavidus,0,3_313_KshA15#10,core,0.7125,0,0,0,0,reductase > dehydrogenase > dehydrogenase > reductase > other > other > other > transporter > reductase > [alpha] > reductase
NZ_KB944460.1:93482-94571:-1,WP_010810080.1,C265_RS00455,,Rieske 2Fe-2S domain-containing protein,3_313_KshA15,3,366.0,0.855,1.7e-109,NZ_KB944460.1,93482,94571,-1,Cupriavidus sp. GA3-3,Bacteria; Pseudomonadati; Pseudomonadota; Betaproteobacteria; Burkholderiales; Burkholderiaceae; Cupriavidus,0,3_313_KshA15#156,divergent,0.517,0,0,0,0,[alpha] > reductase > reductase > other > reductase > reductase
NZ_KI629794.1:127674-128811:1,WP_006357431.1,MR48_RS03115,,Rieske 2Fe-2S domain-containing protein,3_313_KshA15,3,585.6,0.9466,3.3e-176,NZ_KI629794.1,127674,128811,1,Gordonia alkanivorans CGMCC 6845,Bacteria; Bacillati; Actinomycetota; Actinomycetes; Mycobacteriales; Gordoniaceae; Gordonia,0,3_313_KshA15#68,core,0.6159,0,0,0,0,hypothetical > [alpha]
NZ_KI629796.1:114267-115500:1,WP_035751859.1,MR48_RS06125,,Rieske 2Fe-2S domain-containing protein,3_313_KshA15,3,634.0,0.972,6.8e-191,NZ_KI629796.1,114267,115500,1,Gordonia alkanivorans CGMCC 6845,Bacteria; Bacillati; Actinomycetota; Actinomycetes; Mycobacteriales; Gordoniaceae; Gordonia,0,3_313_KshA15#13,core,0.8924,0,0,0,0,[alpha] > hypothetical > other
NZ_KI629799.1:115465-116530:1,WP_035752929.1,MR48_RS10065,,Rieske 2Fe-2S domain-containing protein,3_313_KshA15,3,105.8,0.7048,1.7e-30,NZ_KI629799.1,115465,116530,1,Gordonia alkanivorans CGMCC 6845,Bacteria; Bacillati; Actinomycetota; Actinomycetes; Mycobacteriales; Gordoniaceae; Gordonia,0,3_313_KshA15#0,core,0.8456,0,0,0,0,[alpha] > reductase
NZ_KK339488.1:14806-15967:1,WP_003419211.1,Q643_RS23390,kshA,3-ketosteroid-9-alpha-hydroxylase subunit KshA,3_313_KshA15,3,827.8,0.9669,9.4e-250,NZ_KK339488.1,14806,15967,1,Mycobacterium tuberculosis str. Erdman = ATCC 35801,Bacteria; Bacillati; Actinomycetota; Actinomycetes; Mycobacteriales; Mycobacteriaceae; Mycobacterium; Mycobacterium tuberculosis complex,0,3_313_KshA15#3,core,0.8686,0,0,0,0,[alpha] > hypothetical
NZ_KL446994.1:605327-606449:-1,WP_036455871.1,K883_RS22065,,Rieske 2Fe-2S domain-containing protein,3_313_KshA15,3,590.5,0.9517,1.1e-177,NZ_KL446994.1,605327,606449,-1,Mycobacterium sp. TKK-01-0059,Bacteria; Bacillati; Actinomycetota; Actinomycetes; Mycobacteriales; Mycobacteriaceae; Mycobacterium; Mycobacterium tuberculosis complex,0,3_313_KshA15#9,core,0.9214,0,0,0,0,[alpha] > ferredoxin > reductase
NZ_KQ130457.1:291820-292816:1,WP_169795111.1,V474_RS20165,,aromatic ring-hydroxylating dioxygenase subunit alpha,3_313_KshA15,3,99.4,0.5573,1.6e-28,NZ_KQ130457.1,291820,292816,1,Novosphingobium barchaimii LL02,Bacteria; Pseudomonadati; Pseudomonadota; Alphaproteobacteria; Sphingomonadales; Sphingomonadaceae; Novosphingobium,0,3_313_KshA15#82,novel_candidate,0.3212,1,0,1,0,dehydrogenase > dehydrogenase > dehydrogenase > ferredoxin > [alpha] > reductase
NZ_KQ257831.1:213084-214071:-1,WP_233450255.1,IQ63_RS31680,,Rieske 2Fe-2S domain-containing protein,3_313_KshA15,3,108.4,0.799,3e-31,NZ_KQ257831.1,213084,214071,-1,Streptomyces acidiscabies,Bacteria; Bacillati; Actinomycetota; Actinomycetes; Kitasatosporales; Streptomycetaceae; Streptomyces,0,3_313_KshA15#52,novel_candidate,0.3988,0,0,0,0,[alpha] > reductase
NZ_KQ947989.1:388559-389630:-1,WP_079051439.1,AQI70_RS21915,,Rieske 2Fe-2S domain-containing protein,3_313_KshA15,3,70.6,0.5852,8.8e-20,NZ_KQ947989.1,388559,389630,-1,Streptomyces curacoi,Bacteria; Bacillati; Actinomycetota; Actinomycetes; Kitasatosporales; Streptomycetaceae; Streptomyces,0,3_313_KshA15#130,divergent,0.462,0,0,0,0,[alpha]
NZ_KQ947989.1:402887-403910:-1,WP_062152694.1,AQI70_RS21970,,Rieske 2Fe-2S domain-containing protein,3_313_KshA15,3,92.5,0.5674,2e-26,NZ_KQ947989.1,402887,403910,-1,Streptomyces curacoi,Bacteria; Bacillati; Actinomycetota; Actinomycetes; Kitasatosporales; Streptomycetaceae; Streptomyces,0,3_313_KshA15#129,divergent,0.4321,0,0,0,0,[alpha] > other > hypothetical > other
NZ_KQ954285.1:145652-146720:-1,WP_197412345.1,AQZ50_RS00695,,aromatic ring-hydroxylating dioxygenase subunit alpha,3_313_KshA15,3,120.3,0.8142,7.2e-35,NZ_KQ954285.1,145652,146720,-1,Novosphingobium sp. Fuku2-ISO-50,Bacteria; Pseudomonadati; Pseudomonadota; Alphaproteobacteria; Sphingomonadales; Sphingomonadaceae; Novosphingobium,0,3_313_KshA15#20,core,0.9094,0,0,0,0,other > hydrolase > [alpha] > hydrolase
NZ_KQ954285.1:152533-153505:-1,WP_067741242.1,AQZ50_RS00720,,Rieske 2Fe-2S domain-containing protein,3_313_KshA15,3,96.8,0.6209,9.9e-28,NZ_KQ954285.1,152533,153505,-1,Novosphingobium sp. Fuku2-ISO-50,Bacteria; Pseudomonadati; Pseudomonadota; Alphaproteobacteria; Sphingomonadales; Sphingomonadaceae; Novosphingobium,0,3_313_KshA15#128,novel_candidate,0.3278,0,0,0,0,[alpha]
NZ_KQ969282.1:274578-275745:1,WP_039867754.1,Y710_RS01200,,Rieske 2Fe-2S domain-containing protein,3_313_KshA15,3,625.4,0.9669,2.7e-188,NZ_KQ969282.1,274578,275745,1,Gordonia sp. QH-12,Bacteria; Bacillati; Actinomycetota; Actinomycetes; Mycobacteriales; Gordoniaceae; Gordonia,0,3_313_KshA15#13,core,0.7736,0,0,0,0,[alpha] > hypothetical > regulator
NZ_KV757564.1:36235-37324:1,WP_069068702.1,A4S05_RS04865,,aromatic ring-hydroxylating dioxygenase subunit alpha,3_313_KshA15,3,83.8,0.458,8.4e-24,NZ_KV757564.1,36235,37324,1,Nostoc sp. KVJ20,Bacteria; Bacillati; Cyanobacteriota; Cyanophyceae; Nostocales; Nostocaceae; Nostoc,0,3_313_KshA15#127,novel_candidate,0.3455,0,0,0,0,[alpha]
NZ_KV824016.1:17219-18443:-1,WP_061227423.1,HMPREF3086_RS12965,,Rieske 2Fe-2S domain-containing protein,3_313_KshA15,3,643.9,0.9593,6.4e-194,NZ_KV824016.1,17219,18443,-1,Dietzia sp. HMSC21D01,Bacteria; Bacillati; Actinomycetota; Actinomycetes; Mycobacteriales; Dietziaceae; Dietzia,0,3_313_KshA15#96,core,0.6316,1,0,0,1,[alpha] > hypothetical > reductase > other
NZ_LACD01000052.1:1978-3022:-1,WP_046049815.1,VC34_RS29840,,Rieske 2Fe-2S domain-containing protein,3_313_KshA15,3,398.6,0.8855,2.2e-119,NZ_LACD01000052.1,1978,3022,-1,Pseudomonas fluorescens,Bacteria; Pseudomonadati; Pseudomonadota; Gammaproteobacteria; Pseudomonadales; Pseudomonadaceae; Pseudomonas,0,3_313_KshA15#24,core,0.9288,0,0,0,0,[alpha] > regulator > hydrolase
NZ_LACH01000037.1:20287-21331:1,WP_046054841.1,VD17_RS17290,,Rieske 2Fe-2S domain-containing protein,3_313_KshA15,3,399.0,0.8753,1.6e-119,NZ_LACH01000037.1,20287,21331,1,Pseudomonas fluorescens,Bacteria; Pseudomonadati; Pseudomonadota; Gammaproteobacteria; Pseudomonadales; Pseudomonadaceae; Pseudomonas,0,3_313_KshA15#24,core,0.9288,0,0,0,0,[alpha] > regulator > hydrolase
NZ_LACC01000030.1:17252-18296:1,WP_046042756.1,VC35_RS22935,,Rieske 2Fe-2S domain-containing protein,3_313_KshA15,3,394.6,0.8804,3.5e-118,NZ_LACC01000030.1,17252,18296,1,Pseudomonas fluorescens,Bacteria; Pseudomonadati; Pseudomonadota; Gammaproteobacteria; Pseudomonadales; Pseudomonadaceae; Pseudomonas,0,3_313_KshA15#36,core,0.971,0,0,0,0,[alpha] > regulator > hydrolase > hypothetical
NZ_LACC01000008.1:11589-12780:-1,WP_046038201.1,VC35_RS05185,,Rieske 2Fe-2S domain-containing protein,3_313_KshA15,3,424.0,0.9211,3.9e-127,NZ_LACC01000008.1,11589,12780,-1,Pseudomonas fluorescens,Bacteria; Pseudomonadati; Pseudomonadota; Gammaproteobacteria; Pseudomonadales; Pseudomonadaceae; Pseudomonas,0,3_313_KshA15#86,divergent,0.4836,1,0,0,1,hydrolase > reductase > other > other > [alpha] > reductase
NZ_LACQ01000004.1:200601-201759:-1,WP_030624447.1,YUM_RS09925,,Rieske 2Fe-2S domain-containing protein,3_313_KshA15,3,571.6,0.9542,6.2e-172,NZ_LACQ01000004.1,200601,201759,-1,Streptomyces sp. OspMP-M45,Bacteria; Bacillati; Actinomycetota; Actinomycetes; Kitasatosporales; Streptomycetaceae; Streptomyces,0,3_313_KshA15#1,core,0.7252,0,0,0,0,[alpha] > hypothetical
NZ_LATL02000131.1:10009-11020:-1,WP_046279760.1,WN50_RS11595,,Rieske 2Fe-2S domain-containing protein,3_313_KshA15,3,114.5,0.7583,4.2e-33,NZ_LATL02000131.1,10009,11020,-1,Limnoraphis robusta CS-951,Bacteria; Bacillati; Cyanobacteriota; Cyanophyceae; Oscillatoriophycideae; Oscillatoriales; Sirenicapillariaceae; Limnoraphis,0,3_313_KshA15#56,novel_candidate,0.2901,0,0,0,0,[alpha]
NZ_LAUZ02000034.1:17593-18724:1,WP_046365494.1,WN67_RS15190,,Rieske 2Fe-2S domain-containing protein,3_313_KshA15,3,593.9,0.9389,1e-178,NZ_LAUZ02000034.1,17593,18724,1,Mycolicibacterium obuense,Bacteria; Bacillati; Actinomycetota; Actinomycetes; Mycobacteriales; Mycobacteriaceae; Mycolicibacterium,0,3_313_KshA15#7,core,0.8239,0,0,0,0,dehydrogenase > dehydrogenase > reductase > other > reductase > [alpha]
NZ_LAUZ02000034.1:39981-41133:1,WP_046365674.1,WN67_RS15265,,Rieske 2Fe-2S domain-containing protein,3_313_KshA15,3,817.1,0.9593,1.6e-246,NZ_LAUZ02000034.1,39981,41133,1,Mycolicibacterium obuense,Bacteria; Bacillati; Actinomycetota; Actinomycetes; Mycobacteriales; Mycobacteriaceae; Mycolicibacterium,0,3_313_KshA15#148,core,0.8248,0,0,0,0,[alpha] > hypothetical
NZ_LAUZ02000012.1:35704-36847:1,WP_046362770.1,WN67_RS07365,,Rieske 2Fe-2S domain-containing protein,3_313_KshA15,3,590.0,0.9618,1.5e-177,NZ_LAUZ02000012.1,35704,36847,1,Mycolicibacterium obuense,Bacteria; Bacillati; Actinomycetota; Actinomycetes; Mycobacteriales; Mycobacteriaceae; Mycolicibacterium,0,3_313_KshA15#1,core,0.7492,0,0,0,0,[alpha] > hypothetical
NZ_LAUZ02000014.1:78169-79201:-1,WP_046361532.1,WN67_RS08470,,Rieske 2Fe-2S domain-containing protein,3_313_KshA15,3,104.3,0.6361,5e-30,NZ_LAUZ02000014.1,78169,79201,-1,Mycolicibacterium obuense,Bacteria; Bacillati; Actinomycetota; Actinomycetes; Mycobacteriales; Mycobacteriaceae; Mycolicibacterium,0,3_313_KshA15#0,core,0.7276,0,0,0,0,[alpha] > reductase
NZ_LBHT01000010.1:101695-102733:1,WP_046808654.1,AA303_RS01505,,Rieske 2Fe-2S domain-containing protein,3_313_KshA15,3,363.9,0.8626,7.2e-109,NZ_LBHT01000010.1,101695,102733,1,Pseudomonas psychrophila,Bacteria; Pseudomonadati; Pseudomonadota; Gammaproteobacteria; Pseudomonadales; Pseudomonadaceae; Pseudomonas,0,3_313_KshA15#8,core,0.7818,0,0,0,0,[alpha] > transporter > regulator
NZ_LDPT01000031.1:37202-38360:-1,WP_047316618.1,ABH36_RS18890,,Rieske 2Fe-2S domain-containing protein,3_313_KshA15,3,827.2,0.9669,1.4e-249,NZ_LDPT01000031.1,37202,38360,-1,Mycobacterium haemophilum,Bacteria; Bacillati; Actinomycetota; Actinomycetes; Mycobacteriales; Mycobacteriaceae; Mycobacterium,0,3_313_KshA15#3,core,0.8885,0,0,0,0,[alpha] > hypothetical
NZ_LDWR01000066.1:53955-55035:1,WP_048251090.1,VL15_RS33455,,Rieske 2Fe-2S domain-containing protein,3_313_KshA15,3,396.2,0.8753,1.1e-118,NZ_LDWR01000066.1,53955,55035,1,Burkholderia cepacia,Bacteria; Pseudomonadati; Pseudomonadota; Betaproteobacteria; Burkholderiales; Burkholderiaceae; Burkholderia; Burkholderia cepacia complex,0,3_313_KshA15#10,core,0.9621,0,0,0,0,other > reductase > dehydrogenase > dehydrogenase > reductase > other > other > other > transporter > [alpha]
NZ_LFCW01000004.1:399263-400343:-1,WP_054567571.1,ACG83_RS19075,,Rieske 2Fe-2S domain-containing protein,3_313_KshA15,3,127.8,0.6845,3.7e-37,NZ_LFCW01000004.1,399263,400343,-1,Frankia sp. R43,Bacteria; Bacillati; Actinomycetota; Actinomycetes; Frankiales; Frankiaceae; Frankia,0,3_313_KshA15#47,novel_candidate,0.3769,0,0,0,0,[alpha] > other > hydrolase > reductase
NZ_LFOD01000019.1:21143-22175:1,WP_019344512.1,ACT17_RS19430,,Rieske 2Fe-2S domain-containing protein,3_313_KshA15,3,111.7,0.6285,2.8e-32,NZ_LFOD01000019.1,21143,22175,1,Mycolicibacterium conceptionense,Bacteria; Bacillati; Actinomycetota; Actinomycetes; Mycobacteriales; Mycobacteriaceae; Mycolicibacterium,0,3_313_KshA15#0,core,0.8714,0,0,0,0,[alpha] > reductase > regulator
NZ_LFOD01000022.1:59981-61127:1,WP_043367600.1,ACT17_RS21240,,Rieske 2Fe-2S domain-containing protein,3_313_KshA15,3,587.5,0.9593,8.7e-177,NZ_LFOD01000022.1,59981,61127,1,Mycolicibacterium conceptionense,Bacteria; Bacillati; Actinomycetota; Actinomycetes; Mycobacteriales; Mycobacteriaceae; Mycolicibacterium,0,3_313_KshA15#1,core,0.7853,0,0,0,0,[alpha] > hypothetical
NZ_LFOE01000029.1:53873-54908:1,WP_065288941.1,ACT18_RS17120,,Rieske 2Fe-2S domain-containing protein,3_313_KshA15,3,106.1,0.6209,1.5e-30,NZ_LFOE01000029.1,53873,54908,1,Mycolicibacter kumamotonensis,Bacteria; Bacillati; Actinomycetota; Actinomycetes; Mycobacteriales; Mycobacteriaceae; Mycolicibacter,0,3_313_KshA15#0,core,0.8617,0,0,0,0,[alpha] > reductase
NZ_LGDW01000061.1:11223-12267:1,WP_053741328.1,ADL01_RS08675,,Rieske 2Fe-2S domain-containing protein,3_313_KshA15,3,108.7,0.8015,2.3e-31,NZ_LGDW01000061.1,11223,12267,1,Streptomyces sp. NRRL WC-3618,Bacteria; Bacillati; Actinomycetota; Actinomycetes; Kitasatosporales; Streptomycetaceae; Streptomyces,0,3_313_KshA15#52,novel_candidate,0.2958,0,0,0,0,transposon > [alpha]
NZ_LGDF01000132.1:8144-9239:-1,WP_030731340.1,ADK56_RS21260,,Rieske 2Fe-2S domain-containing protein,3_313_KshA15,3,78.3,0.5216,4e-22,NZ_LGDF01000132.1,8144,9239,-1,Streptomyces sp. MMG1522,Bacteria; Bacillati; Actinomycetota; Actinomycetes; Kitasatosporales; Streptomycetaceae; Streptomyces,0,3_313_KshA15#16,core,0.872,0,0,0,0,hydrolase > reductase > [alpha]
NZ_LGDV01000213.1:42165-43320:-1,WP_053663954.1,ADK64_RS29840,,Rieske 2Fe-2S domain-containing protein,3_313_KshA15,3,575.2,0.9466,5e-173,NZ_LGDV01000213.1,42165,43320,-1,Streptomyces sp. MMG1121,Bacteria; Bacillati; Actinomycetota; Actinomycetes; Kitasatosporales; Streptomycetaceae; Streptomyces,0,3_313_KshA15#91,core,0.6458,1,0,0,1,other > dehydrogenase > other > [alpha] > hypothetical > reductase > reductase
NZ_LGDY01000069.1:198899-200030:1,WP_053732846.1,ADL03_RS08725,,Rieske 2Fe-2S domain-containing protein,3_313_KshA15,3,619.7,0.9389,1.5e-186,NZ_LGDY01000069.1,198899,200030,1,Nocardia sp. NRRL S-836,Bacteria; Bacillati; Actinomycetota; Actinomycetes; Mycobacteriales; Nocardiaceae; Nocardia,0,3_313_KshA15#69,core,0.7564,1,0,0,1,reductase > [alpha] > hypothetical > reductase > other
NZ_LGTW01000028.1:17925-18939:-1,WP_067857108.1,AFM11_RS30680,,Rieske 2Fe-2S domain-containing protein,3_313_KshA15,3,105.6,0.8117,2.1e-30,NZ_LGTW01000028.1,17925,18939,-1,Mycolicibacterium wolinskyi,Bacteria; Bacillati; Actinomycetota; Actinomycetes; Mycobacteriales; Mycobacteriaceae; Mycolicibacterium,0,3_313_KshA15#2,core,0.7289,0,0,0,0,[alpha] > hydrolase > other
NZ_LGUP01000202.1:72438-73593:1,WP_033203455.1,ADK34_RS19590,,Rieske 2Fe-2S domain-containing protein,3_313_KshA15,3,571.2,0.9517,7.8e-172,NZ_LGUP01000202.1,72438,73593,1,Streptomyces viridochromogenes,Bacteria; Bacillati; Actinomycetota; Actinomycetes; Kitasatosporales; Streptomycetaceae; Streptomyces,0,3_313_KshA15#87,core,0.6326,1,0,0,1,other > dehydrogenase > other > [alpha] > hypothetical > reductase > reductase
NZ_LGTW01000017.1:128868-129900:-1,WP_067853288.1,AFM11_RS23585,,Rieske 2Fe-2S domain-containing protein,3_313_KshA15,3,109.8,0.626,1.1e-31,NZ_LGTW01000017.1,128868,129900,-1,Mycolicibacterium wolinskyi,Bacteria; Bacillati; Actinomycetota; Actinomycetes; Mycobacteriales; Mycobacteriaceae; Mycolicibacterium,0,3_313_KshA15#0,core,0.8794,0,0,0,0,[alpha] > reductase
NZ_LGTW01000001.1:547853-548981:1,WP_067843774.1,AFM11_RS02790,,Rieske 2Fe-2S domain-containing protein,3_313_KshA15,3,604.6,0.9415,5.9e-182,NZ_LGTW01000001.1,547853,548981,1,Mycolicibacterium wolinskyi,Bacteria; Bacillati; Actinomycetota; Actinomycetes; Mycobacteriales; Mycobacteriaceae; Mycolicibacterium,0,3_313_KshA15#12,core,0.8423,0,0,0,0,[alpha]
NZ_LGTW01000004.1:329211-330354:1,WP_067846816.1,AFM11_RS09140,,Rieske 2Fe-2S domain-containing protein,3_313_KshA15,3,827.2,0.9593,1.4e-249,NZ_LGTW01000004.1,329211,330354,1,Mycolicibacterium wolinskyi,Bacteria; Bacillati; Actinomycetota; Actinomycetes; Mycobacteriales; Mycobacteriaceae; Mycolicibacterium,0,3_313_KshA15#3,core,0.8664,0,0,0,0,hypothetical > [alpha] > hypothetical
NZ_LGUZ01000009.1:40981-42076:1,WP_030731340.1,ADK33_RS05350,,Rieske 2Fe-2S domain-containing protein,3_313_KshA15,3,78.3,0.5216,4e-22,NZ_LGUZ01000009.1,40981,42076,1,Streptomyces griseus subsp. rhodochrous,Bacteria; Bacillati; Actinomycetota; Actinomycetes; Kitasatosporales; Streptomycetaceae; Streptomyces,0,3_313_KshA15#16,core,0.872,0,0,0,0,hydrolase > reductase > [alpha]
NZ_LIVO01000022.1:38652-39813:1,WP_073739230.1,AMK09_RS36490,,Rieske 2Fe-2S domain-containing protein,3_313_KshA15,3,568.1,0.9567,7.1e-171,NZ_LIVO01000022.1,38652,39813,1,Streptomyces sp. CB02488,Bacteria; Bacillati; Actinomycetota; Actinomycetes; Kitasatosporales; Streptomycetaceae; Streptomyces,0,3_313_KshA15#1,core,0.7276,0,0,0,0,[alpha] > ferredoxin
NZ_LIPF01000004.1:482234-483419:1,WP_073727633.1,AMK11_RS16255,,Rieske 2Fe-2S domain-containing protein,3_313_KshA15,3,563.1,0.9491,2.3e-169,NZ_LIPF01000004.1,482234,483419,1,Streptomyces sp. CB02414,Bacteria; Bacillati; Actinomycetota; Actinomycetes; Kitasatosporales; Streptomycetaceae; Streptomyces,0,3_313_KshA15#94,core,0.5905,0,0,0,0,[alpha] > hypothetical > reductase
NZ_LIPF01000004.1:507224-508397:-1,WP_073727681.1,AMK11_RS16380,,Rieske 2Fe-2S domain-containing protein,3_313_KshA15,3,579.8,0.9644,1.9e-174,NZ_LIPF01000004.1,507224,508397,-1,Streptomyces sp. CB02414,Bacteria; Bacillati; Actinomycetota; Actinomycetes; Kitasatosporales; Streptomycetaceae; Streptomyces,0,3_313_KshA15#1,core,0.7296,0,0,0,0,[alpha] > ferredoxin
NZ_LISX01000006.1:207644-208841:1,WP_073812791.1,AMK19_RS17735,,Rieske 2Fe-2S domain-containing protein,3_313_KshA15,3,78.8,0.8066,2.9e-22,NZ_LISX01000006.1,207644,208841,1,Kitasatospora sp. CB01950,Bacteria; Bacillati; Actinomycetota; Actinomycetes; Kitasatosporales; Streptomycetaceae; Kitasatospora,0,3_313_KshA15#16,core,0.7195,0,0,0,0,other > reductase > reductase > reductase > [alpha] > other
NZ_LIVT01000008.1:36663-37758:1,WP_073770616.1,AMK24_RS22325,,Rieske 2Fe-2S domain-containing protein,3_313_KshA15,3,80.9,0.5242,6.6e-23,NZ_LIVT01000008.1,36663,37758,1,Streptomyces sp. CB02366,Bacteria; Bacillati; Actinomycetota; Actinomycetes; Kitasatosporales; Streptomycetaceae; Streptomyces,0,3_313_KshA15#16,core,0.9512,0,0,0,0,hydrolase > reductase > [alpha]
NZ_LIXJ01000003.1:446040-447099:-1,WP_073782393.1,AMK22_RS07030,,Rieske 2Fe-2S domain-containing protein,3_313_KshA15,3,74.8,0.5496,4.8e-21,NZ_LIXJ01000003.1,446040,447099,-1,Streptomyces sp. CB01580,Bacteria; Bacillati; Actinomycetota; Actinomycetes; Kitasatosporales; Streptomycetaceae; Streptomyces,0,3_313_KshA15#16,core,0.8981,0,0,0,0,[alpha]
NZ_LJGU01000113.1:131224-132379:-1,WP_070195618.1,AN216_RS06425,,Rieske 2Fe-2S domain-containing protein,3_313_KshA15,3,578.9,0.9517,3.7e-174,NZ_LJGU01000113.1,131224,132379,-1,Streptomyces oceani,Bacteria; Bacillati; Actinomycetota; Actinomycetes; Kitasatosporales; Streptomycetaceae; Streptomyces,0,3_313_KshA15#1,core,0.6413,0,0,0,0,[alpha] > hypothetical
NZ_LJHY01000008.1:77112-78195:1,WP_054106856.1,IP81_RS04850,,Rieske 2Fe-2S domain-containing protein,3_313_KshA15,3,123.0,0.799,1e-35,NZ_LJHY01000008.1,77112,78195,1,Novosphingobium sp. AAP83,Bacteria; Pseudomonadati; Pseudomonadota; Alphaproteobacteria; Sphingomonadales; Sphingomonadaceae; Novosphingobium,0,3_313_KshA15#20,core,0.9234,0,0,0,0,hypothetical > other > hydrolase > [alpha] > hydrolase
NZ_LJPA01000010.1:209379-210447:-1,WP_044885811.1,UK82_RS11580,,Rieske 2Fe-2S domain-containing protein,3_313_KshA15,3,93.9,0.8168,7.4e-27,NZ_LJPA01000010.1,209379,210447,-1,Frankia sp. ACN1ag,Bacteria; Bacillati; Actinomycetota; Actinomycetes; Frankiales; Frankiaceae; Frankia,0,3_313_KshA15#53,novel_candidate,0.3556,0,0,0,0,[alpha]
NZ_LJYH01000032.1:15940-17140:-1,WP_030096312.1,AOT83_RS14655,,Rieske 2Fe-2S domain-containing protein,3_313_KshA15,3,783.8,0.9873,2.2e-236,NZ_LJYH01000032.1,15940,17140,-1,Mycobacteroides sp. H001,Bacteria; Bacillati; Actinomycetota; Actinomycetes; Mycobacteriales; Mycobacteriaceae; Mycobacteroides,0,3_313_KshA15#3,core,0.7623,0,0,0,0,[alpha] > hypothetical
NZ_LJYH01000042.1:47517-48525:-1,WP_057965204.1,AOT83_RS19855,,Rieske 2Fe-2S domain-containing protein,3_313_KshA15,3,118.4,0.6489,2.6e-34,NZ_LJYH01000042.1,47517,48525,-1,Mycobacteroides sp. H001,Bacteria; Bacillati; Actinomycetota; Actinomycetes; Mycobacteriales; Mycobacteriaceae; Mycobacteroides,0,3_313_KshA15#0,core,0.6865,0,0,0,0,[alpha] > reductase > other
NZ_LJYH01000043.1:132752-133892:-1,WP_057964446.1,AOT83_RS21445,,Rieske 2Fe-2S domain-containing protein,3_313_KshA15,3,591.0,0.9415,7.6e-178,NZ_LJYH01000043.1,132752,133892,-1,Mycobacteroides sp. H001,Bacteria; Bacillati; Actinomycetota; Actinomycetes; Mycobacteriales; Mycobacteriaceae; Mycobacteroides,0,3_313_KshA15#12,core,0.817,0,0,0,0,regulator > other > other > [alpha] > other > other
NZ_LJYI01000013.1:128470-129670:1,WP_030096312.1,AOT84_RS02865,,Rieske 2Fe-2S domain-containing protein,3_313_KshA15,3,783.8,0.9873,2.2e-236,NZ_LJYI01000013.1,128470,129670,1,Mycobacteroides sp. H002,Bacteria; Bacillati; Actinomycetota; Actinomycetes; Mycobacteriales; Mycobacteriaceae; Mycobacteroides,0,3_313_KshA15#3,core,0.7623,0,0,0,0,[alpha] > hypothetical
NZ_LJYI01000047.1:47517-48525:-1,WP_057965204.1,AOT84_RS22105,,Rieske 2Fe-2S domain-containing protein,3_313_KshA15,3,118.4,0.6489,2.6e-34,NZ_LJYI01000047.1,47517,48525,-1,Mycobacteroides sp. H002,Bacteria; Bacillati; Actinomycetota; Actinomycetes; Mycobacteriales; Mycobacteriaceae; Mycobacteroides,0,3_313_KshA15#0,core,0.6865,0,0,0,0,[alpha] > reductase > other
NZ_LJYJ01000021.1:15911-17111:-1,WP_030096312.1,AOT85_RS07270,,Rieske 2Fe-2S domain-containing protein,3_313_KshA15,3,783.8,0.9873,2.2e-236,NZ_LJYJ01000021.1,15911,17111,-1,Mycobacteroides sp. H054,Bacteria; Bacillati; Actinomycetota; Actinomycetes; Mycobacteriales; Mycobacteriaceae; Mycobacteroides,0,3_313_KshA15#3,core,0.7623,0,0,0,0,[alpha] > hypothetical
NZ_LJYJ01000023.1:132752-133892:-1,WP_057964446.1,AOT85_RS08425,,Rieske 2Fe-2S domain-containing protein,3_313_KshA15,3,591.0,0.9415,7.6e-178,NZ_LJYJ01000023.1,132752,133892,-1,Mycobacteroides sp. H054,Bacteria; Bacillati; Actinomycetota; Actinomycetes; Mycobacteriales; Mycobacteriaceae; Mycobacteroides,0,3_313_KshA15#12,core,0.817,0,0,0,0,regulator > other > other > [alpha] > other > other
NZ_LJYP01000047.1:118059-119259:1,WP_057968125.1,AOT91_RS14850,,Rieske 2Fe-2S domain-containing protein,3_313_KshA15,3,786.1,0.9873,4.2e-237,NZ_LJYP01000047.1,118059,119259,1,Mycobacteroides sp. H092,Bacteria; Bacillati; Actinomycetota; Actinomycetes; Mycobacteriales; Mycobacteriaceae; Mycobacteroides,0,3_313_KshA15#3,core,0.7616,0,0,0,0,[alpha] > hypothetical
NZ_LJYP01000066.1:58872-60012:1,WP_057966862.1,AOT91_RS20530,,Rieske 2Fe-2S domain-containing protein,3_313_KshA15,3,592.2,0.944,3.3e-178,NZ_LJYP01000066.1,58872,60012,1,Mycobacteroides sp. H092,Bacteria; Bacillati; Actinomycetota; Actinomycetes; Mycobacteriales; Mycobacteriaceae; Mycobacteroides,0,3_313_KshA15#12,core,0.817,0,0,0,0,regulator > other > [alpha] > other > other
NZ_LJYK01000032.1:132752-133892:-1,WP_057964446.1,AOT86_RS22395,,Rieske 2Fe-2S domain-containing protein,3_313_KshA15,3,591.0,0.9415,7.6e-178,NZ_LJYK01000032.1,132752,133892,-1,Mycobacteroides sp. H072,Bacteria; Bacillati; Actinomycetota; Actinomycetes; Mycobacteriales; Mycobacteriaceae; Mycobacteroides,0,3_313_KshA15#12,core,0.817,0,0,0,0,regulator > other > other > [alpha] > other > other
NZ_LJYP01000022.1:60230-61238:-1,WP_057969362.1,AOT91_RS01150,,Rieske 2Fe-2S domain-containing protein,3_313_KshA15,3,116.5,0.6489,9.9e-34,NZ_LJYP01000022.1,60230,61238,-1,Mycobacteroides sp. H092,Bacteria; Bacillati; Actinomycetota; Actinomycetes; Mycobacteriales; Mycobacteriaceae; Mycobacteroides,0,3_313_KshA15#0,core,0.6855,0,0,0,0,[alpha] > reductase > other
NZ_LJYP01000030.1:26942-28097:-1,WP_057967351.1,AOT91_RS04950,,Rieske 2Fe-2S domain-containing protein,3_313_KshA15,3,561.1,0.944,9.5e-169,NZ_LJYP01000030.1,26942,28097,-1,Mycobacteroides sp. H092,Bacteria; Bacillati; Actinomycetota; Actinomycetes; Mycobacteriales; Mycobacteriaceae; Mycobacteroides,0,3_313_KshA15#1,core,0.9172,0,0,0,0,[alpha] > ferredoxin
NZ_LJYI01000021.1:167242-168397:1,WP_057965400.1,AOT84_RS07600,,Rieske 2Fe-2S domain-containing protein,3_313_KshA15,3,563.0,0.944,2.5e-169,NZ_LJYI01000021.1,167242,168397,1,Mycobacteroides sp. H002,Bacteria; Bacillati; Actinomycetota; Actinomycetes; Mycobacteriales; Mycobacteriaceae; Mycobacteroides,0,3_313_KshA15#1,core,0.9451,0,0,0,0,[alpha] > hypothetical
NZ_LJYI01000023.1:76945-78085:1,WP_057964446.1,AOT84_RS10280,,Rieske 2Fe-2S domain-containing protein,3_313_KshA15,3,591.0,0.9415,7.6e-178,NZ_LJYI01000023.1,76945,78085,1,Mycobacteroides sp. H002,Bacteria; Bacillati; Actinomycetota; Actinomycetes; Mycobacteriales; Mycobacteriaceae; Mycobacteroides,0,3_313_KshA15#12,core,0.817,0,0,0,0,regulator > other > other > [alpha] > other > other
NZ_LJYH01000028.1:201643-202798:1,WP_057965400.1,AOT83_RS11660,,Rieske 2Fe-2S domain-containing protein,3_313_KshA15,3,563.0,0.944,2.5e-169,NZ_LJYH01000028.1,201643,202798,1,Mycobacteroides sp. H001,Bacteria; Bacillati; Actinomycetota; Actinomycetes; Mycobacteriales; Mycobacteriaceae; Mycobacteroides,0,3_313_KshA15#1,core,0.9451,0,0,0,0,[alpha] > hypothetical
NZ_LJYJ01000029.1:26100-27108:-1,WP_057965204.1,AOT85_RS15030,,Rieske 2Fe-2S domain-containing protein,3_313_KshA15,3,118.4,0.6489,2.6e-34,NZ_LJYJ01000029.1,26100,27108,-1,Mycobacteroides sp. H054,Bacteria; Bacillati; Actinomycetota; Actinomycetes; Mycobacteriales; Mycobacteriaceae; Mycobacteroides,0,3_313_KshA15#0,core,0.6865,0,0,0,0,[alpha] > reductase > other
NZ_LJYJ01000034.1:167482-168637:1,WP_057965400.1,AOT85_RS16845,,Rieske 2Fe-2S domain-containing protein,3_313_KshA15,3,563.0,0.944,2.5e-169,NZ_LJYJ01000034.1,167482,168637,1,Mycobacteroides sp. H054,Bacteria; Bacillati; Actinomycetota; Actinomycetes; Mycobacteriales; Mycobacteriaceae; Mycobacteroides,0,3_313_KshA15#1,core,0.9451,0,0,0,0,[alpha] > hypothetical
NZ_LJYK01000005.1:47517-48525:-1,WP_057965204.1,AOT86_RS03065,,Rieske 2Fe-2S domain-containing protein,3_313_KshA15,3,118.4,0.6489,2.6e-34,NZ_LJYK01000005.1,47517,48525,-1,Mycobacteroides sp. H072,Bacteria; Bacillati; Actinomycetota; Actinomycetes; Mycobacteriales; Mycobacteriaceae; Mycobacteroides,0,3_313_KshA15#0,core,0.6865,0,0,0,0,[alpha] > reductase > other
NZ_LJYK01000008.1:229167-230322:1,WP_057965400.1,AOT86_RS05160,,Rieske 2Fe-2S domain-containing protein,3_313_KshA15,3,563.0,0.944,2.5e-169,NZ_LJYK01000008.1,229167,230322,1,Mycobacteroides sp. H072,Bacteria; Bacillati; Actinomycetota; Actinomycetes; Mycobacteriales; Mycobacteriaceae; Mycobacteroides,0,3_313_KshA15#1,core,0.9451,0,0,0,0,[alpha] > hypothetical
NZ_LJYK01000012.1:128470-129670:1,WP_030096312.1,AOT86_RS08715,,Rieske 2Fe-2S domain-containing protein,3_313_KshA15,3,783.8,0.9873,2.2e-236,NZ_LJYK01000012.1,128470,129670,1,Mycobacteroides sp. H072,Bacteria; Bacillati; Actinomycetota; Actinomycetes; Mycobacteriales; Mycobacteriaceae; Mycobacteroides,0,3_313_KshA15#3,core,0.7623,0,0,0,0,[alpha] > hypothetical
NZ_LKKK01000016.1:1788-2832:-1,WP_058069824.1,AO726_RS19720,,Rieske 2Fe-2S domain-containing protein,3_313_KshA15,3,372.8,0.8524,1.5e-111,NZ_LKKK01000016.1,1788,2832,-1,Pseudomonas sp. TTU2014-080ASC,Bacteria; Pseudomonadati; Pseudomonadota; Gammaproteobacteria; Pseudomonadales; Pseudomonadaceae; Pseudomonas,0,3_313_KshA15#8,core,0.8102,0,0,0,0,hypothetical > other > [alpha] > other
NZ_LKKK01000016.1:138425-139622:-1,WP_241492156.1,AO726_RS20405,,Rieske 2Fe-2S domain-containing protein,3_313_KshA15,3,414.2,0.9338,3.8e-124,NZ_LKKK01000016.1,138425,139622,-1,Pseudomonas sp. TTU2014-080ASC,Bacteria; Pseudomonadati; Pseudomonadota; Gammaproteobacteria; Pseudomonadales; Pseudomonadaceae; Pseudomonas,0,3_313_KshA15#86,divergent,0.4524,0,0,0,0,hypothetical > [alpha] > reductase > hypothetical
NZ_LKTM01000381.1:10294-11272:1,WP_055581722.1,AO501_RS32735,,Rieske 2Fe-2S domain-containing protein,3_313_KshA15,3,118.8,0.5496,2e-34,NZ_LKTM01000381.1,10294,11272,1,Mycobacterium gordonae,Bacteria; Bacillati; Actinomycetota; Actinomycetes; Mycobacteriales; Mycobacteriaceae; Mycobacterium,0,3_313_KshA15#80,novel_candidate,0.3196,0,0,0,0,hypothetical > [alpha]
NZ_LKTM01000392.1:5612-6794:-1,WP_055582006.1,AO501_RS34275,,Rieske 2Fe-2S domain-containing protein,3_313_KshA15,3,821.6,0.9593,7.3e-248,NZ_LKTM01000392.1,5612,6794,-1,Mycobacterium gordonae,Bacteria; Bacillati; Actinomycetota; Actinomycetes; Mycobacteriales; Mycobacteriaceae; Mycobacterium,0,3_313_KshA15#3,core,0.8805,0,0,0,0,[alpha] > hypothetical
NZ_LKTM01000112.1:93101-94229:1,WP_082658572.1,AO501_RS11260,,Rieske 2Fe-2S domain-containing protein,3_313_KshA15,3,120.4,0.5674,6.4e-35,NZ_LKTM01000112.1,93101,94229,1,Mycobacterium gordonae,Bacteria; Bacillati; Actinomycetota; Actinomycetes; Mycobacteriales; Mycobacteriaceae; Mycobacterium,0,3_313_KshA15#4,core,0.8767,0,0,0,0,[alpha] > other > other > other > other
NZ_LKTM01000340.1:32220-33249:1,WP_055580166.1,AO501_RS24455,,Rieske 2Fe-2S domain-containing protein,3_313_KshA15,3,115.4,0.631,2.1e-33,NZ_LKTM01000340.1,32220,33249,1,Mycobacterium gordonae,Bacteria; Bacillati; Actinomycetota; Actinomycetes; Mycobacteriales; Mycobacteriaceae; Mycobacterium,0,3_313_KshA15#0,core,0.773,0,0,0,0,[alpha] > reductase > reductase
NZ_LLWI01000067.1:64802-65840:1,WP_059762177.1,AP060_RS05380,,Rieske 2Fe-2S domain-containing protein,3_313_KshA15,3,356.0,0.8524,1.9e-106,NZ_LLWI01000067.1,64802,65840,1,Pseudomonas sp. TAD18,Bacteria; Pseudomonadati; Pseudomonadota; Gammaproteobacteria; Pseudomonadales; Pseudomonadaceae; Pseudomonas,0,3_313_KshA15#8,core,0.8072,0,0,0,0,regulator > reductase > reductase > [alpha] > regulator
NZ_LLZI01000268.1:11831-12968:-1,WP_066986139.1,ADL22_RS28680,,Rieske 2Fe-2S domain-containing protein,3_313_KshA15,3,571.9,0.9389,4.7e-172,NZ_LLZI01000268.1,11831,12968,-1,Streptomyces sp. NRRL F-4489,Bacteria; Bacillati; Actinomycetota; Actinomycetes; Kitasatosporales; Streptomycetaceae; Streptomyces,0,3_313_KshA15#94,core,0.6406,1,0,0,1,other > dehydrogenase > other > [alpha] > hypothetical > reductase
NZ_LLZH01000013.1:211771-212905:1,WP_067685266.1,ADL15_RS04325,,Rieske 2Fe-2S domain-containing protein,3_313_KshA15,3,605.4,0.944,3.2e-182,NZ_LLZH01000013.1,211771,212905,1,Actinoplanes awajinensis subsp. mycoplanecinus,Bacteria; Bacillati; Actinomycetota; Actinomycetes; Micromonosporales; Micromonosporaceae; Actinoplanes,0,3_313_KshA15#18,core,0.6918,1,0,0,1,[alpha] > hypothetical > reductase > other
NZ_LMCV01000035.1:17649-18693:-1,WP_056744733.1,ASC74_RS24430,,Rieske 2Fe-2S domain-containing protein,3_313_KshA15,3,398.0,0.8855,3.1e-119,NZ_LMCV01000035.1,17649,18693,-1,Pseudomonas sp. Root329,Bacteria; Pseudomonadati; Pseudomonadota; Gammaproteobacteria; Pseudomonadales; Pseudomonadaceae; Pseudomonas,0,3_313_KshA15#24,core,0.9258,0,0,0,0,[alpha] > regulator > hydrolase
NZ_LMFI01000015.1:142852-144016:1,WP_056688142.1,ASD30_RS23865,,Rieske 2Fe-2S domain-containing protein,3_313_KshA15,3,589.4,0.9593,2.4e-177,NZ_LMFI01000015.1,142852,144016,1,Nocardioides sp. Root140,Bacteria; Bacillati; Actinomycetota; Actinomycetes; Propionibacteriales; Nocardioidaceae; Nocardioides,0,3_313_KshA15#95,core,0.6832,0,0,0,0,[alpha] > hypothetical > reductase
NZ_LMFE01000007.1:745516-746692:-1,WP_056818910.1,ASD42_RS20450,,Rieske 2Fe-2S domain-containing protein,3_313_KshA15,3,629.5,0.9466,1.5e-189,NZ_LMFE01000007.1,745516,746692,-1,Nocardia sp. Root136,Bacteria; Bacillati; Actinomycetota; Actinomycetes; Mycobacteriales; Nocardiaceae; Nocardia,0,3_313_KshA15#11,core,0.7556,0,0,0,0,[alpha] > hypothetical
NZ_LMEZ01000008.1:145549-146704:1,WP_056558248.1,ASD37_RS24490,,Rieske 2Fe-2S domain-containing protein,3_313_KshA15,3,574.1,0.944,1e-172,NZ_LMEZ01000008.1,145549,146704,1,Mycobacterium sp. Root135,Bacteria; Bacillati; Actinomycetota; Actinomycetes; Mycobacteriales; Mycobacteriaceae; Mycobacterium,0,3_313_KshA15#12,core,0.7382,0,0,0,0,[alpha]
NZ_LMEZ01000010.1:183303-184458:1,WP_056560556.1,ASD37_RS29775,,Rieske 2Fe-2S domain-containing protein,3_313_KshA15,3,817.9,0.9593,9.3e-247,NZ_LMEZ01000010.1,183303,184458,1,Mycobacterium sp. Root135,Bacteria; Bacillati; Actinomycetota; Actinomycetes; Mycobacteriales; Mycobacteriaceae; Mycobacterium,0,3_313_KshA15#5,core,0.8233,0,0,0,0,other > other > other > hypothetical > [alpha] > hypothetical > other
NZ_LMGV01000006.1:593440-594580:1,WP_056711991.1,ASD81_RS14885,,Rieske 2Fe-2S domain-containing protein,3_313_KshA15,3,571.4,0.9491,7e-172,NZ_LMGV01000006.1,593440,594580,1,Nocardioides sp. Root614,Bacteria; Bacillati; Actinomycetota; Actinomycetes; Propionibacteriales; Nocardioidaceae; Nocardioides,0,3_313_KshA15#25,core,0.5566,1,0,0,1,[alpha] > hypothetical > reductase
NZ_LMGV01000009.1:159545-160679:1,WP_056714444.1,ASD81_RS21365,,Rieske 2Fe-2S domain-containing protein,3_313_KshA15,3,580.6,0.944,1.1e-174,NZ_LMGV01000009.1,159545,160679,1,Nocardioides sp. Root614,Bacteria; Bacillati; Actinomycetota; Actinomycetes; Propionibacteriales; Nocardioidaceae; Nocardioides,0,3_313_KshA15#150,core,0.655,0,0,0,0,[alpha] > hypothetical > reductase
NZ_LMHI01000002.1:77499-78543:1,WP_056722408.1,ASD91_RS05495,,Rieske 2Fe-2S domain-containing protein,3_313_KshA15,3,400.4,0.8804,5.9e-120,NZ_LMHI01000002.1,77499,78543,1,Pseudomonas sp. Root68,Bacteria; Pseudomonadati; Pseudomonadota; Gammaproteobacteria; Pseudomonadales; Pseudomonadaceae; Pseudomonas,0,3_313_KshA15#24,core,0.9646,0,0,0,0,[alpha] > regulator > hydrolase
NZ_LMHJ01000002.1:593452-594592:1,WP_056711991.1,ASD84_RS15100,,Rieske 2Fe-2S domain-containing protein,3_313_KshA15,3,571.4,0.9491,7e-172,NZ_LMHJ01000002.1,593452,594592,1,Nocardioides sp. Root682,Bacteria; Bacillati; Actinomycetota; Actinomycetes; Propionibacteriales; Nocardioidaceae; Nocardioides,0,3_313_KshA15#25,core,0.5566,1,0,0,1,[alpha] > hypothetical > reductase
NZ_LMHT01000007.1:235685-236654:-1,WP_056731162.1,ASE02_RS03455,,Rieske 2Fe-2S domain-containing protein,3_313_KshA15,3,117.5,0.6336,4.9e-34,NZ_LMHT01000007.1,235685,236654,-1,Phenylobacterium sp. Root700,Bacteria; Pseudomonadati; Pseudomonadota; Alphaproteobacteria; Caulobacterales; Caulobacteraceae; Phenylobacterium,0,3_313_KshA15#126,novel_candidate,0.3272,0,0,0,0,other > [alpha]
NZ_LMIB01000015.1:455289-456417:-1,WP_056382559.1,ASE00_RS17270,,Rieske 2Fe-2S domain-containing protein,3_313_KshA15,3,406.1,0.8957,1.1e-121,NZ_LMIB01000015.1,455289,456417,-1,Sphingomonas sp. Root710,Bacteria; Pseudomonadati; Pseudomonadota; Alphaproteobacteria; Sphingomonadales; Sphingomonadaceae; Sphingomonas,0,3_313_KshA15#64,divergent,0.4583,0,0,0,0,[alpha] > hydrolase > other
NZ_LMIA01000001.1:50518-51652:1,WP_056747636.1,ASE01_RS00290,,Rieske 2Fe-2S domain-containing protein,3_313_KshA15,3,581.1,0.944,7.7e-175,NZ_LMIA01000001.1,50518,51652,1,Nocardioides sp. Root190,Bacteria; Bacillati; Actinomycetota; Actinomycetes; Propionibacteriales; Nocardioidaceae; Nocardioides,0,3_313_KshA15#1,core,0.6968,0,0,0,0,[alpha] > hypothetical > reductase
NZ_LMIA01000012.1:234995-236129:-1,WP_056756342.1,ASE01_RS19535,,Rieske 2Fe-2S domain-containing protein,3_313_KshA15,3,572.4,0.9338,3.4e-172,NZ_LMIA01000012.1,234995,236129,-1,Nocardioides sp. Root190,Bacteria; Bacillati; Actinomycetota; Actinomycetes; Propionibacteriales; Nocardioidaceae; Nocardioides,0,3_313_KshA15#25,core,0.582,1,0,0,1,[alpha] > hypothetical > reductase > other
NZ_LMIP01000013.1:66092-67250:1,WP_056893870.1,ASE19_RS17310,,Rieske 2Fe-2S domain-containing protein,3_313_KshA15,3,590.6,0.9618,1e-177,NZ_LMIP01000013.1,66092,67250,1,Nocardioides sp. Root79,Bacteria; Bacillati; Actinomycetota; Actinomycetes; Propionibacteriales; Nocardioidaceae; Nocardioides,0,3_313_KshA15#25,divergent,0.5405,1,0,0,1,[alpha] > hypothetical > reductase > other
NZ_LMIP01000013.1:300606-301797:1,WP_056893754.1,ASE19_RS18505,,Rieske 2Fe-2S domain-containing protein,3_313_KshA15,3,564.8,0.9695,6.8e-170,NZ_LMIP01000013.1,300606,301797,1,Nocardioides sp. Root79,Bacteria; Bacillati; Actinomycetota; Actinomycetes; Propionibacteriales; Nocardioidaceae; Nocardioides,0,3_313_KshA15#1,core,0.6541,0,0,0,0,[alpha] > hypothetical > other
NZ_LMIP01000001.1:2794-3928:1,WP_056896872.1,ASE19_RS00020,,Rieske 2Fe-2S domain-containing protein,3_313_KshA15,3,579.5,0.9466,2.3e-174,NZ_LMIP01000001.1,2794,3928,1,Nocardioides sp. Root79,Bacteria; Bacillati; Actinomycetota; Actinomycetes; Propionibacteriales; Nocardioidaceae; Nocardioides,0,3_313_KshA15#1,core,0.6656,0,0,0,0,[alpha] > hypothetical > reductase
NZ_LMID01000011.1:900577-901705:1,WP_056360877.1,ASE22_RS14895,,Rieske 2Fe-2S domain-containing protein,3_313_KshA15,3,399.5,0.8906,1.1e-119,NZ_LMID01000011.1,900577,901705,1,Sphingomonas sp. Root720,Bacteria; Pseudomonadati; Pseudomonadota; Alphaproteobacteria; Sphingomonadales; Sphingomonadaceae; Sphingomonas,0,3_313_KshA15#64,divergent,0.4647,0,0,0,0,[alpha] > hydrolase > other
NZ_LMJA01000010.1:72483-73608:-1,WP_057167220.1,ASE48_RS11530,,Rieske 2Fe-2S domain-containing protein,3_313_KshA15,3,589.6,0.9338,2e-177,NZ_LMJA01000010.1,72483,73608,-1,Mycobacterium sp. Root265,Bacteria; Bacillati; Actinomycetota; Actinomycetes; Mycobacteriales; Mycobacteriaceae; Mycobacterium,0,3_313_KshA15#12,core,0.7812,0,0,0,0,other > reductase > [alpha] > other > other > other > other > other
NZ_LMIZ01000042.1:16787-17708:1,WP_057581895.1,ASE41_RS26720,,Rieske 2Fe-2S domain-containing protein,3_313_KshA15,3,104.0,0.7964,6.1e-30,NZ_LMIZ01000042.1,16787,17708,1,Streptomyces sp. Root264,Bacteria; Bacillati; Actinomycetota; Actinomycetes; Kitasatosporales; Streptomycetaceae; Streptomyces,0,3_313_KshA15#52,novel_candidate,0.3713,0,0,0,0,[alpha]
NZ_LMJA01000012.1:9589-10597:1,WP_057167375.1,ASE48_RS12280,,aromatic ring-hydroxylating dioxygenase subunit alpha,3_313_KshA15,3,101.9,0.799,2.7e-29,NZ_LMJA01000012.1,9589,10597,1,Mycobacterium sp. Root265,Bacteria; Bacillati; Actinomycetota; Actinomycetes; Mycobacteriales; Mycobacteriaceae; Mycobacterium,0,3_313_KshA15#2,core,0.6782,0,0,0,0,[alpha] > hydrolase > other
NZ_LMJA01000012.1:130987-131983:1,WP_162264218.1,ASE48_RS12840,,Rieske 2Fe-2S domain-containing protein,3_313_KshA15,3,65.2,0.5216,4e-18,NZ_LMJA01000012.1,130987,131983,1,Mycobacterium sp. Root265,Bacteria; Bacillati; Actinomycetota; Actinomycetes; Mycobacteriales; Mycobacteriaceae; Mycobacterium,0,3_313_KshA15#42,divergent,0.4331,0,0,0,0,[alpha] > other
NZ_LMJA01000013.1:73622-74792:1,WP_057167842.1,ASE48_RS14685,,Rieske 2Fe-2S domain-containing protein,3_313_KshA15,3,821.0,0.9771,1.1e-247,NZ_LMJA01000013.1,73622,74792,1,Mycobacterium sp. Root265,Bacteria; Bacillati; Actinomycetota; Actinomycetes; Mycobacteriales; Mycobacteriaceae; Mycobacterium,0,3_313_KshA15#5,core,0.8365,0,0,0,0,[alpha] > hypothetical
NZ_LMIU01000025.1:478463-479480:-1,WP_057287022.1,ASE30_RS25370,,Rieske 2Fe-2S domain-containing protein,3_313_KshA15,3,74.4,0.542,6.3e-21,NZ_LMIU01000025.1,478463,479480,-1,Achromobacter sp. Root83,Bacteria; Pseudomonadati; Pseudomonadota; Betaproteobacteria; Burkholderiales; Alcaligenaceae; Achromobacter,0,3_313_KshA15#125,divergent,0.4331,0,0,0,0,other > other > other > other > other > [alpha]
NZ_LMIT01000002.1:560126-561284:1,WP_056893870.1,ASE20_RS05700,,Rieske 2Fe-2S domain-containing protein,3_313_KshA15,3,590.6,0.9618,1e-177,NZ_LMIT01000002.1,560126,561284,1,Nocardioides sp. Root240,Bacteria; Bacillati; Actinomycetota; Actinomycetes; Propionibacteriales; Nocardioidaceae; Nocardioides,0,3_313_KshA15#25,divergent,0.5405,1,0,0,1,[alpha] > hypothetical > reductase > other
NZ_LMIT01000002.1:794574-795765:1,WP_056893754.1,ASE20_RS06895,,Rieske 2Fe-2S domain-containing protein,3_313_KshA15,3,564.8,0.9695,6.8e-170,NZ_LMIT01000002.1,794574,795765,1,Nocardioides sp. Root240,Bacteria; Bacillati; Actinomycetota; Actinomycetes; Propionibacteriales; Nocardioidaceae; Nocardioides,0,3_313_KshA15#1,core,0.6541,0,0,0,0,[alpha] > hypothetical > other
NZ_LMIT01000015.1:382030-383164:-1,WP_056896872.1,ASE20_RS22895,,Rieske 2Fe-2S domain-containing protein,3_313_KshA15,3,579.5,0.9466,2.3e-174,NZ_LMIT01000015.1,382030,383164,-1,Nocardioides sp. Root240,Bacteria; Bacillati; Actinomycetota; Actinomycetes; Propionibacteriales; Nocardioidaceae; Nocardioides,0,3_313_KshA15#1,core,0.6656,0,0,0,0,[alpha] > hypothetical > reductase
NZ_LMJA01000017.1:5516-6674:1,WP_057168074.1,ASE48_RS15840,,Rieske 2Fe-2S domain-containing protein,3_313_KshA15,3,549.7,0.9364,2.6e-165,NZ_LMJA01000017.1,5516,6674,1,Mycobacterium sp. Root265,Bacteria; Bacillati; Actinomycetota; Actinomycetes; Mycobacteriales; Mycobacteriaceae; Mycobacterium,0,3_313_KshA15#1,core,0.7719,0,0,0,0,[alpha] > hypothetical > reductase
NZ_LMJA01000031.1:486042-487071:-1,WP_057170442.1,ASE48_RS28150,,Rieske 2Fe-2S domain-containing protein,3_313_KshA15,3,111.4,0.6285,3.5e-32,NZ_LMJA01000031.1,486042,487071,-1,Mycobacterium sp. Root265,Bacteria; Bacillati; Actinomycetota; Actinomycetes; Mycobacteriales; Mycobacteriaceae; Mycobacterium,0,3_313_KshA15#0,core,0.7908,0,0,0,0,[alpha] > reductase > hydrolase
NZ_LMLL01000012.1:682864-683905:1,WP_056801353.1,ASF02_RS16550,,Rieske 2Fe-2S domain-containing protein,3_313_KshA15,3,373.0,0.8677,1.2e-111,NZ_LMLL01000012.1,682864,683905,1,Pseudomonas sp. Leaf58,Bacteria; Pseudomonadati; Pseudomonadota; Gammaproteobacteria; Pseudomonadales; Pseudomonadaceae; Pseudomonas,0,3_313_KshA15#8,core,0.8641,0,0,0,0,hypothetical > transporter > regulator > hypothetical > [alpha]
NZ_LMLH01000031.1:99502-100543:1,WP_060543488.1,ASE98_RS22360,,Rieske 2Fe-2S domain-containing protein,3_313_KshA15,3,369.1,0.8702,2e-110,NZ_LMLH01000031.1,99502,100543,1,Pseudomonas sp. Leaf48,Bacteria; Pseudomonadati; Pseudomonadota; Gammaproteobacteria; Pseudomonadales; Pseudomonadaceae; Pseudomonas,0,3_313_KshA15#81,core,0.8742,0,0,0,0,[alpha]
NZ_LMPL01000002.1:152634-153654:-1,WP_082501812.1,ASG12_RS08775,,Rieske 2Fe-2S domain-containing protein,3_313_KshA15,3,104.6,0.6361,4.2e-30,NZ_LMPL01000002.1,152634,153654,-1,Williamsia sp. Leaf354,Bacteria; Bacillati; Actinomycetota; Actinomycetes; Mycobacteriales; Nocardiaceae; Williamsia,0,3_313_KshA15#0,core,0.6093,0,0,0,0,[alpha] > reductase
NZ_LMTB01000047.1:38724-39921:-1,WP_067474555.1,A9D54_RS07690,,Rieske 2Fe-2S domain-containing protein,3_313_KshA15,3,615.7,0.9618,2.4e-185,NZ_LMTB01000047.1,38724,39921,-1,Dietzia timorensis,Bacteria; Bacillati; Actinomycetota; Actinomycetes; Mycobacteriales; Dietziaceae; Dietzia,0,3_313_KshA15#96,core,0.6449,1,0,0,1,[alpha] > hypothetical > reductase
NZ_LMVQ01000001.1:10612-11647:1,WP_067952213.1,ASJ79_RS00055,,aromatic ring-hydroxylating dioxygenase subunit alpha,3_313_KshA15,3,104.9,0.8015,3.3e-30,NZ_LMVQ01000001.1,10612,11647,1,Mycobacterium sp. NAZ190054,Bacteria; Bacillati; Actinomycetota; Actinomycetes; Mycobacteriales; Mycobacteriaceae; Mycobacterium,0,3_313_KshA15#2,core,0.7439,0,0,0,0,[alpha] > other > other
NZ_LMVQ01000022.1:13800-14955:-1,WP_067952898.1,ASJ79_RS02520,,Rieske 2Fe-2S domain-containing protein,3_313_KshA15,3,817.6,0.9593,1.2e-246,NZ_LMVQ01000022.1,13800,14955,-1,Mycobacterium sp. NAZ190054,Bacteria; Bacillati; Actinomycetota; Actinomycetes; Mycobacteriales; Mycobacteriaceae; Mycobacterium,0,3_313_KshA15#3,core,0.8391,0,0,0,0,[alpha] > hypothetical
NZ_LMVQ01000223.1:11301-12459:1,WP_067957015.1,ASJ79_RS16255,,Rieske 2Fe-2S domain-containing protein,3_313_KshA15,3,557.7,0.9389,1e-167,NZ_LMVQ01000223.1,11301,12459,1,Mycobacterium sp. NAZ190054,Bacteria; Bacillati; Actinomycetota; Actinomycetes; Mycobacteriales; Mycobacteriaceae; Mycobacterium,0,3_313_KshA15#9,core,0.7632,0,0,0,0,[alpha] > hypothetical > reductase
NZ_LMVQ01000312.1:2065-3094:-1,WP_067958900.1,ASJ79_RS19900,,Rieske 2Fe-2S domain-containing protein,3_313_KshA15,3,107.8,0.6285,4.5e-31,NZ_LMVQ01000312.1,2065,3094,-1,Mycobacterium sp. NAZ190054,Bacteria; Bacillati; Actinomycetota; Actinomycetes; Mycobacteriales; Mycobacteriaceae; Mycobacterium,0,3_313_KshA15#0,core,0.7986,0,0,0,0,[alpha] > reductase
NZ_LMVQ01000567.1:16404-17538:-1,WP_067962406.1,ASJ79_RS28115,,Rieske 2Fe-2S domain-containing protein,3_313_KshA15,3,585.7,0.944,3.2e-176,NZ_LMVQ01000567.1,16404,17538,-1,Mycobacterium sp. NAZ190054,Bacteria; Bacillati; Actinomycetota; Actinomycetes; Mycobacteriales; Mycobacteriaceae; Mycobacterium,0,3_313_KshA15#7,core,0.8185,0,0,0,0,other > reductase > [alpha] > regulator
NZ_LMSQ01000017.1:906304-907474:1,WP_056891028.1,ASH02_RS11430,,Rieske 2Fe-2S domain-containing protein,3_313_KshA15,3,580.2,0.9491,1.4e-174,NZ_LMSQ01000017.1,906304,907474,1,Nocardioides sp. Soil796,Bacteria; Bacillati; Actinomycetota; Actinomycetes; Propionibacteriales; Nocardioidaceae; Nocardioides,0,3_313_KshA15#25,core,0.6388,1,0,0,1,[alpha] > hypothetical > reductase > hypothetical
NZ_LNRT01000001.1:212608-213619:-1,WP_231732555.1,ATE68_RS00980,,Rieske 2Fe-2S domain-containing protein,3_313_KshA15,3,134.6,0.631,3.3e-39,NZ_LNRT01000001.1,212608,213619,-1,Sphingopyxis sp. H038,Bacteria; Pseudomonadati; Pseudomonadota; Alphaproteobacteria; Sphingomonadales; Sphingomonadaceae; Sphingopyxis,0,3_313_KshA15#41,novel_candidate,0.3643,0,0,0,0,[alpha] > other > reductase > transporter
NZ_LOSU01000003.1:12194-13274:-1,WP_059697658.1,WS45_RS00925,,Rieske 2Fe-2S domain-containing protein,3_313_KshA15,3,402.3,0.8753,1.6e-120,NZ_LOSU01000003.1,12194,13274,-1,Burkholderia sp. RF2-non_BP3,Bacteria; Pseudomonadati; Pseudomonadota; Betaproteobacteria; Burkholderiales; Burkholderiaceae; Burkholderia,0,3_313_KshA15#10,core,0.9653,0,0,0,0,hypothetical > transporter > [alpha]
NZ_LOWA01000023.1:2166-3159:-1,WP_059515730.1,WS67_RS07770,,Rieske 2Fe-2S domain-containing protein,3_313_KshA15,3,93.2,0.5954,1.2e-26,NZ_LOWA01000023.1,2166,3159,-1,Burkholderia singularis,Bacteria; Pseudomonadati; Pseudomonadota; Betaproteobacteria; Burkholderiales; Burkholderiaceae; Burkholderia; pseudomallei group,0,3_313_KshA15#23,divergent,0.5157,0,0,0,0,other > other > other > other > alpha_other > other > [alpha] > transposon
NZ_LOWA01000023.1:4284-5382:-1,WP_245637166.1,WS67_RS07780,,Rieske 2Fe-2S domain-containing protein,3_313_KshA15,3,86.4,0.5394,1.4e-24,NZ_LOWA01000023.1,4284,5382,-1,Burkholderia singularis,Bacteria; Pseudomonadati; Pseudomonadota; Betaproteobacteria; Burkholderiales; Burkholderiaceae; Burkholderia; pseudomallei group,0,3_313_KshA15#23,divergent,0.4021,0,0,0,0,other > other > other > other > [alpha] > other > alpha_other > transposon
NZ_LOYH01000055.1:264771-265851:1,WP_059730007.1,WS90_RS15840,,Rieske 2Fe-2S domain-containing protein,3_313_KshA15,3,401.4,0.8753,2.9e-120,NZ_LOYH01000055.1,264771,265851,1,Burkholderia cepacia,Bacteria; Pseudomonadati; Pseudomonadota; Betaproteobacteria; Burkholderiales; Burkholderiaceae; Burkholderia; Burkholderia cepacia complex,0,3_313_KshA15#10,core,0.9486,0,0,0,0,other > transporter > [alpha]
NZ_LPFQ01000116.1:1067-2096:-1,WP_060103123.1,WT31_RS26130,,Rieske 2Fe-2S domain-containing protein,3_313_KshA15,3,89.0,0.5216,2.3e-25,NZ_LPFQ01000116.1,1067,2096,-1,Burkholderia territorii,Bacteria; Pseudomonadati; Pseudomonadota; Betaproteobacteria; Burkholderiales; Burkholderiaceae; Burkholderia; Burkholderia cepacia complex,0,3_313_KshA15#23,novel_candidate,0.3886,0,0,0,0,alpha_other > other > other > [alpha] > transposon
NZ_LPFQ01000116.1:5084-6110:-1,WP_059791770.1,WT31_RS26145,,Rieske 2Fe-2S domain-containing protein,3_313_KshA15,3,96.0,0.5216,1.7e-27,NZ_LPFQ01000116.1,5084,6110,-1,Burkholderia territorii,Bacteria; Pseudomonadati; Pseudomonadota; Betaproteobacteria; Burkholderiales; Burkholderiaceae; Burkholderia; Burkholderia cepacia complex,0,3_313_KshA15#23,divergent,0.4557,0,0,0,0,[alpha] > other > other > alpha_other > transposon
NZ_LPFQ01000134.1:78516-79596:1,WP_059868339.1,WT31_RS28870,,Rieske 2Fe-2S domain-containing protein,3_313_KshA15,3,403.2,0.8753,8.5e-121,NZ_LPFQ01000134.1,78516,79596,1,Burkholderia territorii,Bacteria; Pseudomonadati; Pseudomonadota; Betaproteobacteria; Burkholderiales; Burkholderiaceae; Burkholderia; Burkholderia cepacia complex,0,3_313_KshA15#10,core,0.9494,0,0,0,0,other > transporter > [alpha]
NZ_LPJR01000001.1:354309-355386:1,WP_060237645.1,WT56_RS01555,,Rieske 2Fe-2S domain-containing protein,3_313_KshA15,3,399.8,0.8779,8.9e-120,NZ_LPJR01000001.1,354309,355386,1,Burkholderia pseudomultivorans,Bacteria; Pseudomonadati; Pseudomonadota; Betaproteobacteria; Burkholderiales; Burkholderiaceae; Burkholderia; Burkholderia cepacia complex,0,3_313_KshA15#10,core,0.9522,0,0,0,0,other > reductase > dehydrogenase > dehydrogenase > reductase > other > other > other > transporter > [alpha]
NZ_LPJR01000001.1:454808-455954:1,WP_081077009.1,WT56_RS01955,,Rieske 2Fe-2S domain-containing protein,3_313_KshA15,3,312.9,0.8626,2.2e-93,NZ_LPJR01000001.1,454808,455954,1,Burkholderia pseudomultivorans,Bacteria; Pseudomonadati; Pseudomonadota; Betaproteobacteria; Burkholderiales; Burkholderiaceae; Burkholderia; Burkholderia cepacia complex,0,3_313_KshA15#79,divergent,0.4917,0,0,0,0,[alpha] > alpha_other
NZ_LPJR01000001.1:455950-456943:1,WP_060237860.1,WT56_RS01960,,Rieske 2Fe-2S domain-containing protein,3_313_KshA15,3,191.2,0.8219,2.1e-56,NZ_LPJR01000001.1,455950,456943,1,Burkholderia pseudomultivorans,Bacteria; Pseudomonadati; Pseudomonadota; Betaproteobacteria; Burkholderiales; Burkholderiaceae; Burkholderia; Burkholderia cepacia complex,0,3_313_KshA15#63,novel_candidate,0.3296,0,0,0,0,alpha_other > [alpha]
NZ_LPJX01000009.1:17228-18305:-1,WP_060296187.1,WT57_RS01785,,Rieske 2Fe-2S domain-containing protein,3_313_KshA15,3,398.2,0.8753,2.8e-119,NZ_LPJX01000009.1,17228,18305,-1,Burkholderia pseudomultivorans,Bacteria; Pseudomonadati; Pseudomonadota; Betaproteobacteria; Burkholderiales; Burkholderiaceae; Burkholderia; Burkholderia cepacia complex,0,3_313_KshA15#10,core,0.9522,0,0,0,0,other > transporter > [alpha]
NZ_LPKD01000042.1:21631-22657:1,WP_059791770.1,WT58_RS23400,,Rieske 2Fe-2S domain-containing protein,3_313_KshA15,3,96.0,0.5216,1.7e-27,NZ_LPKD01000042.1,21631,22657,1,Burkholderia territorii,Bacteria; Pseudomonadati; Pseudomonadota; Betaproteobacteria; Burkholderiales; Burkholderiaceae; Burkholderia; Burkholderia cepacia complex,0,3_313_KshA15#23,divergent,0.4557,0,0,0,0,[alpha] > other > other > alpha_other
NZ_LPKD01000042.1:25700-26675:1,WP_155638799.1,WT58_RS23415,,Rieske 2Fe-2S domain-containing protein,3_313_KshA15,3,89.1,0.5191,2.1e-25,NZ_LPKD01000042.1,25700,26675,1,Burkholderia territorii,Bacteria; Pseudomonadati; Pseudomonadota; Betaproteobacteria; Burkholderiales; Burkholderiaceae; Burkholderia; Burkholderia cepacia complex,0,3_313_KshA15#23,novel_candidate,0.3851,0,0,0,0,alpha_other > other > other > [alpha]
NZ_LPLB01000031.1:289307-290384:1,WP_040131716.1,WT72_RS12620,,Rieske 2Fe-2S domain-containing protein,3_313_KshA15,3,398.4,0.8779,2.5e-119,NZ_LPLB01000031.1,289307,290384,1,Burkholderia pseudomultivorans,Bacteria; Pseudomonadati; Pseudomonadota; Betaproteobacteria; Burkholderiales; Burkholderiaceae; Burkholderia; Burkholderia cepacia complex,0,3_313_KshA15#10,core,0.9522,0,0,0,0,other > transporter > [alpha]
NZ_LPJX01000070.1:1527-2487:-1,WP_060300643.1,WT57_RS29050,,Rieske 2Fe-2S domain-containing protein,3_313_KshA15,3,193.8,0.8244,3.4e-57,NZ_LPJX01000070.1,1527,2487,-1,Burkholderia pseudomultivorans,Bacteria; Pseudomonadati; Pseudomonadota; Betaproteobacteria; Burkholderiales; Burkholderiaceae; Burkholderia; Burkholderia cepacia complex,0,3_313_KshA15#63,novel_candidate,0.3407,0,0,0,0,alpha_other > [alpha]
NZ_LPJX01000070.1:2519-3665:-1,WP_081078827.1,WT57_RS29055,,Rieske 2Fe-2S domain-containing protein,3_313_KshA15,3,311.7,0.8601,5.3e-93,NZ_LPJX01000070.1,2519,3665,-1,Burkholderia pseudomultivorans,Bacteria; Pseudomonadati; Pseudomonadota; Betaproteobacteria; Burkholderiales; Burkholderiaceae; Burkholderia; Burkholderia cepacia complex,0,3_313_KshA15#79,divergent,0.4819,0,0,0,0,[alpha] > alpha_other
NZ_LQIM01000003.1:134765-135881:-1,WP_059166281.1,AU187_RS04630,,Rieske 2Fe-2S domain-containing protein,3_313_KshA15,3,113.3,0.5471,9.8e-33,NZ_LQIM01000003.1,134765,135881,-1,Mycobacterium sp. IS-1556,Bacteria; Bacillati; Actinomycetota; Actinomycetes; Mycobacteriales; Mycobacteriaceae; Mycobacterium,0,3_313_KshA15#4,core,0.8125,0,0,0,0,[alpha] > other > other > other > other
NZ_LQIM01000034.1:373018-374158:1,WP_059167108.1,AU187_RS18315,,Rieske 2Fe-2S domain-containing protein,3_313_KshA15,3,579.3,0.944,2.8e-174,NZ_LQIM01000034.1,373018,374158,1,Mycobacterium sp. IS-1556,Bacteria; Bacillati; Actinomycetota; Actinomycetes; Mycobacteriales; Mycobacteriaceae; Mycobacterium,0,3_313_KshA15#7,core,0.771,0,0,0,0,regulator > hypothetical > other > reductase > [alpha]
NZ_LQCI01000014.1:72934-74074:1,WP_061987337.1,AVL48_RS17215,,Rieske 2Fe-2S domain-containing protein,3_313_KshA15,3,639.4,0.9491,1.6e-192,NZ_LQCI01000014.1,72934,74074,1,Amycolatopsis regifaucium,Bacteria; Bacillati; Actinomycetota; Actinomycetes; Pseudonocardiales; Pseudonocardiaceae; Amycolatopsis,0,3_313_KshA15#18,core,0.879,1,0,0,1,dehydrogenase > [alpha] > hypothetical > reductase > other > other > other
NZ_LQIS01000010.1:61859-62975:1,WP_064421822.1,AU193_RS07945,,aromatic ring-hydroxylating dioxygenase subunit alpha,3_313_KshA15,3,116.0,0.8117,1.4e-33,NZ_LQIS01000010.1,61859,62975,1,Mycobacterium sp. GA-1285,Bacteria; Bacillati; Actinomycetota; Actinomycetes; Mycobacteriales; Mycobacteriaceae; Mycobacterium,0,3_313_KshA15#4,core,0.863,0,0,0,0,[alpha] > other > other > other > other
NZ_LQIS01000011.1:12129-13179:1,WP_064421905.1,AU193_RS08345,,Rieske 2Fe-2S domain-containing protein,3_313_KshA15,3,118.9,0.626,1.9e-34,NZ_LQIS01000011.1,12129,13179,1,Mycobacterium sp. GA-1285,Bacteria; Bacillati; Actinomycetota; Actinomycetes; Mycobacteriales; Mycobacteriaceae; Mycobacterium,0,3_313_KshA15#0,core,0.7482,0,0,0,0,hypothetical > [alpha] > reductase > regulator
NZ_LQIS01000011.1:66712-67720:-1,WP_064421950.1,AU193_RS08595,,aromatic ring-hydroxylating dioxygenase subunit alpha,3_313_KshA15,3,116.6,0.5318,9.4e-34,NZ_LQIS01000011.1,66712,67720,-1,Mycobacterium sp. GA-1285,Bacteria; Bacillati; Actinomycetota; Actinomycetes; Mycobacteriales; Mycobacteriaceae; Mycobacterium,0,3_313_KshA15#2,core,0.737,0,0,0,0,[alpha] > hydrolase > hydrolase > other
NZ_LQIM01000038.1:279012-280143:1,WP_059102213.1,AU187_RS19655,,Rieske 2Fe-2S domain-containing protein,3_313_KshA15,3,571.8,0.9415,5.1e-172,NZ_LQIM01000038.1,279012,280143,1,Mycobacterium sp. IS-1556,Bacteria; Bacillati; Actinomycetota; Actinomycetes; Mycobacteriales; Mycobacteriaceae; Mycobacterium,0,3_313_KshA15#1,core,0.8053,0,0,0,0,[alpha] > hypothetical
NZ_LQIM01000039.1:72547-73594:1,WP_059100860.1,AU187_RS20365,,Rieske 2Fe-2S domain-containing protein,3_313_KshA15,3,106.4,0.5369,1.2e-30,NZ_LQIM01000039.1,72547,73594,1,Mycobacterium sp. IS-1556,Bacteria; Bacillati; Actinomycetota; Actinomycetes; Mycobacteriales; Mycobacteriaceae; Mycobacterium,0,3_313_KshA15#2,core,0.7234,0,0,0,0,[alpha] > hydrolase > hydrolase > other
NZ_LQIM01000039.1:133354-134431:-1,WP_059100909.1,AU187_RS20645,,Rieske 2Fe-2S domain-containing protein,3_313_KshA15,3,108.4,0.6336,3e-31,NZ_LQIM01000039.1,133354,134431,-1,Mycobacterium sp. IS-1556,Bacteria; Bacillati; Actinomycetota; Actinomycetes; Mycobacteriales; Mycobacteriaceae; Mycobacterium,0,3_313_KshA15#0,core,0.7695,0,0,0,0,[alpha] > reductase > regulator
NZ_LQIM01000042.1:136664-137831:-1,WP_059101589.1,AU187_RS24485,,Rieske 2Fe-2S domain-containing protein,3_313_KshA15,3,823.8,0.972,1.5e-248,NZ_LQIM01000042.1,136664,137831,-1,Mycobacterium sp. IS-1556,Bacteria; Bacillati; Actinomycetota; Actinomycetes; Mycobacteriales; Mycobacteriaceae; Mycobacterium,0,3_313_KshA15#5,core,0.8333,0,0,0,0,[alpha] > hypothetical > other
NZ_LQIR01000020.1:12860-13976:-1,WP_064396454.1,AU192_RS12250,,aromatic ring-hydroxylating dioxygenase subunit alpha,3_313_KshA15,3,116.3,0.5496,1.2e-33,NZ_LQIR01000020.1,12860,13976,-1,Mycobacterium lehmannii,Bacteria; Bacillati; Actinomycetota; Actinomycetes; Mycobacteriales; Mycobacteriaceae; Mycobacterium,0,3_313_KshA15#4,core,0.8601,0,0,0,0,[alpha] > other > other > other > other
NZ_LQIR01000034.1:22757-23807:1,WP_064398796.1,AU192_RS17050,,Rieske 2Fe-2S domain-containing protein,3_313_KshA15,3,110.1,0.626,8.8e-32,NZ_LQIR01000034.1,22757,23807,1,Mycobacterium lehmannii,Bacteria; Bacillati; Actinomycetota; Actinomycetes; Mycobacteriales; Mycobacteriaceae; Mycobacterium,0,3_313_KshA15#0,core,0.7849,0,0,0,0,[alpha] > reductase > regulator
NZ_LQIR01000034.1:81782-82781:-1,WP_064398349.1,AU192_RS17320,,aromatic ring-hydroxylating dioxygenase subunit alpha,3_313_KshA15,3,116.4,0.5394,1.1e-33,NZ_LQIR01000034.1,81782,82781,-1,Mycobacterium lehmannii,Bacteria; Bacillati; Actinomycetota; Actinomycetes; Mycobacteriales; Mycobacteriaceae; Mycobacterium,0,3_313_KshA15#2,core,0.7354,0,0,0,0,[alpha] > hydrolase > other
NZ_LQIS01000001.1:26249-27389:-1,WP_064420323.1,AU193_RS00130,,Rieske 2Fe-2S domain-containing protein,3_313_KshA15,3,578.9,0.9466,3.6e-174,NZ_LQIS01000001.1,26249,27389,-1,Mycobacterium sp. GA-1285,Bacteria; Bacillati; Actinomycetota; Actinomycetes; Mycobacteriales; Mycobacteriaceae; Mycobacterium,0,3_313_KshA15#44,core,0.823,0,0,0,0,[alpha] > hypothetical
NZ_LQIS01000007.1:10199-11366:1,WP_064421379.1,AU193_RS05625,,Rieske 2Fe-2S domain-containing protein,3_313_KshA15,3,827.1,0.9746,1.5e-249,NZ_LQIS01000007.1,10199,11366,1,Mycobacterium sp. GA-1285,Bacteria; Bacillati; Actinomycetota; Actinomycetes; Mycobacteriales; Mycobacteriaceae; Mycobacterium,0,3_313_KshA15#5,core,0.8502,0,0,0,0,[alpha] > hypothetical > other
NZ_LQIT01000056.1:110457-111453:-1,WP_059092205.1,AU194_RS26245,,Rieske 2Fe-2S domain-containing protein,3_313_KshA15,3,116.5,0.631,9.9e-34,NZ_LQIT01000056.1,110457,111453,-1,Mycobacterium sp. GA-2829,Bacteria; Bacillati; Actinomycetota; Actinomycetes; Mycobacteriales; Mycobacteriaceae; Mycobacterium,0,3_313_KshA15#0,core,0.8256,0,0,0,0,[alpha] > reductase > hypothetical
NZ_LQIT01000008.1:88456-89596:1,WP_059088416.1,AU194_RS06505,,Rieske 2Fe-2S domain-containing protein,3_313_KshA15,3,566.0,0.9491,3e-170,NZ_LQIT01000008.1,88456,89596,1,Mycobacterium sp. GA-2829,Bacteria; Bacillati; Actinomycetota; Actinomycetes; Mycobacteriales; Mycobacteriaceae; Mycobacterium,0,3_313_KshA15#1,core,0.8344,0,0,0,0,reductase > other > [alpha] > hypothetical > reductase
NZ_LQIT01000012.1:71470-72628:1,WP_059088849.1,AU194_RS08805,,Rieske 2Fe-2S domain-containing protein,3_313_KshA15,3,834.1,0.972,1.1e-251,NZ_LQIT01000012.1,71470,72628,1,Mycobacterium sp. GA-2829,Bacteria; Bacillati; Actinomycetota; Actinomycetes; Mycobacteriales; Mycobacteriaceae; Mycobacterium,0,3_313_KshA15#5,core,0.8397,0,0,0,0,[alpha] > hypothetical
NZ_LQOX01000128.1:508-1618:1,WP_244187643.1,AWC07_RS19510,,aromatic ring-hydroxylating dioxygenase subunit alpha,3_313_KshA15,3,115.5,0.5649,2e-33,NZ_LQOX01000128.1,508,1618,1,Mycobacterium gastri,Bacteria; Bacillati; Actinomycetota; Actinomycetes; Mycobacteriales; Mycobacteriaceae; Mycobacterium,0,3_313_KshA15#4,core,0.8651,0,0,0,0,[alpha] > other > other > other > other
NZ_LQMX01000006.1:22061-23249:-1,WP_019512648.1,AVZ31_RS08485,,Rieske 2Fe-2S domain-containing protein,3_313_KshA15,3,818.9,0.9746,4.7e-247,NZ_LQMX01000006.1,22061,23249,-1,Mycolicibacterium neoaurum,Bacteria; Bacillati; Actinomycetota; Actinomycetes; Mycobacteriales; Mycobacteriaceae; Mycolicibacterium,0,3_313_KshA15#3,core,0.8328,0,0,0,0,[alpha] > hypothetical
NZ_LQOL01000032.1:6003-7140:1,WP_062655015.1,AWB94_RS05155,,Rieske 2Fe-2S domain-containing protein,3_313_KshA15,3,583.9,0.9364,1.1e-175,NZ_LQOL01000032.1,6003,7140,1,Mycolicibacterium canariasense,Bacteria; Bacillati; Actinomycetota; Actinomycetes; Mycobacteriales; Mycobacteriaceae; Mycolicibacterium,0,3_313_KshA15#7,core,0.7891,0,0,0,0,[alpha] > reductase
NZ_LQOX01000131.1:141818-142850:1,WP_036410674.1,AWC07_RS21975,,Rieske 2Fe-2S domain-containing protein,3_313_KshA15,3,99.7,0.6234,1.3e-28,NZ_LQOX01000131.1,141818,142850,1,Mycobacterium gastri,Bacteria; Bacillati; Actinomycetota; Actinomycetes; Mycobacteriales; Mycobacteriaceae; Mycobacterium,0,3_313_KshA15#0,core,0.8627,0,0,0,0,other > other > other > hydrolase > reductase > [alpha] > reductase
NZ_LQPC01000029.1:173980-174997:1,WP_024446569.1,AWC12_RS13275,,Rieske 2Fe-2S domain-containing protein,3_313_KshA15,3,105.0,0.4733,3.1e-30,NZ_LQPC01000029.1,173980,174997,1,Mycolicibacterium iranicum,Bacteria; Bacillati; Actinomycetota; Actinomycetes; Mycobacteriales; Mycobacteriaceae; Mycolicibacterium,0,3_313_KshA15#2,core,0.7331,0,0,0,0,[alpha] > other
NZ_LQPE01000003.1:62790-63783:1,WP_045376471.1,AWC14_RS00530,,Rieske 2Fe-2S domain-containing protein,3_313_KshA15,3,108.5,0.799,2.8e-31,NZ_LQPE01000003.1,62790,63783,1,Mycobacterium kyorinense,Bacteria; Bacillati; Actinomycetota; Actinomycetes; Mycobacteriales; Mycobacteriaceae; Mycobacterium,0,3_313_KshA15#2,core,0.8662,0,0,0,0,[alpha] > hydrolase > other > hypothetical
NZ_LQPE01000088.1:9726-10836:1,WP_057003468.1,AWC14_RS10815,,aromatic ring-hydroxylating dioxygenase subunit alpha,3_313_KshA15,3,119.2,0.8092,1.5e-34,NZ_LQPE01000088.1,9726,10836,1,Mycobacterium kyorinense,Bacteria; Bacillati; Actinomycetota; Actinomycetes; Mycobacteriales; Mycobacteriaceae; Mycobacterium,0,3_313_KshA15#4,core,0.8403,0,0,0,0,[alpha] > other > other > other > other
NZ_LQPH01000099.1:13467-14598:-1,WP_046183895.1,AWC17_RS10310,,Rieske 2Fe-2S domain-containing protein,3_313_KshA15,3,576.3,0.9517,2.2e-173,NZ_LQPH01000099.1,13467,14598,-1,Mycobacterium nebraskense,Bacteria; Bacillati; Actinomycetota; Actinomycetes; Mycobacteriales; Mycobacteriaceae; Mycobacterium,0,3_313_KshA15#22,core,0.8916,0,0,0,0,[alpha] > hypothetical
NZ_LQOL01000049.1:257217-258369:1,WP_062655880.1,AWB94_RS13950,,Rieske 2Fe-2S domain-containing protein,3_313_KshA15,3,829.0,0.9593,4.1e-250,NZ_LQOL01000049.1,257217,258369,1,Mycolicibacterium canariasense,Bacteria; Bacillati; Actinomycetota; Actinomycetes; Mycobacteriales; Mycobacteriaceae; Mycolicibacterium,0,3_313_KshA15#5,core,0.8464,0,0,0,0,[alpha] > hypothetical > other
NZ_LQPE01000106.1:24129-25287:-1,WP_045377326.1,AWC14_RS12600,,Rieske 2Fe-2S domain-containing protein,3_313_KshA15,3,821.2,0.9618,9.3e-248,NZ_LQPE01000106.1,24129,25287,-1,Mycobacterium kyorinense,Bacteria; Bacillati; Actinomycetota; Actinomycetes; Mycobacteriales; Mycobacteriaceae; Mycobacterium,0,3_313_KshA15#3,core,0.8392,0,0,0,0,[alpha] > hypothetical
NZ_LQPH01000044.1:22840-23848:1,WP_046183585.1,AWC17_RS05070,,Rieske 2Fe-2S domain-containing protein,3_313_KshA15,3,102.5,0.6132,1.8e-29,NZ_LQPH01000044.1,22840,23848,1,Mycobacterium nebraskense,Bacteria; Bacillati; Actinomycetota; Actinomycetes; Mycobacteriales; Mycobacteriaceae; Mycobacterium,0,3_313_KshA15#0,core,0.9611,0,0,0,0,[alpha] > reductase
NZ_LQMT02000012.1:399771-400911:-1,WP_063271397.1,AVR91_RS13550,,Rieske 2Fe-2S domain-containing protein,3_313_KshA15,3,644.0,0.9491,6.1e-194,NZ_LQMT02000012.1,399771,400911,-1,Amycolatopsis keratiniphila subsp. keratiniphila,Bacteria; Bacillati; Actinomycetota; Actinomycetes; Pseudonocardiales; Pseudonocardiaceae; Amycolatopsis; Amycolatopsis japonica group,0,3_313_KshA15#18,core,0.8885,1,0,0,1,dehydrogenase > [alpha] > hypothetical > reductase > other > other > other
NZ_LQOP01000016.1:151554-152664:1,WP_036388754.1,AWB98_RS12375,,Rieske 2Fe-2S domain-containing protein,3_313_KshA15,3,586.4,0.9364,2e-176,NZ_LQOP01000016.1,151554,152664,1,Mycolicibacterium conceptionense,Bacteria; Bacillati; Actinomycetota; Actinomycetes; Mycobacteriales; Mycobacteriaceae; Mycolicibacterium,0,3_313_KshA15#7,core,0.9079,0,0,0,0,other > other > other > regulator > other > other > reductase > [alpha] > other > other
NZ_LQOP01000016.1:542532-543546:-1,WP_085141096.1,AWB98_RS14210,,aromatic ring-hydroxylating dioxygenase subunit alpha,3_313_KshA15,3,104.4,0.799,4.8e-30,NZ_LQOP01000016.1,542532,543546,-1,Mycolicibacterium conceptionense,Bacteria; Bacillati; Actinomycetota; Actinomycetes; Mycobacteriales; Mycobacteriaceae; Mycolicibacterium,0,3_313_KshA15#2,core,0.7394,0,0,0,0,[alpha] > hydrolase > other
NZ_LQOX01000101.1:91551-92712:-1,WP_036415883.1,AWC07_RS11550,,Rieske 2Fe-2S domain-containing protein,3_313_KshA15,3,816.9,0.9593,1.9e-246,NZ_LQOX01000101.1,91551,92712,-1,Mycobacterium gastri,Bacteria; Bacillati; Actinomycetota; Actinomycetes; Mycobacteriales; Mycobacteriaceae; Mycobacterium,0,3_313_KshA15#3,core,0.8571,0,0,0,0,[alpha] > hypothetical
NZ_LQPY01000012.1:118352-119345:-1,WP_036470588.1,AWC29_RS05950,,Rieske 2Fe-2S domain-containing protein,3_313_KshA15,3,116.3,0.799,1.1e-33,NZ_LQPY01000012.1,118352,119345,-1,Mycobacterium triplex,Bacteria; Bacillati; Actinomycetota; Actinomycetes; Mycobacteriales; Mycobacteriaceae; Mycobacterium; Mycobacterium simiae complex,0,3_313_KshA15#2,core,0.8776,0,0,0,0,[alpha] > hydrolase > hydrolase > other > reductase
NZ_LQPY01000014.1:7611-8703:1,WP_051641519.1,AWC29_RS06455,,Rieske 2Fe-2S domain-containing protein,3_313_KshA15,3,573.6,0.9084,1.5e-172,NZ_LQPY01000014.1,7611,8703,1,Mycobacterium triplex,Bacteria; Bacillati; Actinomycetota; Actinomycetes; Mycobacteriales; Mycobacteriaceae; Mycobacterium; Mycobacterium simiae complex,0,3_313_KshA15#7,core,0.8101,0,0,0,0,regulator > reductase > other > other > other > [alpha]
NZ_LQPH01000171.1:103967-105122:-1,WP_047321915.1,AWC17_RS26645,,Rieske 2Fe-2S domain-containing protein,3_313_KshA15,3,834.0,0.9618,1.2e-251,NZ_LQPH01000171.1,103967,105122,-1,Mycobacterium nebraskense,Bacteria; Bacillati; Actinomycetota; Actinomycetes; Mycobacteriales; Mycobacteriaceae; Mycobacterium,0,3_313_KshA15#3,core,0.9191,0,0,0,0,[alpha] > hypothetical
NZ_LQPH01000185.1:38985-39996:-1,WP_046181897.1,AWC17_RS30705,,Rieske 2Fe-2S domain-containing protein,3_313_KshA15,3,111.5,0.799,3.3e-32,NZ_LQPH01000185.1,38985,39996,-1,Mycobacterium nebraskense,Bacteria; Bacillati; Actinomycetota; Actinomycetes; Mycobacteriales; Mycobacteriaceae; Mycobacterium,0,3_313_KshA15#2,core,0.9228,0,0,0,0,[alpha] > hydrolase > hydrolase > other > reductase > other > other > other
NZ_LQPH01000185.1:88167-89295:1,WP_046185636.1,AWC17_RS30950,,aromatic ring-hydroxylating dioxygenase subunit alpha,3_313_KshA15,3,110.6,0.5929,6.2e-32,NZ_LQPH01000185.1,88167,89295,1,Mycobacterium nebraskense,Bacteria; Bacillati; Actinomycetota; Actinomycetes; Mycobacteriales; Mycobacteriaceae; Mycobacterium,0,3_313_KshA15#4,core,0.9552,0,0,0,0,[alpha] > other > other > other > other > other
NZ_LQPI01000039.1:29577-30750:-1,WP_064998049.1,AWC18_RS08430,,Rieske 2Fe-2S domain-containing protein,3_313_KshA15,3,763.3,0.9796,3.7e-230,NZ_LQPI01000039.1,29577,30750,-1,Mycolicibacter nonchromogenicus,Bacteria; Bacillati; Actinomycetota; Actinomycetes; Mycobacteriales; Mycobacteriaceae; Mycolicibacter,0,3_313_KshA15#5,core,0.7645,0,0,0,0,[alpha] > hypothetical
NZ_LQPV01000070.1:148881-150051:-1,WP_068105474.1,AWB92_RS28540,,Rieske 2Fe-2S domain-containing protein,3_313_KshA15,3,836.2,0.972,2.7e-252,NZ_LQPV01000070.1,148881,150051,-1,Mycobacterium sp. IEC1808,Bacteria; Bacillati; Actinomycetota; Actinomycetes; Mycobacteriales; Mycobacteriaceae; Mycobacterium,0,3_313_KshA15#3,core,0.9117,0,0,0,0,[alpha] > hypothetical
NZ_LQPY01000008.1:62727-63840:1,WP_036468972.1,AWC29_RS02825,,Rieske 2Fe-2S domain-containing protein,3_313_KshA15,3,576.5,0.9364,1.9e-173,NZ_LQPY01000008.1,62727,63840,1,Mycobacterium triplex,Bacteria; Bacillati; Actinomycetota; Actinomycetes; Mycobacteriales; Mycobacteriaceae; Mycobacterium; Mycobacterium simiae complex,0,3_313_KshA15#9,core,0.8176,0,0,0,0,[alpha] > hypothetical
NZ_LQPY01000019.1:100774-101947:-1,WP_036471743.1,AWC29_RS10565,,Rieske 2Fe-2S domain-containing protein,3_313_KshA15,3,835.7,0.9771,3.8e-252,NZ_LQPY01000019.1,100774,101947,-1,Mycobacterium triplex,Bacteria; Bacillati; Actinomycetota; Actinomycetes; Mycobacteriales; Mycobacteriaceae; Mycobacterium; Mycobacterium simiae complex,0,3_313_KshA15#3,core,0.9236,0,0,0,0,[alpha] > hypothetical
NZ_LQPY01000034.1:225834-226869:-1,WP_036468176.1,AWC29_RS22475,,Rieske 2Fe-2S domain-containing protein,3_313_KshA15,3,102.1,0.5929,2.4e-29,NZ_LQPY01000034.1,225834,226869,-1,Mycobacterium triplex,Bacteria; Bacillati; Actinomycetota; Actinomycetes; Mycobacteriales; Mycobacteriaceae; Mycobacterium; Mycobacterium simiae complex,0,3_313_KshA15#0,core,0.8516,0,0,0,0,[alpha] > reductase > regulator > other > regulator > hypothetical > other
NZ_LQPY01000047.1:65409-66519:-1,WP_407067613.1,AWC29_RS29345,,aromatic ring-hydroxylating dioxygenase subunit alpha,3_313_KshA15,3,114.8,0.8193,3.4e-33,NZ_LQPY01000047.1,65409,66519,-1,Mycobacterium triplex,Bacteria; Bacillati; Actinomycetota; Actinomycetes; Mycobacteriales; Mycobacteriaceae; Mycobacterium; Mycobacterium simiae complex,0,3_313_KshA15#4,core,0.9207,0,0,0,0,[alpha] > other > other > other > other > hypothetical
NZ_LQQA01000005.1:41089-42232:-1,WP_067846816.1,AWC31_RS02055,,Rieske 2Fe-2S domain-containing protein,3_313_KshA15,3,827.2,0.9593,1.4e-249,NZ_LQQA01000005.1,41089,42232,-1,Mycolicibacterium wolinskyi,Bacteria; Bacillati; Actinomycetota; Actinomycetes; Mycobacteriales; Mycobacteriaceae; Mycolicibacterium,0,3_313_KshA15#3,core,0.8664,0,0,0,0,hypothetical > [alpha] > hypothetical
NZ_LQQA01000030.1:628036-629164:1,WP_085147358.1,AWC31_RS26755,,Rieske 2Fe-2S domain-containing protein,3_313_KshA15,3,606.3,0.9415,1.8e-182,NZ_LQQA01000030.1,628036,629164,1,Mycolicibacterium wolinskyi,Bacteria; Bacillati; Actinomycetota; Actinomycetes; Mycobacteriales; Mycobacteriaceae; Mycolicibacterium,0,3_313_KshA15#12,core,0.8217,0,0,0,0,[alpha]
NZ_LQYE01000028.1:30823-31981:-1,WP_064631386.1,AWB85_RS16980,,Rieske 2Fe-2S domain-containing protein,3_313_KshA15,3,570.5,0.9542,1.3e-171,NZ_LQYE01000028.1,30823,31981,-1,Mycobacteroides immunogenum,Bacteria; Bacillati; Actinomycetota; Actinomycetes; Mycobacteriales; Mycobacteriaceae; Mycobacteroides,0,3_313_KshA15#1,core,0.8088,0,0,0,0,[alpha] > hypothetical
NZ_LQYE01000029.1:59686-60685:1,WP_064632011.1,AWB85_RS18950,,Rieske 2Fe-2S domain-containing protein,3_313_KshA15,3,121.0,0.6539,4.5e-35,NZ_LQYE01000029.1,59686,60685,1,Mycobacteroides immunogenum,Bacteria; Bacillati; Actinomycetota; Actinomycetes; Mycobacteriales; Mycobacteriaceae; Mycobacteroides,0,3_313_KshA15#0,core,0.6732,0,0,0,0,[alpha] > reductase > other
NZ_LRQV01000102.1:19964-21158:1,WP_067370230.1,AWW66_RS22990,,Rieske 2Fe-2S domain-containing protein,3_313_KshA15,3,68.9,0.5369,3e-19,NZ_LRQV01000102.1,19964,21158,1,Micromonospora rosaria,Bacteria; Bacillati; Actinomycetota; Actinomycetes; Micromonosporales; Micromonosporaceae; Micromonospora,0,3_313_KshA15#83,divergent,0.5157,0,0,0,0,other > reductase > other > other > [alpha] > dehydrogenase > other > dehydrogenase > hydrolase
NZ_LRRI01000012.1:6896-8033:1,WP_064060350.1,A8G04_RS03765,,Rieske 2Fe-2S domain-containing protein,3_313_KshA15,3,585.7,0.9389,3.1e-176,NZ_LRRI01000012.1,6896,8033,1,Rhodococcus pyridinivorans,Bacteria; Bacillati; Actinomycetota; Actinomycetes; Mycobacteriales; Nocardiaceae; Rhodococcus,0,3_313_KshA15#55,core,0.5994,0,0,0,0,[alpha]
NZ_LRRL01000074.1:9996-11163:1,WP_017680752.1,A8G10_RS18855,,Rieske 2Fe-2S domain-containing protein,3_313_KshA15,3,576.0,0.9491,2.9e-173,NZ_LRRL01000074.1,9996,11163,1,Rhodococcus ruber,Bacteria; Bacillati; Actinomycetota; Actinomycetes; Mycobacteriales; Nocardiaceae; Rhodococcus,0,3_313_KshA15#67,core,0.6947,0,0,0,0,[alpha] > other > other
NZ_LSRF01000033.1:256539-257715:1,WP_068571294.1,AXK60_RS11705,,Rieske 2Fe-2S domain-containing protein,3_313_KshA15,3,636.6,0.9669,1.1e-191,NZ_LSRF01000033.1,256539,257715,1,Tsukamurella pseudospumae,Bacteria; Bacillati; Actinomycetota; Actinomycetes; Mycobacteriales; Tsukamurellaceae; Tsukamurella,0,3_313_KshA15#92,core,0.6752,1,0,0,1,dehydrogenase > [alpha] > hypothetical > reductase > other
NZ_LSSV01000001.1:160146-161370:-1,WP_067711769.1,AYO52_RS00760,,Rieske 2Fe-2S domain-containing protein,3_313_KshA15,3,635.2,0.9593,2.9e-191,NZ_LSSV01000001.1,160146,161370,-1,Dietzia sp. 111N12-1,Bacteria; Bacillati; Actinomycetota; Actinomycetes; Mycobacteriales; Dietziaceae; Dietzia,0,3_313_KshA15#90,core,0.6344,1,0,0,1,[alpha] > hypothetical > reductase > other
NZ_LT717699.1:257233-258241:1,WP_077098495.1,MTAB308_RS05395,,Rieske 2Fe-2S domain-containing protein,3_313_KshA15,3,102.1,0.6158,2.4e-29,NZ_LT717699.1,257233,258241,1,Mycobacterium terramassiliense,Bacteria; Bacillati; Actinomycetota; Actinomycetes; Mycobacteriales; Mycobacteriaceae; Mycobacterium,0,3_313_KshA15#0,core,0.8375,0,0,0,0,[alpha] > reductase
NZ_LTCZ01000413.1:75072-76257:-1,WP_025431775.1,AZG88_RS41900,,Rieske 2Fe-2S domain-containing protein,3_313_KshA15,3,694.5,0.9593,2.9e-209,NZ_LTCZ01000413.1,75072,76257,-1,Rhodococcus sp. LB1,Bacteria; Bacillati; Actinomycetota; Actinomycetes; Mycobacteriales; Nocardiaceae; Rhodococcus,0,3_313_KshA15#19,core,0.8013,0,0,0,0,[alpha] > hypothetical > other
NZ_LTCZ01000038.1:14671-15832:1,WP_037182512.1,AZG88_RS07760,,Rieske 2Fe-2S domain-containing protein,3_313_KshA15,3,605.0,0.9338,4.2e-182,NZ_LTCZ01000038.1,14671,15832,1,Rhodococcus sp. LB1,Bacteria; Bacillati; Actinomycetota; Actinomycetes; Mycobacteriales; Nocardiaceae; Rhodococcus,0,3_313_KshA15#46,core,0.9304,0,0,0,0,[alpha] > dehydrogenase > other
NZ_LTCZ01000281.1:5185-6340:1,WP_061699899.1,AZG88_RS29345,,Rieske 2Fe-2S domain-containing protein,3_313_KshA15,3,575.2,0.944,5e-173,NZ_LTCZ01000281.1,5185,6340,1,Rhodococcus sp. LB1,Bacteria; Bacillati; Actinomycetota; Actinomycetes; Mycobacteriales; Nocardiaceae; Rhodococcus,0,3_313_KshA15#73,core,0.6602,0,0,0,0,[alpha] > hypothetical > other > reductase
NZ_LTCZ01000334.1:168021-169185:1,WP_005238898.1,AZG88_RS33830,,Rieske 2Fe-2S domain-containing protein,3_313_KshA15,3,600.3,0.9669,1.2e-180,NZ_LTCZ01000334.1,168021,169185,1,Rhodococcus sp. LB1,Bacteria; Bacillati; Actinomycetota; Actinomycetes; Mycobacteriales; Nocardiaceae; Rhodococcus,0,3_313_KshA15#14,core,0.8663,0,0,0,0,[alpha] > hypothetical > reductase
NZ_LVHI01000007.1:13292-14423:1,WP_068423043.1,A3K89_RS05490,,Rieske 2Fe-2S domain-containing protein,3_313_KshA15,3,681.4,0.9491,2.7e-205,NZ_LVHI01000007.1,13292,14423,1,Rhodococcoides kyotonense,Bacteria; Bacillati; Actinomycetota; Actinomycetes; Mycobacteriales; Nocardiaceae; Rhodococcoides,0,3_313_KshA15#18,core,0.7745,0,0,0,0,[alpha] > hypothetical
NZ_LWCS01000001.1:194230-195379:1,WP_064279650.1,A4X20_RS00945,,Rieske 2Fe-2S domain-containing protein,3_313_KshA15,3,584.2,0.9517,8.8e-176,NZ_LWCS01000001.1,194230,195379,1,Mycolicibacterium iranicum,Bacteria; Bacillati; Actinomycetota; Actinomycetes; Mycobacteriales; Mycobacteriaceae; Mycolicibacterium,0,3_313_KshA15#12,core,0.8099,0,0,0,0,dehydrogenase > dehydrogenase > reductase > other > reductase > [alpha] > other
NZ_LWCS01000001.1:211220-212402:1,WP_064279663.1,A4X20_RS01025,,Rieske 2Fe-2S domain-containing protein,3_313_KshA15,3,820.0,0.9771,2.1e-247,NZ_LWCS01000001.1,211220,212402,1,Mycolicibacterium iranicum,Bacteria; Bacillati; Actinomycetota; Actinomycetes; Mycobacteriales; Mycobacteriaceae; Mycolicibacterium,0,3_313_KshA15#3,core,0.8082,0,0,0,0,[alpha] > hypothetical
NZ_LWCS01000014.1:45063-46080:-1,WP_064280824.1,A4X20_RS06750,,Rieske 2Fe-2S domain-containing protein,3_313_KshA15,3,105.8,0.799,1.8e-30,NZ_LWCS01000014.1,45063,46080,-1,Mycolicibacterium iranicum,Bacteria; Bacillati; Actinomycetota; Actinomycetes; Mycobacteriales; Mycobacteriaceae; Mycolicibacterium,0,3_313_KshA15#2,core,0.7312,0,0,0,0,[alpha] > hydrolase > other
NZ_LWCS01000025.1:36616-37645:1,WP_064282351.1,A4X20_RS14630,,Rieske 2Fe-2S domain-containing protein,3_313_KshA15,3,103.4,0.6209,9.8e-30,NZ_LWCS01000025.1,36616,37645,1,Mycolicibacterium iranicum,Bacteria; Bacillati; Actinomycetota; Actinomycetes; Mycobacteriales; Mycobacteriaceae; Mycolicibacterium,0,3_313_KshA15#0,core,0.742,0,0,0,0,[alpha] > reductase
NZ_LWEE01000002.1:11265-12240:1,WP_066048889.1,A3709_RS01245,,Rieske 2Fe-2S domain-containing protein,3_313_KshA15,3,152.5,0.8244,1.2e-44,NZ_LWEE01000002.1,11265,12240,1,Halioglobus sp. HI00S01,Bacteria; Pseudomonadati; Pseudomonadota; Gammaproteobacteria; Cellvibrionales; Halieaceae; Halioglobus,0,3_313_KshA15#62,novel_candidate,0.3346,0,0,0,0,hydrolase > [alpha] > reductase > other > transporter > other > dehydrogenase
NZ_LWUB01000002.1:139066-140254:1,WP_062968803.1,NG2371_RS03265,,Rieske 2Fe-2S domain-containing protein,3_313_KshA15,3,657.3,0.9593,5.8e-198,NZ_LWUB01000002.1,139066,140254,1,Nocardia gamkensis,Bacteria; Bacillati; Actinomycetota; Actinomycetes; Mycobacteriales; Nocardiaceae; Nocardia,0,3_313_KshA15#11,core,0.7807,0,0,0,0,[alpha] > hypothetical
NZ_LWUB01000007.1:46981-48124:-1,WP_062969346.1,NG2371_RS11985,,Rieske 2Fe-2S domain-containing protein,3_313_KshA15,3,606.5,0.9491,1.5e-182,NZ_LWUB01000007.1,46981,48124,-1,Nocardia gamkensis,Bacteria; Bacillati; Actinomycetota; Actinomycetes; Mycobacteriales; Nocardiaceae; Nocardia,0,3_313_KshA15#70,core,0.6452,1,0,0,1,reductase > [alpha] > hypothetical > reductase > other > hypothetical
NZ_LWUB01000011.1:166755-167769:1,WP_062970081.1,NG2371_RS17270,,aromatic ring-hydroxylating dioxygenase subunit alpha,3_313_KshA15,3,112.3,0.5242,2e-32,NZ_LWUB01000011.1,166755,167769,1,Nocardia gamkensis,Bacteria; Bacillati; Actinomycetota; Actinomycetes; Mycobacteriales; Nocardiaceae; Nocardia,0,3_313_KshA15#2,core,0.7092,0,0,0,0,other > hydrolase > dehydrogenase > dehydrogenase > other > hydrolase > other > other > [alpha] > hydrolase
NZ_LWTS01000001.1:18550-19711:-1,WP_005515610.1,A6I84_RS00090,,Rieske 2Fe-2S domain-containing protein,3_313_KshA15,3,718.7,0.9644,1.3e-216,NZ_LWTS01000001.1,18550,19711,-1,Prescottella equi,Bacteria; Bacillati; Actinomycetota; Actinomycetes; Mycobacteriales; Nocardiaceae; Prescottella,0,3_313_KshA15#28,core,0.9591,0,0,0,0,[alpha] > hypothetical
NZ_LWTS01000001.1:170653-171676:1,WP_157419618.1,A6I84_RS00780,,Rieske 2Fe-2S domain-containing protein,3_313_KshA15,3,121.2,0.6183,3.8e-35,NZ_LWTS01000001.1,170653,171676,1,Prescottella equi,Bacteria; Bacillati; Actinomycetota; Actinomycetes; Mycobacteriales; Nocardiaceae; Prescottella,0,3_313_KshA15#65,divergent,0.5471,1,0,0,1,[alpha] > dehydrogenase > dehydrogenase > other > other > reductase
NZ_LWTS01000001.1:306273-307434:1,WP_064078525.1,A6I84_RS01355,,Rieske 2Fe-2S domain-containing protein,3_313_KshA15,3,578.2,0.9415,6.1e-174,NZ_LWTS01000001.1,306273,307434,1,Prescottella equi,Bacteria; Bacillati; Actinomycetota; Actinomycetes; Mycobacteriales; Nocardiaceae; Prescottella,0,3_313_KshA15#72,core,0.6095,0,0,0,0,reductase > hypothetical > [alpha]
NZ_LWTW01000003.1:193281-194439:-1,WP_005517300.1,A6I87_RS07380,,Rieske 2Fe-2S domain-containing protein,3_313_KshA15,3,575.8,0.9567,3.2e-173,NZ_LWTW01000003.1,193281,194439,-1,Prescottella equi,Bacteria; Bacillati; Actinomycetota; Actinomycetes; Mycobacteriales; Nocardiaceae; Prescottella,0,3_313_KshA15#1,core,0.6997,0,0,0,0,regulator > transporter > other > [alpha] > hypothetical > hypothetical
NZ_LWTW01000003.1:299398-300556:1,WP_013417427.1,A6I87_RS07870,,Rieske 2Fe-2S domain-containing protein,3_313_KshA15,3,575.0,0.9593,5.7e-173,NZ_LWTW01000003.1,299398,300556,1,Prescottella equi,Bacteria; Bacillati; Actinomycetota; Actinomycetes; Mycobacteriales; Nocardiaceae; Prescottella,0,3_313_KshA15#14,core,0.7688,0,0,0,0,[alpha] > hypothetical > reductase > other > hypothetical
NZ_LWSF01000004.1:549299-550463:1,WP_067579633.1,A4R44_RS13140,,Rieske 2Fe-2S domain-containing protein,3_313_KshA15,3,655.4,0.9644,2.1e-197,NZ_LWSF01000004.1,549299,550463,1,Amycolatopsis sp. M39,Bacteria; Bacillati; Actinomycetota; Actinomycetes; Pseudonocardiales; Pseudonocardiaceae; Amycolatopsis,0,3_313_KshA15#18,core,0.8123,1,0,0,1,dehydrogenase > [alpha] > hypothetical > reductase > other > other
NZ_LWSF01000006.1:249615-250761:-1,WP_067581748.1,A4R44_RS18375,,Rieske 2Fe-2S domain-containing protein,3_313_KshA15,3,561.8,0.9517,5.8e-169,NZ_LWSF01000006.1,249615,250761,-1,Amycolatopsis sp. M39,Bacteria; Bacillati; Actinomycetota; Actinomycetes; Pseudonocardiales; Pseudonocardiaceae; Amycolatopsis,0,3_313_KshA15#1,core,0.7918,0,0,0,0,other > [alpha] > ferredoxin
NZ_LXKA01000338.1:246291-247371:-1,WP_064271647.1,A6V37_RS27900,,Rieske 2Fe-2S domain-containing protein,3_313_KshA15,3,411.2,0.8753,3.1e-123,NZ_LXKA01000338.1,246291,247371,-1,Paraburkholderia ginsengiterrae,Bacteria; Pseudomonadati; Pseudomonadota; Betaproteobacteria; Burkholderiales; Burkholderiaceae; Paraburkholderia,0,3_313_KshA15#10,core,0.7614,0,0,0,0,[alpha]
NZ_LXFH01000002.1:446639-447806:1,WP_013417167.1,A6411_RS06110,,Rieske 2Fe-2S domain-containing protein,3_313_KshA15,3,618.7,0.9517,2.9e-186,NZ_LXFH01000002.1,446639,447806,1,Prescottella equi,Bacteria; Bacillati; Actinomycetota; Actinomycetes; Mycobacteriales; Nocardiaceae; Prescottella,0,3_313_KshA15#26,core,0.75,0,0,0,0,[alpha] > dehydrogenase > other
NZ_LXFH01000002.1:777212-778370:-1,WP_064078630.1,A6411_RS07390,,Rieske 2Fe-2S domain-containing protein,3_313_KshA15,3,573.6,0.9567,1.5e-172,NZ_LXFH01000002.1,777212,778370,-1,Prescottella equi,Bacteria; Bacillati; Actinomycetota; Actinomycetes; Mycobacteriales; Nocardiaceae; Prescottella,0,3_313_KshA15#1,core,0.6965,0,0,0,0,regulator > transporter > other > [alpha] > hypothetical > hypothetical
NZ_LXSC01000002.1:170454-171600:-1,WP_043391137.1,A7R75_RS04700,,Rieske 2Fe-2S domain-containing protein,3_313_KshA15,3,596.8,0.944,1.3e-179,NZ_LXSC01000002.1,170454,171600,-1,Mycolicibacterium llatzerense,Bacteria; Bacillati; Actinomycetota; Actinomycetes; Mycobacteriales; Mycobacteriaceae; Mycolicibacterium,0,3_313_KshA15#5,core,0.8938,0,0,0,0,other > other > reductase > dehydrogenase > [alpha]
NZ_LXSC01000032.1:17054-18209:1,WP_043984596.1,A7R75_RS25780,,Rieske 2Fe-2S domain-containing protein,3_313_KshA15,3,812.6,0.9695,3.9e-245,NZ_LXSC01000032.1,17054,18209,1,Mycolicibacterium llatzerense,Bacteria; Bacillati; Actinomycetota; Actinomycetes; Mycobacteriales; Mycobacteriaceae; Mycolicibacterium,0,3_313_KshA15#3,core,0.7906,0,0,0,0,[alpha] > hypothetical
NZ_LYPG01000054.1:109833-110994:-1,WP_003945847.1,RERY_RS16320,,Rieske 2Fe-2S domain-containing protein,3_313_KshA15,3,683.4,0.9669,6.7e-206,NZ_LYPG01000054.1,109833,110994,-1,Rhodococcus erythropolis,Bacteria; Bacillati; Actinomycetota; Actinomycetes; Mycobacteriales; Nocardiaceae; Rhodococcus; Rhodococcus erythropolis group,0,3_313_KshA15#1,core,0.7429,0,0,0,0,[alpha] > hypothetical
NZ_LYPG01000054.1:196348-197458:-1,WP_047889546.1,RERY_RS16720,,Rieske 2Fe-2S domain-containing protein,3_313_KshA15,3,568.6,0.9288,4.8e-171,NZ_LYPG01000054.1,196348,197458,-1,Rhodococcus erythropolis,Bacteria; Bacillati; Actinomycetota; Actinomycetes; Mycobacteriales; Nocardiaceae; Rhodococcus; Rhodococcus erythropolis group,0,3_313_KshA15#1,core,0.7134,0,0,0,0,[alpha]
NZ_LZHT01000024.1:29793-30801:1,WP_067249362.1,A5775_RS06425,,Rieske 2Fe-2S domain-containing protein,3_313_KshA15,3,109.0,0.8066,1.9e-31,NZ_LZHT01000024.1,29793,30801,1,Mycobacterium sp. 852002-10029_SCH5224772,Bacteria; Bacillati; Actinomycetota; Actinomycetes; Mycobacteriales; Mycobacteriaceae; Mycobacterium,0,3_313_KshA15#2,core,0.9126,0,0,0,0,[alpha] > hydrolase > hydrolase > other
NZ_LZHT01000034.1:65645-66779:-1,WP_067250265.1,A5775_RS07915,,Rieske 2Fe-2S domain-containing protein,3_313_KshA15,3,589.7,0.9542,2e-177,NZ_LZHT01000034.1,65645,66779,-1,Mycobacterium sp. 852002-10029_SCH5224772,Bacteria; Bacillati; Actinomycetota; Actinomycetes; Mycobacteriales; Mycobacteriaceae; Mycobacterium,0,3_313_KshA15#9,core,0.8625,0,0,0,0,[alpha] > ferredoxin
NZ_LZHT01000041.1:12222-13380:1,WP_067250610.1,A5775_RS08470,,Rieske 2Fe-2S domain-containing protein,3_313_KshA15,3,834.7,0.9644,7.3e-252,NZ_LZHT01000041.1,12222,13380,1,Mycobacterium sp. 852002-10029_SCH5224772,Bacteria; Bacillati; Actinomycetota; Actinomycetes; Mycobacteriales; Mycobacteriaceae; Mycobacterium,0,3_313_KshA15#3,core,0.9135,0,0,0,0,[alpha] > hypothetical
NZ_LZDG02000029.1:78442-79492:1,WP_054907182.1,A6723_RS08590,,Rieske 2Fe-2S domain-containing protein,3_313_KshA15,3,389.0,0.8753,1.8e-116,NZ_LZDG02000029.1,78442,79492,1,Pseudomonas sp. AU11447,Bacteria; Pseudomonadati; Pseudomonadota; Gammaproteobacteria; Pseudomonadales; Pseudomonadaceae; Pseudomonas,0,3_313_KshA15#36,core,0.7532,0,0,0,0,[alpha] > regulator > hypothetical
NZ_LZHT01000074.1:5777-6905:1,WP_156660672.1,A5775_RS12195,,aromatic ring-hydroxylating dioxygenase subunit alpha,3_313_KshA15,3,108.1,0.8117,3.5e-31,NZ_LZHT01000074.1,5777,6905,1,Mycobacterium sp. 852002-10029_SCH5224772,Bacteria; Bacillati; Actinomycetota; Actinomycetes; Mycobacteriales; Mycobacteriaceae; Mycobacterium,0,3_313_KshA15#4,core,0.9585,0,0,0,0,[alpha] > other > other > other > other > other
NZ_LZHT01000075.1:61668-62694:-1,WP_067252631.1,A5775_RS12930,,Rieske 2Fe-2S domain-containing protein,3_313_KshA15,3,109.8,0.6234,1.1e-31,NZ_LZHT01000075.1,61668,62694,-1,Mycobacterium sp. 852002-10029_SCH5224772,Bacteria; Bacillati; Actinomycetota; Actinomycetes; Mycobacteriales; Mycobacteriaceae; Mycobacterium,0,3_313_KshA15#0,core,0.9011,0,0,0,0,[alpha] > reductase
NZ_LZHV01000031.1:173836-174844:-1,WP_067897420.1,A5730_RS06975,,Rieske 2Fe-2S domain-containing protein,3_313_KshA15,3,113.5,0.6285,8e-33,NZ_LZHV01000031.1,173836,174844,-1,Mycobacterium sp. ACS4054,Bacteria; Bacillati; Actinomycetota; Actinomycetes; Mycobacteriales; Mycobacteriaceae; Mycobacterium,0,3_313_KshA15#15,core,0.9576,0,0,0,0,[alpha] > reductase
NZ_LZHZ01000075.1:28847-29846:-1,WP_067812112.1,A5724_RS32130,,aromatic ring-hydroxylating dioxygenase subunit alpha,3_313_KshA15,3,104.4,0.8015,4.9e-30,NZ_LZHZ01000075.1,28847,29846,-1,Mycobacterium sp. ACS1612,Bacteria; Bacillati; Actinomycetota; Actinomycetes; Mycobacteriales; Mycobacteriaceae; Mycobacterium,0,3_313_KshA15#2,core,0.7295,0,0,0,0,[alpha] > hydrolase > hydrolase > other > other
NZ_LZIC01000026.1:27396-28389:1,WP_066961918.1,A5787_RS03925,,Rieske 2Fe-2S domain-containing protein,3_313_KshA15,3,113.1,0.626,1.1e-32,NZ_LZIC01000026.1,27396,28389,1,Mycobacterium sp. 852002-50816_SCH5313054-b,Bacteria; Bacillati; Actinomycetota; Actinomycetes; Mycobacteriales; Mycobacteriaceae; Mycobacterium,0,3_313_KshA15#2,core,0.9078,0,0,0,0,[alpha] > hydrolase > hydrolase
NZ_LZHV01000041.1:325369-326497:-1,WP_055402513.1,A5730_RS10340,,aromatic ring-hydroxylating dioxygenase subunit alpha,3_313_KshA15,3,114.6,0.5903,3.7e-33,NZ_LZHV01000041.1,325369,326497,-1,Mycobacterium sp. ACS4054,Bacteria; Bacillati; Actinomycetota; Actinomycetes; Mycobacteriales; Mycobacteriaceae; Mycobacterium,0,3_313_KshA15#4,core,0.9586,0,0,0,0,[alpha] > other > other > other > other
NZ_LZHV01000041.1:376683-377694:1,WP_067899244.1,A5730_RS10600,,Rieske 2Fe-2S domain-containing protein,3_313_KshA15,3,110.0,0.8015,9.4e-32,NZ_LZHV01000041.1,376683,377694,1,Mycobacterium sp. ACS4054,Bacteria; Bacillati; Actinomycetota; Actinomycetes; Mycobacteriales; Mycobacteriaceae; Mycobacterium,0,3_313_KshA15#2,core,0.9296,0,0,0,0,[alpha] > hydrolase > hydrolase > other > other > other > other
NZ_LZHV01000053.1:44494-45652:1,WP_055403210.1,A5730_RS14850,,Rieske 2Fe-2S domain-containing protein,3_313_KshA15,3,835.2,0.9669,5.1e-252,NZ_LZHV01000053.1,44494,45652,1,Mycobacterium sp. ACS4054,Bacteria; Bacillati; Actinomycetota; Actinomycetes; Mycobacteriales; Mycobacteriaceae; Mycobacterium,0,3_313_KshA15#3,core,0.8864,0,0,0,0,[alpha] > hypothetical
NZ_LZHV01000064.1:33590-34721:1,WP_067904761.1,A5730_RS20965,,Rieske 2Fe-2S domain-containing protein,3_313_KshA15,3,582.3,0.9517,3.5e-175,NZ_LZHV01000064.1,33590,34721,1,Mycobacterium sp. ACS4054,Bacteria; Bacillati; Actinomycetota; Actinomycetes; Mycobacteriales; Mycobacteriaceae; Mycobacterium,0,3_313_KshA15#22,core,0.8934,0,0,0,0,[alpha] > ferredoxin
NZ_LZHZ01000004.1:114501-115527:-1,WP_067795680.1,A5724_RS01805,,Rieske 2Fe-2S domain-containing protein,3_313_KshA15,3,106.7,0.6183,9.8e-31,NZ_LZHZ01000004.1,114501,115527,-1,Mycobacterium sp. ACS1612,Bacteria; Bacillati; Actinomycetota; Actinomycetes; Mycobacteriales; Mycobacteriaceae; Mycobacterium,0,3_313_KshA15#0,core,0.8191,0,0,0,0,[alpha] > reductase > other
NZ_LZHZ01000004.1:199537-200686:1,WP_067795438.1,A5724_RS02200,,Rieske 2Fe-2S domain-containing protein,3_313_KshA15,3,826.9,0.9644,1.7e-249,NZ_LZHZ01000004.1,199537,200686,1,Mycobacterium sp. ACS1612,Bacteria; Bacillati; Actinomycetota; Actinomycetes; Mycobacteriales; Mycobacteriaceae; Mycobacterium,0,3_313_KshA15#5,core,0.8968,0,0,0,0,[alpha] > hypothetical > other
NZ_LZHZ01000027.1:135450-136563:-1,WP_067801013.1,A5724_RS11560,,aromatic ring-hydroxylating dioxygenase subunit alpha,3_313_KshA15,3,115.5,0.8142,2.1e-33,NZ_LZHZ01000027.1,135450,136563,-1,Mycobacterium sp. ACS1612,Bacteria; Bacillati; Actinomycetota; Actinomycetes; Mycobacteriales; Mycobacteriaceae; Mycobacterium,0,3_313_KshA15#4,core,0.8459,0,0,0,0,[alpha] > other > other > other > other
NZ_LZIC01000037.1:27405-28413:1,WP_066963568.1,A5787_RS06875,,Rieske 2Fe-2S domain-containing protein,3_313_KshA15,3,106.3,0.6183,1.3e-30,NZ_LZIC01000037.1,27405,28413,1,Mycobacterium sp. 852002-50816_SCH5313054-b,Bacteria; Bacillati; Actinomycetota; Actinomycetes; Mycobacteriales; Mycobacteriaceae; Mycobacterium,0,3_313_KshA15#0,core,0.8375,0,0,0,0,[alpha] > reductase
NZ_LZIC01000067.1:55872-57000:-1,WP_156763946.1,A5787_RS14255,,Rieske 2Fe-2S domain-containing protein,3_313_KshA15,3,111.2,0.5623,4.2e-32,NZ_LZIC01000067.1,55872,57000,-1,Mycobacterium sp. 852002-50816_SCH5313054-b,Bacteria; Bacillati; Actinomycetota; Actinomycetes; Mycobacteriales; Mycobacteriaceae; Mycobacterium,0,3_313_KshA15#4,core,0.9066,0,0,0,0,[alpha] > other > other > other > other
NZ_LZHZ01000051.1:154179-155319:1,WP_067806340.1,A5724_RS20730,,Rieske 2Fe-2S domain-containing protein,3_313_KshA15,3,576.9,0.944,1.4e-173,NZ_LZHZ01000051.1,154179,155319,1,Mycobacterium sp. ACS1612,Bacteria; Bacillati; Actinomycetota; Actinomycetes; Mycobacteriales; Mycobacteriaceae; Mycobacterium,0,3_313_KshA15#22,core,0.8386,0,0,0,0,[alpha] > ferredoxin > reductase
NZ_LZIF01000114.1:48698-49877:-1,WP_067131568.1,A5753_RS18940,,Rieske 2Fe-2S domain-containing protein,3_313_KshA15,3,835.3,0.9746,5e-252,NZ_LZIF01000114.1,48698,49877,-1,Mycobacterium sp. 852002-51971_SCH5477799-a,Bacteria; Bacillati; Actinomycetota; Actinomycetes; Mycobacteriales; Mycobacteriaceae; Mycobacterium,0,3_313_KshA15#3,core,0.9013,0,0,0,0,[alpha] > hypothetical
NZ_LZIC01000071.1:1076-2237:1,WP_066968478.1,A5787_RS15540,,Rieske 2Fe-2S domain-containing protein,3_313_KshA15,3,828.4,0.9669,5.9e-250,NZ_LZIC01000071.1,1076,2237,1,Mycobacterium sp. 852002-50816_SCH5313054-b,Bacteria; Bacillati; Actinomycetota; Actinomycetes; Mycobacteriales; Mycobacteriaceae; Mycobacterium,0,3_313_KshA15#3,core,0.9071,0,0,0,0,[alpha] > hypothetical
NZ_LZIF01000083.1:168201-169221:-1,WP_067127170.1,A5753_RS11260,,Rieske 2Fe-2S domain-containing protein,3_313_KshA15,3,109.3,0.5547,1.6e-31,NZ_LZIF01000083.1,168201,169221,-1,Mycobacterium sp. 852002-51971_SCH5477799-a,Bacteria; Bacillati; Actinomycetota; Actinomycetes; Mycobacteriales; Mycobacteriaceae; Mycobacterium,0,3_313_KshA15#0,core,0.8968,0,0,0,0,[alpha] > reductase
NZ_LZIF01000084.1:33037-34162:1,WP_067127394.1,A5753_RS11525,,Rieske 2Fe-2S domain-containing protein,3_313_KshA15,3,580.6,0.9466,1.1e-174,NZ_LZIF01000084.1,33037,34162,1,Mycobacterium sp. 852002-51971_SCH5477799-a,Bacteria; Bacillati; Actinomycetota; Actinomycetes; Mycobacteriales; Mycobacteriaceae; Mycobacterium,0,3_313_KshA15#9,core,0.9154,0,0,0,0,[alpha] > ferredoxin
NZ_LZIF01000086.1:174933-175941:-1,WP_067127866.1,A5753_RS12445,,Rieske 2Fe-2S domain-containing protein,3_313_KshA15,3,119.7,0.8066,1.1e-34,NZ_LZIF01000086.1,174933,175941,-1,Mycobacterium sp. 852002-51971_SCH5477799-a,Bacteria; Bacillati; Actinomycetota; Actinomycetes; Mycobacteriales; Mycobacteriaceae; Mycobacterium,0,3_313_KshA15#2,core,0.8905,0,0,0,0,[alpha] > hydrolase > hydrolase > other > reductase
NZ_LZIF01000086.1:209481-210591:1,WP_197694674.1,A5753_RS12600,,aromatic ring-hydroxylating dioxygenase subunit alpha,3_313_KshA15,3,104.4,0.8092,4.6e-30,NZ_LZIF01000086.1,209481,210591,1,Mycobacterium sp. 852002-51971_SCH5477799-a,Bacteria; Bacillati; Actinomycetota; Actinomycetes; Mycobacteriales; Mycobacteriaceae; Mycobacterium,0,3_313_KshA15#4,core,0.9552,0,0,0,0,[alpha] > other > other > other > other > other
NZ_LZIK01000011.1:58141-59308:1,WP_064399196.1,A5790_RS02105,,Rieske 2Fe-2S domain-containing protein,3_313_KshA15,3,830.6,0.9746,1.3e-250,NZ_LZIK01000011.1,58141,59308,1,Mycobacterium sp. 852002-51152_SCH6134967,Bacteria; Bacillati; Actinomycetota; Actinomycetes; Mycobacteriales; Mycobacteriaceae; Mycobacterium,0,3_313_KshA15#5,core,0.8567,0,0,0,0,[alpha] > hypothetical > other
NZ_LZIJ01000055.1:163631-164795:1,WP_067233319.1,A5791_RS07225,,Rieske 2Fe-2S domain-containing protein,3_313_KshA15,3,828.6,0.9669,5.1e-250,NZ_LZIJ01000055.1,163631,164795,1,Mycobacterium sp. 852002-51163_SCH5372311,Bacteria; Bacillati; Actinomycetota; Actinomycetes; Mycobacteriales; Mycobacteriaceae; Mycobacterium,0,3_313_KshA15#3,core,0.8683,0,0,0,0,[alpha] > hypothetical
NZ_LZIJ01000078.1:33832-34840:1,WP_067234351.1,A5791_RS09320,,aromatic ring-hydroxylating dioxygenase subunit alpha,3_313_KshA15,3,107.2,0.6183,6.6e-31,NZ_LZIJ01000078.1,33832,34840,1,Mycobacterium sp. 852002-51163_SCH5372311,Bacteria; Bacillati; Actinomycetota; Actinomycetes; Mycobacteriales; Mycobacteriaceae; Mycobacterium,0,3_313_KshA15#2,core,0.9085,0,0,0,0,[alpha] > hydrolase > hydrolase > other > other > other > other
NZ_LZIJ01000090.1:51920-53063:-1,WP_067236437.1,A5791_RS12490,,Rieske 2Fe-2S domain-containing protein,3_313_KshA15,3,575.7,0.9466,3.4e-173,NZ_LZIJ01000090.1,51920,53063,-1,Mycobacterium sp. 852002-51163_SCH5372311,Bacteria; Bacillati; Actinomycetota; Actinomycetes; Mycobacteriales; Mycobacteriaceae; Mycobacterium,0,3_313_KshA15#1,core,0.8847,0,0,0,0,[alpha] > ferredoxin
NZ_LZIJ01000094.1:19617-20745:-1,WP_197504681.1,A5791_RS13005,,aromatic ring-hydroxylating dioxygenase subunit alpha,3_313_KshA15,3,115.5,0.8142,2.1e-33,NZ_LZIJ01000094.1,19617,20745,-1,Mycobacterium sp. 852002-51163_SCH5372311,Bacteria; Bacillati; Actinomycetota; Actinomycetes; Mycobacteriales; Mycobacteriaceae; Mycobacterium,0,3_313_KshA15#4,core,0.9343,0,0,0,0,[alpha] > other > other > other > other > other
NZ_LZIJ01000106.1:1305-2331:-1,WP_067237243.1,A5791_RS13665,,Rieske 2Fe-2S domain-containing protein,3_313_KshA15,3,108.0,0.6463,3.8e-31,NZ_LZIJ01000106.1,1305,2331,-1,Mycobacterium sp. 852002-51163_SCH5372311,Bacteria; Bacillati; Actinomycetota; Actinomycetes; Mycobacteriales; Mycobacteriaceae; Mycobacterium,0,3_313_KshA15#0,core,0.8799,0,0,0,0,[alpha] > reductase
NZ_LZIK01000026.1:18207-19257:1,WP_066842897.1,A5790_RS09320,,Rieske 2Fe-2S domain-containing protein,3_313_KshA15,3,113.0,0.626,1.2e-32,NZ_LZIK01000026.1,18207,19257,1,Mycobacterium sp. 852002-51152_SCH6134967,Bacteria; Bacillati; Actinomycetota; Actinomycetes; Mycobacteriales; Mycobacteriaceae; Mycobacterium,0,3_313_KshA15#0,core,0.7607,0,0,0,0,[alpha] > reductase > regulator
NZ_LZIK01000026.1:76201-77200:-1,WP_066842983.1,A5790_RS09590,,aromatic ring-hydroxylating dioxygenase subunit alpha,3_313_KshA15,3,117.6,0.5369,4.6e-34,NZ_LZIK01000026.1,76201,77200,-1,Mycobacterium sp. 852002-51152_SCH6134967,Bacteria; Bacillati; Actinomycetota; Actinomycetes; Mycobacteriales; Mycobacteriaceae; Mycobacterium,0,3_313_KshA15#2,core,0.7439,0,0,0,0,[alpha] > hydrolase > other
NZ_LZIK01000036.1:150566-151682:-1,WP_066844072.1,A5790_RS12060,,aromatic ring-hydroxylating dioxygenase subunit alpha,3_313_KshA15,3,115.6,0.5496,1.9e-33,NZ_LZIK01000036.1,150566,151682,-1,Mycobacterium sp. 852002-51152_SCH6134967,Bacteria; Bacillati; Actinomycetota; Actinomycetes; Mycobacteriales; Mycobacteriaceae; Mycobacterium,0,3_313_KshA15#4,core,0.8567,0,0,0,0,[alpha] > other > other > other > other
NZ_LZIK01000065.1:26143-27283:1,WP_064418231.1,A5790_RS20775,,Rieske 2Fe-2S domain-containing protein,3_313_KshA15,3,584.9,0.9466,5.3e-176,NZ_LZIK01000065.1,26143,27283,1,Mycobacterium sp. 852002-51152_SCH6134967,Bacteria; Bacillati; Actinomycetota; Actinomycetes; Mycobacteriales; Mycobacteriaceae; Mycobacterium,0,3_313_KshA15#44,core,0.8671,0,0,0,0,[alpha] > ferredoxin
NZ_LZIL01000011.1:81838-82846:1,WP_066950495.1,A5773_RS04165,,Rieske 2Fe-2S domain-containing protein,3_313_KshA15,3,110.8,0.6285,5.3e-32,NZ_LZIL01000011.1,81838,82846,1,Mycobacterium sp. 852014-52450_SCH5900713,Bacteria; Bacillati; Actinomycetota; Actinomycetes; Mycobacteriales; Mycobacteriaceae; Mycobacterium,0,3_313_KshA15#0,core,0.8873,0,0,0,0,[alpha] > reductase
NZ_LZIL01000035.1:37608-38619:-1,WP_066957216.1,A5773_RS09670,,Rieske 2Fe-2S domain-containing protein,3_313_KshA15,3,119.2,0.8168,1.5e-34,NZ_LZIL01000035.1,37608,38619,-1,Mycobacterium sp. 852014-52450_SCH5900713,Bacteria; Bacillati; Actinomycetota; Actinomycetes; Mycobacteriales; Mycobacteriaceae; Mycobacterium,0,3_313_KshA15#2,core,0.9306,0,0,0,0,[alpha] > hydrolase > hydrolase > other > other > other > other
NZ_LZIL01000035.1:101602-102736:1,WP_156744794.1,A5773_RS09985,,Rieske 2Fe-2S domain-containing protein,3_313_KshA15,3,111.9,0.8092,2.5e-32,NZ_LZIL01000035.1,101602,102736,1,Mycobacterium sp. 852014-52450_SCH5900713,Bacteria; Bacillati; Actinomycetota; Actinomycetes; Mycobacteriales; Mycobacteriaceae; Mycobacterium,0,3_313_KshA15#4,core,0.9161,0,0,0,0,[alpha] > other > other > other > other > other
NZ_LZIL01000043.1:130145-131276:-1,WP_066953668.1,A5773_RS12645,,Rieske 2Fe-2S domain-containing protein,3_313_KshA15,3,572.9,0.9517,2.4e-172,NZ_LZIL01000043.1,130145,131276,-1,Mycobacterium sp. 852014-52450_SCH5900713,Bacteria; Bacillati; Actinomycetota; Actinomycetes; Mycobacteriales; Mycobacteriaceae; Mycobacterium,0,3_313_KshA15#22,core,0.8638,0,0,0,0,[alpha] > ferredoxin
NZ_LZIL01000047.1:107634-108792:-1,WP_066955237.1,A5773_RS13685,,Rieske 2Fe-2S domain-containing protein,3_313_KshA15,3,837.1,0.9669,1.3e-252,NZ_LZIL01000047.1,107634,108792,-1,Mycobacterium sp. 852014-52450_SCH5900713,Bacteria; Bacillati; Actinomycetota; Actinomycetes; Mycobacteriales; Mycobacteriaceae; Mycobacterium,0,3_313_KshA15#3,core,0.9421,0,0,0,0,[alpha] > hypothetical
NZ_LZIN01000036.1:17749-18910:1,WP_064854452.1,A5771_RS06805,,Rieske 2Fe-2S domain-containing protein,3_313_KshA15,3,588.7,0.9466,3.9e-177,NZ_LZIN01000036.1,17749,18910,1,Mycolicibacter sinensis,Bacteria; Bacillati; Actinomycetota; Actinomycetes; Mycobacteriales; Mycobacteriaceae; Mycolicibacter,0,3_313_KshA15#71,core,0.7437,0,0,0,0,[alpha] > dehydrogenase > other > reductase > hydrolase
NZ_LZIN01000053.1:55201-56227:-1,WP_064855207.1,A5771_RS10785,,Rieske 2Fe-2S domain-containing protein,3_313_KshA15,3,101.0,0.626,5.3e-29,NZ_LZIN01000053.1,55201,56227,-1,Mycolicibacter sinensis,Bacteria; Bacillati; Actinomycetota; Actinomycetes; Mycobacteriales; Mycobacteriaceae; Mycolicibacter,0,3_313_KshA15#0,core,0.9011,0,0,0,0,[alpha] > reductase
NZ_LZIN01000072.1:25335-26346:-1,WP_064855834.1,A5771_RS14075,,aromatic ring-hydroxylating dioxygenase subunit alpha,3_313_KshA15,3,109.1,0.8092,1.8e-31,NZ_LZIN01000072.1,25335,26346,-1,Mycolicibacter sinensis,Bacteria; Bacillati; Actinomycetota; Actinomycetes; Mycobacteriales; Mycobacteriaceae; Mycolicibacter,0,3_313_KshA15#2,core,0.9043,0,0,0,0,[alpha] > hydrolase > other
NZ_LZIN01000075.1:299248-300412:-1,WP_064856196.1,A5771_RS16310,,Rieske 2Fe-2S domain-containing protein,3_313_KshA15,3,772.7,0.9771,4.9e-233,NZ_LZIN01000075.1,299248,300412,-1,Mycolicibacter sinensis,Bacteria; Bacillati; Actinomycetota; Actinomycetes; Mycobacteriales; Mycobacteriaceae; Mycolicibacter,0,3_313_KshA15#3,core,0.7846,0,0,0,0,[alpha] > hypothetical
NZ_LZIR01000027.1:3503-4631:1,WP_156664548.1,A5764_RS07210,,aromatic ring-hydroxylating dioxygenase subunit alpha,3_313_KshA15,3,109.0,0.8092,1.9e-31,NZ_LZIR01000027.1,3503,4631,1,Mycobacterium sp. 852002-51057_SCH5723018,Bacteria; Bacillati; Actinomycetota; Actinomycetes; Mycobacteriales; Mycobacteriaceae; Mycobacterium,0,3_313_KshA15#4,core,0.9517,0,0,0,0,[alpha] > other > other > other > other > other
NZ_LZIR01000059.1:70377-71394:1,WP_067113630.1,A5764_RS12140,,Rieske 2Fe-2S domain-containing protein,3_313_KshA15,3,109.2,0.626,1.6e-31,NZ_LZIR01000059.1,70377,71394,1,Mycobacterium sp. 852002-51057_SCH5723018,Bacteria; Bacillati; Actinomycetota; Actinomycetes; Mycobacteriales; Mycobacteriaceae; Mycobacterium,0,3_313_KshA15#0,core,0.841,0,0,0,0,[alpha] > reductase
NZ_LZIR01000074.1:55606-56617:-1,WP_067114353.1,A5764_RS15315,,Rieske 2Fe-2S domain-containing protein,3_313_KshA15,3,107.5,0.5394,5.4e-31,NZ_LZIR01000074.1,55606,56617,-1,Mycobacterium sp. 852002-51057_SCH5723018,Bacteria; Bacillati; Actinomycetota; Actinomycetes; Mycobacteriales; Mycobacteriaceae; Mycobacterium,0,3_313_KshA15#2,core,0.9021,0,0,0,0,[alpha] > hydrolase > hydrolase > other > reductase > other > other > other
NZ_LZIR01000001.1:13895-15038:-1,WP_067106559.1,A5764_RS00085,,Rieske 2Fe-2S domain-containing protein,3_313_KshA15,3,574.8,0.9542,6.3e-173,NZ_LZIR01000001.1,13895,15038,-1,Mycobacterium sp. 852002-51057_SCH5723018,Bacteria; Bacillati; Actinomycetota; Actinomycetes; Mycobacteriales; Mycobacteriaceae; Mycobacterium,0,3_313_KshA15#22,core,0.9,0,0,0,0,[alpha] > ferredoxin
NZ_LZIR01000004.1:42454-43630:-1,WP_067107042.1,A5764_RS00815,,Rieske 2Fe-2S domain-containing protein,3_313_KshA15,3,833.5,0.972,1.7e-251,NZ_LZIR01000004.1,42454,43630,-1,Mycobacterium sp. 852002-51057_SCH5723018,Bacteria; Bacillati; Actinomycetota; Actinomycetes; Mycobacteriales; Mycobacteriaceae; Mycobacterium,0,3_313_KshA15#3,core,0.8903,0,0,0,0,[alpha] > hypothetical
NZ_LZIS01000116.1:94324-95470:1,WP_068232802.1,A5673_RS13600,,Rieske 2Fe-2S domain-containing protein,3_313_KshA15,3,762.7,0.9567,5.6e-230,NZ_LZIS01000116.1,94324,95470,1,Mycobacterium sp. E3198,Bacteria; Bacillati; Actinomycetota; Actinomycetes; Mycobacteriales; Mycobacteriaceae; Mycobacterium,0,3_313_KshA15#5,core,0.8864,0,0,0,0,other > reductase > hydrolase > [alpha]
NZ_LZIS01000126.1:11247-12387:-1,WP_068233354.1,A5673_RS14570,,Rieske 2Fe-2S domain-containing protein,3_313_KshA15,3,585.1,0.9567,4.8e-176,NZ_LZIS01000126.1,11247,12387,-1,Mycobacterium sp. E3198,Bacteria; Bacillati; Actinomycetota; Actinomycetes; Mycobacteriales; Mycobacteriaceae; Mycobacterium,0,3_313_KshA15#9,core,0.8799,0,0,0,0,[alpha] > ferredoxin
NZ_LZIS01000139.1:13241-14240:1,WP_068234092.1,A5673_RS15900,,Rieske 2Fe-2S domain-containing protein,3_313_KshA15,3,105.1,0.5649,2.9e-30,NZ_LZIS01000139.1,13241,14240,1,Mycobacterium sp. E3198,Bacteria; Bacillati; Actinomycetota; Actinomycetes; Mycobacteriales; Mycobacteriaceae; Mycobacterium,0,3_313_KshA15#15,core,0.8058,0,0,0,0,[alpha] > reductase
NZ_LZIS01000204.1:62834-63962:-1,WP_156748496.1,A5673_RS22690,,Rieske 2Fe-2S domain-containing protein,3_313_KshA15,3,112.5,0.5573,1.6e-32,NZ_LZIS01000204.1,62834,63962,-1,Mycobacterium sp. E3198,Bacteria; Bacillati; Actinomycetota; Actinomycetes; Mycobacteriales; Mycobacteriaceae; Mycobacterium,0,3_313_KshA15#4,core,0.9141,0,0,0,0,[alpha] > other > other > other > other > other
NZ_LZIS01000054.1:16897-17890:-1,WP_068228682.1,A5673_RS06385,,Rieske 2Fe-2S domain-containing protein,3_313_KshA15,3,112.9,0.799,1.2e-32,NZ_LZIS01000054.1,16897,17890,-1,Mycobacterium sp. E3198,Bacteria; Bacillati; Actinomycetota; Actinomycetes; Mycobacteriales; Mycobacteriaceae; Mycobacterium,0,3_313_KshA15#2,core,0.9085,0,0,0,0,[alpha] > hydrolase > hydrolase > other > other > reductase > other > other > hydrolase > other
NZ_LZIS01000066.1:10101-11271:-1,WP_068229433.1,A5673_RS07800,,Rieske 2Fe-2S domain-containing protein,3_313_KshA15,3,835.0,0.972,5.9e-252,NZ_LZIS01000066.1,10101,11271,-1,Mycobacterium sp. E3198,Bacteria; Bacillati; Actinomycetota; Actinomycetes; Mycobacteriales; Mycobacteriaceae; Mycobacterium,0,3_313_KshA15#3,core,0.9228,0,0,0,0,[alpha] > hypothetical
NZ_LZIZ01000157.1:35974-37102:-1,WP_055402513.1,A5702_RS14180,,aromatic ring-hydroxylating dioxygenase subunit alpha,3_313_KshA15,3,114.6,0.5903,3.7e-33,NZ_LZIZ01000157.1,35974,37102,-1,Mycobacterium sp. E3339,Bacteria; Bacillati; Actinomycetota; Actinomycetes; Mycobacteriales; Mycobacteriaceae; Mycobacterium,0,3_313_KshA15#4,core,0.9586,0,0,0,0,[alpha] > other > other > other > other
NZ_LZIZ01000087.1:3066-4197:-1,WP_067823069.1,A5702_RS08495,,Rieske 2Fe-2S domain-containing protein,3_313_KshA15,3,583.3,0.9517,1.7e-175,NZ_LZIZ01000087.1,3066,4197,-1,Mycobacterium sp. E3339,Bacteria; Bacillati; Actinomycetota; Actinomycetes; Mycobacteriales; Mycobacteriaceae; Mycobacterium,0,3_313_KshA15#22,core,0.8931,0,0,0,0,[alpha] > ferredoxin
NZ_LZIZ01000120.1:46191-47349:1,WP_055403210.1,A5702_RS10960,,Rieske 2Fe-2S domain-containing protein,3_313_KshA15,3,835.2,0.9669,5.1e-252,NZ_LZIZ01000120.1,46191,47349,1,Mycobacterium sp. E3339,Bacteria; Bacillati; Actinomycetota; Actinomycetes; Mycobacteriales; Mycobacteriaceae; Mycobacterium,0,3_313_KshA15#3,core,0.8864,0,0,0,0,[alpha] > hypothetical
NZ_LZJD01000006.1:17686-18829:-1,WP_067764125.1,A5699_RS00810,,Rieske 2Fe-2S domain-containing protein,3_313_KshA15,3,584.9,0.9567,5.4e-176,NZ_LZJD01000006.1,17686,18829,-1,Mycobacterium sp. E802,Bacteria; Bacillati; Actinomycetota; Actinomycetes; Mycobacteriales; Mycobacteriaceae; Mycobacterium,0,3_313_KshA15#1,core,0.7871,0,0,0,0,[alpha] > ferredoxin
NZ_LZJD01000012.1:16525-17524:1,WP_067764606.1,A5699_RS02015,,Rieske 2Fe-2S domain-containing protein,3_313_KshA15,3,112.4,0.631,1.8e-32,NZ_LZJD01000012.1,16525,17524,1,Mycobacterium sp. E802,Bacteria; Bacillati; Actinomycetota; Actinomycetes; Mycobacteriales; Mycobacteriaceae; Mycobacterium,0,3_313_KshA15#0,core,0.8759,0,0,0,0,[alpha] > reductase
NZ_LZIZ01000179.1:8526-9534:-1,WP_055405373.1,A5702_RS16210,,Rieske 2Fe-2S domain-containing protein,3_313_KshA15,3,115.1,0.6234,2.7e-33,NZ_LZIZ01000179.1,8526,9534,-1,Mycobacterium sp. E3339,Bacteria; Bacillati; Actinomycetota; Actinomycetes; Mycobacteriales; Mycobacteriaceae; Mycobacterium,0,3_313_KshA15#0,core,0.9611,0,0,0,0,[alpha] > reductase
NZ_LZIZ01000224.1:5063-6074:-1,WP_068223493.1,A5702_RS21270,,Rieske 2Fe-2S domain-containing protein,3_313_KshA15,3,109.7,0.799,1.1e-31,NZ_LZIZ01000224.1,5063,6074,-1,Mycobacterium sp. E3339,Bacteria; Bacillati; Actinomycetota; Actinomycetes; Mycobacteriales; Mycobacteriaceae; Mycobacterium,0,3_313_KshA15#2,core,0.9014,0,0,0,0,[alpha] > hydrolase > hydrolase > other > other > other
NZ_LZJF01000004.1:34468-35614:1,WP_068006981.1,A5697_RS00365,,Rieske 2Fe-2S domain-containing protein,3_313_KshA15,3,767.3,0.9593,2.1e-231,NZ_LZJF01000004.1,34468,35614,1,Mycobacterium sp. E3251,Bacteria; Bacillati; Actinomycetota; Actinomycetes; Mycobacteriales; Mycobacteriaceae; Mycobacterium,0,3_313_KshA15#43,core,0.9481,0,0,0,0,other > [alpha]
NZ_LZJF01000034.1:32513-33641:1,WP_156673154.1,A5697_RS04455,,aromatic ring-hydroxylating dioxygenase subunit alpha,3_313_KshA15,3,118.2,0.598,3.1e-34,NZ_LZJF01000034.1,32513,33641,1,Mycobacterium sp. E3251,Bacteria; Bacillati; Actinomycetota; Actinomycetes; Mycobacteriales; Mycobacteriaceae; Mycobacterium,0,3_313_KshA15#4,core,0.942,0,0,0,0,[alpha] > other > other > other > other > other
NZ_LZJD01000062.1:58240-59374:1,WP_067768515.1,A5699_RS09480,,Rieske 2Fe-2S domain-containing protein,3_313_KshA15,3,581.1,0.9364,7.6e-175,NZ_LZJD01000062.1,58240,59374,1,Mycobacterium sp. E802,Bacteria; Bacillati; Actinomycetota; Actinomycetes; Mycobacteriales; Mycobacteriaceae; Mycobacterium,0,3_313_KshA15#7,core,0.8988,0,0,0,0,other > reductase > [alpha]
NZ_LZJD01000064.1:6866-7880:-1,WP_067768599.1,A5699_RS09660,,Rieske 2Fe-2S domain-containing protein,3_313_KshA15,3,107.3,0.8092,6.2e-31,NZ_LZJD01000064.1,6866,7880,-1,Mycobacterium sp. E802,Bacteria; Bacillati; Actinomycetota; Actinomycetes; Mycobacteriales; Mycobacteriaceae; Mycobacterium,0,3_313_KshA15#2,core,0.7348,0,0,0,0,[alpha] > hydrolase > other
NZ_LZJF01000039.1:6062-7055:-1,WP_068008584.1,A5697_RS05255,,Rieske 2Fe-2S domain-containing protein,3_313_KshA15,3,117.0,0.799,7.3e-34,NZ_LZJF01000039.1,6062,7055,-1,Mycobacterium sp. E3251,Bacteria; Bacillati; Actinomycetota; Actinomycetes; Mycobacteriales; Mycobacteriaceae; Mycobacterium,0,3_313_KshA15#2,core,0.9193,0,0,0,0,[alpha] > hydrolase > hydrolase > other > other
NZ_LZJF01000054.1:23309-24452:-1,WP_068009095.1,A5697_RS06830,,Rieske 2Fe-2S domain-containing protein,3_313_KshA15,3,582.0,0.9618,4.3e-175,NZ_LZJF01000054.1,23309,24452,-1,Mycobacterium sp. E3251,Bacteria; Bacillati; Actinomycetota; Actinomycetes; Mycobacteriales; Mycobacteriaceae; Mycobacterium,0,3_313_KshA15#1,core,0.8535,0,0,0,0,[alpha]
NZ_LZJD01000142.1:1164-2319:-1,WP_067772954.1,A5699_RS20310,,Rieske 2Fe-2S domain-containing protein,3_313_KshA15,3,826.1,0.9695,2.9e-249,NZ_LZJD01000142.1,1164,2319,-1,Mycobacterium sp. E802,Bacteria; Bacillati; Actinomycetota; Actinomycetes; Mycobacteriales; Mycobacteriaceae; Mycobacterium,0,3_313_KshA15#5,core,0.8397,0,0,0,0,hypothetical > hypothetical > [alpha] > hypothetical
NZ_LZJG01000204.1:34002-35010:-1,WP_067920131.1,A9X04_RS10825,,Rieske 2Fe-2S domain-containing protein,3_313_KshA15,3,113.7,0.6209,7e-33,NZ_LZJG01000204.1,34002,35010,-1,Mycobacterium sp. E3247,Bacteria; Bacillati; Actinomycetota; Actinomycetes; Mycobacteriales; Mycobacteriaceae; Mycobacterium,0,3_313_KshA15#15,core,0.9319,0,0,0,0,[alpha] > reductase
NZ_LZJG01000002.1:33363-34491:1,WP_156764152.1,A9X04_RS00175,,Rieske 2Fe-2S domain-containing protein,3_313_KshA15,3,111.8,0.5725,2.8e-32,NZ_LZJG01000002.1,33363,34491,1,Mycobacterium sp. E3247,Bacteria; Bacillati; Actinomycetota; Actinomycetes; Mycobacteriales; Mycobacteriaceae; Mycobacterium,0,3_313_KshA15#4,core,0.9215,0,0,0,0,[alpha] > other > other > other > other
NZ_LZJF01000128.1:32725-33733:-1,WP_068011362.1,A5697_RS15975,,Rieske 2Fe-2S domain-containing protein,3_313_KshA15,3,103.7,0.6158,8e-30,NZ_LZJF01000128.1,32725,33733,-1,Mycobacterium sp. E3251,Bacteria; Bacillati; Actinomycetota; Actinomycetes; Mycobacteriales; Mycobacteriaceae; Mycobacterium,0,3_313_KshA15#0,core,0.8842,0,0,0,0,[alpha] > reductase
NZ_LZJF01000141.1:97397-98555:1,WP_067943202.1,A5697_RS17245,,Rieske 2Fe-2S domain-containing protein,3_313_KshA15,3,837.1,0.9669,1.4e-252,NZ_LZJF01000141.1,97397,98555,1,Mycobacterium sp. E3251,Bacteria; Bacillati; Actinomycetota; Actinomycetes; Mycobacteriales; Mycobacteriaceae; Mycobacterium,0,3_313_KshA15#3,core,0.9389,0,0,0,0,[alpha] > hypothetical
NZ_LZJG01000273.1:3508-4666:1,WP_067921751.1,A9X04_RS15155,,Rieske 2Fe-2S domain-containing protein,3_313_KshA15,3,838.4,0.9669,5.6e-253,NZ_LZJG01000273.1,3508,4666,1,Mycobacterium sp. E3247,Bacteria; Bacillati; Actinomycetota; Actinomycetes; Mycobacteriales; Mycobacteriaceae; Mycobacterium,0,3_313_KshA15#3,core,0.9416,0,0,0,0,[alpha] > hypothetical
NZ_LZJG01000297.1:1861-3004:1,WP_067922170.1,A9X04_RS16015,,Rieske 2Fe-2S domain-containing protein,3_313_KshA15,3,581.7,0.9517,5.1e-175,NZ_LZJG01000297.1,1861,3004,1,Mycobacterium sp. E3247,Bacteria; Bacillati; Actinomycetota; Actinomycetes; Mycobacteriales; Mycobacteriaceae; Mycobacterium,0,3_313_KshA15#1,core,0.8457,0,0,0,0,[alpha] > ferredoxin
NZ_LZJJ01000135.1:22711-23854:-1,WP_067277067.1,A9X03_RS07430,,Rieske 2Fe-2S domain-containing protein,3_313_KshA15,3,581.6,0.9618,5.4e-175,NZ_LZJJ01000135.1,22711,23854,-1,Mycobacterium sp. E1715,Bacteria; Bacillati; Actinomycetota; Actinomycetes; Mycobacteriales; Mycobacteriaceae; Mycobacterium,0,3_313_KshA15#1,core,0.8567,0,0,0,0,[alpha]
NZ_LZJJ01000170.1:6991-7999:-1,WP_067780274.1,A9X03_RS09490,,Rieske 2Fe-2S domain-containing protein,3_313_KshA15,3,115.2,0.6412,2.5e-33,NZ_LZJJ01000170.1,6991,7999,-1,Mycobacterium sp. E1715,Bacteria; Bacillati; Actinomycetota; Actinomycetes; Mycobacteriales; Mycobacteriaceae; Mycobacterium,0,3_313_KshA15#0,core,0.9399,0,0,0,0,[alpha] > reductase
NZ_LZJI01000073.1:64641-65769:-1,WP_156749513.1,A5695_RS07895,,aromatic ring-hydroxylating dioxygenase subunit alpha,3_313_KshA15,3,115.5,0.8142,2e-33,NZ_LZJI01000073.1,64641,65769,-1,Mycobacterium sp. E1747,Bacteria; Bacillati; Actinomycetota; Actinomycetes; Mycobacteriales; Mycobacteriaceae; Mycobacterium,0,3_313_KshA15#4,core,0.9317,0,0,0,0,[alpha] > other > other > other > other
NZ_LZJI01000095.1:3563-4571:1,WP_068080409.1,A5695_RS09790,,Rieske 2Fe-2S domain-containing protein,3_313_KshA15,3,114.3,0.6387,4.7e-33,NZ_LZJI01000095.1,3563,4571,1,Mycobacterium sp. E1747,Bacteria; Bacillati; Actinomycetota; Actinomycetes; Mycobacteriales; Mycobacteriaceae; Mycobacterium,0,3_313_KshA15#0,core,0.9179,0,0,0,0,[alpha] > reductase
NZ_LZJI01000249.1:68686-69841:-1,WP_068089710.1,A5695_RS26540,,Rieske 2Fe-2S domain-containing protein,3_313_KshA15,3,833.7,0.9618,1.5e-251,NZ_LZJI01000249.1,68686,69841,-1,Mycobacterium sp. E1747,Bacteria; Bacillati; Actinomycetota; Actinomycetes; Mycobacteriales; Mycobacteriaceae; Mycobacterium,0,3_313_KshA15#3,core,0.9329,0,0,0,0,[alpha] > hypothetical
NZ_LZJJ01000090.1:47181-48327:-1,WP_068259934.1,A9X03_RS05050,,Rieske 2Fe-2S domain-containing protein,3_313_KshA15,3,749.0,0.9567,7.8e-226,NZ_LZJJ01000090.1,47181,48327,-1,Mycobacterium sp. E1715,Bacteria; Bacillati; Actinomycetota; Actinomycetes; Mycobacteriales; Mycobacteriaceae; Mycobacterium,0,3_313_KshA15#5,core,0.8562,0,0,0,0,[alpha]
NZ_LZJJ01000095.1:2936-4091:1,WP_068260029.1,A9X03_RS05455,,Rieske 2Fe-2S domain-containing protein,3_313_KshA15,3,832.5,0.9618,3.5e-251,NZ_LZJJ01000095.1,2936,4091,1,Mycobacterium sp. E1715,Bacteria; Bacillati; Actinomycetota; Actinomycetes; Mycobacteriales; Mycobacteriaceae; Mycobacterium,0,3_313_KshA15#3,core,0.9359,0,0,0,0,[alpha] > hypothetical
NZ_LZJG01000559.1:16709-17852:1,WP_067928358.1,A9X04_RS28655,,Rieske 2Fe-2S domain-containing protein,3_313_KshA15,3,583.6,0.9593,1.3e-175,NZ_LZJG01000559.1,16709,17852,1,Mycobacterium sp. E3247,Bacteria; Bacillati; Actinomycetota; Actinomycetes; Mycobacteriales; Mycobacteriaceae; Mycobacterium,0,3_313_KshA15#1,core,0.8567,0,0,0,0,[alpha] > ferredoxin > other
NZ_LZJG01000567.1:4443-5589:-1,WP_067928535.1,A9X04_RS29055,,Rieske 2Fe-2S domain-containing protein,3_313_KshA15,3,768.2,0.9618,1.2e-231,NZ_LZJG01000567.1,4443,5589,-1,Mycobacterium sp. E3247,Bacteria; Bacillati; Actinomycetota; Actinomycetes; Mycobacteriales; Mycobacteriaceae; Mycobacterium,0,3_313_KshA15#5,core,0.91,0,0,0,0,other > [alpha]
NZ_LZJJ01000531.1:6055-7048:-1,WP_068263708.1,A9X03_RS26055,,Rieske 2Fe-2S domain-containing protein,3_313_KshA15,3,115.6,0.799,1.8e-33,NZ_LZJJ01000531.1,6055,7048,-1,Mycobacterium sp. E1715,Bacteria; Bacillati; Actinomycetota; Actinomycetes; Mycobacteriales; Mycobacteriaceae; Mycobacterium,0,3_313_KshA15#2,core,0.8641,0,0,0,0,[alpha] > hydrolase > hydrolase > other > other
NZ_LZJL01000015.1:32969-34142:-1,WP_068065897.1,A5693_RS02565,,Rieske 2Fe-2S domain-containing protein,3_313_KshA15,3,838.5,0.9771,5.3e-253,NZ_LZJL01000015.1,32969,34142,-1,Mycobacterium sp. E1319,Bacteria; Bacillati; Actinomycetota; Actinomycetes; Mycobacteriales; Mycobacteriaceae; Mycobacterium,0,3_313_KshA15#3,core,0.9268,0,0,0,0,[alpha] > hypothetical
NZ_LZJI01000231.1:38118-39249:-1,WP_068088757.1,A5695_RS24810,,Rieske 2Fe-2S domain-containing protein,3_313_KshA15,3,575.8,0.9517,3.2e-173,NZ_LZJI01000231.1,38118,39249,-1,Mycobacterium sp. E1747,Bacteria; Bacillati; Actinomycetota; Actinomycetes; Mycobacteriales; Mycobacteriaceae; Mycobacterium,0,3_313_KshA15#22,core,0.8681,0,0,0,0,hypothetical > [alpha] > ferredoxin
NZ_LZJL01000166.1:35013-36039:1,WP_068074642.1,A5693_RS23050,,Rieske 2Fe-2S domain-containing protein,3_313_KshA15,3,108.2,0.6234,3.4e-31,NZ_LZJL01000166.1,35013,36039,1,Mycobacterium sp. E1319,Bacteria; Bacillati; Actinomycetota; Actinomycetes; Mycobacteriales; Mycobacteriaceae; Mycobacterium,0,3_313_KshA15#0,core,0.9187,0,0,0,0,[alpha] > reductase
NZ_LZJL01000185.1:21888-23025:1,WP_068075618.1,A5693_RS24805,,Rieske 2Fe-2S domain-containing protein,3_313_KshA15,3,570.0,0.9415,1.9e-171,NZ_LZJL01000185.1,21888,23025,1,Mycobacterium sp. E1319,Bacteria; Bacillati; Actinomycetota; Actinomycetes; Mycobacteriales; Mycobacteriaceae; Mycobacterium,0,3_313_KshA15#22,core,0.8715,0,0,0,0,hypothetical > [alpha] > ferredoxin
NZ_LZJM01000022.1:52928-54086:1,WP_068051330.1,A5692_RS01400,,Rieske 2Fe-2S domain-containing protein,3_313_KshA15,3,837.8,0.9669,8.4e-253,NZ_LZJM01000022.1,52928,54086,1,Mycobacterium sp. E342,Bacteria; Bacillati; Actinomycetota; Actinomycetes; Mycobacteriales; Mycobacteriaceae; Mycobacterium,0,3_313_KshA15#3,core,0.9293,0,0,0,0,[alpha] > hypothetical
NZ_LZJM01000042.1:8840-9983:-1,WP_068051609.1,A5692_RS02365,,Rieske 2Fe-2S domain-containing protein,3_313_KshA15,3,584.8,0.9542,5.7e-176,NZ_LZJM01000042.1,8840,9983,-1,Mycobacterium sp. E342,Bacteria; Bacillati; Actinomycetota; Actinomycetes; Mycobacteriales; Mycobacteriaceae; Mycobacterium,0,3_313_KshA15#1,core,0.8354,0,0,0,0,[alpha] > ferredoxin
NZ_LZJM01000182.1:26061-27207:-1,WP_068056740.1,A5692_RS13440,,Rieske 2Fe-2S domain-containing protein,3_313_KshA15,3,769.9,0.9644,3.5e-232,NZ_LZJM01000182.1,26061,27207,-1,Mycobacterium sp. E342,Bacteria; Bacillati; Actinomycetota; Actinomycetes; Mycobacteriales; Mycobacteriaceae; Mycobacterium,0,3_313_KshA15#5,core,0.9272,0,0,0,0,[alpha]
NZ_LZJL01000091.1:10724-11849:1,WP_369828256.1,A5693_RS10235,,aromatic ring-hydroxylating dioxygenase subunit alpha,3_313_KshA15,3,110.7,0.5929,5.8e-32,NZ_LZJL01000091.1,10724,11849,1,Mycobacterium sp. E1319,Bacteria; Bacillati; Actinomycetota; Actinomycetes; Mycobacteriales; Mycobacteriaceae; Mycobacterium,0,3_313_KshA15#4,core,0.9247,0,0,0,0,[alpha]
NZ_LZJM01000225.1:21308-22319:-1,WP_068057869.1,A5692_RS16880,,Rieske 2Fe-2S domain-containing protein,3_313_KshA15,3,120.2,0.8015,7.6e-35,NZ_LZJM01000225.1,21308,22319,-1,Mycobacterium sp. E342,Bacteria; Bacillati; Actinomycetota; Actinomycetes; Mycobacteriales; Mycobacteriaceae; Mycobacterium,0,3_313_KshA15#2,core,0.8951,0,0,0,0,[alpha] > hydrolase > hydrolase > other > other > other
NZ_LZJM01000225.1:67674-68802:1,WP_068057939.1,A5692_RS17100,,Rieske 2Fe-2S domain-containing protein,3_313_KshA15,3,113.3,0.8117,9.2e-33,NZ_LZJM01000225.1,67674,68802,1,Mycobacterium sp. E342,Bacteria; Bacillati; Actinomycetota; Actinomycetes; Mycobacteriales; Mycobacteriaceae; Mycobacterium,0,3_313_KshA15#4,core,0.9249,0,0,0,0,[alpha] > other > other > other > other
NZ_LZJM01000250.1:23502-24510:1,WP_068058822.1,A5692_RS19595,,Rieske 2Fe-2S domain-containing protein,3_313_KshA15,3,117.0,0.6234,7.3e-34,NZ_LZJM01000250.1,23502,24510,1,Mycobacterium sp. E342,Bacteria; Bacillati; Actinomycetota; Actinomycetes; Mycobacteriales; Mycobacteriaceae; Mycobacterium,0,3_313_KshA15#0,core,0.8799,0,0,0,0,[alpha] > reductase
NZ_LZJR01000076.1:106823-107948:-1,WP_067933810.1,A5686_RS10490,,Rieske 2Fe-2S domain-containing protein,3_313_KshA15,3,583.7,0.9517,1.3e-175,NZ_LZJR01000076.1,106823,107948,-1,Mycobacterium sp. E2479,Bacteria; Bacillati; Actinomycetota; Actinomycetes; Mycobacteriales; Mycobacteriaceae; Mycobacterium,0,3_313_KshA15#9,core,0.8892,0,0,0,0,[alpha] > ferredoxin
NZ_LZJR01000081.1:8650-9829:1,WP_067934020.1,A5686_RS11065,,Rieske 2Fe-2S domain-containing protein,3_313_KshA15,3,833.5,0.972,1.7e-251,NZ_LZJR01000081.1,8650,9829,1,Mycobacterium sp. E2479,Bacteria; Bacillati; Actinomycetota; Actinomycetes; Mycobacteriales; Mycobacteriaceae; Mycobacterium,0,3_313_KshA15#3,core,0.8785,0,0,0,0,[alpha] > hypothetical
NZ_LZJR01000096.1:200494-201502:-1,WP_067935950.1,A5686_RS15890,,Rieske 2Fe-2S domain-containing protein,3_313_KshA15,3,115.0,0.6539,2.8e-33,NZ_LZJR01000096.1,200494,201502,-1,Mycobacterium sp. E2479,Bacteria; Bacillati; Actinomycetota; Actinomycetes; Mycobacteriales; Mycobacteriaceae; Mycobacterium,0,3_313_KshA15#0,core,0.8617,0,0,0,0,[alpha] > reductase > hypothetical > regulator > hypothetical > other
NZ_LZJR01000130.1:4695-5805:-1,WP_067937834.1,A5686_RS19460,,aromatic ring-hydroxylating dioxygenase subunit alpha,3_313_KshA15,3,105.8,0.5369,1.8e-30,NZ_LZJR01000130.1,4695,5805,-1,Mycobacterium sp. E2479,Bacteria; Bacillati; Actinomycetota; Actinomycetes; Mycobacteriales; Mycobacteriaceae; Mycobacterium,0,3_313_KshA15#4,core,0.9585,0,0,0,0,[alpha] > other > other > other > other > other > other
NZ_LZJS01000012.1:129429-130554:-1,WP_064950102.1,A5685_RS01265,,Rieske 2Fe-2S domain-containing protein,3_313_KshA15,3,576.8,0.9517,1.6e-173,NZ_LZJS01000012.1,129429,130554,-1,Mycobacterium colombiense,Bacteria; Bacillati; Actinomycetota; Actinomycetes; Mycobacteriales; Mycobacteriaceae; Mycobacterium; Mycobacterium avium complex (MAC),0,3_313_KshA15#1,core,0.9219,0,0,0,0,[alpha] > hypothetical
NZ_LZJR01000154.1:162872-163907:-1,WP_067939383.1,A5686_RS23685,,Rieske 2Fe-2S domain-containing protein,3_313_KshA15,3,93.7,0.5649,8.4e-27,NZ_LZJR01000154.1,162872,163907,-1,Mycobacterium sp. E2479,Bacteria; Bacillati; Actinomycetota; Actinomycetes; Mycobacteriales; Mycobacteriaceae; Mycobacterium,0,3_313_KshA15#0,core,0.605,0,0,0,0,hydrolase > [alpha] > reductase > hypothetical > reductase > reductase
NZ_LZJR01000163.1:17403-18429:-1,WP_067940270.1,A5686_RS25355,,Rieske 2Fe-2S domain-containing protein,3_313_KshA15,3,114.8,0.6234,3.4e-33,NZ_LZJR01000163.1,17403,18429,-1,Mycobacterium sp. E2479,Bacteria; Bacillati; Actinomycetota; Actinomycetes; Mycobacteriales; Mycobacteriaceae; Mycobacterium,0,3_313_KshA15#0,core,0.7817,0,0,0,0,[alpha] > hypothetical > hypothetical
NZ_LZJU01000087.1:22352-23477:-1,WP_067909863.1,A5683_RS08765,,Rieske 2Fe-2S domain-containing protein,3_313_KshA15,3,578.9,0.9517,3.7e-174,NZ_LZJU01000087.1,22352,23477,-1,Mycobacterium mantenii,Bacteria; Bacillati; Actinomycetota; Actinomycetes; Mycobacteriales; Mycobacteriaceae; Mycobacterium; Mycobacterium avium complex (MAC),0,3_313_KshA15#1,core,0.9065,0,0,0,0,[alpha] > ferredoxin
NZ_LZJY01000017.1:7315-8350:1,WP_067300895.1,A5679_RS01035,,Rieske 2Fe-2S domain-containing protein,3_313_KshA15,3,110.0,0.6234,9.6e-32,NZ_LZJY01000017.1,7315,8350,1,Mycobacterium scrofulaceum,Bacteria; Bacillati; Actinomycetota; Actinomycetes; Mycobacteriales; Mycobacteriaceae; Mycobacterium,0,3_313_KshA15#0,core,0.9541,0,0,0,0,[alpha] > reductase
NZ_LZJS01000087.1:44522-45701:1,WP_064951979.1,A5685_RS11490,,Rieske 2Fe-2S domain-containing protein,3_313_KshA15,3,839.9,0.9796,1.9e-253,NZ_LZJS01000087.1,44522,45701,1,Mycobacterium colombiense,Bacteria; Bacillati; Actinomycetota; Actinomycetes; Mycobacteriales; Mycobacteriaceae; Mycobacterium; Mycobacterium avium complex (MAC),0,3_313_KshA15#3,core,0.9335,0,0,0,0,[alpha] > hypothetical
NZ_LZJS01000103.1:49991-50999:-1,WP_064952339.1,A5685_RS13460,,Rieske 2Fe-2S domain-containing protein,3_313_KshA15,3,112.4,0.8066,1.8e-32,NZ_LZJS01000103.1,49991,50999,-1,Mycobacterium colombiense,Bacteria; Bacillati; Actinomycetota; Actinomycetes; Mycobacteriales; Mycobacteriaceae; Mycobacterium; Mycobacterium avium complex (MAC),0,3_313_KshA15#2,core,0.9263,0,0,0,0,[alpha] > hydrolase > hydrolase > other > other > reductase
NZ_LZJS01000103.1:92157-93267:1,WP_196770679.1,A5685_RS13650,,aromatic ring-hydroxylating dioxygenase subunit alpha,3_313_KshA15,3,107.5,0.8092,5.4e-31,NZ_LZJS01000103.1,92157,93267,1,Mycobacterium colombiense,Bacteria; Bacillati; Actinomycetota; Actinomycetes; Mycobacteriales; Mycobacteriaceae; Mycobacterium; Mycobacterium avium complex (MAC),0,3_313_KshA15#4,core,0.9241,0,0,0,0,[alpha] > other > other > other > other > other > other
NZ_LZJY01000193.1:7500-8628:1,WP_156763439.1,A5679_RS10545,,aromatic ring-hydroxylating dioxygenase subunit alpha,3_313_KshA15,3,117.0,0.598,7.1e-34,NZ_LZJY01000193.1,7500,8628,1,Mycobacterium scrofulaceum,Bacteria; Bacillati; Actinomycetota; Actinomycetes; Mycobacteriales; Mycobacteriaceae; Mycobacterium,0,3_313_KshA15#4,core,0.9655,0,0,0,0,[alpha] > other > other > other > other
NZ_LZJY01000297.1:7421-8576:1,WP_067282004.1,A5679_RS17150,,Rieske 2Fe-2S domain-containing protein,3_313_KshA15,3,834.0,0.9593,1.2e-251,NZ_LZJY01000297.1,7421,8576,1,Mycobacterium scrofulaceum,Bacteria; Bacillati; Actinomycetota; Actinomycetes; Mycobacteriales; Mycobacteriaceae; Mycobacterium,0,3_313_KshA15#3,core,0.9421,0,0,0,0,[alpha] > hypothetical
NZ_LZJV01000030.1:38639-39749:1,WP_207547793.1,A5682_RS04565,,aromatic ring-hydroxylating dioxygenase subunit alpha,3_313_KshA15,3,105.3,0.8092,2.5e-30,NZ_LZJV01000030.1,38639,39749,1,Mycobacterium mantenii,Bacteria; Bacillati; Actinomycetota; Actinomycetes; Mycobacteriales; Mycobacteriaceae; Mycobacterium; Mycobacterium avium complex (MAC),0,3_313_KshA15#4,core,0.9276,0,0,0,0,[alpha] > other > other > other > other
NZ_LZJV01000056.1:27976-29158:-1,WP_067832828.1,A5682_RS11075,,Rieske 2Fe-2S domain-containing protein,3_313_KshA15,3,837.0,0.972,1.5e-252,NZ_LZJV01000056.1,27976,29158,-1,Mycobacterium mantenii,Bacteria; Bacillati; Actinomycetota; Actinomycetes; Mycobacteriales; Mycobacteriaceae; Mycobacterium; Mycobacterium avium complex (MAC),0,3_313_KshA15#3,core,0.9331,0,0,0,0,[alpha] > hypothetical
NZ_LZJS01000113.1:46179-47199:-1,WP_064952856.1,A5685_RS16200,,Rieske 2Fe-2S domain-containing protein,3_313_KshA15,3,103.5,0.5471,9.2e-30,NZ_LZJS01000113.1,46179,47199,-1,Mycobacterium colombiense,Bacteria; Bacillati; Actinomycetota; Actinomycetes; Mycobacteriales; Mycobacteriaceae; Mycobacterium; Mycobacterium avium complex (MAC),0,3_313_KshA15#0,core,0.8821,0,0,0,0,[alpha] > reductase
NZ_LZJY01000375.1:5444-6437:1,WP_067309916.1,A5679_RS21500,,Rieske 2Fe-2S domain-containing protein,3_313_KshA15,3,113.0,0.799,1.2e-32,NZ_LZJY01000375.1,5444,6437,1,Mycobacterium scrofulaceum,Bacteria; Bacillati; Actinomycetota; Actinomycetes; Mycobacteriales; Mycobacteriaceae; Mycobacterium,0,3_313_KshA15#2,core,0.8854,0,0,0,0,[alpha] > hydrolase > hydrolase > other > other
NZ_LZJY01000430.1:20794-21937:1,WP_067277067.1,A5679_RS24140,,Rieske 2Fe-2S domain-containing protein,3_313_KshA15,3,581.6,0.9618,5.4e-175,NZ_LZJY01000430.1,20794,21937,1,Mycobacterium scrofulaceum,Bacteria; Bacillati; Actinomycetota; Actinomycetes; Mycobacteriales; Mycobacteriaceae; Mycobacterium,0,3_313_KshA15#1,core,0.8567,0,0,0,0,[alpha] > ferredoxin
NZ_LZKC01000340.1:1901-3038:-1,WP_068075618.1,A5714_RS17920,,Rieske 2Fe-2S domain-containing protein,3_313_KshA15,3,570.0,0.9415,1.9e-171,NZ_LZKC01000340.1,1901,3038,-1,Mycobacterium sp. E2462,Bacteria; Bacillati; Actinomycetota; Actinomycetes; Mycobacteriales; Mycobacteriaceae; Mycobacterium,0,3_313_KshA15#22,core,0.8715,0,0,0,0,hypothetical > [alpha] > ferredoxin
NZ_LZJV01000128.1:112162-113170:-1,WP_067837965.1,A5682_RS22545,,Rieske 2Fe-2S domain-containing protein,3_313_KshA15,3,110.1,0.8015,9.2e-32,NZ_LZJV01000128.1,112162,113170,-1,Mycobacterium mantenii,Bacteria; Bacillati; Actinomycetota; Actinomycetes; Mycobacteriales; Mycobacteriaceae; Mycobacterium; Mycobacterium avium complex (MAC),0,3_313_KshA15#2,core,0.9143,0,0,0,0,[alpha] > hydrolase > hydrolase > other > other > reductase
NZ_LZJV01000163.1:25966-26965:1,WP_067839702.1,A5682_RS25595,,Rieske 2Fe-2S domain-containing protein,3_313_KshA15,3,102.9,0.5725,1.4e-29,NZ_LZJV01000163.1,25966,26965,1,Mycobacterium mantenii,Bacteria; Bacillati; Actinomycetota; Actinomycetes; Mycobacteriales; Mycobacteriaceae; Mycobacterium; Mycobacterium avium complex (MAC),0,3_313_KshA15#0,core,0.9149,0,0,0,0,[alpha] > reductase
NZ_LZKC01000119.1:242-1268:1,WP_068283567.1,A5714_RS05615,,Rieske 2Fe-2S domain-containing protein,3_313_KshA15,3,109.4,0.6234,1.4e-31,NZ_LZKC01000119.1,242,1268,1,Mycobacterium sp. E2462,Bacteria; Bacillati; Actinomycetota; Actinomycetes; Mycobacteriales; Mycobacteriaceae; Mycobacterium,0,3_313_KshA15#0,core,0.9117,0,0,0,0,[alpha] > reductase
NZ_LZKC01000166.1:33093-34266:-1,WP_068284377.1,A5714_RS07780,,Rieske 2Fe-2S domain-containing protein,3_313_KshA15,3,838.8,0.9771,4.1e-253,NZ_LZKC01000166.1,33093,34266,-1,Mycobacterium sp. E2462,Bacteria; Bacillati; Actinomycetota; Actinomycetes; Mycobacteriales; Mycobacteriaceae; Mycobacterium,0,3_313_KshA15#3,core,0.9268,0,0,0,0,[alpha] > hypothetical
NZ_LZKC01000181.1:23922-25047:-1,WP_369828256.1,A5714_RS08775,,aromatic ring-hydroxylating dioxygenase subunit alpha,3_313_KshA15,3,110.7,0.5929,5.8e-32,NZ_LZKC01000181.1,23922,25047,-1,Mycobacterium sp. E2462,Bacteria; Bacillati; Actinomycetota; Actinomycetes; Mycobacteriales; Mycobacteriaceae; Mycobacterium,0,3_313_KshA15#4,core,0.9247,0,0,0,0,[alpha]
NZ_LZJZ01000122.1:118292-119300:-1,WP_068047038.1,A5678_RS22545,,Rieske 2Fe-2S domain-containing protein,3_313_KshA15,3,112.3,0.6209,1.9e-32,NZ_LZJZ01000122.1,118292,119300,-1,Mycobacterium sp. E2733,Bacteria; Bacillati; Actinomycetota; Actinomycetes; Mycobacteriales; Mycobacteriaceae; Mycobacterium,0,3_313_KshA15#15,core,0.9364,0,0,0,0,[alpha] > reductase
NZ_LZKA01000015.1:18345-19377:1,WP_064895986.1,A5716_RS05605,,Rieske 2Fe-2S domain-containing protein,3_313_KshA15,3,110.9,0.6285,5.2e-32,NZ_LZKA01000015.1,18345,19377,1,Mycolicibacterium conceptionense,Bacteria; Bacillati; Actinomycetota; Actinomycetes; Mycobacteriales; Mycobacteriaceae; Mycolicibacterium,0,3_313_KshA15#0,core,0.8679,0,0,0,0,[alpha] > reductase > regulator
NZ_LZKD01000071.1:65865-66858:-1,WP_068093474.1,A5713_RS05720,,Rieske 2Fe-2S domain-containing protein,3_313_KshA15,3,113.4,0.799,8.7e-33,NZ_LZKD01000071.1,65865,66858,-1,Mycobacterium sp. E2497,Bacteria; Bacillati; Actinomycetota; Actinomycetes; Mycobacteriales; Mycobacteriaceae; Mycobacterium,0,3_313_KshA15#2,core,0.8858,0,0,0,0,[alpha] > hydrolase > hydrolase > other > other > other
NZ_LZKD01000113.1:47540-48683:1,WP_067928358.1,A5713_RS08760,,Rieske 2Fe-2S domain-containing protein,3_313_KshA15,3,583.6,0.9593,1.3e-175,NZ_LZKD01000113.1,47540,48683,1,Mycobacterium sp. E2497,Bacteria; Bacillati; Actinomycetota; Actinomycetes; Mycobacteriales; Mycobacteriaceae; Mycobacterium,0,3_313_KshA15#1,core,0.8567,0,0,0,0,[alpha] > ferredoxin > other
NZ_LZKD01000250.1:2088-3231:-1,WP_068098636.1,A5713_RS23895,,Rieske 2Fe-2S domain-containing protein,3_313_KshA15,3,584.5,0.9517,7.1e-176,NZ_LZKD01000250.1,2088,3231,-1,Mycobacterium sp. E2497,Bacteria; Bacillati; Actinomycetota; Actinomycetes; Mycobacteriales; Mycobacteriaceae; Mycobacterium,0,3_313_KshA15#1,core,0.8457,0,0,0,0,[alpha] > ferredoxin
NZ_LZKD01000255.1:16782-17790:1,WP_068098703.1,A5713_RS24145,,Rieske 2Fe-2S domain-containing protein,3_313_KshA15,3,113.5,0.6183,8.2e-33,NZ_LZKD01000255.1,16782,17790,1,Mycobacterium sp. E2497,Bacteria; Bacillati; Actinomycetota; Actinomycetes; Mycobacteriales; Mycobacteriaceae; Mycobacterium,0,3_313_KshA15#15,core,0.9541,0,0,0,0,[alpha] > reductase
NZ_LZKD01000275.1:4092-5250:-1,WP_068099085.1,A5713_RS25675,,Rieske 2Fe-2S domain-containing protein,3_313_KshA15,3,837.6,0.9669,9.6e-253,NZ_LZKD01000275.1,4092,5250,-1,Mycobacterium sp. E2497,Bacteria; Bacillati; Actinomycetota; Actinomycetes; Mycobacteriales; Mycobacteriaceae; Mycobacterium,0,3_313_KshA15#3,core,0.9353,0,0,0,0,[alpha] > hypothetical
NZ_LZKD01000181.1:43697-44825:1,WP_156751916.1,A5713_RS16855,,aromatic ring-hydroxylating dioxygenase subunit alpha,3_313_KshA15,3,113.7,0.5725,7.3e-33,NZ_LZKD01000181.1,43697,44825,1,Mycobacterium sp. E2497,Bacteria; Bacillati; Actinomycetota; Actinomycetes; Mycobacteriales; Mycobacteriaceae; Mycobacterium,0,3_313_KshA15#4,core,0.9186,0,0,0,0,[alpha] > other > other > other > other
NZ_LZKD01000225.1:990-2136:1,WP_068098166.1,A5713_RS20395,,Rieske 2Fe-2S domain-containing protein,3_313_KshA15,3,771.1,0.9593,1.5e-232,NZ_LZKD01000225.1,990,2136,1,Mycobacterium sp. E2497,Bacteria; Bacillati; Actinomycetota; Actinomycetes; Mycobacteriales; Mycobacteriaceae; Mycobacterium,0,3_313_KshA15#5,core,0.9272,0,0,0,0,other > [alpha]
NZ_LZJZ01000084.1:15055-16213:1,WP_068043677.1,A5678_RS15075,,Rieske 2Fe-2S domain-containing protein,3_313_KshA15,3,835.7,0.9669,3.6e-252,NZ_LZJZ01000084.1,15055,16213,1,Mycobacterium sp. E2733,Bacteria; Bacillati; Actinomycetota; Actinomycetes; Mycobacteriales; Mycobacteriaceae; Mycobacterium,0,3_313_KshA15#3,core,0.9389,0,0,0,0,[alpha] > hypothetical
NZ_LZKE01000018.1:23909-25055:-1,WP_068100738.1,A5712_RS01950,,Rieske 2Fe-2S domain-containing protein,3_313_KshA15,3,764.2,0.9567,1.9e-230,NZ_LZKE01000018.1,23909,25055,-1,Mycobacterium sp. E2327,Bacteria; Bacillati; Actinomycetota; Actinomycetes; Mycobacteriales; Mycobacteriaceae; Mycobacterium,0,3_313_KshA15#5,core,0.854,0,0,0,0,other > reductase > hydrolase > [alpha]
NZ_LZKE01000027.1:26802-27927:1,WP_068101157.1,A5712_RS03170,,Rieske 2Fe-2S domain-containing protein,3_313_KshA15,3,579.5,0.9466,2.4e-174,NZ_LZKE01000027.1,26802,27927,1,Mycobacterium sp. E2327,Bacteria; Bacillati; Actinomycetota; Actinomycetes; Mycobacteriales; Mycobacteriaceae; Mycobacterium,0,3_313_KshA15#1,core,0.7707,0,0,0,0,[alpha] > ferredoxin
NZ_LZKE01000248.1:8138-9128:-1,WP_068113379.1,A5712_RS28380,,Rieske 2Fe-2S domain-containing protein,3_313_KshA15,3,109.6,0.631,1.3e-31,NZ_LZKE01000248.1,8138,9128,-1,Mycobacterium sp. E2327,Bacteria; Bacillati; Actinomycetota; Actinomycetes; Mycobacteriales; Mycobacteriaceae; Mycobacterium,0,3_313_KshA15#15,core,0.9011,0,0,0,0,[alpha] > reductase
NZ_LZKG01000002.1:11799-12921:-1,WP_064923216.1,A5710_RS00070,,Rieske 2Fe-2S domain-containing protein,3_313_KshA15,3,561.5,0.9338,7.2e-169,NZ_LZKG01000002.1,11799,12921,-1,Mycolicibacter sinensis,Bacteria; Bacillati; Actinomycetota; Actinomycetes; Mycobacteriales; Mycobacteriaceae; Mycolicibacter,0,3_313_KshA15#12,core,0.6965,0,0,0,0,regulator > regulator > other > other > [alpha]
NZ_LZKG01000016.1:2392-3550:-1,WP_064921945.1,A5710_RS01895,,Rieske 2Fe-2S domain-containing protein,3_313_KshA15,3,775.2,0.972,9e-234,NZ_LZKG01000016.1,2392,3550,-1,Mycolicibacter sinensis,Bacteria; Bacillati; Actinomycetota; Actinomycetes; Mycobacteriales; Mycobacteriaceae; Mycolicibacter,0,3_313_KshA15#3,core,0.7627,0,0,0,0,[alpha] > hypothetical
NZ_LZKG01000039.1:25825-27001:-1,WP_065019016.1,A5710_RS04460,,Rieske 2Fe-2S domain-containing protein,3_313_KshA15,3,549.5,0.9338,3e-165,NZ_LZKG01000039.1,25825,27001,-1,Mycolicibacter sinensis,Bacteria; Bacillati; Actinomycetota; Actinomycetes; Mycobacteriales; Mycobacteriaceae; Mycolicibacter,0,3_313_KshA15#1,core,0.7913,0,0,0,0,[alpha] > hypothetical
NZ_LZKE01000116.1:30864-32034:1,WP_068105474.1,A5712_RS13295,,Rieske 2Fe-2S domain-containing protein,3_313_KshA15,3,836.2,0.972,2.7e-252,NZ_LZKE01000116.1,30864,32034,1,Mycobacterium sp. E2327,Bacteria; Bacillati; Actinomycetota; Actinomycetes; Mycobacteriales; Mycobacteriaceae; Mycobacterium,0,3_313_KshA15#3,core,0.9117,0,0,0,0,[alpha] > hypothetical
NZ_LZKE01000199.1:44742-45735:-1,WP_068110047.1,A5712_RS22625,,Rieske 2Fe-2S domain-containing protein,3_313_KshA15,3,109.7,0.799,1.1e-31,NZ_LZKE01000199.1,44742,45735,-1,Mycobacterium sp. E2327,Bacteria; Bacillati; Actinomycetota; Actinomycetes; Mycobacteriales; Mycobacteriaceae; Mycobacterium,0,3_313_KshA15#2,core,0.8877,0,0,0,0,[alpha] > hypothetical > hydrolase > hydrolase > other
NZ_LZKE01000213.1:29608-30736:-1,WP_152531247.1,A5712_RS24245,,Rieske 2Fe-2S domain-containing protein,3_313_KshA15,3,109.5,0.5929,1.4e-31,NZ_LZKE01000213.1,29608,30736,-1,Mycobacterium sp. E2327,Bacteria; Bacillati; Actinomycetota; Actinomycetes; Mycobacteriales; Mycobacteriaceae; Mycobacterium,0,3_313_KshA15#4,core,0.9384,0,0,0,0,[alpha] > other > other > other > other > other
NZ_LZJZ01000012.1:71027-72155:-1,WP_156746711.1,A5678_RS00855,,aromatic ring-hydroxylating dioxygenase subunit alpha,3_313_KshA15,3,113.4,0.5929,8.6e-33,NZ_LZJZ01000012.1,71027,72155,-1,Mycobacterium sp. E2733,Bacteria; Bacillati; Actinomycetota; Actinomycetes; Mycobacteriales; Mycobacteriaceae; Mycobacterium,0,3_313_KshA15#4,core,0.9724,0,0,0,0,[alpha] > other > other > other > other
NZ_LZJZ01000012.1:125615-126608:1,WP_068037137.1,A5678_RS01115,,Rieske 2Fe-2S domain-containing protein,3_313_KshA15,3,115.2,0.799,2.5e-33,NZ_LZJZ01000012.1,125615,126608,1,Mycobacterium sp. E2733,Bacteria; Bacillati; Actinomycetota; Actinomycetes; Mycobacteriales; Mycobacteriaceae; Mycobacterium,0,3_313_KshA15#2,core,0.9094,0,0,0,0,[alpha] > hydrolase > hydrolase > other
NZ_LZJZ01000021.1:125249-126386:-1,WP_068039170.1,A5678_RS04740,,Rieske 2Fe-2S domain-containing protein,3_313_KshA15,3,578.8,0.9517,4e-174,NZ_LZJZ01000021.1,125249,126386,-1,Mycobacterium sp. E2733,Bacteria; Bacillati; Actinomycetota; Actinomycetes; Mycobacteriales; Mycobacteriaceae; Mycobacterium,0,3_313_KshA15#22,core,0.8712,0,0,0,0,[alpha] > ferredoxin
NZ_LZKH01000008.1:1625-2753:-1,WP_156673154.1,A5709_RS00445,,aromatic ring-hydroxylating dioxygenase subunit alpha,3_313_KshA15,3,118.2,0.598,3.1e-34,NZ_LZKH01000008.1,1625,2753,-1,Mycobacterium sp. E1386,Bacteria; Bacillati; Actinomycetota; Actinomycetes; Mycobacteriales; Mycobacteriaceae; Mycobacterium,0,3_313_KshA15#4,core,0.942,0,0,0,0,[alpha] > other
NZ_LZKH01000008.1:48021-49014:1,WP_067943586.1,A5709_RS00670,,Rieske 2Fe-2S domain-containing protein,3_313_KshA15,3,111.0,0.799,4.6e-32,NZ_LZKH01000008.1,48021,49014,1,Mycobacterium sp. E1386,Bacteria; Bacillati; Actinomycetota; Actinomycetes; Mycobacteriales; Mycobacteriaceae; Mycobacterium,0,3_313_KshA15#2,core,0.9158,0,0,0,0,[alpha] > hydrolase > hydrolase > other > other
NZ_LZKH01000025.1:4163-5321:-1,WP_068117848.1,A5709_RS02865,,Rieske 2Fe-2S domain-containing protein,3_313_KshA15,3,835.4,0.9669,4.5e-252,NZ_LZKH01000025.1,4163,5321,-1,Mycobacterium sp. E1386,Bacteria; Bacillati; Actinomycetota; Actinomycetes; Mycobacteriales; Mycobacteriaceae; Mycobacterium,0,3_313_KshA15#3,core,0.9357,0,0,0,0,[alpha] > hypothetical
NZ_LZKG01000055.1:6127-7138:-1,WP_064920811.1,A5710_RS06370,,aromatic ring-hydroxylating dioxygenase subunit alpha,3_313_KshA15,3,115.6,0.8092,1.9e-33,NZ_LZKG01000055.1,6127,7138,-1,Mycolicibacter sinensis,Bacteria; Bacillati; Actinomycetota; Actinomycetes; Mycobacteriales; Mycobacteriaceae; Mycolicibacter,0,3_313_KshA15#2,core,0.8571,0,0,0,0,[alpha] > other > other
NZ_LZKG01000085.1:20452-21484:-1,WP_065019210.1,A5710_RS11030,,Rieske 2Fe-2S domain-containing protein,3_313_KshA15,3,100.7,0.6183,6.3e-29,NZ_LZKG01000085.1,20452,21484,-1,Mycolicibacter sinensis,Bacteria; Bacillati; Actinomycetota; Actinomycetes; Mycobacteriales; Mycobacteriaceae; Mycolicibacter,0,3_313_KshA15#0,core,0.8865,0,0,0,0,[alpha] > reductase
NZ_LZKH01000088.1:12664-13810:-1,WP_067944602.1,A5709_RS10405,,Rieske 2Fe-2S domain-containing protein,3_313_KshA15,3,768.6,0.9593,9e-232,NZ_LZKH01000088.1,12664,13810,-1,Mycobacterium sp. E1386,Bacteria; Bacillati; Actinomycetota; Actinomycetes; Mycobacteriales; Mycobacteriaceae; Mycobacterium,0,3_313_KshA15#43,core,0.9513,0,0,0,0,hypothetical > [alpha]
NZ_LZKH01000191.1:13997-15005:1,WP_067950764.1,A5709_RS19255,,Rieske 2Fe-2S domain-containing protein,3_313_KshA15,3,102.2,0.6158,2.2e-29,NZ_LZKH01000191.1,13997,15005,1,Mycobacterium sp. E1386,Bacteria; Bacillati; Actinomycetota; Actinomycetes; Mycobacteriales; Mycobacteriaceae; Mycobacterium,0,3_313_KshA15#0,core,0.8905,0,0,0,0,[alpha] > reductase
NZ_LZKH01000213.1:22135-23278:1,WP_068009095.1,A5709_RS21890,,Rieske 2Fe-2S domain-containing protein,3_313_KshA15,3,582.0,0.9618,4.3e-175,NZ_LZKH01000213.1,22135,23278,1,Mycobacterium sp. E1386,Bacteria; Bacillati; Actinomycetota; Actinomycetes; Mycobacteriales; Mycobacteriaceae; Mycobacterium,0,3_313_KshA15#1,core,0.8535,0,0,0,0,[alpha]
NZ_LZKI01000067.1:29066-30191:-1,WP_065028286.1,A5708_RS08980,,Rieske 2Fe-2S domain-containing protein,3_313_KshA15,3,578.5,0.9517,4.7e-174,NZ_LZKI01000067.1,29066,30191,-1,Mycobacterium colombiense,Bacteria; Bacillati; Actinomycetota; Actinomycetes; Mycobacteriales; Mycobacteriaceae; Mycobacterium; Mycobacterium avium complex (MAC),0,3_313_KshA15#1,core,0.925,0,0,0,0,[alpha] > ferredoxin
NZ_LZKI01000006.1:102241-103249:-1,WP_065026892.1,A5708_RS01335,,Rieske 2Fe-2S domain-containing protein,3_313_KshA15,3,105.7,0.57,2e-30,NZ_LZKI01000006.1,102241,103249,-1,Mycobacterium colombiense,Bacteria; Bacillati; Actinomycetota; Actinomycetes; Mycobacteriales; Mycobacteriaceae; Mycobacterium; Mycobacterium avium complex (MAC),0,3_313_KshA15#0,core,0.9011,0,0,0,0,[alpha] > reductase
NZ_LZKI01000033.1:1578-2586:1,WP_065027323.1,A5708_RS03670,,Rieske 2Fe-2S domain-containing protein,3_313_KshA15,3,110.5,0.8117,6.5e-32,NZ_LZKI01000033.1,1578,2586,1,Mycobacterium colombiense,Bacteria; Bacillati; Actinomycetota; Actinomycetes; Mycobacteriales; Mycobacteriaceae; Mycobacterium; Mycobacterium avium complex (MAC),0,3_313_KshA15#2,core,0.9018,0,0,0,0,[alpha] > hydrolase > hydrolase > other
NZ_LZKJ01000009.1:1752-2892:-1,WP_065012605.1,A5707_RS00645,,Rieske 2Fe-2S domain-containing protein,3_313_KshA15,3,577.5,0.9542,9.6e-174,NZ_LZKJ01000009.1,1752,2892,-1,Mycobacterium kyorinense,Bacteria; Bacillati; Actinomycetota; Actinomycetes; Mycobacteriales; Mycobacteriaceae; Mycobacterium,0,3_313_KshA15#1,core,0.8,0,0,0,0,[alpha] > ferredoxin
NZ_LZKJ01000034.1:51142-52297:-1,WP_065012950.1,A5707_RS02520,,Rieske 2Fe-2S domain-containing protein,3_313_KshA15,3,813.0,0.9695,2.9e-245,NZ_LZKJ01000034.1,51142,52297,-1,Mycobacterium kyorinense,Bacteria; Bacillati; Actinomycetota; Actinomycetes; Mycobacteriales; Mycobacteriaceae; Mycobacterium,0,3_313_KshA15#5,core,0.8549,0,0,0,0,[alpha] > hypothetical
NZ_LZKJ01000070.1:16238-17327:-1,WP_065013851.1,A5707_RS07350,,aromatic ring-hydroxylating dioxygenase subunit alpha,3_313_KshA15,3,122.4,0.8168,1.7e-35,NZ_LZKJ01000070.1,16238,17327,-1,Mycobacterium kyorinense,Bacteria; Bacillati; Actinomycetota; Actinomycetes; Mycobacteriales; Mycobacteriaceae; Mycobacterium,0,3_313_KshA15#4,core,0.8703,0,0,0,0,[alpha] > other > other > other > other > other
NZ_LZKI01000073.1:151040-152219:1,WP_065028543.1,A5708_RS10470,,Rieske 2Fe-2S domain-containing protein,3_313_KshA15,3,837.9,0.9746,7.7e-253,NZ_LZKI01000073.1,151040,152219,1,Mycobacterium colombiense,Bacteria; Bacillati; Actinomycetota; Actinomycetes; Mycobacteriales; Mycobacteriaceae; Mycobacterium; Mycobacterium avium complex (MAC),0,3_313_KshA15#3,core,0.9304,0,0,0,0,[alpha] > hypothetical
NZ_LZKJ01000093.1:13639-14632:-1,WP_065014367.1,A5707_RS10135,,Rieske 2Fe-2S domain-containing protein,3_313_KshA15,3,110.6,0.799,6.4e-32,NZ_LZKJ01000093.1,13639,14632,-1,Mycobacterium kyorinense,Bacteria; Bacillati; Actinomycetota; Actinomycetes; Mycobacteriales; Mycobacteriaceae; Mycobacterium,0,3_313_KshA15#2,core,0.8732,0,0,0,0,[alpha] > hydrolase > other
NZ_LZKK01000024.1:17615-18761:1,WP_068126463.1,A5706_RS01690,,Rieske 2Fe-2S domain-containing protein,3_313_KshA15,3,764.7,0.9567,1.3e-230,NZ_LZKK01000024.1,17615,18761,1,Mycobacterium sp. E796,Bacteria; Bacillati; Actinomycetota; Actinomycetes; Mycobacteriales; Mycobacteriaceae; Mycobacterium,0,3_313_KshA15#5,core,0.8812,0,0,0,0,other > reductase > hydrolase > [alpha]
NZ_LZKK01000107.1:13873-14854:1,WP_068129089.1,A5706_RS08615,,Rieske 2Fe-2S domain-containing protein,3_313_KshA15,3,105.1,0.626,2.9e-30,NZ_LZKK01000107.1,13873,14854,1,Mycobacterium sp. E796,Bacteria; Bacillati; Actinomycetota; Actinomycetes; Mycobacteriales; Mycobacteriaceae; Mycobacterium,0,3_313_KshA15#15,core,0.8582,0,0,0,0,[alpha] > reductase
NZ_LZKK01000140.1:28171-29164:1,WP_068130036.1,A5706_RS10820,,Rieske 2Fe-2S domain-containing protein,3_313_KshA15,3,108.6,0.799,2.5e-31,NZ_LZKK01000140.1,28171,29164,1,Mycobacterium sp. E796,Bacteria; Bacillati; Actinomycetota; Actinomycetes; Mycobacteriales; Mycobacteriaceae; Mycobacterium,0,3_313_KshA15#2,core,0.8763,0,0,0,0,[alpha] > hypothetical > other
NZ_LZKK01000236.1:7559-8729:1,WP_068133008.1,A5706_RS17675,,Rieske 2Fe-2S domain-containing protein,3_313_KshA15,3,835.9,0.972,3.3e-252,NZ_LZKK01000236.1,7559,8729,1,Mycobacterium sp. E796,Bacteria; Bacillati; Actinomycetota; Actinomycetes; Mycobacteriales; Mycobacteriaceae; Mycobacterium,0,3_313_KshA15#3,core,0.9117,0,0,0,0,[alpha] > hypothetical
NZ_LZKO01000156.1:4454-5471:1,WP_061264468.1,A5664_RS25660,,Rieske 2Fe-2S domain-containing protein,3_313_KshA15,3,105.8,0.8015,1.8e-30,NZ_LZKO01000156.1,4454,5471,1,Mycolicibacterium fortuitum,Bacteria; Bacillati; Actinomycetota; Actinomycetes; Mycobacteriales; Mycobacteriaceae; Mycolicibacterium,0,3_313_KshA15#2,core,0.7394,0,0,0,0,[alpha] > hydrolase > other
NZ_LZKP01000007.1:859-1858:-1,WP_068142912.1,A5663_RS00290,,aromatic ring-hydroxylating dioxygenase subunit alpha,3_313_KshA15,3,107.3,0.8041,6.2e-31,NZ_LZKP01000007.1,859,1858,-1,Mycobacterium sp. E740,Bacteria; Bacillati; Actinomycetota; Actinomycetes; Mycobacteriales; Mycobacteriaceae; Mycobacterium,0,3_313_KshA15#2,core,0.7621,0,0,0,0,[alpha] > hydrolase
NZ_LZKP01000012.1:11135-12245:1,WP_068143033.1,A5663_RS00935,,aromatic ring-hydroxylating dioxygenase subunit alpha,3_313_KshA15,3,114.3,0.8117,4.7e-33,NZ_LZKP01000012.1,11135,12245,1,Mycobacterium sp. E740,Bacteria; Bacillati; Actinomycetota; Actinomycetes; Mycobacteriales; Mycobacteriaceae; Mycobacterium,0,3_313_KshA15#4,core,0.8362,0,0,0,0,[alpha] > other > other > other > other
NZ_LZKP01000099.1:13853-15023:1,WP_068147176.1,A5663_RS09415,,Rieske 2Fe-2S domain-containing protein,3_313_KshA15,3,825.2,0.9771,5.8e-249,NZ_LZKP01000099.1,13853,15023,1,Mycobacterium sp. E740,Bacteria; Bacillati; Actinomycetota; Actinomycetes; Mycobacteriales; Mycobacteriaceae; Mycobacterium,0,3_313_KshA15#5,core,0.8414,0,0,0,0,[alpha] > hypothetical > other
NZ_LZKP01000145.1:5452-6592:-1,WP_068149665.1,A5663_RS13675,,Rieske 2Fe-2S domain-containing protein,3_313_KshA15,3,585.5,0.9466,3.5e-176,NZ_LZKP01000145.1,5452,6592,-1,Mycobacterium sp. E740,Bacteria; Bacillati; Actinomycetota; Actinomycetes; Mycobacteriales; Mycobacteriaceae; Mycobacterium,0,3_313_KshA15#1,core,0.8125,0,0,0,0,[alpha] > ferredoxin
NZ_LZKP01000161.1:22345-23398:-1,WP_068150696.1,A5663_RS15440,,Rieske 2Fe-2S domain-containing protein,3_313_KshA15,3,108.2,0.6285,3.2e-31,NZ_LZKP01000161.1,22345,23398,-1,Mycobacterium sp. E740,Bacteria; Bacillati; Actinomycetota; Actinomycetes; Mycobacteriales; Mycobacteriaceae; Mycobacterium,0,3_313_KshA15#0,core,0.6797,0,0,0,0,[alpha] > reductase > regulator
NZ_LZKK01000295.1:14240-15368:1,WP_156767275.1,A5706_RS22380,,Rieske 2Fe-2S domain-containing protein,3_313_KshA15,3,109.6,0.5929,1.3e-31,NZ_LZKK01000295.1,14240,15368,1,Mycobacterium sp. E796,Bacteria; Bacillati; Actinomycetota; Actinomycetes; Mycobacteriales; Mycobacteriaceae; Mycobacterium,0,3_313_KshA15#4,core,0.9384,0,0,0,0,[alpha] > other > other > other > other > other
NZ_LZKK01000325.1:43388-44423:-1,WP_068137444.1,A5706_RS26035,,Rieske 2Fe-2S domain-containing protein,3_313_KshA15,3,97.2,0.5623,7.4e-28,NZ_LZKK01000325.1,43388,44423,-1,Mycobacterium sp. E796,Bacteria; Bacillati; Actinomycetota; Actinomycetes; Mycobacteriales; Mycobacteriaceae; Mycobacterium,0,3_313_KshA15#0,core,0.6344,0,0,0,0,hydrolase > [alpha] > reductase > hypothetical > reductase
NZ_LZKQ01000155.1:11928-13095:1,WP_065121312.1,A9X01_RS13715,,Rieske 2Fe-2S domain-containing protein,3_313_KshA15,3,833.3,0.972,1.9e-251,NZ_LZKQ01000155.1,11928,13095,1,Mycobacterium asiaticum,Bacteria; Bacillati; Actinomycetota; Actinomycetes; Mycobacteriales; Mycobacteriaceae; Mycobacterium,0,3_313_KshA15#3,core,0.8822,0,0,0,0,[alpha] > hypothetical
NZ_LZKQ01000285.1:3074-4208:-1,WP_065123078.1,A9X01_RS23785,,Rieske 2Fe-2S domain-containing protein,3_313_KshA15,3,590.0,0.9491,1.6e-177,NZ_LZKQ01000285.1,3074,4208,-1,Mycobacterium asiaticum,Bacteria; Bacillati; Actinomycetota; Actinomycetes; Mycobacteriales; Mycobacteriaceae; Mycobacterium,0,3_313_KshA15#1,core,0.8831,0,0,0,0,[alpha] > ferredoxin > reductase
NZ_LZKK01000374.1:22064-23201:-1,WP_068140255.1,A5706_RS31070,,Rieske 2Fe-2S domain-containing protein,3_313_KshA15,3,580.7,0.9567,1e-174,NZ_LZKK01000374.1,22064,23201,-1,Mycobacterium sp. E796,Bacteria; Bacillati; Actinomycetota; Actinomycetes; Mycobacteriales; Mycobacteriaceae; Mycobacterium,0,3_313_KshA15#1,core,0.8339,0,0,0,0,[alpha] > ferredoxin
NZ_LZKL01000025.1:72332-73478:-1,WP_067880820.1,A5705_RS04465,,Rieske 2Fe-2S domain-containing protein,3_313_KshA15,3,769.8,0.9618,3.8e-232,NZ_LZKL01000025.1,72332,73478,-1,Mycobacterium sp. E787,Bacteria; Bacillati; Actinomycetota; Actinomycetes; Mycobacteriales; Mycobacteriaceae; Mycobacterium,0,3_313_KshA15#5,core,0.8981,0,0,0,0,[alpha]
NZ_LZKQ01000331.1:68439-69456:1,WP_065123797.1,A9X01_RS27875,,Rieske 2Fe-2S domain-containing protein,3_313_KshA15,3,116.9,0.6387,7.6e-34,NZ_LZKQ01000331.1,68439,69456,1,Mycobacterium asiaticum,Bacteria; Bacillati; Actinomycetota; Actinomycetes; Mycobacteriales; Mycobacteriaceae; Mycobacterium,0,3_313_KshA15#0,core,0.7842,0,0,0,0,[alpha] > reductase
NZ_LZKQ01000332.1:7934-8951:1,WP_065123833.1,A9X01_RS28030,,Rieske 2Fe-2S domain-containing protein,3_313_KshA15,3,113.7,0.8015,7e-33,NZ_LZKQ01000332.1,7934,8951,1,Mycobacterium asiaticum,Bacteria; Bacillati; Actinomycetota; Actinomycetes; Mycobacteriales; Mycobacteriaceae; Mycobacterium,0,3_313_KshA15#2,core,0.8475,0,0,0,0,[alpha] > hydrolase > other
NZ_LZKL01000056.1:27896-28913:1,WP_067882624.1,A5705_RS12375,,Rieske 2Fe-2S domain-containing protein,3_313_KshA15,3,109.8,0.6361,1.1e-31,NZ_LZKL01000056.1,27896,28913,1,Mycobacterium sp. E787,Bacteria; Bacillati; Actinomycetota; Actinomycetes; Mycobacteriales; Mycobacteriaceae; Mycobacterium,0,3_313_KshA15#0,core,0.7957,0,0,0,0,[alpha] > reductase
NZ_LZKL01000061.1:4050-5208:-1,WP_067873222.1,A5705_RS13200,,Rieske 2Fe-2S domain-containing protein,3_313_KshA15,3,838.9,0.9669,3.9e-253,NZ_LZKL01000061.1,4050,5208,-1,Mycobacterium sp. E787,Bacteria; Bacillati; Actinomycetota; Actinomycetes; Mycobacteriales; Mycobacteriaceae; Mycobacterium,0,3_313_KshA15#3,core,0.9383,0,0,0,0,[alpha] > hypothetical
NZ_LZKL01000064.1:248701-249829:-1,WP_197516915.1,A5705_RS14430,,aromatic ring-hydroxylating dioxygenase subunit alpha,3_313_KshA15,3,111.2,0.5725,4.1e-32,NZ_LZKL01000064.1,248701,249829,-1,Mycobacterium sp. E787,Bacteria; Bacillati; Actinomycetota; Actinomycetes; Mycobacteriales; Mycobacteriaceae; Mycobacterium,0,3_313_KshA15#4,core,0.9103,0,0,0,0,[alpha] > other > other > other > other
NZ_LZKR01000194.1:17161-18154:1,WP_067159736.1,A9X00_RS25160,,Rieske 2Fe-2S domain-containing protein,3_313_KshA15,3,110.9,0.799,5e-32,NZ_LZKR01000194.1,17161,18154,1,Mycobacterium sp. 1245805.9,Bacteria; Bacillati; Actinomycetota; Actinomycetes; Mycobacteriales; Mycobacteriaceae; Mycobacterium,0,3_313_KshA15#2,core,0.9255,0,0,0,0,[alpha] > hydrolase > hydrolase > other
NZ_LZKT01000027.1:5271-6408:1,WP_067317066.1,A5660_RS03780,,Rieske 2Fe-2S domain-containing protein,3_313_KshA15,3,577.2,0.9517,1.2e-173,NZ_LZKT01000027.1,5271,6408,1,Mycobacterium alsense,Bacteria; Bacillati; Actinomycetota; Actinomycetes; Mycobacteriales; Mycobacteriaceae; Mycobacterium,0,3_313_KshA15#9,core,0.8769,0,0,0,0,[alpha] > ferredoxin
NZ_LZKR01000027.1:24522-25512:-1,WP_067149519.1,A9X00_RS04205,,Rieske 2Fe-2S domain-containing protein,3_313_KshA15,3,104.1,0.626,5.8e-30,NZ_LZKR01000027.1,24522,25512,-1,Mycobacterium sp. 1245805.9,Bacteria; Bacillati; Actinomycetota; Actinomycetes; Mycobacteriales; Mycobacteriaceae; Mycobacterium,0,3_313_KshA15#15,core,0.8834,0,0,0,0,[alpha] > reductase
NZ_LZKR01000047.1:6463-7588:1,WP_067151299.1,A9X00_RS07540,,Rieske 2Fe-2S domain-containing protein,3_313_KshA15,3,580.5,0.9466,1.2e-174,NZ_LZKR01000047.1,6463,7588,1,Mycobacterium sp. 1245805.9,Bacteria; Bacillati; Actinomycetota; Actinomycetes; Mycobacteriales; Mycobacteriaceae; Mycobacterium,0,3_313_KshA15#1,core,0.8292,0,0,0,0,[alpha] > ferredoxin
NZ_LZKR01000076.1:17003-18173:1,WP_067152880.1,A9X00_RS11205,,Rieske 2Fe-2S domain-containing protein,3_313_KshA15,3,840.3,0.972,1.5e-253,NZ_LZKR01000076.1,17003,18173,1,Mycobacterium sp. 1245805.9,Bacteria; Bacillati; Actinomycetota; Actinomycetes; Mycobacteriales; Mycobacteriaceae; Mycobacterium,0,3_313_KshA15#3,core,0.9484,0,0,0,0,[alpha] > hypothetical
NZ_LZKT01000070.1:47181-48174:-1,WP_067319268.1,A5660_RS09470,,Rieske 2Fe-2S domain-containing protein,3_313_KshA15,3,109.1,0.799,1.8e-31,NZ_LZKT01000070.1,47181,48174,-1,Mycobacterium alsense,Bacteria; Bacillati; Actinomycetota; Actinomycetes; Mycobacteriales; Mycobacteriaceae; Mycobacterium,0,3_313_KshA15#2,core,0.9091,0,0,0,0,[alpha] > hydrolase > hydrolase > other > reductase > other > other > other > other
NZ_LZKT01000070.1:92409-93543:1,WP_067319336.1,A5660_RS09680,,aromatic ring-hydroxylating dioxygenase subunit alpha,3_313_KshA15,3,115.9,0.5725,1.6e-33,NZ_LZKT01000070.1,92409,93543,1,Mycobacterium alsense,Bacteria; Bacillati; Actinomycetota; Actinomycetes; Mycobacteriales; Mycobacteriaceae; Mycobacterium,0,3_313_KshA15#4,core,0.9072,0,0,0,0,[alpha] > other > other > other > other
NZ_LZKR01000117.1:74960-76088:-1,WP_197515188.1,A9X00_RS16360,,Rieske 2Fe-2S domain-containing protein,3_313_KshA15,3,109.5,0.5394,1.3e-31,NZ_LZKR01000117.1,74960,76088,-1,Mycobacterium sp. 1245805.9,Bacteria; Bacillati; Actinomycetota; Actinomycetes; Mycobacteriales; Mycobacteriaceae; Mycobacterium,0,3_313_KshA15#4,core,0.9485,0,0,0,0,[alpha] > other > other > other > other > other
NZ_LZKT01000139.1:16978-18121:1,WP_067323394.1,A5660_RS16740,,Rieske 2Fe-2S domain-containing protein,3_313_KshA15,3,833.4,0.9618,1.8e-251,NZ_LZKT01000139.1,16978,18121,1,Mycobacterium alsense,Bacteria; Bacillati; Actinomycetota; Actinomycetes; Mycobacteriales; Mycobacteriaceae; Mycobacterium,0,3_313_KshA15#3,core,0.9201,0,0,0,0,[alpha] > hypothetical
NZ_LZKU01000070.1:1293-2427:1,WP_066990316.1,A5625_RS06290,,Rieske 2Fe-2S domain-containing protein,3_313_KshA15,3,589.0,0.9542,3e-177,NZ_LZKU01000070.1,1293,2427,1,Mycobacterium sp. 1465703.0,Bacteria; Bacillati; Actinomycetota; Actinomycetes; Mycobacteriales; Mycobacteriaceae; Mycobacterium,0,3_313_KshA15#9,core,0.9003,0,0,0,0,[alpha] > ferredoxin
NZ_LZKU01000073.1:17513-18692:1,WP_066990668.1,A5625_RS06915,,Rieske 2Fe-2S domain-containing protein,3_313_KshA15,3,839.4,0.9771,2.8e-253,NZ_LZKU01000073.1,17513,18692,1,Mycobacterium sp. 1465703.0,Bacteria; Bacillati; Actinomycetota; Actinomycetes; Mycobacteriales; Mycobacteriaceae; Mycobacterium,0,3_313_KshA15#3,core,0.9363,0,0,0,0,[alpha] > hypothetical
NZ_LZKU01000172.1:29860-30868:-1,WP_066995405.1,A5625_RS15615,,Rieske 2Fe-2S domain-containing protein,3_313_KshA15,3,109.0,0.8066,1.9e-31,NZ_LZKU01000172.1,29860,30868,-1,Mycobacterium sp. 1465703.0,Bacteria; Bacillati; Actinomycetota; Actinomycetes; Mycobacteriales; Mycobacteriaceae; Mycobacterium,0,3_313_KshA15#2,core,0.9225,0,0,0,0,[alpha] > hydrolase > hydrolase > other > reductase
NZ_LZKU01000180.1:15781-16801:1,WP_066995856.1,A5625_RS16315,,Rieske 2Fe-2S domain-containing protein,3_313_KshA15,3,103.6,0.5496,8.4e-30,NZ_LZKU01000180.1,15781,16801,1,Mycobacterium sp. 1465703.0,Bacteria; Bacillati; Actinomycetota; Actinomycetes; Mycobacteriales; Mycobacteriaceae; Mycobacterium,0,3_313_KshA15#0,core,0.8964,0,0,0,0,[alpha] > reductase
NZ_LZKV01000120.1:22333-23341:-1,WP_066866576.1,A5624_RS12580,,Rieske 2Fe-2S domain-containing protein,3_313_KshA15,3,115.8,0.8066,1.6e-33,NZ_LZKV01000120.1,22333,23341,-1,Mycobacterium sp. 1482292.6,Bacteria; Bacillati; Actinomycetota; Actinomycetes; Mycobacteriales; Mycobacteriaceae; Mycobacterium,0,3_313_KshA15#2,core,0.9187,0,0,0,0,[alpha] > hydrolase > hydrolase > other > other > reductase
NZ_LZKV01000129.1:1069-2179:1,WP_369806955.1,A5624_RS13590,,Rieske 2Fe-2S domain-containing protein,3_313_KshA15,3,105.9,0.8092,1.6e-30,NZ_LZKV01000129.1,1069,2179,1,Mycobacterium sp. 1482292.6,Bacteria; Bacillati; Actinomycetota; Actinomycetes; Mycobacteriales; Mycobacteriaceae; Mycobacterium,0,3_313_KshA15#4,core,0.917,0,0,0,0,[alpha] > other > other > other > other > other > hypothetical
NZ_LZKT01000174.1:28680-29697:1,WP_067325386.1,A5660_RS21790,,Rieske 2Fe-2S domain-containing protein,3_313_KshA15,3,98.0,0.6081,4.2e-28,NZ_LZKT01000174.1,28680,29697,1,Mycobacterium alsense,Bacteria; Bacillati; Actinomycetota; Actinomycetes; Mycobacteriales; Mycobacteriaceae; Mycobacterium,0,3_313_KshA15#0,core,0.8233,0,0,0,0,[alpha] > reductase
NZ_LZKV01000200.1:32335-33457:-1,WP_066869885.1,A5624_RS19970,,Rieske 2Fe-2S domain-containing protein,3_313_KshA15,3,586.5,0.9517,1.8e-176,NZ_LZKV01000200.1,32335,33457,-1,Mycobacterium sp. 1482292.6,Bacteria; Bacillati; Actinomycetota; Actinomycetes; Mycobacteriales; Mycobacteriaceae; Mycobacterium,0,3_313_KshA15#9,core,0.931,0,0,0,0,[alpha] > ferredoxin
NZ_LZKV01000210.1:25096-26275:1,WP_066870618.1,A5624_RS21280,,Rieske 2Fe-2S domain-containing protein,3_313_KshA15,3,838.8,0.9746,4.1e-253,NZ_LZKV01000210.1,25096,26275,1,Mycobacterium sp. 1482292.6,Bacteria; Bacillati; Actinomycetota; Actinomycetes; Mycobacteriales; Mycobacteriaceae; Mycobacterium,0,3_313_KshA15#3,core,0.9132,0,0,0,0,[alpha] > hypothetical
NZ_LZKY01000026.1:33247-34369:-1,WP_066869885.1,A5622_RS01700,,Rieske 2Fe-2S domain-containing protein,3_313_KshA15,3,586.5,0.9517,1.8e-176,NZ_LZKY01000026.1,33247,34369,-1,Mycobacterium sp. 1245801.1,Bacteria; Bacillati; Actinomycetota; Actinomycetes; Mycobacteriales; Mycobacteriaceae; Mycobacterium,0,3_313_KshA15#9,core,0.931,0,0,0,0,[alpha] > ferredoxin
NZ_LZKY01000081.1:20173-21352:-1,WP_066870618.1,A5622_RS04945,,Rieske 2Fe-2S domain-containing protein,3_313_KshA15,3,838.8,0.9746,4.1e-253,NZ_LZKY01000081.1,20173,21352,-1,Mycobacterium sp. 1245801.1,Bacteria; Bacillati; Actinomycetota; Actinomycetes; Mycobacteriales; Mycobacteriaceae; Mycobacterium,0,3_313_KshA15#3,core,0.9132,0,0,0,0,[alpha] > hypothetical
NZ_LZKV01000033.1:102551-103559:-1,WP_066860890.1,A5624_RS02410,,Rieske 2Fe-2S domain-containing protein,3_313_KshA15,3,108.5,0.5674,2.8e-31,NZ_LZKV01000033.1,102551,103559,-1,Mycobacterium sp. 1482292.6,Bacteria; Bacillati; Actinomycetota; Actinomycetes; Mycobacteriales; Mycobacteriaceae; Mycobacterium,0,3_313_KshA15#0,core,0.9113,0,0,0,0,[alpha] > reductase
NZ_LZKY01000399.1:4865-5873:1,WP_066881922.1,A5622_RS25200,,Rieske 2Fe-2S domain-containing protein,3_313_KshA15,3,115.0,0.8066,2.9e-33,NZ_LZKY01000399.1,4865,5873,1,Mycobacterium sp. 1245801.1,Bacteria; Bacillati; Actinomycetota; Actinomycetes; Mycobacteriales; Mycobacteriaceae; Mycobacterium,0,3_313_KshA15#2,core,0.9149,0,0,0,0,[alpha] > hydrolase > hydrolase > other > other > reductase
NZ_LZLC01000035.1:17947-19081:-1,WP_064979032.1,A5630_RS03090,,Rieske 2Fe-2S domain-containing protein,3_313_KshA15,3,565.9,0.9466,3.2e-170,NZ_LZLC01000035.1,17947,19081,-1,Mycolicibacterium mucogenicum,Bacteria; Bacillati; Actinomycetota; Actinomycetes; Mycobacteriales; Mycobacteriaceae; Mycolicibacterium,0,3_313_KshA15#1,core,0.7819,0,0,0,0,[alpha] > hypothetical > reductase
NZ_LZLC01000138.1:16034-17036:-1,WP_064981741.1,A5630_RS13855,,Rieske 2Fe-2S domain-containing protein,3_313_KshA15,3,67.2,0.5318,9.8e-19,NZ_LZLC01000138.1,16034,17036,-1,Mycolicibacterium mucogenicum,Bacteria; Bacillati; Actinomycetota; Actinomycetes; Mycobacteriales; Mycobacteriaceae; Mycolicibacterium,0,3_313_KshA15#42,novel_candidate,0.3949,0,0,0,0,[alpha] > other > reductase
NZ_LZKY01000241.1:48476-49484:-1,WP_066860890.1,A5622_RS15610,,Rieske 2Fe-2S domain-containing protein,3_313_KshA15,3,108.5,0.5674,2.8e-31,NZ_LZKY01000241.1,48476,49484,-1,Mycobacterium sp. 1245801.1,Bacteria; Bacillati; Actinomycetota; Actinomycetes; Mycobacteriales; Mycobacteriaceae; Mycobacterium,0,3_313_KshA15#0,core,0.9113,0,0,0,0,[alpha] > reductase
NZ_LZKY01000337.1:924-2034:1,WP_369806955.1,A5622_RS21065,,Rieske 2Fe-2S domain-containing protein,3_313_KshA15,3,105.9,0.8092,1.6e-30,NZ_LZKY01000337.1,924,2034,1,Mycobacterium sp. 1245801.1,Bacteria; Bacillati; Actinomycetota; Actinomycetes; Mycobacteriales; Mycobacteriaceae; Mycobacterium,0,3_313_KshA15#4,core,0.917,0,0,0,0,[alpha] > other > other > other > other > hypothetical > other
NZ_LZLC01000159.1:3768-4914:1,WP_064982311.1,A5630_RS15590,,Rieske 2Fe-2S domain-containing protein,3_313_KshA15,3,596.1,0.9415,2.2e-179,NZ_LZLC01000159.1,3768,4914,1,Mycolicibacterium mucogenicum,Bacteria; Bacillati; Actinomycetota; Actinomycetes; Mycobacteriales; Mycobacteriaceae; Mycolicibacterium,0,3_313_KshA15#7,core,0.8889,0,0,0,0,other > other > reductase > [alpha]
NZ_LZLC01000188.1:7217-8192:1,WP_064983651.1,A5630_RS19510,,Rieske 2Fe-2S domain-containing protein,3_313_KshA15,3,105.3,0.5496,2.5e-30,NZ_LZLC01000188.1,7217,8192,1,Mycolicibacterium mucogenicum,Bacteria; Bacillati; Actinomycetota; Actinomycetes; Mycobacteriales; Mycobacteriaceae; Mycolicibacterium,0,3_313_KshA15#0,core,0.8022,0,0,0,0,[alpha] > reductase
NZ_LZLC01000205.1:19718-20873:-1,WP_064984572.1,A5630_RS22380,,Rieske 2Fe-2S domain-containing protein,3_313_KshA15,3,812.4,0.9695,4.3e-245,NZ_LZLC01000205.1,19718,20873,-1,Mycolicibacterium mucogenicum,Bacteria; Bacillati; Actinomycetota; Actinomycetes; Mycobacteriales; Mycobacteriaceae; Mycolicibacterium,0,3_313_KshA15#3,core,0.7969,0,0,0,0,[alpha] > hypothetical
NZ_LZLE01000079.1:14722-15850:-1,WP_067409393.1,A9W95_RS04350,,Rieske 2Fe-2S domain-containing protein,3_313_KshA15,3,116.9,0.5903,7.9e-34,NZ_LZLE01000079.1,14722,15850,-1,Mycobacterium sp. 1423905.2,Bacteria; Bacillati; Actinomycetota; Actinomycetes; Mycobacteriales; Mycobacteriaceae; Mycobacterium,0,3_313_KshA15#4,core,0.8733,0,0,0,0,[alpha] > other > other > other > other
NZ_LZLE01000125.1:5519-6677:-1,WP_067410043.1,A9W95_RS06890,,Rieske 2Fe-2S domain-containing protein,3_313_KshA15,3,833.4,0.9669,1.8e-251,NZ_LZLE01000125.1,5519,6677,-1,Mycobacterium sp. 1423905.2,Bacteria; Bacillati; Actinomycetota; Actinomycetes; Mycobacteriales; Mycobacteriaceae; Mycobacterium,0,3_313_KshA15#3,core,0.8738,0,0,0,0,[alpha] > hypothetical
NZ_LZLE01000147.1:22169-23195:-1,WP_067410681.1,A9W95_RS08270,,Rieske 2Fe-2S domain-containing protein,3_313_KshA15,3,104.7,0.631,3.9e-30,NZ_LZLE01000147.1,22169,23195,-1,Mycobacterium sp. 1423905.2,Bacteria; Bacillati; Actinomycetota; Actinomycetes; Mycobacteriales; Mycobacteriaceae; Mycobacterium,0,3_313_KshA15#0,core,0.8298,0,0,0,0,[alpha] > reductase
NZ_LZLC01000214.1:5021-6170:-1,WP_064984878.1,A5630_RS23315,,Rieske 2Fe-2S domain-containing protein,3_313_KshA15,3,581.6,0.9593,5.6e-175,NZ_LZLC01000214.1,5021,6170,-1,Mycolicibacterium mucogenicum,Bacteria; Bacillati; Actinomycetota; Actinomycetes; Mycobacteriales; Mycobacteriaceae; Mycolicibacterium,0,3_313_KshA15#1,core,0.7342,0,0,0,0,[alpha] > ferredoxin
NZ_LZLC01000246.1:14961-16161:1,WP_064985946.1,A5630_RS26355,,Rieske 2Fe-2S domain-containing protein,3_313_KshA15,3,692.3,0.9593,1.3e-208,NZ_LZLC01000246.1,14961,16161,1,Mycolicibacterium mucogenicum,Bacteria; Bacillati; Actinomycetota; Actinomycetes; Mycobacteriales; Mycobacteriaceae; Mycolicibacterium,0,3_313_KshA15#5,core,0.7357,0,0,0,0,[alpha] > other
NZ_LZLE01000325.1:82013-82979:-1,WP_067417856.1,A9W95_RS22255,,Rieske 2Fe-2S domain-containing protein,3_313_KshA15,3,144.0,0.5547,4.5e-42,NZ_LZLE01000325.1,82013,82979,-1,Mycobacterium sp. 1423905.2,Bacteria; Bacillati; Actinomycetota; Actinomycetes; Mycobacteriales; Mycobacteriaceae; Mycobacterium,0,3_313_KshA15#80,novel_candidate,0.3234,0,0,0,0,[alpha] > hypothetical
NZ_LZLL01000437.1:1964-3086:1,WP_067142204.1,A9W96_RS19450,,Rieske 2Fe-2S domain-containing protein,3_313_KshA15,3,585.3,0.9517,4.1e-176,NZ_LZLL01000437.1,1964,3086,1,Mycobacterium sp. 1245852.3,Bacteria; Bacillati; Actinomycetota; Actinomycetes; Mycobacteriales; Mycobacteriaceae; Mycobacterium,0,3_313_KshA15#9,core,0.931,0,0,0,0,[alpha] > ferredoxin
NZ_LZLI01000196.1:30087-31113:1,WP_067176479.1,A5626_RS24010,,Rieske 2Fe-2S domain-containing protein,3_313_KshA15,3,111.3,0.6209,3.8e-32,NZ_LZLI01000196.1,30087,31113,1,Mycobacterium marseillense,Bacteria; Bacillati; Actinomycetota; Actinomycetes; Mycobacteriales; Mycobacteriaceae; Mycobacterium; Mycobacterium avium complex (MAC),0,3_313_KshA15#0,core,0.9293,0,0,0,0,[alpha] > reductase
NZ_LZLL01000007.1:16316-17324:-1,WP_067137237.1,A9W96_RS00210,,Rieske 2Fe-2S domain-containing protein,3_313_KshA15,3,115.7,0.8092,1.7e-33,NZ_LZLL01000007.1,16316,17324,-1,Mycobacterium sp. 1245852.3,Bacteria; Bacillati; Actinomycetota; Actinomycetes; Mycobacteriales; Mycobacteriaceae; Mycobacterium,0,3_313_KshA15#2,core,0.9223,0,0,0,0,[alpha] > hydrolase > hydrolase > other > other > reductase
NZ_LZLL01000058.1:30818-31997:-1,WP_066870618.1,A9W96_RS02425,,Rieske 2Fe-2S domain-containing protein,3_313_KshA15,3,838.8,0.9746,4.1e-253,NZ_LZLL01000058.1,30818,31997,-1,Mycobacterium sp. 1245852.3,Bacteria; Bacillati; Actinomycetota; Actinomycetes; Mycobacteriales; Mycobacteriaceae; Mycobacterium,0,3_313_KshA15#3,core,0.9132,0,0,0,0,[alpha] > hypothetical
NZ_LZLL01000307.1:11806-12814:1,WP_067140476.1,A9W96_RS13850,,Rieske 2Fe-2S domain-containing protein,3_313_KshA15,3,109.2,0.5929,1.6e-31,NZ_LZLL01000307.1,11806,12814,1,Mycobacterium sp. 1245852.3,Bacteria; Bacillati; Actinomycetota; Actinomycetes; Mycobacteriales; Mycobacteriaceae; Mycobacterium,0,3_313_KshA15#0,core,0.9078,0,0,0,0,[alpha] > reductase
NZ_LZLG01000128.1:2584-3709:1,WP_065054948.1,A5628_RS24115,,Rieske 2Fe-2S domain-containing protein,3_313_KshA15,3,574.7,0.9517,6.9e-173,NZ_LZLG01000128.1,2584,3709,1,Mycobacterium colombiense,Bacteria; Bacillati; Actinomycetota; Actinomycetes; Mycobacteriales; Mycobacteriaceae; Mycobacterium; Mycobacterium avium complex (MAC),0,3_313_KshA15#1,core,0.9009,0,0,0,0,[alpha] > ferredoxin
NZ_LZLL01000555.1:1002-2112:1,WP_369830875.1,A9W96_RS26060,,Rieske 2Fe-2S domain-containing protein,3_313_KshA15,3,104.8,0.8092,3.6e-30,NZ_LZLL01000555.1,1002,2112,1,Mycobacterium sp. 1245852.3,Bacteria; Bacillati; Actinomycetota; Actinomycetes; Mycobacteriales; Mycobacteriaceae; Mycobacterium,0,3_313_KshA15#4,core,0.9135,0,0,0,0,[alpha] > other > other > other > other > hypothetical > hypothetical
NZ_LZLM01000014.1:60372-61389:1,WP_065138193.1,A5640_RS03355,,Rieske 2Fe-2S domain-containing protein,3_313_KshA15,3,117.9,0.631,3.9e-34,NZ_LZLM01000014.1,60372,61389,1,Mycobacterium asiaticum,Bacteria; Bacillati; Actinomycetota; Actinomycetes; Mycobacteriales; Mycobacteriaceae; Mycobacterium,0,3_313_KshA15#0,core,0.7942,0,0,0,0,[alpha] > reductase
NZ_LZLG01000023.1:72643-73753:-1,WP_155764986.1,A5628_RS04945,,aromatic ring-hydroxylating dioxygenase subunit alpha,3_313_KshA15,3,105.7,0.8092,2e-30,NZ_LZLG01000023.1,72643,73753,-1,Mycobacterium colombiense,Bacteria; Bacillati; Actinomycetota; Actinomycetes; Mycobacteriales; Mycobacteriaceae; Mycobacterium; Mycobacterium avium complex (MAC),0,3_313_KshA15#4,core,0.9276,0,0,0,0,[alpha] > other > other > other > other > other > other
NZ_LZLG01000023.1:114226-115255:1,WP_065052589.1,A5628_RS05135,,Rieske 2Fe-2S domain-containing protein,3_313_KshA15,3,114.6,0.8066,3.8e-33,NZ_LZLG01000023.1,114226,115255,1,Mycobacterium colombiense,Bacteria; Bacillati; Actinomycetota; Actinomycetes; Mycobacteriales; Mycobacteriaceae; Mycobacterium; Mycobacterium avium complex (MAC),0,3_313_KshA15#2,core,0.9204,0,0,0,0,[alpha] > hydrolase > hydrolase > other > other > reductase
NZ_LZLM01000058.1:168801-169935:1,WP_065139663.1,A5640_RS14370,,Rieske 2Fe-2S domain-containing protein,3_313_KshA15,3,579.6,0.9491,2.2e-174,NZ_LZLM01000058.1,168801,169935,1,Mycobacterium asiaticum,Bacteria; Bacillati; Actinomycetota; Actinomycetes; Mycobacteriales; Mycobacteriaceae; Mycobacterium,0,3_313_KshA15#1,core,0.8488,0,0,0,0,[alpha] > hypothetical > reductase
NZ_LZLM01000072.1:159890-161057:1,WP_065140200.1,A5640_RS18480,,Rieske 2Fe-2S domain-containing protein,3_313_KshA15,3,832.6,0.972,3.2e-251,NZ_LZLM01000072.1,159890,161057,1,Mycobacterium asiaticum,Bacteria; Bacillati; Actinomycetota; Actinomycetes; Mycobacteriales; Mycobacteriaceae; Mycobacterium,0,3_313_KshA15#3,core,0.8917,0,0,0,0,[alpha] > hypothetical
NZ_LZLQ01000057.1:12043-13174:1,WP_065158246.1,A5636_RS08530,,Rieske 2Fe-2S domain-containing protein,3_313_KshA15,3,118.6,0.5852,2.3e-34,NZ_LZLQ01000057.1,12043,13174,1,Mycobacterium asiaticum,Bacteria; Bacillati; Actinomycetota; Actinomycetes; Mycobacteriales; Mycobacteriaceae; Mycobacterium,0,3_313_KshA15#4,core,0.8699,0,0,0,0,[alpha] > other
NZ_LZLQ01000111.1:50737-51904:-1,WP_065159838.1,A5636_RS17165,,Rieske 2Fe-2S domain-containing protein,3_313_KshA15,3,828.0,0.9695,8.2e-250,NZ_LZLQ01000111.1,50737,51904,-1,Mycobacterium asiaticum,Bacteria; Bacillati; Actinomycetota; Actinomycetes; Mycobacteriales; Mycobacteriaceae; Mycobacterium,0,3_313_KshA15#3,core,0.8822,0,0,0,0,[alpha] > hypothetical
NZ_LZLQ01000118.1:49292-50309:1,WP_065160006.1,A5636_RS18040,,Rieske 2Fe-2S domain-containing protein,3_313_KshA15,3,113.3,0.6361,9.4e-33,NZ_LZLQ01000118.1,49292,50309,1,Mycobacterium asiaticum,Bacteria; Bacillati; Actinomycetota; Actinomycetes; Mycobacteriales; Mycobacteriaceae; Mycobacterium,0,3_313_KshA15#15,core,0.8237,0,0,0,0,[alpha] > reductase
NZ_LZLM01000084.1:14775-15768:-1,WP_065140563.1,A5640_RS21085,,Rieske 2Fe-2S domain-containing protein,3_313_KshA15,3,107.9,0.5547,4.2e-31,NZ_LZLM01000084.1,14775,15768,-1,Mycobacterium asiaticum,Bacteria; Bacillati; Actinomycetota; Actinomycetes; Mycobacteriales; Mycobacteriaceae; Mycobacterium,0,3_313_KshA15#2,core,0.8233,0,0,0,0,[alpha] > hydrolase > hydrolase > other
NZ_LZLM01000101.1:12491-13607:1,WP_036358229.1,A5640_RS24935,,aromatic ring-hydroxylating dioxygenase subunit alpha,3_313_KshA15,3,119.5,0.5623,1.2e-34,NZ_LZLM01000101.1,12491,13607,1,Mycobacterium asiaticum,Bacteria; Bacillati; Actinomycetota; Actinomycetes; Mycobacteriales; Mycobacteriaceae; Mycobacterium,0,3_313_KshA15#4,core,0.8669,0,0,0,0,[alpha] > other > other > other > other
NZ_LZLR01000002.1:17366-18383:-1,WP_065033609.1,A5635_RS00105,,Rieske 2Fe-2S domain-containing protein,3_313_KshA15,3,110.0,0.8015,9.3e-32,NZ_LZLR01000002.1,17366,18383,-1,Mycobacterium asiaticum,Bacteria; Bacillati; Actinomycetota; Actinomycetes; Mycobacteriales; Mycobacteriaceae; Mycobacterium,0,3_313_KshA15#2,core,0.8617,0,0,0,0,[alpha] > hydrolase > other
NZ_LZLS01000023.1:101757-102774:-1,WP_065142554.1,A5634_RS02805,,Rieske 2Fe-2S domain-containing protein,3_313_KshA15,3,112.6,0.6361,1.5e-32,NZ_LZLS01000023.1,101757,102774,-1,Mycobacterium asiaticum,Bacteria; Bacillati; Actinomycetota; Actinomycetes; Mycobacteriales; Mycobacteriaceae; Mycobacterium,0,3_313_KshA15#0,core,0.7626,0,0,0,0,[alpha] > reductase > reductase
NZ_LZLS01000025.1:20173-21298:-1,WP_065142634.1,A5634_RS03155,,Rieske 2Fe-2S domain-containing protein,3_313_KshA15,3,581.8,0.9491,4.7e-175,NZ_LZLS01000025.1,20173,21298,-1,Mycobacterium asiaticum,Bacteria; Bacillati; Actinomycetota; Actinomycetes; Mycobacteriales; Mycobacteriaceae; Mycobacterium,0,3_313_KshA15#9,core,0.7377,0,0,0,0,[alpha] > ferredoxin > hypothetical > hypothetical > hypothetical
NZ_LZLS01000055.1:8435-9605:1,WP_065143163.1,A5634_RS05990,,Rieske 2Fe-2S domain-containing protein,3_313_KshA15,3,830.2,0.9746,1.8e-250,NZ_LZLS01000055.1,8435,9605,1,Mycobacterium asiaticum,Bacteria; Bacillati; Actinomycetota; Actinomycetes; Mycobacteriales; Mycobacteriaceae; Mycobacterium,0,3_313_KshA15#5,core,0.8899,0,0,0,0,[alpha] > hypothetical
NZ_LZLS01000080.1:22138-23269:1,WP_065143602.1,A5634_RS08420,,aromatic ring-hydroxylating dioxygenase subunit alpha,3_313_KshA15,3,120.1,0.5827,8.3e-35,NZ_LZLS01000080.1,22138,23269,1,Mycobacterium asiaticum,Bacteria; Bacillati; Actinomycetota; Actinomycetes; Mycobacteriales; Mycobacteriaceae; Mycobacterium,0,3_313_KshA15#4,core,0.8997,0,0,0,0,[alpha] > other > other > other > other
NZ_LZLR01000093.1:13370-14486:1,WP_196773008.1,A5635_RS10565,,aromatic ring-hydroxylating dioxygenase subunit alpha,3_313_KshA15,3,117.9,0.5522,3.8e-34,NZ_LZLR01000093.1,13370,14486,1,Mycobacterium asiaticum,Bacteria; Bacillati; Actinomycetota; Actinomycetes; Mycobacteriales; Mycobacteriaceae; Mycobacterium,0,3_313_KshA15#4,core,0.8703,0,0,0,0,[alpha] > other > other > other > other
NZ_LZLR01000175.1:12981-13998:1,WP_065036944.1,A5635_RS18580,,Rieske 2Fe-2S domain-containing protein,3_313_KshA15,3,119.1,0.6387,1.7e-34,NZ_LZLR01000175.1,12981,13998,1,Mycobacterium asiaticum,Bacteria; Bacillati; Actinomycetota; Actinomycetes; Mycobacteriales; Mycobacteriaceae; Mycobacterium,0,3_313_KshA15#0,core,0.7624,0,0,0,0,[alpha] > reductase
NZ_LZLS01000104.1:76368-77385:-1,WP_065144351.1,A5634_RS12450,,Rieske 2Fe-2S domain-containing protein,3_313_KshA15,3,115.6,0.8015,1.9e-33,NZ_LZLS01000104.1,76368,77385,-1,Mycobacterium asiaticum,Bacteria; Bacillati; Actinomycetota; Actinomycetes; Mycobacteriales; Mycobacteriaceae; Mycobacterium,0,3_313_KshA15#2,core,0.8885,0,0,0,0,[alpha] > other
NZ_LZLO01000061.1:73129-74161:-1,WP_003884064.1,A5638_RS21620,,Rieske 2Fe-2S domain-containing protein,3_313_KshA15,3,113.1,0.6285,1.1e-32,NZ_LZLO01000061.1,73129,74161,-1,Mycolicibacterium fortuitum,Bacteria; Bacillati; Actinomycetota; Actinomycetes; Mycobacteriales; Mycobacteriaceae; Mycolicibacterium,0,3_313_KshA15#0,core,0.8759,0,0,0,0,[alpha] > reductase > regulator
NZ_LZLO01000090.1:114722-115853:-1,WP_003882754.1,A5638_RS29850,,Rieske 2Fe-2S domain-containing protein,3_313_KshA15,3,588.4,0.9466,4.6e-177,NZ_LZLO01000090.1,114722,115853,-1,Mycolicibacterium fortuitum,Bacteria; Bacillati; Actinomycetota; Actinomycetes; Mycobacteriales; Mycobacteriaceae; Mycolicibacterium,0,3_313_KshA15#7,core,0.8776,0,0,0,0,other > other > reductase > [alpha] > other > other
NZ_LZLQ01000015.1:60165-61299:-1,WP_065156956.1,A5636_RS01635,,Rieske 2Fe-2S domain-containing protein,3_313_KshA15,3,579.9,0.9491,1.8e-174,NZ_LZLQ01000015.1,60165,61299,-1,Mycobacterium asiaticum,Bacteria; Bacillati; Actinomycetota; Actinomycetes; Mycobacteriales; Mycobacteriaceae; Mycobacterium,0,3_313_KshA15#1,core,0.8522,0,0,0,0,[alpha] > ferredoxin > reductase
NZ_LZLY01000068.1:61181-62309:-1,WP_197508650.1,A5655_RS09500,,Rieske 2Fe-2S domain-containing protein,3_313_KshA15,3,107.5,0.5929,5.3e-31,NZ_LZLY01000068.1,61181,62309,-1,Mycobacterium sp. 1081908.1,Bacteria; Bacillati; Actinomycetota; Actinomycetes; Mycobacteriales; Mycobacteriaceae; Mycobacterium,0,3_313_KshA15#4,core,0.9384,0,0,0,0,[alpha] > other > other > other > other > other
NZ_LZLY01000068.1:101985-102978:1,WP_067008788.1,A5655_RS09700,,Rieske 2Fe-2S domain-containing protein,3_313_KshA15,3,113.2,0.799,1e-32,NZ_LZLY01000068.1,101985,102978,1,Mycobacterium sp. 1081908.1,Bacteria; Bacillati; Actinomycetota; Actinomycetes; Mycobacteriales; Mycobacteriaceae; Mycobacterium,0,3_313_KshA15#2,core,0.8972,0,0,0,0,[alpha] > hydrolase > hydrolase > other
NZ_LZLY01000089.1:98546-99671:-1,WP_067010660.1,A5655_RS13150,,Rieske 2Fe-2S domain-containing protein,3_313_KshA15,3,573.6,0.9466,1.4e-172,NZ_LZLY01000089.1,98546,99671,-1,Mycobacterium sp. 1081908.1,Bacteria; Bacillati; Actinomycetota; Actinomycetes; Mycobacteriales; Mycobacteriaceae; Mycobacterium,0,3_313_KshA15#1,core,0.8598,0,0,0,0,[alpha] > ferredoxin
NZ_LZLY01000090.1:13865-14846:1,WP_067010717.1,A5655_RS13230,,Rieske 2Fe-2S domain-containing protein,3_313_KshA15,3,104.4,0.626,4.9e-30,NZ_LZLY01000090.1,13865,14846,1,Mycobacterium sp. 1081908.1,Bacteria; Bacillati; Actinomycetota; Actinomycetes; Mycobacteriales; Mycobacteriaceae; Mycobacterium,0,3_313_KshA15#0,core,0.8662,0,0,0,0,[alpha] > reductase
NZ_LZLV01000147.1:24883-26020:1,WP_067341561.1,A5658_RS24605,,Rieske 2Fe-2S domain-containing protein,3_313_KshA15,3,568.2,0.9517,6.4e-171,NZ_LZLV01000147.1,24883,26020,1,Mycobacterium sp. 1245111.1,Bacteria; Bacillati; Actinomycetota; Actinomycetes; Mycobacteriales; Mycobacteriaceae; Mycobacterium,0,3_313_KshA15#1,core,0.7061,0,0,0,0,[alpha] > ferredoxin
NZ_LZLV01000020.1:40337-41459:-1,WP_067331389.1,A5658_RS03965,,aromatic ring-hydroxylating dioxygenase subunit alpha,3_313_KshA15,3,118.0,0.8193,3.5e-34,NZ_LZLV01000020.1,40337,41459,-1,Mycobacterium sp. 1245111.1,Bacteria; Bacillati; Actinomycetota; Actinomycetes; Mycobacteriales; Mycobacteriaceae; Mycobacterium,0,3_313_KshA15#4,core,0.8842,1,0,0,1,[alpha] > other > other > other > other > other > reductase
NZ_LZLV01000020.1:93726-94719:1,WP_067331481.1,A5658_RS04220,,Rieske 2Fe-2S domain-containing protein,3_313_KshA15,3,117.4,0.799,5.5e-34,NZ_LZLV01000020.1,93726,94719,1,Mycobacterium sp. 1245111.1,Bacteria; Bacillati; Actinomycetota; Actinomycetes; Mycobacteriales; Mycobacteriaceae; Mycobacterium,0,3_313_KshA15#2,core,0.8636,0,0,0,0,[alpha] > hydrolase > hydrolase > other > other
NZ_LZLV01000022.1:26392-27427:1,WP_067331676.1,A5658_RS04615,,Rieske 2Fe-2S domain-containing protein,3_313_KshA15,3,114.9,0.8041,3.1e-33,NZ_LZLV01000022.1,26392,27427,1,Mycobacterium sp. 1245111.1,Bacteria; Bacillati; Actinomycetota; Actinomycetes; Mycobacteriales; Mycobacteriaceae; Mycobacterium,0,3_313_KshA15#0,core,0.8256,0,0,0,0,hypothetical > [alpha] > reductase > other > other
NZ_LZLV01000042.1:10256-11411:1,WP_067332957.1,A5658_RS08095,,Rieske 2Fe-2S domain-containing protein,3_313_KshA15,3,830.3,0.9644,1.6e-250,NZ_LZLV01000042.1,10256,11411,1,Mycobacterium sp. 1245111.1,Bacteria; Bacillati; Actinomycetota; Actinomycetes; Mycobacteriales; Mycobacteriaceae; Mycobacterium,0,3_313_KshA15#3,core,0.8608,0,0,0,0,[alpha] > hypothetical
NZ_LZLY01000100.1:36018-37188:-1,WP_067011368.1,A5655_RS15510,,Rieske 2Fe-2S domain-containing protein,3_313_KshA15,3,836.8,0.972,1.7e-252,NZ_LZLY01000100.1,36018,37188,-1,Mycobacterium sp. 1081908.1,Bacteria; Bacillati; Actinomycetota; Actinomycetes; Mycobacteriales; Mycobacteriaceae; Mycobacterium,0,3_313_KshA15#3,core,0.9416,0,0,0,0,[alpha] > hypothetical
NZ_LZLY01000155.1:59468-60611:-1,WP_067015275.1,A5655_RS25250,,Rieske 2Fe-2S domain-containing protein,3_313_KshA15,3,615.4,0.9466,3.1e-185,NZ_LZLY01000155.1,59468,60611,-1,Mycobacterium sp. 1081908.1,Bacteria; Bacillati; Actinomycetota; Actinomycetes; Mycobacteriales; Mycobacteriaceae; Mycobacterium,0,3_313_KshA15#138,core,0.6065,0,0,0,0,[alpha] > other
NZ_LZLZ01000306.1:2557-3694:-1,WP_054601516.1,A5654_RS28415,,Rieske 2Fe-2S domain-containing protein,3_313_KshA15,3,566.4,0.9491,2.3e-170,NZ_LZLZ01000306.1,2557,3694,-1,Mycolicibacterium fortuitum,Bacteria; Bacillati; Actinomycetota; Actinomycetes; Mycobacteriales; Mycobacteriaceae; Mycolicibacterium,0,3_313_KshA15#1,core,0.7401,0,0,0,0,other > other > hypothetical > [alpha]
NZ_LZMB01000083.1:3746-4925:-1,WP_067346992.1,A5652_RS04300,,Rieske 2Fe-2S domain-containing protein,3_313_KshA15,3,833.4,0.972,1.8e-251,NZ_LZMB01000083.1,3746,4925,-1,Mycobacterium sp. 1165178.9,Bacteria; Bacillati; Actinomycetota; Actinomycetes; Mycobacteriales; Mycobacteriaceae; Mycobacterium,0,3_313_KshA15#3,core,0.8956,0,0,0,0,[alpha] > hypothetical
NZ_LZMB01000129.1:4075-5200:-1,WP_067347867.1,A5652_RS06250,,Rieske 2Fe-2S domain-containing protein,3_313_KshA15,3,581.1,0.9491,7.6e-175,NZ_LZMB01000129.1,4075,5200,-1,Mycobacterium sp. 1165178.9,Bacteria; Bacillati; Actinomycetota; Actinomycetes; Mycobacteriales; Mycobacteriaceae; Mycobacterium,0,3_313_KshA15#9,core,0.9375,0,0,0,0,[alpha] > ferredoxin
NZ_LZMB01000157.1:9424-10432:-1,WP_067348637.1,A5652_RS07610,,Rieske 2Fe-2S domain-containing protein,3_313_KshA15,3,107.0,0.5776,7.6e-31,NZ_LZMB01000157.1,9424,10432,-1,Mycobacterium sp. 1165178.9,Bacteria; Bacillati; Actinomycetota; Actinomycetes; Mycobacteriales; Mycobacteriaceae; Mycobacterium,0,3_313_KshA15#0,core,0.8339,0,0,0,0,[alpha] > reductase > hypothetical > regulator > hypothetical > other
NZ_LZMB01000338.1:2222-3230:1,WP_067352510.1,A5652_RS14675,,Rieske 2Fe-2S domain-containing protein,3_313_KshA15,3,119.8,0.8066,1e-34,NZ_LZMB01000338.1,2222,3230,1,Mycobacterium sp. 1165178.9,Bacteria; Bacillati; Actinomycetota; Actinomycetes; Mycobacteriales; Mycobacteriaceae; Mycobacterium,0,3_313_KshA15#2,core,0.9296,0,0,0,0,[alpha] > hydrolase > hydrolase > other > other > other > other
NZ_LZMA01000191.1:137208-138333:-1,WP_065127180.1,A5653_RS20330,,Rieske 2Fe-2S domain-containing protein,3_313_KshA15,3,577.8,0.9517,8.1e-174,NZ_LZMA01000191.1,137208,138333,-1,Mycobacterium colombiense,Bacteria; Bacillati; Actinomycetota; Actinomycetes; Mycobacteriales; Mycobacteriaceae; Mycobacterium; Mycobacterium avium complex (MAC),0,3_313_KshA15#1,core,0.925,0,0,0,0,[alpha] > ferredoxin
NZ_LZMC01000003.1:41027-42143:-1,WP_066974613.1,A5651_RS00860,,aromatic ring-hydroxylating dioxygenase subunit alpha,3_313_KshA15,3,116.2,0.5929,1.3e-33,NZ_LZMC01000003.1,41027,42143,-1,Mycobacterium sp. 1274761.0,Bacteria; Bacillati; Actinomycetota; Actinomycetes; Mycobacteriales; Mycobacteriaceae; Mycobacterium,0,3_313_KshA15#4,core,0.8741,0,0,0,0,[alpha] > other > other > other > other > other
NZ_LZMA01000179.1:76233-77412:-1,WP_065050830.1,A5653_RS18445,,Rieske 2Fe-2S domain-containing protein,3_313_KshA15,3,839.5,0.9796,2.6e-253,NZ_LZMA01000179.1,76233,77412,-1,Mycobacterium colombiense,Bacteria; Bacillati; Actinomycetota; Actinomycetes; Mycobacteriales; Mycobacteriaceae; Mycobacterium; Mycobacterium avium complex (MAC),0,3_313_KshA15#3,core,0.9304,0,0,0,0,[alpha] > hypothetical
NZ_LZMA01000189.1:4461-5481:1,WP_065056793.1,A5653_RS18945,,Rieske 2Fe-2S domain-containing protein,3_313_KshA15,3,103.3,0.5522,1e-29,NZ_LZMA01000189.1,4461,5481,1,Mycobacterium colombiense,Bacteria; Bacillati; Actinomycetota; Actinomycetes; Mycobacteriales; Mycobacteriaceae; Mycobacterium; Mycobacterium avium complex (MAC),0,3_313_KshA15#0,core,0.9187,0,0,0,0,[alpha] > reductase
NZ_LZME01000079.1:40373-41414:-1,WP_065040585.1,A5649_RS11505,,Rieske 2Fe-2S domain-containing protein,3_313_KshA15,3,102.7,0.6183,1.5e-29,NZ_LZME01000079.1,40373,41414,-1,Mycolicibacter heraklionensis,Bacteria; Bacillati; Actinomycetota; Actinomycetes; Mycobacteriales; Mycobacteriaceae; Mycolicibacter,0,3_313_KshA15#15,core,0.841,0,0,0,0,[alpha] > reductase > dehydrogenase
NZ_LZME01000099.1:358-1540:1,WP_396873724.1,A5649_RS14415,,Rieske 2Fe-2S domain-containing protein,3_313_KshA15,3,557.4,0.9415,1.3e-167,NZ_LZME01000099.1,358,1540,1,Mycolicibacter heraklionensis,Bacteria; Bacillati; Actinomycetota; Actinomycetes; Mycobacteriales; Mycobacteriaceae; Mycolicibacter,0,3_313_KshA15#1,core,0.7882,0,0,0,0,[alpha] > hypothetical
NZ_LZME01000115.1:24621-25632:-1,WP_065041434.1,A5649_RS16035,,aromatic ring-hydroxylating dioxygenase subunit alpha,3_313_KshA15,3,114.2,0.799,5.2e-33,NZ_LZME01000115.1,24621,25632,-1,Mycolicibacter heraklionensis,Bacteria; Bacillati; Actinomycetota; Actinomycetes; Mycobacteriales; Mycobacteriaceae; Mycolicibacter,0,3_313_KshA15#2,core,0.871,0,0,0,0,[alpha] > hydrolase > other
NZ_LZME01000128.1:31817-32951:-1,WP_065041752.1,A5649_RS18160,,Rieske 2Fe-2S domain-containing protein,3_313_KshA15,3,570.8,0.9338,1.1e-171,NZ_LZME01000128.1,31817,32951,-1,Mycolicibacter heraklionensis,Bacteria; Bacillati; Actinomycetota; Actinomycetes; Mycobacteriales; Mycobacteriaceae; Mycolicibacter,0,3_313_KshA15#12,core,0.707,0,0,0,0,dehydrogenase > other > reductase > hydrolase > regulator > other > other > [alpha]
NZ_LZME01000160.1:9381-10554:-1,WP_064889292.1,A5649_RS21895,,Rieske 2Fe-2S domain-containing protein,3_313_KshA15,3,763.9,0.9796,2.4e-230,NZ_LZME01000160.1,9381,10554,-1,Mycolicibacter heraklionensis,Bacteria; Bacillati; Actinomycetota; Actinomycetes; Mycobacteriales; Mycobacteriaceae; Mycolicibacter,0,3_313_KshA15#5,core,0.7604,0,0,0,0,[alpha] > hypothetical
NZ_LZMF01000017.1:38869-40003:1,WP_065023085.1,A5648_RS02765,,Rieske 2Fe-2S domain-containing protein,3_313_KshA15,3,563.8,0.9364,1.4e-169,NZ_LZMF01000017.1,38869,40003,1,Mycolicibacter sinensis,Bacteria; Bacillati; Actinomycetota; Actinomycetes; Mycobacteriales; Mycobacteriaceae; Mycolicibacter,0,3_313_KshA15#5,core,0.7658,0,0,0,0,hydrolase > hydrolase > regulator > hypothetical > other > [alpha]
NZ_LZMF01000023.1:25058-26069:1,WP_065023328.1,A5648_RS04140,,aromatic ring-hydroxylating dioxygenase subunit alpha,3_313_KshA15,3,113.6,0.8092,7.6e-33,NZ_LZMF01000023.1,25058,26069,1,Mycolicibacter sinensis,Bacteria; Bacillati; Actinomycetota; Actinomycetes; Mycobacteriales; Mycobacteriaceae; Mycolicibacter,0,3_313_KshA15#2,core,0.922,0,0,0,0,[alpha] > hydrolase > other
NZ_LZMF01000057.1:115088-116246:-1,WP_065024241.1,A5648_RS09225,,Rieske 2Fe-2S domain-containing protein,3_313_KshA15,3,772.4,0.9695,6.1e-233,NZ_LZMF01000057.1,115088,116246,-1,Mycolicibacter sinensis,Bacteria; Bacillati; Actinomycetota; Actinomycetes; Mycobacteriales; Mycobacteriaceae; Mycolicibacter,0,3_313_KshA15#3,core,0.7746,0,0,0,0,[alpha] > hypothetical
NZ_LZMF01000135.1:15857-16883:-1,WP_065026091.1,A5648_RS19300,,Rieske 2Fe-2S domain-containing protein,3_313_KshA15,3,105.7,0.626,1.9e-30,NZ_LZMF01000135.1,15857,16883,-1,Mycolicibacter sinensis,Bacteria; Bacillati; Actinomycetota; Actinomycetes; Mycobacteriales; Mycobacteriaceae; Mycolicibacter,0,3_313_KshA15#0,core,0.9011,0,0,0,0,[alpha] > reductase
NZ_LZMH01000003.1:5835-7002:-1,WP_065036598.1,A5645_RS00875,,Rieske 2Fe-2S domain-containing protein,3_313_KshA15,3,832.0,0.9669,4.9e-251,NZ_LZMH01000003.1,5835,7002,-1,Mycobacterium asiaticum,Bacteria; Bacillati; Actinomycetota; Actinomycetes; Mycobacteriales; Mycobacteriaceae; Mycobacterium,0,3_313_KshA15#3,core,0.8917,0,0,0,0,[alpha] > hypothetical
NZ_LZMC01000073.1:51270-52299:-1,WP_066982343.1,A5651_RS15495,,Rieske 2Fe-2S domain-containing protein,3_313_KshA15,3,114.6,0.6285,3.9e-33,NZ_LZMC01000073.1,51270,52299,-1,Mycobacterium sp. 1274761.0,Bacteria; Bacillati; Actinomycetota; Actinomycetes; Mycobacteriales; Mycobacteriaceae; Mycobacterium,0,3_313_KshA15#15,core,0.7668,0,0,0,0,[alpha] > reductase > regulator
NZ_LZMC01000057.1:66616-67780:-1,WP_066979614.1,A5651_RS10900,,Rieske 2Fe-2S domain-containing protein,3_313_KshA15,3,829.0,0.9771,4.1e-250,NZ_LZMC01000057.1,66616,67780,-1,Mycobacterium sp. 1274761.0,Bacteria; Bacillati; Actinomycetota; Actinomycetes; Mycobacteriales; Mycobacteriaceae; Mycobacterium,0,3_313_KshA15#5,core,0.8608,0,0,0,0,[alpha] > hypothetical
NZ_LZMC01000062.1:116876-117875:-1,WP_066980810.1,A5651_RS13010,,aromatic ring-hydroxylating dioxygenase subunit alpha,3_313_KshA15,3,114.1,0.5267,5.3e-33,NZ_LZMC01000062.1,116876,117875,-1,Mycobacterium sp. 1274761.0,Bacteria; Bacillati; Actinomycetota; Actinomycetes; Mycobacteriales; Mycobacteriaceae; Mycobacterium,0,3_313_KshA15#2,core,0.7437,0,0,0,0,[alpha] > hydrolase > other > other > other
NZ_LZMO01000146.1:17085-18321:1,WP_064862718.1,A5777_RS11240,,Rieske 2Fe-2S domain-containing protein,3_313_KshA15,3,605.6,0.9771,2.9e-182,NZ_LZMO01000146.1,17085,18321,1,Gordonia sp. 852002-10350_SCH5691597,Bacteria; Bacillati; Actinomycetota; Actinomycetes; Mycobacteriales; Gordoniaceae; Gordonia,0,3_313_KshA15#13,core,0.8652,0,0,0,0,[alpha] > hypothetical
NZ_LZMK01000185.1:32525-33662:-1,WP_064908677.1,A5780_RS14425,,Rieske 2Fe-2S domain-containing protein,3_313_KshA15,3,561.8,0.9567,5.7e-169,NZ_LZMK01000185.1,32525,33662,-1,Nocardia sp. 852002-20019_SCH5090214,Bacteria; Bacillati; Actinomycetota; Actinomycetes; Mycobacteriales; Nocardiaceae; Nocardia,0,3_313_KshA15#66,core,0.761,0,0,0,0,dehydrogenase > other > [alpha] > hypothetical
NZ_LZMK01000220.1:3790-4843:-1,WP_064908933.1,A5780_RS17200,,Rieske 2Fe-2S domain-containing protein,3_313_KshA15,3,105.6,0.8066,2e-30,NZ_LZMK01000220.1,3790,4843,-1,Nocardia sp. 852002-20019_SCH5090214,Bacteria; Bacillati; Actinomycetota; Actinomycetes; Mycobacteriales; Nocardiaceae; Nocardia,0,3_313_KshA15#0,core,0.8688,0,0,0,0,[alpha] > reductase > reductase
NZ_LZMH01000043.1:50608-51742:-1,WP_065036279.1,A5645_RS12345,,Rieske 2Fe-2S domain-containing protein,3_313_KshA15,3,590.4,0.9491,1.2e-177,NZ_LZMH01000043.1,50608,51742,-1,Mycobacterium asiaticum,Bacteria; Bacillati; Actinomycetota; Actinomycetes; Mycobacteriales; Mycobacteriaceae; Mycobacterium,0,3_313_KshA15#1,core,0.8858,0,0,0,0,[alpha] > ferredoxin > reductase
NZ_LZMI01000009.1:17075-18311:1,WP_005204132.1,A5766_RS01870,,Rieske 2Fe-2S domain-containing protein,3_313_KshA15,3,605.8,0.9771,2.5e-182,NZ_LZMI01000009.1,17075,18311,1,Gordonia sp. 852002-51296_SCH5728562-b,Bacteria; Bacillati; Actinomycetota; Actinomycetes; Mycobacteriales; Gordoniaceae; Gordonia,0,3_313_KshA15#13,core,0.8621,0,0,0,0,[alpha] > hypothetical
NZ_LZMI01000011.1:64854-65928:1,WP_064864404.1,A5766_RS03025,,Rieske 2Fe-2S domain-containing protein,3_313_KshA15,3,110.5,0.6565,6.6e-32,NZ_LZMI01000011.1,64854,65928,1,Gordonia sp. 852002-51296_SCH5728562-b,Bacteria; Bacillati; Actinomycetota; Actinomycetes; Mycobacteriales; Gordoniaceae; Gordonia,0,3_313_KshA15#0,core,0.8036,0,0,0,0,[alpha] > reductase
NZ_LZMK01000045.1:103394-104591:1,WP_063013190.1,A5780_RS05790,,Rieske 2Fe-2S domain-containing protein,3_313_KshA15,3,553.1,0.944,2.4e-166,NZ_LZMK01000045.1,103394,104591,1,Nocardia sp. 852002-20019_SCH5090214,Bacteria; Bacillati; Actinomycetota; Actinomycetes; Mycobacteriales; Nocardiaceae; Nocardia,0,3_313_KshA15#27,core,0.672,0,0,0,0,[alpha] > dehydrogenase > other
NZ_LZMK01000372.1:26938-28162:-1,WP_064906844.1,A5780_RS30360,,Rieske 2Fe-2S domain-containing protein,3_313_KshA15,3,656.5,0.972,1e-197,NZ_LZMK01000372.1,26938,28162,-1,Nocardia sp. 852002-20019_SCH5090214,Bacteria; Bacillati; Actinomycetota; Actinomycetes; Mycobacteriales; Nocardiaceae; Nocardia,0,3_313_KshA15#11,core,0.8094,0,0,0,0,[alpha] > hypothetical
NZ_LZMK01000376.1:13769-14912:1,WP_064910698.1,A5780_RS30855,,Rieske 2Fe-2S domain-containing protein,3_313_KshA15,3,579.3,0.9466,2.7e-174,NZ_LZMK01000376.1,13769,14912,1,Nocardia sp. 852002-20019_SCH5090214,Bacteria; Bacillati; Actinomycetota; Actinomycetes; Mycobacteriales; Nocardiaceae; Nocardia,0,3_313_KshA15#54,core,0.6139,1,0,0,1,[alpha] > hypothetical > reductase > other
NZ_LZSF01000028.1:40629-41604:-1,WP_064857535.1,A5642_RS02100,,Rieske 2Fe-2S domain-containing protein,3_313_KshA15,3,103.6,0.5471,8.3e-30,NZ_LZSF01000028.1,40629,41604,-1,Mycolicibacterium mucogenicum,Bacteria; Bacillati; Actinomycetota; Actinomycetes; Mycobacteriales; Mycobacteriaceae; Mycolicibacterium,0,3_313_KshA15#0,core,0.8088,0,0,0,0,[alpha] > reductase
NZ_LZSF01000303.1:47188-48334:-1,WP_064861110.1,A5642_RS28320,,Rieske 2Fe-2S domain-containing protein,3_313_KshA15,3,592.2,0.9491,3.2e-178,NZ_LZSF01000303.1,47188,48334,-1,Mycolicibacterium mucogenicum,Bacteria; Bacillati; Actinomycetota; Actinomycetes; Mycobacteriales; Mycobacteriaceae; Mycolicibacterium,0,3_313_KshA15#7,core,0.8799,0,0,0,0,[alpha]
NZ_LZMO01000279.1:15685-16759:1,WP_064864404.1,A5777_RS21365,,Rieske 2Fe-2S domain-containing protein,3_313_KshA15,3,110.5,0.6565,6.6e-32,NZ_LZMO01000279.1,15685,16759,1,Gordonia sp. 852002-10350_SCH5691597,Bacteria; Bacillati; Actinomycetota; Actinomycetes; Mycobacteriales; Gordoniaceae; Gordonia,0,3_313_KshA15#0,core,0.8036,0,0,0,0,[alpha] > hypothetical
NZ_LZSG01000062.1:139282-140410:-1,WP_172828927.1,A9W99_RS21835,,Rieske 2Fe-2S domain-containing protein,3_313_KshA15,3,113.6,0.8117,7.7e-33,NZ_LZSG01000062.1,139282,140410,-1,Mycobacterium sp. 1164966.3,Bacteria; Bacillati; Actinomycetota; Actinomycetes; Mycobacteriales; Mycobacteriaceae; Mycobacterium,0,3_313_KshA15#4,core,0.8824,0,0,0,0,[alpha] > other > other > other > other > hydrolase
NZ_LZSG01000062.1:221446-222454:1,WP_067383286.1,A9W99_RS22190,,Rieske 2Fe-2S domain-containing protein,3_313_KshA15,3,108.8,0.799,2.2e-31,NZ_LZSG01000062.1,221446,222454,1,Mycobacterium sp. 1164966.3,Bacteria; Bacillati; Actinomycetota; Actinomycetes; Mycobacteriales; Mycobacteriaceae; Mycobacterium,0,3_313_KshA15#2,core,0.8947,0,0,0,0,[alpha] > other > hydrolase > other > other > other > other
NZ_LZSJ01000172.1:39193-40225:-1,WP_061263765.1,A5668_RS21530,,Rieske 2Fe-2S domain-containing protein,3_313_KshA15,3,109.5,0.6285,1.3e-31,NZ_LZSJ01000172.1,39193,40225,-1,Mycolicibacterium fortuitum,Bacteria; Bacillati; Actinomycetota; Actinomycetes; Mycobacteriales; Mycobacteriaceae; Mycolicibacterium,0,3_313_KshA15#0,core,0.8723,0,0,0,0,[alpha] > reductase > regulator
NZ_LZSK01000001.1:1710-2919:1,WP_064894342.1,A5718_RS00010,,Rieske 2Fe-2S domain-containing protein,3_313_KshA15,3,712.1,0.972,1.3e-214,NZ_LZSK01000001.1,1710,2919,1,Mycolicibacterium conceptionense,Bacteria; Bacillati; Actinomycetota; Actinomycetes; Mycobacteriales; Mycobacteriaceae; Mycolicibacterium,0,3_313_KshA15#43,core,0.7072,0,0,0,0,[alpha] > other > ring_cleavage
NZ_LZSG01000001.1:178085-179249:1,WP_067371905.1,A9W99_RS00775,,Rieske 2Fe-2S domain-containing protein,3_313_KshA15,3,827.2,0.9669,1.4e-249,NZ_LZSG01000001.1,178085,179249,1,Mycobacterium sp. 1164966.3,Bacteria; Bacillati; Actinomycetota; Actinomycetes; Mycobacteriales; Mycobacteriaceae; Mycobacterium,0,3_313_KshA15#3,core,0.8621,0,0,0,0,[alpha] > hypothetical
NZ_LZSG01000021.1:39265-40291:1,WP_067375328.1,A9W99_RS07360,,Rieske 2Fe-2S domain-containing protein,3_313_KshA15,3,108.1,0.626,3.7e-31,NZ_LZSG01000021.1,39265,40291,1,Mycobacterium sp. 1164966.3,Bacteria; Bacillati; Actinomycetota; Actinomycetes; Mycobacteriales; Mycobacteriaceae; Mycobacterium,0,3_313_KshA15#0,core,0.9036,0,0,0,0,[alpha] > reductase > regulator > hypothetical > other
NZ_LZSG01000040.1:70096-71239:1,WP_067378675.1,A9W99_RS14235,,Rieske 2Fe-2S domain-containing protein,3_313_KshA15,3,571.2,0.9466,8.1e-172,NZ_LZSG01000040.1,70096,71239,1,Mycobacterium sp. 1164966.3,Bacteria; Bacillati; Actinomycetota; Actinomycetes; Mycobacteriales; Mycobacteriaceae; Mycobacterium,0,3_313_KshA15#1,core,0.8436,0,0,0,0,[alpha] > ferredoxin
NZ_LZSO01000047.1:57635-58781:-1,WP_064936819.1,A5792_RS28095,,Rieske 2Fe-2S domain-containing protein,3_313_KshA15,3,578.9,0.9593,3.8e-174,NZ_LZSO01000047.1,57635,58781,-1,Mycolicibacterium peregrinum,Bacteria; Bacillati; Actinomycetota; Actinomycetes; Mycobacteriales; Mycobacteriaceae; Mycolicibacterium,0,3_313_KshA15#1,core,0.761,0,0,0,0,[alpha] > hypothetical
NZ_LZST01000031.1:5823-6849:1,WP_011560951.1,A6B34_RS04270,,Rieske 2Fe-2S domain-containing protein,3_313_KshA15,3,113.5,0.6336,8.2e-33,NZ_LZST01000031.1,5823,6849,1,Mycolicibacterium monacense,Bacteria; Bacillati; Actinomycetota; Actinomycetes; Mycobacteriales; Mycobacteriaceae; Mycolicibacterium,0,3_313_KshA15#0,core,0.7579,0,0,0,0,[alpha] > reductase
NZ_LZST01000115.1:44377-45514:1,WP_011557723.1,A6B34_RS16485,,Rieske 2Fe-2S domain-containing protein,3_313_KshA15,3,565.4,0.9491,4.5e-170,NZ_LZST01000115.1,44377,45514,1,Mycolicibacterium monacense,Bacteria; Bacillati; Actinomycetota; Actinomycetes; Mycobacteriales; Mycobacteriaceae; Mycolicibacterium,0,3_313_KshA15#1,core,0.8123,0,0,0,0,reductase > other > [alpha] > hypothetical > reductase > hypothetical
NZ_LZST01000117.1:56596-57754:-1,WP_011562017.1,A6B34_RS17030,,Rieske 2Fe-2S domain-containing protein,3_313_KshA15,3,833.6,0.9695,1.6e-251,NZ_LZST01000117.1,56596,57754,-1,Mycolicibacterium monacense,Bacteria; Bacillati; Actinomycetota; Actinomycetes; Mycobacteriales; Mycobacteriaceae; Mycolicibacterium,0,3_313_KshA15#5,core,0.8636,0,0,0,0,[alpha] > hypothetical > hypothetical
NZ_LZSK01000063.1:197033-198143:-1,WP_064895317.1,A5718_RS15955,,Rieske 2Fe-2S domain-containing protein,3_313_KshA15,3,586.8,0.9364,1.5e-176,NZ_LZSK01000063.1,197033,198143,-1,Mycolicibacterium conceptionense,Bacteria; Bacillati; Actinomycetota; Actinomycetes; Mycobacteriales; Mycobacteriaceae; Mycolicibacterium,0,3_313_KshA15#7,core,0.9111,0,0,0,0,other > other > other > regulator > other > other > reductase > [alpha] > other > other
NZ_LZSO01000042.1:69476-70637:-1,WP_064936602.1,A5792_RS27480,,Rieske 2Fe-2S domain-containing protein,3_313_KshA15,3,819.0,0.972,4.2e-247,NZ_LZSO01000042.1,69476,70637,-1,Mycolicibacterium peregrinum,Bacteria; Bacillati; Actinomycetota; Actinomycetes; Mycobacteriales; Mycobacteriaceae; Mycolicibacterium,0,3_313_KshA15#5,core,0.7975,0,0,0,0,hypothetical > [alpha] > hypothetical
NZ_LZSO01000008.1:72830-73961:1,WP_064928927.1,A5792_RS01555,,Rieske 2Fe-2S domain-containing protein,3_313_KshA15,3,587.6,0.944,8.3e-177,NZ_LZSO01000008.1,72830,73961,1,Mycolicibacterium peregrinum,Bacteria; Bacillati; Actinomycetota; Actinomycetes; Mycobacteriales; Mycobacteriaceae; Mycolicibacterium,0,3_313_KshA15#7,core,0.8984,0,0,0,0,other > other > reductase > [alpha] > other > other > other > dehydrogenase > other > other > other > transporter
NZ_LZSO01000008.1:436604-437621:-1,WP_064929480.1,A5792_RS03270,,Rieske 2Fe-2S domain-containing protein,3_313_KshA15,3,104.3,0.799,5.3e-30,NZ_LZSO01000008.1,436604,437621,-1,Mycolicibacterium peregrinum,Bacteria; Bacillati; Actinomycetota; Actinomycetes; Mycobacteriales; Mycobacteriaceae; Mycolicibacterium,0,3_313_KshA15#2,core,0.7343,0,0,0,0,[alpha] > hydrolase > other
NZ_LZSO01000015.1:63606-64638:-1,WP_064931611.1,A5792_RS10405,,Rieske 2Fe-2S domain-containing protein,3_313_KshA15,3,112.6,0.6285,1.6e-32,NZ_LZSO01000015.1,63606,64638,-1,Mycolicibacterium peregrinum,Bacteria; Bacillati; Actinomycetota; Actinomycetes; Mycobacteriales; Mycobacteriaceae; Mycolicibacterium,0,3_313_KshA15#0,core,0.8582,0,0,0,0,[alpha] > hypothetical
NZ_LZSO01000028.1:1397-2528:-1,WP_064933005.1,A5792_RS16525,,Rieske 2Fe-2S domain-containing protein,3_313_KshA15,3,550.0,0.9466,2.2e-165,NZ_LZSO01000028.1,1397,2528,-1,Mycolicibacterium peregrinum,Bacteria; Bacillati; Actinomycetota; Actinomycetes; Mycobacteriales; Mycobacteriaceae; Mycolicibacterium,0,3_313_KshA15#1,core,0.7937,0,0,0,0,other > other > hypothetical > [alpha]
NZ_LZSV01000019.1:93338-94496:-1,WP_067740223.1,A5758_RS12420,,Rieske 2Fe-2S domain-containing protein,3_313_KshA15,3,837.5,0.9669,1.1e-252,NZ_LZSV01000019.1,93338,94496,-1,Mycobacterium sp. 852014-50255_SCH5639931,Bacteria; Bacillati; Actinomycetota; Actinomycetes; Mycobacteriales; Mycobacteriaceae; Mycobacterium,0,3_313_KshA15#3,core,0.9453,0,0,0,0,[alpha] > hypothetical
NZ_LZSV01000024.1:115602-116733:1,WP_067741023.1,A5758_RS14615,,Rieske 2Fe-2S domain-containing protein,3_313_KshA15,3,579.0,0.9517,3.5e-174,NZ_LZSV01000024.1,115602,116733,1,Mycobacterium sp. 852014-50255_SCH5639931,Bacteria; Bacillati; Actinomycetota; Actinomycetes; Mycobacteriales; Mycobacteriaceae; Mycobacterium,0,3_313_KshA15#22,core,0.8769,0,0,0,0,[alpha] > ferredoxin
NZ_LZSV01000035.1:204951-205959:-1,WP_067744389.1,A5758_RS21940,,Rieske 2Fe-2S domain-containing protein,3_313_KshA15,3,110.9,0.6336,4.9e-32,NZ_LZSV01000035.1,204951,205959,-1,Mycobacterium sp. 852014-50255_SCH5639931,Bacteria; Bacillati; Actinomycetota; Actinomycetes; Mycobacteriales; Mycobacteriaceae; Mycobacterium,0,3_313_KshA15#0,core,0.8869,0,0,0,0,[alpha] > reductase
NZ_LZSU01000019.1:360102-361245:-1,WP_066831658.1,A5757_RS09095,,Rieske 2Fe-2S domain-containing protein,3_313_KshA15,3,567.8,0.9618,8.4e-171,NZ_LZSU01000019.1,360102,361245,-1,Mycobacterium sp. 852013-51886_SCH5428379,Bacteria; Bacillati; Actinomycetota; Actinomycetes; Mycobacteriales; Mycobacteriaceae; Mycobacterium,0,3_313_KshA15#1,core,0.8313,0,0,0,0,[alpha] > ferredoxin > reductase > hypothetical
NZ_LZSU01000022.1:153961-154975:-1,WP_066833200.1,A5757_RS11235,,aromatic ring-hydroxylating dioxygenase subunit alpha,3_313_KshA15,3,121.0,0.8117,4.3e-35,NZ_LZSU01000022.1,153961,154975,-1,Mycobacterium sp. 852013-51886_SCH5428379,Bacteria; Bacillati; Actinomycetota; Actinomycetes; Mycobacteriales; Mycobacteriaceae; Mycobacterium,0,3_313_KshA15#2,core,0.7376,0,0,0,0,[alpha] > hydrolase
NZ_LZSU01000051.1:219536-220571:1,WP_066838300.1,A5757_RS21200,,Rieske 2Fe-2S domain-containing protein,3_313_KshA15,3,112.3,0.626,1.9e-32,NZ_LZSU01000051.1,219536,220571,1,Mycobacterium sp. 852013-51886_SCH5428379,Bacteria; Bacillati; Actinomycetota; Actinomycetes; Mycobacteriales; Mycobacteriaceae; Mycobacterium,0,3_313_KshA15#0,core,0.8028,0,0,0,0,[alpha] > reductase
NZ_LZSW01000055.1:149233-150373:-1,WP_068199913.1,A5759_RS17720,,Rieske 2Fe-2S domain-containing protein,3_313_KshA15,3,578.0,0.9466,6.8e-174,NZ_LZSW01000055.1,149233,150373,-1,Mycobacterium sp. 852014-52144_SCH5372336,Bacteria; Bacillati; Actinomycetota; Actinomycetes; Mycobacteriales; Mycobacteriaceae; Mycobacterium,0,3_313_KshA15#1,core,0.8245,0,0,0,0,[alpha] > ferredoxin
NZ_LZSW01000065.1:145235-146351:-1,WP_068201832.1,A5759_RS24215,,aromatic ring-hydroxylating dioxygenase subunit alpha,3_313_KshA15,3,116.3,0.5496,1.1e-33,NZ_LZSW01000065.1,145235,146351,-1,Mycobacterium sp. 852014-52144_SCH5372336,Bacteria; Bacillati; Actinomycetota; Actinomycetes; Mycobacteriales; Mycobacteriaceae; Mycobacterium,0,3_313_KshA15#4,core,0.8601,0,0,0,0,[alpha] > other > other > other > other
NZ_LZSX01000035.1:38181-39186:1,WP_064879529.1,A5760_RS08245,,Rieske 2Fe-2S domain-containing protein,3_313_KshA15,3,104.2,0.5725,5.3e-30,NZ_LZSX01000035.1,38181,39186,1,Mycobacterium colombiense,Bacteria; Bacillati; Actinomycetota; Actinomycetes; Mycobacteriales; Mycobacteriaceae; Mycobacterium; Mycobacterium avium complex (MAC),0,3_313_KshA15#0,core,0.8834,0,0,0,0,[alpha] > reductase
NZ_LZSW01000048.1:197976-198975:1,WP_068198767.1,A5759_RS14305,,aromatic ring-hydroxylating dioxygenase subunit alpha,3_313_KshA15,3,118.0,0.5318,3.5e-34,NZ_LZSW01000048.1,197976,198975,1,Mycobacterium sp. 852014-52144_SCH5372336,Bacteria; Bacillati; Actinomycetota; Actinomycetes; Mycobacteriales; Mycobacteriaceae; Mycobacterium,0,3_313_KshA15#2,core,0.7405,0,0,0,0,[alpha] > hydrolase > other
NZ_LZSW01000048.1:255958-257008:-1,WP_068198855.1,A5759_RS14575,,Rieske 2Fe-2S domain-containing protein,3_313_KshA15,3,114.0,0.626,5.9e-33,NZ_LZSW01000048.1,255958,257008,-1,Mycobacterium sp. 852014-52144_SCH5372336,Bacteria; Bacillati; Actinomycetota; Actinomycetes; Mycobacteriales; Mycobacteriaceae; Mycobacterium,0,3_313_KshA15#0,core,0.7607,0,0,0,0,[alpha] > reductase > regulator
NZ_LZSW01000049.1:39432-40599:1,WP_064399196.1,A5759_RS14885,,Rieske 2Fe-2S domain-containing protein,3_313_KshA15,3,830.6,0.9746,1.3e-250,NZ_LZSW01000049.1,39432,40599,1,Mycobacterium sp. 852014-52144_SCH5372336,Bacteria; Bacillati; Actinomycetota; Actinomycetes; Mycobacteriales; Mycobacteriaceae; Mycobacterium,0,3_313_KshA15#5,core,0.8567,0,0,0,0,[alpha] > hypothetical > other
NZ_LZSY01000014.1:22888-24034:1,WP_064878244.1,A5779_RS01525,,Rieske 2Fe-2S domain-containing protein,3_313_KshA15,3,578.4,0.9593,5.2e-174,NZ_LZSY01000014.1,22888,24034,1,Mycolicibacterium peregrinum,Bacteria; Bacillati; Actinomycetota; Actinomycetes; Mycobacteriales; Mycobacteriaceae; Mycolicibacterium,0,3_313_KshA15#1,core,0.7571,0,0,0,0,[alpha] > hypothetical
NZ_LZSY01000085.1:22373-23405:1,WP_064881719.1,A5779_RS11050,,Rieske 2Fe-2S domain-containing protein,3_313_KshA15,3,112.1,0.6285,2.1e-32,NZ_LZSY01000085.1,22373,23405,1,Mycolicibacterium peregrinum,Bacteria; Bacillati; Actinomycetota; Actinomycetes; Mycobacteriales; Mycobacteriaceae; Mycolicibacterium,0,3_313_KshA15#0,core,0.8582,0,0,0,0,[alpha] > hypothetical
NZ_LZSX01000089.1:9138-10248:-1,WP_196772168.1,A5760_RS21955,,aromatic ring-hydroxylating dioxygenase subunit alpha,3_313_KshA15,3,105.3,0.5369,2.6e-30,NZ_LZSX01000089.1,9138,10248,-1,Mycobacterium colombiense,Bacteria; Bacillati; Actinomycetota; Actinomycetes; Mycobacteriales; Mycobacteriaceae; Mycobacterium; Mycobacterium avium complex (MAC),0,3_313_KshA15#4,core,0.9375,0,0,0,0,[alpha] > other > other > other > other > other
NZ_LZSX01000089.1:49769-50777:1,WP_064884769.1,A5760_RS22135,,Rieske 2Fe-2S domain-containing protein,3_313_KshA15,3,111.7,0.799,2.8e-32,NZ_LZSX01000089.1,49769,50777,1,Mycobacterium colombiense,Bacteria; Bacillati; Actinomycetota; Actinomycetes; Mycobacteriales; Mycobacteriaceae; Mycobacterium; Mycobacterium avium complex (MAC),0,3_313_KshA15#2,core,0.8951,0,0,0,0,[alpha] > hydrolase > hydrolase > other > other > reductase
NZ_LZTA01000045.1:46000-47008:-1,WP_067097655.1,A5782_RS08165,,Rieske 2Fe-2S domain-containing protein,3_313_KshA15,3,116.1,0.6234,1.3e-33,NZ_LZTA01000045.1,46000,47008,-1,Mycobacterium sp. 852002-40037_SCH5390672,Bacteria; Bacillati; Actinomycetota; Actinomycetes; Mycobacteriales; Mycobacteriaceae; Mycobacterium,0,3_313_KshA15#0,core,0.8799,0,0,0,0,[alpha] > reductase
NZ_LZTA01000079.1:29981-31160:1,WP_067100568.1,A5782_RS13675,,Rieske 2Fe-2S domain-containing protein,3_313_KshA15,3,835.1,0.9746,5.5e-252,NZ_LZTA01000079.1,29981,31160,1,Mycobacterium sp. 852002-40037_SCH5390672,Bacteria; Bacillati; Actinomycetota; Actinomycetes; Mycobacteriales; Mycobacteriaceae; Mycobacterium,0,3_313_KshA15#3,core,0.9236,0,0,0,0,[alpha] > hypothetical
NZ_LZSY01000118.1:30312-31476:-1,WP_064884579.1,A5779_RS19080,,Rieske 2Fe-2S domain-containing protein,3_313_KshA15,3,818.9,0.9746,4.6e-247,NZ_LZSY01000118.1,30312,31476,-1,Mycolicibacterium peregrinum,Bacteria; Bacillati; Actinomycetota; Actinomycetes; Mycobacteriales; Mycobacteriaceae; Mycolicibacterium,0,3_313_KshA15#5,core,0.7726,0,0,0,0,hypothetical > [alpha] > hypothetical
NZ_LZTA01000086.1:72670-73795:-1,WP_067101904.1,A5782_RS15865,,Rieske 2Fe-2S domain-containing protein,3_313_KshA15,3,577.4,0.9517,1e-173,NZ_LZTA01000086.1,72670,73795,-1,Mycobacterium sp. 852002-40037_SCH5390672,Bacteria; Bacillati; Actinomycetota; Actinomycetes; Mycobacteriales; Mycobacteriaceae; Mycobacterium,0,3_313_KshA15#1,core,0.9219,0,0,0,0,[alpha] > ferredoxin
NZ_LZSV01000016.1:96910-98038:-1,WP_156622548.1,A5758_RS08245,,aromatic ring-hydroxylating dioxygenase subunit alpha,3_313_KshA15,3,117.0,0.8117,7.1e-34,NZ_LZSV01000016.1,96910,98038,-1,Mycobacterium sp. 852014-50255_SCH5639931,Bacteria; Bacillati; Actinomycetota; Actinomycetes; Mycobacteriales; Mycobacteriaceae; Mycobacterium,0,3_313_KshA15#4,core,0.9388,0,0,0,0,[alpha] > other > other > other > other
NZ_LZSV01000016.1:148930-149941:1,WP_067738881.1,A5758_RS08505,,Rieske 2Fe-2S domain-containing protein,3_313_KshA15,3,115.6,0.8168,1.9e-33,NZ_LZSV01000016.1,148930,149941,1,Mycobacterium sp. 852014-50255_SCH5639931,Bacteria; Bacillati; Actinomycetota; Actinomycetes; Mycobacteriales; Mycobacteriaceae; Mycobacterium,0,3_313_KshA15#2,core,0.9167,0,0,0,0,[alpha] > hydrolase > hydrolase > other > other > other
NZ_LZSX01000040.1:18183-19308:-1,WP_064880377.1,A5760_RS10495,,Rieske 2Fe-2S domain-containing protein,3_313_KshA15,3,574.0,0.9517,1.1e-172,NZ_LZSX01000040.1,18183,19308,-1,Mycobacterium colombiense,Bacteria; Bacillati; Actinomycetota; Actinomycetes; Mycobacteriales; Mycobacteriaceae; Mycobacterium; Mycobacterium avium complex (MAC),0,3_313_KshA15#1,core,0.9122,0,0,0,0,[alpha] > hypothetical
NZ_LZSX01000073.1:83764-84943:-1,WP_064882170.1,A5760_RS15270,,Rieske 2Fe-2S domain-containing protein,3_313_KshA15,3,837.6,0.9746,9.9e-253,NZ_LZSX01000073.1,83764,84943,-1,Mycobacterium colombiense,Bacteria; Bacillati; Actinomycetota; Actinomycetes; Mycobacteriales; Mycobacteriaceae; Mycobacterium; Mycobacterium avium complex (MAC),0,3_313_KshA15#3,core,0.9241,0,0,0,0,[alpha] > hypothetical
NZ_LZSY01000159.1:68473-69604:-1,WP_064886462.1,A5779_RS25235,,Rieske 2Fe-2S domain-containing protein,3_313_KshA15,3,584.0,0.9415,1.1e-175,NZ_LZSY01000159.1,68473,69604,-1,Mycolicibacterium peregrinum,Bacteria; Bacillati; Actinomycetota; Actinomycetes; Mycobacteriales; Mycobacteriaceae; Mycolicibacterium,0,3_313_KshA15#7,core,0.9071,0,0,0,0,other > other > reductase > [alpha] > other > other > other > dehydrogenase > other > other > other > transporter
NZ_LZSY01000197.1:10783-11800:-1,WP_064887791.1,A5779_RS31430,,Rieske 2Fe-2S domain-containing protein,3_313_KshA15,3,104.9,0.799,3.3e-30,NZ_LZSY01000197.1,10783,11800,-1,Mycolicibacterium peregrinum,Bacteria; Bacillati; Actinomycetota; Actinomycetes; Mycobacteriales; Mycobacteriaceae; Mycolicibacterium,0,3_313_KshA15#2,core,0.7308,0,0,0,0,[alpha] > hydrolase > other
NZ_LZTA01000038.1:105245-106253:-1,WP_067096469.1,A5782_RS05930,,Rieske 2Fe-2S domain-containing protein,3_313_KshA15,3,110.0,0.8092,9.2e-32,NZ_LZTA01000038.1,105245,106253,-1,Mycobacterium sp. 852002-40037_SCH5390672,Bacteria; Bacillati; Actinomycetota; Actinomycetes; Mycobacteriales; Mycobacteriaceae; Mycobacterium,0,3_313_KshA15#2,core,0.9266,0,0,0,0,[alpha] > other > hydrolase > other > other > dehydrogenase > other > other
NZ_LZTA01000038.1:142053-143163:1,WP_082942794.1,A5782_RS06095,,aromatic ring-hydroxylating dioxygenase subunit alpha,3_313_KshA15,3,109.6,0.8117,1.3e-31,NZ_LZTA01000038.1,142053,143163,1,Mycobacterium sp. 852002-40037_SCH5390672,Bacteria; Bacillati; Actinomycetota; Actinomycetes; Mycobacteriales; Mycobacteriaceae; Mycobacterium,0,3_313_KshA15#4,core,0.8685,0,0,0,0,[alpha] > other > other > other > other > other
NZ_LZTD01000047.1:54371-55445:-1,WP_064867260.1,A5786_RS05640,,Rieske 2Fe-2S domain-containing protein,3_313_KshA15,3,106.6,0.6539,1e-30,NZ_LZTD01000047.1,54371,55445,-1,Gordonia sp. 852002-50816_SCH5313054-a,Bacteria; Bacillati; Actinomycetota; Actinomycetes; Mycobacteriales; Gordoniaceae; Gordonia,0,3_313_KshA15#0,core,0.8063,0,0,0,0,[alpha] > hypothetical
NZ_LZTD01000100.1:133488-134724:1,WP_064869009.1,A5786_RS15335,,Rieske 2Fe-2S domain-containing protein,3_313_KshA15,3,607.0,0.9796,1e-182,NZ_LZTD01000100.1,133488,134724,1,Gordonia sp. 852002-50816_SCH5313054-a,Bacteria; Bacillati; Actinomycetota; Actinomycetes; Mycobacteriales; Gordoniaceae; Gordonia,0,3_313_KshA15#13,core,0.8683,0,0,0,0,[alpha] > hypothetical
NZ_MAEM01000331.1:32135-33272:1,WP_065134845.1,A9W98_RS18755,,Rieske 2Fe-2S domain-containing protein,3_313_KshA15,3,578.8,0.944,3.9e-174,NZ_MAEM01000331.1,32135,33272,1,Mycobacterium gordonae,Bacteria; Bacillati; Actinomycetota; Actinomycetes; Mycobacteriales; Mycobacteriaceae; Mycobacterium,0,3_313_KshA15#9,core,0.8679,0,0,0,0,[alpha] > ferredoxin > other > reductase
NZ_MAFP01000008.1:128038-129238:1,WP_043076746.1,B4380_RS17475,,Rieske 2Fe-2S domain-containing protein,3_313_KshA15,3,787.9,0.9873,1.2e-237,NZ_MAFP01000008.1,128038,129238,1,Mycobacteroides immunogenum,Bacteria; Bacillati; Actinomycetota; Actinomycetes; Mycobacteriales; Mycobacteriaceae; Mycobacteroides,0,3_313_KshA15#3,core,0.7716,0,0,0,0,[alpha] > hypothetical
NZ_MAFP01000018.1:175119-176265:-1,WP_043077766.1,B4380_RS26140,,Rieske 2Fe-2S domain-containing protein,3_313_KshA15,3,590.3,0.9466,1.3e-177,NZ_MAFP01000018.1,175119,176265,-1,Mycobacteroides immunogenum,Bacteria; Bacillati; Actinomycetota; Actinomycetes; Mycobacteriales; Mycobacteriaceae; Mycobacteroides,0,3_313_KshA15#12,core,0.8147,0,0,0,0,regulator > other > other > [alpha]
NZ_MAEM01000519.1:28240-29269:1,WP_065137078.1,A9W98_RS32105,,Rieske 2Fe-2S domain-containing protein,3_313_KshA15,3,113.3,0.626,9.3e-33,NZ_MAEM01000519.1,28240,29269,1,Mycobacterium gordonae,Bacteria; Bacillati; Actinomycetota; Actinomycetes; Mycobacteriales; Mycobacteriaceae; Mycobacterium,0,3_313_KshA15#0,core,0.7684,0,0,0,0,[alpha] > reductase
NZ_MAEM01000565.1:7827-8940:-1,WP_082986826.1,A9W98_RS35205,,aromatic ring-hydroxylating dioxygenase subunit alpha,3_313_KshA15,3,119.0,0.57,1.8e-34,NZ_MAEM01000565.1,7827,8940,-1,Mycobacterium gordonae,Bacteria; Bacillati; Actinomycetota; Actinomycetes; Mycobacteriales; Mycobacteriaceae; Mycobacterium,0,3_313_KshA15#4,core,0.8733,0,0,0,0,[alpha] > other > other > other > other
NZ_MAFP01000003.1:230834-231992:1,WP_043077468.1,B4380_RS07275,,Rieske 2Fe-2S domain-containing protein,3_313_KshA15,3,569.4,0.9542,2.9e-171,NZ_MAFP01000003.1,230834,231992,1,Mycobacteroides immunogenum,Bacteria; Bacillati; Actinomycetota; Actinomycetes; Mycobacteriales; Mycobacteriaceae; Mycobacteroides,0,3_313_KshA15#1,core,0.8056,0,0,0,0,[alpha] > hypothetical
NZ_MAFP01000005.1:431743-432742:-1,WP_043080469.1,B4380_RS13485,,Rieske 2Fe-2S domain-containing protein,3_313_KshA15,3,122.3,0.659,1.7e-35,NZ_MAFP01000005.1,431743,432742,-1,Mycobacteroides immunogenum,Bacteria; Bacillati; Actinomycetota; Actinomycetes; Mycobacteriales; Mycobacteriaceae; Mycobacteroides,0,3_313_KshA15#0,core,0.6705,0,0,0,0,[alpha] > reductase
NZ_MBEE01000080.1:71834-72962:-1,WP_141681725.1,A5677_RS09675,,aromatic ring-hydroxylating dioxygenase subunit alpha,3_313_KshA15,3,114.7,0.6005,3.6e-33,NZ_MBEE01000080.1,71834,72962,-1,Mycobacterium malmoense,Bacteria; Bacillati; Actinomycetota; Actinomycetes; Mycobacteriales; Mycobacteriaceae; Mycobacterium,0,3_313_KshA15#4,core,0.9301,0,0,0,0,[alpha] > other > other > other > other
NZ_MBEE01000257.1:33945-35106:1,WP_065442835.1,A5677_RS23740,,Rieske 2Fe-2S domain-containing protein,3_313_KshA15,3,836.8,0.9695,1.7e-252,NZ_MBEE01000257.1,33945,35106,1,Mycobacterium malmoense,Bacteria; Bacillati; Actinomycetota; Actinomycetes; Mycobacteriales; Mycobacteriaceae; Mycobacterium,0,3_313_KshA15#3,core,0.932,0,0,0,0,[alpha] > hypothetical
NZ_MBEE01000275.1:76446-77439:-1,WP_065441669.1,A5677_RS25060,,Rieske 2Fe-2S domain-containing protein,3_313_KshA15,3,114.3,0.799,4.7e-33,NZ_MBEE01000275.1,76446,77439,-1,Mycobacterium malmoense,Bacteria; Bacillati; Actinomycetota; Actinomycetes; Mycobacteriales; Mycobacteriaceae; Mycobacterium,0,3_313_KshA15#2,core,0.9228,0,0,0,0,[alpha] > hydrolase > hydrolase > other > other > other > other
NZ_MBEE01000282.1:2359-3502:-1,WP_065442270.1,A5677_RS25875,,Rieske 2Fe-2S domain-containing protein,3_313_KshA15,3,580.9,0.9593,8.7e-175,NZ_MBEE01000282.1,2359,3502,-1,Mycobacterium malmoense,Bacteria; Bacillati; Actinomycetota; Actinomycetes; Mycobacteriales; Mycobacteriaceae; Mycobacterium,0,3_313_KshA15#1,core,0.8312,0,0,0,0,[alpha]
NZ_MBEM01000045.1:21532-22669:1,WP_076244600.1,A5736_RS03680,,Rieske 2Fe-2S domain-containing protein,3_313_KshA15,3,573.3,0.9517,1.8e-172,NZ_MBEM01000045.1,21532,22669,1,Mycobacterium sp. SP-6446,Bacteria; Bacillati; Actinomycetota; Actinomycetes; Mycobacteriales; Mycobacteriaceae; Mycobacterium,0,3_313_KshA15#1,core,0.8454,0,0,0,0,[alpha] > ferredoxin
NZ_MBEM01000106.1:60599-61769:-1,WP_076122730.1,A5736_RS09175,,Rieske 2Fe-2S domain-containing protein,3_313_KshA15,3,839.5,0.9771,2.6e-253,NZ_MBEM01000106.1,60599,61769,-1,Mycobacterium sp. SP-6446,Bacteria; Bacillati; Actinomycetota; Actinomycetes; Mycobacteriales; Mycobacteriaceae; Mycobacterium,0,3_313_KshA15#3,core,0.9132,0,0,0,0,[alpha] > hypothetical
NZ_MBEQ01000015.1:15542-16676:1,WP_076191555.1,A5740_RS03575,,Rieske 2Fe-2S domain-containing protein,3_313_KshA15,3,581.8,0.9415,4.8e-175,NZ_MBEQ01000015.1,15542,16676,1,Mycobacterium sp. GA-1841,Bacteria; Bacillati; Actinomycetota; Actinomycetes; Mycobacteriales; Mycobacteriaceae; Mycobacterium,0,3_313_KshA15#12,core,0.9097,0,0,0,0,regulator > other > other > reductase > [alpha]
NZ_MBEQ01000034.1:34190-35189:-1,WP_076193414.1,A5740_RS09385,,Rieske 2Fe-2S domain-containing protein,3_313_KshA15,3,114.7,0.6336,3.6e-33,NZ_MBEQ01000034.1,34190,35189,-1,Mycobacterium sp. GA-1841,Bacteria; Bacillati; Actinomycetota; Actinomycetes; Mycobacteriales; Mycobacteriaceae; Mycobacterium,0,3_313_KshA15#0,core,0.8763,0,0,0,0,[alpha] > reductase
NZ_MBEQ01000073.1:50587-51730:1,WP_076196217.1,A5740_RS18145,,Rieske 2Fe-2S domain-containing protein,3_313_KshA15,3,585.7,0.9567,3.1e-176,NZ_MBEQ01000073.1,50587,51730,1,Mycobacterium sp. GA-1841,Bacteria; Bacillati; Actinomycetota; Actinomycetes; Mycobacteriales; Mycobacteriaceae; Mycobacterium,0,3_313_KshA15#1,core,0.7796,0,0,0,0,[alpha] > ferredoxin
NZ_MBEM01000154.1:80181-81180:-1,WP_076122019.1,A5736_RS14420,,Rieske 2Fe-2S domain-containing protein,3_313_KshA15,3,104.4,0.6234,4.8e-30,NZ_MBEM01000154.1,80181,81180,-1,Mycobacterium sp. SP-6446,Bacteria; Bacillati; Actinomycetota; Actinomycetes; Mycobacteriales; Mycobacteriaceae; Mycobacterium,0,3_313_KshA15#15,core,0.8521,0,0,0,0,[alpha] > reductase
NZ_MBEM01000207.1:56545-57538:-1,WP_076247857.1,A5736_RS18550,,Rieske 2Fe-2S domain-containing protein,3_313_KshA15,3,110.5,0.799,6.5e-32,NZ_MBEM01000207.1,56545,57538,-1,Mycobacterium sp. SP-6446,Bacteria; Bacillati; Actinomycetota; Actinomycetes; Mycobacteriales; Mycobacteriaceae; Mycobacterium,0,3_313_KshA15#2,core,0.9094,0,0,0,0,[alpha] > hydrolase > other
NZ_MBEM01000207.1:97344-98463:1,WP_175611331.1,A5736_RS18750,,aromatic ring-hydroxylating dioxygenase subunit alpha,3_313_KshA15,3,120.3,0.598,7e-35,NZ_MBEM01000207.1,97344,98463,1,Mycobacterium sp. SP-6446,Bacteria; Bacillati; Actinomycetota; Actinomycetes; Mycobacteriales; Mycobacteriaceae; Mycobacterium,0,3_313_KshA15#4,core,0.9586,0,0,0,0,[alpha] > other > other > other > other > other
NZ_MBEP01000039.1:158469-159477:1,WP_076051788.1,A5739_RS07450,,Rieske 2Fe-2S domain-containing protein,3_313_KshA15,3,104.9,0.5929,3.3e-30,NZ_MBEP01000039.1,158469,159477,1,Mycobacterium colombiense,Bacteria; Bacillati; Actinomycetota; Actinomycetes; Mycobacteriales; Mycobacteriaceae; Mycobacterium; Mycobacterium avium complex (MAC),0,3_313_KshA15#0,core,0.8728,0,0,0,0,[alpha] > reductase
NZ_MBEQ01000009.1:191123-192137:-1,WP_076191061.1,A5740_RS02105,,Rieske 2Fe-2S domain-containing protein,3_313_KshA15,3,106.8,0.8142,9e-31,NZ_MBEQ01000009.1,191123,192137,-1,Mycobacterium sp. GA-1841,Bacteria; Bacillati; Actinomycetota; Actinomycetes; Mycobacteriales; Mycobacteriaceae; Mycobacterium,0,3_313_KshA15#2,core,0.7338,0,0,0,0,[alpha] > hydrolase > other
NZ_MBEQ01000095.1:8930-10085:1,WP_076197747.1,A5740_RS22505,,Rieske 2Fe-2S domain-containing protein,3_313_KshA15,3,817.5,0.9695,1.2e-246,NZ_MBEQ01000095.1,8930,10085,1,Mycobacterium sp. GA-1841,Bacteria; Bacillati; Actinomycetota; Actinomycetes; Mycobacteriales; Mycobacteriaceae; Mycobacterium,0,3_313_KshA15#5,core,0.8444,0,0,0,0,hypothetical > [alpha] > hypothetical
NZ_MBER01000118.1:20351-21410:-1,WP_054601035.1,A5742_RS20935,,Rieske 2Fe-2S domain-containing protein,3_313_KshA15,3,112.9,0.6285,1.2e-32,NZ_MBER01000118.1,20351,21410,-1,Mycolicibacterium fortuitum,Bacteria; Bacillati; Actinomycetota; Actinomycetes; Mycobacteriales; Mycobacteriaceae; Mycolicibacterium,0,3_313_KshA15#0,core,0.8759,0,0,0,0,[alpha] > reductase > regulator
NZ_MBEE01000019.1:39518-40508:-1,WP_065440737.1,A5677_RS02615,,Rieske 2Fe-2S domain-containing protein,3_313_KshA15,3,109.2,0.631,1.6e-31,NZ_MBEE01000019.1,39518,40508,-1,Mycobacterium malmoense,Bacteria; Bacillati; Actinomycetota; Actinomycetes; Mycobacteriales; Mycobacteriaceae; Mycobacterium,0,3_313_KshA15#15,core,0.9613,0,0,0,0,[alpha] > reductase
NZ_MBGG01000142.1:17334-18543:-1,WP_047041140.1,A5746_RS12770,,Rieske 2Fe-2S domain-containing protein,3_313_KshA15,3,714.7,0.9796,2.1e-215,NZ_MBGG01000142.1,17334,18543,-1,Mycolicibacterium conceptionense,Bacteria; Bacillati; Actinomycetota; Actinomycetes; Mycobacteriales; Mycobacteriaceae; Mycolicibacterium,0,3_313_KshA15#43,core,0.7072,0,0,0,0,[alpha] > other > ring_cleavage
NZ_MBGG01000260.1:21324-22476:-1,WP_036391722.1,A5746_RS22795,,Rieske 2Fe-2S domain-containing protein,3_313_KshA15,3,821.9,0.9669,5.9e-248,NZ_MBGG01000260.1,21324,22476,-1,Mycolicibacterium conceptionense,Bacteria; Bacillati; Actinomycetota; Actinomycetes; Mycobacteriales; Mycobacteriaceae; Mycolicibacterium,0,3_313_KshA15#5,core,0.7844,0,0,0,0,hypothetical > [alpha] > hypothetical
NZ_MBET01000018.1:2583-3582:-1,WP_076063627.1,A5745_RS02535,,Rieske 2Fe-2S domain-containing protein,3_313_KshA15,3,105.2,0.6234,2.8e-30,NZ_MBET01000018.1,2583,3582,-1,Mycobacterium sp. IS-2888,Bacteria; Bacillati; Actinomycetota; Actinomycetes; Mycobacteriales; Mycobacteriaceae; Mycobacterium,0,3_313_KshA15#15,core,0.8556,0,0,0,0,[alpha] > reductase
NZ_MBGF01000025.1:86105-87251:-1,WP_064896030.1,A5743_RS05625,,Rieske 2Fe-2S domain-containing protein,3_313_KshA15,3,587.4,0.9567,9.5e-177,NZ_MBGF01000025.1,86105,87251,-1,Mycolicibacterium conceptionense,Bacteria; Bacillati; Actinomycetota; Actinomycetes; Mycobacteriales; Mycobacteriaceae; Mycolicibacterium,0,3_313_KshA15#1,core,0.7853,0,0,0,0,[alpha] > hypothetical
NZ_MBGG01000011.1:60702-61716:-1,WP_019345330.1,A5746_RS01505,,Rieske 2Fe-2S domain-containing protein,3_313_KshA15,3,104.5,0.799,4.4e-30,NZ_MBGG01000011.1,60702,61716,-1,Mycolicibacterium conceptionense,Bacteria; Bacillati; Actinomycetota; Actinomycetes; Mycobacteriales; Mycobacteriaceae; Mycolicibacterium,0,3_313_KshA15#2,core,0.7404,0,0,0,0,[alpha] > hydrolase > other
NZ_MBET01000090.1:63724-64861:1,WP_076117468.1,A5745_RS16310,,Rieske 2Fe-2S domain-containing protein,3_313_KshA15,3,569.9,0.9517,2e-171,NZ_MBET01000090.1,63724,64861,1,Mycobacterium sp. IS-2888,Bacteria; Bacillati; Actinomycetota; Actinomycetes; Mycobacteriales; Mycobacteriaceae; Mycobacterium,0,3_313_KshA15#1,core,0.8789,0,0,0,0,[alpha] > ferredoxin
NZ_MBET01000099.1:196098-197091:-1,WP_076118272.1,A5745_RS19775,,Rieske 2Fe-2S domain-containing protein,3_313_KshA15,3,112.8,0.799,1.4e-32,NZ_MBET01000099.1,196098,197091,-1,Mycobacterium sp. IS-2888,Bacteria; Bacillati; Actinomycetota; Actinomycetes; Mycobacteriales; Mycobacteriaceae; Mycobacterium,0,3_313_KshA15#2,core,0.9129,0,0,0,0,[alpha] > hydrolase > other > other > other > other > hypothetical > reductase
NZ_MBET01000066.1:148645-149815:1,WP_076116188.1,A5745_RS12240,,Rieske 2Fe-2S domain-containing protein,3_313_KshA15,3,838.7,0.9746,4.5e-253,NZ_MBET01000066.1,148645,149815,1,Mycobacterium sp. IS-2888,Bacteria; Bacillati; Actinomycetota; Actinomycetes; Mycobacteriales; Mycobacteriaceae; Mycobacterium,0,3_313_KshA15#3,core,0.9132,0,0,0,0,[alpha] > hypothetical
NZ_MBET01000067.1:4345-5464:1,WP_076060461.1,A5745_RS12765,,aromatic ring-hydroxylating dioxygenase subunit alpha,3_313_KshA15,3,120.5,0.598,6.2e-35,NZ_MBET01000067.1,4345,5464,1,Mycobacterium sp. IS-2888,Bacteria; Bacillati; Actinomycetota; Actinomycetes; Mycobacteriales; Mycobacteriaceae; Mycobacterium,0,3_313_KshA15#4,core,0.9586,0,0,0,0,[alpha] > other > other > other > other > other
NZ_MBGG01000290.1:132687-133797:-1,WP_047038061.1,A5746_RS26170,,Rieske 2Fe-2S domain-containing protein,3_313_KshA15,3,586.5,0.9364,1.8e-176,NZ_MBGG01000290.1,132687,133797,-1,Mycolicibacterium conceptionense,Bacteria; Bacillati; Actinomycetota; Actinomycetes; Mycobacteriales; Mycobacteriaceae; Mycolicibacterium,0,3_313_KshA15#7,core,0.9079,0,0,0,0,other > other > other > regulator > other > other > reductase > [alpha] > other > other
NZ_MBLN01000072.1:154080-155076:-1,WP_007513189.1,BCD49_RS28320,,Rieske 2Fe-2S domain-containing protein,3_313_KshA15,3,116.5,0.5165,1e-33,NZ_MBLN01000072.1,154080,155076,-1,Pseudofrankia sp. EUN1h,Bacteria; Bacillati; Actinomycetota; Actinomycetes; Frankiales; Frankiaceae; Pseudofrankia,0,3_313_KshA15#2,core,0.6466,0,0,0,0,[alpha]
NZ_MBLN01000077.1:26961-28047:-1,WP_071042200.1,BCD49_RS30695,,Rieske 2Fe-2S domain-containing protein,3_313_KshA15,3,127.1,0.659,6.2e-37,NZ_MBLN01000077.1,26961,28047,-1,Pseudofrankia sp. EUN1h,Bacteria; Bacillati; Actinomycetota; Actinomycetes; Frankiales; Frankiaceae; Pseudofrankia,0,3_313_KshA15#47,novel_candidate,0.3594,0,0,0,0,[alpha] > other > hydrolase > reductase
NZ_MBLO01000069.1:103831-104827:-1,WP_071048554.1,BCD48_RS12640,,Rieske 2Fe-2S domain-containing protein,3_313_KshA15,3,112.5,0.514,1.6e-32,NZ_MBLO01000069.1,103831,104827,-1,Pseudofrankia sp. BMG5.36,Bacteria; Bacillati; Actinomycetota; Actinomycetes; Frankiales; Frankiaceae; Pseudofrankia,0,3_313_KshA15#2,core,0.7414,0,0,0,0,[alpha]
NZ_MBLO01000036.1:58674-59790:-1,WP_083418258.1,BCD48_RS06570,,Rieske 2Fe-2S domain-containing protein,3_313_KshA15,3,132.1,0.626,1.8e-38,NZ_MBLO01000036.1,58674,59790,-1,Pseudofrankia sp. BMG5.36,Bacteria; Bacillati; Actinomycetota; Actinomycetes; Frankiales; Frankiaceae; Pseudofrankia,0,3_313_KshA15#47,novel_candidate,0.398,0,0,0,0,[alpha] > other > hydrolase > reductase > other
NZ_MCHX01000037.1:30081-31248:1,WP_070354233.1,BEL07_RS16645,,Rieske 2Fe-2S domain-containing protein,3_313_KshA15,3,827.4,0.9746,1.2e-249,NZ_MCHX01000037.1,30081,31248,1,Mycolicibacterium grossiae,Bacteria; Bacillati; Actinomycetota; Actinomycetes; Mycobacteriales; Mycobacteriaceae; Mycolicibacterium,0,3_313_KshA15#5,core,0.8323,0,0,0,0,[alpha] > hypothetical
NZ_MCHX01000043.1:41965-42997:1,WP_070354533.1,BEL07_RS18325,,Rieske 2Fe-2S domain-containing protein,3_313_KshA15,3,114.8,0.6336,3.3e-33,NZ_MCHX01000043.1,41965,42997,1,Mycolicibacterium grossiae,Bacteria; Bacillati; Actinomycetota; Actinomycetes; Mycobacteriales; Mycobacteriaceae; Mycolicibacterium,0,3_313_KshA15#0,core,0.7597,0,0,0,0,[alpha] > reductase > reductase
NZ_MEIA01000203.1:356-1493:-1,WP_071806721.1,BG844_RS19725,,Rieske 2Fe-2S domain-containing protein,3_313_KshA15,3,602.2,0.9415,3e-181,NZ_MEIA01000203.1,356,1493,-1,Couchioplanes caeruleus subsp. caeruleus,Bacteria; Bacillati; Actinomycetota; Actinomycetes; Micromonosporales; Micromonosporaceae; Couchioplanes,0,3_313_KshA15#93,core,0.6352,0,0,0,0,[alpha] > hypothetical
NZ_MIGZ01000063.1:20669-21785:1,WP_084223199.1,BHQ17_RS12615,,aromatic ring-hydroxylating dioxygenase subunit alpha,3_313_KshA15,3,122.3,0.5929,1.8e-35,NZ_MIGZ01000063.1,20669,21785,1,Mycolicibacterium holsaticum,Bacteria; Bacillati; Actinomycetota; Actinomycetes; Mycobacteriales; Mycobacteriaceae; Mycolicibacterium,0,3_313_KshA15#4,core,0.8699,0,0,0,0,[alpha] > other > other > other > other
NZ_MIGZ01000095.1:5347-6505:-1,WP_069406195.1,BHQ17_RS16270,,Rieske 2Fe-2S domain-containing protein,3_313_KshA15,3,824.4,0.9695,1e-248,NZ_MIGZ01000095.1,5347,6505,-1,Mycolicibacterium holsaticum,Bacteria; Bacillati; Actinomycetota; Actinomycetes; Mycobacteriales; Mycobacteriaceae; Mycolicibacterium,0,3_313_KshA15#5,core,0.8161,0,0,0,0,[alpha] > hypothetical
NZ_MIGZ01000141.1:8569-9586:1,WP_069406923.1,BHQ17_RS20365,,Rieske 2Fe-2S domain-containing protein,3_313_KshA15,3,109.2,0.626,1.6e-31,NZ_MIGZ01000141.1,8569,9586,1,Mycolicibacterium holsaticum,Bacteria; Bacillati; Actinomycetota; Actinomycetes; Mycobacteriales; Mycobacteriaceae; Mycolicibacterium,0,3_313_KshA15#0,core,0.7643,0,0,0,0,[alpha] > reductase > regulator
NZ_MIGZ01000230.1:2069-3203:-1,WP_069407846.1,BHQ17_RS25610,,Rieske 2Fe-2S domain-containing protein,3_313_KshA15,3,563.0,0.9491,2.5e-169,NZ_MIGZ01000230.1,2069,3203,-1,Mycolicibacterium holsaticum,Bacteria; Bacillati; Actinomycetota; Actinomycetes; Mycobacteriales; Mycobacteriaceae; Mycolicibacterium,0,3_313_KshA15#1,core,0.804,0,0,0,0,[alpha] > ferredoxin > reductase > reductase > other
NZ_MIHA01000027.1:22161-23277:-1,WP_069416486.1,BHQ18_RS25710,,aromatic ring-hydroxylating dioxygenase subunit alpha,3_313_KshA15,3,117.5,0.598,5.1e-34,NZ_MIHA01000027.1,22161,23277,-1,Mycolicibacterium flavescens,Bacteria; Bacillati; Actinomycetota; Actinomycetes; Mycobacteriales; Mycobacteriaceae; Mycolicibacterium,0,3_313_KshA15#4,core,0.8316,0,0,0,0,[alpha] > hypothetical > other > other
NZ_MIHG01000002.1:115900-117013:-1,WP_174900751.1,BHQ23_RS01235,,aromatic ring-hydroxylating dioxygenase subunit alpha,3_313_KshA15,3,120.3,0.57,7.1e-35,NZ_MIHG01000002.1,115900,117013,-1,Mycobacterium gordonae,Bacteria; Bacillati; Actinomycetota; Actinomycetes; Mycobacteriales; Mycobacteriaceae; Mycobacterium,0,3_313_KshA15#4,core,0.8767,0,0,0,0,[alpha] > other > other > other > other
NZ_MIHC01000032.1:10573-11746:-1,WP_069401595.1,BHQ21_RS17710,,Rieske 2Fe-2S domain-containing protein,3_313_KshA15,3,835.9,0.9695,3.2e-252,NZ_MIHC01000032.1,10573,11746,-1,Mycobacterium sherrisii,Bacteria; Bacillati; Actinomycetota; Actinomycetes; Mycobacteriales; Mycobacteriaceae; Mycobacterium; Mycobacterium simiae complex,0,3_313_KshA15#3,core,0.9022,0,0,0,0,[alpha] > hypothetical
NZ_MIHA01000018.1:50400-51414:1,WP_069415687.1,BHQ18_RS21580,,Rieske 2Fe-2S domain-containing protein,3_313_KshA15,3,106.1,0.4733,1.4e-30,NZ_MIHA01000018.1,50400,51414,1,Mycolicibacterium flavescens,Bacteria; Bacillati; Actinomycetota; Actinomycetes; Mycobacteriales; Mycobacteriaceae; Mycolicibacterium,0,3_313_KshA15#124,divergent,0.4109,0,0,0,0,regulator > [alpha]
NZ_MIHA01000018.1:114502-115486:1,WP_069415739.1,BHQ18_RS21890,,Rieske 2Fe-2S domain-containing protein,3_313_KshA15,3,100.4,0.4606,7.7e-29,NZ_MIHA01000018.1,114502,115486,1,Mycolicibacterium flavescens,Bacteria; Bacillati; Actinomycetota; Actinomycetes; Mycobacteriales; Mycobacteriaceae; Mycolicibacterium,0,3_313_KshA15#53,novel_candidate,0.3854,0,0,0,0,[alpha] > regulator
NZ_MIHC01000019.1:59210-60323:-1,WP_069400619.1,BHQ21_RS12570,,Rieske 2Fe-2S domain-containing protein,3_313_KshA15,3,574.9,0.9364,6.2e-173,NZ_MIHC01000019.1,59210,60323,-1,Mycobacterium sherrisii,Bacteria; Bacillati; Actinomycetota; Actinomycetes; Mycobacteriales; Mycobacteriaceae; Mycobacterium; Mycobacterium simiae complex,0,3_313_KshA15#1,core,0.8452,0,0,0,0,[alpha] > ferredoxin
NZ_MIHC01000022.1:56271-57279:1,WP_069400877.1,BHQ21_RS13970,,Rieske 2Fe-2S domain-containing protein,3_313_KshA15,3,101.1,0.6514,4.8e-29,NZ_MIHC01000022.1,56271,57279,1,Mycobacterium sherrisii,Bacteria; Bacillati; Actinomycetota; Actinomycetes; Mycobacteriales; Mycobacteriaceae; Mycobacterium; Mycobacterium simiae complex,0,3_313_KshA15#0,core,0.883,0,0,0,0,[alpha] > reductase
NZ_MIHG01000220.1:4754-5951:1,WP_065137319.1,BHQ23_RS27975,,Rieske 2Fe-2S domain-containing protein,3_313_KshA15,3,822.1,0.9796,4.9e-248,NZ_MIHG01000220.1,4754,5951,1,Mycobacterium gordonae,Bacteria; Bacillati; Actinomycetota; Actinomycetes; Mycobacteriales; Mycobacteriaceae; Mycobacterium,0,3_313_KshA15#3,core,0.8585,0,0,0,0,[alpha] > hypothetical
NZ_MIHG01000232.1:9019-10156:1,WP_069435271.1,BHQ23_RS28665,,Rieske 2Fe-2S domain-containing protein,3_313_KshA15,3,582.1,0.944,3.8e-175,NZ_MIHG01000232.1,9019,10156,1,Mycobacterium gordonae,Bacteria; Bacillati; Actinomycetota; Actinomycetes; Mycobacteriales; Mycobacteriaceae; Mycobacterium,0,3_313_KshA15#9,core,0.8742,0,0,0,0,[alpha]
NZ_MIHG01000027.1:4144-5173:-1,WP_069433470.1,BHQ23_RS08270,,Rieske 2Fe-2S domain-containing protein,3_313_KshA15,3,116.3,0.6285,1.2e-33,NZ_MIHG01000027.1,4144,5173,-1,Mycobacterium gordonae,Bacteria; Bacillati; Actinomycetota; Actinomycetes; Mycobacteriales; Mycobacteriaceae; Mycobacterium,0,3_313_KshA15#0,core,0.7719,0,0,0,0,[alpha] > reductase
NZ_MIHC01000003.1:123755-124865:1,WP_069398815.1,BHQ21_RS02955,,aromatic ring-hydroxylating dioxygenase subunit alpha,3_313_KshA15,3,114.6,0.5929,3.9e-33,NZ_MIHC01000003.1,123755,124865,1,Mycobacterium sherrisii,Bacteria; Bacillati; Actinomycetota; Actinomycetes; Mycobacteriales; Mycobacteriaceae; Mycobacterium; Mycobacterium simiae complex,0,3_313_KshA15#4,core,0.9345,0,0,0,0,[alpha] > other > other > other > other
NZ_MIHA01000001.1:345085-346084:1,WP_069411817.1,BHQ18_RS01680,,aromatic ring-hydroxylating dioxygenase subunit alpha,3_313_KshA15,3,119.3,0.5242,1.4e-34,NZ_MIHA01000001.1,345085,346084,1,Mycolicibacterium flavescens,Bacteria; Bacillati; Actinomycetota; Actinomycetes; Mycobacteriales; Mycobacteriaceae; Mycolicibacterium,0,3_313_KshA15#2,core,0.7113,0,0,0,0,[alpha] > hydrolase > hydrolase > other > reductase > dehydrogenase > other > regulator
NZ_MIHA01000001.1:403514-404546:-1,WP_069411866.1,BHQ18_RS01950,,Rieske 2Fe-2S domain-containing protein,3_313_KshA15,3,109.6,0.6234,1.2e-31,NZ_MIHA01000001.1,403514,404546,-1,Mycolicibacterium flavescens,Bacteria; Bacillati; Actinomycetota; Actinomycetes; Mycobacteriales; Mycobacteriaceae; Mycolicibacterium,0,3_313_KshA15#0,core,0.7393,0,0,0,0,[alpha] > reductase > regulator
NZ_MIHA01000005.1:204107-205205:-1,WP_069413225.1,BHQ18_RS08940,,Rieske 2Fe-2S domain-containing protein,3_313_KshA15,3,114.1,0.5445,5.5e-33,NZ_MIHA01000005.1,204107,205205,-1,Mycolicibacterium flavescens,Bacteria; Bacillati; Actinomycetota; Actinomycetes; Mycobacteriales; Mycobacteriaceae; Mycolicibacterium,0,3_313_KshA15#4,core,0.7092,0,0,0,0,[alpha] > other > other > other
NZ_MIHA01000006.1:116261-117413:1,WP_069413458.1,BHQ18_RS10070,,Rieske 2Fe-2S domain-containing protein,3_313_KshA15,3,569.9,0.9389,2e-171,NZ_MIHA01000006.1,116261,117413,1,Mycolicibacterium flavescens,Bacteria; Bacillati; Actinomycetota; Actinomycetes; Mycobacteriales; Mycobacteriaceae; Mycolicibacterium,0,3_313_KshA15#44,core,0.8019,0,0,0,0,[alpha] > ferredoxin
NZ_MIHA01000007.1:204864-206028:1,WP_069413830.1,BHQ18_RS12055,,Rieske 2Fe-2S domain-containing protein,3_313_KshA15,3,825.5,0.972,4.6e-249,NZ_MIHA01000007.1,204864,206028,1,Mycolicibacterium flavescens,Bacteria; Bacillati; Actinomycetota; Actinomycetes; Mycobacteriales; Mycobacteriaceae; Mycolicibacterium,0,3_313_KshA15#5,core,0.8333,0,0,0,0,[alpha] > hypothetical > other
NZ_MKKE01000034.1:5007-6168:1,WP_075848798.1,BJF85_RS16555,,Rieske 2Fe-2S domain-containing protein,3_313_KshA15,3,652.4,0.9542,1.8e-196,NZ_MKKE01000034.1,5007,6168,1,Saccharomonospora sp. CUA-673,Bacteria; Bacillati; Actinomycetota; Actinomycetes; Pseudonocardiales; Pseudonocardiaceae; Saccharomonospora,0,3_313_KshA15#85,core,0.7161,1,0,0,1,[alpha] > hypothetical > reductase > other
NZ_MLHV01000032.1:47142-48288:1,WP_070946631.1,BKG61_RS25320,,Rieske 2Fe-2S domain-containing protein,3_313_KshA15,3,579.8,0.9593,1.9e-174,NZ_MLHV01000032.1,47142,48288,1,Mycobacterium syngnathidarum,Bacteria; Bacillati; Actinomycetota; Actinomycetes; Mycobacteriales; Mycobacteriaceae; Mycobacterium,0,3_313_KshA15#1,core,0.761,0,0,0,0,[alpha] > ferredoxin
NZ_MLHV01000045.1:22235-23345:1,WP_070947034.1,BKG61_RS28340,,Rieske 2Fe-2S domain-containing protein,3_313_KshA15,3,590.0,0.9364,1.6e-177,NZ_MLHV01000045.1,22235,23345,1,Mycobacterium syngnathidarum,Bacteria; Bacillati; Actinomycetota; Actinomycetes; Mycobacteriales; Mycobacteriaceae; Mycobacterium,0,3_313_KshA15#7,core,0.9016,0,0,0,0,other > other > reductase > [alpha] > other > other
NZ_MLHV01000023.1:23218-24382:-1,WP_070946193.1,BKG61_RS21560,,Rieske 2Fe-2S domain-containing protein,3_313_KshA15,3,821.7,0.9746,6.6e-248,NZ_MLHV01000023.1,23218,24382,-1,Mycobacterium syngnathidarum,Bacteria; Bacillati; Actinomycetota; Actinomycetes; Mycobacteriales; Mycobacteriaceae; Mycobacterium,0,3_313_KshA15#5,core,0.7975,0,0,0,0,hypothetical > [alpha] > hypothetical
NZ_MLHV01000025.1:89300-90326:-1,WP_070946371.1,BKG61_RS22815,,Rieske 2Fe-2S domain-containing protein,3_313_KshA15,3,112.4,0.631,1.8e-32,NZ_MLHV01000025.1,89300,90326,-1,Mycobacterium syngnathidarum,Bacteria; Bacillati; Actinomycetota; Actinomycetes; Mycobacteriales; Mycobacteriaceae; Mycobacterium,0,3_313_KshA15#0,core,0.8657,0,0,0,0,[alpha] > reductase
NZ_MLQM01000094.1:6666-7776:1,WP_071027763.1,BKN37_RS16480,,aromatic ring-hydroxylating dioxygenase subunit alpha,3_313_KshA15,3,108.3,0.8219,3.1e-31,NZ_MLQM01000094.1,6666,7776,1,Mycobacterium talmoniae,Bacteria; Bacillati; Actinomycetota; Actinomycetes; Mycobacteriales; Mycobacteriaceae; Mycobacterium,0,3_313_KshA15#4,core,0.8339,0,0,0,0,[alpha] > other > other > other > other > other
NZ_MLQM01000142.1:4976-6059:-1,WP_071028814.1,BKN37_RS20565,,Rieske 2Fe-2S domain-containing protein,3_313_KshA15,3,548.4,0.9008,6.6e-165,NZ_MLQM01000142.1,4976,6059,-1,Mycobacterium talmoniae,Bacteria; Bacillati; Actinomycetota; Actinomycetes; Mycobacteriales; Mycobacteriaceae; Mycobacterium,0,3_313_KshA15#5,core,0.8333,0,0,0,0,regulator > hypothetical > other > [alpha]
NZ_MLQM01000184.1:957-1974:1,WP_071029260.1,BKN37_RS23025,,Rieske 2Fe-2S domain-containing protein,3_313_KshA15,3,110.3,0.799,7.8e-32,NZ_MLQM01000184.1,957,1974,1,Mycobacterium talmoniae,Bacteria; Bacillati; Actinomycetota; Actinomycetes; Mycobacteriales; Mycobacteriaceae; Mycobacterium,0,3_313_KshA15#2,core,0.875,0,0,0,0,[alpha] > other > other
NZ_MLQM01000008.1:34766-35921:1,WP_071021371.1,BKN37_RS03265,,Rieske 2Fe-2S domain-containing protein,3_313_KshA15,3,808.7,0.9695,6e-244,NZ_MLQM01000008.1,34766,35921,1,Mycobacterium talmoniae,Bacteria; Bacillati; Actinomycetota; Actinomycetes; Mycobacteriales; Mycobacteriaceae; Mycobacterium,0,3_313_KshA15#3,core,0.8567,0,0,0,0,[alpha] > hypothetical
NZ_MLQM01000056.1:17726-18764:1,WP_071026185.1,BKN37_RS12430,,Rieske 2Fe-2S domain-containing protein,3_313_KshA15,3,100.9,0.6361,5.3e-29,NZ_MLQM01000056.1,17726,18764,1,Mycobacterium talmoniae,Bacteria; Bacillati; Actinomycetota; Actinomycetes; Mycobacteriales; Mycobacteriaceae; Mycobacterium,0,3_313_KshA15#0,core,0.805,0,0,0,0,[alpha] > reductase
NZ_MLHV01000011.1:10937-11954:-1,WP_070945198.1,BKG61_RS13635,,Rieske 2Fe-2S domain-containing protein,3_313_KshA15,3,103.5,0.799,9.3e-30,NZ_MLHV01000011.1,10937,11954,-1,Mycobacterium syngnathidarum,Bacteria; Bacillati; Actinomycetota; Actinomycetes; Mycobacteriales; Mycobacteriaceae; Mycobacterium,0,3_313_KshA15#2,core,0.7218,0,0,0,0,[alpha] > hydrolase > other
NZ_MLHV01000005.1:77191-78331:-1,WP_070187104.1,BKG61_RS07175,,Rieske 2Fe-2S domain-containing protein,3_313_KshA15,3,568.1,0.9415,6.8e-171,NZ_MLHV01000005.1,77191,78331,-1,Mycobacterium syngnathidarum,Bacteria; Bacillati; Actinomycetota; Actinomycetes; Mycobacteriales; Mycobacteriaceae; Mycobacterium,0,3_313_KshA15#1,core,0.8006,0,0,0,0,hypothetical > other > other > hypothetical > [alpha] > ferredoxin > regulator
NZ_MLCG01000005.1:376683-377841:1,WP_005086140.1,BKG55_RS20400,,Rieske 2Fe-2S domain-containing protein,3_313_KshA15,3,569.0,0.944,3.8e-171,NZ_MLCG01000005.1,376683,377841,1,Mycobacteroides abscessus ATCC 19977,Bacteria; Bacillati; Actinomycetota; Actinomycetes; Mycobacteriales; Mycobacteriaceae; Mycobacteroides; Mycobacteroides abscessus,0,3_313_KshA15#1,core,0.805,0,0,0,0,[alpha] > hypothetical
NZ_MLCG01000008.1:169941-170940:1,WP_005113220.1,BKG55_RS24635,,Rieske 2Fe-2S domain-containing protein,3_313_KshA15,3,116.0,0.6234,1.4e-33,NZ_MLCG01000008.1,169941,170940,1,Mycobacteroides abscessus ATCC 19977,Bacteria; Bacillati; Actinomycetota; Actinomycetes; Mycobacteriales; Mycobacteriaceae; Mycobacteroides; Mycobacteroides abscessus,0,3_313_KshA15#0,core,0.6725,0,0,0,0,[alpha] > reductase > other
NZ_MLIR01000002.1:73273-74413:-1,WP_070915218.1,BKG83_RS01005,,Rieske 2Fe-2S domain-containing protein,3_313_KshA15,3,591.4,0.9415,6e-178,NZ_MLIR01000002.1,73273,74413,-1,Mycobacteroides chelonae,Bacteria; Bacillati; Actinomycetota; Actinomycetes; Mycobacteriales; Mycobacteriaceae; Mycobacteroides,0,3_313_KshA15#12,core,0.8202,0,0,0,0,regulator > other > other > [alpha] > other > other
NZ_MLIR01000002.1:670153-671353:1,WP_070915682.1,BKG83_RS03935,,Rieske 2Fe-2S domain-containing protein,3_313_KshA15,3,781.3,0.9873,1.2e-235,NZ_MLIR01000002.1,670153,671353,1,Mycobacteroides chelonae,Bacteria; Bacillati; Actinomycetota; Actinomycetes; Mycobacteriales; Mycobacteriaceae; Mycobacteroides,0,3_313_KshA15#3,core,0.7593,0,0,0,0,[alpha] > hypothetical
NZ_MOWP01000006.1:183355-184435:-1,WP_083749310.1,CcI49_RS04955,,Rieske 2Fe-2S domain-containing protein,3_313_KshA15,3,127.6,0.6819,4.4e-37,NZ_MOWP01000006.1,183355,184435,-1,Frankia sp. CcI49,Bacteria; Bacillati; Actinomycetota; Actinomycetes; Frankiales; Frankiaceae; Frankia,0,3_313_KshA15#47,novel_candidate,0.375,0,0,0,0,[alpha] > other > hydrolase > reductase
NZ_MPNT01000018.1:94356-95364:-1,WP_073877440.1,BRW65_RS19445,,Rieske 2Fe-2S domain-containing protein,3_313_KshA15,3,110.2,0.6209,8.2e-32,NZ_MPNT01000018.1,94356,95364,-1,Mycobacterium paraffinicum,Bacteria; Bacillati; Actinomycetota; Actinomycetes; Mycobacteriales; Mycobacteriaceae; Mycobacterium,0,3_313_KshA15#0,core,0.8905,0,0,0,0,[alpha] > reductase
NZ_MPNT01000022.1:40651-41794:1,WP_073877919.1,BRW65_RS21085,,Rieske 2Fe-2S domain-containing protein,3_313_KshA15,3,587.7,0.9517,7.8e-177,NZ_MPNT01000022.1,40651,41794,1,Mycobacterium paraffinicum,Bacteria; Bacillati; Actinomycetota; Actinomycetes; Mycobacteriales; Mycobacteriaceae; Mycobacterium,0,3_313_KshA15#9,core,0.8602,0,0,0,0,[alpha] > ferredoxin
NZ_MPNT01000002.1:112141-113296:1,WP_073871238.1,BRW65_RS03190,,Rieske 2Fe-2S domain-containing protein,3_313_KshA15,3,834.7,0.9593,7.3e-252,NZ_MPNT01000002.1,112141,113296,1,Mycobacterium paraffinicum,Bacteria; Bacillati; Actinomycetota; Actinomycetes; Mycobacteriales; Mycobacteriaceae; Mycobacterium,0,3_313_KshA15#3,core,0.9385,0,0,0,0,[alpha] > hypothetical
NZ_MPNT01000010.1:67234-68227:-1,WP_073875208.1,BRW65_RS13020,,Rieske 2Fe-2S domain-containing protein,3_313_KshA15,3,114.9,0.799,3.1e-33,NZ_MPNT01000010.1,67234,68227,-1,Mycobacterium paraffinicum,Bacteria; Bacillati; Actinomycetota; Actinomycetes; Mycobacteriales; Mycobacteriaceae; Mycobacterium,0,3_313_KshA15#2,core,0.8763,0,0,0,0,[alpha] > hydrolase > hydrolase > other > other > other
NZ_MPNT01000010.1:114526-115654:1,WP_139273066.1,BRW65_RS13260,,aromatic ring-hydroxylating dioxygenase subunit alpha,3_313_KshA15,3,115.7,0.5929,1.7e-33,NZ_MPNT01000010.1,114526,115654,1,Mycobacterium paraffinicum,Bacteria; Bacillati; Actinomycetota; Actinomycetes; Mycobacteriales; Mycobacteriaceae; Mycobacterium,0,3_313_KshA15#4,core,0.9377,0,0,0,0,[alpha] > other > other > other > other > other
NZ_MPJD01000053.1:8709-9747:-1,WP_060691675.1,BOH74_RS23055,,Rieske 2Fe-2S domain-containing protein,3_313_KshA15,3,358.9,0.8626,2.5e-107,NZ_MPJD01000053.1,8709,9747,-1,Pseudomonas versuta,Bacteria; Pseudomonadati; Pseudomonadota; Gammaproteobacteria; Pseudomonadales; Pseudomonadaceae; Pseudomonas,0,3_313_KshA15#8,core,0.8464,0,0,0,0,[alpha]
NZ_MPJF02000002.1:354613-355729:-1,WP_048893305.1,BMW24_RS04765,,aromatic ring-hydroxylating dioxygenase subunit alpha,3_313_KshA15,3,119.2,0.5929,1.5e-34,NZ_MPJF02000002.1,354613,355729,-1,Mycobacterium heckeshornense,Bacteria; Bacillati; Actinomycetota; Actinomycetes; Mycobacteriales; Mycobacteriaceae; Mycobacterium,0,3_313_KshA15#4,core,0.885,0,0,0,0,hypothetical > other > regulator > reductase > [alpha] > other > other > other > other
NZ_MPJF02000002.1:404164-405157:1,WP_048893199.1,BMW24_RS04995,,Rieske 2Fe-2S domain-containing protein,3_313_KshA15,3,112.6,0.799,1.6e-32,NZ_MPJF02000002.1,404164,405157,1,Mycobacterium heckeshornense,Bacteria; Bacillati; Actinomycetota; Actinomycetes; Mycobacteriales; Mycobacteriaceae; Mycobacterium,0,3_313_KshA15#2,core,0.8351,0,0,0,0,[alpha] > hydrolase
NZ_MPJF02000003.1:242344-243502:1,WP_048891146.1,BMW24_RS06570,,Rieske 2Fe-2S domain-containing protein,3_313_KshA15,3,793.1,0.9644,3.1e-239,NZ_MPJF02000003.1,242344,243502,1,Mycobacterium heckeshornense,Bacteria; Bacillati; Actinomycetota; Actinomycetes; Mycobacteriales; Mycobacteriaceae; Mycobacterium,0,3_313_KshA15#5,core,0.7987,0,0,0,0,[alpha] > hypothetical
NZ_MPNT01000001.1:266449-267487:1,WP_073870282.1,BRW65_RS01260,,Rieske 2Fe-2S domain-containing protein,3_313_KshA15,3,100.7,0.5725,6.3e-29,NZ_MPNT01000001.1,266449,267487,1,Mycobacterium paraffinicum,Bacteria; Bacillati; Actinomycetota; Actinomycetes; Mycobacteriales; Mycobacteriaceae; Mycobacterium,0,3_313_KshA15#0,core,0.6608,0,0,0,0,hydrolase > [alpha] > hypothetical > hypothetical > reductase
NZ_MQUS01000014.1:122518-123490:-1,WP_076090714.1,AV521_RS24230,,Rieske 2Fe-2S domain-containing protein,3_313_KshA15,3,79.5,0.5369,1.7e-22,NZ_MQUS01000014.1,122518,123490,-1,Streptomyces sp. IMTB 2501,Bacteria; Bacillati; Actinomycetota; Actinomycetes; Kitasatosporales; Streptomycetaceae; Streptomyces,0,3_313_KshA15#84,divergent,0.4643,0,0,0,0,[alpha] > regulator > hydrolase
NZ_MQUQ01000001.1:10481-11621:1,WP_076154548.1,BS329_RS00060,,Rieske 2Fe-2S domain-containing protein,3_313_KshA15,3,641.1,0.9491,4.7e-193,NZ_MQUQ01000001.1,10481,11621,1,Amycolatopsis coloradensis,Bacteria; Bacillati; Actinomycetota; Actinomycetes; Pseudonocardiales; Pseudonocardiaceae; Amycolatopsis,0,3_313_KshA15#18,core,0.8567,1,0,0,1,dehydrogenase > [alpha] > hypothetical > reductase > other > other > other
NZ_MRCF01000003.1:216627-217647:-1,WP_073627143.1,NIES2130_RS02985,,aromatic ring-hydroxylating dioxygenase subunit alpha,3_313_KshA15,3,139.5,0.5293,1e-40,NZ_MRCF01000003.1,216627,217647,-1,Scytonema sp. HK-05,Bacteria; Bacillati; Cyanobacteriota; Cyanophyceae; Nostocales; Scytonemataceae; Scytonema,0,3_313_KshA15#123,novel_candidate,0.3171,0,0,0,0,other > other > other > [alpha] > other
NZ_MSIE01000004.1:155913-157044:1,WP_075124115.1,BU204_RS03815,,Rieske 2Fe-2S domain-containing protein,3_313_KshA15,3,610.1,0.9415,1.2e-183,NZ_MSIE01000004.1,155913,157044,1,Actinophytocola xanthii,Bacteria; Bacillati; Actinomycetota; Actinomycetes; Pseudonocardiales; Pseudonocardiaceae,0,3_313_KshA15#19,core,0.7025,1,0,0,1,reductase > [alpha] > hypothetical > reductase > other
NZ_MSIF01000020.1:120516-121488:-1,WP_075136567.1,BLA60_RS30980,,Rieske 2Fe-2S domain-containing protein,3_313_KshA15,3,123.5,0.8117,7.7e-36,NZ_MSIF01000020.1,120516,121488,-1,Actinophytocola xinjiangensis,Bacteria; Bacillati; Actinomycetota; Actinomycetes; Pseudonocardiales; Pseudonocardiaceae,0,3_313_KshA15#122,divergent,0.4277,0,0,0,0,transporter > transporter > transporter > reductase > ferredoxin > [alpha] > reductase > other > dehydrogenase > dehydrogenase > hypothetical
NZ_MSIF01000004.1:15846-16977:1,WP_075132638.1,BLA60_RS10495,,Rieske 2Fe-2S domain-containing protein,3_313_KshA15,3,611.7,0.9415,4e-184,NZ_MSIF01000004.1,15846,16977,1,Actinophytocola xinjiangensis,Bacteria; Bacillati; Actinomycetota; Actinomycetes; Pseudonocardiales; Pseudonocardiaceae,0,3_313_KshA15#154,core,0.6952,1,0,0,1,reductase > [alpha] > hypothetical > reductase > other
NZ_MUBL01000115.1:8726-9893:1,WP_030887663.1,BZY53_RS08765,,Rieske 2Fe-2S domain-containing protein,3_313_KshA15,3,571.5,0.9644,6.4e-172,NZ_MUBL01000115.1,8726,9893,1,Streptomyces cacaoi,Bacteria; Bacillati; Actinomycetota; Actinomycetes; Kitasatosporales; Streptomycetaceae; Streptomyces,0,3_313_KshA15#91,core,0.6343,1,0,0,1,[alpha] > hypothetical > reductase
NZ_MUMY01000004.1:155903-157124:1,WP_077115597.1,B0T46_RS06700,,Rieske 2Fe-2S domain-containing protein,3_313_KshA15,3,662.4,0.972,1.6e-199,NZ_MUMY01000004.1,155903,157124,1,Nocardia donostiensis,Bacteria; Bacillati; Actinomycetota; Actinomycetes; Mycobacteriales; Nocardiaceae; Nocardia,0,3_313_KshA15#11,core,0.8208,0,0,0,0,[alpha] > hypothetical
NZ_MUMY01000021.1:34402-35608:-1,WP_077120306.1,B0T46_RS21580,,Rieske 2Fe-2S domain-containing protein,3_313_KshA15,3,608.4,0.944,4e-183,NZ_MUMY01000021.1,34402,35608,-1,Nocardia donostiensis,Bacteria; Bacillati; Actinomycetota; Actinomycetes; Mycobacteriales; Nocardiaceae; Nocardia,0,3_313_KshA15#26,core,0.7981,0,0,0,0,[alpha] > dehydrogenase > other
NZ_MUMY01000035.1:14432-15596:1,WP_077121770.1,B0T46_RS25170,,Rieske 2Fe-2S domain-containing protein,3_313_KshA15,3,592.6,0.9491,2.4e-178,NZ_MUMY01000035.1,14432,15596,1,Nocardia donostiensis,Bacteria; Bacillati; Actinomycetota; Actinomycetes; Mycobacteriales; Nocardiaceae; Nocardia,0,3_313_KshA15#147,core,0.6178,0,0,0,0,[alpha]
NZ_MUMY01000002.1:28421-29558:1,WP_077114806.1,B0T46_RS02415,,Rieske 2Fe-2S domain-containing protein,3_313_KshA15,3,580.9,0.9466,9.2e-175,NZ_MUMY01000002.1,28421,29558,1,Nocardia donostiensis,Bacteria; Bacillati; Actinomycetota; Actinomycetes; Mycobacteriales; Nocardiaceae; Nocardia,0,3_313_KshA15#55,core,0.612,0,0,0,0,[alpha]
NZ_MVHN01000009.1:60412-61435:1,WP_067214192.1,BST21_RS10760,,Rieske 2Fe-2S domain-containing protein,3_313_KshA15,3,109.9,0.5344,1e-31,NZ_MVHN01000009.1,60412,61435,1,Mycolicibacterium celeriflavum,Bacteria; Bacillati; Actinomycetota; Actinomycetes; Mycobacteriales; Mycobacteriaceae; Mycolicibacterium,0,3_313_KshA15#2,core,0.75,0,0,0,0,[alpha] > hydrolase > hydrolase > other
NZ_MVHN01000009.1:110372-111449:-1,WP_083002036.1,BST21_RS10995,,Rieske 2Fe-2S domain-containing protein,3_313_KshA15,3,109.4,0.6743,1.4e-31,NZ_MVHN01000009.1,110372,111449,-1,Mycolicibacterium celeriflavum,Bacteria; Bacillati; Actinomycetota; Actinomycetes; Mycobacteriales; Mycobacteriaceae; Mycolicibacterium,0,3_313_KshA15#0,core,0.7359,0,0,0,0,[alpha] > reductase > regulator
NZ_MVHP01000007.1:27700-28834:-1,WP_046751383.1,BST23_RS08240,,Rieske 2Fe-2S domain-containing protein,3_313_KshA15,3,566.4,0.9491,2.2e-170,NZ_MVHP01000007.1,27700,28834,-1,Mycolicibacterium elephantis,Bacteria; Bacillati; Actinomycetota; Actinomycetes; Mycobacteriales; Mycobacteriaceae; Mycolicibacterium,0,3_313_KshA15#1,core,0.7907,0,0,0,0,[alpha] > hypothetical > reductase
NZ_MVHT01000001.1:95104-96238:1,WP_069419244.1,BST27_RS00270,,Rieske 2Fe-2S domain-containing protein,3_313_KshA15,3,583.7,0.944,1.2e-175,NZ_MVHT01000001.1,95104,96238,1,Mycobacterium intermedium,Bacteria; Bacillati; Actinomycetota; Actinomycetes; Mycobacteriales; Mycobacteriaceae; Mycobacterium; Mycobacterium simiae complex,0,3_313_KshA15#9,core,0.9094,0,0,0,0,[alpha] > ferredoxin > reductase
NZ_MVDV01000042.1:144125-145283:-1,WP_013417427.1,J0G19_RS09270,,Rieske 2Fe-2S domain-containing protein,3_313_KshA15,3,575.0,0.9593,5.7e-173,NZ_MVDV01000042.1,144125,145283,-1,Prescottella equi,Bacteria; Bacillati; Actinomycetota; Actinomycetes; Mycobacteriales; Nocardiaceae; Prescottella,0,3_313_KshA15#14,core,0.7688,0,0,0,0,[alpha] > hypothetical > reductase > other
NZ_MVDV01000042.1:250349-251507:1,WP_084847702.1,J0G19_RS09760,,Rieske 2Fe-2S domain-containing protein,3_313_KshA15,3,574.4,0.9567,8.2e-173,NZ_MVDV01000042.1,250349,251507,1,Prescottella equi,Bacteria; Bacillati; Actinomycetota; Actinomycetes; Mycobacteriales; Nocardiaceae; Prescottella,0,3_313_KshA15#1,core,0.7006,0,0,0,0,other > [alpha] > hypothetical > hypothetical
NZ_MVHT01000078.1:7492-8518:1,WP_069418589.1,BST27_RS22730,,Rieske 2Fe-2S domain-containing protein,3_313_KshA15,3,109.0,0.626,1.9e-31,NZ_MVHT01000078.1,7492,8518,1,Mycobacterium intermedium,Bacteria; Bacillati; Actinomycetota; Actinomycetes; Mycobacteriales; Mycobacteriaceae; Mycobacterium; Mycobacterium simiae complex,0,3_313_KshA15#0,core,0.879,0,0,0,0,[alpha] > reductase > hypothetical
NZ_MVHT01000044.1:12228-13245:-1,WP_069417264.1,BST27_RS16330,,Rieske 2Fe-2S domain-containing protein,3_313_KshA15,3,107.7,0.799,4.7e-31,NZ_MVHT01000044.1,12228,13245,-1,Mycobacterium intermedium,Bacteria; Bacillati; Actinomycetota; Actinomycetes; Mycobacteriales; Mycobacteriaceae; Mycobacterium; Mycobacterium simiae complex,0,3_313_KshA15#2,core,0.87,0,0,0,0,[alpha] > hydrolase > other
NZ_MVHT01000044.1:46706-47867:1,WP_069417295.1,BST27_RS16500,,aromatic ring-hydroxylating dioxygenase subunit alpha,3_313_KshA15,3,113.9,0.5598,6.3e-33,NZ_MVHT01000044.1,46706,47867,1,Mycobacterium intermedium,Bacteria; Bacillati; Actinomycetota; Actinomycetes; Mycobacteriales; Mycobacteriaceae; Mycobacterium; Mycobacterium simiae complex,0,3_313_KshA15#4,core,0.8368,0,0,0,0,other > ferredoxin > [alpha] > other > other > other
NZ_MVHT01000057.1:35639-36806:-1,WP_069421602.1,BST27_RS19245,,Rieske 2Fe-2S domain-containing protein,3_313_KshA15,3,831.6,0.972,6.6e-251,NZ_MVHT01000057.1,35639,36806,-1,Mycobacterium intermedium,Bacteria; Bacillati; Actinomycetota; Actinomycetes; Mycobacteriales; Mycobacteriaceae; Mycobacterium; Mycobacterium simiae complex,0,3_313_KshA15#3,core,0.8725,0,0,0,0,[alpha] > hypothetical
NZ_MUXN01000016.1:3869-5009:-1,WP_005162178.1,B0293_RS21070,,Rieske 2Fe-2S domain-containing protein,3_313_KshA15,3,645.3,0.9491,2.4e-194,NZ_MUXN01000016.1,3869,5009,-1,Amycolatopsis azurea DSM 43854,Bacteria; Bacillati; Actinomycetota; Actinomycetes; Pseudonocardiales; Pseudonocardiaceae; Amycolatopsis,0,3_313_KshA15#18,core,0.884,1,0,0,1,dehydrogenase > [alpha] > hypothetical > reductase > other > other > other
NZ_MVHN01000042.1:569-1736:-1,WP_067222490.1,BST21_RS22710,,Rieske 2Fe-2S domain-containing protein,3_313_KshA15,3,826.7,0.972,2e-249,NZ_MVHN01000042.1,569,1736,-1,Mycolicibacterium celeriflavum,Bacteria; Bacillati; Actinomycetota; Actinomycetes; Mycobacteriales; Mycobacteriaceae; Mycolicibacterium,0,3_313_KshA15#5,core,0.8404,0,0,0,0,[alpha] > hypothetical
NZ_MVHU01000005.1:177057-178071:1,WP_065287199.1,BST28_RS05740,,aromatic ring-hydroxylating dioxygenase subunit alpha,3_313_KshA15,3,112.7,0.8041,1.4e-32,NZ_MVHU01000005.1,177057,178071,1,Mycolicibacter kumamotonensis,Bacteria; Bacillati; Actinomycetota; Actinomycetes; Mycobacteriales; Mycobacteriaceae; Mycolicibacter,0,3_313_KshA15#2,core,0.9266,0,0,0,0,[alpha] > hypothetical > other
NZ_MVHU01000024.1:55561-56593:1,WP_019738724.1,BST28_RS15790,,Rieske 2Fe-2S domain-containing protein,3_313_KshA15,3,106.5,0.6209,1.1e-30,NZ_MVHU01000024.1,55561,56593,1,Mycolicibacter kumamotonensis,Bacteria; Bacillati; Actinomycetota; Actinomycetes; Mycobacteriales; Mycobacteriaceae; Mycolicibacter,0,3_313_KshA15#0,core,0.8617,0,0,0,0,[alpha] > reductase
NZ_MVHY01000005.1:119518-120658:-1,WP_005070255.1,BST32_RS15180,,Rieske 2Fe-2S domain-containing protein,3_313_KshA15,3,580.4,0.9415,1.3e-174,NZ_MVHY01000005.1,119518,120658,-1,Mycobacteroides abscessus subsp. massiliense,Bacteria; Bacillati; Actinomycetota; Actinomycetes; Mycobacteriales; Mycobacteriaceae; Mycobacteroides; Mycobacteroides abscessus,0,3_313_KshA15#12,core,0.819,0,0,0,0,regulator > other > other > [alpha] > other > other
NZ_MVHU01000057.1:17073-18246:1,WP_019735082.1,BST28_RS21920,,Rieske 2Fe-2S domain-containing protein,3_313_KshA15,3,775.1,0.9796,9.6e-234,NZ_MVHU01000057.1,17073,18246,1,Mycolicibacter kumamotonensis,Bacteria; Bacillati; Actinomycetota; Actinomycetes; Mycobacteriales; Mycobacteriaceae; Mycolicibacter,0,3_313_KshA15#3,core,0.7974,0,0,0,0,[alpha] > hypothetical
NZ_MVHY01000003.1:307355-308558:-1,WP_005071311.1,BST32_RS11465,,Rieske 2Fe-2S domain-containing protein,3_313_KshA15,3,783.7,0.9873,2.3e-236,NZ_MVHY01000003.1,307355,308558,-1,Mycobacteroides abscessus subsp. massiliense,Bacteria; Bacillati; Actinomycetota; Actinomycetes; Mycobacteriales; Mycobacteriaceae; Mycobacteroides; Mycobacteroides abscessus,0,3_313_KshA15#3,core,0.7492,0,0,0,0,[alpha] > hypothetical
NZ_MZZM01000006.1:26958-28068:-1,WP_084948282.1,B5M45_RS03935,,aromatic ring-hydroxylating dioxygenase subunit alpha,3_313_KshA15,3,116.5,0.5929,1e-33,NZ_MZZM01000006.1,26958,28068,-1,Mycobacterium simiae,Bacteria; Bacillati; Actinomycetota; Actinomycetes; Mycobacteriales; Mycobacteriaceae; Mycobacterium; Mycobacterium simiae complex,0,3_313_KshA15#4,core,0.9276,0,0,0,0,[alpha] > other > other > other > other > other
NZ_MZZM01000006.1:68352-69363:1,WP_061556461.1,B5M45_RS04120,,Rieske 2Fe-2S domain-containing protein,3_313_KshA15,3,114.3,0.8168,4.6e-33,NZ_MZZM01000006.1,68352,69363,1,Mycobacterium simiae,Bacteria; Bacillati; Actinomycetota; Actinomycetes; Mycobacteriales; Mycobacteriaceae; Mycobacterium; Mycobacterium simiae complex,0,3_313_KshA15#2,core,0.8606,0,0,0,0,[alpha] > hydrolase > other
NZ_MZZM01000026.1:178513-179521:-1,WP_061560171.1,B5M45_RS22435,,Rieske 2Fe-2S domain-containing protein,3_313_KshA15,3,106.9,0.6565,8.1e-31,NZ_MZZM01000026.1,178513,179521,-1,Mycobacterium simiae,Bacteria; Bacillati; Actinomycetota; Actinomycetes; Mycobacteriales; Mycobacteriaceae; Mycobacterium; Mycobacterium simiae complex,0,3_313_KshA15#0,core,0.8723,0,0,0,0,[alpha] > reductase
NZ_NCXN01000010.1:114096-115104:-1,WP_014385409.1,B8W68_RS10520,,Rieske 2Fe-2S domain-containing protein,3_313_KshA15,3,114.0,0.6209,5.8e-33,NZ_NCXN01000010.1,114096,115104,-1,Mycobacterium paraintracellulare,Bacteria; Bacillati; Actinomycetota; Actinomycetes; Mycobacteriales; Mycobacteriaceae; Mycobacterium; Mycobacterium avium complex (MAC),0,3_313_KshA15#0,core,0.8759,0,0,0,0,[alpha] > reductase > hypothetical > regulator > other > other
NZ_NCXN01000011.1:15197-16355:1,WP_008263691.1,B8W68_RS10755,,Rieske 2Fe-2S domain-containing protein,3_313_KshA15,3,839.6,0.9669,2.4e-253,NZ_NCXN01000011.1,15197,16355,1,Mycobacterium paraintracellulare,Bacteria; Bacillati; Actinomycetota; Actinomycetes; Mycobacteriales; Mycobacteriaceae; Mycobacterium; Mycobacterium avium complex (MAC),0,3_313_KshA15#3,core,0.955,0,0,0,0,[alpha] > hypothetical
NZ_NCXN01000012.1:2156-3296:1,WP_008257275.1,B8W68_RS11390,,Rieske 2Fe-2S domain-containing protein,3_313_KshA15,3,592.5,0.9567,2.6e-178,NZ_NCXN01000012.1,2156,3296,1,Mycobacterium paraintracellulare,Bacteria; Bacillati; Actinomycetota; Actinomycetes; Mycobacteriales; Mycobacteriaceae; Mycobacterium; Mycobacterium avium complex (MAC),0,3_313_KshA15#9,core,0.9182,0,0,0,0,[alpha] > hypothetical > reductase
NZ_NCXO01000012.1:87053-88202:1,WP_069392931.1,B8W67_RS07905,,Rieske 2Fe-2S domain-containing protein,3_313_KshA15,3,548.2,0.9389,7.7e-165,NZ_NCXO01000012.1,87053,88202,1,Mycolicibacillus koreensis,Bacteria; Bacillati; Actinomycetota; Actinomycetes; Mycobacteriales; Mycobacteriaceae; Mycolicibacillus,0,3_313_KshA15#1,core,0.7722,0,0,0,0,[alpha] > hypothetical
NZ_NCXO01000049.1:19332-20475:1,WP_069393785.1,B8W67_RS17020,,Rieske 2Fe-2S domain-containing protein,3_313_KshA15,3,771.5,0.9593,1.2e-232,NZ_NCXO01000049.1,19332,20475,1,Mycolicibacillus koreensis,Bacteria; Bacillati; Actinomycetota; Actinomycetes; Mycobacteriales; Mycobacteriaceae; Mycolicibacillus,0,3_313_KshA15#5,core,0.7484,0,0,0,0,regulator > [alpha] > hypothetical
NZ_NBYX01000001.1:412477-413557:1,WP_085037492.1,B7G54_RS01855,,Rieske 2Fe-2S domain-containing protein,3_313_KshA15,3,398.8,0.8753,1.8e-119,NZ_NBYX01000001.1,412477,413557,1,Burkholderia puraquae,Bacteria; Pseudomonadati; Pseudomonadota; Betaproteobacteria; Burkholderiales; Burkholderiaceae; Burkholderia; Burkholderia cepacia complex,0,3_313_KshA15#10,core,0.9557,0,0,0,0,other > reductase > dehydrogenase > dehydrogenase > reductase > other > other > other > transporter > [alpha]
NZ_NCXN01000005.1:112054-113062:-1,WP_009957694.1,B8W68_RS05750,,Rieske 2Fe-2S domain-containing protein,3_313_KshA15,3,106.9,0.8066,8.3e-31,NZ_NCXN01000005.1,112054,113062,-1,Mycobacterium paraintracellulare,Bacteria; Bacillati; Actinomycetota; Actinomycetes; Mycobacteriales; Mycobacteriaceae; Mycobacterium; Mycobacterium avium complex (MAC),0,3_313_KshA15#2,core,0.9164,0,0,0,0,[alpha] > hydrolase > hydrolase > other > other > reductase
NZ_NCXN01000005.1:148586-149714:1,WP_014382134.1,B8W68_RS05910,,aromatic ring-hydroxylating dioxygenase subunit alpha,3_313_KshA15,3,108.8,0.5929,2.2e-31,NZ_NCXN01000005.1,148586,149714,1,Mycobacterium paraintracellulare,Bacteria; Bacillati; Actinomycetota; Actinomycetes; Mycobacteriales; Mycobacteriaceae; Mycobacterium; Mycobacterium avium complex (MAC),0,3_313_KshA15#4,core,0.9621,0,0,0,0,[alpha] > other > other > other > other > other
NZ_NFSB01000091.1:99641-100679:1,WP_059394834.1,B8W72_RS29825,,Rieske 2Fe-2S domain-containing protein,3_313_KshA15,3,356.8,0.8601,1e-106,NZ_NFSB01000091.1,99641,100679,1,Pseudomonas putida,Bacteria; Pseudomonadati; Pseudomonadota; Gammaproteobacteria; Pseudomonadales; Pseudomonadaceae; Pseudomonas,0,3_313_KshA15#8,core,0.8421,0,0,0,0,other > transporter > regulator > reductase > reductase > [alpha] > transporter > other > hypothetical
NZ_NGAF01000006.1:125245-126463:-1,WP_039775861.1,B7C42_RS16330,,Rieske 2Fe-2S domain-containing protein,3_313_KshA15,3,656.7,0.9695,8.8e-198,NZ_NGAF01000006.1,125245,126463,-1,Nocardia cerradoensis,Bacteria; Bacillati; Actinomycetota; Actinomycetes; Mycobacteriales; Nocardiaceae; Nocardia,0,3_313_KshA15#11,core,0.8094,0,0,0,0,[alpha] > hypothetical
NZ_NGAF01000046.1:8191-9388:-1,WP_039778658.1,B7C42_RS39295,,Rieske 2Fe-2S domain-containing protein,3_313_KshA15,3,553.8,0.9491,1.6e-166,NZ_NGAF01000046.1,8191,9388,-1,Nocardia cerradoensis,Bacteria; Bacillati; Actinomycetota; Actinomycetes; Mycobacteriales; Nocardiaceae; Nocardia,0,3_313_KshA15#27,core,0.672,1,0,0,1,reductase > [alpha] > dehydrogenase > other
NZ_NGAF01000054.1:6025-7168:-1,WP_039778604.1,B7C42_RS39955,,Rieske 2Fe-2S domain-containing protein,3_313_KshA15,3,570.1,0.9517,1.7e-171,NZ_NGAF01000054.1,6025,7168,-1,Nocardia cerradoensis,Bacteria; Bacillati; Actinomycetota; Actinomycetes; Mycobacteriales; Nocardiaceae; Nocardia,0,3_313_KshA15#66,core,0.7844,0,0,0,0,[alpha] > hypothetical
NZ_NISH01000014.1:113218-114214:-1,WP_019732521.1,CEV14_RS19160,,Rieske 2Fe-2S domain-containing protein,3_313_KshA15,3,107.8,0.6336,4.5e-31,NZ_NISH01000014.1,113218,114214,-1,Mycobacterium avium subsp. hominissuis,Bacteria; Bacillati; Actinomycetota; Actinomycetes; Mycobacteriales; Mycobacteriaceae; Mycobacterium; Mycobacterium avium complex (MAC),0,3_313_KshA15#0,core,0.9364,0,0,0,0,[alpha] > reductase
NZ_NIWT01000007.1:279148-280192:1,WP_057714054.1,PSJE_RS24125,,Rieske 2Fe-2S domain-containing protein,3_313_KshA15,3,396.9,0.8804,6.7e-119,NZ_NIWT01000007.1,279148,280192,1,Pseudomonas jessenii,Bacteria; Pseudomonadati; Pseudomonadota; Gammaproteobacteria; Pseudomonadales; Pseudomonadaceae; Pseudomonas,0,3_313_KshA15#24,core,0.971,0,0,0,0,[alpha] > regulator > hydrolase
NZ_NMQU01000079.1:52542-53682:1,WP_020637492.1,CFP75_RS24910,,Rieske 2Fe-2S domain-containing protein,3_313_KshA15,3,645.2,0.9491,2.7e-194,NZ_NMQU01000079.1,52542,53682,1,Amycolatopsis alba DSM 44262,Bacteria; Bacillati; Actinomycetota; Actinomycetes; Pseudonocardiales; Pseudonocardiaceae; Amycolatopsis,0,3_313_KshA15#18,core,0.8719,1,0,0,1,dehydrogenase > [alpha] > hypothetical > reductase > other > other
NZ_NMQU01000207.1:1243-2374:-1,WP_020636322.1,CFP75_RS42885,,Rieske 2Fe-2S domain-containing protein,3_313_KshA15,3,567.4,0.9466,1.2e-170,NZ_NMQU01000207.1,1243,2374,-1,Amycolatopsis alba DSM 44262,Bacteria; Bacillati; Actinomycetota; Actinomycetes; Pseudonocardiales; Pseudonocardiaceae; Amycolatopsis,0,3_313_KshA15#95,core,0.6562,0,0,0,0,[alpha] > hypothetical > reductase
NZ_NKCN01000004.1:51707-52847:-1,WP_064393883.1,CEX87_RS06625,,Rieske 2Fe-2S domain-containing protein,3_313_KshA15,3,581.7,0.9466,5e-175,NZ_NKCN01000004.1,51707,52847,-1,Mycobacterium lehmannii,Bacteria; Bacillati; Actinomycetota; Actinomycetes; Mycobacteriales; Mycobacteriaceae; Mycobacterium,0,3_313_KshA15#44,core,0.8639,0,0,0,0,[alpha] > hypothetical
NZ_NKCN01000013.1:54257-55424:1,WP_064399196.1,CEX87_RS15740,,Rieske 2Fe-2S domain-containing protein,3_313_KshA15,3,830.6,0.9746,1.3e-250,NZ_NKCN01000013.1,54257,55424,1,Mycobacterium lehmannii,Bacteria; Bacillati; Actinomycetota; Actinomycetes; Mycobacteriales; Mycobacteriaceae; Mycobacterium,0,3_313_KshA15#5,core,0.8567,0,0,0,0,[alpha] > hypothetical > other
NZ_NOVD01000014.1:66955-68152:-1,WP_020906621.1,CHR55_RS19380,,Rieske 2Fe-2S domain-containing protein,3_313_KshA15,3,625.7,0.9567,2.2e-188,NZ_NOVD01000014.1,66955,68152,-1,Rhodococcus qingshengii,Bacteria; Bacillati; Actinomycetota; Actinomycetes; Mycobacteriales; Nocardiaceae; Rhodococcus; Rhodococcus erythropolis group,0,3_313_KshA15#74,core,0.77,0,0,0,0,hypothetical > [alpha] > dehydrogenase > other
NZ_NPKP01000002.1:159032-160121:-1,WP_370517651.1,CIW51_RS05955,,Rieske 2Fe-2S domain-containing protein,3_313_KshA15,3,574.3,0.9033,9.2e-173,NZ_NPKP01000002.1,159032,160121,-1,Mycolicibacterium sp. P9-22,Bacteria; Bacillati; Actinomycetota; Actinomycetes; Mycobacteriales; Mycobacteriaceae; Mycolicibacterium,0,3_313_KshA15#7,core,0.7994,0,0,0,0,reductase > [alpha] > other > other > other > other > other
NZ_NQSC01000017.1:24241-25240:-1,WP_005113220.1,CJN83_RS24480,,Rieske 2Fe-2S domain-containing protein,3_313_KshA15,3,116.0,0.6234,1.4e-33,NZ_NQSC01000017.1,24241,25240,-1,Mycobacteroides abscessus subsp. abscessus,Bacteria; Bacillati; Actinomycetota; Actinomycetes; Mycobacteriales; Mycobacteriaceae; Mycobacteroides; Mycobacteroides abscessus,0,3_313_KshA15#0,core,0.6725,0,0,0,0,[alpha] > reductase > other
NZ_NSFE01000005.1:2216-3356:1,WP_014380267.1,CKJ65_RS12320,,Rieske 2Fe-2S domain-containing protein,3_313_KshA15,3,592.3,0.9567,3.2e-178,NZ_NSFE01000005.1,2216,3356,1,Mycobacterium intracellulare,Bacteria; Bacillati; Actinomycetota; Actinomycetes; Mycobacteriales; Mycobacteriaceae; Mycobacterium; Mycobacterium avium complex (MAC),0,3_313_KshA15#9,core,0.9214,0,0,0,0,[alpha] > hypothetical > reductase
NZ_NSFE01000017.1:189612-190620:-1,WP_095763526.1,CKJ65_RS17090,,Rieske 2Fe-2S domain-containing protein,3_313_KshA15,3,115.0,0.6209,2.8e-33,NZ_NSFE01000017.1,189612,190620,-1,Mycobacterium intracellulare,Bacteria; Bacillati; Actinomycetota; Actinomycetes; Mycobacteriales; Mycobacteriaceae; Mycobacterium; Mycobacterium avium complex (MAC),0,3_313_KshA15#0,core,0.8571,0,0,0,0,[alpha] > reductase > hypothetical > regulator > hypothetical > other
NZ_NSFE01000001.1:653807-654965:-1,WP_008263691.1,CKJ65_RS03290,,Rieske 2Fe-2S domain-containing protein,3_313_KshA15,3,839.6,0.9669,2.4e-253,NZ_NSFE01000001.1,653807,654965,-1,Mycobacterium intracellulare,Bacteria; Bacillati; Actinomycetota; Actinomycetes; Mycobacteriales; Mycobacteriaceae; Mycobacterium; Mycobacterium avium complex (MAC),0,3_313_KshA15#3,core,0.955,0,0,0,0,[alpha] > hypothetical
NZ_NSDX01000006.1:352578-353733:-1,WP_061699899.1,CJ177_RS31100,,Rieske 2Fe-2S domain-containing protein,3_313_KshA15,3,575.2,0.944,5e-173,NZ_NSDX01000006.1,352578,353733,-1,Rhodococcus sp. ACPA1,Bacteria; Bacillati; Actinomycetota; Actinomycetes; Mycobacteriales; Nocardiaceae; Rhodococcus,0,3_313_KshA15#73,core,0.6602,0,0,0,0,[alpha] > hypothetical > other > reductase
NZ_NSFJ01000006.1:6568-7564:1,WP_031344996.1,CKJ59_RS04860,,Rieske 2Fe-2S domain-containing protein,3_313_KshA15,3,100.9,0.6285,5.5e-29,NZ_NSFJ01000006.1,6568,7564,1,Mycobacterium avium,Bacteria; Bacillati; Actinomycetota; Actinomycetes; Mycobacteriales; Mycobacteriaceae; Mycobacterium; Mycobacterium avium complex (MAC),0,3_313_KshA15#0,core,0.9293,0,0,0,0,[alpha] > reductase
NZ_NSFM01000002.1:154483-155641:-1,WP_009974810.1,CKJ55_RS02690,,Rieske 2Fe-2S domain-containing protein,3_313_KshA15,3,839.1,0.9669,3.5e-253,NZ_NSFM01000002.1,154483,155641,-1,Mycobacterium avium,Bacteria; Bacillati; Actinomycetota; Actinomycetes; Mycobacteriales; Mycobacteriaceae; Mycobacterium; Mycobacterium avium complex (MAC),0,3_313_KshA15#3,core,0.9265,0,0,0,0,[alpha] > hypothetical
NZ_NTFX01000011.1:8203-9211:1,WP_042912581.1,CLM78_RS12865,,Rieske 2Fe-2S domain-containing protein,3_313_KshA15,3,116.1,0.6209,1.3e-33,NZ_NTFX01000011.1,8203,9211,1,Mycobacterium intracellulare subsp. chimaera,Bacteria; Bacillati; Actinomycetota; Actinomycetes; Mycobacteriales; Mycobacteriaceae; Mycobacterium; Mycobacterium avium complex (MAC),0,3_313_KshA15#0,core,0.8587,0,0,0,0,[alpha] > reductase
NZ_NTFX01000019.1:45674-46832:1,WP_020821525.1,CLM78_RS19080,,Rieske 2Fe-2S domain-containing protein,3_313_KshA15,3,839.2,0.9669,3.2e-253,NZ_NTFX01000019.1,45674,46832,1,Mycobacterium intracellulare subsp. chimaera,Bacteria; Bacillati; Actinomycetota; Actinomycetes; Mycobacteriales; Mycobacteriaceae; Mycobacterium; Mycobacterium avium complex (MAC),0,3_313_KshA15#3,core,0.9518,0,0,0,0,[alpha] > hypothetical
NZ_NSTV01000001.1:377572-378586:1,WP_058201181.1,IPC737_RS01970,,Rieske 2Fe-2S domain-containing protein,3_313_KshA15,3,90.4,0.542,8.5e-26,NZ_NSTV01000001.1,377572,378586,1,Pseudomonas aeruginosa,Bacteria; Pseudomonadati; Pseudomonadota; Gammaproteobacteria; Pseudomonadales; Pseudomonadaceae; Pseudomonas,0,3_313_KshA15#33,novel_candidate,0.3925,0,0,0,0,[alpha] > other
NZ_NVQJ01000014.1:68226-69387:-1,WP_003419211.1,CQR29_RS09040,kshA,3-ketosteroid-9-alpha-hydroxylase subunit KshA,3_313_KshA15,3,827.8,0.9669,9.4e-250,NZ_NVQJ01000014.1,68226,69387,-1,Mycobacterium tuberculosis H37Rv,Bacteria; Bacillati; Actinomycetota; Actinomycetes; Mycobacteriales; Mycobacteriaceae; Mycobacterium; Mycobacterium tuberculosis complex,0,3_313_KshA15#3,core,0.8686,0,0,0,0,[alpha] > hypothetical
NZ_NXEH01000006.1:210910-212059:1,WP_011209888.1,CJ468_RS12100,,Rieske 2Fe-2S domain-containing protein,3_313_KshA15,3,569.1,0.9466,3.4e-171,NZ_NXEH01000006.1,210910,212059,1,Nocardia farcinica,Bacteria; Bacillati; Actinomycetota; Actinomycetes; Mycobacteriales; Nocardiaceae; Nocardia,0,3_313_KshA15#140,core,0.7944,0,0,0,0,[alpha] > hypothetical
NZ_NXEH01000006.1:229466-230642:-1,WP_011209906.1,CJ468_RS12190,,Rieske 2Fe-2S domain-containing protein,3_313_KshA15,3,560.9,0.9415,1.1e-168,NZ_NXEH01000006.1,229466,230642,-1,Nocardia farcinica,Bacteria; Bacillati; Actinomycetota; Actinomycetes; Mycobacteriales; Nocardiaceae; Nocardia,0,3_313_KshA15#27,core,0.6218,1,0,0,1,[alpha] > dehydrogenase > reductase > reductase > reductase > reductase > hypothetical
NZ_NZLT01000023.1:10723-11788:-1,WP_027873552.1,CMN80_RS03275,,Rieske 2Fe-2S domain-containing protein,3_313_KshA15,3,341.1,0.8779,6.3e-102,NZ_NZLT01000023.1,10723,11788,-1,Spongiibacter sp.,Bacteria; Pseudomonadati; Pseudomonadota; Gammaproteobacteria; Cellvibrionales; Spongiibacteraceae; Spongiibacter,0,3_313_KshA15#155,divergent,0.543,0,0,0,0,[alpha] > other > dehydrogenase
NZ_OBDL01000026.1:32304-33486:-1,WP_077042923.1,CRP36_RS25805,,Rieske 2Fe-2S domain-containing protein,3_313_KshA15,3,726.6,0.9695,5.1e-219,NZ_OBDL01000026.1,32304,33486,-1,Rhodococcus sp. OK270,Bacteria; Bacillati; Actinomycetota; Actinomycetes; Mycobacteriales; Nocardiaceae; Rhodococcus,0,3_313_KshA15#28,core,0.8549,0,0,0,0,[alpha] > hypothetical
NZ_OBKZ01000039.1:20459-21497:1,WP_047274783.1,PLUA15_RS14705,,Rieske 2Fe-2S domain-containing protein,3_313_KshA15,3,350.5,0.8601,8.7e-105,NZ_OBKZ01000039.1,20459,21497,1,Pseudomonas lundensis,Bacteria; Pseudomonadati; Pseudomonadota; Gammaproteobacteria; Pseudomonadales; Pseudomonadaceae; Pseudomonas,0,3_313_KshA15#8,core,0.823,0,0,0,0,regulator > reductase > reductase > [alpha] > regulator
NZ_NWUF01000005.1:51304-52432:-1,WP_066969014.1,COO09_RS06605,,Rieske 2Fe-2S domain-containing protein,3_313_KshA15,3,400.2,0.8957,6.8e-120,NZ_NWUF01000005.1,51304,52432,-1,Rhizorhabdus dicambivorans,Bacteria; Pseudomonadati; Pseudomonadota; Alphaproteobacteria; Sphingomonadales; Sphingomonadaceae; Rhizorhabdus,0,3_313_KshA15#64,divergent,0.4513,0,0,0,0,[alpha] > hydrolase > other
NZ_PCOA01000027.1:9360-10401:-1,WP_028944792.1,CQ065_RS25110,,Rieske 2Fe-2S domain-containing protein,3_313_KshA15,3,368.9,0.8677,2.2e-110,NZ_PCOA01000027.1,9360,10401,-1,Pseudomonas sp. MYb187,Bacteria; Pseudomonadati; Pseudomonadota; Gammaproteobacteria; Pseudomonadales; Pseudomonadaceae; Pseudomonas,0,3_313_KshA15#8,core,0.8474,0,0,0,0,reductase > other > other > other > transporter > regulator > hypothetical > [alpha]
NZ_PDCR01000040.1:20959-22111:-1,WP_073856703.1,CRI78_RS24080,,Rieske 2Fe-2S domain-containing protein,3_313_KshA15,3,820.3,0.9644,1.7e-247,NZ_PDCR01000040.1,20959,22111,-1,Mycolicibacterium diernhoferi,Bacteria; Bacillati; Actinomycetota; Actinomycetes; Mycobacteriales; Mycobacteriaceae; Mycolicibacterium,0,3_313_KshA15#5,core,0.8269,0,0,0,0,[alpha] > hypothetical
NZ_PDCR01000014.1:58268-59279:-1,WP_073855839.1,CRI78_RS12490,,Rieske 2Fe-2S domain-containing protein,3_313_KshA15,3,107.6,0.799,4.9e-31,NZ_PDCR01000014.1,58268,59279,-1,Mycolicibacterium diernhoferi,Bacteria; Bacillati; Actinomycetota; Actinomycetes; Mycobacteriales; Mycobacteriaceae; Mycolicibacterium,0,3_313_KshA15#2,core,0.6817,0,0,0,0,[alpha] > hydrolase > other
NZ_PDCR01000015.1:4865-6023:1,WP_073858733.1,CRI78_RS12865,,Rieske 2Fe-2S domain-containing protein,3_313_KshA15,3,559.9,0.9338,2.2e-168,NZ_PDCR01000015.1,4865,6023,1,Mycolicibacterium diernhoferi,Bacteria; Bacillati; Actinomycetota; Actinomycetes; Mycobacteriales; Mycobacteriaceae; Mycolicibacterium,0,3_313_KshA15#1,core,0.7943,0,0,0,0,[alpha] > hypothetical > other > reductase > reductase
NZ_PDCR01000018.1:79838-80867:-1,WP_073855578.1,CRI78_RS15125,,Rieske 2Fe-2S domain-containing protein,3_313_KshA15,3,117.7,0.6285,4.2e-34,NZ_PDCR01000018.1,79838,80867,-1,Mycolicibacterium diernhoferi,Bacteria; Bacillati; Actinomycetota; Actinomycetes; Mycobacteriales; Mycobacteriaceae; Mycolicibacterium,0,3_313_KshA15#0,core,0.8381,0,0,0,0,[alpha] > reductase > regulator > hydrolase
NZ_PDKV01000003.1:8243-9332:1,WP_062540283.1,CQY23_RS03770,,aromatic ring-hydroxylating dioxygenase subunit alpha,3_313_KshA15,3,117.8,0.8092,4e-34,NZ_PDKV01000003.1,8243,9332,1,Mycobacterium celatum,Bacteria; Bacillati; Actinomycetota; Actinomycetes; Mycobacteriales; Mycobacteriaceae; Mycobacterium,0,3_313_KshA15#4,core,0.8456,0,0,0,0,[alpha] > other > other > other > other
NZ_PDKV01000003.1:36334-37330:-1,WP_062538426.1,CQY23_RS03870,,Rieske 2Fe-2S domain-containing protein,3_313_KshA15,3,114.3,0.626,4.7e-33,NZ_PDKV01000003.1,36334,37330,-1,Mycobacterium celatum,Bacteria; Bacillati; Actinomycetota; Actinomycetes; Mycobacteriales; Mycobacteriaceae; Mycobacterium,0,3_313_KshA15#0,core,0.7972,0,0,0,0,[alpha] > reductase
NZ_PDKV01000008.1:97258-98275:1,WP_062539813.1,CQY23_RS08935,,aromatic ring-hydroxylating dioxygenase subunit alpha,3_313_KshA15,3,108.2,0.799,3.4e-31,NZ_PDKV01000008.1,97258,98275,1,Mycobacterium celatum,Bacteria; Bacillati; Actinomycetota; Actinomycetes; Mycobacteriales; Mycobacteriaceae; Mycobacterium,0,3_313_KshA15#2,core,0.7698,0,0,0,0,[alpha] > hydrolase > other
NZ_PDKV01000009.1:121383-122541:1,WP_062538500.1,CQY23_RS09845,,Rieske 2Fe-2S domain-containing protein,3_313_KshA15,3,823.1,0.9618,2.4e-248,NZ_PDKV01000009.1,121383,122541,1,Mycobacterium celatum,Bacteria; Bacillati; Actinomycetota; Actinomycetes; Mycobacteriales; Mycobacteriaceae; Mycobacterium,0,3_313_KshA15#3,core,0.8301,0,0,0,0,[alpha] > hypothetical
NZ_PHHF01000017.1:25469-26426:-1,WP_015459851.1,CV103_RS03190,,Rieske 2Fe-2S domain-containing protein,3_313_KshA15,3,114.1,0.5674,5.6e-33,NZ_PHHF01000017.1,25469,26426,-1,Sphingomonas fennica,Bacteria; Pseudomonadati; Pseudomonadota; Alphaproteobacteria; Sphingomonadales; Sphingomonadaceae; Sphingomonas,0,3_313_KshA15#20,core,0.6328,0,0,0,0,other > hydrolase > [alpha]
NZ_PHHF01000035.1:152951-153929:-1,WP_107394639.1,CV103_RS08560,,Rieske 2Fe-2S domain-containing protein,3_313_KshA15,3,88.3,0.6718,3.8e-25,NZ_PHHF01000035.1,152951,153929,-1,Sphingomonas fennica,Bacteria; Pseudomonadati; Pseudomonadota; Alphaproteobacteria; Sphingomonadales; Sphingomonadaceae; Sphingomonas,0,3_313_KshA15#121,novel_candidate,0.3051,0,0,0,0,[alpha]
NZ_PHHF01000065.1:2130-3132:-1,WP_015457473.1,CV103_RS15100,,aromatic ring-hydroxylating dioxygenase subunit alpha,3_313_KshA15,3,112.0,0.5344,2.4e-32,NZ_PHHF01000065.1,2130,3132,-1,Sphingomonas fennica,Bacteria; Pseudomonadati; Pseudomonadota; Alphaproteobacteria; Sphingomonadales; Sphingomonadaceae; Sphingomonas,0,3_313_KshA15#35,novel_candidate,0.3763,0,0,0,0,[alpha]
NZ_PISI01000043.1:6921-7971:1,WP_074985326.1,CW310_RS32035,,Rieske 2Fe-2S domain-containing protein,3_313_KshA15,3,388.4,0.8931,2.6e-116,NZ_PISI01000043.1,6921,7971,1,Pseudomonas citronellolis,Bacteria; Pseudomonadati; Pseudomonadota; Gammaproteobacteria; Pseudomonadales; Pseudomonadaceae; Pseudomonas,0,3_313_KshA15#24,core,0.7508,0,0,0,0,[alpha] > regulator > hypothetical
NZ_POTM01000027.1:191466-192600:1,WP_061004219.1,C1S79_RS09865,,Rieske 2Fe-2S domain-containing protein,3_313_KshA15,3,569.5,0.9466,2.6e-171,NZ_POTM01000027.1,191466,192600,1,Mycolicibacterium phocaicum,Bacteria; Bacillati; Actinomycetota; Actinomycetes; Mycobacteriales; Mycobacteriaceae; Mycolicibacterium,0,3_313_KshA15#1,core,0.7932,0,0,0,0,[alpha] > hypothetical > reductase
NZ_PKUR01000003.1:360657-361632:1,WP_066048889.1,C0029_RS12970,,Rieske 2Fe-2S domain-containing protein,3_313_KshA15,3,152.5,0.8244,1.2e-44,NZ_PKUR01000003.1,360657,361632,1,Halioglobus japonicus,Bacteria; Pseudomonadati; Pseudomonadota; Gammaproteobacteria; Cellvibrionales; Halieaceae; Halioglobus,0,3_313_KshA15#62,novel_candidate,0.3346,0,0,0,0,hydrolase > [alpha] > reductase > other > transporter > other > dehydrogenase
NZ_PKUS01000008.1:196409-197384:1,WP_076000005.1,C0039_RS09230,,Rieske 2Fe-2S domain-containing protein,3_313_KshA15,3,145.3,0.8295,1.8e-42,NZ_PKUS01000008.1,196409,197384,1,Pseudohalioglobus lutimaris,Bacteria; Pseudomonadati; Pseudomonadota; Gammaproteobacteria; Cellvibrionales; Halieaceae; Pseudohalioglobus,0,3_313_KshA15#62,novel_candidate,0.3471,0,0,0,0,hydrolase > [alpha] > reductase
NZ_PKUS01000013.1:85842-86949:-1,WP_076000270.1,C0039_RS12195,,Rieske 2Fe-2S domain-containing protein,3_313_KshA15,3,293.6,0.8702,1.7e-87,NZ_PKUS01000013.1,85842,86949,-1,Pseudohalioglobus lutimaris,Bacteria; Pseudomonadati; Pseudomonadota; Gammaproteobacteria; Cellvibrionales; Halieaceae; Pseudohalioglobus,0,3_313_KshA15#120,divergent,0.4661,0,0,0,0,[alpha]
NZ_POTP01000016.1:22822-23851:-1,WP_036400802.1,C1S82_RS26150,,Rieske 2Fe-2S domain-containing protein,3_313_KshA15,3,117.1,0.6285,6.8e-34,NZ_POTP01000016.1,22822,23851,-1,Mycolicibacterium cosmeticum,Bacteria; Bacillati; Actinomycetota; Actinomycetes; Mycobacteriales; Mycobacteriaceae; Mycolicibacterium,0,3_313_KshA15#0,core,0.8022,0,0,0,0,[alpha] > reductase
NZ_PQBM01000076.1:1153-2338:1,WP_012396539.1,C4B29_RS18940,,Rieske 2Fe-2S domain-containing protein,3_313_KshA15,3,831.7,0.9949,6.2e-251,NZ_PQBM01000076.1,1153,2338,1,Mycobacterium marinum,Bacteria; Bacillati; Actinomycetota; Actinomycetes; Mycobacteriales; Mycobacteriaceae; Mycobacterium; Mycobacterium ulcerans group,0,3_313_KshA15#5,core,0.8599,0,0,0,0,[alpha] > hypothetical
NZ_POTP01000002.1:204673-205828:1,WP_036397581.1,C1S82_RS04965,,Rieske 2Fe-2S domain-containing protein,3_313_KshA15,3,836.1,0.9695,2.7e-252,NZ_POTP01000002.1,204673,205828,1,Mycolicibacterium cosmeticum,Bacteria; Bacillati; Actinomycetota; Actinomycetes; Mycobacteriales; Mycobacteriaceae; Mycolicibacterium,0,3_313_KshA15#5,core,0.8791,0,0,0,0,[alpha] > hypothetical > other
NZ_POTP01000004.1:150928-152074:1,WP_024449835.1,C1S82_RS11600,,Rieske 2Fe-2S domain-containing protein,3_313_KshA15,3,587.6,0.9542,8.4e-177,NZ_POTP01000004.1,150928,152074,1,Mycolicibacterium cosmeticum,Bacteria; Bacillati; Actinomycetota; Actinomycetes; Mycobacteriales; Mycobacteriaceae; Mycolicibacterium,0,3_313_KshA15#1,core,0.7774,0,0,0,0,[alpha] > ferredoxin
NZ_POTP01000004.1:199649-200786:1,WP_036403323.1,C1S82_RS11850,,Rieske 2Fe-2S domain-containing protein,3_313_KshA15,3,585.6,0.9415,3.4e-176,NZ_POTP01000004.1,199649,200786,1,Mycolicibacterium cosmeticum,Bacteria; Bacillati; Actinomycetota; Actinomycetes; Mycobacteriales; Mycobacteriaceae; Mycolicibacterium,0,3_313_KshA15#7,core,0.7827,0,0,0,0,[alpha] > reductase
NZ_PSNL01000009.1:71625-72753:-1,WP_011724265.1,CS287_RS01760,,aromatic ring-hydroxylating dioxygenase subunit alpha,3_313_KshA15,3,106.5,0.5903,1.1e-30,NZ_PSNL01000009.1,71625,72753,-1,Mycobacterium avium subsp. hominissuis,Bacteria; Bacillati; Actinomycetota; Actinomycetes; Mycobacteriales; Mycobacteriaceae; Mycobacterium; Mycobacterium avium complex (MAC),0,3_313_KshA15#4,core,0.9161,0,0,0,0,[alpha] > other > other > other > other
NZ_PUEV01000101.1:5644-6778:-1,WP_046285994.1,C5U48_RS19075,,Rieske 2Fe-2S domain-containing protein,3_313_KshA15,3,572.3,0.9313,3.8e-172,NZ_PUEV01000101.1,5644,6778,-1,Mycolicibacter virginiensis,Bacteria; Bacillati; Actinomycetota; Actinomycetes; Mycobacteriales; Mycobacteriaceae; Mycolicibacter,0,3_313_KshA15#12,core,0.727,0,0,0,0,dehydrogenase > other > reductase > hydrolase > regulator > other > other > [alpha]
NZ_PUEV01000103.1:27696-28869:-1,WP_046283394.1,C5U48_RS19800,,Rieske 2Fe-2S domain-containing protein,3_313_KshA15,3,764.0,0.9796,2.3e-230,NZ_PUEV01000103.1,27696,28869,-1,Mycolicibacter virginiensis,Bacteria; Bacillati; Actinomycetota; Actinomycetes; Mycobacteriales; Mycobacteriaceae; Mycolicibacter,0,3_313_KshA15#5,core,0.7604,0,0,0,0,[alpha] > hypothetical
NZ_PSZD01000004.1:134971-136024:-1,WP_064908933.1,C5F51_RS08165,,Rieske 2Fe-2S domain-containing protein,3_313_KshA15,3,105.6,0.8066,2e-30,NZ_PSZD01000004.1,134971,136024,-1,Nocardia nova,Bacteria; Bacillati; Actinomycetota; Actinomycetes; Mycobacteriales; Nocardiaceae; Nocardia,0,3_313_KshA15#0,core,0.8688,0,0,0,0,[alpha] > reductase > reductase
NZ_PSZD01000009.1:258076-259273:-1,WP_063013190.1,C5F51_RS16935,,Rieske 2Fe-2S domain-containing protein,3_313_KshA15,3,553.1,0.944,2.4e-166,NZ_PSZD01000009.1,258076,259273,-1,Nocardia nova,Bacteria; Bacillati; Actinomycetota; Actinomycetes; Mycobacteriales; Nocardiaceae; Nocardia,0,3_313_KshA15#27,core,0.672,0,0,0,0,[alpha] > dehydrogenase > other
NZ_PSZD01000027.1:46821-47964:-1,WP_064910698.1,C5F51_RS30140,,Rieske 2Fe-2S domain-containing protein,3_313_KshA15,3,579.3,0.9466,2.7e-174,NZ_PSZD01000027.1,46821,47964,-1,Nocardia nova,Bacteria; Bacillati; Actinomycetota; Actinomycetes; Mycobacteriales; Nocardiaceae; Nocardia,0,3_313_KshA15#54,core,0.6139,1,0,0,1,[alpha] > hypothetical > reductase > other
NZ_PUEV01000014.1:19822-20833:1,WP_046285398.1,C5U48_RS03230,,aromatic ring-hydroxylating dioxygenase subunit alpha,3_313_KshA15,3,117.7,0.799,4.5e-34,NZ_PUEV01000014.1,19822,20833,1,Mycolicibacter virginiensis,Bacteria; Bacillati; Actinomycetota; Actinomycetes; Mycobacteriales; Mycobacteriaceae; Mycolicibacter,0,3_313_KshA15#2,core,0.8889,0,0,0,0,[alpha] > hydrolase > other
NZ_PUIO01000029.1:76226-77387:1,WP_016882564.1,C5613_RS22895,,Rieske 2Fe-2S domain-containing protein,3_313_KshA15,3,606.8,0.9338,1.2e-182,NZ_PUIO01000029.1,76226,77387,1,Rhodococcus opacus,Bacteria; Bacillati; Actinomycetota; Actinomycetes; Mycobacteriales; Nocardiaceae; Rhodococcus,0,3_313_KshA15#71,core,0.9367,0,0,0,0,[alpha] > dehydrogenase > other
NZ_PTXM01000017.1:154738-155818:1,WP_039350830.1,C5O79_RS23895,,Rieske 2Fe-2S domain-containing protein,3_313_KshA15,3,399.6,0.8753,1.1e-119,NZ_PTXM01000017.1,154738,155818,1,Burkholderia sp. SRS-25,Bacteria; Pseudomonadati; Pseudomonadota; Betaproteobacteria; Burkholderiales; Burkholderiaceae; Burkholderia,0,3_313_KshA15#10,core,0.9712,0,0,0,0,other > reductase > dehydrogenase > dehydrogenase > reductase > other > other > other > transporter > [alpha]
NZ_PXZE01000040.1:14316-15462:-1,WP_036546024.1,C6575_RS15790,,Rieske 2Fe-2S domain-containing protein,3_313_KshA15,3,614.9,0.944,4.3e-185,NZ_PXZE01000040.1,14316,15462,-1,Nocardia seriolae,Bacteria; Bacillati; Actinomycetota; Actinomycetes; Mycobacteriales; Nocardiaceae; Nocardia,0,3_313_KshA15#141,core,0.6071,0,0,0,0,other > [alpha]
NZ_PXZE01000058.1:6490-7687:-1,WP_036551136.1,C6575_RS20170,,Rieske 2Fe-2S domain-containing protein,3_313_KshA15,3,641.3,0.9491,4e-193,NZ_PXZE01000058.1,6490,7687,-1,Nocardia seriolae,Bacteria; Bacillati; Actinomycetota; Actinomycetes; Mycobacteriales; Nocardiaceae; Nocardia,0,3_313_KshA15#11,core,0.7476,0,0,0,0,[alpha]
NZ_PYHS01000014.1:156024-157167:-1,WP_063025448.1,C8259_RS24375,,Rieske 2Fe-2S domain-containing protein,3_313_KshA15,3,579.8,0.9466,1.9e-174,NZ_PYHS01000014.1,156024,157167,-1,Nocardia nova,Bacteria; Bacillati; Actinomycetota; Actinomycetes; Mycobacteriales; Nocardiaceae; Nocardia,0,3_313_KshA15#54,core,0.6171,1,0,0,1,[alpha] > hypothetical > reductase > other
NZ_PYHS01000004.1:348483-349536:-1,WP_063022975.1,C8259_RS10235,,Rieske 2Fe-2S domain-containing protein,3_313_KshA15,3,102.9,0.8117,1.3e-29,NZ_PYHS01000004.1,348483,349536,-1,Nocardia nova,Bacteria; Bacillati; Actinomycetota; Actinomycetes; Mycobacteriales; Nocardiaceae; Nocardia,0,3_313_KshA15#0,core,0.8759,0,0,0,0,[alpha] > reductase > reductase
NZ_PYHS01000013.1:69259-70396:1,WP_063028373.1,C8259_RS22850,,Rieske 2Fe-2S domain-containing protein,3_313_KshA15,3,560.0,0.9567,2e-168,NZ_PYHS01000013.1,69259,70396,1,Nocardia nova,Bacteria; Bacillati; Actinomycetota; Actinomycetes; Mycobacteriales; Nocardiaceae; Nocardia,0,3_313_KshA15#66,core,0.7642,0,0,0,0,dehydrogenase > other > [alpha] > hypothetical
NZ_QAJJ01000008.1:43790-44987:1,WP_019749418.1,DBV08_RS09830,,Rieske 2Fe-2S domain-containing protein,3_313_KshA15,3,626.8,0.9542,1e-188,NZ_QAJJ01000008.1,43790,44987,1,Rhodococcus sp. KBW08,Bacteria; Bacillati; Actinomycetota; Actinomycetes; Mycobacteriales; Nocardiaceae; Rhodococcus,0,3_313_KshA15#74,core,0.7732,0,0,0,0,hypothetical > [alpha] > dehydrogenase > other
NZ_PYHS01000001.1:418895-420116:-1,WP_063026289.1,C8259_RS01945,,Rieske 2Fe-2S domain-containing protein,3_313_KshA15,3,655.6,0.9669,1.9e-197,NZ_PYHS01000001.1,418895,420116,-1,Nocardia nova,Bacteria; Bacillati; Actinomycetota; Actinomycetes; Mycobacteriales; Nocardiaceae; Nocardia,0,3_313_KshA15#11,core,0.8094,0,0,0,0,[alpha] > hypothetical
NZ_PZZC01000001.1:69262-70306:1,WP_107997558.1,DBB31_RS00290,,Rieske 2Fe-2S domain-containing protein,3_313_KshA15,3,102.7,0.8295,1.5e-29,NZ_PZZC01000001.1,69262,70306,1,Burkholderia multivorans,Bacteria; Pseudomonadati; Pseudomonadota; Betaproteobacteria; Burkholderiales; Burkholderiaceae; Burkholderia; Burkholderia cepacia complex,0,3_313_KshA15#119,divergent,0.4198,0,0,0,0,other > [alpha] > other
NZ_QEOM01000008.1:2137-3358:-1,WP_099381396.1,C7458_RS19190,,Rieske 2Fe-2S domain-containing protein,3_313_KshA15,3,617.8,0.9695,5.8e-186,NZ_QEOM01000008.1,2137,3358,-1,Williamsia muralis,Bacteria; Bacillati; Actinomycetota; Actinomycetes; Mycobacteriales; Nocardiaceae; Williamsia,0,3_313_KshA15#13,core,0.8339,0,0,0,0,[alpha] > hypothetical
NZ_QGGZ01000011.1:172734-173913:1,WP_109782147.1,BCL76_RS27865,,Rieske 2Fe-2S domain-containing protein,3_313_KshA15,3,573.2,0.9618,1.9e-172,NZ_QGGZ01000011.1,172734,173913,1,Streptomyces sp. CG 926,Bacteria; Bacillati; Actinomycetota; Actinomycetes; Kitasatosporales; Streptomycetaceae; Streptomyces,0,3_313_KshA15#87,core,0.6104,1,0,0,1,other > dehydrogenase > other > [alpha] > hypothetical > reductase
NZ_QGNK01000001.1:554-1685:-1,WP_114327825.1,DK926_RS00015,,Rieske 2Fe-2S domain-containing protein,3_313_KshA15,3,679.8,0.9491,8.2e-205,NZ_QGNK01000001.1,554,1685,-1,Rhodococcus sp. Eu-32,Bacteria; Bacillati; Actinomycetota; Actinomycetes; Mycobacteriales; Nocardiaceae; Rhodococcus,0,3_313_KshA15#18,core,0.7685,0,0,0,0,[alpha] > hypothetical
NZ_QHKI01000058.1:59296-60445:-1,WP_037254683.1,DMH04_RS42020,,Rieske 2Fe-2S domain-containing protein,3_313_KshA15,3,632.9,0.9415,1.5e-190,NZ_QHKI01000058.1,59296,60445,-1,Kibdelosporangium aridum,Bacteria; Bacillati; Actinomycetota; Actinomycetes; Pseudonocardiales; Pseudonocardiaceae; Kibdelosporangium,0,3_313_KshA15#69,core,0.6439,1,0,0,1,dehydrogenase > [alpha] > hypothetical > reductase > other
NZ_QHHU01000062.1:46360-47497:1,WP_020644999.1,DMA12_RS34780,,Rieske 2Fe-2S domain-containing protein,3_313_KshA15,3,649.6,0.9466,1.2e-195,NZ_QHHU01000062.1,46360,47497,1,Amycolatopsis balhimycina DSM 5908,Bacteria; Bacillati; Actinomycetota; Actinomycetes; Pseudonocardiales; Pseudonocardiaceae; Amycolatopsis,0,3_313_KshA15#18,core,0.8125,1,0,0,1,reductase > [alpha] > hypothetical > reductase > other > other
NZ_QJKF01000003.1:841706-842936:-1,WP_040730367.1,DFR70_RS15285,,Rieske 2Fe-2S domain-containing protein,3_313_KshA15,3,657.4,0.9796,5.1e-198,NZ_QJKF01000003.1,841706,842936,-1,Nocardia tenerifensis,Bacteria; Bacillati; Actinomycetota; Actinomycetes; Mycobacteriales; Nocardiaceae; Nocardia,0,3_313_KshA15#11,core,0.805,0,0,0,0,[alpha] > hypothetical
NZ_QLLS01000007.1:427953-429093:-1,WP_014045581.1,K351_RS20210,,Rieske 2Fe-2S domain-containing protein,3_313_KshA15,3,82.2,0.5522,2.6e-23,NZ_QLLS01000007.1,427953,429093,-1,Streptomyces sp. DpondAA-E10,Bacteria; Bacillati; Actinomycetota; Actinomycetes; Kitasatosporales; Streptomycetaceae; Streptomyces,0,3_313_KshA15#16,core,0.9024,0,0,0,0,[alpha]
NZ_QPKD01000220.1:47070-48255:1,WP_068523044.1,DVB87_RS17235,,Rieske 2Fe-2S domain-containing protein,3_313_KshA15,3,642.5,0.9847,1.8e-193,NZ_QPKD01000220.1,47070,48255,1,Tsukamurella tyrosinosolvens,Bacteria; Bacillati; Actinomycetota; Actinomycetes; Mycobacteriales; Tsukamurellaceae; Tsukamurella,0,3_313_KshA15#92,core,0.6603,1,0,0,1,dehydrogenase > [alpha] > hypothetical > reductase > other
NZ_QNRE01000002.1:171358-172504:-1,WP_067502434.1,DFR74_RS06380,,Rieske 2Fe-2S domain-containing protein,3_313_KshA15,3,602.6,0.9542,2.3e-181,NZ_QNRE01000002.1,171358,172504,-1,Nocardia puris,Bacteria; Bacillati; Actinomycetota; Actinomycetes; Mycobacteriales; Nocardiaceae; Nocardia,0,3_313_KshA15#85,core,0.6435,1,0,0,1,reductase > [alpha] > hypothetical > reductase > other
NZ_QNRE01000011.1:157676-158870:1,WP_067505421.1,DFR74_RS24540,,Rieske 2Fe-2S domain-containing protein,3_313_KshA15,3,657.3,0.9567,5.7e-198,NZ_QNRE01000011.1,157676,158870,1,Nocardia puris,Bacteria; Bacillati; Actinomycetota; Actinomycetes; Mycobacteriales; Nocardiaceae; Nocardia,0,3_313_KshA15#11,core,0.8129,0,0,0,0,[alpha] > hypothetical
NZ_QQAZ01000002.1:248067-249042:1,WP_068015718.1,DFR68_RS05940,,Rieske 2Fe-2S domain-containing protein,3_313_KshA15,3,109.6,0.5751,1.2e-31,NZ_QQAZ01000002.1,248067,249042,1,Nocardia mexicana,Bacteria; Bacillati; Actinomycetota; Actinomycetes; Mycobacteriales; Nocardiaceae; Nocardia,0,3_313_KshA15#0,core,0.6774,0,0,0,0,[alpha] > reductase
NZ_QQAZ01000002.1:437691-438828:-1,WP_068021000.1,DFR68_RS06845,,Rieske 2Fe-2S domain-containing protein,3_313_KshA15,3,567.8,0.9466,8.7e-171,NZ_QQAZ01000002.1,437691,438828,-1,Nocardia mexicana,Bacteria; Bacillati; Actinomycetota; Actinomycetes; Mycobacteriales; Nocardiaceae; Nocardia,0,3_313_KshA15#70,core,0.6218,1,0,0,1,reductase > [alpha] > hypothetical > reductase > other > reductase > dehydrogenase
NZ_QQAZ01000009.1:204949-206164:1,WP_068022473.1,DFR68_RS28170,,Rieske 2Fe-2S domain-containing protein,3_313_KshA15,3,665.4,0.9669,2e-200,NZ_QQAZ01000009.1,204949,206164,1,Nocardia mexicana,Bacteria; Bacillati; Actinomycetota; Actinomycetes; Mycobacteriales; Nocardiaceae; Nocardia,0,3_313_KshA15#11,core,0.8276,0,0,0,0,[alpha] > hypothetical
NZ_QQBC01000005.1:456697-457894:1,WP_067997572.1,DFR76_RS18435,,Rieske 2Fe-2S domain-containing protein,3_313_KshA15,3,666.8,0.9593,7.4e-201,NZ_QQBC01000005.1,456697,457894,1,Nocardia pseudobrasiliensis,Bacteria; Bacillati; Actinomycetota; Actinomycetes; Mycobacteriales; Nocardiaceae; Nocardia,0,3_313_KshA15#11,core,0.8106,0,0,0,0,[alpha] > hypothetical
NZ_QQZI01000007.1:141029-142040:-1,WP_075150263.1,DAH57_RS12445,,aromatic ring-hydroxylating dioxygenase subunit alpha,3_313_KshA15,3,108.7,0.5471,2.3e-31,NZ_QQZI01000007.1,141029,142040,-1,Sphingomonas koreensis,Bacteria; Pseudomonadati; Pseudomonadota; Alphaproteobacteria; Sphingomonadales; Sphingomonadaceae; Sphingomonas,0,3_313_KshA15#33,novel_candidate,0.3893,0,0,0,0,[alpha] > alpha_other
NZ_QTPW01000001.1:263781-264861:-1,WP_057925078.1,DIE15_RS01190,,Rieske 2Fe-2S domain-containing protein,3_313_KshA15,3,400.1,0.8753,7.4e-120,NZ_QTPW01000001.1,263781,264861,-1,Burkholderia sp. Bp9031,Bacteria; Pseudomonadati; Pseudomonadota; Betaproteobacteria; Burkholderiales; Burkholderiaceae; Burkholderia,0,3_313_KshA15#10,core,0.9621,0,0,0,0,other > transporter > [alpha]
NZ_QTSJ01000014.1:104910-105966:1,WP_062885674.1,DF033_RS18000,,Rieske 2Fe-2S domain-containing protein,3_313_KshA15,3,61.9,0.5293,3.8e-17,NZ_QTSJ01000014.1,104910,105966,1,Burkholderia cenocepacia,Bacteria; Pseudomonadati; Pseudomonadota; Betaproteobacteria; Burkholderiales; Burkholderiaceae; Burkholderia; Burkholderia cepacia complex,0,3_313_KshA15#118,divergent,0.425,0,0,0,0,other > other > [alpha] > alpha_other
NZ_QXCJ01000002.1:397976-399134:1,WP_005062729.1,D2E96_RS21495,,Rieske 2Fe-2S domain-containing protein,3_313_KshA15,3,571.6,0.944,6e-172,NZ_QXCJ01000002.1,397976,399134,1,Mycobacteroides abscessus,Bacteria; Bacillati; Actinomycetota; Actinomycetes; Mycobacteriales; Mycobacteriaceae; Mycobacteroides,0,3_313_KshA15#1,core,0.8069,0,0,0,0,[alpha] > hypothetical
NZ_QXCJ01000003.1:115019-116018:-1,WP_005064219.1,D2E96_RS23575,,Rieske 2Fe-2S domain-containing protein,3_313_KshA15,3,121.8,0.6234,2.6e-35,NZ_QXCJ01000003.1,115019,116018,-1,Mycobacteroides abscessus,Bacteria; Bacillati; Actinomycetota; Actinomycetes; Mycobacteriales; Mycobacteriaceae; Mycobacteroides,0,3_313_KshA15#0,core,0.6754,0,0,0,0,[alpha] > reductase > other
NZ_QXCM01000003.1:461475-462633:1,WP_016891815.1,D2E83_RS17875,,Rieske 2Fe-2S domain-containing protein,3_313_KshA15,3,565.0,0.944,6e-170,NZ_QXCM01000003.1,461475,462633,1,Mycobacteroides abscessus,Bacteria; Bacillati; Actinomycetota; Actinomycetes; Mycobacteriales; Mycobacteriaceae; Mycobacteroides,0,3_313_KshA15#1,core,0.8019,0,0,0,0,[alpha] > hypothetical
NZ_RARP01000001.1:627336-628416:-1,WP_039350830.1,D7S92_RS02760,,Rieske 2Fe-2S domain-containing protein,3_313_KshA15,3,399.6,0.8753,1.1e-119,NZ_RARP01000001.1,627336,628416,-1,Burkholderia contaminans,Bacteria; Pseudomonadati; Pseudomonadota; Betaproteobacteria; Burkholderiales; Burkholderiaceae; Burkholderia; Burkholderia cepacia complex,0,3_313_KshA15#10,core,0.9712,0,0,0,0,other > reductase > dehydrogenase > dehydrogenase > reductase > other > other > other > transporter > [alpha]
NZ_RCOP01000003.1:117011-118214:-1,WP_005062288.1,D9R13_RS04725,,Rieske 2Fe-2S domain-containing protein,3_313_KshA15,3,783.8,0.9873,2.2e-236,NZ_RCOP01000003.1,117011,118214,-1,Mycobacteroides abscessus subsp. massiliense,Bacteria; Bacillati; Actinomycetota; Actinomycetes; Mycobacteriales; Mycobacteriaceae; Mycobacteroides; Mycobacteroides abscessus,0,3_313_KshA15#3,core,0.75,0,0,0,0,[alpha] > hypothetical
NZ_RCOP01000016.1:27600-28758:-1,WP_005062729.1,D9R13_RS14970,,Rieske 2Fe-2S domain-containing protein,3_313_KshA15,3,571.6,0.944,6e-172,NZ_RCOP01000016.1,27600,28758,-1,Mycobacteroides abscessus subsp. massiliense,Bacteria; Bacillati; Actinomycetota; Actinomycetes; Mycobacteriales; Mycobacteriaceae; Mycobacteroides; Mycobacteroides abscessus,0,3_313_KshA15#1,core,0.8069,0,0,0,0,[alpha] > hypothetical
NZ_RCOP01000023.1:24333-25332:-1,WP_005064219.1,D9R13_RS18440,,Rieske 2Fe-2S domain-containing protein,3_313_KshA15,3,121.8,0.6234,2.6e-35,NZ_RCOP01000023.1,24333,25332,-1,Mycobacteroides abscessus subsp. massiliense,Bacteria; Bacillati; Actinomycetota; Actinomycetes; Mycobacteriales; Mycobacteriaceae; Mycobacteroides; Mycobacteroides abscessus,0,3_313_KshA15#0,core,0.6754,0,0,0,0,[alpha] > reductase > other
NZ_RHQR01000009.1:119255-120293:-1,WP_125924147.1,EGJ09_RS13730,,Rieske 2Fe-2S domain-containing protein,3_313_KshA15,3,359.2,0.8601,2e-107,NZ_RHQR01000009.1,119255,120293,-1,Pseudomonas sp. p106,Bacteria; Pseudomonadati; Pseudomonadota; Gammaproteobacteria; Pseudomonadales; Pseudomonadaceae; Pseudomonas,0,3_313_KshA15#8,core,0.8416,0,0,0,0,other > transporter > regulator > reductase > reductase > [alpha] > transporter
NZ_RHQL01000002.1:781588-782602:1,WP_125876811.1,EGJ28_RS07630,,Rieske 2Fe-2S domain-containing protein,3_313_KshA15,3,98.5,0.5369,3e-28,NZ_RHQL01000002.1,781588,782602,1,Stutzerimonas xanthomarina,Bacteria; Pseudomonadati; Pseudomonadota; Gammaproteobacteria; Pseudomonadales; Pseudomonadaceae; Stutzerimonas,0,3_313_KshA15#33,novel_candidate,0.3919,0,0,0,0,[alpha] > hypothetical > other
NZ_RRCG01000012.1:60096-61095:1,WP_005085637.1,EIK81_RS17600,,Rieske 2Fe-2S domain-containing protein,3_313_KshA15,3,119.5,0.6234,1.2e-34,NZ_RRCG01000012.1,60096,61095,1,Mycobacteroides abscessus,Bacteria; Bacillati; Actinomycetota; Actinomycetes; Mycobacteriales; Mycobacteriaceae; Mycobacteroides,0,3_313_KshA15#0,core,0.6761,0,0,0,0,[alpha] > reductase > other
NZ_RWKA01000017.1:36086-37250:-1,WP_055117777.1,EJD98_RS24780,,Rieske 2Fe-2S domain-containing protein,3_313_KshA15,3,819.8,0.9746,2.6e-247,NZ_RWKA01000017.1,36086,37250,-1,Mycolicibacterium peregrinum,Bacteria; Bacillati; Actinomycetota; Actinomycetes; Mycobacteriales; Mycobacteriaceae; Mycolicibacterium,0,3_313_KshA15#5,core,0.7726,0,0,0,0,hypothetical > [alpha] > hypothetical
NZ_RWKA01000023.1:50055-51201:-1,WP_055110615.1,EJD98_RS28480,,Rieske 2Fe-2S domain-containing protein,3_313_KshA15,3,577.9,0.9593,7.5e-174,NZ_RWKA01000023.1,50055,51201,-1,Mycolicibacterium peregrinum,Bacteria; Bacillati; Actinomycetota; Actinomycetes; Mycobacteriales; Mycobacteriaceae; Mycolicibacterium,0,3_313_KshA15#44,core,0.7586,0,0,0,0,[alpha] > ferredoxin
NZ_RWKA01000024.1:23890-24922:1,WP_055110683.1,EJD98_RS28895,,Rieske 2Fe-2S domain-containing protein,3_313_KshA15,3,111.3,0.6234,3.9e-32,NZ_RWKA01000024.1,23890,24922,1,Mycolicibacterium peregrinum,Bacteria; Bacillati; Actinomycetota; Actinomycetes; Mycobacteriales; Mycobacteriaceae; Mycolicibacterium,0,3_313_KshA15#0,core,0.8546,0,0,0,0,[alpha] > reductase
NZ_RZAA01000011.1:8487-9525:-1,WP_003446476.1,WG29040_RS18905,,Rieske 2Fe-2S domain-containing protein,3_313_KshA15,3,358.6,0.8626,2.9e-107,NZ_RZAA01000011.1,8487,9525,-1,Pseudomonas sp. PAMC 29040,Bacteria; Pseudomonadati; Pseudomonadota; Gammaproteobacteria; Pseudomonadales; Pseudomonadaceae; Pseudomonas,0,3_313_KshA15#8,core,0.7662,0,0,0,0,[alpha] > transporter > regulator
NZ_SAZC01000002.1:117043-118246:-1,WP_005078023.1,EPJ93_RS03005,,Rieske 2Fe-2S domain-containing protein,3_313_KshA15,3,785.5,0.9873,6.3e-237,NZ_SAZC01000002.1,117043,118246,-1,Mycobacteroides abscessus subsp. abscessus,Bacteria; Bacillati; Actinomycetota; Actinomycetes; Mycobacteriales; Mycobacteriaceae; Mycobacteroides; Mycobacteroides abscessus,0,3_313_KshA15#3,core,0.7554,0,0,0,0,[alpha] > hypothetical
NZ_SAZC01000017.1:90769-91927:1,WP_005086140.1,EPJ93_RS16710,,Rieske 2Fe-2S domain-containing protein,3_313_KshA15,3,569.0,0.944,3.8e-171,NZ_SAZC01000017.1,90769,91927,1,Mycobacteroides abscessus subsp. abscessus,Bacteria; Bacillati; Actinomycetota; Actinomycetes; Mycobacteriales; Mycobacteriaceae; Mycobacteroides; Mycobacteroides abscessus,0,3_313_KshA15#1,core,0.805,0,0,0,0,[alpha] > hypothetical
NZ_SAZC01000023.1:24666-25665:-1,WP_005085637.1,EPJ93_RS19900,,Rieske 2Fe-2S domain-containing protein,3_313_KshA15,3,119.5,0.6234,1.2e-34,NZ_SAZC01000023.1,24666,25665,-1,Mycobacteroides abscessus subsp. abscessus,Bacteria; Bacillati; Actinomycetota; Actinomycetes; Mycobacteriales; Mycobacteriaceae; Mycobacteroides; Mycobacteroides abscessus,0,3_313_KshA15#0,core,0.6761,0,0,0,0,[alpha] > reductase > other
NZ_SAZC01000001.1:384536-385676:1,WP_005080802.1,EPJ93_RS02030,,Rieske 2Fe-2S domain-containing protein,3_313_KshA15,3,586.5,0.9415,1.8e-176,NZ_SAZC01000001.1,384536,385676,1,Mycobacteroides abscessus subsp. abscessus,Bacteria; Bacillati; Actinomycetota; Actinomycetes; Mycobacteriales; Mycobacteriaceae; Mycobacteroides; Mycobacteroides abscessus,0,3_313_KshA15#12,core,0.8254,0,0,0,0,regulator > other > other > [alpha] > other > other
NZ_SDUZ01000022.1:13515-14553:1,WP_016780660.1,EU514_RS19360,,Rieske 2Fe-2S domain-containing protein,3_313_KshA15,3,361.4,0.8601,4.2e-108,NZ_SDUZ01000022.1,13515,14553,1,Pseudomonas fragi,Bacteria; Pseudomonadati; Pseudomonadota; Gammaproteobacteria; Pseudomonadales; Pseudomonadaceae; Pseudomonas,0,3_313_KshA15#8,core,0.8241,0,0,0,0,[alpha] > regulator
NZ_SDLO01000004.1:87572-88706:1,WP_061004219.1,EUA03_RS06085,,Rieske 2Fe-2S domain-containing protein,3_313_KshA15,3,569.5,0.9466,2.6e-171,NZ_SDLO01000004.1,87572,88706,1,Mycolicibacterium mucogenicum,Bacteria; Bacillati; Actinomycetota; Actinomycetes; Mycobacteriales; Mycobacteriaceae; Mycolicibacterium,0,3_313_KshA15#1,core,0.7932,0,0,0,0,[alpha] > ferredoxin > reductase
NZ_SDLO01000006.1:246508-247663:-1,WP_064858523.1,EUA03_RS09935,,Rieske 2Fe-2S domain-containing protein,3_313_KshA15,3,813.0,0.9695,2.9e-245,NZ_SDLO01000006.1,246508,247663,-1,Mycolicibacterium mucogenicum,Bacteria; Bacillati; Actinomycetota; Actinomycetes; Mycobacteriales; Mycobacteriaceae; Mycolicibacterium,0,3_313_KshA15#3,core,0.8182,0,0,0,0,[alpha] > hypothetical
NZ_SDLO01000019.1:68728-69730:1,WP_061009760.1,EUA03_RS20305,,Rieske 2Fe-2S domain-containing protein,3_313_KshA15,3,67.7,0.5369,6.7e-19,NZ_SDLO01000019.1,68728,69730,1,Mycolicibacterium mucogenicum,Bacteria; Bacillati; Actinomycetota; Actinomycetes; Mycobacteriales; Mycobacteriaceae; Mycolicibacterium,0,3_313_KshA15#42,divergent,0.414,0,0,0,0,[alpha] > other > reductase
NZ_SDLP01000009.1:16027-17179:-1,WP_048421804.1,EUA04_RS23275,,Rieske 2Fe-2S domain-containing protein,3_313_KshA15,3,816.3,0.9593,2.9e-246,NZ_SDLP01000009.1,16027,17179,-1,Mycolicibacterium obuense,Bacteria; Bacillati; Actinomycetota; Actinomycetes; Mycobacteriales; Mycobacteriaceae; Mycolicibacterium,0,3_313_KshA15#5,core,0.7925,0,0,0,0,[alpha] > hypothetical
NZ_SDLP01000009.1:31617-32760:-1,WP_133414687.1,EUA04_RS23345,,Rieske 2Fe-2S domain-containing protein,3_313_KshA15,3,593.3,0.944,1.6e-178,NZ_SDLP01000009.1,31617,32760,-1,Mycolicibacterium obuense,Bacteria; Bacillati; Actinomycetota; Actinomycetes; Mycobacteriales; Mycobacteriaceae; Mycolicibacterium,0,3_313_KshA15#5,core,0.8059,0,0,0,0,dehydrogenase > dehydrogenase > reductase > other > reductase > [alpha]
NZ_SDLM01000005.1:323592-324723:-1,WP_240743809.1,EI067_RS11535,,Rieske 2Fe-2S domain-containing protein,3_313_KshA15,3,119.2,0.5674,1.5e-34,NZ_SDLM01000005.1,323592,324723,-1,Mycobacterium paragordonae,Bacteria; Bacillati; Actinomycetota; Actinomycetes; Mycobacteriales; Mycobacteriaceae; Mycobacterium,0,3_313_KshA15#4,core,0.8733,0,0,0,0,[alpha] > other > other > other > other
NZ_SDLM01000005.1:407651-408668:1,WP_065163158.1,EI067_RS11920,,Rieske 2Fe-2S domain-containing protein,3_313_KshA15,3,115.2,0.8015,2.5e-33,NZ_SDLM01000005.1,407651,408668,1,Mycobacterium paragordonae,Bacteria; Bacillati; Actinomycetota; Actinomycetes; Mycobacteriales; Mycobacteriaceae; Mycobacterium,0,3_313_KshA15#2,core,0.8787,0,0,0,0,[alpha] > hydrolase > hydrolase > other > other
NZ_SDLO01000003.1:193731-194877:1,WP_061003518.1,EUA03_RS04915,,Rieske 2Fe-2S domain-containing protein,3_313_KshA15,3,592.1,0.9491,3.6e-178,NZ_SDLO01000003.1,193731,194877,1,Mycolicibacterium mucogenicum,Bacteria; Bacillati; Actinomycetota; Actinomycetes; Mycobacteriales; Mycobacteriaceae; Mycolicibacterium,0,3_313_KshA15#7,core,0.8769,0,0,0,0,other > other > reductase > [alpha]
NZ_SIJM01000022.1:36006-37023:1,WP_011728250.1,EYS45_RS20235,,Rieske 2Fe-2S domain-containing protein,3_313_KshA15,3,100.2,0.799,8.9e-29,NZ_SIJM01000022.1,36006,37023,1,Mycolicibacterium smegmatis MC2 155,Bacteria; Bacillati; Actinomycetota; Actinomycetes; Mycobacteriales; Mycobacteriaceae; Mycolicibacterium,0,3_313_KshA15#2,core,0.7331,0,0,0,0,[alpha] > hydrolase > other
NZ_SIJM01000037.1:38320-39481:1,WP_011728642.1,EYS45_RS28410,,Rieske 2Fe-2S domain-containing protein,3_313_KshA15,3,555.0,0.9338,6.8e-167,NZ_SIJM01000037.1,38320,39481,1,Mycolicibacterium smegmatis MC2 155,Bacteria; Bacillati; Actinomycetota; Actinomycetes; Mycobacteriales; Mycobacteriaceae; Mycolicibacterium,0,3_313_KshA15#1,core,0.7878,0,0,0,0,[alpha] > hypothetical > reductase > reductase
NZ_SIJM01000017.1:137155-138307:-1,WP_003897322.1,EYS45_RS17030,,Rieske 2Fe-2S domain-containing protein,3_313_KshA15,3,822.4,0.9669,4e-248,NZ_SIJM01000017.1,137155,138307,-1,Mycolicibacterium smegmatis MC2 155,Bacteria; Bacillati; Actinomycetota; Actinomycetes; Mycobacteriales; Mycobacteriaceae; Mycolicibacterium,0,3_313_KshA15#3,core,0.8295,0,0,0,0,hypothetical > [alpha] > hypothetical
NZ_SLVY01000008.1:7256-8435:1,WP_054713393.1,EV641_RS14405,,Rieske 2Fe-2S domain-containing protein,3_313_KshA15,3,605.5,0.9466,3e-182,NZ_SLVY01000008.1,7256,8435,1,Rhodococcus sp. SMB37,Bacteria; Bacillati; Actinomycetota; Actinomycetes; Mycobacteriales; Nocardiaceae; Rhodococcus,0,3_313_KshA15#152,core,0.75,0,0,0,0,[alpha] > other > other
NZ_SMCX01000008.1:89323-90547:-1,WP_061227423.1,EDD19_RS07570,,Rieske 2Fe-2S domain-containing protein,3_313_KshA15,3,643.9,0.9593,6.4e-194,NZ_SMCX01000008.1,89323,90547,-1,Dietzia cinnamea,Bacteria; Bacillati; Actinomycetota; Actinomycetes; Mycobacteriales; Dietziaceae; Dietzia,0,3_313_KshA15#90,core,0.6316,1,0,0,1,[alpha] > hypothetical > reductase > hypothetical
NZ_SMFR01000003.1:743484-744513:-1,WP_067453296.1,DFR71_RS22200,,Rieske 2Fe-2S domain-containing protein,3_313_KshA15,3,107.3,0.6565,6.3e-31,NZ_SMFR01000003.1,743484,744513,-1,Nocardia alba,Bacteria; Bacillati; Actinomycetota; Actinomycetes; Mycobacteriales; Nocardiaceae; Nocardia,0,3_313_KshA15#0,core,0.7244,0,0,0,0,[alpha] > reductase
NZ_SMFR01000003.1:749845-751021:-1,WP_067453802.1,DFR71_RS22235,,Rieske 2Fe-2S domain-containing protein,3_313_KshA15,3,588.8,0.944,3.7e-177,NZ_SMFR01000003.1,749845,751021,-1,Nocardia alba,Bacteria; Bacillati; Actinomycetota; Actinomycetes; Mycobacteriales; Nocardiaceae; Nocardia,0,3_313_KshA15#26,core,0.7422,0,0,0,0,[alpha] > dehydrogenase > other
NZ_SOPU01000007.1:29602-30646:1,WP_046054841.1,E3W21_RS05185,,Rieske 2Fe-2S domain-containing protein,3_313_KshA15,3,399.0,0.8753,1.6e-119,NZ_SOPU01000007.1,29602,30646,1,Pseudomonas sp. F01002,Bacteria; Pseudomonadati; Pseudomonadota; Gammaproteobacteria; Pseudomonadales; Pseudomonadaceae; Pseudomonas,0,3_313_KshA15#24,core,0.9288,0,0,0,0,[alpha] > regulator > hydrolase
NZ_SNXK01000002.1:130017-131187:1,WP_067495571.1,DFR75_RS12680,,Rieske 2Fe-2S domain-containing protein,3_313_KshA15,3,646.6,0.944,9.9e-195,NZ_SNXK01000002.1,130017,131187,1,Nocardia ignorata,Bacteria; Bacillati; Actinomycetota; Actinomycetes; Mycobacteriales; Nocardiaceae; Nocardia,0,3_313_KshA15#11,core,0.825,0,0,0,0,[alpha] > hypothetical
NZ_SSGC01000124.1:18807-19923:1,WP_036428495.1,E6Q55_RS29215,,Rieske 2Fe-2S domain-containing protein,3_313_KshA15,3,585.8,0.9338,2.9e-176,NZ_SSGC01000124.1,18807,19923,1,Mycolicibacterium mageritense,Bacteria; Bacillati; Actinomycetota; Actinomycetes; Mycobacteriales; Mycobacteriaceae; Mycolicibacterium,0,3_313_KshA15#7,core,0.9132,0,0,0,0,other > other > reductase > [alpha] > other > other
NZ_SSWN01000010.1:58000-59161:-1,WP_003945847.1,EU244_RS14495,,Rieske 2Fe-2S domain-containing protein,3_313_KshA15,3,683.4,0.9669,6.7e-206,NZ_SSWN01000010.1,58000,59161,-1,Rhodococcus qingshengii,Bacteria; Bacillati; Actinomycetota; Actinomycetes; Mycobacteriales; Nocardiaceae; Rhodococcus; Rhodococcus erythropolis group,0,3_313_KshA15#1,core,0.7429,0,0,0,0,[alpha] > hypothetical
NZ_SSWN01000010.1:143218-144373:-1,WP_136471319.1,EU244_RS14895,,Rieske 2Fe-2S domain-containing protein,3_313_KshA15,3,577.8,0.9491,7.8e-174,NZ_SSWN01000010.1,143218,144373,-1,Rhodococcus qingshengii,Bacteria; Bacillati; Actinomycetota; Actinomycetes; Mycobacteriales; Nocardiaceae; Rhodococcus; Rhodococcus erythropolis group,0,3_313_KshA15#1,core,0.6863,0,0,0,0,reductase > [alpha]
NZ_SSWO01000002.1:552161-553241:1,WP_136469614.1,E9536_RS07635,,Rieske 2Fe-2S domain-containing protein,3_313_KshA15,3,406.2,0.8753,1e-121,NZ_SSWO01000002.1,552161,553241,1,Burkholderia sp. LS-044,Bacteria; Pseudomonadati; Pseudomonadota; Betaproteobacteria; Burkholderiales; Burkholderiaceae; Burkholderia,0,3_313_KshA15#10,core,0.9521,0,0,0,0,other > transporter > [alpha]
NZ_UATA01000017.1:115752-116868:1,WP_172468620.1,DS889_RS20700,,aromatic ring-hydroxylating dioxygenase subunit alpha,3_313_KshA15,3,114.4,0.5929,4.4e-33,NZ_UATA01000017.1,115752,116868,1,Mycobacterium xenopi,Bacteria; Bacillati; Actinomycetota; Actinomycetes; Mycobacteriales; Mycobacteriaceae; Mycobacterium,0,3_313_KshA15#4,core,0.9175,0,0,0,0,[alpha] > other > other > other > other
NZ_UARC01000015.1:265352-266432:-1,WP_006483025.1,DTA18_RS24820,,Rieske 2Fe-2S domain-containing protein,3_313_KshA15,3,393.2,0.8753,9.1e-118,NZ_UARC01000015.1,265352,266432,-1,Burkholderia cenocepacia,Bacteria; Pseudomonadati; Pseudomonadota; Betaproteobacteria; Burkholderiales; Burkholderiaceae; Burkholderia; Burkholderia cepacia complex,0,3_313_KshA15#10,core,0.9335,0,0,0,0,other > transporter > [alpha]
NZ_UARD01000006.1:126268-127348:1,WP_021159445.1,DS944_RS08020,,Rieske 2Fe-2S domain-containing protein,3_313_KshA15,3,406.6,0.8753,7.9e-122,NZ_UARD01000006.1,126268,127348,1,Burkholderia cepacia,Bacteria; Pseudomonadati; Pseudomonadota; Betaproteobacteria; Burkholderiales; Burkholderiaceae; Burkholderia; Burkholderia cepacia complex,0,3_313_KshA15#10,core,0.9228,0,0,0,0,other > transporter > [alpha]
NZ_UAUI01000003.1:34884-36048:-1,WP_037231685.1,DTA22_RS07500,,Rieske 2Fe-2S domain-containing protein,3_313_KshA15,3,604.7,0.9669,5.3e-182,NZ_UAUI01000003.1,34884,36048,-1,Rhodococcus wratislaviensis,Bacteria; Bacillati; Actinomycetota; Actinomycetes; Mycobacteriales; Nocardiaceae; Rhodococcus,0,3_313_KshA15#14,core,0.8746,0,0,0,0,[alpha] > hypothetical > reductase
NZ_UGQQ01000003.1:66172-67186:1,WP_036388443.1,DXZ88_RS28265,,aromatic ring-hydroxylating dioxygenase subunit alpha,3_313_KshA15,3,105.2,0.799,2.7e-30,NZ_UGQQ01000003.1,66172,67186,1,Mycolicibacterium senegalense,Bacteria; Bacillati; Actinomycetota; Actinomycetes; Mycobacteriales; Mycobacteriaceae; Mycolicibacterium,0,3_313_KshA15#2,core,0.7404,0,0,0,0,[alpha] > hydrolase > other
NZ_UGUX01000001.1:2378-3416:1,WP_016499746.1,DYB82_RS00020,,Rieske 2Fe-2S domain-containing protein,3_313_KshA15,3,357.7,0.8601,5.7e-107,NZ_UGUX01000001.1,2378,3416,1,Pseudomonas putida,Bacteria; Pseudomonadati; Pseudomonadota; Gammaproteobacteria; Pseudomonadales; Pseudomonadaceae; Pseudomonas,0,3_313_KshA15#8,core,0.8399,0,0,0,0,regulator > reductase > reductase > [alpha] > transporter > reductase > other
NZ_UAUI01000011.1:519966-521127:-1,WP_112300074.1,DTA22_RS16090,,Rieske 2Fe-2S domain-containing protein,3_313_KshA15,3,605.4,0.9338,3.2e-182,NZ_UAUI01000011.1,519966,521127,-1,Rhodococcus wratislaviensis,Bacteria; Bacillati; Actinomycetota; Actinomycetes; Mycobacteriales; Nocardiaceae; Rhodococcus,0,3_313_KshA15#71,core,0.9367,0,0,0,0,[alpha] > dehydrogenase > other
NZ_UAUI01000026.1:54131-55316:1,WP_112301954.1,DTA22_RS30730,,Rieske 2Fe-2S domain-containing protein,3_313_KshA15,3,694.8,0.9644,2.3e-209,NZ_UAUI01000026.1,54131,55316,1,Rhodococcus wratislaviensis,Bacteria; Bacillati; Actinomycetota; Actinomycetes; Mycobacteriales; Nocardiaceae; Rhodococcus,0,3_313_KshA15#19,core,0.8013,0,0,0,0,[alpha] > hypothetical > other
NZ_UPHJ01000038.1:36896-37928:1,WP_023372466.1,EES74_RS11540,,Rieske 2Fe-2S domain-containing protein,3_313_KshA15,3,97.6,0.6234,5.5e-28,NZ_UPHJ01000038.1,36896,37928,1,Mycobacterium kansasii,Bacteria; Bacillati; Actinomycetota; Actinomycetes; Mycobacteriales; Mycobacteriaceae; Mycobacterium,0,3_313_KshA15#0,core,0.8351,1,0,0,1,other > hydrolase > reductase > [alpha] > reductase
NZ_UPHJ01000092.1:115192-116320:-1,WP_036392905.1,EES74_RS21250,,aromatic ring-hydroxylating dioxygenase subunit alpha,3_313_KshA15,3,113.1,0.542,1.1e-32,NZ_UPHJ01000092.1,115192,116320,-1,Mycobacterium kansasii,Bacteria; Bacillati; Actinomycetota; Actinomycetes; Mycobacteriales; Mycobacteriaceae; Mycobacterium,0,3_313_KshA15#4,core,0.8454,0,0,0,0,[alpha] > other > other > other > other
NZ_UPHJ01000125.1:13836-14997:1,WP_023368378.1,EES74_RS27210,,Rieske 2Fe-2S domain-containing protein,3_313_KshA15,3,817.7,0.9644,1e-246,NZ_UPHJ01000125.1,13836,14997,1,Mycobacterium kansasii,Bacteria; Bacillati; Actinomycetota; Actinomycetes; Mycobacteriales; Mycobacteriaceae; Mycobacterium,0,3_313_KshA15#5,core,0.8608,0,0,0,0,[alpha] > hypothetical
NZ_UPHQ01000254.1:827-1988:1,WP_075541885.1,EET03_RS24445,,Rieske 2Fe-2S domain-containing protein,3_313_KshA15,3,816.7,0.9593,2.1e-246,NZ_UPHQ01000254.1,827,1988,1,Mycobacterium innocens,Bacteria; Bacillati; Actinomycetota; Actinomycetes; Mycobacteriales; Mycobacteriaceae; Mycobacterium,0,3_313_KshA15#3,core,0.8594,0,0,0,0,[alpha] > hypothetical
NZ_UPHM01000037.1:32203-33235:1,WP_075548978.1,EES90_RS08885,,Rieske 2Fe-2S domain-containing protein,3_313_KshA15,3,100.9,0.6285,5.4e-29,NZ_UPHM01000037.1,32203,33235,1,Mycobacterium persicum,Bacteria; Bacillati; Actinomycetota; Actinomycetes; Mycobacteriales; Mycobacteriaceae; Mycobacterium,0,3_313_KshA15#0,core,0.8421,0,0,0,0,other > other > other > other > hydrolase > reductase > [alpha] > reductase
NZ_UPHM01000100.1:140046-141174:-1,WP_075512878.1,EES90_RS18565,,aromatic ring-hydroxylating dioxygenase subunit alpha,3_313_KshA15,3,116.1,0.5547,1.3e-33,NZ_UPHM01000100.1,140046,141174,-1,Mycobacterium persicum,Bacteria; Bacillati; Actinomycetota; Actinomycetes; Mycobacteriales; Mycobacteriaceae; Mycobacterium,0,3_313_KshA15#4,core,0.869,0,0,0,0,[alpha] > other > other > other > other
NZ_UPHM01000132.1:15016-16177:1,WP_075549394.1,EES90_RS24750,,Rieske 2Fe-2S domain-containing protein,3_313_KshA15,3,819.4,0.9567,3.2e-247,NZ_UPHM01000132.1,15016,16177,1,Mycobacterium persicum,Bacteria; Bacillati; Actinomycetota; Actinomycetes; Mycobacteriales; Mycobacteriaceae; Mycobacterium,0,3_313_KshA15#3,core,0.8667,0,0,0,0,[alpha] > hypothetical
NZ_UPHQ01000074.1:10199-11222:1,WP_063469566.1,EET03_RS08965,,Rieske 2Fe-2S domain-containing protein,3_313_KshA15,3,98.4,0.6285,3.1e-28,NZ_UPHQ01000074.1,10199,11222,1,Mycobacterium innocens,Bacteria; Bacillati; Actinomycetota; Actinomycetes; Mycobacteriales; Mycobacteriaceae; Mycobacterium,0,3_313_KshA15#0,core,0.8667,1,0,0,1,other > hydrolase > reductase > [alpha] > reductase
NZ_VASI01000010.1:30105-31131:1,WP_083017399.1,FDO67_RS15840,,Rieske 2Fe-2S domain-containing protein,3_313_KshA15,3,111.0,0.6209,4.6e-32,NZ_VASI01000010.1,30105,31131,1,Mycobacterium marseillense,Bacteria; Bacillati; Actinomycetota; Actinomycetes; Mycobacteriales; Mycobacteriaceae; Mycobacterium; Mycobacterium avium complex (MAC),0,3_313_KshA15#0,core,0.9149,0,0,0,0,[alpha] > reductase
NZ_VBUS01000003.1:4992-6171:1,WP_019044731.1,FEK33_RS17565,,Rieske 2Fe-2S domain-containing protein,3_313_KshA15,3,644.1,0.9491,5.8e-194,NZ_VBUS01000003.1,4992,6171,1,Nocardia asteroides NBRC 15531,Bacteria; Bacillati; Actinomycetota; Actinomycetes; Mycobacteriales; Nocardiaceae; Nocardia,0,3_313_KshA15#11,core,0.7857,0,0,0,0,[alpha] > hypothetical
NZ_VCCM02000003.1:32333-33368:-1,WP_231999328.1,FCE86_RS29220,,Rieske 2Fe-2S domain-containing protein,3_313_KshA15,3,88.5,0.5267,3.3e-25,NZ_VCCM02000003.1,32333,33368,-1,Pseudomonas sp. ATCC 13985,Bacteria; Pseudomonadati; Pseudomonadota; Gammaproteobacteria; Pseudomonadales; Pseudomonadaceae; Pseudomonas,0,3_313_KshA15#23,novel_candidate,0.3719,0,0,0,0,other > other > other > other > [alpha] > reductase > other
NZ_VEFT01000002.1:18569-19730:-1,WP_005515610.1,FS829_RS09830,,Rieske 2Fe-2S domain-containing protein,3_313_KshA15,3,718.7,0.9644,1.3e-216,NZ_VEFT01000002.1,18569,19730,-1,Prescottella equi 103S,Bacteria; Bacillati; Actinomycetota; Actinomycetes; Mycobacteriales; Nocardiaceae; Prescottella,0,3_313_KshA15#28,core,0.9591,0,0,0,0,[alpha] > hypothetical
NZ_VEFT01000002.1:266675-267836:1,WP_064078525.1,FS829_RS10925,,Rieske 2Fe-2S domain-containing protein,3_313_KshA15,3,578.2,0.9415,6.1e-174,NZ_VEFT01000002.1,266675,267836,1,Prescottella equi 103S,Bacteria; Bacillati; Actinomycetota; Actinomycetes; Mycobacteriales; Nocardiaceae; Prescottella,0,3_313_KshA15#72,core,0.6095,0,0,0,0,reductase > hypothetical > [alpha]
NZ_VDTB01000003.1:18604-19765:-1,WP_005515610.1,FS672_RS11385,,Rieske 2Fe-2S domain-containing protein,3_313_KshA15,3,718.7,0.9644,1.3e-216,NZ_VDTB01000003.1,18604,19765,-1,Prescottella equi 103S,Bacteria; Bacillati; Actinomycetota; Actinomycetes; Mycobacteriales; Nocardiaceae; Prescottella,0,3_313_KshA15#28,core,0.9591,0,0,0,0,[alpha] > hypothetical
NZ_VDTB01000003.1:274947-276108:1,WP_005515199.1,FS672_RS12520,,Rieske 2Fe-2S domain-containing protein,3_313_KshA15,3,577.7,0.9415,8.2e-174,NZ_VDTB01000003.1,274947,276108,1,Prescottella equi 103S,Bacteria; Bacillati; Actinomycetota; Actinomycetes; Mycobacteriales; Nocardiaceae; Prescottella,0,3_313_KshA15#72,core,0.6095,0,0,0,0,reductase > hypothetical > [alpha]
NZ_VEXL01000043.1:12055-13279:-1,WP_064906844.1,FHY52_RS06820,,Rieske 2Fe-2S domain-containing protein,3_313_KshA15,3,656.5,0.972,1e-197,NZ_VEXL01000043.1,12055,13279,-1,Nocardia nova,Bacteria; Bacillati; Actinomycetota; Actinomycetes; Mycobacteriales; Nocardiaceae; Nocardia,0,3_313_KshA15#11,core,0.8094,0,0,0,0,[alpha] > hypothetical
NZ_VHPZ01000056.1:30089-31253:-1,WP_003879780.1,FKW78_RS21870,,Rieske 2Fe-2S domain-containing protein,3_313_KshA15,3,822.9,0.9746,2.9e-248,NZ_VHPZ01000056.1,30089,31253,-1,Mycolicibacterium fortuitum,Bacteria; Bacillati; Actinomycetota; Actinomycetes; Mycobacteriales; Mycobacteriaceae; Mycolicibacterium,0,3_313_KshA15#5,core,0.7875,0,0,0,0,hypothetical > [alpha] > hypothetical
NZ_VHPZ01000061.1:25028-26159:-1,WP_061262735.1,FKW78_RS23050,,Rieske 2Fe-2S domain-containing protein,3_313_KshA15,3,585.8,0.9466,2.9e-176,NZ_VHPZ01000061.1,25028,26159,-1,Mycolicibacterium fortuitum,Bacteria; Bacillati; Actinomycetota; Actinomycetes; Mycobacteriales; Mycobacteriaceae; Mycolicibacterium,0,3_313_KshA15#7,core,0.8746,0,0,0,0,other > other > reductase > [alpha] > other > other
NZ_VHPZ01000009.1:63755-64901:-1,WP_003883122.1,FKW78_RS06795,,Rieske 2Fe-2S domain-containing protein,3_313_KshA15,3,582.0,0.9542,4.1e-175,NZ_VHPZ01000009.1,63755,64901,-1,Mycolicibacterium fortuitum,Bacteria; Bacillati; Actinomycetota; Actinomycetes; Mycobacteriales; Mycobacteriaceae; Mycolicibacterium,0,3_313_KshA15#1,core,0.7714,0,0,0,0,[alpha] > hypothetical
NZ_VIUS01000003.1:254261-255263:-1,WP_013689027.1,FBX98_RS07200,,Rieske 2Fe-2S domain-containing protein,3_313_KshA15,3,134.2,0.5547,4.3e-39,NZ_VIUS01000003.1,254261,255263,-1,Burkholderia sp. SJZ115,Bacteria; Pseudomonadati; Pseudomonadota; Betaproteobacteria; Burkholderiales; Burkholderiaceae; Burkholderia,0,3_313_KshA15#41,divergent,0.4024,0,0,0,0,other > other > other > other > other > regulator > [alpha]
NZ_VJSI01000020.1:36147-37176:-1,WP_012218294.1,FEP83_RS19650,,aromatic ring-hydroxylating dioxygenase subunit alpha,3_313_KshA15,3,86.1,0.5165,1.7e-24,NZ_VJSI01000020.1,36147,37176,-1,Burkholderia multivorans,Bacteria; Pseudomonadati; Pseudomonadota; Betaproteobacteria; Burkholderiales; Burkholderiaceae; Burkholderia; Burkholderia cepacia complex,0,3_313_KshA15#23,divergent,0.4311,0,0,0,0,alpha_other > other > other > [alpha]
NZ_VJSI01000020.1:40161-41187:-1,WP_012218291.1,FEP83_RS19665,,Rieske 2Fe-2S domain-containing protein,3_313_KshA15,3,97.4,0.5242,6.5e-28,NZ_VJSI01000020.1,40161,41187,-1,Burkholderia multivorans,Bacteria; Pseudomonadati; Pseudomonadota; Betaproteobacteria; Burkholderiales; Burkholderiaceae; Burkholderia; Burkholderia cepacia complex,0,3_313_KshA15#23,divergent,0.4472,0,0,0,0,[alpha] > other > other > alpha_other
NZ_VLJQ01000063.1:48806-49955:1,WP_028654093.1,L615_RS08740,,Rieske 2Fe-2S domain-containing protein,3_313_KshA15,3,579.0,0.9466,3.5e-174,NZ_VLJQ01000063.1,48806,49955,1,Nocardioides sp. J9,Bacteria; Bacillati; Actinomycetota; Actinomycetes; Propionibacteriales; Nocardioidaceae; Nocardioides,0,3_313_KshA15#25,core,0.589,1,0,0,1,[alpha] > hypothetical > reductase > other
NZ_VLJT01000050.1:60461-61610:-1,WP_145692936.1,L618_RS22930,,Rieske 2Fe-2S domain-containing protein,3_313_KshA15,3,676.1,0.9618,1.1e-203,NZ_VLJT01000050.1,60461,61610,-1,Rhodococcus rhodochrous J45,Bacteria; Bacillati; Actinomycetota; Actinomycetes; Mycobacteriales; Nocardiaceae; Rhodococcus,0,3_313_KshA15#19,core,0.7492,0,0,0,0,[alpha] > hypothetical
NZ_VLJT01000050.1:105828-107010:1,WP_016694695.1,L618_RS23150,,Rieske 2Fe-2S domain-containing protein,3_313_KshA15,3,599.7,0.9593,1.8e-180,NZ_VLJT01000050.1,105828,107010,1,Rhodococcus rhodochrous J45,Bacteria; Bacillati; Actinomycetota; Actinomycetes; Mycobacteriales; Nocardiaceae; Rhodococcus,0,3_313_KshA15#14,core,0.877,0,0,0,0,[alpha] > hypothetical > reductase
NZ_VLKK01000002.1:93801-94812:1,WP_199739900.1,IQ35_RS02860,,Rieske 2Fe-2S domain-containing protein,3_313_KshA15,3,104.5,0.5445,4.4e-30,NZ_VLKK01000002.1,93801,94812,1,Sphingobium wenxiniae,Bacteria; Pseudomonadati; Pseudomonadota; Alphaproteobacteria; Sphingomonadales; Sphingomonadaceae; Sphingobium,0,3_313_KshA15#33,novel_candidate,0.344,0,0,0,0,[alpha] > reductase > hypothetical > hydrolase
NZ_VNFN01000001.1:205747-206887:1,WP_144977090.1,FPV58_RS01035,,Rieske 2Fe-2S domain-containing protein,3_313_KshA15,3,569.1,0.944,3.5e-171,NZ_VNFN01000001.1,205747,206887,1,Mycolicibacterium porcinum,Bacteria; Bacillati; Actinomycetota; Actinomycetes; Mycobacteriales; Mycobacteriaceae; Mycolicibacterium,0,3_313_KshA15#1,core,0.7975,0,0,0,0,hypothetical > other > other > hypothetical > [alpha] > ferredoxin > regulator
NZ_VNFN01000001.1:488266-489376:1,WP_036440301.1,FPV58_RS02440,,Rieske 2Fe-2S domain-containing protein,3_313_KshA15,3,587.0,0.9364,1.3e-176,NZ_VNFN01000001.1,488266,489376,1,Mycolicibacterium porcinum,Bacteria; Bacillati; Actinomycetota; Actinomycetes; Mycobacteriales; Mycobacteriaceae; Mycolicibacterium,0,3_313_KshA15#7,core,0.8357,0,0,0,0,other > other > reductase > [alpha] > other > other > other > dehydrogenase > other > other > other > transporter
NZ_VNFN01000001.1:835202-836216:-1,WP_144977811.1,FPV58_RS04110,,Rieske 2Fe-2S domain-containing protein,3_313_KshA15,3,101.9,0.8015,2.8e-29,NZ_VNFN01000001.1,835202,836216,-1,Mycolicibacterium porcinum,Bacteria; Bacillati; Actinomycetota; Actinomycetes; Mycobacteriales; Mycobacteriaceae; Mycolicibacterium,0,3_313_KshA15#2,core,0.7491,0,0,0,0,[alpha] > hydrolase > other
NZ_VNFN01000002.1:217863-218895:-1,WP_065512612.1,FPV58_RS05175,,Rieske 2Fe-2S domain-containing protein,3_313_KshA15,3,108.0,0.631,4e-31,NZ_VNFN01000002.1,217863,218895,-1,Mycolicibacterium porcinum,Bacteria; Bacillati; Actinomycetota; Actinomycetes; Mycobacteriales; Mycobacteriaceae; Mycolicibacterium,0,3_313_KshA15#0,core,0.8021,0,0,0,0,[alpha] > reductase
NZ_VNFN01000002.1:290056-291202:1,WP_036447372.1,FPV58_RS05555,,Rieske 2Fe-2S domain-containing protein,3_313_KshA15,3,585.8,0.9542,2.8e-176,NZ_VNFN01000002.1,290056,291202,1,Mycolicibacterium porcinum,Bacteria; Bacillati; Actinomycetota; Actinomycetes; Mycobacteriales; Mycobacteriaceae; Mycolicibacterium,0,3_313_KshA15#1,core,0.8019,0,0,0,0,[alpha] > hypothetical
NZ_VSFG01000003.1:97400-98555:-1,WP_067896683.1,FXF69_RS17750,,Rieske 2Fe-2S domain-containing protein,3_313_KshA15,3,552.1,0.9567,5e-166,NZ_VSFG01000003.1,97400,98555,-1,Actinomadura chibensis,Bacteria; Bacillati; Actinomycetota; Actinomycetes; Streptosporangiales; Thermomonosporaceae; Actinomadura,0,3_313_KshA15#1,core,0.6364,0,0,0,0,[alpha] > ferredoxin > reductase > reductase
NZ_VUJZ01000013.1:42263-43427:1,WP_046191020.1,F0402_RS07075,,Rieske 2Fe-2S domain-containing protein,3_313_KshA15,3,761.8,0.9771,1e-229,NZ_VUJZ01000013.1,42263,43427,1,Mycolicibacter arupensis,Bacteria; Bacillati; Actinomycetota; Actinomycetes; Mycobacteriales; Mycobacteriaceae; Mycolicibacter,0,3_313_KshA15#5,core,0.7651,0,0,0,0,[alpha] > hypothetical
NZ_VUJZ01000019.1:40727-41762:-1,WP_046190333.1,F0402_RS08875,,Rieske 2Fe-2S domain-containing protein,3_313_KshA15,3,104.2,0.6234,5.4e-30,NZ_VUJZ01000019.1,40727,41762,-1,Mycolicibacter arupensis,Bacteria; Bacillati; Actinomycetota; Actinomycetes; Mycobacteriales; Mycobacteriaceae; Mycolicibacter,0,3_313_KshA15#0,core,0.8551,0,0,0,0,[alpha] > reductase
NZ_VZOL01000716.1:1338-2418:-1,WP_059507495.1,F7R13_RS29205,,Rieske 2Fe-2S domain-containing protein,3_313_KshA15,3,402.5,0.8753,1.3e-120,NZ_VZOL01000716.1,1338,2418,-1,Burkholderia territorii,Bacteria; Pseudomonadati; Pseudomonadota; Betaproteobacteria; Burkholderiales; Burkholderiaceae; Burkholderia; Burkholderia cepacia complex,0,3_313_KshA15#10,core,0.9462,0,0,0,0,[alpha]
NZ_VZOV01000018.1:55541-56522:1,WP_053822914.1,F7Q96_RS19415,,Rieske 2Fe-2S domain-containing protein,3_313_KshA15,3,135.7,0.542,1.5e-39,NZ_VZOV01000018.1,55541,56522,1,Cupriavidus gilardii,Bacteria; Pseudomonadati; Pseudomonadota; Betaproteobacteria; Burkholderiales; Burkholderiaceae; Cupriavidus,0,3_313_KshA15#88,novel_candidate,0.3478,0,0,0,0,[alpha] > hydrolase > other > reductase
NZ_VZPV01000003.1:446275-447232:-1,WP_021197697.1,F7R11_RS24125,,Rieske 2Fe-2S domain-containing protein,3_313_KshA15,3,188.6,0.8092,1.3e-55,NZ_VZPV01000003.1,446275,447232,-1,Ralstonia insidiosa,Bacteria; Pseudomonadati; Pseudomonadota; Betaproteobacteria; Burkholderiales; Burkholderiaceae; Ralstonia,0,3_313_KshA15#63,novel_candidate,0.3233,0,0,0,0,[alpha]
NZ_VZPV01000003.1:467163-468240:1,WP_021197678.1,F7R11_RS24220,,Rieske 2Fe-2S domain-containing protein,3_313_KshA15,3,404.1,0.8728,4.6e-121,NZ_VZPV01000003.1,467163,468240,1,Ralstonia insidiosa,Bacteria; Pseudomonadati; Pseudomonadota; Betaproteobacteria; Burkholderiales; Burkholderiaceae; Ralstonia,0,3_313_KshA15#10,core,0.6779,0,0,0,0,[alpha] > reductase > reductase > reductase
NZ_WEHD01000011.1:50553-51681:-1,WP_003873116.1,GBP75_RS12270,,aromatic ring-hydroxylating dioxygenase subunit alpha,3_313_KshA15,3,106.0,0.8092,1.5e-30,NZ_WEHD01000011.1,50553,51681,-1,Mycobacterium avium subsp. hominissuis,Bacteria; Bacillati; Actinomycetota; Actinomycetes; Mycobacteriales; Mycobacteriaceae; Mycobacterium; Mycobacterium avium complex (MAC),0,3_313_KshA15#4,core,0.9123,0,0,0,0,[alpha] > other > other > other > other
NZ_WEHD01000011.1:92154-93168:1,WP_009975808.1,GBP75_RS12450,,Rieske 2Fe-2S domain-containing protein,3_313_KshA15,3,111.9,0.799,2.5e-32,NZ_WEHD01000011.1,92154,93168,1,Mycobacterium avium subsp. hominissuis,Bacteria; Bacillati; Actinomycetota; Actinomycetes; Mycobacteriales; Mycobacteriaceae; Mycobacterium; Mycobacterium avium complex (MAC),0,3_313_KshA15#2,core,0.8873,0,0,0,0,[alpha] > hydrolase > hydrolase > other > reductase > other > other > other
NZ_WEHH01000013.1:98184-99297:1,WP_062887818.1,GBP88_RS16550,,Rieske 2Fe-2S domain-containing protein,3_313_KshA15,3,581.7,0.9389,5.1e-175,NZ_WEHH01000013.1,98184,99297,1,Mycobacterium avium subsp. hominissuis,Bacteria; Bacillati; Actinomycetota; Actinomycetes; Mycobacteriales; Mycobacteriaceae; Mycobacterium; Mycobacterium avium complex (MAC),0,3_313_KshA15#9,core,0.8885,0,0,0,0,[alpha] > ferredoxin > reductase
NZ_WEHK01000031.1:13091-14087:-1,WP_031344996.1,GBP92_RS22330,,Rieske 2Fe-2S domain-containing protein,3_313_KshA15,3,100.9,0.6285,5.5e-29,NZ_WEHK01000031.1,13091,14087,-1,Mycobacterium avium subsp. hominissuis,Bacteria; Bacillati; Actinomycetota; Actinomycetes; Mycobacteriales; Mycobacteriaceae; Mycobacterium; Mycobacterium avium complex (MAC),0,3_313_KshA15#0,core,0.9293,0,0,0,0,[alpha] > reductase
NZ_WEHL01000002.1:58379-59492:-1,WP_009977174.1,GBP98_RS01895,,Rieske 2Fe-2S domain-containing protein,3_313_KshA15,3,579.3,0.9389,2.7e-174,NZ_WEHL01000002.1,58379,59492,-1,Mycobacterium avium subsp. hominissuis,Bacteria; Bacillati; Actinomycetota; Actinomycetes; Mycobacteriales; Mycobacteriaceae; Mycobacterium; Mycobacterium avium complex (MAC),0,3_313_KshA15#9,core,0.891,0,0,0,0,[alpha] > hypothetical > reductase
NZ_WIDN01000018.1:55419-56616:-1,WP_020906621.1,GEO20_RS01200,,Rieske 2Fe-2S domain-containing protein,3_313_KshA15,3,625.7,0.9567,2.2e-188,NZ_WIDN01000018.1,55419,56616,-1,Rhodococcus erythropolis,Bacteria; Bacillati; Actinomycetota; Actinomycetes; Mycobacteriales; Nocardiaceae; Rhodococcus; Rhodococcus erythropolis group,0,3_313_KshA15#74,core,0.77,0,0,0,0,hypothetical > [alpha] > dehydrogenase > other
NZ_WEHQ01000004.1:55339-56467:-1,WP_011724265.1,GBQ42_RS06810,,aromatic ring-hydroxylating dioxygenase subunit alpha,3_313_KshA15,3,106.5,0.5903,1.1e-30,NZ_WEHQ01000004.1,55339,56467,-1,Mycobacterium avium subsp. hominissuis,Bacteria; Bacillati; Actinomycetota; Actinomycetes; Mycobacteriales; Mycobacteriaceae; Mycobacterium; Mycobacterium avium complex (MAC),0,3_313_KshA15#4,core,0.9161,0,0,0,0,[alpha] > other > other > other > other
NZ_WEHQ01000004.1:93884-94898:1,WP_011724245.1,GBQ42_RS06980,,Rieske 2Fe-2S domain-containing protein,3_313_KshA15,3,111.9,0.799,2.5e-32,NZ_WEHQ01000004.1,93884,94898,1,Mycobacterium avium subsp. hominissuis,Bacteria; Bacillati; Actinomycetota; Actinomycetes; Mycobacteriales; Mycobacteriaceae; Mycobacterium; Mycobacterium avium complex (MAC),0,3_313_KshA15#2,core,0.8908,0,0,0,0,[alpha] > hydrolase > hydrolase > other > reductase > other > other > other
NZ_WEHQ01000014.1:70900-72058:-1,WP_009974810.1,GBQ42_RS14750,,Rieske 2Fe-2S domain-containing protein,3_313_KshA15,3,839.1,0.9669,3.5e-253,NZ_WEHQ01000014.1,70900,72058,-1,Mycobacterium avium subsp. hominissuis,Bacteria; Bacillati; Actinomycetota; Actinomycetes; Mycobacteriales; Mycobacteriaceae; Mycobacterium; Mycobacterium avium complex (MAC),0,3_313_KshA15#3,core,0.9265,0,0,0,0,[alpha] > hypothetical
NZ_WIDN01000121.1:137732-138893:-1,WP_003945847.1,GEO20_RS30415,,Rieske 2Fe-2S domain-containing protein,3_313_KshA15,3,683.4,0.9669,6.7e-206,NZ_WIDN01000121.1,137732,138893,-1,Rhodococcus erythropolis,Bacteria; Bacillati; Actinomycetota; Actinomycetes; Mycobacteriales; Nocardiaceae; Rhodococcus; Rhodococcus erythropolis group,0,3_313_KshA15#1,core,0.7429,0,0,0,0,[alpha] > hypothetical
NZ_WIDN01000121.1:222990-224100:-1,WP_153213564.1,GEO20_RS30810,,Rieske 2Fe-2S domain-containing protein,3_313_KshA15,3,566.0,0.9288,2.9e-170,NZ_WIDN01000121.1,222990,224100,-1,Rhodococcus erythropolis,Bacteria; Bacillati; Actinomycetota; Actinomycetes; Mycobacteriales; Nocardiaceae; Rhodococcus; Rhodococcus erythropolis group,0,3_313_KshA15#1,core,0.707,0,0,0,0,[alpha]
NZ_WIWA01000021.1:8140-9181:-1,WP_048387576.1,GHO33_RS09625,,Rieske 2Fe-2S domain-containing protein,3_313_KshA15,3,367.2,0.8702,7.2e-110,NZ_WIWA01000021.1,8140,9181,-1,Pseudomonas helleri,Bacteria; Pseudomonadati; Pseudomonadota; Gammaproteobacteria; Pseudomonadales; Pseudomonadaceae; Pseudomonas,0,3_313_KshA15#8,core,0.8684,0,0,0,0,[alpha]
NZ_WIWB01000005.1:73630-74671:1,WP_048387576.1,GHO34_RS06530,,Rieske 2Fe-2S domain-containing protein,3_313_KshA15,3,367.2,0.8702,7.2e-110,NZ_WIWB01000005.1,73630,74671,1,Pseudomonas sp. FSL R10-2245,Bacteria; Pseudomonadati; Pseudomonadota; Gammaproteobacteria; Pseudomonadales; Pseudomonadaceae; Pseudomonas,0,3_313_KshA15#8,core,0.8684,0,0,0,0,[alpha]
NZ_WMKH01000049.1:43646-44885:1,WP_033085617.1,GL303_RS05915,,Rieske 2Fe-2S domain-containing protein,3_313_KshA15,3,659.5,0.9644,1.2e-198,NZ_WMKH01000049.1,43646,44885,1,Nocardia seriolae,Bacteria; Bacillati; Actinomycetota; Actinomycetes; Mycobacteriales; Nocardiaceae; Nocardia,0,3_313_KshA15#11,core,0.7699,0,0,0,0,[alpha] > hypothetical
NZ_WMCB01000451.1:1485-2553:1,WP_003959196.1,JA129_RS20325,,Rieske 2Fe-2S domain-containing protein,3_313_KshA15,3,73.3,0.5216,1.3e-20,NZ_WMCB01000451.1,1485,2553,1,Streptomyces clavuligerus,Bacteria; Bacillati; Actinomycetota; Actinomycetes; Kitasatosporales; Streptomycetaceae; Streptomyces,0,3_313_KshA15#16,core,0.828,0,0,0,0,[alpha]
NZ_WMKH01000332.1:3683-4871:1,WP_033091614.1,GL303_RS36080,,Rieske 2Fe-2S domain-containing protein,3_313_KshA15,3,639.8,0.944,1.1e-192,NZ_WMKH01000332.1,3683,4871,1,Nocardia seriolae,Bacteria; Bacillati; Actinomycetota; Actinomycetes; Mycobacteriales; Nocardiaceae; Nocardia,0,3_313_KshA15#11,core,0.7702,0,0,0,0,[alpha]
NZ_WNDV01000001.1:516444-517524:-1,WP_011355052.1,GAK33_RS02235,,Rieske 2Fe-2S domain-containing protein,3_313_KshA15,3,400.8,0.8753,4.4e-120,NZ_WNDV01000001.1,516444,517524,-1,Burkholderia lata,Bacteria; Pseudomonadati; Pseudomonadota; Betaproteobacteria; Burkholderiales; Burkholderiaceae; Burkholderia; Burkholderia cepacia complex,0,3_313_KshA15#10,core,0.9713,0,0,0,0,other > reductase > dehydrogenase > dehydrogenase > reductase > other > other > other > transporter > [alpha]
NZ_WUJD01000059.1:11186-12347:1,WP_003419211.1,GQD96_RS18790,kshA,3-ketosteroid-9-alpha-hydroxylase subunit KshA,3_313_KshA15,3,827.8,0.9669,9.4e-250,NZ_WUJD01000059.1,11186,12347,1,Mycobacterium tuberculosis,Bacteria; Bacillati; Actinomycetota; Actinomycetes; Mycobacteriales; Mycobacteriaceae; Mycobacterium; Mycobacterium tuberculosis complex,0,3_313_KshA15#3,core,0.8686,0,0,0,0,[alpha] > hypothetical
NZ_WUTI01000213.1:56619-57624:1,WP_004184731.1,GSH01_RS28885,,aromatic ring-hydroxylating dioxygenase subunit alpha,3_313_KshA15,3,133.5,0.6667,7e-39,NZ_WUTI01000213.1,56619,57624,1,Burkholderia pseudomallei,Bacteria; Pseudomonadati; Pseudomonadota; Betaproteobacteria; Burkholderiales; Burkholderiaceae; Burkholderia; pseudomallei group,0,3_313_KshA15#41,novel_candidate,0.3786,0,0,0,0,[alpha]
NZ_WUTV01000008.1:225544-226549:-1,WP_050868409.1,GSF23_RS11890,,aromatic ring-hydroxylating dioxygenase subunit alpha,3_313_KshA15,3,134.6,0.8117,3.2e-39,NZ_WUTV01000008.1,225544,226549,-1,Burkholderia pseudomallei,Bacteria; Pseudomonadati; Pseudomonadota; Betaproteobacteria; Burkholderiales; Burkholderiaceae; Burkholderia; pseudomallei group,0,3_313_KshA15#41,novel_candidate,0.3786,0,0,0,0,[alpha]
NZ_WWFW01000119.1:39529-40675:1,WP_067581748.1,GTY63_RS23605,,Rieske 2Fe-2S domain-containing protein,3_313_KshA15,3,561.8,0.9517,5.8e-169,NZ_WWFW01000119.1,39529,40675,1,Amycolatopsis rubida,Bacteria; Bacillati; Actinomycetota; Actinomycetes; Pseudonocardiales; Pseudonocardiaceae; Amycolatopsis,0,3_313_KshA15#1,core,0.7918,0,0,0,0,other > [alpha] > ferredoxin
NZ_WWFW01000182.1:27451-28615:-1,WP_067579633.1,GTY63_RS35605,,Rieske 2Fe-2S domain-containing protein,3_313_KshA15,3,655.4,0.9644,2.1e-197,NZ_WWFW01000182.1,27451,28615,-1,Amycolatopsis rubida,Bacteria; Bacillati; Actinomycetota; Actinomycetes; Pseudonocardiales; Pseudonocardiaceae; Amycolatopsis,0,3_313_KshA15#18,core,0.8123,1,0,0,1,dehydrogenase > [alpha] > hypothetical > reductase > other > other
NZ_WWGO01000019.1:26988-28083:1,WP_003964291.1,GTY69_RS14140,,Rieske 2Fe-2S domain-containing protein,3_313_KshA15,3,79.2,0.5267,2.1e-22,NZ_WWGO01000019.1,26988,28083,1,Streptomyces sp. SID8364,Bacteria; Bacillati; Actinomycetota; Actinomycetes; Kitasatosporales; Streptomycetaceae; Streptomyces,0,3_313_KshA15#16,core,0.9207,0,0,0,0,hydrolase > reductase > [alpha]
NZ_WWGT01000011.1:426799-427939:-1,WP_014045581.1,GTW52_RS17100,,Rieske 2Fe-2S domain-containing protein,3_313_KshA15,3,82.2,0.5522,2.6e-23,NZ_WWGT01000011.1,426799,427939,-1,Streptomyces sp. SID8358,Bacteria; Bacillati; Actinomycetota; Actinomycetes; Kitasatosporales; Streptomycetaceae; Streptomyces,0,3_313_KshA15#16,core,0.9024,0,0,0,0,[alpha]
NZ_WWJR01000045.1:54026-55184:-1,WP_018555111.1,GT035_RS11930,,Rieske 2Fe-2S domain-containing protein,3_313_KshA15,3,565.2,0.9517,5.3e-170,NZ_WWJR01000045.1,54026,55184,-1,Streptomyces sp. SID4913,Bacteria; Bacillati; Actinomycetota; Actinomycetes; Kitasatosporales; Streptomycetaceae; Streptomyces,0,3_313_KshA15#1,core,0.7229,0,0,0,0,[alpha] > hypothetical
XM_001021136.2:150-1512:1,XP_001021136.2,TTHERM_00310640,,Rieske-like [2Fe-2S] domain protein,3_313_KshA15,3,50.6,0.5852,1e-13,XM_001021136.2,150,1512,1,Tetrahymena thermophila SB210,Eukaryota; Sar; Alveolata; Ciliophora; Intramacronucleata; Oligohymenophorea; Hymenostomatida; Tetrahymenina; Tetrahymenidae; Tetrahymena,0,3_313_KshA15#117,novel_candidate,0.2955,0,0,0,0,[alpha]
XM_001434314.1:0-1278:1,XP_001434351.1,GSPATT00036085001,,hypothetical protein,3_313_KshA15,3,53.8,0.5547,1.1e-14,XM_001434314.1,0,1278,1,Paramecium tetraurelia strain d4-2,Eukaryota; Sar; Alveolata; Ciliophora; Intramacronucleata; Oligohymenophorea; Peniculida; Parameciidae; Paramecium,0,3_313_KshA15#61,novel_candidate,0.3693,0,0,0,0,[alpha]
XM_001460974.1:0-1317:1,XP_001461011.1,GSPATT00025959001,,uncharacterized protein,3_313_KshA15,3,54.5,0.4707,6.9e-15,XM_001460974.1,0,1317,1,Paramecium tetraurelia,Eukaryota; Sar; Alveolata; Ciliophora; Intramacronucleata; Oligohymenophorea; Peniculida; Parameciidae; Paramecium,0,3_313_KshA15#61,novel_candidate,0.358,0,0,0,0,[alpha]
XM_001461149.1:0-1317:1,XP_001461186.1,GSPATT00026136001,,hypothetical protein,3_313_KshA15,3,54.0,0.5751,9.9e-15,XM_001461149.1,0,1317,1,Paramecium tetraurelia strain d4-2,Eukaryota; Sar; Alveolata; Ciliophora; Intramacronucleata; Oligohymenophorea; Peniculida; Parameciidae; Paramecium,0,3_313_KshA15#61,novel_candidate,0.3405,0,0,0,0,[alpha]
XM_001635293.1:198-1170:1,XP_001635343.1,NEMVEDRAFT_v1g183599,,hypothetical protein,3_313_KshA15,3,125.1,0.5115,2.4e-36,XM_001635293.1,198,1170,1,Nematostella vectensis,Eukaryota; Metazoa; Cnidaria; Anthozoa; Hexacorallia; Actiniaria; Edwardsiidae; Nematostella,0,3_313_KshA15#161,core,0.5687,0,0,0,0,[alpha]
XM_001655121.1:0-1245:1,XP_001655171.1,AaeL_AAEL011203,,AAEL011203-PA,3_313_KshA15,3,144.5,0.5445,3.1e-42,XM_001655121.1,0,1245,1,Aedes aegypti,Eukaryota; Metazoa; Ecdysozoa; Arthropoda; Hexapoda; Insecta; Pterygota; Neoptera; Holometabola; Diptera; Nematocera; Culicoidea; Culicidae; Culicinae; Aedini; Aedes; Stegomyia,0,3_313_KshA15#40,divergent,0.4334,0,0,0,0,[alpha]
XM_001847974.1:0-1446:1,XP_001848026.1,CpipJ_CPIJ006320,,rieske-domain protein Neverland,3_313_KshA15,3,138.9,0.5445,1.6e-40,XM_001847974.1,0,1446,1,Culex quinquefasciatus,Eukaryota; Metazoa; Ecdysozoa; Arthropoda; Hexapoda; Insecta; Pterygota; Neoptera; Holometabola; Diptera; Nematocera; Culicoidea; Culicidae; Culicinae; Culicini; Culex; Culex,0,3_313_KshA15#40,divergent,0.4277,0,0,0,0,[alpha]
XM_002070189.2:0-1275:1,XP_002070225.2,Dwil_GK11941,Dwil\nvd,neverland,3_313_KshA15,3,132.1,0.5852,1.8e-38,XM_002070189.2,0,1275,1,Drosophila willistoni,Eukaryota; Metazoa; Ecdysozoa; Arthropoda; Hexapoda; Insecta; Pterygota; Neoptera; Holometabola; Diptera; Brachycera; Muscomorpha; Ephydroidea; Drosophilidae; Drosophila; Sophophora,0,3_313_KshA15#48,divergent,0.434,0,0,0,0,[alpha]
XM_002403297.1:0-1131:1,XP_002403341.1,IscW_ISCW001214,,hypothetical protein,3_313_KshA15,3,128.9,0.5242,1.7e-37,XM_002403297.1,0,1131,1,Ixodes scapularis,Eukaryota; Metazoa; Ecdysozoa; Arthropoda; Chelicerata; Arachnida; Acari; Parasitiformes; Ixodida; Ixodoidea; Ixodidae; Ixodinae; Ixodes,0,3_313_KshA15#116,novel_candidate,0.3925,0,0,0,0,[alpha]
XM_002403298.1:0-1077:1,XP_002403342.1,IscW_ISCW001215,,hypothetical protein,3_313_KshA15,3,133.5,0.5674,6.8e-39,XM_002403298.1,0,1077,1,Ixodes scapularis,Eukaryota; Metazoa; Ecdysozoa; Arthropoda; Chelicerata; Arachnida; Acari; Parasitiformes; Ixodida; Ixodoidea; Ixodidae; Ixodinae; Ixodes,0,3_313_KshA15#78,novel_candidate,0.3441,0,0,0,0,[alpha]
XM_002403299.1:0-1995:1,XP_002403343.1,IscW_ISCW001216,,hypothetical protein,3_313_KshA15,3,237.1,0.5725,2.3e-70,XM_002403299.1,0,1995,1,Ixodes scapularis,Eukaryota; Metazoa; Ecdysozoa; Arthropoda; Chelicerata; Arachnida; Acari; Parasitiformes; Ixodida; Ixodoidea; Ixodidae; Ixodinae; Ixodes,0,3_313_KshA15#78,novel_candidate,0.3846,0,0,0,0,[alpha]
XM_002409680.1:6-1236:1,XP_002409724.1,IscW_ISCW009663,,hypothetical protein,3_313_KshA15,3,139.4,0.5573,1.1e-40,XM_002409680.1,6,1236,1,Ixodes scapularis,Eukaryota; Metazoa; Ecdysozoa; Arthropoda; Chelicerata; Arachnida; Acari; Parasitiformes; Ixodida; Ixodoidea; Ixodidae; Ixodinae; Ixodes,0,3_313_KshA15#115,divergent,0.4097,0,0,0,0,[alpha]
XM_002409682.1:104-1391:1,XP_002409726.1,IscW_ISCW009665,,hypothetical protein,3_313_KshA15,3,121.2,0.5776,3.8e-35,XM_002409682.1,104,1391,1,Ixodes scapularis,Eukaryota; Metazoa; Ecdysozoa; Arthropoda; Chelicerata; Arachnida; Acari; Parasitiformes; Ixodida; Ixodoidea; Ixodidae; Ixodinae; Ixodes,0,3_313_KshA15#114,novel_candidate,0.3365,0,0,0,0,[alpha]
XM_002416375.1:0-903:1,XP_002416420.1,IscW_ISCW015282,,hypothetical protein,3_313_KshA15,3,99.3,0.7328,1.7e-28,XM_002416375.1,0,903,1,Ixodes scapularis,Eukaryota; Metazoa; Ecdysozoa; Arthropoda; Chelicerata; Arachnida; Acari; Parasitiformes; Ixodida; Ixodoidea; Ixodidae; Ixodinae; Ixodes,0,3_313_KshA15#113,novel_candidate,0.2904,0,0,0,0,[alpha]
XM_002429949.1:0-1359:1,XP_002429994.1,Phum_PHUM458690,,uncharacterized protein,3_313_KshA15,3,126.7,0.5598,8.2e-37,XM_002429949.1,0,1359,1,Pediculus humanus corporis,Eukaryota; Metazoa; Ecdysozoa; Arthropoda; Hexapoda; Insecta; Pterygota; Neoptera; Paraneoptera; Psocodea; Phthiraptera; Anoplura; Pediculidae; Pediculus,0,3_313_KshA15#112,divergent,0.4615,0,0,0,0,[alpha]
XM_002609430.1:0-1359:1,XP_002609476.1,BRAFLDRAFT_93439,,hypothetical protein,3_313_KshA15,3,129.0,0.5802,1.6e-37,XM_002609430.1,0,1359,1,Branchiostoma floridae,Eukaryota; Metazoa; Chordata; Cephalochordata; Branchiostomidae; Branchiostoma,0,3_313_KshA15#39,divergent,0.535,0,0,0,0,[alpha]
XM_002610422.1:0-1368:1,XP_002610468.1,BRAFLDRAFT_85607,,hypothetical protein,3_313_KshA15,3,137.2,0.5802,5.1e-40,XM_002610422.1,0,1368,1,Branchiostoma floridae,Eukaryota; Metazoa; Chordata; Cephalochordata; Branchiostomidae; Branchiostoma,0,3_313_KshA15#60,divergent,0.5212,0,0,0,0,[alpha]
XM_002637011.1:0-1287:1,XP_002637057.1,CBG09553,Cbr-daf-36,C. briggsae CBR-DAF-36 protein,3_313_KshA15,3,118.7,0.5598,2.1e-34,XM_002637011.1,0,1287,1,Caenorhabditis briggsae,Eukaryota; Metazoa; Ecdysozoa; Nematoda; Chromadorea; Rhabditida; Rhabditina; Rhabditomorpha; Rhabditoidea; Rhabditidae; Peloderinae; Caenorhabditis,0,3_313_KshA15#57,divergent,0.43,0,0,0,0,[alpha]
XM_003105546.1:0-1287:1,XP_003105594.1,CRE_22361,Cre-daf-36,CRE-DAF-36 protein,3_313_KshA15,3,118.1,0.57,3.2e-34,XM_003105546.1,0,1287,1,Caenorhabditis remanei,Eukaryota; Metazoa; Ecdysozoa; Nematoda; Chromadorea; Rhabditida; Rhabditina; Rhabditomorpha; Rhabditoidea; Rhabditidae; Peloderinae; Caenorhabditis,0,3_313_KshA15#57,divergent,0.4388,0,0,0,0,[alpha]
XM_003385889.3:31-1474:1,XP_003385937.1,,LOC100634894,cholesterol 7-desaturase-like,3_313_KshA15,3,124.5,0.5649,3.8e-36,XM_003385889.3,31,1474,1,Amphimedon queenslandica,Eukaryota; Metazoa; Porifera; Demospongiae; Heteroscleromorpha; Haplosclerida; Niphatidae; Amphimedon,0,3_313_KshA15#111,divergent,0.538,0,0,0,0,[alpha]
XM_003402343.2:1912-3151:1,XP_003402391.2,,LOC100649007,cholesterol desaturase daf-36,3_313_KshA15,3,145.4,0.5496,1.7e-42,XM_003402343.2,1912,3151,1,Bombus terrestris,Eukaryota; Metazoa; Ecdysozoa; Arthropoda; Hexapoda; Insecta; Pterygota; Neoptera; Holometabola; Hymenoptera; Apocrita; Aculeata; Apoidea; Apidae; Bombus; Bombus,0,3_313_KshA15#21,core,0.5841,0,0,0,0,[alpha]
XM_003440224.4:74-1433:1,XP_003440272.1,,LOC100702604,cholesterol 7-desaturase,3_313_KshA15,3,136.5,0.5573,8.7e-40,XM_003440224.4,74,1433,1,Oreochromis niloticus,Eukaryota; Metazoa; Chordata; Craniata; Vertebrata; Euteleostomi; Actinopterygii; Neopterygii; Teleostei; Neoteleostei; Acanthomorphata; Ovalentaria; Cichlomorphae; Cichliformes; Cichlidae; African cichlids; Pseudocrenilabrinae; Oreochromini; Oreochromis,0,3_313_KshA15#6,core,0.8413,0,0,0,0,[alpha]
XM_003488656.4:561-1800:1,XP_003488704.1,,LOC100745011,cholesterol 7-desaturase,3_313_KshA15,3,145.8,0.5496,1.2e-42,XM_003488656.4,561,1800,1,Bombus impatiens,Eukaryota; Metazoa; Ecdysozoa; Arthropoda; Hexapoda; Insecta; Pterygota; Neoptera; Endopterygota; Hymenoptera; Apocrita; Aculeata; Apoidea; Anthophila; Apidae; Bombus; Pyrobombus,0,3_313_KshA15#21,core,0.5929,0,0,0,0,[alpha]
XM_004337533.1:0-1224:1,XP_004337581.1,ACA1_164170,,rieske [2fe2s] domain containing protein,3_313_KshA15,3,115.3,0.4656,2.4e-33,XM_004337533.1,0,1224,1,Acanthamoeba castellanii str. Neff,Eukaryota; Amoebozoa; Discosea; Longamoebia; Centramoebida; Acanthamoebidae; Acanthamoeba,0,3_313_KshA15#110,divergent,0.4266,0,0,0,0,[alpha]
XM_004347476.2:70-1564:1,XP_004347526.2,CAOG_04775,,Rieske domain-containing protein,3_313_KshA15,3,148.7,0.5471,1.7e-43,XM_004347476.2,70,1564,1,Capsaspora owczarzaki ATCC 30864,Eukaryota; Filasterea; Capsaspora,0,3_313_KshA15#109,divergent,0.4691,0,0,0,0,[alpha]
XM_004347788.1:0-1227:1,XP_004347838.1,CAOG_04013,,hypothetical protein,3_313_KshA15,3,130.2,0.5725,7e-38,XM_004347788.1,0,1227,1,Capsaspora owczarzaki ATCC 30864,Eukaryota; Filasterea; Capsaspora,0,3_313_KshA15#108,novel_candidate,0.3436,0,0,0,0,[alpha]
XM_004333005.1:0-1455:1,XP_004333053.1,ACA1_048400,,rieske [2fe2s] domain containing protein,3_313_KshA15,3,143.7,0.5547,5.5e-42,XM_004333005.1,0,1455,1,Acanthamoeba castellanii str. Neff,Eukaryota; Amoebozoa; Discosea; Longamoebia; Centramoebida; Acanthamoebidae; Acanthamoeba,0,3_313_KshA15#107,divergent,0.4602,0,0,0,0,[alpha]
XM_004538438.2:64-1423:1,XP_004538495.1,,LOC101475379,cholesterol desaturase daf-36-like,3_313_KshA15,3,135.3,0.5573,2e-39,XM_004538438.2,64,1423,1,Maylandia zebra,Eukaryota; Metazoa; Chordata; Craniata; Vertebrata; Euteleostomi; Actinopterygii; Neopterygii; Teleostei; Neoteleostei; Acanthomorphata; Ovalentaria; Cichlomorphae; Cichliformes; Cichlidae; African cichlids; Pseudocrenilabrinae; Haplochromini; Maylandia; Maylandia zebra complex,0,3_313_KshA15#6,core,0.8191,0,0,0,0,[alpha]
XM_004992398.1:101-1568:1,XP_004992455.1,PTSG_07043,,uncharacterized protein,3_313_KshA15,3,136.7,0.5751,7.6e-40,XM_004992398.1,101,1568,1,Salpingoeca rosetta,Eukaryota; Choanoflagellata; Craspedida; Salpingoecidae; Salpingoeca,0,3_313_KshA15#106,divergent,0.442,0,0,0,0,[alpha]
XM_005295633.1:0-1311:1,XP_005295690.1,,LOC101940467,cholesterol desaturase daf-36-like,3_313_KshA15,3,134.6,0.5522,3.3e-39,XM_005295633.1,0,1311,1,Chrysemys picta bellii,Eukaryota; Metazoa; Chordata; Craniata; Vertebrata; Euteleostomi; Archelosauria; Testudines; Cryptodira; Durocryptodira; Testudinoidea; Emydidae; Chrysemys,0,3_313_KshA15#6,core,0.654,0,0,0,0,[alpha]
XM_005725660.1:0-957:1,XP_005725717.1,,LOC102194299,cholesterol desaturase daf-36-like,3_313_KshA15,3,117.5,0.4631,5e-34,XM_005725660.1,0,957,1,Pundamilia nyererei,Eukaryota; Metazoa; Chordata; Craniata; Vertebrata; Euteleostomi; Actinopterygii; Neopterygii; Teleostei; Neoteleostei; Acanthomorphata; Ovalentaria; Cichlomorphae; Cichliformes; Cichlidae; African cichlids; Pseudocrenilabrinae; Haplochromini; Pundamilia,0,3_313_KshA15#6,core,0.7829,0,0,0,0,[alpha]
XM_005814281.2:0-1323:1,XP_005814338.1,,LOC102227123,cholesterol 7-desaturase-like,3_313_KshA15,3,138.1,0.5903,2.8e-40,XM_005814281.2,0,1323,1,Xiphophorus maculatus,Eukaryota; Metazoa; Chordata; Craniata; Vertebrata; Euteleostomi; Actinopterygii; Neopterygii; Teleostei; Neoteleostei; Acanthomorphata; Ovalentaria; Atherinomorphae; Cyprinodontiformes; Poeciliidae; Poeciliinae; Xiphophorus,0,3_313_KshA15#6,core,0.875,0,0,0,0,[alpha]
XM_005941358.2:92-1451:1,XP_005941420.1,,LOC102304728,cholesterol desaturase daf-36-like,3_313_KshA15,3,137.0,0.5573,5.9e-40,XM_005941358.2,92,1451,1,Haplochromis burtoni,Eukaryota; Metazoa; Chordata; Craniata; Vertebrata; Euteleostomi; Actinopterygii; Neopterygii; Teleostei; Neoteleostei; Acanthomorphata; Ovalentaria; Cichlomorphae; Cichliformes; Cichlidae; African cichlids; Pseudocrenilabrinae; Haplochromini; Haplochromis,0,3_313_KshA15#6,core,0.825,0,0,0,0,[alpha]
XM_006009267.2:283-1690:1,XP_006009329.1,,LOC102356630,cholesterol 7-desaturase-like,3_313_KshA15,3,136.5,0.5522,8.7e-40,XM_006009267.2,283,1690,1,Latimeria chalumnae,Eukaryota; Metazoa; Chordata; Craniata; Vertebrata; Euteleostomi; Coelacanthiformes; Coelacanthidae; Latimeria,0,3_313_KshA15#6,core,0.76,0,0,0,0,[alpha]
XM_006803535.1:0-1359:1,XP_006803598.1,,LOC102778352,cholesterol desaturase daf-36-like,3_313_KshA15,3,137.0,0.5573,5.9e-40,XM_006803535.1,0,1359,1,Neolamprologus brichardi,Eukaryota; Metazoa; Chordata; Craniata; Vertebrata; Euteleostomi; Actinopterygii; Neopterygii; Teleostei; Neoteleostei; Acanthomorphata; Ovalentaria; Cichlomorphae; Cichliformes; Cichlidae; African cichlids; Pseudocrenilabrinae; Lamprologini; Neolamprologus,0,3_313_KshA15#6,core,0.83,0,0,0,0,[alpha]
XM_007575653.2:205-1528:1,XP_007575715.1,,LOC103154387,cholesterol 7-desaturase-like,3_313_KshA15,3,141.7,0.5903,2.2e-41,XM_007575653.2,205,1528,1,Poecilia formosa,Eukaryota; Metazoa; Chordata; Craniata; Vertebrata; Euteleostomi; Actinopterygii; Neopterygii; Teleostei; Neoteleostei; Acanthomorphata; Ovalentaria; Atherinomorphae; Cyprinodontiformes; Poeciliidae; Poeciliinae; Poecilia,0,3_313_KshA15#6,core,0.8789,0,0,0,0,[alpha]
XM_007428969.3:0-1347:1,XP_007429031.2,,LOC103066999,cholesterol 7-desaturase-like,3_313_KshA15,3,122.8,0.5573,1.2e-35,XM_007428969.3,0,1347,1,Python bivittatus,Eukaryota; Metazoa; Chordata; Craniata; Vertebrata; Euteleostomi; Lepidosauria; Squamata; Bifurcata; Unidentata; Episquamata; Toxicofera; Serpentes; Henophidia; Pythonidae; Python,0,3_313_KshA15#58,core,0.583,0,0,0,0,[alpha]
XM_007900226.1:0-1062:1,XP_007898417.1,,LOC103183010,cholesterol desaturase daf-36-like,3_313_KshA15,3,136.0,0.5445,1.2e-39,XM_007900226.1,0,1062,1,Callorhinchus milii,Eukaryota; Metazoa; Chordata; Craniata; Vertebrata; Chondrichthyes; Holocephali; Chimaeriformes; Callorhinchidae; Callorhinchus,0,3_313_KshA15#6,core,0.6915,0,0,0,0,[alpha]
XM_008291755.1:0-1359:1,XP_008289977.1,,LOC103364599,cholesterol desaturase daf-36-like,3_313_KshA15,3,140.6,0.5522,4.8e-41,XM_008291755.1,0,1359,1,Stegastes partitus,Eukaryota; Metazoa; Chordata; Craniata; Vertebrata; Euteleostomi; Actinopterygii; Neopterygii; Teleostei; Neoteleostei; Acanthomorphata; Ovalentaria; Pomacentridae; Stegastes,0,3_313_KshA15#6,core,0.7413,0,0,0,0,[alpha]
XM_008324668.2:0-1293:1,XP_008322890.1,,LOC103389306,cholesterol 7-desaturase-like,3_313_KshA15,3,143.6,0.5522,5.8e-42,XM_008324668.2,0,1293,1,Cynoglossus semilaevis,Eukaryota; Metazoa; Chordata; Craniata; Vertebrata; Euteleostomi; Actinopterygii; Neopterygii; Teleostei; Neoteleostei; Acanthomorphata; Carangaria; Pleuronectiformes; Pleuronectoidei; Cynoglossidae; Cynoglossinae; Cynoglossus,0,3_313_KshA15#6,core,0.6833,0,0,0,0,[alpha]
XM_009027187.1:227-1715:1,XP_009025435.1,HELRODRAFT_107375,,hypothetical protein,3_313_KshA15,3,113.6,0.5522,7.7e-33,XM_009027187.1,227,1715,1,Helobdella robusta,Eukaryota; Metazoa; Spiralia; Lophotrochozoa; Annelida; Clitellata; Hirudinea; Rhynchobdellida; Glossiphoniidae; Helobdella,0,3_313_KshA15#38,divergent,0.4628,0,0,0,0,[alpha]
XM_009041918.1:0-1071:1,XP_009040166.1,AURANDRAFT_31508,,hypothetical protein,3_313_KshA15,3,98.9,0.5293,2.2e-28,XM_009041918.1,0,1071,1,Aureococcus anophagefferens,Eukaryota; Sar; Stramenopiles; Ochrophyta; Pelagophyceae; Pelagomonadales; Pelagomonadaceae; Aureococcus,0,3_313_KshA15#105,novel_candidate,0.3678,0,0,0,0,[alpha]
XM_009065176.1:0-1323:1,XP_009063424.1,LOTGIDRAFT_130105,,hypothetical protein,3_313_KshA15,3,112.2,0.5547,2e-32,XM_009065176.1,0,1323,1,Lottia gigantea,Eukaryota; Metazoa; Spiralia; Lophotrochozoa; Mollusca; Gastropoda; Patellogastropoda; Lottioidea; Lottiidae; Lottia,0,3_313_KshA15#32,divergent,0.4861,0,0,0,0,[alpha]
XM_010785838.1:0-1044:1,XP_010784140.1,,LOC104958128,cholesterol desaturase daf-36-like,3_313_KshA15,3,111.4,0.4529,3.5e-32,XM_010785838.1,0,1044,1,Notothenia coriiceps,Eukaryota; Metazoa; Chordata; Craniata; Vertebrata; Euteleostomi; Actinopterygii; Neopterygii; Teleostei; Neoteleostei; Acanthomorphata; Eupercaria; Perciformes; Notothenioidei; Nototheniidae; Notothenia,0,3_313_KshA15#39,core,0.8793,0,0,0,0,[alpha]
XM_010893967.2:237-1620:1,XP_010892269.1,,LOC105024189,cholesterol 7-desaturase,3_313_KshA15,3,139.3,0.5547,1.2e-40,XM_010893967.2,237,1620,1,Esox lucius,Eukaryota; Metazoa; Chordata; Craniata; Vertebrata; Euteleostomi; Actinopterygii; Neopterygii; Teleostei; Protacanthopterygii; Esociformes; Esocidae; Esox,0,3_313_KshA15#6,core,0.9105,0,0,0,0,[alpha]
XM_011195859.1:200-1451:1,XP_011194161.1,,LOC105219599,cholesterol desaturase daf-36,3_313_KshA15,3,105.7,0.5623,1.9e-30,XM_011195859.1,200,1451,1,Zeugodacus cucurbitae,Eukaryota; Metazoa; Ecdysozoa; Arthropoda; Hexapoda; Insecta; Pterygota; Neoptera; Holometabola; Diptera; Brachycera; Muscomorpha; Tephritoidea; Tephritidae; Zeugodacus; Zeugodacus,0,3_313_KshA15#37,divergent,0.4972,0,0,0,0,[alpha]
XM_011195860.1:126-1377:1,XP_011194162.1,,LOC105219599,cholesterol desaturase daf-36,3_313_KshA15,3,105.7,0.5623,1.9e-30,XM_011195860.1,126,1377,1,Zeugodacus cucurbitae,Eukaryota; Metazoa; Ecdysozoa; Arthropoda; Hexapoda; Insecta; Pterygota; Neoptera; Holometabola; Diptera; Brachycera; Muscomorpha; Tephritoidea; Tephritidae; Zeugodacus; Zeugodacus,0,3_313_KshA15#37,divergent,0.4972,0,0,0,0,[alpha]
XM_011258379.2:680-1997:1,XP_011256681.1,,LOC105251516,cholesterol 7-desaturase,3_313_KshA15,3,142.3,0.5623,1.5e-41,XM_011258379.2,680,1997,1,Camponotus floridanus,Eukaryota; Metazoa; Ecdysozoa; Arthropoda; Hexapoda; Insecta; Pterygota; Neoptera; Holometabola; Hymenoptera; Apocrita; Aculeata; Vespoidea; Formicidae; Formicinae; Camponotus,0,3_313_KshA15#17,core,0.8746,0,0,0,0,[alpha]
XM_011298712.1:365-1532:1,XP_011297014.1,,LOC105262869,cholesterol desaturase daf-36,3_313_KshA15,3,122.7,0.5293,1.3e-35,XM_011298712.1,365,1532,1,Fopius arisanus,Eukaryota; Metazoa; Ecdysozoa; Arthropoda; Hexapoda; Insecta; Pterygota; Neoptera; Endopterygota; Hymenoptera; Apocrita; Ichneumonoidea; Braconidae; Opiinae; Fopius,0,3_313_KshA15#21,divergent,0.49,0,0,0,0,[alpha]
XM_011147908.2:3109-4420:1,XP_011146210.1,,LOC105187219,cholesterol 7-desaturase,3_313_KshA15,3,137.8,0.5573,3.5e-40,XM_011147908.2,3109,4420,1,Harpegnathos saltator,Eukaryota; Metazoa; Ecdysozoa; Arthropoda; Hexapoda; Insecta; Pterygota; Neoptera; Holometabola; Hymenoptera; Apocrita; Aculeata; Vespoidea; Formicidae; Ponerinae; Ponerini; Harpegnathos,0,3_313_KshA15#17,core,0.7704,0,0,0,0,[alpha]
XM_011447254.2:351-1743:1,XP_011445556.1,,LOC105340985,cholesterol 7-desaturase,3_313_KshA15,3,128.4,0.5674,2.4e-37,XM_011447254.2,351,1743,1,Crassostrea gigas,Eukaryota; Metazoa; Lophotrochozoa; Mollusca; Bivalvia; Pteriomorphia; Ostreoida; Ostreoidea; Ostreidae; Crassostrea,0,3_313_KshA15#32,core,0.6,0,0,0,0,[alpha]
XM_011506647.1:0-1197:1,XP_011504949.1,,LOC105367830,cholesterol desaturase daf-36,3_313_KshA15,3,146.5,0.5751,7.6e-43,XM_011506647.1,0,1197,1,Ceratosolen solmsi marchali,Eukaryota; Metazoa; Ecdysozoa; Arthropoda; Hexapoda; Insecta; Pterygota; Neoptera; Endopterygota; Hymenoptera; Apocrita; Proctotrupomorpha; Chalcidoidea; Agaonidae; Agaoninae; Ceratosolen,0,3_313_KshA15#21,divergent,0.5489,0,0,0,0,[alpha]
XM_011644526.1:206-1529:1,XP_011642828.1,,LOC105430807,cholesterol 7-desaturase,3_313_KshA15,3,130.6,0.5573,5.1e-38,XM_011644526.1,206,1529,1,Pogonomyrmex barbatus,Eukaryota; Metazoa; Ecdysozoa; Arthropoda; Hexapoda; Insecta; Pterygota; Neoptera; Endopterygota; Hymenoptera; Apocrita; Aculeata; Formicoidea; Formicidae; Myrmicinae; Pogonomyrmex,0,3_313_KshA15#17,core,0.7727,0,0,0,0,[alpha]
XM_012202582.1:0-1305:1,XP_012057972.1,,LOC105621110,cholesterol desaturase daf-36-like,3_313_KshA15,3,135.9,0.5573,1.3e-39,XM_012202582.1,0,1305,1,Atta cephalotes,Eukaryota; Metazoa; Ecdysozoa; Arthropoda; Hexapoda; Insecta; Pterygota; Neoptera; Endopterygota; Hymenoptera; Apocrita; Aculeata; Formicoidea; Formicidae; Myrmicinae; Atta,0,3_313_KshA15#17,core,0.9086,0,0,0,0,[alpha]
XM_012202584.1:0-1302:1,XP_012057974.1,,LOC105621113,cholesterol desaturase daf-36-like,3_313_KshA15,3,128.8,0.5394,1.9e-37,XM_012202584.1,0,1302,1,Atta cephalotes,Eukaryota; Metazoa; Ecdysozoa; Arthropoda; Hexapoda; Insecta; Pterygota; Neoptera; Endopterygota; Hymenoptera; Apocrita; Aculeata; Formicoidea; Formicidae; Myrmicinae; Atta,0,3_313_KshA15#17,core,0.8111,0,0,0,0,[alpha]
XM_013222498.1:328-1738:1,XP_013077952.1,,LOC106064009,cholesterol desaturase daf-36-like,3_313_KshA15,3,131.6,0.5471,2.6e-38,XM_013222498.1,328,1738,1,Biomphalaria glabrata,Eukaryota; Metazoa; Spiralia; Lophotrochozoa; Mollusca; Gastropoda; Heterobranchia; Euthyneura; Panpulmonata; Hygrophila; Lymnaeoidea; Planorbidae; Biomphalaria,0,3_313_KshA15#38,divergent,0.5157,0,0,0,0,[alpha]
XM_012830117.3:288-1671:1,XP_012685571.1,,zgc:92275,cholesterol 7-desaturase nvd,3_313_KshA15,3,132.1,0.5522,1.9e-38,XM_012830117.3,288,1671,1,Clupea harengus,Eukaryota; Metazoa; Chordata; Craniata; Vertebrata; Euteleostomi; Actinopterygii; Neopterygii; Teleostei; Clupei; Clupeiformes; Clupeoidei; Clupeidae; Clupea,0,3_313_KshA15#6,core,0.8912,0,0,0,0,[alpha]
XM_013247789.1:93-1380:1,XP_013103243.1,,LOC106084232,cholesterol desaturase daf-36 isoform X1,3_313_KshA15,3,122.7,0.5649,1.3e-35,XM_013247789.1,93,1380,1,Stomoxys calcitrans,Eukaryota; Metazoa; Ecdysozoa; Arthropoda; Hexapoda; Insecta; Pterygota; Neoptera; Endopterygota; Diptera; Brachycera; Muscomorpha; Muscoidea; Muscidae; Stomoxys,0,3_313_KshA15#51,divergent,0.418,0,0,0,0,[alpha]
XM_013323528.1:96-1467:1,XP_013178982.1,,LOC106126060,3-ketosteroid-9-alpha-monooxygenase oxygenase subunit,3_313_KshA15,3,113.3,0.5445,9.7e-33,XM_013323528.1,96,1467,1,Papilio xuthus,Eukaryota; Metazoa; Ecdysozoa; Arthropoda; Hexapoda; Insecta; Pterygota; Neoptera; Endopterygota; Lepidoptera; Glossata; Ditrysia; Papilionoidea; Papilionidae; Papilioninae; Papilio,0,3_313_KshA15#31,novel_candidate,0.375,0,0,0,0,[alpha]
XM_013434939.1:0-1254:1,XP_013290393.1,NECAME_15984,,rieske [2Fe-2S] domain protein,3_313_KshA15,3,135.1,0.5827,2.3e-39,XM_013434939.1,0,1254,1,Necator americanus,Eukaryota; Metazoa; Ecdysozoa; Nematoda; Chromadorea; Rhabditida; Rhabditina; Rhabditomorpha; Strongyloidea; Ancylostomatidae; Bunostominae; Necator,0,3_313_KshA15#57,divergent,0.5085,0,0,0,0,[alpha]
XM_013542815.1:168-1560:1,XP_013398269.1,,LOC106164789,cholesterol 7-desaturase,3_313_KshA15,3,135.5,0.5827,1.8e-39,XM_013542815.1,168,1560,1,Lingula anatina,Eukaryota; Metazoa; Spiralia; Lophotrochozoa; Brachiopoda; Linguliformea; Lingulata; Lingulida; Linguloidea; Lingulidae; Lingula,0,3_313_KshA15#59,core,0.5896,0,0,0,0,[alpha]
XM_013560785.1:168-1560:1,XP_013416239.1,,LOC106177872,cholesterol 7-desaturase-like isoform X1,3_313_KshA15,3,135.5,0.5827,1.8e-39,XM_013560785.1,168,1560,1,Lingula anatina,Eukaryota; Metazoa; Spiralia; Lophotrochozoa; Brachiopoda; Linguliformea; Lingulata; Lingulida; Linguloidea; Lingulidae; Lingula,0,3_313_KshA15#59,core,0.5896,0,0,0,0,[alpha]
XM_013560792.2:168-1560:1,XP_013416246.1,,LOC106177872,cholesterol 7-desaturase-like isoform X2,3_313_KshA15,3,135.5,0.5827,1.8e-39,XM_013560792.2,168,1560,1,Lingula anatina,Eukaryota; Metazoa; Spiralia; Lophotrochozoa; Brachiopoda; Linguliformea; Lingulata; Lingulida; Linguloidea; Lingulidae; Lingula,0,3_313_KshA15#59,core,0.5896,0,0,0,0,[alpha]
XM_013945702.1:0-1023:1,XP_013801156.1,,LOC106487012,cholesterol desaturase daf-36-like,3_313_KshA15,3,122.4,0.4784,1.6e-35,XM_013945702.1,0,1023,1,Apteryx mantelli mantelli,Eukaryota; Metazoa; Chordata; Craniata; Vertebrata; Euteleostomi; Archelosauria; Archosauria; Dinosauria; Saurischia; Theropoda; Coelurosauria; Aves; Palaeognathae; Apterygiformes; Apterygidae; Apteryx; Apteryx mantelli,0,3_313_KshA15#49,core,0.6608,0,0,0,0,[alpha]
XM_014002435.1:148-1549:1,XP_013857889.1,,LOC106513553,cholesterol desaturase daf-36-like,3_313_KshA15,3,138.6,0.5649,1.9e-40,XM_014002435.1,148,1549,1,Austrofundulus limnaeus,Eukaryota; Metazoa; Chordata; Craniata; Vertebrata; Euteleostomi; Actinopterygii; Neopterygii; Teleostei; Neoteleostei; Acanthomorphata; Ovalentaria; Atherinomorphae; Cyprinodontiformes; Rivulidae; Austrofundulus,0,3_313_KshA15#6,core,0.6773,0,0,0,0,[alpha]
XM_014066285.1:0-969:1,XP_013921760.1,,LOC106548819,cholesterol desaturase daf-36-like,3_313_KshA15,3,109.1,0.4707,1.8e-31,XM_014066285.1,0,969,1,Thamnophis sirtalis,Eukaryota; Metazoa; Chordata; Craniata; Vertebrata; Euteleostomi; Lepidosauria; Squamata; Bifurcata; Unidentata; Episquamata; Toxicofera; Serpentes; Colubroidea; Colubridae; Natricinae; Thamnophis,0,3_313_KshA15#58,divergent,0.4713,0,0,0,0,[alpha]
XM_014132683.1:1887-3270:1,XP_013988158.1,,LOC106565467,cholesterol desaturase daf-36-like,3_313_KshA15,3,142.4,0.5547,1.4e-41,XM_014132683.1,1887,3270,1,Salmo salar,Eukaryota; Metazoa; Chordata; Craniata; Vertebrata; Euteleostomi; Actinopterygii; Neopterygii; Teleostei; Protacanthopterygii; Salmoniformes; Salmonidae; Salmoninae; Salmo,0,3_313_KshA15#6,core,0.8945,0,0,0,0,[alpha]
XM_014614255.1:1922-3218:1,XP_014469741.1,,LOC106741859,cholesterol 7-desaturase,3_313_KshA15,3,139.8,0.57,8.3e-41,XM_014614255.1,1922,3218,1,Dinoponera quadriceps,Eukaryota; Metazoa; Ecdysozoa; Arthropoda; Hexapoda; Insecta; Pterygota; Neoptera; Endopterygota; Hymenoptera; Apocrita; Aculeata; Formicoidea; Formicidae; Ponerinae; Ponerini; Dinoponera,0,3_313_KshA15#34,core,0.8154,0,0,0,0,[alpha]
XM_015019276.1:210-1533:1,XP_014874762.1,,LOC106937655,cholesterol 7-desaturase-like,3_313_KshA15,3,141.7,0.5903,2.2e-41,XM_015019276.1,210,1533,1,Poecilia latipinna,Eukaryota; Metazoa; Chordata; Craniata; Vertebrata; Euteleostomi; Actinopterygii; Neopterygii; Teleostei; Neoteleostei; Acanthomorphata; Ovalentaria; Atherinomorphae; Cyprinodontiformes; Poeciliidae; Poeciliinae; Poecilia,0,3_313_KshA15#6,core,0.8789,0,0,0,0,[alpha]
XM_015166316.1:237-1536:1,XP_015021802.1,Dmoj_GI25582,Dmoj\GI25582,uncharacterized protein,3_313_KshA15,3,130.2,0.5827,6.7e-38,XM_015166316.1,237,1536,1,Drosophila mojavensis,Eukaryota; Metazoa; Ecdysozoa; Arthropoda; Hexapoda; Insecta; Pterygota; Neoptera; Holometabola; Diptera; Brachycera; Muscomorpha; Ephydroidea; Drosophilidae; Drosophila,0,3_313_KshA15#75,divergent,0.4322,0,0,0,0,[alpha]
XM_015169318.1:184-1405:1,XP_015024804.1,Dvir_GJ26544,Dvir\GJ26544,"uncharacterized protein, isoform A",3_313_KshA15,3,126.2,0.5598,1.2e-36,XM_015169318.1,184,1405,1,Drosophila virilis,Eukaryota; Metazoa; Ecdysozoa; Arthropoda; Hexapoda; Insecta; Pterygota; Neoptera; Holometabola; Diptera; Brachycera; Muscomorpha; Ephydroidea; Drosophilidae; Drosophila,0,3_313_KshA15#75,divergent,0.4323,0,0,0,0,[alpha]
XM_015169320.1:10-1165:1,XP_015024806.1,Dvir_GJ26544,Dvir\GJ26544,"uncharacterized protein, isoform B",3_313_KshA15,3,126.4,0.5598,9.7e-37,XM_015169320.1,10,1165,1,Drosophila virilis,Eukaryota; Metazoa; Ecdysozoa; Arthropoda; Hexapoda; Insecta; Pterygota; Neoptera; Holometabola; Diptera; Brachycera; Muscomorpha; Ephydroidea; Drosophilidae; Drosophila,0,3_313_KshA15#48,divergent,0.4323,0,0,0,0,[alpha]
XM_014904693.1:57-1245:1,XP_014760179.1,Dana_GF27071,Dana\GF27071,uncharacterized protein,3_313_KshA15,3,119.5,0.4885,1.3e-34,XM_014904693.1,57,1245,1,Drosophila ananassae,Eukaryota; Metazoa; Ecdysozoa; Arthropoda; Hexapoda; Insecta; Pterygota; Neoptera; Holometabola; Diptera; Brachycera; Muscomorpha; Ephydroidea; Drosophilidae; Drosophila; Sophophora,0,3_313_KshA15#104,divergent,0.4286,0,0,0,0,[alpha]
XM_014973314.1:200-1523:1,XP_014828800.1,,LOC106907543,cholesterol 7-desaturase-like,3_313_KshA15,3,142.0,0.5903,1.9e-41,XM_014973314.1,200,1523,1,Poecilia mexicana,Eukaryota; Metazoa; Chordata; Craniata; Vertebrata; Euteleostomi; Actinopterygii; Neopterygii; Teleostei; Neoteleostei; Acanthomorphata; Ovalentaria; Atherinomorphae; Cyprinodontiformes; Poeciliidae; Poeciliinae; Poecilia,0,3_313_KshA15#6,core,0.8789,0,0,0,0,[alpha]
XM_015401473.1:182-1520:1,XP_015256959.1,,LOC107102253,cholesterol 7-desaturase-like,3_313_KshA15,3,134.3,0.5776,3.9e-39,XM_015401473.1,182,1520,1,Cyprinodon variegatus,Eukaryota; Metazoa; Chordata; Craniata; Vertebrata; Euteleostomi; Actinopterygii; Neopterygii; Teleostei; Neoteleostei; Acanthomorphata; Ovalentaria; Atherinomorphae; Cyprinodontiformes; Cyprinodontidae; Cyprinodon,0,3_313_KshA15#6,core,0.8642,0,0,0,0,[alpha]
XM_015665731.1:127-1519:1,XP_015521217.1,,LOC107225306,cholesterol 7-desaturase,3_313_KshA15,3,146.7,0.57,6.6e-43,XM_015665731.1,127,1519,1,Neodiprion lecontei,Eukaryota; Metazoa; Ecdysozoa; Arthropoda; Hexapoda; Insecta; Pterygota; Neoptera; Endopterygota; Hymenoptera; Tenthredinoidea; Diprionidae; Diprioninae; Neodiprion,0,3_313_KshA15#17,core,0.6158,0,0,0,0,[alpha]
XM_015665732.1:98-1490:1,XP_015521218.1,,LOC107225306,cholesterol 7-desaturase,3_313_KshA15,3,146.7,0.57,6.6e-43,XM_015665732.1,98,1490,1,Neodiprion lecontei,Eukaryota; Metazoa; Ecdysozoa; Arthropoda; Hexapoda; Insecta; Pterygota; Neoptera; Endopterygota; Hymenoptera; Tenthredinoidea; Diprionidae; Diprioninae; Neodiprion,0,3_313_KshA15#17,core,0.6158,0,0,0,0,[alpha]
XM_015745482.1:1068-2340:1,XP_015600968.1,,LOC107270451,cholesterol 7-desaturase,3_313_KshA15,3,145.2,0.5522,1.9e-42,XM_015745482.1,1068,2340,1,Cephus cinctus,Eukaryota; Metazoa; Ecdysozoa; Arthropoda; Hexapoda; Insecta; Pterygota; Neoptera; Holometabola; Hymenoptera; Cephoidea; Cephidae; Cephus,0,3_313_KshA15#34,core,0.6346,0,0,0,0,[alpha]
XM_015745483.2:414-1686:1,XP_015600969.1,,LOC107270451,cholesterol 7-desaturase,3_313_KshA15,3,145.2,0.5522,1.9e-42,XM_015745483.2,414,1686,1,Cephus cinctus,Eukaryota; Metazoa; Ecdysozoa; Arthropoda; Hexapoda; Insecta; Pterygota; Neoptera; Endopterygota; Hymenoptera; Cephoidea; Cephidae; Cephus,0,3_313_KshA15#34,core,0.6346,0,0,0,0,[alpha]
XM_015939818.1:230-1508:1,XP_015795304.1,,LOC107371675,cholesterol 7-desaturase-like,3_313_KshA15,3,87.1,0.5547,8.5e-25,XM_015939818.1,230,1508,1,Tetranychus urticae,Eukaryota; Metazoa; Ecdysozoa; Arthropoda; Chelicerata; Arachnida; Acari; Acariformes; Trombidiformes; Prostigmata; Eleutherengona; Raphignathae; Tetranychoidea; Tetranychidae; Tetranychus,0,3_313_KshA15#103,divergent,0.4011,0,0,0,0,[alpha]
XM_016456015.1:329-1709:1,XP_016311501.1,,LOC107665231,cholesterol 7-desaturase-like,3_313_KshA15,3,135.7,0.5522,1.5e-39,XM_016456015.1,329,1709,1,Sinocyclocheilus anshuiensis,Eukaryota; Metazoa; Chordata; Craniata; Vertebrata; Euteleostomi; Actinopterygii; Neopterygii; Teleostei; Ostariophysi; Cypriniformes; Cyprinidae; Cyprininae; Sinocyclocheilus,0,3_313_KshA15#6,core,0.9519,0,0,0,0,[alpha]
XM_016571134.1:268-1648:1,XP_016426620.1,,LOC107754619,cholesterol 7-desaturase-like,3_313_KshA15,3,135.7,0.5522,1.5e-39,XM_016571134.1,268,1648,1,Sinocyclocheilus rhinocerous,Eukaryota; Metazoa; Chordata; Craniata; Vertebrata; Euteleostomi; Actinopterygii; Neopterygii; Teleostei; Ostariophysi; Cypriniformes; Cyprinidae; Cyprininae; Sinocyclocheilus,0,3_313_KshA15#6,core,0.9519,0,0,0,0,[alpha]
XM_016451936.1:221-1604:1,XP_016307422.1,,LOC107662064,cholesterol 7-desaturase-like,3_313_KshA15,3,135.8,0.5522,1.4e-39,XM_016451936.1,221,1604,1,Sinocyclocheilus anshuiensis,Eukaryota; Metazoa; Chordata; Craniata; Vertebrata; Euteleostomi; Actinopterygii; Neopterygii; Teleostei; Ostariophysi; Cypriniformes; Cyprinidae; Cyprininae; Sinocyclocheilus,0,3_313_KshA15#6,core,0.9423,0,0,0,0,[alpha]
XM_016804977.1:136-1282:1,XP_016660466.1,,LOC100162250,cholesterol 7-desaturase isoform X3,3_313_KshA15,3,106.9,0.5547,8.6e-31,XM_016804977.1,136,1282,1,Acyrthosiphon pisum,Eukaryota; Metazoa; Ecdysozoa; Arthropoda; Hexapoda; Insecta; Pterygota; Neoptera; Paraneoptera; Hemiptera; Sternorrhyncha; Aphidomorpha; Aphidoidea; Aphididae; Macrosiphini; Acyrthosiphon,0,3_313_KshA15#50,divergent,0.4747,0,0,0,0,[alpha]
XM_017425476.1:937-2230:1,XP_017280965.1,,LOC108241378,cholesterol 7-desaturase-like,3_313_KshA15,3,134.0,0.5623,4.9e-39,XM_017425476.1,937,2230,1,Kryptolebias marmoratus,Eukaryota; Metazoa; Chordata; Craniata; Vertebrata; Euteleostomi; Actinopterygii; Neopterygii; Teleostei; Neoteleostei; Acanthomorphata; Ovalentaria; Atherinomorphae; Cyprinodontiformes; Rivulidae; Kryptolebias,0,3_313_KshA15#6,core,0.6245,0,0,0,0,[alpha]
XM_017834641.1:0-1401:1,XP_017690130.1,,LOC108507043,cholesterol 7-desaturase-like,3_313_KshA15,3,134.7,0.5547,3.1e-39,XM_017834641.1,0,1401,1,Lepidothrix coronata,Eukaryota; Metazoa; Chordata; Craniata; Vertebrata; Euteleostomi; Archelosauria; Archosauria; Dinosauria; Saurischia; Theropoda; Coelurosauria; Aves; Neognathae; Neoaves; Telluraves; Australaves; Passeriformes; Pipridae; Lepidothrix,0,3_313_KshA15#49,core,0.5665,0,0,0,0,[alpha]
XM_017493514.3:241-1630:1,XP_017349003.1,,zgc:92275,cholesterol 7-desaturase nvd,3_313_KshA15,3,137.7,0.5522,3.6e-40,XM_017493514.3,241,1630,1,Ictalurus punctatus,Eukaryota; Metazoa; Chordata; Craniata; Vertebrata; Euteleostomi; Actinopterygii; Neopterygii; Teleostei; Ostariophysi; Siluriformes; Ictaluridae; Ictalurus,0,3_313_KshA15#6,core,0.8399,0,0,0,0,[alpha]
XM_017711327.1:371-1739:1,XP_017566816.1,,LOC108435469,cholesterol 7-desaturase-like,3_313_KshA15,3,135.7,0.5522,1.5e-39,XM_017711327.1,371,1739,1,Pygocentrus nattereri,Eukaryota; Metazoa; Chordata; Craniata; Vertebrata; Euteleostomi; Actinopterygii; Neopterygii; Teleostei; Ostariophysi; Characiformes; Characoidei; Pygocentrus,0,3_313_KshA15#6,core,0.8603,0,0,0,0,[alpha]
XM_018035868.2:149-1391:1,XP_017891357.1,,LOC108631726,cholesterol 7-desaturase,3_313_KshA15,3,138.9,0.5674,1.6e-40,XM_018035868.2,149,1391,1,Ceratina calcarata,Eukaryota; Metazoa; Ecdysozoa; Arthropoda; Hexapoda; Insecta; Pterygota; Neoptera; Endopterygota; Hymenoptera; Apocrita; Aculeata; Apoidea; Anthophila; Apidae; Ceratina; Zadontomerus,0,3_313_KshA15#21,core,0.5641,0,0,0,0,[alpha]
XM_018161838.2:160-1567:1,XP_018017327.1,,LOC108673947,cholesterol 7-desaturase nvd,3_313_KshA15,3,153.3,0.5623,6.9e-45,XM_018161838.2,160,1567,1,Hyalella azteca,Eukaryota; Metazoa; Ecdysozoa; Arthropoda; Crustacea; Multicrustacea; Malacostraca; Eumalacostraca; Peracarida; Amphipoda; Senticaudata; Talitrida; Talitroidea; Hyalellidae; Hyalella,0,3_313_KshA15#102,divergent,0.4579,0,0,0,0,[alpha]
XM_018229344.1:63-1431:1,XP_018084833.1,,LOC108698103,cholesterol 7-desaturase-like isoform X1,3_313_KshA15,3,130.7,0.5725,4.8e-38,XM_018229344.1,63,1431,1,Xenopus laevis,Eukaryota; Metazoa; Chordata; Craniata; Vertebrata; Euteleostomi; Amphibia; Batrachia; Anura; Pipoidea; Pipidae; Xenopodinae; Xenopus; Xenopus,0,3_313_KshA15#6,core,0.6833,0,0,0,0,[alpha]
XM_018229344.2:63-1431:1,XP_018084833.1,,XB5992703.L,cholesterol 7-desaturase nvd-like,3_313_KshA15,3,130.7,0.5725,4.8e-38,XM_018229344.2,63,1431,1,Xenopus laevis,Eukaryota; Metazoa; Chordata; Craniata; Vertebrata; Euteleostomi; Amphibia; Batrachia; Anura; Pipoidea; Pipidae; Xenopodinae; Xenopus; Xenopus,0,3_313_KshA15#6,core,0.6833,0,0,0,0,[alpha]
XM_018522911.1:85-1399:1,XP_018378413.1,,LOC108771037,cholesterol 7-desaturase-like,3_313_KshA15,3,128.9,0.5496,1.7e-37,XM_018522911.1,85,1399,1,Trachymyrmex cornetzi,Eukaryota; Metazoa; Ecdysozoa; Arthropoda; Hexapoda; Insecta; Pterygota; Neoptera; Endopterygota; Hymenoptera; Apocrita; Aculeata; Formicoidea; Formicidae; Myrmicinae; Trachymyrmex,0,3_313_KshA15#17,core,0.7754,0,0,0,0,[alpha]
XM_018548524.1:82-1390:1,XP_018404026.1,,LOC108780726,cholesterol 7-desaturase-like isoform X2,3_313_KshA15,3,126.1,0.5496,1.2e-36,XM_018548524.1,82,1390,1,Cyphomyrmex costatus,Eukaryota; Metazoa; Ecdysozoa; Arthropoda; Hexapoda; Insecta; Pterygota; Neoptera; Endopterygota; Hymenoptera; Apocrita; Aculeata; Formicoidea; Formicidae; Myrmicinae; Cyphomyrmex,0,3_313_KshA15#17,core,0.7407,0,0,0,0,[alpha]
XM_018693085.1:2405-3773:1,XP_018548601.1,,LOC108894422,LOW QUALITY PROTEIN: cholesterol 7-desaturase-like,3_313_KshA15,3,137.7,0.5522,3.6e-40,XM_018693085.1,2405,3773,1,Lates calcarifer,Eukaryota; Metazoa; Chordata; Craniata; Vertebrata; Euteleostomi; Actinopterygii; Neopterygii; Teleostei; Neoteleostei; Acanthomorphata; Carangaria; Carangaria incertae sedis; Centropomidae; Lates,0,3_313_KshA15#6,core,0.8376,0,0,0,0,[alpha]
XM_019785787.1:112-1354:1,XP_019641346.1,,LOC109482902,cholesterol 7-desaturase-like,3_313_KshA15,3,140.8,0.5802,4.2e-41,XM_019785787.1,112,1354,1,Branchiostoma belcheri,Eukaryota; Metazoa; Chordata; Cephalochordata; Leptocardii; Amphioxiformes; Branchiostomatidae; Branchiostoma,0,3_313_KshA15#60,divergent,0.5277,0,0,0,0,[alpha]
XM_019763870.1:379-1756:1,XP_019619429.1,,LOC109466201,cholesterol 7-desaturase-like,3_313_KshA15,3,146.4,0.5802,8.1e-43,XM_019763870.1,379,1756,1,Branchiostoma belcheri,Eukaryota; Metazoa; Chordata; Cephalochordata; Leptocardii; Amphioxiformes; Branchiostomatidae; Branchiostoma,0,3_313_KshA15#39,divergent,0.5341,0,0,0,0,[alpha]
XM_020809147.1:0-1086:1,XP_020664806.1,,LOC110087450,cholesterol 7-desaturase-like,3_313_KshA15,3,137.6,0.5445,3.9e-40,XM_020809147.1,0,1086,1,Pogona vitticeps,Eukaryota; Metazoa; Chordata; Craniata; Vertebrata; Euteleostomi; Lepidosauria; Squamata; Bifurcata; Unidentata; Episquamata; Toxicofera; Iguania; Acrodonta; Agamidae; Amphibolurinae; Pogona,0,3_313_KshA15#49,core,0.5986,0,0,0,0,[alpha]
XM_022465569.1:396-1785:1,XP_022321277.1,,LOC111123314,cholesterol 7-desaturase-like,3_313_KshA15,3,133.8,0.5725,5.6e-39,XM_022465569.1,396,1785,1,Crassostrea virginica,Eukaryota; Metazoa; Spiralia; Lophotrochozoa; Mollusca; Bivalvia; Autobranchia; Pteriomorphia; Ostreida; Ostreoidea; Ostreidae; Crassostrea,0,3_313_KshA15#32,core,0.5873,0,0,0,0,[alpha]
XM_022471779.1:0-1389:1,XP_022327487.1,,LOC111126872,cholesterol 7-desaturase-like,3_313_KshA15,3,132.0,0.5725,2e-38,XM_022471779.1,0,1389,1,Crassostrea virginica,Eukaryota; Metazoa; Spiralia; Lophotrochozoa; Mollusca; Bivalvia; Autobranchia; Pteriomorphia; Ostreida; Ostreoidea; Ostreidae; Crassostrea,0,3_313_KshA15#32,core,0.5914,0,0,0,0,[alpha]
XM_022472056.1:83-1499:1,XP_022327764.1,,LOC111127059,cholesterol 7-desaturase-like,3_313_KshA15,3,137.9,0.6031,3.1e-40,XM_022472056.1,83,1499,1,Crassostrea virginica,Eukaryota; Metazoa; Spiralia; Lophotrochozoa; Mollusca; Bivalvia; Autobranchia; Pteriomorphia; Ostreida; Ostreoidea; Ostreidae; Crassostrea,0,3_313_KshA15#32,core,0.5607,0,0,0,0,[alpha]
XM_022231739.1:48-1425:1,XP_022087431.1,,LOC110977515,cholesterol 7-desaturase-like,3_313_KshA15,3,103.6,0.5394,8.1e-30,XM_022231739.1,48,1425,1,Acanthaster planci,Eukaryota; Metazoa; Echinodermata; Eleutherozoa; Asterozoa; Asteroidea; Valvatacea; Valvatida; Acanthasteridae; Acanthaster,0,3_313_KshA15#77,divergent,0.5062,0,0,0,0,[alpha]
XM_022232503.1:0-936:1,XP_022088195.1,,LOC110977954,cholesterol 7-desaturase-like,3_313_KshA15,3,94.9,0.4911,3.7e-27,XM_022232503.1,0,936,1,Acanthaster planci,Eukaryota; Metazoa; Echinodermata; Eleutherozoa; Asterozoa; Asteroidea; Valvatacea; Valvatida; Acanthasteridae; Acanthaster,0,3_313_KshA15#101,divergent,0.5306,0,0,0,0,[alpha]
XM_022237369.1:104-1526:1,XP_022093061.1,,LOC110980559,cholesterol 7-desaturase-like,3_313_KshA15,3,135.8,0.5496,1.4e-39,XM_022237369.1,104,1526,1,Acanthaster planci,Eukaryota; Metazoa; Echinodermata; Eleutherozoa; Asterozoa; Asteroidea; Valvatacea; Valvatida; Acanthasteridae; Acanthaster,0,3_313_KshA15#100,divergent,0.4414,0,0,0,0,[alpha]
XM_022231738.1:175-1558:1,XP_022087430.1,,LOC110977513,cholesterol 7-desaturase-like,3_313_KshA15,3,115.9,0.598,1.5e-33,XM_022231738.1,175,1558,1,Acanthaster planci,Eukaryota; Metazoa; Echinodermata; Eleutherozoa; Asterozoa; Asteroidea; Valvatacea; Valvatida; Acanthasteridae; Acanthaster,0,3_313_KshA15#77,novel_candidate,0.379,0,0,0,0,[alpha]
XM_022465568.1:0-1416:1,XP_022321276.1,,LOC111123313,cholesterol 7-desaturase-like,3_313_KshA15,3,137.5,0.6031,4.2e-40,XM_022465568.1,0,1416,1,Crassostrea virginica,Eukaryota; Metazoa; Spiralia; Lophotrochozoa; Mollusca; Bivalvia; Autobranchia; Pteriomorphia; Ostreida; Ostreoidea; Ostreidae; Crassostrea,0,3_313_KshA15#32,core,0.5654,0,0,0,0,[alpha]
XM_022976444.1:154-1510:1,XP_022832212.1,,LOC111360496,cholesterol 7-desaturase,3_313_KshA15,3,118.6,0.5445,2.2e-34,XM_022976444.1,154,1510,1,Spodoptera litura,Eukaryota; Metazoa; Ecdysozoa; Arthropoda; Hexapoda; Insecta; Pterygota; Neoptera; Endopterygota; Lepidoptera; Glossata; Ditrysia; Noctuoidea; Noctuidae; Amphipyrinae; Spodoptera,0,3_313_KshA15#31,novel_candidate,0.3795,0,0,0,0,[alpha]
XM_024086461.1:161-1484:1,XP_023942229.1,,LOC112048798,cholesterol 7-desaturase,3_313_KshA15,3,110.4,0.5445,7.3e-32,XM_024086461.1,161,1484,1,Bicyclus anynana,Eukaryota; Metazoa; Ecdysozoa; Arthropoda; Hexapoda; Insecta; Pterygota; Neoptera; Endopterygota; Lepidoptera; Glossata; Ditrysia; Papilionoidea; Nymphalidae; Satyrinae; Satyrini; Mycalesina; Bicyclus,0,3_313_KshA15#31,divergent,0.4191,0,0,0,0,[alpha]
XM_023313783.2:0-1314:1,XP_023169551.2,,LOC111598510,cholesterol 7-desaturase,3_313_KshA15,3,132.7,0.5649,1.2e-38,XM_023313783.2,0,1314,1,Drosophila hydei,Eukaryota; Metazoa; Ecdysozoa; Arthropoda; Hexapoda; Insecta; Pterygota; Neoptera; Endopterygota; Diptera; Brachycera; Muscomorpha; Ephydroidea; Drosophilidae; Drosophila,0,3_313_KshA15#75,divergent,0.4333,0,0,0,0,[alpha]
XM_025028049.1:3166-4492:1,XP_024883817.1,,LOC112462326,cholesterol 7-desaturase-like,3_313_KshA15,3,132.6,0.57,1.3e-38,XM_025028049.1,3166,4492,1,Temnothorax curvispinosus,Eukaryota; Metazoa; Ecdysozoa; Arthropoda; Hexapoda; Insecta; Pterygota; Neoptera; Endopterygota; Hymenoptera; Apocrita; Aculeata; Formicoidea; Formicidae; Myrmicinae; Temnothorax,0,3_313_KshA15#17,core,0.9851,0,0,0,0,[alpha]
XM_025028050.1:3128-4454:1,XP_024883818.1,,LOC112462326,cholesterol 7-desaturase-like,3_313_KshA15,3,132.6,0.57,1.3e-38,XM_025028050.1,3128,4454,1,Temnothorax curvispinosus,Eukaryota; Metazoa; Ecdysozoa; Arthropoda; Hexapoda; Insecta; Pterygota; Neoptera; Endopterygota; Hymenoptera; Apocrita; Aculeata; Formicoidea; Formicidae; Myrmicinae; Temnothorax,0,3_313_KshA15#17,core,0.9851,0,0,0,0,[alpha]
XM_025037423.1:619-1945:1,XP_024893191.1,,LOC112468302,cholesterol 7-desaturase-like,3_313_KshA15,3,132.6,0.57,1.3e-38,XM_025037423.1,619,1945,1,Temnothorax curvispinosus,Eukaryota; Metazoa; Ecdysozoa; Arthropoda; Hexapoda; Insecta; Pterygota; Neoptera; Endopterygota; Hymenoptera; Apocrita; Aculeata; Formicoidea; Formicidae; Myrmicinae; Temnothorax,0,3_313_KshA15#17,core,0.9851,0,0,0,0,[alpha]
XM_025028047.1:3179-4505:1,XP_024883815.1,,LOC112462326,cholesterol 7-desaturase-like,3_313_KshA15,3,132.6,0.57,1.3e-38,XM_025028047.1,3179,4505,1,Temnothorax curvispinosus,Eukaryota; Metazoa; Ecdysozoa; Arthropoda; Hexapoda; Insecta; Pterygota; Neoptera; Endopterygota; Hymenoptera; Apocrita; Aculeata; Formicoidea; Formicidae; Myrmicinae; Temnothorax,0,3_313_KshA15#17,core,0.9851,0,0,0,0,[alpha]
XM_025028048.1:3075-4401:1,XP_024883816.1,,LOC112462326,cholesterol 7-desaturase-like,3_313_KshA15,3,132.6,0.57,1.3e-38,XM_025028048.1,3075,4401,1,Temnothorax curvispinosus,Eukaryota; Metazoa; Ecdysozoa; Arthropoda; Hexapoda; Insecta; Pterygota; Neoptera; Endopterygota; Hymenoptera; Apocrita; Aculeata; Formicoidea; Formicidae; Myrmicinae; Temnothorax,0,3_313_KshA15#17,core,0.9851,0,0,0,0,[alpha]
XM_025210448.1:0-1071:1,XP_025066233.1,,LOC102371146,cholesterol 7-desaturase-like,3_313_KshA15,3,121.4,0.4707,3.3e-35,XM_025210448.1,0,1071,1,Alligator sinensis,Eukaryota; Metazoa; Chordata; Craniata; Vertebrata; Euteleostomi; Archelosauria; Archosauria; Crocodylia; Alligatoridae; Alligatorinae; Alligator,0,3_313_KshA15#6,core,0.5745,0,0,0,0,[alpha]
XM_025087801.1:2164-3436:1,XP_024943569.1,,LOC107270451,cholesterol 7-desaturase,3_313_KshA15,3,145.2,0.5522,1.9e-42,XM_025087801.1,2164,3436,1,Cephus cinctus,Eukaryota; Metazoa; Ecdysozoa; Arthropoda; Hexapoda; Insecta; Pterygota; Neoptera; Endopterygota; Hymenoptera; Cephoidea; Cephidae; Cephus,0,3_313_KshA15#34,core,0.6346,0,0,0,0,[alpha]
XM_025087802.1:2050-3322:1,XP_024943570.1,,LOC107270451,cholesterol 7-desaturase,3_313_KshA15,3,145.2,0.5522,1.9e-42,XM_025087802.1,2050,3322,1,Cephus cinctus,Eukaryota; Metazoa; Ecdysozoa; Arthropoda; Hexapoda; Insecta; Pterygota; Neoptera; Endopterygota; Hymenoptera; Cephoidea; Cephidae; Cephus,0,3_313_KshA15#34,core,0.6346,0,0,0,0,[alpha]
XM_025087803.1:385-1657:1,XP_024943571.1,,LOC107270451,cholesterol 7-desaturase,3_313_KshA15,3,145.2,0.5522,1.9e-42,XM_025087803.1,385,1657,1,Cephus cinctus,Eukaryota; Metazoa; Ecdysozoa; Arthropoda; Hexapoda; Insecta; Pterygota; Neoptera; Endopterygota; Hymenoptera; Cephoidea; Cephidae; Cephus,0,3_313_KshA15#34,core,0.6346,0,0,0,0,[alpha]
XM_025563491.1:239-1562:1,XP_025419276.1,,LOC112689667,cholesterol 7-desaturase isoform X1,3_313_KshA15,3,103.3,0.542,1e-29,XM_025563491.1,239,1562,1,Sipha flava,Eukaryota; Metazoa; Ecdysozoa; Arthropoda; Hexapoda; Insecta; Pterygota; Neoptera; Paraneoptera; Hemiptera; Sternorrhyncha; Aphidomorpha; Aphidoidea; Aphididae; Sipha,0,3_313_KshA15#50,divergent,0.4191,0,0,0,0,[alpha]
XM_025563492.1:103-1426:1,XP_025419277.1,,LOC112689667,cholesterol 7-desaturase isoform X1,3_313_KshA15,3,103.3,0.542,1e-29,XM_025563492.1,103,1426,1,Sipha flava,Eukaryota; Metazoa; Ecdysozoa; Arthropoda; Hexapoda; Insecta; Pterygota; Neoptera; Paraneoptera; Hemiptera; Sternorrhyncha; Aphidomorpha; Aphidoidea; Aphididae; Sipha,0,3_313_KshA15#50,divergent,0.4191,0,0,0,0,[alpha]
XM_025563493.1:315-1383:1,XP_025419278.1,,LOC112689667,cholesterol 7-desaturase isoform X2,3_313_KshA15,3,103.9,0.5394,6.8e-30,XM_025563493.1,315,1383,1,Sipha flava,Eukaryota; Metazoa; Ecdysozoa; Arthropoda; Hexapoda; Insecta; Pterygota; Neoptera; Paraneoptera; Hemiptera; Sternorrhyncha; Aphidomorpha; Aphidoidea; Aphididae; Sipha,0,3_313_KshA15#50,divergent,0.4172,0,0,0,0,[alpha]
XM_026234387.1:138-1518:1,XP_026090172.1,,LOC113063929,cholesterol 7-desaturase-like isoform X1,3_313_KshA15,3,135.2,0.5522,2.2e-39,XM_026234387.1,138,1518,1,Carassius auratus,Eukaryota; Metazoa; Chordata; Craniata; Vertebrata; Euteleostomi; Actinopterygii; Neopterygii; Teleostei; Ostariophysi; Cypriniformes; Cyprinidae; Cyprininae; Carassius,0,3_313_KshA15#6,core,0.9471,0,0,0,0,[alpha]
XM_026419621.2:225-1458:1,XP_026275406.2,,LOC113204432,cholesterol 7-desaturase nvd-like,3_313_KshA15,3,144.2,0.5674,3.8e-42,XM_026419621.2,225,1458,1,Frankliniella occidentalis,Eukaryota; Metazoa; Ecdysozoa; Arthropoda; Hexapoda; Insecta; Pterygota; Neoptera; Paraneoptera; Thysanoptera; Terebrantia; Thripoidea; Thripidae; Frankliniella,0,3_313_KshA15#30,divergent,0.5344,0,0,0,0,[alpha]
XM_026440700.1:162-1401:1,XP_026296485.1,,LOC107965828,cholesterol 7-desaturase,3_313_KshA15,3,144.6,0.5471,3e-42,XM_026440700.1,162,1401,1,Apis mellifera,Eukaryota; Metazoa; Ecdysozoa; Arthropoda; Hexapoda; Insecta; Pterygota; Neoptera; Endopterygota; Hymenoptera; Apocrita; Aculeata; Apoidea; Anthophila; Apidae; Apis,0,3_313_KshA15#21,core,0.6008,0,0,0,0,[alpha]
XM_026627359.1:3-1326:1,XP_026483144.1,,LOC113391399,cholesterol 7-desaturase,3_313_KshA15,3,114.1,0.5394,5.4e-33,XM_026627359.1,3,1326,1,Vanessa tameamea,Eukaryota; Metazoa; Ecdysozoa; Arthropoda; Hexapoda; Insecta; Pterygota; Neoptera; Endopterygota; Lepidoptera; Glossata; Ditrysia; Papilionoidea; Nymphalidae; Nymphalinae; Vanessa,0,3_313_KshA15#31,novel_candidate,0.3882,0,0,0,0,[alpha]
XM_026686565.1:0-1410:1,XP_026542350.1,,LOC113424726,cholesterol 7-desaturase-like,3_313_KshA15,3,131.4,0.5573,3e-38,XM_026686565.1,0,1410,1,Notechis scutatus,Eukaryota; Metazoa; Chordata; Craniata; Vertebrata; Euteleostomi; Lepidosauria; Squamata; Bifurcata; Unidentata; Episquamata; Toxicofera; Serpentes; Colubroidea; Elapidae; Acanthophiinae; Notechis,0,3_313_KshA15#58,core,0.5885,0,0,0,0,[alpha]
XM_026821579.1:0-1314:1,XP_026677380.1,,LOC103506558,cholesterol 7-desaturase-like,3_313_KshA15,3,154.0,0.5598,4e-45,XM_026821579.1,0,1314,1,Diaphorina citri,Eukaryota; Metazoa; Ecdysozoa; Arthropoda; Hexapoda; Insecta; Pterygota; Neoptera; Paraneoptera; Hemiptera; Sternorrhyncha; Psylloidea; Psyllidae; Diaphorininae; Diaphorina,0,3_313_KshA15#99,novel_candidate,0.3887,0,0,0,0,[alpha]
XM_026892269.1:133-1453:1,XP_026748070.1,,LOC113509023,cholesterol 7-desaturase,3_313_KshA15,3,113.8,0.5496,6.8e-33,XM_026892269.1,133,1453,1,Trichoplusia ni,Eukaryota; Metazoa; Ecdysozoa; Arthropoda; Hexapoda; Insecta; Pterygota; Neoptera; Endopterygota; Lepidoptera; Glossata; Ditrysia; Noctuoidea; Noctuidae; Plusiinae; Trichoplusia,0,3_313_KshA15#31,divergent,0.4056,0,0,0,0,[alpha]
XM_026892270.1:1114-2434:1,XP_026748071.1,,LOC113509023,cholesterol 7-desaturase,3_313_KshA15,3,113.8,0.5496,6.8e-33,XM_026892270.1,1114,2434,1,Trichoplusia ni,Eukaryota; Metazoa; Ecdysozoa; Arthropoda; Hexapoda; Insecta; Pterygota; Neoptera; Endopterygota; Lepidoptera; Glossata; Ditrysia; Noctuoidea; Noctuidae; Plusiinae; Trichoplusia,0,3_313_KshA15#31,divergent,0.4056,0,0,0,0,[alpha]
XM_027727069.2:0-1242:1,XP_027582870.2,,LOC113991065,cholesterol 7-desaturase nvd-like,3_313_KshA15,3,132.8,0.5547,1.1e-38,XM_027727069.2,0,1242,1,Pipra filicauda,Eukaryota; Metazoa; Chordata; Craniata; Vertebrata; Euteleostomi; Archelosauria; Archosauria; Dinosauria; Saurischia; Theropoda; Coelurosauria; Aves; Neognathae; Neoaves; Telluraves; Australaves; Passeriformes; Pipridae; Pipra,0,3_313_KshA15#49,core,0.5833,0,0,0,0,[alpha]
XM_028418491.1:0-1365:1,XP_028274292.1,,LOC114444086,cholesterol 7-desaturase-like,3_313_KshA15,3,135.1,0.5522,2.2e-39,XM_028418491.1,0,1365,1,Parambassis ranga,Eukaryota; Metazoa; Chordata; Craniata; Vertebrata; Euteleostomi; Actinopterygii; Neopterygii; Teleostei; Neoteleostei; Acanthomorphata; Ovalentaria; Ambassidae; Parambassis,0,3_313_KshA15#6,core,0.7747,0,0,0,0,[alpha]
XM_029169137.3:243-1584:1,XP_029024970.1,,zgc:92275,cholesterol 7-desaturase nvd,3_313_KshA15,3,124.9,0.5522,2.8e-36,XM_029169137.3,243,1584,1,Betta splendens,Eukaryota; Metazoa; Chordata; Craniata; Vertebrata; Euteleostomi; Actinopterygii; Neopterygii; Teleostei; Neoteleostei; Acanthomorphata; Anabantaria; Anabantiformes; Anabantoidei; Osphronemidae; Betta,0,3_313_KshA15#6,core,0.7831,0,0,0,0,[alpha]
XM_029445154.1:0-1371:1,XP_029301014.1,,LOC115016994,cholesterol 7-desaturase-like,3_313_KshA15,3,138.1,0.5547,2.8e-40,XM_029445154.1,0,1371,1,Cottoperca gobio,Eukaryota; Metazoa; Chordata; Craniata; Vertebrata; Euteleostomi; Actinopterygii; Neopterygii; Teleostei; Neoteleostei; Acanthomorphata; Eupercaria; Perciformes; Notothenioidei; Bovichtidae; Cottoperca,0,3_313_KshA15#6,core,0.8969,0,0,0,0,[alpha]
XM_030524064.1:208-1525:1,XP_030379924.1,,LOC115628087,cholesterol 7-desaturase isoform X1,3_313_KshA15,3,135.6,0.5827,1.5e-39,XM_030524064.1,208,1525,1,Scaptodrosophila lebanonensis,Eukaryota; Metazoa; Ecdysozoa; Arthropoda; Hexapoda; Insecta; Pterygota; Neoptera; Endopterygota; Diptera; Brachycera; Muscomorpha; Ephydroidea; Drosophilidae; Scaptodrosophila,0,3_313_KshA15#48,divergent,0.4252,0,0,0,0,[alpha]
XM_029794501.2:35-1481:1,XP_029650361.1,,LOC115223821,cholesterol 7-desaturase,3_313_KshA15,3,117.1,0.5598,6.5e-34,XM_029794501.2,35,1481,1,Octopus sinensis,Eukaryota; Metazoa; Spiralia; Lophotrochozoa; Mollusca; Cephalopoda; Coleoidea; Octopodiformes; Octopoda; Incirrata; Octopodidae; Octopus,0,3_313_KshA15#32,divergent,0.545,0,0,0,0,[alpha]
XM_030206313.1:0-1371:1,XP_030062173.1,,LOC115472163,cholesterol 7-desaturase-like,3_313_KshA15,3,136.1,0.5878,1.1e-39,XM_030206313.1,0,1371,1,Microcaecilia unicolor,Eukaryota; Metazoa; Chordata; Craniata; Vertebrata; Euteleostomi; Amphibia; Gymnophiona; Siphonopidae; Microcaecilia,0,3_313_KshA15#6,core,0.6976,0,0,0,0,[alpha]
XM_030769782.1:135-1518:1,XP_030625642.1,,LOC115808419,cholesterol 7-desaturase-like,3_313_KshA15,3,131.7,0.5522,2.4e-38,XM_030769782.1,135,1518,1,Chanos chanos,Eukaryota; Metazoa; Chordata; Craniata; Vertebrata; Euteleostomi; Actinopterygii; Neopterygii; Teleostei; Ostariophysi; Gonorynchiformes; Chanidae; Chanos,0,3_313_KshA15#6,core,0.8576,0,0,0,0,[alpha]
XM_031713790.1:146-1526:1,XP_031569650.1,,LOC116304131,cholesterol 7-desaturase-like isoform X1,3_313_KshA15,3,111.8,0.5598,2.8e-32,XM_031713790.1,146,1526,1,Actinia tenebrosa,Eukaryota; Metazoa; Cnidaria; Anthozoa; Hexacorallia; Actiniaria; Actiniidae; Actinia,0,3_313_KshA15#98,core,0.564,0,0,0,0,[alpha]
XM_031713791.1:353-1442:1,XP_031569651.1,,LOC116304131,cholesterol 7-desaturase-like isoform X2,3_313_KshA15,3,112.4,0.5598,1.8e-32,XM_031713791.1,353,1442,1,Actinia tenebrosa,Eukaryota; Metazoa; Cnidaria; Anthozoa; Hexacorallia; Actiniaria; Actiniidae; Actinia,0,3_313_KshA15#38,core,0.564,0,0,0,0,[alpha]
XM_031578014.2:545-1928:1,XP_031433874.1,,zgc:92275,cholesterol 7-desaturase nvd,3_313_KshA15,3,132.1,0.5522,1.9e-38,XM_031578014.2,545,1928,1,Clupea harengus,Eukaryota; Metazoa; Chordata; Craniata; Vertebrata; Euteleostomi; Actinopterygii; Neopterygii; Teleostei; Clupei; Clupeiformes; Clupeoidei; Clupeidae; Clupea,0,3_313_KshA15#6,core,0.8912,0,0,0,0,[alpha]
XM_033302538.1:68-1448:1,XP_033158429.1,,LOC117139879,cholesterol 7-desaturase isoform X2,3_313_KshA15,3,128.9,0.5878,1.7e-37,XM_033302538.1,68,1448,1,Drosophila mauritiana,Eukaryota; Metazoa; Ecdysozoa; Arthropoda; Hexapoda; Insecta; Pterygota; Neoptera; Endopterygota; Diptera; Brachycera; Muscomorpha; Ephydroidea; Drosophilidae; Drosophila; Sophophora,0,3_313_KshA15#29,divergent,0.4941,0,0,0,0,[alpha]
XM_033302539.1:67-1360:1,XP_033158430.1,,LOC117139879,cholesterol 7-desaturase isoform X3,3_313_KshA15,3,128.8,0.5878,1.8e-37,XM_033302539.1,67,1360,1,Drosophila mauritiana,Eukaryota; Metazoa; Ecdysozoa; Arthropoda; Hexapoda; Insecta; Pterygota; Neoptera; Endopterygota; Diptera; Brachycera; Muscomorpha; Ephydroidea; Drosophilidae; Drosophila; Sophophora,0,3_313_KshA15#29,divergent,0.4941,0,0,0,0,[alpha]
XM_033302540.1:66-1356:1,XP_033158431.1,,LOC117139879,cholesterol 7-desaturase isoform X4,3_313_KshA15,3,128.6,0.5852,2.1e-37,XM_033302540.1,66,1356,1,Drosophila mauritiana,Eukaryota; Metazoa; Ecdysozoa; Arthropoda; Hexapoda; Insecta; Pterygota; Neoptera; Endopterygota; Diptera; Brachycera; Muscomorpha; Ephydroidea; Drosophilidae; Drosophila; Sophophora,0,3_313_KshA15#29,divergent,0.4941,0,0,0,0,[alpha]
XM_033302541.1:259-1609:1,XP_033158432.1,,LOC117139879,cholesterol 7-desaturase isoform X5,3_313_KshA15,3,129.1,0.5878,1.5e-37,XM_033302541.1,259,1609,1,Drosophila mauritiana,Eukaryota; Metazoa; Ecdysozoa; Arthropoda; Hexapoda; Insecta; Pterygota; Neoptera; Endopterygota; Diptera; Brachycera; Muscomorpha; Ephydroidea; Drosophilidae; Drosophila; Sophophora,0,3_313_KshA15#29,divergent,0.4941,0,0,0,0,[alpha]
XM_032979577.1:66-1476:1,XP_032835468.1,,LOC116957437,cholesterol 7-desaturase-like isoform X1,3_313_KshA15,3,151.2,0.5573,2.9e-44,XM_032979577.1,66,1476,1,Petromyzon marinus,Eukaryota; Metazoa; Chordata; Craniata; Vertebrata; Cyclostomata; Hyperoartia; Petromyzontiformes; Petromyzontidae; Petromyzon,0,3_313_KshA15#39,core,0.6461,0,0,0,0,[alpha]
XM_032979578.1:242-1556:1,XP_032835469.1,,LOC116957437,cholesterol 7-desaturase-like isoform X2,3_313_KshA15,3,151.6,0.5573,2.2e-44,XM_032979578.1,242,1556,1,Petromyzon marinus,Eukaryota; Metazoa; Chordata; Craniata; Vertebrata; Cyclostomata; Hyperoartia; Petromyzontiformes; Petromyzontidae; Petromyzon,0,3_313_KshA15#160,core,0.6461,0,0,0,0,[alpha]
XM_033302537.1:68-1457:1,XP_033158428.1,,LOC117139879,cholesterol 7-desaturase isoform X1,3_313_KshA15,3,128.9,0.5878,1.7e-37,XM_033302537.1,68,1457,1,Drosophila mauritiana,Eukaryota; Metazoa; Ecdysozoa; Arthropoda; Hexapoda; Insecta; Pterygota; Neoptera; Endopterygota; Diptera; Brachycera; Muscomorpha; Ephydroidea; Drosophilidae; Drosophila; Sophophora,0,3_313_KshA15#29,divergent,0.4941,0,0,0,0,[alpha]
XM_032200531.1:0-1140:1,XP_032056422.1,,LOC116497035,cholesterol 7-desaturase-like,3_313_KshA15,3,132.3,0.5445,1.6e-38,XM_032200531.1,0,1140,1,Aythya fuligula,Eukaryota; Metazoa; Chordata; Craniata; Vertebrata; Euteleostomi; Archelosauria; Archosauria; Dinosauria; Saurischia; Theropoda; Coelurosauria; Aves; Neognathae; Galloanserae; Anseriformes; Anatidae; Aythyinae; Aythya,0,3_313_KshA15#49,core,0.5545,0,0,0,0,[alpha]
XM_033302543.1:11-1352:1,XP_033158434.1,,LOC117139879,cholesterol 7-desaturase isoform X7,3_313_KshA15,3,129.1,0.5878,1.5e-37,XM_033302543.1,11,1352,1,Drosophila mauritiana,Eukaryota; Metazoa; Ecdysozoa; Arthropoda; Hexapoda; Insecta; Pterygota; Neoptera; Endopterygota; Diptera; Brachycera; Muscomorpha; Ephydroidea; Drosophilidae; Drosophila; Sophophora,0,3_313_KshA15#29,divergent,0.4941,0,0,0,0,[alpha]
XM_033302544.1:15-1320:1,XP_033158435.1,,LOC117139879,cholesterol 7-desaturase isoform X8,3_313_KshA15,3,129.2,0.5878,1.4e-37,XM_033302544.1,15,1320,1,Drosophila mauritiana,Eukaryota; Metazoa; Ecdysozoa; Arthropoda; Hexapoda; Insecta; Pterygota; Neoptera; Endopterygota; Diptera; Brachycera; Muscomorpha; Ephydroidea; Drosophilidae; Drosophila; Sophophora,0,3_313_KshA15#29,divergent,0.4941,0,0,0,0,[alpha]
XM_033377097.1:175-1471:1,XP_033232988.1,,LOC26533291,cholesterol 7-desaturase isoform X1,3_313_KshA15,3,126.6,0.5725,8.4e-37,XM_033377097.1,175,1471,1,Drosophila pseudoobscura,Eukaryota; Metazoa; Ecdysozoa; Arthropoda; Hexapoda; Insecta; Pterygota; Neoptera; Endopterygota; Diptera; Brachycera; Muscomorpha; Ephydroidea; Drosophilidae; Drosophila; Sophophora,0,3_313_KshA15#48,divergent,0.4202,0,0,0,0,[alpha]
XM_033377098.1:110-1406:1,XP_033232989.1,,LOC26533291,cholesterol 7-desaturase isoform X1,3_313_KshA15,3,126.6,0.5725,8.4e-37,XM_033377098.1,110,1406,1,Drosophila pseudoobscura,Eukaryota; Metazoa; Ecdysozoa; Arthropoda; Hexapoda; Insecta; Pterygota; Neoptera; Endopterygota; Diptera; Brachycera; Muscomorpha; Ephydroidea; Drosophilidae; Drosophila; Sophophora,0,3_313_KshA15#48,divergent,0.4202,0,0,0,0,[alpha]
XM_033377099.1:15-1158:1,XP_033232990.1,,LOC26533291,cholesterol 7-desaturase isoform X2,3_313_KshA15,3,127.3,0.5725,5.3e-37,XM_033377099.1,15,1158,1,Drosophila pseudoobscura,Eukaryota; Metazoa; Ecdysozoa; Arthropoda; Hexapoda; Insecta; Pterygota; Neoptera; Endopterygota; Diptera; Brachycera; Muscomorpha; Ephydroidea; Drosophilidae; Drosophila; Sophophora,0,3_313_KshA15#40,divergent,0.4202,0,0,0,0,[alpha]
XM_033377100.1:216-1239:1,XP_033232991.1,,LOC26533291,cholesterol 7-desaturase isoform X3,3_313_KshA15,3,125.6,0.5623,1.7e-36,XM_033377100.1,216,1239,1,Drosophila pseudoobscura,Eukaryota; Metazoa; Ecdysozoa; Arthropoda; Hexapoda; Insecta; Pterygota; Neoptera; Endopterygota; Diptera; Brachycera; Muscomorpha; Ephydroidea; Drosophilidae; Drosophila; Sophophora,0,3_313_KshA15#40,divergent,0.4309,0,0,0,0,[alpha]
XM_033442349.1:193-1432:1,XP_033298240.1,,LOC117204682,cholesterol 7-desaturase,3_313_KshA15,3,145.8,0.5496,1.2e-42,XM_033442349.1,193,1432,1,Bombus bifarius,Eukaryota; Metazoa; Ecdysozoa; Arthropoda; Hexapoda; Insecta; Pterygota; Neoptera; Endopterygota; Hymenoptera; Apocrita; Aculeata; Apoidea; Anthophila; Apidae; Bombus; Pyrobombus,0,3_313_KshA15#21,core,0.5935,0,0,0,0,[alpha]
XM_033442441.1:283-1522:1,XP_033298332.1,,LOC117204682,cholesterol 7-desaturase,3_313_KshA15,3,145.8,0.5496,1.2e-42,XM_033442441.1,283,1522,1,Bombus bifarius,Eukaryota; Metazoa; Ecdysozoa; Arthropoda; Hexapoda; Insecta; Pterygota; Neoptera; Endopterygota; Hymenoptera; Apocrita; Aculeata; Apoidea; Anthophila; Apidae; Bombus; Pyrobombus,0,3_313_KshA15#21,core,0.5935,0,0,0,0,[alpha]
XM_033492030.1:194-1433:1,XP_033347921.1,,LOC117232584,cholesterol 7-desaturase,3_313_KshA15,3,145.8,0.5496,1.2e-42,XM_033492030.1,194,1433,1,Bombus vosnesenskii,Eukaryota; Metazoa; Ecdysozoa; Arthropoda; Hexapoda; Insecta; Pterygota; Neoptera; Endopterygota; Hymenoptera; Apocrita; Aculeata; Apoidea; Anthophila; Apidae; Bombus; Pyrobombus,0,3_313_KshA15#21,core,0.5935,0,0,0,0,[alpha]
XM_033492031.1:286-1525:1,XP_033347922.1,,LOC117232584,cholesterol 7-desaturase,3_313_KshA15,3,145.8,0.5496,1.2e-42,XM_033492031.1,286,1525,1,Bombus vosnesenskii,Eukaryota; Metazoa; Ecdysozoa; Arthropoda; Hexapoda; Insecta; Pterygota; Neoptera; Endopterygota; Hymenoptera; Apocrita; Aculeata; Apoidea; Anthophila; Apidae; Bombus; Pyrobombus,0,3_313_KshA15#21,core,0.5935,0,0,0,0,[alpha]
XM_033960572.1:449-1781:1,XP_033816463.1,,LOC117367721,cholesterol 7-desaturase-like isoform X1,3_313_KshA15,3,129.9,0.5522,8.5e-38,XM_033960572.1,449,1781,1,Geotrypetes seraphini,Eukaryota; Metazoa; Chordata; Craniata; Vertebrata; Euteleostomi; Amphibia; Gymnophiona; Geotrypetes,0,3_313_KshA15#6,core,0.7047,0,0,0,0,[alpha]
XM_033960574.1:452-1664:1,XP_033816465.1,,LOC117367721,cholesterol 7-desaturase-like isoform X3,3_313_KshA15,3,130.4,0.5522,6.2e-38,XM_033960574.1,452,1664,1,Geotrypetes seraphini,Eukaryota; Metazoa; Chordata; Craniata; Vertebrata; Euteleostomi; Amphibia; Gymnophiona; Geotrypetes,0,3_313_KshA15#76,core,0.7111,0,0,0,0,[alpha]
XM_033960575.1:452-1607:1,XP_033816466.1,,LOC117367721,cholesterol 7-desaturase-like isoform X4,3_313_KshA15,3,129.9,0.5496,8.8e-38,XM_033960575.1,452,1607,1,Geotrypetes seraphini,Eukaryota; Metazoa; Chordata; Craniata; Vertebrata; Euteleostomi; Amphibia; Gymnophiona; Geotrypetes,0,3_313_KshA15#76,core,0.7102,0,0,0,0,[alpha]
XM_034206353.1:76-1417:1,XP_034062244.1,,zgc:92275,cholesterol 7-desaturase,3_313_KshA15,3,141.1,0.5649,3.4e-41,XM_034206353.1,76,1417,1,Gymnodraco acuticeps,Eukaryota; Metazoa; Chordata; Craniata; Vertebrata; Euteleostomi; Actinopterygii; Neopterygii; Teleostei; Neoteleostei; Acanthomorphata; Eupercaria; Perciformes; Notothenioidei; Bathydraconidae; Gymnodraco,0,3_313_KshA15#6,core,0.8162,0,0,0,0,[alpha]
XM_034256098.2:128-1199:1,XP_034111989.2,,LOC117573149,cholesterol 7-desaturase nvd isoform X6,3_313_KshA15,3,119.2,0.5802,1.6e-34,XM_034256098.2,128,1199,1,Drosophila albomicans,Eukaryota; Metazoa; Ecdysozoa; Arthropoda; Hexapoda; Insecta; Pterygota; Neoptera; Endopterygota; Diptera; Brachycera; Muscomorpha; Ephydroidea; Drosophilidae; Drosophila,0,3_313_KshA15#37,divergent,0.424,0,0,0,0,[alpha]
XM_034378147.1:2-1283:1,XP_034234038.1,,LOC117641049,cholesterol 7-desaturase isoform X1,3_313_KshA15,3,125.0,0.5598,2.7e-36,XM_034378147.1,2,1283,1,Thrips palmi,Eukaryota; Metazoa; Ecdysozoa; Arthropoda; Hexapoda; Insecta; Pterygota; Neoptera; Paraneoptera; Thysanoptera; Terebrantia; Thripoidea; Thripidae; Thrips,0,3_313_KshA15#30,core,0.5909,0,0,0,0,[alpha]
XM_034378148.1:2-1253:1,XP_034234039.1,,LOC117641049,cholesterol 7-desaturase isoform X2,3_313_KshA15,3,138.6,0.5598,2e-40,XM_034378148.1,2,1253,1,Thrips palmi,Eukaryota; Metazoa; Ecdysozoa; Arthropoda; Hexapoda; Insecta; Pterygota; Neoptera; Paraneoptera; Thysanoptera; Terebrantia; Thripoidea; Thripidae; Thrips,0,3_313_KshA15#30,core,0.6154,0,0,0,0,[alpha]
XM_035819062.1:239-1595:1,XP_035674955.1,,LOC118414807,cholesterol 7-desaturase-like,3_313_KshA15,3,137.3,0.5802,5e-40,XM_035819062.1,239,1595,1,Branchiostoma floridae,Eukaryota; Metazoa; Chordata; Cephalochordata; Leptocardii; Amphioxiformes; Branchiostomatidae; Branchiostoma,0,3_313_KshA15#60,divergent,0.5212,0,0,0,0,[alpha]
XM_035827769.1:456-1833:1,XP_035683662.1,,LOC118420780,cholesterol 7-desaturase-like,3_313_KshA15,3,147.9,0.5802,3e-43,XM_035827769.1,456,1833,1,Branchiostoma floridae,Eukaryota; Metazoa; Chordata; Cephalochordata; Leptocardii; Amphioxiformes; Branchiostomatidae; Branchiostoma,0,3_313_KshA15#39,core,0.5502,0,0,0,0,[alpha]
XM_038029723.1:559-1891:1,XP_037885651.1,,LOC119635129,cholesterol 7-desaturase,3_313_KshA15,3,134.8,0.6056,2.8e-39,XM_038029723.1,559,1891,1,Glossina fuscipes,Eukaryota; Metazoa; Ecdysozoa; Arthropoda; Hexapoda; Insecta; Pterygota; Neoptera; Endopterygota; Diptera; Brachycera; Muscomorpha; Hippoboscoidea; Glossinidae; Glossina,0,3_313_KshA15#51,divergent,0.4737,0,0,0,0,[alpha]
XM_038029724.1:204-1536:1,XP_037885652.1,,LOC119635129,cholesterol 7-desaturase,3_313_KshA15,3,134.8,0.6056,2.8e-39,XM_038029724.1,204,1536,1,Glossina fuscipes,Eukaryota; Metazoa; Ecdysozoa; Arthropoda; Hexapoda; Insecta; Pterygota; Neoptera; Endopterygota; Diptera; Brachycera; Muscomorpha; Hippoboscoidea; Glossinidae; Glossina,0,3_313_KshA15#51,divergent,0.4737,0,0,0,0,[alpha]
XM_038970105.1:0-1383:1,XP_038826033.1,,zgc:92275,cholesterol 7-desaturase nvd,3_313_KshA15,3,139.8,0.5547,8.4e-41,XM_038970105.1,0,1383,1,Salvelinus namaycush,Eukaryota; Metazoa; Chordata; Craniata; Vertebrata; Euteleostomi; Actinopterygii; Neopterygii; Teleostei; Protacanthopterygii; Salmoniformes; Salmonidae; Salmoninae; Salvelinus,0,3_313_KshA15#6,core,0.8995,0,0,0,0,[alpha]
XM_042778743.1:165-1545:1,XP_042634677.1,,LOC109045525,cholesterol 7-desaturase nvd,3_313_KshA15,3,136.1,0.5522,1.2e-39,XM_042778743.1,165,1545,1,Cyprinus carpio,Eukaryota; Metazoa; Chordata; Craniata; Vertebrata; Euteleostomi; Actinopterygii; Neopterygii; Teleostei; Ostariophysi; Cypriniformes; Cyprinidae; Cyprininae; Cyprinus,0,3_313_KshA15#6,core,0.9426,0,0,0,0,[alpha]
XM_048405997.1:759-1998:1,XP_048261954.1,,LOC100649007,cholesterol 7-desaturase nvd,3_313_KshA15,3,145.4,0.5496,1.7e-42,XM_048405997.1,759,1998,1,Bombus terrestris,Eukaryota; Metazoa; Ecdysozoa; Arthropoda; Hexapoda; Insecta; Pterygota; Neoptera; Endopterygota; Hymenoptera; Apocrita; Aculeata; Apoidea; Anthophila; Apidae; Bombus; Bombus,0,3_313_KshA15#21,core,0.5841,0,0,0,0,[alpha]
XM_052007677.1:110-1367:1,XP_051863637.1,,LOC117573149,cholesterol 7-desaturase nvd isoform X1,3_313_KshA15,3,118.7,0.5802,2.1e-34,XM_052007677.1,110,1367,1,Drosophila albomicans,Eukaryota; Metazoa; Ecdysozoa; Arthropoda; Hexapoda; Insecta; Pterygota; Neoptera; Endopterygota; Diptera; Brachycera; Muscomorpha; Ephydroidea; Drosophilidae; Drosophila,0,3_313_KshA15#97,divergent,0.4286,0,0,0,0,[alpha]
XM_052007678.1:26-1277:1,XP_051863638.1,,LOC117573149,cholesterol 7-desaturase nvd isoform X2,3_313_KshA15,3,118.8,0.5802,2.1e-34,XM_052007678.1,26,1277,1,Drosophila albomicans,Eukaryota; Metazoa; Ecdysozoa; Arthropoda; Hexapoda; Insecta; Pterygota; Neoptera; Endopterygota; Diptera; Brachycera; Muscomorpha; Ephydroidea; Drosophilidae; Drosophila,0,3_313_KshA15#97,divergent,0.4286,0,0,0,0,[alpha]
XM_052007679.1:11-1226:1,XP_051863639.1,,LOC117573149,cholesterol 7-desaturase nvd isoform X3,3_313_KshA15,3,118.9,0.5802,1.9e-34,XM_052007679.1,11,1226,1,Drosophila albomicans,Eukaryota; Metazoa; Ecdysozoa; Arthropoda; Hexapoda; Insecta; Pterygota; Neoptera; Endopterygota; Diptera; Brachycera; Muscomorpha; Ephydroidea; Drosophilidae; Drosophila,0,3_313_KshA15#51,divergent,0.4286,0,0,0,0,[alpha]
XM_052007680.1:37-1207:1,XP_051863640.1,,LOC117573149,cholesterol 7-desaturase nvd isoform X4,3_313_KshA15,3,119.3,0.5802,1.4e-34,XM_052007680.1,37,1207,1,Drosophila albomicans,Eukaryota; Metazoa; Ecdysozoa; Arthropoda; Hexapoda; Insecta; Pterygota; Neoptera; Endopterygota; Diptera; Brachycera; Muscomorpha; Ephydroidea; Drosophilidae; Drosophila,0,3_313_KshA15#37,divergent,0.4286,0,0,0,0,[alpha]
XM_052007681.1:15-1167:1,XP_051863641.1,,LOC117573149,cholesterol 7-desaturase nvd isoform X5,3_313_KshA15,3,119.4,0.5802,1.4e-34,XM_052007681.1,15,1167,1,Drosophila albomicans,Eukaryota; Metazoa; Ecdysozoa; Arthropoda; Hexapoda; Insecta; Pterygota; Neoptera; Endopterygota; Diptera; Brachycera; Muscomorpha; Ephydroidea; Drosophilidae; Drosophila,0,3_313_KshA15#37,divergent,0.4286,0,0,0,0,[alpha]
XM_052263820.1:242-1475:1,XP_052119780.1,,LOC113204432,cholesterol 7-desaturase nvd-like,3_313_KshA15,3,144.2,0.5674,3.8e-42,XM_052263820.1,242,1475,1,Frankliniella occidentalis,Eukaryota; Metazoa; Ecdysozoa; Arthropoda; Hexapoda; Insecta; Pterygota; Neoptera; Paraneoptera; Thysanoptera; Terebrantia; Thripoidea; Thripidae; Frankliniella,0,3_313_KshA15#30,divergent,0.5344,0,0,0,0,[alpha]
XM_052263824.1:82-1315:1,XP_052119784.1,,LOC113204432,cholesterol 7-desaturase nvd-like,3_313_KshA15,3,144.2,0.5674,3.8e-42,XM_052263824.1,82,1315,1,Frankliniella occidentalis,Eukaryota; Metazoa; Ecdysozoa; Arthropoda; Hexapoda; Insecta; Pterygota; Neoptera; Paraneoptera; Thysanoptera; Terebrantia; Thripoidea; Thripidae; Frankliniella,0,3_313_KshA15#30,divergent,0.5344,0,0,0,0,[alpha]
XM_050700955.1:200-1556:1,XP_050556912.1,,LOC118281031,cholesterol 7-desaturase nvd,3_313_KshA15,3,118.1,0.542,3.4e-34,XM_050700955.1,200,1556,1,Spodoptera frugiperda,Eukaryota; Metazoa; Ecdysozoa; Arthropoda; Hexapoda; Insecta; Pterygota; Neoptera; Endopterygota; Lepidoptera; Glossata; Ditrysia; Noctuoidea; Noctuidae; Amphipyrinae; Spodoptera,0,3_313_KshA15#31,novel_candidate,0.3854,0,0,0,0,[alpha]
XM_051072786.1:2089-3457:1,XP_050928743.1,,zgc:92275,LOW QUALITY PROTEIN: cholesterol 7-desaturase nvd,3_313_KshA15,3,137.7,0.5522,3.6e-40,XM_051072786.1,2089,3457,1,Lates calcarifer,Eukaryota; Metazoa; Chordata; Craniata; Vertebrata; Euteleostomi; Actinopterygii; Neopterygii; Teleostei; Neoteleostei; Acanthomorphata; Carangaria; Carangaria incertae sedis; Centropomidae; Lates,0,3_313_KshA15#6,core,0.8376,0,0,0,0,[alpha]
XM_052263826.1:192-1425:1,XP_052119786.1,,LOC113204432,cholesterol 7-desaturase nvd-like,3_313_KshA15,3,144.2,0.5674,3.8e-42,XM_052263826.1,192,1425,1,Frankliniella occidentalis,Eukaryota; Metazoa; Ecdysozoa; Arthropoda; Hexapoda; Insecta; Pterygota; Neoptera; Paraneoptera; Thysanoptera; Terebrantia; Thripoidea; Thripidae; Frankliniella,0,3_313_KshA15#30,divergent,0.5344,0,0,0,0,[alpha]
XM_052273009.1:556-1762:1,XP_052128969.1,,LOC113215852,cholesterol 7-desaturase nvd-like,3_313_KshA15,3,153.8,0.7023,4.6e-45,XM_052273009.1,556,1762,1,Frankliniella occidentalis,Eukaryota; Metazoa; Ecdysozoa; Arthropoda; Hexapoda; Insecta; Pterygota; Neoptera; Paraneoptera; Thysanoptera; Terebrantia; Thripoidea; Thripidae; Frankliniella,0,3_313_KshA15#30,core,0.5536,0,0,0,0,[alpha]
XM_309236.5:0-1326:1,XP_309236.5,AgaP_AGAP001038,,AGAP001038-PA,3_313_KshA15,3,147.0,0.5573,5.6e-43,XM_309236.5,0,1326,1,Anopheles gambiae str. PEST,Eukaryota; Metazoa; Ecdysozoa; Arthropoda; Hexapoda; Insecta; Pterygota; Neoptera; Endopterygota; Diptera; Nematocera; Culicoidea; Culicidae; Anophelinae; Anopheles,0,3_313_KshA15#40,divergent,0.4143,0,0,0,0,[alpha]
XM_054997982.1:22-1294:1,XP_054853957.1,,LOC129342293,cholesterol 7-desaturase nvd-like,3_313_KshA15,3,140.6,0.542,4.7e-41,XM_054997982.1,22,1294,1,Eublepharis macularius,Eukaryota; Metazoa; Chordata; Craniata; Vertebrata; Euteleostomi; Lepidosauria; Squamata; Bifurcata; Gekkota; Eublepharidae; Eublepharinae; Eublepharis,0,3_313_KshA15#58,core,0.6033,0,0,0,0,[alpha]
XM_056039971.1:468-1878:1,XP_055895946.1,,LOC106064009,cholesterol 7-desaturase nvd-like,3_313_KshA15,3,130.3,0.5471,6.3e-38,XM_056039971.1,468,1878,1,Biomphalaria glabrata,Eukaryota; Metazoa; Spiralia; Lophotrochozoa; Mollusca; Gastropoda; Heterobranchia; Euthyneura; Panpulmonata; Hygrophila; Lymnaeoidea; Planorbidae; Biomphalaria,0,3_313_KshA15#38,divergent,0.528,0,0,0,0,[alpha]
XM_056039972.1:542-1952:1,XP_055895947.1,,LOC106064009,cholesterol 7-desaturase nvd-like,3_313_KshA15,3,130.3,0.5471,6.3e-38,XM_056039972.1,542,1952,1,Biomphalaria glabrata,Eukaryota; Metazoa; Spiralia; Lophotrochozoa; Mollusca; Gastropoda; Heterobranchia; Euthyneura; Panpulmonata; Hygrophila; Lymnaeoidea; Planorbidae; Biomphalaria,0,3_313_KshA15#38,divergent,0.528,0,0,0,0,[alpha]
