candidate_id,protein_id,locus_tag,gene,product,ro_cluster,ro_group,hmm_score,model_coverage,hmm_evalue,nucleotide_id,start,end,strand,organism,taxonomy,is_plasmid,leaf_id,assignment_class,core_identity,operon_completeness,has_beta,has_ferredoxin,has_reductase,layout
NC_002033.1:129440-130616:-1,WP_010890997.1,HKJ24_RS00660,,aromatic ring-hydroxylating dioxygenase subunit alpha,4_409_TPDO,4,177.9,0.9807,1.9e-52,NC_002033.1,129440,130616,-1,Novosphingobium aromaticivorans,Bacteria; Pseudomonadati; Pseudomonadota; Alphaproteobacteria; Sphingomonadales; Sphingomonadaceae; Novosphingobium,1,4_409_TPDO#1,core,0.9612,1,1,0,0,other > [alpha] > beta > hydrolase > other > other > other
NC_002033.1:156110-157391:-1,WP_010891024.1,HKJ24_RS00790,,Rieske 2Fe-2S domain-containing protein,4_409_TPDO,4,443.9,0.9662,3.4e-133,NC_002033.1,156110,157391,-1,Novosphingobium aromaticivorans,Bacteria; Pseudomonadati; Pseudomonadota; Alphaproteobacteria; Sphingomonadales; Sphingomonadaceae; Novosphingobium,1,4_409_TPDO#3,core,0.9788,1,1,0,0,alpha_other > beta > other > [alpha] > beta > other
NC_002033.1:162301-163564:1,WP_010891031.1,HKJ24_RS00825,,Rieske 2Fe-2S domain-containing protein,4_409_TPDO,4,487.9,0.9686,1.5e-146,NC_002033.1,162301,163564,1,Novosphingobium aromaticivorans,Bacteria; Pseudomonadati; Pseudomonadota; Alphaproteobacteria; Sphingomonadales; Sphingomonadaceae; Novosphingobium,1,4_409_TPDO#2,core,0.9716,2,1,1,0,other > ferredoxin > beta > [alpha] > other > other > other > dehydrogenase
NC_006830.1:44537-45824:1,WP_011255174.1,HXE87_RS00275,,SRPBCC family protein,4_409_TPDO,4,437.7,0.9662,2.7e-131,NC_006830.1,44537,45824,1,Achromobacter xylosoxidans A8,Bacteria; Pseudomonadati; Pseudomonadota; Betaproteobacteria; Burkholderiales; Alcaligenaceae; Achromobacter,1,4_409_TPDO#18,divergent,0.4853,1,1,0,0,beta > [alpha]
NC_008270.1:194260-195526:-1,WP_011599110.1,RHA1_RS41670,,aromatic ring-hydroxylating dioxygenase subunit alpha,4_409_TPDO,4,772.5,0.9855,6.1e-233,NC_008270.1,194260,195526,-1,Rhodococcus jostii RHA1,Bacteria; Bacillati; Actinomycetota; Actinomycetes; Mycobacteriales; Nocardiaceae; Rhodococcus,1,4_409_TPDO#5,core,0.9897,2,1,0,1,[alpha] > beta > other > reductase > transporter
NC_008308.1:17463-18747:-1,WP_010335332.1,HXC62_RS00090,andAc,"anthranilate 1,2-dioxygenase large subunit AndAc",4_409_TPDO,4,476.2,0.9686,5.3e-143,NC_008308.1,17463,18747,-1,Novosphingobium sp. KA1,Bacteria; Pseudomonadati; Pseudomonadota; Alphaproteobacteria; Sphingomonadales; Sphingomonadaceae; Novosphingobium,1,4_409_TPDO#0,core,0.7294,3,1,1,1,[alpha] > beta > ferredoxin > reductase
NC_009426.1:1590-2766:-1,WP_010890997.1,SARO_RS16980,,aromatic ring-hydroxylating dioxygenase subunit alpha,4_409_TPDO,4,177.9,0.9807,1.9e-52,NC_009426.1,1590,2766,-1,Novosphingobium aromaticivorans DSM 12444,Bacteria; Pseudomonadati; Pseudomonadota; Alphaproteobacteria; Sphingomonadales; Sphingomonadaceae; Novosphingobium,1,4_409_TPDO#1,core,0.9612,1,1,0,0,other > [alpha] > beta > hydrolase
NC_009426.1:28260-29541:-1,WP_010891024.1,SARO_RS17110,,Rieske 2Fe-2S domain-containing protein,4_409_TPDO,4,443.9,0.9662,3.4e-133,NC_009426.1,28260,29541,-1,Novosphingobium aromaticivorans DSM 12444,Bacteria; Pseudomonadati; Pseudomonadota; Alphaproteobacteria; Sphingomonadales; Sphingomonadaceae; Novosphingobium,1,4_409_TPDO#3,core,0.9788,1,1,0,0,alpha_other > beta > other > [alpha] > beta > other
NC_009426.1:34451-35714:1,WP_010891031.1,SARO_RS17145,,Rieske 2Fe-2S domain-containing protein,4_409_TPDO,4,487.9,0.9686,1.5e-146,NC_009426.1,34451,35714,1,Novosphingobium aromaticivorans DSM 12444,Bacteria; Pseudomonadati; Pseudomonadota; Alphaproteobacteria; Sphingomonadales; Sphingomonadaceae; Novosphingobium,1,4_409_TPDO#2,core,0.9716,2,1,1,0,other > ferredoxin > beta > [alpha] > other > other > other > dehydrogenase
NC_014641.1:44533-45820:1,WP_011255174.1,AXYL_RS32575,,SRPBCC family protein,4_409_TPDO,4,437.7,0.9662,2.7e-131,NC_014641.1,44533,45820,1,Achromobacter xylosoxidans A8,Bacteria; Pseudomonadati; Pseudomonadota; Betaproteobacteria; Burkholderiales; Alcaligenaceae; Achromobacter,1,4_409_TPDO#18,divergent,0.4853,1,1,0,0,beta > [alpha] > hypothetical
NZ_ABLC01000013.1:14322-15594:-1,WP_006750250.1,BAMIOP4010_RS05070,andAc,"anthranilate 1,2-dioxygenase large subunit AndAc",4_409_TPDO,4,480.1,0.9807,3.6e-144,NZ_ABLC01000013.1,14322,15594,-1,Burkholderia ambifaria IOP40-10,Bacteria; Pseudomonadati; Pseudomonadota; Betaproteobacteria; Burkholderiales; Burkholderiaceae; Burkholderia; Burkholderia cepacia complex,0,4_409_TPDO#0,core,0.9656,3,1,1,1,[alpha] > beta > ferredoxin > reductase
NZ_ABLK01000010.1:16250-17540:-1,WP_006756595.1,BAMMEX5DRAFT_RS02695,andAc,"anthranilate 1,2-dioxygenase large subunit AndAc",4_409_TPDO,4,479.6,0.9807,4.9e-144,NZ_ABLK01000010.1,16250,17540,-1,Burkholderia ambifaria MEX-5,Bacteria; Pseudomonadati; Pseudomonadota; Betaproteobacteria; Burkholderiales; Burkholderiaceae; Burkholderia; Burkholderia cepacia complex,0,4_409_TPDO#0,core,0.9683,3,1,1,1,[alpha] > beta > ferredoxin > reductase
NZ_ACFC01000002.1:207817-209089:-1,WP_006404220.1,BURMUCGD2_RS05505,andAc,"anthranilate 1,2-dioxygenase large subunit AndAc",4_409_TPDO,4,476.7,0.9807,3.9e-143,NZ_ACFC01000002.1,207817,209089,-1,Burkholderia multivorans CGD2,Bacteria; Pseudomonadati; Pseudomonadota; Betaproteobacteria; Burkholderiales; Burkholderiaceae; Burkholderia; Burkholderia cepacia complex,0,4_409_TPDO#0,core,0.9867,3,1,1,1,[alpha] > beta > ferredoxin > reductase > hypothetical
NZ_AEGR01000018.1:14164-15484:1,WP_006296221.1,HGR_RS01220,andAc,"anthranilate 1,2-dioxygenase large subunit AndAc",4_409_TPDO,4,462.9,0.9903,6e-139,NZ_AEGR01000018.1,14164,15484,1,Hylemonella gracilis ATCC 19624,Bacteria; Pseudomonadati; Pseudomonadota; Betaproteobacteria; Burkholderiales; Comamonadaceae; Hylemonella,0,4_409_TPDO#0,core,0.7086,2,1,1,0,[alpha] > beta > ferredoxin > transporter > transporter > transporter > transporter > transporter
NZ_AEJF01000143.1:148877-150119:1,WP_047849205.1,EOS_RS24010,andAc,"anthranilate 1,2-dioxygenase large subunit AndAc",4_409_TPDO,4,471.8,0.9783,1.2e-141,NZ_AEJF01000143.1,148877,150119,1,Caballeronia mineralivorans PML1(12),Bacteria; Pseudomonadati; Pseudomonadota; Betaproteobacteria; Burkholderiales; Burkholderiaceae; Caballeronia,0,4_409_TPDO#0,core,0.8302,3,1,1,1,[alpha] > beta > ferredoxin > reductase
NZ_AEEC02000021.1:8095-9376:1,WP_006464260.1,HFRIS_RS15080,andAc,"anthranilate 1,2-dioxygenase large subunit AndAc",4_409_TPDO,4,456.2,0.9734,6.5e-137,NZ_AEEC02000021.1,8095,9376,1,Herbaspirillum frisingense GSF30,Bacteria; Pseudomonadati; Pseudomonadota; Betaproteobacteria; Burkholderiales; Oxalobacteraceae; Herbaspirillum,0,4_409_TPDO#0,core,0.7473,2,1,0,1,[alpha] > beta > reductase > transporter > transporter > transporter > transporter > transporter > hydrolase
NZ_AHBW01000039.1:5547-6813:-1,WP_039584283.1,AK37_RS10860,,aromatic ring-hydroxylating dioxygenase subunit alpha,4_409_TPDO,4,777.7,0.9807,1.6e-234,NZ_AHBW01000039.1,5547,6813,-1,Rhodococcus pyridinivorans AK37,Bacteria; Bacillati; Actinomycetota; Actinomycetes; Mycobacteriales; Nocardiaceae; Rhodococcus,0,4_409_TPDO#5,core,0.9375,2,1,0,1,[alpha] > beta > other > reductase > transporter
NZ_AGVE01000003.1:22116-23373:-1,WP_040545877.1,KEK_RS00650,,Rieske 2Fe-2S domain-containing protein,4_409_TPDO,4,413.9,0.971,4.5e-124,NZ_AGVE01000003.1,22116,23373,-1,Mycolicibacterium thermoresistibile ATCC 19527,Bacteria; Bacillati; Actinomycetota; Actinomycetes; Mycobacteriales; Mycobacteriaceae; Mycolicibacterium,0,4_409_TPDO#0,core,0.5937,3,1,1,1,hydrolase > [alpha] > beta > ferredoxin > reductase > other > other > other > hypothetical > other > hydrolase
NZ_AJJH01000052.1:24086-25352:1,WP_007297311.1,W59_RS11045,,aromatic ring-hydroxylating dioxygenase subunit alpha,4_409_TPDO,4,771.6,0.9855,1.1e-232,NZ_AJJH01000052.1,24086,25352,1,Rhodococcus opacus RKJ300 = JCM 13270,Bacteria; Bacillati; Actinomycetota; Actinomycetes; Mycobacteriales; Nocardiaceae; Rhodococcus,0,4_409_TPDO#5,core,0.9871,2,1,0,1,[alpha] > beta > other > reductase > transporter
NZ_AJYC02000035.1:11732-12998:1,WP_005256012.1,WSS_RS12170,,aromatic ring-hydroxylating dioxygenase subunit alpha,4_409_TPDO,4,767.1,0.9855,2.6e-231,NZ_AJYC02000035.1,11732,12998,1,Rhodococcus opacus M213,Bacteria; Bacillati; Actinomycetota; Actinomycetes; Mycobacteriales; Nocardiaceae; Rhodococcus,0,4_409_TPDO#5,core,0.9687,2,1,0,1,[alpha] > beta > other > reductase > transporter
NZ_AKJW01000122.1:592-1873:-1,WP_007884756.1,PMI16_RS24840,andAc,"anthranilate 1,2-dioxygenase large subunit AndAc",4_409_TPDO,4,461.8,0.971,1.3e-138,NZ_AKJW01000122.1,592,1873,-1,Herbaspirillum sp. CF444,Bacteria; Pseudomonadati; Pseudomonadota; Betaproteobacteria; Burkholderiales; Oxalobacteraceae; Herbaspirillum,0,4_409_TPDO#0,core,0.7154,1,1,0,0,[alpha] > beta
NZ_AKJX01000165.1:35900-37181:-1,WP_007857446.1,PMI14_RS21295,andAc,"anthranilate 1,2-dioxygenase large subunit AndAc",4_409_TPDO,4,448.6,0.9831,1.3e-134,NZ_AKJX01000165.1,35900,37181,-1,Acidovorax sp. CF316,Bacteria; Pseudomonadati; Pseudomonadota; Betaproteobacteria; Burkholderiales; Comamonadaceae; Acidovorax,0,4_409_TPDO#0,core,0.736,3,1,1,1,regulator > [alpha] > beta > ferredoxin > transporter > transporter > transporter > transporter > transporter > reductase
NZ_AKKP01000097.1:40744-41947:1,WP_009478601.1,JVH1_RS31005,,aromatic ring-hydroxylating dioxygenase subunit alpha,4_409_TPDO,4,185.7,0.9541,8.3e-55,NZ_AKKP01000097.1,40744,41947,1,Rhodococcus sp. JVH1,Bacteria; Actinomycetota; Actinomycetes; Mycobacteriales; Nocardiaceae; Rhodococcus,0,4_409_TPDO#9,divergent,0.4369,1,1,0,0,[alpha] > beta
NZ_ALVC01000031.1:38201-39464:-1,WP_008828125.1,LH128_RS03125,,Rieske 2Fe-2S domain-containing protein,4_409_TPDO,4,489.5,0.9831,4.9e-147,NZ_ALVC01000031.1,38201,39464,-1,Sphingomonas sp. LH128,Bacteria; Pseudomonadati; Pseudomonadota; Alphaproteobacteria; Sphingomonadales; Sphingomonadaceae; Sphingomonas,0,4_409_TPDO#2,core,0.9587,2,1,1,0,other > ferredoxin > beta > [alpha] > other > other > other > dehydrogenase
NZ_ALVC01000031.1:44374-45655:1,WP_008828132.1,LH128_RS03160,,Rieske 2Fe-2S domain-containing protein,4_409_TPDO,4,443.4,0.9662,4.9e-133,NZ_ALVC01000031.1,44374,45655,1,Sphingomonas sp. LH128,Bacteria; Pseudomonadati; Pseudomonadota; Alphaproteobacteria; Sphingomonadales; Sphingomonadaceae; Sphingomonas,0,4_409_TPDO#3,core,0.9814,1,1,0,0,alpha_other > beta > other > [alpha] > beta > other
NZ_AMRK01000019.1:7376-8642:1,WP_009574087.1,B30_RS20175,,Rieske 2Fe-2S domain-containing protein,4_409_TPDO,4,684.7,0.9831,2.8e-206,NZ_AMRK01000019.1,7376,8642,1,Celeribacter baekdonensis B30,Bacteria; Pseudomonadati; Pseudomonadota; Alphaproteobacteria; Rhodobacterales; Roseobacteraceae; Celeribacter,0,4_409_TPDO#17,core,0.6438,2,1,0,1,[alpha] > beta > other > reductase > other > ferredoxin > reductase > dehydrogenase > reductase > other
NZ_ARYL01000034.1:4209-5472:-1,WP_035540699.1,HOC_RS16695,,Rieske 2Fe-2S domain-containing protein,4_409_TPDO,4,494.7,0.9614,1.4e-148,NZ_ARYL01000034.1,4209,5472,-1,Hyphomonas oceanitis SCH89,Bacteria; Pseudomonadati; Pseudomonadota; Alphaproteobacteria; Hyphomonadales; Hyphomonadaceae; Hyphomonas,0,4_409_TPDO#2,core,0.8391,2,1,1,0,other > ferredoxin > beta > [alpha] > other
NZ_ARYL01000034.1:10476-11757:1,WP_035540707.1,HOC_RS16730,,aromatic ring-hydroxylating dioxygenase subunit alpha,4_409_TPDO,4,427.2,0.9686,4.2e-128,NZ_ARYL01000034.1,10476,11757,1,Hyphomonas oceanitis SCH89,Bacteria; Pseudomonadati; Pseudomonadota; Alphaproteobacteria; Hyphomonadales; Hyphomonadaceae; Hyphomonas,0,4_409_TPDO#3,core,0.7827,1,1,0,0,alpha_other > beta > other > [alpha] > beta > other
NZ_ARYL01000034.1:35217-36393:1,WP_035540745.1,HOC_RS16860,,aromatic ring-hydroxylating dioxygenase subunit alpha,4_409_TPDO,4,177.6,0.9758,2.5e-52,NZ_ARYL01000034.1,35217,36393,1,Hyphomonas oceanitis SCH89,Bacteria; Pseudomonadati; Pseudomonadota; Alphaproteobacteria; Hyphomonadales; Hyphomonadaceae; Hyphomonas,0,4_409_TPDO#1,core,0.8811,1,1,0,0,other > [alpha] > beta
NZ_ASSI01000031.1:14371-15643:-1,WP_021157293.1,L810_RS05075,andAc,"anthranilate 1,2-dioxygenase large subunit AndAc",4_409_TPDO,4,481.3,0.9831,1.5e-144,NZ_ASSI01000031.1,14371,15643,-1,Burkholderia sp. AU4i,Bacteria; Pseudomonadati; Pseudomonadota; Betaproteobacteria; Burkholderiales; Burkholderiaceae; Burkholderia,0,4_409_TPDO#0,core,0.976,3,1,1,1,[alpha] > beta > ferredoxin > reductase
NZ_ATHL01000082.1:18863-20117:1,WP_021234425.1,L284_RS37140,,SRPBCC family protein,4_409_TPDO,4,426.9,0.9831,5.2e-128,NZ_ATHL01000082.1,18863,20117,1,Novosphingobium lindaniclasticum LE124,Bacteria; Pseudomonadati; Pseudomonadota; Alphaproteobacteria; Sphingomonadales; Sphingomonadaceae; Novosphingobium,0,4_409_TPDO#22,novel_candidate,0.3995,2,1,1,0,beta > [alpha] > ferredoxin > other > dehydrogenase
NZ_AWOR01000049.1:48532-49774:1,WP_034370732.1,P353_RS14655,,aromatic ring-hydroxylating dioxygenase subunit alpha,4_409_TPDO,4,759.5,0.9831,5.5e-229,NZ_AWOR01000049.1,48532,49774,1,Comamonas testosteroni,Bacteria; Pseudomonadati; Pseudomonadota; Betaproteobacteria; Burkholderiales; Comamonadaceae; Comamonas,0,4_409_TPDO#4,core,0.9898,2,1,0,1,transporter > [alpha] > beta > other > reductase
NZ_AWOR01000053.1:42324-43587:-1,WP_034371390.1,P353_RS15925,,aromatic ring-hydroxylating dioxygenase subunit alpha,4_409_TPDO,4,728.2,0.9783,1.8e-219,NZ_AWOR01000053.1,42324,43587,-1,Comamonas testosteroni,Bacteria; Pseudomonadati; Pseudomonadota; Betaproteobacteria; Burkholderiales; Comamonadaceae; Comamonas,0,4_409_TPDO#27,core,0.63,2,1,0,1,[alpha] > beta > reductase > transporter > other > dehydrogenase > transporter
NZ_AWTN01000130.1:2391-3633:1,WP_034382990.1,P245_RS23540,,aromatic ring-hydroxylating dioxygenase subunit alpha,4_409_TPDO,4,761.0,0.9831,1.9e-229,NZ_AWTN01000130.1,2391,3633,1,Comamonas thiooxydans,Bacteria; Pseudomonadati; Pseudomonadota; Betaproteobacteria; Burkholderiales; Comamonadaceae; Comamonas,0,4_409_TPDO#4,core,0.9924,2,1,0,1,transporter > [alpha] > beta > other > reductase
NZ_AWTP01000029.1:0-1083:1,WP_034402698.1,P608_RS03755,,aromatic ring-hydroxylating dioxygenase subunit alpha,4_409_TPDO,4,692.3,0.8575,1.4e-208,NZ_AWTP01000029.1,0,1083,1,Comamonas thiooxydans,Bacteria; Pseudomonadati; Pseudomonadota; Betaproteobacteria; Burkholderiales; Comamonadaceae; Comamonas,0,4_409_TPDO#4,core,0.9942,1,1,0,0,[alpha] > beta
NZ_AYOY01000079.1:3162-4443:-1,WP_008828132.1,C100_RS31180,,Rieske 2Fe-2S domain-containing protein,4_409_TPDO,4,443.4,0.9662,4.9e-133,NZ_AYOY01000079.1,3162,4443,-1,Sphingobium sp. C100,Bacteria; Pseudomonadati; Pseudomonadota; Alphaproteobacteria; Sphingomonadales; Sphingomonadaceae; Sphingobium,0,4_409_TPDO#3,core,0.9814,1,1,0,0,alpha_other > beta > other > [alpha] > beta > other
NZ_AYOY01000079.1:9353-10616:1,WP_008828125.1,C100_RS31215,,Rieske 2Fe-2S domain-containing protein,4_409_TPDO,4,489.5,0.9831,4.9e-147,NZ_AYOY01000079.1,9353,10616,1,Sphingobium sp. C100,Bacteria; Pseudomonadati; Pseudomonadota; Alphaproteobacteria; Sphingomonadales; Sphingomonadaceae; Sphingobium,0,4_409_TPDO#2,core,0.9587,2,1,1,0,other > ferredoxin > beta > [alpha] > other > other > other > dehydrogenase
NZ_AYOY01000165.1:68010-69186:-1,WP_008829815.1,C100_RS40520,,aromatic ring-hydroxylating dioxygenase subunit alpha,4_409_TPDO,4,172.6,0.9783,8.1e-51,NZ_AYOY01000165.1,68010,69186,-1,Sphingobium sp. C100,Bacteria; Pseudomonadati; Pseudomonadota; Alphaproteobacteria; Sphingomonadales; Sphingomonadaceae; Sphingobium,0,4_409_TPDO#1,core,0.9522,1,1,0,0,other > [alpha] > beta
NZ_BANJ01000042.1:50273-51554:1,WP_029329598.1,B7447_RS10370,,Rieske 2Fe-2S domain-containing protein,4_409_TPDO,4,413.9,0.9758,4.6e-124,NZ_BANJ01000042.1,50273,51554,1,Komagataeibacter xylinus NBRC 13693,Bacteria; Pseudomonadati; Pseudomonadota; Alphaproteobacteria; Acetobacterales; Acetobacteraceae; Komagataeibacter,0,4_409_TPDO#7,divergent,0.4933,1,1,0,0,transporter > transporter > hydrolase > hydrolase > [alpha] > beta > other > hydrolase
NZ_BAQF01000030.1:68461-69745:-1,WP_048849016.1,AA103193_RS13545,,Rieske 2Fe-2S domain-containing protein,4_409_TPDO,4,414.0,0.9783,4.3e-124,NZ_BAQF01000030.1,68461,69745,-1,Tanticharoenia sakaeratensis NBRC 103193,Bacteria; Pseudomonadati; Pseudomonadota; Alphaproteobacteria; Acetobacterales; Acetobacteraceae; Tanticharoenia,0,4_409_TPDO#7,divergent,0.4587,1,1,0,0,transporter > transporter > hydrolase > hydrolase > [alpha] > beta > other > hydrolase
NZ_BBXH01000001.1:7401-8643:1,WP_034370732.1,CSE6_RS00045,,aromatic ring-hydroxylating dioxygenase subunit alpha,4_409_TPDO,4,759.5,0.9831,5.5e-229,NZ_BBXH01000001.1,7401,8643,1,Comamonas sp. E6,Bacteria; Pseudomonadati; Pseudomonadota; Betaproteobacteria; Burkholderiales; Comamonadaceae; Comamonas,0,4_409_TPDO#4,core,0.9898,2,1,0,1,transporter > [alpha] > beta > other > reductase
NZ_BBXH01000002.1:48525-49767:1,WP_019043843.1,CSE6_RS00345,,aromatic ring-hydroxylating dioxygenase subunit alpha,4_409_TPDO,4,758.4,0.9831,1.1e-228,NZ_BBXH01000002.1,48525,49767,1,Comamonas sp. E6,Bacteria; Pseudomonadati; Pseudomonadota; Betaproteobacteria; Burkholderiales; Comamonadaceae; Comamonas,0,4_409_TPDO#4,core,0.9873,2,1,0,1,transporter > [alpha] > beta > other > reductase
NZ_BBYR01000104.1:5279-6524:1,WP_054022747.1,ISF6_RS26695,,aromatic ring-hydroxylating dioxygenase subunit alpha,4_409_TPDO,4,770.5,0.9831,2.4e-232,NZ_BBYR01000104.1,5279,6524,1,Piscinibacter sakaiensis,Bacteria; Pseudomonadati; Pseudomonadota; Betaproteobacteria; Burkholderiales; Sphaerotilaceae; Piscinibacter,0,4_409_TPDO#4,core,0.7798,2,1,0,1,transporter > [alpha] > beta > other > reductase
NZ_BMIO01000016.1:2890-4153:-1,WP_066762487.1,IEW71_RS15030,,Rieske 2Fe-2S domain-containing protein,4_409_TPDO,4,489.1,0.9686,6.7e-147,NZ_BMIO01000016.1,2890,4153,-1,Croceicoccus pelagius,Bacteria; Pseudomonadati; Pseudomonadota; Alphaproteobacteria; Sphingomonadales; Erythrobacteraceae; Croceicoccus,0,4_409_TPDO#2,core,0.9587,2,1,1,0,other > ferredoxin > beta > [alpha] > other > other
NZ_BMIO01000016.1:9099-10380:1,WP_066762497.1,IEW71_RS15065,,aromatic ring-hydroxylating dioxygenase subunit alpha,4_409_TPDO,4,435.4,0.9589,1.3e-130,NZ_BMIO01000016.1,9099,10380,1,Croceicoccus pelagius,Bacteria; Pseudomonadati; Pseudomonadota; Alphaproteobacteria; Sphingomonadales; Erythrobacteraceae; Croceicoccus,0,4_409_TPDO#3,core,0.9545,1,1,0,0,alpha_other > beta > other > [alpha] > beta > other
NZ_BMMH01000006.1:309816-311001:-1,WP_058855984.1,IEY68_RS16885,,Rieske 2Fe-2S domain-containing protein,4_409_TPDO,4,96.6,0.5097,9.6e-28,NZ_BMMH01000006.1,309816,311001,-1,Nocardia jinanensis,Bacteria; Bacillati; Actinomycetota; Actinomycetes; Mycobacteriales; Nocardiaceae; Nocardia,0,4_409_TPDO#12,novel_candidate,0.2554,0,0,0,0,[alpha] > other > hydrolase > other
NZ_CABVQH010000002.1:188697-189969:1,WP_039344770.1,BCO23253_RS03205,andAc,"anthranilate 1,2-dioxygenase large subunit AndAc",4_409_TPDO,4,479.0,0.9807,7.5e-144,NZ_CABVQH010000002.1,188697,189969,1,Burkholderia lata,Bacteria; Pseudomonadati; Pseudomonadota; Betaproteobacteria; Burkholderiales; Burkholderiaceae; Burkholderia; Burkholderia cepacia complex,0,4_409_TPDO#0,core,0.9921,3,1,1,1,[alpha] > beta > ferredoxin > reductase
NZ_CADIKE010000002.1:125978-127250:-1,WP_031398973.1,HV804_RS02680,andAc,"anthranilate 1,2-dioxygenase large subunit AndAc",4_409_TPDO,4,481.0,0.9807,1.9e-144,NZ_CADIKE010000002.1,125978,127250,-1,Burkholderia paludis,Bacteria; Pseudomonadati; Pseudomonadota; Betaproteobacteria; Burkholderiales; Burkholderiaceae; Burkholderia; Burkholderia cepacia complex,0,4_409_TPDO#0,core,0.9738,3,1,1,1,[alpha] > beta > ferredoxin > reductase
NZ_CADILI010000017.1:73991-75254:1,WP_011489367.1,HV779_RS32955,andAc,"anthranilate 1,2-dioxygenase large subunit AndAc",4_409_TPDO,4,437.8,0.9831,2.5e-131,NZ_CADILI010000017.1,73991,75254,1,Achromobacter insolitus,Bacteria; Pseudomonadati; Pseudomonadota; Betaproteobacteria; Burkholderiales; Alcaligenaceae; Achromobacter,0,4_409_TPDO#0,core,0.6113,1,1,0,0,[alpha] > beta > reductase
NZ_CP009294.1:26943-28206:-1,WP_007015968.1,JI59_RS23655,,Rieske 2Fe-2S domain-containing protein,4_409_TPDO,4,493.1,0.9783,4e-148,NZ_CP009294.1,26943,28206,-1,Novosphingobium pentaromativorans US6-1,Bacteria; Pseudomonadati; Pseudomonadota; Alphaproteobacteria; Sphingomonadales; Sphingomonadaceae; Novosphingobium,1,4_409_TPDO#2,core,0.8369,2,1,1,0,other > ferredoxin > beta > [alpha] > other > other > dehydrogenase
NZ_CP009294.1:33183-34458:1,WP_007015975.1,JI59_RS23690,,aromatic ring-hydroxylating dioxygenase subunit alpha,4_409_TPDO,4,431.2,0.9541,2.6e-129,NZ_CP009294.1,33183,34458,1,Novosphingobium pentaromativorans US6-1,Bacteria; Pseudomonadati; Pseudomonadota; Alphaproteobacteria; Sphingomonadales; Sphingomonadaceae; Novosphingobium,1,4_409_TPDO#3,core,0.7989,1,1,0,0,alpha_other > beta > other > [alpha] > beta > other
NZ_CP009294.1:50552-51728:1,WP_007015995.1,JI59_RS23790,,aromatic ring-hydroxylating dioxygenase subunit alpha,4_409_TPDO,4,178.9,0.9758,1e-52,NZ_CP009294.1,50552,51728,1,Novosphingobium pentaromativorans US6-1,Bacteria; Pseudomonadati; Pseudomonadota; Alphaproteobacteria; Sphingomonadales; Sphingomonadaceae; Novosphingobium,1,4_409_TPDO#1,core,0.8856,1,1,0,0,other > [alpha] > beta > hydrolase > other > other > other
NZ_CP014310.1:452860-454102:-1,WP_119024749.1,AXG89_RS32740,andAc,"anthranilate 1,2-dioxygenase large subunit AndAc",4_409_TPDO,4,469.5,0.9783,6.1e-141,NZ_CP014310.1,452860,454102,-1,Burkholderia sp. PAMC 26561,Bacteria; Pseudomonadati; Pseudomonadota; Betaproteobacteria; Burkholderiales; Burkholderiaceae; Burkholderia,1,4_409_TPDO#0,core,0.8338,3,1,1,1,[alpha] > beta > ferredoxin > reductase
NZ_CP018222.1:7320-8571:-1,WP_226998730.1,BSL82_RS17630,andAc,"anthranilate 1,2-dioxygenase large subunit AndAc",4_409_TPDO,4,457.9,0.9783,1.9e-137,NZ_CP018222.1,7320,8571,-1,Tardibacter chloracetimidivorans,Bacteria; Pseudomonadati; Pseudomonadota; Alphaproteobacteria; Sphingomonadales; Sphingomonadaceae; Tardibacter,1,4_409_TPDO#0,core,0.6572,3,1,1,1,[alpha] > beta > ring_cleavage > hydrolase > reductase > ferredoxin > reductase > ring_cleavage > other
NZ_CP021406.1:59929-61195:1,WP_201722143.1,CBW24_RS16360,,Rieske 2Fe-2S domain-containing protein,4_409_TPDO,4,687.9,0.971,3e-207,NZ_CP021406.1,59929,61195,1,Pacificitalea manganoxidans,Bacteria; Pseudomonadati; Pseudomonadota; Alphaproteobacteria; Rhodobacterales; Paracoccaceae; Pacificitalea,1,4_409_TPDO#17,core,0.6596,2,1,0,1,[alpha] > beta > other > reductase > regulator
NZ_CP022992.1:325460-326660:1,WP_244221172.1,CJU94_RS37820,,aromatic ring-hydroxylating dioxygenase subunit alpha,4_409_TPDO,4,197.9,0.9807,1.6e-58,NZ_CP022992.1,325460,326660,1,Paraburkholderia aromaticivorans,Bacteria; Pseudomonadati; Pseudomonadota; Betaproteobacteria; Burkholderiales; Burkholderiaceae; Paraburkholderia,1,4_409_TPDO#1,core,0.552,2,1,1,0,hydrolase > [alpha] > beta > hypothetical > ferredoxin > ring_cleavage > ferredoxin > alpha_other > beta
NZ_CP022992.1:329352-330606:1,WP_095423679.1,CJU94_RS37845,,aromatic ring-hydroxylating dioxygenase subunit alpha,4_409_TPDO,4,471.9,0.9734,1.1e-141,NZ_CP022992.1,329352,330606,1,Paraburkholderia aromaticivorans,Bacteria; Pseudomonadati; Pseudomonadota; Betaproteobacteria; Burkholderiales; Burkholderiaceae; Paraburkholderia,1,4_409_TPDO#2,divergent,0.5135,2,1,1,0,hydrolase > alpha_other > beta > hypothetical > ferredoxin > ring_cleavage > ferredoxin > [alpha] > beta
NZ_CP033228.1:114528-115791:-1,WP_122129288.1,EBF16_RS03225,,Rieske 2Fe-2S domain-containing protein,4_409_TPDO,4,489.4,0.9686,5.2e-147,NZ_CP033228.1,114528,115791,-1,Sphingobium yanoikuyae,Bacteria; Pseudomonadati; Pseudomonadota; Alphaproteobacteria; Sphingomonadales; Sphingomonadaceae; Sphingobium,1,4_409_TPDO#2,core,0.9455,2,1,1,0,other > ferredoxin > beta > [alpha] > other > other > other > dehydrogenase > other > hypothetical > reductase > dehydrogenase
NZ_CP033228.1:120701-121982:1,WP_122129295.1,EBF16_RS03260,,aromatic ring-hydroxylating dioxygenase subunit alpha,4_409_TPDO,4,443.9,0.9662,3.4e-133,NZ_CP033228.1,120701,121982,1,Sphingobium yanoikuyae,Bacteria; Pseudomonadati; Pseudomonadota; Alphaproteobacteria; Sphingomonadales; Sphingomonadaceae; Sphingobium,1,4_409_TPDO#3,core,0.9761,1,1,0,0,alpha_other > beta > other > [alpha] > beta > other
NZ_CP033228.1:149115-150291:1,WP_010890997.1,EBF16_RS03400,,aromatic ring-hydroxylating dioxygenase subunit alpha,4_409_TPDO,4,177.9,0.9807,1.9e-52,NZ_CP033228.1,149115,150291,1,Sphingobium yanoikuyae,Bacteria; Pseudomonadati; Pseudomonadota; Alphaproteobacteria; Sphingomonadales; Sphingomonadaceae; Sphingobium,1,4_409_TPDO#1,core,0.9612,1,1,0,0,other > [alpha] > beta > hydrolase > other > other > other
NZ_CP021249.1:17463-18747:-1,WP_010335332.1,CA833_RS25585,andAc,"anthranilate 1,2-dioxygenase large subunit AndAc",4_409_TPDO,4,476.2,0.9686,5.3e-143,NZ_CP021249.1,17463,18747,-1,Novosphingobium sp. KA1,Bacteria; Pseudomonadati; Pseudomonadota; Alphaproteobacteria; Sphingomonadales; Sphingomonadaceae; Novosphingobium,1,4_409_TPDO#0,core,0.7294,3,1,1,1,[alpha] > beta > ferredoxin > reductase
NZ_CP021355.1:178612-179878:1,WP_109335575.1,CBI38_RS31730,,aromatic ring-hydroxylating dioxygenase subunit alpha,4_409_TPDO,4,772.1,0.9855,8.2e-233,NZ_CP021355.1,178612,179878,1,Rhodococcus oxybenzonivorans,Bacteria; Bacillati; Actinomycetota; Actinomycetes; Mycobacteriales; Nocardiaceae; Rhodococcus,1,4_409_TPDO#5,core,0.9896,2,1,0,1,[alpha] > beta > other > reductase > transporter
NZ_CP029763.1:20580-21864:1,WP_010335332.1,DM450_RS22730,andAc,"anthranilate 1,2-dioxygenase large subunit AndAc",4_409_TPDO,4,476.2,0.9686,5.3e-143,NZ_CP029763.1,20580,21864,1,Sphingomonas sp. IC081,Bacteria; Pseudomonadati; Pseudomonadota; Alphaproteobacteria; Sphingomonadales; Sphingomonadaceae; Sphingomonas,1,4_409_TPDO#0,core,0.7294,3,1,1,1,[alpha] > beta > ferredoxin > reductase
NZ_CP060037.1:182671-183934:-1,WP_025548165.1,H5V43_RS22260,,Rieske 2Fe-2S domain-containing protein,4_409_TPDO,4,495.2,0.971,9.1e-149,NZ_CP060037.1,182671,183934,-1,Sphingobium fuliginis,Bacteria; Pseudomonadati; Pseudomonadota; Alphaproteobacteria; Sphingomonadales; Sphingomonadaceae; Sphingobium,1,4_409_TPDO#2,core,0.8333,2,1,1,0,other > ferredoxin > beta > [alpha] > other > other > other > dehydrogenase > other > hypothetical > reductase > dehydrogenase
NZ_CP060037.1:188911-190186:1,WP_025548178.1,H5V43_RS22295,,Rieske 2Fe-2S domain-containing protein,4_409_TPDO,4,432.8,0.9541,8.2e-130,NZ_CP060037.1,188911,190186,1,Sphingobium fuliginis,Bacteria; Pseudomonadati; Pseudomonadota; Alphaproteobacteria; Sphingomonadales; Sphingomonadaceae; Sphingobium,1,4_409_TPDO#3,core,0.8005,1,1,0,0,alpha_other > beta > other > [alpha] > beta > other
NZ_CP060037.1:213648-214824:1,WP_025548221.1,H5V43_RS22425,,aromatic ring-hydroxylating dioxygenase subunit alpha,4_409_TPDO,4,179.6,0.971,6.2e-53,NZ_CP060037.1,213648,214824,1,Sphingobium fuliginis,Bacteria; Pseudomonadati; Pseudomonadota; Alphaproteobacteria; Sphingomonadales; Sphingomonadaceae; Sphingobium,1,4_409_TPDO#1,core,0.8856,1,1,0,0,other > [alpha] > beta > hydrolase > hydrolase > other > other > other
NZ_CP063449.1:34655-35831:-1,WP_010890997.1,IM701_RS20825,,aromatic ring-hydroxylating dioxygenase subunit alpha,4_409_TPDO,4,177.9,0.9807,1.9e-52,NZ_CP063449.1,34655,35831,-1,Novosphingobium sp. ES2-1,Bacteria; Pseudomonadati; Pseudomonadota; Alphaproteobacteria; Sphingomonadales; Sphingomonadaceae; Novosphingobium,1,4_409_TPDO#1,core,0.9612,1,1,0,0,other > [alpha] > beta > hydrolase > other > other > other
NZ_CP063449.1:75792-77073:-1,WP_193829250.1,IM701_RS21015,,aromatic ring-hydroxylating dioxygenase subunit alpha,4_409_TPDO,4,444.0,0.9662,3.4e-133,NZ_CP063449.1,75792,77073,-1,Novosphingobium sp. ES2-1,Bacteria; Pseudomonadati; Pseudomonadota; Alphaproteobacteria; Sphingomonadales; Sphingomonadaceae; Novosphingobium,1,4_409_TPDO#3,core,0.9788,1,1,0,0,alpha_other > beta > other > [alpha] > beta > other
NZ_CP063449.1:81983-83246:1,WP_193829253.1,IM701_RS21050,,Rieske 2Fe-2S domain-containing protein,4_409_TPDO,4,487.8,0.9686,1.7e-146,NZ_CP063449.1,81983,83246,1,Novosphingobium sp. ES2-1,Bacteria; Pseudomonadati; Pseudomonadota; Alphaproteobacteria; Sphingomonadales; Sphingomonadaceae; Novosphingobium,1,4_409_TPDO#2,core,0.9716,2,1,1,0,other > ferredoxin > beta > [alpha] > other > other > other > dehydrogenase
NZ_CP118329.1:193437-194703:-1,WP_016884995.1,PST05_RS43165,,aromatic ring-hydroxylating dioxygenase subunit alpha,4_409_TPDO,4,770.7,0.9855,2.1e-232,NZ_CP118329.1,193437,194703,-1,Rhodococcus sp. DK17,Bacteria; Bacillati; Actinomycetota; Actinomycetes; Mycobacteriales; Nocardiaceae; Rhodococcus,1,4_409_TPDO#5,core,0.9871,2,1,0,1,[alpha] > beta > other > reductase > transporter
NZ_CVQP01000010.1:267130-268315:1,WP_050066911.1,RHCRD62_RS22205,,Rieske 2Fe-2S domain-containing protein,4_409_TPDO,4,94.2,0.5097,4.9e-27,NZ_CVQP01000010.1,267130,268315,1,Rhodococcus sp. RD6.2,Bacteria; Bacillati; Actinomycetota; Actinomycetes; Mycobacteriales; Nocardiaceae; Rhodococcus,0,4_409_TPDO#12,novel_candidate,0.2476,0,0,0,0,[alpha] > other > other > other
NZ_FCOI02000038.1:8455-9703:1,WP_061164347.1,AWB76_RS33210,andAc,"anthranilate 1,2-dioxygenase large subunit AndAc",4_409_TPDO,4,437.5,0.9783,3e-131,NZ_FCOI02000038.1,8455,9703,1,Caballeronia temeraria,Bacteria; Pseudomonadati; Pseudomonadota; Betaproteobacteria; Burkholderiales; Burkholderiaceae; Caballeronia,0,4_409_TPDO#0,core,0.6606,2,1,1,0,[alpha] > beta > ferredoxin > hypothetical
NZ_FCNX02000002.1:573950-575210:-1,WP_061133617.1,AWB77_RS06875,,aromatic ring-hydroxylating dioxygenase subunit alpha,4_409_TPDO,4,770.2,0.9831,3.1e-232,NZ_FCNX02000002.1,573950,575210,-1,Caballeronia fortuita,Bacteria; Pseudomonadati; Pseudomonadota; Betaproteobacteria; Burkholderiales; Burkholderiaceae; Caballeronia,0,4_409_TPDO#5,core,0.6997,2,1,0,1,[alpha] > beta > other > reductase > transporter > hypothetical
NZ_FCOC02000035.1:15422-16691:1,WP_060858970.1,AWB64_RS29545,andAc,"anthranilate 1,2-dioxygenase large subunit AndAc",4_409_TPDO,4,469.6,0.9831,5.4e-141,NZ_FCOC02000035.1,15422,16691,1,Caballeronia sordidicola,Bacteria; Pseudomonadati; Pseudomonadota; Betaproteobacteria; Burkholderiales; Burkholderiaceae; Caballeronia,0,4_409_TPDO#0,core,0.8437,3,1,1,1,transporter > other > [alpha] > beta > ferredoxin > reductase > transposon > transposon
NZ_FCOK02000005.1:160788-162030:-1,WP_156528757.1,AWB69_RS06115,andAc,"anthranilate 1,2-dioxygenase large subunit AndAc",4_409_TPDO,4,472.0,0.9783,1e-141,NZ_FCOK02000005.1,160788,162030,-1,Caballeronia udeis,Bacteria; Pseudomonadati; Pseudomonadota; Betaproteobacteria; Burkholderiales; Burkholderiaceae; Caballeronia,0,4_409_TPDO#0,core,0.8355,3,1,1,1,[alpha] > beta > ferredoxin > reductase
NZ_FMVR01000008.1:66556-67819:-1,WP_010891031.1,BLP56_RS15705,,Rieske 2Fe-2S domain-containing protein,4_409_TPDO,4,487.9,0.9686,1.5e-146,NZ_FMVR01000008.1,66556,67819,-1,Novosphingobium aromaticivorans,Bacteria; Pseudomonadati; Pseudomonadota; Alphaproteobacteria; Sphingomonadales; Sphingomonadaceae; Novosphingobium,0,4_409_TPDO#2,core,0.9716,2,1,1,0,other > ferredoxin > beta > [alpha] > other > other > other > dehydrogenase
NZ_FMVR01000008.1:72729-74010:1,WP_010891024.1,BLP56_RS15740,,Rieske 2Fe-2S domain-containing protein,4_409_TPDO,4,443.9,0.9662,3.4e-133,NZ_FMVR01000008.1,72729,74010,1,Novosphingobium aromaticivorans,Bacteria; Pseudomonadati; Pseudomonadota; Alphaproteobacteria; Sphingomonadales; Sphingomonadaceae; Novosphingobium,0,4_409_TPDO#3,core,0.9788,1,1,0,0,alpha_other > beta > other > [alpha] > beta > other
NZ_FMVR01000008.1:99504-100680:1,WP_010890997.1,BLP56_RS15870,,aromatic ring-hydroxylating dioxygenase subunit alpha,4_409_TPDO,4,177.9,0.9807,1.9e-52,NZ_FMVR01000008.1,99504,100680,1,Novosphingobium aromaticivorans,Bacteria; Pseudomonadati; Pseudomonadota; Alphaproteobacteria; Sphingomonadales; Sphingomonadaceae; Novosphingobium,0,4_409_TPDO#1,core,0.9612,1,1,0,0,other > [alpha] > beta > hydrolase > other > other > other
NZ_FNKH01000003.1:136803-138075:1,WP_074703559.1,BLR74_RS23655,,aromatic ring-hydroxylating dioxygenase subunit alpha,4_409_TPDO,4,735.0,0.9831,1.5e-221,NZ_FNKH01000003.1,136803,138075,1,Arthrobacter crystallopoietes,Bacteria; Bacillati; Actinomycetota; Actinomycetes; Micrococcales; Micrococcaceae; Arthrobacter,0,4_409_TPDO#26,core,0.7139,2,1,0,1,[alpha] > beta > other > reductase
NZ_FNTL01000002.1:129800-131003:1,WP_073362318.1,BLW42_RS00705,,aromatic ring-hydroxylating dioxygenase subunit alpha,4_409_TPDO,4,182.9,0.9517,6e-54,NZ_FNTL01000002.1,129800,131003,1,Rhodococcus jostii,Bacteria; Bacillati; Actinomycetota; Actinomycetes; Mycobacteriales; Nocardiaceae; Rhodococcus,0,4_409_TPDO#9,divergent,0.4369,1,1,0,0,[alpha] > beta
NZ_FOAW01000002.1:287575-288778:-1,WP_072751185.1,BMY59_RS03820,,aromatic ring-hydroxylating dioxygenase subunit alpha,4_409_TPDO,4,190.1,0.9517,3.9e-56,NZ_FOAW01000002.1,287575,288778,-1,Rhodococcus maanshanensis,Bacteria; Bacillati; Actinomycetota; Actinomycetes; Mycobacteriales; Nocardiaceae; Rhodococcus,0,4_409_TPDO#9,divergent,0.4369,1,1,0,0,[alpha] > beta > transporter > hypothetical
NZ_FPJF01000008.1:108343-109615:1,WP_034185205.1,BT190_RS16565,andAc,"anthranilate 1,2-dioxygenase large subunit AndAc",4_409_TPDO,4,480.0,0.9807,3.8e-144,NZ_FPJF01000008.1,108343,109615,1,Burkholderia sp. NFACC33-1,Bacteria; Pseudomonadati; Pseudomonadota; Betaproteobacteria; Burkholderiales; Burkholderiaceae; Burkholderia,0,4_409_TPDO#0,core,0.9814,3,1,1,1,hypothetical > [alpha] > beta > ferredoxin > reductase > hypothetical
NZ_FQZF01000002.1:43589-44870:1,WP_073130017.1,BUB97_RS00225,andAc,"anthranilate 1,2-dioxygenase large subunit AndAc",4_409_TPDO,4,461.4,0.9686,1.7e-138,NZ_FQZF01000002.1,43589,44870,1,Roseomonas rosea,Bacteria; Pseudomonadati; Pseudomonadota; Alphaproteobacteria; Acetobacterales; Roseomonadaceae; Roseomonas,0,4_409_TPDO#0,core,0.7249,2,1,1,0,[alpha] > beta > ferredoxin > hydrolase
NZ_FQZJ01000001.1:142985-144239:-1,WP_020932297.1,BUB14_RS00670,,aromatic ring-hydroxylating dioxygenase subunit alpha,4_409_TPDO,4,487.2,0.9734,2.5e-146,NZ_FQZJ01000001.1,142985,144239,-1,Cycloclasticus pugetii,Bacteria; Pseudomonadati; Pseudomonadota; Gammaproteobacteria; Thiotrichales; Piscirickettsiaceae; Cycloclasticus,0,4_409_TPDO#6,divergent,0.5054,1,1,0,0,beta > [alpha]
NZ_FQZJ01000004.1:80181-81429:1,WP_309598811.1,BUB14_RS08660,,Rieske 2Fe-2S domain-containing protein,4_409_TPDO,4,435.6,0.9807,1.1e-130,NZ_FQZJ01000004.1,80181,81429,1,Cycloclasticus pugetii,Bacteria; Pseudomonadati; Pseudomonadota; Gammaproteobacteria; Thiotrichales; Piscirickettsiaceae; Cycloclasticus,0,4_409_TPDO#6,divergent,0.5013,1,1,0,0,other > [alpha] > hydrolase > beta > alpha_other > alpha_other > beta
NZ_FQZJ01000010.1:2625-3879:1,WP_073024950.1,BUB14_RS11720,,Rieske 2Fe-2S domain-containing protein,4_409_TPDO,4,449.6,0.9541,6.6e-135,NZ_FQZJ01000010.1,2625,3879,1,Cycloclasticus pugetii,Bacteria; Pseudomonadati; Pseudomonadota; Gammaproteobacteria; Thiotrichales; Piscirickettsiaceae; Cycloclasticus,0,4_409_TPDO#3,core,0.5774,1,1,0,0,[alpha] > alpha_other > beta > other
NZ_JAAXOP010000015.1:165375-166533:1,WP_067868829.1,HGA08_RS23165,,aromatic ring-hydroxylating dioxygenase subunit alpha,4_409_TPDO,4,84.2,0.5169,5.5e-24,NZ_JAAXOP010000015.1,165375,166533,1,Nocardia vermiculata,Bacteria; Bacillati; Actinomycetota; Actinomycetes; Mycobacteriales; Nocardiaceae; Nocardia,0,4_409_TPDO#15,novel_candidate,0.2375,0,0,0,0,[alpha] > hydrolase
NZ_JABBGM010000007.1:46026-47202:-1,WP_010890997.1,HHL27_RS15235,,aromatic ring-hydroxylating dioxygenase subunit alpha,4_409_TPDO,4,177.9,0.9807,1.9e-52,NZ_JABBGM010000007.1,46026,47202,-1,Novosphingobium olei,Bacteria; Pseudomonadati; Pseudomonadota; Alphaproteobacteria; Sphingomonadales; Sphingomonadaceae; Novosphingobium,0,4_409_TPDO#1,core,0.9612,1,1,0,0,other > [alpha] > beta > hydrolase > other > other > other
NZ_JABBGM010000007.1:72673-73954:-1,WP_169494288.1,HHL27_RS15365,,aromatic ring-hydroxylating dioxygenase subunit alpha,4_409_TPDO,4,441.1,0.9638,2.5e-132,NZ_JABBGM010000007.1,72673,73954,-1,Novosphingobium olei,Bacteria; Pseudomonadati; Pseudomonadota; Alphaproteobacteria; Sphingomonadales; Sphingomonadaceae; Novosphingobium,0,4_409_TPDO#3,core,0.9532,1,1,0,0,alpha_other > beta > other > [alpha] > beta > other
NZ_JABBGM010000007.1:78861-80124:1,WP_169494295.1,HHL27_RS15400,,Rieske 2Fe-2S domain-containing protein,4_409_TPDO,4,490.0,0.9783,3.6e-147,NZ_JABBGM010000007.1,78861,80124,1,Novosphingobium olei,Bacteria; Pseudomonadati; Pseudomonadota; Alphaproteobacteria; Sphingomonadales; Sphingomonadaceae; Novosphingobium,0,4_409_TPDO#2,core,0.9456,2,1,1,0,other > ferredoxin > beta > [alpha] > other > other > other > dehydrogenase
NZ_JABBFV010000031.1:11789-13052:-1,WP_043152416.1,HHL08_RS23045,,Rieske 2Fe-2S domain-containing protein,4_409_TPDO,4,499.0,0.9589,6.4e-150,NZ_JABBFV010000031.1,11789,13052,-1,Sphingobium psychrophilum,Bacteria; Pseudomonadati; Pseudomonadota; Alphaproteobacteria; Sphingomonadales; Sphingomonadaceae; Sphingobium,0,4_409_TPDO#2,core,0.8508,2,1,1,0,other > ferredoxin > beta > [alpha] > other
NZ_JABBFV010000031.1:18050-19331:1,WP_096063923.1,HHL08_RS23080,,aromatic ring-hydroxylating dioxygenase subunit alpha,4_409_TPDO,4,429.1,0.9758,1.1e-128,NZ_JABBFV010000031.1,18050,19331,1,Sphingobium psychrophilum,Bacteria; Pseudomonadati; Pseudomonadota; Alphaproteobacteria; Sphingomonadales; Sphingomonadaceae; Sphingobium,0,4_409_TPDO#3,core,0.7926,1,1,0,0,alpha_other > beta > other > [alpha] > beta > other
NZ_JABBGL010000016.1:54910-56173:-1,WP_008828125.1,HHL26_RS18425,,Rieske 2Fe-2S domain-containing protein,4_409_TPDO,4,489.5,0.9831,4.9e-147,NZ_JABBGL010000016.1,54910,56173,-1,Sphingobium sp. TB-6,Bacteria; Pseudomonadati; Pseudomonadota; Alphaproteobacteria; Sphingomonadales; Sphingomonadaceae; Sphingobium,0,4_409_TPDO#2,core,0.9587,2,1,1,0,other > ferredoxin > beta > [alpha] > other > other > other > dehydrogenase
NZ_JABBGL010000016.1:61083-62364:1,WP_008828132.1,HHL26_RS18460,,Rieske 2Fe-2S domain-containing protein,4_409_TPDO,4,443.4,0.9662,4.9e-133,NZ_JABBGL010000016.1,61083,62364,1,Sphingobium sp. TB-6,Bacteria; Pseudomonadati; Pseudomonadota; Alphaproteobacteria; Sphingomonadales; Sphingomonadaceae; Sphingobium,0,4_409_TPDO#3,core,0.9814,1,1,0,0,alpha_other > beta > other > [alpha] > beta > other
NZ_JABBGL010000016.1:87813-88989:1,WP_008829815.1,HHL26_RS18590,,aromatic ring-hydroxylating dioxygenase subunit alpha,4_409_TPDO,4,172.6,0.9783,8.1e-51,NZ_JABBGL010000016.1,87813,88989,1,Sphingobium sp. TB-6,Bacteria; Pseudomonadati; Pseudomonadota; Alphaproteobacteria; Sphingomonadales; Sphingomonadaceae; Sphingobium,0,4_409_TPDO#1,core,0.9522,1,1,0,0,other > [alpha] > beta
NZ_JACAQG010000014.1:332661-333921:1,WP_017134359.1,HX776_RS10745,,aromatic ring-hydroxylating dioxygenase subunit alpha,4_409_TPDO,4,765.3,0.9807,9.5e-231,NZ_JACAQG010000014.1,332661,333921,1,Pseudomonas agarici,Bacteria; Pseudomonadati; Pseudomonadota; Gammaproteobacteria; Pseudomonadales; Pseudomonadaceae; Pseudomonas,0,4_409_TPDO#5,core,0.7857,2,1,0,1,[alpha] > beta > other > reductase > transporter
NZ_JACIEL010000031.1:3590-4766:-1,WP_007015995.1,GGR19_RS16945,,aromatic ring-hydroxylating dioxygenase subunit alpha,4_409_TPDO,4,178.9,0.9758,1e-52,NZ_JACIEL010000031.1,3590,4766,-1,Croceicoccus naphthovorans,Bacteria; Pseudomonadati; Pseudomonadota; Alphaproteobacteria; Sphingomonadales; Erythrobacteraceae; Croceicoccus,0,4_409_TPDO#1,core,0.8856,1,1,0,0,other > [alpha] > beta > hydrolase > other > other > other
NZ_JACIEL010000031.1:20860-22135:-1,WP_007015975.1,GGR19_RS17045,,aromatic ring-hydroxylating dioxygenase subunit alpha,4_409_TPDO,4,431.2,0.9541,2.6e-129,NZ_JACIEL010000031.1,20860,22135,-1,Croceicoccus naphthovorans,Bacteria; Pseudomonadati; Pseudomonadota; Alphaproteobacteria; Sphingomonadales; Erythrobacteraceae; Croceicoccus,0,4_409_TPDO#3,core,0.7989,1,1,0,0,alpha_other > beta > other > [alpha] > beta > other
NZ_JACIEL010000031.1:27112-28375:1,WP_007015968.1,GGR19_RS17080,,Rieske 2Fe-2S domain-containing protein,4_409_TPDO,4,493.1,0.9783,4e-148,NZ_JACIEL010000031.1,27112,28375,1,Croceicoccus naphthovorans,Bacteria; Pseudomonadati; Pseudomonadota; Alphaproteobacteria; Sphingomonadales; Erythrobacteraceae; Croceicoccus,0,4_409_TPDO#2,core,0.8369,2,1,1,0,other > ferredoxin > beta > [alpha] > other > other > dehydrogenase
NZ_JACIEU010000013.1:144315-145476:-1,WP_246428275.1,GGQ90_RS16565,,aromatic ring-hydroxylating dioxygenase subunit alpha,4_409_TPDO,4,175.4,0.971,1.2e-51,NZ_JACIEU010000013.1,144315,145476,-1,Sphingobium scionense,Bacteria; Pseudomonadati; Pseudomonadota; Alphaproteobacteria; Sphingomonadales; Sphingomonadaceae; Sphingobium,0,4_409_TPDO#1,core,0.8801,1,1,0,0,other > [alpha] > beta > dehydrogenase > dehydrogenase > reductase
NZ_JACIEU010000013.1:168976-170251:-1,WP_188083142.1,GGQ90_RS16695,,Rieske 2Fe-2S domain-containing protein,4_409_TPDO,4,432.8,0.9541,8.3e-130,NZ_JACIEU010000013.1,168976,170251,-1,Sphingobium scionense,Bacteria; Pseudomonadati; Pseudomonadota; Alphaproteobacteria; Sphingomonadales; Sphingomonadaceae; Sphingobium,0,4_409_TPDO#3,core,0.8011,1,1,0,0,alpha_other > beta > other > [alpha] > beta > other
NZ_JACIEU010000013.1:175227-176490:1,WP_052076599.1,GGQ90_RS16730,,Rieske 2Fe-2S domain-containing protein,4_409_TPDO,4,494.3,0.971,1.8e-148,NZ_JACIEU010000013.1,175227,176490,1,Sphingobium scionense,Bacteria; Pseudomonadati; Pseudomonadota; Alphaproteobacteria; Sphingomonadales; Sphingomonadaceae; Sphingobium,0,4_409_TPDO#2,core,0.8307,2,1,1,0,other > ferredoxin > beta > [alpha] > other
NZ_JACIEU010000032.1:35605-36856:-1,WP_226998730.1,GGQ90_RS24640,andAc,"anthranilate 1,2-dioxygenase large subunit AndAc",4_409_TPDO,4,457.9,0.9783,1.9e-137,NZ_JACIEU010000032.1,35605,36856,-1,Sphingobium scionense,Bacteria; Pseudomonadati; Pseudomonadota; Alphaproteobacteria; Sphingomonadales; Sphingomonadaceae; Sphingobium,0,4_409_TPDO#0,core,0.6572,3,1,1,1,[alpha] > beta > ring_cleavage > hydrolase > reductase > ferredoxin > reductase > ring_cleavage > other
NZ_JACKSD010000393.1:11934-13083:1,WP_264000388.1,H7I42_RS31525,,aromatic ring-hydroxylating dioxygenase subunit alpha,4_409_TPDO,4,183.8,0.8575,3.3e-54,NZ_JACKSD010000393.1,11934,13083,1,Mycolicibacterium vanbaalenii PYR-1,Bacteria; Bacillati; Actinomycetota; Actinomycetes; Mycobacteriales; Mycobacteriaceae; Mycolicibacterium,0,4_409_TPDO#23,divergent,0.4207,1,1,0,0,beta > alpha_other > dehydrogenase > dehydrogenase > hypothetical > [alpha] > beta > other > ring_cleavage
NZ_JAFKHN010000013.1:33104-34340:-1,WP_083292878.1,J0I38_RS14800,,aromatic ring-hydroxylating dioxygenase subunit alpha,4_409_TPDO,4,751.2,0.9783,1.7e-226,NZ_JAFKHN010000013.1,33104,34340,-1,Hydrogenophaga sp.,Bacteria; Pseudomonadati; Pseudomonadota; Betaproteobacteria; Burkholderiales; Comamonadaceae; Hydrogenophaga,0,4_409_TPDO#4,core,0.7467,2,1,0,1,transporter > [alpha] > beta > other > reductase
NZ_JAHPPB010000026.1:15927-17199:-1,WP_006404220.1,KTF23_RS22790,andAc,"anthranilate 1,2-dioxygenase large subunit AndAc",4_409_TPDO,4,476.7,0.9807,3.9e-143,NZ_JAHPPB010000026.1,15927,17199,-1,Burkholderia multivorans,Bacteria; Pseudomonadati; Pseudomonadota; Betaproteobacteria; Burkholderiales; Burkholderiaceae; Burkholderia; Burkholderia cepacia complex,0,4_409_TPDO#0,core,0.9867,3,1,1,1,[alpha] > beta > ferredoxin > reductase > hypothetical
NZ_JAINEZ010000013.1:49991-51254:-1,WP_008828125.1,K7W03_RS06895,,Rieske 2Fe-2S domain-containing protein,4_409_TPDO,4,489.5,0.9831,4.9e-147,NZ_JAINEZ010000013.1,49991,51254,-1,Sphingobium sp. PNB,Bacteria; Pseudomonadati; Pseudomonadota; Alphaproteobacteria; Sphingomonadales; Sphingomonadaceae; Sphingobium,0,4_409_TPDO#2,core,0.9587,2,1,1,0,other > ferredoxin > beta > [alpha] > other > other > other > dehydrogenase
NZ_JAINEZ010000013.1:56164-57445:1,WP_008828132.1,K7W03_RS06930,,Rieske 2Fe-2S domain-containing protein,4_409_TPDO,4,443.4,0.9662,4.9e-133,NZ_JAINEZ010000013.1,56164,57445,1,Sphingobium sp. PNB,Bacteria; Pseudomonadati; Pseudomonadota; Alphaproteobacteria; Sphingomonadales; Sphingomonadaceae; Sphingobium,0,4_409_TPDO#3,core,0.9814,1,1,0,0,alpha_other > beta > other > [alpha] > beta > other
NZ_JALN02000003.1:60992-62174:1,WP_011777805.1,Y900_RS28690,,aromatic ring-hydroxylating dioxygenase subunit alpha,4_409_TPDO,4,200.9,0.9589,2.1e-59,NZ_JALN02000003.1,60992,62174,1,Mycolicibacterium aromaticivorans JS19b1 = JCM 16368,Bacteria; Bacillati; Actinomycetota; Actinomycetes; Mycobacteriales; Mycobacteriaceae; Mycolicibacterium,0,4_409_TPDO#8,divergent,0.4087,1,1,0,0,beta > alpha_other > reductase > dehydrogenase > hypothetical > [alpha] > beta
NZ_JALN02000002.1:416480-417662:1,WP_036348745.1,Y900_RS28275,,aromatic ring-hydroxylating dioxygenase subunit alpha,4_409_TPDO,4,201.0,0.9614,1.9e-59,NZ_JALN02000002.1,416480,417662,1,Mycolicibacterium aromaticivorans JS19b1 = JCM 16368,Bacteria; Bacillati; Actinomycetota; Actinomycetes; Mycobacteriales; Mycobacteriaceae; Mycolicibacterium,0,4_409_TPDO#8,divergent,0.4169,1,1,0,0,hypothetical > [alpha] > beta > other > ring_cleavage
NZ_JANHKX010000069.1:5998-7261:-1,WP_011489367.1,NPS38_RS28815,andAc,"anthranilate 1,2-dioxygenase large subunit AndAc",4_409_TPDO,4,437.8,0.9831,2.5e-131,NZ_JANHKX010000069.1,5998,7261,-1,Pseudomonas putida,Bacteria; Pseudomonadati; Pseudomonadota; Gammaproteobacteria; Pseudomonadales; Pseudomonadaceae; Pseudomonas,0,4_409_TPDO#0,core,0.6113,1,1,0,0,[alpha] > beta > reductase
NZ_JARGOU010000001.1:117968-119222:1,WP_020932297.1,P1U51_RS00580,,aromatic ring-hydroxylating dioxygenase subunit alpha,4_409_TPDO,4,487.2,0.9734,2.5e-146,NZ_JARGOU010000001.1,117968,119222,1,Cycloclasticus pugetii,Bacteria; Pseudomonadati; Pseudomonadota; Gammaproteobacteria; Thiotrichales; Piscirickettsiaceae; Cycloclasticus,0,4_409_TPDO#6,divergent,0.5054,1,1,0,0,beta > [alpha]
NZ_JAUJPW010000023.1:78040-79312:-1,WP_035973562.1,QZL92_RS24330,andAc,"anthranilate 1,2-dioxygenase large subunit AndAc",4_409_TPDO,4,476.8,0.9807,3.7e-143,NZ_JAUJPW010000023.1,78040,79312,-1,Burkholderia dolosa,Bacteria; Pseudomonadati; Pseudomonadota; Betaproteobacteria; Burkholderiales; Burkholderiaceae; Burkholderia; Burkholderia cepacia complex,0,4_409_TPDO#0,core,0.971,3,1,1,1,[alpha] > beta > ferredoxin > reductase
NZ_JAVLSM010000013.1:48539-49820:1,WP_034335827.1,RI046_RS21305,andAc,"anthranilate 1,2-dioxygenase large subunit AndAc",4_409_TPDO,4,457.7,0.9734,2.3e-137,NZ_JAVLSM010000013.1,48539,49820,1,Herbaspirillum huttiense,Bacteria; Pseudomonadati; Pseudomonadota; Betaproteobacteria; Burkholderiales; Oxalobacteraceae; Herbaspirillum,0,4_409_TPDO#0,core,0.7454,2,1,0,1,[alpha] > beta > reductase > transporter > transporter > transporter > transporter > transporter > hydrolase
NZ_JAWLKG010000018.1:47230-48496:1,WP_088898937.1,R3Q02_RS27815,,aromatic ring-hydroxylating dioxygenase subunit alpha,4_409_TPDO,4,776.9,0.9831,2.8e-234,NZ_JAWLKG010000018.1,47230,48496,1,Rhodococcus aetherivorans,Bacteria; Bacillati; Actinomycetota; Actinomycetes; Mycobacteriales; Nocardiaceae; Rhodococcus,0,4_409_TPDO#5,core,0.9375,2,1,0,1,[alpha] > beta > other > reductase > transporter
NZ_JBCGUI010000004.1:313826-315107:1,WP_034335827.1,AADA03_RS10145,andAc,"anthranilate 1,2-dioxygenase large subunit AndAc",4_409_TPDO,4,457.7,0.9734,2.3e-137,NZ_JBCGUI010000004.1,313826,315107,1,Herbaspirillum huttiense NC40101,Bacteria; Pseudomonadati; Pseudomonadota; Betaproteobacteria; Burkholderiales; Oxalobacteraceae; Herbaspirillum,0,4_409_TPDO#0,core,0.7454,2,1,0,1,[alpha] > beta > reductase > transporter > transporter > transporter > transporter > transporter > hydrolase
NZ_JEMV01000035.1:12896-14159:-1,WP_043152416.1,BF95_RS15665,,Rieske 2Fe-2S domain-containing protein,4_409_TPDO,4,499.0,0.9589,6.4e-150,NZ_JEMV01000035.1,12896,14159,-1,Sphingobium sp. Ant17,Bacteria; Pseudomonadati; Pseudomonadota; Alphaproteobacteria; Sphingomonadales; Sphingomonadaceae; Sphingobium,0,4_409_TPDO#2,core,0.8508,2,1,1,0,other > ferredoxin > beta > [alpha] > other
NZ_JEMV01000035.1:19157-20198:1,WP_235209794.1,BF95_RS15700,,Rieske 2Fe-2S domain-containing protein,4_409_TPDO,4,352.2,0.8019,2.4e-105,NZ_JEMV01000035.1,19157,20198,1,Sphingobium sp. Ant17,Bacteria; Pseudomonadati; Pseudomonadota; Alphaproteobacteria; Sphingomonadales; Sphingomonadaceae; Sphingobium,0,4_409_TPDO#3,core,0.7793,1,1,0,0,alpha_other > beta > other > [alpha] > hypothetical > beta > other
NZ_JFHC01000015.1:81300-82554:-1,WP_035925868.1,BG61_RS12360,,aromatic ring-hydroxylating dioxygenase subunit alpha,4_409_TPDO,4,547.4,0.9807,1.3e-164,NZ_JFHC01000015.1,81300,82554,-1,Caballeronia glathei,Bacteria; Pseudomonadati; Pseudomonadota; Betaproteobacteria; Burkholderiales; Burkholderiaceae; Caballeronia,0,4_409_TPDO#24,divergent,0.5105,1,1,0,0,regulator > transporter > [alpha] > beta > dehydrogenase
NZ_JGVW01000053.1:69465-70737:-1,WP_038710289.1,LIG30_RS05405,andAc,"anthranilate 1,2-dioxygenase large subunit AndAc",4_409_TPDO,4,474.1,0.9807,2.4e-142,NZ_JGVW01000053.1,69465,70737,-1,Burkholderia sp. lig30,Bacteria; Pseudomonadati; Pseudomonadota; Betaproteobacteria; Burkholderiales; Burkholderiaceae; Burkholderia,0,4_409_TPDO#0,core,0.9622,3,1,1,1,[alpha] > beta > ferredoxin > reductase
NZ_JNFC01000067.1:67951-69142:1,WP_037557624.1,FG95_RS18060,,aromatic ring-hydroxylating dioxygenase subunit alpha,4_409_TPDO,4,178.7,0.8599,1.1e-52,NZ_JNFC01000067.1,67951,69142,1,Sphingopyxis sp. LC363,Bacteria; Pseudomonadati; Pseudomonadota; Alphaproteobacteria; Sphingomonadales; Sphingomonadaceae; Sphingopyxis,0,4_409_TPDO#1,core,0.6098,1,1,0,0,hypothetical > other > [alpha] > beta > other > dehydrogenase > transporter > alpha_other > beta > other > other > reductase
NZ_JNFC01000067.1:84820-86011:-1,WP_306997167.1,FG95_RS18130,,aromatic ring-hydroxylating dioxygenase subunit alpha,4_409_TPDO,4,477.0,0.9396,3.2e-143,NZ_JNFC01000067.1,84820,86011,-1,Sphingopyxis sp. LC363,Bacteria; Pseudomonadati; Pseudomonadota; Alphaproteobacteria; Sphingomonadales; Sphingomonadaceae; Sphingopyxis,0,4_409_TPDO#11,core,0.7038,2,1,1,0,other > ferredoxin > beta > [alpha] > other > other
NZ_JNFC01000067.1:104425-105601:1,WP_037557650.1,FG95_RS18240,,aromatic ring-hydroxylating dioxygenase subunit alpha,4_409_TPDO,4,185.1,0.9734,1.3e-54,NZ_JNFC01000067.1,104425,105601,1,Sphingopyxis sp. LC363,Bacteria; Pseudomonadati; Pseudomonadota; Alphaproteobacteria; Sphingomonadales; Sphingomonadaceae; Sphingopyxis,0,4_409_TPDO#1,core,0.7602,1,1,0,0,other > [alpha] > beta
NZ_JPGM01000027.1:14832-16104:-1,WP_031398973.1,GQ57_RS17795,andAc,"anthranilate 1,2-dioxygenase large subunit AndAc",4_409_TPDO,4,481.0,0.9807,1.9e-144,NZ_JPGM01000027.1,14832,16104,-1,Burkholderia sp. MSh2,Bacteria; Pseudomonadati; Pseudomonadota; Betaproteobacteria; Burkholderiales; Burkholderiaceae; Burkholderia,0,4_409_TPDO#0,core,0.9738,3,1,1,1,[alpha] > beta > ferredoxin > reductase
NZ_JPGL01000017.1:14790-16062:-1,WP_031398973.1,GQ56_RS0112495,andAc,"anthranilate 1,2-dioxygenase large subunit AndAc",4_409_TPDO,4,481.0,0.9807,1.9e-144,NZ_JPGL01000017.1,14790,16062,-1,Burkholderia paludis,Bacteria; Pseudomonadati; Pseudomonadota; Betaproteobacteria; Burkholderiales; Burkholderiaceae; Burkholderia; Burkholderia cepacia complex,0,4_409_TPDO#0,core,0.9738,3,1,1,1,[alpha] > beta > ferredoxin > reductase
NZ_JPMI01000004.1:20211-21465:1,WP_043388593.1,Q664_RS00665,,Rieske 2Fe-2S domain-containing protein,4_409_TPDO,4,440.4,0.9734,4e-132,NZ_JPMI01000004.1,20211,21465,1,Archangium violaceum Cb vi76,Bacteria; Pseudomonadati; Myxococcota; Myxococcia; Myxococcales; Cystobacterineae; Archangiaceae; Archangium,0,4_409_TPDO#10,divergent,0.4421,1,1,0,0,hypothetical > [alpha] > beta > other > hypothetical
NZ_JRVC01000021.1:81441-82704:-1,WP_010891031.1,NJ75_RS17935,,Rieske 2Fe-2S domain-containing protein,4_409_TPDO,4,487.9,0.9686,1.5e-146,NZ_JRVC01000021.1,81441,82704,-1,Novosphingobium subterraneum,Bacteria; Pseudomonadati; Pseudomonadota; Alphaproteobacteria; Sphingomonadales; Sphingomonadaceae; Novosphingobium,0,4_409_TPDO#2,core,0.9716,2,1,1,0,other > ferredoxin > beta > [alpha] > other > other > other > dehydrogenase
NZ_JRVC01000021.1:87614-88895:1,WP_039336966.1,NJ75_RS17970,,aromatic ring-hydroxylating dioxygenase subunit alpha,4_409_TPDO,4,443.9,0.9662,3.5e-133,NZ_JRVC01000021.1,87614,88895,1,Novosphingobium subterraneum,Bacteria; Pseudomonadati; Pseudomonadota; Alphaproteobacteria; Sphingomonadales; Sphingomonadaceae; Novosphingobium,0,4_409_TPDO#3,core,0.9735,1,1,0,0,alpha_other > beta > other > [alpha] > beta > other
NZ_JRVC01000030.1:37243-38419:-1,WP_010890997.1,NJ75_RS21025,,aromatic ring-hydroxylating dioxygenase subunit alpha,4_409_TPDO,4,177.9,0.9807,1.9e-52,NZ_JRVC01000030.1,37243,38419,-1,Novosphingobium subterraneum,Bacteria; Pseudomonadati; Pseudomonadota; Alphaproteobacteria; Sphingomonadales; Sphingomonadaceae; Novosphingobium,0,4_409_TPDO#1,core,0.9612,1,1,0,0,other > [alpha] > beta > hydrolase > other > other > other
NZ_JTAN02000003.1:196579-197851:1,WP_044847583.1,PL79_RS04950,andAc,"anthranilate 1,2-dioxygenase large subunit AndAc",4_409_TPDO,4,482.6,0.9807,6.3e-145,NZ_JTAN02000003.1,196579,197851,1,Burkholderia sp. USMB20,Bacteria; Pseudomonadati; Pseudomonadota; Betaproteobacteria; Burkholderiales; Burkholderiaceae; Burkholderia,0,4_409_TPDO#0,core,0.9683,3,1,1,1,[alpha] > beta > ferredoxin > reductase
NZ_JUFX02000113.1:27541-28822:-1,WP_039735065.1,GLUCOINTEAF2_RS08670,,Rieske 2Fe-2S domain-containing protein,4_409_TPDO,4,413.8,0.9758,4.8e-124,NZ_JUFX02000113.1,27541,28822,-1,Komagataeibacter intermedius AF2,Bacteria; Pseudomonadati; Pseudomonadota; Alphaproteobacteria; Acetobacterales; Acetobacteraceae; Komagataeibacter,0,4_409_TPDO#7,divergent,0.4933,1,1,0,0,transporter > transporter > hydrolase > hydrolase > [alpha] > beta > other > hydrolase
NZ_KE646812.1:2605-3859:1,WP_016391027.1,L196_RS11100,,Rieske 2Fe-2S domain-containing protein,4_409_TPDO,4,450.1,0.9541,4.7e-135,NZ_KE646812.1,2605,3859,1,Cycloclasticus pugetii,Bacteria; Pseudomonadati; Pseudomonadota; Gammaproteobacteria; Thiotrichales; Piscirickettsiaceae; Cycloclasticus,0,4_409_TPDO#3,core,0.5774,1,1,0,0,[alpha] > alpha_other > beta > other
NZ_KE646805.1:38750-39998:-1,WP_232228588.1,L196_RS00185,,Rieske 2Fe-2S domain-containing protein,4_409_TPDO,4,436.7,0.9807,5.4e-131,NZ_KE646805.1,38750,39998,-1,Cycloclasticus pugetii,Bacteria; Pseudomonadati; Pseudomonadota; Gammaproteobacteria; Thiotrichales; Piscirickettsiaceae; Cycloclasticus,0,4_409_TPDO#6,divergent,0.504,1,1,0,0,other > [alpha] > hydrolase > beta > alpha_other > alpha_other > beta
NZ_KE646807.1:1680-2871:1,WP_016390224.1,L196_RS05350,,aromatic ring-hydroxylating dioxygenase subunit alpha,4_409_TPDO,4,203.9,0.9831,2.6e-60,NZ_KE646807.1,1680,2871,1,Cycloclasticus pugetii,Bacteria; Pseudomonadati; Pseudomonadota; Gammaproteobacteria; Thiotrichales; Piscirickettsiaceae; Cycloclasticus,0,4_409_TPDO#1,core,0.5806,1,1,0,0,other > regulator > [alpha] > beta
NZ_KL662202.1:121012-122188:-1,WP_037508651.1,IH86_RS11330,,aromatic ring-hydroxylating dioxygenase subunit alpha,4_409_TPDO,4,178.1,0.971,1.7e-52,NZ_KL662202.1,121012,122188,-1,Sphingobium yanoikuyae,Bacteria; Pseudomonadati; Pseudomonadota; Alphaproteobacteria; Sphingomonadales; Sphingomonadaceae; Sphingobium,0,4_409_TPDO#1,core,0.8915,1,1,0,0,other > [alpha] > beta > dehydrogenase > dehydrogenase > reductase
NZ_KL662202.1:145680-146955:-1,WP_037508704.1,IH86_RS11460,,Rieske 2Fe-2S domain-containing protein,4_409_TPDO,4,433.6,0.9541,4.6e-130,NZ_KL662202.1,145680,146955,-1,Sphingobium yanoikuyae,Bacteria; Pseudomonadati; Pseudomonadota; Alphaproteobacteria; Sphingomonadales; Sphingomonadaceae; Sphingobium,0,4_409_TPDO#3,core,0.7984,1,1,0,0,alpha_other > beta > other > [alpha] > beta > other
NZ_KL662202.1:151931-153194:1,WP_052076599.1,IH86_RS11495,,Rieske 2Fe-2S domain-containing protein,4_409_TPDO,4,494.3,0.971,1.8e-148,NZ_KL662202.1,151931,153194,1,Sphingobium yanoikuyae,Bacteria; Pseudomonadati; Pseudomonadota; Alphaproteobacteria; Sphingomonadales; Sphingomonadaceae; Sphingobium,0,4_409_TPDO#2,core,0.8307,2,1,1,0,other > ferredoxin > beta > [alpha] > other
NZ_LADU01000043.1:1333-2596:-1,WP_035540699.1,VR74_RS05745,,Rieske 2Fe-2S domain-containing protein,4_409_TPDO,4,494.7,0.9614,1.4e-148,NZ_LADU01000043.1,1333,2596,-1,Hyphomonas sp. BRH_c22,Bacteria; Pseudomonadati; Pseudomonadota; Alphaproteobacteria; Hyphomonadales; Hyphomonadaceae; Hyphomonas,0,4_409_TPDO#2,core,0.8391,2,1,1,0,other > ferredoxin > beta > [alpha] > other
NZ_LADU01000043.1:7600-8881:1,WP_035540707.1,VR74_RS05780,,aromatic ring-hydroxylating dioxygenase subunit alpha,4_409_TPDO,4,427.2,0.9686,4.2e-128,NZ_LADU01000043.1,7600,8881,1,Hyphomonas sp. BRH_c22,Bacteria; Pseudomonadati; Pseudomonadota; Alphaproteobacteria; Hyphomonadales; Hyphomonadaceae; Hyphomonas,0,4_409_TPDO#3,core,0.7827,1,1,0,0,alpha_other > beta > other > [alpha] > beta > other
NZ_LADU01000043.1:32341-33517:1,WP_035540745.1,VR74_RS05910,,aromatic ring-hydroxylating dioxygenase subunit alpha,4_409_TPDO,4,177.6,0.9758,2.5e-52,NZ_LADU01000043.1,32341,33517,1,Hyphomonas sp. BRH_c22,Bacteria; Pseudomonadati; Pseudomonadota; Alphaproteobacteria; Hyphomonadales; Hyphomonadaceae; Hyphomonas,0,4_409_TPDO#1,core,0.8811,1,1,0,0,other > [alpha] > beta
NZ_LAQU01000009.1:13176-14454:-1,WP_046152893.1,WM40_RS10635,andAc,"anthranilate 1,2-dioxygenase large subunit AndAc",4_409_TPDO,4,469.9,0.9807,4.4e-141,NZ_LAQU01000009.1,13176,14454,-1,Robbsia andropogonis,Bacteria; Pseudomonadati; Pseudomonadota; Betaproteobacteria; Burkholderiales; Burkholderiaceae; Robbsia,0,4_409_TPDO#0,core,0.8519,3,1,1,1,[alpha] > beta > ferredoxin > reductase
NZ_LBIC01000014.1:50858-52121:-1,WP_008828125.1,YP76_RS23525,,Rieske 2Fe-2S domain-containing protein,4_409_TPDO,4,489.5,0.9831,4.9e-147,NZ_LBIC01000014.1,50858,52121,-1,Sphingobium chungbukense,Bacteria; Pseudomonadati; Pseudomonadota; Alphaproteobacteria; Sphingomonadales; Sphingomonadaceae; Sphingobium,0,4_409_TPDO#2,core,0.9587,2,1,1,0,other > ferredoxin > beta > [alpha] > other > other > other > dehydrogenase
NZ_LBIC01000014.1:57031-58312:1,WP_008828132.1,YP76_RS23560,,Rieske 2Fe-2S domain-containing protein,4_409_TPDO,4,443.4,0.9662,4.9e-133,NZ_LBIC01000014.1,57031,58312,1,Sphingobium chungbukense,Bacteria; Pseudomonadati; Pseudomonadota; Alphaproteobacteria; Sphingomonadales; Sphingomonadaceae; Sphingobium,0,4_409_TPDO#3,core,0.9814,1,1,0,0,alpha_other > beta > other > [alpha] > beta > other
NZ_LBIC01000014.1:83760-84936:1,WP_008829815.1,YP76_RS23690,,aromatic ring-hydroxylating dioxygenase subunit alpha,4_409_TPDO,4,172.6,0.9783,8.1e-51,NZ_LBIC01000014.1,83760,84936,1,Sphingobium chungbukense,Bacteria; Pseudomonadati; Pseudomonadota; Alphaproteobacteria; Sphingomonadales; Sphingomonadaceae; Sphingobium,0,4_409_TPDO#1,core,0.9522,1,1,0,0,other > [alpha] > beta
NZ_LDSL01000164.1:1859-3146:-1,WP_058644065.1,NS331_RS21940,andAc,"anthranilate 1,2-dioxygenase large subunit AndAc",4_409_TPDO,4,477.4,0.9903,2.4e-143,NZ_LDSL01000164.1,1859,3146,-1,Pseudacidovorax intermedius,Bacteria; Pseudomonadati; Pseudomonadota; Betaproteobacteria; Burkholderiales; Comamonadaceae; Pseudacidovorax,0,4_409_TPDO#0,core,0.6718,1,1,0,0,[alpha] > beta > transporter
NZ_LDSL01000009.1:8173-9481:1,WP_058640169.1,NS331_RS01035,,SRPBCC family protein,4_409_TPDO,4,468.5,0.9734,1.2e-140,NZ_LDSL01000009.1,8173,9481,1,Pseudacidovorax intermedius,Bacteria; Pseudomonadati; Pseudomonadota; Betaproteobacteria; Burkholderiales; Comamonadaceae; Pseudacidovorax,0,4_409_TPDO#11,divergent,0.484,1,0,1,0,hydrolase > hydrolase > [alpha] > ro_beta > ferredoxin > transporter > transporter > transporter
NZ_LDWR01000055.1:120546-121818:1,WP_048250145.1,VL15_RS29105,andAc,"anthranilate 1,2-dioxygenase large subunit AndAc",4_409_TPDO,4,484.0,0.9783,2.3e-145,NZ_LDWR01000055.1,120546,121818,1,Burkholderia cepacia,Bacteria; Pseudomonadati; Pseudomonadota; Betaproteobacteria; Burkholderiales; Burkholderiaceae; Burkholderia; Burkholderia cepacia complex,0,4_409_TPDO#0,core,0.9628,3,1,1,1,[alpha] > beta > ferredoxin > reductase
NZ_LLYA01000162.1:51281-52538:1,WP_057845084.1,CQ13_RS22840,,aromatic ring-hydroxylating dioxygenase subunit alpha,4_409_TPDO,4,747.4,0.9879,2.5e-225,NZ_LLYA01000162.1,51281,52538,1,Bradyrhizobium retamae,Bacteria; Pseudomonadati; Pseudomonadota; Alphaproteobacteria; Hyphomicrobiales; Nitrobacteraceae; Bradyrhizobium,0,4_409_TPDO#5,core,0.7371,2,1,0,1,[alpha] > beta > other > reductase > transporter
NZ_LMIH01000023.1:99396-100677:-1,WP_057203625.1,ASE31_RS20370,andAc,"anthranilate 1,2-dioxygenase large subunit AndAc",4_409_TPDO,4,451.0,0.9831,2.5e-135,NZ_LMIH01000023.1,99396,100677,-1,Acidovorax sp. Root217,Bacteria; Pseudomonadati; Pseudomonadota; Betaproteobacteria; Burkholderiales; Comamonadaceae; Acidovorax,0,4_409_TPDO#0,core,0.7473,3,1,1,1,regulator > [alpha] > beta > ferredoxin > transporter > transporter > transporter > transporter > transporter > reductase
NZ_LMIE01000022.1:386125-387385:1,WP_056272063.1,ASE11_RS13325,,Rieske 2Fe-2S domain-containing protein,4_409_TPDO,4,720.5,0.9783,3.7e-217,NZ_LMIE01000022.1,386125,387385,1,Hydrogenophaga sp. Root209,Bacteria; Pseudomonadati; Pseudomonadota; Betaproteobacteria; Burkholderiales; Comamonadaceae; Hydrogenophaga,0,4_409_TPDO#25,core,0.6203,3,1,1,1,[alpha] > beta > reductase > other > ferredoxin > reductase > reductase > dehydrogenase > transporter > other
NZ_LMIJ01000007.1:170743-172024:-1,WP_057265831.1,ASE28_RS07170,andAc,"anthranilate 1,2-dioxygenase large subunit AndAc",4_409_TPDO,4,451.0,0.9831,2.4e-135,NZ_LMIJ01000007.1,170743,172024,-1,Acidovorax sp. Root219,Bacteria; Pseudomonadati; Pseudomonadota; Betaproteobacteria; Burkholderiales; Comamonadaceae; Acidovorax,0,4_409_TPDO#0,core,0.7507,3,1,1,1,[alpha] > beta > ferredoxin > transporter > transporter > transporter > transporter > transporter > reductase
NZ_LMMT01000037.1:184717-186004:-1,WP_056670503.1,ASF45_RS26325,andAc,"anthranilate 1,2-dioxygenase large subunit AndAc",4_409_TPDO,4,470.6,0.9831,2.8e-141,NZ_LMMT01000037.1,184717,186004,-1,Pseudorhodoferax sp. Leaf265,Bacteria; Pseudomonadati; Pseudomonadota; Betaproteobacteria; Burkholderiales; Comamonadaceae,0,4_409_TPDO#0,core,0.7,2,1,1,0,[alpha] > beta > ferredoxin > transporter > transporter > transporter > transporter > transporter
NZ_LMNA01000027.1:203470-204757:1,WP_056901634.1,ASF44_RS23270,andAc,"anthranilate 1,2-dioxygenase large subunit AndAc",4_409_TPDO,4,473.7,0.9831,3.2e-142,NZ_LMNA01000027.1,203470,204757,1,Pseudorhodoferax sp. Leaf274,Bacteria; Pseudomonadati; Pseudomonadota; Betaproteobacteria; Burkholderiales; Comamonadaceae,0,4_409_TPDO#0,core,0.7224,2,1,1,0,[alpha] > beta > ferredoxin > transporter > transporter > transporter > transporter > transporter
NZ_LMPF01000022.1:415762-417004:-1,WP_056362177.1,ASG35_RS20650,andAc,"anthranilate 1,2-dioxygenase large subunit AndAc",4_409_TPDO,4,469.8,0.9807,4.8e-141,NZ_LMPF01000022.1,415762,417004,-1,Burkholderia sp. Leaf177,Bacteria; Pseudomonadati; Pseudomonadota; Betaproteobacteria; Burkholderiales; Burkholderiaceae; Burkholderia,0,4_409_TPDO#0,core,0.8387,3,1,1,1,[alpha] > beta > ferredoxin > reductase
NZ_LMQL01000005.1:104108-105338:-1,WP_055893694.1,ASG30_RS05305,,aromatic ring-hydroxylating dioxygenase subunit alpha,4_409_TPDO,4,754.2,0.9807,2.2e-227,NZ_LMQL01000005.1,104108,105338,-1,Ramlibacter sp. Leaf400,Bacteria; Pseudomonadati; Pseudomonadota; Betaproteobacteria; Burkholderiales; Comamonadaceae; Ramlibacter,0,4_409_TPDO#13,core,0.7696,2,1,0,1,transporter > [alpha] > beta > other > reductase > other
NZ_LNSB01000012.1:57198-58374:-1,WP_058807230.1,ATE62_RS07810,,aromatic ring-hydroxylating dioxygenase subunit alpha,4_409_TPDO,4,182.4,0.9758,8.4e-54,NZ_LNSB01000012.1,57198,58374,-1,Sphingopyxis sp. HIX,Bacteria; Pseudomonadati; Pseudomonadota; Alphaproteobacteria; Sphingomonadales; Sphingomonadaceae; Sphingopyxis,0,4_409_TPDO#1,core,0.7636,1,1,0,0,other > [alpha] > beta
NZ_LNSB01000012.1:76697-77969:1,WP_082660143.1,ATE62_RS07920,,aromatic ring-hydroxylating dioxygenase subunit alpha,4_409_TPDO,4,502.2,0.9638,6.9e-151,NZ_LNSB01000012.1,76697,77969,1,Sphingopyxis sp. HIX,Bacteria; Pseudomonadati; Pseudomonadota; Alphaproteobacteria; Sphingomonadales; Sphingomonadaceae; Sphingopyxis,0,4_409_TPDO#0,core,0.7188,2,1,1,0,other > ferredoxin > beta > [alpha] > other > other
NZ_LNSB01000012.1:93584-94775:-1,WP_058807191.1,ATE62_RS07990,,aromatic ring-hydroxylating dioxygenase subunit alpha,4_409_TPDO,4,185.8,0.8671,7.9e-55,NZ_LNSB01000012.1,93584,94775,-1,Sphingopyxis sp. HIX,Bacteria; Pseudomonadati; Pseudomonadota; Alphaproteobacteria; Sphingomonadales; Sphingomonadaceae; Sphingopyxis,0,4_409_TPDO#1,core,0.6163,1,1,0,0,hypothetical > other > [alpha] > beta > other > dehydrogenase > transporter > alpha_other > beta > other > other > reductase
NZ_LNRZ01000001.1:469682-470873:1,WP_058815025.1,ATE67_RS02085,,aromatic ring-hydroxylating dioxygenase subunit alpha,4_409_TPDO,4,184.6,0.8671,1.9e-54,NZ_LNRZ01000001.1,469682,470873,1,Sphingopyxis sp. H050,Bacteria; Pseudomonadati; Pseudomonadota; Alphaproteobacteria; Sphingomonadales; Sphingomonadaceae; Sphingopyxis,0,4_409_TPDO#1,core,0.6193,1,1,0,0,hypothetical > other > [alpha] > beta > other > dehydrogenase > transporter > alpha_other > beta > other > other > reductase
NZ_LNRZ01000001.1:486487-487759:-1,WP_082660143.1,ATE67_RS02155,,aromatic ring-hydroxylating dioxygenase subunit alpha,4_409_TPDO,4,502.2,0.9638,6.9e-151,NZ_LNRZ01000001.1,486487,487759,-1,Sphingopyxis sp. H050,Bacteria; Pseudomonadati; Pseudomonadota; Alphaproteobacteria; Sphingomonadales; Sphingomonadaceae; Sphingopyxis,0,4_409_TPDO#0,core,0.7188,2,1,1,0,other > ferredoxin > beta > [alpha] > other > other
NZ_LNRZ01000001.1:506083-507259:1,WP_058807230.1,ATE67_RS02265,,aromatic ring-hydroxylating dioxygenase subunit alpha,4_409_TPDO,4,182.4,0.9758,8.4e-54,NZ_LNRZ01000001.1,506083,507259,1,Sphingopyxis sp. H050,Bacteria; Pseudomonadati; Pseudomonadota; Alphaproteobacteria; Sphingomonadales; Sphingomonadaceae; Sphingopyxis,0,4_409_TPDO#1,core,0.7636,1,1,0,0,other > [alpha] > beta
NZ_LNRT01000011.1:79527-80703:-1,WP_037557650.1,ATE68_RS16435,,aromatic ring-hydroxylating dioxygenase subunit alpha,4_409_TPDO,4,185.1,0.9734,1.3e-54,NZ_LNRT01000011.1,79527,80703,-1,Sphingopyxis sp. H038,Bacteria; Pseudomonadati; Pseudomonadota; Alphaproteobacteria; Sphingomonadales; Sphingomonadaceae; Sphingopyxis,0,4_409_TPDO#1,core,0.7602,1,1,0,0,other > [alpha] > beta
NZ_LNRT01000011.1:99117-100308:1,WP_306997167.1,ATE68_RS16545,,aromatic ring-hydroxylating dioxygenase subunit alpha,4_409_TPDO,4,477.0,0.9396,3.2e-143,NZ_LNRT01000011.1,99117,100308,1,Sphingopyxis sp. H038,Bacteria; Pseudomonadati; Pseudomonadota; Alphaproteobacteria; Sphingomonadales; Sphingomonadaceae; Sphingopyxis,0,4_409_TPDO#11,core,0.7038,2,1,1,0,other > ferredoxin > beta > [alpha] > other > other
NZ_LNRT01000011.1:115986-117177:-1,WP_037557624.1,ATE68_RS16615,,aromatic ring-hydroxylating dioxygenase subunit alpha,4_409_TPDO,4,178.7,0.8599,1.1e-52,NZ_LNRT01000011.1,115986,117177,-1,Sphingopyxis sp. H038,Bacteria; Pseudomonadati; Pseudomonadota; Alphaproteobacteria; Sphingomonadales; Sphingomonadaceae; Sphingopyxis,0,4_409_TPDO#1,core,0.6098,1,1,0,0,hypothetical > other > [alpha] > beta > other > dehydrogenase > transporter > alpha_other > beta > other > other > reductase
NZ_LOUY01000072.1:68573-69845:1,WP_059631288.1,WI72_RS23380,andAc,"anthranilate 1,2-dioxygenase large subunit AndAc",4_409_TPDO,4,481.7,0.9831,1.1e-144,NZ_LOUY01000072.1,68573,69845,1,Burkholderia ubonensis,Bacteria; Pseudomonadati; Pseudomonadota; Betaproteobacteria; Burkholderiales; Burkholderiaceae; Burkholderia; Burkholderia cepacia complex,0,4_409_TPDO#0,core,0.9868,3,1,1,1,[alpha] > beta > ferredoxin > reductase > hypothetical
NZ_LOVS01000006.1:121218-122496:-1,WP_066566629.1,WS62_RS01220,andAc,"anthranilate 1,2-dioxygenase large subunit AndAc",4_409_TPDO,4,475.7,0.9831,7.6e-143,NZ_LOVS01000006.1,121218,122496,-1,Burkholderia sp. ABCPW 14,Bacteria; Pseudomonadati; Pseudomonadota; Betaproteobacteria; Burkholderiales; Burkholderiaceae; Burkholderia,0,4_409_TPDO#0,core,0.8494,3,1,1,1,[alpha] > beta > ferredoxin > reductase
NZ_LOWB01000032.1:32178-33456:-1,WP_059569758.1,WS68_RS05080,andAc,"anthranilate 1,2-dioxygenase large subunit AndAc",4_409_TPDO,4,466.9,0.9831,3.7e-140,NZ_LOWB01000032.1,32178,33456,-1,Burkholderia sp. TSV86,Bacteria; Pseudomonadati; Pseudomonadota; Betaproteobacteria; Burkholderiales; Burkholderiaceae; Burkholderia,0,4_409_TPDO#0,core,0.7952,3,1,1,1,[alpha] > beta > ferredoxin > reductase
NZ_LOSU01000028.1:95862-97134:1,WP_059448779.1,WS45_RS10960,andAc,"anthranilate 1,2-dioxygenase large subunit AndAc",4_409_TPDO,4,482.0,0.9807,9.4e-145,NZ_LOSU01000028.1,95862,97134,1,Burkholderia sp. RF2-non_BP3,Bacteria; Pseudomonadati; Pseudomonadota; Betaproteobacteria; Burkholderiales; Burkholderiaceae; Burkholderia,0,4_409_TPDO#0,core,0.9735,3,1,1,1,[alpha] > beta > ferredoxin > reductase
NZ_LOTQ01000014.1:104468-105740:1,WP_040139278.1,WI41_RS08970,andAc,"anthranilate 1,2-dioxygenase large subunit AndAc",4_409_TPDO,4,481.3,0.9807,1.6e-144,NZ_LOTQ01000014.1,104468,105740,1,Burkholderia latens,Bacteria; Pseudomonadati; Pseudomonadota; Betaproteobacteria; Burkholderiales; Burkholderiaceae; Burkholderia; Burkholderia cepacia complex,0,4_409_TPDO#0,core,0.9655,3,1,1,1,[alpha] > beta > ferredoxin > reductase
NZ_LOWA01000018.1:736793-738071:-1,WP_059515268.1,WS67_RS06900,andAc,"anthranilate 1,2-dioxygenase large subunit AndAc",4_409_TPDO,4,470.1,0.9831,3.8e-141,NZ_LOWA01000018.1,736793,738071,-1,Burkholderia singularis,Bacteria; Pseudomonadati; Pseudomonadota; Betaproteobacteria; Burkholderiales; Burkholderiaceae; Burkholderia; pseudomallei group,0,4_409_TPDO#0,core,0.8011,3,1,1,1,[alpha] > beta > ferredoxin > reductase
NZ_LOXM01000262.1:50972-52244:1,WP_059759037.1,WJ33_RS30630,andAc,"anthranilate 1,2-dioxygenase large subunit AndAc",4_409_TPDO,4,479.8,0.9831,4.3e-144,NZ_LOXM01000262.1,50972,52244,1,Burkholderia ubonensis,Bacteria; Pseudomonadati; Pseudomonadota; Betaproteobacteria; Burkholderiales; Burkholderiaceae; Burkholderia; Burkholderia cepacia complex,0,4_409_TPDO#0,core,0.9894,3,1,1,1,[alpha] > beta > ferredoxin > reductase > hypothetical
NZ_LOXK01000040.1:15962-17240:1,WP_038751016.1,WS77_RS08585,andAc,"anthranilate 1,2-dioxygenase large subunit AndAc",4_409_TPDO,4,474.9,0.9831,1.3e-142,NZ_LOXK01000040.1,15962,17240,1,Burkholderia sp. MSMB0265,Bacteria; Pseudomonadati; Pseudomonadota; Betaproteobacteria; Burkholderiales; Burkholderiaceae; Burkholderia,0,4_409_TPDO#0,core,0.8187,3,1,1,1,[alpha] > beta > ferredoxin > reductase
NZ_LOWC01000142.1:7821-9099:1,WP_059472660.1,WS69_RS21280,andAc,"anthranilate 1,2-dioxygenase large subunit AndAc",4_409_TPDO,4,475.8,0.9831,7.1e-143,NZ_LOWC01000142.1,7821,9099,1,Burkholderia sp. BDU5,Bacteria; Pseudomonadati; Pseudomonadota; Betaproteobacteria; Burkholderiales; Burkholderiaceae; Burkholderia,0,4_409_TPDO#0,core,0.8509,3,1,1,1,[alpha] > beta > ferredoxin > reductase
NZ_LPFQ01000096.1:37286-38558:1,WP_060103487.1,WT31_RS21875,andAc,"anthranilate 1,2-dioxygenase large subunit AndAc",4_409_TPDO,4,482.7,0.9807,5.9e-145,NZ_LPFQ01000096.1,37286,38558,1,Burkholderia territorii,Bacteria; Pseudomonadati; Pseudomonadota; Betaproteobacteria; Burkholderiales; Burkholderiaceae; Burkholderia; Burkholderia cepacia complex,0,4_409_TPDO#0,core,0.9708,3,1,1,1,[alpha] > beta > ferredoxin > reductase
NZ_LPDZ01000035.1:72521-73793:1,WP_060062514.1,WK64_RS04805,andAc,"anthranilate 1,2-dioxygenase large subunit AndAc",4_409_TPDO,4,479.7,0.9831,4.7e-144,NZ_LPDZ01000035.1,72521,73793,1,Burkholderia ubonensis,Bacteria; Pseudomonadati; Pseudomonadota; Betaproteobacteria; Burkholderiales; Burkholderiaceae; Burkholderia; Burkholderia cepacia complex,0,4_409_TPDO#0,core,0.992,3,1,1,1,[alpha] > beta > ferredoxin > reductase > hypothetical
NZ_LOYH01000092.1:241558-242830:-1,WP_059521940.1,WS90_RS29760,andAc,"anthranilate 1,2-dioxygenase large subunit AndAc",4_409_TPDO,4,478.8,0.9807,9e-144,NZ_LOYH01000092.1,241558,242830,-1,Burkholderia cepacia,Bacteria; Pseudomonadati; Pseudomonadota; Betaproteobacteria; Burkholderiales; Burkholderiaceae; Burkholderia; Burkholderia cepacia complex,0,4_409_TPDO#0,core,0.9815,3,1,1,1,[alpha] > beta > ferredoxin > reductase
NZ_LOYK01000037.1:242040-243312:-1,WP_059521940.1,WS93_RS15615,andAc,"anthranilate 1,2-dioxygenase large subunit AndAc",4_409_TPDO,4,478.8,0.9807,9e-144,NZ_LOYK01000037.1,242040,243312,-1,Burkholderia cepacia,Bacteria; Pseudomonadati; Pseudomonadota; Betaproteobacteria; Burkholderiales; Burkholderiaceae; Burkholderia; Burkholderia cepacia complex,0,4_409_TPDO#0,core,0.9815,3,1,1,1,[alpha] > beta > ferredoxin > reductase
NZ_LOYU01000083.1:96065-97337:-1,WP_059521940.1,WT01_RS34630,andAc,"anthranilate 1,2-dioxygenase large subunit AndAc",4_409_TPDO,4,478.8,0.9807,9e-144,NZ_LOYU01000083.1,96065,97337,-1,Burkholderia cepacia,Bacteria; Pseudomonadati; Pseudomonadota; Betaproteobacteria; Burkholderiales; Burkholderiaceae; Burkholderia; Burkholderia cepacia complex,0,4_409_TPDO#0,core,0.9815,3,1,1,1,[alpha] > beta > ferredoxin > reductase
NZ_LPGJ01000080.1:214257-215529:-1,WP_059985662.1,WL18_RS18545,andAc,"anthranilate 1,2-dioxygenase large subunit AndAc",4_409_TPDO,4,480.7,0.9831,2.3e-144,NZ_LPGJ01000080.1,214257,215529,-1,Burkholderia ubonensis,Bacteria; Pseudomonadati; Pseudomonadota; Betaproteobacteria; Burkholderiales; Burkholderiaceae; Burkholderia; Burkholderia cepacia complex,0,4_409_TPDO#0,core,0.9894,3,1,1,1,[alpha] > beta > ferredoxin > reductase > hypothetical
NZ_LPHZ01000072.1:317535-318807:-1,WP_060293134.1,WL51_RS17255,andAc,"anthranilate 1,2-dioxygenase large subunit AndAc",4_409_TPDO,4,479.6,0.9831,5.2e-144,NZ_LPHZ01000072.1,317535,318807,-1,Burkholderia ubonensis,Bacteria; Pseudomonadati; Pseudomonadota; Betaproteobacteria; Burkholderiales; Burkholderiaceae; Burkholderia; Burkholderia cepacia complex,0,4_409_TPDO#0,core,0.9868,3,1,1,1,[alpha] > beta > ferredoxin > reductase > hypothetical
NZ_LPJR01000071.1:92278-93550:1,WP_060245760.1,WT56_RS26660,andAc,"anthranilate 1,2-dioxygenase large subunit AndAc",4_409_TPDO,4,477.5,0.9807,2.2e-143,NZ_LPJR01000071.1,92278,93550,1,Burkholderia pseudomultivorans,Bacteria; Pseudomonadati; Pseudomonadota; Betaproteobacteria; Burkholderiales; Burkholderiaceae; Burkholderia; Burkholderia cepacia complex,0,4_409_TPDO#0,core,0.9761,3,1,1,1,[alpha] > beta > ferredoxin > reductase
NZ_LPJX01000022.1:86951-88214:1,WP_196799180.1,WT57_RS07035,,aromatic ring-hydroxylating dioxygenase subunit alpha,4_409_TPDO,4,749.0,0.9855,8.5e-226,NZ_LPJX01000022.1,86951,88214,1,Burkholderia pseudomultivorans,Bacteria; Pseudomonadati; Pseudomonadota; Betaproteobacteria; Burkholderiales; Burkholderiaceae; Burkholderia; Burkholderia cepacia complex,0,4_409_TPDO#14,core,0.6781,2,1,0,1,[alpha] > beta > reductase
NZ_LPLB01000080.1:183619-184888:1,WP_196494529.1,WT72_RS29325,,Rieske 2Fe-2S domain-containing protein,4_409_TPDO,4,753.0,0.9855,5e-227,NZ_LPLB01000080.1,183619,184888,1,Burkholderia pseudomultivorans,Bacteria; Pseudomonadati; Pseudomonadota; Betaproteobacteria; Burkholderiales; Burkholderiaceae; Burkholderia; Burkholderia cepacia complex,0,4_409_TPDO#14,core,0.6684,2,1,0,1,[alpha] > beta > reductase
NZ_LPJX01000061.1:387919-389191:1,WP_059519060.1,WT57_RS24975,andAc,"anthranilate 1,2-dioxygenase large subunit AndAc",4_409_TPDO,4,476.9,0.9783,3.3e-143,NZ_LPJX01000061.1,387919,389191,1,Burkholderia pseudomultivorans,Bacteria; Pseudomonadati; Pseudomonadota; Betaproteobacteria; Burkholderiales; Burkholderiaceae; Burkholderia; Burkholderia cepacia complex,0,4_409_TPDO#0,core,0.9787,3,1,1,1,[alpha] > beta > ferredoxin > reductase
NZ_LPLU01000048.1:15255-16527:1,WP_060233752.1,WM16_RS09855,andAc,"anthranilate 1,2-dioxygenase large subunit AndAc",4_409_TPDO,4,474.9,0.9807,1.4e-142,NZ_LPLU01000048.1,15255,16527,1,Burkholderia ubonensis,Bacteria; Pseudomonadati; Pseudomonadota; Betaproteobacteria; Burkholderiales; Burkholderiaceae; Burkholderia; Burkholderia cepacia complex,0,4_409_TPDO#0,core,0.962,3,1,1,1,[alpha] > beta > ferredoxin > reductase > hypothetical
NZ_LPMY01000089.1:16339-17611:1,WP_059565173.1,WT99_RS27860,andAc,"anthranilate 1,2-dioxygenase large subunit AndAc",4_409_TPDO,4,479.7,0.9807,4.8e-144,NZ_LPMY01000089.1,16339,17611,1,Burkholderia stagnalis,Bacteria; Pseudomonadati; Pseudomonadota; Betaproteobacteria; Burkholderiales; Burkholderiaceae; Burkholderia; Burkholderia cepacia complex,0,4_409_TPDO#0,core,0.9737,3,1,1,1,[alpha] > beta > ferredoxin > reductase > hypothetical
NZ_LRBG01000039.1:457640-458906:-1,WP_241496034.1,CI15_RS33130,,aromatic ring-hydroxylating dioxygenase subunit alpha,4_409_TPDO,4,760.6,0.9855,2.5e-229,NZ_LRBG01000039.1,457640,458906,-1,Paraburkholderia monticola,Bacteria; Pseudomonadati; Pseudomonadota; Betaproteobacteria; Burkholderiales; Burkholderiaceae; Paraburkholderia,0,4_409_TPDO#14,core,0.6868,2,1,0,1,[alpha] > beta > reductase
NZ_LUFI01000019.1:802-2065:-1,WP_052076599.1,A0U87_RS03560,,Rieske 2Fe-2S domain-containing protein,4_409_TPDO,4,494.3,0.971,1.8e-148,NZ_LUFI01000019.1,802,2065,-1,Sphingobium sp. MP9-4,Bacteria; Pseudomonadati; Pseudomonadota; Alphaproteobacteria; Sphingomonadales; Sphingomonadaceae; Sphingobium,0,4_409_TPDO#2,core,0.8307,2,1,1,0,other > ferredoxin > beta > [alpha] > other
NZ_LUFI01000019.1:7041-8316:1,WP_137405226.1,A0U87_RS03595,,Rieske 2Fe-2S domain-containing protein,4_409_TPDO,4,433.7,0.9541,4.4e-130,NZ_LUFI01000019.1,7041,8316,1,Sphingobium sp. MP9-4,Bacteria; Pseudomonadati; Pseudomonadota; Alphaproteobacteria; Sphingomonadales; Sphingomonadaceae; Sphingobium,0,4_409_TPDO#3,core,0.7958,1,1,0,0,alpha_other > beta > other > [alpha] > beta > other
NZ_LUFI01000019.1:31808-32984:1,WP_037508651.1,A0U87_RS03725,,aromatic ring-hydroxylating dioxygenase subunit alpha,4_409_TPDO,4,178.1,0.971,1.7e-52,NZ_LUFI01000019.1,31808,32984,1,Sphingobium sp. MP9-4,Bacteria; Pseudomonadati; Pseudomonadota; Alphaproteobacteria; Sphingomonadales; Sphingomonadaceae; Sphingobium,0,4_409_TPDO#1,core,0.8915,1,1,0,0,other > [alpha] > beta
NZ_LXYF01000027.1:54904-56167:-1,WP_103000331.1,A8G00_RS06685,,Rieske 2Fe-2S domain-containing protein,4_409_TPDO,4,490.8,0.9831,2e-147,NZ_LXYF01000027.1,54904,56167,-1,Sphingobium sp. SA916,Bacteria; Pseudomonadati; Pseudomonadota; Alphaproteobacteria; Sphingomonadales; Sphingomonadaceae; Sphingobium,0,4_409_TPDO#2,core,0.9612,2,1,1,0,other > ferredoxin > beta > [alpha] > other > other > other > dehydrogenase
NZ_LXYF01000027.1:61077-62358:1,WP_008828132.1,A8G00_RS06720,,Rieske 2Fe-2S domain-containing protein,4_409_TPDO,4,443.4,0.9662,4.9e-133,NZ_LXYF01000027.1,61077,62358,1,Sphingobium sp. SA916,Bacteria; Pseudomonadati; Pseudomonadota; Alphaproteobacteria; Sphingomonadales; Sphingomonadaceae; Sphingobium,0,4_409_TPDO#3,core,0.9814,1,1,0,0,alpha_other > beta > other > [alpha] > beta > other
NZ_LXYF01000027.1:87807-88983:1,WP_008829815.1,A8G00_RS06850,,aromatic ring-hydroxylating dioxygenase subunit alpha,4_409_TPDO,4,172.6,0.9783,8.1e-51,NZ_LXYF01000027.1,87807,88983,1,Sphingobium sp. SA916,Bacteria; Pseudomonadati; Pseudomonadota; Alphaproteobacteria; Sphingomonadales; Sphingomonadaceae; Sphingobium,0,4_409_TPDO#1,core,0.9522,1,1,0,0,other > [alpha] > beta
NZ_LYMM01000072.1:2914-4090:-1,WP_008829815.1,A8V01_RS22670,,aromatic ring-hydroxylating dioxygenase subunit alpha,4_409_TPDO,4,172.6,0.9783,8.1e-51,NZ_LYMM01000072.1,2914,4090,-1,Novosphingobium guangzhouense,Bacteria; Pseudomonadati; Pseudomonadota; Alphaproteobacteria; Sphingomonadales; Sphingomonadaceae; Novosphingobium,0,4_409_TPDO#1,core,0.9522,1,1,0,0,other > [alpha] > beta
NZ_LYWY01000028.1:3629-4892:-1,WP_066762487.1,A9D15_RS04925,,Rieske 2Fe-2S domain-containing protein,4_409_TPDO,4,489.1,0.9686,6.7e-147,NZ_LYWY01000028.1,3629,4892,-1,Croceicoccus pelagius,Bacteria; Pseudomonadati; Pseudomonadota; Alphaproteobacteria; Sphingomonadales; Erythrobacteraceae; Croceicoccus,0,4_409_TPDO#2,core,0.9587,2,1,1,0,other > ferredoxin > beta > [alpha] > other > other > other
NZ_LYWY01000028.1:9838-11119:1,WP_066762497.1,A9D15_RS04960,,aromatic ring-hydroxylating dioxygenase subunit alpha,4_409_TPDO,4,435.4,0.9589,1.3e-130,NZ_LYWY01000028.1,9838,11119,1,Croceicoccus pelagius,Bacteria; Pseudomonadati; Pseudomonadota; Alphaproteobacteria; Sphingomonadales; Erythrobacteraceae; Croceicoccus,0,4_409_TPDO#3,core,0.9545,1,1,0,0,alpha_other > beta > other > [alpha] > beta > other
NZ_LYWY01000029.1:9529-10705:1,WP_066762564.1,A9D15_RS05090,,aromatic ring-hydroxylating dioxygenase subunit alpha,4_409_TPDO,4,177.3,0.9807,3.1e-52,NZ_LYWY01000029.1,9529,10705,1,Croceicoccus pelagius,Bacteria; Pseudomonadati; Pseudomonadota; Alphaproteobacteria; Sphingomonadales; Erythrobacteraceae; Croceicoccus,0,4_409_TPDO#1,core,0.9583,1,1,0,0,other > [alpha] > beta
NZ_LZMK01000299.1:63471-64656:1,WP_064909652.1,A5780_RS23815,,Rieske 2Fe-2S domain-containing protein,4_409_TPDO,4,92.7,0.5145,1.5e-26,NZ_LZMK01000299.1,63471,64656,1,Nocardia sp. 852002-20019_SCH5090214,Bacteria; Bacillati; Actinomycetota; Actinomycetes; Mycobacteriales; Nocardiaceae; Nocardia,0,4_409_TPDO#12,novel_candidate,0.2484,0,0,0,0,[alpha] > other > hydrolase > other
NZ_MBLM01000128.1:36518-37742:1,WP_071086398.1,CC117_RS19990,,aromatic ring-hydroxylating dioxygenase subunit alpha,4_409_TPDO,4,92.1,0.5121,2.3e-26,NZ_MBLM01000128.1,36518,37742,1,Parafrankia colletiae,Bacteria; Bacillati; Actinomycetota; Actinomycetes; Frankiales; Frankiaceae; Parafrankia,0,4_409_TPDO#15,novel_candidate,0.2555,0,0,0,0,hydrolase > [alpha] > other > dehydrogenase > hydrolase > ferredoxin > other
NZ_MBLN01000072.1:46980-48156:1,WP_007513324.1,BCD49_RS27945,,aromatic ring-hydroxylating dioxygenase subunit alpha,4_409_TPDO,4,152.1,0.7778,1.3e-44,NZ_MBLN01000072.1,46980,48156,1,Pseudofrankia sp. EUN1h,Bacteria; Bacillati; Actinomycetota; Actinomycetes; Frankiales; Frankiaceae; Pseudofrankia,0,4_409_TPDO#21,novel_candidate,0.2795,1,0,0,1,transporter > transporter > other > [alpha] > other > reductase > other > dehydrogenase > ring_cleavage > hydrolase > other > regulator > reductase > reductase
NZ_MECP01000067.1:374336-375608:-1,WP_045564529.1,BGV63_RS31830,andAc,"anthranilate 1,2-dioxygenase large subunit AndAc",4_409_TPDO,4,479.6,0.9831,5e-144,NZ_MECP01000067.1,374336,375608,-1,Burkholderia ubonensis,Bacteria; Pseudomonadati; Pseudomonadota; Betaproteobacteria; Burkholderiales; Burkholderiaceae; Burkholderia; Burkholderia cepacia complex,0,4_409_TPDO#0,core,0.9921,3,1,1,1,[alpha] > beta > ferredoxin > reductase > hypothetical
NZ_MIHA01000032.1:4645-5827:1,WP_069416745.1,BHQ18_RS27080,,aromatic ring-hydroxylating dioxygenase subunit alpha,4_409_TPDO,4,200.7,0.9589,2.4e-59,NZ_MIHA01000032.1,4645,5827,1,Mycolicibacterium flavescens,Bacteria; Bacillati; Actinomycetota; Actinomycetes; Mycobacteriales; Mycobacteriaceae; Mycolicibacterium,0,4_409_TPDO#8,divergent,0.4087,1,1,0,0,beta > alpha_other > reductase > dehydrogenase > hypothetical > [alpha] > beta > other > ring_cleavage
NZ_MKIM01000015.1:11892-13050:1,WP_075637433.1,BJF95_RS00210,,aromatic ring-hydroxylating dioxygenase subunit alpha,4_409_TPDO,4,71.5,0.4662,4e-20,NZ_MKIM01000015.1,11892,13050,1,Rhizobium oryziradicis,Bacteria; Pseudomonadati; Pseudomonadota; Alphaproteobacteria; Hyphomicrobiales; Rhizobiaceae; Rhizobium/Agrobacterium group; Rhizobium,0,4_409_TPDO#20,novel_candidate,0.232,0,0,0,0,[alpha]
NZ_ML058601.1:252579-253851:-1,WP_121858772.1,C7H84_RS10640,andAc,"anthranilate 1,2-dioxygenase large subunit AndAc",4_409_TPDO,4,481.4,0.9807,1.4e-144,NZ_ML058601.1,252579,253851,-1,Burkholderia sp. Nafp2/4-1b,Bacteria; Pseudomonadati; Pseudomonadota; Betaproteobacteria; Burkholderiales; Burkholderiaceae; Burkholderia,0,4_409_TPDO#0,core,0.9682,3,1,1,1,[alpha] > beta > ferredoxin > reductase
NZ_MPOI01000015.1:153981-155235:1,WP_073566085.1,BO221_RS39470,,Rieske 2Fe-2S domain-containing protein,4_409_TPDO,4,441.3,0.9734,2.1e-132,NZ_MPOI01000015.1,153981,155235,1,Archangium sp. Cb G35,Bacteria; Pseudomonadati; Myxococcota; Myxococcia; Myxococcales; Cystobacterineae; Archangiaceae; Archangium,0,4_409_TPDO#10,divergent,0.4421,1,1,0,0,hypothetical > [alpha] > beta > other
NZ_MSDU01000061.1:5977-7222:-1,WP_075399673.1,BTO30_RS15900,,aromatic ring-hydroxylating dioxygenase subunit alpha,4_409_TPDO,4,599.4,0.9879,2.1e-180,NZ_MSDU01000061.1,5977,7222,-1,Domibacillus antri,Bacteria; Bacillati; Bacillota; Bacilli; Bacillales; Bacillaceae; Domibacillus,0,4_409_TPDO#16,divergent,0.5,1,1,0,0,other > [alpha] > beta > hypothetical > transporter > transporter
NZ_MSFI01000002.1:110532-111774:-1,WP_198936730.1,BTO28_RS02150,,aromatic ring-hydroxylating dioxygenase subunit alpha,4_409_TPDO,4,597.6,0.9879,7.6e-180,NZ_MSFI01000002.1,110532,111774,-1,Domibacillus epiphyticus,Bacteria; Bacillati; Bacillota; Bacilli; Bacillales; Bacillaceae; Domibacillus,0,4_409_TPDO#16,divergent,0.4936,1,1,0,0,other > [alpha] > beta > hypothetical > transporter > transporter > hypothetical
NZ_MTJZ01000001.1:425606-426878:-1,WP_076474528.1,BW685_RS01890,andAc,"anthranilate 1,2-dioxygenase large subunit AndAc",4_409_TPDO,4,480.0,0.9831,4e-144,NZ_MTJZ01000001.1,425606,426878,-1,Burkholderia ubonensis,Bacteria; Pseudomonadati; Pseudomonadota; Betaproteobacteria; Burkholderiales; Burkholderiaceae; Burkholderia; Burkholderia cepacia complex,0,4_409_TPDO#0,core,0.9894,3,1,1,1,[alpha] > beta > ferredoxin > reductase > hypothetical
NZ_MVHP01000043.1:27738-28995:-1,WP_083043830.1,BST23_RS24235,,Rieske 2Fe-2S domain-containing protein,4_409_TPDO,4,420.3,0.9807,5e-126,NZ_MVHP01000043.1,27738,28995,-1,Mycolicibacterium elephantis,Bacteria; Bacillati; Actinomycetota; Actinomycetes; Mycobacteriales; Mycobacteriaceae; Mycolicibacterium,0,4_409_TPDO#0,core,0.5838,3,1,1,1,hydrolase > [alpha] > beta > ferredoxin > reductase
NZ_MUYH01000005.1:138430-139693:-1,WP_072673789.1,BZF60_RS06935,,Rieske 2Fe-2S domain-containing protein,4_409_TPDO,4,495.8,0.9686,6.1e-149,NZ_MUYH01000005.1,138430,139693,-1,Erythrobacter sanguineus,Bacteria; Pseudomonadati; Pseudomonadota; Alphaproteobacteria; Sphingomonadales; Erythrobacteraceae; Erythrobacter/Porphyrobacter group; Erythrobacter,0,4_409_TPDO#2,core,0.8372,2,1,1,0,other > ferredoxin > beta > [alpha] > other
NZ_MUYH01000005.1:144693-145974:1,WP_072673782.1,BZF60_RS06970,,aromatic ring-hydroxylating dioxygenase subunit alpha,4_409_TPDO,4,426.9,0.9662,4.9e-128,NZ_MUYH01000005.1,144693,145974,1,Erythrobacter sanguineus,Bacteria; Pseudomonadati; Pseudomonadota; Alphaproteobacteria; Sphingomonadales; Erythrobacteraceae; Erythrobacter/Porphyrobacter group; Erythrobacter,0,4_409_TPDO#3,core,0.7905,1,1,0,0,alpha_other > beta > other > [alpha] > beta > other
NZ_MUYH01000005.1:190778-191954:1,WP_072673742.1,BZF60_RS07205,,aromatic ring-hydroxylating dioxygenase subunit alpha,4_409_TPDO,4,178.4,0.9758,1.4e-52,NZ_MUYH01000005.1,190778,191954,1,Erythrobacter sanguineus,Bacteria; Pseudomonadati; Pseudomonadota; Alphaproteobacteria; Sphingomonadales; Erythrobacteraceae; Erythrobacter/Porphyrobacter group; Erythrobacter,0,4_409_TPDO#1,core,0.878,1,1,0,0,other > [alpha] > beta
NZ_MVIM01000024.1:12568-13750:1,WP_083129051.1,BST47_RS27785,,aromatic ring-hydroxylating dioxygenase subunit alpha,4_409_TPDO,4,203.4,0.9589,3.6e-60,NZ_MVIM01000024.1,12568,13750,1,Mycolicibacterium tusciae,Bacteria; Bacillati; Actinomycetota; Actinomycetes; Mycobacteriales; Mycobacteriaceae; Mycolicibacterium,0,4_409_TPDO#8,divergent,0.4114,1,1,0,0,beta > alpha_other > reductase > dehydrogenase > other > [alpha] > beta > other > ring_cleavage > transporter > transporter > other > other > other > other > other > other
NZ_MWMO01000017.1:49133-50396:-1,WP_098108432.1,B2G71_RS19810,,Rieske 2Fe-2S domain-containing protein,4_409_TPDO,4,488.7,0.9686,8.5e-147,NZ_MWMO01000017.1,49133,50396,-1,Novosphingobium sp. PC22D,Bacteria; Pseudomonadati; Pseudomonadota; Alphaproteobacteria; Sphingomonadales; Sphingomonadaceae; Novosphingobium,0,4_409_TPDO#2,core,0.9612,2,1,1,0,other > ferredoxin > beta > [alpha] > other > other > other
NZ_MWMO01000017.1:55342-56623:1,WP_066762497.1,B2G71_RS19845,,aromatic ring-hydroxylating dioxygenase subunit alpha,4_409_TPDO,4,435.4,0.9589,1.3e-130,NZ_MWMO01000017.1,55342,56623,1,Novosphingobium sp. PC22D,Bacteria; Pseudomonadati; Pseudomonadota; Alphaproteobacteria; Sphingomonadales; Sphingomonadaceae; Novosphingobium,0,4_409_TPDO#3,core,0.9545,1,1,0,0,alpha_other > beta > other > [alpha] > beta > other
NZ_MWMO01000017.1:81743-82919:1,WP_066762564.1,B2G71_RS19975,,aromatic ring-hydroxylating dioxygenase subunit alpha,4_409_TPDO,4,177.3,0.9807,3.1e-52,NZ_MWMO01000017.1,81743,82919,1,Novosphingobium sp. PC22D,Bacteria; Pseudomonadati; Pseudomonadota; Alphaproteobacteria; Sphingomonadales; Sphingomonadaceae; Novosphingobium,0,4_409_TPDO#1,core,0.9583,1,1,0,0,other > [alpha] > beta
NZ_NBYX01000010.1:125953-127225:-1,WP_085040688.1,B7G54_RS20235,andAc,"anthranilate 1,2-dioxygenase large subunit AndAc",4_409_TPDO,4,478.5,0.9807,1.1e-143,NZ_NBYX01000010.1,125953,127225,-1,Burkholderia puraquae,Bacteria; Pseudomonadati; Pseudomonadota; Betaproteobacteria; Burkholderiales; Burkholderiaceae; Burkholderia; Burkholderia cepacia complex,0,4_409_TPDO#0,core,0.9816,3,1,1,1,[alpha] > beta > ferredoxin > reductase
NZ_NFVE01000575.1:41647-42919:1,WP_007577499.1,CA601_RS41450,andAc,"anthranilate 1,2-dioxygenase large subunit AndAc",4_409_TPDO,4,465.0,0.9855,1.3e-139,NZ_NFVE01000575.1,41647,42919,1,Paraburkholderia hospita,Bacteria; Pseudomonadati; Pseudomonadota; Betaproteobacteria; Burkholderiales; Burkholderiaceae; Paraburkholderia,0,4_409_TPDO#0,core,0.878,3,1,1,1,[alpha] > beta > ferredoxin > reductase > transporter
NZ_NKFA01000020.1:115204-116476:-1,WP_089453466.1,CFB84_RS32455,andAc,"anthranilate 1,2-dioxygenase large subunit AndAc",4_409_TPDO,4,478.7,0.9783,9.4e-144,NZ_NKFA01000020.1,115204,116476,-1,Burkholderia aenigmatica,Bacteria; Pseudomonadati; Pseudomonadota; Betaproteobacteria; Burkholderiales; Burkholderiaceae; Burkholderia; Burkholderia cepacia complex,0,4_409_TPDO#0,core,0.992,3,1,1,1,[alpha] > beta > ferredoxin > reductase
NZ_NKTX01000017.1:19256-20537:-1,WP_029329598.1,CFR80_RS09065,,Rieske 2Fe-2S domain-containing protein,4_409_TPDO,4,413.9,0.9758,4.6e-124,NZ_NKTX01000017.1,19256,20537,-1,Komagataeibacter oboediens,Bacteria; Pseudomonadati; Pseudomonadota; Alphaproteobacteria; Acetobacterales; Acetobacteraceae; Komagataeibacter,0,4_409_TPDO#7,divergent,0.4933,1,1,0,0,transporter > transporter > hydrolase > hydrolase > [alpha] > beta > other > hydrolase
NZ_NMOJ01000050.1:118967-120227:1,WP_010461545.1,B7L09_RS07980,,aromatic ring-hydroxylating dioxygenase subunit alpha,4_409_TPDO,4,763.0,0.9758,4.8e-230,NZ_NMOJ01000050.1,118967,120227,1,Pseudomonas mandelii,Bacteria; Pseudomonadati; Pseudomonadota; Gammaproteobacteria; Pseudomonadales; Pseudomonadaceae; Pseudomonas,0,4_409_TPDO#5,core,0.7889,2,1,0,1,[alpha] > beta > other > reductase > transporter
NZ_NMUA01000061.1:6049-7312:-1,WP_043152416.1,SxD43FB_RS22300,,Rieske 2Fe-2S domain-containing protein,4_409_TPDO,4,499.0,0.9589,6.4e-150,NZ_NMUA01000061.1,6049,7312,-1,Sphingobium sp. D43FB,Bacteria; Pseudomonadati; Pseudomonadota; Alphaproteobacteria; Sphingomonadales; Sphingomonadaceae; Sphingobium,0,4_409_TPDO#2,core,0.8508,2,1,1,0,other > ferredoxin > beta > [alpha] > other
NZ_NKEZ01000007.1:536422-537694:1,WP_012338515.1,CFB89_RS19265,andAc,"anthranilate 1,2-dioxygenase large subunit AndAc",4_409_TPDO,4,481.3,0.9783,1.6e-144,NZ_NKEZ01000007.1,536422,537694,1,Burkholderia sp. AU16741,Bacteria; Pseudomonadati; Pseudomonadota; Betaproteobacteria; Burkholderiales; Burkholderiaceae; Burkholderia,0,4_409_TPDO#0,core,0.9682,3,1,1,1,[alpha] > beta > ferredoxin > reductase
NZ_NNBQ01000014.1:91883-93128:-1,WP_068682114.1,CHC07_RS39980,,Rieske 2Fe-2S domain-containing protein,4_409_TPDO,4,701.1,0.9879,2.9e-211,NZ_NNBQ01000014.1,91883,93128,-1,Variovorax sp. B4,Bacteria; Pseudomonadati; Pseudomonadota; Betaproteobacteria; Burkholderiales; Comamonadaceae; Variovorax,0,4_409_TPDO#13,core,0.5906,2,1,0,1,reductase > [alpha] > beta > other > hydrolase > other
NZ_NWSG01000016.1:78838-80110:-1,WP_096505602.1,CN645_RS19195,andAc,"anthranilate 1,2-dioxygenase large subunit AndAc",4_409_TPDO,4,481.3,0.9807,1.6e-144,NZ_NWSG01000016.1,78838,80110,-1,Burkholderia sp. IDO3,Bacteria; Pseudomonadati; Pseudomonadota; Betaproteobacteria; Burkholderiales; Burkholderiaceae; Burkholderia,0,4_409_TPDO#0,core,0.9761,3,1,1,1,[alpha] > beta > ferredoxin > reductase
NZ_PBPP01000134.1:31552-32833:1,WP_034335827.1,CME87_RS21905,andAc,"anthranilate 1,2-dioxygenase large subunit AndAc",4_409_TPDO,4,457.7,0.9734,2.3e-137,NZ_PBPP01000134.1,31552,32833,1,Herbaspirillum sp.,Bacteria; Pseudomonadati; Pseudomonadota; Betaproteobacteria; Burkholderiales; Oxalobacteraceae; Herbaspirillum,0,4_409_TPDO#0,core,0.7454,2,1,0,1,[alpha] > beta > reductase > transporter > transporter > transporter > transporter > transporter > hydrolase
NZ_PTXM01000010.1:106902-108174:1,WP_039344770.1,C5O79_RS15495,andAc,"anthranilate 1,2-dioxygenase large subunit AndAc",4_409_TPDO,4,479.0,0.9807,7.5e-144,NZ_PTXM01000010.1,106902,108174,1,Burkholderia sp. SRS-25,Bacteria; Pseudomonadati; Pseudomonadota; Betaproteobacteria; Burkholderiales; Burkholderiaceae; Burkholderia,0,4_409_TPDO#0,core,0.9921,3,1,1,1,[alpha] > beta > ferredoxin > reductase
NZ_PUIQ01000035.1:80979-82251:-1,WP_034185205.1,C5615_RS25270,andAc,"anthranilate 1,2-dioxygenase large subunit AndAc",4_409_TPDO,4,480.0,0.9807,3.8e-144,NZ_PUIQ01000035.1,80979,82251,-1,Burkholderia cepacia,Bacteria; Pseudomonadati; Pseudomonadota; Betaproteobacteria; Burkholderiales; Burkholderiaceae; Burkholderia; Burkholderia cepacia complex,0,4_409_TPDO#0,core,0.9814,3,1,1,1,[alpha] > beta > ferredoxin > reductase
NZ_PVFJ01000048.1:84445-85717:1,WP_105786645.1,C6P77_RS15130,andAc,"anthranilate 1,2-dioxygenase large subunit AndAc",4_409_TPDO,4,481.2,0.9807,1.6e-144,NZ_PVFJ01000048.1,84445,85717,1,Burkholderia ambifaria,Bacteria; Pseudomonadati; Pseudomonadota; Betaproteobacteria; Burkholderiales; Burkholderiaceae; Burkholderia; Burkholderia cepacia complex,0,4_409_TPDO#0,core,0.9683,3,1,1,1,[alpha] > beta > ferredoxin > reductase
NZ_QJJY01000015.1:161713-162985:-1,WP_034185205.1,NA66_RS25010,andAc,"anthranilate 1,2-dioxygenase large subunit AndAc",4_409_TPDO,4,480.0,0.9807,3.8e-144,NZ_QJJY01000015.1,161713,162985,-1,Burkholderia pyrrocinia,Bacteria; Pseudomonadati; Pseudomonadota; Betaproteobacteria; Burkholderiales; Burkholderiaceae; Burkholderia; Burkholderia cepacia complex,0,4_409_TPDO#0,core,0.9814,3,1,1,1,hypothetical > [alpha] > beta > ferredoxin > reductase > hypothetical
NZ_QKZF01000022.1:98312-99584:-1,WP_006496020.1,DFS13_RS32120,andAc,"anthranilate 1,2-dioxygenase large subunit AndAc",4_409_TPDO,4,480.8,0.9783,2.2e-144,NZ_QKZF01000022.1,98312,99584,-1,Burkholderia sp. 28_3,Bacteria; Pseudomonadati; Pseudomonadota; Betaproteobacteria; Burkholderiales; Burkholderiaceae; Burkholderia,0,4_409_TPDO#0,core,0.9655,3,1,1,1,[alpha] > beta > ferredoxin > reductase > hypothetical
NZ_QLUZ01000003.1:436173-437445:1,WP_059694307.1,DPR02_RS07495,andAc,"anthranilate 1,2-dioxygenase large subunit AndAc",4_409_TPDO,4,480.0,0.9807,3.9e-144,NZ_QLUZ01000003.1,436173,437445,1,Burkholderia cepacia,Bacteria; Pseudomonadati; Pseudomonadota; Betaproteobacteria; Burkholderiales; Burkholderiaceae; Burkholderia; Burkholderia cepacia complex,0,4_409_TPDO#0,core,0.9815,3,1,1,1,[alpha] > beta > ferredoxin > reductase
NZ_QMFZ01000028.1:92463-93735:-1,WP_059694307.1,DPV79_RS28185,andAc,"anthranilate 1,2-dioxygenase large subunit AndAc",4_409_TPDO,4,480.0,0.9807,3.9e-144,NZ_QMFZ01000028.1,92463,93735,-1,Burkholderia reimsis,Bacteria; Pseudomonadati; Pseudomonadota; Betaproteobacteria; Burkholderiales; Burkholderiaceae; Burkholderia,0,4_409_TPDO#0,core,0.9815,3,1,1,1,[alpha] > beta > ferredoxin > reductase
NZ_QTPR01000006.1:12175-13447:-1,WP_044847583.1,DIE20_RS08395,andAc,"anthranilate 1,2-dioxygenase large subunit AndAc",4_409_TPDO,4,482.6,0.9807,6.3e-145,NZ_QTPR01000006.1,12175,13447,-1,Burkholderia sp. Bp9131,Bacteria; Pseudomonadati; Pseudomonadota; Betaproteobacteria; Burkholderiales; Burkholderiaceae; Burkholderia,0,4_409_TPDO#0,core,0.9683,3,1,1,1,[alpha] > beta > ferredoxin > reductase
NZ_QTPX01000003.1:109793-111065:1,WP_124826549.1,DIE14_RS04695,andAc,"anthranilate 1,2-dioxygenase large subunit AndAc",4_409_TPDO,4,474.0,0.9807,2.5e-142,NZ_QTPX01000003.1,109793,111065,1,Burkholderia sp. Bp9017,Bacteria; Pseudomonadati; Pseudomonadota; Betaproteobacteria; Burkholderiales; Burkholderiaceae; Burkholderia,0,4_409_TPDO#0,core,0.9549,3,1,1,1,[alpha] > beta > ferredoxin > reductase
NZ_QTPW01000002.1:313564-314836:-1,WP_124832490.1,DIE15_RS04605,andAc,"anthranilate 1,2-dioxygenase large subunit AndAc",4_409_TPDO,4,478.7,0.9807,9.6e-144,NZ_QTPW01000002.1,313564,314836,-1,Burkholderia sp. Bp9031,Bacteria; Pseudomonadati; Pseudomonadota; Betaproteobacteria; Burkholderiales; Burkholderiaceae; Burkholderia,0,4_409_TPDO#0,core,0.9709,3,1,1,1,[alpha] > beta > ferredoxin > reductase
NZ_QTOC01000001.1:365856-367128:-1,WP_059481064.1,DF011_RS01665,andAc,"anthranilate 1,2-dioxygenase large subunit AndAc",4_409_TPDO,4,479.5,0.9831,5.4e-144,NZ_QTOC01000001.1,365856,367128,-1,Burkholderia ubonensis,Bacteria; Pseudomonadati; Pseudomonadota; Betaproteobacteria; Burkholderiales; Burkholderiaceae; Burkholderia; Burkholderia cepacia complex,0,4_409_TPDO#0,core,0.9921,3,1,1,1,[alpha] > beta > ferredoxin > reductase > hypothetical
NZ_QTOD01000001.1:481951-483223:-1,WP_095401196.1,DF009_RS02200,andAc,"anthranilate 1,2-dioxygenase large subunit AndAc",4_409_TPDO,4,479.5,0.9831,5.6e-144,NZ_QTOD01000001.1,481951,483223,-1,Burkholderia ubonensis,Bacteria; Pseudomonadati; Pseudomonadota; Betaproteobacteria; Burkholderiales; Burkholderiaceae; Burkholderia; Burkholderia cepacia complex,0,4_409_TPDO#0,core,0.9894,3,1,1,1,[alpha] > beta > ferredoxin > reductase > hypothetical
NZ_QTQZ01000004.1:293203-294475:-1,WP_124493188.1,DF035_RS07480,andAc,"anthranilate 1,2-dioxygenase large subunit AndAc",4_409_TPDO,4,477.4,0.9807,2.4e-143,NZ_QTQZ01000004.1,293203,294475,-1,Burkholderia contaminans,Bacteria; Pseudomonadati; Pseudomonadota; Betaproteobacteria; Burkholderiales; Burkholderiaceae; Burkholderia; Burkholderia cepacia complex,0,4_409_TPDO#0,core,0.9895,3,1,1,1,[alpha] > beta > ferredoxin > reductase
NZ_QTST01000006.1:169445-170717:-1,WP_034174903.1,DF034_RS10775,andAc,"anthranilate 1,2-dioxygenase large subunit AndAc",4_409_TPDO,4,480.8,0.9783,2.2e-144,NZ_QTST01000006.1,169445,170717,-1,Burkholderia anthina,Bacteria; Pseudomonadati; Pseudomonadota; Betaproteobacteria; Burkholderiales; Burkholderiaceae; Burkholderia; Burkholderia cepacia complex,0,4_409_TPDO#0,core,0.9708,3,1,1,1,[alpha] > beta > ferredoxin > reductase
NZ_QTRK01000002.1:121148-122420:-1,WP_059694307.1,DF041_RS02400,andAc,"anthranilate 1,2-dioxygenase large subunit AndAc",4_409_TPDO,4,480.0,0.9807,3.9e-144,NZ_QTRK01000002.1,121148,122420,-1,Burkholderia cepacia,Bacteria; Pseudomonadati; Pseudomonadota; Betaproteobacteria; Burkholderiales; Burkholderiaceae; Burkholderia; Burkholderia cepacia complex,0,4_409_TPDO#0,core,0.9815,3,1,1,1,[alpha] > beta > ferredoxin > reductase
NZ_QTRV01000002.1:378457-379729:-1,WP_006496020.1,DF146_RS05970,andAc,"anthranilate 1,2-dioxygenase large subunit AndAc",4_409_TPDO,4,480.8,0.9783,2.2e-144,NZ_QTRV01000002.1,378457,379729,-1,Burkholderia cenocepacia,Bacteria; Pseudomonadati; Pseudomonadota; Betaproteobacteria; Burkholderiales; Burkholderiaceae; Burkholderia; Burkholderia cepacia complex,0,4_409_TPDO#0,core,0.9655,3,1,1,1,[alpha] > beta > ferredoxin > reductase > hypothetical
NZ_QUMU01000009.1:491455-492712:-1,WP_047854501.1,ATI61_RS31700,,Rieske 2Fe-2S domain-containing protein,4_409_TPDO,4,442.0,0.9758,1.3e-132,NZ_QUMU01000009.1,491455,492712,-1,Archangium gephyra,Bacteria; Pseudomonadati; Myxococcota; Myxococcia; Myxococcales; Cystobacterineae; Archangiaceae; Archangium,0,4_409_TPDO#10,divergent,0.4471,1,1,0,0,hypothetical > [alpha] > beta > other > hypothetical
NZ_RARP01000006.1:223055-224327:-1,WP_039344770.1,D7S92_RS11235,andAc,"anthranilate 1,2-dioxygenase large subunit AndAc",4_409_TPDO,4,479.0,0.9807,7.5e-144,NZ_RARP01000006.1,223055,224327,-1,Burkholderia contaminans,Bacteria; Pseudomonadati; Pseudomonadota; Betaproteobacteria; Burkholderiales; Burkholderiaceae; Burkholderia; Burkholderia cepacia complex,0,4_409_TPDO#0,core,0.9921,3,1,1,1,[alpha] > beta > ferredoxin > reductase
NZ_RBBW01000024.1:68309-69581:-1,WP_048022287.1,D7222_RS20280,andAc,"anthranilate 1,2-dioxygenase large subunit AndAc",4_409_TPDO,4,480.2,0.9831,3.4e-144,NZ_RBBW01000024.1,68309,69581,-1,Burkholderia cepacia,Bacteria; Pseudomonadati; Pseudomonadota; Betaproteobacteria; Burkholderiales; Burkholderiaceae; Burkholderia; Burkholderia cepacia complex,0,4_409_TPDO#0,core,0.9814,3,1,1,1,[alpha] > beta > ferredoxin > reductase
NZ_SGIR01000377.1:8262-9534:-1,WP_034185205.1,EVG18_RS24285,andAc,"anthranilate 1,2-dioxygenase large subunit AndAc",4_409_TPDO,4,480.0,0.9807,3.8e-144,NZ_SGIR01000377.1,8262,9534,-1,Burkholderia pyrrocinia,Bacteria; Pseudomonadati; Pseudomonadota; Betaproteobacteria; Burkholderiales; Burkholderiaceae; Burkholderia; Burkholderia cepacia complex,0,4_409_TPDO#0,core,0.9814,2,1,1,0,[alpha] > beta > ferredoxin > ferredoxin > hypothetical
NZ_SEON01000008.1:20749-21925:-1,WP_025548221.1,EWH10_RS17335,,aromatic ring-hydroxylating dioxygenase subunit alpha,4_409_TPDO,4,179.6,0.971,6.2e-53,NZ_SEON01000008.1,20749,21925,-1,Sphingobium fuliginis,Bacteria; Pseudomonadati; Pseudomonadota; Alphaproteobacteria; Sphingomonadales; Sphingomonadaceae; Sphingobium,0,4_409_TPDO#1,core,0.8856,1,1,0,0,other > [alpha] > beta > hydrolase > other > other > other
NZ_SEON01000008.1:45387-46662:-1,WP_130030102.1,EWH10_RS17465,,aromatic ring-hydroxylating dioxygenase subunit alpha,4_409_TPDO,4,431.1,0.9541,2.6e-129,NZ_SEON01000008.1,45387,46662,-1,Sphingobium fuliginis,Bacteria; Pseudomonadati; Pseudomonadota; Alphaproteobacteria; Sphingomonadales; Sphingomonadaceae; Sphingobium,0,4_409_TPDO#3,core,0.8285,1,1,0,0,alpha_other > beta > other > [alpha] > beta > other
NZ_SEON01000008.1:51638-52901:1,WP_025548165.1,EWH10_RS17500,,Rieske 2Fe-2S domain-containing protein,4_409_TPDO,4,495.2,0.971,9.1e-149,NZ_SEON01000008.1,51638,52901,1,Sphingobium fuliginis,Bacteria; Pseudomonadati; Pseudomonadota; Alphaproteobacteria; Sphingomonadales; Sphingomonadaceae; Sphingobium,0,4_409_TPDO#2,core,0.8333,2,1,1,0,other > ferredoxin > beta > [alpha] > other > other > other > dehydrogenase > other > hypothetical > reductase > dehydrogenase
NZ_SPET01000024.1:2105-3347:1,WP_019043843.1,E2578_RS22355,,aromatic ring-hydroxylating dioxygenase subunit alpha,4_409_TPDO,4,758.4,0.9831,1.1e-228,NZ_SPET01000024.1,2105,3347,1,Comamonas sp.,Bacteria; Pseudomonadati; Pseudomonadota; Betaproteobacteria; Burkholderiales; Comamonadaceae; Comamonas,0,4_409_TPDO#4,core,0.9873,2,1,0,1,transporter > [alpha] > beta > other > reductase
NZ_SPEW01000087.1:4161-5403:-1,WP_047219860.1,E2581_RS25085,,aromatic ring-hydroxylating dioxygenase subunit alpha,4_409_TPDO,4,765.3,0.9831,9.4e-231,NZ_SPEW01000087.1,4161,5403,-1,Pseudomonas sp.,Bacteria; Pseudomonadati; Pseudomonadota; Gammaproteobacteria; Pseudomonadales; Pseudomonadaceae; Pseudomonas,0,4_409_TPDO#4,core,0.9975,2,1,0,1,transporter > [alpha] > beta > other > reductase > transposon
NZ_SSHL01000002.1:106344-107616:1,WP_059694307.1,E6L39_RS02370,andAc,"anthranilate 1,2-dioxygenase large subunit AndAc",4_409_TPDO,4,480.0,0.9807,3.9e-144,NZ_SSHL01000002.1,106344,107616,1,Burkholderia cepacia,Bacteria; Pseudomonadati; Pseudomonadota; Betaproteobacteria; Burkholderiales; Burkholderiaceae; Burkholderia; Burkholderia cepacia complex,0,4_409_TPDO#0,core,0.9815,3,1,1,1,[alpha] > beta > ferredoxin > reductase
NZ_UARD01000001.1:487724-488996:-1,WP_059622368.1,DS944_RS02370,andAc,"anthranilate 1,2-dioxygenase large subunit AndAc",4_409_TPDO,4,481.0,0.9831,1.8e-144,NZ_UARD01000001.1,487724,488996,-1,Burkholderia cepacia,Bacteria; Pseudomonadati; Pseudomonadota; Betaproteobacteria; Burkholderiales; Burkholderiaceae; Burkholderia; Burkholderia cepacia complex,0,4_409_TPDO#0,core,0.9814,3,1,1,1,[alpha] > beta > ferredoxin > reductase
NZ_UARC01000009.1:584129-585401:-1,WP_112750711.1,DTA18_RS14690,andAc,"anthranilate 1,2-dioxygenase large subunit AndAc",4_409_TPDO,4,481.0,0.9783,1.9e-144,NZ_UARC01000009.1,584129,585401,-1,Burkholderia cenocepacia,Bacteria; Pseudomonadati; Pseudomonadota; Betaproteobacteria; Burkholderiales; Burkholderiaceae; Burkholderia; Burkholderia cepacia complex,0,4_409_TPDO#0,core,0.9629,3,1,1,1,[alpha] > beta > ferredoxin > reductase > hypothetical
NZ_VCPF01000028.1:36186-37422:1,WP_009515010.1,FGJ01_RS22975,,aromatic ring-hydroxylating dioxygenase subunit alpha,4_409_TPDO,4,756.7,0.9783,3.9e-228,NZ_VCPF01000028.1,36186,37422,1,Hydrogenophaga intermedia,Bacteria; Pseudomonadati; Pseudomonadota; Betaproteobacteria; Burkholderiales; Comamonadaceae; Hydrogenophaga,0,4_409_TPDO#4,core,0.7704,2,1,0,1,transporter > [alpha] > beta > other > reductase
NZ_VCPF01000011.1:59804-61049:1,WP_009518931.1,FGJ01_RS15570,,Rieske 2Fe-2S domain-containing protein,4_409_TPDO,4,538.4,0.9758,7.3e-162,NZ_VCPF01000011.1,59804,61049,1,Hydrogenophaga intermedia,Bacteria; Pseudomonadati; Pseudomonadota; Betaproteobacteria; Burkholderiales; Comamonadaceae; Hydrogenophaga,0,4_409_TPDO#19,divergent,0.4684,1,1,0,0,[alpha] > beta > transporter > transporter > other
NZ_VIUS01000022.1:95383-96655:-1,WP_013690993.1,FBX98_RS31370,andAc,"anthranilate 1,2-dioxygenase large subunit AndAc",4_409_TPDO,4,470.8,0.9831,2.4e-141,NZ_VIUS01000022.1,95383,96655,-1,Burkholderia sp. SJZ115,Bacteria; Pseudomonadati; Pseudomonadota; Betaproteobacteria; Burkholderiales; Burkholderiaceae; Burkholderia,0,4_409_TPDO#0,core,0.87,3,1,1,1,[alpha] > beta > ferredoxin > reductase > other
NZ_VIYR01000098.1:17300-18572:-1,WP_013690993.1,FLK63_RS31815,andAc,"anthranilate 1,2-dioxygenase large subunit AndAc",4_409_TPDO,4,470.8,0.9831,2.4e-141,NZ_VIYR01000098.1,17300,18572,-1,Burkholderia gladioli,Bacteria; Pseudomonadati; Pseudomonadota; Betaproteobacteria; Burkholderiales; Burkholderiaceae; Burkholderia,0,4_409_TPDO#0,core,0.87,3,1,1,1,[alpha] > beta > ferredoxin > reductase > other
NZ_VJSF01000017.1:21856-23128:1,WP_059875252.1,FEP80_RS12090,andAc,"anthranilate 1,2-dioxygenase large subunit AndAc",4_409_TPDO,4,475.6,0.9807,8.4e-143,NZ_VJSF01000017.1,21856,23128,1,Burkholderia multivorans,Bacteria; Pseudomonadati; Pseudomonadota; Betaproteobacteria; Burkholderiales; Burkholderiaceae; Burkholderia; Burkholderia cepacia complex,0,4_409_TPDO#0,core,0.984,3,1,1,1,[alpha] > beta > ferredoxin > reductase > hypothetical
NZ_VJSI01000006.1:176556-177828:-1,WP_039225733.1,FEP83_RS08305,andAc,"anthranilate 1,2-dioxygenase large subunit AndAc",4_409_TPDO,4,475.6,0.9807,8.5e-143,NZ_VJSI01000006.1,176556,177828,-1,Burkholderia multivorans,Bacteria; Pseudomonadati; Pseudomonadota; Betaproteobacteria; Burkholderiales; Burkholderiaceae; Burkholderia; Burkholderia cepacia complex,0,4_409_TPDO#0,core,0.984,3,1,1,1,[alpha] > beta > ferredoxin > reductase > hypothetical
NZ_VJTD01000004.1:169052-170324:1,WP_175892960.1,FEQ05_RS04175,andAc,"anthranilate 1,2-dioxygenase large subunit AndAc",4_409_TPDO,4,477.8,0.9807,1.8e-143,NZ_VJTD01000004.1,169052,170324,1,Burkholderia pseudomultivorans,Bacteria; Pseudomonadati; Pseudomonadota; Betaproteobacteria; Burkholderiales; Burkholderiaceae; Burkholderia; Burkholderia cepacia complex,0,4_409_TPDO#0,core,0.9788,3,1,1,1,[alpha] > beta > ferredoxin > reductase
NZ_VJSV01000001.1:561341-562613:-1,WP_069221289.1,FEP96_RS02465,andAc,"anthranilate 1,2-dioxygenase large subunit AndAc",4_409_TPDO,4,476.7,0.9807,3.9e-143,NZ_VJSV01000001.1,561341,562613,-1,Burkholderia multivorans,Bacteria; Pseudomonadati; Pseudomonadota; Betaproteobacteria; Burkholderiales; Burkholderiaceae; Burkholderia; Burkholderia cepacia complex,0,4_409_TPDO#0,core,0.9841,3,1,1,1,[alpha] > beta > ferredoxin > reductase > hypothetical
NZ_VOQT01000022.1:66493-67735:-1,WP_019043843.1,FSY45_RS24365,,aromatic ring-hydroxylating dioxygenase subunit alpha,4_409_TPDO,4,758.4,0.9831,1.1e-228,NZ_VOQT01000022.1,66493,67735,-1,Comamonas sp. Z1,Bacteria; Pseudomonadati; Pseudomonadota; Betaproteobacteria; Burkholderiales; Comamonadaceae; Comamonas,0,4_409_TPDO#4,core,0.9873,2,1,0,1,transporter > [alpha] > beta > other > reductase
NZ_VOQT01000038.1:13238-14480:-1,WP_043009000.1,FSY45_RS26970,,aromatic ring-hydroxylating dioxygenase subunit alpha,4_409_TPDO,4,762.6,0.9831,6.2e-230,NZ_VOQT01000038.1,13238,14480,-1,Comamonas sp. Z1,Bacteria; Pseudomonadati; Pseudomonadota; Betaproteobacteria; Burkholderiales; Comamonadaceae; Comamonas,0,4_409_TPDO#4,core,0.9924,2,1,0,1,transporter > [alpha] > beta > other > reductase > transporter
NZ_VOQT01000003.1:465154-466378:-1,WP_148748037.1,FSY45_RS08900,,aromatic ring-hydroxylating dioxygenase subunit alpha,4_409_TPDO,4,759.0,0.9614,7.8e-229,NZ_VOQT01000003.1,465154,466378,-1,Comamonas sp. Z1,Bacteria; Pseudomonadati; Pseudomonadota; Betaproteobacteria; Burkholderiales; Comamonadaceae; Comamonas,0,4_409_TPDO#13,core,0.7937,2,1,0,1,[alpha] > beta > other > reductase
NZ_VSWF01000059.1:7993-9235:1,WP_047219860.1,FYM52_RS17980,,aromatic ring-hydroxylating dioxygenase subunit alpha,4_409_TPDO,4,765.3,0.9831,9.4e-231,NZ_VSWF01000059.1,7993,9235,1,Comamonas sp. CAH-2,Bacteria; Pseudomonadati; Pseudomonadota; Betaproteobacteria; Burkholderiales; Comamonadaceae; Comamonas,0,4_409_TPDO#4,core,0.9975,2,1,0,1,transporter > [alpha] > beta > other > reductase
NZ_VSFG01000011.1:30495-31704:-1,WP_083981316.1,FXF69_RS36705,,aromatic ring-hydroxylating dioxygenase subunit alpha,4_409_TPDO,4,193.3,0.9517,4.2e-57,NZ_VSFG01000011.1,30495,31704,-1,Actinomadura chibensis,Bacteria; Bacillati; Actinomycetota; Actinomycetes; Streptosporangiales; Thermomonosporaceae; Actinomadura,0,4_409_TPDO#9,divergent,0.4448,1,1,0,0,hydrolase > other > alpha_other > beta > other > reductase > [alpha] > beta > other > reductase
NZ_VZOI01000023.1:40812-42102:1,WP_151048358.1,F7R23_RS08565,andAc,"anthranilate 1,2-dioxygenase large subunit AndAc",4_409_TPDO,4,483.2,0.9807,4.2e-145,NZ_VZOI01000023.1,40812,42102,1,Burkholderia diffusa,Bacteria; Pseudomonadati; Pseudomonadota; Betaproteobacteria; Burkholderiales; Burkholderiaceae; Burkholderia; Burkholderia cepacia complex,0,4_409_TPDO#0,core,0.9631,3,1,1,1,[alpha] > beta > ferredoxin > reductase
NZ_VZOL01000140.1:7838-9110:1,WP_059448779.1,F7R13_RS13310,andAc,"anthranilate 1,2-dioxygenase large subunit AndAc",4_409_TPDO,4,482.0,0.9807,9.4e-145,NZ_VZOL01000140.1,7838,9110,1,Burkholderia territorii,Bacteria; Pseudomonadati; Pseudomonadota; Betaproteobacteria; Burkholderiales; Burkholderiaceae; Burkholderia; Burkholderia cepacia complex,0,4_409_TPDO#0,core,0.9735,3,1,1,1,[alpha] > beta > ferredoxin > reductase
NZ_VZOK01000006.1:14222-15494:-1,WP_059565173.1,F7R25_RS05380,andAc,"anthranilate 1,2-dioxygenase large subunit AndAc",4_409_TPDO,4,479.7,0.9807,4.8e-144,NZ_VZOK01000006.1,14222,15494,-1,Burkholderia stagnalis,Bacteria; Pseudomonadati; Pseudomonadota; Betaproteobacteria; Burkholderiales; Burkholderiaceae; Burkholderia; Burkholderia cepacia complex,0,4_409_TPDO#0,core,0.9737,3,1,1,1,[alpha] > beta > ferredoxin > reductase > hypothetical
NZ_WUTD01000061.1:23648-24926:1,WP_004529131.1,GSH05_RS20905,andAc,"anthranilate 1,2-dioxygenase large subunit AndAc",4_409_TPDO,4,472.6,0.9831,6.9e-142,NZ_WUTD01000061.1,23648,24926,1,Burkholderia pseudomallei,Bacteria; Pseudomonadati; Pseudomonadota; Betaproteobacteria; Burkholderiales; Burkholderiaceae; Burkholderia; pseudomallei group,0,4_409_TPDO#0,core,0.7865,3,1,1,1,[alpha] > beta > ferredoxin > reductase
NZ_WUUF01000070.1:96063-97347:1,WP_019521462.1,GSE51_RS29145,,aromatic ring-hydroxylating dioxygenase subunit alpha,4_409_TPDO,4,770.2,0.9879,3.1e-232,NZ_WUUF01000070.1,96063,97347,1,Streptomyces sp. XHT-2,Bacteria; Bacillati; Actinomycetota; Actinomycetes; Kitasatosporales; Streptomycetaceae; Streptomyces,0,4_409_TPDO#5,core,0.8368,2,1,0,1,[alpha] > beta > other > reductase
NZ_WUTV01000035.1:25571-26849:1,WP_004530269.1,GSF23_RS26935,andAc,"anthranilate 1,2-dioxygenase large subunit AndAc",4_409_TPDO,4,472.1,0.9831,9.9e-142,NZ_WUTV01000035.1,25571,26849,1,Burkholderia pseudomallei,Bacteria; Pseudomonadati; Pseudomonadota; Betaproteobacteria; Burkholderiales; Burkholderiaceae; Burkholderia; pseudomallei group,0,4_409_TPDO#0,core,0.7865,3,1,1,1,[alpha] > beta > ferredoxin > reductase
