candidate_id,protein_id,locus_tag,gene,product,ro_cluster,ro_group,hmm_score,model_coverage,hmm_evalue,nucleotide_id,start,end,strand,organism,taxonomy,is_plasmid,leaf_id,assignment_class,core_identity,operon_completeness,has_beta,has_ferredoxin,has_reductase,layout
NC_006569.1:142409-143750:-1,WP_011241915.1,SPO_RS20495,,Rieske 2Fe-2S domain-containing protein,4_404_TdnA1,4,206.1,0.7489,6.5e-61,NC_006569.1,142409,143750,-1,Ruegeria pomeroyi DSS-3,Bacteria; Pseudomonadati; Pseudomonadota; Alphaproteobacteria; Rhodobacterales; Roseobacteraceae; Ruegeria,1,4_404_TdnA1#20,core,0.6289,2,1,0,1,reductase > [alpha] > beta > other > other > reductase > other > reductase
NC_004444.1:16320-17652:-1,WP_011077869.1,HXC08_RS00085,,Rieske 2Fe-2S domain-containing protein,4_404_TdnA1,4,216.5,0.9462,4.7e-64,NC_004444.1,16320,17652,-1,Metapseudomonas resinovorans,Bacteria; Pseudomonadati; Pseudomonadota; Gammaproteobacteria; Pseudomonadales; Pseudomonadaceae; Metapseudomonas,1,4_404_TdnA1#2,core,0.8355,2,1,0,1,reductase > [alpha] > beta > hydrolase > reductase > hydrolase
NC_009427.1:469041-470334:-1,WP_011907052.1,SARO_RS19945,,aromatic ring-hydroxylating dioxygenase subunit alpha,4_404_TdnA1,4,277.0,0.9462,2e-82,NC_009427.1,469041,470334,-1,Novosphingobium aromaticivorans DSM 12444,Bacteria; Pseudomonadati; Pseudomonadota; Alphaproteobacteria; Sphingomonadales; Sphingomonadaceae; Novosphingobium,1,4_404_TdnA1#22,core,0.6421,1,1,0,0,hydrolase > [alpha] > beta
NC_011838.1:16320-17652:-1,WP_011077869.1,HXD56_RS00085,,Rieske 2Fe-2S domain-containing protein,4_404_TdnA1,4,216.5,0.9462,4.7e-64,NC_011838.1,16320,17652,-1,Pseudomonas putida,Bacteria; Pseudomonadati; Pseudomonadota; Gammaproteobacteria; Pseudomonadales; Pseudomonadaceae; Pseudomonas,1,4_404_TdnA1#2,core,0.8355,2,1,0,1,reductase > [alpha] > beta > hydrolase > reductase > hydrolase
NC_016968.1:43696-45043:1,WP_014386261.1,HS892_RS00240,,Rieske 2Fe-2S domain-containing protein,4_404_TdnA1,4,925.7,0.9798,3.1e-279,NC_016968.1,43696,45043,1,Comamonas testosteroni,Bacteria; Pseudomonadati; Pseudomonadota; Betaproteobacteria; Burkholderiales; Comamonadaceae; Comamonas,1,4_404_TdnA1#4,core,0.9923,2,1,0,1,other > other > [alpha] > beta > reductase > regulator
NC_016978.1:24845-26192:1,WP_014386450.1,HS872_RS00140,,Rieske 2Fe-2S domain-containing protein,4_404_TdnA1,4,926.4,0.9798,1.9e-279,NC_016978.1,24845,26192,1,Comamonas testosteroni,Bacteria; Pseudomonadati; Pseudomonadota; Betaproteobacteria; Burkholderiales; Comamonadaceae; Comamonas,1,4_404_TdnA1#4,core,0.9949,3,1,1,1,other > other > [alpha] > beta > reductase > regulator > ferredoxin > ring_cleavage > other > dehydrogenase > hydrolase > other > other > hypothetical > reductase
NC_019263.1:24836-26183:1,WP_015060610.1,HS829_RS00140,,Rieske 2Fe-2S domain-containing protein,4_404_TdnA1,4,925.4,0.9798,3.8e-279,NC_019263.1,24836,26183,1,Delftia acidovorans,Bacteria; Pseudomonadati; Pseudomonadota; Betaproteobacteria; Burkholderiales; Comamonadaceae; Delftia,1,4_404_TdnA1#4,core,0.9974,2,1,0,1,other > other > [alpha] > beta > reductase > regulator
NC_019264.1:24830-26177:1,WP_015060642.1,HS815_RS00140,,Rieske 2Fe-2S domain-containing protein,4_404_TdnA1,4,927.8,0.9798,6.9e-280,NC_019264.1,24830,26177,1,Delftia acidovorans,Bacteria; Pseudomonadati; Pseudomonadota; Betaproteobacteria; Burkholderiales; Comamonadaceae; Delftia,1,4_404_TdnA1#4,core,1.0,2,1,0,1,other > other > [alpha] > beta > reductase > regulator
NC_019283.1:24830-26177:1,WP_015060642.1,HS903_RS00140,,Rieske 2Fe-2S domain-containing protein,4_404_TdnA1,4,927.8,0.9798,6.9e-280,NC_019283.1,24830,26177,1,Delftia acidovorans,Bacteria; Pseudomonadati; Pseudomonadota; Betaproteobacteria; Burkholderiales; Comamonadaceae; Delftia,1,4_404_TdnA1#4,core,1.0,2,1,0,1,other > other > [alpha] > beta > reductase > regulator
NC_021506.1:16320-17652:-1,WP_011077869.1,PCA10_RS28270,,Rieske 2Fe-2S domain-containing protein,4_404_TdnA1,4,216.5,0.9462,4.7e-64,NC_021506.1,16320,17652,-1,Metapseudomonas resinovorans NBRC 106553,Bacteria; Pseudomonadati; Pseudomonadota; Gammaproteobacteria; Pseudomonadales; Pseudomonadaceae; Metapseudomonas,1,4_404_TdnA1#2,core,0.8355,2,1,0,1,reductase > [alpha] > beta > hydrolase > reductase > hydrolase
NZ_AAUW01000020.1:150140-151421:1,WP_006938548.1,SIAM614_RS24020,,Rieske 2Fe-2S domain-containing protein,4_404_TdnA1,4,262.2,0.935,6.1e-78,NZ_AAUW01000020.1,150140,151421,1,Roseibium aggregatum IAM 12614,Bacteria; Pseudomonadati; Pseudomonadota; Alphaproteobacteria; Hyphomicrobiales; Stappiaceae; Roseibium,0,4_404_TdnA1#31,core,0.9312,1,1,0,0,hydrolase > dehydrogenase > hypothetical > [alpha] > beta > reductase > reductase > reductase
NZ_ABLC01000066.1:22178-23462:-1,WP_006752141.1,BAMIOP4010_RS14565,,Rieske 2Fe-2S domain-containing protein,4_404_TdnA1,4,285.7,0.935,4.6e-85,NZ_ABLC01000066.1,22178,23462,-1,Burkholderia ambifaria IOP40-10,Bacteria; Pseudomonadati; Pseudomonadota; Betaproteobacteria; Burkholderiales; Burkholderiaceae; Burkholderia; Burkholderia cepacia complex,0,4_404_TdnA1#1,core,0.9761,1,1,0,0,[alpha] > beta > ring_cleavage
NZ_ABLK01000091.1:5345-6629:-1,WP_006759007.1,BAMMEX5DRAFT_RS15525,,Rieske 2Fe-2S domain-containing protein,4_404_TdnA1,4,282.7,0.9395,3.8e-84,NZ_ABLK01000091.1,5345,6629,-1,Burkholderia ambifaria MEX-5,Bacteria; Pseudomonadati; Pseudomonadota; Betaproteobacteria; Burkholderiales; Burkholderiaceae; Burkholderia; Burkholderia cepacia complex,0,4_404_TdnA1#1,core,0.9681,1,1,0,0,[alpha] > beta > other
NZ_ACFC01000002.1:330807-332091:1,WP_006404350.1,BURMUCGD2_RS06080,,Rieske 2Fe-2S domain-containing protein,4_404_TdnA1,4,280.4,0.9417,1.9e-83,NZ_ACFC01000002.1,330807,332091,1,Burkholderia multivorans CGD2,Bacteria; Pseudomonadati; Pseudomonadota; Betaproteobacteria; Burkholderiales; Burkholderiaceae; Burkholderia; Burkholderia cepacia complex,0,4_404_TdnA1#1,core,0.9416,1,1,0,0,[alpha] > beta > other
NZ_AEEC02000011.1:141945-143232:1,WP_006463249.1,HFRIS_RS10225,,Rieske 2Fe-2S domain-containing protein,4_404_TdnA1,4,296.1,0.9507,3.3e-88,NZ_AEEC02000011.1,141945,143232,1,Herbaspirillum frisingense GSF30,Bacteria; Pseudomonadati; Pseudomonadota; Betaproteobacteria; Burkholderiales; Oxalobacteraceae; Herbaspirillum,0,4_404_TdnA1#1,core,0.8109,1,1,0,0,hydrolase > [alpha] > beta > reductase
NZ_AEJF01000152.1:42620-43913:1,WP_047894996.1,EOS_RS25690,,aromatic ring-hydroxylating dioxygenase subunit alpha,4_404_TdnA1,4,289.9,0.9462,2.5e-86,NZ_AEJF01000152.1,42620,43913,1,Caballeronia mineralivorans PML1(12),Bacteria; Pseudomonadati; Pseudomonadota; Betaproteobacteria; Burkholderiales; Burkholderiaceae; Caballeronia,0,4_404_TdnA1#1,core,0.8597,1,1,0,0,[alpha] > beta > hypothetical > other > hydrolase > reductase
NZ_AERY01000123.1:5387-6665:-1,WP_001084467.1,ABWM_RS0116420,,Rieske 2Fe-2S domain-containing protein,4_404_TdnA1,4,302.8,0.9484,3e-90,NZ_AERY01000123.1,5387,6665,-1,Acinetobacter baumannii WM99c,Bacteria; Pseudomonadati; Pseudomonadota; Gammaproteobacteria; Moraxellales; Moraxellaceae; Acinetobacter; Acinetobacter calcoaceticus/baumannii complex,0,4_404_TdnA1#0,core,0.992,1,1,0,0,hydrolase > dehydrogenase > hypothetical > other > [alpha] > beta > reductase > reductase > reductase
NZ_AGUD01000191.1:25704-27033:1,WP_007574649.1,PAI11_RS11305,,Rieske 2Fe-2S domain-containing protein,4_404_TdnA1,4,284.7,0.9529,9.6e-85,NZ_AGUD01000191.1,25704,27033,1,Patulibacter medicamentivorans,Bacteria; Bacillati; Actinomycetota; Thermoleophilia; Solirubrobacterales; Patulibacteraceae; Patulibacter,0,4_404_TdnA1#40,core,0.6562,1,1,0,0,reductase > dehydrogenase > reductase > [alpha] > beta > hypothetical
NZ_AGUF01000058.1:31384-32731:-1,WP_008165279.1,KYC_RS18795,,aromatic ring-hydroxylating dioxygenase subunit alpha,4_404_TdnA1,4,216.8,0.9574,3.8e-64,NZ_AGUF01000058.1,31384,32731,-1,Achromobacter arsenitoxydans SY8,Bacteria; Pseudomonadati; Pseudomonadota; Betaproteobacteria; Burkholderiales; Alcaligenaceae; Achromobacter,0,4_404_TdnA1#2,core,0.8432,1,1,0,0,transporter > hydrolase > [alpha] > beta > hydrolase > reductase
NZ_AJJH01000178.1:144775-146065:1,WP_007301654.1,W59_RS37695,,Rieske 2Fe-2S domain-containing protein,4_404_TdnA1,4,296.7,0.9529,2.2e-88,NZ_AJJH01000178.1,144775,146065,1,Rhodococcus opacus RKJ300 = JCM 13270,Bacteria; Bacillati; Actinomycetota; Actinomycetes; Mycobacteriales; Nocardiaceae; Rhodococcus,0,4_404_TdnA1#11,core,0.7885,1,1,0,0,dehydrogenase > hypothetical > other > [alpha] > beta > reductase > reductase
NZ_AJLR01000120.1:32786-34121:1,WP_003332185.1,BAZO_RS13755,,Rieske 2Fe-2S domain-containing protein,4_404_TdnA1,4,557.4,0.9641,1.7e-167,NZ_AJLR01000120.1,32786,34121,1,Schinkia azotoformans LMG 9581,Bacteria; Bacillati; Bacillota; Bacilli; Bacillales; Bacillaceae; Calidifontibacillus/Schinkia group; Schinkia,0,4_404_TdnA1#16,divergent,0.4857,1,1,0,0,other > other > other > transporter > dehydrogenase > reductase > [alpha] > beta > other > hypothetical > other > reductase > other
NZ_AJVC01000002.1:441413-442700:-1,WP_008326714.1,GWL_RS03475,,Rieske 2Fe-2S domain-containing protein,4_404_TdnA1,4,296.6,0.9507,2.2e-88,NZ_AJVC01000002.1,441413,442700,-1,Herbaspirillum sp. GW103,Bacteria; Pseudomonadati; Pseudomonadota; Betaproteobacteria; Burkholderiales; Oxalobacteraceae; Herbaspirillum,0,4_404_TdnA1#1,core,0.8272,1,1,0,0,hydrolase > [alpha] > beta > reductase
NZ_AJYC02000034.1:20593-21883:-1,WP_005255966.1,WSS_RS11930,,Rieske 2Fe-2S domain-containing protein,4_404_TdnA1,4,296.5,0.9529,2.4e-88,NZ_AJYC02000034.1,20593,21883,-1,Rhodococcus opacus M213,Bacteria; Bacillati; Actinomycetota; Actinomycetes; Mycobacteriales; Nocardiaceae; Rhodococcus,0,4_404_TdnA1#11,core,0.7833,1,1,0,0,dehydrogenase > hypothetical > other > [alpha] > beta > reductase > reductase
NZ_AKIW01000027.1:51117-52437:-1,WP_007831250.1,PMI12_RS08925,,aromatic ring-hydroxylating dioxygenase subunit alpha,4_404_TdnA1,4,200.6,0.9439,3e-59,NZ_AKIW01000027.1,51117,52437,-1,Variovorax sp. CF313,Bacteria; Pseudomonadati; Pseudomonadota; Betaproteobacteria; Burkholderiales; Comamonadaceae; Variovorax,0,4_404_TdnA1#8,core,0.9265,1,1,0,0,reductase > alpha_other > beta > other > other > reductase > other > reductase > transporter > transporter > [alpha] > beta > transporter > transporter > transporter > transporter > other > reductase > regulator > hydrolase
NZ_AKJA01000119.1:46320-47607:1,WP_008117782.1,PMI40_RS16960,,Rieske 2Fe-2S domain-containing protein,4_404_TdnA1,4,295.5,0.9484,5e-88,NZ_AKJA01000119.1,46320,47607,1,Herbaspirillum sp. YR522,Bacteria; Pseudomonadati; Pseudomonadota; Betaproteobacteria; Burkholderiales; Oxalobacteraceae; Herbaspirillum,0,4_404_TdnA1#1,core,0.81,1,1,0,0,hydrolase > [alpha] > beta > reductase
NZ_AKJC01000012.1:2823-4098:-1,WP_008089601.1,PMI38_RS01175,,Rieske 2Fe-2S domain-containing protein,4_404_TdnA1,4,304.1,0.935,1.2e-90,NZ_AKJC01000012.1,2823,4098,-1,Pseudomonas sp. GM84,Bacteria; Pseudomonadati; Pseudomonadota; Gammaproteobacteria; Pseudomonadales; Pseudomonadaceae; Pseudomonas,0,4_404_TdnA1#3,core,0.8486,1,1,0,0,other > hypothetical > [alpha] > beta > reductase > reductase > reductase
NZ_AKJF01000128.1:16596-17880:-1,WP_008062096.1,PMI35_RS10905,,Rieske 2Fe-2S domain-containing protein,4_404_TdnA1,4,290.3,0.9462,1.8e-86,NZ_AKJF01000128.1,16596,17880,-1,Pseudomonas sp. GM78,Bacteria; Pseudomonadati; Pseudomonadota; Gammaproteobacteria; Pseudomonadales; Pseudomonadaceae; Pseudomonas,0,4_404_TdnA1#1,core,0.9921,1,1,0,0,dehydrogenase > hypothetical > other > hydrolase > [alpha] > beta > reductase > other > reductase
NZ_AKJH01000069.1:36332-37616:1,WP_008041131.1,PMI33_RS12100,,Rieske 2Fe-2S domain-containing protein,4_404_TdnA1,4,288.2,0.9439,7.8e-86,NZ_AKJH01000069.1,36332,37616,1,Pseudomonas sp. GM67,Bacteria; Pseudomonadati; Pseudomonadota; Gammaproteobacteria; Pseudomonadales; Pseudomonadaceae; Pseudomonas,0,4_404_TdnA1#1,core,0.9922,1,1,0,0,dehydrogenase > hypothetical > other > hydrolase > [alpha] > beta > reductase
NZ_AKJG01000071.1:41165-42449:1,WP_008050521.1,PMI34_RS12585,,Rieske 2Fe-2S domain-containing protein,4_404_TdnA1,4,289.8,0.9439,2.6e-86,NZ_AKJG01000071.1,41165,42449,1,Pseudomonas sp. GM74,Bacteria; Pseudomonadati; Pseudomonadota; Gammaproteobacteria; Pseudomonadales; Pseudomonadaceae; Pseudomonas,0,4_404_TdnA1#1,core,0.9895,1,1,0,0,dehydrogenase > hypothetical > other > hydrolase > [alpha] > beta > reductase
NZ_AKIZ01000008.1:28336-29614:1,WP_008121663.1,PMI41_RS03085,,Rieske 2Fe-2S domain-containing protein,4_404_TdnA1,4,292.4,0.9507,4.2e-87,NZ_AKIZ01000008.1,28336,29614,1,Phyllobacterium sp. YR531,Bacteria; Pseudomonadati; Pseudomonadota; Alphaproteobacteria; Hyphomicrobiales; Phyllobacteriaceae; Phyllobacterium,0,4_404_TdnA1#0,core,0.6408,2,1,0,1,dehydrogenase > [alpha] > beta > reductase > reductase > other > hypothetical > hydrolase
NZ_AKJL01000278.1:11472-12756:-1,WP_008002584.1,PMI29_RS04995,,Rieske 2Fe-2S domain-containing protein,4_404_TdnA1,4,287.3,0.9439,1.5e-85,NZ_AKJL01000278.1,11472,12756,-1,Pseudomonas sp. GM49,Bacteria; Pseudomonadati; Pseudomonadota; Gammaproteobacteria; Pseudomonadales; Pseudomonadaceae; Pseudomonas,0,4_404_TdnA1#1,core,0.9816,1,1,0,0,dehydrogenase > hypothetical > other > hydrolase > [alpha] > beta > reductase
NZ_AKJJ01000147.1:5022-6306:-1,WP_008023314.1,PMI31_RS28120,,Rieske 2Fe-2S domain-containing protein,4_404_TdnA1,4,289.6,0.9462,3.1e-86,NZ_AKJJ01000147.1,5022,6306,-1,Pseudomonas sp. GM55,Bacteria; Pseudomonadati; Pseudomonadota; Gammaproteobacteria; Pseudomonadales; Pseudomonadaceae; Pseudomonas,0,4_404_TdnA1#1,core,0.9844,1,1,0,0,dehydrogenase > hypothetical > other > hydrolase > [alpha] > beta > reductase
NZ_AKJO01000140.1:30055-31339:1,WP_007978129.1,PMI26_RS06240,,Rieske 2Fe-2S domain-containing protein,4_404_TdnA1,4,287.0,0.9439,1.8e-85,NZ_AKJO01000140.1,30055,31339,1,Pseudomonas sp. GM33,Bacteria; Pseudomonadati; Pseudomonadota; Gammaproteobacteria; Pseudomonadales; Pseudomonadaceae; Pseudomonas,0,4_404_TdnA1#1,core,0.9843,1,1,0,0,dehydrogenase > hypothetical > other > hydrolase > [alpha] > beta > reductase
NZ_AKJR01000155.1:3742-5041:1,WP_007916713.1,PMI23_RS17580,,Rieske 2Fe-2S domain-containing protein,4_404_TdnA1,4,190.9,0.7937,2.8e-56,NZ_AKJR01000155.1,3742,5041,1,Pseudomonas sp. GM24,Bacteria; Pseudomonadati; Pseudomonadota; Gammaproteobacteria; Pseudomonadales; Pseudomonadaceae; Pseudomonas,0,4_404_TdnA1#23,core,0.5958,2,1,0,1,transporter > hypothetical > reductase > [alpha] > beta > reductase > hydrolase > transporter
NZ_AKJS01000078.1:33974-35258:-1,WP_007945343.1,PMI22_RS17095,,Rieske 2Fe-2S domain-containing protein,4_404_TdnA1,4,291.4,0.9462,8.8e-87,NZ_AKJS01000078.1,33974,35258,-1,Pseudomonas sp. GM21,Bacteria; Pseudomonadati; Pseudomonadota; Gammaproteobacteria; Pseudomonadales; Pseudomonadaceae; Pseudomonas,0,4_404_TdnA1#1,core,0.9818,1,1,0,0,dehydrogenase > hypothetical > other > hydrolase > [alpha] > beta > reductase
NZ_AKJW01000022.1:78487-79774:1,WP_007877515.1,PMI16_RS06135,,Rieske 2Fe-2S domain-containing protein,4_404_TdnA1,4,292.8,0.9507,3.2e-87,NZ_AKJW01000022.1,78487,79774,1,Herbaspirillum sp. CF444,Bacteria; Pseudomonadati; Pseudomonadota; Betaproteobacteria; Burkholderiales; Oxalobacteraceae; Herbaspirillum,0,4_404_TdnA1#1,core,0.815,1,1,0,0,other > hydrolase > [alpha] > beta > reductase
NZ_AKKP01000056.1:210293-211568:1,WP_043779361.1,JVH1_RS16035,,Rieske 2Fe-2S domain-containing protein,4_404_TdnA1,4,295.9,0.9417,3.7e-88,NZ_AKKP01000056.1,210293,211568,1,Rhodococcus sp. JVH1,Bacteria; Actinomycetota; Actinomycetes; Mycobacteriales; Nocardiaceae; Rhodococcus,0,4_404_TdnA1#11,core,0.7676,1,1,0,0,dehydrogenase > hypothetical > other > [alpha] > beta > reductase > reductase
NZ_AMFQ01000037.1:13532-14810:-1,WP_009584639.1,ACINWC743_RS04955,,Rieske 2Fe-2S domain-containing protein,4_404_TdnA1,4,305.7,0.9529,4e-91,NZ_AMFQ01000037.1,13532,14810,-1,Acinetobacter sp. WC-743,Bacteria; Pseudomonadati; Pseudomonadota; Gammaproteobacteria; Moraxellales; Moraxellaceae; Acinetobacter,0,4_404_TdnA1#0,core,0.9601,1,1,0,0,hydrolase > dehydrogenase > other > [alpha] > beta > reductase > reductase > reductase
NZ_AMRK01000010.1:40706-41984:-1,WP_009573192.1,B30_RS16060,,aromatic ring-hydroxylating dioxygenase subunit alpha,4_404_TdnA1,4,265.7,0.9327,5.4e-79,NZ_AMRK01000010.1,40706,41984,-1,Celeribacter baekdonensis B30,Bacteria; Pseudomonadati; Pseudomonadota; Alphaproteobacteria; Rhodobacterales; Roseobacteraceae; Celeribacter,0,4_404_TdnA1#0,core,0.9357,1,1,0,0,hydrolase > dehydrogenase > hypothetical > [alpha] > beta > reductase > reductase > reductase
NZ_AMSS01000067.1:15661-16939:-1,WP_009392122.1,ACINWC141_RS13745,,Rieske 2Fe-2S domain-containing protein,4_404_TdnA1,4,304.3,0.9507,1.1e-90,NZ_AMSS01000067.1,15661,16939,-1,Acinetobacter sp. WC-141,Bacteria; Pseudomonadati; Pseudomonadota; Gammaproteobacteria; Moraxellales; Moraxellaceae; Acinetobacter; Acinetobacter calcoaceticus/baumannii complex,0,4_404_TdnA1#0,core,0.9893,1,1,0,0,hydrolase > dehydrogenase > hypothetical > other > [alpha] > beta > reductase > reductase > reductase
NZ_AMZS01000060.1:296794-298075:-1,WP_005229177.1,ACINWC323_RS03350,,Rieske 2Fe-2S domain-containing protein,4_404_TdnA1,4,306.2,0.9507,2.8e-91,NZ_AMZS01000060.1,296794,298075,-1,Acinetobacter sp. WC-323,Bacteria; Pseudomonadati; Pseudomonadota; Gammaproteobacteria; Moraxellales; Moraxellaceae; Acinetobacter; Acinetobacter calcoaceticus/baumannii complex,0,4_404_TdnA1#0,core,0.9491,1,1,0,0,[alpha] > beta > reductase > reductase > reductase > regulator
NZ_AOEX01000018.1:9654-10935:1,WP_003934822.1,G352_RS03590,,Rieske 2Fe-2S domain-containing protein,4_404_TdnA1,4,285.3,0.9529,5.9e-85,NZ_AOEX01000018.1,9654,10935,1,Rhodococcus ruber BKS 20-38,Bacteria; Bacillati; Actinomycetota; Actinomycetes; Mycobacteriales; Nocardiaceae; Rhodococcus,0,4_404_TdnA1#7,core,0.9524,1,1,0,0,dehydrogenase > hypothetical > other > [alpha] > beta > reductase > reductase
NZ_APIO01000086.1:3461-4745:-1,WP_020799605.1,PG5_RS23370,,Rieske 2Fe-2S domain-containing protein,4_404_TdnA1,4,289.6,0.9462,3e-86,NZ_APIO01000086.1,3461,4745,-1,Pseudomonas sp. G5(2012),Bacteria; Pseudomonadati; Pseudomonadota; Gammaproteobacteria; Pseudomonadales; Pseudomonadaceae; Pseudomonas,0,4_404_TdnA1#1,core,0.9895,1,1,0,0,dehydrogenase > hypothetical > other > hydrolase > [alpha] > beta > reductase
NZ_AQPW01000005.1:271225-272503:1,WP_010841961.1,GTC6_RS07510,,Rieske 2Fe-2S domain-containing protein,4_404_TdnA1,4,285.8,0.9439,4.2e-85,NZ_AQPW01000005.1,271225,272503,1,Gordonia terrae C-6,Bacteria; Bacillati; Actinomycetota; Actinomycetes; Mycobacteriales; Gordoniaceae; Gordonia,0,4_404_TdnA1#7,core,0.9397,1,1,0,0,dehydrogenase > hypothetical > [alpha] > beta > reductase > reductase
NZ_ASSI01000108.1:11772-13056:1,WP_021161067.1,L810_RS24880,,Rieske 2Fe-2S domain-containing protein,4_404_TdnA1,4,284.5,0.9462,1.1e-84,NZ_ASSI01000108.1,11772,13056,1,Burkholderia sp. AU4i,Bacteria; Pseudomonadati; Pseudomonadota; Betaproteobacteria; Burkholderiales; Burkholderiaceae; Burkholderia,0,4_404_TdnA1#1,core,0.9735,1,1,0,0,[alpha] > beta
NZ_ATGG01000061.1:16584-17865:-1,WP_016541839.1,F957_RS01040,,Rieske 2Fe-2S domain-containing protein,4_404_TdnA1,4,301.2,0.9484,9.2e-90,NZ_ATGG01000061.1,16584,17865,-1,Acinetobacter gyllenbergii CIP 110306 = MTCC 11365,Bacteria; Pseudomonadati; Pseudomonadota; Gammaproteobacteria; Moraxellales; Moraxellaceae; Acinetobacter,0,4_404_TdnA1#0,core,0.9516,1,1,0,0,hydrolase > dehydrogenase > other > [alpha] > beta > reductase > reductase > reductase > regulator > reductase > dehydrogenase > transporter
NZ_ATLO01000028.1:17069-18353:-1,WP_020291244.1,CFII64_RS13015,,Rieske 2Fe-2S domain-containing protein,4_404_TdnA1,4,299.7,0.9395,2.6e-89,NZ_ATLO01000028.1,17069,18353,-1,Pseudomonas sp. CFII64,Bacteria; Pseudomonadati; Pseudomonadota; Gammaproteobacteria; Pseudomonadales; Pseudomonadaceae; Pseudomonas,0,4_404_TdnA1#0,core,0.854,1,1,0,0,other > dehydrogenase > reductase > hydrolase > other > reductase > other > hydrolase > other > hypothetical > other > [alpha] > beta > reductase > reductase > reductase > other > regulator > transporter
NZ_AYFO01000093.1:128672-129950:1,WP_001084467.1,P669_RS22450,,Rieske 2Fe-2S domain-containing protein,4_404_TdnA1,4,302.8,0.9484,3e-90,NZ_AYFO01000093.1,128672,129950,1,Acinetobacter baumannii UH5307,Bacteria; Pseudomonadati; Pseudomonadota; Gammaproteobacteria; Moraxellales; Moraxellaceae; Acinetobacter; Acinetobacter calcoaceticus/baumannii complex,0,4_404_TdnA1#0,core,0.992,1,1,0,0,hydrolase > dehydrogenase > hypothetical > other > [alpha] > beta > reductase > reductase > reductase
NZ_AYKS02000012.1:42013-43315:-1,WP_023489948.1,IO95_RS01110,,Rieske 2Fe-2S domain-containing protein,4_404_TdnA1,4,291.4,0.9552,8.6e-87,NZ_AYKS02000012.1,42013,43315,-1,Serratia sp. DD3,Bacteria; Pseudomonadati; Pseudomonadota; Gammaproteobacteria; Enterobacterales; Yersiniaceae; Serratia,0,4_404_TdnA1#0,core,0.7366,2,1,0,1,hydrolase > dehydrogenase > hypothetical > other > [alpha] > beta > reductase > reductase > reductase
NZ_AXSB02000006.1:334672-335929:-1,WP_010930733.1,L566_RS04715,,Rieske 2Fe-2S domain-containing protein,4_404_TdnA1,4,244.4,0.9417,1.6e-72,NZ_AXSB02000006.1,334672,335929,-1,Bordetella pertussis CHLA-26,Bacteria; Pseudomonadati; Pseudomonadota; Betaproteobacteria; Burkholderiales; Alcaligenaceae; Bordetella,0,4_404_TdnA1#29,core,0.5795,2,1,1,0,[alpha] > beta > other > reductase > ferredoxin > other
NZ_AXWS01000013.1:346914-348186:-1,WP_028311663.1,H566_RS0112220,,Rieske 2Fe-2S domain-containing protein,4_404_TdnA1,4,311.0,0.9574,9.6e-93,NZ_AXWS01000013.1,346914,348186,-1,Derxia gummosa DSM 723,Bacteria; Pseudomonadati; Pseudomonadota; Betaproteobacteria; Burkholderiales; Alcaligenaceae; Derxia,0,4_404_TdnA1#15,core,0.7273,1,1,0,0,hydrolase > dehydrogenase > other > other > [alpha] > beta > reductase > reductase > reductase
NZ_AYTE01000015.1:34047-35346:-1,WP_023957153.1,W823_RS40240,,aromatic ring-hydroxylating dioxygenase subunit alpha,4_404_TdnA1,4,289.9,0.9305,2.4e-86,NZ_AYTE01000015.1,34047,35346,-1,Williamsia sp. D3,Bacteria; Bacillati; Actinomycetota; Actinomycetes; Mycobacteriales; Nocardiaceae; Williamsia,0,4_404_TdnA1#9,core,0.8681,1,1,0,0,[alpha] > beta > reductase
NZ_AZRA01000062.1:5175-6462:1,WP_051631955.1,X805_RS11955,,Rieske 2Fe-2S domain-containing protein,4_404_TdnA1,4,317.3,0.9507,1.2e-94,NZ_AZRA01000062.1,5175,6462,1,Sphaerotilus natans subsp. natans DSM 6575,Bacteria; Pseudomonadati; Pseudomonadota; Betaproteobacteria; Burkholderiales; Sphaerotilaceae; Sphaerotilus,0,4_404_TdnA1#15,core,0.7793,1,1,0,0,dehydrogenase > hypothetical > other > [alpha] > beta > reductase > reductase > reductase > transporter > reductase > other > hydrolase > other
NZ_AZQQ01000110.1:125078-126362:1,WP_050482897.1,V466_RS29870,,Rieske 2Fe-2S domain-containing protein,4_404_TdnA1,4,288.0,0.9462,9e-86,NZ_AZQQ01000110.1,125078,126362,1,Pseudomonas mandelii PD30,Bacteria; Pseudomonadati; Pseudomonadota; Gammaproteobacteria; Pseudomonadales; Pseudomonadaceae; Pseudomonas,0,4_404_TdnA1#1,core,0.9792,1,1,0,0,dehydrogenase > hypothetical > other > hydrolase > [alpha] > beta > reductase
NZ_AZYO01000019.1:11473-12754:1,WP_054372510.1,Z051_RS09790,,Rieske 2Fe-2S domain-containing protein,4_404_TdnA1,4,281.6,0.9529,8.4e-84,NZ_AZYO01000019.1,11473,12754,1,Rhodococcus rhodochrous KG-21,Bacteria; Bacillati; Actinomycetota; Actinomycetes; Mycobacteriales; Nocardiaceae; Rhodococcus,0,4_404_TdnA1#7,core,0.9495,1,1,0,0,dehydrogenase > hypothetical > other > [alpha] > beta > reductase > reductase
NZ_AZXY01000009.1:196853-198134:1,WP_024100997.1,Z045_RS18320,,Rieske 2Fe-2S domain-containing protein,4_404_TdnA1,4,288.8,0.9507,5.4e-86,NZ_AZXY01000009.1,196853,198134,1,Rhodococcus pyridinivorans KG-16,Bacteria; Bacillati; Actinomycetota; Actinomycetes; Mycobacteriales; Nocardiaceae; Rhodococcus,0,4_404_TdnA1#7,core,0.931,1,1,0,0,dehydrogenase > hypothetical > other > [alpha] > beta > reductase > reductase
NZ_BACI01000035.1:3929-5276:1,WP_006357777.1,GOALK_RS05325,,Rieske 2Fe-2S domain-containing protein,4_404_TdnA1,4,525.9,0.9529,6.3e-158,NZ_BACI01000035.1,3929,5276,1,Gordonia alkanivorans NBRC 16433,Bacteria; Bacillati; Actinomycetota; Actinomycetes; Mycobacteriales; Gordoniaceae; Gordonia,0,4_404_TdnA1#16,divergent,0.487,3,1,1,1,[alpha] > beta > hypothetical > other > other > ferredoxin > reductase
NZ_BAFC01000044.1:8229-9540:1,WP_005204026.1,GOSPT_RS05840,,aromatic ring-hydroxylating dioxygenase subunit alpha,4_404_TdnA1,4,522.7,0.9641,6e-157,NZ_BAFC01000044.1,8229,9540,1,Gordonia sputi NBRC 100414,Bacteria; Bacillati; Actinomycetota; Actinomycetes; Mycobacteriales; Gordoniaceae; Gordonia,0,4_404_TdnA1#21,divergent,0.4947,1,1,0,0,other > [alpha] > beta > other
NZ_BAEO01000021.1:67010-68297:1,WP_007618745.1,GARC_RS08210,,Rieske 2Fe-2S domain-containing protein,4_404_TdnA1,4,293.6,0.9484,1.8e-87,NZ_BAEO01000021.1,67010,68297,1,Paraglaciecola arctica BSs20135,Bacteria; Pseudomonadati; Pseudomonadota; Gammaproteobacteria; Alteromonadales; Alteromonadaceae; Paraglaciecola,0,4_404_TdnA1#0,core,0.6959,2,1,1,0,hydrolase > dehydrogenase > hypothetical > other > [alpha] > beta > reductase > reductase > ferredoxin > ring_cleavage > dehydrogenase > other > dehydrogenase > other > other > ring_cleavage > reductase
NZ_BANR01000007.1:57057-58347:1,WP_005174307.1,GOACH_RS10470,,aromatic ring-hydroxylating dioxygenase subunit alpha,4_404_TdnA1,4,280.2,0.9484,2.2e-83,NZ_BANR01000007.1,57057,58347,1,Gordonia aichiensis NBRC 108223,Bacteria; Bacillati; Actinomycetota; Actinomycetes; Mycobacteriales; Gordoniaceae; Gordonia,0,4_404_TdnA1#7,core,0.8813,1,1,0,0,hypothetical > dehydrogenase > hypothetical > [alpha] > beta > reductase > reductase
NZ_BAWF01000044.1:62352-63636:-1,WP_037237201.1,RW1_RS27605,,Rieske 2Fe-2S domain-containing protein,4_404_TdnA1,4,302.0,0.9529,5.4e-90,NZ_BAWF01000044.1,62352,63636,-1,Rhodococcus wratislaviensis NBRC 100605,Bacteria; Bacillati; Actinomycetota; Actinomycetes; Mycobacteriales; Nocardiaceae; Rhodococcus,0,4_404_TdnA1#11,core,0.7533,1,1,0,0,transporter > hydrolase > regulator > regulator > transporter > other > hypothetical > [alpha] > beta > reductase > hydrolase
NZ_BAWF01000016.1:41796-43098:-1,WP_037231112.1,RW1_RS14210,,Rieske 2Fe-2S domain-containing protein,4_404_TdnA1,4,300.4,0.9529,1.6e-89,NZ_BAWF01000016.1,41796,43098,-1,Rhodococcus wratislaviensis NBRC 100605,Bacteria; Bacillati; Actinomycetota; Actinomycetes; Mycobacteriales; Nocardiaceae; Rhodococcus,0,4_404_TdnA1#11,core,0.7778,1,1,0,0,dehydrogenase > hypothetical > other > [alpha] > beta > reductase > reductase
NZ_BBQU01000002.1:663224-664502:1,WP_045431341.1,P23_RS04280,,Rieske 2Fe-2S domain-containing protein,4_404_TdnA1,4,297.2,0.9507,1.5e-88,NZ_BBQU01000002.1,663224,664502,1,Acinetobacter calcoaceticus,Bacteria; Pseudomonadati; Pseudomonadota; Gammaproteobacteria; Moraxellales; Moraxellaceae; Acinetobacter; Acinetobacter calcoaceticus/baumannii complex,0,4_404_TdnA1#0,core,0.9656,1,1,0,0,hydrolase > dehydrogenase > hypothetical > other > [alpha] > beta > reductase > reductase > reductase
NZ_BCSZ01000020.1:89707-90997:-1,WP_171508157.1,RMCFA_RS10335,,Rieske 2Fe-2S domain-containing protein,4_404_TdnA1,4,258.7,0.9372,7.4e-77,NZ_BCSZ01000020.1,89707,90997,-1,Mycolicibacterium fortuitum subsp. acetamidolyticum,Bacteria; Bacillati; Actinomycetota; Actinomycetes; Mycobacteriales; Mycobacteriaceae; Mycolicibacterium,0,4_404_TdnA1#12,divergent,0.4476,1,1,0,0,hypothetical > other > other > [alpha] > beta > other > other > dehydrogenase > reductase > dehydrogenase > reductase > hydrolase > hydrolase
NZ_BDEV01000082.1:8253-9519:-1,WP_003625882.1,NBRC3278_RS10620,,Rieske 2Fe-2S domain-containing protein,4_404_TdnA1,4,267.9,0.9372,1.2e-79,NZ_BDEV01000082.1,8253,9519,-1,Acetobacter pasteurianus NBRC 3278,Bacteria; Pseudomonadati; Pseudomonadota; Alphaproteobacteria; Acetobacterales; Acetobacteraceae; Acetobacter,0,4_404_TdnA1#10,core,0.8736,1,1,0,0,dehydrogenase > hypothetical > [alpha] > beta > reductase > reductase > reductase > other > reductase > hydrolase
NZ_BJVI01000024.1:34971-36276:1,WP_037057768.1,PA7_RS12725,,Rieske 2Fe-2S domain-containing protein,4_404_TdnA1,4,533.7,0.9507,2.7e-160,NZ_BJVI01000024.1,34971,36276,1,Pseudonocardia asaccharolytica DSM 44247 = NBRC 16224,Bacteria; Bacillati; Actinomycetota; Actinomycetes; Pseudonocardiales; Pseudonocardiaceae; Pseudonocardia,0,4_404_TdnA1#21,divergent,0.4961,1,1,0,0,regulator > [alpha] > beta > hypothetical > other > other
NZ_BMMH01000004.1:276906-278172:1,WP_058854324.1,IEY68_RS12495,,Rieske 2Fe-2S domain-containing protein,4_404_TdnA1,4,256.3,0.9462,3.8e-76,NZ_BMMH01000004.1,276906,278172,1,Nocardia jinanensis,Bacteria; Bacillati; Actinomycetota; Actinomycetes; Mycobacteriales; Nocardiaceae; Nocardia,0,4_404_TdnA1#17,core,0.7905,1,1,0,0,other > [alpha] > beta > hypothetical > ferredoxin
NZ_BSFQ01000052.1:12117-13395:1,WP_037053308.1,PKE99_RS34060,,Rieske 2Fe-2S domain-containing protein,4_404_TdnA1,4,298.1,0.9305,7.9e-89,NZ_BSFQ01000052.1,12117,13395,1,Pseudonocardia halophobica,Bacteria; Bacillati; Actinomycetota; Actinomycetes; Pseudonocardiales; Pseudonocardiaceae; Pseudonocardia,0,4_404_TdnA1#9,core,0.8503,1,1,0,0,dehydrogenase > hypothetical > [alpha] > beta > reductase > reductase > transporter
NZ_BSFQ01000001.1:192600-193929:-1,WP_037042124.1,PKE99_RS00945,,Rieske 2Fe-2S domain-containing protein,4_404_TdnA1,4,526.3,0.9417,4.8e-158,NZ_BSFQ01000001.1,192600,193929,-1,Pseudonocardia halophobica,Bacteria; Bacillati; Actinomycetota; Actinomycetes; Pseudonocardiales; Pseudonocardiaceae; Pseudonocardia,0,4_404_TdnA1#4,divergent,0.4921,1,1,0,0,[alpha] > beta > hypothetical > other > other
NZ_CADIKA010000012.1:116159-117443:-1,WP_006047305.1,HV697_RS24495,,Rieske 2Fe-2S domain-containing protein,4_404_TdnA1,4,282.7,0.9417,3.6e-84,NZ_CADIKA010000012.1,116159,117443,-1,Paraburkholderia graminis C4D1M,Bacteria; Pseudomonadati; Pseudomonadota; Betaproteobacteria; Burkholderiales; Burkholderiaceae; Paraburkholderia,0,4_404_TdnA1#1,core,0.9096,1,1,0,0,[alpha] > beta > other > hypothetical > other > hydrolase > reductase > reductase > reductase > regulator > other > dehydrogenase > hydrolase
NZ_CABPSJ010000006.1:211818-213105:-1,WP_048628157.1,PCO31110_RS20710,,Rieske 2Fe-2S domain-containing protein,4_404_TdnA1,4,302.4,0.9395,4e-90,NZ_CABPSJ010000006.1,211818,213105,-1,Pandoraea communis,Bacteria; Pseudomonadati; Pseudomonadota; Betaproteobacteria; Burkholderiales; Burkholderiaceae; Pandoraea,0,4_404_TdnA1#1,core,0.7958,1,1,0,0,[alpha] > beta > other > reductase > other
NZ_CADIKE010000002.1:289983-291267:1,WP_034197174.1,HV804_RS03435,,Rieske 2Fe-2S domain-containing protein,4_404_TdnA1,4,283.3,0.9417,2.4e-84,NZ_CADIKE010000002.1,289983,291267,1,Burkholderia paludis,Bacteria; Pseudomonadati; Pseudomonadota; Betaproteobacteria; Burkholderiales; Burkholderiaceae; Burkholderia; Burkholderia cepacia complex,0,4_404_TdnA1#1,core,0.9787,1,1,0,0,[alpha] > beta > other
NZ_CADILG010000037.1:56884-58231:1,WP_015060642.1,HV813_RS21925,,Rieske 2Fe-2S domain-containing protein,4_404_TdnA1,4,927.8,0.9798,6.9e-280,NZ_CADILG010000037.1,56884,58231,1,Achromobacter anxifer,Bacteria; Pseudomonadati; Pseudomonadota; Betaproteobacteria; Burkholderiales; Alcaligenaceae; Achromobacter,0,4_404_TdnA1#4,core,1.0,2,1,0,1,other > other > [alpha] > beta > reductase > regulator
NZ_CAFK01000054.1:12288-13629:-1,WP_008968259.1,BRAS3843_RS07800,,Rieske 2Fe-2S domain-containing protein,4_404_TdnA1,4,207.4,0.7915,2.7e-61,NZ_CAFK01000054.1,12288,13629,-1,Bradyrhizobium sp. STM 3843,Bacteria; Pseudomonadati; Pseudomonadota; Alphaproteobacteria; Hyphomicrobiales; Nitrobacteraceae; Bradyrhizobium,0,4_404_TdnA1#5,core,0.6272,2,1,0,1,regulator > reductase > [alpha] > beta > other > reductase
NZ_CADIKE010000004.1:238574-239921:-1,WP_034198349.1,HV804_RS07115,,aromatic ring-hydroxylating dioxygenase subunit alpha,4_404_TdnA1,4,190.3,0.9417,3.9e-56,NZ_CADIKE010000004.1,238574,239921,-1,Burkholderia paludis,Bacteria; Pseudomonadati; Pseudomonadota; Betaproteobacteria; Burkholderiales; Burkholderiaceae; Burkholderia; Burkholderia cepacia complex,0,4_404_TdnA1#5,core,0.6961,1,1,0,0,[alpha] > beta > reductase
NZ_CBSD020000049.1:28144-29422:1,WP_001084470.1,ANICBIBUN_RS31315,,Rieske 2Fe-2S domain-containing protein,4_404_TdnA1,4,300.8,0.9484,1.2e-89,NZ_CBSD020000049.1,28144,29422,1,Acinetobacter nosocomialis 28F,Bacteria; Pseudomonadati; Pseudomonadota; Gammaproteobacteria; Moraxellales; Moraxellaceae; Acinetobacter; Acinetobacter calcoaceticus/baumannii complex,0,4_404_TdnA1#0,core,0.9866,1,1,0,0,hydrolase > dehydrogenase > hypothetical > other > [alpha] > beta > reductase > reductase > reductase
NZ_CP010956.1:222809-224144:-1,WP_044663311.1,TZ53_RS23485,,Rieske 2Fe-2S domain-containing protein,4_404_TdnA1,4,862.8,0.9865,3.8e-260,NZ_CP010956.1,222809,224144,-1,Sphingobium sp. YBL2,Bacteria; Pseudomonadati; Pseudomonadota; Alphaproteobacteria; Sphingomonadales; Sphingomonadaceae; Sphingobium,1,4_404_TdnA1#4,core,0.6845,2,1,0,1,other > other > [alpha] > beta > reductase
NZ_CP014276.1:92416-93679:1,WP_051424128.1,AZF01_RS21505,,aromatic ring-hydroxylating dioxygenase subunit alpha,4_404_TdnA1,4,274.8,0.9372,9.4e-82,NZ_CP014276.1,92416,93679,1,Martelella sp. AD-3,Bacteria; Pseudomonadati; Pseudomonadota; Alphaproteobacteria; Hyphomicrobiales; Aurantimonadaceae; Martelella,1,4_404_TdnA1#0,core,0.8827,1,1,0,0,hydrolase > dehydrogenase > hypothetical > [alpha] > beta > reductase > reductase > reductase
NZ_CP012185.1:32688-33990:-1,WP_193427378.1,AD017_RS28385,,Rieske 2Fe-2S domain-containing protein,4_404_TdnA1,4,262.8,0.9417,4e-78,NZ_CP012185.1,32688,33990,-1,Pseudonocardia sp. EC080619-01,Bacteria; Bacillati; Actinomycetota; Actinomycetes; Pseudonocardiales; Pseudonocardiaceae; Pseudonocardia,1,4_404_TdnA1#17,core,0.731,1,1,0,0,other > ferredoxin > other > [alpha] > beta > hypothetical > other > other > reductase > dehydrogenase > other > other
NZ_CP014310.1:421756-423049:-1,WP_062174759.1,AXG89_RS32560,,aromatic ring-hydroxylating dioxygenase subunit alpha,4_404_TdnA1,4,292.8,0.9305,3.3e-87,NZ_CP014310.1,421756,423049,-1,Burkholderia sp. PAMC 26561,Bacteria; Pseudomonadati; Pseudomonadota; Betaproteobacteria; Burkholderiales; Burkholderiaceae; Burkholderia,1,4_404_TdnA1#1,core,0.801,1,1,0,0,[alpha] > beta > hypothetical > other > hydrolase > reductase
NZ_CP015595.1:227654-228932:1,WP_067732013.1,A3K93_RS14220,,Rieske 2Fe-2S domain-containing protein,4_404_TdnA1,4,304.7,0.9529,8.1e-91,NZ_CP015595.1,227654,228932,1,Acinetobacter sp. NCu2D-2,Bacteria; Pseudomonadati; Pseudomonadota; Gammaproteobacteria; Moraxellales; Moraxellaceae; Acinetobacter,1,4_404_TdnA1#0,core,0.873,1,1,0,0,hydrolase > dehydrogenase > other > other > [alpha] > beta > reductase > reductase > reductase
NZ_CP053984.1:35430-36777:1,WP_015060642.1,FOC84_RS00220,,Rieske 2Fe-2S domain-containing protein,4_404_TdnA1,4,927.8,0.9798,6.9e-280,NZ_CP053984.1,35430,36777,1,Achromobacter pestifer,Bacteria; Pseudomonadati; Pseudomonadota; Betaproteobacteria; Burkholderiales; Alcaligenaceae; Achromobacter,1,4_404_TdnA1#4,core,1.0,2,1,0,1,other > other > [alpha] > beta > reductase > regulator
NZ_CP155731.1:58404-59679:-1,WP_005861505.1,ABFK29_RS23710,,aromatic ring-hydroxylating dioxygenase subunit alpha,4_404_TdnA1,4,267.0,0.9327,2.2e-79,NZ_CP155731.1,58404,59679,-1,Sagittula stellata E-37,Bacteria; Pseudomonadati; Pseudomonadota; Alphaproteobacteria; Rhodobacterales; Roseobacteraceae; Sagittula,1,4_404_TdnA1#30,core,0.9358,1,1,0,0,hydrolase > dehydrogenase > hypothetical > [alpha] > beta > reductase > reductase > reductase > transporter > transporter > transporter
NZ_CVTU01000068.1:52026-53310:1,WP_015372123.1,BFP93_RS08370,,Rieske 2Fe-2S domain-containing protein,4_404_TdnA1,4,301.9,0.9395,5.8e-90,NZ_CVTU01000068.1,52026,53310,1,Pseudomonas sp. 44 R 15,Bacteria; Pseudomonadati; Pseudomonadota; Gammaproteobacteria; Pseudomonadales; Pseudomonadaceae; Pseudomonas,0,4_404_TdnA1#0,core,0.865,1,1,0,0,[alpha] > beta
NZ_CVTU01000068.1:69076-70351:1,WP_065892730.1,BFP93_RS08450,,Rieske 2Fe-2S domain-containing protein,4_404_TdnA1,4,297.2,0.935,1.5e-88,NZ_CVTU01000068.1,69076,70351,1,Pseudomonas sp. 44 R 15,Bacteria; Pseudomonadati; Pseudomonadota; Gammaproteobacteria; Pseudomonadales; Pseudomonadaceae; Pseudomonas,0,4_404_TdnA1#3,core,0.8248,1,1,0,0,other > hypothetical > [alpha] > beta > reductase > reductase > reductase
NZ_CVTL01000021.1:79798-81082:-1,WP_065873523.1,BFP85_RS07225,,Rieske 2Fe-2S domain-containing protein,4_404_TdnA1,4,300.4,0.9395,1.6e-89,NZ_CVTL01000021.1,79798,81082,-1,Pseudomonas sp. 31 E 6,Bacteria; Pseudomonadati; Pseudomonadota; Gammaproteobacteria; Pseudomonadales; Pseudomonadaceae; Pseudomonas,0,4_404_TdnA1#0,core,0.8623,1,1,0,0,[alpha] > beta
NZ_CVTL01000047.1:155840-157115:-1,WP_017528259.1,BFP85_RS25365,,Rieske 2Fe-2S domain-containing protein,4_404_TdnA1,4,301.5,0.935,7.6e-90,NZ_CVTL01000047.1,155840,157115,-1,Pseudomonas sp. 31 E 6,Bacteria; Pseudomonadati; Pseudomonadota; Gammaproteobacteria; Pseudomonadales; Pseudomonadaceae; Pseudomonas,0,4_404_TdnA1#3,core,0.8324,1,1,0,0,other > hypothetical > [alpha] > beta > reductase > reductase > reductase > hydrolase > other > transporter
NZ_CYTC01000003.1:848603-849953:1,WP_054423261.1,AOZ60_RS12810,,aromatic ring-hydroxylating dioxygenase subunit alpha,4_404_TdnA1,4,218.7,0.9484,1e-64,NZ_CYTC01000003.1,848603,849953,1,Achromobacter kerstersii,Bacteria; Pseudomonadati; Pseudomonadota; Betaproteobacteria; Burkholderiales; Alcaligenaceae; Achromobacter,0,4_404_TdnA1#2,core,0.8593,1,1,0,0,transporter > hydrolase > [alpha] > beta > hydrolase > reductase
NZ_FCOA02000015.1:124007-125291:-1,WP_061169514.1,AWB79_RS21820,,Rieske 2Fe-2S domain-containing protein,4_404_TdnA1,4,288.2,0.9439,7.9e-86,NZ_FCOA02000015.1,124007,125291,-1,Caballeronia hypogeia,Bacteria; Pseudomonadati; Pseudomonadota; Betaproteobacteria; Burkholderiales; Burkholderiaceae; Caballeronia,0,4_404_TdnA1#1,core,0.9065,1,1,0,0,[alpha] > beta > other
NZ_FCNX02000014.1:195201-196485:-1,WP_061137205.1,AWB77_RS25375,,Rieske 2Fe-2S domain-containing protein,4_404_TdnA1,4,285.0,0.9395,7.5e-85,NZ_FCNX02000014.1,195201,196485,-1,Caballeronia fortuita,Bacteria; Pseudomonadati; Pseudomonadota; Betaproteobacteria; Burkholderiales; Burkholderiaceae; Caballeronia,0,4_404_TdnA1#1,core,0.8966,1,1,0,0,[alpha] > beta
NZ_FCOI02000013.1:137780-139064:-1,WP_061161842.1,AWB76_RS19835,,Rieske 2Fe-2S domain-containing protein,4_404_TdnA1,4,287.0,0.9395,1.9e-85,NZ_FCOI02000013.1,137780,139064,-1,Caballeronia temeraria,Bacteria; Pseudomonadati; Pseudomonadota; Betaproteobacteria; Burkholderiales; Burkholderiaceae; Caballeronia,0,4_404_TdnA1#1,core,0.9016,1,1,0,0,[alpha] > beta
NZ_FCOK02000030.1:63320-64613:1,WP_062088374.1,AWB69_RS21325,,aromatic ring-hydroxylating dioxygenase subunit alpha,4_404_TdnA1,4,289.3,0.935,3.7e-86,NZ_FCOK02000030.1,63320,64613,1,Caballeronia udeis,Bacteria; Pseudomonadati; Pseudomonadota; Betaproteobacteria; Burkholderiales; Burkholderiaceae; Caballeronia,0,4_404_TdnA1#1,core,0.8494,1,1,0,0,[alpha] > beta > hypothetical > other > hydrolase > reductase
NZ_FCOX02000071.1:9168-10452:1,WP_062611308.1,AWB78_RS35320,,Rieske 2Fe-2S domain-containing protein,4_404_TdnA1,4,287.6,0.9417,1.3e-85,NZ_FCOX02000071.1,9168,10452,1,Caballeronia calidae,Bacteria; Pseudomonadati; Pseudomonadota; Betaproteobacteria; Burkholderiales; Burkholderiaceae; Caballeronia,0,4_404_TdnA1#1,core,0.9093,1,1,0,0,[alpha] > beta
NZ_FLOB01000003.1:302449-303739:-1,WP_067015361.1,MSP8886_RS09185,,Rieske 2Fe-2S domain-containing protein,4_404_TdnA1,4,290.4,0.9552,1.8e-86,NZ_FLOB01000003.1,302449,303739,-1,Marinomonas spartinae,Bacteria; Pseudomonadati; Pseudomonadota; Gammaproteobacteria; Oceanospirillales; Oceanospirillaceae; Marinomonas,0,4_404_TdnA1#18,core,0.6172,1,1,0,0,dehydrogenase > other > other > [alpha] > beta > reductase > reductase > reductase > other > hydrolase
NZ_FNBL01000019.1:27761-29039:-1,WP_074647281.1,BLT54_RS20355,,aromatic ring-hydroxylating dioxygenase subunit alpha,4_404_TdnA1,4,267.5,0.9327,1.6e-79,NZ_FNBL01000019.1,27761,29039,-1,Celeribacter baekdonensis,Bacteria; Pseudomonadati; Pseudomonadota; Alphaproteobacteria; Rhodobacterales; Roseobacteraceae; Celeribacter,0,4_404_TdnA1#30,core,0.9415,1,1,0,0,hydrolase > dehydrogenase > hypothetical > [alpha] > beta > reductase > reductase > reductase
NZ_FNNW01000007.1:111776-113171:-1,WP_052453186.1,BLW07_RS11040,,aromatic ring-hydroxylating dioxygenase subunit alpha,4_404_TdnA1,4,348.6,0.9596,3.9e-104,NZ_FNNW01000007.1,111776,113171,-1,Celeribacter indicus,Bacteria; Pseudomonadati; Pseudomonadota; Alphaproteobacteria; Rhodobacterales; Roseobacteraceae; Celeribacter,0,4_404_TdnA1#27,novel_candidate,0.3773,1,1,0,0,other > transporter > transporter > transporter > transporter > beta > [alpha] > other > other
NZ_FOBK01000010.1:12114-13392:1,WP_035266339.1,BMW42_RS10425,,Rieske 2Fe-2S domain-containing protein,4_404_TdnA1,4,305.7,0.9552,3.9e-91,NZ_FOBK01000010.1,12114,13392,1,Acinetobacter sp. DSM 11652,Bacteria; Pseudomonadati; Pseudomonadota; Gammaproteobacteria; Moraxellales; Moraxellaceae; Acinetobacter,0,4_404_TdnA1#0,core,0.8822,1,1,0,0,hydrolase > dehydrogenase > hypothetical > other > [alpha] > beta > reductase > reductase > reductase
NZ_FODL01000003.1:298811-300086:1,WP_092396439.1,BMY45_RS08150,,Rieske 2Fe-2S domain-containing protein,4_404_TdnA1,4,304.1,0.935,1.2e-90,NZ_FODL01000003.1,298811,300086,1,Pseudomonas sp. NFACC39-1,Bacteria; Pseudomonadati; Pseudomonadota; Gammaproteobacteria; Pseudomonadales; Pseudomonadaceae; Pseudomonas,0,4_404_TdnA1#3,core,0.8311,1,1,0,0,other > other > [alpha] > beta > reductase > reductase > reductase
NZ_FOFW01000010.1:85992-87276:1,WP_058262535.1,BMW57_RS14940,,aromatic ring-hydroxylating dioxygenase subunit alpha,4_404_TdnA1,4,256.2,0.9372,4e-76,NZ_FOFW01000010.1,85992,87276,1,Thalassovita gelatinovora,Bacteria; Pseudomonadati; Pseudomonadota; Alphaproteobacteria; Rhodobacterales; Roseobacteraceae; Thalassovita,0,4_404_TdnA1#31,core,0.8556,2,1,0,1,hydrolase > dehydrogenase > hypothetical > [alpha] > beta > reductase > reductase > reductase
NZ_FOEO01000009.1:13545-14820:-1,WP_092406871.1,BMY73_RS10230,,Rieske 2Fe-2S domain-containing protein,4_404_TdnA1,4,295.6,0.9327,4.6e-88,NZ_FOEO01000009.1,13545,14820,-1,Pseudomonas sp. NFACC02,Bacteria; Pseudomonadati; Pseudomonadota; Gammaproteobacteria; Pseudomonadales; Pseudomonadaceae; Pseudomonas,0,4_404_TdnA1#3,core,0.8457,1,1,0,0,other > other > alpha_other > beta > reductase > reductase > reductase > other > hydrolase > [alpha] > beta > reductase > transporter > transporter
NZ_FOEO01000009.1:19371-20646:-1,WP_062380622.1,BMY73_RS10265,,Rieske 2Fe-2S domain-containing protein,4_404_TdnA1,4,299.6,0.935,2.8e-89,NZ_FOEO01000009.1,19371,20646,-1,Pseudomonas sp. NFACC02,Bacteria; Pseudomonadati; Pseudomonadota; Gammaproteobacteria; Pseudomonadales; Pseudomonadaceae; Pseudomonas,0,4_404_TdnA1#3,core,0.8438,1,1,0,0,other > other > [alpha] > beta > reductase > reductase > reductase > other > hydrolase > alpha_other > beta > reductase > transporter > transporter
NZ_FOWG01000009.1:265544-266861:1,WP_093348943.1,BM109_RS25570,,aromatic ring-hydroxylating dioxygenase subunit alpha,4_404_TdnA1,4,218.1,0.9395,1.5e-64,NZ_FOWG01000009.1,265544,266861,1,Variovorax sp. PDC80,Bacteria; Pseudomonadati; Pseudomonadota; Betaproteobacteria; Burkholderiales; Comamonadaceae; Variovorax,0,4_404_TdnA1#13,core,0.5599,1,1,0,0,ferredoxin > reductase > reductase > [alpha] > beta > other
NZ_FOWG01000009.1:275711-277043:1,WP_093348969.1,BM109_RS25615,,aromatic ring-hydroxylating dioxygenase subunit alpha,4_404_TdnA1,4,192.6,0.9417,8.3e-57,NZ_FOWG01000009.1,275711,277043,1,Variovorax sp. PDC80,Bacteria; Pseudomonadati; Pseudomonadota; Betaproteobacteria; Burkholderiales; Comamonadaceae; Variovorax,0,4_404_TdnA1#8,core,0.8522,1,1,0,0,other > reductase > other > reductase > transporter > transporter > [alpha] > beta > transporter > transporter > transporter > transporter > other > reductase > regulator > hydrolase > other > other
NZ_FPIX01000001.1:402151-403411:-1,WP_072339415.1,BT116_RS01575,,Rieske 2Fe-2S domain-containing protein,4_404_TdnA1,4,275.8,0.9462,4.8e-82,NZ_FPIX01000001.1,402151,403411,-1,Pseudomonas sp. NFACC16-2,Bacteria; Pseudomonadati; Pseudomonadota; Gammaproteobacteria; Pseudomonadales; Pseudomonadaceae; Pseudomonas,0,4_404_TdnA1#28,core,0.6132,1,1,0,0,[alpha] > beta
NZ_FQVF01000022.1:21755-23045:-1,WP_072841382.1,BUA59_RS19620,,Rieske 2Fe-2S domain-containing protein,4_404_TdnA1,4,289.5,0.9529,3.4e-86,NZ_FQVF01000022.1,21755,23045,-1,Marinomonas polaris DSM 16579,Bacteria; Pseudomonadati; Pseudomonadota; Gammaproteobacteria; Oceanospirillales; Oceanospirillaceae; Marinomonas,0,4_404_TdnA1#18,core,0.621,1,1,0,0,dehydrogenase > other > other > [alpha] > beta > reductase > reductase > reductase > other > hydrolase
NZ_FRAP01000018.1:131789-133064:1,WP_073459087.1,BUE41_RS22145,,Rieske 2Fe-2S domain-containing protein,4_404_TdnA1,4,241.7,0.9417,1e-71,NZ_FRAP01000018.1,131789,133064,1,Pseudonocardia thermophila,Bacteria; Bacillati; Actinomycetota; Actinomycetes; Pseudonocardiales; Pseudonocardiaceae; Pseudonocardia,0,4_404_TdnA1#39,core,0.6154,1,1,0,0,[alpha] > beta > hypothetical > other > hypothetical
NZ_FTMN01000004.1:261184-262522:-1,WP_244894359.1,BW956_RS11175,,Rieske 2Fe-2S domain-containing protein,4_404_TdnA1,4,304.6,0.9664,8.5e-91,NZ_FTMN01000004.1,261184,262522,-1,Marinobacterium stanieri,Bacteria; Pseudomonadati; Pseudomonadota; Gammaproteobacteria; Oceanospirillales; Oceanospirillaceae; Marinobacterium,0,4_404_TdnA1#18,core,0.6172,1,1,0,0,dehydrogenase > other > other > [alpha] > beta > reductase > reductase > transporter > transporter > transporter > ring_cleavage > reductase > transporter > transporter > transporter
NZ_FTMY01000012.1:51500-52814:-1,WP_076511010.1,BXA03_RS20235,,aromatic ring-hydroxylating dioxygenase subunit alpha,4_404_TdnA1,4,179.6,0.9395,7.1e-53,NZ_FTMY01000012.1,51500,52814,-1,Pseudacidovorax sp. RU35E,Bacteria; Pseudomonadati; Pseudomonadota; Betaproteobacteria; Burkholderiales; Comamonadaceae; Pseudacidovorax,0,4_404_TdnA1#8,core,0.7807,1,1,0,0,transporter > transporter > [alpha] > beta > transporter > transporter > other > transporter > other > reductase > regulator
NZ_FTMY01000012.1:61672-62992:-1,WP_076511017.1,BXA03_RS20280,,aromatic ring-hydroxylating dioxygenase subunit alpha,4_404_TdnA1,4,203.9,0.9439,3e-60,NZ_FTMY01000012.1,61672,62992,-1,Pseudacidovorax sp. RU35E,Bacteria; Pseudomonadati; Pseudomonadota; Betaproteobacteria; Burkholderiales; Comamonadaceae; Pseudacidovorax,0,4_404_TdnA1#13,core,0.5699,1,1,0,0,ferredoxin > reductase > ferredoxin > [alpha] > beta > other > other > reductase > other > reductase
NZ_FWCL01000004.1:133386-134655:-1,WP_074357785.1,B6F48_RS20095,,Rieske 2Fe-2S domain-containing protein,4_404_TdnA1,4,257.0,0.9529,2.3e-76,NZ_FWCL01000004.1,133386,134655,-1,Mycobacteroides abscessus subsp. bolletii,Bacteria; Bacillati; Actinomycetota; Actinomycetes; Mycobacteriales; Mycobacteriaceae; Mycobacteroides; Mycobacteroides abscessus,0,4_404_TdnA1#6,core,0.8997,1,1,0,0,reductase > other > other > other > [alpha] > beta > hypothetical > other > other > other > reductase > other > other
NZ_FXEG02000006.1:258202-259498:-1,WP_176234842.1,MAAFP003_RS28310,,Rieske 2Fe-2S domain-containing protein,4_404_TdnA1,4,257.6,0.9462,1.5e-76,NZ_FXEG02000006.1,258202,259498,-1,Mycobacterium ahvazicum,Bacteria; Bacillati; Actinomycetota; Actinomycetes; Mycobacteriales; Mycobacteriaceae; Mycobacterium; Mycobacterium simiae complex,0,4_404_TdnA1#12,divergent,0.4567,1,1,0,0,hypothetical > other > other > [alpha] > beta > other > other > dehydrogenase > reductase > dehydrogenase > reductase > hydrolase > hydrolase
NZ_GG770556.1:159175-160447:-1,WP_007170561.1,HMPREF0591_RS20635,,Rieske 2Fe-2S domain-containing protein,4_404_TdnA1,4,265.5,0.9552,6.1e-79,NZ_GG770556.1,159175,160447,-1,Mycobacterium parascrofulaceum ATCC BAA-614,Bacteria; Bacillati; Actinomycetota; Actinomycetes; Mycobacteriales; Mycobacteriaceae; Mycobacterium; Mycobacterium simiae complex,0,4_404_TdnA1#6,core,0.8663,1,1,0,0,other > other > other > other > [alpha] > beta > hypothetical > other > other > other > other
NZ_FZOG01000005.1:142960-144247:1,WP_010489000.1,CHB79_RS16530,,aromatic ring-hydroxylating dioxygenase subunit alpha,4_404_TdnA1,4,298.9,0.9462,4.5e-89,NZ_FZOG01000005.1,142960,144247,1,Pseudomonas segetis,Bacteria; Pseudomonadati; Pseudomonadota; Gammaproteobacteria; Pseudomonadales; Pseudomonadaceae; Pseudomonas,0,4_404_TdnA1#1,core,0.8598,1,1,0,0,dehydrogenase > hypothetical > other > hydrolase > [alpha] > beta > reductase > reductase
NZ_JAADZU010000058.1:4599-5913:1,WP_053776710.1,GYA93_RS16395,,aromatic ring-hydroxylating dioxygenase subunit alpha,4_404_TdnA1,4,300.5,0.935,1.5e-89,NZ_JAADZU010000058.1,4599,5913,1,Gordonia desulfuricans,Bacteria; Bacillati; Actinomycetota; Actinomycetes; Mycobacteriales; Gordoniaceae; Gordonia,0,4_404_TdnA1#9,core,0.75,1,1,0,0,dehydrogenase > [alpha] > beta > hypothetical
NZ_JAADZU010000060.1:23335-24613:-1,WP_059038461.1,GYA93_RS16805,,Rieske 2Fe-2S domain-containing protein,4_404_TdnA1,4,286.5,0.9507,2.7e-85,NZ_JAADZU010000060.1,23335,24613,-1,Gordonia desulfuricans,Bacteria; Bacillati; Actinomycetota; Actinomycetes; Mycobacteriales; Gordoniaceae; Gordonia,0,4_404_TdnA1#7,core,0.9173,1,1,0,0,dehydrogenase > hypothetical > [alpha] > beta > reductase > reductase
NZ_JAAVXC010000038.1:64083-65367:1,WP_008062096.1,HFK74_RS28150,,Rieske 2Fe-2S domain-containing protein,4_404_TdnA1,4,290.3,0.9462,1.8e-86,NZ_JAAVXC010000038.1,64083,65367,1,Pseudomonas sp. SbOxS1,Bacteria; Pseudomonadati; Pseudomonadota; Gammaproteobacteria; Pseudomonadales; Pseudomonadaceae; Pseudomonas,0,4_404_TdnA1#1,core,0.9921,1,1,0,0,dehydrogenase > hypothetical > other > hydrolase > [alpha] > beta > reductase
NZ_JAAXOO010000004.1:113799-115077:-1,WP_068046658.1,HGA13_RS16025,,Rieske 2Fe-2S domain-containing protein,4_404_TdnA1,4,296.4,0.935,2.7e-88,NZ_JAAXOO010000004.1,113799,115077,-1,Nocardia speluncae,Bacteria; Bacillati; Actinomycetota; Actinomycetes; Mycobacteriales; Nocardiaceae; Nocardia,0,4_404_TdnA1#9,core,0.8886,1,1,0,0,dehydrogenase > hypothetical > [alpha] > beta > reductase > reductase > hypothetical > other
NZ_JABBFZ010000005.1:105495-106779:1,WP_169497720.1,HHL14_RS11440,,Rieske 2Fe-2S domain-containing protein,4_404_TdnA1,4,279.5,0.9395,3.5e-83,NZ_JABBFZ010000005.1,105495,106779,1,Paraburkholderia antibiotica,Bacteria; Pseudomonadati; Pseudomonadota; Betaproteobacteria; Burkholderiales; Burkholderiaceae; Paraburkholderia,0,4_404_TdnA1#1,core,0.9175,1,1,0,0,[alpha] > beta > other
NZ_JABELX010000004.1:82609-83872:1,WP_067526693.1,HLB23_RS11340,,aromatic ring-hydroxylating dioxygenase subunit alpha,4_404_TdnA1,4,266.7,0.9417,2.8e-79,NZ_JABELX010000004.1,82609,83872,1,Nocardia uniformis,Bacteria; Bacillati; Actinomycetota; Actinomycetes; Mycobacteriales; Nocardiaceae; Nocardia,0,4_404_TdnA1#6,core,0.8049,1,1,0,0,other > reductase > other > other > other > other > other > [alpha] > beta > hypothetical > hydrolase > other > other > other
NZ_JABFID010000021.1:89777-91061:1,WP_012271858.1,HMH05_RS22100,,Rieske 2Fe-2S domain-containing protein,4_404_TdnA1,4,308.2,0.9372,6.8e-92,NZ_JABFID010000021.1,89777,91061,1,Pseudomonas sp. SbB1,Bacteria; Pseudomonadati; Pseudomonadota; Gammaproteobacteria; Pseudomonadales; Pseudomonadaceae; Pseudomonas,0,4_404_TdnA1#3,core,0.8438,1,1,0,0,other > hypothetical > [alpha] > beta > reductase > reductase > reductase
NZ_JABXIZ010000149.1:2008-3349:1,WP_011241915.1,HW563_RS18425,,Rieske 2Fe-2S domain-containing protein,4_404_TdnA1,4,206.1,0.7489,6.5e-61,NZ_JABXIZ010000149.1,2008,3349,1,Ruegeria pomeroyi,Bacteria; Pseudomonadati; Pseudomonadota; Alphaproteobacteria; Rhodobacterales; Roseobacteraceae; Ruegeria,0,4_404_TdnA1#20,core,0.6289,2,1,0,1,reductase > [alpha] > beta > other > other > reductase > other > reductase
NZ_JACIDY010000004.1:286794-288090:1,WP_183617059.1,GGR39_RS10440,,aromatic ring-hydroxylating dioxygenase subunit alpha,4_404_TdnA1,4,245.0,0.9484,1e-72,NZ_JACIDY010000004.1,286794,288090,1,Novosphingobium fluoreni,Bacteria; Pseudomonadati; Pseudomonadota; Alphaproteobacteria; Sphingomonadales; Sphingomonadaceae; Novosphingobium,0,4_404_TdnA1#37,divergent,0.4393,1,1,0,0,other > [alpha] > beta > other > other
NZ_JACVBV010000002.1:333294-334602:1,WP_192226268.1,IB240_RS09845,,Rieske 2Fe-2S domain-containing protein,4_404_TdnA1,4,306.7,0.9529,1.9e-91,NZ_JACVBV010000002.1,333294,334602,1,Raoultella sp. RLT01,Bacteria; Pseudomonadati; Pseudomonadota; Gammaproteobacteria; Enterobacterales; Enterobacteriaceae; Klebsiella/Raoultella group; Raoultella,0,4_404_TdnA1#0,core,0.742,2,1,0,1,hydrolase > dehydrogenase > hypothetical > other > [alpha] > beta > reductase > reductase > reductase
NZ_JAEEFW010000003.1:21216-22518:-1,WP_009047600.1,I8747_RS08685,,Rieske 2Fe-2S domain-containing protein,4_404_TdnA1,4,194.2,0.7915,2.6e-57,NZ_JAEEFW010000003.1,21216,22518,-1,Pseudomonas chlororaphis subsp. aurantiaca,Bacteria; Pseudomonadati; Pseudomonadota; Gammaproteobacteria; Pseudomonadales; Pseudomonadaceae; Pseudomonas,0,4_404_TdnA1#23,core,0.5681,1,1,0,0,transporter > hypothetical > reductase > [alpha] > beta > reductase > hydrolase > transporter
NZ_JAKTIC010000006.1:14003-15281:-1,WP_001084470.1,MKL39_RS00995,,Rieske 2Fe-2S domain-containing protein,4_404_TdnA1,4,300.8,0.9484,1.2e-89,NZ_JAKTIC010000006.1,14003,15281,-1,Acinetobacter sp. AOR38_HL,Bacteria; Pseudomonadati; Pseudomonadota; Gammaproteobacteria; Moraxellales; Moraxellaceae; Acinetobacter,0,4_404_TdnA1#0,core,0.9866,1,1,0,0,hydrolase > dehydrogenase > hypothetical > other > [alpha] > beta > reductase > reductase > reductase
NZ_JAKTIG010000003.1:27995-29273:1,WP_005069110.1,MKL51_RS00390,,Rieske 2Fe-2S domain-containing protein,4_404_TdnA1,4,302.4,0.9484,4.1e-90,NZ_JAKTIG010000003.1,27995,29273,1,Acinetobacter sp. AOR18_HL,Bacteria; Pseudomonadati; Pseudomonadota; Gammaproteobacteria; Moraxellales; Moraxellaceae; Acinetobacter,0,4_404_TdnA1#0,core,0.992,1,1,0,0,hydrolase > dehydrogenase > hypothetical > other > [alpha] > beta > reductase > reductase > reductase
NZ_JALKVD010000003.1:99914-101192:1,WP_069579522.1,MXM33_RS06540,,Rieske 2Fe-2S domain-containing protein,4_404_TdnA1,4,305.5,0.9529,4.5e-91,NZ_JALKVD010000003.1,99914,101192,1,Acinetobacter vivianii,Bacteria; Pseudomonadati; Pseudomonadota; Gammaproteobacteria; Moraxellales; Moraxellaceae; Acinetobacter,0,4_404_TdnA1#0,core,0.9517,1,1,0,0,hydrolase > dehydrogenase > other > [alpha] > beta > reductase > reductase > reductase > regulator
NZ_JAOCKG010000001.1:924088-925408:1,WP_280025899.1,N5K24_RS04350,,aromatic ring-hydroxylating dioxygenase subunit alpha,4_404_TdnA1,4,200.1,0.8072,4.2e-59,NZ_JAOCKG010000001.1,924088,925408,1,Achromobacter marplatensis,Bacteria; Pseudomonadati; Pseudomonadota; Betaproteobacteria; Burkholderiales; Alcaligenaceae; Achromobacter,0,4_404_TdnA1#5,core,0.9229,2,1,0,1,ferredoxin > reductase > reductase > [alpha] > beta > other > other > reductase > other > reductase
NZ_JAPKMZ010000004.1:488352-489744:-1,WP_035268328.1,OSH04_RS13550,,aromatic ring-hydroxylating dioxygenase subunit alpha,4_404_TdnA1,4,214.3,0.9462,2.1e-63,NZ_JAPKMZ010000004.1,488352,489744,-1,Alcaligenes nematophilus,Bacteria; Pseudomonadati; Pseudomonadota; Betaproteobacteria; Burkholderiales; Alcaligenaceae; Alcaligenes,0,4_404_TdnA1#2,core,0.7363,1,1,0,0,transporter > [alpha] > beta > hydrolase > reductase > reductase
NZ_JASCAI010000028.1:184557-185835:1,WP_013197690.1,QLG01_RS12530,,Rieske 2Fe-2S domain-containing protein,4_404_TdnA1,4,303.4,0.9507,1.9e-90,NZ_JASCAI010000028.1,184557,185835,1,Acinetobacter sp. V89_4,Bacteria; Pseudomonadati; Pseudomonadota; Gammaproteobacteria; Moraxellales; Moraxellaceae; Acinetobacter,0,4_404_TdnA1#0,core,0.992,1,1,0,0,hydrolase > dehydrogenase > hypothetical > other > [alpha] > beta > reductase > reductase > reductase
NZ_JAUZVK010000003.1:147867-149145:-1,WP_055475082.1,Q9R39_RS05065,,Rieske 2Fe-2S domain-containing protein,4_404_TdnA1,4,287.6,0.9439,1.2e-85,NZ_JAUZVK010000003.1,147867,149145,-1,Gordonia sp. AC31,Bacteria; Bacillati; Actinomycetota; Actinomycetes; Mycobacteriales; Gordoniaceae; Gordonia,0,4_404_TdnA1#7,core,0.9553,1,1,0,0,dehydrogenase > hypothetical > [alpha] > beta > reductase > reductase
NZ_JAUPAL010000002.1:49884-51162:-1,WP_001084464.1,Q5M78_RS05440,,Rieske 2Fe-2S domain-containing protein,4_404_TdnA1,4,302.2,0.9484,4.5e-90,NZ_JAUPAL010000002.1,49884,51162,-1,Acinetobacter nosocomialis,Bacteria; Pseudomonadati; Pseudomonadota; Gammaproteobacteria; Moraxellales; Moraxellaceae; Acinetobacter; Acinetobacter calcoaceticus/baumannii complex,0,4_404_TdnA1#0,core,0.9893,1,1,0,0,hydrolase > dehydrogenase > hypothetical > other > [alpha] > beta > reductase > reductase > reductase
NZ_JAVLUS010000010.1:79655-80924:-1,WP_074852006.1,RD149_RS13500,,Rieske 2Fe-2S domain-containing protein,4_404_TdnA1,4,273.2,0.9484,2.8e-81,NZ_JAVLUS010000010.1,79655,80924,-1,Gordonia westfalica,Bacteria; Bacillati; Actinomycetota; Actinomycetes; Mycobacteriales; Gordoniaceae; Gordonia,0,4_404_TdnA1#6,core,0.8316,2,1,0,1,reductase > other > other > other > other > other > [alpha] > beta > hypothetical > other > other > other > other > dehydrogenase > reductase > ferredoxin > reductase
NZ_JAVLRO010000007.1:214503-215778:-1,WP_058427084.1,RJC98_RS19430,,Rieske 2Fe-2S domain-containing protein,4_404_TdnA1,4,293.6,0.935,1.8e-87,NZ_JAVLRO010000007.1,214503,215778,-1,Pseudomonas allii,Bacteria; Pseudomonadati; Pseudomonadota; Gammaproteobacteria; Pseudomonadales; Pseudomonadaceae; Pseudomonas,0,4_404_TdnA1#3,core,0.8089,1,1,0,0,other > hypothetical > [alpha] > beta > reductase > reductase > reductase
NZ_JAVLSM010000003.1:359847-361134:1,WP_034337649.1,RI046_RS07065,,Rieske 2Fe-2S domain-containing protein,4_404_TdnA1,4,297.5,0.9507,1.2e-88,NZ_JAVLSM010000003.1,359847,361134,1,Herbaspirillum huttiense,Bacteria; Pseudomonadati; Pseudomonadota; Betaproteobacteria; Burkholderiales; Oxalobacteraceae; Herbaspirillum,0,4_404_TdnA1#1,core,0.8246,1,1,0,0,hydrolase > [alpha] > beta > reductase
NZ_JAWLJY010000024.1:34046-35327:-1,WP_040274810.1,R3Q24_RS23225,,Rieske 2Fe-2S domain-containing protein,4_404_TdnA1,4,285.4,0.9529,5.7e-85,NZ_JAWLJY010000024.1,34046,35327,-1,Rhodococcus ruber,Bacteria; Bacillati; Actinomycetota; Actinomycetes; Mycobacteriales; Nocardiaceae; Rhodococcus,0,4_404_TdnA1#7,core,0.9443,1,1,0,0,dehydrogenase > hypothetical > other > [alpha] > beta > reductase > reductase
NZ_JAWLKG010000002.1:220898-222182:-1,WP_006944801.1,R3Q02_RS05190,,aromatic ring-hydroxylating dioxygenase subunit alpha,4_404_TdnA1,4,557.4,0.9462,1.7e-167,NZ_JAWLKG010000002.1,220898,222182,-1,Rhodococcus aetherivorans,Bacteria; Bacillati; Actinomycetota; Actinomycetes; Mycobacteriales; Nocardiaceae; Rhodococcus,0,4_404_TdnA1#4,divergent,0.5052,2,1,0,1,[alpha] > beta > hypothetical > other > reductase > ferredoxin > other > other > other > other > other
NZ_JAXIOU010000052.1:9208-10522:-1,WP_063690659.1,SBO82_RS18175,,aromatic ring-hydroxylating dioxygenase subunit alpha,4_404_TdnA1,4,196.7,0.9507,4.8e-58,NZ_JAXIOU010000052.1,9208,10522,-1,Alcaligenes nematophilus,Bacteria; Pseudomonadati; Pseudomonadota; Betaproteobacteria; Burkholderiales; Alcaligenaceae; Alcaligenes,0,4_404_TdnA1#19,divergent,0.5492,1,1,0,0,transporter > transporter > transporter > transporter > [alpha] > beta > reductase
NZ_JBALIM010000010.1:146813-148127:-1,WP_020925006.1,WB342_RS17490,,aromatic ring-hydroxylating dioxygenase subunit alpha,4_404_TdnA1,4,198.8,0.8072,1e-58,NZ_JBALIM010000010.1,146813,148127,-1,Achromobacter dolens,Bacteria; Pseudomonadati; Pseudomonadota; Betaproteobacteria; Burkholderiales; Alcaligenaceae; Achromobacter,0,4_404_TdnA1#5,core,1.0,2,1,0,1,ferredoxin > reductase > reductase > [alpha] > beta > other > other > reductase > other > reductase
NZ_JBALIM010000020.1:65165-66509:1,WP_054419367.1,WB342_RS25355,,aromatic ring-hydroxylating dioxygenase subunit alpha,4_404_TdnA1,4,222.0,0.9529,1e-65,NZ_JBALIM010000020.1,65165,66509,1,Achromobacter dolens,Bacteria; Pseudomonadati; Pseudomonadota; Betaproteobacteria; Burkholderiales; Alcaligenaceae; Achromobacter,0,4_404_TdnA1#2,core,0.8509,1,1,0,0,transporter > hydrolase > [alpha] > beta > hydrolase > reductase
NZ_JBBCSQ010000001.1:92910-94188:1,WP_076032450.1,WFI83_RS00450,,Rieske 2Fe-2S domain-containing protein,4_404_TdnA1,4,302.3,0.9462,4.3e-90,NZ_JBBCSQ010000001.1,92910,94188,1,Acinetobacter soli,Bacteria; Pseudomonadati; Pseudomonadota; Gammaproteobacteria; Moraxellales; Moraxellaceae; Acinetobacter,0,4_404_TdnA1#0,core,0.9005,2,1,0,1,hydrolase > dehydrogenase > other > other > [alpha] > beta > reductase > reductase > reductase
NZ_JBCNNE010000005.1:156517-157804:-1,WP_034337649.1,ABDW51_RS12220,,Rieske 2Fe-2S domain-containing protein,4_404_TdnA1,4,297.5,0.9507,1.2e-88,NZ_JBCNNE010000005.1,156517,157804,-1,Herbaspirillum huttiense,Bacteria; Pseudomonadati; Pseudomonadota; Betaproteobacteria; Burkholderiales; Oxalobacteraceae; Herbaspirillum,0,4_404_TdnA1#1,core,0.8246,1,1,0,0,hydrolase > [alpha] > beta > reductase
NZ_JBCGUI010000006.1:225873-227160:1,WP_034337649.1,AADA03_RS13960,,Rieske 2Fe-2S domain-containing protein,4_404_TdnA1,4,297.5,0.9507,1.2e-88,NZ_JBCGUI010000006.1,225873,227160,1,Herbaspirillum huttiense NC40101,Bacteria; Pseudomonadati; Pseudomonadota; Betaproteobacteria; Burkholderiales; Oxalobacteraceae; Herbaspirillum,0,4_404_TdnA1#1,core,0.8246,1,1,0,0,hydrolase > [alpha] > beta > reductase
NZ_JBEBOH010000002.1:393547-394825:1,WP_166783557.1,ABWP53_RS03950,,Rieske 2Fe-2S domain-containing protein,4_404_TdnA1,4,297.8,0.9529,9.8e-89,NZ_JBEBOH010000002.1,393547,394825,1,Acinetobacter guillouiae,Bacteria; Pseudomonadati; Pseudomonadota; Gammaproteobacteria; Moraxellales; Moraxellaceae; Acinetobacter,0,4_404_TdnA1#0,core,0.933,1,1,0,0,hydrolase > dehydrogenase > other > [alpha] > beta > reductase > reductase > reductase > regulator
NZ_JEWG01000038.1:11209-12487:-1,WP_017403334.1,J507_RS20680,,Rieske 2Fe-2S domain-containing protein,4_404_TdnA1,4,302.2,0.9484,4.5e-90,NZ_JEWG01000038.1,11209,12487,-1,Acinetobacter sp. 1295259,Bacteria; Pseudomonadati; Pseudomonadota; Gammaproteobacteria; Moraxellales; Moraxellaceae; Acinetobacter; Acinetobacter calcoaceticus/baumannii complex,0,4_404_TdnA1#0,core,0.9867,1,1,0,0,hydrolase > dehydrogenase > hypothetical > other > [alpha] > beta > reductase > reductase > reductase
NZ_JEWH01000034.1:29937-31215:1,WP_001084470.1,J512_RS17915,,Rieske 2Fe-2S domain-containing protein,4_404_TdnA1,4,300.8,0.9484,1.2e-89,NZ_JEWH01000034.1,29937,31215,1,Acinetobacter baumannii 1295743,Bacteria; Pseudomonadati; Pseudomonadota; Gammaproteobacteria; Moraxellales; Moraxellaceae; Acinetobacter; Acinetobacter calcoaceticus/baumannii complex,0,4_404_TdnA1#0,core,0.9866,1,1,0,0,hydrolase > dehydrogenase > hypothetical > other > [alpha] > beta > reductase > reductase > reductase
NZ_JEWR01000055.1:14268-15546:-1,WP_001084467.1,J545_RS21415,,Rieske 2Fe-2S domain-containing protein,4_404_TdnA1,4,302.8,0.9484,3e-90,NZ_JEWR01000055.1,14268,15546,-1,Acinetobacter baumannii 1462234,Bacteria; Pseudomonadati; Pseudomonadota; Gammaproteobacteria; Moraxellales; Moraxellaceae; Acinetobacter; Acinetobacter calcoaceticus/baumannii complex,0,4_404_TdnA1#0,core,0.992,1,1,0,0,hydrolase > dehydrogenase > hypothetical > other > [alpha] > beta > reductase > reductase > reductase
NZ_JEWU01000059.1:10989-12267:-1,WP_002120952.1,J551_RS21840,,Rieske 2Fe-2S domain-containing protein,4_404_TdnA1,4,303.8,0.9507,1.5e-90,NZ_JEWU01000059.1,10989,12267,-1,Acinetobacter sp. 1475718,Bacteria; Pseudomonadati; Pseudomonadota; Gammaproteobacteria; Moraxellales; Moraxellaceae; Acinetobacter; Acinetobacter calcoaceticus/baumannii complex,0,4_404_TdnA1#0,core,0.9892,1,1,0,0,hydrolase > dehydrogenase > hypothetical > other > [alpha] > beta > reductase > reductase > reductase
NZ_JEXG01000035.1:28570-29848:1,WP_032056018.1,J536_RS19950,,Rieske 2Fe-2S domain-containing protein,4_404_TdnA1,4,302.8,0.9484,3e-90,NZ_JEXG01000035.1,28570,29848,1,Acinetobacter sp. 809848,Bacteria; Pseudomonadati; Pseudomonadota; Gammaproteobacteria; Moraxellales; Moraxellaceae; Acinetobacter; Acinetobacter calcoaceticus/baumannii complex,0,4_404_TdnA1#0,core,0.9866,1,1,0,0,hydrolase > dehydrogenase > hypothetical > other > [alpha] > beta > reductase > reductase > reductase
NZ_JEXJ01000072.1:11526-12804:-1,WP_032068775.1,J529_RS21805,,Rieske 2Fe-2S domain-containing protein,4_404_TdnA1,4,305.5,0.9529,4.4e-91,NZ_JEXJ01000072.1,11526,12804,-1,Acinetobacter baumannii 99063,Bacteria; Pseudomonadati; Pseudomonadota; Gammaproteobacteria; Moraxellales; Moraxellaceae; Acinetobacter; Acinetobacter calcoaceticus/baumannii complex,0,4_404_TdnA1#15,core,0.9431,1,1,0,0,hydrolase > dehydrogenase > hypothetical > other > [alpha] > beta > reductase > reductase > reductase
NZ_JEXD01000037.1:7393-8671:1,WP_032059884.1,J506_RS20550,,Rieske 2Fe-2S domain-containing protein,4_404_TdnA1,4,300.6,0.9484,1.4e-89,NZ_JEXD01000037.1,7393,8671,1,Acinetobacter baumannii 625974,Bacteria; Pseudomonadati; Pseudomonadota; Gammaproteobacteria; Moraxellales; Moraxellaceae; Acinetobacter; Acinetobacter calcoaceticus/baumannii complex,0,4_404_TdnA1#0,core,0.984,1,1,0,0,hydrolase > dehydrogenase > hypothetical > other > [alpha] > beta > reductase > reductase > reductase
NZ_JFHC01000015.1:104082-105366:1,WP_035925682.1,BG61_RS12460,,Rieske 2Fe-2S domain-containing protein,4_404_TdnA1,4,288.3,0.9417,7.6e-86,NZ_JFHC01000015.1,104082,105366,1,Caballeronia glathei,Bacteria; Pseudomonadati; Pseudomonadota; Betaproteobacteria; Burkholderiales; Burkholderiaceae; Caballeronia,0,4_404_TdnA1#1,core,0.9132,1,1,0,0,[alpha] > beta > other
NZ_JEXJ01000101.1:4409-5687:1,WP_032068919.1,J529_RS23440,,Rieske 2Fe-2S domain-containing protein,4_404_TdnA1,4,301.4,0.9484,7.8e-90,NZ_JEXJ01000101.1,4409,5687,1,Acinetobacter baumannii 99063,Bacteria; Pseudomonadati; Pseudomonadota; Gammaproteobacteria; Moraxellales; Moraxellaceae; Acinetobacter; Acinetobacter calcoaceticus/baumannii complex,0,4_404_TdnA1#0,core,0.984,1,1,0,0,hydrolase > dehydrogenase > hypothetical > other > [alpha] > beta > reductase > reductase > reductase
NZ_JFEL02000005.1:226724-228002:-1,WP_005069110.1,J622_RS10115,,Rieske 2Fe-2S domain-containing protein,4_404_TdnA1,4,302.4,0.9484,4.1e-90,NZ_JFEL02000005.1,226724,228002,-1,Acinetobacter sp. 1564232,Bacteria; Pseudomonadati; Pseudomonadota; Gammaproteobacteria; Moraxellales; Moraxellaceae; Acinetobacter; Acinetobacter calcoaceticus/baumannii complex,0,4_404_TdnA1#0,core,0.992,1,1,0,0,hydrolase > dehydrogenase > hypothetical > other > [alpha] > beta > reductase > reductase > reductase
NZ_JFYC01000023.1:15252-16530:-1,WP_005074154.1,J690_RS22070,,Rieske 2Fe-2S domain-containing protein,4_404_TdnA1,4,300.2,0.9484,1.8e-89,NZ_JFYC01000023.1,15252,16530,-1,Acinetobacter sp. 742879,Bacteria; Pseudomonadati; Pseudomonadota; Gammaproteobacteria; Moraxellales; Moraxellaceae; Acinetobacter; Acinetobacter calcoaceticus/baumannii complex,0,4_404_TdnA1#0,core,0.9893,1,1,0,0,hydrolase > dehydrogenase > hypothetical > other > [alpha] > beta > reductase > reductase > reductase
NZ_JFXV01000003.1:182843-184121:1,WP_002120952.1,J687_RS09275,,Rieske 2Fe-2S domain-containing protein,4_404_TdnA1,4,303.8,0.9507,1.5e-90,NZ_JFXV01000003.1,182843,184121,1,Acinetobacter sp. 225588,Bacteria; Pseudomonadati; Pseudomonadota; Gammaproteobacteria; Moraxellales; Moraxellaceae; Acinetobacter; Acinetobacter calcoaceticus/baumannii complex,0,4_404_TdnA1#0,core,0.9892,1,1,0,0,hydrolase > dehydrogenase > hypothetical > other > [alpha] > beta > reductase > reductase > reductase
NZ_JFYL01000016.1:10343-11621:1,WP_035266339.1,CL42_RS06450,,Rieske 2Fe-2S domain-containing protein,4_404_TdnA1,4,305.7,0.9552,3.9e-91,NZ_JFYL01000016.1,10343,11621,1,Acinetobacter sp. Ver3,Bacteria; Pseudomonadati; Pseudomonadota; Gammaproteobacteria; Moraxellales; Moraxellaceae; Acinetobacter,0,4_404_TdnA1#0,core,0.8822,1,1,0,0,hydrolase > dehydrogenase > hypothetical > other > [alpha] > beta > reductase > reductase > reductase
NZ_JFXG01000001.1:39018-40296:1,WP_005069110.1,J655_RS05190,,Rieske 2Fe-2S domain-containing protein,4_404_TdnA1,4,302.4,0.9484,4.1e-90,NZ_JFXG01000001.1,39018,40296,1,Acinetobacter sp. 1294243,Bacteria; Pseudomonadati; Pseudomonadota; Gammaproteobacteria; Moraxellales; Moraxellaceae; Acinetobacter; Acinetobacter calcoaceticus/baumannii complex,0,4_404_TdnA1#0,core,0.992,1,1,0,0,hydrolase > dehydrogenase > hypothetical > other > [alpha] > beta > reductase > reductase > reductase
NZ_JFYZ01000035.1:4349-5630:-1,WP_036528841.1,BV97_RS22050,,Rieske 2Fe-2S domain-containing protein,4_404_TdnA1,4,295.9,0.9395,3.8e-88,NZ_JFYZ01000035.1,4349,5630,-1,Novosphingobium resinovorum,Bacteria; Pseudomonadati; Pseudomonadota; Alphaproteobacteria; Sphingomonadales; Sphingomonadaceae; Novosphingobium,0,4_404_TdnA1#22,core,0.6957,2,1,0,1,regulator > hydrolase > [alpha] > beta > reductase
NZ_JFYD01000001.1:84337-85615:-1,WP_033847177.1,J663_RS00405,,Rieske 2Fe-2S domain-containing protein,4_404_TdnA1,4,303.3,0.9507,2.1e-90,NZ_JFYD01000001.1,84337,85615,-1,Acinetobacter sp. 826659,Bacteria; Pseudomonadati; Pseudomonadota; Gammaproteobacteria; Moraxellales; Moraxellaceae; Acinetobacter; Acinetobacter calcoaceticus/baumannii complex,0,4_404_TdnA1#0,core,0.992,1,1,0,0,hydrolase > dehydrogenase > hypothetical > other > [alpha] > beta > reductase > reductase > reductase
NZ_JHEH01000003.1:159575-160853:-1,WP_038062673.1,DL1_RS03775,,aromatic ring-hydroxylating dioxygenase subunit alpha,4_404_TdnA1,4,264.9,0.9238,9.8e-79,NZ_JHEH01000003.1,159575,160853,-1,Thioclava dalianensis,Bacteria; Pseudomonadati; Pseudomonadota; Alphaproteobacteria; Rhodobacterales; Paracoccaceae; Thioclava,0,4_404_TdnA1#0,core,0.8791,1,1,0,0,hydrolase > dehydrogenase > hypothetical > [alpha] > beta > reductase > reductase > reductase > regulator
NZ_JJMI01000045.1:44653-45958:-1,WP_036114556.1,DT73_RS20845,,Rieske 2Fe-2S domain-containing protein,4_404_TdnA1,4,307.6,0.9552,1.1e-91,NZ_JJMI01000045.1,44653,45958,-1,Mangrovibacter sp. MFB070,Bacteria; Pseudomonadati; Pseudomonadota; Gammaproteobacteria; Enterobacterales; Enterobacteriaceae; Mangrovibacter,0,4_404_TdnA1#15,core,0.7413,1,1,0,0,hydrolase > dehydrogenase > hypothetical > other > [alpha] > beta > reductase > reductase > reductase
NZ_JIAJ01000005.1:40761-42039:-1,WP_015402124.1,N904_RS0108740,,Rieske 2Fe-2S domain-containing protein,4_404_TdnA1,4,288.9,0.9439,4.8e-86,NZ_JIAJ01000005.1,40761,42039,-1,Corynebacterium halotolerans YIM 70093 = DSM 44683,Bacteria; Bacillati; Actinomycetota; Actinomycetes; Mycobacteriales; Corynebacteriaceae; Corynebacterium,0,4_404_TdnA1#7,core,0.9178,1,1,0,0,dehydrogenase > hypothetical > [alpha] > beta > reductase > reductase
NZ_JMNZ01000022.1:27977-29255:1,WP_002120952.1,J584_RS14310,,Rieske 2Fe-2S domain-containing protein,4_404_TdnA1,4,303.8,0.9507,1.5e-90,NZ_JMNZ01000022.1,27977,29255,1,Acinetobacter sp. 72431,Bacteria; Pseudomonadati; Pseudomonadota; Gammaproteobacteria; Moraxellales; Moraxellaceae; Acinetobacter; Acinetobacter calcoaceticus/baumannii complex,0,4_404_TdnA1#0,core,0.9892,1,1,0,0,hydrolase > dehydrogenase > hypothetical > other > [alpha] > beta > reductase > reductase > reductase
NZ_JJRY01000005.1:169387-170722:1,WP_035195020.1,M670_RS08395,,Rieske 2Fe-2S domain-containing protein,4_404_TdnA1,4,560.4,0.9641,2e-168,NZ_JJRY01000005.1,169387,170722,1,Schinkia azotoformans MEV2011,Bacteria; Bacillati; Bacillota; Bacilli; Bacillales; Bacillaceae; Calidifontibacillus/Schinkia group; Schinkia,0,4_404_TdnA1#16,divergent,0.4783,1,1,0,0,other > other > other > transporter > hypothetical > dehydrogenase > reductase > [alpha] > beta > other > hypothetical > other > reductase > other
NZ_JMOD01000045.1:14041-15319:1,WP_001084464.1,J596_RS17810,,Rieske 2Fe-2S domain-containing protein,4_404_TdnA1,4,302.2,0.9484,4.5e-90,NZ_JMOD01000045.1,14041,15319,1,Acinetobacter baumannii 21072,Bacteria; Pseudomonadati; Pseudomonadota; Gammaproteobacteria; Moraxellales; Moraxellaceae; Acinetobacter; Acinetobacter calcoaceticus/baumannii complex,0,4_404_TdnA1#0,core,0.9893,2,1,0,1,hydrolase > dehydrogenase > hypothetical > other > [alpha] > beta > reductase > reductase > reductase
NZ_JMNM01000002.1:25635-26913:1,WP_017400904.1,J577_RS01635,,Rieske 2Fe-2S domain-containing protein,4_404_TdnA1,4,305.2,0.9529,5.7e-91,NZ_JMNM01000002.1,25635,26913,1,Acinetobacter sp. 263903-1,Bacteria; Pseudomonadati; Pseudomonadota; Gammaproteobacteria; Moraxellales; Moraxellaceae; Acinetobacter; Acinetobacter calcoaceticus/baumannii complex,0,4_404_TdnA1#0,core,0.9227,1,1,0,0,hydrolase > dehydrogenase > hypothetical > other > [alpha] > beta > reductase > reductase > reductase > dehydrogenase
NZ_JMOA01000031.1:28625-29903:1,WP_001084464.1,J572_RS17295,,Rieske 2Fe-2S domain-containing protein,4_404_TdnA1,4,302.2,0.9484,4.5e-90,NZ_JMOA01000031.1,28625,29903,1,Acinetobacter baumannii 1499986,Bacteria; Pseudomonadati; Pseudomonadota; Gammaproteobacteria; Moraxellales; Moraxellaceae; Acinetobacter; Acinetobacter calcoaceticus/baumannii complex,0,4_404_TdnA1#0,core,0.9893,1,1,0,0,hydrolase > dehydrogenase > hypothetical > other > [alpha] > beta > reductase > reductase > reductase
NZ_JMIX01000003.1:259326-260637:-1,WP_034901793.1,EH32_RS01865,,Rieske 2Fe-2S domain-containing protein,4_404_TdnA1,4,184.9,0.6166,1.8e-54,NZ_JMIX01000003.1,259326,260637,-1,Erythrobacter litoralis,Bacteria; Pseudomonadati; Pseudomonadota; Alphaproteobacteria; Sphingomonadales; Erythrobacteraceae; Erythrobacter/Porphyrobacter group; Erythrobacter,0,4_404_TdnA1#36,novel_candidate,0.3856,1,1,0,0,[alpha] > beta > other > other > hydrolase > regulator
NZ_JMQN01000023.1:32867-34163:-1,WP_036186904.1,ADIMK_RS09525,,Rieske 2Fe-2S domain-containing protein,4_404_TdnA1,4,286.8,0.9305,2.2e-85,NZ_JMQN01000023.1,32867,34163,-1,Marinobacterium lacunae,Bacteria; Pseudomonadati; Pseudomonadota; Gammaproteobacteria; Oceanospirillales; Oceanospirillaceae; Marinobacterium,0,4_404_TdnA1#18,core,0.6208,1,1,0,0,dehydrogenase > hypothetical > other > [alpha] > beta > reductase > reductase > transporter > transporter > transporter > ring_cleavage > reductase > hydrolase
NZ_JNXA01000002.1:11362-12640:-1,WP_004572200.1,OO49_RS02805,,Rieske 2Fe-2S domain-containing protein,4_404_TdnA1,4,287.8,0.9439,1.1e-85,NZ_JNXA01000002.1,11362,12640,-1,Gordonia terrae,Bacteria; Bacillati; Actinomycetota; Actinomycetes; Mycobacteriales; Gordoniaceae; Gordonia,0,4_404_TdnA1#7,core,0.9524,1,1,0,0,dehydrogenase > hypothetical > [alpha] > beta > reductase > reductase
NZ_JOMM01000047.1:59395-60676:-1,WP_039903296.1,HC62_RS13435,,Rieske 2Fe-2S domain-containing protein,4_404_TdnA1,4,253.0,0.935,3.9e-75,NZ_JOMM01000047.1,59395,60676,-1,Acetobacter tropicalis,Bacteria; Pseudomonadati; Pseudomonadota; Alphaproteobacteria; Acetobacterales; Acetobacteraceae; Acetobacter,0,4_404_TdnA1#10,core,0.9973,1,1,0,0,dehydrogenase > [alpha] > beta > reductase > reductase > reductase > other > reductase > hydrolase > other > hypothetical
NZ_JOOZ01000029.1:19413-20694:-1,WP_039903296.1,HK16_RS06255,,Rieske 2Fe-2S domain-containing protein,4_404_TdnA1,4,253.0,0.935,3.9e-75,NZ_JOOZ01000029.1,19413,20694,-1,Acetobacter senegalensis,Bacteria; Pseudomonadati; Pseudomonadota; Alphaproteobacteria; Acetobacterales; Acetobacteraceae; Acetobacter,0,4_404_TdnA1#10,core,0.9973,1,1,0,0,dehydrogenase > [alpha] > beta > reductase > reductase > reductase > other > reductase > hydrolase > other > hypothetical
NZ_JPGM01000005.1:193610-194894:-1,WP_034197174.1,GQ57_RS04425,,Rieske 2Fe-2S domain-containing protein,4_404_TdnA1,4,283.3,0.9417,2.4e-84,NZ_JPGM01000005.1,193610,194894,-1,Burkholderia sp. MSh2,Bacteria; Pseudomonadati; Pseudomonadota; Betaproteobacteria; Burkholderiales; Burkholderiaceae; Burkholderia,0,4_404_TdnA1#1,core,0.9787,1,1,0,0,[alpha] > beta > other
NZ_JPHZ01000037.1:81084-82362:-1,WP_001084464.1,T630_RS17695,,Rieske 2Fe-2S domain-containing protein,4_404_TdnA1,4,302.2,0.9484,4.5e-90,NZ_JPHZ01000037.1,81084,82362,-1,Acinetobacter baumannii MRSN 3527,Bacteria; Pseudomonadati; Pseudomonadota; Gammaproteobacteria; Moraxellales; Moraxellaceae; Acinetobacter; Acinetobacter calcoaceticus/baumannii complex,0,4_404_TdnA1#0,core,0.9893,1,1,0,0,hydrolase > dehydrogenase > hypothetical > other > [alpha] > beta > reductase > reductase > reductase
NZ_JPQU01000100.1:133580-134864:-1,WP_032631763.1,IV01_RS01035,,Rieske 2Fe-2S domain-containing protein,4_404_TdnA1,4,302.0,0.9395,5.1e-90,NZ_JPQU01000100.1,133580,134864,-1,Pseudomonas syringae,Bacteria; Pseudomonadati; Pseudomonadota; Gammaproteobacteria; Pseudomonadales; Pseudomonadaceae; Pseudomonas,0,4_404_TdnA1#3,core,0.8556,1,1,0,0,hydrolase > dehydrogenase > hypothetical > other > [alpha] > beta > reductase > reductase > reductase
NZ_JQEI01000002.1:179786-181109:-1,WP_037396210.1,IV04_RS01115,,Rieske 2Fe-2S domain-containing protein,4_404_TdnA1,4,309.6,0.9664,2.7e-92,NZ_JQEI01000002.1,179786,181109,-1,Serratia sp. Ag1,Bacteria; Pseudomonadati; Pseudomonadota; Gammaproteobacteria; Enterobacterales; Yersiniaceae; Serratia,0,4_404_TdnA1#0,core,0.744,2,1,0,1,hydrolase > dehydrogenase > hypothetical > other > [alpha] > beta > reductase > reductase > reductase
NZ_JSBM01000012.1:58095-59379:1,WP_008346725.1,NV82_RS03600,,Rieske 2Fe-2S domain-containing protein,4_404_TdnA1,4,278.2,0.9395,8.8e-83,NZ_JSBM01000012.1,58095,59379,1,Caballeronia zhejiangensis,Bacteria; Pseudomonadati; Pseudomonadota; Betaproteobacteria; Burkholderiales; Burkholderiaceae; Caballeronia,0,4_404_TdnA1#1,core,0.8828,1,1,0,0,[alpha] > beta > other > other > hydrolase
NZ_JTAN02000003.1:56140-57424:-1,WP_044845359.1,PL79_RS04305,,Rieske 2Fe-2S domain-containing protein,4_404_TdnA1,4,284.0,0.9439,1.5e-84,NZ_JTAN02000003.1,56140,57424,-1,Burkholderia sp. USMB20,Bacteria; Pseudomonadati; Pseudomonadota; Betaproteobacteria; Burkholderiales; Burkholderiaceae; Burkholderia,0,4_404_TdnA1#1,core,0.9813,1,1,0,0,[alpha] > beta
NZ_JWHY01000001.1:255307-256582:-1,WP_041157363.1,RO22_RS01220,,Rieske 2Fe-2S domain-containing protein,4_404_TdnA1,4,277.1,0.9507,1.9e-82,NZ_JWHY01000001.1,255307,256582,-1,Halomonas sp. KHS3,Bacteria; Pseudomonadati; Pseudomonadota; Gammaproteobacteria; Oceanospirillales; Halomonadaceae; Halomonas,0,4_404_TdnA1#0,core,0.8016,1,1,0,0,transporter > transporter > transporter > hydrolase > dehydrogenase > hypothetical > [alpha] > beta > reductase > reductase > transporter > transporter > transporter > ring_cleavage > reductase > other > reductase > other
NZ_JUEH01000001.1:459182-460466:1,WP_024762262.1,QX33_RS02185,,aromatic ring-hydroxylating dioxygenase subunit alpha,4_404_TdnA1,4,293.0,0.9439,2.9e-87,NZ_JUEH01000001.1,459182,460466,1,Pseudomonas nitroreducens,Bacteria; Pseudomonadati; Pseudomonadota; Gammaproteobacteria; Pseudomonadales; Pseudomonadaceae; Pseudomonas,0,4_404_TdnA1#1,core,0.9344,1,1,0,0,dehydrogenase > hypothetical > other > hydrolase > [alpha] > beta > reductase
NZ_JXQQ01000119.1:165958-167278:-1,WP_042582500.1,RT97_RS29975,,aromatic ring-hydroxylating dioxygenase subunit alpha,4_404_TdnA1,4,199.8,0.9484,5.2e-59,NZ_JXQQ01000119.1,165958,167278,-1,Variovorax paradoxus,Bacteria; Pseudomonadati; Pseudomonadota; Betaproteobacteria; Burkholderiales; Comamonadaceae; Variovorax,0,4_404_TdnA1#8,core,0.9476,1,1,0,0,transporter > transporter > [alpha] > beta > transporter > transporter > transporter > transporter > other > reductase > regulator > hydrolase
NZ_JYMT01000006.1:64773-66033:-1,WP_044536965.1,UP09_RS05075,,Rieske 2Fe-2S domain-containing protein,4_404_TdnA1,4,279.0,0.9417,5.2e-83,NZ_JYMT01000006.1,64773,66033,-1,Bradyrhizobium sp. LTSP885,Bacteria; Pseudomonadati; Pseudomonadota; Alphaproteobacteria; Hyphomicrobiales; Nitrobacteraceae; Bradyrhizobium,0,4_404_TdnA1#14,core,0.6203,1,1,0,0,other > other > hypothetical > [alpha] > beta > other > reductase > hydrolase > dehydrogenase > other
NZ_JYMU01000098.1:55349-56609:-1,WP_044592811.1,UP10_RS40880,,Rieske 2Fe-2S domain-containing protein,4_404_TdnA1,4,279.1,0.9417,4.6e-83,NZ_JYMU01000098.1,55349,56609,-1,Bradyrhizobium sp. LTSPM299,Bacteria; Pseudomonadati; Pseudomonadota; Alphaproteobacteria; Hyphomicrobiales; Nitrobacteraceae; Bradyrhizobium,0,4_404_TdnA1#14,core,0.623,1,1,0,0,other > other > hypothetical > [alpha] > beta > other > reductase > hydrolase > dehydrogenase > other
NZ_JZDQ02000002.1:43773-45072:-1,WP_045547458.1,UG56_RS01535,,Rieske 2Fe-2S domain-containing protein,4_404_TdnA1,4,299.4,0.9327,3.3e-89,NZ_JZDQ02000002.1,43773,45072,-1,Nocardioides luteus,Bacteria; Bacillati; Actinomycetota; Actinomycetes; Propionibacteriales; Nocardioidaceae; Nocardioides,0,4_404_TdnA1#9,core,0.8827,1,1,0,0,dehydrogenase > hypothetical > [alpha] > beta > reductase > reductase
NZ_JZWI01000016.1:13462-14788:-1,WP_047785239.1,VPARA_RS15890,,aromatic ring-hydroxylating dioxygenase subunit alpha,4_404_TdnA1,4,200.2,0.9439,3.9e-59,NZ_JZWI01000016.1,13462,14788,-1,Variovorax paradoxus,Bacteria; Pseudomonadati; Pseudomonadota; Betaproteobacteria; Burkholderiales; Comamonadaceae; Variovorax,0,4_404_TdnA1#8,core,0.9201,1,1,0,0,transporter > [alpha] > beta > transporter > transporter > other > transporter > other > reductase > reductase > regulator > hydrolase
NZ_JZWI01000016.1:23637-24951:-1,WP_047785247.1,VPARA_RS15935,,aromatic ring-hydroxylating dioxygenase subunit alpha,4_404_TdnA1,4,202.0,0.8117,1.2e-59,NZ_JZWI01000016.1,23637,24951,-1,Variovorax paradoxus,Bacteria; Pseudomonadati; Pseudomonadota; Betaproteobacteria; Burkholderiales; Comamonadaceae; Variovorax,0,4_404_TdnA1#13,divergent,0.5473,1,1,0,0,ferredoxin > reductase > reductase > [alpha] > beta > other > other > reductase > other > reductase > transporter
NZ_KB849574.1:218129-219407:-1,WP_004890242.1,F955_RS01245,,Rieske 2Fe-2S domain-containing protein,4_404_TdnA1,4,307.7,0.9507,9.9e-92,NZ_KB849574.1,218129,219407,-1,Acinetobacter schindleri CIP 107287,Bacteria; Pseudomonadati; Pseudomonadota; Gammaproteobacteria; Moraxellales; Moraxellaceae; Acinetobacter,0,4_404_TdnA1#0,core,0.8617,1,1,0,0,hydrolase > dehydrogenase > hypothetical > other > [alpha] > beta > reductase > reductase > reductase
NZ_KB849542.1:494468-495746:-1,WP_004861749.1,F960_RS07790,,Rieske 2Fe-2S domain-containing protein,4_404_TdnA1,4,303.7,0.9529,1.6e-90,NZ_KB849542.1,494468,495746,-1,Acinetobacter gerneri DSM 14967 = CIP 107464 = MTCC 9824,Bacteria; Pseudomonadati; Pseudomonadota; Gammaproteobacteria; Moraxellales; Moraxellaceae; Acinetobacter,0,4_404_TdnA1#0,core,0.9301,1,1,0,0,hydrolase > dehydrogenase > other > [alpha] > beta > reductase
NZ_KB849999.1:641821-643099:-1,WP_005150825.1,F909_RS09930,,Rieske 2Fe-2S domain-containing protein,4_404_TdnA1,4,300.8,0.9529,1.3e-89,NZ_KB849999.1,641821,643099,-1,Acinetobacter sp. ANC 3929,Bacteria; Pseudomonadati; Pseudomonadota; Gammaproteobacteria; Moraxellales; Moraxellaceae; Acinetobacter,0,4_404_TdnA1#0,core,0.9404,1,1,0,0,hydrolase > dehydrogenase > other > [alpha] > beta > reductase > reductase > reductase
NZ_KE007365.1:191057-192335:-1,WP_016166450.1,I593_RS04835,,Rieske 2Fe-2S domain-containing protein,4_404_TdnA1,4,303.8,0.9417,1.5e-90,NZ_KE007365.1,191057,192335,-1,Acinetobacter tandoii DSM 14970 = CIP 107469,Bacteria; Pseudomonadati; Pseudomonadota; Gammaproteobacteria; Moraxellales; Moraxellaceae; Acinetobacter,0,4_404_TdnA1#15,core,0.9268,1,1,0,0,hydrolase > dehydrogenase > hypothetical > other > [alpha] > beta > reductase > reductase > reductase
NZ_KE340348.1:603161-604439:-1,WP_016655009.1,F945_RS02840,,Rieske 2Fe-2S domain-containing protein,4_404_TdnA1,4,304.6,0.9552,8.8e-91,NZ_KE340348.1,603161,604439,-1,Acinetobacter rudis CIP 110305,Bacteria; Pseudomonadati; Pseudomonadota; Gammaproteobacteria; Moraxellales; Moraxellaceae; Acinetobacter,0,4_404_TdnA1#0,core,0.8898,2,1,0,1,hydrolase > other > [alpha] > beta > reductase > transporter > transporter
NZ_KI629803.1:203193-204540:-1,WP_035754015.1,MR48_RS14295,,Rieske 2Fe-2S domain-containing protein,4_404_TdnA1,4,525.6,0.9507,7.7e-158,NZ_KI629803.1,203193,204540,-1,Gordonia alkanivorans CGMCC 6845,Bacteria; Bacillati; Actinomycetota; Actinomycetes; Mycobacteriales; Gordoniaceae; Gordonia,0,4_404_TdnA1#16,divergent,0.4857,3,1,1,1,[alpha] > beta > hypothetical > other > other > ferredoxin > reductase
NZ_KQ130438.1:27767-29024:-1,WP_066609092.1,V473_RS20080,,aromatic ring-hydroxylating dioxygenase subunit alpha,4_404_TdnA1,4,290.2,0.9417,2e-86,NZ_KQ130438.1,27767,29024,-1,Sphingobium cupriresistens LL01,Bacteria; Pseudomonadati; Pseudomonadota; Alphaproteobacteria; Sphingomonadales; Sphingomonadaceae; Sphingobium,0,4_404_TdnA1#0,core,0.6862,1,1,0,0,hydrolase > dehydrogenase > hypothetical > other > [alpha] > beta > reductase > reductase > other
NZ_KQ410715.1:12174-13518:1,WP_006217234.1,AKG08_RS25220,,aromatic ring-hydroxylating dioxygenase subunit alpha,4_404_TdnA1,4,216.2,0.9507,5.7e-64,NZ_KQ410715.1,12174,13518,1,Achromobacter piechaudii,Bacteria; Pseudomonadati; Pseudomonadota; Betaproteobacteria; Burkholderiales; Alcaligenaceae; Achromobacter,0,4_404_TdnA1#2,core,0.8615,1,1,0,0,transporter > hydrolase > [alpha] > beta > hydrolase > reductase
NZ_KQ948672.1:31236-32517:-1,WP_059210186.1,AQJ46_RS39660,,Rieske 2Fe-2S domain-containing protein,4_404_TdnA1,4,266.2,0.9596,3.8e-79,NZ_KQ948672.1,31236,32517,-1,Streptomyces canus,Bacteria; Bacillati; Actinomycetota; Actinomycetes; Kitasatosporales; Streptomycetaceae; Streptomyces; Streptomyces aurantiacus group,0,4_404_TdnA1#17,core,0.7807,1,1,0,0,other > reductase > other > other > other > other > other > [alpha] > beta > hypothetical > hydrolase > other > other > other > other > dehydrogenase > reductase > reductase
NZ_KQ948683.1:71933-73211:-1,WP_059211619.1,AQJ46_RS47755,,Rieske 2Fe-2S domain-containing protein,4_404_TdnA1,4,268.1,0.9552,1e-79,NZ_KQ948683.1,71933,73211,-1,Streptomyces canus,Bacteria; Bacillati; Actinomycetota; Actinomycetes; Kitasatosporales; Streptomycetaceae; Streptomyces; Streptomyces aurantiacus group,0,4_404_TdnA1#17,core,0.8037,1,1,0,0,[alpha] > beta > hypothetical > hydrolase > other > other > other > other > dehydrogenase > reductase > reductase
NZ_KQ954290.1:98088-99366:-1,WP_067746065.1,AQZ50_RS09990,,aromatic ring-hydroxylating dioxygenase subunit alpha,4_404_TdnA1,4,284.4,0.9507,1.2e-84,NZ_KQ954290.1,98088,99366,-1,Novosphingobium sp. Fuku2-ISO-50,Bacteria; Pseudomonadati; Pseudomonadota; Alphaproteobacteria; Sphingomonadales; Sphingomonadaceae; Novosphingobium,0,4_404_TdnA1#22,core,0.6403,1,1,0,0,hydrolase > [alpha] > beta > dehydrogenase
NZ_KV814299.1:11740-13054:1,WP_070780933.1,HMPREF2939_RS08110,,aromatic ring-hydroxylating dioxygenase subunit alpha,4_404_TdnA1,4,198.8,0.8072,1.1e-58,NZ_KV814299.1,11740,13054,1,Achromobacter xylosoxidans,Bacteria; Pseudomonadati; Pseudomonadota; Betaproteobacteria; Burkholderiales; Alcaligenaceae; Achromobacter,0,4_404_TdnA1#5,core,1.0,2,1,0,1,ferredoxin > reductase > reductase > [alpha] > beta > other > other > reductase > other > reductase
NZ_KV838507.1:32674-33958:1,WP_043272668.1,HMPREF3289_RS26070,,aromatic ring-hydroxylating dioxygenase subunit alpha,4_404_TdnA1,4,289.6,0.9372,3e-86,NZ_KV838507.1,32674,33958,1,Pseudomonas sp. HMSC75E02,Bacteria; Pseudomonadati; Pseudomonadota; Gammaproteobacteria; Pseudomonadales; Pseudomonadaceae; Pseudomonas,0,4_404_TdnA1#1,core,0.9058,1,1,0,0,dehydrogenase > hypothetical > other > hydrolase > [alpha] > beta > reductase > reductase
NZ_LACC01000007.1:55483-56815:-1,WP_046038147.1,VC35_RS04870,,aromatic ring-hydroxylating dioxygenase subunit alpha,4_404_TdnA1,4,215.2,0.9462,1.1e-63,NZ_LACC01000007.1,55483,56815,-1,Pseudomonas fluorescens,Bacteria; Pseudomonadati; Pseudomonadota; Gammaproteobacteria; Pseudomonadales; Pseudomonadaceae; Pseudomonas,0,4_404_TdnA1#2,core,0.8568,2,1,0,1,alpha_other > beta > reductase > transporter > transporter > transporter > transporter > transporter > hydrolase > reductase > [alpha] > beta > hydrolase > reductase > hydrolase
NZ_KZ454889.1:20980-22270:-1,WP_072841382.1,TY87_RS17495,,Rieske 2Fe-2S domain-containing protein,4_404_TdnA1,4,289.5,0.9529,3.4e-86,NZ_KZ454889.1,20980,22270,-1,Marinomonas sp. BSi20584,Bacteria; Pseudomonadati; Pseudomonadota; Gammaproteobacteria; Oceanospirillales; Oceanospirillaceae; Marinomonas,0,4_404_TdnA1#18,core,0.621,1,1,0,0,dehydrogenase > other > other > [alpha] > beta > reductase > reductase > reductase > other > hydrolase
NZ_LABX01000202.1:6097-7363:-1,WP_048466385.1,VP06_RS24330,,Rieske 2Fe-2S domain-containing protein,4_404_TdnA1,4,291.9,0.9372,6.1e-87,NZ_LABX01000202.1,6097,7363,-1,Methylobacterium aquaticum,Bacteria; Pseudomonadati; Pseudomonadota; Alphaproteobacteria; Hyphomicrobiales; Methylobacteriaceae; Methylobacterium,0,4_404_TdnA1#32,core,0.6807,1,1,0,0,transporter > transporter > transporter > transporter > [alpha] > beta > reductase > other > hypothetical > hypothetical > reductase
NZ_LACC01000014.1:49362-50646:1,WP_046040359.1,VC35_RS12405,,Rieske 2Fe-2S domain-containing protein,4_404_TdnA1,4,289.4,0.9462,3.4e-86,NZ_LACC01000014.1,49362,50646,1,Pseudomonas fluorescens,Bacteria; Pseudomonadati; Pseudomonadota; Gammaproteobacteria; Pseudomonadales; Pseudomonadaceae; Pseudomonas,0,4_404_TdnA1#1,core,0.9843,1,1,0,0,dehydrogenase > hypothetical > other > hydrolase > [alpha] > beta > reductase
NZ_LAEL01000005.1:639004-640294:1,WP_045585170.1,VY88_RS27420,,aromatic ring-hydroxylating dioxygenase subunit alpha,4_404_TdnA1,4,311.2,0.9507,8.4e-93,NZ_LAEL01000005.1,639004,640294,1,Azospirillum thiophilum,Bacteria; Pseudomonadati; Pseudomonadota; Alphaproteobacteria; Rhodospirillales; Azospirillaceae; Azospirillum,0,4_404_TdnA1#0,core,0.7984,0,0,0,0,hydrolase > dehydrogenase > other > other > [alpha]
NZ_LARW01000087.1:3202-4537:1,WP_046193895.1,WP12_RS11660,,Rieske 2Fe-2S domain-containing protein,4_404_TdnA1,4,864.1,0.9865,1.5e-260,NZ_LARW01000087.1,3202,4537,1,Sphingomonas sp. SRS2,Bacteria; Pseudomonadati; Pseudomonadota; Alphaproteobacteria; Sphingomonadales; Sphingomonadaceae; Sphingomonas,0,4_404_TdnA1#4,core,0.6819,2,1,0,1,other > other > [alpha] > beta > reductase
NZ_LAQU01000009.1:53729-55016:1,WP_236693473.1,WM40_RS10800,,aromatic ring-hydroxylating dioxygenase subunit alpha,4_404_TdnA1,4,273.5,0.9238,2.3e-81,NZ_LAQU01000009.1,53729,55016,1,Robbsia andropogonis,Bacteria; Pseudomonadati; Pseudomonadota; Betaproteobacteria; Burkholderiales; Burkholderiaceae; Robbsia,0,4_404_TdnA1#1,core,0.8128,1,1,0,0,reductase > [alpha] > beta > other > hydrolase
NZ_LAUZ02000006.1:84623-85904:1,WP_046361460.1,WN67_RS04240,,Rieske 2Fe-2S domain-containing protein,4_404_TdnA1,4,266.6,0.9529,2.9e-79,NZ_LAUZ02000006.1,84623,85904,1,Mycolicibacterium obuense,Bacteria; Bacillati; Actinomycetota; Actinomycetes; Mycobacteriales; Mycobacteriaceae; Mycolicibacterium,0,4_404_TdnA1#6,core,0.9013,1,1,0,0,reductase > other > other > other > [alpha] > beta > hypothetical > other > other > other
NZ_LBHW02000005.1:27983-29303:-1,WP_046803509.1,YH64_RS05820,,aromatic ring-hydroxylating dioxygenase subunit alpha,4_404_TdnA1,4,200.9,0.8094,2.4e-59,NZ_LBHW02000005.1,27983,29303,-1,Achromobacter sp. LC458,Bacteria; Pseudomonadati; Pseudomonadota; Betaproteobacteria; Burkholderiales; Alcaligenaceae; Achromobacter,0,4_404_TdnA1#5,core,0.9513,2,1,0,1,ferredoxin > reductase > reductase > [alpha] > beta > other > other > reductase > other > reductase
NZ_LBHW02000032.1:58802-60146:-1,WP_046806563.1,YH64_RS22440,,aromatic ring-hydroxylating dioxygenase subunit alpha,4_404_TdnA1,4,217.9,0.9484,1.8e-64,NZ_LBHW02000032.1,58802,60146,-1,Achromobacter sp. LC458,Bacteria; Pseudomonadati; Pseudomonadota; Betaproteobacteria; Burkholderiales; Alcaligenaceae; Achromobacter,0,4_404_TdnA1#2,core,0.8619,1,1,0,0,transporter > hydrolase > [alpha] > beta > hydrolase > reductase
NZ_LBHY02000037.1:10690-11968:-1,WP_029424780.1,YA64_RS14260,,Rieske 2Fe-2S domain-containing protein,4_404_TdnA1,4,303.1,0.9507,2.4e-90,NZ_LBHY02000037.1,10690,11968,-1,Acinetobacter pittii,Bacteria; Pseudomonadati; Pseudomonadota; Gammaproteobacteria; Moraxellales; Moraxellaceae; Acinetobacter; Acinetobacter calcoaceticus/baumannii complex,0,4_404_TdnA1#0,core,0.9893,2,1,0,1,hydrolase > dehydrogenase > hypothetical > other > [alpha] > beta > reductase > reductase > reductase
NZ_LBIC01000010.1:114043-115378:-1,WP_046765454.1,YP76_RS20460,,Rieske 2Fe-2S domain-containing protein,4_404_TdnA1,4,856.8,0.9865,2.6e-258,NZ_LBIC01000010.1,114043,115378,-1,Sphingobium chungbukense,Bacteria; Pseudomonadati; Pseudomonadota; Alphaproteobacteria; Sphingomonadales; Sphingomonadaceae; Sphingobium,0,4_404_TdnA1#4,core,0.6935,2,1,0,1,other > ring_cleavage > other > other > other > [alpha] > beta > reductase > transporter
NZ_LDSL01000096.1:64367-65693:1,WP_058642823.1,NS331_RS15250,,aromatic ring-hydroxylating dioxygenase subunit alpha,4_404_TdnA1,4,175.2,0.9305,1.6e-51,NZ_LDSL01000096.1,64367,65693,1,Pseudacidovorax intermedius,Bacteria; Pseudomonadati; Pseudomonadota; Betaproteobacteria; Burkholderiales; Comamonadaceae; Pseudacidovorax,0,4_404_TdnA1#8,core,0.6314,1,1,0,0,[alpha] > beta > other
NZ_LDSL01000043.1:42341-43658:1,WP_058641208.1,NS331_RS06570,,Rieske 2Fe-2S domain-containing protein,4_404_TdnA1,4,183.8,0.9462,3.9e-54,NZ_LDSL01000043.1,42341,43658,1,Pseudacidovorax intermedius,Bacteria; Pseudomonadati; Pseudomonadota; Betaproteobacteria; Burkholderiales; Comamonadaceae; Pseudacidovorax,0,4_404_TdnA1#8,core,0.7822,1,1,0,0,transporter > [alpha] > beta > transporter > transporter > transporter > transporter > other > reductase > regulator > hydrolase
NZ_LDWD01000114.1:1085-2363:1,WP_048765014.1,ABW55_RS15590,,Rieske 2Fe-2S domain-containing protein,4_404_TdnA1,4,303.4,0.9462,1.9e-90,NZ_LDWD01000114.1,1085,2363,1,Acinetobacter sp. C15,Bacteria; Pseudomonadati; Pseudomonadota; Gammaproteobacteria; Moraxellales; Moraxellaceae; Acinetobacter,0,4_404_TdnA1#0,core,0.9032,2,1,0,1,dehydrogenase > hypothetical > other > [alpha] > beta > reductase > reductase > reductase
NZ_LDWR01000019.1:22329-23613:1,WP_048245726.1,VL15_RS11995,,Rieske 2Fe-2S domain-containing protein,4_404_TdnA1,4,288.4,0.9439,6.8e-86,NZ_LDWR01000019.1,22329,23613,1,Burkholderia cepacia,Bacteria; Pseudomonadati; Pseudomonadota; Betaproteobacteria; Burkholderiales; Burkholderiaceae; Burkholderia; Burkholderia cepacia complex,0,4_404_TdnA1#1,core,0.9789,1,1,0,0,[alpha] > beta > other
NZ_LFZS01000023.1:28620-29898:1,WP_077170140.1,AC058_RS18490,,Rieske 2Fe-2S domain-containing protein,4_404_TdnA1,4,304.3,0.9507,1e-90,NZ_LFZS01000023.1,28620,29898,1,Acinetobacter genomosp. 33YU,Bacteria; Pseudomonadati; Pseudomonadota; Gammaproteobacteria; Moraxellales; Moraxellaceae; Acinetobacter,0,4_404_TdnA1#0,core,0.9631,1,1,0,0,hydrolase > dehydrogenase > other > other > [alpha] > beta > reductase > reductase > reductase
NZ_LGHK01000057.1:9687-11028:1,WP_074127407.1,AC628_RS14065,,aromatic ring-hydroxylating dioxygenase subunit alpha,4_404_TdnA1,4,202.2,0.7937,1e-59,NZ_LGHK01000057.1,9687,11028,1,Bradyrhizobium sp. NAS96.2,Bacteria; Pseudomonadati; Pseudomonadota; Alphaproteobacteria; Hyphomicrobiales; Nitrobacteraceae; Bradyrhizobium,0,4_404_TdnA1#20,core,0.6312,1,1,0,0,reductase > [alpha] > beta > other > reductase
NZ_LGHK01000023.1:43467-44727:-1,WP_074125880.1,AC628_RS06370,,Rieske 2Fe-2S domain-containing protein,4_404_TdnA1,4,279.7,0.9372,3.1e-83,NZ_LGHK01000023.1,43467,44727,-1,Bradyrhizobium sp. NAS96.2,Bacteria; Pseudomonadati; Pseudomonadota; Alphaproteobacteria; Hyphomicrobiales; Nitrobacteraceae; Bradyrhizobium,0,4_404_TdnA1#14,core,0.6257,1,1,0,0,[alpha] > beta > other > reductase > hydrolase > dehydrogenase
NZ_LGHM01000048.1:15595-16855:-1,WP_074118681.1,AC630_RS11655,,Rieske 2Fe-2S domain-containing protein,4_404_TdnA1,4,280.7,0.9439,1.5e-83,NZ_LGHM01000048.1,15595,16855,-1,Bradyrhizobium sp. AS23.2,Bacteria; Pseudomonadati; Pseudomonadota; Alphaproteobacteria; Hyphomicrobiales; Nitrobacteraceae; Bradyrhizobium,0,4_404_TdnA1#14,core,0.6213,1,1,0,0,[alpha] > beta > other > reductase > hydrolase > dehydrogenase > other
NZ_LGRC01000022.1:451651-452935:-1,WP_053569240.1,ACU09_RS17400,,Rieske 2Fe-2S domain-containing protein,4_404_TdnA1,4,283.6,0.9417,2e-84,NZ_LGRC01000022.1,451651,452935,-1,Caballeronia cordobensis,Bacteria; Pseudomonadati; Pseudomonadota; Betaproteobacteria; Burkholderiales; Burkholderiaceae; Caballeronia,0,4_404_TdnA1#1,core,0.9093,1,1,0,0,[alpha] > beta
NZ_LGRC01000005.1:117562-118846:1,WP_053568215.1,ACU09_RS08965,,Rieske 2Fe-2S domain-containing protein,4_404_TdnA1,4,281.8,0.9417,7.1e-84,NZ_LGRC01000005.1,117562,118846,1,Caballeronia cordobensis,Bacteria; Pseudomonadati; Pseudomonadota; Betaproteobacteria; Burkholderiales; Burkholderiaceae; Caballeronia,0,4_404_TdnA1#1,core,0.9049,1,1,0,0,[alpha] > beta > other > other > hydrolase
NZ_LGTW01000010.1:53587-54817:1,WP_067850675.1,AFM11_RS16555,,aromatic ring-hydroxylating dioxygenase subunit alpha,4_404_TdnA1,4,279.4,0.7646,3.8e-83,NZ_LGTW01000010.1,53587,54817,1,Mycolicibacterium wolinskyi,Bacteria; Bacillati; Actinomycetota; Actinomycetes; Mycobacteriales; Mycobacteriaceae; Mycolicibacterium,0,4_404_TdnA1#26,novel_candidate,0.3763,2,1,0,1,dehydrogenase > [alpha] > beta > hypothetical > other > reductase
NZ_LGUR01000209.1:22930-24196:1,WP_048584073.1,ADK36_RS26700,,aromatic ring-hydroxylating dioxygenase subunit alpha,4_404_TdnA1,4,298.4,0.9417,6.5e-89,NZ_LGUR01000209.1,22930,24196,1,Streptomyces viridochromogenes,Bacteria; Bacillati; Actinomycetota; Actinomycetes; Kitasatosporales; Streptomycetaceae; Streptomyces,0,4_404_TdnA1#1,core,0.7435,1,1,0,0,other > hypothetical > other > other > dehydrogenase > hypothetical > [alpha] > beta > reductase > reductase > reductase > hydrolase > other
NZ_LHZY01000022.1:15008-16289:1,WP_062142263.1,AD952_RS08545,,Rieske 2Fe-2S domain-containing protein,4_404_TdnA1,4,267.9,0.9417,1.1e-79,NZ_LHZY01000022.1,15008,16289,1,Acetobacter cerevisiae,Bacteria; Pseudomonadati; Pseudomonadota; Alphaproteobacteria; Acetobacterales; Acetobacteraceae; Acetobacter,0,4_404_TdnA1#10,core,0.8338,1,1,0,0,dehydrogenase > [alpha] > beta > reductase
NZ_LHPC01000017.1:247756-249040:-1,WP_059402788.1,AEQ67_RS05030,,Rieske 2Fe-2S domain-containing protein,4_404_TdnA1,4,290.6,0.9462,1.6e-86,NZ_LHPC01000017.1,247756,249040,-1,Pseudomonas sp. RIT-PI-q,Bacteria; Pseudomonadati; Pseudomonadota; Gammaproteobacteria; Pseudomonadales; Pseudomonadaceae; Pseudomonas,0,4_404_TdnA1#1,core,0.9766,1,1,0,0,dehydrogenase > hypothetical > other > hydrolase > [alpha] > beta > reductase
NZ_LHZQ01000140.1:1928-3209:-1,WP_045541312.1,AD944_RS01805,,Rieske 2Fe-2S domain-containing protein,4_404_TdnA1,4,254.2,0.935,1.6e-75,NZ_LHZQ01000140.1,1928,3209,-1,Acetobacter tropicalis,Bacteria; Pseudomonadati; Pseudomonadota; Alphaproteobacteria; Acetobacterales; Acetobacteraceae; Acetobacter,0,4_404_TdnA1#10,core,0.9475,1,1,0,0,[alpha] > beta > reductase > reductase
NZ_LHZQ01000176.1:15632-16913:1,WP_045541306.1,AD944_RS04160,,Rieske 2Fe-2S domain-containing protein,4_404_TdnA1,4,252.9,0.935,4e-75,NZ_LHZQ01000176.1,15632,16913,1,Acetobacter tropicalis,Bacteria; Pseudomonadati; Pseudomonadota; Alphaproteobacteria; Acetobacterales; Acetobacteraceae; Acetobacter,0,4_404_TdnA1#10,core,0.9973,1,1,0,0,dehydrogenase > [alpha] > beta > reductase > reductase > reductase > other > reductase
NZ_LHZR01000110.1:17088-18354:1,WP_062108795.1,AD945_RS10870,,Rieske 2Fe-2S domain-containing protein,4_404_TdnA1,4,258.9,0.9327,6.1e-77,NZ_LHZR01000110.1,17088,18354,1,Gluconobacter albidus,Bacteria; Pseudomonadati; Pseudomonadota; Alphaproteobacteria; Acetobacterales; Acetobacteraceae; Gluconobacter,0,4_404_TdnA1#10,core,0.8688,1,1,0,0,other > dehydrogenase > [alpha] > beta > reductase > reductase > reductase > other > reductase > hydrolase > other > hypothetical
NZ_LJIC01000137.1:43821-45030:-1,WP_245290689.1,IP86_RS20780,,Rieske 2Fe-2S domain-containing protein,4_404_TdnA1,4,256.4,0.917,3.5e-76,NZ_LJIC01000137.1,43821,45030,-1,Rhodopseudomonas sp. AAP120,Bacteria; Pseudomonadati; Pseudomonadota; Alphaproteobacteria; Hyphomicrobiales; Nitrobacteraceae; Rhodopseudomonas,0,4_404_TdnA1#38,core,0.568,1,1,0,0,[alpha] > beta
NZ_LJIC01000154.1:13108-14380:1,WP_054164599.1,IP86_RS22150,,aromatic ring-hydroxylating dioxygenase subunit alpha,4_404_TdnA1,4,289.8,0.9439,2.7e-86,NZ_LJIC01000154.1,13108,14380,1,Rhodopseudomonas sp. AAP120,Bacteria; Pseudomonadati; Pseudomonadota; Alphaproteobacteria; Hyphomicrobiales; Nitrobacteraceae; Rhodopseudomonas,0,4_404_TdnA1#32,core,0.7077,1,1,0,0,dehydrogenase > [alpha] > beta > reductase > reductase > other > hypothetical > hypothetical
NZ_LJPA01000015.1:90069-91245:-1,WP_173667297.1,UK82_RS15515,,SRPBCC family protein,4_404_TdnA1,4,86.1,0.4776,1.6e-24,NZ_LJPA01000015.1,90069,91245,-1,Frankia sp. ACN1ag,Bacteria; Bacillati; Actinomycetota; Actinomycetes; Frankiales; Frankiaceae; Frankia,0,4_404_TdnA1#35,novel_candidate,0.2791,0,0,0,0,[alpha]
NZ_LJXB01000081.1:91751-93035:1,WP_057398512.1,AN403_RS16410,,Rieske 2Fe-2S domain-containing protein,4_404_TdnA1,4,289.9,0.9462,2.5e-86,NZ_LJXB01000081.1,91751,93035,1,Pseudomonas fluorescens,Bacteria; Pseudomonadati; Pseudomonadota; Gammaproteobacteria; Pseudomonadales; Pseudomonadaceae; Pseudomonas,0,4_404_TdnA1#1,core,0.9816,1,1,0,0,dehydrogenase > hypothetical > other > hydrolase > [alpha] > beta > reductase > reductase
NZ_LJRY01000209.1:285966-287241:-1,WP_065930114.1,AOA59_RS23455,,Rieske 2Fe-2S domain-containing protein,4_404_TdnA1,4,301.4,0.9327,8.1e-90,NZ_LJRY01000209.1,285966,287241,-1,Pseudomonas sp. 2822-15,Bacteria; Pseudomonadati; Pseudomonadota; Gammaproteobacteria; Pseudomonadales; Pseudomonadaceae; Pseudomonas,0,4_404_TdnA1#3,core,0.8316,1,1,0,0,other > other > [alpha] > beta > reductase > reductase > reductase
NZ_LJYW01000002.1:10325-11639:1,WP_054362345.1,ABB55_RS27860,,aromatic ring-hydroxylating dioxygenase subunit alpha,4_404_TdnA1,4,213.1,0.8049,5.1e-63,NZ_LJYW01000002.1,10325,11639,1,Prosthecomicrobium hirschii,Bacteria; Pseudomonadati; Pseudomonadota; Alphaproteobacteria; Hyphomicrobiales; Kaistiaceae; Prosthecomicrobium,0,4_404_TdnA1#5,core,0.7321,1,1,0,0,[alpha] > beta
NZ_LKBY01000090.1:63997-65284:-1,WP_076961384.1,AO268_RS09495,,Rieske 2Fe-2S domain-containing protein,4_404_TdnA1,4,297.4,0.935,1.3e-88,NZ_LKBY01000090.1,63997,65284,-1,Pseudomonas sp. ICMP 8385,Bacteria; Pseudomonadati; Pseudomonadota; Gammaproteobacteria; Pseudomonadales; Pseudomonadaceae; Pseudomonas,0,4_404_TdnA1#3,core,0.7893,1,1,0,0,hydrolase > dehydrogenase > other > other > [alpha] > beta > reductase > reductase > reductase
NZ_LLEZ01000125.1:47409-48687:1,WP_055415837.1,APD01_RS16465,,Rieske 2Fe-2S domain-containing protein,4_404_TdnA1,4,304.7,0.9462,7.9e-91,NZ_LLEZ01000125.1,47409,48687,1,Acinetobacter soli,Bacteria; Pseudomonadati; Pseudomonadota; Gammaproteobacteria; Moraxellales; Moraxellaceae; Acinetobacter,0,4_404_TdnA1#0,core,0.9032,2,1,0,1,hydrolase > dehydrogenase > hypothetical > other > [alpha] > beta > reductase > reductase > reductase
NZ_LLJE01000088.1:31881-33159:1,WP_057053768.1,APC57_RS16865,,Rieske 2Fe-2S domain-containing protein,4_404_TdnA1,4,302.8,0.9484,3e-90,NZ_LLJE01000088.1,31881,33159,1,Acinetobacter baumannii,Bacteria; Pseudomonadati; Pseudomonadota; Gammaproteobacteria; Moraxellales; Moraxellaceae; Acinetobacter; Acinetobacter calcoaceticus/baumannii complex,0,4_404_TdnA1#0,core,0.9866,1,1,0,0,hydrolase > dehydrogenase > hypothetical > other > [alpha] > beta > reductase > reductase > reductase
NZ_LLWQ01000189.1:29193-30468:1,WP_058098556.1,AQY21_RS15670,,aromatic ring-hydroxylating dioxygenase subunit alpha,4_404_TdnA1,4,265.8,0.926,5e-79,NZ_LLWQ01000189.1,29193,30468,1,Paracoccus sp. MKU1,Bacteria; Pseudomonadati; Pseudomonadota; Alphaproteobacteria; Rhodobacterales; Paracoccaceae; Paracoccus,0,4_404_TdnA1#0,core,0.8597,1,1,0,0,[alpha] > beta > reductase > reductase > reductase
NZ_LLXZ01000064.1:134400-135660:-1,WP_057835302.1,CQ12_RS10900,,Rieske 2Fe-2S domain-containing protein,4_404_TdnA1,4,280.6,0.9462,1.6e-83,NZ_LLXZ01000064.1,134400,135660,-1,Bradyrhizobium jicamae,Bacteria; Pseudomonadati; Pseudomonadota; Alphaproteobacteria; Hyphomicrobiales; Nitrobacteraceae; Bradyrhizobium,0,4_404_TdnA1#14,core,0.6176,1,1,0,0,[alpha] > beta > other > reductase > hydrolase > dehydrogenase
NZ_LMCQ01000008.1:133348-134674:-1,WP_055799475.1,ASC78_RS08870,,aromatic ring-hydroxylating dioxygenase subunit alpha,4_404_TdnA1,4,197.0,0.9439,3.7e-58,NZ_LMCQ01000008.1,133348,134674,-1,Variovorax sp. Root318D1,Bacteria; Pseudomonadati; Pseudomonadota; Betaproteobacteria; Burkholderiales; Comamonadaceae; Variovorax,0,4_404_TdnA1#8,core,0.9399,1,1,0,0,reductase > alpha_other > beta > other > other > reductase > other > reductase > transporter > transporter > [alpha] > beta > transporter > transporter > transporter > transporter > other > reductase > regulator > hydrolase
NZ_LMEK01000001.1:497852-499172:1,WP_056587044.1,ASD05_RS02315,,aromatic ring-hydroxylating dioxygenase subunit alpha,4_404_TdnA1,4,197.0,0.9439,3.9e-58,NZ_LMEK01000001.1,497852,499172,1,Variovorax sp. Root434,Bacteria; Pseudomonadati; Pseudomonadota; Betaproteobacteria; Burkholderiales; Comamonadaceae; Variovorax,0,4_404_TdnA1#8,core,0.9265,1,1,0,0,transporter > [alpha] > beta > transporter > transporter > transporter > transporter > other > reductase > regulator > hydrolase
NZ_LMEV01000001.1:74716-76006:-1,WP_056571510.1,ASD34_RS00325,,Rieske 2Fe-2S domain-containing protein,4_404_TdnA1,4,263.0,0.9529,3.6e-78,NZ_LMEV01000001.1,74716,76006,-1,Variovorax sp. Root473,Bacteria; Pseudomonadati; Pseudomonadota; Betaproteobacteria; Burkholderiales; Comamonadaceae; Variovorax,0,4_404_TdnA1#28,core,0.6383,1,1,0,0,[alpha] > beta > other > reductase > hydrolase > other > other > other > other > other > dehydrogenase
NZ_LMEV01000001.1:180656-181976:-1,WP_056571802.1,ASD34_RS00845,,aromatic ring-hydroxylating dioxygenase subunit alpha,4_404_TdnA1,4,194.5,0.9417,2.2e-57,NZ_LMEV01000001.1,180656,181976,-1,Variovorax sp. Root473,Bacteria; Pseudomonadati; Pseudomonadota; Betaproteobacteria; Burkholderiales; Comamonadaceae; Variovorax,0,4_404_TdnA1#19,core,0.942,1,1,0,0,reductase > alpha_other > beta > other > other > reductase > other > reductase > transporter > transporter > [alpha] > beta > transporter > transporter > transporter > transporter > other > reductase > reductase > regulator > hydrolase
NZ_LMEV01000001.1:190524-191838:-1,WP_056571830.1,ASD34_RS00890,,aromatic ring-hydroxylating dioxygenase subunit alpha,4_404_TdnA1,4,198.8,0.8072,1.1e-58,NZ_LMEV01000001.1,190524,191838,-1,Variovorax sp. Root473,Bacteria; Pseudomonadati; Pseudomonadota; Betaproteobacteria; Burkholderiales; Comamonadaceae; Variovorax,0,4_404_TdnA1#13,core,0.5567,1,1,0,0,ferredoxin > reductase > reductase > [alpha] > beta > other > other > reductase > other > reductase > transporter > transporter > alpha_other > beta
NZ_LMEZ01000007.1:315822-317103:-1,WP_056556333.1,ASD37_RS21755,,Rieske 2Fe-2S domain-containing protein,4_404_TdnA1,4,279.2,0.9462,4.3e-83,NZ_LMEZ01000007.1,315822,317103,-1,Mycobacterium sp. Root135,Bacteria; Bacillati; Actinomycetota; Actinomycetes; Mycobacteriales; Mycobacteriaceae; Mycobacterium,0,4_404_TdnA1#7,core,0.8963,1,1,0,0,dehydrogenase > hypothetical > [alpha] > beta > reductase > reductase
NZ_LMGK01000026.1:217216-218548:-1,WP_056857083.1,ASD60_RS27795,,aromatic ring-hydroxylating dioxygenase subunit alpha,4_404_TdnA1,4,213.3,0.9462,4.2e-63,NZ_LMGK01000026.1,217216,218548,-1,Pseudomonas sp. Root562,Bacteria; Pseudomonadati; Pseudomonadota; Gammaproteobacteria; Pseudomonadales; Pseudomonadaceae; Pseudomonas,0,4_404_TdnA1#2,core,0.845,2,1,0,1,alpha_other > beta > reductase > transporter > transporter > transporter > transporter > transporter > hydrolase > reductase > [alpha] > beta > hydrolase > reductase > hydrolase
NZ_LMGK01000010.1:31621-32905:-1,WP_056853759.1,ASD60_RS09515,,Rieske 2Fe-2S domain-containing protein,4_404_TdnA1,4,289.8,0.9462,2.7e-86,NZ_LMGK01000010.1,31621,32905,-1,Pseudomonas sp. Root562,Bacteria; Pseudomonadati; Pseudomonadota; Gammaproteobacteria; Pseudomonadales; Pseudomonadaceae; Pseudomonas,0,4_404_TdnA1#1,core,0.9895,1,1,0,0,dehydrogenase > hypothetical > other > hydrolase > [alpha] > beta > reductase
NZ_LMGK01000020.1:257239-258571:1,WP_056854720.1,ASD60_RS14860,,aromatic ring-hydroxylating dioxygenase subunit alpha,4_404_TdnA1,4,206.1,0.9462,6.3e-61,NZ_LMGK01000020.1,257239,258571,1,Pseudomonas sp. Root562,Bacteria; Pseudomonadati; Pseudomonadota; Gammaproteobacteria; Pseudomonadales; Pseudomonadaceae; Pseudomonas,0,4_404_TdnA1#2,core,0.7917,2,1,0,1,alpha_other > beta > reductase > reductase > [alpha] > beta > hydrolase > reductase > hydrolase > dehydrogenase
NZ_LMGK01000023.1:210398-211673:-1,WP_056855765.1,ASD60_RS20525,,Rieske 2Fe-2S domain-containing protein,4_404_TdnA1,4,304.2,0.935,1.1e-90,NZ_LMGK01000023.1,210398,211673,-1,Pseudomonas sp. Root562,Bacteria; Pseudomonadati; Pseudomonadota; Gammaproteobacteria; Pseudomonadales; Pseudomonadaceae; Pseudomonas,0,4_404_TdnA1#3,core,0.8739,1,1,0,0,[alpha] > beta > reductase
NZ_LMHI01000003.1:188225-189509:-1,WP_056723085.1,ASD91_RS07240,,Rieske 2Fe-2S domain-containing protein,4_404_TdnA1,4,289.2,0.9462,4e-86,NZ_LMHI01000003.1,188225,189509,-1,Pseudomonas sp. Root68,Bacteria; Pseudomonadati; Pseudomonadota; Gammaproteobacteria; Pseudomonadales; Pseudomonadaceae; Pseudomonas,0,4_404_TdnA1#1,core,0.9816,1,1,0,0,dehydrogenase > hypothetical > other > hydrolase > [alpha] > beta > reductase
NZ_LMHZ01000027.1:14332-15655:-1,WP_057291996.1,ASE07_RS16850,,Rieske 2Fe-2S domain-containing protein,4_404_TdnA1,4,241.6,0.9641,1.1e-71,NZ_LMHZ01000027.1,14332,15655,-1,Noviherbaspirillum sp. Root189,Bacteria; Pseudomonadati; Pseudomonadota; Betaproteobacteria; Burkholderiales; Oxalobacteraceae; Noviherbaspirillum,0,4_404_TdnA1#25,divergent,0.423,3,1,1,1,[alpha] > beta > other > other > other > hydrolase > ferredoxin > transporter > transporter > transporter > transporter > transporter > reductase
NZ_LMIA01000001.1:623556-624855:-1,WP_056748482.1,ASE01_RS02950,,Rieske 2Fe-2S domain-containing protein,4_404_TdnA1,4,277.6,0.9686,1.3e-82,NZ_LMIA01000001.1,623556,624855,-1,Nocardioides sp. Root190,Bacteria; Bacillati; Actinomycetota; Actinomycetes; Propionibacteriales; Nocardioidaceae; Nocardioides,0,4_404_TdnA1#6,core,0.7895,1,1,0,0,other > reductase > other > other > other > other > other > [alpha] > beta > hypothetical > hydrolase > other > other > other
NZ_LMIP01000010.1:424742-426032:-1,WP_056895556.1,ASE19_RS10250,,Rieske 2Fe-2S domain-containing protein,4_404_TdnA1,4,275.2,0.9709,7.3e-82,NZ_LMIP01000010.1,424742,426032,-1,Nocardioides sp. Root79,Bacteria; Bacillati; Actinomycetota; Actinomycetes; Propionibacteriales; Nocardioidaceae; Nocardioides,0,4_404_TdnA1#6,core,0.808,1,1,0,0,other > reductase > other > other > other > other > other > [alpha] > beta > hypothetical > hydrolase > other > other > other
NZ_LMIT01000011.1:424480-425770:-1,WP_056895556.1,ASE20_RS16075,,Rieske 2Fe-2S domain-containing protein,4_404_TdnA1,4,275.2,0.9709,7.3e-82,NZ_LMIT01000011.1,424480,425770,-1,Nocardioides sp. Root240,Bacteria; Bacillati; Actinomycetota; Actinomycetes; Propionibacteriales; Nocardioidaceae; Nocardioides,0,4_404_TdnA1#6,core,0.808,1,1,0,0,other > reductase > other > other > other > other > other > [alpha] > beta > hypothetical > hydrolase > other > other > other
NZ_LMKI01000008.1:38866-40150:1,WP_056858406.1,ASE80_RS07840,,Rieske 2Fe-2S domain-containing protein,4_404_TdnA1,4,300.4,0.9395,1.6e-89,NZ_LMKI01000008.1,38866,40150,1,Pseudomonas sp. Leaf15,Bacteria; Pseudomonadati; Pseudomonadota; Gammaproteobacteria; Pseudomonadales; Pseudomonadaceae; Pseudomonas,0,4_404_TdnA1#0,core,0.8623,1,1,0,0,[alpha] > beta
NZ_LMKI01000008.1:85838-87113:1,WP_056858442.1,ASE80_RS08050,,Rieske 2Fe-2S domain-containing protein,4_404_TdnA1,4,299.3,0.9327,3.3e-89,NZ_LMKI01000008.1,85838,87113,1,Pseudomonas sp. Leaf15,Bacteria; Pseudomonadati; Pseudomonadota; Gammaproteobacteria; Pseudomonadales; Pseudomonadaceae; Pseudomonas,0,4_404_TdnA1#3,core,0.8392,1,1,0,0,other > hypothetical > [alpha] > beta > reductase > reductase > reductase
NZ_LMLH01000032.1:10639-11923:-1,WP_060543624.1,ASE98_RS23070,,Rieske 2Fe-2S domain-containing protein,4_404_TdnA1,4,293.4,0.9462,2.2e-87,NZ_LMLH01000032.1,10639,11923,-1,Pseudomonas sp. Leaf48,Bacteria; Pseudomonadati; Pseudomonadota; Gammaproteobacteria; Pseudomonadales; Pseudomonadaceae; Pseudomonas,0,4_404_TdnA1#1,core,0.9845,1,1,0,0,dehydrogenase > hypothetical > other > hydrolase > [alpha] > beta > reductase
NZ_LMOA01000007.1:35924-37256:1,WP_056836548.1,ASF84_RS06775,,aromatic ring-hydroxylating dioxygenase subunit alpha,4_404_TdnA1,4,215.8,0.9507,7.2e-64,NZ_LMOA01000007.1,35924,37256,1,Pseudomonas sp. Leaf127,Bacteria; Pseudomonadati; Pseudomonadota; Gammaproteobacteria; Pseudomonadales; Pseudomonadaceae; Pseudomonas,0,4_404_TdnA1#2,core,0.8571,2,1,0,1,reductase > [alpha] > beta > hydrolase > reductase > hydrolase
NZ_LMOA01000021.1:806831-808106:-1,WP_056839977.1,ASF84_RS16995,,Rieske 2Fe-2S domain-containing protein,4_404_TdnA1,4,297.4,0.935,1.3e-88,NZ_LMOA01000021.1,806831,808106,-1,Pseudomonas sp. Leaf127,Bacteria; Pseudomonadati; Pseudomonadota; Gammaproteobacteria; Pseudomonadales; Pseudomonadaceae; Pseudomonas,0,4_404_TdnA1#3,core,0.8287,1,1,0,0,hydrolase > other > hypothetical > other > [alpha] > beta > reductase > reductase > reductase
NZ_LMTS01000262.1:505-1852:1,WP_068683863.1,APY03_RS32820,,Rieske 2Fe-2S domain-containing protein,4_404_TdnA1,4,912.8,0.9888,2.5e-275,NZ_LMTS01000262.1,505,1852,1,Variovorax sp. WDL1,Bacteria; Pseudomonadati; Pseudomonadota; Betaproteobacteria; Burkholderiales; Comamonadaceae; Variovorax,0,4_404_TdnA1#4,core,0.8219,2,1,0,1,hypothetical > [alpha] > beta > reductase
NZ_LNCU01000123.1:19187-20447:-1,WP_066515396.1,AS156_RS38210,,aromatic ring-hydroxylating dioxygenase subunit alpha,4_404_TdnA1,4,256.2,0.9439,4e-76,NZ_LNCU01000123.1,19187,20447,-1,Bradyrhizobium macuxiense,Bacteria; Pseudomonadati; Pseudomonadota; Alphaproteobacteria; Hyphomicrobiales; Nitrobacteraceae; Bradyrhizobium,0,4_404_TdnA1#14,core,0.5968,1,1,0,0,[alpha] > beta > other > reductase > hydrolase > other
NZ_LNSB01000012.1:86474-87896:-1,WP_082662672.1,ATE62_RS07965,,Rieske 2Fe-2S domain-containing protein,4_404_TdnA1,4,295.5,0.9507,4.9e-88,NZ_LNSB01000012.1,86474,87896,-1,Sphingopyxis sp. HIX,Bacteria; Pseudomonadati; Pseudomonadota; Alphaproteobacteria; Sphingomonadales; Sphingomonadaceae; Sphingopyxis,0,4_404_TdnA1#24,novel_candidate,0.374,1,1,0,0,hypothetical > other > alpha_other > beta > other > dehydrogenase > transporter > [alpha] > beta > other > other > reductase > regulator
NZ_LNSF01000004.1:160559-161789:1,WP_058454842.1,ATE69_RS08745,,aromatic ring-hydroxylating dioxygenase subunit alpha,4_404_TdnA1,4,86.7,0.4709,1.1e-24,NZ_LNSF01000004.1,160559,161789,1,Sphingopyxis sp. H071,Bacteria; Pseudomonadati; Pseudomonadota; Alphaproteobacteria; Sphingomonadales; Sphingomonadaceae; Sphingopyxis,0,4_404_TdnA1#34,novel_candidate,0.2429,0,0,0,0,[alpha] > alpha_other > other
NZ_LNRZ01000001.1:476618-477983:1,WP_082660142.1,ATE67_RS02110,,Rieske 2Fe-2S domain-containing protein,4_404_TdnA1,4,297.1,0.9507,1.6e-88,NZ_LNRZ01000001.1,476618,477983,1,Sphingopyxis sp. H050,Bacteria; Pseudomonadati; Pseudomonadota; Alphaproteobacteria; Sphingomonadales; Sphingomonadaceae; Sphingopyxis,0,4_404_TdnA1#24,novel_candidate,0.374,1,1,0,0,hypothetical > other > alpha_other > beta > other > dehydrogenase > transporter > [alpha] > beta > other > other > reductase > regulator
NZ_LOQS01000025.1:43121-44399:-1,WP_011897714.1,AUO96_RS12220,,Rieske 2Fe-2S domain-containing protein,4_404_TdnA1,4,304.1,0.9552,1.2e-90,NZ_LOQS01000025.1,43121,44399,-1,Corynebacterium glutamicum,Bacteria; Bacillati; Actinomycetota; Actinomycetes; Mycobacteriales; Corynebacteriaceae; Corynebacterium,0,4_404_TdnA1#7,core,0.8799,1,1,0,0,dehydrogenase > hypothetical > [alpha] > beta > reductase > reductase
NZ_LOVS01000021.1:11972-13256:1,WP_066568148.1,WS62_RS03795,,Rieske 2Fe-2S domain-containing protein,4_404_TdnA1,4,283.1,0.9283,2.8e-84,NZ_LOVS01000021.1,11972,13256,1,Burkholderia sp. ABCPW 14,Bacteria; Pseudomonadati; Pseudomonadota; Betaproteobacteria; Burkholderiales; Burkholderiaceae; Burkholderia,0,4_404_TdnA1#1,core,0.8837,1,1,0,0,[alpha] > beta > other
NZ_LPFQ01000154.1:92987-94271:-1,WP_060110506.1,WT31_RS31985,,Rieske 2Fe-2S domain-containing protein,4_404_TdnA1,4,288.9,0.9462,5e-86,NZ_LPFQ01000154.1,92987,94271,-1,Burkholderia territorii,Bacteria; Pseudomonadati; Pseudomonadota; Betaproteobacteria; Burkholderiales; Burkholderiaceae; Burkholderia; Burkholderia cepacia complex,0,4_404_TdnA1#1,core,0.9653,1,1,0,0,[alpha] > beta > ring_cleavage
NZ_LOYH01000092.1:406799-408083:1,WP_059732123.1,WS90_RS30540,,Rieske 2Fe-2S domain-containing protein,4_404_TdnA1,4,289.1,0.9439,4.4e-86,NZ_LOYH01000092.1,406799,408083,1,Burkholderia cepacia,Bacteria; Pseudomonadati; Pseudomonadota; Betaproteobacteria; Burkholderiales; Burkholderiaceae; Burkholderia; Burkholderia cepacia complex,0,4_404_TdnA1#1,core,0.9681,1,1,0,0,[alpha] > beta > ring_cleavage
NZ_LOYU01000083.1:262603-263887:1,WP_059905419.1,WT01_RS35415,,Rieske 2Fe-2S domain-containing protein,4_404_TdnA1,4,284.6,0.9439,1e-84,NZ_LOYU01000083.1,262603,263887,1,Burkholderia cepacia,Bacteria; Pseudomonadati; Pseudomonadota; Betaproteobacteria; Burkholderiales; Burkholderiaceae; Burkholderia; Burkholderia cepacia complex,0,4_404_TdnA1#1,core,0.9654,1,1,0,0,[alpha] > beta > ring_cleavage
NZ_LPJR01000096.1:67422-68706:1,WP_060247449.1,WT56_RS33875,,Rieske 2Fe-2S domain-containing protein,4_404_TdnA1,4,283.6,0.9417,2e-84,NZ_LPJR01000096.1,67422,68706,1,Burkholderia pseudomultivorans,Bacteria; Pseudomonadati; Pseudomonadota; Betaproteobacteria; Burkholderiales; Burkholderiaceae; Burkholderia; Burkholderia cepacia complex,0,4_404_TdnA1#1,core,0.9548,1,1,0,0,[alpha] > beta > ring_cleavage
NZ_LPJX01000061.1:233431-234715:-1,WP_060300088.1,WT57_RS24275,,Rieske 2Fe-2S domain-containing protein,4_404_TdnA1,4,285.9,0.9417,4e-85,NZ_LPJX01000061.1,233431,234715,-1,Burkholderia pseudomultivorans,Bacteria; Pseudomonadati; Pseudomonadota; Betaproteobacteria; Burkholderiales; Burkholderiaceae; Burkholderia; Burkholderia cepacia complex,0,4_404_TdnA1#1,core,0.9627,1,1,0,0,[alpha] > beta > other
NZ_LPLZ01000060.1:122892-124176:-1,WP_060347867.1,WT83_RS19785,,Rieske 2Fe-2S domain-containing protein,4_404_TdnA1,4,285.0,0.9462,7.7e-85,NZ_LPLZ01000060.1,122892,124176,-1,Burkholderia territorii,Bacteria; Pseudomonadati; Pseudomonadota; Betaproteobacteria; Burkholderiales; Burkholderiaceae; Burkholderia; Burkholderia cepacia complex,0,4_404_TdnA1#1,core,0.9062,1,1,0,0,[alpha] > beta > ring_cleavage
NZ_LQIT01000019.1:36274-37543:1,WP_059089718.1,AU194_RS13260,,Rieske 2Fe-2S domain-containing protein,4_404_TdnA1,4,256.1,0.9417,4.3e-76,NZ_LQIT01000019.1,36274,37543,1,Mycobacterium sp. GA-2829,Bacteria; Bacillati; Actinomycetota; Actinomycetes; Mycobacteriales; Mycobacteriaceae; Mycobacterium,0,4_404_TdnA1#17,core,0.8784,1,1,0,0,reductase > other > other > other > [alpha] > beta > hypothetical > other > other > other
NZ_LQMT02000019.1:22568-23864:-1,WP_063276531.1,AVR91_RS18145,,Rieske 2Fe-2S domain-containing protein,4_404_TdnA1,4,289.5,0.9305,3.2e-86,NZ_LQMT02000019.1,22568,23864,-1,Amycolatopsis keratiniphila subsp. keratiniphila,Bacteria; Bacillati; Actinomycetota; Actinomycetes; Pseudonocardiales; Pseudonocardiaceae; Amycolatopsis; Amycolatopsis japonica group,0,4_404_TdnA1#9,core,0.8491,1,1,0,0,dehydrogenase > hypothetical > [alpha] > beta > reductase > reductase > other
NZ_LQPY01000004.1:124518-125814:1,WP_176234842.1,AWC29_RS01055,,Rieske 2Fe-2S domain-containing protein,4_404_TdnA1,4,257.6,0.9462,1.5e-76,NZ_LQPY01000004.1,124518,125814,1,Mycobacterium triplex,Bacteria; Bacillati; Actinomycetota; Actinomycetes; Mycobacteriales; Mycobacteriaceae; Mycobacterium; Mycobacterium simiae complex,0,4_404_TdnA1#12,divergent,0.4567,1,1,0,0,hypothetical > other > other > [alpha] > beta > other > other > dehydrogenase > reductase > dehydrogenase > reductase > hydrolase > hydrolase
NZ_LQPY01000037.1:107845-109117:1,WP_036471079.1,AWC29_RS24790,,Rieske 2Fe-2S domain-containing protein,4_404_TdnA1,4,266.2,0.9529,3.9e-79,NZ_LQPY01000037.1,107845,109117,1,Mycobacterium triplex,Bacteria; Bacillati; Actinomycetota; Actinomycetes; Mycobacteriales; Mycobacteriaceae; Mycobacterium; Mycobacterium simiae complex,0,4_404_TdnA1#6,core,0.893,1,1,0,0,reductase > other > other > other > other > [alpha] > beta > hypothetical > other > other > other
NZ_LRBG01000009.1:33687-34971:1,WP_062128047.1,CI15_RS12125,,Rieske 2Fe-2S domain-containing protein,4_404_TdnA1,4,282.5,0.9305,4.4e-84,NZ_LRBG01000009.1,33687,34971,1,Paraburkholderia monticola,Bacteria; Pseudomonadati; Pseudomonadota; Betaproteobacteria; Burkholderiales; Burkholderiaceae; Paraburkholderia,0,4_404_TdnA1#1,core,0.9141,1,1,0,0,[alpha] > beta > other
NZ_LRRG01000099.1:10082-11372:-1,WP_005574578.1,A8G16_RS22610,,Rieske 2Fe-2S domain-containing protein,4_404_TdnA1,4,297.4,0.9529,1.3e-88,NZ_LRRG01000099.1,10082,11372,-1,Rhodococcus opacus,Bacteria; Bacillati; Actinomycetota; Actinomycetes; Mycobacteriales; Nocardiaceae; Rhodococcus,0,4_404_TdnA1#11,core,0.7833,1,1,0,0,dehydrogenase > hypothetical > other > [alpha] > beta > reductase > reductase
NZ_LTCZ01000168.1:16166-17450:-1,WP_061042113.1,AZG88_RS22740,,aromatic ring-hydroxylating dioxygenase subunit alpha,4_404_TdnA1,4,302.9,0.9417,2.8e-90,NZ_LTCZ01000168.1,16166,17450,-1,Rhodococcus sp. LB1,Bacteria; Bacillati; Actinomycetota; Actinomycetes; Mycobacteriales; Nocardiaceae; Rhodococcus,0,4_404_TdnA1#11,core,0.7132,1,1,0,0,transporter > hydrolase > regulator > regulator > transporter > other > hypothetical > [alpha] > beta > reductase > hydrolase
NZ_LUAW01000002.1:24495-25773:1,WP_067665580.1,AZH43_RS01145,,Rieske 2Fe-2S domain-containing protein,4_404_TdnA1,4,303.5,0.9529,1.9e-90,NZ_LUAW01000002.1,24495,25773,1,Acinetobacter pragensis,Bacteria; Pseudomonadati; Pseudomonadota; Gammaproteobacteria; Moraxellales; Moraxellaceae; Acinetobacter,0,4_404_TdnA1#0,core,0.9137,1,1,0,0,hydrolase > dehydrogenase > other > [alpha] > beta > reductase
NZ_LTCZ01000011.1:49963-51193:1,WP_061696924.1,AZG88_RS02270,,aromatic ring-hydroxylating dioxygenase subunit alpha,4_404_TdnA1,4,274.9,0.7668,8.6e-82,NZ_LTCZ01000011.1,49963,51193,1,Rhodococcus sp. LB1,Bacteria; Bacillati; Actinomycetota; Actinomycetes; Mycobacteriales; Nocardiaceae; Rhodococcus,0,4_404_TdnA1#26,novel_candidate,0.3801,2,1,0,1,dehydrogenase > [alpha] > beta > hypothetical > other > reductase
NZ_LTCZ01000068.1:22903-24190:-1,WP_061697897.1,AZG88_RS12755,,Rieske 2Fe-2S domain-containing protein,4_404_TdnA1,4,298.1,0.9552,8.1e-89,NZ_LTCZ01000068.1,22903,24190,-1,Rhodococcus sp. LB1,Bacteria; Bacillati; Actinomycetota; Actinomycetes; Mycobacteriales; Nocardiaceae; Rhodococcus,0,4_404_TdnA1#11,core,0.7812,1,1,0,0,dehydrogenase > hypothetical > other > [alpha] > beta > reductase > reductase
NZ_LSZH01000016.1:39558-40836:-1,WP_067869717.1,AY606_RS13535,,Rieske 2Fe-2S domain-containing protein,4_404_TdnA1,4,299.7,0.9507,2.6e-89,NZ_LSZH01000016.1,39558,40836,-1,Acinetobacter sp. SFB,Bacteria; Pseudomonadati; Pseudomonadota; Gammaproteobacteria; Moraxellales; Moraxellaceae; Acinetobacter; Acinetobacter Taxon 24; Acinetobacter Taxon 24C,0,4_404_TdnA1#0,core,0.9106,1,1,0,0,hydrolase > dehydrogenase > other > [alpha] > beta > reductase > reductase > reductase
NZ_LVKP01000060.1:40164-41478:-1,WP_054416497.1,AOT36_RS07520,,aromatic ring-hydroxylating dioxygenase subunit alpha,4_404_TdnA1,4,199.0,0.8072,9.6e-59,NZ_LVKP01000060.1,40164,41478,-1,Achromobacter ruhlandii,Bacteria; Pseudomonadati; Pseudomonadota; Betaproteobacteria; Burkholderiales; Alcaligenaceae; Achromobacter,0,4_404_TdnA1#5,core,0.9974,2,1,0,1,ferredoxin > reductase > reductase > [alpha] > beta > other > other > reductase > other > reductase
NZ_LWDT01000034.1:18188-19538:-1,WP_042796278.1,A3839_RS15575,,aromatic ring-hydroxylating dioxygenase subunit alpha,4_404_TdnA1,4,216.9,0.9552,3.4e-64,NZ_LWDT01000034.1,18188,19538,-1,Achromobacter insolitus,Bacteria; Pseudomonadati; Pseudomonadota; Betaproteobacteria; Burkholderiales; Alcaligenaceae; Achromobacter,0,4_404_TdnA1#2,core,0.8509,1,1,0,0,transporter > hydrolase > [alpha] > beta > hydrolase > reductase
NZ_LWSF01000002.1:43369-44641:1,WP_067576752.1,A4R44_RS04925,,Rieske 2Fe-2S domain-containing protein,4_404_TdnA1,4,288.7,0.9238,5.8e-86,NZ_LWSF01000002.1,43369,44641,1,Amycolatopsis sp. M39,Bacteria; Bacillati; Actinomycetota; Actinomycetes; Pseudonocardiales; Pseudonocardiaceae; Amycolatopsis,0,4_404_TdnA1#1,core,0.871,1,1,0,0,dehydrogenase > hypothetical > [alpha] > beta > reductase > reductase
NZ_LZDG02000028.1:192548-193832:1,WP_054910153.1,A6723_RS07985,,aromatic ring-hydroxylating dioxygenase subunit alpha,4_404_TdnA1,4,293.7,0.9439,1.7e-87,NZ_LZDG02000028.1,192548,193832,1,Pseudomonas sp. AU11447,Bacteria; Pseudomonadati; Pseudomonadota; Gammaproteobacteria; Pseudomonadales; Pseudomonadaceae; Pseudomonas,0,4_404_TdnA1#1,core,0.937,1,1,0,0,dehydrogenase > hypothetical > other > hydrolase > [alpha] > beta > reductase
NZ_LZJI01000084.1:8446-9697:1,WP_068080127.1,A5695_RS08995,,Rieske 2Fe-2S domain-containing protein,4_404_TdnA1,4,269.1,0.9439,5e-80,NZ_LZJI01000084.1,8446,9697,1,Mycobacterium sp. E1747,Bacteria; Bacillati; Actinomycetota; Actinomycetes; Mycobacteriales; Mycobacteriaceae; Mycobacterium,0,4_404_TdnA1#6,core,0.9213,1,1,0,0,reductase > other > other > other > [alpha] > beta > hypothetical > other > other > other > reductase > other > other
NZ_LZKE01000041.1:54158-55430:-1,WP_068102236.1,A5712_RS05410,,Rieske 2Fe-2S domain-containing protein,4_404_TdnA1,4,265.3,0.9552,7.3e-79,NZ_LZKE01000041.1,54158,55430,-1,Mycobacterium sp. E2327,Bacteria; Bacillati; Actinomycetota; Actinomycetes; Mycobacteriales; Mycobacteriaceae; Mycobacterium,0,4_404_TdnA1#6,core,0.8984,1,1,0,0,other > other > other > [alpha] > beta > hypothetical > other > hypothetical > regulator
NZ_MACM02000007.1:79944-81228:1,WP_024762262.1,A9513_RS02250,,aromatic ring-hydroxylating dioxygenase subunit alpha,4_404_TdnA1,4,293.0,0.9439,2.9e-87,NZ_MACM02000007.1,79944,81228,1,Pseudomonas sp. AU12215,Bacteria; Pseudomonadati; Pseudomonadota; Gammaproteobacteria; Pseudomonadales; Pseudomonadaceae; Pseudomonas,0,4_404_TdnA1#1,core,0.9344,1,1,0,0,dehydrogenase > hypothetical > other > hydrolase > [alpha] > beta > reductase
NZ_LZTD01000065.1:6351-7662:1,WP_064869661.1,A5786_RS09410,,aromatic ring-hydroxylating dioxygenase subunit alpha,4_404_TdnA1,4,520.1,0.9641,3.6e-156,NZ_LZTD01000065.1,6351,7662,1,Gordonia sp. 852002-50816_SCH5313054-a,Bacteria; Bacillati; Actinomycetota; Actinomycetes; Mycobacteriales; Gordoniaceae; Gordonia,0,4_404_TdnA1#21,divergent,0.4947,1,1,0,0,other > [alpha] > beta > other
NZ_LZYC01000086.1:183219-184503:-1,WP_058489548.1,BAE52_RS29210,,aromatic ring-hydroxylating dioxygenase subunit alpha,4_404_TdnA1,4,290.3,0.9372,1.9e-86,NZ_LZYC01000086.1,183219,184503,-1,Pseudomonas sp. EGD-AKN5,Bacteria; Pseudomonadati; Pseudomonadota; Gammaproteobacteria; Pseudomonadales; Pseudomonadaceae; Pseudomonas,0,4_404_TdnA1#1,core,0.9079,1,1,0,0,dehydrogenase > hypothetical > other > hydrolase > [alpha] > beta > reductase > reductase
NZ_MBDL01000009.1:177133-178411:-1,WP_068887096.1,BBP83_RS07595,,Rieske 2Fe-2S domain-containing protein,4_404_TdnA1,4,308.5,0.9529,5.7e-92,NZ_MBDL01000009.1,177133,178411,-1,Acinetobacter celticus,Bacteria; Pseudomonadati; Pseudomonadota; Gammaproteobacteria; Moraxellales; Moraxellaceae; Acinetobacter,0,4_404_TdnA1#0,core,0.9357,1,1,0,0,hydrolase > dehydrogenase > other > [alpha] > beta > reductase > reductase > reductase
NZ_MJIC01000015.1:208396-209689:1,WP_070177386.1,BFC17_RS15400,,Rieske 2Fe-2S domain-containing protein,4_404_TdnA1,4,298.6,0.9417,5.5e-89,NZ_MJIC01000015.1,208396,209689,1,Alteromonas lipolytica,Bacteria; Pseudomonadati; Pseudomonadota; Gammaproteobacteria; Alteromonadales; Alteromonadaceae; Alteromonas/Salinimonas group; Alteromonas,0,4_404_TdnA1#0,core,0.6587,1,1,0,0,hydrolase > dehydrogenase > other > other > [alpha] > beta > reductase > reductase > ring_cleavage > reductase > other > other > other > hypothetical > hypothetical
NZ_MJMN01000041.1:4116-5460:1,WP_076415203.1,BIZ92_RS27800,,aromatic ring-hydroxylating dioxygenase subunit alpha,4_404_TdnA1,4,221.2,0.9507,1.7e-65,NZ_MJMN01000041.1,4116,5460,1,Achromobacter xylosoxidans,Bacteria; Pseudomonadati; Pseudomonadota; Betaproteobacteria; Burkholderiales; Alcaligenaceae; Achromobacter,0,4_404_TdnA1#2,core,0.8468,1,1,0,0,transporter > hydrolase > [alpha] > beta > hydrolase > reductase
NZ_MJMN01000035.1:255690-257004:-1,WP_006388957.1,BIZ92_RS26605,,aromatic ring-hydroxylating dioxygenase subunit alpha,4_404_TdnA1,4,198.7,0.8072,1.2e-58,NZ_MJMN01000035.1,255690,257004,-1,Achromobacter xylosoxidans,Bacteria; Pseudomonadati; Pseudomonadota; Betaproteobacteria; Burkholderiales; Alcaligenaceae; Achromobacter,0,4_404_TdnA1#5,core,0.9974,2,1,0,1,ferredoxin > reductase > reductase > [alpha] > beta > other > other > reductase > other > reductase
NZ_MKIM01000029.1:43743-45015:1,WP_075641206.1,BJF95_RS19720,,Rieske 2Fe-2S domain-containing protein,4_404_TdnA1,4,276.5,0.9484,2.8e-82,NZ_MKIM01000029.1,43743,45015,1,Rhizobium oryziradicis,Bacteria; Pseudomonadati; Pseudomonadota; Alphaproteobacteria; Hyphomicrobiales; Rhizobiaceae; Rhizobium/Agrobacterium group; Rhizobium,0,4_404_TdnA1#0,core,0.8548,1,1,0,0,hydrolase > dehydrogenase > hypothetical > [alpha] > beta > reductase > reductase > reductase
NZ_MKKI01000043.1:26322-27648:1,WP_075815739.1,BJF89_RS14085,,Rieske 2Fe-2S domain-containing protein,4_404_TdnA1,4,290.4,0.9552,1.8e-86,NZ_MKKI01000043.1,26322,27648,1,Corynebacterium sp. CNJ-954,Bacteria; Bacillati; Actinomycetota; Actinomycetes; Mycobacteriales; Corynebacteriaceae; Corynebacterium,0,4_404_TdnA1#7,core,0.8714,1,1,0,0,dehydrogenase > hypothetical > [alpha] > beta > reductase > reductase
NZ_MPJD01000001.1:59547-60834:-1,WP_060693404.1,BOH74_RS00250,,Rieske 2Fe-2S domain-containing protein,4_404_TdnA1,4,303.6,0.9574,1.7e-90,NZ_MPJD01000001.1,59547,60834,-1,Pseudomonas versuta,Bacteria; Pseudomonadati; Pseudomonadota; Gammaproteobacteria; Pseudomonadales; Pseudomonadaceae; Pseudomonas,0,4_404_TdnA1#0,core,0.8316,1,1,0,0,hydrolase > dehydrogenase > hypothetical > other > [alpha] > beta > reductase > reductase > reductase
NZ_MPNT01000012.1:67285-68575:1,WP_199778476.1,BRW65_RS14830,,Rieske 2Fe-2S domain-containing protein,4_404_TdnA1,4,258.1,0.9395,1.1e-76,NZ_MPNT01000012.1,67285,68575,1,Mycobacterium paraffinicum,Bacteria; Bacillati; Actinomycetota; Actinomycetes; Mycobacteriales; Mycobacteriaceae; Mycobacterium,0,4_404_TdnA1#12,divergent,0.4471,1,1,0,0,hypothetical > other > other > [alpha] > beta > other > other > dehydrogenase > reductase > dehydrogenase > reductase > hydrolase > hydrolase
NZ_MSCT01000007.1:22054-23356:-1,WP_075118450.1,BTN82_RS07065,,aromatic ring-hydroxylating dioxygenase subunit alpha,4_404_TdnA1,4,192.9,0.7937,6.4e-57,NZ_MSCT01000007.1,22054,23356,-1,Pseudomonas chlororaphis,Bacteria; Pseudomonadati; Pseudomonadota; Gammaproteobacteria; Pseudomonadales; Pseudomonadaceae; Pseudomonas,0,4_404_TdnA1#23,core,0.5644,1,1,0,0,transporter > hypothetical > reductase > [alpha] > beta > reductase > hydrolase > transporter
NZ_MSDV01000021.1:223739-225023:1,WP_075298684.1,BTH42_RS10100,,Rieske 2Fe-2S domain-containing protein,4_404_TdnA1,4,280.3,0.9417,2e-83,NZ_MSDV01000021.1,223739,225023,1,Burkholderia sp. SRS-W-2-2016,Bacteria; Pseudomonadati; Pseudomonadota; Betaproteobacteria; Burkholderiales; Burkholderiaceae; Burkholderia,0,4_404_TdnA1#1,core,0.9164,1,1,0,0,[alpha] > beta > other
NZ_MSIF01000003.1:466888-468148:-1,WP_075132476.1,BLA60_RS09895,,aromatic ring-hydroxylating dioxygenase subunit alpha,4_404_TdnA1,4,288.8,0.9305,5.2e-86,NZ_MSIF01000003.1,466888,468148,-1,Actinophytocola xinjiangensis,Bacteria; Bacillati; Actinomycetota; Actinomycetes; Pseudonocardiales; Pseudonocardiaceae,0,4_404_TdnA1#9,core,0.7715,1,1,0,0,dehydrogenase > hypothetical > [alpha] > beta > reductase
NZ_MUMY01000020.1:52265-53543:1,WP_077120133.1,B0T46_RS21195,,Rieske 2Fe-2S domain-containing protein,4_404_TdnA1,4,293.2,0.9327,2.5e-87,NZ_MUMY01000020.1,52265,53543,1,Nocardia donostiensis,Bacteria; Bacillati; Actinomycetota; Actinomycetes; Mycobacteriales; Nocardiaceae; Nocardia,0,4_404_TdnA1#9,core,0.8835,1,1,0,0,dehydrogenase > hypothetical > [alpha] > beta > reductase > reductase > hypothetical > other
NZ_MUTK01000105.1:42358-43642:-1,WP_060267641.1,A8E73_RS34710,,Rieske 2Fe-2S domain-containing protein,4_404_TdnA1,4,282.8,0.9462,3.5e-84,NZ_MUTK01000105.1,42358,43642,-1,Burkholderia cenocepacia,Bacteria; Pseudomonadati; Pseudomonadota; Betaproteobacteria; Burkholderiales; Burkholderiaceae; Burkholderia; Burkholderia cepacia complex,0,4_404_TdnA1#1,core,0.9763,1,1,0,0,[alpha] > beta
NZ_MUXN01000031.1:19330-20638:1,WP_005163176.1,B0293_RS39475,,Rieske 2Fe-2S domain-containing protein,4_404_TdnA1,4,288.5,0.9305,6.6e-86,NZ_MUXN01000031.1,19330,20638,1,Amycolatopsis azurea DSM 43854,Bacteria; Bacillati; Actinomycetota; Actinomycetes; Pseudonocardiales; Pseudonocardiaceae; Amycolatopsis,0,4_404_TdnA1#9,core,0.8491,1,1,0,0,dehydrogenase > hypothetical > [alpha] > beta > reductase > reductase
NZ_MYFL01000012.1:40187-41534:-1,WP_051705517.1,KDK82_RS31130,,Rieske 2Fe-2S domain-containing protein,4_404_TdnA1,4,928.8,0.9798,3.4e-280,NZ_MYFL01000012.1,40187,41534,-1,Delftia sp. K82,Bacteria; Pseudomonadati; Pseudomonadota; Betaproteobacteria; Burkholderiales; Comamonadaceae; Delftia,0,4_404_TdnA1#4,core,0.9949,3,1,1,1,other > other > [alpha] > beta > reductase > regulator > ferredoxin > ring_cleavage > other > dehydrogenase
NZ_MVIJ01000003.1:126074-127370:-1,WP_011724923.1,BST44_RS03795,,Rieske 2Fe-2S domain-containing protein,4_404_TdnA1,4,254.9,0.935,1e-75,NZ_MVIJ01000003.1,126074,127370,-1,Mycobacterium scrofulaceum,Bacteria; Bacillati; Actinomycetota; Actinomycetes; Mycobacteriales; Mycobacteriaceae; Mycobacterium,0,4_404_TdnA1#12,divergent,0.445,1,1,0,0,hypothetical > other > other > [alpha] > beta > other > other > dehydrogenase > reductase > dehydrogenase > reductase > hydrolase > hydrolase
NZ_MZZM01000035.1:115286-116582:-1,WP_176234842.1,B5M45_RS28105,,Rieske 2Fe-2S domain-containing protein,4_404_TdnA1,4,257.6,0.9462,1.5e-76,NZ_MZZM01000035.1,115286,116582,-1,Mycobacterium simiae,Bacteria; Bacillati; Actinomycetota; Actinomycetes; Mycobacteriales; Mycobacteriaceae; Mycobacterium; Mycobacterium simiae complex,0,4_404_TdnA1#12,divergent,0.4567,1,1,0,0,hypothetical > other > other > [alpha] > beta > other > other > dehydrogenase > reductase > dehydrogenase > reductase > hydrolase > hydrolase
NZ_NBWL02000028.1:36341-37679:-1,WP_062884510.1,B7L29_RS25900,,aromatic ring-hydroxylating dioxygenase subunit alpha,4_404_TdnA1,4,215.8,0.7399,7.6e-64,NZ_NBWL02000028.1,36341,37679,-1,Burkholderia cenocepacia,Bacteria; Pseudomonadati; Pseudomonadota; Betaproteobacteria; Burkholderiales; Burkholderiaceae; Burkholderia; Burkholderia cepacia complex,0,4_404_TdnA1#2,core,0.849,2,1,0,1,regulator > reductase > [alpha] > beta > hydrolase > reductase > hydrolase
NZ_NCXN01000028.1:13146-14397:1,WP_014384228.1,B8W68_RS19000,,Rieske 2Fe-2S domain-containing protein,4_404_TdnA1,4,263.5,0.9439,2.6e-78,NZ_NCXN01000028.1,13146,14397,1,Mycobacterium paraintracellulare,Bacteria; Bacillati; Actinomycetota; Actinomycetes; Mycobacteriales; Mycobacteriaceae; Mycobacterium; Mycobacterium avium complex (MAC),0,4_404_TdnA1#6,core,0.9184,1,1,0,0,reductase > other > other > other > [alpha] > beta > hypothetical > other > other > other > reductase > other > other > other > other
NZ_NCXN01000006.1:110392-111688:-1,WP_014384956.1,B8W68_RS06855,,Rieske 2Fe-2S domain-containing protein,4_404_TdnA1,4,256.5,0.9372,3.3e-76,NZ_NCXN01000006.1,110392,111688,-1,Mycobacterium paraintracellulare,Bacteria; Bacillati; Actinomycetota; Actinomycetes; Mycobacteriales; Mycobacteriaceae; Mycobacterium; Mycobacterium avium complex (MAC),0,4_404_TdnA1#12,divergent,0.4433,1,1,0,0,hypothetical > other > other > [alpha] > beta > other > other > dehydrogenase > dehydrogenase > other
NZ_NFVE01000514.1:24884-26168:-1,WP_007587012.1,CA601_RS36205,,Rieske 2Fe-2S domain-containing protein,4_404_TdnA1,4,292.3,0.9439,4.6e-87,NZ_NFVE01000514.1,24884,26168,-1,Paraburkholderia hospita,Bacteria; Pseudomonadati; Pseudomonadota; Betaproteobacteria; Burkholderiales; Burkholderiaceae; Paraburkholderia,0,4_404_TdnA1#1,core,0.9075,1,1,0,0,[alpha] > beta > other
NZ_NGDB01000092.1:28675-29953:1,WP_057050555.1,B9Y01_RS11235,,Rieske 2Fe-2S domain-containing protein,4_404_TdnA1,4,299.5,0.9484,3.1e-89,NZ_NGDB01000092.1,28675,29953,1,Acinetobacter baumannii,Bacteria; Pseudomonadati; Pseudomonadota; Gammaproteobacteria; Moraxellales; Moraxellaceae; Acinetobacter; Acinetobacter calcoaceticus/baumannii complex,0,4_404_TdnA1#0,core,0.9813,1,1,0,0,hydrolase > dehydrogenase > hypothetical > other > [alpha] > beta > reductase > reductase > reductase
NZ_NJBA01000003.1:171961-173245:-1,WP_088417175.1,CEG18_RS08865,,Rieske 2Fe-2S domain-containing protein,4_404_TdnA1,4,294.8,0.9439,7.9e-88,NZ_NJBA01000003.1,171961,173245,-1,Pseudomonas nitroreducens,Bacteria; Pseudomonadati; Pseudomonadota; Gammaproteobacteria; Pseudomonadales; Pseudomonadaceae; Pseudomonas,0,4_404_TdnA1#1,core,0.937,1,1,0,0,dehydrogenase > hypothetical > other > hydrolase > [alpha] > beta > reductase
NZ_NKFA01000022.1:20804-22088:1,WP_043178265.1,CFB84_RS33680,,Rieske 2Fe-2S domain-containing protein,4_404_TdnA1,4,287.2,0.9462,1.6e-85,NZ_NKFA01000022.1,20804,22088,1,Burkholderia aenigmatica,Bacteria; Pseudomonadati; Pseudomonadota; Betaproteobacteria; Burkholderiales; Burkholderiaceae; Burkholderia; Burkholderia cepacia complex,0,4_404_TdnA1#1,core,0.984,1,1,0,0,[alpha] > beta
NZ_NIWT01000008.1:248974-250258:-1,WP_057715410.1,PSJE_RS26135,,Rieske 2Fe-2S domain-containing protein,4_404_TdnA1,4,290.9,0.9462,1.2e-86,NZ_NIWT01000008.1,248974,250258,-1,Pseudomonas jessenii,Bacteria; Pseudomonadati; Pseudomonadota; Gammaproteobacteria; Pseudomonadales; Pseudomonadaceae; Pseudomonas,0,4_404_TdnA1#1,core,0.9869,1,1,0,0,dehydrogenase > hypothetical > other > hydrolase > [alpha] > beta > reductase
NZ_NKEZ01000007.1:359565-360849:-1,WP_089469113.1,CFB89_RS18515,,Rieske 2Fe-2S domain-containing protein,4_404_TdnA1,4,283.7,0.9462,1.9e-84,NZ_NKEZ01000007.1,359565,360849,-1,Burkholderia sp. AU16741,Bacteria; Pseudomonadati; Pseudomonadota; Betaproteobacteria; Burkholderiales; Burkholderiaceae; Burkholderia,0,4_404_TdnA1#1,core,0.9708,1,1,0,0,[alpha] > beta
NZ_NNBQ01000007.1:723410-724757:1,WP_068683863.1,CHC07_RS30240,,Rieske 2Fe-2S domain-containing protein,4_404_TdnA1,4,912.8,0.9888,2.5e-275,NZ_NNBQ01000007.1,723410,724757,1,Variovorax sp. B4,Bacteria; Pseudomonadati; Pseudomonadota; Betaproteobacteria; Burkholderiales; Comamonadaceae; Variovorax,0,4_404_TdnA1#4,core,0.8219,2,1,0,1,other > other > [alpha] > beta > reductase
NZ_NNBQ01000014.1:86439-87732:-1,WP_068682123.1,CHC07_RS39950,,Rieske 2Fe-2S domain-containing protein,4_404_TdnA1,4,247.5,0.9395,1.8e-73,NZ_NNBQ01000014.1,86439,87732,-1,Variovorax sp. B4,Bacteria; Pseudomonadati; Pseudomonadota; Betaproteobacteria; Burkholderiales; Comamonadaceae; Variovorax,0,4_404_TdnA1#25,divergent,0.4607,1,1,0,0,[alpha] > beta > other > other > other > transporter
NZ_NXEH01000016.1:9497-10787:-1,WP_060591117.1,CJ468_RS18735,,Rieske 2Fe-2S domain-containing protein,4_404_TdnA1,4,300.4,0.9372,1.6e-89,NZ_NXEH01000016.1,9497,10787,-1,Nocardia farcinica,Bacteria; Bacillati; Actinomycetota; Actinomycetes; Mycobacteriales; Nocardiaceae; Nocardia,0,4_404_TdnA1#9,core,0.9076,1,1,0,0,dehydrogenase > hypothetical > [alpha] > beta > reductase > reductase > hypothetical > other
NZ_NWTP01000012.1:19324-20605:1,WP_048834545.1,CO710_RS11130,,Rieske 2Fe-2S domain-containing protein,4_404_TdnA1,4,268.3,0.9417,9e-80,NZ_NWTP01000012.1,19324,20605,1,Acetobacter orleanensis,Bacteria; Pseudomonadati; Pseudomonadota; Alphaproteobacteria; Acetobacterales; Acetobacteraceae; Acetobacter,0,4_404_TdnA1#10,core,0.8333,1,1,0,0,dehydrogenase > [alpha] > beta > reductase > reductase > reductase > hydrolase > other > hypothetical
NZ_PBPP01000041.1:9496-10783:-1,WP_034337649.1,CME87_RS06010,,Rieske 2Fe-2S domain-containing protein,4_404_TdnA1,4,297.5,0.9507,1.2e-88,NZ_PBPP01000041.1,9496,10783,-1,Herbaspirillum sp.,Bacteria; Pseudomonadati; Pseudomonadota; Betaproteobacteria; Burkholderiales; Oxalobacteraceae; Herbaspirillum,0,4_404_TdnA1#1,core,0.8246,1,1,0,0,hydrolase > [alpha] > beta > reductase
NZ_PBYB01000054.1:194168-195500:-1,WP_296730520.1,CMO32_RS15090,,aromatic ring-hydroxylating dioxygenase subunit alpha,4_404_TdnA1,4,193.5,0.9417,4.3e-57,NZ_PBYB01000054.1,194168,195500,-1,Variovorax sp.,Bacteria; Pseudomonadati; Pseudomonadota; Betaproteobacteria; Burkholderiales; Comamonadaceae; Variovorax,0,4_404_TdnA1#8,core,0.8522,1,1,0,0,other > other > reductase > other > reductase > transporter > other > transporter > [alpha] > beta > transporter > transporter > transporter > transporter > other > reductase > regulator > hydrolase > other > other
NZ_PBYB01000054.1:206539-207856:-1,WP_057590628.1,CMO32_RS15140,,aromatic ring-hydroxylating dioxygenase subunit alpha,4_404_TdnA1,4,218.3,0.9395,1.3e-64,NZ_PBYB01000054.1,206539,207856,-1,Variovorax sp.,Bacteria; Pseudomonadati; Pseudomonadota; Betaproteobacteria; Burkholderiales; Comamonadaceae; Variovorax,0,4_404_TdnA1#13,core,0.5599,1,1,0,0,ferredoxin > reductase > reductase > [alpha] > beta > other > other > reductase > other > reductase > transporter > other > transporter
NZ_PCQM01000009.1:103025-104309:-1,WP_027620612.1,CQZ98_RS14740,,Rieske 2Fe-2S domain-containing protein,4_404_TdnA1,4,288.0,0.9417,9e-86,NZ_PCQM01000009.1,103025,104309,-1,Pseudomonas sp. MYb115,Bacteria; Pseudomonadati; Pseudomonadota; Gammaproteobacteria; Pseudomonadales; Pseudomonadaceae; Pseudomonas,0,4_404_TdnA1#1,core,0.9814,1,1,0,0,dehydrogenase > hypothetical > other > hydrolase > [alpha] > beta > reductase > reductase
NZ_PHFG01000143.1:50599-51877:-1,WP_009392122.1,CVD09_RS17210,,Rieske 2Fe-2S domain-containing protein,4_404_TdnA1,4,304.3,0.9507,1.1e-90,NZ_PHFG01000143.1,50599,51877,-1,Acinetobacter seifertii,Bacteria; Pseudomonadati; Pseudomonadota; Gammaproteobacteria; Moraxellales; Moraxellaceae; Acinetobacter; Acinetobacter calcoaceticus/baumannii complex,0,4_404_TdnA1#0,core,0.9893,1,1,0,0,hydrolase > dehydrogenase > hypothetical > other > [alpha] > beta > reductase > reductase > reductase
NZ_PHIK01000003.1:207271-208585:1,WP_100502924.1,CV044_RS04370,,aromatic ring-hydroxylating dioxygenase subunit alpha,4_404_TdnA1,4,199.3,0.8072,7.7e-59,NZ_PHIK01000003.1,207271,208585,1,Achromobacter ruhlandii,Bacteria; Pseudomonadati; Pseudomonadota; Betaproteobacteria; Burkholderiales; Alcaligenaceae; Achromobacter,0,4_404_TdnA1#5,core,0.9947,2,1,0,1,ferredoxin > reductase > reductase > [alpha] > beta > other > other > reductase > other > reductase
NZ_PHNR01000005.1:153924-155199:1,WP_016393685.1,AM591_RS04185,,Rieske 2Fe-2S domain-containing protein,4_404_TdnA1,4,307.3,0.935,1.3e-91,NZ_PHNR01000005.1,153924,155199,1,Pseudomonas plecoglossicida,Bacteria; Pseudomonadati; Pseudomonadota; Gammaproteobacteria; Pseudomonadales; Pseudomonadaceae; Pseudomonas,0,4_404_TdnA1#3,core,0.8599,1,1,0,0,other > hypothetical > [alpha] > beta > reductase > reductase > reductase
NZ_PHIH01000001.1:92457-93771:-1,WP_020925006.1,CV751_RS00380,,aromatic ring-hydroxylating dioxygenase subunit alpha,4_404_TdnA1,4,198.8,0.8072,1e-58,NZ_PHIH01000001.1,92457,93771,-1,Achromobacter ruhlandii,Bacteria; Pseudomonadati; Pseudomonadota; Betaproteobacteria; Burkholderiales; Alcaligenaceae; Achromobacter,0,4_404_TdnA1#5,core,1.0,2,1,0,1,ferredoxin > reductase > reductase > [alpha] > beta > other > other > reductase > other > reductase
NZ_PHIH01000040.1:12374-13718:1,WP_054419367.1,CV751_RS29830,,aromatic ring-hydroxylating dioxygenase subunit alpha,4_404_TdnA1,4,222.0,0.9529,1e-65,NZ_PHIH01000040.1,12374,13718,1,Achromobacter ruhlandii,Bacteria; Pseudomonadati; Pseudomonadota; Betaproteobacteria; Burkholderiales; Alcaligenaceae; Achromobacter,0,4_404_TdnA1#2,core,0.8509,1,1,0,0,transporter > hydrolase > [alpha] > beta > hydrolase > reductase
NZ_PISI01000026.1:107289-108573:1,WP_074979277.1,CW310_RS19885,,aromatic ring-hydroxylating dioxygenase subunit alpha,4_404_TdnA1,4,289.6,0.9372,3e-86,NZ_PISI01000026.1,107289,108573,1,Pseudomonas citronellolis,Bacteria; Pseudomonadati; Pseudomonadota; Gammaproteobacteria; Pseudomonadales; Pseudomonadaceae; Pseudomonas,0,4_404_TdnA1#1,core,0.911,1,1,0,0,dehydrogenase > hypothetical > other > hydrolase > [alpha] > beta > reductase > reductase
NZ_PISJ01000012.1:17518-18799:1,WP_101236176.1,CW311_RS07930,,Rieske 2Fe-2S domain-containing protein,4_404_TdnA1,4,301.9,0.9507,5.6e-90,NZ_PISJ01000012.1,17518,18799,1,Acinetobacter proteolyticus,Bacteria; Pseudomonadati; Pseudomonadota; Gammaproteobacteria; Moraxellales; Moraxellaceae; Acinetobacter,0,4_404_TdnA1#0,core,0.9517,1,1,0,0,hydrolase > dehydrogenase > other > [alpha] > beta > reductase > reductase > reductase
NZ_PKJC01000002.1:136395-137673:-1,WP_004572200.1,CYJ73_RS03370,,Rieske 2Fe-2S domain-containing protein,4_404_TdnA1,4,287.8,0.9439,1.1e-85,NZ_PKJC01000002.1,136395,137673,-1,Gordonia terrae,Bacteria; Bacillati; Actinomycetota; Actinomycetes; Mycobacteriales; Gordoniaceae; Gordonia,0,4_404_TdnA1#7,core,0.9524,1,1,0,0,dehydrogenase > hypothetical > [alpha] > beta > reductase > reductase
NZ_POEC01000034.1:54130-55405:-1,WP_026140006.1,C1Y27_RS22150,,Rieske 2Fe-2S domain-containing protein,4_404_TdnA1,4,309.6,0.9327,2.5e-92,NZ_POEC01000034.1,54130,55405,-1,Pseudomonas sp. GW704-F2,Bacteria; Pseudomonadati; Pseudomonadota; Gammaproteobacteria; Pseudomonadales; Pseudomonadaceae; Pseudomonas,0,4_404_TdnA1#0,core,0.8342,1,1,0,0,hydrolase > other > hypothetical > other > [alpha] > beta > reductase > reductase > reductase
NZ_PKOI01000001.1:178201-179488:-1,WP_102661217.1,HBH1_RS00855,,Rieske 2Fe-2S domain-containing protein,4_404_TdnA1,4,296.8,0.9507,2e-88,NZ_PKOI01000001.1,178201,179488,-1,Herbaspirillum sp. BH-1,Bacteria; Pseudomonadati; Pseudomonadota; Betaproteobacteria; Burkholderiales; Oxalobacteraceae; Herbaspirillum,0,4_404_TdnA1#1,core,0.8109,1,1,0,0,hypothetical > hydrolase > [alpha] > beta > reductase
NZ_PREU01000004.1:237486-238806:-1,WP_046803509.1,C4E15_RS10770,,aromatic ring-hydroxylating dioxygenase subunit alpha,4_404_TdnA1,4,200.9,0.8094,2.4e-59,NZ_PREU01000004.1,237486,238806,-1,Achromobacter spanius,Bacteria; Pseudomonadati; Pseudomonadota; Betaproteobacteria; Burkholderiales; Alcaligenaceae; Achromobacter,0,4_404_TdnA1#5,core,0.9513,2,1,0,1,ferredoxin > reductase > reductase > [alpha] > beta > other > other > reductase > other > reductase
NZ_PTXM01000015.1:52788-54072:1,WP_039364111.1,C5O79_RS20960,,Rieske 2Fe-2S domain-containing protein,4_404_TdnA1,4,288.2,0.9462,8e-86,NZ_PTXM01000015.1,52788,54072,1,Burkholderia sp. SRS-25,Bacteria; Pseudomonadati; Pseudomonadota; Betaproteobacteria; Burkholderiales; Burkholderiaceae; Burkholderia,0,4_404_TdnA1#1,core,0.992,1,1,0,0,[alpha] > beta
NZ_PYUB01000089.1:19382-20666:-1,WP_054934591.1,C9I56_RS34900,,Rieske 2Fe-2S domain-containing protein,4_404_TdnA1,4,290.9,0.9439,1.2e-86,NZ_PYUB01000089.1,19382,20666,-1,Paraburkholderia caribensis,Bacteria; Pseudomonadati; Pseudomonadota; Betaproteobacteria; Burkholderiales; Burkholderiaceae; Paraburkholderia,0,4_404_TdnA1#1,core,0.9075,1,1,0,0,[alpha] > beta > other
NZ_PXZE01000076.1:19155-20430:1,WP_036547407.1,C6575_RS23825,,Rieske 2Fe-2S domain-containing protein,4_404_TdnA1,4,264.3,0.9529,1.4e-78,NZ_PXZE01000076.1,19155,20430,1,Nocardia seriolae,Bacteria; Bacillati; Actinomycetota; Actinomycetes; Mycobacteriales; Nocardiaceae; Nocardia,0,4_404_TdnA1#6,core,0.7905,1,1,0,0,other > reductase > other > other > other > other > [alpha] > beta > hypothetical > hydrolase > other > other > other > other > dehydrogenase > dehydrogenase > reductase > reductase
NZ_QENF01000027.1:49997-51311:-1,WP_054416497.1,DDT07_RS16805,,aromatic ring-hydroxylating dioxygenase subunit alpha,4_404_TdnA1,4,199.0,0.8072,9.6e-59,NZ_QENF01000027.1,49997,51311,-1,Achromobacter dolens,Bacteria; Pseudomonadati; Pseudomonadota; Betaproteobacteria; Burkholderiales; Alcaligenaceae; Achromobacter,0,4_404_TdnA1#5,core,0.9974,2,1,0,1,ferredoxin > reductase > reductase > [alpha] > beta > other > other > reductase > other > reductase
NZ_QEOM01000008.1:129595-130894:1,WP_062795414.1,C7458_RS19825,,Rieske 2Fe-2S domain-containing protein,4_404_TdnA1,4,291.1,0.9305,1e-86,NZ_QEOM01000008.1,129595,130894,1,Williamsia muralis,Bacteria; Bacillati; Actinomycetota; Actinomycetes; Mycobacteriales; Nocardiaceae; Williamsia,0,4_404_TdnA1#9,core,0.8661,1,1,0,0,[alpha] > beta > reductase
NZ_QEKO01000002.1:632016-633342:-1,WP_116518397.1,C7440_RS10110,,aromatic ring-hydroxylating dioxygenase subunit alpha,4_404_TdnA1,4,186.8,0.9462,4.6e-55,NZ_QEKO01000002.1,632016,633342,-1,Pusillimonas noertemannii,Bacteria; Pseudomonadati; Pseudomonadota; Betaproteobacteria; Burkholderiales; Alcaligenaceae; Pusillimonas,0,4_404_TdnA1#19,core,0.5612,1,1,0,0,transporter > transporter > transporter > [alpha] > beta > reductase
NZ_QEKO01000002.1:752550-753879:1,WP_116518500.1,C7440_RS10700,,aromatic ring-hydroxylating dioxygenase subunit alpha,4_404_TdnA1,4,208.3,0.8206,1.4e-61,NZ_QEKO01000002.1,752550,753879,1,Pusillimonas noertemannii,Bacteria; Pseudomonadati; Pseudomonadota; Betaproteobacteria; Burkholderiales; Alcaligenaceae; Pusillimonas,0,4_404_TdnA1#5,core,0.7617,1,1,0,0,ferredoxin > reductase > [alpha] > beta > other > other > reductase > other > reductase > transporter
NZ_QGGS01000019.1:42508-43792:-1,WP_046032708.1,C7534_RS23950,,Rieske 2Fe-2S domain-containing protein,4_404_TdnA1,4,287.2,0.9462,1.6e-85,NZ_QGGS01000019.1,42508,43792,-1,Pseudomonas sp. OV226,Bacteria; Pseudomonadati; Pseudomonadota; Gammaproteobacteria; Pseudomonadales; Pseudomonadaceae; Pseudomonas,0,4_404_TdnA1#1,core,0.9818,1,1,0,0,dehydrogenase > hypothetical > other > hydrolase > [alpha] > beta > reductase
NZ_QJRD01000150.1:56328-57612:1,WP_020799605.1,DM828_RS11430,,Rieske 2Fe-2S domain-containing protein,4_404_TdnA1,4,289.6,0.9462,3e-86,NZ_QJRD01000150.1,56328,57612,1,Pseudomonas umsongensis,Bacteria; Pseudomonadati; Pseudomonadota; Gammaproteobacteria; Pseudomonadales; Pseudomonadaceae; Pseudomonas,0,4_404_TdnA1#1,core,0.9895,1,1,0,0,dehydrogenase > hypothetical > other > hydrolase > [alpha] > beta > reductase
NZ_QKZF01000003.1:244437-245775:-1,WP_048986521.1,DFS13_RS09135,,aromatic ring-hydroxylating dioxygenase subunit alpha,4_404_TdnA1,4,215.8,0.7399,7.6e-64,NZ_QKZF01000003.1,244437,245775,-1,Burkholderia sp. 28_3,Bacteria; Pseudomonadati; Pseudomonadota; Betaproteobacteria; Burkholderiales; Burkholderiaceae; Burkholderia,0,4_404_TdnA1#2,core,0.8545,2,1,0,1,regulator > reductase > [alpha] > beta > hydrolase > reductase > hydrolase
NZ_QKZF01000004.1:151855-153139:1,WP_060212748.1,DFS13_RS11360,,Rieske 2Fe-2S domain-containing protein,4_404_TdnA1,4,282.7,0.9462,3.8e-84,NZ_QKZF01000004.1,151855,153139,1,Burkholderia sp. 28_3,Bacteria; Pseudomonadati; Pseudomonadota; Betaproteobacteria; Burkholderiales; Burkholderiaceae; Burkholderia,0,4_404_TdnA1#1,core,0.9814,1,1,0,0,[alpha] > beta > other
NZ_QKZJ01000022.1:9236-10643:1,WP_066605380.1,LX82_RS16345,,aromatic ring-hydroxylating dioxygenase subunit alpha,4_404_TdnA1,4,353.3,0.9709,1.5e-105,NZ_QKZJ01000022.1,9236,10643,1,Celeribacter halophilus,Bacteria; Pseudomonadati; Pseudomonadota; Alphaproteobacteria; Rhodobacterales; Roseobacteraceae; Celeribacter,0,4_404_TdnA1#27,novel_candidate,0.3711,1,1,0,0,other > transporter > transporter > transporter > transporter > beta > [alpha] > other > other > reductase
NZ_QLUZ01000003.1:225253-226537:-1,WP_059687650.1,DPR02_RS06535,,Rieske 2Fe-2S domain-containing protein,4_404_TdnA1,4,283.0,0.9439,3e-84,NZ_QLUZ01000003.1,225253,226537,-1,Burkholderia cepacia,Bacteria; Pseudomonadati; Pseudomonadota; Betaproteobacteria; Burkholderiales; Burkholderiaceae; Burkholderia; Burkholderia cepacia complex,0,4_404_TdnA1#1,core,0.9814,1,1,0,0,[alpha] > beta > other
NZ_QMFZ01000007.1:83031-84315:-1,WP_048020316.1,DPV79_RS10960,,Rieske 2Fe-2S domain-containing protein,4_404_TdnA1,4,285.4,0.9462,5.8e-85,NZ_QMFZ01000007.1,83031,84315,-1,Burkholderia reimsis,Bacteria; Pseudomonadati; Pseudomonadota; Betaproteobacteria; Burkholderiales; Burkholderiaceae; Burkholderia,0,4_404_TdnA1#1,core,0.9788,1,1,0,0,[alpha] > beta
NZ_QQAV01000004.1:299013-300327:-1,WP_114803050.1,DFR41_RS13510,,aromatic ring-hydroxylating dioxygenase subunit alpha,4_404_TdnA1,4,184.4,0.9395,2.5e-54,NZ_QQAV01000004.1,299013,300327,-1,Pseudacidovorax intermedius,Bacteria; Pseudomonadati; Pseudomonadota; Betaproteobacteria; Burkholderiales; Comamonadaceae; Pseudacidovorax,0,4_404_TdnA1#8,core,0.7906,1,1,0,0,transporter > transporter > [alpha] > beta > transporter > transporter > transporter > transporter > other > reductase
NZ_QQAV01000004.1:309193-310513:-1,WP_114803057.1,DFR41_RS13555,,aromatic ring-hydroxylating dioxygenase subunit alpha,4_404_TdnA1,4,201.6,0.9439,1.6e-59,NZ_QQAV01000004.1,309193,310513,-1,Pseudacidovorax intermedius,Bacteria; Pseudomonadati; Pseudomonadota; Betaproteobacteria; Burkholderiales; Comamonadaceae; Pseudacidovorax,0,4_404_TdnA1#13,core,0.5918,1,1,0,0,ferredoxin > reductase > reductase > [alpha] > beta > other > other > reductase > other > reductase
NZ_QTPR01000006.1:149920-151204:1,WP_044845359.1,DIE20_RS09020,,Rieske 2Fe-2S domain-containing protein,4_404_TdnA1,4,284.0,0.9439,1.5e-84,NZ_QTPR01000006.1,149920,151204,1,Burkholderia sp. Bp9131,Bacteria; Pseudomonadati; Pseudomonadota; Betaproteobacteria; Burkholderiales; Burkholderiaceae; Burkholderia,0,4_404_TdnA1#1,core,0.9813,1,1,0,0,[alpha] > beta
NZ_QTRZ01000009.1:25521-26805:1,WP_124464437.1,DF140_RS17390,,Rieske 2Fe-2S domain-containing protein,4_404_TdnA1,4,280.7,0.9462,1.5e-83,NZ_QTRZ01000009.1,25521,26805,1,Burkholderia cenocepacia,Bacteria; Pseudomonadati; Pseudomonadota; Betaproteobacteria; Burkholderiales; Burkholderiaceae; Burkholderia; Burkholderia cepacia complex,0,4_404_TdnA1#1,core,0.9629,1,1,0,0,[alpha] > beta
NZ_QTSG01000005.1:40745-42029:1,WP_006479678.1,DF042_RS07735,,Rieske 2Fe-2S domain-containing protein,4_404_TdnA1,4,283.4,0.9462,2.3e-84,NZ_QTSG01000005.1,40745,42029,1,Burkholderia cenocepacia,Bacteria; Pseudomonadati; Pseudomonadota; Betaproteobacteria; Burkholderiales; Burkholderiaceae; Burkholderia; Burkholderia cepacia complex,0,4_404_TdnA1#1,core,0.9734,1,1,0,0,[alpha] > beta > other
NZ_QTQZ01000007.1:236235-237519:-1,WP_039364111.1,DF035_RS11455,,Rieske 2Fe-2S domain-containing protein,4_404_TdnA1,4,288.2,0.9462,8e-86,NZ_QTQZ01000007.1,236235,237519,-1,Burkholderia contaminans,Bacteria; Pseudomonadati; Pseudomonadota; Betaproteobacteria; Burkholderiales; Burkholderiaceae; Burkholderia; Burkholderia cepacia complex,0,4_404_TdnA1#1,core,0.992,1,1,0,0,[alpha] > beta
NZ_QTQV01000009.1:230638-232024:-1,WP_124580110.1,DF051_RS17830,,Rieske 2Fe-2S domain-containing protein,4_404_TdnA1,4,467.7,0.9731,2.8e-140,NZ_QTQV01000009.1,230638,232024,-1,Burkholderia contaminans,Bacteria; Pseudomonadati; Pseudomonadota; Betaproteobacteria; Burkholderiales; Burkholderiaceae; Burkholderia; Burkholderia cepacia complex,0,4_404_TdnA1#16,divergent,0.4626,3,1,1,1,hypothetical > other > [alpha] > beta > reductase > ferredoxin
NZ_QTRK01000002.1:295835-297119:1,WP_060171329.1,DF041_RS03235,,Rieske 2Fe-2S domain-containing protein,4_404_TdnA1,4,284.5,0.9439,1.1e-84,NZ_QTRK01000002.1,295835,297119,1,Burkholderia cepacia,Bacteria; Pseudomonadati; Pseudomonadota; Betaproteobacteria; Burkholderiales; Burkholderiaceae; Burkholderia; Burkholderia cepacia complex,0,4_404_TdnA1#1,core,0.9814,1,1,0,0,[alpha] > beta > ring_cleavage
NZ_QUZJ01000008.1:60963-62241:-1,WP_004792054.1,DZ985_RS13650,,Rieske 2Fe-2S domain-containing protein,4_404_TdnA1,4,302.5,0.9484,3.7e-90,NZ_QUZJ01000008.1,60963,62241,-1,Acinetobacter sp. JW,Bacteria; Pseudomonadati; Pseudomonadota; Gammaproteobacteria; Moraxellales; Moraxellaceae; Acinetobacter,0,4_404_TdnA1#0,core,0.9759,1,1,0,0,hydrolase > dehydrogenase > hypothetical > other > [alpha] > beta > reductase > reductase > reductase
NZ_RARP01000005.1:230202-231486:-1,WP_039364111.1,D7S92_RS09785,,Rieske 2Fe-2S domain-containing protein,4_404_TdnA1,4,288.2,0.9462,8e-86,NZ_RARP01000005.1,230202,231486,-1,Burkholderia contaminans,Bacteria; Pseudomonadati; Pseudomonadota; Betaproteobacteria; Burkholderiales; Burkholderiaceae; Burkholderia; Burkholderia cepacia complex,0,4_404_TdnA1#1,core,0.992,1,1,0,0,[alpha] > beta
NZ_RHXK01000002.1:161346-162660:-1,WP_063690659.1,EGT81_RS04340,,aromatic ring-hydroxylating dioxygenase subunit alpha,4_404_TdnA1,4,196.7,0.9507,4.8e-58,NZ_RHXK01000002.1,161346,162660,-1,Alcaligenes faecalis,Bacteria; Pseudomonadati; Pseudomonadota; Betaproteobacteria; Burkholderiales; Alcaligenaceae; Alcaligenes,0,4_404_TdnA1#19,divergent,0.5492,1,1,0,0,transporter > transporter > transporter > transporter > [alpha] > beta > reductase
NZ_RQLP01000107.1:267262-268540:1,WP_049594828.1,ECE09_RS08935,,Rieske 2Fe-2S domain-containing protein,4_404_TdnA1,4,302.0,0.9484,5.1e-90,NZ_RQLP01000107.1,267262,268540,1,Acinetobacter baumannii,Bacteria; Pseudomonadati; Pseudomonadota; Gammaproteobacteria; Moraxellales; Moraxellaceae; Acinetobacter; Acinetobacter calcoaceticus/baumannii complex,0,4_404_TdnA1#0,core,0.9735,1,1,0,0,hydrolase > dehydrogenase > hypothetical > other > [alpha] > beta > reductase > reductase > reductase
NZ_RWHR01000003.1:679367-680669:-1,WP_001149806.1,D7Z29_RS05175,,Rieske 2Fe-2S domain-containing protein,4_404_TdnA1,4,303.5,0.9395,1.8e-90,NZ_RWHR01000003.1,679367,680669,-1,Escherichia fergusonii,Bacteria; Pseudomonadati; Pseudomonadota; Gammaproteobacteria; Enterobacterales; Enterobacteriaceae; Escherichia,0,4_404_TdnA1#0,core,0.7769,2,1,0,1,hydrolase > dehydrogenase > hypothetical > other > [alpha] > beta > reductase > reductase > reductase > transporter
NZ_RWKA01000001.1:500546-501797:1,WP_036446625.1,EJD98_RS02260,,Rieske 2Fe-2S domain-containing protein,4_404_TdnA1,4,261.7,0.935,8.8e-78,NZ_RWKA01000001.1,500546,501797,1,Mycolicibacterium peregrinum,Bacteria; Bacillati; Actinomycetota; Actinomycetes; Mycobacteriales; Mycobacteriaceae; Mycolicibacterium,0,4_404_TdnA1#6,core,0.9074,1,1,0,0,other > other > [alpha] > beta > hypothetical > other > other > other > reductase > other > other > other > other
NZ_RXYI01000033.1:45615-46881:-1,WP_226926277.1,EKA85_RS27555,,Rieske 2Fe-2S domain-containing protein,4_404_TdnA1,4,309.4,0.9327,2.9e-92,NZ_RXYI01000033.1,45615,46881,-1,Pseudomonas veronii,Bacteria; Pseudomonadati; Pseudomonadota; Gammaproteobacteria; Pseudomonadales; Pseudomonadaceae; Pseudomonas,0,4_404_TdnA1#0,core,0.8338,1,1,0,0,hydrolase > other > hypothetical > other > [alpha] > beta > reductase > reductase > reductase
NZ_SCVF01000051.1:57984-59301:1,WP_296781589.1,EPO53_RS18445,,aromatic ring-hydroxylating dioxygenase subunit alpha,4_404_TdnA1,4,218.0,0.9395,1.6e-64,NZ_SCVF01000051.1,57984,59301,1,Variovorax sp.,Bacteria; Pseudomonadati; Pseudomonadota; Betaproteobacteria; Burkholderiales; Comamonadaceae; Variovorax,0,4_404_TdnA1#13,core,0.5625,1,1,0,0,ferredoxin > reductase > reductase > [alpha] > beta > other
NZ_SCVF01000051.1:68168-69500:1,WP_296781597.1,EPO53_RS18490,,aromatic ring-hydroxylating dioxygenase subunit alpha,4_404_TdnA1,4,190.6,0.9417,3.4e-56,NZ_SCVF01000051.1,68168,69500,1,Variovorax sp.,Bacteria; Pseudomonadati; Pseudomonadota; Betaproteobacteria; Burkholderiales; Comamonadaceae; Variovorax,0,4_404_TdnA1#8,core,0.8496,1,1,0,0,other > reductase > other > reductase > transporter > transporter > [alpha] > beta > transporter > transporter > transporter > transporter > other > reductase > regulator > hydrolase > other > other
NZ_SGFE01000020.1:78030-79305:-1,WP_065892730.1,EUX57_RS11315,,Rieske 2Fe-2S domain-containing protein,4_404_TdnA1,4,297.2,0.935,1.5e-88,NZ_SGFE01000020.1,78030,79305,-1,Pseudomonas orientalis,Bacteria; Pseudomonadati; Pseudomonadota; Gammaproteobacteria; Pseudomonadales; Pseudomonadaceae; Pseudomonas,0,4_404_TdnA1#3,core,0.8248,1,1,0,0,other > hypothetical > [alpha] > beta > reductase > reductase > reductase
NZ_SGFE01000020.1:95071-96355:-1,WP_130138455.1,EUX57_RS11400,,Rieske 2Fe-2S domain-containing protein,4_404_TdnA1,4,302.5,0.9395,3.8e-90,NZ_SGFE01000020.1,95071,96355,-1,Pseudomonas orientalis,Bacteria; Pseudomonadati; Pseudomonadota; Gammaproteobacteria; Pseudomonadales; Pseudomonadaceae; Pseudomonas,0,4_404_TdnA1#0,core,0.8623,1,1,0,0,[alpha] > beta
NZ_SGTR01000021.1:27366-28644:1,WP_005074154.1,EXD88_RS19165,,Rieske 2Fe-2S domain-containing protein,4_404_TdnA1,4,300.2,0.9484,1.8e-89,NZ_SGTR01000021.1,27366,28644,1,Acinetobacter pittii,Bacteria; Pseudomonadati; Pseudomonadota; Gammaproteobacteria; Moraxellales; Moraxellaceae; Acinetobacter; Acinetobacter calcoaceticus/baumannii complex,0,4_404_TdnA1#0,core,0.9893,1,1,0,0,hydrolase > dehydrogenase > other > other > [alpha] > beta > reductase > reductase > reductase
NZ_SGSU01000013.1:90705-91983:-1,WP_005406177.1,EXE25_RS12310,,Rieske 2Fe-2S domain-containing protein,4_404_TdnA1,4,304.4,0.9529,9.5e-91,NZ_SGSU01000013.1,90705,91983,-1,Acinetobacter bouvetii,Bacteria; Pseudomonadati; Pseudomonadota; Gammaproteobacteria; Moraxellales; Moraxellaceae; Acinetobacter,0,4_404_TdnA1#0,core,0.9071,1,1,0,0,hydrolase > dehydrogenase > other > [alpha] > beta > reductase > reductase > reductase
NZ_SGTQ01000003.1:58479-59757:-1,WP_017386063.1,EXD89_RS04495,,Rieske 2Fe-2S domain-containing protein,4_404_TdnA1,4,301.7,0.9484,6.6e-90,NZ_SGTQ01000003.1,58479,59757,-1,Acinetobacter pittii,Bacteria; Pseudomonadati; Pseudomonadota; Gammaproteobacteria; Moraxellales; Moraxellaceae; Acinetobacter; Acinetobacter calcoaceticus/baumannii complex,0,4_404_TdnA1#0,core,0.984,1,1,0,0,hydrolase > dehydrogenase > hypothetical > other > [alpha] > beta > reductase > reductase > reductase
NZ_SNSA01000006.1:232993-234271:1,WP_086393872.1,E2R16_RS13405,,Rieske 2Fe-2S domain-containing protein,4_404_TdnA1,4,301.0,0.9484,1.1e-89,NZ_SNSA01000006.1,232993,234271,1,Acinetobacter seifertii,Bacteria; Pseudomonadati; Pseudomonadota; Gammaproteobacteria; Moraxellales; Moraxellaceae; Acinetobacter; Acinetobacter calcoaceticus/baumannii complex,0,4_404_TdnA1#0,core,0.9893,1,1,0,0,hydrolase > dehydrogenase > other > other > [alpha] > beta > reductase > reductase > reductase
NZ_SPVI01000026.1:6199-7474:1,WP_017528259.1,E4T65_RS27615,,Rieske 2Fe-2S domain-containing protein,4_404_TdnA1,4,301.5,0.935,7.6e-90,NZ_SPVI01000026.1,6199,7474,1,Pseudomonas fluorescens,Bacteria; Pseudomonadati; Pseudomonadota; Gammaproteobacteria; Pseudomonadales; Pseudomonadaceae; Pseudomonas,0,4_404_TdnA1#3,core,0.8324,1,1,0,0,other > hypothetical > [alpha] > beta > reductase > reductase > reductase > hydrolase > other > transporter
NZ_SPVI01000003.1:66811-68092:-1,WP_199772223.1,E4T65_RS05905,,Rieske 2Fe-2S domain-containing protein,4_404_TdnA1,4,308.4,0.9439,6.1e-92,NZ_SPVI01000003.1,66811,68092,-1,Pseudomonas fluorescens,Bacteria; Pseudomonadati; Pseudomonadota; Gammaproteobacteria; Pseudomonadales; Pseudomonadaceae; Pseudomonas,0,4_404_TdnA1#0,core,0.8476,1,1,0,0,hydrolase > other > hypothetical > other > [alpha] > beta > reductase > reductase > reductase
NZ_SSWO01000002.1:695255-696593:-1,WP_136469688.1,E9536_RS08300,,aromatic ring-hydroxylating dioxygenase subunit alpha,4_404_TdnA1,4,215.6,0.7489,8.8e-64,NZ_SSWO01000002.1,695255,696593,-1,Burkholderia sp. LS-044,Bacteria; Pseudomonadati; Pseudomonadota; Betaproteobacteria; Burkholderiales; Burkholderiaceae; Burkholderia,0,4_404_TdnA1#2,core,0.8505,2,1,0,1,regulator > reductase > [alpha] > beta > hydrolase > reductase > hydrolase
NZ_UARC01000023.1:196768-198106:1,WP_048986521.1,DTA18_RS33630,,aromatic ring-hydroxylating dioxygenase subunit alpha,4_404_TdnA1,4,215.8,0.7399,7.6e-64,NZ_UARC01000023.1,196768,198106,1,Burkholderia cenocepacia,Bacteria; Pseudomonadati; Pseudomonadota; Betaproteobacteria; Burkholderiales; Burkholderiaceae; Burkholderia; Burkholderia cepacia complex,0,4_404_TdnA1#2,core,0.8545,2,1,0,1,regulator > reductase > [alpha] > beta > hydrolase > reductase > hydrolase
NZ_UARC01000009.1:765413-766697:1,WP_006483596.1,DTA18_RS15540,,Rieske 2Fe-2S domain-containing protein,4_404_TdnA1,4,282.4,0.9462,4.6e-84,NZ_UARC01000009.1,765413,766697,1,Burkholderia cenocepacia,Bacteria; Pseudomonadati; Pseudomonadota; Betaproteobacteria; Burkholderiales; Burkholderiaceae; Burkholderia; Burkholderia cepacia complex,0,4_404_TdnA1#1,core,0.9787,1,1,0,0,[alpha] > beta
NZ_UFOY01000001.1:921891-923169:1,WP_031983072.1,DVZ10_RS04255,,Rieske 2Fe-2S domain-containing protein,4_404_TdnA1,4,300.7,0.9484,1.3e-89,NZ_UFOY01000001.1,921891,923169,1,Acinetobacter nosocomialis,Bacteria; Pseudomonadati; Pseudomonadota; Gammaproteobacteria; Moraxellales; Moraxellaceae; Acinetobacter; Acinetobacter calcoaceticus/baumannii complex,0,4_404_TdnA1#0,core,0.984,1,1,0,0,hydrolase > dehydrogenase > hypothetical > other > [alpha] > beta > reductase > reductase > reductase
NZ_UIGD01000006.1:238418-239675:-1,WP_010930733.1,DY207_RS16895,,Rieske 2Fe-2S domain-containing protein,4_404_TdnA1,4,244.4,0.9417,1.6e-72,NZ_UIGD01000006.1,238418,239675,-1,Bordetella pertussis,Bacteria; Pseudomonadati; Pseudomonadota; Betaproteobacteria; Burkholderiales; Alcaligenaceae; Bordetella,0,4_404_TdnA1#29,core,0.5795,2,1,1,0,[alpha] > beta > other > reductase > ferredoxin > other
NZ_VANB01000005.1:61626-62904:1,WP_001084470.1,FEC88_RS04040,,Rieske 2Fe-2S domain-containing protein,4_404_TdnA1,4,300.8,0.9484,1.2e-89,NZ_VANB01000005.1,61626,62904,1,Acinetobacter baumannii,Bacteria; Pseudomonadati; Pseudomonadota; Gammaproteobacteria; Moraxellales; Moraxellaceae; Acinetobacter; Acinetobacter calcoaceticus/baumannii complex,0,4_404_TdnA1#0,core,0.9866,1,1,0,0,hydrolase > dehydrogenase > hypothetical > other > [alpha] > beta > reductase > reductase > reductase
NZ_VBSA01000004.1:471094-472402:-1,WP_197721571.1,FE241_RS14980,,aromatic ring-hydroxylating dioxygenase subunit alpha,4_404_TdnA1,4,308.5,0.9439,5.5e-92,NZ_VBSA01000004.1,471094,472402,-1,Raoultella terrigena,Bacteria; Pseudomonadati; Pseudomonadota; Gammaproteobacteria; Enterobacterales; Enterobacteriaceae; Klebsiella/Raoultella group; Raoultella,0,4_404_TdnA1#0,core,0.7446,2,1,0,1,hydrolase > dehydrogenase > hypothetical > other > [alpha] > beta > reductase > reductase > reductase > transporter
NZ_UYXP01000003.1:491385-492660:-1,WP_071494981.1,E4W55_RS09025,,Rieske 2Fe-2S domain-containing protein,4_404_TdnA1,4,295.6,0.935,4.7e-88,NZ_UYXP01000003.1,491385,492660,-1,Pseudomonas azotoformans,Bacteria; Pseudomonadati; Pseudomonadota; Gammaproteobacteria; Pseudomonadales; Pseudomonadaceae; Pseudomonas,0,4_404_TdnA1#3,core,0.8175,1,1,0,0,other > other > [alpha] > beta > reductase > reductase > reductase
NZ_VCCM02000002.1:299061-300348:1,WP_041989883.1,FCE86_RS26650,,Rieske 2Fe-2S domain-containing protein,4_404_TdnA1,4,299.1,0.9417,4e-89,NZ_VCCM02000002.1,299061,300348,1,Pseudomonas sp. ATCC 13985,Bacteria; Pseudomonadati; Pseudomonadota; Gammaproteobacteria; Pseudomonadales; Pseudomonadaceae; Pseudomonas,0,4_404_TdnA1#0,core,0.8497,1,1,0,0,hydrolase > other > hypothetical > other > [alpha] > beta > reductase > reductase > reductase
NZ_VFBM01000002.1:374663-375941:1,WP_017400904.1,FHY67_RS03965,,Rieske 2Fe-2S domain-containing protein,4_404_TdnA1,4,305.2,0.9529,5.7e-91,NZ_VFBM01000002.1,374663,375941,1,Acinetobacter radioresistens,Bacteria; Pseudomonadati; Pseudomonadota; Gammaproteobacteria; Moraxellales; Moraxellaceae; Acinetobacter,0,4_404_TdnA1#0,core,0.9227,1,1,0,0,hydrolase > dehydrogenase > hypothetical > other > [alpha] > beta > reductase > reductase > reductase > dehydrogenase
NZ_VFEW01000003.1:171924-173211:1,WP_076961384.1,FIV37_RS04110,,Rieske 2Fe-2S domain-containing protein,4_404_TdnA1,4,297.4,0.935,1.3e-88,NZ_VFEW01000003.1,171924,173211,1,Pseudomonas gessardii,Bacteria; Pseudomonadati; Pseudomonadota; Gammaproteobacteria; Pseudomonadales; Pseudomonadaceae; Pseudomonas,0,4_404_TdnA1#3,core,0.7893,1,1,0,0,hydrolase > dehydrogenase > other > other > [alpha] > beta > reductase > reductase > reductase
NZ_VFSF01000003.1:573612-574926:1,WP_032611412.1,FJK99_RS11080,,Rieske 2Fe-2S domain-containing protein,4_404_TdnA1,4,306.4,0.9619,2.4e-91,NZ_VFSF01000003.1,573612,574926,1,Leclercia adecarboxylata,Bacteria; Pseudomonadati; Pseudomonadota; Gammaproteobacteria; Enterobacterales; Enterobacteriaceae; Leclercia,0,4_404_TdnA1#0,core,0.7701,1,1,0,0,hydrolase > dehydrogenase > hypothetical > other > [alpha] > beta > reductase > reductase > reductase > transporter > other > other > other > ring_cleavage > ring_cleavage > ring_cleavage
NZ_VHHK01000025.1:13508-14786:-1,WP_001084472.1,FJV22_RS18000,,Rieske 2Fe-2S domain-containing protein,4_404_TdnA1,4,301.0,0.9484,1e-89,NZ_VHHK01000025.1,13508,14786,-1,Acinetobacter baumannii,Bacteria; Pseudomonadati; Pseudomonadota; Gammaproteobacteria; Moraxellales; Moraxellaceae; Acinetobacter; Acinetobacter calcoaceticus/baumannii complex,0,4_404_TdnA1#0,core,0.984,1,1,0,0,hydrolase > dehydrogenase > hypothetical > other > [alpha] > beta > reductase > reductase > reductase
NZ_VIUS01000003.1:22606-23959:-1,WP_145756381.1,FBX98_RS06220,,aromatic ring-hydroxylating dioxygenase subunit alpha,4_404_TdnA1,4,218.2,0.7354,1.4e-64,NZ_VIUS01000003.1,22606,23959,-1,Burkholderia sp. SJZ115,Bacteria; Pseudomonadati; Pseudomonadota; Betaproteobacteria; Burkholderiales; Burkholderiaceae; Burkholderia,0,4_404_TdnA1#2,core,0.8501,2,1,0,1,regulator > reductase > [alpha] > beta > hydrolase > dehydrogenase > hydrolase > hydrolase > dehydrogenase
NZ_VITY01000001.1:850786-852127:-1,WP_146984651.1,FBZ93_RS04085,,aromatic ring-hydroxylating dioxygenase subunit alpha,4_404_TdnA1,4,202.1,0.7937,1.1e-59,NZ_VITY01000001.1,850786,852127,-1,Bradyrhizobium macuxiense,Bacteria; Pseudomonadati; Pseudomonadota; Alphaproteobacteria; Hyphomicrobiales; Nitrobacteraceae; Bradyrhizobium,0,4_404_TdnA1#20,core,0.6312,1,1,0,0,reductase > [alpha] > beta > other > reductase
NZ_VJSI01000023.1:104987-106271:-1,WP_039223077.1,FEP83_RS21870,,Rieske 2Fe-2S domain-containing protein,4_404_TdnA1,4,282.9,0.9417,3.2e-84,NZ_VJSI01000023.1,104987,106271,-1,Burkholderia multivorans,Bacteria; Pseudomonadati; Pseudomonadota; Betaproteobacteria; Burkholderiales; Burkholderiaceae; Burkholderia; Burkholderia cepacia complex,0,4_404_TdnA1#1,core,0.9496,1,1,0,0,[alpha] > beta > other
NZ_VJSV01000031.1:10422-11706:-1,WP_069221355.1,FEP96_RS27425,,Rieske 2Fe-2S domain-containing protein,4_404_TdnA1,4,280.4,0.9417,1.9e-83,NZ_VJSV01000031.1,10422,11706,-1,Burkholderia multivorans,Bacteria; Pseudomonadati; Pseudomonadota; Betaproteobacteria; Burkholderiales; Burkholderiaceae; Burkholderia; Burkholderia cepacia complex,0,4_404_TdnA1#1,core,0.9416,1,1,0,0,[alpha] > beta > other
NZ_VKJJ01000005.1:144381-145662:-1,WP_035380260.1,FOH22_RS02070,,Rieske 2Fe-2S domain-containing protein,4_404_TdnA1,4,251.0,0.935,1.5e-74,NZ_VKJJ01000005.1,144381,145662,-1,Acetobacter tropicalis,Bacteria; Pseudomonadati; Pseudomonadota; Alphaproteobacteria; Acetobacterales; Acetobacteraceae; Acetobacter,0,4_404_TdnA1#10,core,0.9947,1,1,0,0,dehydrogenase > [alpha] > beta > reductase > reductase > reductase > other > reductase > hydrolase > other > hypothetical
NZ_VJSS01000027.1:17485-18769:1,WP_006404350.1,FEP93_RS23820,,Rieske 2Fe-2S domain-containing protein,4_404_TdnA1,4,280.4,0.9417,1.9e-83,NZ_VJSS01000027.1,17485,18769,1,Burkholderia multivorans,Bacteria; Pseudomonadati; Pseudomonadota; Betaproteobacteria; Burkholderiales; Burkholderiaceae; Burkholderia; Burkholderia cepacia complex,0,4_404_TdnA1#1,core,0.9416,1,1,0,0,[alpha] > beta > other
NZ_VLVU01000011.1:67771-69049:1,WP_032056018.1,G4902_RS08250,,Rieske 2Fe-2S domain-containing protein,4_404_TdnA1,4,302.8,0.9484,3e-90,NZ_VLVU01000011.1,67771,69049,1,Acinetobacter pittii,Bacteria; Pseudomonadati; Pseudomonadota; Gammaproteobacteria; Moraxellales; Moraxellaceae; Acinetobacter; Acinetobacter calcoaceticus/baumannii complex,0,4_404_TdnA1#0,core,0.9866,1,1,0,0,hydrolase > dehydrogenase > hypothetical > other > [alpha] > beta > reductase > reductase > reductase
NZ_VMTP01000051.1:45879-47160:-1,WP_016652772.1,FPV60_RS08440,,Rieske 2Fe-2S domain-containing protein,4_404_TdnA1,4,301.9,0.9507,5.5e-90,NZ_VMTP01000051.1,45879,47160,-1,Acinetobacter colistiniresistens,Bacteria; Pseudomonadati; Pseudomonadota; Gammaproteobacteria; Moraxellales; Moraxellaceae; Acinetobacter,0,4_404_TdnA1#0,core,0.9517,1,1,0,0,hydrolase > dehydrogenase > other > [alpha] > beta > reductase > reductase > reductase > regulator > reductase > dehydrogenase
NZ_VLKS01000008.1:239259-240600:1,WP_036023802.1,IQ15_RS27780,,Rieske 2Fe-2S domain-containing protein,4_404_TdnA1,4,202.0,0.7937,1.2e-59,NZ_VLKS01000008.1,239259,240600,1,Bradyrhizobium yuanmingense,Bacteria; Pseudomonadati; Pseudomonadota; Alphaproteobacteria; Hyphomicrobiales; Nitrobacteraceae; Bradyrhizobium,0,4_404_TdnA1#5,core,0.6316,2,1,0,1,reductase > [alpha] > beta > other > reductase
NZ_VNVX01000022.1:81019-82327:-1,WP_032698838.1,FML70_RS17700,,Rieske 2Fe-2S domain-containing protein,4_404_TdnA1,4,306.0,0.9484,3.3e-91,NZ_VNVX01000022.1,81019,82327,-1,Raoultella planticola,Bacteria; Pseudomonadati; Pseudomonadota; Gammaproteobacteria; Enterobacterales; Enterobacteriaceae; Klebsiella/Raoultella group; Raoultella,0,4_404_TdnA1#0,core,0.7394,2,1,0,1,hydrolase > dehydrogenase > other > other > [alpha] > beta > reductase > reductase > reductase
NZ_VOBI01000004.1:35527-36802:-1,WP_149416991.1,FQ185_RS07670,,Rieske 2Fe-2S domain-containing protein,4_404_TdnA1,4,297.1,0.9439,1.6e-88,NZ_VOBI01000004.1,35527,36802,-1,Pseudomonas sp. ANT_H12B,Bacteria; Pseudomonadati; Pseudomonadota; Gammaproteobacteria; Pseudomonadales; Pseudomonadaceae; Pseudomonas,0,4_404_TdnA1#0,core,0.8532,1,1,0,0,hydrolase > dehydrogenase > other > other > [alpha] > beta > reductase > reductase > reductase
NZ_VRKM01000003.1:457001-458309:-1,WP_222848023.1,FU671_RS08810,,aromatic ring-hydroxylating dioxygenase subunit alpha,4_404_TdnA1,4,308.6,0.9439,5.1e-92,NZ_VRKM01000003.1,457001,458309,-1,Raoultella terrigena,Bacteria; Pseudomonadati; Pseudomonadota; Gammaproteobacteria; Enterobacterales; Enterobacteriaceae; Klebsiella/Raoultella group; Raoultella,0,4_404_TdnA1#0,core,0.7446,2,1,0,1,hydrolase > dehydrogenase > hypothetical > other > [alpha] > beta > reductase > reductase > reductase > transporter
NZ_VWRP01000012.1:9572-10883:-1,WP_048278164.1,F1652_RS09320,,Rieske 2Fe-2S domain-containing protein,4_404_TdnA1,4,302.4,0.9529,4e-90,NZ_VWRP01000012.1,9572,10883,-1,Pluralibacter gergoviae,Bacteria; Pseudomonadati; Pseudomonadota; Gammaproteobacteria; Enterobacterales; Enterobacteriaceae; Pluralibacter,0,4_404_TdnA1#0,core,0.7639,2,1,0,1,hydrolase > dehydrogenase > hypothetical > other > [alpha] > beta > reductase > reductase > reductase > transporter
NZ_VYTL01000004.1:66400-67678:1,WP_001084470.1,F4T81_RS04150,,Rieske 2Fe-2S domain-containing protein,4_404_TdnA1,4,300.8,0.9484,1.2e-89,NZ_VYTL01000004.1,66400,67678,1,Acinetobacter nosocomialis,Bacteria; Pseudomonadati; Pseudomonadota; Gammaproteobacteria; Moraxellales; Moraxellaceae; Acinetobacter; Acinetobacter calcoaceticus/baumannii complex,0,4_404_TdnA1#0,core,0.9866,1,1,0,0,hydrolase > dehydrogenase > hypothetical > other > [alpha] > beta > reductase > reductase > reductase
NZ_VYTU01000031.1:12912-14190:-1,WP_005069110.1,F4T72_RS13540,,Rieske 2Fe-2S domain-containing protein,4_404_TdnA1,4,302.4,0.9484,4.1e-90,NZ_VYTU01000031.1,12912,14190,-1,Acinetobacter pittii,Bacteria; Pseudomonadati; Pseudomonadota; Gammaproteobacteria; Moraxellales; Moraxellaceae; Acinetobacter; Acinetobacter calcoaceticus/baumannii complex,0,4_404_TdnA1#0,core,0.992,1,1,0,0,hydrolase > dehydrogenase > hypothetical > other > [alpha] > beta > reductase > reductase > reductase
NZ_VYTM01000009.1:67848-69126:1,WP_002120952.1,F4T80_RS09430,,Rieske 2Fe-2S domain-containing protein,4_404_TdnA1,4,303.8,0.9507,1.5e-90,NZ_VYTM01000009.1,67848,69126,1,Acinetobacter pittii,Bacteria; Pseudomonadati; Pseudomonadota; Gammaproteobacteria; Moraxellales; Moraxellaceae; Acinetobacter; Acinetobacter calcoaceticus/baumannii complex,0,4_404_TdnA1#0,core,0.9892,1,1,0,0,hydrolase > dehydrogenase > hypothetical > other > [alpha] > beta > reductase > reductase > reductase
NZ_VXLD01000008.1:114376-115654:-1,WP_016166450.1,F4W09_RS12575,,Rieske 2Fe-2S domain-containing protein,4_404_TdnA1,4,303.8,0.9417,1.5e-90,NZ_VXLD01000008.1,114376,115654,-1,Acinetobacter tandoii,Bacteria; Pseudomonadati; Pseudomonadota; Gammaproteobacteria; Moraxellales; Moraxellaceae; Acinetobacter,0,4_404_TdnA1#15,core,0.9268,1,1,0,0,hydrolase > dehydrogenase > hypothetical > other > [alpha] > beta > reductase > reductase > reductase
NZ_VZOG01000031.1:18956-20234:-1,WP_004721598.1,F7P82_RS11425,,Rieske 2Fe-2S domain-containing protein,4_404_TdnA1,4,297.7,0.9529,1.1e-88,NZ_VZOG01000031.1,18956,20234,-1,Acinetobacter guillouiae,Bacteria; Pseudomonadati; Pseudomonadota; Gammaproteobacteria; Moraxellales; Moraxellaceae; Acinetobacter,0,4_404_TdnA1#0,core,0.9303,1,1,0,0,hydrolase > dehydrogenase > other > [alpha] > beta > reductase > reductase > reductase > regulator
NZ_VZOL01000218.1:3198-4482:-1,WP_059452086.1,F7R13_RS16885,,Rieske 2Fe-2S domain-containing protein,4_404_TdnA1,4,286.6,0.9462,2.4e-85,NZ_VZOL01000218.1,3198,4482,-1,Burkholderia territorii,Bacteria; Pseudomonadati; Pseudomonadota; Betaproteobacteria; Burkholderiales; Burkholderiaceae; Burkholderia; Burkholderia cepacia complex,0,4_404_TdnA1#1,core,0.9653,1,1,0,0,[alpha] > beta > ring_cleavage
NZ_VZPS01000004.1:18989-20264:1,WP_075946080.1,F7R15_RS07085,,Rieske 2Fe-2S domain-containing protein,4_404_TdnA1,4,313.3,0.9507,1.9e-93,NZ_VZPS01000004.1,18989,20264,1,Pseudomonas reinekei,Bacteria; Pseudomonadati; Pseudomonadota; Gammaproteobacteria; Pseudomonadales; Pseudomonadaceae; Pseudomonas,0,4_404_TdnA1#3,core,0.8212,1,1,0,0,hydrolase > other > other > other > [alpha] > beta > reductase > reductase > reductase
NZ_VZPS01000004.1:211588-212920:-1,WP_092267178.1,F7R15_RS07950,,aromatic ring-hydroxylating dioxygenase subunit alpha,4_404_TdnA1,4,215.0,0.9462,1.3e-63,NZ_VZPS01000004.1,211588,212920,-1,Pseudomonas reinekei,Bacteria; Pseudomonadati; Pseudomonadota; Gammaproteobacteria; Pseudomonadales; Pseudomonadaceae; Pseudomonas,0,4_404_TdnA1#2,core,0.8516,2,1,0,1,alpha_other > beta > reductase > transporter > transporter > transporter > transporter > transporter > hydrolase > reductase > [alpha] > beta > hydrolase > reductase > hydrolase
NZ_VZPS01000028.1:42877-44161:1,WP_075949202.1,F7R15_RS27280,,Rieske 2Fe-2S domain-containing protein,4_404_TdnA1,4,287.3,0.9462,1.5e-85,NZ_VZPS01000028.1,42877,44161,1,Pseudomonas reinekei,Bacteria; Pseudomonadati; Pseudomonadota; Gammaproteobacteria; Pseudomonadales; Pseudomonadaceae; Pseudomonas,0,4_404_TdnA1#1,core,0.9842,1,1,0,0,dehydrogenase > hypothetical > other > hydrolase > [alpha] > beta > reductase
NZ_WHJJ01000016.1:4615-5896:-1,WP_152833407.1,GC248_RS04680,,Rieske 2Fe-2S domain-containing protein,4_404_TdnA1,4,250.2,0.935,2.7e-74,NZ_WHJJ01000016.1,4615,5896,-1,Acetobacter senegalensis,Bacteria; Pseudomonadati; Pseudomonadota; Alphaproteobacteria; Acetobacterales; Acetobacteraceae; Acetobacter,0,4_404_TdnA1#10,core,0.9947,1,1,0,0,dehydrogenase > [alpha] > beta > reductase > reductase > reductase > other > reductase > hydrolase
NZ_WJNU01000003.1:185026-186304:-1,WP_001084464.1,GFB79_RS05350,,Rieske 2Fe-2S domain-containing protein,4_404_TdnA1,4,302.2,0.9484,4.5e-90,NZ_WJNU01000003.1,185026,186304,-1,Acinetobacter baumannii,Bacteria; Pseudomonadati; Pseudomonadota; Gammaproteobacteria; Moraxellales; Moraxellaceae; Acinetobacter; Acinetobacter calcoaceticus/baumannii complex,0,4_404_TdnA1#0,core,0.9893,1,1,0,0,hydrolase > dehydrogenase > hypothetical > other > [alpha] > beta > reductase > reductase > reductase
NZ_WKEI01000013.1:60707-61994:-1,WP_076961384.1,GIW61_RS07650,,Rieske 2Fe-2S domain-containing protein,4_404_TdnA1,4,297.4,0.935,1.3e-88,NZ_WKEI01000013.1,60707,61994,-1,Pseudomonas gessardii,Bacteria; Pseudomonadati; Pseudomonadota; Gammaproteobacteria; Pseudomonadales; Pseudomonadaceae; Pseudomonas,0,4_404_TdnA1#3,core,0.7893,1,1,0,0,hydrolase > dehydrogenase > other > other > [alpha] > beta > reductase > reductase > reductase
NZ_WNDV01000005.1:301871-303155:-1,WP_278645816.1,GAK33_RS11135,,aromatic ring-hydroxylating dioxygenase subunit alpha,4_404_TdnA1,4,283.2,0.9462,2.6e-84,NZ_WNDV01000005.1,301871,303155,-1,Burkholderia lata,Bacteria; Pseudomonadati; Pseudomonadota; Betaproteobacteria; Burkholderiales; Burkholderiaceae; Burkholderia; Burkholderia cepacia complex,0,4_404_TdnA1#1,core,0.9919,1,1,0,0,[alpha] > beta
NZ_WPHE01000003.1:125025-126330:1,WP_015369889.1,GOU90_RS07625,,Rieske 2Fe-2S domain-containing protein,4_404_TdnA1,4,316.9,0.9574,1.6e-94,NZ_WPHE01000003.1,125025,126330,1,Klebsiella aerogenes,Bacteria; Pseudomonadati; Pseudomonadota; Gammaproteobacteria; Enterobacterales; Enterobacteriaceae; Klebsiella/Raoultella group; Klebsiella,0,4_404_TdnA1#0,core,0.7732,1,1,0,0,hydrolase > dehydrogenase > other > [alpha] > beta > reductase > reductase > reductase > transporter
NZ_WQMN01000026.1:26068-27346:-1,WP_001084467.1,GO875_RS09460,,Rieske 2Fe-2S domain-containing protein,4_404_TdnA1,4,302.8,0.9484,3e-90,NZ_WQMN01000026.1,26068,27346,-1,Acinetobacter baumannii,Bacteria; Pseudomonadati; Pseudomonadota; Gammaproteobacteria; Moraxellales; Moraxellaceae; Acinetobacter; Acinetobacter calcoaceticus/baumannii complex,0,4_404_TdnA1#0,core,0.992,1,1,0,0,hydrolase > dehydrogenase > hypothetical > other > [alpha] > beta > reductase > reductase > reductase
NZ_WUQI01000006.1:73330-74638:-1,WP_004867258.1,GOX97_RS09800,,Rieske 2Fe-2S domain-containing protein,4_404_TdnA1,4,306.2,0.9484,2.7e-91,NZ_WUQI01000006.1,73330,74638,-1,Raoultella ornithinolytica,Bacteria; Pseudomonadati; Pseudomonadota; Gammaproteobacteria; Enterobacterales; Enterobacteriaceae; Klebsiella/Raoultella group; Raoultella,0,4_404_TdnA1#0,core,0.742,2,1,0,1,hydrolase > dehydrogenase > hypothetical > other > [alpha] > beta > reductase > reductase > reductase
NZ_WUTI01000109.1:62325-63390:1,WP_004524416.1,GSH01_RS16385,,aromatic ring-hydroxylating dioxygenase subunit alpha,4_404_TdnA1,4,56.2,0.4552,2e-15,NZ_WUTI01000109.1,62325,63390,1,Burkholderia pseudomallei,Bacteria; Pseudomonadati; Pseudomonadota; Betaproteobacteria; Burkholderiales; Burkholderiaceae; Burkholderia; pseudomallei group,0,4_404_TdnA1#33,novel_candidate,0.2131,0,0,0,0,regulator > other > other > other > other > reductase > other > [alpha]
NZ_WWES01000057.1:30965-32309:1,WP_049053520.1,GND97_RS16305,,aromatic ring-hydroxylating dioxygenase subunit alpha,4_404_TdnA1,4,220.8,0.9507,2.2e-65,NZ_WWES01000057.1,30965,32309,1,Achromobacter xylosoxidans,Bacteria; Pseudomonadati; Pseudomonadota; Betaproteobacteria; Burkholderiales; Alcaligenaceae; Achromobacter,0,4_404_TdnA1#2,core,0.8519,1,1,0,0,transporter > hydrolase > [alpha] > beta > hydrolase > reductase
NZ_WWFW01000215.1:100087-101359:-1,WP_067576752.1,GTY63_RS44855,,Rieske 2Fe-2S domain-containing protein,4_404_TdnA1,4,288.7,0.9238,5.8e-86,NZ_WWFW01000215.1,100087,101359,-1,Amycolatopsis rubida,Bacteria; Bacillati; Actinomycetota; Actinomycetes; Pseudonocardiales; Pseudonocardiaceae; Amycolatopsis,0,4_404_TdnA1#1,core,0.871,1,1,0,0,dehydrogenase > hypothetical > [alpha] > beta > reductase > reductase
NZ_WYAS01000045.1:19705-20983:-1,WP_001084464.1,GUK67_RS17445,,Rieske 2Fe-2S domain-containing protein,4_404_TdnA1,4,302.2,0.9484,4.5e-90,NZ_WYAS01000045.1,19705,20983,-1,Acinetobacter baumannii,Bacteria; Pseudomonadati; Pseudomonadota; Gammaproteobacteria; Moraxellales; Moraxellaceae; Acinetobacter; Acinetobacter calcoaceticus/baumannii complex,0,4_404_TdnA1#0,core,0.9893,1,1,0,0,hydrolase > dehydrogenase > hypothetical > other > [alpha] > beta > reductase > reductase > reductase
NZ_WYAT01000003.1:28980-30258:1,WP_001084468.1,GUK66_RS02870,,Rieske 2Fe-2S domain-containing protein,4_404_TdnA1,4,301.4,0.9484,7.8e-90,NZ_WYAT01000003.1,28980,30258,1,Acinetobacter baumannii,Bacteria; Pseudomonadati; Pseudomonadota; Gammaproteobacteria; Moraxellales; Moraxellaceae; Acinetobacter; Acinetobacter calcoaceticus/baumannii complex,0,4_404_TdnA1#0,core,0.984,1,1,0,0,hydrolase > dehydrogenase > hypothetical > other > [alpha] > beta > reductase > reductase > reductase
XM_016877835.1:0-1281:1,XP_016733324.1,,LOC107944021,"anthranilate 1,2-dioxygenase large subunit-like",4_404_TdnA1,4,303.9,0.9596,1.4e-90,XM_016877835.1,0,1281,1,Gossypium hirsutum,Eukaryota; Viridiplantae; Streptophyta; Embryophyta; Tracheophyta; Spermatophyta; Magnoliopsida; eudicotyledons; Gunneridae; Pentapetalae; rosids; malvids; Malvales; Malvaceae; Malvoideae; Gossypium,0,4_404_TdnA1#0,core,0.6499,0,0,0,0,[alpha]
