candidate_id,protein_id,locus_tag,gene,product,ro_cluster,ro_group,hmm_score,model_coverage,hmm_evalue,nucleotide_id,start,end,strand,organism,taxonomy,is_plasmid,leaf_id,assignment_class,core_identity,operon_completeness,has_beta,has_ferredoxin,has_reductase,layout
NC_003350.1:54749-56102:-1,WP_181408537.1,HXE35_RS00355,benA,"benzoate 1,2-dioxygenase large subunit",4_411_XylX,4,935.3,0.9978,3.8e-282,NC_003350.1,54749,56102,-1,Pseudomonas putida,Bacteria; Pseudomonadati; Pseudomonadota; Gammaproteobacteria; Pseudomonadales; Pseudomonadaceae; Pseudomonas,1,4_411_XylX#0,core,0.7702,3,1,1,1,[alpha] > beta > reductase > dehydrogenase > ferredoxin > ring_cleavage > dehydrogenase > hydrolase > other > dehydrogenase > other > other > ring_cleavage
NC_002033.1:158871-160287:-1,WP_010891027.1,HKJ24_RS00805,,Rieske 2Fe-2S domain-containing protein,4_411_XylX,4,542.4,0.9736,5.6e-163,NC_002033.1,158871,160287,-1,Novosphingobium aromaticivorans,Bacteria; Pseudomonadati; Pseudomonadota; Alphaproteobacteria; Sphingomonadales; Sphingomonadaceae; Novosphingobium,1,4_411_XylX#0,core,1.0,1,1,0,0,[alpha] > beta > other > alpha_other > beta > other
NC_008275.1:45868-47224:1,WP_029615494.1,HXC21_RS00270,benA,"benzoate 1,2-dioxygenase large subunit",4_411_XylX,4,948.7,0.9956,3.2e-286,NC_008275.1,45868,47224,1,Pseudomonas putida,Bacteria; Pseudomonadati; Pseudomonadota; Gammaproteobacteria; Pseudomonadales; Pseudomonadaceae; Pseudomonas,1,4_411_XylX#0,core,0.7859,3,1,1,1,[alpha] > beta > reductase > dehydrogenase > ferredoxin > ring_cleavage > dehydrogenase > hydrolase > other > dehydrogenase > other > other > ring_cleavage
NC_008275.1:81749-83105:1,WP_011600771.1,HXC21_RS00430,benA,"benzoate 1,2-dioxygenase large subunit",4_411_XylX,4,942.2,0.9956,2.8e-284,NC_008275.1,81749,83105,1,Pseudomonas putida,Bacteria; Pseudomonadati; Pseudomonadota; Gammaproteobacteria; Pseudomonadales; Pseudomonadaceae; Pseudomonas,1,4_411_XylX#0,core,0.7825,3,1,1,1,[alpha] > beta > reductase > dehydrogenase > ferredoxin > ring_cleavage > dehydrogenase > hydrolase > other > dehydrogenase > other > other > ring_cleavage
NC_009426.1:31021-32437:-1,WP_010891027.1,SARO_RS17125,,Rieske 2Fe-2S domain-containing protein,4_411_XylX,4,542.4,0.9736,5.6e-163,NC_009426.1,31021,32437,-1,Novosphingobium aromaticivorans DSM 12444,Bacteria; Pseudomonadati; Pseudomonadota; Alphaproteobacteria; Sphingomonadales; Sphingomonadaceae; Novosphingobium,1,4_411_XylX#0,core,1.0,1,1,0,0,[alpha] > beta > other > alpha_other > beta > other
NC_011987.1:154430-155801:-1,WP_012653233.1,ARAD_RS32965,benA,"benzoate 1,2-dioxygenase large subunit",4_411_XylX,4,830.3,0.9604,2.6e-250,NC_011987.1,154430,155801,-1,Rhizobium rhizogenes K84,Bacteria; Pseudomonadati; Pseudomonadota; Alphaproteobacteria; Hyphomicrobiales; Rhizobiaceae; Rhizobium/Agrobacterium group; Rhizobium,1,4_411_XylX#0,core,0.7468,2,1,0,1,ring_cleavage > ring_cleavage > ring_cleavage > [alpha] > beta > reductase > dehydrogenase > transporter > transporter > transporter > transporter > transporter > other
NC_014124.1:101702-103058:1,WP_011600771.1,HXC77_RS00490,benA,"benzoate 1,2-dioxygenase large subunit",4_411_XylX,4,942.2,0.9956,2.8e-284,NC_014124.1,101702,103058,1,Pseudomonas putida,Bacteria; Pseudomonadati; Pseudomonadota; Gammaproteobacteria; Pseudomonadales; Pseudomonadaceae; Pseudomonas,1,4_411_XylX#0,core,0.7825,3,1,1,1,[alpha] > beta > reductase > dehydrogenase > ferredoxin > ring_cleavage > dehydrogenase > hydrolase > other > dehydrogenase > other > other > ring_cleavage
NC_021250.1:98517-99873:1,WP_172685713.1,HTB85_RS00590,benA,"benzoate 1,2-dioxygenase large subunit",4_411_XylX,4,945.5,0.9956,3e-285,NC_021250.1,98517,99873,1,Pseudomonas migulae,Bacteria; Pseudomonadati; Pseudomonadota; Gammaproteobacteria; Pseudomonadales; Pseudomonadaceae; Pseudomonas,1,4_411_XylX#0,core,0.7783,3,1,1,1,[alpha] > beta > reductase > dehydrogenase > ferredoxin > ring_cleavage > dehydrogenase > hydrolase > other > dehydrogenase > other > other > ring_cleavage
NZ_AANB01000012.1:28197-29586:-1,WP_009807819.1,MED193_RS01330,benA,"benzoate 1,2-dioxygenase large subunit",4_411_XylX,4,769.8,0.9648,5.9e-232,NZ_AANB01000012.1,28197,29586,-1,Roseobacter sp. MED193,Bacteria; Pseudomonadati; Pseudomonadota; Alphaproteobacteria; Rhodobacterales; Roseobacteraceae; Roseobacter,0,4_411_XylX#0,core,0.9428,2,1,0,1,ring_cleavage > [alpha] > beta > reductase > dehydrogenase
NZ_ABCP01000002.1:369563-370919:-1,WP_007152427.1,MDG893_RS03930,,Rieske 2Fe-2S domain-containing protein,4_411_XylX,4,746.2,0.9648,8.6e-225,NZ_ABCP01000002.1,369563,370919,-1,Marinobacter algicola DG893,Bacteria; Pseudomonadati; Pseudomonadota; Gammaproteobacteria; Pseudomonadales; Marinobacteraceae; Marinobacter,0,4_411_XylX#0,core,0.665,2,1,0,1,[alpha] > beta > reductase > dehydrogenase
NZ_ABCL01000007.1:69596-70985:-1,WP_008281974.1,RTM1035_RS14060,benA,"benzoate 1,2-dioxygenase large subunit",4_411_XylX,4,764.9,0.9648,1.8e-230,NZ_ABCL01000007.1,69596,70985,-1,Roseovarius sp. TM1035,Bacteria; Pseudomonadati; Pseudomonadota; Alphaproteobacteria; Rhodobacterales; Roseobacteraceae; Roseovarius,0,4_411_XylX#0,core,0.9293,2,1,0,1,ring_cleavage > [alpha] > beta > reductase > dehydrogenase > transporter > transporter > transporter > transporter > transporter
NZ_ACIS01000005.1:70256-71624:1,WP_008953948.1,FURADRAFT_RS09625,benA,"benzoate 1,2-dioxygenase large subunit",4_411_XylX,4,847.3,0.9692,1.8e-255,NZ_ACIS01000005.1,70256,71624,1,Pseudogulbenkiania ferrooxidans 2002,Bacteria; Pseudomonadati; Pseudomonadota; Betaproteobacteria; Neisseriales; Chromobacteriaceae; Pseudogulbenkiania,0,4_411_XylX#0,core,0.7975,2,1,0,1,ring_cleavage > ring_cleavage > ring_cleavage > [alpha] > beta > reductase > dehydrogenase > transporter
NZ_AERY01000099.1:124424-125807:1,WP_001137401.1,ABWM_RS0113140,benA,"benzoate 1,2-dioxygenase large subunit",4_411_XylX,4,833.5,0.9736,2.7e-251,NZ_AERY01000099.1,124424,125807,1,Acinetobacter baumannii WM99c,Bacteria; Pseudomonadati; Pseudomonadota; Gammaproteobacteria; Moraxellales; Moraxellaceae; Acinetobacter; Acinetobacter calcoaceticus/baumannii complex,0,4_411_XylX#0,core,0.9848,2,1,0,1,[alpha] > beta > reductase > dehydrogenase > other
NZ_AEUD01000026.1:20664-22095:1,WP_009681060.1,SCNU_RS19095,benA,"benzoate 1,2-dioxygenase large subunit",4_411_XylX,4,731.0,0.9692,3.5e-220,NZ_AEUD01000026.1,20664,22095,1,Gordonia neofelifaecis NRRL B-59395,Bacteria; Bacillati; Actinomycetota; Actinomycetes; Mycobacteriales; Gordoniaceae; Gordonia,0,4_411_XylX#0,core,0.9233,2,1,0,1,[alpha] > beta > reductase > dehydrogenase
NZ_AHBW01000047.1:50260-51634:-1,WP_006553156.1,AK37_RS15625,benA,"benzoate 1,2-dioxygenase large subunit",4_411_XylX,4,778.9,0.9648,1e-234,NZ_AHBW01000047.1,50260,51634,-1,Rhodococcus pyridinivorans AK37,Bacteria; Bacillati; Actinomycetota; Actinomycetes; Mycobacteriales; Nocardiaceae; Rhodococcus,0,4_411_XylX#0,core,0.8363,2,1,0,1,[alpha] > beta > reductase > dehydrogenase > transporter > regulator > transporter
NZ_AHJE01000015.1:6792-8172:1,WP_006156931.1,OR16_RS05310,benA,"benzoate 1,2-dioxygenase large subunit",4_411_XylX,4,842.6,0.967,4.9e-254,NZ_AHJE01000015.1,6792,8172,1,Cupriavidus basilensis OR16,Bacteria; Pseudomonadati; Pseudomonadota; Betaproteobacteria; Burkholderiales; Burkholderiaceae; Cupriavidus,0,4_411_XylX#0,core,0.799,1,1,0,0,ring_cleavage > [alpha] > beta > other > dehydrogenase
NZ_AJJH01000048.1:12704-14081:-1,WP_007297191.1,W59_RS10390,benA,"benzoate 1,2-dioxygenase large subunit",4_411_XylX,4,796.2,0.9559,5.9e-240,NZ_AJJH01000048.1,12704,14081,-1,Rhodococcus opacus RKJ300 = JCM 13270,Bacteria; Bacillati; Actinomycetota; Actinomycetes; Mycobacteriales; Nocardiaceae; Rhodococcus,0,4_411_XylX#0,core,0.9463,2,1,0,1,[alpha] > beta > reductase > dehydrogenase > transporter
NZ_AHTH01000005.1:231235-232606:-1,WP_008949535.1,AJE_RS02620,benA,"benzoate 1,2-dioxygenase large subunit",4_411_XylX,4,841.1,0.967,1.3e-253,NZ_AHTH01000005.1,231235,232606,-1,Alishewanella jeotgali KCTC 22429,Bacteria; Pseudomonadati; Pseudomonadota; Gammaproteobacteria; Alteromonadales; Alteromonadaceae; Alishewanella,0,4_411_XylX#0,core,0.8125,2,1,0,1,ring_cleavage > ring_cleavage > ring_cleavage > [alpha] > beta > reductase > dehydrogenase > other > other > other > other
NZ_AJWX01000013.1:74499-75864:-1,WP_008370311.1,PMM47T1_RS15060,benA,"benzoate 1,2-dioxygenase large subunit",4_411_XylX,4,976.6,1.0,1.1e-294,NZ_AJWX01000013.1,74499,75864,-1,Pseudomonas sp. M47T1,Bacteria; Pseudomonadati; Pseudomonadota; Gammaproteobacteria; Pseudomonadales; Pseudomonadaceae; Pseudomonas,0,4_411_XylX#0,core,0.8741,2,1,0,1,regulator > [alpha] > beta > reductase > dehydrogenase
NZ_AJYC02000063.1:1344-2721:1,WP_005258733.1,WSS_RS18835,benA,"benzoate 1,2-dioxygenase large subunit",4_411_XylX,4,793.8,0.9581,3.1e-239,NZ_AJYC02000063.1,1344,2721,1,Rhodococcus opacus M213,Bacteria; Bacillati; Actinomycetota; Actinomycetes; Mycobacteriales; Nocardiaceae; Rhodococcus,0,4_411_XylX#0,core,0.9388,2,1,0,1,[alpha] > beta > reductase > dehydrogenase > transporter
NZ_AKJC01000182.1:3990-5349:-1,WP_008095624.1,PMI38_RS15310,benA,"benzoate 1,2-dioxygenase large subunit",4_411_XylX,4,1005.2,1.0,2.3e-303,NZ_AKJC01000182.1,3990,5349,-1,Pseudomonas sp. GM84,Bacteria; Pseudomonadati; Pseudomonadota; Gammaproteobacteria; Pseudomonadales; Pseudomonadaceae; Pseudomonas,0,4_411_XylX#0,core,0.9699,2,1,0,1,[alpha] > beta > reductase > dehydrogenase > transporter
NZ_AKJB01000012.1:37796-39161:1,WP_007895554.1,PMI18_RS26340,benA,"benzoate 1,2-dioxygenase large subunit",4_411_XylX,4,999.0,1.0,1.7e-301,NZ_AKJB01000012.1,37796,39161,1,Pseudomonas sp. GM102,Bacteria; Pseudomonadati; Pseudomonadota; Gammaproteobacteria; Pseudomonadales; Pseudomonadaceae; Pseudomonas,0,4_411_XylX#0,core,0.955,2,1,0,1,[alpha] > beta > reductase
NZ_AKJD01000070.1:19254-20610:-1,WP_008081329.1,PMI37_RS12605,benA,"benzoate 1,2-dioxygenase large subunit",4_411_XylX,4,976.7,0.9978,1e-294,NZ_AKJD01000070.1,19254,20610,-1,Pseudomonas sp. GM80,Bacteria; Pseudomonadati; Pseudomonadota; Gammaproteobacteria; Pseudomonadales; Pseudomonadaceae; Pseudomonas,0,4_411_XylX#0,core,0.9271,2,1,0,1,regulator > [alpha] > beta > reductase
NZ_AKJE01000048.1:5312-6677:1,WP_008072149.1,PMI36_RS14755,benA,"benzoate 1,2-dioxygenase large subunit",4_411_XylX,4,999.2,1.0,1.5e-301,NZ_AKJE01000048.1,5312,6677,1,Pseudomonas sp. GM79,Bacteria; Pseudomonadati; Pseudomonadota; Gammaproteobacteria; Pseudomonadales; Pseudomonadaceae; Pseudomonas,0,4_411_XylX#0,core,0.955,2,1,0,1,[alpha] > beta > reductase
NZ_AKJF01000053.1:8712-10077:1,WP_008055868.1,PMI35_RS26745,benA,"benzoate 1,2-dioxygenase large subunit",4_411_XylX,4,996.6,1.0,9.2e-301,NZ_AKJF01000053.1,8712,10077,1,Pseudomonas sp. GM78,Bacteria; Pseudomonadati; Pseudomonadota; Gammaproteobacteria; Pseudomonadales; Pseudomonadaceae; Pseudomonas,0,4_411_XylX#0,core,0.9624,2,1,0,1,[alpha] > beta > reductase > dehydrogenase
NZ_AKJG01000159.1:15855-17220:1,WP_008053774.1,PMI34_RS02160,benA,"benzoate 1,2-dioxygenase large subunit",4_411_XylX,4,992.7,1.0,1.4e-299,NZ_AKJG01000159.1,15855,17220,1,Pseudomonas sp. GM74,Bacteria; Pseudomonadati; Pseudomonadota; Gammaproteobacteria; Pseudomonadales; Pseudomonadaceae; Pseudomonas,0,4_411_XylX#0,core,0.9529,2,1,0,1,[alpha] > beta > reductase
NZ_AKJH01000164.1:12278-13640:-1,WP_008044860.1,PMI33_RS01365,benA,"benzoate 1,2-dioxygenase large subunit",4_411_XylX,4,1000.0,0.9978,8.8e-302,NZ_AKJH01000164.1,12278,13640,-1,Pseudomonas sp. GM67,Bacteria; Pseudomonadati; Pseudomonadota; Gammaproteobacteria; Pseudomonadales; Pseudomonadaceae; Pseudomonas,0,4_411_XylX#0,core,0.965,2,1,0,1,[alpha] > beta > reductase
NZ_AKJL01000222.1:14509-15874:-1,WP_008000513.1,PMI29_RS09790,benA,"benzoate 1,2-dioxygenase large subunit",4_411_XylX,4,994.2,1.0,4.8e-300,NZ_AKJL01000222.1,14509,15874,-1,Pseudomonas sp. GM49,Bacteria; Pseudomonadati; Pseudomonadota; Gammaproteobacteria; Pseudomonadales; Pseudomonadaceae; Pseudomonas,0,4_411_XylX#0,core,0.9575,2,1,0,1,[alpha] > beta > reductase
NZ_AKJK01000092.1:33763-35128:-1,WP_008012369.1,PMI30_RS08025,benA,"benzoate 1,2-dioxygenase large subunit",4_411_XylX,4,998.7,1.0,2.1e-301,NZ_AKJK01000092.1,33763,35128,-1,Pseudomonas sp. GM50,Bacteria; Pseudomonadati; Pseudomonadota; Gammaproteobacteria; Pseudomonadales; Pseudomonadaceae; Pseudomonas,0,4_411_XylX#0,core,0.955,2,1,0,1,[alpha] > beta > reductase > dehydrogenase > hydrolase
NZ_AKJJ01000100.1:354-1719:1,WP_008021256.1,PMI31_RS23055,benA,"benzoate 1,2-dioxygenase large subunit",4_411_XylX,4,993.3,1.0,9.2e-300,NZ_AKJJ01000100.1,354,1719,1,Pseudomonas sp. GM55,Bacteria; Pseudomonadati; Pseudomonadota; Gammaproteobacteria; Pseudomonadales; Pseudomonadaceae; Pseudomonas,0,4_411_XylX#0,core,0.9549,2,1,0,1,[alpha] > beta > reductase
NZ_AKJM01000054.1:5506-6871:-1,WP_007985243.1,PMI28_RS18690,benA,"benzoate 1,2-dioxygenase large subunit",4_411_XylX,4,993.9,1.0,5.9e-300,NZ_AKJM01000054.1,5506,6871,-1,Pseudomonas sp. GM48,Bacteria; Pseudomonadati; Pseudomonadota; Gammaproteobacteria; Pseudomonadales; Pseudomonadaceae; Pseudomonas,0,4_411_XylX#0,core,0.9575,2,1,0,1,[alpha] > beta > reductase > dehydrogenase > hydrolase > hypothetical
NZ_AKJN02000005.1:166142-167507:1,WP_008154551.1,PMI27_RS25995,benA,"benzoate 1,2-dioxygenase large subunit",4_411_XylX,4,999.3,1.0,1.4e-301,NZ_AKJN02000005.1,166142,167507,1,Pseudomonas sp. GM41(2012),Bacteria; Pseudomonadati; Pseudomonadota; Gammaproteobacteria; Pseudomonadales; Pseudomonadaceae; Pseudomonas,0,4_411_XylX#0,core,0.9599,2,1,0,1,[alpha] > beta > reductase > dehydrogenase > hydrolase
NZ_AKJO01000101.1:163-1528:1,WP_007976169.1,PMI26_RS10555,benA,"benzoate 1,2-dioxygenase large subunit",4_411_XylX,4,992.1,1.0,2.1e-299,NZ_AKJO01000101.1,163,1528,1,Pseudomonas sp. GM33,Bacteria; Pseudomonadati; Pseudomonadota; Gammaproteobacteria; Pseudomonadales; Pseudomonadaceae; Pseudomonas,0,4_411_XylX#0,core,0.95,2,1,0,1,[alpha] > beta > reductase
NZ_AKJR01000392.1:62334-63690:1,WP_007916066.1,PMI23_RS28805,benA,"benzoate 1,2-dioxygenase large subunit",4_411_XylX,4,980.2,0.9978,8.6e-296,NZ_AKJR01000392.1,62334,63690,1,Pseudomonas sp. GM24,Bacteria; Pseudomonadati; Pseudomonadota; Gammaproteobacteria; Pseudomonadales; Pseudomonadaceae; Pseudomonas,0,4_411_XylX#0,core,0.9345,2,1,0,1,[alpha] > beta > reductase > dehydrogenase > ring_cleavage > ring_cleavage
NZ_AKJQ01000057.1:5711-7067:-1,WP_007958099.1,PMI24_RS22680,benA,"benzoate 1,2-dioxygenase large subunit",4_411_XylX,4,973.8,0.9978,7.5e-294,NZ_AKJQ01000057.1,5711,7067,-1,Pseudomonas sp. GM25,Bacteria; Pseudomonadati; Pseudomonadota; Gammaproteobacteria; Pseudomonadales; Pseudomonadaceae; Pseudomonas,0,4_411_XylX#0,core,0.9367,2,1,0,1,other > other > hypothetical > regulator > [alpha] > beta > reductase > dehydrogenase > ring_cleavage > ring_cleavage > ring_cleavage
NZ_AKJS01000069.1:62753-64118:1,WP_007944752.1,PMI22_RS19375,benA,"benzoate 1,2-dioxygenase large subunit",4_411_XylX,4,990.7,1.0,5.7e-299,NZ_AKJS01000069.1,62753,64118,1,Pseudomonas sp. GM21,Bacteria; Pseudomonadati; Pseudomonadota; Gammaproteobacteria; Pseudomonadales; Pseudomonadaceae; Pseudomonas,0,4_411_XylX#0,core,0.9425,2,1,0,1,[alpha] > beta > reductase
NZ_AKJT01000114.1:125-1490:1,WP_007941542.1,PMI21_RS02585,benA,"benzoate 1,2-dioxygenase large subunit",4_411_XylX,4,1005.5,1.0,1.8e-303,NZ_AKJT01000114.1,125,1490,1,Pseudomonas sp. GM18,Bacteria; Pseudomonadati; Pseudomonadota; Gammaproteobacteria; Pseudomonadales; Pseudomonadaceae; Pseudomonas,0,4_411_XylX#0,core,0.96,2,1,0,1,[alpha] > beta > reductase > dehydrogenase > hydrolase
NZ_AKKP01000046.1:36401-37778:1,WP_009475047.1,JVH1_RS13265,benA,"benzoate 1,2-dioxygenase large subunit",4_411_XylX,4,795.2,0.9581,1.2e-239,NZ_AKKP01000046.1,36401,37778,1,Rhodococcus sp. JVH1,Bacteria; Actinomycetota; Actinomycetes; Mycobacteriales; Nocardiaceae; Rhodococcus,0,4_411_XylX#0,core,0.944,2,1,0,1,[alpha] > beta > reductase > dehydrogenase > transporter
NZ_AKKU01000001.1:250206-251577:1,WP_008983201.1,AGRI_RS01165,benA,"benzoate 1,2-dioxygenase large subunit",4_411_XylX,4,839.2,0.967,5.1e-253,NZ_AKKU01000001.1,250206,251577,1,Alishewanella agri BL06,Bacteria; Pseudomonadati; Pseudomonadota; Gammaproteobacteria; Alteromonadales; Alteromonadaceae; Alishewanella,0,4_411_XylX#0,core,0.812,2,1,0,1,ring_cleavage > ring_cleavage > ring_cleavage > [alpha] > beta > reductase > dehydrogenase > other > other > other > other
NZ_ALVC01000031.1:41478-42897:1,WP_008828129.1,LH128_RS03145,,Rieske 2Fe-2S domain-containing protein,4_411_XylX,4,537.7,0.9692,1.6e-161,NZ_ALVC01000031.1,41478,42897,1,Sphingomonas sp. LH128,Bacteria; Pseudomonadati; Pseudomonadota; Alphaproteobacteria; Sphingomonadales; Sphingomonadaceae; Sphingomonas,0,4_411_XylX#0,core,0.9948,1,1,0,0,[alpha] > beta > other > alpha_other > beta > other
NZ_AMFQ01000011.1:5796-7197:-1,WP_009584083.1,ACINWC743_RS01480,benA,"benzoate 1,2-dioxygenase large subunit",4_411_XylX,4,821.1,0.9736,1.6e-247,NZ_AMFQ01000011.1,5796,7197,-1,Acinetobacter sp. WC-743,Bacteria; Pseudomonadati; Pseudomonadota; Gammaproteobacteria; Moraxellales; Moraxellaceae; Acinetobacter,0,4_411_XylX#0,core,0.9271,2,1,0,1,ring_cleavage > [alpha] > beta > reductase > dehydrogenase > other
NZ_AMSS01000034.1:118219-119602:1,WP_009389073.1,ACINWC141_RS05860,benA,"benzoate 1,2-dioxygenase large subunit",4_411_XylX,4,832.9,0.9736,4.3e-251,NZ_AMSS01000034.1,118219,119602,1,Acinetobacter sp. WC-141,Bacteria; Pseudomonadati; Pseudomonadota; Gammaproteobacteria; Moraxellales; Moraxellaceae; Acinetobacter; Acinetobacter calcoaceticus/baumannii complex,0,4_411_XylX#0,core,0.9848,1,0,0,1,[alpha] > ro_beta > reductase > dehydrogenase > other
NZ_AMXD01000002.1:31642-32977:1,WP_004265895.1,C665_RS00980,benA,"benzoate 1,2-dioxygenase large subunit",4_411_XylX,4,903.2,0.9714,2.1e-272,NZ_AMXD01000002.1,31642,32977,1,Thauera aminoaromatica S2,Bacteria; Pseudomonadati; Pseudomonadota; Betaproteobacteria; Rhodocyclales; Zoogloeaceae; Thauera,0,4_411_XylX#0,core,0.7575,2,1,0,1,[alpha] > beta > reductase > dehydrogenase
NZ_AMXF01000020.1:20997-22338:-1,WP_004358006.1,C667_RS05100,benA,"benzoate 1,2-dioxygenase large subunit",4_411_XylX,4,900.4,0.9758,1.5e-271,NZ_AMXF01000020.1,20997,22338,-1,Thauera phenylacetica B4P,Bacteria; Pseudomonadati; Pseudomonadota; Betaproteobacteria; Rhodocyclales; Zoogloeaceae; Thauera,0,4_411_XylX#0,core,0.7513,2,1,0,1,[alpha] > beta > reductase > dehydrogenase
NZ_AMXB01000016.1:47942-49283:-1,WP_002939586.1,B447_RS10550,benA,"benzoate 1,2-dioxygenase large subunit",4_411_XylX,4,898.1,0.978,7e-271,NZ_AMXB01000016.1,47942,49283,-1,Thauera sp. 27,Bacteria; Pseudomonadati; Pseudomonadota; Betaproteobacteria; Rhodocyclales; Zoogloeaceae; Thauera,0,4_411_XylX#0,core,0.7556,2,1,0,1,[alpha] > beta > reductase > dehydrogenase
NZ_AMZS01000012.1:4783-6166:-1,WP_009507073.1,ACINWC323_RS17445,benA,"benzoate 1,2-dioxygenase large subunit",4_411_XylX,4,830.1,0.9736,3e-250,NZ_AMZS01000012.1,4783,6166,-1,Acinetobacter sp. WC-323,Bacteria; Pseudomonadati; Pseudomonadota; Gammaproteobacteria; Moraxellales; Moraxellaceae; Acinetobacter; Acinetobacter calcoaceticus/baumannii complex,0,4_411_XylX#0,core,0.9596,2,1,0,1,[alpha] > beta > reductase > dehydrogenase > other
NZ_ANPE02000096.1:13653-15018:1,WP_005268313.1,D477_RS07015,benA,"benzoate 1,2-dioxygenase large subunit",4_411_XylX,4,795.9,0.9692,7e-240,NZ_ANPE02000096.1,13653,15018,1,Arthrobacter crystallopoietes BAB-32,Bacteria; Bacillati; Actinomycetota; Actinomycetes; Micrococcales; Micrococcaceae; Arthrobacter,0,4_411_XylX#0,core,0.8275,2,1,0,1,[alpha] > beta > reductase > dehydrogenase
NZ_AOBS01000059.1:9137-10499:-1,WP_003301848.1,B381_RS14515,benA,"benzoate 1,2-dioxygenase large subunit",4_411_XylX,4,1009.6,0.9978,0.0,NZ_AOBS01000059.1,9137,10499,-1,Stutzerimonas stutzeri NF13,Bacteria; Pseudomonadati; Pseudomonadota; Gammaproteobacteria; Pseudomonadales; Pseudomonadaceae; Stutzerimonas,0,4_411_XylX#0,core,0.8246,2,1,0,1,[alpha] > beta > reductase > dehydrogenase > transporter > ring_cleavage > ring_cleavage > ring_cleavage > transporter > transporter
NZ_AOEX01000015.1:186927-188307:1,WP_003934528.1,G352_RS02165,benA,"benzoate 1,2-dioxygenase large subunit",4_411_XylX,4,779.9,0.9648,5.1e-235,NZ_AOEX01000015.1,186927,188307,1,Rhodococcus ruber BKS 20-38,Bacteria; Bacillati; Actinomycetota; Actinomycetes; Mycobacteriales; Nocardiaceae; Rhodococcus,0,4_411_XylX#0,core,0.8388,2,1,0,1,[alpha] > beta > reductase > dehydrogenase > transporter > regulator > transporter
NZ_AOSQ01000011.1:122544-123927:1,WP_017832654.1,H488_RS23910,benA,"benzoate 1,2-dioxygenase large subunit",4_411_XylX,4,745.3,0.9692,1.6e-224,NZ_AOSQ01000011.1,122544,123927,1,Kocuria sp. UCD-OTCP,Bacteria; Bacillati; Actinomycetota; Actinomycetes; Micrococcales; Micrococcaceae; Kocuria,0,4_411_XylX#0,core,0.807,2,1,0,1,[alpha] > beta > reductase > dehydrogenase > regulator
NZ_APBQ01000070.1:282-1638:-1,WP_004575893.1,C206_RS12115,benA,"benzoate 1,2-dioxygenase large subunit",4_411_XylX,4,942.5,0.9956,2.4e-284,NZ_APBQ01000070.1,282,1638,-1,Pseudomonas putida TRO1,Bacteria; Pseudomonadati; Pseudomonadota; Gammaproteobacteria; Pseudomonadales; Pseudomonadaceae; Pseudomonas,0,4_411_XylX#0,core,0.7783,1,1,0,0,[alpha] > beta
NZ_APBQ01000082.1:2328-3684:1,WP_004576005.1,C206_RS13130,benA,"benzoate 1,2-dioxygenase large subunit",4_411_XylX,4,949.2,0.9956,2.3e-286,NZ_APBQ01000082.1,2328,3684,1,Pseudomonas putida TRO1,Bacteria; Pseudomonadati; Pseudomonadota; Gammaproteobacteria; Pseudomonadales; Pseudomonadaceae; Pseudomonas,0,4_411_XylX#0,core,0.79,0,0,0,0,[alpha]
NZ_APIO01000107.1:3246-4611:-1,WP_020800183.1,PG5_RS26665,benA,"benzoate 1,2-dioxygenase large subunit",4_411_XylX,4,996.7,1.0,8.7e-301,NZ_APIO01000107.1,3246,4611,-1,Pseudomonas sp. G5(2012),Bacteria; Pseudomonadati; Pseudomonadota; Gammaproteobacteria; Pseudomonadales; Pseudomonadaceae; Pseudomonas,0,4_411_XylX#0,core,0.9599,2,1,0,1,[alpha] > beta > reductase > dehydrogenase
NZ_APBQ01000104.1:84848-86207:-1,WP_004374325.1,C206_RS15515,benA,"benzoate 1,2-dioxygenase large subunit",4_411_XylX,4,1009.3,1.0,0.0,NZ_APBQ01000104.1,84848,86207,-1,Pseudomonas putida TRO1,Bacteria; Pseudomonadati; Pseudomonadota; Gammaproteobacteria; Pseudomonadales; Pseudomonadaceae; Pseudomonas,0,4_411_XylX#0,core,0.9799,2,1,0,1,regulator > other > [alpha] > beta > reductase > dehydrogenase > transporter > ring_cleavage > transporter > transporter > hydrolase > regulator > reductase
NZ_AP015030.1:305676-307041:-1,WP_096425683.1,KF715C_RS32390,benA,"benzoate 1,2-dioxygenase large subunit",4_411_XylX,4,949.9,0.9956,1.4e-286,NZ_AP015030.1,305676,307041,-1,Pseudomonas putida,Bacteria; Pseudomonadati; Pseudomonadota; Gammaproteobacteria; Pseudomonadales; Pseudomonadaceae; Pseudomonas,1,4_411_XylX#0,core,0.8015,2,1,0,1,[alpha] > beta > reductase > dehydrogenase
NZ_ATGG01000020.1:41881-43264:1,WP_016541704.1,F957_RS07720,benA,"benzoate 1,2-dioxygenase large subunit",4_411_XylX,4,830.8,0.9758,1.9e-250,NZ_ATGG01000020.1,41881,43264,1,Acinetobacter gyllenbergii CIP 110306 = MTCC 11365,Bacteria; Pseudomonadati; Pseudomonadota; Gammaproteobacteria; Moraxellales; Moraxellaceae; Acinetobacter,0,4_411_XylX#0,core,0.952,2,1,0,1,[alpha] > beta > reductase > dehydrogenase > other
NZ_AUSW01000033.1:151554-152934:-1,WP_021814614.1,M917_RS09545,benA,"benzoate 1,2-dioxygenase large subunit",4_411_XylX,4,800.0,0.9648,4.1e-241,NZ_AUSW01000033.1,151554,152934,-1,Psychrobacter aquaticus CMS 56,Bacteria; Pseudomonadati; Pseudomonadota; Gammaproteobacteria; Moraxellales; Moraxellaceae; Psychrobacter,0,4_411_XylX#0,core,0.7357,2,1,0,1,[alpha] > beta > reductase > dehydrogenase > other > other > other > other > other > other > dehydrogenase
NZ_ATVF01000007.1:177341-178835:1,WP_015651890.1,G487_RS0109400,benA,"benzoate 1,2-dioxygenase large subunit",4_411_XylX,4,743.8,0.967,4.7e-224,NZ_ATVF01000007.1,177341,178835,1,Corynebacterium callunae DSM 20147,Bacteria; Bacillati; Actinomycetota; Actinomycetes; Mycobacteriales; Corynebacteriaceae; Corynebacterium,0,4_411_XylX#0,core,0.9298,2,1,0,1,[alpha] > beta > reductase > dehydrogenase > regulator > transporter > transporter
NZ_AVOF01000030.1:15779-17141:-1,WP_021441893.1,N878_RS01395,benA,"benzoate 1,2-dioxygenase large subunit",4_411_XylX,4,995.7,0.9978,1.7e-300,NZ_AVOF01000030.1,15779,17141,-1,Pseudomonas sp. EGD-AK9,Bacteria; Pseudomonadati; Pseudomonadota; Gammaproteobacteria; Pseudomonadales; Pseudomonadaceae; Pseudomonas,0,4_411_XylX#0,core,0.8045,2,1,0,1,[alpha] > beta > reductase > dehydrogenase > transporter > ring_cleavage > ring_cleavage > ring_cleavage > transporter > transporter > other > other
NZ_AWQS01000143.1:6824-8180:1,WP_034718471.1,N864_RS15015,benA,"benzoate 1,2-dioxygenase large subunit",4_411_XylX,4,736.6,0.9648,7.1e-222,NZ_AWQS01000143.1,6824,8180,1,Intrasporangium chromatireducens Q5-1,Bacteria; Bacillati; Actinomycetota; Actinomycetes; Micrococcales; Intrasporangiaceae; Intrasporangium,0,4_411_XylX#0,core,0.9068,2,1,0,1,[alpha] > beta > reductase
NZ_AWSQ01000004.1:312319-313678:-1,WP_025166124.1,TMS3_RS15125,benA,"benzoate 1,2-dioxygenase large subunit",4_411_XylX,4,991.7,0.9956,2.9e-299,NZ_AWSQ01000004.1,312319,313678,-1,Pseudomonas taeanensis MS-3,Bacteria; Pseudomonadati; Pseudomonadota; Gammaproteobacteria; Pseudomonadales; Pseudomonadaceae; Pseudomonas,0,4_411_XylX#0,core,0.9018,2,1,0,1,[alpha] > beta > reductase
NZ_AXCD01000015.1:57183-58560:1,WP_023013321.1,IO68_RS25110,benA,"benzoate 1,2-dioxygenase large subunit",4_411_XylX,4,828.1,0.9736,1.2e-249,NZ_AXCD01000015.1,57183,58560,1,Acinetobacter sp. COS3,Bacteria; Pseudomonadati; Pseudomonadota; Gammaproteobacteria; Moraxellales; Moraxellaceae; Acinetobacter,0,4_411_XylX#0,core,0.9266,2,1,0,1,ring_cleavage > ring_cleavage > ring_cleavage > [alpha] > beta > reductase > dehydrogenase > other > other
NZ_AYFO01000080.1:34635-36018:-1,WP_001137401.1,P669_RS20105,benA,"benzoate 1,2-dioxygenase large subunit",4_411_XylX,4,833.5,0.9736,2.7e-251,NZ_AYFO01000080.1,34635,36018,-1,Acinetobacter baumannii UH5307,Bacteria; Pseudomonadati; Pseudomonadota; Gammaproteobacteria; Moraxellales; Moraxellaceae; Acinetobacter; Acinetobacter calcoaceticus/baumannii complex,0,4_411_XylX#0,core,0.9848,2,1,0,1,[alpha] > beta > reductase > dehydrogenase > other
NZ_AXUP01000012.1:13625-14984:1,WP_013972679.1,O164_RS40455,benA,"benzoate 1,2-dioxygenase large subunit",4_411_XylX,4,1008.5,1.0,0.0,NZ_AXUP01000012.1,13625,14984,1,Pseudomonas taiwanensis SJ9,Bacteria; Pseudomonadati; Pseudomonadota; Gammaproteobacteria; Pseudomonadales; Pseudomonadaceae; Pseudomonas,0,4_411_XylX#0,core,0.9698,2,1,0,1,[alpha] > beta > reductase > reductase
NZ_AYOY01000079.1:5920-7339:-1,WP_008828129.1,C100_RS31195,,Rieske 2Fe-2S domain-containing protein,4_411_XylX,4,537.7,0.9692,1.6e-161,NZ_AYOY01000079.1,5920,7339,-1,Sphingobium sp. C100,Bacteria; Pseudomonadati; Pseudomonadota; Alphaproteobacteria; Sphingomonadales; Sphingomonadaceae; Sphingobium,0,4_411_XylX#0,core,0.9948,1,1,0,0,[alpha] > beta > other > alpha_other > beta > other
NZ_AZSV01000018.1:9228-10590:-1,WP_037039248.1,BAY1663_RS07655,benA,"benzoate 1,2-dioxygenase large subunit",4_411_XylX,4,997.5,0.9978,4.8e-301,NZ_AZSV01000018.1,9228,10590,-1,Pseudomonas sp. BAY1663,Bacteria; Pseudomonadati; Pseudomonadota; Gammaproteobacteria; Pseudomonadales; Pseudomonadaceae; Pseudomonas,0,4_411_XylX#0,core,0.809,1,1,0,0,[alpha] > beta > other
NZ_AZQQ01000079.1:61067-62432:1,WP_033057709.1,V466_RS15155,benA,"benzoate 1,2-dioxygenase large subunit",4_411_XylX,4,1005.0,1.0,2.6e-303,NZ_AZQQ01000079.1,61067,62432,1,Pseudomonas mandelii PD30,Bacteria; Pseudomonadati; Pseudomonadota; Gammaproteobacteria; Pseudomonadales; Pseudomonadaceae; Pseudomonas,0,4_411_XylX#0,core,0.9574,2,1,0,1,[alpha] > beta > reductase
NZ_AZYO01000033.1:25327-26707:-1,WP_054373208.1,Z051_RS13750,benA,"benzoate 1,2-dioxygenase large subunit",4_411_XylX,4,778.8,0.9648,1.1e-234,NZ_AZYO01000033.1,25327,26707,-1,Rhodococcus rhodochrous KG-21,Bacteria; Bacillati; Actinomycetota; Actinomycetes; Mycobacteriales; Nocardiaceae; Rhodococcus,0,4_411_XylX#0,core,0.8413,2,1,0,1,[alpha] > beta > reductase > dehydrogenase > transporter > other > transporter
NZ_BAABTB010000044.1:10571-11948:-1,WP_012947476.1,ABEA71_RS20560,benA,"benzoate 1,2-dioxygenase large subunit",4_411_XylX,4,734.7,0.9648,2.7e-221,NZ_BAABTB010000044.1,10571,11948,-1,Geodermatophilus obscurus DSM 43160,Bacteria; Bacillati; Actinomycetota; Actinomycetes; Geodermatophilales; Geodermatophilaceae; Geodermatophilus,0,4_411_XylX#0,core,0.8928,2,1,0,1,[alpha] > beta > reductase > regulator
NZ_AZXY01000007.1:196408-197782:-1,WP_060652630.1,Z045_RS15365,benA,"benzoate 1,2-dioxygenase large subunit",4_411_XylX,4,780.1,0.9648,4.6e-235,NZ_AZXY01000007.1,196408,197782,-1,Rhodococcus pyridinivorans KG-16,Bacteria; Bacillati; Actinomycetota; Actinomycetes; Mycobacteriales; Nocardiaceae; Rhodococcus,0,4_411_XylX#0,core,0.8363,2,1,0,1,[alpha] > beta > reductase > dehydrogenase > transporter > regulator > transporter
NZ_BAEB01000038.1:46979-48356:-1,WP_007483154.1,ACT4_RS13935,benA,"benzoate 1,2-dioxygenase large subunit",4_411_XylX,4,828.1,0.9736,1.2e-249,NZ_BAEB01000038.1,46979,48356,-1,Acinetobacter sp. NBRC 100985,Bacteria; Pseudomonadati; Pseudomonadota; Gammaproteobacteria; Moraxellales; Moraxellaceae; Acinetobacter,0,4_411_XylX#0,core,0.9266,2,1,0,1,ring_cleavage > ring_cleavage > ring_cleavage > [alpha] > beta > reductase > dehydrogenase > other > other > other
NZ_BACI01000047.1:9324-10719:1,WP_006358137.1,GOALK_RS07165,benA,"benzoate 1,2-dioxygenase large subunit",4_411_XylX,4,728.4,0.9626,2.1e-219,NZ_BACI01000047.1,9324,10719,1,Gordonia alkanivorans NBRC 16433,Bacteria; Bacillati; Actinomycetota; Actinomycetes; Mycobacteriales; Gordoniaceae; Gordonia,0,4_411_XylX#0,core,0.9373,2,1,0,1,[alpha] > beta > reductase > regulator
NZ_BAFC01000139.1:37477-38860:-1,WP_005209340.1,GOSPT_RS22175,benA,"benzoate 1,2-dioxygenase large subunit",4_411_XylX,4,730.0,0.9537,7.1e-220,NZ_BAFC01000139.1,37477,38860,-1,Gordonia sputi NBRC 100414,Bacteria; Bacillati; Actinomycetota; Actinomycetes; Mycobacteriales; Gordoniaceae; Gordonia,0,4_411_XylX#0,core,0.9369,2,1,0,1,[alpha] > beta > reductase > regulator
NZ_BAHE01000025.1:32534-33926:-1,WP_006867536.1,GONAM_RS14645,benA,"benzoate 1,2-dioxygenase large subunit",4_411_XylX,4,728.3,0.9692,2.4e-219,NZ_BAHE01000025.1,32534,33926,-1,Gordonia namibiensis NBRC 108229,Bacteria; Bacillati; Actinomycetota; Actinomycetes; Mycobacteriales; Gordoniaceae; Gordonia,0,4_411_XylX#0,core,0.9327,2,1,0,1,[alpha] > beta > reductase > regulator
NZ_BANR01000007.1:126522-127926:-1,WP_005174433.1,GOACH_RS10785,benA,"benzoate 1,2-dioxygenase large subunit",4_411_XylX,4,735.7,0.9692,1.3e-221,NZ_BANR01000007.1,126522,127926,-1,Gordonia aichiensis NBRC 108223,Bacteria; Bacillati; Actinomycetota; Actinomycetes; Mycobacteriales; Gordoniaceae; Gordonia,0,4_411_XylX#0,core,0.9175,2,1,0,1,[alpha] > beta > reductase > regulator
NZ_BANU01000028.1:22971-24390:1,WP_006897459.1,GSI01S_RS15070,benA,"benzoate 1,2-dioxygenase large subunit",4_411_XylX,4,739.5,0.967,8.9e-223,NZ_BANU01000028.1,22971,24390,1,Gordonia sihwensis NBRC 108236,Bacteria; Bacillati; Actinomycetota; Actinomycetes; Mycobacteriales; Gordoniaceae; Gordonia,0,4_411_XylX#0,core,0.94,1,0,0,1,[alpha] > ro_beta > reductase > regulator
NZ_BATI01000024.1:64547-65909:-1,WP_021701570.1,PA6_RS13930,benA,"benzoate 1,2-dioxygenase large subunit",4_411_XylX,4,995.3,0.9978,2.3e-300,NZ_BATI01000024.1,64547,65909,-1,Aquipseudomonas alcaligenes NBRC 14159,Bacteria; Pseudomonadati; Pseudomonadota; Gammaproteobacteria; Pseudomonadales; Pseudomonadaceae; Aquipseudomonas,0,4_411_XylX#0,core,0.8015,2,1,0,1,[alpha] > beta > reductase > dehydrogenase > transporter > ring_cleavage > ring_cleavage > ring_cleavage
NZ_BAWF01000001.1:4560-5937:1,WP_037225713.1,RW1_RS00025,benA,"benzoate 1,2-dioxygenase large subunit",4_411_XylX,4,795.3,0.9581,1.1e-239,NZ_BAWF01000001.1,4560,5937,1,Rhodococcus wratislaviensis NBRC 100605,Bacteria; Bacillati; Actinomycetota; Actinomycetes; Mycobacteriales; Nocardiaceae; Rhodococcus,0,4_411_XylX#0,core,0.944,2,1,0,1,[alpha] > beta > reductase > dehydrogenase > transporter
NZ_BAYX01000025.1:36998-38369:-1,WP_042477094.1,RRH01S_RS31015,benA,"benzoate 1,2-dioxygenase large subunit",4_411_XylX,4,832.5,0.9604,5.7e-251,NZ_BAYX01000025.1,36998,38369,-1,Rhizobium rhizogenes NBRC 13257,Bacteria; Pseudomonadati; Pseudomonadota; Alphaproteobacteria; Hyphomicrobiales; Rhizobiaceae; Rhizobium/Agrobacterium group; Rhizobium,0,4_411_XylX#0,core,0.7468,2,1,0,1,ring_cleavage > ring_cleavage > ring_cleavage > [alpha] > beta > reductase > dehydrogenase > transporter > transporter > transporter > transporter > transporter > other
NZ_BBQK01000046.1:39171-40527:-1,WP_003452500.1,KF702C_RS31285,benA,"benzoate 1,2-dioxygenase large subunit",4_411_XylX,4,943.8,0.9956,9.7e-285,NZ_BBQK01000046.1,39171,40527,-1,Pseudomonas aeruginosa,Bacteria; Pseudomonadati; Pseudomonadota; Gammaproteobacteria; Pseudomonadales; Pseudomonadaceae; Pseudomonas,0,4_411_XylX#0,core,0.785,3,1,1,1,[alpha] > beta > reductase > dehydrogenase > ferredoxin > ring_cleavage > dehydrogenase > hydrolase > other > dehydrogenase > other > other > ring_cleavage
NZ_BBQL01000098.1:4205-5561:-1,WP_003452500.1,KF703C_RS28740,benA,"benzoate 1,2-dioxygenase large subunit",4_411_XylX,4,943.8,0.9956,9.7e-285,NZ_BBQL01000098.1,4205,5561,-1,Pseudomonas putida,Bacteria; Pseudomonadati; Pseudomonadota; Gammaproteobacteria; Pseudomonadales; Pseudomonadaceae; Pseudomonas,0,4_411_XylX#0,core,0.785,3,1,1,1,[alpha] > beta > reductase > dehydrogenase > ferredoxin > ring_cleavage > dehydrogenase
NZ_BBQR01000078.1:4279-5635:-1,WP_003452500.1,KF717C_RS31095,benA,"benzoate 1,2-dioxygenase large subunit",4_411_XylX,4,943.8,0.9956,9.7e-285,NZ_BBQR01000078.1,4279,5635,-1,Pseudomonas abietaniphila,Bacteria; Pseudomonadati; Pseudomonadota; Gammaproteobacteria; Pseudomonadales; Pseudomonadaceae; Pseudomonas,0,4_411_XylX#0,core,0.785,3,1,1,1,[alpha] > beta > reductase > dehydrogenase > ferredoxin > ring_cleavage > dehydrogenase
NZ_BBQU01000014.1:57647-59030:1,WP_004642043.1,P23_RS14795,benA,"benzoate 1,2-dioxygenase large subunit",4_411_XylX,4,832.5,0.9736,5.6e-251,NZ_BBQU01000014.1,57647,59030,1,Acinetobacter calcoaceticus,Bacteria; Pseudomonadati; Pseudomonadota; Gammaproteobacteria; Moraxellales; Moraxellaceae; Acinetobacter; Acinetobacter calcoaceticus/baumannii complex,0,4_411_XylX#0,core,0.9798,1,0,0,1,[alpha] > ro_beta > reductase > dehydrogenase > other
NZ_BBQO01000001.1:930820-932176:1,WP_003452500.1,KF710C_RS04245,benA,"benzoate 1,2-dioxygenase large subunit",4_411_XylX,4,943.8,0.9956,9.7e-285,NZ_BBQO01000001.1,930820,932176,1,Pseudomonas toyotomiensis,Bacteria; Pseudomonadota; Gammaproteobacteria; Pseudomonadales; Pseudomonadaceae; Pseudomonas,0,4_411_XylX#0,core,0.785,3,1,1,1,[alpha] > beta > reductase > dehydrogenase > ferredoxin > ring_cleavage > dehydrogenase > hydrolase > other
NZ_BDLP01000154.1:449-1796:1,WP_019461944.1,ROTAS13_RS13090,benA,"benzoate 1,2-dioxygenase large subunit",4_411_XylX,4,873.6,0.9581,1.9e-263,NZ_BDLP01000154.1,449,1796,1,Roseomonas sp. TAS13,Bacteria; Pseudomonadati; Pseudomonadota; Alphaproteobacteria; Acetobacterales; Roseomonadaceae; Roseomonas,0,4_411_XylX#0,core,0.7934,2,1,0,1,[alpha] > beta > reductase > dehydrogenase > ring_cleavage > ring_cleavage > ring_cleavage > transporter > reductase > transporter
NZ_BDJA01000005.1:368325-369687:1,WP_015277463.1,BHD08_RS15270,benA,"benzoate 1,2-dioxygenase large subunit",4_411_XylX,4,980.5,0.9978,7.1e-296,NZ_BDJA01000005.1,368325,369687,1,Pseudomonas sp. SCT,Bacteria; Pseudomonadati; Pseudomonadota; Gammaproteobacteria; Pseudomonadales; Pseudomonadaceae; Pseudomonas,0,4_411_XylX#0,core,0.7945,2,1,0,1,[alpha] > beta > reductase > dehydrogenase > transporter > ring_cleavage > ring_cleavage > ring_cleavage
NZ_BJVI01000026.1:19622-20984:1,WP_028929699.1,PA7_RS13290,benA,"benzoate 1,2-dioxygenase large subunit",4_411_XylX,4,789.6,0.9648,5.9e-238,NZ_BJVI01000026.1,19622,20984,1,Pseudonocardia asaccharolytica DSM 44247 = NBRC 16224,Bacteria; Bacillati; Actinomycetota; Actinomycetes; Pseudonocardiales; Pseudonocardiaceae; Pseudonocardia,0,4_411_XylX#0,core,0.7277,2,1,0,1,[alpha] > beta > reductase > dehydrogenase > other > other
NZ_BJYZ01000094.1:5953-7318:-1,WP_044436676.1,SAE02_RS37900,benA,"benzoate 1,2-dioxygenase large subunit",4_411_XylX,4,870.2,0.9714,2e-262,NZ_BJYZ01000094.1,5953,7318,-1,Skermanella aerolata,Bacteria; Pseudomonadati; Pseudomonadota; Alphaproteobacteria; Rhodospirillales; Azospirillaceae; Skermanella,0,4_411_XylX#0,core,0.799,2,1,0,1,ring_cleavage > [alpha] > beta > reductase > dehydrogenase > reductase > transporter > other > other
NZ_BMIO01000016.1:6202-7618:1,WP_066762494.1,IEW71_RS15050,,Rieske 2Fe-2S domain-containing protein,4_411_XylX,4,546.7,0.9736,2.8e-164,NZ_BMIO01000016.1,6202,7618,1,Croceicoccus pelagius,Bacteria; Pseudomonadati; Pseudomonadota; Alphaproteobacteria; Sphingomonadales; Erythrobacteraceae; Croceicoccus,0,4_411_XylX#0,core,0.9745,1,1,0,0,[alpha] > beta > other > alpha_other > beta > other
NZ_BSFQ01000013.1:106723-108094:-1,WP_037045586.1,PKE99_RS17200,benA,"benzoate 1,2-dioxygenase large subunit",4_411_XylX,4,748.5,0.967,1.7e-225,NZ_BSFQ01000013.1,106723,108094,-1,Pseudonocardia halophobica,Bacteria; Bacillati; Actinomycetota; Actinomycetes; Pseudonocardiales; Pseudonocardiaceae; Pseudonocardia,0,4_411_XylX#0,core,0.9179,2,1,0,1,[alpha] > beta > reductase > regulator > transporter > other
NZ_CABVIH010000006.1:129732-131091:1,WP_150779266.1,F8N78_RS07935,benA,"benzoate 1,2-dioxygenase large subunit",4_411_XylX,4,977.2,1.0,7.2e-295,NZ_CABVIH010000006.1,129732,131091,1,Pseudomonas fluorescens,Bacteria; Pseudomonadati; Pseudomonadota; Gammaproteobacteria; Pseudomonadales; Pseudomonadaceae; Pseudomonas,0,4_411_XylX#0,core,0.9045,2,1,0,1,[alpha] > beta > reductase > dehydrogenase > transporter
NZ_CABVJF010000019.1:102742-104107:1,WP_064677166.1,F8N86_RS23430,benA,"benzoate 1,2-dioxygenase large subunit",4_411_XylX,4,1000.2,1.0,7.5e-302,NZ_CABVJF010000019.1,102742,104107,1,Pseudomonas fluorescens,Bacteria; Pseudomonadati; Pseudomonadota; Gammaproteobacteria; Pseudomonadales; Pseudomonadaceae; Pseudomonas,0,4_411_XylX#0,core,0.9499,2,1,0,1,[alpha] > beta > reductase > dehydrogenase
NZ_CADFGH010000008.1:172078-173446:-1,WP_012404594.1,HWY06_RS18780,benA,"benzoate 1,2-dioxygenase large subunit",4_411_XylX,4,849.1,0.9692,5.1e-256,NZ_CADFGH010000008.1,172078,173446,-1,Paraburkholderia phymatum STM815,Bacteria; Pseudomonadati; Pseudomonadota; Betaproteobacteria; Burkholderiales; Burkholderiaceae; Paraburkholderia,0,4_411_XylX#0,core,0.7868,2,1,0,1,[alpha] > beta > reductase > dehydrogenase
NZ_CAIWNQ010000012.1:7774-9163:1,WP_040179364.1,RUESEDTHA_RS19830,benA,"benzoate 1,2-dioxygenase large subunit",4_411_XylX,4,769.1,0.967,9.5e-232,NZ_CAIWNQ010000012.1,7774,9163,1,Ruegeria sp. THAF57,Bacteria; Pseudomonadati; Pseudomonadota; Alphaproteobacteria; Rhodobacterales; Roseobacteraceae; Ruegeria,0,4_411_XylX#0,core,0.9603,2,1,0,1,ring_cleavage > [alpha] > beta > reductase > dehydrogenase > transporter > transporter > transporter > transporter > transporter
NZ_CBSD020000075.1:29898-31281:-1,WP_001137400.1,ANICBIBUN_RS34895,benA,"benzoate 1,2-dioxygenase large subunit",4_411_XylX,4,833.5,0.9736,2.8e-251,NZ_CBSD020000075.1,29898,31281,-1,Acinetobacter nosocomialis 28F,Bacteria; Pseudomonadati; Pseudomonadota; Gammaproteobacteria; Moraxellales; Moraxellaceae; Acinetobacter; Acinetobacter calcoaceticus/baumannii complex,0,4_411_XylX#0,core,0.9874,1,0,0,1,[alpha] > ro_beta > reductase > dehydrogenase > other
NZ_CAWLZT010000193.1:24404-25787:1,WP_021323709.1,AACT20_RS18215,benA,"benzoate 1,2-dioxygenase large subunit",4_411_XylX,4,826.3,0.9714,4.1e-249,NZ_CAWLZT010000193.1,24404,25787,1,Photorhabdus temperata J3,Bacteria; Pseudomonadati; Pseudomonadota; Gammaproteobacteria; Enterobacterales; Morganellaceae; Photorhabdus,0,4_411_XylX#0,core,0.932,2,1,0,1,ring_cleavage > ring_cleavage > ring_cleavage > [alpha] > beta > reductase > dehydrogenase > other > other > other > other
NZ_CP015584.1:325144-326497:-1,WP_075800483.1,RGI145_RS21035,benA,"benzoate 1,2-dioxygenase large subunit",4_411_XylX,4,873.8,0.9692,1.6e-263,NZ_CP015584.1,325144,326497,-1,Roseomonas gilardii,Bacteria; Pseudomonadati; Pseudomonadota; Alphaproteobacteria; Acetobacterales; Roseomonadaceae; Roseomonas,0,4_411_XylX#0,core,0.7834,2,1,0,1,[alpha] > beta > reductase > dehydrogenase > ring_cleavage > ring_cleavage > ring_cleavage > transporter > reductase > transporter > transporter > transporter
NZ_CP017078.1:187730-189098:1,WP_083274947.1,BES08_RS32495,,Rieske 2Fe-2S domain-containing protein,4_411_XylX,4,527.1,0.9736,2.6e-158,NZ_CP017078.1,187730,189098,1,Novosphingobium resinovorum,Bacteria; Pseudomonadati; Pseudomonadota; Alphaproteobacteria; Sphingomonadales; Sphingomonadaceae; Novosphingobium,1,4_411_XylX#0,divergent,0.5062,1,1,0,0,[alpha] > beta > transporter
NZ_CP022992.1:340142-341501:1,WP_095423688.1,CJU94_RS37910,,Rieske 2Fe-2S domain-containing protein,4_411_XylX,4,558.5,0.9273,7.7e-168,NZ_CP022992.1,340142,341501,1,Paraburkholderia aromaticivorans,Bacteria; Pseudomonadati; Pseudomonadota; Betaproteobacteria; Burkholderiales; Burkholderiaceae; Paraburkholderia,1,4_411_XylX#0,divergent,0.5481,2,1,1,0,ferredoxin > [alpha] > beta
NZ_CP033228.1:117805-119224:1,WP_122129292.1,EBF16_RS03245,,Rieske 2Fe-2S domain-containing protein,4_411_XylX,4,544.3,0.9692,1.5e-163,NZ_CP033228.1,117805,119224,1,Sphingobium yanoikuyae,Bacteria; Pseudomonadati; Pseudomonadota; Alphaproteobacteria; Sphingomonadales; Sphingomonadaceae; Sphingobium,1,4_411_XylX#0,core,0.9513,1,1,0,0,[alpha] > beta > other > alpha_other > beta > other
NZ_CP021334.1:151332-152688:1,WP_041336287.1,MTMN5_RS20425,,Rieske 2Fe-2S domain-containing protein,4_411_XylX,4,749.8,0.9758,6.7e-226,NZ_CP021334.1,151332,152688,1,Marinobacter salarius,Bacteria; Pseudomonadati; Pseudomonadota; Gammaproteobacteria; Pseudomonadales; Marinobacteraceae; Marinobacter,1,4_411_XylX#0,core,0.6574,1,1,0,0,[alpha] > beta
NZ_CP063449.1:78553-79969:-1,WP_193829252.1,IM701_RS21030,,Rieske 2Fe-2S domain-containing protein,4_411_XylX,4,539.3,0.967,4.8e-162,NZ_CP063449.1,78553,79969,-1,Novosphingobium sp. ES2-1,Bacteria; Pseudomonadati; Pseudomonadota; Alphaproteobacteria; Sphingomonadales; Sphingomonadaceae; Novosphingobium,1,4_411_XylX#0,core,0.9821,1,1,0,0,[alpha] > beta > other > alpha_other > beta > other
NZ_CYSG01000027.1:16119-17508:1,WP_058335822.1,PH5382_RS18255,benA,"benzoate 1,2-dioxygenase large subunit",4_411_XylX,4,761.7,0.978,1.7e-229,NZ_CYSG01000027.1,16119,17508,1,Phaeobacter sp. CECT 5382,Bacteria; Pseudomonadati; Pseudomonadota; Alphaproteobacteria; Rhodobacterales; Roseobacteraceae; Phaeobacter,0,4_411_XylX#0,core,0.9102,2,1,0,1,ring_cleavage > [alpha] > beta > reductase > dehydrogenase > transporter > transporter > transporter > transporter > transporter
NZ_DAITTW010000113.1:5501-7004:-1,WP_029449990.1,V7063_RS12295,benA,"benzoate 1,2-dioxygenase large subunit",4_411_XylX,4,711.7,0.9648,2.4e-214,NZ_DAITTW010000113.1,5501,7004,-1,Corynebacterium nuruki,Bacteria; Bacillati; Actinomycetota; Actinomycetes; Mycobacteriales; Corynebacteriaceae; Corynebacterium,0,4_411_XylX#0,core,0.8015,2,1,1,0,[alpha] > beta > ferredoxin > reductase > dehydrogenase > regulator > regulator
NZ_DQHQ01000122.1:19343-20705:-1,WP_047276340.1,DIW67_RS14485,benA,"benzoate 1,2-dioxygenase large subunit",4_411_XylX,4,974.2,0.9978,5.8e-294,NZ_DQHQ01000122.1,19343,20705,-1,Pseudomonas sp.,Bacteria; Pseudomonadati; Pseudomonadota; Gammaproteobacteria; Pseudomonadales; Pseudomonadaceae; Pseudomonas,0,4_411_XylX#0,core,0.787,2,1,0,1,[alpha] > beta > reductase > dehydrogenase > ring_cleavage > ring_cleavage > ring_cleavage
NZ_FMVR01000008.1:69833-71249:1,WP_010891027.1,BLP56_RS15725,,Rieske 2Fe-2S domain-containing protein,4_411_XylX,4,542.4,0.9736,5.6e-163,NZ_FMVR01000008.1,69833,71249,1,Novosphingobium aromaticivorans,Bacteria; Pseudomonadati; Pseudomonadota; Alphaproteobacteria; Sphingomonadales; Sphingomonadaceae; Novosphingobium,0,4_411_XylX#0,core,1.0,1,1,0,0,[alpha] > beta > other > alpha_other > beta > other
NZ_FMWI01000006.1:183059-184424:-1,WP_072444640.1,BLP89_RS23195,benA,"benzoate 1,2-dioxygenase large subunit",4_411_XylX,4,991.7,1.0,2.9e-299,NZ_FMWI01000006.1,183059,184424,-1,Pseudomonas sp. NFPP17,Bacteria; Pseudomonadati; Pseudomonadota; Gammaproteobacteria; Pseudomonadales; Pseudomonadaceae; Pseudomonas,0,4_411_XylX#0,core,0.9048,2,1,0,1,[alpha] > beta > reductase > dehydrogenase
NZ_FNEW01000007.1:480-1851:1,WP_037222507.1,BLT49_RS23020,benA,"benzoate 1,2-dioxygenase large subunit",4_411_XylX,4,821.9,0.9604,9e-248,NZ_FNEW01000007.1,480,1851,1,Agrobacterium fabrum,Bacteria; Pseudomonadati; Pseudomonadota; Alphaproteobacteria; Hyphomicrobiales; Rhizobiaceae; Rhizobium/Agrobacterium group; Agrobacterium; Agrobacterium tumefaciens complex,0,4_411_XylX#0,core,0.77,2,1,0,1,ring_cleavage > [alpha] > beta > reductase > dehydrogenase
NZ_FOBK01000023.1:3825-5208:-1,WP_035270495.1,BMW42_RS14410,benA,"benzoate 1,2-dioxygenase large subunit",4_411_XylX,4,832.2,0.9736,7.1e-251,NZ_FOBK01000023.1,3825,5208,-1,Acinetobacter sp. DSM 11652,Bacteria; Pseudomonadati; Pseudomonadota; Gammaproteobacteria; Moraxellales; Moraxellaceae; Acinetobacter,0,4_411_XylX#0,core,0.9165,2,1,0,1,hypothetical > [alpha] > beta > reductase > dehydrogenase > other > other
NZ_FOSM01000004.1:17123-18512:1,WP_062219572.1,BM170_RS05355,benA,"benzoate 1,2-dioxygenase large subunit",4_411_XylX,4,770.7,0.967,3.1e-232,NZ_FOSM01000004.1,17123,18512,1,Celeribacter marinus,Bacteria; Pseudomonadati; Pseudomonadota; Alphaproteobacteria; Rhodobacterales; Roseobacteraceae; Celeribacter,0,4_411_XylX#0,core,0.902,2,1,0,1,ring_cleavage > [alpha] > beta > reductase > dehydrogenase > regulator
NZ_FQVF01000003.1:173381-174728:1,WP_072838229.1,BUA59_RS02935,benA,"benzoate 1,2-dioxygenase large subunit",4_411_XylX,4,844.3,0.9692,1.5e-254,NZ_FQVF01000003.1,173381,174728,1,Marinomonas polaris DSM 16579,Bacteria; Pseudomonadati; Pseudomonadota; Gammaproteobacteria; Oceanospirillales; Oceanospirillaceae; Marinomonas,0,4_411_XylX#0,core,0.7706,2,1,0,1,[alpha] > beta > reductase > dehydrogenase > other > transporter > dehydrogenase > dehydrogenase
NZ_FQXA01000002.1:221068-222430:1,WP_073299682.1,BUE09_RS05395,benA,"benzoate 1,2-dioxygenase large subunit",4_411_XylX,4,1005.4,0.9978,2e-303,NZ_FQXA01000002.1,221068,222430,1,Stutzerimonas xanthomarina DSM 18231,Bacteria; Pseudomonadati; Pseudomonadota; Gammaproteobacteria; Pseudomonadales; Pseudomonadaceae; Stutzerimonas,0,4_411_XylX#0,core,0.817,2,1,0,1,[alpha] > beta > reductase
NZ_FRBN01000004.1:224862-226251:1,WP_073196184.1,BUB78_RS06335,benA,"benzoate 1,2-dioxygenase large subunit",4_411_XylX,4,771.7,0.9692,1.6e-232,NZ_FRBN01000004.1,224862,226251,1,Roseovarius marisflavi,Bacteria; Pseudomonadati; Pseudomonadota; Alphaproteobacteria; Rhodobacterales; Roseobacteraceae; Roseovarius,0,4_411_XylX#0,core,0.9198,2,1,0,1,ring_cleavage > [alpha] > beta > reductase > dehydrogenase > transporter > transporter > transporter > transporter > transporter
NZ_FQZJ01000002.1:82722-84084:1,WP_073023496.1,BUB14_RS04720,,Rieske 2Fe-2S domain-containing protein,4_411_XylX,4,553.3,0.9537,2.8e-166,NZ_FQZJ01000002.1,82722,84084,1,Cycloclasticus pugetii,Bacteria; Pseudomonadati; Pseudomonadota; Gammaproteobacteria; Thiotrichales; Piscirickettsiaceae; Cycloclasticus,0,4_411_XylX#0,core,0.5513,1,1,0,0,[alpha] > beta
NZ_FQZJ01000004.1:84022-85345:1,WP_073024300.1,BUB14_RS08680,,aromatic ring-hydroxylating dioxygenase subunit alpha,4_411_XylX,4,446.3,0.9626,8.3e-134,NZ_FQZJ01000004.1,84022,85345,1,Cycloclasticus pugetii,Bacteria; Pseudomonadati; Pseudomonadota; Gammaproteobacteria; Thiotrichales; Piscirickettsiaceae; Cycloclasticus,0,4_411_XylX#0,divergent,0.4658,1,1,0,0,other > alpha_other > hydrolase > beta > alpha_other > [alpha] > beta
NZ_FRDM01000003.1:167886-169263:-1,WP_072914192.1,BUB17_RS04755,benA,"benzoate 1,2-dioxygenase large subunit",4_411_XylX,4,745.3,0.967,1.6e-224,NZ_FRDM01000003.1,167886,169263,-1,Geodermatophilus obscurus,Bacteria; Bacillati; Actinomycetota; Actinomycetes; Geodermatophilales; Geodermatophilaceae; Geodermatophilus,0,4_411_XylX#0,core,0.893,2,1,0,1,[alpha] > beta > reductase > regulator
NZ_FTMN01000004.1:309297-310647:-1,WP_010322175.1,BW956_RS11410,benA,"benzoate 1,2-dioxygenase large subunit",4_411_XylX,4,815.3,0.9648,9.3e-246,NZ_FTMN01000004.1,309297,310647,-1,Marinobacterium stanieri,Bacteria; Pseudomonadati; Pseudomonadota; Gammaproteobacteria; Oceanospirillales; Oceanospirillaceae; Marinobacterium,0,4_411_XylX#0,core,0.7211,2,1,0,1,[alpha] > beta > reductase > dehydrogenase > other > transporter
NZ_FTMV01000010.1:71533-72910:-1,WP_076569021.1,BXA07_RS16460,benA,"benzoate 1,2-dioxygenase large subunit",4_411_XylX,4,838.4,0.9648,9.2e-253,NZ_FTMV01000010.1,71533,72910,-1,Janthinobacterium sp. TND4EL3,Bacteria; Pseudomonadati; Pseudomonadota; Betaproteobacteria; Burkholderiales; Oxalobacteraceae; Janthinobacterium,0,4_411_XylX#0,core,0.8061,2,1,0,1,ring_cleavage > ring_cleavage > ring_cleavage > [alpha] > beta > reductase > dehydrogenase > other
NZ_FTNU01000013.1:16133-17516:1,WP_076555686.1,BW928_RS07865,benA,"benzoate 1,2-dioxygenase large subunit",4_411_XylX,4,838.2,0.9736,1e-252,NZ_FTNU01000013.1,16133,17516,1,Moraxella cuniculi DSM 21768,Bacteria; Pseudomonadati; Pseudomonadota; Gammaproteobacteria; Moraxellales; Moraxellaceae; Moraxella,0,4_411_XylX#0,core,0.8333,2,1,0,1,ring_cleavage > ring_cleavage > ring_cleavage > [alpha] > beta > reductase > other > transporter > dehydrogenase > transporter > other > other > other > other
NZ_FWXQ01000010.1:156299-157658:1,WP_019096258.1,B9A31_RS22015,benA,"benzoate 1,2-dioxygenase large subunit",4_411_XylX,4,1010.4,1.0,0.0,NZ_FWXQ01000010.1,156299,157658,1,Pseudomonas sp. URIL14HWK12:I5,Bacteria; Pseudomonadati; Pseudomonadota; Gammaproteobacteria; Pseudomonadales; Pseudomonadaceae; Pseudomonas,0,4_411_XylX#0,core,0.9799,2,1,0,1,regulator > [alpha] > beta > reductase > dehydrogenase > transporter > transporter > transporter > hydrolase > regulator > reductase
NZ_FXAD01000027.1:4063-5422:-1,WP_027919229.1,B9N94_RS24995,benA,"benzoate 1,2-dioxygenase large subunit",4_411_XylX,4,1004.3,1.0,4.2e-303,NZ_FXAD01000027.1,4063,5422,-1,Pseudomonas sp. URMO17WK12:I5,Bacteria; Pseudomonadati; Pseudomonadota; Gammaproteobacteria; Pseudomonadales; Pseudomonadaceae; Pseudomonas,0,4_411_XylX#0,core,0.9547,2,1,0,1,[alpha] > beta > reductase
NZ_FZOL01000016.1:50999-52358:1,WP_042125390.1,CHB99_RS19020,benA,"benzoate 1,2-dioxygenase large subunit",4_411_XylX,4,988.4,1.0,2.8e-298,NZ_FZOL01000016.1,50999,52358,1,Pseudomonas japonica,Bacteria; Pseudomonadati; Pseudomonadota; Gammaproteobacteria; Pseudomonadales; Pseudomonadaceae; Pseudomonas,0,4_411_XylX#0,core,0.9421,2,1,0,1,[alpha] > beta > reductase
NZ_GG700683.1:834094-835591:1,WP_006768309.1,HMPREF0290_RS03690,benA,"benzoate 1,2-dioxygenase large subunit",4_411_XylX,4,754.9,0.967,2e-227,NZ_GG700683.1,834094,835591,1,Corynebacterium efficiens YS-314,Bacteria; Bacillati; Actinomycetota; Actinomycetes; Mycobacteriales; Corynebacteriaceae; Corynebacterium,0,4_411_XylX#0,core,0.9401,2,1,0,1,[alpha] > beta > reductase > dehydrogenase > regulator
NZ_JAATTV010000014.1:78611-79997:1,WP_025643599.1,HCZ91_RS11070,benA,"benzoate 1,2-dioxygenase large subunit",4_411_XylX,4,798.4,0.9648,1.2e-240,NZ_JAATTV010000014.1,78611,79997,1,Psychrobacter sp. BI730,Bacteria; Pseudomonadati; Pseudomonadota; Gammaproteobacteria; Moraxellales; Moraxellaceae; Psychrobacter,0,4_411_XylX#0,core,0.7338,2,1,0,1,ring_cleavage > [alpha] > beta > reductase > dehydrogenase > other > other > other > other > other > other
NZ_JAAVUN010000001.1:220081-221464:-1,WP_047692645.1,GTW58_RS00980,benA,"benzoate 1,2-dioxygenase large subunit",4_411_XylX,4,731.1,0.9692,3.3e-220,NZ_JAAVUN010000001.1,220081,221464,-1,Kocuria subflava,Bacteria; Bacillati; Actinomycetota; Actinomycetes; Micrococcales; Micrococcaceae; Kocuria,0,4_411_XylX#0,core,0.798,2,1,0,1,[alpha] > beta > reductase > dehydrogenase > other > hypothetical > regulator > regulator
NZ_JABBGM010000007.1:75431-76850:-1,WP_169494291.1,HHL27_RS15380,,Rieske 2Fe-2S domain-containing protein,4_411_XylX,4,546.5,0.9692,3.3e-164,NZ_JABBGM010000007.1,75431,76850,-1,Novosphingobium olei,Bacteria; Pseudomonadati; Pseudomonadota; Alphaproteobacteria; Sphingomonadales; Sphingomonadaceae; Novosphingobium,0,4_411_XylX#0,core,0.9386,1,1,0,0,[alpha] > beta > other > alpha_other > beta > other
NZ_JABBGL010000016.1:58187-59606:1,WP_008828129.1,HHL26_RS18445,,Rieske 2Fe-2S domain-containing protein,4_411_XylX,4,537.7,0.9692,1.6e-161,NZ_JABBGL010000016.1,58187,59606,1,Sphingobium sp. TB-6,Bacteria; Pseudomonadati; Pseudomonadota; Alphaproteobacteria; Sphingomonadales; Sphingomonadaceae; Sphingobium,0,4_411_XylX#0,core,0.9948,1,1,0,0,[alpha] > beta > other > alpha_other > beta > other
NZ_JABFID010000006.1:109486-110845:-1,WP_041166494.1,HMH05_RS08990,benA,"benzoate 1,2-dioxygenase large subunit",4_411_XylX,4,1004.7,1.0,3.2e-303,NZ_JABFID010000006.1,109486,110845,-1,Pseudomonas sp. SbB1,Bacteria; Pseudomonadati; Pseudomonadota; Gammaproteobacteria; Pseudomonadales; Pseudomonadaceae; Pseudomonas,0,4_411_XylX#0,core,0.9749,2,1,0,1,regulator > [alpha] > beta > reductase > dehydrogenase > transporter > ring_cleavage > transporter > transporter > hydrolase > regulator > reductase
NZ_JACIEQ010000003.1:489523-490906:1,WP_183314785.1,GGR17_RS13685,benA,"benzoate 1,2-dioxygenase large subunit",4_411_XylX,4,814.4,0.9736,1.8e-245,NZ_JACIEQ010000003.1,489523,490906,1,Actibacterium naphthalenivorans,Bacteria; Pseudomonadati; Pseudomonadota; Alphaproteobacteria; Rhodobacterales; Roseobacteraceae; Actibacterium,0,4_411_XylX#0,core,0.7926,2,1,0,1,ring_cleavage > [alpha] > beta > reductase > dehydrogenase > transporter > transporter > transporter > transporter > transporter
NZ_JACKTM010000005.1:41058-42426:-1,WP_062831624.1,H7J55_RS00800,benA,"benzoate 1,2-dioxygenase large subunit",4_411_XylX,4,712.3,0.9581,1.6e-214,NZ_JACKTM010000005.1,41058,42426,-1,Mycolicibacterium brisbanense,Bacteria; Bacillati; Actinomycetota; Actinomycetes; Mycobacteriales; Mycobacteriaceae; Mycolicibacterium,0,4_411_XylX#0,core,0.8947,2,1,0,1,[alpha] > beta > reductase
NZ_JADEZY010000033.1:7527-8913:-1,WP_053577887.1,IQR32_RS10815,benA,"benzoate 1,2-dioxygenase large subunit",4_411_XylX,4,818.2,0.9868,1.3e-246,NZ_JADEZY010000033.1,7527,8913,-1,Acinetobacter albensis,Bacteria; Pseudomonadati; Pseudomonadota; Gammaproteobacteria; Moraxellales; Moraxellaceae; Acinetobacter,0,4_411_XylX#0,core,0.892,2,1,0,1,ring_cleavage > [alpha] > beta > reductase > dehydrogenase > other > other > other > other > other
NZ_JADKPY010000053.1:45536-46913:1,WP_004911181.1,IRT38_RS10960,benA,"benzoate 1,2-dioxygenase large subunit",4_411_XylX,4,828.6,0.9736,8.8e-250,NZ_JADKPY010000053.1,45536,46913,1,Acinetobacter sp. SK-43,Bacteria; Pseudomonadati; Pseudomonadota; Gammaproteobacteria; Moraxellales; Moraxellaceae; Acinetobacter,0,4_411_XylX#0,core,0.9394,2,1,0,1,ring_cleavage > ring_cleavage > ring_cleavage > [alpha] > beta > reductase > dehydrogenase > other > other > other
NZ_JAGHRB010000015.1:41115-42504:1,WP_040179364.1,J7394_RS18280,benA,"benzoate 1,2-dioxygenase large subunit",4_411_XylX,4,769.1,0.967,9.5e-232,NZ_JAGHRB010000015.1,41115,42504,1,Ruegeria sp. R13_0,Bacteria; Pseudomonadati; Pseudomonadota; Alphaproteobacteria; Rhodobacterales; Roseobacteraceae; Ruegeria,0,4_411_XylX#0,core,0.9603,2,1,0,1,ring_cleavage > [alpha] > beta > reductase > dehydrogenase > transporter > transporter > transporter > transporter > transporter
NZ_JAINEZ010000013.1:53268-54687:1,WP_008828129.1,K7W03_RS06915,,Rieske 2Fe-2S domain-containing protein,4_411_XylX,4,537.7,0.9692,1.6e-161,NZ_JAINEZ010000013.1,53268,54687,1,Sphingobium sp. PNB,Bacteria; Pseudomonadati; Pseudomonadota; Alphaproteobacteria; Sphingomonadales; Sphingomonadaceae; Sphingobium,0,4_411_XylX#0,core,0.9948,1,1,0,0,[alpha] > beta > other > alpha_other > beta > other
NZ_JAMKDT010000006.1:89848-91207:-1,WP_070091018.1,M9Y57_RS05920,benA,"benzoate 1,2-dioxygenase large subunit",4_411_XylX,4,1004.1,1.0,5e-303,NZ_JAMKDT010000006.1,89848,91207,-1,Pseudomonas putida,Bacteria; Pseudomonadati; Pseudomonadota; Gammaproteobacteria; Pseudomonadales; Pseudomonadaceae; Pseudomonas,0,4_411_XylX#0,core,0.9724,2,1,0,1,[alpha] > beta > reductase
NZ_JANIAM010000016.1:77279-78638:1,WP_046614216.1,NP554_RS19275,benA,"benzoate 1,2-dioxygenase large subunit",4_411_XylX,4,1008.7,1.0,0.0,NZ_JANIAM010000016.1,77279,78638,1,Pseudomonas asiatica,Bacteria; Pseudomonadati; Pseudomonadota; Gammaproteobacteria; Pseudomonadales; Pseudomonadaceae; Pseudomonas,0,4_411_XylX#0,core,0.9773,2,1,0,1,[alpha] > beta > reductase
NZ_JANJVE010000022.1:17203-18544:-1,WP_002939586.1,QVE47_RS01800,benA,"benzoate 1,2-dioxygenase large subunit",4_411_XylX,4,898.1,0.978,7e-271,NZ_JANJVE010000022.1,17203,18544,-1,Thauera sp.,Bacteria; Pseudomonadati; Pseudomonadota; Betaproteobacteria; Rhodocyclales; Zoogloeaceae; Thauera,0,4_411_XylX#0,core,0.7556,2,1,0,1,[alpha] > beta > reductase > dehydrogenase
NZ_JANBMO010000001.1:549679-551038:-1,WP_036995274.1,NL515_RS02570,benA,"benzoate 1,2-dioxygenase large subunit",4_411_XylX,4,991.6,1.0,3e-299,NZ_JANBMO010000001.1,549679,551038,-1,Pseudomonas donghuensis,Bacteria; Pseudomonadati; Pseudomonadota; Gammaproteobacteria; Pseudomonadales; Pseudomonadaceae; Pseudomonas,0,4_411_XylX#0,core,0.9141,2,1,0,1,regulator > [alpha] > beta > reductase > dehydrogenase > ring_cleavage > ring_cleavage > ring_cleavage > transporter
NZ_JAOCEY010000003.1:68941-70300:1,WP_060537378.1,N5D79_RS02715,benA,"benzoate 1,2-dioxygenase large subunit",4_411_XylX,4,1009.9,1.0,0.0,NZ_JAOCEY010000003.1,68941,70300,1,Pseudomonas sp. GD03817,Bacteria; Pseudomonadati; Pseudomonadota; Gammaproteobacteria; Pseudomonadales; Pseudomonadaceae; Pseudomonas,0,4_411_XylX#0,core,0.9799,2,1,0,1,regulator > other > [alpha] > beta > reductase > dehydrogenase > transporter > ring_cleavage > transporter > transporter > hydrolase > regulator > reductase
NZ_JAODZI010000012.1:9228-10590:-1,WP_014596380.1,N7407_RS12875,benA,"benzoate 1,2-dioxygenase large subunit",4_411_XylX,4,1002.4,0.9978,1.6e-302,NZ_JAODZI010000012.1,9228,10590,-1,Stutzerimonas stutzeri,Bacteria; Pseudomonadati; Pseudomonadota; Gammaproteobacteria; Pseudomonadales; Pseudomonadaceae; Stutzerimonas,0,4_411_XylX#0,core,0.8246,2,1,0,1,[alpha] > beta > reductase > dehydrogenase > transporter > ring_cleavage > ring_cleavage > ring_cleavage > transporter > transporter
NZ_JAOEEO010000005.1:67987-69370:1,WP_032874766.1,N7644_RS14835,benA,"benzoate 1,2-dioxygenase large subunit",4_411_XylX,4,830.5,0.9736,2.2e-250,NZ_JAOEEO010000005.1,67987,69370,1,Acinetobacter courvalinii,Bacteria; Pseudomonadati; Pseudomonadota; Gammaproteobacteria; Moraxellales; Moraxellaceae; Acinetobacter,0,4_411_XylX#0,core,0.9571,2,1,0,1,[alpha] > beta > reductase > dehydrogenase > other
NZ_JASCAI010000030.1:314357-315740:1,WP_004793610.1,QLG01_RS18960,benA,"benzoate 1,2-dioxygenase large subunit",4_411_XylX,4,833.4,0.9736,3.1e-251,NZ_JASCAI010000030.1,314357,315740,1,Acinetobacter sp. V89_4,Bacteria; Pseudomonadati; Pseudomonadota; Gammaproteobacteria; Moraxellales; Moraxellaceae; Acinetobacter,0,4_411_XylX#0,core,0.9823,1,0,0,1,[alpha] > ro_beta > reductase > dehydrogenase > other
NZ_JAUZUV010000011.1:33622-35011:-1,WP_004647039.1,Q9R21_RS10490,benA,"benzoate 1,2-dioxygenase large subunit",4_411_XylX,4,835.2,0.978,8.5e-252,NZ_JAUZUV010000011.1,33622,35011,-1,Acinetobacter sp. RG5,Bacteria; Pseudomonadati; Pseudomonadota; Gammaproteobacteria; Moraxellales; Moraxellaceae; Acinetobacter,0,4_411_XylX#0,core,0.8937,2,1,0,1,ring_cleavage > [alpha] > beta > reductase > dehydrogenase > other > other > other
NZ_JAVLUS010000003.1:72317-73700:-1,WP_074853711.1,RD149_RS04110,benA,"benzoate 1,2-dioxygenase large subunit",4_411_XylX,4,733.3,0.9604,7.1e-221,NZ_JAVLUS010000003.1,72317,73700,-1,Gordonia westfalica,Bacteria; Bacillati; Actinomycetota; Actinomycetes; Mycobacteriales; Gordoniaceae; Gordonia,0,4_411_XylX#0,core,0.9449,2,1,0,1,[alpha] > beta > reductase > other
NZ_JAWLKG010000011.1:29506-30898:-1,WP_168580244.1,R3Q02_RS22375,benA,"benzoate 1,2-dioxygenase large subunit",4_411_XylX,4,777.8,0.9692,2.2e-234,NZ_JAWLKG010000011.1,29506,30898,-1,Rhodococcus aetherivorans,Bacteria; Bacillati; Actinomycetota; Actinomycetes; Mycobacteriales; Nocardiaceae; Rhodococcus,0,4_411_XylX#0,core,0.8299,2,1,0,1,[alpha] > beta > reductase > dehydrogenase > transporter > regulator > transporter
NZ_JBBCSQ010000001.1:449171-450557:-1,WP_004946713.1,WFI83_RS02080,benA,"benzoate 1,2-dioxygenase large subunit BenA",4_411_XylX,4,823.9,0.9736,2.2e-248,NZ_JBBCSQ010000001.1,449171,450557,-1,Acinetobacter soli,Bacteria; Pseudomonadati; Pseudomonadota; Gammaproteobacteria; Moraxellales; Moraxellaceae; Acinetobacter,0,4_411_XylX#0,core,0.9215,2,1,0,1,[alpha] > beta > reductase > dehydrogenase > other
NZ_JBBCPR010000002.1:340075-341458:1,WP_057074227.1,WFK58_RS04225,benA,"benzoate 1,2-dioxygenase large subunit",4_411_XylX,4,833.3,0.9736,3.3e-251,NZ_JBBCPR010000002.1,340075,341458,1,Acinetobacter nosocomialis,Bacteria; Pseudomonadati; Pseudomonadota; Gammaproteobacteria; Moraxellales; Moraxellaceae; Acinetobacter; Acinetobacter calcoaceticus/baumannii complex,0,4_411_XylX#0,core,0.9848,1,0,0,1,[alpha] > ro_beta > reductase > dehydrogenase > other
NZ_JEWG01000023.1:4547-5930:-1,WP_002119889.1,J507_RS16875,benA,"benzoate 1,2-dioxygenase large subunit",4_411_XylX,4,832.9,0.9736,4.2e-251,NZ_JEWG01000023.1,4547,5930,-1,Acinetobacter sp. 1295259,Bacteria; Pseudomonadati; Pseudomonadota; Gammaproteobacteria; Moraxellales; Moraxellaceae; Acinetobacter; Acinetobacter calcoaceticus/baumannii complex,0,4_411_XylX#0,core,0.9823,1,0,0,1,[alpha] > ro_beta > reductase > dehydrogenase > other
NZ_JEWR01000046.1:7090-8473:1,WP_001137401.1,J545_RS20495,benA,"benzoate 1,2-dioxygenase large subunit",4_411_XylX,4,833.5,0.9736,2.7e-251,NZ_JEWR01000046.1,7090,8473,1,Acinetobacter baumannii 1462234,Bacteria; Pseudomonadati; Pseudomonadota; Gammaproteobacteria; Moraxellales; Moraxellaceae; Acinetobacter; Acinetobacter calcoaceticus/baumannii complex,0,4_411_XylX#0,core,0.9848,2,1,0,1,[alpha] > beta > reductase > dehydrogenase > other
NZ_JEWH01000053.1:13906-15289:1,WP_001137400.1,J512_RS20875,benA,"benzoate 1,2-dioxygenase large subunit",4_411_XylX,4,833.5,0.9736,2.8e-251,NZ_JEWH01000053.1,13906,15289,1,Acinetobacter baumannii 1295743,Bacteria; Pseudomonadati; Pseudomonadota; Gammaproteobacteria; Moraxellales; Moraxellaceae; Acinetobacter; Acinetobacter calcoaceticus/baumannii complex,0,4_411_XylX#0,core,0.9874,1,0,0,1,[alpha] > ro_beta > reductase > dehydrogenase > other
NZ_JEWU01000037.1:14605-15988:-1,WP_002119889.1,J551_RS19390,benA,"benzoate 1,2-dioxygenase large subunit",4_411_XylX,4,832.9,0.9736,4.2e-251,NZ_JEWU01000037.1,14605,15988,-1,Acinetobacter sp. 1475718,Bacteria; Pseudomonadati; Pseudomonadota; Gammaproteobacteria; Moraxellales; Moraxellaceae; Acinetobacter; Acinetobacter calcoaceticus/baumannii complex,0,4_411_XylX#0,core,0.9823,1,0,0,1,[alpha] > ro_beta > reductase > dehydrogenase > other
NZ_JEXG01000024.1:46280-47663:1,WP_032056610.1,J536_RS17270,benA,"benzoate 1,2-dioxygenase large subunit",4_411_XylX,4,833.4,0.9736,3e-251,NZ_JEXG01000024.1,46280,47663,1,Acinetobacter sp. 809848,Bacteria; Pseudomonadati; Pseudomonadota; Gammaproteobacteria; Moraxellales; Moraxellaceae; Acinetobacter; Acinetobacter calcoaceticus/baumannii complex,0,4_411_XylX#0,core,0.9798,1,0,0,1,[alpha] > ro_beta > reductase > dehydrogenase > other
NZ_JEXJ01000038.1:6740-8123:-1,WP_001137394.1,J529_RS18015,benA,"benzoate 1,2-dioxygenase large subunit",4_411_XylX,4,834.0,0.9736,2e-251,NZ_JEXJ01000038.1,6740,8123,-1,Acinetobacter baumannii 99063,Bacteria; Pseudomonadati; Pseudomonadota; Gammaproteobacteria; Moraxellales; Moraxellaceae; Acinetobacter; Acinetobacter calcoaceticus/baumannii complex,0,4_411_XylX#0,core,0.9848,1,0,0,1,[alpha] > ro_beta > reductase > dehydrogenase > other
NZ_JEXD01000032.1:14828-16211:1,WP_004835558.1,J506_RS19705,benA,"benzoate 1,2-dioxygenase large subunit",4_411_XylX,4,834.1,0.9736,1.8e-251,NZ_JEXD01000032.1,14828,16211,1,Acinetobacter baumannii 625974,Bacteria; Pseudomonadati; Pseudomonadota; Gammaproteobacteria; Moraxellales; Moraxellaceae; Acinetobacter; Acinetobacter calcoaceticus/baumannii complex,0,4_411_XylX#0,core,0.9848,1,0,0,1,[alpha] > ro_beta > reductase > dehydrogenase > other > transposon > other
NZ_JEYA01000002.1:136081-137464:1,WP_002119889.1,J580_RS09690,benA,"benzoate 1,2-dioxygenase large subunit",4_411_XylX,4,832.9,0.9736,4.2e-251,NZ_JEYA01000002.1,136081,137464,1,Acinetobacter sp. 1542444,Bacteria; Pseudomonadati; Pseudomonadota; Gammaproteobacteria; Moraxellales; Moraxellaceae; Acinetobacter; Acinetobacter calcoaceticus/baumannii complex,0,4_411_XylX#0,core,0.9823,1,0,0,1,[alpha] > ro_beta > reductase > dehydrogenase > other
NZ_JFEL02000012.1:15244-16627:1,WP_005070272.1,J622_RS15705,benA,"benzoate 1,2-dioxygenase large subunit",4_411_XylX,4,829.8,0.9736,3.8e-250,NZ_JFEL02000012.1,15244,16627,1,Acinetobacter sp. 1564232,Bacteria; Pseudomonadati; Pseudomonadota; Gammaproteobacteria; Moraxellales; Moraxellaceae; Acinetobacter; Acinetobacter calcoaceticus/baumannii complex,0,4_411_XylX#0,core,0.9747,1,0,0,1,[alpha] > ro_beta > reductase > dehydrogenase > other
NZ_JFHO01000045.1:9808-11164:-1,WP_035186901.1,RT91_RS09055,benA,"benzoate 1,2-dioxygenase large subunit",4_411_XylX,4,820.2,0.9626,3e-247,NZ_JFHO01000045.1,9808,11164,-1,Acidiphilium sp. JA12-A1,Bacteria; Pseudomonadati; Pseudomonadota; Alphaproteobacteria; Acetobacterales; Acidocellaceae; Acidiphilium,0,4_411_XylX#0,core,0.72,2,1,0,1,[alpha] > beta > reductase > dehydrogenase > ring_cleavage > ring_cleavage > ring_cleavage > other > other > other > other
NZ_JFJW01000032.1:49000-50422:-1,WP_035816917.1,CF68_RS06750,benA,"benzoate 1,2-dioxygenase large subunit",4_411_XylX,4,865.1,0.967,7.2e-261,NZ_JFJW01000032.1,49000,50422,-1,Cupriavidus sp. SK-4,Bacteria; Pseudomonadati; Pseudomonadota; Betaproteobacteria; Burkholderiales; Burkholderiaceae; Cupriavidus,0,4_411_XylX#0,core,0.7929,2,1,0,1,ring_cleavage > [alpha] > beta > reductase > dehydrogenase > hydrolase
NZ_JFYC01000016.1:50071-51454:-1,WP_032037857.1,J690_RS20055,benA,"benzoate 1,2-dioxygenase large subunit",4_411_XylX,4,834.5,0.9736,1.4e-251,NZ_JFYC01000016.1,50071,51454,-1,Acinetobacter sp. 742879,Bacteria; Pseudomonadati; Pseudomonadota; Gammaproteobacteria; Moraxellales; Moraxellaceae; Acinetobacter; Acinetobacter calcoaceticus/baumannii complex,0,4_411_XylX#0,core,0.9823,1,0,0,1,[alpha] > ro_beta > reductase > dehydrogenase > other
NZ_JFXV01000014.1:12518-13901:-1,WP_002119889.1,J687_RS16095,benA,"benzoate 1,2-dioxygenase large subunit",4_411_XylX,4,832.9,0.9736,4.2e-251,NZ_JFXV01000014.1,12518,13901,-1,Acinetobacter sp. 225588,Bacteria; Pseudomonadati; Pseudomonadota; Gammaproteobacteria; Moraxellales; Moraxellaceae; Acinetobacter; Acinetobacter calcoaceticus/baumannii complex,0,4_411_XylX#0,core,0.9823,1,0,0,1,[alpha] > ro_beta > reductase > dehydrogenase > other
NZ_JFXG01000010.1:29613-30996:1,WP_032052682.1,J655_RS16920,benA,"benzoate 1,2-dioxygenase large subunit",4_411_XylX,4,835.3,0.9736,8.1e-252,NZ_JFXG01000010.1,29613,30996,1,Acinetobacter sp. 1294243,Bacteria; Pseudomonadati; Pseudomonadota; Gammaproteobacteria; Moraxellales; Moraxellaceae; Acinetobacter; Acinetobacter calcoaceticus/baumannii complex,0,4_411_XylX#0,core,0.9773,2,1,0,1,[alpha] > beta > reductase > dehydrogenase > other
NZ_JFYD01000006.1:299115-300498:1,WP_032056610.1,J663_RS14380,benA,"benzoate 1,2-dioxygenase large subunit",4_411_XylX,4,833.4,0.9736,3e-251,NZ_JFYD01000006.1,299115,300498,1,Acinetobacter sp. 826659,Bacteria; Pseudomonadati; Pseudomonadota; Gammaproteobacteria; Moraxellales; Moraxellaceae; Acinetobacter; Acinetobacter calcoaceticus/baumannii complex,0,4_411_XylX#0,core,0.9798,1,0,0,1,[alpha] > ro_beta > reductase > dehydrogenase > other
NZ_JFYL01000103.1:1179-2562:1,WP_035270495.1,CL42_RS15210,benA,"benzoate 1,2-dioxygenase large subunit",4_411_XylX,4,832.2,0.9736,7.1e-251,NZ_JFYL01000103.1,1179,2562,1,Acinetobacter sp. Ver3,Bacteria; Pseudomonadati; Pseudomonadota; Gammaproteobacteria; Moraxellales; Moraxellaceae; Acinetobacter,0,4_411_XylX#0,core,0.9165,2,1,0,1,ring_cleavage > [alpha] > beta > reductase > dehydrogenase > other > other
NZ_JGVH01000005.1:26020-27403:-1,WP_021323709.1,MEG1_RS03125,benA,"benzoate 1,2-dioxygenase large subunit",4_411_XylX,4,826.3,0.9714,4.1e-249,NZ_JGVH01000005.1,26020,27403,-1,Photorhabdus temperata subsp. temperata Meg1,Bacteria; Pseudomonadati; Pseudomonadota; Gammaproteobacteria; Enterobacterales; Morganellaceae; Photorhabdus,0,4_411_XylX#0,core,0.932,2,1,0,1,ring_cleavage > ring_cleavage > ring_cleavage > [alpha] > beta > reductase > dehydrogenase > other > other > other > other
NZ_JH814694.1:151178-152546:-1,WP_003931696.1,MVAC_RS18385,benA,"benzoate 1,2-dioxygenase large subunit",4_411_XylX,4,733.1,0.9604,7.9e-221,NZ_JH814694.1,151178,152546,-1,Mycolicibacterium vaccae ATCC 25954,Bacteria; Bacillati; Actinomycetota; Actinomycetes; Mycobacteriales; Mycobacteriaceae; Mycolicibacterium,0,4_411_XylX#0,core,0.9023,2,1,0,1,[alpha] > beta > reductase > regulator
NZ_JMNZ01000044.1:18889-20272:1,WP_002119889.1,J584_RS18725,benA,"benzoate 1,2-dioxygenase large subunit",4_411_XylX,4,832.9,0.9736,4.2e-251,NZ_JMNZ01000044.1,18889,20272,1,Acinetobacter sp. 72431,Bacteria; Pseudomonadati; Pseudomonadota; Gammaproteobacteria; Moraxellales; Moraxellaceae; Acinetobacter; Acinetobacter calcoaceticus/baumannii complex,0,4_411_XylX#0,core,0.9823,1,0,0,1,[alpha] > ro_beta > reductase > dehydrogenase > other
NZ_JMNM01000023.1:610-1993:1,WP_017400588.1,J577_RS13045,benA,"benzoate 1,2-dioxygenase large subunit",4_411_XylX,4,828.9,0.9736,7.2e-250,NZ_JMNM01000023.1,610,1993,1,Acinetobacter sp. 263903-1,Bacteria; Pseudomonadati; Pseudomonadota; Gammaproteobacteria; Moraxellales; Moraxellaceae; Acinetobacter; Acinetobacter calcoaceticus/baumannii complex,0,4_411_XylX#0,core,0.9116,2,1,0,1,ring_cleavage > [alpha] > beta > reductase > dehydrogenase > other > other > other > other > other
NZ_JMOD01000034.1:15198-16581:-1,WP_002058142.1,J596_RS15910,benA,"benzoate 1,2-dioxygenase large subunit",4_411_XylX,4,833.6,0.9736,2.5e-251,NZ_JMOD01000034.1,15198,16581,-1,Acinetobacter baumannii 21072,Bacteria; Pseudomonadati; Pseudomonadota; Gammaproteobacteria; Moraxellales; Moraxellaceae; Acinetobacter; Acinetobacter calcoaceticus/baumannii complex,0,4_411_XylX#0,core,0.9874,1,0,0,1,[alpha] > ro_beta > reductase > dehydrogenase > other
NZ_JMOA01000016.1:15186-16569:-1,WP_002058142.1,J572_RS13125,benA,"benzoate 1,2-dioxygenase large subunit",4_411_XylX,4,833.6,0.9736,2.5e-251,NZ_JMOA01000016.1,15186,16569,-1,Acinetobacter baumannii 1499986,Bacteria; Pseudomonadati; Pseudomonadota; Gammaproteobacteria; Moraxellales; Moraxellaceae; Acinetobacter; Acinetobacter calcoaceticus/baumannii complex,0,4_411_XylX#0,core,0.9874,1,0,0,1,[alpha] > ro_beta > reductase > dehydrogenase > other
NZ_JMQN01000011.1:88473-89820:-1,WP_036182750.1,ADIMK_RS01505,benA,"benzoate 1,2-dioxygenase large subunit",4_411_XylX,4,853.5,0.9714,2.4e-257,NZ_JMQN01000011.1,88473,89820,-1,Marinobacterium lacunae,Bacteria; Pseudomonadati; Pseudomonadota; Gammaproteobacteria; Oceanospirillales; Oceanospirillaceae; Marinobacterium,0,4_411_XylX#0,core,0.7431,2,1,0,1,[alpha] > beta > reductase > dehydrogenase
NZ_JNXA01000009.1:13478-14858:1,WP_004022247.1,OO49_RS14030,benA,"benzoate 1,2-dioxygenase large subunit",4_411_XylX,4,719.6,0.9604,1e-216,NZ_JNXA01000009.1,13478,14858,1,Gordonia terrae,Bacteria; Bacillati; Actinomycetota; Actinomycetes; Mycobacteriales; Gordoniaceae; Gordonia,0,4_411_XylX#0,core,0.9171,2,1,0,1,[alpha] > beta > reductase > regulator
NZ_JNVU01000009.1:44092-45457:-1,WP_029721436.1,GU90_RS02050,benA,"benzoate 1,2-dioxygenase large subunit",4_411_XylX,4,783.2,0.967,5.1e-236,NZ_JNVU01000009.1,44092,45457,-1,Saccharopolyspora rectivirgula,Bacteria; Bacillati; Actinomycetota; Actinomycetes; Pseudonocardiales; Pseudonocardiaceae; Saccharopolyspora,0,4_411_XylX#0,core,0.8141,2,1,0,1,[alpha] > beta > reductase > dehydrogenase > regulator
NZ_JPHZ01000021.1:14452-15835:-1,WP_001137401.1,T630_RS09835,benA,"benzoate 1,2-dioxygenase large subunit",4_411_XylX,4,833.5,0.9736,2.7e-251,NZ_JPHZ01000021.1,14452,15835,-1,Acinetobacter baumannii MRSN 3527,Bacteria; Pseudomonadati; Pseudomonadota; Gammaproteobacteria; Moraxellales; Moraxellaceae; Acinetobacter; Acinetobacter calcoaceticus/baumannii complex,0,4_411_XylX#0,core,0.9848,1,0,0,1,[alpha] > ro_beta > reductase > dehydrogenase > other
NZ_JPQO01000206.1:18923-20315:1,WP_034588186.1,GW12_RS12860,benA,"benzoate 1,2-dioxygenase large subunit",4_411_XylX,4,828.2,0.9736,1.1e-249,NZ_JPQO01000206.1,18923,20315,1,Acinetobacter sp. HR7,Bacteria; Pseudomonadati; Pseudomonadota; Gammaproteobacteria; Moraxellales; Moraxellaceae; Acinetobacter,0,4_411_XylX#0,core,0.9268,2,1,0,1,ring_cleavage > ring_cleavage > ring_cleavage > [alpha] > beta > reductase > dehydrogenase > other > other > other
NZ_JRHX01000063.1:23879-25256:1,WP_061524974.1,AvenLUH13518_RS10615,benA,"benzoate 1,2-dioxygenase large subunit",4_411_XylX,4,828.1,0.9736,1.2e-249,NZ_JRHX01000063.1,23879,25256,1,Acinetobacter venetianus,Bacteria; Pseudomonadati; Pseudomonadota; Gammaproteobacteria; Moraxellales; Moraxellaceae; Acinetobacter,0,4_411_XylX#0,core,0.9241,2,1,0,1,ring_cleavage > ring_cleavage > ring_cleavage > [alpha] > beta > reductase > dehydrogenase > other > other > other > other > other
NZ_JRNE01000026.1:29356-30850:1,WP_035120521.1,HMPREF1650_RS02610,benA,"benzoate 1,2-dioxygenase large subunit",4_411_XylX,4,756.3,0.9692,7.2e-228,NZ_JRNE01000026.1,29356,30850,1,Corynebacterium freneyi DNF00450,Bacteria; Bacillati; Actinomycetota; Actinomycetes; Mycobacteriales; Corynebacteriaceae; Corynebacterium,0,4_411_XylX#0,core,0.908,1,1,0,0,[alpha] > beta
NZ_JRUE01000260.1:4992-6369:-1,WP_061519845.1,AVENLUH5627_RS17680,benA,"benzoate 1,2-dioxygenase large subunit",4_411_XylX,4,827.7,0.9736,1.6e-249,NZ_JRUE01000260.1,4992,6369,-1,Acinetobacter venetianus,Bacteria; Pseudomonadati; Pseudomonadota; Gammaproteobacteria; Moraxellales; Moraxellaceae; Acinetobacter,0,4_411_XylX#0,core,0.9241,2,1,0,1,ring_cleavage > ring_cleavage > ring_cleavage > [alpha] > beta > reductase > dehydrogenase > other > other > other
NZ_JRVC01000021.1:84718-86134:1,WP_052242625.1,NJ75_RS17955,,Rieske 2Fe-2S domain-containing protein,4_411_XylX,4,542.8,0.9692,4.3e-163,NZ_JRVC01000021.1,84718,86134,1,Novosphingobium subterraneum,Bacteria; Pseudomonadati; Pseudomonadota; Alphaproteobacteria; Sphingomonadales; Sphingomonadaceae; Novosphingobium,0,4_411_XylX#0,core,0.9793,1,1,0,0,[alpha] > beta > other > alpha_other > beta > other
NZ_JSUH01000011.1:60962-62345:-1,WP_035928210.1,GY22_RS12485,benA,"benzoate 1,2-dioxygenase large subunit",4_411_XylX,4,745.7,0.9692,1.2e-224,NZ_JSUH01000011.1,60962,62345,-1,Kocuria rosea subsp. polaris,Bacteria; Bacillati; Actinomycetota; Actinomycetes; Micrococcales; Micrococcaceae; Kocuria,0,4_411_XylX#0,core,0.807,2,1,0,1,[alpha] > beta > reductase > dehydrogenase > other
NZ_JTGH01000017.1:139138-140494:1,WP_039771155.1,QS95_RS21535,benA,"benzoate 1,2-dioxygenase large subunit",4_411_XylX,4,975.1,0.9978,3.2e-294,NZ_JTGH01000017.1,139138,140494,1,Pseudomonas fluorescens,Bacteria; Pseudomonadati; Pseudomonadota; Gammaproteobacteria; Pseudomonadales; Pseudomonadaceae; Pseudomonas,0,4_411_XylX#0,core,0.9318,2,1,0,1,regulator > [alpha] > beta > reductase > dehydrogenase > ring_cleavage > ring_cleavage > ring_cleavage
NZ_JVTF01000144.1:328-1711:1,WP_004793610.1,ADA36_RS04560,benA,"benzoate 1,2-dioxygenase large subunit",4_411_XylX,4,833.4,0.9736,3.1e-251,NZ_JVTF01000144.1,328,1711,1,Acinetobacter seifertii,Bacteria; Pseudomonadati; Pseudomonadota; Gammaproteobacteria; Moraxellales; Moraxellaceae; Acinetobacter; Acinetobacter calcoaceticus/baumannii complex,0,4_411_XylX#0,core,0.9823,1,0,0,1,[alpha] > ro_beta > reductase > dehydrogenase > other
NZ_JUEH01000001.1:129103-130471:1,WP_024763343.1,QX33_RS00615,benA,"benzoate 1,2-dioxygenase large subunit",4_411_XylX,4,965.3,0.9912,2.9e-291,NZ_JUEH01000001.1,129103,130471,1,Pseudomonas nitroreducens,Bacteria; Pseudomonadati; Pseudomonadota; Gammaproteobacteria; Pseudomonadales; Pseudomonadaceae; Pseudomonas,0,4_411_XylX#0,core,0.8897,2,1,0,1,[alpha] > beta > reductase > dehydrogenase
NZ_JXNZ01000046.1:10029-11394:-1,WP_042729165.1,RL74_RS07330,benA,"benzoate 1,2-dioxygenase large subunit",4_411_XylX,4,993.7,1.0,6.9e-300,NZ_JXNZ01000046.1,10029,11394,-1,Pseudomonas fluorescens,Bacteria; Pseudomonadati; Pseudomonadota; Gammaproteobacteria; Pseudomonadales; Pseudomonadaceae; Pseudomonas,0,4_411_XylX#0,core,0.9373,2,1,0,1,[alpha] > beta > reductase > dehydrogenase
NZ_JYCN01000016.1:116039-117422:1,WP_043481027.1,TV39_RS09770,benA,"benzoate 1,2-dioxygenase large subunit",4_411_XylX,4,759.8,0.978,6.4e-229,NZ_JYCN01000016.1,116039,117422,1,Arthrobacter sp. SPG23,Bacteria; Bacillati; Actinomycetota; Actinomycetes; Micrococcales; Micrococcaceae; Arthrobacter,0,4_411_XylX#0,core,0.812,2,1,0,1,[alpha] > beta > reductase > dehydrogenase > other
NZ_JYFT01000002.1:93113-94472:-1,WP_044399965.1,SZ55_RS00310,benA,"benzoate 1,2-dioxygenase large subunit",4_411_XylX,4,968.8,0.9978,2.5e-292,NZ_JYFT01000002.1,93113,94472,-1,Pseudomonas sp. FeS53a,Bacteria; Pseudomonadati; Pseudomonadota; Gammaproteobacteria; Pseudomonadales; Pseudomonadaceae; Pseudomonas,0,4_411_XylX#0,core,0.9043,2,1,0,1,[alpha] > beta > reductase > dehydrogenase > transporter > transporter > transporter
NZ_JYKS01000028.1:28584-29943:-1,WP_051099289.1,TZ03_RS16775,benA,"benzoate 1,2-dioxygenase large subunit",4_411_XylX,4,1008.0,1.0,3.2e-304,NZ_JYKS01000028.1,28584,29943,-1,Pseudomonas sp. 10-1B,Bacteria; Pseudomonadati; Pseudomonadota; Gammaproteobacteria; Pseudomonadales; Pseudomonadaceae; Pseudomonas,0,4_411_XylX#0,core,0.9698,2,1,0,1,[alpha] > beta > reductase > dehydrogenase > transporter > ring_cleavage
NZ_JYKX01000006.1:128612-129968:1,WP_048361573.1,TR67_RS19335,benA,"benzoate 1,2-dioxygenase large subunit",4_411_XylX,4,960.5,0.9978,8.3e-290,NZ_JYKX01000006.1,128612,129968,1,Pseudomonas deceptionensis,Bacteria; Pseudomonadati; Pseudomonadota; Gammaproteobacteria; Pseudomonadales; Pseudomonadaceae; Pseudomonas,0,4_411_XylX#0,core,0.8985,2,1,0,1,[alpha] > beta > reductase > dehydrogenase > ring_cleavage
NZ_JYNL01000014.1:72252-73614:-1,WP_048469514.1,MCHLDSM_RS06965,benA,"benzoate 1,2-dioxygenase large subunit",4_411_XylX,4,728.2,0.9714,2.4e-219,NZ_JYNL01000014.1,72252,73614,-1,Mycolicibacterium chlorophenolicum,Bacteria; Bacillati; Actinomycetota; Actinomycetes; Mycobacteriales; Mycobacteriaceae; Mycolicibacterium,0,4_411_XylX#0,core,0.8978,2,1,0,1,[alpha] > beta > reductase > regulator
NZ_JZDQ02000013.1:64477-65845:-1,WP_045549461.1,UG56_RS10925,benA,"benzoate 1,2-dioxygenase large subunit",4_411_XylX,4,728.4,0.9626,2.1e-219,NZ_JZDQ02000013.1,64477,65845,-1,Nocardioides luteus,Bacteria; Bacillati; Actinomycetota; Actinomycetes; Propionibacteriales; Nocardioidaceae; Nocardioides,0,4_411_XylX#0,core,0.8886,2,1,0,1,[alpha] > beta > reductase > transporter > regulator > transporter > other
NZ_JZRI01000160.1:67746-69108:-1,WP_045062848.1,UB23_RS27890,benA,"benzoate 1,2-dioxygenase large subunit",4_411_XylX,4,998.7,0.9978,2.2e-301,NZ_JZRI01000160.1,67746,69108,-1,Pseudomonas sp. ES3-33,Bacteria; Pseudomonadati; Pseudomonadota; Gammaproteobacteria; Pseudomonadales; Pseudomonadaceae; Pseudomonas,0,4_411_XylX#0,core,0.9601,2,1,0,1,[alpha] > beta > reductase > dehydrogenase
NZ_KB849405.1:85064-86453:-1,WP_004785635.1,F969_RS14630,benA,"benzoate 1,2-dioxygenase large subunit",4_411_XylX,4,828.6,0.9758,8.3e-250,NZ_KB849405.1,85064,86453,-1,Acinetobacter variabilis,Bacteria; Pseudomonadati; Pseudomonadota; Gammaproteobacteria; Moraxellales; Moraxellaceae; Acinetobacter,0,4_411_XylX#0,core,0.9073,2,1,0,1,ring_cleavage > [alpha] > beta > reductase > dehydrogenase > other > other > other
NZ_KB849443.1:189136-190525:1,WP_004809444.1,F965_RS01015,benA,"benzoate 1,2-dioxygenase large subunit",4_411_XylX,4,824.0,0.978,2.2e-248,NZ_KB849443.1,189136,190525,1,Acinetobacter schindleri NIPH 900,Bacteria; Pseudomonadati; Pseudomonadota; Gammaproteobacteria; Moraxellales; Moraxellaceae; Acinetobacter,0,4_411_XylX#0,core,0.8892,2,1,0,1,ring_cleavage > [alpha] > beta > reductase > dehydrogenase > other > other > other > other > other
NZ_KB849544.1:414455-415850:1,WP_004865960.1,F960_RS13225,benA,"benzoate 1,2-dioxygenase large subunit",4_411_XylX,4,818.3,0.9758,1.1e-246,NZ_KB849544.1,414455,415850,1,Acinetobacter gerneri DSM 14967 = CIP 107464 = MTCC 9824,Bacteria; Pseudomonadati; Pseudomonadota; Gammaproteobacteria; Moraxellales; Moraxellaceae; Acinetobacter,0,4_411_XylX#0,core,0.8886,2,1,0,1,ring_cleavage > [alpha] > beta > reductase
NZ_KB849999.1:818160-819543:1,WP_005151114.1,F909_RS09115,benA,"benzoate 1,2-dioxygenase large subunit",4_411_XylX,4,827.3,0.9758,2.1e-249,NZ_KB849999.1,818160,819543,1,Acinetobacter sp. ANC 3929,Bacteria; Pseudomonadati; Pseudomonadota; Gammaproteobacteria; Moraxellales; Moraxellaceae; Acinetobacter,0,4_411_XylX#0,core,0.9521,2,1,0,1,[alpha] > beta > reductase > dehydrogenase > other
NZ_KB892261.1:171323-172721:-1,WP_005009833.1,B090_RS0103410,benA,"benzoate 1,2-dioxygenase large subunit",4_411_XylX,4,828.3,0.9912,1.1e-249,NZ_KB892261.1,171323,172721,-1,Acinetobacter bouvetii DSM 14964 = CIP 107468,Bacteria; Pseudomonadati; Pseudomonadota; Gammaproteobacteria; Moraxellales; Moraxellaceae; Acinetobacter,0,4_411_XylX#0,core,0.9141,2,1,0,1,ring_cleavage > ring_cleavage > ring_cleavage > [alpha] > beta > reductase > dehydrogenase > other > other > other
NZ_KB894359.1:148948-150340:1,WP_018678156.1,C502_RS0107190,benA,"benzoate 1,2-dioxygenase large subunit",4_411_XylX,4,824.4,0.9714,1.6e-248,NZ_KB894359.1,148948,150340,1,Acinetobacter tjernbergiae DSM 14971 = CIP 107465,Bacteria; Pseudomonadati; Pseudomonadota; Gammaproteobacteria; Moraxellales; Moraxellaceae; Acinetobacter,0,4_411_XylX#0,core,0.9335,2,1,0,1,ring_cleavage > ring_cleavage > ring_cleavage > [alpha] > beta > reductase > dehydrogenase > other > other > other > other
NZ_KB944475.1:8831-10265:1,WP_010811736.1,C265_RS12865,benA,"benzoate 1,2-dioxygenase large subunit",4_411_XylX,4,863.3,0.967,2.6e-260,NZ_KB944475.1,8831,10265,1,Cupriavidus sp. GA3-3,Bacteria; Pseudomonadati; Pseudomonadota; Betaproteobacteria; Burkholderiales; Burkholderiaceae; Cupriavidus,0,4_411_XylX#0,core,0.7904,1,0,0,1,ring_cleavage > [alpha] > ro_beta > reductase > dehydrogenase > hydrolase
NZ_KE007367.1:458659-460045:-1,WP_016167752.1,I593_RS11530,benA,"benzoate 1,2-dioxygenase large subunit",4_411_XylX,4,838.8,0.9736,6.8e-253,NZ_KE007367.1,458659,460045,-1,Acinetobacter tandoii DSM 14970 = CIP 107469,Bacteria; Pseudomonadati; Pseudomonadota; Gammaproteobacteria; Moraxellales; Moraxellaceae; Acinetobacter,0,4_411_XylX#0,core,0.9421,2,1,0,1,ring_cleavage > ring_cleavage > ring_cleavage > [alpha] > beta > reductase
NZ_KE340352.1:449861-451244:-1,WP_016655734.1,F945_RS06580,benA,"benzoate 1,2-dioxygenase large subunit",4_411_XylX,4,827.1,0.9736,2.5e-249,NZ_KE340352.1,449861,451244,-1,Acinetobacter rudis CIP 110305,Bacteria; Pseudomonadati; Pseudomonadota; Gammaproteobacteria; Moraxellales; Moraxellaceae; Acinetobacter,0,4_411_XylX#0,core,0.9093,2,1,0,1,[alpha] > beta > reductase > dehydrogenase > other
NZ_KE646805.1:34834-36157:-1,WP_016389445.1,L196_RS00165,,aromatic ring-hydroxylating dioxygenase subunit alpha,4_411_XylX,4,446.7,0.9626,6.2e-134,NZ_KE646805.1,34834,36157,-1,Cycloclasticus pugetii,Bacteria; Pseudomonadati; Pseudomonadota; Gammaproteobacteria; Thiotrichales; Piscirickettsiaceae; Cycloclasticus,0,4_411_XylX#0,divergent,0.4658,1,1,0,0,other > alpha_other > hydrolase > beta > alpha_other > [alpha] > beta
NZ_KE646805.1:539175-540537:-1,WP_015005311.1,L196_RS02475,,Rieske 2Fe-2S domain-containing protein,4_411_XylX,4,554.5,0.9537,1.2e-166,NZ_KE646805.1,539175,540537,-1,Cycloclasticus pugetii,Bacteria; Pseudomonadati; Pseudomonadota; Gammaproteobacteria; Thiotrichales; Piscirickettsiaceae; Cycloclasticus,0,4_411_XylX#0,core,0.5538,1,1,0,0,[alpha] > beta
NZ_KI421530.1:446202-447570:-1,WP_027194571.1,BUR5005_RS0106750,benA,"benzoate 1,2-dioxygenase large subunit",4_411_XylX,4,851.5,0.967,9.9e-257,NZ_KI421530.1,446202,447570,-1,Paraburkholderia sprentiae WSM5005,Bacteria; Pseudomonadati; Pseudomonadota; Betaproteobacteria; Burkholderiales; Burkholderiaceae; Paraburkholderia,0,4_411_XylX#0,core,0.8035,2,1,0,1,[alpha] > beta > reductase > dehydrogenase > hypothetical
NZ_KI629799.1:9406-10801:1,WP_006358137.1,MR48_RS09550,benA,"benzoate 1,2-dioxygenase large subunit",4_411_XylX,4,728.4,0.9626,2.1e-219,NZ_KI629799.1,9406,10801,1,Gordonia alkanivorans CGMCC 6845,Bacteria; Bacillati; Actinomycetota; Actinomycetes; Mycobacteriales; Gordoniaceae; Gordonia,0,4_411_XylX#0,core,0.9373,2,1,0,1,[alpha] > beta > reductase > regulator
NZ_KI530745.1:856192-857578:1,WP_005178080.1,P253_RS04155,benA,"benzoate 1,2-dioxygenase large subunit",4_411_XylX,4,829.5,0.9736,4.4e-250,NZ_KI530745.1,856192,857578,1,Acinetobacter indicus CIP 110367,Bacteria; Pseudomonadati; Pseudomonadota; Gammaproteobacteria; Moraxellales; Moraxellaceae; Acinetobacter,0,4_411_XylX#0,core,0.9015,2,1,0,1,ring_cleavage > [alpha] > beta > reductase > dehydrogenase > other > other > other > other > other
NZ_KQ969283.1:40371-41790:-1,WP_062366167.1,Y710_RS02165,benA,"benzoate 1,2-dioxygenase large subunit",4_411_XylX,4,741.8,0.967,1.9e-223,NZ_KQ969283.1,40371,41790,-1,Gordonia sp. QH-12,Bacteria; Bacillati; Actinomycetota; Actinomycetes; Mycobacteriales; Gordoniaceae; Gordonia,0,4_411_XylX#0,core,0.94,2,1,0,1,[alpha] > beta > reductase > regulator
NZ_KV787128.1:36672-38166:1,WP_070520043.1,HMPREF3121_RS03905,benA,"benzoate 1,2-dioxygenase large subunit",4_411_XylX,4,756.1,0.9692,8.7e-228,NZ_KV787128.1,36672,38166,1,Corynebacterium sp. HMSC11E11,Bacteria; Bacillati; Actinomycetota; Actinomycetes; Mycobacteriales; Corynebacteriaceae; Corynebacterium,0,4_411_XylX#0,core,0.9055,2,1,0,1,[alpha] > beta > reductase > dehydrogenase > regulator
NZ_KV838370.1:8844-10209:1,WP_043266784.1,HMPREF3289_RS09620,benA,"benzoate 1,2-dioxygenase large subunit",4_411_XylX,4,975.5,0.9956,2.3e-294,NZ_KV838370.1,8844,10209,1,Pseudomonas sp. HMSC75E02,Bacteria; Pseudomonadati; Pseudomonadota; Gammaproteobacteria; Pseudomonadales; Pseudomonadaceae; Pseudomonas,0,4_411_XylX#0,core,0.8942,2,1,0,1,[alpha] > beta > reductase
NZ_KV818003.1:56395-57871:-1,WP_070762932.1,HMPREF2990_RS04730,benA,"benzoate 1,2-dioxygenase large subunit",4_411_XylX,4,722.0,0.9714,1.9e-217,NZ_KV818003.1,56395,57871,-1,Corynebacterium sp. HMSC071B10,Bacteria; Bacillati; Actinomycetota; Actinomycetes; Mycobacteriales; Corynebacteriaceae; Corynebacterium,0,4_411_XylX#0,core,0.8262,2,1,0,1,[alpha] > beta > reductase > dehydrogenase > regulator > ring_cleavage
NZ_KV825601.1:52260-53736:1,WP_070789557.1,HMPREF2550_RS02750,benA,"benzoate 1,2-dioxygenase large subunit",4_411_XylX,4,723.9,0.9714,5e-218,NZ_KV825601.1,52260,53736,1,Corynebacterium sp. HMSC074A01,Bacteria; Bacillati; Actinomycetota; Actinomycetes; Mycobacteriales; Corynebacteriaceae; Corynebacterium,0,4_411_XylX#0,core,0.8262,2,1,0,1,[alpha] > beta > reductase > dehydrogenase > regulator > ring_cleavage
NZ_KV793307.1:215930-217289:-1,WP_043210865.1,HMPREF3173_RS13380,benA,"benzoate 1,2-dioxygenase large subunit",4_411_XylX,4,1003.8,1.0,6.1e-303,NZ_KV793307.1,215930,217289,-1,Pseudomonas sp. HMSC08G10,Bacteria; Pseudomonadati; Pseudomonadota; Gammaproteobacteria; Pseudomonadales; Pseudomonadaceae; Pseudomonas,0,4_411_XylX#0,core,0.9724,2,1,0,1,[alpha] > beta > reductase > dehydrogenase > transporter > ring_cleavage > ring_cleavage > ring_cleavage
NZ_LABY01000082.1:13709-15038:-1,WP_048444630.1,VQ02_RS13030,benA,"benzoate 1,2-dioxygenase large subunit",4_411_XylX,4,844.8,0.9537,1e-254,NZ_LABY01000082.1,13709,15038,-1,Methylobacterium variabile,Bacteria; Pseudomonadati; Pseudomonadota; Alphaproteobacteria; Hyphomicrobiales; Methylobacteriaceae; Methylobacterium,0,4_411_XylX#0,core,0.7398,2,1,0,1,[alpha] > beta > reductase > dehydrogenase > ring_cleavage
NZ_LACD01000051.1:1302-2667:1,WP_046049796.1,VC34_RS29735,benA,"benzoate 1,2-dioxygenase large subunit",4_411_XylX,4,1001.1,0.9978,4e-302,NZ_LACD01000051.1,1302,2667,1,Pseudomonas fluorescens,Bacteria; Pseudomonadati; Pseudomonadota; Gammaproteobacteria; Pseudomonadales; Pseudomonadaceae; Pseudomonas,0,4_411_XylX#0,core,0.9499,2,1,0,1,[alpha] > beta > reductase > dehydrogenase > hydrolase
NZ_LACH01000015.1:16130-17495:1,WP_046053500.1,VD17_RS08785,benA,"benzoate 1,2-dioxygenase large subunit",4_411_XylX,4,1001.8,1.0,2.4e-302,NZ_LACH01000015.1,16130,17495,1,Pseudomonas fluorescens,Bacteria; Pseudomonadati; Pseudomonadota; Gammaproteobacteria; Pseudomonadales; Pseudomonadaceae; Pseudomonas,0,4_411_XylX#0,core,0.9549,2,1,0,1,[alpha] > beta > reductase > dehydrogenase > hydrolase
NZ_LACC01000040.1:56257-57622:1,WP_046043496.1,VC35_RS26070,benA,"benzoate 1,2-dioxygenase large subunit",4_411_XylX,4,993.5,1.0,8e-300,NZ_LACC01000040.1,56257,57622,1,Pseudomonas fluorescens,Bacteria; Pseudomonadati; Pseudomonadota; Gammaproteobacteria; Pseudomonadales; Pseudomonadaceae; Pseudomonas,0,4_411_XylX#0,core,0.9553,2,1,0,1,[alpha] > beta > reductase > dehydrogenase > hydrolase
NZ_LADY01000003.1:63335-64724:1,WP_009818112.1,VR71_RS00935,benA,"benzoate 1,2-dioxygenase large subunit",4_411_XylX,4,765.8,0.967,9.5e-231,NZ_LADY01000003.1,63335,64724,1,Roseovarius sp. BRH_c41,Bacteria; Pseudomonadati; Pseudomonadota; Alphaproteobacteria; Rhodobacterales; Roseobacteraceae; Roseovarius,0,4_411_XylX#0,core,0.9073,2,1,0,1,ring_cleavage > [alpha] > beta > reductase > dehydrogenase > transporter > transporter > transporter > transporter > transporter
NZ_LBHY02000029.1:14717-16100:-1,WP_046812976.1,YA64_RS12590,benA,"benzoate 1,2-dioxygenase large subunit",4_411_XylX,4,835.0,0.9736,1e-251,NZ_LBHY02000029.1,14717,16100,-1,Acinetobacter pittii,Bacteria; Pseudomonadati; Pseudomonadota; Gammaproteobacteria; Moraxellales; Moraxellaceae; Acinetobacter; Acinetobacter calcoaceticus/baumannii complex,0,4_411_XylX#0,core,0.9823,1,0,0,1,[alpha] > ro_beta > reductase > dehydrogenase > other
NZ_LBIC01000014.1:54135-55554:1,WP_008828129.1,YP76_RS23545,,Rieske 2Fe-2S domain-containing protein,4_411_XylX,4,537.7,0.9692,1.6e-161,NZ_LBIC01000014.1,54135,55554,1,Sphingobium chungbukense,Bacteria; Pseudomonadati; Pseudomonadota; Alphaproteobacteria; Sphingomonadales; Sphingomonadaceae; Sphingobium,0,4_411_XylX#0,core,0.9948,1,1,0,0,[alpha] > beta > other > alpha_other > beta > other
NZ_LBMZ01000112.1:84965-86357:1,WP_046739237.1,AAV96_RS10225,benA,"benzoate 1,2-dioxygenase large subunit",4_411_XylX,4,822.2,0.9714,7.5e-248,NZ_LBMZ01000112.1,84965,86357,1,Acinetobacter sp. AG1,Bacteria; Pseudomonadati; Pseudomonadota; Gammaproteobacteria; Moraxellales; Moraxellaceae; Acinetobacter,0,4_411_XylX#0,core,0.9309,2,1,0,1,ring_cleavage > ring_cleavage > ring_cleavage > [alpha] > beta > reductase > dehydrogenase > other > hypothetical
NZ_LCWL01000042.1:3550-4921:1,WP_057785780.1,AAY72_RS04690,benA,"benzoate 1,2-dioxygenase large subunit",4_411_XylX,4,840.3,0.967,2.3e-253,NZ_LCWL01000042.1,3550,4921,1,Alishewanella sp. WH16-1,Bacteria; Pseudomonadati; Pseudomonadota; Gammaproteobacteria; Alteromonadales; Alteromonadaceae; Alishewanella,0,4_411_XylX#0,core,0.8145,2,1,0,1,ring_cleavage > ring_cleavage > ring_cleavage > [alpha] > beta > reductase > dehydrogenase > other > other > other > other
NZ_LCYC01000039.1:257773-259138:1,WP_060766020.1,PFL603g_RS13280,benA,"benzoate 1,2-dioxygenase large subunit",4_411_XylX,4,978.0,0.9978,4.1e-295,NZ_LCYC01000039.1,257773,259138,1,Pseudomonas fluorescens,Bacteria; Pseudomonadati; Pseudomonadota; Gammaproteobacteria; Pseudomonadales; Pseudomonadaceae; Pseudomonas,0,4_411_XylX#0,core,0.9048,2,1,0,1,[alpha] > beta > reductase > dehydrogenase > ring_cleavage
NZ_LDPZ01000059.1:30886-32260:-1,WP_058636414.1,NS226_RS19690,benA,"benzoate 1,2-dioxygenase large subunit",4_411_XylX,4,845.0,0.9714,8.9e-255,NZ_LDPZ01000059.1,30886,32260,-1,Aureimonas ureilytica,Bacteria; Pseudomonadati; Pseudomonadota; Alphaproteobacteria; Hyphomicrobiales; Aurantimonadaceae; Aureimonas,0,4_411_XylX#0,core,0.7657,2,1,0,1,ring_cleavage > ring_cleavage > other > [alpha] > beta > reductase > dehydrogenase > transporter
NZ_LDWD01000013.1:10740-12126:-1,WP_048764078.1,ABW55_RS05200,benA,"benzoate 1,2-dioxygenase large subunit BenA",4_411_XylX,4,821.7,0.9736,1.1e-247,NZ_LDWD01000013.1,10740,12126,-1,Acinetobacter sp. C15,Bacteria; Pseudomonadati; Pseudomonadota; Gammaproteobacteria; Moraxellales; Moraxellaceae; Acinetobacter,0,4_411_XylX#0,core,0.9215,2,1,0,1,[alpha] > beta > reductase > dehydrogenase > other
NZ_LDUF01000002.1:540599-541979:-1,WP_010596893.1,AC926_RS06055,benA,"benzoate 1,2-dioxygenase large subunit",4_411_XylX,4,778.5,0.9648,1.3e-234,NZ_LDUF01000002.1,540599,541979,-1,Rhodococcus ruber,Bacteria; Bacillati; Actinomycetota; Actinomycetes; Mycobacteriales; Nocardiaceae; Rhodococcus,0,4_411_XylX#0,core,0.8363,2,1,0,1,[alpha] > beta > reductase > dehydrogenase > transporter > regulator > transporter
NZ_LELH02000010.1:351899-353306:-1,WP_052233853.1,AB595_RS12615,benA,"benzoate 1,2-dioxygenase large subunit",4_411_XylX,4,834.8,0.978,1.2e-251,NZ_LELH02000010.1,351899,353306,-1,Massilia sp. WF1,Bacteria; Pseudomonadati; Pseudomonadota; Betaproteobacteria; Burkholderiales; Oxalobacteraceae; Telluria group; Massilia,0,4_411_XylX#0,core,0.7925,2,1,0,1,ring_cleavage > ring_cleavage > ring_cleavage > [alpha] > beta > reductase > dehydrogenase > other
NZ_LFRE01000035.1:22110-23499:1,WP_048881071.1,ACS72_RS01975,benA,"benzoate 1,2-dioxygenase large subunit",4_411_XylX,4,830.8,0.978,1.8e-250,NZ_LFRE01000035.1,22110,23499,1,Acinetobacter sp. VT 511,Bacteria; Pseudomonadati; Pseudomonadota; Gammaproteobacteria; Moraxellales; Moraxellaceae; Acinetobacter,0,4_411_XylX#0,core,0.897,2,1,0,1,ring_cleavage > [alpha] > beta > reductase > dehydrogenase > other > other > other > other > other
NZ_LFDT01000002.1:220735-222103:-1,WP_047965725.1,ACG97_RS02490,benA,"benzoate 1,2-dioxygenase large subunit",4_411_XylX,4,845.5,0.9626,6.5e-255,NZ_LFDT01000002.1,220735,222103,-1,Vogesella sp. EB,Bacteria; Pseudomonadati; Pseudomonadota; Betaproteobacteria; Neisseriales; Chromobacteriaceae; Vogesella,0,4_411_XylX#0,core,0.7913,2,1,0,1,ring_cleavage > ring_cleavage > ring_cleavage > [alpha] > beta > reductase > dehydrogenase
NZ_LFKP01000011.1:531032-532409:1,WP_071079236.1,AKG95_RS23190,benA,"benzoate 1,2-dioxygenase large subunit",4_411_XylX,4,836.5,0.967,3.4e-252,NZ_LFKP01000011.1,531032,532409,1,Janthinobacterium lividum,Bacteria; Pseudomonadati; Pseudomonadota; Betaproteobacteria; Burkholderiales; Oxalobacteraceae; Janthinobacterium,0,4_411_XylX#0,core,0.8005,2,1,0,1,ring_cleavage > ring_cleavage > ring_cleavage > [alpha] > beta > reductase > dehydrogenase > other
NZ_LFZS01000001.1:142107-143490:-1,WP_004702721.1,AC058_RS00630,benA,"benzoate 1,2-dioxygenase large subunit",4_411_XylX,4,832.6,0.9736,5.4e-251,NZ_LFZS01000001.1,142107,143490,-1,Acinetobacter genomosp. 33YU,Bacteria; Pseudomonadati; Pseudomonadota; Gammaproteobacteria; Moraxellales; Moraxellaceae; Acinetobacter,0,4_411_XylX#0,core,0.9798,1,0,0,1,[alpha] > ro_beta > reductase > dehydrogenase > other
NZ_LGTW01000020.1:67081-68437:1,WP_067854532.1,AFM11_RS25765,benA,"benzoate 1,2-dioxygenase large subunit",4_411_XylX,4,733.4,0.9581,6.4e-221,NZ_LGTW01000020.1,67081,68437,1,Mycolicibacterium wolinskyi,Bacteria; Bacillati; Actinomycetota; Actinomycetes; Mycobacteriales; Mycobacteriaceae; Mycolicibacterium,0,4_411_XylX#0,core,0.9052,2,1,0,1,[alpha] > beta > reductase
NZ_LHPC01000017.1:165591-166956:-1,WP_059402716.1,AEQ67_RS04655,benA,"benzoate 1,2-dioxygenase large subunit",4_411_XylX,4,996.1,1.0,1.3e-300,NZ_LHPC01000017.1,165591,166956,-1,Pseudomonas sp. RIT-PI-q,Bacteria; Pseudomonadati; Pseudomonadota; Gammaproteobacteria; Pseudomonadales; Pseudomonadaceae; Pseudomonas,0,4_411_XylX#0,core,0.9475,2,1,0,1,[alpha] > beta > reductase
NZ_LJXB01000049.1:25678-27043:-1,WP_057396027.1,AN403_RS02320,benA,"benzoate 1,2-dioxygenase large subunit",4_411_XylX,4,992.3,1.0,1.8e-299,NZ_LJXB01000049.1,25678,27043,-1,Pseudomonas fluorescens,Bacteria; Pseudomonadati; Pseudomonadota; Gammaproteobacteria; Pseudomonadales; Pseudomonadaceae; Pseudomonas,0,4_411_XylX#0,core,0.955,2,1,0,1,[alpha] > beta > reductase
NZ_LKKS01000115.1:111870-113229:1,WP_015270384.1,HB13667_RS19960,benA,"benzoate 1,2-dioxygenase large subunit",4_411_XylX,4,1008.7,1.0,0.0,NZ_LKKS01000115.1,111870,113229,1,Pseudomonas putida,Bacteria; Pseudomonadati; Pseudomonadota; Gammaproteobacteria; Pseudomonadales; Pseudomonadaceae; Pseudomonas,0,4_411_XylX#0,core,0.9673,2,1,0,1,regulator > other > [alpha] > beta > reductase > dehydrogenase > transporter > ring_cleavage > transporter > transporter
NZ_LLEZ01000021.1:11218-12604:-1,WP_055414530.1,APD01_RS01740,benA,"benzoate 1,2-dioxygenase large subunit BenA",4_411_XylX,4,821.8,0.9736,1e-247,NZ_LLEZ01000021.1,11218,12604,-1,Acinetobacter soli,Bacteria; Pseudomonadati; Pseudomonadota; Gammaproteobacteria; Moraxellales; Moraxellaceae; Acinetobacter,0,4_411_XylX#0,core,0.919,2,1,0,1,[alpha] > beta > reductase > dehydrogenase > other
NZ_LLWF02000039.1:2951-4298:1,WP_019461944.1,APZ41_RS12385,benA,"benzoate 1,2-dioxygenase large subunit",4_411_XylX,4,873.6,0.9581,1.9e-263,NZ_LLWF02000039.1,2951,4298,1,Roseomonas mucosa,Bacteria; Pseudomonadati; Pseudomonadota; Alphaproteobacteria; Acetobacterales; Roseomonadaceae; Roseomonas,0,4_411_XylX#0,core,0.7934,2,1,0,1,[alpha] > beta > reductase > dehydrogenase > ring_cleavage > ring_cleavage > ring_cleavage > transporter > reductase > transporter > transporter > transporter
NZ_LKKK01000011.1:476280-477639:1,WP_058068420.1,AO726_RS12620,benA,"benzoate 1,2-dioxygenase large subunit",4_411_XylX,4,963.0,1.0,1.4e-290,NZ_LKKK01000011.1,476280,477639,1,Pseudomonas sp. TTU2014-080ASC,Bacteria; Pseudomonadati; Pseudomonadota; Gammaproteobacteria; Pseudomonadales; Pseudomonadaceae; Pseudomonas,0,4_411_XylX#0,core,0.8914,2,1,0,1,regulator > [alpha] > beta > reductase > dehydrogenase > ring_cleavage > ring_cleavage > ring_cleavage
NZ_LMCL01000035.1:142939-144310:1,WP_055982344.1,ASC75_RS24740,benA,"benzoate 1,2-dioxygenase large subunit",4_411_XylX,4,834.8,0.9626,1.1e-251,NZ_LMCL01000035.1,142939,144310,1,Aminobacter sp. DSM 101952,Bacteria; Pseudomonadati; Pseudomonadota; Alphaproteobacteria; Hyphomicrobiales; Phyllobacteriaceae; Aminobacter,0,4_411_XylX#0,core,0.7772,2,1,0,1,ring_cleavage > ring_cleavage > ring_cleavage > [alpha] > beta > reductase > dehydrogenase > transporter > transporter > transporter > transporter > transporter > transporter > other > dehydrogenase
NZ_LMCV01000005.1:1451-2816:1,WP_056740470.1,ASC74_RS07345,benA,"benzoate 1,2-dioxygenase large subunit",4_411_XylX,4,1001.3,1.0,3.4e-302,NZ_LMCV01000005.1,1451,2816,1,Pseudomonas sp. Root329,Bacteria; Pseudomonadati; Pseudomonadota; Gammaproteobacteria; Pseudomonadales; Pseudomonadaceae; Pseudomonas,0,4_411_XylX#0,core,0.9524,2,1,0,1,[alpha] > beta > reductase
NZ_LMCY01000015.1:90413-91784:1,WP_056440864.1,ASC93_RS10485,benA,"benzoate 1,2-dioxygenase large subunit",4_411_XylX,4,830.1,0.9604,3e-250,NZ_LMCY01000015.1,90413,91784,1,Massilia sp. Root335,Bacteria; Pseudomonadati; Pseudomonadota; Betaproteobacteria; Burkholderiales; Oxalobacteraceae; Telluria group; Massilia,0,4_411_XylX#0,core,0.7789,2,1,0,1,ring_cleavage > ring_cleavage > ring_cleavage > [alpha] > beta > reductase > dehydrogenase > other
NZ_LMDJ01000012.1:361367-362765:1,WP_057155702.1,ASD15_RS14630,benA,"benzoate 1,2-dioxygenase large subunit",4_411_XylX,4,838.0,0.967,1.2e-252,NZ_LMDJ01000012.1,361367,362765,1,Massilia sp. Root351,Bacteria; Pseudomonadati; Pseudomonadota; Betaproteobacteria; Burkholderiales; Oxalobacteraceae; Telluria group; Massilia,0,4_411_XylX#0,core,0.8046,2,1,0,1,ring_cleavage > ring_cleavage > ring_cleavage > [alpha] > beta > reductase > dehydrogenase > transporter > other > other > regulator > other > other > hypothetical
NZ_LMDE01000010.1:114271-115639:1,WP_056907356.1,ASC64_RS09765,benA,"benzoate 1,2-dioxygenase large subunit",4_411_XylX,4,735.8,0.9626,1.2e-221,NZ_LMDE01000010.1,114271,115639,1,Nocardioides sp. Root122,Bacteria; Bacillati; Actinomycetota; Actinomycetes; Propionibacteriales; Nocardioidaceae; Nocardioides,0,4_411_XylX#0,core,0.8828,2,1,0,1,[alpha] > beta > reductase > regulator
NZ_LMGK01000025.1:483228-484593:-1,WP_056856911.1,ASD60_RS25820,benA,"benzoate 1,2-dioxygenase large subunit",4_411_XylX,4,995.5,1.0,2e-300,NZ_LMGK01000025.1,483228,484593,-1,Pseudomonas sp. Root562,Bacteria; Pseudomonadati; Pseudomonadota; Gammaproteobacteria; Pseudomonadales; Pseudomonadaceae; Pseudomonas,0,4_411_XylX#0,core,0.9575,2,1,0,1,[alpha] > beta > reductase > dehydrogenase
NZ_LMHI01000005.1:56201-57566:1,WP_056723549.1,ASD91_RS08395,benA,"benzoate 1,2-dioxygenase large subunit",4_411_XylX,4,992.0,1.0,2.3e-299,NZ_LMHI01000005.1,56201,57566,1,Pseudomonas sp. Root68,Bacteria; Pseudomonadati; Pseudomonadota; Gammaproteobacteria; Pseudomonadales; Pseudomonadaceae; Pseudomonas,0,4_411_XylX#0,core,0.9504,2,1,0,1,[alpha] > beta > reductase > dehydrogenase > hydrolase
NZ_LMLH01000014.1:108418-109783:-1,WP_060541773.1,ASE98_RS13045,benA,"benzoate 1,2-dioxygenase large subunit",4_411_XylX,4,993.8,1.0,6.6e-300,NZ_LMLH01000014.1,108418,109783,-1,Pseudomonas sp. Leaf48,Bacteria; Pseudomonadati; Pseudomonadota; Gammaproteobacteria; Pseudomonadales; Pseudomonadaceae; Pseudomonas,0,4_411_XylX#0,core,0.9548,2,1,0,1,[alpha] > beta > reductase
NZ_LMRR01000009.1:83352-84738:-1,WP_057476991.1,ASG84_RS10590,benA,"benzoate 1,2-dioxygenase large subunit",4_411_XylX,4,741.8,0.967,1.8e-223,NZ_LMRR01000009.1,83352,84738,-1,Rhodococcus sp. Leaf278,Bacteria; Bacillati; Actinomycetota; Actinomycetes; Mycobacteriales; Nocardiaceae; Rhodococcus,0,4_411_XylX#0,core,0.8889,2,1,0,1,[alpha] > beta > reductase > regulator
NZ_LMSB01000012.1:67163-68531:-1,WP_056626863.1,ASG92_RS08725,benA,"benzoate 1,2-dioxygenase large subunit",4_411_XylX,4,812.5,0.967,6.6e-245,NZ_LMSB01000012.1,67163,68531,-1,Arthrobacter sp. Soil736,Bacteria; Bacillati; Actinomycetota; Actinomycetes; Micrococcales; Micrococcaceae; Arthrobacter,0,4_411_XylX#0,core,0.851,2,1,0,1,[alpha] > beta > reductase > dehydrogenase > transporter > regulator > hydrolase
NZ_LMSG01000017.1:299505-300888:1,WP_056345926.1,ASG77_RS12490,benA,"benzoate 1,2-dioxygenase large subunit",4_411_XylX,4,751.3,0.9648,2.4e-226,NZ_LMSG01000017.1,299505,300888,1,Arthrobacter sp. Soil762,Bacteria; Bacillati; Actinomycetota; Actinomycetes; Micrococcales; Micrococcaceae; Arthrobacter,0,4_411_XylX#0,core,0.815,2,1,0,1,[alpha] > beta > reductase > dehydrogenase > other
NZ_LMSN01000019.1:109941-111309:-1,WP_056888998.1,ASG88_RS18900,benA,"benzoate 1,2-dioxygenase large subunit",4_411_XylX,4,734.8,0.9581,2.4e-221,NZ_LMSN01000019.1,109941,111309,-1,Nocardioides sp. Soil777,Bacteria; Bacillati; Actinomycetota; Actinomycetes; Propionibacteriales; Nocardioidaceae; Nocardioides,0,4_411_XylX#0,core,0.9146,2,1,0,1,[alpha] > beta > reductase > transporter > regulator
NZ_LMSQ01000019.1:627210-628593:1,WP_056682508.1,ASH02_RS20175,benA,"benzoate 1,2-dioxygenase large subunit",4_411_XylX,4,736.3,0.9692,8.5e-222,NZ_LMSQ01000019.1,627210,628593,1,Nocardioides sp. Soil796,Bacteria; Bacillati; Actinomycetota; Actinomycetes; Propionibacteriales; Nocardioidaceae; Nocardioides,0,4_411_XylX#0,core,0.8903,2,1,0,1,[alpha] > beta > reductase > regulator > transporter
NZ_LOCO01000028.1:7309-8668:-1,WP_061333420.1,J122_RS17510,benA,"benzoate 1,2-dioxygenase large subunit",4_411_XylX,4,796.4,0.9626,4.9e-240,NZ_LOCO01000028.1,7309,8668,-1,Marinobacter excellens LAMA 842,Bacteria; Pseudomonadati; Pseudomonadota; Gammaproteobacteria; Pseudomonadales; Marinobacteraceae; Marinobacter,0,4_411_XylX#0,core,0.6809,2,1,0,1,[alpha] > beta > reductase > dehydrogenase
NZ_LOQS01000025.1:56172-57666:-1,WP_074493794.1,AUO96_RS12270,benA,"benzoate 1,2-dioxygenase large subunit",4_411_XylX,4,749.1,0.9648,1.1e-225,NZ_LOQS01000025.1,56172,57666,-1,Corynebacterium glutamicum,Bacteria; Bacillati; Actinomycetota; Actinomycetes; Mycobacteriales; Corynebacteriaceae; Corynebacterium,0,4_411_XylX#0,core,0.9375,2,1,0,1,[alpha] > beta > reductase > dehydrogenase > regulator > transporter > transporter
NZ_LOQV01000020.1:129456-130950:1,WP_003859228.1,AUO95_RS10000,benA,"benzoate 1,2-dioxygenase large subunit",4_411_XylX,4,748.6,0.9648,1.6e-225,NZ_LOQV01000020.1,129456,130950,1,Corynebacterium glutamicum,Bacteria; Bacillati; Actinomycetota; Actinomycetes; Mycobacteriales; Corynebacteriaceae; Corynebacterium,0,4_411_XylX#0,core,0.9375,2,1,0,1,[alpha] > beta > reductase > dehydrogenase > regulator > transporter > transporter
NZ_LOQY01000080.1:128693-130187:1,WP_003859228.1,AUP72_RS10665,benA,"benzoate 1,2-dioxygenase large subunit",4_411_XylX,4,748.6,0.9648,1.6e-225,NZ_LOQY01000080.1,128693,130187,1,Corynebacterium glutamicum,Bacteria; Bacillati; Actinomycetota; Actinomycetes; Mycobacteriales; Corynebacteriaceae; Corynebacterium,0,4_411_XylX#0,core,0.9375,2,1,0,1,[alpha] > beta > reductase > dehydrogenase > regulator > transporter > transporter
NZ_LOVS01000006.1:145691-147059:1,WP_066566679.1,WS62_RS01325,benA,"benzoate 1,2-dioxygenase large subunit",4_411_XylX,4,841.2,0.967,1.3e-253,NZ_LOVS01000006.1,145691,147059,1,Burkholderia sp. ABCPW 14,Bacteria; Pseudomonadati; Pseudomonadota; Betaproteobacteria; Burkholderiales; Burkholderiaceae; Burkholderia,0,4_411_XylX#0,core,0.7899,2,1,0,1,[alpha] > beta > reductase > dehydrogenase
NZ_LOWC01000131.1:16112-17480:-1,WP_059472590.1,WS69_RS20875,benA,"benzoate 1,2-dioxygenase large subunit",4_411_XylX,4,840.8,0.967,1.7e-253,NZ_LOWC01000131.1,16112,17480,-1,Burkholderia sp. BDU5,Bacteria; Pseudomonadati; Pseudomonadota; Betaproteobacteria; Burkholderiales; Burkholderiaceae; Burkholderia,0,4_411_XylX#0,core,0.7893,2,1,0,1,[alpha] > beta > reductase > dehydrogenase
NZ_LOVU01000112.1:51363-52731:1,WP_059617843.1,WI90_RS31160,benA,"benzoate 1,2-dioxygenase large subunit",4_411_XylX,4,862.3,0.9648,5.1e-260,NZ_LOVU01000112.1,51363,52731,1,Burkholderia ubonensis,Bacteria; Pseudomonadati; Pseudomonadota; Betaproteobacteria; Burkholderiales; Burkholderiaceae; Burkholderia; Burkholderia cepacia complex,0,4_411_XylX#0,core,0.8157,2,1,0,1,ring_cleavage > [alpha] > beta > reductase > dehydrogenase
NZ_LOXM01000100.1:12146-13514:-1,WP_059750713.1,WJ33_RS12110,benA,"benzoate 1,2-dioxygenase large subunit",4_411_XylX,4,858.4,0.9648,8.1e-259,NZ_LOXM01000100.1,12146,13514,-1,Burkholderia ubonensis,Bacteria; Pseudomonadati; Pseudomonadota; Betaproteobacteria; Burkholderiales; Burkholderiaceae; Burkholderia; Burkholderia cepacia complex,0,4_411_XylX#0,core,0.8106,2,1,0,1,hypothetical > [alpha] > beta > reductase > dehydrogenase
NZ_LOXK01000061.1:9651-11019:1,WP_059579291.1,WS77_RS12475,benA,"benzoate 1,2-dioxygenase large subunit",4_411_XylX,4,837.0,0.967,2.4e-252,NZ_LOXK01000061.1,9651,11019,1,Burkholderia sp. MSMB0265,Bacteria; Pseudomonadati; Pseudomonadota; Betaproteobacteria; Burkholderiales; Burkholderiaceae; Burkholderia,0,4_411_XylX#0,core,0.7873,2,1,0,1,[alpha] > beta > reductase > dehydrogenase
NZ_LPDZ01000136.1:44804-46172:1,WP_059972699.1,WK64_RS19645,benA,"benzoate 1,2-dioxygenase large subunit",4_411_XylX,4,859.8,0.967,3e-259,NZ_LPDZ01000136.1,44804,46172,1,Burkholderia ubonensis,Bacteria; Pseudomonadati; Pseudomonadota; Betaproteobacteria; Burkholderiales; Burkholderiaceae; Burkholderia; Burkholderia cepacia complex,0,4_411_XylX#0,core,0.8111,2,1,0,1,ring_cleavage > [alpha] > beta > reductase > dehydrogenase
NZ_LPDQ01000096.1:49532-50900:1,WP_059988126.1,WK55_RS27200,benA,"benzoate 1,2-dioxygenase large subunit",4_411_XylX,4,856.7,0.967,2.5e-258,NZ_LPDQ01000096.1,49532,50900,1,Burkholderia ubonensis,Bacteria; Pseudomonadati; Pseudomonadota; Betaproteobacteria; Burkholderiales; Burkholderiaceae; Burkholderia; Burkholderia cepacia complex,0,4_411_XylX#0,core,0.8086,2,1,0,1,ring_cleavage > [alpha] > beta > reductase > dehydrogenase
NZ_LPIX01000064.1:35555-36923:1,WP_060325415.1,WL73_RS19665,benA,"benzoate 1,2-dioxygenase large subunit",4_411_XylX,4,855.7,0.967,5.2e-258,NZ_LPIX01000064.1,35555,36923,1,Burkholderia ubonensis,Bacteria; Pseudomonadati; Pseudomonadota; Betaproteobacteria; Burkholderiales; Burkholderiaceae; Burkholderia; Burkholderia cepacia complex,0,4_411_XylX#0,core,0.8086,2,1,0,1,ring_cleavage > [alpha] > beta > reductase > dehydrogenase
NZ_LPLS01000126.1:44534-45902:1,WP_059629335.1,WM15_RS27485,benA,"benzoate 1,2-dioxygenase large subunit",4_411_XylX,4,861.5,0.967,8.7e-260,NZ_LPLS01000126.1,44534,45902,1,Burkholderia ubonensis,Bacteria; Pseudomonadati; Pseudomonadota; Betaproteobacteria; Burkholderiales; Burkholderiaceae; Burkholderia; Burkholderia cepacia complex,0,4_411_XylX#0,core,0.8136,2,1,0,1,ring_cleavage > [alpha] > beta > reductase > dehydrogenase
NZ_LPLU01000095.1:100236-101604:1,WP_060235421.1,WM16_RS21420,benA,"benzoate 1,2-dioxygenase large subunit",4_411_XylX,4,857.0,0.967,2.1e-258,NZ_LPLU01000095.1,100236,101604,1,Burkholderia ubonensis,Bacteria; Pseudomonadati; Pseudomonadota; Betaproteobacteria; Burkholderiales; Burkholderiaceae; Burkholderia; Burkholderia cepacia complex,0,4_411_XylX#0,core,0.8086,2,1,0,1,hypothetical > [alpha] > beta > reductase > dehydrogenase
NZ_LPMY01000058.1:88190-89558:1,WP_060148267.1,WT99_RS15190,benA,"benzoate 1,2-dioxygenase large subunit",4_411_XylX,4,855.4,0.9648,6.2e-258,NZ_LPMY01000058.1,88190,89558,1,Burkholderia stagnalis,Bacteria; Pseudomonadati; Pseudomonadota; Betaproteobacteria; Burkholderiales; Burkholderiaceae; Burkholderia; Burkholderia cepacia complex,0,4_411_XylX#0,core,0.8142,2,1,0,1,ring_cleavage > [alpha] > beta > reductase > dehydrogenase
NZ_LQBK01000011.1:178595-179978:-1,WP_058873979.1,AVL61_RS08850,benA,"benzoate 1,2-dioxygenase large subunit",4_411_XylX,4,749.5,0.9692,8.3e-226,NZ_LQBK01000011.1,178595,179978,-1,Kocuria rosea subsp. polaris,Bacteria; Bacillati; Actinomycetota; Actinomycetes; Micrococcales; Micrococcaceae; Kocuria,0,4_411_XylX#0,core,0.809,2,1,0,1,[alpha] > beta > reductase > dehydrogenase > other
NZ_LQIT01000013.1:28425-29796:-1,WP_059089110.1,AU194_RS10135,benA,"benzoate 1,2-dioxygenase large subunit",4_411_XylX,4,734.9,0.9559,2.3e-221,NZ_LQIT01000013.1,28425,29796,-1,Mycobacterium sp. GA-2829,Bacteria; Bacillati; Actinomycetota; Actinomycetes; Mycobacteriales; Mycobacteriaceae; Mycobacterium,0,4_411_XylX#0,core,0.8942,2,1,0,1,[alpha] > beta > reductase > regulator
NZ_LQQU01000058.1:10560-11925:-1,WP_066614286.1,AVW16_RS12220,benA,"benzoate 1,2-dioxygenase large subunit",4_411_XylX,4,849.3,0.9648,4.6e-256,NZ_LQQU01000058.1,10560,11925,-1,Crenobacter luteus,Bacteria; Pseudomonadati; Pseudomonadota; Betaproteobacteria; Neisseriales; Neisseriaceae; Crenobacter,0,4_411_XylX#0,core,0.7934,2,1,0,1,ring_cleavage > ring_cleavage > ring_cleavage > [alpha] > beta > reductase > dehydrogenase > transporter
NZ_LQQA01000030.1:740289-741645:-1,WP_085147206.1,AWC31_RS27285,benA,"benzoate 1,2-dioxygenase large subunit",4_411_XylX,4,734.8,0.9581,2.5e-221,NZ_LQQA01000030.1,740289,741645,-1,Mycolicibacterium wolinskyi,Bacteria; Bacillati; Actinomycetota; Actinomycetes; Mycobacteriales; Mycobacteriaceae; Mycolicibacterium,0,4_411_XylX#0,core,0.9102,2,1,0,1,[alpha] > beta > reductase
NZ_LRRI01000082.1:1495-2869:1,WP_006553156.1,A8G04_RS21270,benA,"benzoate 1,2-dioxygenase large subunit",4_411_XylX,4,778.9,0.9648,1e-234,NZ_LRRI01000082.1,1495,2869,1,Rhodococcus pyridinivorans,Bacteria; Bacillati; Actinomycetota; Actinomycetes; Mycobacteriales; Nocardiaceae; Rhodococcus,0,4_411_XylX#0,core,0.8363,2,1,0,1,[alpha] > beta > reductase > dehydrogenase > transporter > regulator > transporter
NZ_LRBG01000037.1:191806-193174:-1,WP_062132661.1,CI15_RS24885,benA,"benzoate 1,2-dioxygenase large subunit",4_411_XylX,4,858.5,0.9648,7.4e-259,NZ_LRBG01000037.1,191806,193174,-1,Paraburkholderia monticola,Bacteria; Pseudomonadati; Pseudomonadota; Betaproteobacteria; Burkholderiales; Burkholderiaceae; Paraburkholderia,0,4_411_XylX#0,core,0.8005,2,1,0,1,[alpha] > beta > reductase > dehydrogenase > transporter
NZ_LSTQ01000027.1:4816-6334:1,WP_066841130.1,AYJ05_RS12260,benA,"benzoate 1,2-dioxygenase large subunit",4_411_XylX,4,731.8,0.967,1.9e-220,NZ_LSTQ01000027.1,4816,6334,1,Corynebacterium stationis,Bacteria; Bacillati; Actinomycetota; Actinomycetes; Mycobacteriales; Corynebacteriaceae; Corynebacterium,0,4_411_XylX#0,core,0.8539,2,1,0,1,[alpha] > beta > reductase > dehydrogenase > regulator
NZ_LSTU01000010.1:108928-110287:-1,WP_016715262.1,AYJ70_RS04950,benA,"benzoate 1,2-dioxygenase large subunit",4_411_XylX,4,1010.5,1.0,0.0,NZ_LSTU01000010.1,108928,110287,-1,Pseudomonas monteilii,Bacteria; Pseudomonadati; Pseudomonadota; Gammaproteobacteria; Pseudomonadales; Pseudomonadaceae; Pseudomonas,0,4_411_XylX#0,core,0.9799,2,1,0,1,regulator > [alpha] > beta > reductase > dehydrogenase > transporter > transporter > transporter > hydrolase > regulator > reductase
NZ_LSUZ01000169.1:2036-3395:1,WP_064491965.1,AYO08_RS15345,benA,"benzoate 1,2-dioxygenase large subunit",4_411_XylX,4,1009.1,1.0,0.0,NZ_LSUZ01000169.1,2036,3395,1,Pseudomonas putida,Bacteria; Pseudomonadati; Pseudomonadota; Gammaproteobacteria; Pseudomonadales; Pseudomonadaceae; Pseudomonas,0,4_411_XylX#0,core,0.9799,2,1,0,1,regulator > other > [alpha] > beta > reductase
NZ_LSVC01000001.1:461065-462442:1,WP_061391913.1,AYK86_RS02130,benA,"benzoate 1,2-dioxygenase large subunit",4_411_XylX,4,827.5,0.9736,1.8e-249,NZ_LSVC01000001.1,461065,462442,1,Acinetobacter venetianus,Bacteria; Pseudomonadati; Pseudomonadota; Gammaproteobacteria; Moraxellales; Moraxellaceae; Acinetobacter,0,4_411_XylX#0,core,0.9266,2,1,0,1,ring_cleavage > ring_cleavage > ring_cleavage > [alpha] > beta > reductase > dehydrogenase > other > other
NZ_LSZH01000012.1:333491-334877:1,WP_067867214.1,AY606_RS08875,benA,"benzoate 1,2-dioxygenase large subunit",4_411_XylX,4,824.8,0.9736,1.3e-248,NZ_LSZH01000012.1,333491,334877,1,Acinetobacter sp. SFB,Bacteria; Pseudomonadati; Pseudomonadota; Gammaproteobacteria; Moraxellales; Moraxellaceae; Acinetobacter; Acinetobacter Taxon 24; Acinetobacter Taxon 24C,0,4_411_XylX#0,core,0.8756,2,1,0,1,ring_cleavage > [alpha] > beta > reductase > dehydrogenase > other > other > other
NZ_LTCZ01000268.1:4987-6364:-1,WP_061699859.1,AZG88_RS28945,benA,"benzoate 1,2-dioxygenase large subunit",4_411_XylX,4,794.8,0.9581,1.5e-239,NZ_LTCZ01000268.1,4987,6364,-1,Rhodococcus sp. LB1,Bacteria; Bacillati; Actinomycetota; Actinomycetes; Mycobacteriales; Nocardiaceae; Rhodococcus,0,4_411_XylX#0,core,0.9439,2,1,0,1,[alpha] > beta > reductase > dehydrogenase > transporter
NZ_LUAW01000005.1:4329-5727:-1,WP_067665881.1,AZH43_RS01685,benA,"benzoate 1,2-dioxygenase large subunit",4_411_XylX,4,826.2,0.978,4.4e-249,NZ_LUAW01000005.1,4329,5727,-1,Acinetobacter pragensis,Bacteria; Pseudomonadati; Pseudomonadota; Gammaproteobacteria; Moraxellales; Moraxellaceae; Acinetobacter,0,4_411_XylX#0,core,0.9091,2,1,0,1,ring_cleavage > ring_cleavage > ring_cleavage > [alpha] > beta > reductase > dehydrogenase > other > other
NZ_LSZJ01000015.1:48922-50311:-1,WP_064096718.1,AY605_RS12515,benA,"benzoate 1,2-dioxygenase large subunit",4_411_XylX,4,828.5,0.9802,9.4e-250,NZ_LSZJ01000015.1,48922,50311,-1,Acinetobacter sp. SFD,Bacteria; Pseudomonadati; Pseudomonadota; Gammaproteobacteria; Moraxellales; Moraxellaceae; Acinetobacter,0,4_411_XylX#0,core,0.8995,2,1,0,1,ring_cleavage > [alpha] > beta > reductase > dehydrogenase > other > other > other > other > other
NZ_LUCV01000017.1:60659-62015:-1,WP_064302923.1,AYO28_RS12790,benA,"benzoate 1,2-dioxygenase large subunit",4_411_XylX,4,991.6,0.9978,3.1e-299,NZ_LUCV01000017.1,60659,62015,-1,Pseudomonas putida,Bacteria; Pseudomonadati; Pseudomonadota; Gammaproteobacteria; Pseudomonadales; Pseudomonadaceae; Pseudomonas,0,4_411_XylX#0,core,0.9264,2,1,0,1,[alpha] > beta > reductase > dehydrogenase > transporter > ring_cleavage > transporter > transporter
NZ_LVCV01000079.1:9920-11303:-1,WP_068369613.1,A2J03_RS03250,benA,"benzoate 1,2-dioxygenase large subunit",4_411_XylX,4,737.0,0.978,5.2e-222,NZ_LVCV01000079.1,9920,11303,-1,Rhodococcus sp. EPR-157,Bacteria; Bacillati; Actinomycetota; Actinomycetes; Mycobacteriales; Nocardiaceae; Rhodococcus,0,4_411_XylX#0,core,0.8866,2,1,0,1,[alpha] > beta > reductase > regulator
NZ_LUKJ01000001.1:235273-236638:-1,WP_063340256.1,A1D17_RS01055,benA,"benzoate 1,2-dioxygenase large subunit",4_411_XylX,4,998.1,1.0,3.3e-301,NZ_LUKJ01000001.1,235273,236638,-1,Pseudomonas fluorescens,Bacteria; Pseudomonadati; Pseudomonadota; Gammaproteobacteria; Pseudomonadales; Pseudomonadaceae; Pseudomonas,0,4_411_XylX#0,core,0.9525,2,1,0,1,[alpha] > beta > reductase
NZ_LWHQ01000005.1:8-1337:-1,WP_048437391.1,A5481_RS01160,benA,"benzoate 1,2-dioxygenase large subunit",4_411_XylX,4,839.6,0.9537,3.8e-253,NZ_LWHQ01000005.1,8,1337,-1,Methylobacterium platani,Bacteria; Pseudomonadati; Pseudomonadota; Alphaproteobacteria; Hyphomicrobiales; Methylobacteriaceae; Methylobacterium,0,4_411_XylX#0,core,0.7372,0,0,0,0,[alpha]
NZ_LWYJ01000062.1:186638-188006:-1,WP_038739996.1,AQ806_RS21280,benA,"benzoate 1,2-dioxygenase large subunit",4_411_XylX,4,833.4,0.9626,3.1e-251,NZ_LWYJ01000062.1,186638,188006,-1,Burkholderia pseudomallei,Bacteria; Pseudomonadati; Pseudomonadota; Betaproteobacteria; Burkholderiales; Burkholderiaceae; Burkholderia; pseudomallei group,0,4_411_XylX#0,core,0.7803,2,1,0,1,[alpha] > beta > reductase > dehydrogenase
NZ_LXKA01000320.1:53675-55067:1,WP_064265425.1,A6V37_RS21915,benA,"benzoate 1,2-dioxygenase large subunit",4_411_XylX,4,858.6,0.9824,7e-259,NZ_LXKA01000320.1,53675,55067,1,Paraburkholderia ginsengiterrae,Bacteria; Pseudomonadati; Pseudomonadota; Betaproteobacteria; Burkholderiales; Burkholderiaceae; Paraburkholderia,0,4_411_XylX#0,core,0.7916,2,1,0,1,ring_cleavage > [alpha] > beta > reductase > dehydrogenase
NZ_LXEY01000017.1:162874-164218:-1,WP_043057706.1,A6F49_RS07065,benA,"benzoate 1,2-dioxygenase large subunit",4_411_XylX,4,746.5,0.9626,7e-225,NZ_LXEY01000017.1,162874,164218,-1,Enteractinococcus helveticum,Bacteria; Bacillati; Actinomycetota; Actinomycetes; Micrococcales; Micrococcaceae,0,4_411_XylX#0,core,0.7938,2,1,0,1,[alpha] > beta > reductase > dehydrogenase > regulator
NZ_LXRF01000018.1:158406-159765:-1,WP_069184937.1,A6779_RS17095,,Rieske 2Fe-2S domain-containing protein,4_411_XylX,4,720.4,0.978,5.8e-217,NZ_LXRF01000018.1,158406,159765,-1,Marinobacter adhaerens,Bacteria; Pseudomonadati; Pseudomonadota; Gammaproteobacteria; Pseudomonadales; Marinobacteraceae; Marinobacter,0,4_411_XylX#0,core,0.6456,2,1,0,1,[alpha] > beta > reductase > dehydrogenase
NZ_LXYF01000027.1:58181-59600:1,WP_103000334.1,A8G00_RS06705,,Rieske 2Fe-2S domain-containing protein,4_411_XylX,4,537.9,0.9692,1.3e-161,NZ_LXYF01000027.1,58181,59600,1,Sphingobium sp. SA916,Bacteria; Pseudomonadati; Pseudomonadota; Alphaproteobacteria; Sphingomonadales; Sphingomonadaceae; Sphingobium,0,4_411_XylX#0,core,0.9948,1,1,0,0,[alpha] > beta > other > alpha_other > beta > other
NZ_LYWY01000028.1:7001-8357:1,WP_244881970.1,A9D15_RS04945,,Rieske 2Fe-2S domain-containing protein,4_411_XylX,4,545.5,0.9648,6.6e-164,NZ_LYWY01000028.1,7001,8357,1,Croceicoccus pelagius,Bacteria; Pseudomonadati; Pseudomonadota; Alphaproteobacteria; Sphingomonadales; Erythrobacteraceae; Croceicoccus,0,4_411_XylX#0,core,0.9744,1,1,0,0,[alpha] > beta > other > alpha_other > beta > other
NZ_LZFI01000003.1:356221-357592:1,WP_072582874.1,AOC28_RS05165,benA,"benzoate 1,2-dioxygenase large subunit",4_411_XylX,4,844.0,0.967,1.8e-254,NZ_LZFI01000003.1,356221,357592,1,Polynucleobacter sp. MWH-Adler-W8,Bacteria; Pseudomonadati; Pseudomonadota; Betaproteobacteria; Burkholderiales; Burkholderiaceae; Polynucleobacter,0,4_411_XylX#0,core,0.7909,2,1,0,1,ring_cleavage > ring_cleavage > ring_cleavage > [alpha] > beta > reductase > dehydrogenase > transporter > other > other > other > other > transporter
NZ_LZDG02000090.1:5170-6538:-1,WP_054907664.1,A6723_RS30600,benA,"benzoate 1,2-dioxygenase large subunit",4_411_XylX,4,962.5,0.9934,2e-290,NZ_LZDG02000090.1,5170,6538,-1,Pseudomonas sp. AU11447,Bacteria; Pseudomonadati; Pseudomonadota; Gammaproteobacteria; Pseudomonadales; Pseudomonadaceae; Pseudomonas,0,4_411_XylX#0,core,0.8892,2,1,0,1,[alpha] > beta > reductase > dehydrogenase
NZ_LZMO01000207.1:27449-28832:1,WP_064863271.1,A5777_RS15105,benA,"benzoate 1,2-dioxygenase large subunit",4_411_XylX,4,733.6,0.9537,5.7e-221,NZ_LZMO01000207.1,27449,28832,1,Gordonia sp. 852002-10350_SCH5691597,Bacteria; Bacillati; Actinomycetota; Actinomycetes; Mycobacteriales; Gordoniaceae; Gordonia,0,4_411_XylX#0,core,0.9419,1,1,0,0,[alpha] > beta > ro_alpha
NZ_LZMI01000079.1:105386-106769:1,WP_005209340.1,A5766_RS14640,benA,"benzoate 1,2-dioxygenase large subunit",4_411_XylX,4,730.0,0.9537,7.1e-220,NZ_LZMI01000079.1,105386,106769,1,Gordonia sp. 852002-51296_SCH5728562-b,Bacteria; Bacillati; Actinomycetota; Actinomycetes; Mycobacteriales; Gordoniaceae; Gordonia,0,4_411_XylX#0,core,0.9369,2,1,0,1,[alpha] > beta > reductase > regulator
NZ_LZSK01000063.1:109705-111076:1,WP_043370976.1,A5718_RS15560,benA,"benzoate 1,2-dioxygenase large subunit",4_411_XylX,4,735.5,0.9604,1.5e-221,NZ_LZSK01000063.1,109705,111076,1,Mycolicibacterium conceptionense,Bacteria; Bacillati; Actinomycetota; Actinomycetes; Mycobacteriales; Mycobacteriaceae; Mycolicibacterium,0,4_411_XylX#0,core,0.8872,2,1,0,1,[alpha] > beta > reductase > regulator
NZ_MACM02000187.1:22508-23876:1,WP_065086573.1,A9513_RS33275,benA,"benzoate 1,2-dioxygenase large subunit",4_411_XylX,4,965.1,0.9912,3.3e-291,NZ_MACM02000187.1,22508,23876,1,Pseudomonas sp. AU12215,Bacteria; Pseudomonadati; Pseudomonadota; Gammaproteobacteria; Pseudomonadales; Pseudomonadaceae; Pseudomonas,0,4_411_XylX#0,core,0.8894,2,1,0,1,[alpha] > beta > reductase > dehydrogenase
NZ_LZYC01000060.1:278673-280038:1,WP_064987617.1,BAE52_RS17070,benA,"benzoate 1,2-dioxygenase large subunit",4_411_XylX,4,974.3,0.9956,5.2e-294,NZ_LZYC01000060.1,278673,280038,1,Pseudomonas sp. EGD-AKN5,Bacteria; Pseudomonadati; Pseudomonadota; Gammaproteobacteria; Pseudomonadales; Pseudomonadaceae; Pseudomonas,0,4_411_XylX#0,core,0.8942,2,1,0,1,[alpha] > beta > reductase
NZ_MBDL01000008.1:3971-5357:-1,WP_068886175.1,BBP83_RS04245,benA,"benzoate 1,2-dioxygenase large subunit",4_411_XylX,4,818.5,0.9736,1e-246,NZ_MBDL01000008.1,3971,5357,-1,Acinetobacter celticus,Bacteria; Pseudomonadati; Pseudomonadota; Gammaproteobacteria; Moraxellales; Moraxellaceae; Acinetobacter,0,4_411_XylX#0,core,0.9241,2,1,0,1,ring_cleavage > ring_cleavage > ring_cleavage > [alpha] > beta > reductase > dehydrogenase > other > other
NZ_MBGG01000290.1:45345-46716:1,WP_043370976.1,A5746_RS25765,benA,"benzoate 1,2-dioxygenase large subunit",4_411_XylX,4,735.5,0.9604,1.5e-221,NZ_MBGG01000290.1,45345,46716,1,Mycolicibacterium conceptionense,Bacteria; Bacillati; Actinomycetota; Actinomycetes; Mycobacteriales; Mycobacteriaceae; Mycolicibacterium,0,4_411_XylX#0,core,0.8872,2,1,0,1,[alpha] > beta > reductase > regulator
NZ_MIGZ01000088.1:11517-12873:1,WP_069406060.1,BHQ17_RS15525,,Rieske 2Fe-2S domain-containing protein,4_411_XylX,4,712.3,0.9604,1.6e-214,NZ_MIGZ01000088.1,11517,12873,1,Mycolicibacterium holsaticum,Bacteria; Bacillati; Actinomycetota; Actinomycetes; Mycobacteriales; Mycobacteriaceae; Mycolicibacterium,0,4_411_XylX#0,core,0.8477,2,1,0,1,[alpha] > beta > reductase > hypothetical > hypothetical > other > dehydrogenase > regulator > hydrolase
NZ_MIHG01000017.1:1113-2493:1,WP_065135367.1,BHQ23_RS05860,benA,"benzoate 1,2-dioxygenase large subunit",4_411_XylX,4,727.1,0.9626,5.4e-219,NZ_MIHG01000017.1,1113,2493,1,Mycobacterium gordonae,Bacteria; Bacillati; Actinomycetota; Actinomycetes; Mycobacteriales; Mycobacteriaceae; Mycobacterium,0,4_411_XylX#0,core,0.8568,1,1,0,0,[alpha] > beta > other > regulator
NZ_MIHA01000001.1:114022-115396:1,WP_069411624.1,BHQ18_RS00570,benA,"benzoate 1,2-dioxygenase large subunit",4_411_XylX,4,743.9,0.9604,4.3e-224,NZ_MIHA01000001.1,114022,115396,1,Mycolicibacterium flavescens,Bacteria; Bacillati; Actinomycetota; Actinomycetes; Mycobacteriales; Mycobacteriaceae; Mycolicibacterium,0,4_411_XylX#0,core,0.9045,2,1,0,1,[alpha] > beta > reductase > regulator
NZ_MJHA01000008.1:75265-76648:1,WP_001137396.1,BIT33_RS13935,benA,"benzoate 1,2-dioxygenase large subunit",4_411_XylX,4,833.8,0.9736,2.2e-251,NZ_MJHA01000008.1,75265,76648,1,Acinetobacter baumannii ATCC 19606 = CIP 70.34 = JCM 6841,Bacteria; Pseudomonadati; Pseudomonadota; Gammaproteobacteria; Moraxellales; Moraxellaceae; Acinetobacter; Acinetobacter calcoaceticus/baumannii complex,0,4_411_XylX#0,core,0.9899,2,1,0,1,[alpha] > beta > reductase > dehydrogenase > other
NZ_MKEP01000006.1:35769-37125:-1,WP_069899754.1,AX279_RS09150,benA,"benzoate 1,2-dioxygenase large subunit",4_411_XylX,4,988.1,0.9978,3.4e-298,NZ_MKEP01000006.1,35769,37125,-1,Pseudomonas sp. J237,Bacteria; Pseudomonadota; Gammaproteobacteria; Pseudomonadales; Pseudomonadaceae; Pseudomonas,0,4_411_XylX#0,core,0.9244,2,1,0,1,[alpha] > beta > reductase > dehydrogenase > transporter > ring_cleavage > ring_cleavage > ring_cleavage > transporter > transporter
NZ_MKKE01000008.1:81026-82388:1,WP_075845976.1,BJF85_RS05045,benA,"benzoate 1,2-dioxygenase large subunit",4_411_XylX,4,729.3,0.9626,1.1e-219,NZ_MKKE01000008.1,81026,82388,1,Saccharomonospora sp. CUA-673,Bacteria; Bacillati; Actinomycetota; Actinomycetes; Pseudonocardiales; Pseudonocardiaceae; Saccharomonospora,0,4_411_XylX#0,core,0.9098,1,1,0,0,[alpha] > beta
NZ_MKQS01000021.1:14901-16290:-1,WP_070155131.1,BJN41_RS10675,benA,"benzoate 1,2-dioxygenase large subunit",4_411_XylX,4,830.3,0.9802,2.5e-250,NZ_MKQS01000021.1,14901,16290,-1,Acinetobacter towneri,Bacteria; Pseudomonadati; Pseudomonadota; Gammaproteobacteria; Moraxellales; Moraxellaceae; Acinetobacter,0,4_411_XylX#0,core,0.9095,2,1,0,1,ring_cleavage > [alpha] > beta > reductase > dehydrogenase > other > other > other > other > other
NZ_MKZO01000047.1:146380-147736:1,WP_075805440.1,PSEMO_RS24050,benA,"benzoate 1,2-dioxygenase large subunit",4_411_XylX,4,990.0,0.9978,9.4e-299,NZ_MKZO01000047.1,146380,147736,1,Pseudomonas putida,Bacteria; Pseudomonadati; Pseudomonadota; Gammaproteobacteria; Pseudomonadales; Pseudomonadaceae; Pseudomonas,0,4_411_XylX#0,core,0.9264,2,1,0,1,[alpha] > beta > reductase > dehydrogenase > transporter > ring_cleavage
NZ_MLHV01000026.1:73766-75137:-1,WP_070946411.1,BKG61_RS23140,benA,"benzoate 1,2-dioxygenase large subunit",4_411_XylX,4,737.3,0.9581,4.2e-222,NZ_MLHV01000026.1,73766,75137,-1,Mycobacterium syngnathidarum,Bacteria; Bacillati; Actinomycetota; Actinomycetes; Mycobacteriales; Mycobacteriaceae; Mycobacterium,0,4_411_XylX#0,core,0.8967,2,1,0,1,[alpha] > beta > reductase > regulator
NZ_MOBL01000001.1:305128-306493:1,WP_008072149.1,BK661_RS01560,benA,"benzoate 1,2-dioxygenase large subunit",4_411_XylX,4,999.2,1.0,1.5e-301,NZ_MOBL01000001.1,305128,306493,1,Pseudomonas frederiksbergensis,Bacteria; Pseudomonadati; Pseudomonadota; Gammaproteobacteria; Pseudomonadales; Pseudomonadaceae; Pseudomonas,0,4_411_XylX#0,core,0.955,2,1,0,1,[alpha] > beta > reductase
NZ_MOBC01000007.1:172849-174214:-1,WP_042729165.1,BK652_RS13960,benA,"benzoate 1,2-dioxygenase large subunit",4_411_XylX,4,993.7,1.0,6.9e-300,NZ_MOBC01000007.1,172849,174214,-1,Pseudomonas brassicacearum,Bacteria; Pseudomonadati; Pseudomonadota; Gammaproteobacteria; Pseudomonadales; Pseudomonadaceae; Pseudomonas,0,4_411_XylX#0,core,0.9373,2,1,0,1,[alpha] > beta > reductase > dehydrogenase
NZ_MODX01000015.1:46300-47689:-1,WP_071320744.1,BK820_RS09360,benA,"benzoate 1,2-dioxygenase large subunit",4_411_XylX,4,832.8,0.978,4.6e-251,NZ_MODX01000015.1,46300,47689,-1,Acinetobacter sp. LCT-H3,Bacteria; Pseudomonadati; Pseudomonadota; Gammaproteobacteria; Moraxellales; Moraxellaceae; Acinetobacter,0,4_411_XylX#0,core,0.892,2,1,0,1,ring_cleavage > [alpha] > beta > reductase > dehydrogenase > other > other > other > other > other
NZ_MPJD01000002.1:43539-44904:-1,WP_073508764.1,BOH74_RS01125,benA,"benzoate 1,2-dioxygenase large subunit",4_411_XylX,4,969.4,0.9978,1.7e-292,NZ_MPJD01000002.1,43539,44904,-1,Pseudomonas versuta,Bacteria; Pseudomonadati; Pseudomonadota; Gammaproteobacteria; Pseudomonadales; Pseudomonadaceae; Pseudomonas,0,4_411_XylX#0,core,0.8847,2,1,0,1,[alpha] > beta > reductase > dehydrogenase > transporter > ring_cleavage > transporter
NZ_MRYA01000002.1:102390-103770:-1,WP_058369949.1,BTV98_RS04645,benA,"benzoate 1,2-dioxygenase large subunit",4_411_XylX,4,809.4,0.9648,5.8e-244,NZ_MRYA01000002.1,102390,103770,-1,Psychrobacter sp. Cmf 22.2,Bacteria; Pseudomonadati; Pseudomonadota; Gammaproteobacteria; Moraxellales; Moraxellaceae; Psychrobacter,0,4_411_XylX#0,core,0.7338,1,1,0,0,ring_cleavage > ring_cleavage > ring_cleavage > [alpha] > beta
NZ_MSCT01000018.1:85612-86974:-1,WP_075120860.1,BTN82_RS19305,benA,"benzoate 1,2-dioxygenase large subunit",4_411_XylX,4,995.8,0.9978,1.6e-300,NZ_MSCT01000018.1,85612,86974,-1,Pseudomonas chlororaphis,Bacteria; Pseudomonadati; Pseudomonadota; Gammaproteobacteria; Pseudomonadales; Pseudomonadaceae; Pseudomonas,0,4_411_XylX#0,core,0.9221,2,1,0,1,[alpha] > beta > reductase > dehydrogenase
NZ_MTJZ01000034.1:56306-57674:1,WP_076479740.1,BW685_RS21775,benA,"benzoate 1,2-dioxygenase large subunit",4_411_XylX,4,858.3,0.967,8.1e-259,NZ_MTJZ01000034.1,56306,57674,1,Burkholderia ubonensis,Bacteria; Pseudomonadati; Pseudomonadota; Betaproteobacteria; Burkholderiales; Burkholderiaceae; Burkholderia; Burkholderia cepacia complex,0,4_411_XylX#0,core,0.8106,2,1,0,1,ring_cleavage > [alpha] > beta > reductase > dehydrogenase
NZ_MVOM01000015.1:40501-41899:-1,WP_004693190.1,MF4640_RS07075,benA,"benzoate 1,2-dioxygenase large subunit",4_411_XylX,4,827.9,0.9868,1.4e-249,NZ_MVOM01000015.1,40501,41899,-1,Acinetobacter sp. MF4640,Bacteria; Pseudomonadati; Pseudomonadota; Gammaproteobacteria; Moraxellales; Moraxellaceae; Acinetobacter,0,4_411_XylX#0,core,0.9291,2,1,0,1,ring_cleavage > ring_cleavage > ring_cleavage > [alpha] > beta > reductase > dehydrogenase > other > other > other
NZ_MWMO01000017.1:52445-53861:1,WP_098108434.1,B2G71_RS19830,,Rieske 2Fe-2S domain-containing protein,4_411_XylX,4,546.9,0.9736,2.4e-164,NZ_MWMO01000017.1,52445,53861,1,Novosphingobium sp. PC22D,Bacteria; Pseudomonadati; Pseudomonadota; Alphaproteobacteria; Sphingomonadales; Sphingomonadaceae; Novosphingobium,0,4_411_XylX#0,core,0.9569,1,1,0,0,[alpha] > beta > other > alpha_other > beta > other
NZ_NBMS01000015.1:67342-68701:1,WP_003456018.1,B6S59_RS07690,benA,"benzoate 1,2-dioxygenase large subunit",4_411_XylX,4,984.1,1.0,5.8e-297,NZ_NBMS01000015.1,67342,68701,1,Pseudomonas sp. A46,Bacteria; Pseudomonadota; Gammaproteobacteria; Pseudomonadales; Pseudomonadaceae; Pseudomonas,0,4_411_XylX#0,core,0.9219,2,1,0,1,[alpha] > beta > reductase > dehydrogenase > transporter > transporter > transporter
NZ_NFSB01000091.1:247934-249293:-1,WP_086979916.1,B8W72_RS30470,benA,"benzoate 1,2-dioxygenase large subunit",4_411_XylX,4,1008.2,1.0,0.0,NZ_NFSB01000091.1,247934,249293,-1,Pseudomonas putida,Bacteria; Pseudomonadati; Pseudomonadota; Gammaproteobacteria; Pseudomonadales; Pseudomonadaceae; Pseudomonas,0,4_411_XylX#0,core,0.9748,2,1,0,1,[alpha] > beta > reductase > dehydrogenase > transporter > ring_cleavage > transporter > transporter > hydrolase > regulator > reductase
NZ_NGIR01000008.1:274915-276298:1,WP_031947818.1,CAT59_RS02000,benA,"benzoate 1,2-dioxygenase large subunit",4_411_XylX,4,834.9,0.9736,1.1e-251,NZ_NGIR01000008.1,274915,276298,1,Acinetobacter pittii,Bacteria; Pseudomonadati; Pseudomonadota; Gammaproteobacteria; Moraxellales; Moraxellaceae; Acinetobacter; Acinetobacter calcoaceticus/baumannii complex,0,4_411_XylX#0,core,0.9798,1,0,0,1,[alpha] > ro_beta > reductase > dehydrogenase > other
NZ_NJBA01000003.1:482612-483980:-1,WP_088417391.1,CEG18_RS10205,benA,"benzoate 1,2-dioxygenase large subunit",4_411_XylX,4,968.9,0.9934,2.4e-292,NZ_NJBA01000003.1,482612,483980,-1,Pseudomonas nitroreducens,Bacteria; Pseudomonadati; Pseudomonadota; Gammaproteobacteria; Pseudomonadales; Pseudomonadaceae; Pseudomonas,0,4_411_XylX#0,core,0.8945,2,1,0,1,[alpha] > beta > reductase
NZ_NIWT01000008.1:310208-311573:-1,WP_057715469.1,PSJE_RS26460,benA,"benzoate 1,2-dioxygenase large subunit",4_411_XylX,4,994.4,1.0,4.3e-300,NZ_NIWT01000008.1,310208,311573,-1,Pseudomonas jessenii,Bacteria; Pseudomonadati; Pseudomonadota; Gammaproteobacteria; Pseudomonadales; Pseudomonadaceae; Pseudomonas,0,4_411_XylX#0,core,0.9575,2,1,0,1,[alpha] > beta > reductase
NZ_NPFP01000040.1:99347-100733:1,WP_037187474.1,CH302_RS22880,benA,"benzoate 1,2-dioxygenase large subunit",4_411_XylX,4,738.3,0.9648,2.1e-222,NZ_NPFP01000040.1,99347,100733,1,Rhodococcus sp. 15-2388-1-1a,Bacteria; Bacillati; Actinomycetota; Actinomycetes; Mycobacteriales; Nocardiaceae; Rhodococcus,0,4_411_XylX#0,core,0.8889,2,1,0,1,[alpha] > beta > reductase > regulator
NZ_NQXC01000007.1:177608-178994:1,WP_004946713.1,AsoHEU7_RS09805,benA,"benzoate 1,2-dioxygenase large subunit BenA",4_411_XylX,4,823.9,0.9736,2.2e-248,NZ_NQXC01000007.1,177608,178994,1,Acinetobacter soli,Bacteria; Pseudomonadati; Pseudomonadota; Gammaproteobacteria; Moraxellales; Moraxellaceae; Acinetobacter,0,4_411_XylX#0,core,0.9215,2,1,0,1,[alpha] > beta > reductase > dehydrogenase > other
NZ_NPFS01000028.1:117789-119184:1,WP_037112988.1,CH299_RS23575,benA,"benzoate 1,2-dioxygenase large subunit",4_411_XylX,4,746.3,0.967,7.9e-225,NZ_NPFS01000028.1,117789,119184,1,Rhodococcus sp. 14-2686-1-2,Bacteria; Actinomycetota; Actinomycetes; Mycobacteriales; Nocardiaceae; Rhodococcus,0,4_411_XylX#0,core,0.8872,2,1,0,1,[alpha] > beta > reductase > regulator
NZ_NTME01000037.1:2532-3891:1,WP_013972679.1,CMV24_RS24575,benA,"benzoate 1,2-dioxygenase large subunit",4_411_XylX,4,1008.5,1.0,0.0,NZ_NTME01000037.1,2532,3891,1,Pseudomonas plecoglossicida,Bacteria; Pseudomonadati; Pseudomonadota; Gammaproteobacteria; Pseudomonadales; Pseudomonadaceae; Pseudomonas,0,4_411_XylX#0,core,0.9698,2,1,0,1,other > [alpha] > beta > reductase > dehydrogenase > transporter > ring_cleavage
NZ_NWCB01000001.1:403946-405305:-1,WP_100781880.1,COO64_RS01960,benA,"benzoate 1,2-dioxygenase large subunit",4_411_XylX,4,991.5,1.0,3.2e-299,NZ_NWCB01000001.1,403946,405305,-1,Pseudomonas donghuensis,Bacteria; Pseudomonadati; Pseudomonadota; Gammaproteobacteria; Pseudomonadales; Pseudomonadaceae; Pseudomonas,0,4_411_XylX#0,core,0.9167,2,1,0,1,regulator > [alpha] > beta > reductase > dehydrogenase > ring_cleavage > ring_cleavage > ring_cleavage > transporter
NZ_NZLS01000001.1:7204-8590:1,WP_004925496.1,CL490_RS00030,benA,"benzoate 1,2-dioxygenase large subunit BenA",4_411_XylX,4,822.9,0.9736,4.6e-248,NZ_NZLS01000001.1,7204,8590,1,Acinetobacter sp.,Bacteria; Pseudomonadati; Pseudomonadota; Gammaproteobacteria; Moraxellales; Moraxellaceae; Acinetobacter,0,4_411_XylX#0,core,0.919,2,1,0,1,[alpha] > beta > reductase > dehydrogenase > other
NZ_PCOA01000001.1:140774-142133:-1,WP_028942538.1,CQ065_RS00680,benA,"benzoate 1,2-dioxygenase large subunit",4_411_XylX,4,995.5,1.0,2e-300,NZ_PCOA01000001.1,140774,142133,-1,Pseudomonas sp. MYb187,Bacteria; Pseudomonadati; Pseudomonadota; Gammaproteobacteria; Pseudomonadales; Pseudomonadaceae; Pseudomonas,0,4_411_XylX#0,core,0.9244,2,1,0,1,regulator > transporter > transporter > regulator > [alpha] > beta > reductase > dehydrogenase > ring_cleavage > ring_cleavage > ring_cleavage > transporter
NZ_PCQM01000008.1:18135-19500:-1,WP_027616513.1,CQZ98_RS13300,benA,"benzoate 1,2-dioxygenase large subunit",4_411_XylX,4,991.7,0.9956,2.8e-299,NZ_PCQM01000008.1,18135,19500,-1,Pseudomonas sp. MYb115,Bacteria; Pseudomonadati; Pseudomonadota; Gammaproteobacteria; Pseudomonadales; Pseudomonadaceae; Pseudomonas,0,4_411_XylX#0,core,0.9449,2,1,0,1,ring_cleavage > ring_cleavage > ring_cleavage > regulator > [alpha] > beta > reductase > dehydrogenase > other
NZ_PHNR01000011.1:7825-9184:-1,WP_016392641.1,AM591_RS07185,benA,"benzoate 1,2-dioxygenase large subunit",4_411_XylX,4,1003.0,1.0,1e-302,NZ_PHNR01000011.1,7825,9184,-1,Pseudomonas plecoglossicida,Bacteria; Pseudomonadati; Pseudomonadota; Gammaproteobacteria; Pseudomonadales; Pseudomonadaceae; Pseudomonas,0,4_411_XylX#0,core,0.9648,2,1,0,1,[alpha] > beta > reductase > dehydrogenase > transporter > transporter > hydrolase > other
NZ_PHHP01000061.1:50571-51939:1,WP_003265819.1,CVV71_RS15375,benA,"benzoate 1,2-dioxygenase large subunit",4_411_XylX,4,836.4,0.9604,3.8e-252,NZ_PHHP01000061.1,50571,51939,1,Ralstonia solanacearum,Bacteria; Pseudomonadati; Pseudomonadota; Betaproteobacteria; Burkholderiales; Burkholderiaceae; Ralstonia; Ralstonia solanacearum species complex,0,4_411_XylX#0,core,0.8142,2,1,0,1,ring_cleavage > ring_cleavage > ring_cleavage > [alpha] > beta > reductase > dehydrogenase
NZ_PISI01000043.1:188074-189439:-1,WP_074982714.1,CW310_RS32645,benA,"benzoate 1,2-dioxygenase large subunit",4_411_XylX,4,970.6,0.9956,7e-293,NZ_PISI01000043.1,188074,189439,-1,Pseudomonas citronellolis,Bacteria; Pseudomonadati; Pseudomonadota; Gammaproteobacteria; Pseudomonadales; Pseudomonadaceae; Pseudomonas,0,4_411_XylX#0,core,0.8894,2,1,0,1,[alpha] > beta > reductase > dehydrogenase
NZ_PISJ01000021.1:42684-44067:-1,WP_005191113.1,CW311_RS18420,benA,"benzoate 1,2-dioxygenase large subunit",4_411_XylX,4,829.4,0.9758,4.8e-250,NZ_PISJ01000021.1,42684,44067,-1,Acinetobacter proteolyticus,Bacteria; Pseudomonadati; Pseudomonadota; Gammaproteobacteria; Moraxellales; Moraxellaceae; Acinetobacter,0,4_411_XylX#0,core,0.952,2,1,0,1,[alpha] > beta > reductase > dehydrogenase > other
NZ_PJBU01000070.1:16316-17702:1,WP_025643599.1,CXF62_RS02030,benA,"benzoate 1,2-dioxygenase large subunit",4_411_XylX,4,798.4,0.9648,1.2e-240,NZ_PJBU01000070.1,16316,17702,1,Psychrobacter sp. MES7-P7E,Bacteria; Pseudomonadati; Pseudomonadota; Gammaproteobacteria; Moraxellales; Moraxellaceae; Psychrobacter,0,4_411_XylX#0,core,0.7338,2,1,0,1,ring_cleavage > ring_cleavage > ring_cleavage > [alpha] > beta > reductase > dehydrogenase > other > other > other > other > other
NZ_PJQP01000001.1:57785-59144:1,WP_015270384.1,CX682_RS00275,benA,"benzoate 1,2-dioxygenase large subunit",4_411_XylX,4,1008.7,1.0,0.0,NZ_PJQP01000001.1,57785,59144,1,Pseudomonas sp. FFUP_PS_41,Bacteria; Pseudomonadati; Pseudomonadota; Gammaproteobacteria; Pseudomonadales; Pseudomonadaceae; Pseudomonas,0,4_411_XylX#0,core,0.9673,2,1,0,1,regulator > other > [alpha] > beta > reductase > dehydrogenase > transporter > ring_cleavage > transporter > transporter
NZ_PJCG01000082.1:64094-65453:1,WP_021785098.1,CXB65_RS26410,benA,"benzoate 1,2-dioxygenase large subunit",4_411_XylX,4,1009.7,1.0,0.0,NZ_PJCG01000082.1,64094,65453,1,Pseudomonas monteilii,Bacteria; Pseudomonadati; Pseudomonadota; Gammaproteobacteria; Pseudomonadales; Pseudomonadaceae; Pseudomonas,0,4_411_XylX#0,core,0.9773,2,1,0,1,[alpha] > beta > reductase
NZ_PODM01000028.1:27516-28881:-1,WP_074875705.1,C1Y10_RS19165,benA,"benzoate 1,2-dioxygenase large subunit",4_411_XylX,4,1002.4,1.0,1.6e-302,NZ_PODM01000028.1,27516,28881,-1,Pseudomonas sp. FW305-122,Bacteria; Pseudomonadati; Pseudomonadota; Gammaproteobacteria; Pseudomonadales; Pseudomonadaceae; Pseudomonas,0,4_411_XylX#0,core,0.9599,2,1,0,1,[alpha] > beta > reductase
NZ_POHR01000051.1:11416-12781:-1,WP_057715469.1,C1X63_RS25535,benA,"benzoate 1,2-dioxygenase large subunit",4_411_XylX,4,994.4,1.0,4.3e-300,NZ_POHR01000051.1,11416,12781,-1,Pseudomonas sp. FW305-131,Bacteria; Pseudomonadati; Pseudomonadota; Gammaproteobacteria; Pseudomonadales; Pseudomonadaceae; Pseudomonas,0,4_411_XylX#0,core,0.9575,2,1,0,1,[alpha] > beta > reductase
NZ_POHK01000001.1:167989-169354:1,WP_054597132.1,C1X97_RS00805,benA,"benzoate 1,2-dioxygenase large subunit",4_411_XylX,4,1000.9,0.9956,4.5e-302,NZ_POHK01000001.1,167989,169354,1,Pseudomonas sp. FW306-2-11AA,Bacteria; Pseudomonadati; Pseudomonadota; Gammaproteobacteria; Pseudomonadales; Pseudomonadaceae; Pseudomonas,0,4_411_XylX#0,core,0.9499,2,1,0,1,[alpha] > beta > reductase > dehydrogenase > other
NZ_PPXG01000002.1:547816-549172:1,WP_045633694.1,CXK91_RS06300,benA,"benzoate 1,2-dioxygenase large subunit",4_411_XylX,4,952.2,0.9978,2.8e-287,NZ_PPXG01000002.1,547816,549172,1,Stutzerimonas stutzeri,Bacteria; Pseudomonadati; Pseudomonadota; Gammaproteobacteria; Pseudomonadales; Pseudomonadaceae; Stutzerimonas,0,4_411_XylX#0,core,0.7854,3,1,1,1,[alpha] > beta > reductase > dehydrogenase > ferredoxin > ring_cleavage > dehydrogenase > hydrolase > other > dehydrogenase > other > other > ring_cleavage
NZ_PTIR01000002.1:362019-363390:-1,WP_018439305.1,B0G57_RS05410,benA,"benzoate 1,2-dioxygenase large subunit",4_411_XylX,4,831.6,0.9626,1.1e-250,NZ_PTIR01000002.1,362019,363390,-1,Trinickia symbiotica,Bacteria; Pseudomonadati; Pseudomonadota; Betaproteobacteria; Burkholderiales; Burkholderiaceae; Trinickia,0,4_411_XylX#0,core,0.769,2,1,0,1,ring_cleavage > [alpha] > beta > reductase > dehydrogenase
NZ_PUIO01000016.1:40133-41510:1,WP_009475047.1,C5613_RS15435,benA,"benzoate 1,2-dioxygenase large subunit",4_411_XylX,4,795.2,0.9581,1.2e-239,NZ_PUIO01000016.1,40133,41510,1,Rhodococcus opacus,Bacteria; Bacillati; Actinomycetota; Actinomycetes; Mycobacteriales; Nocardiaceae; Rhodococcus,0,4_411_XylX#0,core,0.944,2,1,0,1,[alpha] > beta > reductase > dehydrogenase > transporter
NZ_PYUK01000020.1:86057-87422:-1,WP_007976169.1,C9422_RS25875,benA,"benzoate 1,2-dioxygenase large subunit",4_411_XylX,4,992.1,1.0,2.1e-299,NZ_PYUK01000020.1,86057,87422,-1,Pseudomonas sp. B1(2018),Bacteria; Pseudomonadati; Pseudomonadota; Gammaproteobacteria; Pseudomonadales; Pseudomonadaceae; Pseudomonas,0,4_411_XylX#0,core,0.95,2,1,0,1,[alpha] > beta > reductase > dehydrogenase > hydrolase
NZ_QASO01000022.1:51708-53064:1,WP_011600771.1,DBO86_RS03675,benA,"benzoate 1,2-dioxygenase large subunit",4_411_XylX,4,942.2,0.9956,2.8e-284,NZ_QASO01000022.1,51708,53064,1,Pseudomonas indoloxydans,Bacteria; Pseudomonadati; Pseudomonadota; Gammaproteobacteria; Pseudomonadales; Pseudomonadaceae; Pseudomonas,0,4_411_XylX#0,core,0.7825,3,1,1,1,[alpha] > beta > reductase > dehydrogenase > ferredoxin > other
NZ_QFXB01000017.1:16758-18102:-1,WP_004993294.1,DKG34_RS27430,benA,"benzoate 1,2-dioxygenase large subunit",4_411_XylX,4,794.9,0.9581,1.4e-239,NZ_QFXB01000017.1,16758,18102,-1,Streptomyces sp. NWU49,Bacteria; Bacillati; Actinomycetota; Actinomycetes; Kitasatosporales; Streptomycetaceae; Streptomyces,0,4_411_XylX#0,core,0.8256,2,1,0,1,[alpha] > beta > reductase > dehydrogenase > transporter > regulator
NZ_QJOV01000029.1:10910-12269:-1,WP_004374325.1,DM483_RS25500,benA,"benzoate 1,2-dioxygenase large subunit",4_411_XylX,4,1009.3,1.0,0.0,NZ_QJOV01000029.1,10910,12269,-1,Pseudomonas sp. SMT-1,Bacteria; Pseudomonadati; Pseudomonadota; Gammaproteobacteria; Pseudomonadales; Pseudomonadaceae; Pseudomonas,0,4_411_XylX#0,core,0.9799,2,1,0,1,regulator > other > [alpha] > beta > reductase > dehydrogenase > transporter > ring_cleavage > transporter > transporter > hydrolase > regulator > reductase
NZ_QJRD01000152.1:8852-10217:1,WP_020800183.1,DM828_RS12015,benA,"benzoate 1,2-dioxygenase large subunit",4_411_XylX,4,996.7,1.0,8.7e-301,NZ_QJRD01000152.1,8852,10217,1,Pseudomonas umsongensis,Bacteria; Pseudomonadati; Pseudomonadota; Gammaproteobacteria; Pseudomonadales; Pseudomonadaceae; Pseudomonas,0,4_411_XylX#0,core,0.9599,2,1,0,1,[alpha] > beta > reductase > dehydrogenase
NZ_QKMQ01000005.1:210058-211417:1,WP_016715262.1,N436_RS11005,benA,"benzoate 1,2-dioxygenase large subunit",4_411_XylX,4,1010.5,1.0,0.0,NZ_QKMQ01000005.1,210058,211417,1,Pseudomonas sp. RV120224-01b,Bacteria; Pseudomonadati; Pseudomonadota; Gammaproteobacteria; Pseudomonadales; Pseudomonadaceae; Pseudomonas,0,4_411_XylX#0,core,0.9799,2,1,0,1,regulator > other > [alpha] > beta > reductase
NZ_QKWF01000043.1:3746-5129:-1,WP_016654249.1,DOL94_RS05515,benA,"benzoate 1,2-dioxygenase large subunit",4_411_XylX,4,831.4,0.9736,1.2e-250,NZ_QKWF01000043.1,3746,5129,-1,Acinetobacter baumannii,Bacteria; Pseudomonadati; Pseudomonadota; Gammaproteobacteria; Moraxellales; Moraxellaceae; Acinetobacter; Acinetobacter calcoaceticus/baumannii complex,0,4_411_XylX#0,core,0.9874,1,0,0,1,[alpha] > ro_beta > reductase > dehydrogenase > other
NZ_QKYZ01000004.1:389041-390406:1,WP_019649241.1,F475_RS10125,benA,"benzoate 1,2-dioxygenase large subunit",4_411_XylX,4,1002.0,1.0,2.2e-302,NZ_QKYZ01000004.1,389041,390406,1,Pseudomonas sp. URMO17WK12:I6,Bacteria; Pseudomonadati; Pseudomonadota; Gammaproteobacteria; Pseudomonadales; Pseudomonadaceae; Pseudomonas,0,4_411_XylX#0,core,0.9549,2,1,0,1,[alpha] > beta > reductase > dehydrogenase
NZ_QKZQ01000025.1:12016-13405:-1,WP_071470230.1,LY56_RS16500,benA,"benzoate 1,2-dioxygenase large subunit",4_411_XylX,4,765.3,0.967,1.3e-230,NZ_QKZQ01000025.1,12016,13405,-1,Roseinatronobacter thiooxidans,Bacteria; Pseudomonadati; Pseudomonadota; Alphaproteobacteria; Rhodobacterales; Paracoccaceae; Roseinatronobacter,0,4_411_XylX#0,core,0.8992,2,1,0,1,ring_cleavage > [alpha] > beta > reductase > dehydrogenase > transporter > transporter > transporter > transporter > transporter
NZ_QPKD01000012.1:3151-4528:-1,WP_068524564.1,DVB87_RS00470,benA,"benzoate 1,2-dioxygenase large subunit",4_411_XylX,4,736.0,0.9714,1.1e-221,NZ_QPKD01000012.1,3151,4528,-1,Tsukamurella tyrosinosolvens,Bacteria; Bacillati; Actinomycetota; Actinomycetes; Mycobacteriales; Tsukamurellaceae; Tsukamurella,0,4_411_XylX#0,core,0.8507,2,1,0,1,[alpha] > beta > reductase
NZ_QTOC01000001.1:472085-473453:1,WP_095411057.1,DF011_RS02150,benA,"benzoate 1,2-dioxygenase large subunit",4_411_XylX,4,857.2,0.967,1.8e-258,NZ_QTOC01000001.1,472085,473453,1,Burkholderia ubonensis,Bacteria; Pseudomonadati; Pseudomonadota; Betaproteobacteria; Burkholderiales; Burkholderiaceae; Burkholderia; Burkholderia cepacia complex,0,4_411_XylX#0,core,0.8015,2,1,0,1,ring_cleavage > [alpha] > beta > reductase > dehydrogenase
NZ_QTOD01000001.1:556160-557528:1,WP_095401150.1,DF009_RS02550,benA,"benzoate 1,2-dioxygenase large subunit",4_411_XylX,4,862.0,0.967,6.3e-260,NZ_QTOD01000001.1,556160,557528,1,Burkholderia ubonensis,Bacteria; Pseudomonadati; Pseudomonadota; Betaproteobacteria; Burkholderiales; Burkholderiaceae; Burkholderia; Burkholderia cepacia complex,0,4_411_XylX#0,core,0.8157,2,1,0,1,ring_cleavage > [alpha] > beta > reductase > dehydrogenase
NZ_QUZJ01000013.1:17099-18482:-1,WP_004793610.1,DZ985_RS17130,benA,"benzoate 1,2-dioxygenase large subunit",4_411_XylX,4,833.4,0.9736,3.1e-251,NZ_QUZJ01000013.1,17099,18482,-1,Acinetobacter sp. JW,Bacteria; Pseudomonadati; Pseudomonadota; Gammaproteobacteria; Moraxellales; Moraxellaceae; Acinetobacter,0,4_411_XylX#0,core,0.9823,1,0,0,1,[alpha] > ro_beta > reductase > dehydrogenase > other
NZ_QWLL01000030.1:232028-233387:-1,WP_016715262.1,D0894_RS12820,benA,"benzoate 1,2-dioxygenase large subunit",4_411_XylX,4,1010.5,1.0,0.0,NZ_QWLL01000030.1,232028,233387,-1,Pseudomonas monteilii,Bacteria; Pseudomonadati; Pseudomonadota; Gammaproteobacteria; Pseudomonadales; Pseudomonadaceae; Pseudomonas,0,4_411_XylX#0,core,0.9799,2,1,0,1,regulator > other > [alpha] > beta > reductase > dehydrogenase > transporter > transporter > transporter > hydrolase > regulator
NZ_QZGE01000008.1:207496-208864:1,WP_003113315.1,ELY47_RS13745,benA,"benzoate 1,2-dioxygenase large subunit",4_411_XylX,4,946.1,0.9934,1.9e-285,NZ_QZGE01000008.1,207496,208864,1,Pseudomonas aeruginosa PAO1,Bacteria; Pseudomonadati; Pseudomonadota; Gammaproteobacteria; Pseudomonadales; Pseudomonadaceae; Pseudomonas,0,4_411_XylX#0,core,0.8668,2,1,0,1,regulator > [alpha] > beta > reductase > dehydrogenase
NZ_RFES01000007.1:205184-206567:1,WP_062849235.1,EA756_RS12175,benA,"benzoate 1,2-dioxygenase large subunit",4_411_XylX,4,834.2,0.9736,1.7e-251,NZ_RFES01000007.1,205184,206567,1,Acinetobacter lactucae,Bacteria; Pseudomonadati; Pseudomonadota; Gammaproteobacteria; Moraxellales; Moraxellaceae; Acinetobacter; Acinetobacter calcoaceticus/baumannii complex,0,4_411_XylX#0,core,0.9773,1,0,0,1,[alpha] > ro_beta > reductase > dehydrogenase > other
NZ_RHQR01000009.1:40939-42298:1,WP_046786153.1,EGJ09_RS13355,benA,"benzoate 1,2-dioxygenase large subunit",4_411_XylX,4,1003.3,1.0,8.6e-303,NZ_RHQR01000009.1,40939,42298,1,Pseudomonas sp. p106,Bacteria; Pseudomonadati; Pseudomonadota; Gammaproteobacteria; Pseudomonadales; Pseudomonadaceae; Pseudomonas,0,4_411_XylX#0,core,0.9673,2,1,0,1,[alpha] > beta > reductase
NZ_RXDZ01000005.1:360594-361962:1,WP_003139108.1,IPC448_RS11840,benA,"benzoate 1,2-dioxygenase large subunit",4_411_XylX,4,947.4,0.9934,7.8e-286,NZ_RXDZ01000005.1,360594,361962,1,Pseudomonas aeruginosa,Bacteria; Pseudomonadati; Pseudomonadota; Gammaproteobacteria; Pseudomonadales; Pseudomonadaceae; Pseudomonas,0,4_411_XylX#0,core,0.8668,2,1,0,1,regulator > [alpha] > beta > reductase > dehydrogenase
NZ_RZAA01000018.1:27628-28993:-1,WP_003446307.1,WG29040_RS23725,benA,"benzoate 1,2-dioxygenase large subunit",4_411_XylX,4,966.0,0.9978,1.8e-291,NZ_RZAA01000018.1,27628,28993,-1,Pseudomonas sp. PAMC 29040,Bacteria; Pseudomonadati; Pseudomonadota; Gammaproteobacteria; Pseudomonadales; Pseudomonadaceae; Pseudomonas,0,4_411_XylX#0,core,0.8872,2,1,0,1,[alpha] > beta > reductase > dehydrogenase > transporter > ring_cleavage > transporter
NZ_SDUZ01000022.1:37686-39045:1,WP_083369492.1,EU514_RS19480,benA,"benzoate 1,2-dioxygenase large subunit",4_411_XylX,4,968.1,1.0,4.1e-292,NZ_SDUZ01000022.1,37686,39045,1,Pseudomonas fragi,Bacteria; Pseudomonadati; Pseudomonadota; Gammaproteobacteria; Pseudomonadales; Pseudomonadaceae; Pseudomonas,0,4_411_XylX#0,core,0.9141,2,1,0,1,[alpha] > beta > reductase > dehydrogenase > ring_cleavage > ring_cleavage > ring_cleavage > reductase
NZ_SGOI01000019.1:37106-38477:-1,WP_042477094.1,EXN71_RS30355,benA,"benzoate 1,2-dioxygenase large subunit",4_411_XylX,4,832.5,0.9604,5.7e-251,NZ_SGOI01000019.1,37106,38477,-1,Rhizobium rhizogenes,Bacteria; Pseudomonadati; Pseudomonadota; Alphaproteobacteria; Hyphomicrobiales; Rhizobiaceae; Rhizobium/Agrobacterium group; Rhizobium,0,4_411_XylX#0,core,0.7468,2,1,0,1,ring_cleavage > ring_cleavage > ring_cleavage > [alpha] > beta > reductase > dehydrogenase > transporter > transporter > transporter > transporter > transporter > other
NZ_SGTH01000007.1:175385-176768:-1,WP_004793610.1,EXD98_RS15770,benA,"benzoate 1,2-dioxygenase large subunit",4_411_XylX,4,833.4,0.9736,3.1e-251,NZ_SGTH01000007.1,175385,176768,-1,Acinetobacter pittii,Bacteria; Pseudomonadati; Pseudomonadota; Gammaproteobacteria; Moraxellales; Moraxellaceae; Acinetobacter; Acinetobacter calcoaceticus/baumannii complex,0,4_411_XylX#0,core,0.9823,1,0,0,1,[alpha] > ro_beta > reductase > dehydrogenase > other
NZ_SGTQ01000010.1:9024-10407:1,WP_002119889.1,EXD89_RS12160,benA,"benzoate 1,2-dioxygenase large subunit",4_411_XylX,4,832.9,0.9736,4.2e-251,NZ_SGTQ01000010.1,9024,10407,1,Acinetobacter pittii,Bacteria; Pseudomonadati; Pseudomonadota; Gammaproteobacteria; Moraxellales; Moraxellaceae; Acinetobacter; Acinetobacter calcoaceticus/baumannii complex,0,4_411_XylX#0,core,0.9823,1,0,0,1,[alpha] > ro_beta > reductase > dehydrogenase > other
NZ_SIJM01000020.1:90133-91498:1,WP_011728000.1,EYS45_RS19115,benA,"benzoate 1,2-dioxygenase large subunit",4_411_XylX,4,726.7,0.9581,7.2e-219,NZ_SIJM01000020.1,90133,91498,1,Mycolicibacterium smegmatis MC2 155,Bacteria; Bacillati; Actinomycetota; Actinomycetes; Mycobacteriales; Mycobacteriaceae; Mycolicibacterium,0,4_411_XylX#0,core,0.9068,2,1,0,1,[alpha] > beta > reductase
NZ_SJNW01000006.1:4810-6196:-1,WP_004752223.1,E0H86_RS09820,benA,"benzoate 1,2-dioxygenase large subunit",4_411_XylX,4,836.8,0.9802,2.9e-252,NZ_SJNW01000006.1,4810,6196,-1,Acinetobacter sp. ANC 4635,Bacteria; Pseudomonadati; Pseudomonadota; Gammaproteobacteria; Moraxellales; Moraxellaceae; Acinetobacter,0,4_411_XylX#0,core,0.9318,2,1,0,1,ring_cleavage > ring_cleavage > ring_cleavage > [alpha] > beta > reductase > dehydrogenase > transporter > other > other
NZ_SJXH01000003.1:85711-87097:1,WP_074944446.1,E0409_RS02210,benA,"benzoate 1,2-dioxygenase large subunit",4_411_XylX,4,823.6,0.9736,2.8e-248,NZ_SJXH01000003.1,85711,87097,1,Acinetobacter sp. ANC 4862,Bacteria; Pseudomonadati; Pseudomonadota; Gammaproteobacteria; Moraxellales; Moraxellaceae; Acinetobacter; Acinetobacter Taxon 24; Acinetobacter Taxon 24D,0,4_411_XylX#0,core,0.9033,2,1,0,1,ring_cleavage > [alpha] > beta > reductase > dehydrogenase > other > other > other > other > other > other
NZ_SLXX01000001.1:826454-827813:1,WP_016487229.1,EC849_RS03685,benA,"benzoate 1,2-dioxygenase large subunit",4_411_XylX,4,1008.6,1.0,0.0,NZ_SLXX01000001.1,826454,827813,1,Pseudomonas putida,Bacteria; Pseudomonadati; Pseudomonadota; Gammaproteobacteria; Pseudomonadales; Pseudomonadaceae; Pseudomonas,0,4_411_XylX#0,core,0.9748,2,1,0,1,regulator > [alpha] > beta > reductase
NZ_SPEW01000024.1:17323-18682:1,WP_023380499.1,E2581_RS11385,benA,"benzoate 1,2-dioxygenase large subunit",4_411_XylX,4,1005.4,1.0,2e-303,NZ_SPEW01000024.1,17323,18682,1,Pseudomonas sp.,Bacteria; Pseudomonadati; Pseudomonadota; Gammaproteobacteria; Pseudomonadales; Pseudomonadaceae; Pseudomonas,0,4_411_XylX#0,core,0.9648,2,1,0,1,regulator > other > [alpha] > beta > reductase
NZ_SPUT01000018.1:95056-96415:-1,WP_103444377.1,E4L40_RS13280,benA,"benzoate 1,2-dioxygenase large subunit",4_411_XylX,4,1009.4,1.0,0.0,NZ_SPUT01000018.1,95056,96415,-1,Pseudomonas putida,Bacteria; Pseudomonadati; Pseudomonadota; Gammaproteobacteria; Pseudomonadales; Pseudomonadaceae; Pseudomonas,0,4_411_XylX#0,core,0.9798,2,1,0,1,[alpha] > beta > reductase
NZ_SPUU01000002.1:74345-75704:1,WP_004374325.1,E4195_RS01815,benA,"benzoate 1,2-dioxygenase large subunit",4_411_XylX,4,1009.3,1.0,0.0,NZ_SPUU01000002.1,74345,75704,1,Pseudomonas putida,Bacteria; Pseudomonadati; Pseudomonadota; Gammaproteobacteria; Pseudomonadales; Pseudomonadaceae; Pseudomonas,0,4_411_XylX#0,core,0.9799,2,1,0,1,[alpha] > beta > reductase
NZ_SSFD01000360.1:10187-11522:1,WP_004265895.1,E6Q80_RS21055,benA,"benzoate 1,2-dioxygenase large subunit",4_411_XylX,4,903.2,0.9714,2.1e-272,NZ_SSFD01000360.1,10187,11522,1,Thauera aminoaromatica,Bacteria; Pseudomonadati; Pseudomonadota; Betaproteobacteria; Rhodocyclales; Zoogloeaceae; Thauera,0,4_411_XylX#0,core,0.7575,2,1,0,1,[alpha] > beta > reductase > dehydrogenase
NZ_SWEL01000006.1:430465-431824:1,WP_015270384.1,FD556_RS22735,benA,"benzoate 1,2-dioxygenase large subunit",4_411_XylX,4,1008.7,1.0,0.0,NZ_SWEL01000006.1,430465,431824,1,Pseudomonas asiatica,Bacteria; Pseudomonadati; Pseudomonadota; Gammaproteobacteria; Pseudomonadales; Pseudomonadaceae; Pseudomonas,0,4_411_XylX#0,core,0.9673,2,1,0,1,regulator > other > [alpha] > beta > reductase > dehydrogenase > transporter > ring_cleavage > transporter > transporter
NZ_UGUX01000001.1:147016-148375:-1,WP_041168021.1,DYB82_RS00710,benA,"benzoate 1,2-dioxygenase large subunit",4_411_XylX,4,1008.7,1.0,0.0,NZ_UGUX01000001.1,147016,148375,-1,Pseudomonas putida,Bacteria; Pseudomonadati; Pseudomonadota; Gammaproteobacteria; Pseudomonadales; Pseudomonadaceae; Pseudomonas,0,4_411_XylX#0,core,0.9749,2,1,0,1,[alpha] > beta > reductase
NZ_UGVN01000002.1:207794-209141:1,WP_027297381.1,DYH92_RS20170,benA,"benzoate 1,2-dioxygenase large subunit",4_411_XylX,4,871.4,0.9581,9e-263,NZ_UGVN01000002.1,207794,209141,1,Roseomonas mucosa,Bacteria; Pseudomonadati; Pseudomonadota; Alphaproteobacteria; Acetobacterales; Roseomonadaceae; Roseomonas,0,4_411_XylX#0,core,0.7908,2,1,0,1,[alpha] > beta > reductase > dehydrogenase > ring_cleavage > ring_cleavage > ring_cleavage > transporter > reductase > transporter > transporter > transporter
NZ_UAUI01000029.1:173849-175226:-1,WP_037225713.1,DTA22_RS35455,benA,"benzoate 1,2-dioxygenase large subunit",4_411_XylX,4,795.3,0.9581,1.1e-239,NZ_UAUI01000029.1,173849,175226,-1,Rhodococcus wratislaviensis,Bacteria; Bacillati; Actinomycetota; Actinomycetes; Mycobacteriales; Nocardiaceae; Rhodococcus,0,4_411_XylX#0,core,0.944,2,1,0,1,[alpha] > beta > reductase > dehydrogenase > transporter
NZ_UFOY01000002.1:147124-148507:-1,WP_022574724.1,DVZ10_RS05305,benA,"benzoate 1,2-dioxygenase large subunit",4_411_XylX,4,834.0,0.9736,2e-251,NZ_UFOY01000002.1,147124,148507,-1,Acinetobacter nosocomialis,Bacteria; Pseudomonadati; Pseudomonadota; Gammaproteobacteria; Moraxellales; Moraxellaceae; Acinetobacter; Acinetobacter calcoaceticus/baumannii complex,0,4_411_XylX#0,core,0.9874,1,0,0,1,[alpha] > ro_beta > reductase > dehydrogenase > other
NZ_VCND01000194.1:7523-8912:-1,WP_004731101.1,FGQ54_RS14000,benA,"benzoate 1,2-dioxygenase large subunit",4_411_XylX,4,834.0,0.978,2e-251,NZ_VCND01000194.1,7523,8912,-1,Acinetobacter lwoffii,Bacteria; Pseudomonadati; Pseudomonadota; Gammaproteobacteria; Moraxellales; Moraxellaceae; Acinetobacter,0,4_411_XylX#0,core,0.8987,2,1,0,1,ring_cleavage > [alpha] > beta > reductase > dehydrogenase > other > other > other > other > other > transposon
NZ_VCCM02000002.1:172052-173414:1,WP_029526220.1,FCE86_RS26085,benA,"benzoate 1,2-dioxygenase large subunit",4_411_XylX,4,993.6,0.9978,7.3e-300,NZ_VCCM02000002.1,172052,173414,1,Pseudomonas sp. ATCC 13985,Bacteria; Pseudomonadati; Pseudomonadota; Gammaproteobacteria; Pseudomonadales; Pseudomonadaceae; Pseudomonas,0,4_411_XylX#0,core,0.9123,2,1,0,1,[alpha] > beta > reductase
NZ_VEIH01000016.1:41497-42880:1,WP_017481378.1,FS719_RS12330,benA,"benzoate 1,2-dioxygenase large subunit",4_411_XylX,4,831.5,0.9736,1.2e-250,NZ_VEIH01000016.1,41497,42880,1,Acinetobacter pittii,Bacteria; Pseudomonadati; Pseudomonadota; Gammaproteobacteria; Moraxellales; Moraxellaceae; Acinetobacter; Acinetobacter calcoaceticus/baumannii complex,0,4_411_XylX#0,core,0.9823,1,0,0,1,[alpha] > ro_beta > reductase > dehydrogenase > other
NZ_VEKP01000002.1:95576-96959:1,WP_017832654.1,FS866_RS03845,benA,"benzoate 1,2-dioxygenase large subunit",4_411_XylX,4,745.3,0.9692,1.6e-224,NZ_VEKP01000002.1,95576,96959,1,Kocuria rosea,Bacteria; Bacillati; Actinomycetota; Actinomycetes; Micrococcales; Micrococcaceae; Kocuria,0,4_411_XylX#0,core,0.807,2,1,0,1,[alpha] > beta > reductase > dehydrogenase > regulator
NZ_VFBM01000004.1:45954-47337:1,WP_017400588.1,FHY67_RS06375,benA,"benzoate 1,2-dioxygenase large subunit",4_411_XylX,4,828.9,0.9736,7.2e-250,NZ_VFBM01000004.1,45954,47337,1,Acinetobacter radioresistens,Bacteria; Pseudomonadati; Pseudomonadota; Gammaproteobacteria; Moraxellales; Moraxellaceae; Acinetobacter,0,4_411_XylX#0,core,0.9116,2,1,0,1,ring_cleavage > [alpha] > beta > reductase > dehydrogenase > other > other > other > other > other
NZ_VHGG01000064.1:3759-5142:-1,WP_001137403.1,FJU50_RS15330,benA,"benzoate 1,2-dioxygenase large subunit",4_411_XylX,4,834.0,0.9736,1.9e-251,NZ_VHGG01000064.1,3759,5142,-1,Acinetobacter baumannii,Bacteria; Pseudomonadati; Pseudomonadota; Gammaproteobacteria; Moraxellales; Moraxellaceae; Acinetobacter; Acinetobacter calcoaceticus/baumannii complex,0,4_411_XylX#0,core,0.9823,1,0,0,1,[alpha] > ro_beta > reductase > dehydrogenase > other
NZ_VHHJ01000042.1:47106-48489:1,WP_001137399.1,FJV23_RS16000,benA,"benzoate 1,2-dioxygenase large subunit",4_411_XylX,4,833.2,0.9736,3.5e-251,NZ_VHHJ01000042.1,47106,48489,1,Acinetobacter baumannii,Bacteria; Pseudomonadati; Pseudomonadota; Gammaproteobacteria; Moraxellales; Moraxellaceae; Acinetobacter; Acinetobacter calcoaceticus/baumannii complex,0,4_411_XylX#0,core,0.9848,2,1,0,1,[alpha] > beta > reductase > dehydrogenase > other
NZ_VLJT01000001.1:448211-449585:-1,WP_006553156.1,L618_RS02155,benA,"benzoate 1,2-dioxygenase large subunit",4_411_XylX,4,778.9,0.9648,1e-234,NZ_VLJT01000001.1,448211,449585,-1,Rhodococcus rhodochrous J45,Bacteria; Bacillati; Actinomycetota; Actinomycetes; Mycobacteriales; Nocardiaceae; Rhodococcus,0,4_411_XylX#0,core,0.8363,2,1,0,1,[alpha] > beta > reductase > dehydrogenase > transporter > regulator > transporter
NZ_VLUI01000008.1:95660-97043:-1,WP_001137400.1,G4922_RS06625,benA,"benzoate 1,2-dioxygenase large subunit",4_411_XylX,4,833.5,0.9736,2.8e-251,NZ_VLUI01000008.1,95660,97043,-1,Acinetobacter nosocomialis,Bacteria; Pseudomonadati; Pseudomonadota; Gammaproteobacteria; Moraxellales; Moraxellaceae; Acinetobacter; Acinetobacter calcoaceticus/baumannii complex,0,4_411_XylX#0,core,0.9874,1,0,0,1,[alpha] > ro_beta > reductase > dehydrogenase > other
NZ_VLVU01000054.1:3789-5172:-1,WP_032056610.1,G4902_RS17450,benA,"benzoate 1,2-dioxygenase large subunit",4_411_XylX,4,833.4,0.9736,3e-251,NZ_VLVU01000054.1,3789,5172,-1,Acinetobacter pittii,Bacteria; Pseudomonadati; Pseudomonadota; Gammaproteobacteria; Moraxellales; Moraxellaceae; Acinetobacter; Acinetobacter calcoaceticus/baumannii complex,0,4_411_XylX#0,core,0.9798,1,0,0,1,[alpha] > ro_beta > reductase > dehydrogenase > other
NZ_VMDZ01000007.1:132357-133740:1,WP_001137395.1,FPK62_RS07420,benA,"benzoate 1,2-dioxygenase large subunit",4_411_XylX,4,833.5,0.9736,2.9e-251,NZ_VMDZ01000007.1,132357,133740,1,Acinetobacter baumannii,Bacteria; Pseudomonadati; Pseudomonadota; Gammaproteobacteria; Moraxellales; Moraxellaceae; Acinetobacter; Acinetobacter calcoaceticus/baumannii complex,0,4_411_XylX#0,core,0.9874,1,0,0,1,[alpha] > ro_beta > reductase > dehydrogenase > other
NZ_VYTL01000009.1:14396-15779:-1,WP_017393683.1,F4T81_RS06935,benA,"benzoate 1,2-dioxygenase large subunit",4_411_XylX,4,833.2,0.9736,3.5e-251,NZ_VYTL01000009.1,14396,15779,-1,Acinetobacter nosocomialis,Bacteria; Pseudomonadati; Pseudomonadota; Gammaproteobacteria; Moraxellales; Moraxellaceae; Acinetobacter; Acinetobacter calcoaceticus/baumannii complex,0,4_411_XylX#0,core,0.9874,1,0,0,1,[alpha] > ro_beta > reductase > dehydrogenase > other
NZ_VYTC01000020.1:10025-11402:-1,WP_004911181.1,F4T90_RS08015,benA,"benzoate 1,2-dioxygenase large subunit",4_411_XylX,4,828.6,0.9736,8.8e-250,NZ_VYTC01000020.1,10025,11402,-1,Acinetobacter junii,Bacteria; Pseudomonadati; Pseudomonadota; Gammaproteobacteria; Moraxellales; Moraxellaceae; Acinetobacter,0,4_411_XylX#0,core,0.9394,2,1,0,1,ring_cleavage > ring_cleavage > ring_cleavage > [alpha] > beta > reductase > dehydrogenase > other > other > other > other > other
NZ_VZIR01000040.1:838-2206:1,WP_034080427.1,F7O94_RS11145,benA,"benzoate 1,2-dioxygenase large subunit",4_411_XylX,4,936.0,0.9934,2.2e-282,NZ_VZIR01000040.1,838,2206,1,Pseudomonas aeruginosa,Bacteria; Pseudomonadota; Gammaproteobacteria; Pseudomonadales; Pseudomonadaceae; Pseudomonas,0,4_411_XylX#0,core,0.8521,2,1,0,1,regulator > [alpha] > beta > reductase > dehydrogenase
NZ_VZIY01000046.1:28553-29921:-1,WP_004349983.1,F7P00_RS22800,benA,"benzoate 1,2-dioxygenase large subunit",4_411_XylX,4,947.7,0.9934,6.4e-286,NZ_VZIY01000046.1,28553,29921,-1,Pseudomonas aeruginosa,Bacteria; Pseudomonadati; Pseudomonadota; Gammaproteobacteria; Pseudomonadales; Pseudomonadaceae; Pseudomonas,0,4_411_XylX#0,core,0.8668,2,1,0,1,regulator > [alpha] > beta > reductase > dehydrogenase
NZ_VZOD01000005.1:156708-158094:1,WP_074944446.1,F7P73_RS05470,benA,"benzoate 1,2-dioxygenase large subunit",4_411_XylX,4,823.6,0.9736,2.8e-248,NZ_VZOD01000005.1,156708,158094,1,Acinetobacter bohemicus,Bacteria; Pseudomonadati; Pseudomonadota; Gammaproteobacteria; Moraxellales; Moraxellaceae; Acinetobacter,0,4_411_XylX#0,core,0.9033,2,1,0,1,ring_cleavage > [alpha] > beta > reductase > dehydrogenase > other > other > other
NZ_VZOE01000021.1:32855-34238:-1,WP_005283806.1,F7P77_RS06675,benA,"benzoate 1,2-dioxygenase large subunit",4_411_XylX,4,830.3,0.9736,2.5e-250,NZ_VZOE01000021.1,32855,34238,-1,Acinetobacter courvalinii,Bacteria; Pseudomonadati; Pseudomonadota; Gammaproteobacteria; Moraxellales; Moraxellaceae; Acinetobacter,0,4_411_XylX#0,core,0.957,2,1,0,1,[alpha] > beta > reductase > dehydrogenase > other
NZ_VZOF01000003.1:151677-153075:-1,WP_067766710.1,F7P75_RS03565,benA,"benzoate 1,2-dioxygenase large subunit",4_411_XylX,4,829.2,0.978,5.4e-250,NZ_VZOF01000003.1,151677,153075,-1,Acinetobacter gandensis,Bacteria; Pseudomonadati; Pseudomonadota; Gammaproteobacteria; Moraxellales; Moraxellaceae; Acinetobacter,0,4_411_XylX#0,core,0.9194,2,1,0,1,ring_cleavage > ring_cleavage > ring_cleavage > [alpha] > beta > reductase > dehydrogenase > other > other > other > other > other
NZ_VZOG01000021.1:175229-176630:-1,WP_004719896.1,F7P82_RS06965,benA,"benzoate 1,2-dioxygenase large subunit",4_411_XylX,4,827.2,0.9736,2.3e-249,NZ_VZOG01000021.1,175229,176630,-1,Acinetobacter guillouiae,Bacteria; Pseudomonadati; Pseudomonadota; Gammaproteobacteria; Moraxellales; Moraxellaceae; Acinetobacter,0,4_411_XylX#0,core,0.9322,2,1,0,1,ring_cleavage > [alpha] > beta > reductase > dehydrogenase > other
NZ_VZOK01000006.1:124788-126156:1,WP_059884452.1,F7R25_RS05860,benA,"benzoate 1,2-dioxygenase large subunit",4_411_XylX,4,858.4,0.9648,7.8e-259,NZ_VZOK01000006.1,124788,126156,1,Burkholderia stagnalis,Bacteria; Pseudomonadati; Pseudomonadota; Betaproteobacteria; Burkholderiales; Burkholderiaceae; Burkholderia; Burkholderia cepacia complex,0,4_411_XylX#0,core,0.8142,2,1,0,1,ring_cleavage > [alpha] > beta > reductase > dehydrogenase
NZ_VZPO01000011.1:220540-221905:1,WP_038982790.1,F7R14_RS25315,benA,"benzoate 1,2-dioxygenase large subunit",4_411_XylX,4,995.0,1.0,2.9e-300,NZ_VZPO01000011.1,220540,221905,1,Pseudomonas lini,Bacteria; Pseudomonadati; Pseudomonadota; Gammaproteobacteria; Pseudomonadales; Pseudomonadaceae; Pseudomonas,0,4_411_XylX#0,core,0.9525,2,1,0,1,[alpha] > beta > reductase > dehydrogenase
NZ_VZPS01000031.1:47381-48746:-1,WP_075949393.1,F7R15_RS28345,benA,"benzoate 1,2-dioxygenase large subunit",4_411_XylX,4,993.5,1.0,8.1e-300,NZ_VZPS01000031.1,47381,48746,-1,Pseudomonas reinekei,Bacteria; Pseudomonadati; Pseudomonadota; Gammaproteobacteria; Pseudomonadales; Pseudomonadaceae; Pseudomonas,0,4_411_XylX#0,core,0.9475,2,1,0,1,[alpha] > beta > reductase > dehydrogenase
NZ_WHNQ01000045.1:4680-6048:1,WP_018434769.1,GCT19_RS35410,benA,"benzoate 1,2-dioxygenase large subunit",4_411_XylX,4,858.9,0.9626,5.6e-259,NZ_WHNQ01000045.1,4680,6048,1,Paraburkholderia atlantica,Bacteria; Pseudomonadati; Pseudomonadota; Betaproteobacteria; Burkholderiales; Burkholderiaceae; Paraburkholderia,0,4_411_XylX#0,core,0.8106,2,1,0,1,[alpha] > beta > reductase > dehydrogenase > transporter
NZ_WJNU01000004.1:214171-215554:-1,WP_002058142.1,GFB79_RS07245,benA,"benzoate 1,2-dioxygenase large subunit",4_411_XylX,4,833.6,0.9736,2.5e-251,NZ_WJNU01000004.1,214171,215554,-1,Acinetobacter baumannii,Bacteria; Pseudomonadati; Pseudomonadota; Gammaproteobacteria; Moraxellales; Moraxellaceae; Acinetobacter; Acinetobacter calcoaceticus/baumannii complex,0,4_411_XylX#0,core,0.9874,1,0,0,1,[alpha] > ro_beta > reductase > dehydrogenase > other
NZ_WOAK01000017.1:76432-77800:1,WP_003109535.1,GNQ40_RS19980,benA,"benzoate 1,2-dioxygenase large subunit",4_411_XylX,4,944.7,0.9934,5.3e-285,NZ_WOAK01000017.1,76432,77800,1,Pseudomonas aeruginosa,Bacteria; Pseudomonadati; Pseudomonadota; Gammaproteobacteria; Pseudomonadales; Pseudomonadaceae; Pseudomonas,0,4_411_XylX#0,core,0.8668,2,1,0,1,regulator > [alpha] > beta > reductase > dehydrogenase
NZ_WOAS01000007.1:55058-56426:-1,WP_003089885.1,GNQ27_RS18225,benA,"benzoate 1,2-dioxygenase large subunit",4_411_XylX,4,943.8,0.9934,9.7e-285,NZ_WOAS01000007.1,55058,56426,-1,Pseudomonas aeruginosa,Bacteria; Pseudomonadati; Pseudomonadota; Gammaproteobacteria; Pseudomonadales; Pseudomonadaceae; Pseudomonas,0,4_411_XylX#0,core,0.8643,2,1,0,1,regulator > [alpha] > beta > reductase > dehydrogenase
NZ_WODV01000004.1:190041-191409:1,WP_023115950.1,GIB29_RS05275,benA,"benzoate 1,2-dioxygenase large subunit",4_411_XylX,4,943.8,0.9934,9.9e-285,NZ_WODV01000004.1,190041,191409,1,Pseudomonas aeruginosa,Bacteria; Pseudomonadati; Pseudomonadota; Gammaproteobacteria; Pseudomonadales; Pseudomonadaceae; Pseudomonas,0,4_411_XylX#0,core,0.8643,2,1,0,1,regulator > [alpha] > beta > reductase > dehydrogenase
NZ_WOVH01000006.1:47648-49007:-1,WP_047583601.1,GNP06_RS08315,benA,"benzoate 1,2-dioxygenase large subunit",4_411_XylX,4,1003.4,1.0,8.3e-303,NZ_WOVH01000006.1,47648,49007,-1,Pseudomonas sp. TDA1,Bacteria; Pseudomonadati; Pseudomonadota; Gammaproteobacteria; Pseudomonadales; Pseudomonadaceae; Pseudomonas,0,4_411_XylX#0,core,0.9573,2,1,0,1,regulator > [alpha] > beta > reductase > dehydrogenase > transporter > transporter > transporter > hydrolase > other
NZ_WOWR01000012.1:68649-70008:1,WP_049273846.1,GN299_RS11850,benA,"benzoate 1,2-dioxygenase large subunit",4_411_XylX,4,1008.8,1.0,0.0,NZ_WOWR01000012.1,68649,70008,1,Pseudomonas putida,Bacteria; Pseudomonadati; Pseudomonadota; Gammaproteobacteria; Pseudomonadales; Pseudomonadaceae; Pseudomonas,0,4_411_XylX#0,core,0.9724,2,1,0,1,regulator > other > [alpha] > beta > reductase > dehydrogenase > transporter
NZ_WSES01000007.1:517091-518462:-1,WP_160410123.1,GPY61_RS23995,benA,"benzoate 1,2-dioxygenase large subunit",4_411_XylX,4,833.0,0.9648,4.1e-251,NZ_WSES01000007.1,517091,518462,-1,Massilia cellulosiltytica,Bacteria; Pseudomonadati; Pseudomonadota; Betaproteobacteria; Burkholderiales; Oxalobacteraceae; Telluria group; Massilia,0,4_411_XylX#0,core,0.797,2,1,0,1,ring_cleavage > ring_cleavage > ring_cleavage > [alpha] > beta > reductase > dehydrogenase > other
NZ_WTZM01000028.1:45443-46826:1,WP_001137391.1,AB71198_RS15420,benA,"benzoate 1,2-dioxygenase large subunit",4_411_XylX,4,833.1,0.9736,3.6e-251,NZ_WTZM01000028.1,45443,46826,1,Acinetobacter baumannii,Bacteria; Pseudomonadati; Pseudomonadota; Gammaproteobacteria; Moraxellales; Moraxellaceae; Acinetobacter; Acinetobacter calcoaceticus/baumannii complex,0,4_411_XylX#0,core,0.9823,1,0,0,1,[alpha] > ro_beta > reductase > dehydrogenase > transporter
NZ_WTZO01000007.1:78177-79560:1,WP_001137402.1,AB71191_RS05150,benA,"benzoate 1,2-dioxygenase large subunit",4_411_XylX,4,833.4,0.9736,2.9e-251,NZ_WTZO01000007.1,78177,79560,1,Acinetobacter baumannii,Bacteria; Pseudomonadati; Pseudomonadota; Gammaproteobacteria; Moraxellales; Moraxellaceae; Acinetobacter; Acinetobacter calcoaceticus/baumannii complex,0,4_411_XylX#0,core,0.9848,1,0,0,1,[alpha] > ro_beta > reductase > dehydrogenase > other
NZ_WUDN01000056.1:24272-25640:1,WP_003139108.1,GRH67_RS21185,benA,"benzoate 1,2-dioxygenase large subunit",4_411_XylX,4,947.4,0.9934,7.8e-286,NZ_WUDN01000056.1,24272,25640,1,Pseudomonas aeruginosa,Bacteria; Pseudomonadati; Pseudomonadota; Gammaproteobacteria; Pseudomonadales; Pseudomonadaceae; Pseudomonas,0,4_411_XylX#0,core,0.8668,2,1,0,1,regulator > [alpha] > beta > reductase > dehydrogenase
NZ_WURO01000005.1:106383-107781:1,WP_010326679.1,GVV64_RS05135,benA,"benzoate 1,2-dioxygenase large subunit",4_411_XylX,4,828.8,0.9868,7.6e-250,NZ_WURO01000005.1,106383,107781,1,Acinetobacter johnsonii,Bacteria; Pseudomonadati; Pseudomonadota; Gammaproteobacteria; Moraxellales; Moraxellaceae; Acinetobacter,0,4_411_XylX#0,core,0.9266,2,1,0,1,ring_cleavage > ring_cleavage > ring_cleavage > [alpha] > beta > reductase > dehydrogenase > other > other > other
NZ_WUTD01000061.1:6361-7729:-1,WP_038750584.1,GSH05_RS20830,benA,"benzoate 1,2-dioxygenase large subunit",4_411_XylX,4,835.0,0.9626,1e-251,NZ_WUTD01000061.1,6361,7729,-1,Burkholderia pseudomallei,Bacteria; Pseudomonadati; Pseudomonadota; Betaproteobacteria; Burkholderiales; Burkholderiaceae; Burkholderia; pseudomallei group,0,4_411_XylX#0,core,0.7828,2,1,0,1,[alpha] > beta > reductase > dehydrogenase
NZ_WUWO01000018.1:71637-73005:1,WP_003113315.1,GSF61_RS26565,benA,"benzoate 1,2-dioxygenase large subunit",4_411_XylX,4,946.1,0.9934,1.9e-285,NZ_WUWO01000018.1,71637,73005,1,Pseudomonas aeruginosa,Bacteria; Pseudomonadati; Pseudomonadota; Gammaproteobacteria; Pseudomonadales; Pseudomonadaceae; Pseudomonas,0,4_411_XylX#0,core,0.8668,2,1,0,1,regulator > [alpha] > beta > reductase > dehydrogenase
NZ_WUTV01000035.1:8305-9673:-1,WP_004529144.1,GSF23_RS26860,benA,"benzoate 1,2-dioxygenase large subunit",4_411_XylX,4,836.5,0.9626,3.5e-252,NZ_WUTV01000035.1,8305,9673,-1,Burkholderia pseudomallei,Bacteria; Pseudomonadati; Pseudomonadota; Betaproteobacteria; Burkholderiales; Burkholderiaceae; Burkholderia; pseudomallei group,0,4_411_XylX#0,core,0.7828,2,1,0,1,[alpha] > beta > reductase > dehydrogenase
NZ_WWIK01000116.1:7883-9236:1,WP_006350614.1,GTW66_RS03880,benA,"benzoate 1,2-dioxygenase large subunit",4_411_XylX,4,786.5,0.9648,5.2e-237,NZ_WWIK01000116.1,7883,9236,1,Streptomyces sp. SID5473,Bacteria; Bacillati; Actinomycetota; Actinomycetes; Kitasatosporales; Streptomycetaceae; Streptomyces,0,4_411_XylX#0,core,0.8086,2,1,0,1,[alpha] > beta > reductase > dehydrogenase
NZ_WXYI01000014.1:101076-102468:-1,WP_024499691.1,BPODLACK_RS17360,benA,"benzoate 1,2-dioxygenase large subunit",4_411_XylX,4,730.1,0.9626,6.7e-220,NZ_WXYI01000014.1,101076,102468,-1,Gordonia sp. YY1,Bacteria; Bacillati; Actinomycetota; Actinomycetes; Mycobacteriales; Gordoniaceae; Gordonia,0,4_411_XylX#0,core,0.9425,2,1,0,1,[alpha] > beta > reductase > regulator
NZ_WXZR01000001.1:370722-372105:-1,WP_002119889.1,GUK58_RS01655,benA,"benzoate 1,2-dioxygenase large subunit",4_411_XylX,4,832.9,0.9736,4.2e-251,NZ_WXZR01000001.1,370722,372105,-1,Acinetobacter pittii,Bacteria; Pseudomonadati; Pseudomonadota; Gammaproteobacteria; Moraxellales; Moraxellaceae; Acinetobacter; Acinetobacter calcoaceticus/baumannii complex,0,4_411_XylX#0,core,0.9823,1,0,0,1,[alpha] > ro_beta > reductase > dehydrogenase > other
NZ_WYAO01000019.1:139987-141370:-1,WP_001137401.1,GUK65_RS16145,benA,"benzoate 1,2-dioxygenase large subunit",4_411_XylX,4,833.5,0.9736,2.7e-251,NZ_WYAO01000019.1,139987,141370,-1,Acinetobacter baumannii,Bacteria; Pseudomonadati; Pseudomonadota; Gammaproteobacteria; Moraxellales; Moraxellaceae; Acinetobacter; Acinetobacter calcoaceticus/baumannii complex,0,4_411_XylX#0,core,0.9848,1,0,0,1,[alpha] > ro_beta > reductase > dehydrogenase > other
NZ_WYAB01000003.1:94866-96249:1,WP_024432333.1,GUK62_RS03495,benA,"benzoate 1,2-dioxygenase large subunit",4_411_XylX,4,833.6,0.9736,2.6e-251,NZ_WYAB01000003.1,94866,96249,1,Acinetobacter baumannii,Bacteria; Pseudomonadati; Pseudomonadota; Gammaproteobacteria; Moraxellales; Moraxellaceae; Acinetobacter; Acinetobacter calcoaceticus/baumannii complex,0,4_411_XylX#0,core,0.9848,2,1,0,1,[alpha] > beta > reductase > dehydrogenase > other
NZ_WXZU01000016.1:54723-56091:-1,WP_016263431.1,GUL21_RS17625,benA,"benzoate 1,2-dioxygenase large subunit",4_411_XylX,4,945.3,0.9934,3.3e-285,NZ_WXZU01000016.1,54723,56091,-1,Pseudomonas aeruginosa,Bacteria; Pseudomonadati; Pseudomonadota; Gammaproteobacteria; Pseudomonadales; Pseudomonadaceae; Pseudomonas,0,4_411_XylX#0,core,0.8643,2,1,0,1,regulator > [alpha] > beta > reductase > dehydrogenase
NZ_WXZW01000008.1:255839-257207:1,WP_023094702.1,GUL23_RS12645,benA,"benzoate 1,2-dioxygenase large subunit",4_411_XylX,4,944.8,0.9934,4.7e-285,NZ_WXZW01000008.1,255839,257207,1,Pseudomonas aeruginosa,Bacteria; Pseudomonadati; Pseudomonadota; Gammaproteobacteria; Pseudomonadales; Pseudomonadaceae; Pseudomonas,0,4_411_XylX#0,core,0.8668,2,1,0,1,regulator > [alpha] > beta > reductase > dehydrogenase
NZ_WYAT01000011.1:314765-316148:1,WP_001137400.1,GUK66_RS08805,benA,"benzoate 1,2-dioxygenase large subunit",4_411_XylX,4,833.5,0.9736,2.8e-251,NZ_WYAT01000011.1,314765,316148,1,Acinetobacter baumannii,Bacteria; Pseudomonadati; Pseudomonadota; Gammaproteobacteria; Moraxellales; Moraxellaceae; Acinetobacter; Acinetobacter calcoaceticus/baumannii complex,0,4_411_XylX#0,core,0.9874,1,0,0,1,[alpha] > ro_beta > reductase > dehydrogenase > other
NZ_WYAF01000001.1:28502-29870:-1,WP_003113315.1,GUL14_RS00140,benA,"benzoate 1,2-dioxygenase large subunit",4_411_XylX,4,946.1,0.9934,1.9e-285,NZ_WYAF01000001.1,28502,29870,-1,Pseudomonas aeruginosa,Bacteria; Pseudomonadati; Pseudomonadota; Gammaproteobacteria; Pseudomonadales; Pseudomonadaceae; Pseudomonas,0,4_411_XylX#0,core,0.8668,2,1,0,1,regulator > [alpha] > beta > reductase > dehydrogenase
