candidate_id,protein_id,locus_tag,gene,product,ro_cluster,ro_group,hmm_score,model_coverage,hmm_evalue,nucleotide_id,start,end,strand,organism,taxonomy,is_plasmid,leaf_id,assignment_class,core_identity,operon_completeness,has_beta,has_ferredoxin,has_reductase,layout
NC_011002.1:565138-566497:-1,WP_006485411.1,QU43_RS71145,,Rieske 2Fe-2S domain-containing protein,4_410_CbdC,4,956.5,0.9956,1.3e-288,NC_011002.1,565138,566497,-1,Burkholderia cenocepacia J2315,Bacteria; Pseudomonadati; Pseudomonadota; Betaproteobacteria; Burkholderiales; Burkholderiaceae; Burkholderia; Burkholderia cepacia complex,0,4_410_CbdC#0,core,0.9398,2,1,0,1,ring_cleavage > ring_cleavage > [alpha] > beta > reductase > dehydrogenase > other
NZ_AAXY01000003.1:51274-52651:-1,WP_007349033.1,MELB17_RS04900,,Rieske 2Fe-2S domain-containing protein,4_410_CbdC,4,759.7,0.9823,6.7e-229,NZ_AAXY01000003.1,51274,52651,-1,Marinobacter sp. ELB17,Bacteria; Pseudomonadati; Pseudomonadota; Gammaproteobacteria; Pseudomonadales; Marinobacteraceae; Marinobacter,0,4_410_CbdC#0,core,0.8483,2,1,0,1,ring_cleavage > ring_cleavage > ring_cleavage > [alpha] > beta > reductase > dehydrogenase
NZ_ABLC01000156.1:3334-4693:1,WP_006753838.1,BAMIOP4010_RS23230,,Rieske 2Fe-2S domain-containing protein,4_410_CbdC,4,954.6,0.9956,4.8e-288,NZ_ABLC01000156.1,3334,4693,1,Burkholderia ambifaria IOP40-10,Bacteria; Pseudomonadati; Pseudomonadota; Betaproteobacteria; Burkholderiales; Burkholderiaceae; Burkholderia; Burkholderia cepacia complex,0,4_410_CbdC#0,core,0.9352,2,1,0,1,ring_cleavage > ring_cleavage > ring_cleavage > [alpha] > beta > reductase > dehydrogenase > other
NZ_ABCP01000005.1:71324-72716:-1,WP_007152835.1,MDG893_RS05955,,Rieske 2Fe-2S domain-containing protein,4_410_CbdC,4,765.8,0.9823,9.2e-231,NZ_ABCP01000005.1,71324,72716,-1,Marinobacter algicola DG893,Bacteria; Pseudomonadati; Pseudomonadota; Gammaproteobacteria; Pseudomonadales; Marinobacteraceae; Marinobacter,0,4_410_CbdC#0,core,0.8911,2,1,0,1,ring_cleavage > ring_cleavage > ring_cleavage > [alpha] > beta > reductase > dehydrogenase > transporter > transporter > hydrolase
NZ_ABLK01000081.1:12038-13397:1,WP_006758812.1,BAMMEX5DRAFT_RS14445,,Rieske 2Fe-2S domain-containing protein,4_410_CbdC,4,951.8,0.9956,3.4e-287,NZ_ABLK01000081.1,12038,13397,1,Burkholderia ambifaria MEX-5,Bacteria; Pseudomonadati; Pseudomonadota; Betaproteobacteria; Burkholderiales; Burkholderiaceae; Burkholderia; Burkholderia cepacia complex,0,4_410_CbdC#0,core,0.9277,2,1,0,1,ring_cleavage > ring_cleavage > [alpha] > beta > reductase > dehydrogenase > other
NZ_ACFC01000018.1:31080-32439:1,WP_006407852.1,BURMUCGD2_RS26080,,Rieske 2Fe-2S domain-containing protein,4_410_CbdC,4,962.4,0.9956,2e-290,NZ_ACFC01000018.1,31080,32439,1,Burkholderia multivorans CGD2,Bacteria; Pseudomonadati; Pseudomonadota; Betaproteobacteria; Burkholderiales; Burkholderiaceae; Burkholderia; Burkholderia cepacia complex,0,4_410_CbdC#0,core,0.9325,2,1,0,1,ring_cleavage > ring_cleavage > ring_cleavage > [alpha] > beta > reductase > dehydrogenase > other > transporter
NZ_AEEC02000042.1:20323-21709:-1,WP_006465075.1,HFRIS_RS21295,,Rieske 2Fe-2S domain-containing protein,4_410_CbdC,4,917.0,0.9889,1.3e-276,NZ_AEEC02000042.1,20323,21709,-1,Herbaspirillum frisingense GSF30,Bacteria; Pseudomonadati; Pseudomonadota; Betaproteobacteria; Burkholderiales; Oxalobacteraceae; Herbaspirillum,0,4_410_CbdC#0,core,0.8458,2,1,0,1,ring_cleavage > ring_cleavage > [alpha] > beta > reductase > dehydrogenase > other > transporter
NZ_AGUF01000013.1:80363-81683:-1,WP_008158671.1,KYC_RS02860,,aromatic ring-hydroxylating dioxygenase subunit alpha,4_410_CbdC,4,198.1,0.8097,1.6e-58,NZ_AGUF01000013.1,80363,81683,-1,Achromobacter arsenitoxydans SY8,Bacteria; Pseudomonadati; Pseudomonadota; Betaproteobacteria; Burkholderiales; Alcaligenaceae; Achromobacter,0,4_410_CbdC#3,novel_candidate,0.2883,2,1,0,1,ferredoxin > reductase > reductase > [alpha] > beta > other > other > reductase > other > reductase
NZ_AJVC01000002.1:424361-425738:1,WP_008326692.1,GWL_RS03390,,Rieske 2Fe-2S domain-containing protein,4_410_CbdC,4,911.2,0.9889,7.2e-275,NZ_AJVC01000002.1,424361,425738,1,Herbaspirillum sp. GW103,Bacteria; Pseudomonadati; Pseudomonadota; Betaproteobacteria; Burkholderiales; Oxalobacteraceae; Herbaspirillum,0,4_410_CbdC#0,core,0.8413,2,1,0,1,ring_cleavage > ring_cleavage > [alpha] > beta > reductase > dehydrogenase > other > transporter > transporter > other > other
NZ_AKFJ01000028.1:14138-15527:1,WP_008994667.1,WSK_RS08400,,Rieske 2Fe-2S domain-containing protein,4_410_CbdC,4,902.4,0.9735,3.4e-272,NZ_AKFJ01000028.1,14138,15527,1,Novosphingobium sp. Rr 2-17,Bacteria; Pseudomonadati; Pseudomonadota; Alphaproteobacteria; Sphingomonadales; Sphingomonadaceae; Novosphingobium,0,4_410_CbdC#0,core,0.7837,2,1,0,1,ring_cleavage > ring_cleavage > other > [alpha] > beta > reductase > dehydrogenase > other > other > other
NZ_AKIW01000027.1:60927-62241:-1,WP_007831259.1,PMI12_RS08970,,aromatic ring-hydroxylating dioxygenase subunit alpha,4_410_CbdC,4,197.6,0.8142,2.3e-58,NZ_AKIW01000027.1,60927,62241,-1,Variovorax sp. CF313,Bacteria; Pseudomonadati; Pseudomonadota; Betaproteobacteria; Burkholderiales; Comamonadaceae; Variovorax,0,4_410_CbdC#4,novel_candidate,0.295,1,1,0,0,ferredoxin > reductase > reductase > [alpha] > beta > other > other > reductase > other > reductase > transporter > transporter > alpha_other > beta
NZ_AKJW01000070.1:74523-75888:1,WP_007881655.1,PMI16_RS16745,,Rieske 2Fe-2S domain-containing protein,4_410_CbdC,4,929.1,0.9889,2.6e-280,NZ_AKJW01000070.1,74523,75888,1,Herbaspirillum sp. CF444,Bacteria; Pseudomonadati; Pseudomonadota; Betaproteobacteria; Burkholderiales; Oxalobacteraceae; Herbaspirillum,0,4_410_CbdC#0,core,0.8615,2,1,0,1,ring_cleavage > ring_cleavage > [alpha] > beta > reductase > dehydrogenase > other > transporter > other
NZ_AOHM01000061.1:32430-33816:-1,WP_033901159.1,H096_RS20115,,Rieske 2Fe-2S domain-containing protein,4_410_CbdC,4,899.4,0.9889,2.8e-271,NZ_AOHM01000061.1,32430,33816,-1,Pseudomonas sp. FH1,Bacteria; Pseudomonadati; Pseudomonadota; Gammaproteobacteria; Pseudomonadales; Pseudomonadaceae; Pseudomonas,0,4_410_CbdC#0,core,0.9728,2,1,0,1,regulator > [alpha] > beta > reductase > dehydrogenase > transporter > transporter
NZ_APMQ01000001.1:448338-449697:1,WP_004626836.1,OR214_RS02220,,Rieske 2Fe-2S domain-containing protein,4_410_CbdC,4,958.2,0.9956,4e-289,NZ_APMQ01000001.1,448338,449697,1,Ralstonia pickettii OR214,Bacteria; Pseudomonadati; Pseudomonadota; Betaproteobacteria; Burkholderiales; Burkholderiaceae; Ralstonia,0,4_410_CbdC#0,core,0.9144,2,1,0,1,ring_cleavage > ring_cleavage > ring_cleavage > [alpha] > beta > reductase > dehydrogenase > transporter > transporter
NZ_ARYL01000034.1:7705-8983:1,WP_338390461.1,HOC_RS16715,,SRPBCC family protein,4_410_CbdC,4,525.0,0.9093,1.1e-157,NZ_ARYL01000034.1,7705,8983,1,Hyphomonas oceanitis SCH89,Bacteria; Pseudomonadati; Pseudomonadota; Alphaproteobacteria; Hyphomonadales; Hyphomonadaceae; Hyphomonas,0,4_410_CbdC#1,core,0.9013,1,1,0,0,[alpha] > beta > other > alpha_other > beta > other
NZ_ASGY01000218.1:51439-52816:1,WP_038850458.1,K814_RS04640,,Rieske 2Fe-2S domain-containing protein,4_410_CbdC,4,898.9,0.9845,3.9e-271,NZ_ASGY01000218.1,51439,52816,1,Pseudomonas fluorescens LMG 5329,Bacteria; Pseudomonadati; Pseudomonadota; Gammaproteobacteria; Pseudomonadales; Pseudomonadaceae; Pseudomonas,0,4_410_CbdC#0,core,0.9679,2,1,0,1,regulator > [alpha] > beta > reductase > dehydrogenase > transporter > transporter
NZ_ASSI01000062.1:9079-10438:1,WP_021159131.1,L810_RS14995,,Rieske 2Fe-2S domain-containing protein,4_410_CbdC,4,958.1,0.9956,4.1e-289,NZ_ASSI01000062.1,9079,10438,1,Burkholderia sp. AU4i,Bacteria; Pseudomonadati; Pseudomonadota; Betaproteobacteria; Burkholderiales; Burkholderiaceae; Burkholderia,0,4_410_CbdC#0,core,0.955,2,1,0,1,ring_cleavage > ring_cleavage > [alpha] > beta > reductase > dehydrogenase > other
NZ_ATLO01000012.1:94365-95742:1,WP_020290282.1,CFII64_RS07985,,Rieske 2Fe-2S domain-containing protein,4_410_CbdC,4,902.9,0.9867,2.3e-272,NZ_ATLO01000012.1,94365,95742,1,Pseudomonas sp. CFII64,Bacteria; Pseudomonadati; Pseudomonadota; Gammaproteobacteria; Pseudomonadales; Pseudomonadaceae; Pseudomonas,0,4_410_CbdC#0,core,0.9212,2,1,0,1,ring_cleavage > ring_cleavage > ring_cleavage > regulator > [alpha] > beta > reductase > dehydrogenase > other
NZ_AUTA01000143.1:26809-28168:1,WP_058329667.1,N183_RS33195,,Rieske 2Fe-2S domain-containing protein,4_410_CbdC,4,952.1,0.9956,2.8e-287,NZ_AUTA01000143.1,26809,28168,1,Sinorhizobium sp. Sb3,Bacteria; Pseudomonadati; Pseudomonadota; Alphaproteobacteria; Hyphomicrobiales; Rhizobiaceae; Sinorhizobium/Ensifer group; Sinorhizobium,0,4_410_CbdC#0,core,0.8838,2,1,0,1,ring_cleavage > ring_cleavage > ring_cleavage > [alpha] > beta > reductase > dehydrogenase > transporter
NZ_AUSZ01000195.1:132435-133794:1,WP_058322764.1,N184_RS19090,,Rieske 2Fe-2S domain-containing protein,4_410_CbdC,4,955.5,0.9956,2.5e-288,NZ_AUSZ01000195.1,132435,133794,1,Sinorhizobium sp. GL28,Bacteria; Pseudomonadati; Pseudomonadota; Alphaproteobacteria; Hyphomicrobiales; Rhizobiaceae; Sinorhizobium/Ensifer group; Sinorhizobium,0,4_410_CbdC#0,core,0.8819,2,1,0,1,ring_cleavage > ring_cleavage > ring_cleavage > [alpha] > beta > reductase > dehydrogenase > transporter
NZ_AWSQ01000012.1:52667-53996:1,WP_025167844.1,TMS3_RS24075,,Rieske 2Fe-2S domain-containing protein,4_410_CbdC,4,531.5,0.927,1.1e-159,NZ_AWSQ01000012.1,52667,53996,1,Pseudomonas taeanensis MS-3,Bacteria; Pseudomonadati; Pseudomonadota; Gammaproteobacteria; Pseudomonadales; Pseudomonadaceae; Pseudomonas,0,4_410_CbdC#7,divergent,0.5157,3,1,1,1,reductase > ferredoxin > ring_cleavage > ferredoxin > [alpha] > beta > dehydrogenase > dehydrogenase > dehydrogenase > other
NZ_AXBV01000096.1:241138-242512:1,WP_022990606.1,Q668_RS15790,,Rieske 2Fe-2S domain-containing protein,4_410_CbdC,4,787.3,0.9823,2.7e-237,NZ_AXBV01000096.1,241138,242512,1,Marinobacter sp. ES-1,Bacteria; Pseudomonadati; Pseudomonadota; Gammaproteobacteria; Pseudomonadales; Marinobacteraceae; Marinobacter,0,4_410_CbdC#0,core,0.9113,2,1,0,1,ring_cleavage > ring_cleavage > ring_cleavage > [alpha] > beta > reductase > dehydrogenase
NZ_AXCB01000005.1:14514-15888:-1,WP_014420247.1,Q674_RS22225,,Rieske 2Fe-2S domain-containing protein,4_410_CbdC,4,789.4,0.9823,6.5e-238,NZ_AXCB01000005.1,14514,15888,-1,Marinobacter sp. EVN1,Bacteria; Pseudomonadati; Pseudomonadota; Gammaproteobacteria; Pseudomonadales; Marinobacteraceae; Marinobacter,0,4_410_CbdC#0,core,0.9236,2,1,0,1,ring_cleavage > ring_cleavage > ring_cleavage > [alpha] > beta > reductase > dehydrogenase > transporter > transporter
NZ_AYLZ02000103.1:3843-5202:-1,WP_023513465.1,SHLA_RS13365,,Rieske 2Fe-2S domain-containing protein,4_410_CbdC,4,943.2,0.9912,1.4e-284,NZ_AYLZ02000103.1,3843,5202,-1,Shinella sp. DD12,Bacteria; Pseudomonadati; Pseudomonadota; Alphaproteobacteria; Hyphomicrobiales; Rhizobiaceae; Shinella,0,4_410_CbdC#0,core,0.8685,2,1,0,1,ring_cleavage > ring_cleavage > ring_cleavage > [alpha] > beta > reductase > dehydrogenase > transporter
NZ_BADU01000007.1:695-2060:1,WP_008108666.1,P20311_RS01020,,Rieske 2Fe-2S domain-containing protein,4_410_CbdC,4,762.5,0.9823,9.6e-230,NZ_BADU01000007.1,695,2060,1,Pseudoalteromonas sp. BSi20311,Bacteria; Pseudomonadati; Pseudomonadota; Gammaproteobacteria; Alteromonadales; Pseudoalteromonadaceae; Pseudoalteromonas,0,4_410_CbdC#0,core,0.782,2,1,0,1,ring_cleavage > [alpha] > beta > reductase > dehydrogenase
NZ_BAHC01000062.1:89965-91339:1,WP_006331555.1,GORHZ_RS07140,benA,"benzoate 1,2-dioxygenase large subunit",4_410_CbdC,4,729.5,0.9867,9.6e-220,NZ_BAHC01000062.1,89965,91339,1,Gordonia rhizosphera NBRC 16068,Bacteria; Bacillati; Actinomycetota; Actinomycetes; Mycobacteriales; Gordoniaceae; Gordonia,0,4_410_CbdC#1,core,0.6259,2,1,0,1,[alpha] > beta > reductase
NZ_BAHA01000023.1:42753-44103:-1,WP_232002155.1,EB105725_RS14835,,Rieske 2Fe-2S domain-containing protein,4_410_CbdC,4,794.1,0.9801,2.4e-239,NZ_BAHA01000023.1,42753,44103,-1,Shimwellia blattae DSM 4481 = NBRC 105725,Bacteria; Pseudomonadati; Pseudomonadota; Gammaproteobacteria; Enterobacterales; Enterobacteriaceae; Shimwellia,0,4_410_CbdC#0,core,0.7789,2,1,0,1,other > other > other > other > ring_cleavage > ring_cleavage > ring_cleavage > [alpha] > beta > reductase > dehydrogenase
NZ_CABPSL010000002.1:372059-373418:1,WP_150562704.1,PCE31106_RS06095,,Rieske 2Fe-2S domain-containing protein,4_410_CbdC,4,953.5,0.9956,1e-287,NZ_CABPSL010000002.1,372059,373418,1,Pandoraea cepalis,Bacteria; Pseudomonadati; Pseudomonadota; Betaproteobacteria; Burkholderiales; Burkholderiaceae; Pandoraea,0,4_410_CbdC#0,core,0.9225,2,1,0,1,ring_cleavage > [alpha] > beta > reductase > dehydrogenase
NZ_CADIKE010000006.1:11945-13304:1,WP_034199915.1,HV804_RS09030,,Rieske 2Fe-2S domain-containing protein,4_410_CbdC,4,951.0,0.9956,6.2e-287,NZ_CADIKE010000006.1,11945,13304,1,Burkholderia paludis,Bacteria; Pseudomonadati; Pseudomonadota; Betaproteobacteria; Burkholderiales; Burkholderiaceae; Burkholderia; Burkholderia cepacia complex,0,4_410_CbdC#0,core,0.9252,2,1,0,1,hypothetical > ring_cleavage > [alpha] > beta > reductase > dehydrogenase > other
NZ_CAUDKY010000001.1:228405-229764:1,WP_004626836.1,R2679_RS01070,,Rieske 2Fe-2S domain-containing protein,4_410_CbdC,4,958.2,0.9956,4e-289,NZ_CAUDKY010000001.1,228405,229764,1,Ralstonia thomasii,Bacteria; Pseudomonadati; Pseudomonadota; Betaproteobacteria; Burkholderiales; Burkholderiaceae; Ralstonia,0,4_410_CbdC#0,core,0.9144,2,1,0,1,ring_cleavage > ring_cleavage > ring_cleavage > [alpha] > beta > reductase > dehydrogenase > transporter > transporter
NZ_CP005084.1:19077-20433:-1,WP_066562143.1,K426_RS21080,,Rieske 2Fe-2S domain-containing protein,4_410_CbdC,4,797.3,0.9712,2.6e-240,NZ_CP005084.1,19077,20433,-1,Sphingobium sp. TKS,Bacteria; Pseudomonadati; Pseudomonadota; Alphaproteobacteria; Sphingomonadales; Sphingomonadaceae; Sphingobium,0,4_410_CbdC#0,core,0.6834,2,1,1,0,ring_cleavage > ring_cleavage > other > [alpha] > beta > dehydrogenase > other > ferredoxin > other
NZ_CP009294.1:30358-31696:1,WP_239000656.1,JI59_RS23675,,SRPBCC family protein,4_410_CbdC,4,534.3,0.9491,1.6e-160,NZ_CP009294.1,30358,31696,1,Novosphingobium pentaromativorans US6-1,Bacteria; Pseudomonadati; Pseudomonadota; Alphaproteobacteria; Sphingomonadales; Sphingomonadaceae; Novosphingobium,1,4_410_CbdC#1,core,0.8883,1,1,0,0,[alpha] > beta > other > alpha_other > beta > other
NZ_CP013345.1:327892-329254:-1,WP_054735153.1,ATM17_RS27355,,Rieske 2Fe-2S domain-containing protein,4_410_CbdC,4,551.2,0.969,1.2e-165,NZ_CP013345.1,327892,329254,-1,Sphingopyxis macrogoltabida,Bacteria; Pseudomonadati; Pseudomonadota; Alphaproteobacteria; Sphingomonadales; Sphingomonadaceae; Sphingopyxis,1,4_410_CbdC#2,divergent,0.5113,1,1,0,0,[alpha] > beta
NZ_CP016458.1:54550-55897:-1,WP_069049224.1,BSY18_RS00260,,Rieske 2Fe-2S domain-containing protein,4_410_CbdC,4,826.5,0.9668,3.5e-249,NZ_CP016458.1,54550,55897,-1,Blastomonas sp. RAC04,Bacteria; Pseudomonadati; Pseudomonadota; Alphaproteobacteria; Sphingomonadales; Sphingomonadaceae; Blastomonas,1,4_410_CbdC#0,core,0.7226,1,1,0,0,ring_cleavage > ring_cleavage > other > [alpha] > beta > dehydrogenase > other > other > hydrolase > other
NZ_CP013374.1:170241-171600:1,WP_059780005.1,WS54_RS30405,,Rieske 2Fe-2S domain-containing protein,4_410_CbdC,4,958.0,0.9956,4.6e-289,NZ_CP013374.1,170241,171600,1,Burkholderia sp. NRF60-BP8,Bacteria; Pseudomonadati; Pseudomonadota; Betaproteobacteria; Burkholderiales; Burkholderiaceae; Burkholderia,0,4_410_CbdC#0,core,0.9398,2,1,0,1,ring_cleavage > ring_cleavage > [alpha] > beta > reductase > dehydrogenase > other
NZ_CP013385.1:210617-211976:1,WP_059602466.1,WS66_RS29910,,Rieske 2Fe-2S domain-containing protein,4_410_CbdC,4,958.3,0.9956,3.7e-289,NZ_CP013385.1,210617,211976,1,Burkholderia sp. LA-2-3-30-S1-D2,Bacteria; Pseudomonadati; Pseudomonadota; Betaproteobacteria; Burkholderiales; Burkholderiaceae; Burkholderia,0,4_410_CbdC#0,core,0.9501,2,1,0,1,ring_cleavage > ring_cleavage > ring_cleavage > [alpha] > beta > reductase > dehydrogenase > other
NZ_CP060037.1:186011-187424:1,WP_025548173.1,H5V43_RS22280,,SRPBCC family protein,4_410_CbdC,4,549.5,0.9823,3.8e-165,NZ_CP060037.1,186011,187424,1,Sphingobium fuliginis,Bacteria; Pseudomonadati; Pseudomonadota; Alphaproteobacteria; Sphingomonadales; Sphingomonadaceae; Sphingobium,1,4_410_CbdC#1,core,0.9036,1,1,0,0,[alpha] > beta > other > alpha_other > beta > other
NZ_CP035286.1:867237-868596:1,WP_036755340.1,EQ718_RS18450,,Rieske 2Fe-2S domain-containing protein,4_410_CbdC,4,940.0,0.9956,1.3e-283,NZ_CP035286.1,867237,868596,1,Paracoccus versutus,Bacteria; Pseudomonadati; Pseudomonadota; Alphaproteobacteria; Rhodobacterales; Paracoccaceae; Paracoccus,1,4_410_CbdC#0,core,0.8371,2,1,0,1,ring_cleavage > ring_cleavage > ring_cleavage > [alpha] > beta > reductase > dehydrogenase > transporter > other
NZ_FCOA02000033.1:72273-73650:1,WP_061171423.1,AWB79_RS31845,,Rieske 2Fe-2S domain-containing protein,4_410_CbdC,4,955.6,0.9956,2.4e-288,NZ_FCOA02000033.1,72273,73650,1,Caballeronia hypogeia,Bacteria; Pseudomonadati; Pseudomonadota; Betaproteobacteria; Burkholderiales; Burkholderiaceae; Caballeronia,0,4_410_CbdC#0,core,0.9057,2,1,0,1,ring_cleavage > [alpha] > beta > reductase > dehydrogenase > other > other > other > other
NZ_FCNX02000002.1:477871-479230:-1,WP_061133544.1,AWB77_RS06430,,Rieske 2Fe-2S domain-containing protein,4_410_CbdC,4,953.2,0.9956,1.3e-287,NZ_FCNX02000002.1,477871,479230,-1,Caballeronia fortuita,Bacteria; Pseudomonadati; Pseudomonadota; Betaproteobacteria; Burkholderiales; Burkholderiaceae; Caballeronia,0,4_410_CbdC#0,core,0.9052,2,1,0,1,ring_cleavage > [alpha] > beta > reductase > dehydrogenase > other
NZ_FCOI02000004.1:189635-190994:-1,WP_061159602.1,AWB76_RS08035,,Rieske 2Fe-2S domain-containing protein,4_410_CbdC,4,958.5,0.9956,3.2e-289,NZ_FCOI02000004.1,189635,190994,-1,Caballeronia temeraria,Bacteria; Pseudomonadati; Pseudomonadota; Betaproteobacteria; Burkholderiales; Burkholderiaceae; Caballeronia,0,4_410_CbdC#0,core,0.9227,2,1,0,1,ring_cleavage > [alpha] > beta > reductase > dehydrogenase > other
NZ_FCOX02000048.1:42051-43410:1,WP_062610445.1,AWB78_RS30985,,Rieske 2Fe-2S domain-containing protein,4_410_CbdC,4,959.7,0.9956,1.3e-289,NZ_FCOX02000048.1,42051,43410,1,Caballeronia calidae,Bacteria; Pseudomonadati; Pseudomonadota; Betaproteobacteria; Burkholderiales; Burkholderiaceae; Caballeronia,0,4_410_CbdC#0,core,0.9202,2,1,0,1,ring_cleavage > [alpha] > beta > reductase > dehydrogenase > other
NZ_FNDI01000004.1:41910-43269:1,WP_091777066.1,BLT65_RS08960,,Rieske 2Fe-2S domain-containing protein,4_410_CbdC,4,955.3,0.9956,2.9e-288,NZ_FNDI01000004.1,41910,43269,1,Paraburkholderia steynii,Bacteria; Pseudomonadati; Pseudomonadota; Betaproteobacteria; Burkholderiales; Burkholderiaceae; Paraburkholderia,0,4_410_CbdC#0,core,0.9252,2,1,0,1,ring_cleavage > [alpha] > beta > reductase > dehydrogenase > other
NZ_FNGR01000008.1:104259-105618:-1,WP_060529334.1,BLU15_RS16465,,Rieske 2Fe-2S domain-containing protein,4_410_CbdC,4,954.5,0.9956,5.2e-288,NZ_FNGR01000008.1,104259,105618,-1,Ensifer sp. YR511,Bacteria; Pseudomonadati; Pseudomonadota; Alphaproteobacteria; Hyphomicrobiales; Rhizobiaceae; Sinorhizobium/Ensifer group; Ensifer,0,4_410_CbdC#0,core,0.8894,2,1,0,1,ring_cleavage > ring_cleavage > ring_cleavage > [alpha] > beta > reductase > dehydrogenase > transporter
NZ_FNYZ01000007.1:153397-154762:-1,WP_371262419.1,BMY84_RS13825,,Rieske 2Fe-2S domain-containing protein,4_410_CbdC,4,801.0,0.9801,1.9e-241,NZ_FNYZ01000007.1,153397,154762,-1,Sphingobium sp. AP50,Bacteria; Pseudomonadati; Pseudomonadota; Alphaproteobacteria; Sphingomonadales; Sphingomonadaceae; Sphingobium,0,4_410_CbdC#0,core,0.6833,3,1,1,1,ring_cleavage > ring_cleavage > other > [alpha] > beta > dehydrogenase > other > other > ferredoxin > hydrolase > other > reductase
NZ_FPIX01000016.1:50107-51484:1,WP_072345233.1,BT116_RS15250,,Rieske 2Fe-2S domain-containing protein,4_410_CbdC,4,901.3,0.9845,7.1e-272,NZ_FPIX01000016.1,50107,51484,1,Pseudomonas sp. NFACC16-2,Bacteria; Pseudomonadati; Pseudomonadota; Gammaproteobacteria; Pseudomonadales; Pseudomonadaceae; Pseudomonas,0,4_410_CbdC#0,core,0.9479,2,1,0,1,ring_cleavage > ring_cleavage > ring_cleavage > regulator > [alpha] > beta > reductase > dehydrogenase > transporter > transporter
NZ_FPJF01000005.1:244002-245361:1,WP_072437879.1,BT190_RS12490,,Rieske 2Fe-2S domain-containing protein,4_410_CbdC,4,955.0,0.9956,3.6e-288,NZ_FPJF01000005.1,244002,245361,1,Burkholderia sp. NFACC33-1,Bacteria; Pseudomonadati; Pseudomonadota; Betaproteobacteria; Burkholderiales; Burkholderiaceae; Burkholderia,0,4_410_CbdC#0,core,0.9377,2,1,0,1,ring_cleavage > ring_cleavage > [alpha] > beta > reductase > dehydrogenase > other
NZ_FQUJ01000004.1:210643-212014:1,WP_072820541.1,BUA41_RS05520,,Rieske 2Fe-2S domain-containing protein,4_410_CbdC,4,822.5,0.9867,5.7e-248,NZ_FQUJ01000004.1,210643,212014,1,Modicisalibacter ilicicola DSM 19980,Bacteria; Pseudomonadati; Pseudomonadota; Gammaproteobacteria; Oceanospirillales; Halomonadaceae; Modicisalibacter,0,4_410_CbdC#0,core,0.7406,2,1,0,1,ring_cleavage > ring_cleavage > ring_cleavage > [alpha] > beta > reductase > dehydrogenase > transporter > transporter
NZ_FQVJ01000005.1:142553-143909:-1,WP_048878302.1,BUB54_RS04605,,Rieske 2Fe-2S domain-containing protein,4_410_CbdC,4,883.6,0.9668,1.6e-266,NZ_FQVJ01000005.1,142553,143909,-1,Acidocella aminolytica 101 = DSM 11237,Bacteria; Pseudomonadati; Pseudomonadota; Alphaproteobacteria; Acetobacterales; Acidocellaceae; Acidocella,0,4_410_CbdC#0,core,0.7675,2,1,0,1,ring_cleavage > ring_cleavage > ring_cleavage > [alpha] > beta > reductase > dehydrogenase > other > transporter > transporter > other > other
NZ_FRBQ01000009.1:77301-78678:1,WP_073267697.1,BUC40_RS18720,,Rieske 2Fe-2S domain-containing protein,4_410_CbdC,4,900.2,0.9801,1.6e-271,NZ_FRBQ01000009.1,77301,78678,1,Pseudomonas punonensis,Bacteria; Pseudomonadati; Pseudomonadota; Gammaproteobacteria; Pseudomonadales; Pseudomonadaceae; Pseudomonas,0,4_410_CbdC#0,core,0.8128,2,1,0,1,[alpha] > beta > reductase > dehydrogenase > transporter > transporter > transporter
NZ_FRCA01000003.1:344978-346343:1,WP_073434485.1,BUE38_RS07935,,Rieske 2Fe-2S domain-containing protein,4_410_CbdC,4,814.7,0.9845,1.4e-245,NZ_FRCA01000003.1,344978,346343,1,Halomonas cupida,Bacteria; Pseudomonadati; Pseudomonadota; Gammaproteobacteria; Oceanospirillales; Halomonadaceae; Halomonas,0,4_410_CbdC#0,core,0.7531,2,1,0,1,[alpha] > beta > reductase > dehydrogenase > transporter
NZ_FTMQ01000005.1:114163-115522:1,WP_076397217.1,BW978_RS18010,,Rieske 2Fe-2S domain-containing protein,4_410_CbdC,4,948.1,0.9934,4.6e-286,NZ_FTMQ01000005.1,114163,115522,1,Rhizobium sp. RU33A,Bacteria; Pseudomonadati; Pseudomonadota; Alphaproteobacteria; Hyphomicrobiales; Rhizobiaceae; Rhizobium/Agrobacterium group; Rhizobium,0,4_410_CbdC#0,core,0.8725,2,1,0,1,ring_cleavage > ring_cleavage > ring_cleavage > [alpha] > beta > reductase > dehydrogenase > transporter > other
NZ_JABBFV010000031.1:15144-16557:1,WP_043152422.1,HHL08_RS23065,,SRPBCC family protein,4_410_CbdC,4,546.0,0.9801,4.5e-164,NZ_JABBFV010000031.1,15144,16557,1,Sphingobium psychrophilum,Bacteria; Pseudomonadati; Pseudomonadota; Alphaproteobacteria; Sphingomonadales; Sphingomonadaceae; Sphingobium,0,4_410_CbdC#1,core,0.8731,1,1,0,0,[alpha] > beta > other > alpha_other > beta > other
NZ_JACAOZ010000024.1:4178-5555:-1,WP_017135568.1,HX797_RS21410,,Rieske 2Fe-2S domain-containing protein,4_410_CbdC,4,894.2,0.9823,1e-269,NZ_JACAOZ010000024.1,4178,5555,-1,Pseudomonas edaphica,Bacteria; Pseudomonadati; Pseudomonadota; Gammaproteobacteria; Pseudomonadales; Pseudomonadaceae; Pseudomonas,0,4_410_CbdC#0,core,0.9752,2,1,0,1,regulator > [alpha] > beta > reductase > dehydrogenase > transporter
NZ_JACAQG010000001.1:120862-122239:1,WP_017130992.1,HX776_RS00600,,Rieske 2Fe-2S domain-containing protein,4_410_CbdC,4,892.8,0.9823,2.8e-269,NZ_JACAQG010000001.1,120862,122239,1,Pseudomonas agarici,Bacteria; Pseudomonadati; Pseudomonadota; Gammaproteobacteria; Pseudomonadales; Pseudomonadaceae; Pseudomonas,0,4_410_CbdC#0,core,0.9284,2,1,0,1,ring_cleavage > ring_cleavage > ring_cleavage > regulator > [alpha] > beta > reductase > dehydrogenase
NZ_JACHNY010000008.1:72545-73934:1,WP_022674941.1,GGQ96_RS16600,,Rieske 2Fe-2S domain-containing protein,4_410_CbdC,4,905.8,0.9779,3e-273,NZ_JACHNY010000008.1,72545,73934,1,Sphingomonas abaci,Bacteria; Pseudomonadati; Pseudomonadota; Alphaproteobacteria; Sphingomonadales; Sphingomonadaceae; Sphingomonas,0,4_410_CbdC#0,core,0.785,2,1,0,1,ring_cleavage > ring_cleavage > other > [alpha] > beta > reductase > dehydrogenase > other > other > other > other > transporter
NZ_JACIAP010000010.1:72245-73634:1,WP_022674941.1,FHY04_RS17285,,Rieske 2Fe-2S domain-containing protein,4_410_CbdC,4,905.8,0.9779,3e-273,NZ_JACIAP010000010.1,72245,73634,1,Sphingomonas sp. BK481,Bacteria; Pseudomonadati; Pseudomonadota; Alphaproteobacteria; Sphingomonadales; Sphingomonadaceae; Sphingomonas,0,4_410_CbdC#0,core,0.785,2,1,0,1,ring_cleavage > ring_cleavage > other > [alpha] > beta > reductase > dehydrogenase > other > other > other > other > transporter
NZ_JACIEL010000031.1:23622-25035:-1,WP_007015972.1,GGR19_RS17060,,SRPBCC family protein,4_410_CbdC,4,542.3,0.9823,5.9e-163,NZ_JACIEL010000031.1,23622,25035,-1,Croceicoccus naphthovorans,Bacteria; Pseudomonadati; Pseudomonadota; Alphaproteobacteria; Sphingomonadales; Erythrobacteraceae; Croceicoccus,0,4_410_CbdC#1,core,0.8883,1,1,0,0,[alpha] > beta > other > alpha_other > beta > other
NZ_JACIEU010000013.1:171738-173151:-1,WP_188083143.1,GGQ90_RS16710,,SRPBCC family protein,4_410_CbdC,4,549.6,0.9845,3.6e-165,NZ_JACIEU010000013.1,171738,173151,-1,Sphingobium scionense,Bacteria; Pseudomonadati; Pseudomonadota; Alphaproteobacteria; Sphingomonadales; Sphingomonadaceae; Sphingobium,0,4_410_CbdC#1,core,0.9036,1,1,0,0,[alpha] > beta > other > alpha_other > beta > other
NZ_JACVAS010000004.1:415888-417247:-1,WP_057251966.1,IB265_RS17740,,Rieske 2Fe-2S domain-containing protein,4_410_CbdC,4,952.4,0.9956,2.2e-287,NZ_JACVAS010000004.1,415888,417247,-1,Ensifer sp. ENS10,Bacteria; Pseudomonadati; Pseudomonadota; Alphaproteobacteria; Hyphomicrobiales; Rhizobiaceae; Sinorhizobium/Ensifer group; Ensifer,0,4_410_CbdC#0,core,0.8794,2,1,0,1,ring_cleavage > ring_cleavage > ring_cleavage > [alpha] > beta > reductase > dehydrogenase > transporter
NZ_JAJFOB010000004.1:97454-98813:-1,WP_035975736.1,LK469_RS25965,,Rieske 2Fe-2S domain-containing protein,4_410_CbdC,4,955.0,0.9934,3.6e-288,NZ_JAJFOB010000004.1,97454,98813,-1,Burkholderia dolosa,Bacteria; Pseudomonadati; Pseudomonadota; Betaproteobacteria; Burkholderiales; Burkholderiaceae; Burkholderia; Burkholderia cepacia complex,0,4_410_CbdC#0,core,0.9098,2,1,0,1,hypothetical > [alpha] > beta > reductase > dehydrogenase > other
NZ_JAKUZO010000004.1:163488-164871:-1,WP_048265610.1,MKS10_RS09270,,Rieske 2Fe-2S domain-containing protein,4_410_CbdC,4,802.6,0.9823,6.2e-242,NZ_JAKUZO010000004.1,163488,164871,-1,Klebsiella sp. K5-229,Bacteria; Pseudomonadati; Pseudomonadota; Gammaproteobacteria; Enterobacterales; Enterobacteriaceae; Klebsiella/Raoultella group; Klebsiella,0,4_410_CbdC#0,core,0.99,2,1,0,1,ring_cleavage > ring_cleavage > ring_cleavage > [alpha] > beta > reductase > dehydrogenase
NZ_JAOBTW010000017.1:46628-48005:-1,WP_061779861.1,N4G62_RS14360,,Rieske 2Fe-2S domain-containing protein,4_410_CbdC,4,896.1,0.9712,2.7e-270,NZ_JAOBTW010000017.1,46628,48005,-1,Sphingomonas sanguinis,Bacteria; Pseudomonadati; Pseudomonadota; Alphaproteobacteria; Sphingomonadales; Sphingomonadaceae; Sphingomonas,0,4_410_CbdC#1,core,0.7939,2,1,0,1,ring_cleavage > ring_cleavage > other > [alpha] > beta > reductase > dehydrogenase > other > other > other > other
NZ_JAPKMZ010000004.1:130515-131868:-1,WP_083053605.1,OSH04_RS11840,,Rieske 2Fe-2S domain-containing protein,4_410_CbdC,4,931.6,0.9934,4.6e-281,NZ_JAPKMZ010000004.1,130515,131868,-1,Alcaligenes nematophilus,Bacteria; Pseudomonadati; Pseudomonadota; Betaproteobacteria; Burkholderiales; Alcaligenaceae; Alcaligenes,0,4_410_CbdC#0,core,0.8191,2,1,0,1,[alpha] > beta > reductase > dehydrogenase > transporter > other
NZ_JAVDRP010000011.1:73840-75199:-1,WP_073428040.1,J2804_RS24215,,Rieske 2Fe-2S domain-containing protein,4_410_CbdC,4,950.6,0.9956,8e-287,NZ_JAVDRP010000011.1,73840,75199,-1,Paraburkholderia terricola,Bacteria; Pseudomonadati; Pseudomonadota; Betaproteobacteria; Burkholderiales; Burkholderiaceae; Paraburkholderia,0,4_410_CbdC#0,core,0.9027,2,1,0,1,ring_cleavage > [alpha] > beta > reductase > dehydrogenase
NZ_JAVLSM010000003.1:378366-379740:-1,WP_259434414.1,RI046_RS07160,,Rieske 2Fe-2S domain-containing protein,4_410_CbdC,4,908.8,0.9889,3.9e-274,NZ_JAVLSM010000003.1,378366,379740,-1,Herbaspirillum huttiense,Bacteria; Pseudomonadati; Pseudomonadota; Betaproteobacteria; Burkholderiales; Oxalobacteraceae; Herbaspirillum,0,4_410_CbdC#0,core,0.8342,2,1,0,1,ring_cleavage > ring_cleavage > [alpha] > beta > reductase > dehydrogenase > other > transporter > transporter > other > other
NZ_JBAKWT010000074.1:13740-15129:1,WP_042318997.1,V7I44_RS23345,,Rieske 2Fe-2S domain-containing protein,4_410_CbdC,4,806.1,0.9845,5.4e-243,NZ_JBAKWT010000074.1,13740,15129,1,Citrobacter farmeri,Bacteria; Pseudomonadati; Pseudomonadota; Gammaproteobacteria; Enterobacterales; Enterobacteriaceae; Citrobacter,0,4_410_CbdC#0,core,0.9,2,1,0,1,ring_cleavage > ring_cleavage > ring_cleavage > [alpha] > beta > reductase > dehydrogenase
NZ_JBCNNE010000005.1:137996-139370:1,WP_204725079.1,ABDW51_RS12125,,Rieske 2Fe-2S domain-containing protein,4_410_CbdC,4,912.4,0.9889,3.1e-275,NZ_JBCNNE010000005.1,137996,139370,1,Herbaspirillum huttiense,Bacteria; Pseudomonadati; Pseudomonadota; Betaproteobacteria; Burkholderiales; Oxalobacteraceae; Herbaspirillum,0,4_410_CbdC#0,core,0.8367,2,1,0,1,ring_cleavage > ring_cleavage > [alpha] > beta > reductase > dehydrogenase > other > transporter > transporter > other > other
NZ_JBCGUI010000006.1:244392-245766:-1,WP_259434414.1,AADA03_RS14055,,Rieske 2Fe-2S domain-containing protein,4_410_CbdC,4,908.8,0.9889,3.9e-274,NZ_JBCGUI010000006.1,244392,245766,-1,Herbaspirillum huttiense NC40101,Bacteria; Pseudomonadati; Pseudomonadota; Betaproteobacteria; Burkholderiales; Oxalobacteraceae; Herbaspirillum,0,4_410_CbdC#0,core,0.8342,2,1,0,1,ring_cleavage > ring_cleavage > [alpha] > beta > reductase > dehydrogenase > other > transporter > transporter > other > other
NZ_JBDJLL010000004.1:290313-291633:1,WP_054428077.1,ABE465_RS15175,,aromatic ring-hydroxylating dioxygenase subunit alpha,4_410_CbdC,4,201.6,0.8097,1.4e-59,NZ_JBDJLL010000004.1,290313,291633,1,Achromobacter kerstersii,Bacteria; Pseudomonadati; Pseudomonadota; Betaproteobacteria; Burkholderiales; Alcaligenaceae; Achromobacter,0,4_410_CbdC#3,novel_candidate,0.2799,2,1,0,1,ferredoxin > reductase > reductase > [alpha] > beta > other > other > reductase > other > reductase
NZ_JEMV01000035.1:16251-17664:1,WP_043152422.1,BF95_RS15685,,SRPBCC family protein,4_410_CbdC,4,546.0,0.9801,4.5e-164,NZ_JEMV01000035.1,16251,17664,1,Sphingobium sp. Ant17,Bacteria; Pseudomonadati; Pseudomonadota; Alphaproteobacteria; Sphingomonadales; Sphingomonadaceae; Sphingobium,0,4_410_CbdC#1,core,0.8731,1,1,0,0,[alpha] > beta > other > alpha_other > hypothetical > beta > other
NZ_JFHC01000066.1:12976-14335:-1,WP_035938393.1,BG61_RS30200,,Rieske 2Fe-2S domain-containing protein,4_410_CbdC,4,956.2,0.9956,1.5e-288,NZ_JFHC01000066.1,12976,14335,-1,Caballeronia glathei,Bacteria; Pseudomonadati; Pseudomonadota; Betaproteobacteria; Burkholderiales; Burkholderiaceae; Caballeronia,0,4_410_CbdC#0,core,0.9352,2,1,0,1,ring_cleavage > [alpha] > beta > reductase > dehydrogenase > other
NZ_JFHE01000013.1:39432-40791:1,WP_035965918.1,BG57_RS15465,,Rieske 2Fe-2S domain-containing protein,4_410_CbdC,4,948.6,0.9978,3.2e-286,NZ_JFHE01000013.1,39432,40791,1,Caballeronia grimmiae,Bacteria; Pseudomonadati; Pseudomonadota; Betaproteobacteria; Burkholderiales; Burkholderiaceae; Caballeronia,0,4_410_CbdC#0,core,0.8878,2,1,0,1,ring_cleavage > [alpha] > beta > reductase > dehydrogenase > other
NZ_JFYX01000048.1:289200-290577:1,WP_032891461.1,BW43_RS01390,,Rieske 2Fe-2S domain-containing protein,4_410_CbdC,4,894.3,0.9823,9.5e-270,NZ_JFYX01000048.1,289200,290577,1,Pseudomonas sp. RIT357,Bacteria; Pseudomonadati; Pseudomonadota; Gammaproteobacteria; Pseudomonadales; Pseudomonadaceae; Pseudomonas,0,4_410_CbdC#0,core,0.9752,2,1,0,1,regulator > [alpha] > beta > reductase > dehydrogenase > transporter
NZ_JFYZ01000005.1:34127-35477:1,WP_008832821.1,BV97_RS08030,,Rieske 2Fe-2S domain-containing protein,4_410_CbdC,4,801.4,0.9735,1.5e-241,NZ_JFYZ01000005.1,34127,35477,1,Novosphingobium resinovorum,Bacteria; Pseudomonadati; Pseudomonadota; Alphaproteobacteria; Sphingomonadales; Sphingomonadaceae; Novosphingobium,0,4_410_CbdC#0,core,0.6784,2,1,0,1,ring_cleavage > ring_cleavage > other > [alpha] > beta > dehydrogenase > hypothetical > hydrolase > reductase
NZ_JGVW01000087.1:54758-56114:1,WP_038713807.1,LIG30_RS17110,,Rieske 2Fe-2S domain-containing protein,4_410_CbdC,4,965.7,0.9956,2.1e-291,NZ_JGVW01000087.1,54758,56114,1,Burkholderia sp. lig30,Bacteria; Pseudomonadati; Pseudomonadota; Betaproteobacteria; Burkholderiales; Burkholderiaceae; Burkholderia,0,4_410_CbdC#0,core,0.935,2,1,0,1,ring_cleavage > ring_cleavage > ring_cleavage > [alpha] > beta > reductase > dehydrogenase > other > other > other > regulator
NZ_JNFC01000067.1:88115-89528:1,WP_052182494.1,FG95_RS18150,,Rieske 2Fe-2S domain-containing protein,4_410_CbdC,4,570.6,0.9845,1.5e-171,NZ_JNFC01000067.1,88115,89528,1,Sphingopyxis sp. LC363,Bacteria; Pseudomonadati; Pseudomonadota; Alphaproteobacteria; Sphingomonadales; Sphingomonadaceae; Sphingopyxis,0,4_410_CbdC#1,core,0.8026,1,1,0,0,[alpha] > beta > other > other
NZ_JPGM01000067.1:11958-13317:1,WP_034199915.1,GQ57_RS31550,,Rieske 2Fe-2S domain-containing protein,4_410_CbdC,4,951.0,0.9956,6.2e-287,NZ_JPGM01000067.1,11958,13317,1,Burkholderia sp. MSh2,Bacteria; Pseudomonadati; Pseudomonadota; Betaproteobacteria; Burkholderiales; Burkholderiaceae; Burkholderia,0,4_410_CbdC#0,core,0.9252,2,1,0,1,hypothetical > ring_cleavage > [alpha] > beta > reductase > dehydrogenase > other
NZ_JPQT01000021.1:72673-74050:1,WP_047571917.1,IV02_RS01325,,Rieske 2Fe-2S domain-containing protein,4_410_CbdC,4,901.2,0.9867,7.5e-272,NZ_JPQT01000021.1,72673,74050,1,Pseudomonas syringae,Bacteria; Pseudomonadati; Pseudomonadota; Gammaproteobacteria; Pseudomonadales; Pseudomonadaceae; Pseudomonas,0,4_410_CbdC#0,core,0.9187,2,1,0,1,ring_cleavage > ring_cleavage > ring_cleavage > regulator > [alpha] > beta > reductase > dehydrogenase > other
NZ_JPYO01000013.1:15794-17114:1,WP_043542422.1,JL37_RS04815,,aromatic ring-hydroxylating dioxygenase subunit alpha,4_410_CbdC,4,200.4,0.8097,3.2e-59,NZ_JPYO01000013.1,15794,17114,1,Achromobacter sp. RTa,Bacteria; Pseudomonadati; Pseudomonadota; Betaproteobacteria; Burkholderiales; Alcaligenaceae; Achromobacter,0,4_410_CbdC#3,novel_candidate,0.2802,2,1,0,1,ferredoxin > reductase > reductase > [alpha] > beta > other > other > reductase > other > reductase
NZ_JPRN01000004.1:263919-265269:1,WP_034726073.1,IW22_RS09715,,Rieske 2Fe-2S domain-containing protein,4_410_CbdC,4,821.8,0.9712,9.5e-248,NZ_JPRN01000004.1,263919,265269,1,Chryseobacterium sp. JM1,Bacteria; Pseudomonadati; Bacteroidota; Flavobacteriia; Flavobacteriales; Weeksellaceae; Chryseobacterium group; Chryseobacterium,0,4_410_CbdC#0,core,0.7056,2,1,0,1,regulator > ring_cleavage > ring_cleavage > other > [alpha] > beta > reductase > transporter > dehydrogenase > hypothetical > transporter > other > other > other
NZ_JRKP01000056.1:15474-16851:1,WP_036734118.1,IX57_RS09610,,Rieske 2Fe-2S domain-containing protein,4_410_CbdC,4,931.8,0.9934,3.9e-281,NZ_JRKP01000056.1,15474,16851,1,Paracoccus sanguinis,Bacteria; Pseudomonadati; Pseudomonadota; Alphaproteobacteria; Rhodobacterales; Paracoccaceae; Paracoccus,0,4_410_CbdC#0,core,0.8568,1,0,0,1,ring_cleavage > ring_cleavage > ring_cleavage > [alpha] > ro_beta > reductase > dehydrogenase > transporter
NZ_JRNI01000061.1:4246-5620:1,WP_036560482.1,HMPREF2130_RS09575,,Rieske 2Fe-2S domain-containing protein,4_410_CbdC,4,880.6,0.9845,1.3e-265,NZ_JRNI01000061.1,4246,5620,1,Oligella urethralis DNF00040,Bacteria; Pseudomonadati; Pseudomonadota; Betaproteobacteria; Burkholderiales; Alcaligenaceae; Oligella,0,4_410_CbdC#0,core,0.7631,2,1,0,1,ring_cleavage > ring_cleavage > [alpha] > beta > reductase > dehydrogenase > transporter > other > other > other > other > ring_cleavage > transporter > other
NZ_JRKN01000006.1:166177-167530:1,WP_036739588.1,IT41_RS06535,,Rieske 2Fe-2S domain-containing protein,4_410_CbdC,4,931.5,0.9934,4.8e-281,NZ_JRKN01000006.1,166177,167530,1,Paracoccus halophilus,Bacteria; Pseudomonadati; Pseudomonadota; Alphaproteobacteria; Rhodobacterales; Paracoccaceae; Paracoccus,0,4_410_CbdC#2,core,0.8535,2,1,0,1,ring_cleavage > ring_cleavage > ring_cleavage > [alpha] > beta > reductase > dehydrogenase > transporter
NZ_JSBM01000058.1:60581-61940:-1,WP_033536408.1,NV82_RS16015,,Rieske 2Fe-2S domain-containing protein,4_410_CbdC,4,958.5,0.9956,3.1e-289,NZ_JSBM01000058.1,60581,61940,-1,Caballeronia zhejiangensis,Bacteria; Pseudomonadati; Pseudomonadota; Betaproteobacteria; Burkholderiales; Burkholderiaceae; Caballeronia,0,4_410_CbdC#0,core,0.9227,2,1,0,1,ring_cleavage > [alpha] > beta > reductase > dehydrogenase > other > transporter
NZ_JSBM01000059.1:2706-4065:-1,WP_008344902.1,NV82_RS16365,,Rieske 2Fe-2S domain-containing protein,4_410_CbdC,4,949.5,0.9956,1.7e-286,NZ_JSBM01000059.1,2706,4065,-1,Caballeronia zhejiangensis,Bacteria; Pseudomonadati; Pseudomonadota; Betaproteobacteria; Burkholderiales; Burkholderiaceae; Caballeronia,0,4_410_CbdC#0,core,0.9275,2,1,0,1,ring_cleavage > [alpha] > beta > reductase > dehydrogenase
NZ_JSYM01000002.1:354065-355415:1,WP_039109746.1,OA85_RS10720,,Rieske 2Fe-2S domain-containing protein,4_410_CbdC,4,800.2,0.9624,3.4e-241,NZ_JSYM01000002.1,354065,355415,1,Flavobacterium sp. AED,Bacteria; Pseudomonadati; Bacteroidota; Flavobacteriia; Flavobacteriales; Flavobacteriaceae; Flavobacterium,0,4_410_CbdC#0,core,0.6801,2,1,0,1,[alpha] > beta > reductase > dehydrogenase > other > other > other > other > regulator
NZ_JSZO01000001.1:157207-158566:-1,WP_039595773.1,PI87_RS00750,,Rieske 2Fe-2S domain-containing protein,4_410_CbdC,4,958.0,0.9956,4.6e-289,NZ_JSZO01000001.1,157207,158566,-1,Ralstonia sp. A12,Bacteria; Pseudomonadati; Pseudomonadota; Betaproteobacteria; Burkholderiales; Burkholderiaceae; Ralstonia,0,4_410_CbdC#0,core,0.9171,2,1,0,1,ring_cleavage > ring_cleavage > ring_cleavage > [alpha] > beta > reductase > dehydrogenase > transporter > transporter
NZ_JWJH01000029.1:19218-20577:-1,WP_045024595.1,RS75_RS22370,,Rieske 2Fe-2S domain-containing protein,4_410_CbdC,4,956.1,0.9956,1.7e-288,NZ_JWJH01000029.1,19218,20577,-1,Rhizobium nepotum 39/7,Bacteria; Pseudomonadati; Pseudomonadota; Alphaproteobacteria; Hyphomicrobiales; Rhizobiaceae; Rhizobium/Agrobacterium group; Rhizobium,0,4_410_CbdC#0,core,0.8889,2,1,0,1,ring_cleavage > ring_cleavage > ring_cleavage > [alpha] > beta > reductase > dehydrogenase > transporter > transporter > other
NZ_JWHY01000001.1:228328-229711:-1,WP_318025881.1,RO22_RS01085,,Rieske 2Fe-2S domain-containing protein,4_410_CbdC,4,826.5,0.9889,3.6e-249,NZ_JWHY01000001.1,228328,229711,-1,Halomonas sp. KHS3,Bacteria; Pseudomonadati; Pseudomonadota; Gammaproteobacteria; Oceanospirillales; Halomonadaceae; Halomonas,0,4_410_CbdC#0,core,0.7469,2,1,0,1,ring_cleavage > ring_cleavage > ring_cleavage > [alpha] > beta > reductase > dehydrogenase > transporter
NZ_JXDG01000037.1:127470-128847:1,WP_040067890.1,UCMB321_RS14490,,Rieske 2Fe-2S domain-containing protein,4_410_CbdC,4,888.8,0.9845,4.5e-268,NZ_JXDG01000037.1,127470,128847,1,Pseudomonas batumici,Bacteria; Pseudomonadati; Pseudomonadota; Gammaproteobacteria; Pseudomonadales; Pseudomonadaceae; Pseudomonas,0,4_410_CbdC#0,core,0.9181,2,1,0,1,ring_cleavage > ring_cleavage > ring_cleavage > regulator > [alpha] > beta > reductase > dehydrogenase > hypothetical > hypothetical > reductase
NZ_JXQQ01000119.1:175909-177223:-1,WP_042582509.1,RT97_RS30020,,aromatic ring-hydroxylating dioxygenase subunit alpha,4_410_CbdC,4,203.4,0.8142,4e-60,NZ_JXQQ01000119.1,175909,177223,-1,Variovorax paradoxus,Bacteria; Pseudomonadati; Pseudomonadota; Betaproteobacteria; Burkholderiales; Comamonadaceae; Variovorax,0,4_410_CbdC#4,novel_candidate,0.2961,1,1,0,0,ferredoxin > reductase > reductase > [alpha] > beta > other > other > reductase > other > reductase
NZ_KE386757.1:93556-94924:-1,WP_016417286.1,F567_RS0122190,,Rieske 2Fe-2S domain-containing protein,4_410_CbdC,4,828.8,0.9823,6.9e-250,NZ_KE386757.1,93556,94924,-1,Litchfieldella anticariensis FP35 = DSM 16096,Bacteria; Pseudomonadati; Pseudomonadota; Gammaproteobacteria; Oceanospirillales; Halomonadaceae; Litchfieldella,0,4_410_CbdC#0,core,0.7805,2,1,0,1,ring_cleavage > ring_cleavage > ring_cleavage > [alpha] > beta > reductase > dehydrogenase
NZ_KL662202.1:148442-149855:-1,WP_052076598.1,IH86_RS11475,,SRPBCC family protein,4_410_CbdC,4,548.9,0.9845,6e-165,NZ_KL662202.1,148442,149855,-1,Sphingobium yanoikuyae,Bacteria; Pseudomonadati; Pseudomonadota; Alphaproteobacteria; Sphingomonadales; Sphingomonadaceae; Sphingobium,0,4_410_CbdC#1,core,0.9061,1,1,0,0,[alpha] > beta > other > alpha_other > beta > other
NZ_KN150856.1:594879-596238:-1,WP_034209211.1,DM43_RS28355,,Rieske 2Fe-2S domain-containing protein,4_410_CbdC,4,957.6,0.9956,5.8e-289,NZ_KN150856.1,594879,596238,-1,Burkholderia cepacia,Bacteria; Pseudomonadati; Pseudomonadota; Betaproteobacteria; Burkholderiales; Burkholderiaceae; Burkholderia; Burkholderia cepacia complex,0,4_410_CbdC#0,core,0.9373,2,1,0,1,ring_cleavage > ring_cleavage > [alpha] > beta > reductase > dehydrogenase > other > transporter
NZ_KV792984.1:103139-104522:1,WP_064170922.1,HMPREF3142_RS02835,,Rieske 2Fe-2S domain-containing protein,4_410_CbdC,4,806.4,0.9823,4.4e-243,NZ_KV792984.1,103139,104522,1,Klebsiella sp. HMSC16C06,Bacteria; Pseudomonadati; Pseudomonadota; Gammaproteobacteria; Enterobacterales; Enterobacteriaceae; Klebsiella/Raoultella group; Klebsiella,0,4_410_CbdC#0,core,0.9675,2,1,0,1,ring_cleavage > ring_cleavage > ring_cleavage > [alpha] > beta > reductase > dehydrogenase
NZ_LADU01000043.1:4829-6107:1,WP_338390461.1,VR74_RS05765,,SRPBCC family protein,4_410_CbdC,4,525.0,0.9093,1.1e-157,NZ_LADU01000043.1,4829,6107,1,Hyphomonas sp. BRH_c22,Bacteria; Pseudomonadati; Pseudomonadota; Alphaproteobacteria; Hyphomonadales; Hyphomonadaceae; Hyphomonas,0,4_410_CbdC#1,core,0.9013,1,1,0,0,[alpha] > beta > other > alpha_other > beta > other
NZ_LASZ01000015.1:28127-29486:-1,WP_047137505.1,WQ56_RS12730,,Rieske 2Fe-2S domain-containing protein,4_410_CbdC,4,943.0,0.9956,1.6e-284,NZ_LASZ01000015.1,28127,29486,-1,Luteimonas sp. FCS-9,Bacteria; Pseudomonadati; Pseudomonadota; Gammaproteobacteria; Lysobacterales; Lysobacteraceae; Luteimonas,0,4_410_CbdC#0,core,0.8579,2,1,0,1,ring_cleavage > ring_cleavage > ring_cleavage > [alpha] > beta > reductase > dehydrogenase > other > transporter > transporter > other > other > other > other > transporter
NZ_LBIC01000005.1:532605-533958:1,WP_046764054.1,YP76_RS13370,,Rieske 2Fe-2S domain-containing protein,4_410_CbdC,4,880.9,0.9712,1.1e-265,NZ_LBIC01000005.1,532605,533958,1,Sphingobium chungbukense,Bacteria; Pseudomonadati; Pseudomonadota; Alphaproteobacteria; Sphingomonadales; Sphingomonadaceae; Sphingobium,0,4_410_CbdC#2,core,0.795,2,1,0,1,[alpha] > beta > reductase > dehydrogenase
NZ_LBIC01000012.1:149345-150695:-1,WP_046765742.1,YP76_RS22035,,Rieske 2Fe-2S domain-containing protein,4_410_CbdC,4,798.9,0.9712,8.6e-241,NZ_LBIC01000012.1,149345,150695,-1,Sphingobium chungbukense,Bacteria; Pseudomonadati; Pseudomonadota; Alphaproteobacteria; Sphingomonadales; Sphingomonadaceae; Sphingobium,0,4_410_CbdC#0,core,0.6884,2,1,1,0,ring_cleavage > ring_cleavage > other > [alpha] > beta > dehydrogenase > ferredoxin > other > other > other > other
NZ_LCYC01000039.1:132399-133776:1,WP_032891968.1,PFL603g_RS12770,,Rieske 2Fe-2S domain-containing protein,4_410_CbdC,4,895.3,0.9823,4.9e-270,NZ_LCYC01000039.1,132399,133776,1,Pseudomonas fluorescens,Bacteria; Pseudomonadati; Pseudomonadota; Gammaproteobacteria; Pseudomonadales; Pseudomonadaceae; Pseudomonas,0,4_410_CbdC#0,core,0.9752,2,1,0,1,transporter > regulator > [alpha] > beta > reductase > dehydrogenase
NZ_LDTB01000028.1:9782-11159:1,WP_058755714.1,NS334_RS09385,,Rieske 2Fe-2S domain-containing protein,4_410_CbdC,4,894.0,0.9712,1.2e-269,NZ_LDTB01000028.1,9782,11159,1,Sphingomonas endophytica,Bacteria; Pseudomonadati; Pseudomonadota; Alphaproteobacteria; Sphingomonadales; Sphingomonadaceae; Sphingomonas,0,4_410_CbdC#1,core,0.7939,2,1,0,1,ring_cleavage > ring_cleavage > other > [alpha] > beta > reductase > dehydrogenase > other > other > other > other
NZ_LDTD01000064.1:25465-26842:1,WP_058733486.1,NS319_RS09950,,Rieske 2Fe-2S domain-containing protein,4_410_CbdC,4,896.7,0.9712,1.8e-270,NZ_LDTD01000064.1,25465,26842,1,Sphingomonas sanguinis,Bacteria; Pseudomonadati; Pseudomonadota; Alphaproteobacteria; Sphingomonadales; Sphingomonadaceae; Sphingomonas,0,4_410_CbdC#1,core,0.7939,2,1,0,1,ring_cleavage > ring_cleavage > other > [alpha] > beta > reductase > dehydrogenase > other > other > other > other
NZ_LDTE01000044.1:10149-11526:1,WP_058752202.1,SB4_RS08340,,Rieske 2Fe-2S domain-containing protein,4_410_CbdC,4,897.4,0.9712,1.1e-270,NZ_LDTE01000044.1,10149,11526,1,Sphingomonas sanguinis,Bacteria; Pseudomonadati; Pseudomonadota; Alphaproteobacteria; Sphingomonadales; Sphingomonadaceae; Sphingomonas,0,4_410_CbdC#0,core,0.7939,2,1,0,1,ring_cleavage > ring_cleavage > other > [alpha] > beta > reductase > dehydrogenase > other > other > other > other
NZ_LDWR01000025.1:68201-69560:-1,WP_048246543.1,VL15_RS15675,,Rieske 2Fe-2S domain-containing protein,4_410_CbdC,4,958.6,0.9956,3e-289,NZ_LDWR01000025.1,68201,69560,-1,Burkholderia cepacia,Bacteria; Pseudomonadati; Pseudomonadota; Betaproteobacteria; Burkholderiales; Burkholderiaceae; Burkholderia; Burkholderia cepacia complex,0,4_410_CbdC#0,core,0.9426,2,1,0,1,ring_cleavage > ring_cleavage > [alpha] > beta > reductase > dehydrogenase > other
NZ_LDZN01000011.1:57808-59191:1,WP_048288159.1,ABW13_RS17020,,Rieske 2Fe-2S domain-containing protein,4_410_CbdC,4,804.3,0.9823,1.9e-242,NZ_LDZN01000011.1,57808,59191,1,Pluralibacter gergoviae,Bacteria; Pseudomonadati; Pseudomonadota; Gammaproteobacteria; Enterobacterales; Enterobacteriaceae; Pluralibacter,0,4_410_CbdC#0,core,0.8978,2,1,0,1,ring_cleavage > [alpha] > beta > reductase > dehydrogenase
NZ_LGAP01000040.1:46328-47687:1,WP_053252849.1,AC244_RS31940,,Rieske 2Fe-2S domain-containing protein,4_410_CbdC,4,953.4,0.9956,1.1e-287,NZ_LGAP01000040.1,46328,47687,1,Ensifer adhaerens,Bacteria; Pseudomonadati; Pseudomonadota; Alphaproteobacteria; Hyphomicrobiales; Rhizobiaceae; Sinorhizobium/Ensifer group; Ensifer,0,4_410_CbdC#0,core,0.8775,2,1,0,1,ring_cleavage > ring_cleavage > ring_cleavage > [alpha] > beta > reductase > dehydrogenase > transporter > other
NZ_LGSI01000044.1:89431-90808:1,WP_065833829.1,AFK24_RS14345,,Rieske 2Fe-2S domain-containing protein,4_410_CbdC,4,904.2,0.9845,9.3e-273,NZ_LGSI01000044.1,89431,90808,1,Pseudomonas syringae,Bacteria; Pseudomonadati; Pseudomonadota; Gammaproteobacteria; Pseudomonadales; Pseudomonadaceae; Pseudomonas,0,4_410_CbdC#0,core,0.9332,2,1,0,1,ring_cleavage > ring_cleavage > ring_cleavage > regulator > [alpha] > beta > reductase > dehydrogenase > other
NZ_LJQC01001122.1:5611-7003:-1,WP_024642956.1,ALO75_RS28680,,Rieske 2Fe-2S domain-containing protein,4_410_CbdC,4,902.7,0.9845,2.6e-272,NZ_LJQC01001122.1,5611,7003,-1,Pseudomonas syringae pv. coryli,Bacteria; Pseudomonadati; Pseudomonadota; Gammaproteobacteria; Pseudomonadales; Pseudomonadaceae; Pseudomonas,0,4_410_CbdC#0,core,0.9406,2,1,0,1,ring_cleavage > ring_cleavage > ring_cleavage > regulator > [alpha] > beta > reductase > dehydrogenase > transporter > transporter
NZ_LLWQ01000120.1:51207-52566:-1,WP_058097159.1,AQY21_RS07870,,Rieske 2Fe-2S domain-containing protein,4_410_CbdC,4,942.4,0.9956,2.5e-284,NZ_LLWQ01000120.1,51207,52566,-1,Paracoccus sp. MKU1,Bacteria; Pseudomonadati; Pseudomonadota; Alphaproteobacteria; Rhodobacterales; Paracoccaceae; Paracoccus,0,4_410_CbdC#2,core,0.8396,2,1,0,1,ring_cleavage > ring_cleavage > ring_cleavage > [alpha] > beta > reductase > dehydrogenase > transporter > other
NZ_LMCQ01000008.1:143281-144595:-1,WP_055799502.1,ASC78_RS08915,,aromatic ring-hydroxylating dioxygenase subunit alpha,4_410_CbdC,4,206.0,0.8142,6.4e-61,NZ_LMCQ01000008.1,143281,144595,-1,Variovorax sp. Root318D1,Bacteria; Pseudomonadati; Pseudomonadota; Betaproteobacteria; Burkholderiales; Comamonadaceae; Variovorax,0,4_410_CbdC#4,novel_candidate,0.2995,1,1,0,0,ferredoxin > reductase > reductase > [alpha] > beta > other > other > reductase > other > reductase > transporter > transporter > alpha_other > beta
NZ_LMDO01000023.1:244984-246361:-1,WP_057450772.1,ASC85_RS18170,,Rieske 2Fe-2S domain-containing protein,4_410_CbdC,4,902.0,0.9845,4.3e-272,NZ_LMDO01000023.1,244984,246361,-1,Pseudomonas sp. Root401,Bacteria; Pseudomonadati; Pseudomonadota; Gammaproteobacteria; Pseudomonadales; Pseudomonadaceae; Pseudomonas,0,4_410_CbdC#0,core,0.9554,2,1,0,1,ring_cleavage > ring_cleavage > ring_cleavage > regulator > [alpha] > beta > reductase > dehydrogenase > transporter > transporter
NZ_LMEK01000001.1:487472-488786:1,WP_056587014.1,ASD05_RS02270,,aromatic ring-hydroxylating dioxygenase subunit alpha,4_410_CbdC,4,201.0,0.8142,2.1e-59,NZ_LMEK01000001.1,487472,488786,1,Variovorax sp. Root434,Bacteria; Pseudomonadati; Pseudomonadota; Betaproteobacteria; Burkholderiales; Comamonadaceae; Variovorax,0,4_410_CbdC#4,novel_candidate,0.295,1,1,0,0,ferredoxin > reductase > reductase > [alpha] > beta > other > other > reductase > other > reductase
NZ_LMEV01000019.1:33169-34537:-1,WP_056582882.1,ASD34_RS23250,,aromatic ring-hydroxylating dioxygenase subunit alpha,4_410_CbdC,4,223.4,0.8186,3.3e-66,NZ_LMEV01000019.1,33169,34537,-1,Variovorax sp. Root473,Bacteria; Pseudomonadati; Pseudomonadota; Betaproteobacteria; Burkholderiales; Comamonadaceae; Variovorax,0,4_410_CbdC#5,novel_candidate,0.3099,2,1,0,1,hydrolase > reductase > [alpha] > beta > hydrolase > reductase
NZ_LMGD01000026.1:96012-97371:1,WP_062557423.1,ASD54_RS25570,,Rieske 2Fe-2S domain-containing protein,4_410_CbdC,4,947.2,0.9956,8.6e-286,NZ_LMGD01000026.1,96012,97371,1,Rhizobium sp. Root149,Bacteria; Pseudomonadati; Pseudomonadota; Alphaproteobacteria; Hyphomicrobiales; Rhizobiaceae; Rhizobium/Agrobacterium group; Rhizobium,0,4_410_CbdC#0,core,0.871,2,1,0,1,ring_cleavage > ring_cleavage > ring_cleavage > [alpha] > beta > reductase > dehydrogenase > transporter > other > other > transposon
NZ_LMID01000012.1:76903-78277:1,WP_056361521.1,ASE22_RS15485,,Rieske 2Fe-2S domain-containing protein,4_410_CbdC,4,897.1,0.9668,1.4e-270,NZ_LMID01000012.1,76903,78277,1,Sphingomonas sp. Root720,Bacteria; Pseudomonadati; Pseudomonadota; Alphaproteobacteria; Sphingomonadales; Sphingomonadaceae; Sphingomonas,0,4_410_CbdC#0,core,0.797,2,1,0,1,[alpha] > beta > reductase > dehydrogenase
NZ_LMID01000014.1:29576-30872:-1,WP_056364265.1,ASE22_RS20960,,aromatic ring-hydroxylating dioxygenase subunit alpha,4_410_CbdC,4,209.3,0.8142,6.1e-62,NZ_LMID01000014.1,29576,30872,-1,Sphingomonas sp. Root720,Bacteria; Pseudomonadati; Pseudomonadota; Alphaproteobacteria; Sphingomonadales; Sphingomonadaceae; Sphingomonas,0,4_410_CbdC#5,novel_candidate,0.328,1,1,0,0,[alpha] > beta > hydrolase > reductase > reductase
NZ_LMIU01000027.1:188159-189479:1,WP_057287398.1,ASE30_RS27260,,aromatic ring-hydroxylating dioxygenase subunit alpha,4_410_CbdC,4,201.0,0.8097,2.1e-59,NZ_LMIU01000027.1,188159,189479,1,Achromobacter sp. Root83,Bacteria; Pseudomonadati; Pseudomonadota; Betaproteobacteria; Burkholderiales; Alcaligenaceae; Achromobacter,0,4_410_CbdC#3,novel_candidate,0.2824,2,1,0,1,ferredoxin > reductase > reductase > [alpha] > beta > other > other > reductase > other > reductase
NZ_LMJY01000005.1:49359-50709:1,WP_056769001.1,ASE49_RS04875,,Rieske 2Fe-2S domain-containing protein,4_410_CbdC,4,799.5,0.9712,5.6e-241,NZ_LMJY01000005.1,49359,50709,1,Novosphingobium sp. Leaf2,Bacteria; Pseudomonadati; Pseudomonadota; Alphaproteobacteria; Sphingomonadales; Sphingomonadaceae; Novosphingobium,0,4_410_CbdC#0,core,0.6817,2,1,1,0,ring_cleavage > ring_cleavage > other > [alpha] > beta > dehydrogenase > other > other > ferredoxin > hydrolase > other > reductase
NZ_LNSB01000012.1:73264-74677:-1,WP_058807214.1,ATE62_RS07900,,Rieske 2Fe-2S domain-containing protein,4_410_CbdC,4,568.8,0.9867,5.3e-171,NZ_LNSB01000012.1,73264,74677,-1,Sphingopyxis sp. HIX,Bacteria; Pseudomonadati; Pseudomonadota; Alphaproteobacteria; Sphingomonadales; Sphingomonadaceae; Sphingopyxis,0,4_410_CbdC#1,core,0.7975,1,1,0,0,[alpha] > beta > other > other
NZ_LNRZ01000001.1:489779-491192:1,WP_058815034.1,ATE67_RS02175,,Rieske 2Fe-2S domain-containing protein,4_410_CbdC,4,568.0,0.9867,9.7e-171,NZ_LNRZ01000001.1,489779,491192,1,Sphingopyxis sp. H050,Bacteria; Pseudomonadati; Pseudomonadota; Alphaproteobacteria; Sphingomonadales; Sphingomonadaceae; Sphingopyxis,0,4_410_CbdC#1,core,0.7995,1,1,0,0,[alpha] > beta > other > other
NZ_LNRT01000011.1:95600-97013:-1,WP_052182494.1,ATE68_RS16525,,Rieske 2Fe-2S domain-containing protein,4_410_CbdC,4,570.6,0.9845,1.5e-171,NZ_LNRT01000011.1,95600,97013,-1,Sphingopyxis sp. H038,Bacteria; Pseudomonadati; Pseudomonadota; Alphaproteobacteria; Sphingomonadales; Sphingomonadaceae; Sphingopyxis,0,4_410_CbdC#1,core,0.8026,1,1,0,0,[alpha] > beta > other > other
NZ_LOSU01000033.1:154281-155640:1,WP_059536868.1,WS45_RS16990,,Rieske 2Fe-2S domain-containing protein,4_410_CbdC,4,958.2,0.9956,4.1e-289,NZ_LOSU01000033.1,154281,155640,1,Burkholderia sp. RF2-non_BP3,Bacteria; Pseudomonadati; Pseudomonadota; Betaproteobacteria; Burkholderiales; Burkholderiaceae; Burkholderia,0,4_410_CbdC#0,core,0.9525,2,1,0,1,ring_cleavage > ring_cleavage > ring_cleavage > [alpha] > beta > reductase > dehydrogenase > other
NZ_LOTQ01000024.1:72963-74322:-1,WP_038570321.1,WI41_RS12510,,Rieske 2Fe-2S domain-containing protein,4_410_CbdC,4,958.3,0.9956,3.7e-289,NZ_LOTQ01000024.1,72963,74322,-1,Burkholderia latens,Bacteria; Pseudomonadati; Pseudomonadota; Betaproteobacteria; Burkholderiales; Burkholderiaceae; Burkholderia; Burkholderia cepacia complex,0,4_410_CbdC#0,core,0.9476,2,1,0,1,ring_cleavage > ring_cleavage > ring_cleavage > [alpha] > beta > reductase > dehydrogenase > other
NZ_LOYH01000037.1:96429-97788:-1,WP_059729154.1,WS90_RS10015,,Rieske 2Fe-2S domain-containing protein,4_410_CbdC,4,956.6,0.9956,1.2e-288,NZ_LOYH01000037.1,96429,97788,-1,Burkholderia cepacia,Bacteria; Pseudomonadati; Pseudomonadota; Betaproteobacteria; Burkholderiales; Burkholderiaceae; Burkholderia; Burkholderia cepacia complex,0,4_410_CbdC#0,core,0.9475,1,1,0,0,ring_cleavage > ring_cleavage > [alpha] > beta > other > dehydrogenase > other
NZ_LPFQ01000047.1:46188-47547:-1,WP_060108925.1,WT31_RS11180,,Rieske 2Fe-2S domain-containing protein,4_410_CbdC,4,959.7,0.9956,1.4e-289,NZ_LPFQ01000047.1,46188,47547,-1,Burkholderia territorii,Bacteria; Pseudomonadati; Pseudomonadota; Betaproteobacteria; Burkholderiales; Burkholderiaceae; Burkholderia; Burkholderia cepacia complex,0,4_410_CbdC#0,core,0.9475,2,1,0,1,ring_cleavage > ring_cleavage > ring_cleavage > [alpha] > beta > reductase > dehydrogenase > other
NZ_LPJR01000019.1:128147-129506:1,WP_060240483.1,WT56_RS07200,,Rieske 2Fe-2S domain-containing protein,4_410_CbdC,4,964.3,0.9956,5.7e-291,NZ_LPJR01000019.1,128147,129506,1,Burkholderia pseudomultivorans,Bacteria; Pseudomonadati; Pseudomonadota; Betaproteobacteria; Burkholderiales; Burkholderiaceae; Burkholderia; Burkholderia cepacia complex,0,4_410_CbdC#0,core,0.9298,2,1,0,1,ring_cleavage > ring_cleavage > ring_cleavage > [alpha] > beta > reductase > dehydrogenase > other > transporter
NZ_LOYU01000037.1:615037-616396:-1,WP_059524435.1,WT01_RS19090,,Rieske 2Fe-2S domain-containing protein,4_410_CbdC,4,957.0,0.9956,9e-289,NZ_LOYU01000037.1,615037,616396,-1,Burkholderia cepacia,Bacteria; Pseudomonadati; Pseudomonadota; Betaproteobacteria; Burkholderiales; Burkholderiaceae; Burkholderia; Burkholderia cepacia complex,0,4_410_CbdC#0,core,0.95,2,1,0,1,ring_cleavage > ring_cleavage > [alpha] > beta > reductase > dehydrogenase > other
NZ_LPJX01000077.1:134769-136128:1,WP_009689001.1,WT57_RS32185,,Rieske 2Fe-2S domain-containing protein,4_410_CbdC,4,963.7,0.9956,8.5e-291,NZ_LPJX01000077.1,134769,136128,1,Burkholderia pseudomultivorans,Bacteria; Pseudomonadati; Pseudomonadota; Betaproteobacteria; Burkholderiales; Burkholderiaceae; Burkholderia; Burkholderia cepacia complex,0,4_410_CbdC#0,core,0.9275,2,1,0,1,ring_cleavage > ring_cleavage > ring_cleavage > [alpha] > beta > reductase > dehydrogenase > other > transporter
NZ_LPNO01000002.1:267489-268866:-1,WP_076013552.1,AU074_RS03745,,Rieske 2Fe-2S domain-containing protein,4_410_CbdC,4,905.9,0.9845,2.8e-273,NZ_LPNO01000002.1,267489,268866,-1,Pseudomonas sp. ATCC PTA-122608,Bacteria; Pseudomonadati; Pseudomonadota; Gammaproteobacteria; Pseudomonadales; Pseudomonadaceae; Pseudomonas,0,4_410_CbdC#0,core,0.9778,2,1,0,1,transporter > regulator > [alpha] > beta > reductase > dehydrogenase > transporter > transporter
NZ_LQXJ01000012.1:241547-242939:-1,WP_075195456.1,AWH63_RS10340,,Rieske 2Fe-2S domain-containing protein,4_410_CbdC,4,765.3,0.9823,1.3e-230,NZ_LQXJ01000012.1,241547,242939,-1,Marinobacter sp. C18,Bacteria; Pseudomonadati; Pseudomonadota; Gammaproteobacteria; Pseudomonadales; Marinobacteraceae; Marinobacter,0,4_410_CbdC#0,core,0.8911,2,1,0,1,ring_cleavage > ring_cleavage > ring_cleavage > [alpha] > beta > reductase > dehydrogenase > transporter > transporter > hydrolase
NZ_LRSQ01000030.1:30479-31793:-1,WP_043208678.1,AW878_RS15740,,aromatic ring-hydroxylating dioxygenase subunit alpha,4_410_CbdC,4,181.9,0.823,1.3e-53,NZ_LRSQ01000030.1,30479,31793,-1,Bordetella pseudohinzii,Bacteria; Pseudomonadati; Pseudomonadota; Betaproteobacteria; Burkholderiales; Alcaligenaceae; Bordetella,0,4_410_CbdC#6,novel_candidate,0.3047,1,1,0,0,transporter > transporter > transporter > transporter > [alpha] > beta
NZ_LSUW01000076.1:28315-29698:-1,WP_064794248.1,AYO05_RS27660,,Rieske 2Fe-2S domain-containing protein,4_410_CbdC,4,790.4,0.9801,3.2e-238,NZ_LSUW01000076.1,28315,29698,-1,Raoultella planticola,Bacteria; Pseudomonadati; Pseudomonadota; Gammaproteobacteria; Enterobacterales; Enterobacteriaceae; Klebsiella/Raoultella group; Raoultella,0,4_410_CbdC#0,core,0.9073,2,1,0,1,ring_cleavage > ring_cleavage > ring_cleavage > [alpha] > beta > reductase > dehydrogenase
NZ_LUFI01000019.1:4141-5554:1,WP_137405225.1,A0U87_RS03580,,SRPBCC family protein,4_410_CbdC,4,546.6,0.9845,3e-164,NZ_LUFI01000019.1,4141,5554,1,Sphingobium sp. MP9-4,Bacteria; Pseudomonadati; Pseudomonadota; Alphaproteobacteria; Sphingomonadales; Sphingomonadaceae; Sphingobium,0,4_410_CbdC#1,core,0.9036,1,1,0,0,[alpha] > beta > other > alpha_other > beta > other
NZ_LVYU01000078.1:179171-180530:1,WP_062940942.1,A4A59_RS08240,,Rieske 2Fe-2S domain-containing protein,4_410_CbdC,4,956.7,0.9956,1.1e-288,NZ_LVYU01000078.1,179171,180530,1,Rhizobium leguminosarum,Bacteria; Pseudomonadati; Pseudomonadota; Alphaproteobacteria; Hyphomicrobiales; Rhizobiaceae; Rhizobium/Agrobacterium group; Rhizobium,0,4_410_CbdC#0,core,0.8889,2,1,0,1,ring_cleavage > ring_cleavage > ring_cleavage > [alpha] > beta > reductase > dehydrogenase > transporter
NZ_LXEO01000015.1:101598-102984:-1,WP_064554221.1,M979_RS06750,,Rieske 2Fe-2S domain-containing protein,4_410_CbdC,4,794.3,0.9823,2e-239,NZ_LXEO01000015.1,101598,102984,-1,Buttiauxella noackiae ATCC 51607,Bacteria; Pseudomonadati; Pseudomonadota; Gammaproteobacteria; Enterobacterales; Enterobacteriaceae; Buttiauxella,0,4_410_CbdC#0,core,0.8346,2,1,0,1,ring_cleavage > ring_cleavage > ring_cleavage > [alpha] > beta > reductase > dehydrogenase
NZ_LXEP01000045.1:74355-75741:-1,WP_064519023.1,M977_RS22490,,Rieske 2Fe-2S domain-containing protein,4_410_CbdC,4,795.9,0.9823,6.8e-240,NZ_LXEP01000045.1,74355,75741,-1,Buttiauxella gaviniae ATCC 51604,Bacteria; Pseudomonadati; Pseudomonadota; Gammaproteobacteria; Enterobacterales; Enterobacteriaceae; Buttiauxella,0,4_410_CbdC#0,core,0.8371,2,1,0,1,ring_cleavage > ring_cleavage > ring_cleavage > [alpha] > beta > reductase > dehydrogenase
NZ_LXJP01000027.1:59384-60761:1,WP_069552376.1,A7D21_RS19120,,Rieske 2Fe-2S domain-containing protein,4_410_CbdC,4,890.0,0.9823,1.9e-268,NZ_LXJP01000027.1,59384,60761,1,Pseudomonas sp. AP19,Bacteria; Pseudomonadati; Pseudomonadota; Gammaproteobacteria; Pseudomonadales; Pseudomonadaceae; Pseudomonas,0,4_410_CbdC#0,core,0.9653,2,1,0,1,regulator > [alpha] > beta > reductase > dehydrogenase > transporter
NZ_LYBW01000035.1:1619-2978:-1,WP_069456722.1,A8M32_RS01935,,Rieske 2Fe-2S domain-containing protein,4_410_CbdC,4,952.9,0.9956,1.6e-287,NZ_LYBW01000035.1,1619,2978,-1,Sinorhizobium alkalisoli,Bacteria; Pseudomonadati; Pseudomonadota; Alphaproteobacteria; Hyphomicrobiales; Rhizobiaceae; Sinorhizobium/Ensifer group; Sinorhizobium,0,4_410_CbdC#0,core,0.88,2,1,0,1,ring_cleavage > ring_cleavage > ring_cleavage > [alpha] > beta > reductase
NZ_LYSO01000160.1:6764-8141:1,WP_069558892.1,A7K61_RS29005,,Rieske 2Fe-2S domain-containing protein,4_410_CbdC,4,893.9,0.9823,1.3e-269,NZ_LYSO01000160.1,6764,8141,1,Pseudomonas sp. AP42,Bacteria; Pseudomonadati; Pseudomonadota; Gammaproteobacteria; Pseudomonadales; Pseudomonadaceae; Pseudomonas,0,4_410_CbdC#0,core,0.9704,2,1,0,1,transporter > regulator > [alpha] > beta > reductase > dehydrogenase
NZ_MAMO01000177.1:144227-145586:-1,WP_065277981.1,BAE36_RS33915,,Rieske 2Fe-2S domain-containing protein,4_410_CbdC,4,949.6,0.9956,1.7e-286,NZ_MAMO01000177.1,144227,145586,-1,Rhizobium leguminosarum bv. trifolii,Bacteria; Pseudomonadati; Pseudomonadota; Alphaproteobacteria; Hyphomicrobiales; Rhizobiaceae; Rhizobium/Agrobacterium group; Rhizobium,0,4_410_CbdC#0,core,0.8797,2,1,0,1,ring_cleavage > ring_cleavage > ring_cleavage > [alpha] > beta > reductase > dehydrogenase > transporter
NZ_MBPP01000009.1:83808-85185:1,WP_071263901.1,BCA33_RS05055,,Rieske 2Fe-2S domain-containing protein,4_410_CbdC,4,763.0,0.9823,6.3e-230,NZ_MBPP01000009.1,83808,85185,1,Marinobacter sp. AC-23,Bacteria; Pseudomonadati; Pseudomonadota; Gammaproteobacteria; Pseudomonadales; Marinobacteraceae; Marinobacter,0,4_410_CbdC#0,core,0.8532,2,1,0,1,ring_cleavage > ring_cleavage > ring_cleavage > [alpha] > beta > reductase > dehydrogenase > transporter
NZ_MBSR01000064.1:37561-38920:1,WP_065784982.1,BC361_RS20515,,Rieske 2Fe-2S domain-containing protein,4_410_CbdC,4,952.3,0.9956,2.4e-287,NZ_MBSR01000064.1,37561,38920,1,Ensifer sp. LC54,Bacteria; Pseudomonadati; Pseudomonadota; Alphaproteobacteria; Hyphomicrobiales; Rhizobiaceae; Sinorhizobium/Ensifer group; Ensifer,0,4_410_CbdC#0,core,0.8797,2,1,0,1,ring_cleavage > ring_cleavage > ring_cleavage > [alpha] > beta > reductase > dehydrogenase > transporter > other > hypothetical
NZ_MBSQ01000040.1:26233-27592:1,WP_065778282.1,BC362_RS14700,,Rieske 2Fe-2S domain-containing protein,4_410_CbdC,4,954.3,0.9956,5.9e-288,NZ_MBSQ01000040.1,26233,27592,1,Ensifer sp. LC14,Bacteria; Pseudomonadati; Pseudomonadota; Alphaproteobacteria; Hyphomicrobiales; Rhizobiaceae; Sinorhizobium/Ensifer group; Ensifer,0,4_410_CbdC#2,core,0.8872,2,1,0,1,ring_cleavage > ring_cleavage > ring_cleavage > [alpha] > beta > reductase > dehydrogenase > transporter
NZ_MDDR01000052.1:61691-63068:-1,WP_071486835.1,BFL40_RS27220,,Rieske 2Fe-2S domain-containing protein,4_410_CbdC,4,902.1,0.9867,4e-272,NZ_MDDR01000052.1,61691,63068,-1,Pseudomonas costantinii,Bacteria; Pseudomonadati; Pseudomonadota; Gammaproteobacteria; Pseudomonadales; Pseudomonadaceae; Pseudomonas,0,4_410_CbdC#0,core,0.9753,2,1,0,1,regulator > [alpha] > beta > reductase > dehydrogenase > transporter > transporter
NZ_MDDV01000059.1:94087-95446:1,WP_071024710.1,LCM4579_RS25590,,Rieske 2Fe-2S domain-containing protein,4_410_CbdC,4,954.3,0.9956,5.8e-288,NZ_MDDV01000059.1,94087,95446,1,Ensifer sp. LCM 4579,Bacteria; Pseudomonadati; Pseudomonadota; Alphaproteobacteria; Hyphomicrobiales; Rhizobiaceae; Sinorhizobium/Ensifer group; Ensifer,0,4_410_CbdC#0,core,0.8825,2,1,0,1,ring_cleavage > ring_cleavage > ring_cleavage > [alpha] > beta > reductase > dehydrogenase > transporter > other > regulator > reductase > transporter > reductase > other
NZ_MDKE01000066.1:120171-121548:1,WP_071473924.1,BFR47_RS15640,,Rieske 2Fe-2S domain-containing protein,4_410_CbdC,4,782.7,0.9823,6.8e-236,NZ_MDKE01000066.1,120171,121548,1,Oceanisphaera psychrotolerans,Bacteria; Pseudomonadati; Pseudomonadota; Gammaproteobacteria; Aeromonadales; Aeromonadaceae; Oceanisphaera,0,4_410_CbdC#0,core,0.8911,2,1,0,1,ring_cleavage > [alpha] > beta > reductase > dehydrogenase
NZ_MDHA01000040.1:26369-27716:-1,WP_066011048.1,BFP70_RS09010,,Rieske 2Fe-2S domain-containing protein,4_410_CbdC,4,865.5,0.9735,5.3e-261,NZ_MDHA01000040.1,26369,27716,-1,Thioclava sp. SK-1,Bacteria; Pseudomonadati; Pseudomonadota; Alphaproteobacteria; Rhodobacterales; Paracoccaceae; Thioclava,0,4_410_CbdC#0,core,0.7619,2,1,0,1,[alpha] > beta > reductase > dehydrogenase > regulator
NZ_MIPT01000003.1:10945-12298:-1,WP_070936375.1,BHE75_RS22325,,Rieske 2Fe-2S domain-containing protein,4_410_CbdC,4,839.2,0.9757,5e-253,NZ_MIPT01000003.1,10945,12298,-1,Sphingomonas haloaromaticamans,Bacteria; Pseudomonadati; Pseudomonadota; Alphaproteobacteria; Sphingomonadales; Sphingomonadaceae; Sphingomonas,0,4_410_CbdC#0,core,0.7207,1,1,0,0,ring_cleavage > ring_cleavage > other > [alpha] > beta > dehydrogenase > other > other > other > other > hypothetical
NZ_MINL01000003.1:1085-2453:1,WP_071694742.1,QHL1GM_RS19040,,Rieske 2Fe-2S domain-containing protein,4_410_CbdC,4,825.2,0.9867,9e-249,NZ_MINL01000003.1,1085,2453,1,Halomonas sp. QHL1,Bacteria; Pseudomonadati; Pseudomonadota; Gammaproteobacteria; Oceanospirillales; Halomonadaceae; Halomonas,0,4_410_CbdC#0,core,0.7469,1,1,0,0,ring_cleavage > [alpha] > beta
NZ_MIPZ01000019.1:207677-209045:-1,WP_069944873.1,BFV96_RS15635,,Rieske 2Fe-2S domain-containing protein,4_410_CbdC,4,778.4,0.9779,1.4e-234,NZ_MIPZ01000019.1,207677,209045,-1,Alteromonas macleodii,Bacteria; Pseudomonadati; Pseudomonadota; Gammaproteobacteria; Alteromonadales; Alteromonadaceae; Alteromonas/Salinimonas group; Alteromonas,0,4_410_CbdC#0,core,0.865,2,1,0,1,ring_cleavage > ring_cleavage > ring_cleavage > [alpha] > beta > reductase > dehydrogenase > transporter
NZ_MJIC01000001.1:9407-10772:1,WP_070174422.1,BFC17_RS00065,,Rieske 2Fe-2S domain-containing protein,4_410_CbdC,4,773.2,0.9845,5.4e-233,NZ_MJIC01000001.1,9407,10772,1,Alteromonas lipolytica,Bacteria; Pseudomonadati; Pseudomonadota; Gammaproteobacteria; Alteromonadales; Alteromonadaceae; Alteromonas/Salinimonas group; Alteromonas,0,4_410_CbdC#0,core,0.8504,2,1,0,1,ring_cleavage > ring_cleavage > ring_cleavage > [alpha] > beta > reductase > dehydrogenase > transporter
NZ_MKIO01000016.1:23746-25105:-1,WP_075632895.1,BJF92_RS00905,,Rieske 2Fe-2S domain-containing protein,4_410_CbdC,4,937.9,0.9956,5.6e-283,NZ_MKIO01000016.1,23746,25105,-1,Xaviernesmea rhizosphaerae,Bacteria; Pseudomonadati; Pseudomonadota; Alphaproteobacteria; Hyphomicrobiales; Rhizobiaceae; Rhizobium/Agrobacterium group; Xaviernesmea,0,4_410_CbdC#0,core,0.8579,2,1,0,1,ring_cleavage > ring_cleavage > ring_cleavage > [alpha] > beta > reductase > dehydrogenase > transporter > other
NZ_MKWB01000045.1:50419-51778:-1,WP_047630381.1,BGP09_RS28195,,Rieske 2Fe-2S domain-containing protein,4_410_CbdC,4,954.6,0.9934,5e-288,NZ_MKWB01000045.1,50419,51778,-1,Rhizobium sp. 60-20,Bacteria; Pseudomonadati; Pseudomonadota; Alphaproteobacteria; Hyphomicrobiales; Rhizobiaceae; Rhizobium/Agrobacterium group; Rhizobium,0,4_410_CbdC#2,core,0.8568,2,1,0,1,ring_cleavage > ring_cleavage > ring_cleavage > [alpha] > beta > reductase > dehydrogenase
NZ_MOXD01000009.1:116794-118156:-1,WP_076943301.1,BMI79_RS16450,,Rieske 2Fe-2S domain-containing protein,4_410_CbdC,4,794.8,0.9779,1.4e-239,NZ_MOXD01000009.1,116794,118156,-1,Serratia oryzae,Bacteria; Pseudomonadati; Pseudomonadota; Gammaproteobacteria; Enterobacterales; Yersiniaceae; Serratia,0,4_410_CbdC#0,core,0.7652,2,1,0,1,[alpha] > beta > reductase > dehydrogenase
NZ_MSCW01000006.1:176028-177402:1,WP_076724419.1,BTO32_RS08995,,Rieske 2Fe-2S domain-containing protein,4_410_CbdC,4,781.8,0.9823,1.3e-235,NZ_MSCW01000006.1,176028,177402,1,Marinobacter lutaoensis,Bacteria; Pseudomonadati; Pseudomonadota; Gammaproteobacteria; Pseudomonadales; Marinobacteraceae; Marinobacter,0,4_410_CbdC#0,core,0.8713,2,1,0,1,ring_cleavage > ring_cleavage > ring_cleavage > [alpha] > beta > reductase > dehydrogenase > transporter > transporter
NZ_MSDV01000066.1:39967-41326:-1,WP_075304522.1,BTH42_RS28475,,Rieske 2Fe-2S domain-containing protein,4_410_CbdC,4,959.7,0.9956,1.3e-289,NZ_MSDV01000066.1,39967,41326,-1,Burkholderia sp. SRS-W-2-2016,Bacteria; Pseudomonadati; Pseudomonadota; Betaproteobacteria; Burkholderiales; Burkholderiaceae; Burkholderia,0,4_410_CbdC#0,core,0.92,2,1,0,1,ring_cleavage > [alpha] > beta > reductase > dehydrogenase > other > other
NZ_MSDZ01000039.1:127474-128833:-1,WP_074986824.1,BUM79_RS16910,,Rieske 2Fe-2S domain-containing protein,4_410_CbdC,4,957.9,0.9956,4.9e-289,NZ_MSDZ01000039.1,127474,128833,-1,Paraburkholderia tropica,Bacteria; Pseudomonadati; Pseudomonadota; Betaproteobacteria; Burkholderiales; Burkholderiaceae; Paraburkholderia,0,4_410_CbdC#0,core,0.9075,2,1,0,1,ring_cleavage > ring_cleavage > ring_cleavage > [alpha] > beta > reductase > dehydrogenase
NZ_MSPX01000029.1:23671-25030:-1,WP_075632895.1,BTR14_RS21995,,Rieske 2Fe-2S domain-containing protein,4_410_CbdC,4,937.9,0.9956,5.6e-283,NZ_MSPX01000029.1,23671,25030,-1,Xaviernesmea rhizosphaerae,Bacteria; Pseudomonadati; Pseudomonadota; Alphaproteobacteria; Hyphomicrobiales; Rhizobiaceae; Rhizobium/Agrobacterium group; Xaviernesmea,0,4_410_CbdC#0,core,0.8579,2,1,0,1,ring_cleavage > ring_cleavage > ring_cleavage > [alpha] > beta > reductase > dehydrogenase > transporter > other
NZ_MUIN01000002.1:54051-55428:1,WP_081564044.1,BWR59_RS02350,,Rieske 2Fe-2S domain-containing protein,4_410_CbdC,4,904.2,0.9845,9.8e-273,NZ_MUIN01000002.1,54051,55428,1,Pseudomonas sp. Bc-h,Bacteria; Pseudomonadati; Pseudomonadota; Gammaproteobacteria; Pseudomonadales; Pseudomonadaceae; Pseudomonas,0,4_410_CbdC#0,core,0.9406,2,1,0,1,ring_cleavage > ring_cleavage > ring_cleavage > regulator > [alpha] > beta > reductase > dehydrogenase
NZ_MUYH01000005.1:141787-143200:1,WP_072673785.1,BZF60_RS06955,,Rieske 2Fe-2S domain-containing protein,4_410_CbdC,4,550.4,0.9823,2e-165,NZ_MUYH01000005.1,141787,143200,1,Erythrobacter sanguineus,Bacteria; Pseudomonadati; Pseudomonadota; Alphaproteobacteria; Sphingomonadales; Erythrobacteraceae; Erythrobacter/Porphyrobacter group; Erythrobacter,0,4_410_CbdC#1,core,0.8954,1,1,0,0,[alpha] > beta > other > alpha_other > beta > other
NZ_NBTZ01000060.1:90540-91899:1,WP_062170962.1,PAMC26577_RS14555,,Rieske 2Fe-2S domain-containing protein,4_410_CbdC,4,935.8,0.9956,2.5e-282,NZ_NBTZ01000060.1,90540,91899,1,Caballeronia sordidicola,Bacteria; Pseudomonadati; Pseudomonadota; Betaproteobacteria; Burkholderiales; Burkholderiaceae; Caballeronia,0,4_410_CbdC#0,core,0.9,2,1,0,1,ring_cleavage > [alpha] > beta > reductase > dehydrogenase
NZ_NFVE01000088.1:141460-142819:-1,WP_007581041.1,CA601_RS06600,,Rieske 2Fe-2S domain-containing protein,4_410_CbdC,4,955.0,0.9956,3.6e-288,NZ_NFVE01000088.1,141460,142819,-1,Paraburkholderia hospita,Bacteria; Pseudomonadati; Pseudomonadota; Betaproteobacteria; Burkholderiales; Burkholderiaceae; Paraburkholderia,0,4_410_CbdC#0,core,0.9277,2,1,0,1,ring_cleavage > [alpha] > beta > reductase > dehydrogenase > other > hypothetical
NZ_NMUA01000092.1:1477-2890:-1,WP_043152422.1,SxD43FB_RS23175,,SRPBCC family protein,4_410_CbdC,4,546.0,0.9801,4.5e-164,NZ_NMUA01000092.1,1477,2890,-1,Sphingobium sp. D43FB,Bacteria; Pseudomonadati; Pseudomonadota; Alphaproteobacteria; Sphingomonadales; Sphingomonadaceae; Sphingobium,0,4_410_CbdC#1,core,0.8731,1,1,0,0,[alpha] > beta > other
NZ_NKFN01000008.1:99316-100675:-1,WP_027785970.1,CFB46_RS30415,,Rieske 2Fe-2S domain-containing protein,4_410_CbdC,4,958.3,0.9956,3.6e-289,NZ_NKFN01000008.1,99316,100675,-1,Burkholderia sp. HI2761,Bacteria; Pseudomonadati; Pseudomonadota; Betaproteobacteria; Burkholderiales; Burkholderiaceae; Burkholderia,0,4_410_CbdC#0,core,0.9425,2,1,0,1,ring_cleavage > ring_cleavage > [alpha] > beta > reductase > dehydrogenase > other
NZ_NYUH01000005.1:31098-32472:1,WP_014420247.1,CMG79_RS00775,,Rieske 2Fe-2S domain-containing protein,4_410_CbdC,4,789.4,0.9823,6.5e-238,NZ_NYUH01000005.1,31098,32472,1,Marinobacter sp.,Bacteria; Pseudomonadati; Pseudomonadota; Gammaproteobacteria; Pseudomonadales; Marinobacteraceae; Marinobacter,0,4_410_CbdC#0,core,0.9236,2,1,0,1,ring_cleavage > ring_cleavage > ring_cleavage > [alpha] > beta > reductase > dehydrogenase > transporter > transporter
NZ_PCQI01000003.1:438889-440263:-1,WP_034103504.1,CQ002_RS08950,,Rieske 2Fe-2S domain-containing protein,4_410_CbdC,4,900.1,0.9823,1.7e-271,NZ_PCQI01000003.1,438889,440263,-1,Pseudomonas sp. MYb13,Bacteria; Pseudomonadati; Pseudomonadota; Gammaproteobacteria; Pseudomonadales; Pseudomonadaceae; Pseudomonas,0,4_410_CbdC#0,core,0.9704,2,1,0,1,regulator > [alpha] > beta > reductase > dehydrogenase > transporter > transporter
NZ_PIQN01000003.1:850539-851898:1,WP_027509216.1,CWR43_RS05490,,Rieske 2Fe-2S domain-containing protein,4_410_CbdC,4,959.4,0.9956,1.7e-289,NZ_PIQN01000003.1,850539,851898,1,Rhizobium sullae,Bacteria; Pseudomonadati; Pseudomonadota; Alphaproteobacteria; Hyphomicrobiales; Rhizobiaceae; Rhizobium/Agrobacterium group; Rhizobium,0,4_410_CbdC#0,core,0.8897,2,1,0,1,ring_cleavage > ring_cleavage > ring_cleavage > [alpha] > beta > reductase > dehydrogenase > transporter > other
NZ_PODW01000047.1:42693-44070:-1,WP_003210841.1,C1X83_RS22585,,Rieske 2Fe-2S domain-containing protein,4_410_CbdC,4,907.1,0.9845,1.2e-273,NZ_PODW01000047.1,42693,44070,-1,Pseudomonas sp. GP01-A4,Bacteria; Pseudomonadati; Pseudomonadota; Gammaproteobacteria; Pseudomonadales; Pseudomonadaceae; Pseudomonas,0,4_410_CbdC#0,core,0.9777,2,1,0,1,transporter > regulator > [alpha] > beta > reductase > dehydrogenase > transporter > transporter
NZ_PKOI01000001.1:131332-132721:1,WP_102661190.1,HBH1_RS00650,,Rieske 2Fe-2S domain-containing protein,4_410_CbdC,4,914.4,0.9889,7.6e-276,NZ_PKOI01000001.1,131332,132721,1,Herbaspirillum sp. BH-1,Bacteria; Pseudomonadati; Pseudomonadota; Betaproteobacteria; Burkholderiales; Oxalobacteraceae; Herbaspirillum,0,4_410_CbdC#0,core,0.8425,2,1,0,1,ring_cleavage > ring_cleavage > [alpha] > beta > reductase > dehydrogenase > other > transporter
NZ_PQUL01000001.1:181594-182977:1,WP_110924957.1,C3J88_RS00965,,Rieske 2Fe-2S domain-containing protein,4_410_CbdC,4,794.4,0.9823,2e-239,NZ_PQUL01000001.1,181594,182977,1,Klebsiella pneumoniae subsp. pneumoniae,Bacteria; Pseudomonadati; Pseudomonadota; Gammaproteobacteria; Enterobacterales; Enterobacteriaceae; Klebsiella/Raoultella group; Klebsiella,0,4_410_CbdC#0,core,0.985,2,1,0,1,ring_cleavage > ring_cleavage > ring_cleavage > [alpha] > beta > reductase > dehydrogenase
NZ_PVHH01000083.1:120816-122175:-1,WP_105811432.1,C6T53_RS15425,,Rieske 2Fe-2S domain-containing protein,4_410_CbdC,4,962.9,0.9956,1.5e-290,NZ_PVHH01000083.1,120816,122175,-1,Burkholderia multivorans,Bacteria; Pseudomonadati; Pseudomonadota; Betaproteobacteria; Burkholderiales; Burkholderiaceae; Burkholderia; Burkholderia cepacia complex,0,4_410_CbdC#0,core,0.9325,2,1,0,1,ring_cleavage > ring_cleavage > ring_cleavage > [alpha] > beta > reductase > dehydrogenase > other > transporter
NZ_PVHK01000221.1:52935-54294:1,WP_059463655.1,C6T65_RS28975,,Rieske 2Fe-2S domain-containing protein,4_410_CbdC,4,949.4,0.9978,1.8e-286,NZ_PVHK01000221.1,52935,54294,1,Burkholderia vietnamiensis,Bacteria; Pseudomonadati; Pseudomonadota; Betaproteobacteria; Burkholderiales; Burkholderiaceae; Burkholderia; Burkholderia cepacia complex,0,4_410_CbdC#2,core,0.9175,2,1,0,1,ring_cleavage > [alpha] > beta > reductase > dehydrogenase > other
NZ_PVGX01000098.1:234394-235753:-1,WP_060095727.1,C6T63_RS24000,,Rieske 2Fe-2S domain-containing protein,4_410_CbdC,4,962.1,0.9956,2.5e-290,NZ_PVGX01000098.1,234394,235753,-1,Burkholderia multivorans,Bacteria; Pseudomonadati; Pseudomonadota; Betaproteobacteria; Burkholderiales; Burkholderiaceae; Burkholderia; Burkholderia cepacia complex,0,4_410_CbdC#0,core,0.9325,2,1,0,1,ring_cleavage > ring_cleavage > ring_cleavage > [alpha] > beta > reductase > dehydrogenase > other > transporter
NZ_PVUB01000009.1:22468-23818:1,WP_072945108.1,BC624_RS13045,,Rieske 2Fe-2S domain-containing protein,4_410_CbdC,4,806.5,0.9624,4.2e-243,NZ_PVUB01000009.1,22468,23818,1,Flavobacterium granuli,Bacteria; Pseudomonadati; Bacteroidota; Flavobacteriia; Flavobacteriales; Flavobacteriaceae; Flavobacterium,0,4_410_CbdC#0,core,0.6919,2,1,0,1,[alpha] > beta > reductase > dehydrogenase > other > other > other > other > regulator
NZ_PYHI01000003.1:454731-456114:-1,WP_047041373.1,LLY29_RS09540,,Rieske 2Fe-2S domain-containing protein,4_410_CbdC,4,807.0,0.9823,2.9e-243,NZ_PYHI01000003.1,454731,456114,-1,Klebsiella aerogenes,Bacteria; Pseudomonadati; Pseudomonadota; Gammaproteobacteria; Enterobacterales; Enterobacteriaceae; Klebsiella/Raoultella group; Klebsiella,0,4_410_CbdC#0,core,0.9575,2,1,0,1,ring_cleavage > ring_cleavage > ring_cleavage > [alpha] > beta > reductase > dehydrogenase
NZ_PYWW01000055.1:110071-111445:1,WP_065905065.1,C9382_RS26200,,Rieske 2Fe-2S domain-containing protein,4_410_CbdC,4,898.4,0.9823,5.5e-271,NZ_PYWW01000055.1,110071,111445,1,Pseudomonas aylmerensis,Bacteria; Pseudomonadati; Pseudomonadota; Gammaproteobacteria; Pseudomonadales; Pseudomonadaceae; Pseudomonas,0,4_410_CbdC#0,core,0.9458,2,1,0,1,regulator > [alpha] > beta > reductase > dehydrogenase > transporter > transporter
NZ_QFQL01000046.1:15623-17012:1,WP_022674941.1,DI540_RS25300,,Rieske 2Fe-2S domain-containing protein,4_410_CbdC,4,905.8,0.9779,3e-273,NZ_QFQL01000046.1,15623,17012,1,Sphingobium sp.,Bacteria; Pseudomonadati; Pseudomonadota; Alphaproteobacteria; Sphingomonadales; Sphingomonadaceae; Sphingobium,0,4_410_CbdC#0,core,0.785,2,1,0,1,ring_cleavage > ring_cleavage > other > [alpha] > beta > reductase > dehydrogenase > other > other > other > other > transporter
NZ_QJJY01000005.1:202806-204165:1,WP_072437879.1,NA66_RS14200,,Rieske 2Fe-2S domain-containing protein,4_410_CbdC,4,955.0,0.9956,3.6e-288,NZ_QJJY01000005.1,202806,204165,1,Burkholderia pyrrocinia,Bacteria; Pseudomonadati; Pseudomonadota; Betaproteobacteria; Burkholderiales; Burkholderiaceae; Burkholderia; Burkholderia cepacia complex,0,4_410_CbdC#0,core,0.9377,2,1,0,1,ring_cleavage > ring_cleavage > [alpha] > beta > reductase > dehydrogenase > other
NZ_QKZC01000023.1:39062-40421:1,WP_065059203.1,C7399_RS29350,,Rieske 2Fe-2S domain-containing protein,4_410_CbdC,4,959.4,0.9956,1.6e-289,NZ_QKZC01000023.1,39062,40421,1,Paraburkholderia tropica,Bacteria; Pseudomonadati; Pseudomonadota; Betaproteobacteria; Burkholderiales; Burkholderiaceae; Paraburkholderia,0,4_410_CbdC#0,core,0.91,2,1,0,1,ring_cleavage > ring_cleavage > ring_cleavage > [alpha] > beta > reductase > dehydrogenase
NZ_QKZF01000011.1:107124-108483:1,WP_058903658.1,DFS13_RS22610,,Rieske 2Fe-2S domain-containing protein,4_410_CbdC,4,956.7,0.9956,1.1e-288,NZ_QKZF01000011.1,107124,108483,1,Burkholderia sp. 28_3,Bacteria; Pseudomonadati; Pseudomonadota; Betaproteobacteria; Burkholderiales; Burkholderiaceae; Burkholderia,0,4_410_CbdC#0,core,0.9398,2,1,0,1,ring_cleavage > ring_cleavage > [alpha] > beta > reductase > dehydrogenase > other
NZ_QMFZ01000013.1:11323-12682:-1,WP_021159131.1,DPV79_RS16715,,Rieske 2Fe-2S domain-containing protein,4_410_CbdC,4,958.1,0.9956,4.1e-289,NZ_QMFZ01000013.1,11323,12682,-1,Burkholderia reimsis,Bacteria; Pseudomonadati; Pseudomonadota; Betaproteobacteria; Burkholderiales; Burkholderiaceae; Burkholderia,0,4_410_CbdC#0,core,0.955,2,1,0,1,ring_cleavage > ring_cleavage > [alpha] > beta > reductase > dehydrogenase > other
NZ_QTSJ01000014.1:85946-87305:-1,WP_058903658.1,DF033_RS17915,,Rieske 2Fe-2S domain-containing protein,4_410_CbdC,4,956.7,0.9956,1.1e-288,NZ_QTSJ01000014.1,85946,87305,-1,Burkholderia cenocepacia,Bacteria; Pseudomonadati; Pseudomonadota; Betaproteobacteria; Burkholderiales; Burkholderiaceae; Burkholderia; Burkholderia cepacia complex,0,4_410_CbdC#0,core,0.9398,2,1,0,1,ring_cleavage > ring_cleavage > [alpha] > beta > reductase > dehydrogenase > other
NZ_QTQZ01000002.1:39770-41129:1,WP_046546816.1,DF035_RS02505,,Rieske 2Fe-2S domain-containing protein,4_410_CbdC,4,957.2,0.9956,7.9e-289,NZ_QTQZ01000002.1,39770,41129,1,Burkholderia contaminans,Bacteria; Pseudomonadati; Pseudomonadota; Betaproteobacteria; Burkholderiales; Burkholderiaceae; Burkholderia; Burkholderia cepacia complex,0,4_410_CbdC#0,core,0.9425,2,1,0,1,ring_cleavage > ring_cleavage > [alpha] > beta > reductase > dehydrogenase > other
NZ_QUMX01000026.1:38502-39861:1,WP_036755340.1,ATH84_RS18440,,Rieske 2Fe-2S domain-containing protein,4_410_CbdC,4,940.0,0.9956,1.3e-283,NZ_QUMX01000026.1,38502,39861,1,Paracoccus versutus,Bacteria; Pseudomonadati; Pseudomonadota; Alphaproteobacteria; Rhodobacterales; Paracoccaceae; Paracoccus,0,4_410_CbdC#0,core,0.8371,2,1,0,1,ring_cleavage > ring_cleavage > ring_cleavage > [alpha] > beta > reductase > dehydrogenase > transporter > other
NZ_QWFB01000025.1:74624-75944:1,WP_054457389.1,DXK93_RS07035,,aromatic ring-hydroxylating dioxygenase subunit alpha,4_410_CbdC,4,201.9,0.8097,1.1e-59,NZ_QWFB01000025.1,74624,75944,1,Achromobacter sp. K91,Bacteria; Pseudomonadati; Pseudomonadota; Betaproteobacteria; Burkholderiales; Alcaligenaceae; Achromobacter,0,4_410_CbdC#3,novel_candidate,0.2832,2,1,0,1,ferredoxin > reductase > reductase > [alpha] > beta > other > other > reductase > other > reductase
NZ_RBBW01000008.1:85649-87008:1,WP_021159131.1,D7222_RS08385,,Rieske 2Fe-2S domain-containing protein,4_410_CbdC,4,958.1,0.9956,4.1e-289,NZ_RBBW01000008.1,85649,87008,1,Burkholderia cepacia,Bacteria; Pseudomonadati; Pseudomonadota; Betaproteobacteria; Burkholderiales; Burkholderiaceae; Burkholderia; Burkholderia cepacia complex,0,4_410_CbdC#0,core,0.955,2,1,0,1,ring_cleavage > ring_cleavage > [alpha] > beta > reductase > dehydrogenase > other
NZ_RARP01000004.1:33145-34504:1,WP_039371616.1,D7S92_RS07270,,Rieske 2Fe-2S domain-containing protein,4_410_CbdC,4,955.0,0.9956,3.7e-288,NZ_RARP01000004.1,33145,34504,1,Burkholderia contaminans,Bacteria; Pseudomonadati; Pseudomonadota; Betaproteobacteria; Burkholderiales; Burkholderiaceae; Burkholderia; Burkholderia cepacia complex,0,4_410_CbdC#0,core,0.9475,2,1,0,1,ring_cleavage > ring_cleavage > [alpha] > beta > reductase > dehydrogenase > other
NZ_RBTF01000521.1:5606-6998:-1,WP_057426888.1,ALP50_RS30990,,Rieske 2Fe-2S domain-containing protein,4_410_CbdC,4,900.0,0.9845,1.8e-271,NZ_RBTF01000521.1,5606,6998,-1,Pseudomonas syringae pv. spinaceae,Bacteria; Pseudomonadati; Pseudomonadota; Gammaproteobacteria; Pseudomonadales; Pseudomonadaceae; Pseudomonas; Pseudomonas syringae,0,4_410_CbdC#0,core,0.9381,2,1,0,1,ring_cleavage > ring_cleavage > ring_cleavage > regulator > [alpha] > beta > reductase > dehydrogenase > transporter > transporter
NZ_RHXM01000041.1:14525-15845:1,WP_054457389.1,EGU54_RS21450,,aromatic ring-hydroxylating dioxygenase subunit alpha,4_410_CbdC,4,201.9,0.8097,1.1e-59,NZ_RHXM01000041.1,14525,15845,1,Achromobacter aegrifaciens,Bacteria; Pseudomonadati; Pseudomonadota; Betaproteobacteria; Burkholderiales; Alcaligenaceae; Achromobacter,0,4_410_CbdC#3,novel_candidate,0.2832,2,1,0,1,ferredoxin > reductase > reductase > [alpha] > beta > other > other > reductase > other > reductase
NZ_RIAQ01000022.1:13566-14925:1,WP_028710918.1,EB844_RS13650,,Rieske 2Fe-2S domain-containing protein,4_410_CbdC,4,940.1,0.9956,1.2e-283,NZ_RIAQ01000022.1,13566,14925,1,Paracoccus pantotrophus,Bacteria; Pseudomonadati; Pseudomonadota; Alphaproteobacteria; Rhodobacterales; Paracoccaceae; Paracoccus,0,4_410_CbdC#0,core,0.8367,2,1,0,1,ring_cleavage > ring_cleavage > ring_cleavage > [alpha] > beta > reductase > dehydrogenase > transporter > other
NZ_RKIV01000003.1:488384-489743:-1,WP_048987347.1,EGT44_RS33290,,Rieske 2Fe-2S domain-containing protein,4_410_CbdC,4,956.7,0.9956,1.1e-288,NZ_RKIV01000003.1,488384,489743,-1,Burkholderia cenocepacia,Bacteria; Pseudomonadati; Pseudomonadota; Betaproteobacteria; Burkholderiales; Burkholderiaceae; Burkholderia; Burkholderia cepacia complex,0,4_410_CbdC#0,core,0.9398,2,1,0,1,ring_cleavage > ring_cleavage > [alpha] > beta > reductase > dehydrogenase > other
NZ_RWHR01000008.1:9161-10544:1,WP_001173029.1,D7Z29_RS08945,,Rieske 2Fe-2S domain-containing protein,4_410_CbdC,4,810.9,0.9801,1.9e-244,NZ_RWHR01000008.1,9161,10544,1,Escherichia fergusonii,Bacteria; Pseudomonadati; Pseudomonadota; Gammaproteobacteria; Enterobacterales; Enterobacteriaceae; Escherichia,0,4_410_CbdC#0,core,0.9347,2,1,0,1,ring_cleavage > ring_cleavage > ring_cleavage > [alpha] > beta > reductase > dehydrogenase
NZ_RZUU01000038.1:227262-228645:1,WP_064360359.1,EOK96_RS15025,,Rieske 2Fe-2S domain-containing protein,4_410_CbdC,4,800.5,0.9823,2.7e-241,NZ_RZUU01000038.1,227262,228645,1,Klebsiella oxytoca,Bacteria; Pseudomonadati; Pseudomonadota; Gammaproteobacteria; Enterobacterales; Enterobacteriaceae; Klebsiella/Raoultella group; Klebsiella,0,4_410_CbdC#0,core,0.94,2,1,0,1,ring_cleavage > ring_cleavage > ring_cleavage > [alpha] > beta > reductase > dehydrogenase
NZ_SEON01000008.1:48149-49562:-1,WP_130030105.1,EWH10_RS17480,,SRPBCC family protein,4_410_CbdC,4,543.2,0.9823,3.2e-163,NZ_SEON01000008.1,48149,49562,-1,Sphingobium fuliginis,Bacteria; Pseudomonadati; Pseudomonadota; Alphaproteobacteria; Sphingomonadales; Sphingomonadaceae; Sphingobium,0,4_410_CbdC#1,core,0.9031,1,1,0,0,[alpha] > beta > other > alpha_other > beta > other
NZ_SGSU01000013.1:134424-135807:-1,WP_228257609.1,EXE25_RS12510,,Rieske 2Fe-2S domain-containing protein,4_410_CbdC,4,785.3,0.9845,1.1e-236,NZ_SGSU01000013.1,134424,135807,-1,Acinetobacter bouvetii,Bacteria; Pseudomonadati; Pseudomonadota; Gammaproteobacteria; Moraxellales; Moraxellaceae; Acinetobacter,0,4_410_CbdC#0,core,0.6485,2,1,0,1,[alpha] > beta > reductase
NZ_SMBK01000028.1:7129-8488:1,WP_074065326.1,EV129_RS33090,,Rieske 2Fe-2S domain-containing protein,4_410_CbdC,4,952.1,0.9956,2.8e-287,NZ_SMBK01000028.1,7129,8488,1,Rhizobium azibense,Bacteria; Pseudomonadati; Pseudomonadota; Alphaproteobacteria; Hyphomicrobiales; Rhizobiaceae; Rhizobium/Agrobacterium group; Rhizobium,0,4_410_CbdC#0,core,0.855,2,1,0,1,ring_cleavage > ring_cleavage > ring_cleavage > [alpha] > beta > reductase > dehydrogenase > transporter > other
NZ_SSBU01000003.1:345832-347191:-1,WP_090426002.1,E5176_RS06030,,Rieske 2Fe-2S domain-containing protein,4_410_CbdC,4,954.6,0.9956,5e-288,NZ_SSBU01000003.1,345832,347191,-1,Ensifer adhaerens,Bacteria; Pseudomonadati; Pseudomonadota; Alphaproteobacteria; Hyphomicrobiales; Rhizobiaceae; Sinorhizobium/Ensifer group; Ensifer,0,4_410_CbdC#0,core,0.8894,2,1,0,1,ring_cleavage > ring_cleavage > ring_cleavage > [alpha] > beta > reductase > dehydrogenase > transporter
NZ_SSWO01000008.1:250850-252209:1,WP_027792558.1,E9536_RS22185,,Rieske 2Fe-2S domain-containing protein,4_410_CbdC,4,958.7,0.9956,2.8e-289,NZ_SSWO01000008.1,250850,252209,1,Burkholderia sp. LS-044,Bacteria; Pseudomonadati; Pseudomonadota; Betaproteobacteria; Burkholderiales; Burkholderiaceae; Burkholderia,0,4_410_CbdC#0,core,0.9525,2,1,0,1,ring_cleavage > ring_cleavage > [alpha] > beta > reductase > dehydrogenase > other
NZ_UARC01000024.1:61927-63286:-1,WP_058903658.1,DTA18_RS34175,,Rieske 2Fe-2S domain-containing protein,4_410_CbdC,4,956.7,0.9956,1.1e-288,NZ_UARC01000024.1,61927,63286,-1,Burkholderia cenocepacia,Bacteria; Pseudomonadati; Pseudomonadota; Betaproteobacteria; Burkholderiales; Burkholderiaceae; Burkholderia; Burkholderia cepacia complex,0,4_410_CbdC#0,core,0.9398,2,1,0,1,ring_cleavage > ring_cleavage > [alpha] > beta > reductase > dehydrogenase > other
NZ_UFQB01000004.1:166011-167331:1,WP_129526596.1,AGI3411_RS06630,,aromatic ring-hydroxylating dioxygenase subunit alpha,4_410_CbdC,4,200.4,0.8097,3.1e-59,NZ_UFQB01000004.1,166011,167331,1,Achromobacter agilis,Bacteria; Pseudomonadati; Pseudomonadota; Betaproteobacteria; Burkholderiales; Alcaligenaceae; Achromobacter,0,4_410_CbdC#3,novel_candidate,0.2802,2,1,0,1,ferredoxin > reductase > reductase > [alpha] > beta > other > other > reductase > other > reductase
NZ_VFEW01000001.1:206061-207438:1,WP_076960887.1,FIV37_RS00920,,Rieske 2Fe-2S domain-containing protein,4_410_CbdC,4,895.9,0.9823,3.2e-270,NZ_VFEW01000001.1,206061,207438,1,Pseudomonas gessardii,Bacteria; Pseudomonadati; Pseudomonadota; Gammaproteobacteria; Pseudomonadales; Pseudomonadaceae; Pseudomonas,0,4_410_CbdC#0,core,0.963,2,1,0,1,regulator > [alpha] > beta > reductase > dehydrogenase > transporter > transporter
NZ_VFEP01000005.1:59388-60765:1,WP_053256199.1,FIP59_RS16325,,Rieske 2Fe-2S domain-containing protein,4_410_CbdC,4,891.1,0.9823,9e-269,NZ_VFEP01000005.1,59388,60765,1,Pseudomonas fluorescens,Bacteria; Pseudomonadati; Pseudomonadota; Gammaproteobacteria; Pseudomonadales; Pseudomonadaceae; Pseudomonas,0,4_410_CbdC#0,core,0.9678,2,1,0,1,regulator > [alpha] > beta > reductase > dehydrogenase > transporter
NZ_VJPM01000017.1:32516-33875:-1,WP_006397462.1,FEP08_RS21555,,Rieske 2Fe-2S domain-containing protein,4_410_CbdC,4,963.9,0.9956,7.2e-291,NZ_VJPM01000017.1,32516,33875,-1,Burkholderia multivorans,Bacteria; Pseudomonadati; Pseudomonadota; Betaproteobacteria; Burkholderiales; Burkholderiaceae; Burkholderia; Burkholderia cepacia complex,0,4_410_CbdC#0,core,0.935,2,1,0,1,ring_cleavage > ring_cleavage > ring_cleavage > [alpha] > beta > reductase > dehydrogenase > other > transporter
NZ_VJSF01000011.1:81481-82840:-1,WP_105855025.1,FEP80_RS09135,,Rieske 2Fe-2S domain-containing protein,4_410_CbdC,4,959.7,0.9956,1.4e-289,NZ_VJSF01000011.1,81481,82840,-1,Burkholderia multivorans,Bacteria; Pseudomonadati; Pseudomonadota; Betaproteobacteria; Burkholderiales; Burkholderiaceae; Burkholderia; Burkholderia cepacia complex,0,4_410_CbdC#0,core,0.9375,2,1,0,1,ring_cleavage > ring_cleavage > ring_cleavage > [alpha] > beta > reductase > dehydrogenase > other > transporter
NZ_VNTY01000015.1:44532-45915:-1,WP_024358235.1,FML10_RS17920,,Rieske 2Fe-2S domain-containing protein,4_410_CbdC,4,804.1,0.9823,2.2e-242,NZ_VNTY01000015.1,44532,45915,-1,Klebsiella grimontii,Bacteria; Pseudomonadati; Pseudomonadota; Gammaproteobacteria; Enterobacterales; Enterobacteriaceae; Klebsiella/Raoultella group; Klebsiella,0,4_410_CbdC#0,core,0.9347,2,1,0,1,ring_cleavage > ring_cleavage > ring_cleavage > [alpha] > beta > reductase > dehydrogenase
NZ_VNUQ01000005.1:229590-230973:1,WP_049085754.1,FML28_RS08820,,Rieske 2Fe-2S domain-containing protein,4_410_CbdC,4,804.3,0.9823,1.9e-242,NZ_VNUQ01000005.1,229590,230973,1,Klebsiella grimontii,Bacteria; Pseudomonadati; Pseudomonadota; Gammaproteobacteria; Enterobacterales; Enterobacteriaceae; Klebsiella/Raoultella group; Klebsiella,0,4_410_CbdC#0,core,0.9397,2,1,0,1,ring_cleavage > ring_cleavage > ring_cleavage > [alpha] > beta > reductase > dehydrogenase
NZ_VNVX01000014.1:102923-104306:1,WP_032696248.1,FML70_RS13530,,Rieske 2Fe-2S domain-containing protein,4_410_CbdC,4,790.5,0.9801,3.1e-238,NZ_VNVX01000014.1,102923,104306,1,Raoultella planticola,Bacteria; Pseudomonadati; Pseudomonadota; Gammaproteobacteria; Enterobacterales; Enterobacteriaceae; Klebsiella/Raoultella group; Raoultella,0,4_410_CbdC#0,core,0.9073,2,1,0,1,ring_cleavage > ring_cleavage > ring_cleavage > [alpha] > beta > reductase > dehydrogenase
NZ_VNWF01000002.1:55193-56576:-1,WP_044523467.1,FML64_RS03815,,Rieske 2Fe-2S domain-containing protein,4_410_CbdC,4,800.9,0.9823,2.1e-241,NZ_VNWF01000002.1,55193,56576,-1,Klebsiella quasipneumoniae,Bacteria; Pseudomonadati; Pseudomonadota; Gammaproteobacteria; Enterobacterales; Enterobacteriaceae; Klebsiella/Raoultella group; Klebsiella,0,4_410_CbdC#0,core,0.98,2,1,0,1,ring_cleavage > ring_cleavage > ring_cleavage > [alpha] > beta > reductase > dehydrogenase
NZ_VUCU01000001.1:137591-138974:-1,WP_015958481.1,F1D88_RS00705,,Rieske 2Fe-2S domain-containing protein,4_410_CbdC,4,803.2,0.9823,4.1e-242,NZ_VUCU01000001.1,137591,138974,-1,Klebsiella pneumoniae,Bacteria; Pseudomonadati; Pseudomonadota; Gammaproteobacteria; Enterobacterales; Enterobacteriaceae; Klebsiella/Raoultella group; Klebsiella,0,4_410_CbdC#0,core,0.9924,2,1,0,1,ring_cleavage > ring_cleavage > ring_cleavage > [alpha] > beta > reductase > dehydrogenase
NZ_VWXW01000068.1:13101-14478:1,WP_032891968.1,F3K52_RS03255,,Rieske 2Fe-2S domain-containing protein,4_410_CbdC,4,895.3,0.9823,4.9e-270,NZ_VWXW01000068.1,13101,14478,1,Pseudomonas lactis,Bacteria; Pseudomonadati; Pseudomonadota; Gammaproteobacteria; Pseudomonadales; Pseudomonadaceae; Pseudomonas,0,4_410_CbdC#0,core,0.9752,2,1,0,1,transporter > regulator > [alpha] > beta > reductase > dehydrogenase
NZ_VWRP01000053.1:16992-18375:1,WP_043083799.1,F1652_RS22530,,Rieske 2Fe-2S domain-containing protein,4_410_CbdC,4,806.1,0.9823,5.6e-243,NZ_VWRP01000053.1,16992,18375,1,Pluralibacter gergoviae,Bacteria; Pseudomonadati; Pseudomonadota; Gammaproteobacteria; Enterobacterales; Enterobacteriaceae; Pluralibacter,0,4_410_CbdC#0,core,0.9002,2,1,0,1,ring_cleavage > [alpha] > beta > reductase > dehydrogenase
NZ_VUOL01000001.1:120863-122240:1,WP_032860473.1,F1720_RS00525,,Rieske 2Fe-2S domain-containing protein,4_410_CbdC,4,901.8,0.9823,5.2e-272,NZ_VUOL01000001.1,120863,122240,1,Pseudomonas brenneri,Bacteria; Pseudomonadati; Pseudomonadota; Gammaproteobacteria; Pseudomonadales; Pseudomonadaceae; Pseudomonas,0,4_410_CbdC#0,core,0.9778,2,1,0,1,regulator > [alpha] > beta > reductase > dehydrogenase > transporter > transporter
NZ_VZOL01000157.1:1702-3061:-1,WP_059542143.1,F7R13_RS14145,,Rieske 2Fe-2S domain-containing protein,4_410_CbdC,4,961.4,0.9956,4.2e-290,NZ_VZOL01000157.1,1702,3061,-1,Burkholderia territorii,Bacteria; Pseudomonadati; Pseudomonadota; Betaproteobacteria; Burkholderiales; Burkholderiaceae; Burkholderia; Burkholderia cepacia complex,0,4_410_CbdC#0,core,0.9526,2,1,0,1,ring_cleavage > ring_cleavage > ring_cleavage > [alpha] > beta > reductase > reductase
NZ_WBMP01000001.1:476025-477399:1,WP_014420247.1,F6453_RS02080,,Rieske 2Fe-2S domain-containing protein,4_410_CbdC,4,789.4,0.9823,6.5e-238,NZ_WBMP01000001.1,476025,477399,1,Marinobacter nauticus,Bacteria; Pseudomonadati; Pseudomonadota; Gammaproteobacteria; Pseudomonadales; Marinobacteraceae; Marinobacter,0,4_410_CbdC#0,core,0.9236,2,1,0,1,ring_cleavage > ring_cleavage > ring_cleavage > [alpha] > beta > reductase > dehydrogenase > transporter > transporter
NZ_WHZI01000006.1:109371-110754:1,WP_023286498.1,GFB98_RS05170,,Rieske 2Fe-2S domain-containing protein,4_410_CbdC,4,798.2,0.9823,1.3e-240,NZ_WHZI01000006.1,109371,110754,1,Klebsiella pneumoniae,Bacteria; Pseudomonadati; Pseudomonadota; Gammaproteobacteria; Enterobacterales; Enterobacteriaceae; Klebsiella/Raoultella group; Klebsiella,0,4_410_CbdC#0,core,0.9825,2,1,0,1,ring_cleavage > ring_cleavage > ring_cleavage > [alpha] > beta > reductase > dehydrogenase
NZ_WITA01000062.1:14137-15496:-1,WP_014330448.1,GHK49_RS05005,,Rieske 2Fe-2S domain-containing protein,4_410_CbdC,4,953.1,0.9956,1.4e-287,NZ_WITA01000062.1,14137,15496,-1,Sinorhizobium fredii,Bacteria; Pseudomonadati; Pseudomonadota; Alphaproteobacteria; Hyphomicrobiales; Rhizobiaceae; Sinorhizobium/Ensifer group; Sinorhizobium,0,4_410_CbdC#2,core,0.8769,2,1,0,1,ring_cleavage > ring_cleavage > ring_cleavage > [alpha] > beta > reductase > dehydrogenase > transporter > other
NZ_WJPN01000015.1:11223-12579:-1,WP_043093403.1,GIY21_RS15775,,Rieske 2Fe-2S domain-containing protein,4_410_CbdC,4,919.5,0.9934,2.2e-277,NZ_WJPN01000015.1,11223,12579,-1,Xanthomonas sontii,Bacteria; Pseudomonadati; Pseudomonadota; Gammaproteobacteria; Lysobacterales; Lysobacteraceae; Xanthomonas,0,4_410_CbdC#0,core,0.84,2,1,0,1,ring_cleavage > ring_cleavage > ring_cleavage > [alpha] > beta > reductase > dehydrogenase > hydrolase > dehydrogenase > dehydrogenase
NZ_WKEX01000094.1:6338-7715:1,WP_003191120.1,GIW76_RS22160,,Rieske 2Fe-2S domain-containing protein,4_410_CbdC,4,893.8,0.9823,1.4e-269,NZ_WKEX01000094.1,6338,7715,1,Pseudomonas lactis,Bacteria; Pseudomonadati; Pseudomonadota; Gammaproteobacteria; Pseudomonadales; Pseudomonadaceae; Pseudomonas,0,4_410_CbdC#0,core,0.9504,2,1,0,1,transporter > regulator > [alpha] > beta > reductase > dehydrogenase
NZ_WMNT01000002.1:184410-185793:1,WP_032417158.1,HZ903_RS02475,,Rieske 2Fe-2S domain-containing protein,4_410_CbdC,4,804.1,0.9823,2.2e-242,NZ_WMNT01000002.1,184410,185793,1,Klebsiella pneumoniae,Bacteria; Pseudomonadati; Pseudomonadota; Gammaproteobacteria; Enterobacterales; Enterobacteriaceae; Klebsiella/Raoultella group; Klebsiella,0,4_410_CbdC#0,core,0.9925,2,1,0,1,ring_cleavage > ring_cleavage > ring_cleavage > [alpha] > beta > reductase > dehydrogenase
NZ_WMOF01000001.1:543904-545287:-1,WP_049116198.1,HZ977_RS02645,,Rieske 2Fe-2S domain-containing protein,4_410_CbdC,4,804.7,0.9823,1.5e-242,NZ_WMOF01000001.1,543904,545287,-1,Klebsiella quasipneumoniae,Bacteria; Pseudomonadati; Pseudomonadota; Gammaproteobacteria; Enterobacterales; Enterobacteriaceae; Klebsiella/Raoultella group; Klebsiella,0,4_410_CbdC#0,core,0.9775,2,1,0,1,ring_cleavage > ring_cleavage > ring_cleavage > [alpha] > beta > reductase > dehydrogenase
NZ_WMOZ01000003.1:366442-367825:-1,WP_046878380.1,HZ882_RS06680,,Rieske 2Fe-2S domain-containing protein,4_410_CbdC,4,806.4,0.9823,4.5e-243,NZ_WMOZ01000003.1,366442,367825,-1,Klebsiella michiganensis,Bacteria; Pseudomonadati; Pseudomonadota; Gammaproteobacteria; Enterobacterales; Enterobacteriaceae; Klebsiella/Raoultella group; Klebsiella,0,4_410_CbdC#0,core,0.935,1,0,0,1,ring_cleavage > ring_cleavage > ring_cleavage > [alpha] > ro_beta > reductase > dehydrogenase
NZ_WPBM01000032.1:14420-15803:1,WP_019705696.1,GOY53_RS18915,,Rieske 2Fe-2S domain-containing protein,4_410_CbdC,4,803.0,0.9823,4.8e-242,NZ_WPBM01000032.1,14420,15803,1,Klebsiella pneumoniae,Bacteria; Pseudomonadati; Pseudomonadota; Gammaproteobacteria; Enterobacterales; Enterobacteriaceae; Klebsiella/Raoultella group; Klebsiella,0,4_410_CbdC#0,core,0.99,2,1,0,1,ring_cleavage > ring_cleavage > ring_cleavage > [alpha] > beta > reductase > dehydrogenase
NZ_WPHX01000023.1:6995-8354:-1,WP_060717174.1,GOZ85_RS20205,,Rieske 2Fe-2S domain-containing protein,4_410_CbdC,4,955.9,0.9956,2e-288,NZ_WPHX01000023.1,6995,8354,-1,Agrobacterium vitis,Bacteria; Pseudomonadati; Pseudomonadota; Alphaproteobacteria; Hyphomicrobiales; Rhizobiaceae; Rhizobium/Agrobacterium group; Agrobacterium,0,4_410_CbdC#0,core,0.87,2,1,0,1,ring_cleavage > ring_cleavage > ring_cleavage > [alpha] > beta > reductase > dehydrogenase > transporter
NZ_WRXJ01000019.1:44606-45989:-1,WP_023159721.1,GQO55_RS08355,,Rieske 2Fe-2S domain-containing protein,4_410_CbdC,4,804.7,0.9823,1.4e-242,NZ_WRXJ01000019.1,44606,45989,-1,Klebsiella pneumoniae,Bacteria; Pseudomonadati; Pseudomonadota; Gammaproteobacteria; Enterobacterales; Enterobacteriaceae; Klebsiella/Raoultella group; Klebsiella,0,4_410_CbdC#0,core,0.9825,2,1,0,1,ring_cleavage > ring_cleavage > ring_cleavage > [alpha] > beta > reductase > dehydrogenase
NZ_WTEE01000017.1:93310-94693:-1,WP_020802152.1,GQQ60_RS13500,,Rieske 2Fe-2S domain-containing protein,4_410_CbdC,4,802.9,0.9823,5e-242,NZ_WTEE01000017.1,93310,94693,-1,Klebsiella pneumoniae,Bacteria; Pseudomonadati; Pseudomonadota; Gammaproteobacteria; Enterobacterales; Enterobacteriaceae; Klebsiella/Raoultella group; Klebsiella,0,4_410_CbdC#0,core,0.99,2,1,0,1,ring_cleavage > ring_cleavage > ring_cleavage > [alpha] > beta > reductase > dehydrogenase
NZ_WTEK01000003.1:316710-318093:-1,WP_004180098.1,GQQ66_RS09310,,Rieske 2Fe-2S domain-containing protein,4_410_CbdC,4,805.3,0.9823,9.7e-243,NZ_WTEK01000003.1,316710,318093,-1,Klebsiella pneumoniae,Bacteria; Pseudomonadati; Pseudomonadota; Gammaproteobacteria; Enterobacterales; Enterobacteriaceae; Klebsiella/Raoultella group; Klebsiella,0,4_410_CbdC#0,core,0.9875,2,1,0,1,ring_cleavage > ring_cleavage > ring_cleavage > [alpha] > beta > reductase > dehydrogenase
NZ_WUFB01000009.1:65400-66759:1,WP_018245109.1,GR243_RS20665,,Rieske 2Fe-2S domain-containing protein,4_410_CbdC,4,953.8,0.9956,8.7e-288,NZ_WUFB01000009.1,65400,66759,1,Rhizobium leguminosarum,Bacteria; Pseudomonadati; Pseudomonadota; Alphaproteobacteria; Hyphomicrobiales; Rhizobiaceae; Rhizobium/Agrobacterium group; Rhizobium,0,4_410_CbdC#0,core,0.8822,2,1,0,1,ring_cleavage > ring_cleavage > ring_cleavage > [alpha] > beta > reductase > dehydrogenase > transporter
NZ_WTDF01000006.1:166054-167437:1,WP_040189858.1,GQQ35_RS08480,,Rieske 2Fe-2S domain-containing protein,4_410_CbdC,4,803.3,0.9823,3.8e-242,NZ_WTDF01000006.1,166054,167437,1,Klebsiella pneumoniae,Bacteria; Pseudomonadati; Pseudomonadota; Gammaproteobacteria; Enterobacterales; Enterobacteriaceae; Klebsiella/Raoultella group; Klebsiella,0,4_410_CbdC#0,core,0.9875,2,1,0,1,ring_cleavage > ring_cleavage > ring_cleavage > [alpha] > beta > reductase > dehydrogenase
NZ_WTDL01000003.1:415093-416476:1,WP_009485868.1,GQQ41_RS09455,,Rieske 2Fe-2S domain-containing protein,4_410_CbdC,4,799.3,0.9823,6.4e-241,NZ_WTDL01000003.1,415093,416476,1,Klebsiella pneumoniae,Bacteria; Pseudomonadati; Pseudomonadota; Gammaproteobacteria; Enterobacterales; Enterobacteriaceae; Klebsiella/Raoultella group; Klebsiella,0,4_410_CbdC#0,core,0.9875,2,1,0,1,ring_cleavage > ring_cleavage > ring_cleavage > [alpha] > beta > reductase > dehydrogenase
NZ_WTDM01000001.1:586536-587919:1,WP_004891644.1,GQQ42_RS02940,,Rieske 2Fe-2S domain-containing protein,4_410_CbdC,4,801.8,0.9823,1.1e-241,NZ_WTDM01000001.1,586536,587919,1,Klebsiella pneumoniae,Bacteria; Pseudomonadati; Pseudomonadota; Gammaproteobacteria; Enterobacterales; Enterobacteriaceae; Klebsiella/Raoultella group; Klebsiella,0,4_410_CbdC#0,core,0.9875,2,1,0,1,ring_cleavage > ring_cleavage > ring_cleavage > [alpha] > beta > reductase > dehydrogenase
NZ_WULW01000005.1:162891-164274:-1,WP_023341627.1,GR698_RS09270,,Rieske 2Fe-2S domain-containing protein,4_410_CbdC,4,802.1,0.9823,8.8e-242,NZ_WULW01000005.1,162891,164274,-1,Klebsiella pneumoniae,Bacteria; Pseudomonadati; Pseudomonadota; Gammaproteobacteria; Enterobacterales; Enterobacteriaceae; Klebsiella/Raoultella group; Klebsiella,0,4_410_CbdC#0,core,0.9925,2,1,0,1,ring_cleavage > ring_cleavage > ring_cleavage > [alpha] > beta > reductase > dehydrogenase
NZ_WULK01000003.1:324595-325978:1,WP_032410330.1,GR697_RS05550,,Rieske 2Fe-2S domain-containing protein,4_410_CbdC,4,804.4,0.9823,1.8e-242,NZ_WULK01000003.1,324595,325978,1,Klebsiella pneumoniae,Bacteria; Pseudomonadati; Pseudomonadota; Gammaproteobacteria; Enterobacterales; Enterobacteriaceae; Klebsiella/Raoultella group; Klebsiella,0,4_410_CbdC#0,core,0.995,2,1,0,1,ring_cleavage > ring_cleavage > ring_cleavage > [alpha] > beta > reductase > dehydrogenase
NZ_WULP01000001.1:555028-556411:1,WP_004175987.1,GR669_RS02875,,Rieske 2Fe-2S domain-containing protein,4_410_CbdC,4,803.8,0.9823,2.7e-242,NZ_WULP01000001.1,555028,556411,1,Klebsiella pneumoniae,Bacteria; Pseudomonadati; Pseudomonadota; Gammaproteobacteria; Enterobacterales; Enterobacteriaceae; Klebsiella/Raoultella group; Klebsiella,0,4_410_CbdC#0,core,0.995,2,1,0,1,ring_cleavage > ring_cleavage > ring_cleavage > [alpha] > beta > reductase > dehydrogenase
NZ_WULU01000007.1:149922-151305:1,WP_032441228.1,GR691_RS09700,,Rieske 2Fe-2S domain-containing protein,4_410_CbdC,4,803.4,0.9823,3.6e-242,NZ_WULU01000007.1,149922,151305,1,Klebsiella pneumoniae,Bacteria; Pseudomonadati; Pseudomonadota; Gammaproteobacteria; Enterobacterales; Enterobacteriaceae; Klebsiella/Raoultella group; Klebsiella,0,4_410_CbdC#0,core,0.9875,2,1,0,1,ring_cleavage > ring_cleavage > ring_cleavage > [alpha] > beta > reductase > dehydrogenase
NZ_WUUJ01000005.1:40662-42045:1,WP_032456123.1,GRX70_RS06020,,Rieske 2Fe-2S domain-containing protein,4_410_CbdC,4,804.9,0.9823,1.3e-242,NZ_WUUJ01000005.1,40662,42045,1,Klebsiella quasipneumoniae,Bacteria; Pseudomonadati; Pseudomonadota; Gammaproteobacteria; Enterobacterales; Enterobacteriaceae; Klebsiella/Raoultella group; Klebsiella,0,4_410_CbdC#0,core,0.9775,2,1,0,1,ring_cleavage > ring_cleavage > ring_cleavage > [alpha] > beta > reductase > dehydrogenase
NZ_WVVY01000001.1:562284-563667:-1,WP_004189850.1,GV815_RS02710,,Rieske 2Fe-2S domain-containing protein,4_410_CbdC,4,802.2,0.9823,8.2e-242,NZ_WVVY01000001.1,562284,563667,-1,Klebsiella pneumoniae,Bacteria; Pseudomonadati; Pseudomonadota; Gammaproteobacteria; Enterobacterales; Enterobacteriaceae; Klebsiella/Raoultella group; Klebsiella,0,4_410_CbdC#0,core,0.9699,2,1,0,1,ring_cleavage > ring_cleavage > ring_cleavage > [alpha] > beta > reductase > dehydrogenase
NZ_WVTN01000012.1:56953-58336:-1,WP_004101913.1,GTJ45_RS14485,,Rieske 2Fe-2S domain-containing protein,4_410_CbdC,4,803.1,0.9823,4.4e-242,NZ_WVTN01000012.1,56953,58336,-1,Klebsiella oxytoca,Bacteria; Pseudomonadati; Pseudomonadota; Gammaproteobacteria; Enterobacterales; Enterobacteriaceae; Klebsiella/Raoultella group; Klebsiella,0,4_410_CbdC#0,core,0.9425,2,1,0,1,ring_cleavage > ring_cleavage > ring_cleavage > [alpha] > beta > reductase > dehydrogenase
NZ_WWPX01000002.1:36543-37926:-1,WP_002906468.1,GTU50_RS02755,,Rieske 2Fe-2S domain-containing protein,4_410_CbdC,4,804.1,0.9823,2.2e-242,NZ_WWPX01000002.1,36543,37926,-1,Klebsiella pneumoniae,Bacteria; Pseudomonadati; Pseudomonadota; Gammaproteobacteria; Enterobacterales; Enterobacteriaceae; Klebsiella/Raoultella group; Klebsiella,0,4_410_CbdC#0,core,0.9925,2,1,0,1,ring_cleavage > ring_cleavage > ring_cleavage > [alpha] > beta > reductase > dehydrogenase
NZ_WXXP01000010.1:158617-159964:1,WP_164000100.1,GUK36_RS23175,,Rieske 2Fe-2S domain-containing protein,4_410_CbdC,4,935.1,0.9956,4.1e-282,NZ_WXXP01000010.1,158617,159964,1,Rhizobium leguminosarum,Bacteria; Pseudomonadati; Pseudomonadota; Alphaproteobacteria; Hyphomicrobiales; Rhizobiaceae; Rhizobium/Agrobacterium group; Rhizobium,0,4_410_CbdC#0,core,0.8759,2,1,0,1,ring_cleavage > ring_cleavage > ring_cleavage > [alpha] > beta > reductase > dehydrogenase > transporter
NZ_WXZN01000049.1:152882-154265:-1,WP_004148514.1,GUC60_RS19535,,Rieske 2Fe-2S domain-containing protein,4_410_CbdC,4,801.8,0.9823,1.1e-241,NZ_WXZN01000049.1,152882,154265,-1,Klebsiella pneumoniae,Bacteria; Pseudomonadati; Pseudomonadota; Gammaproteobacteria; Enterobacterales; Enterobacteriaceae; Klebsiella/Raoultella group; Klebsiella,0,4_410_CbdC#0,core,0.9925,2,1,0,1,ring_cleavage > ring_cleavage > ring_cleavage > [alpha] > beta > reductase > dehydrogenase
NZ_WXZY01000045.1:6224-7607:1,WP_004200054.1,GUK38_RS25520,,Rieske 2Fe-2S domain-containing protein,4_410_CbdC,4,801.3,0.9823,1.5e-241,NZ_WXZY01000045.1,6224,7607,1,Klebsiella pneumoniae,Bacteria; Pseudomonadati; Pseudomonadota; Gammaproteobacteria; Enterobacterales; Enterobacteriaceae; Klebsiella/Raoultella group; Klebsiella,0,4_410_CbdC#0,core,0.9825,2,1,0,1,ring_cleavage > ring_cleavage > ring_cleavage > [alpha] > beta > reductase > dehydrogenase
NZ_WYAL01000007.1:100581-101964:1,WP_004175987.1,GUK32_RS06420,,Rieske 2Fe-2S domain-containing protein,4_410_CbdC,4,803.8,0.9823,2.7e-242,NZ_WYAL01000007.1,100581,101964,1,Klebsiella pneumoniae,Bacteria; Pseudomonadati; Pseudomonadota; Gammaproteobacteria; Enterobacterales; Enterobacteriaceae; Klebsiella/Raoultella group; Klebsiella,0,4_410_CbdC#0,core,0.995,2,1,0,1,ring_cleavage > ring_cleavage > ring_cleavage > [alpha] > beta > reductase > dehydrogenase
