candidate_id,protein_id,locus_tag,gene,product,ro_cluster,ro_group,hmm_score,model_coverage,hmm_evalue,nucleotide_id,start,end,strand,organism,taxonomy,is_plasmid,leaf_id,assignment_class,core_identity,operon_completeness,has_beta,has_ferredoxin,has_reductase,layout
NC_007488.2:73814-75047:-1,WP_011331303.1,RSP_RS20125,,SRPBCC family protein,5_506_Stc2,5,637.3,0.983,6.3e-192,NC_007488.2,73814,75047,-1,Cereibacter sphaeroides 2.4.1,Bacteria; Pseudomonadati; Pseudomonadota; Alphaproteobacteria; Rhodobacterales; Paracoccaceae; Cereibacter,1,5_506_Stc2#31,core,0.5918,1,0,0,1,[alpha] > reductase
NC_007766.1:440094-441348:1,WP_011428694.1,RHE_RS28455,,SRPBCC family protein,5_506_Stc2,5,411.2,0.9636,2.8e-123,NC_007766.1,440094,441348,1,Rhizobium etli CFN 42,Bacteria; Pseudomonadati; Pseudomonadota; Alphaproteobacteria; Hyphomicrobiales; Rhizobiaceae; Rhizobium/Agrobacterium group; Rhizobium,1,5_506_Stc2#5,core,0.9238,1,0,0,1,[alpha] > reductase
NC_008043.1:215136-216363:-1,WP_011536837.1,TM1040_RS01525,,aromatic ring-hydroxylating dioxygenase subunit alpha,5_506_Stc2,5,780.9,0.9879,1.5e-235,NC_008043.1,215136,216363,-1,Ruegeria sp. TM1040,Bacteria; Pseudomonadati; Pseudomonadota; Alphaproteobacteria; Rhodobacterales; Roseobacteraceae; Ruegeria,1,5_506_Stc2#41,core,0.7275,1,0,0,1,[alpha] > reductase
NC_009427.1:93739-94918:1,WP_011906737.1,SARO_RS18325,,aromatic ring-hydroxylating dioxygenase subunit alpha,5_506_Stc2,5,116.3,0.4709,9.5e-34,NC_009427.1,93739,94918,1,Novosphingobium aromaticivorans DSM 12444,Bacteria; Pseudomonadati; Pseudomonadota; Alphaproteobacteria; Sphingomonadales; Sphingomonadaceae; Novosphingobium,1,5_506_Stc2#13,core,0.864,0,0,0,0,[alpha] > other > other > other > other > hypothetical > hypothetical > hypothetical
NC_009427.1:113749-115099:-1,WP_011906752.1,SARO_RS18400,,SRPBCC family protein,5_506_Stc2,5,109.4,0.4757,1.2e-31,NC_009427.1,113749,115099,-1,Novosphingobium aromaticivorans DSM 12444,Bacteria; Pseudomonadati; Pseudomonadota; Alphaproteobacteria; Sphingomonadales; Sphingomonadaceae; Novosphingobium,1,5_506_Stc2#30,novel_candidate,0.25,0,0,0,0,other > reductase > hypothetical > [alpha]
NC_009427.1:156110-157457:1,WP_011906786.1,SARO_RS18570,,SRPBCC family protein,5_506_Stc2,5,111.3,0.4684,3.2e-32,NC_009427.1,156110,157457,1,Novosphingobium aromaticivorans DSM 12444,Bacteria; Pseudomonadati; Pseudomonadota; Alphaproteobacteria; Sphingomonadales; Sphingomonadaceae; Novosphingobium,1,5_506_Stc2#38,novel_candidate,0.2946,0,0,0,0,other > alpha_other > other > alpha_other > other > other > [alpha] > reductase > hypothetical > reductase
NC_008378.1:583642-584896:-1,WP_011649299.1,RL_RS35590,,SRPBCC family protein,5_506_Stc2,5,408.4,0.966,2e-122,NC_008378.1,583642,584896,-1,Rhizobium johnstonii 3841,Bacteria; Pseudomonadati; Pseudomonadota; Alphaproteobacteria; Hyphomicrobiales; Rhizobiaceae; Rhizobium/Agrobacterium group; Rhizobium; Rhizobium johnstonii,1,5_506_Stc2#5,core,0.9267,1,0,0,1,[alpha] > reductase
NC_013857.1:217767-219048:1,WP_012977300.1,AZL_RS25470,,SRPBCC family protein,5_506_Stc2,5,451.0,0.983,2.3e-135,NC_013857.1,217767,219048,1,Azospirillum sp. B510,Bacteria; Pseudomonadati; Pseudomonadota; Alphaproteobacteria; Rhodospirillales; Azospirillaceae; Azospirillum,1,5_506_Stc2#136,core,0.6511,1,0,0,1,[alpha] > reductase > regulator
NC_020548.1:200524-201766:-1,WP_015451847.1,AZKH_RS23775,,aromatic ring-hydroxylating dioxygenase subunit alpha,5_506_Stc2,5,469.9,0.9684,4.4e-141,NC_020548.1,200524,201766,-1,Azoarcus sp. KH32C,Bacteria; Pseudomonadati; Pseudomonadota; Betaproteobacteria; Rhodocyclales; Zoogloeaceae; Azoarcus,1,5_506_Stc2#28,core,0.6991,1,0,0,1,[alpha] > reductase > other
NZ_AAUW01000008.1:201340-202576:1,WP_006935058.1,SIAM614_RS12855,,aromatic ring-hydroxylating dioxygenase subunit alpha,5_506_Stc2,5,684.8,0.9733,2.5e-206,NZ_AAUW01000008.1,201340,202576,1,Roseibium aggregatum IAM 12614,Bacteria; Pseudomonadati; Pseudomonadota; Alphaproteobacteria; Hyphomicrobiales; Stappiaceae; Roseibium,0,5_506_Stc2#87,core,0.6384,1,0,0,1,reductase > [alpha] > reductase > hypothetical
NZ_ABLK01000001.1:16477-17719:1,WP_006756085.1,BAMMEX5DRAFT_RS00075,,aromatic ring-hydroxylating dioxygenase subunit alpha,5_506_Stc2,5,466.2,0.9684,5.4e-140,NZ_ABLK01000001.1,16477,17719,1,Burkholderia ambifaria MEX-5,Bacteria; Pseudomonadati; Pseudomonadota; Betaproteobacteria; Burkholderiales; Burkholderiaceae; Burkholderia; Burkholderia cepacia complex,0,5_506_Stc2#1,core,0.9741,1,0,0,1,other > other > hypothetical > reductase > other > reductase > reductase > [alpha] > reductase > transporter
NZ_ABLC01000002.1:96128-97370:-1,WP_006749543.1,BAMIOP4010_RS01585,,aromatic ring-hydroxylating dioxygenase subunit alpha,5_506_Stc2,5,466.2,0.9684,5.5e-140,NZ_ABLC01000002.1,96128,97370,-1,Burkholderia ambifaria IOP40-10,Bacteria; Pseudomonadati; Pseudomonadota; Betaproteobacteria; Burkholderiales; Burkholderiaceae; Burkholderia; Burkholderia cepacia complex,0,5_506_Stc2#1,core,0.9713,1,0,0,1,other > other > hypothetical > reductase > other > reductase > reductase > [alpha] > reductase > transporter
NZ_ACFC01000009.1:146626-147886:1,WP_006406793.1,BURMUCGD2_RS19725,,SRPBCC family protein,5_506_Stc2,5,386.7,0.9563,7.7e-116,NZ_ACFC01000009.1,146626,147886,1,Burkholderia multivorans CGD2,Bacteria; Pseudomonadati; Pseudomonadota; Betaproteobacteria; Burkholderiales; Burkholderiaceae; Burkholderia; Burkholderia cepacia complex,0,5_506_Stc2#20,divergent,0.5312,1,0,0,1,[alpha] > reductase > regulator
NZ_ACIS01000002.1:519974-521234:-1,WP_008953043.1,FURADRAFT_RS05055,,aromatic ring-hydroxylating dioxygenase subunit alpha,5_506_Stc2,5,498.7,0.9612,7.7e-150,NZ_ACIS01000002.1,519974,521234,-1,Pseudogulbenkiania ferrooxidans 2002,Bacteria; Pseudomonadati; Pseudomonadota; Betaproteobacteria; Neisseriales; Chromobacteriaceae; Pseudogulbenkiania,0,5_506_Stc2#1,core,0.6919,1,0,0,1,hypothetical > reductase > other > reductase > reductase > [alpha] > reductase
NZ_ACJD01000004.1:38566-39814:1,WP_002967814.1,BCETI_RS1000007010080,,SRPBCC family protein,5_506_Stc2,5,645.2,0.9757,2.5e-194,NZ_ACJD01000004.1,38566,39814,1,Brucella ceti str. Cudo,Bacteria; Pseudomonadati; Pseudomonadota; Alphaproteobacteria; Hyphomicrobiales; Brucellaceae; Brucella/Ochrobactrum group; Brucella,0,5_506_Stc2#15,core,0.9864,1,0,0,1,[alpha] > reductase
NZ_ACFC01000006.1:160025-161267:1,WP_006396366.1,BURMUCGD2_RS15100,,aromatic ring-hydroxylating dioxygenase subunit alpha,5_506_Stc2,5,466.2,0.9684,5.5e-140,NZ_ACFC01000006.1,160025,161267,1,Burkholderia multivorans CGD2,Bacteria; Pseudomonadati; Pseudomonadota; Betaproteobacteria; Burkholderiales; Burkholderiaceae; Burkholderia; Burkholderia cepacia complex,0,5_506_Stc2#1,core,0.9712,1,0,0,1,other > other > hypothetical > reductase > other > reductase > reductase > [alpha] > reductase > transporter
NZ_AEJF01000108.1:116413-117667:1,WP_047847889.1,EOS_RS17350,,SRPBCC family protein,5_506_Stc2,5,375.7,0.9539,1.7e-112,NZ_AEJF01000108.1,116413,117667,1,Caballeronia mineralivorans PML1(12),Bacteria; Pseudomonadati; Pseudomonadota; Betaproteobacteria; Burkholderiales; Burkholderiaceae; Caballeronia,0,5_506_Stc2#82,core,0.5818,0,0,0,0,[alpha]
NZ_AEJF01000092.1:54799-56098:1,WP_047847421.1,EOS_RS14860,,SRPBCC family protein,5_506_Stc2,5,460.1,0.9709,3.9e-138,NZ_AEJF01000092.1,54799,56098,1,Caballeronia mineralivorans PML1(12),Bacteria; Pseudomonadati; Pseudomonadota; Betaproteobacteria; Burkholderiales; Burkholderiaceae; Caballeronia,0,5_506_Stc2#1,core,0.7878,1,0,0,1,other > other > hypothetical > reductase > other > reductase > reductase > [alpha] > reductase > transporter
NZ_AEYE02000023.1:91685-92939:-1,WP_016555918.1,RGCCGE502_RS19530,,SRPBCC family protein,5_506_Stc2,5,408.9,0.966,1.4e-122,NZ_AEYE02000023.1,91685,92939,-1,Rhizobium grahamii CCGE 502,Bacteria; Pseudomonadati; Pseudomonadota; Alphaproteobacteria; Hyphomicrobiales; Rhizobiaceae; Rhizobium/Agrobacterium group; Rhizobium,0,5_506_Stc2#5,core,0.8915,1,0,0,1,[alpha] > reductase > other
NZ_AEYE02000005.1:82488-83733:1,WP_016552971.1,RGCCGE502_RS04450,,aromatic ring-hydroxylating dioxygenase subunit alpha,5_506_Stc2,5,642.8,0.9782,1.4e-193,NZ_AEYE02000005.1,82488,83733,1,Rhizobium grahamii CCGE 502,Bacteria; Pseudomonadati; Pseudomonadota; Alphaproteobacteria; Hyphomicrobiales; Rhizobiaceae; Rhizobium/Agrobacterium group; Rhizobium,0,5_506_Stc2#2,core,0.8251,0,0,0,0,[alpha]
NZ_AEYF01000042.1:26600-27845:-1,WP_007632911.1,RCCGE510_RS19875,,aromatic ring-hydroxylating dioxygenase subunit alpha,5_506_Stc2,5,632.0,0.9782,2.6e-190,NZ_AEYF01000042.1,26600,27845,-1,Rhizobium sp. CCGE 510,Bacteria; Pseudomonadati; Pseudomonadota; Alphaproteobacteria; Hyphomicrobiales; Rhizobiaceae; Rhizobium/Agrobacterium group; Rhizobium,0,5_506_Stc2#2,core,0.8598,0,0,0,0,[alpha] > other
NZ_AFCF02000016.1:139299-140499:1,WP_019296993.1,GC1_RS21700,,aromatic ring-hydroxylating dioxygenase subunit alpha,5_506_Stc2,5,283.4,0.9199,1.8e-84,NZ_AFCF02000016.1,139299,140499,1,Leisingera sp. ANG1,Bacteria; Pseudomonadati; Pseudomonadota; Alphaproteobacteria; Rhodobacterales; Roseobacteraceae; Leisingera,0,5_506_Stc2#22,novel_candidate,0.3724,1,0,0,1,transporter > transporter > transporter > other > reductase > [alpha] > other
NZ_AFCF02000006.1:191418-192654:1,WP_029204927.1,GC1_RS10385,,SRPBCC family protein,5_506_Stc2,5,783.0,0.9854,3.7e-236,NZ_AFCF02000006.1,191418,192654,1,Leisingera sp. ANG1,Bacteria; Pseudomonadati; Pseudomonadota; Alphaproteobacteria; Rhodobacterales; Roseobacteraceae; Leisingera,0,5_506_Stc2#23,core,0.7201,1,0,0,1,[alpha] > reductase > other
NZ_AFPR01000322.1:352-1594:-1,WP_007423675.1,APM_RS12145,,SRPBCC family protein,5_506_Stc2,5,410.6,0.9709,4.2e-123,NZ_AFPR01000322.1,352,1594,-1,Acidiphilium sp. PM,Bacteria; Pseudomonadati; Pseudomonadota; Alphaproteobacteria; Acetobacterales; Acidocellaceae; Acidiphilium,0,5_506_Stc2#27,divergent,0.4501,0,0,0,0,[alpha] > other
NZ_AFHG01000052.1:240279-241383:1,WP_008062133.1,METUNV1_RS12185,,aromatic ring-hydroxylating dioxygenase subunit alpha,5_506_Stc2,5,74.0,0.733,6.9e-21,NZ_AFHG01000052.1,240279,241383,1,Methyloversatilis universalis FAM5,Bacteria; Pseudomonadati; Pseudomonadota; Betaproteobacteria; Nitrosomonadales; Sterolibacteriaceae; Methyloversatilis,0,5_506_Stc2#9,core,0.5731,0,0,0,0,[alpha] > transporter > other > other > hypothetical
NZ_AGJK01000285.1:2425-3685:-1,WP_003605821.1,METEXDRAFT_RS27365,,SRPBCC family protein,5_506_Stc2,5,455.3,0.9684,1.1e-136,NZ_AGJK01000285.1,2425,3685,-1,Methylorubrum extorquens DSM 13060,Bacteria; Pseudomonadati; Pseudomonadota; Alphaproteobacteria; Hyphomicrobiales; Methylobacteriaceae; Methylorubrum,0,5_506_Stc2#39,core,0.6364,1,0,0,1,other > other > [alpha] > reductase > reductase
NZ_AGVV01000064.1:35717-36962:1,WP_003533331.1,SM0020_RS09085,,aromatic ring-hydroxylating dioxygenase subunit alpha,5_506_Stc2,5,625.6,0.9733,2.3e-188,NZ_AGVV01000064.1,35717,36962,1,Sinorhizobium meliloti CCNWSX0020,Bacteria; Pseudomonadati; Pseudomonadota; Alphaproteobacteria; Hyphomicrobiales; Rhizobiaceae; Sinorhizobium/Ensifer group; Sinorhizobium,0,5_506_Stc2#2,core,0.8333,1,0,0,1,[alpha] > reductase
NZ_AGUF01000055.1:117685-118831:-1,WP_008164207.1,KYC_RS16140,,aromatic ring-hydroxylating dioxygenase subunit alpha,5_506_Stc2,5,68.7,0.75,2.7e-19,NZ_AGUF01000055.1,117685,118831,-1,Achromobacter arsenitoxydans SY8,Bacteria; Pseudomonadati; Pseudomonadota; Betaproteobacteria; Burkholderiales; Alcaligenaceae; Achromobacter,0,5_506_Stc2#9,core,0.9914,0,0,0,0,[alpha]
NZ_AHZC01000021.1:4610-5855:-1,WP_007597087.1,PDO_RS01835,,aromatic ring-hydroxylating dioxygenase subunit alpha,5_506_Stc2,5,629.4,0.9782,1.5e-189,NZ_AHZC01000021.1,4610,5855,-1,Rhizobium sp. PDO1-076,Bacteria; Pseudomonadati; Pseudomonadota; Alphaproteobacteria; Hyphomicrobiales; Rhizobiaceae; Rhizobium/Agrobacterium group; Rhizobium,0,5_506_Stc2#3,core,0.8005,1,0,0,1,[alpha] > reductase
NZ_AJVM01000095.1:36084-37329:-1,WP_007703733.1,PMI03_RS30445,,aromatic ring-hydroxylating dioxygenase subunit alpha,5_506_Stc2,5,636.9,0.9806,8.6e-192,NZ_AJVM01000095.1,36084,37329,-1,Rhizobium sp. AP16,Bacteria; Pseudomonadati; Pseudomonadota; Alphaproteobacteria; Hyphomicrobiales; Rhizobiaceae; Rhizobium/Agrobacterium group; Rhizobium,0,5_506_Stc2#8,core,0.8602,1,0,0,1,[alpha] > reductase
NZ_AJWE01000054.1:21684-22929:1,WP_007817910.1,PMI11_RS13740,,aromatic ring-hydroxylating dioxygenase subunit alpha,5_506_Stc2,5,641.3,0.9782,3.9e-193,NZ_AJWE01000054.1,21684,22929,1,Rhizobium sp. CF142,Bacteria; Pseudomonadati; Pseudomonadota; Alphaproteobacteria; Hyphomicrobiales; Rhizobiaceae; Rhizobium/Agrobacterium group; Rhizobium,0,5_506_Stc2#2,core,0.8587,0,0,0,0,[alpha] > other
NZ_AJWE01000089.1:75914-77168:1,WP_007819526.1,PMI11_RS17640,,aromatic ring-hydroxylating dioxygenase subunit alpha,5_506_Stc2,5,412.5,0.966,1.2e-123,NZ_AJWE01000089.1,75914,77168,1,Rhizobium sp. CF142,Bacteria; Pseudomonadati; Pseudomonadota; Alphaproteobacteria; Hyphomicrobiales; Rhizobiaceae; Rhizobium/Agrobacterium group; Rhizobium,0,5_506_Stc2#14,core,0.8988,1,0,0,1,[alpha] > reductase
NZ_AJJH01000164.1:92787-93960:1,WP_007300410.1,W59_RS29435,,aromatic ring-hydroxylating dioxygenase subunit alpha,5_506_Stc2,5,212.1,0.7985,7.7e-63,NZ_AJJH01000164.1,92787,93960,1,Rhodococcus opacus RKJ300 = JCM 13270,Bacteria; Bacillati; Actinomycetota; Actinomycetes; Mycobacteriales; Nocardiaceae; Rhodococcus,0,5_506_Stc2#0,core,0.9972,0,0,0,0,[alpha] > transporter > dehydrogenase > transporter > reductase
NZ_AJYC02000012.1:95265-96426:1,WP_005253985.1,WSS_RS04320,,aromatic ring-hydroxylating dioxygenase subunit alpha,5_506_Stc2,5,212.2,0.7985,7.3e-63,NZ_AJYC02000012.1,95265,96426,1,Rhodococcus opacus M213,Bacteria; Bacillati; Actinomycetota; Actinomycetes; Mycobacteriales; Nocardiaceae; Rhodococcus,0,5_506_Stc2#0,core,0.9972,0,0,0,0,[alpha] > transporter > dehydrogenase > transporter > reductase
NZ_AKJC01000126.1:26547-27807:1,WP_008093916.1,PMI38_RS11365,,SRPBCC family protein,5_506_Stc2,5,388.2,0.9587,2.7e-116,NZ_AKJC01000126.1,26547,27807,1,Pseudomonas sp. GM84,Bacteria; Pseudomonadati; Pseudomonadota; Gammaproteobacteria; Pseudomonadales; Pseudomonadaceae; Pseudomonas,0,5_506_Stc2#18,core,0.5559,1,0,0,1,transporter > reductase > hydrolase > other > regulator > [alpha] > reductase > transporter
NZ_AKJH01000032.1:16811-18068:1,WP_008038814.1,PMI33_RS19355,,SRPBCC family protein,5_506_Stc2,5,373.9,0.966,5.9e-112,NZ_AKJH01000032.1,16811,18068,1,Pseudomonas sp. GM67,Bacteria; Pseudomonadati; Pseudomonadota; Gammaproteobacteria; Pseudomonadales; Pseudomonadaceae; Pseudomonas,0,5_506_Stc2#18,divergent,0.5428,1,0,0,1,regulator > [alpha] > reductase > hydrolase > other
NZ_AKIZ01000016.1:665512-666754:-1,WP_008124528.1,PMI41_RS10525,,aromatic ring-hydroxylating dioxygenase subunit alpha,5_506_Stc2,5,638.6,0.9733,2.6e-192,NZ_AKIZ01000016.1,665512,666754,-1,Phyllobacterium sp. YR531,Bacteria; Pseudomonadati; Pseudomonadota; Alphaproteobacteria; Hyphomicrobiales; Phyllobacteriaceae; Phyllobacterium,0,5_506_Stc2#2,core,0.7867,1,0,0,1,[alpha] > reductase > regulator > other > ring_cleavage
NZ_AKIZ01000040.1:95932-97165:-1,WP_008129129.1,PMI41_RS23640,,aromatic ring-hydroxylating dioxygenase subunit alpha,5_506_Stc2,5,303.5,0.9636,1.4e-90,NZ_AKIZ01000040.1,95932,97165,-1,Phyllobacterium sp. YR531,Bacteria; Pseudomonadati; Pseudomonadota; Alphaproteobacteria; Hyphomicrobiales; Phyllobacteriaceae; Phyllobacterium,0,5_506_Stc2#6,core,0.7881,1,0,0,1,[alpha] > reductase > reductase
NZ_AKJR01000196.1:46483-47719:-1,WP_007913219.1,PMI23_RS21360,,aromatic ring-hydroxylating dioxygenase subunit alpha,5_506_Stc2,5,593.2,0.9782,1.6e-178,NZ_AKJR01000196.1,46483,47719,-1,Pseudomonas sp. GM24,Bacteria; Pseudomonadati; Pseudomonadota; Gammaproteobacteria; Pseudomonadales; Pseudomonadaceae; Pseudomonas,0,5_506_Stc2#4,core,0.8343,0,0,0,0,regulator > other > [alpha] > transporter
NZ_AKJQ01000038.1:218948-220184:1,WP_007955407.1,PMI24_RS15260,,aromatic ring-hydroxylating dioxygenase subunit alpha,5_506_Stc2,5,593.6,0.9782,1.2e-178,NZ_AKJQ01000038.1,218948,220184,1,Pseudomonas sp. GM25,Bacteria; Pseudomonadati; Pseudomonadota; Gammaproteobacteria; Pseudomonadales; Pseudomonadaceae; Pseudomonas,0,5_506_Stc2#140,core,0.825,0,0,0,0,regulator > other > [alpha] > transporter
NZ_AKJS01000112.1:30948-32205:-1,WP_007946918.1,PMI22_RS10620,,SRPBCC family protein,5_506_Stc2,5,372.4,0.9636,1.7e-111,NZ_AKJS01000112.1,30948,32205,-1,Pseudomonas sp. GM21,Bacteria; Pseudomonadati; Pseudomonadota; Gammaproteobacteria; Pseudomonadales; Pseudomonadaceae; Pseudomonas,0,5_506_Stc2#18,divergent,0.532,1,0,0,1,transporter > regulator > [alpha] > reductase > other
NZ_AKJT01000006.1:35835-37071:-1,WP_007933773.1,PMI21_RS25760,,aromatic ring-hydroxylating dioxygenase subunit alpha,5_506_Stc2,5,596.1,0.9782,2.1e-179,NZ_AKJT01000006.1,35835,37071,-1,Pseudomonas sp. GM18,Bacteria; Pseudomonadati; Pseudomonadota; Gammaproteobacteria; Pseudomonadales; Pseudomonadaceae; Pseudomonas,0,5_506_Stc2#4,core,0.8365,0,0,0,0,[alpha]
NZ_AKKF01000167.1:47115-48300:-1,WP_007670042.1,PMI01_RS14535,,aromatic ring-hydroxylating dioxygenase subunit alpha,5_506_Stc2,5,116.2,0.5874,1e-33,NZ_AKKF01000167.1,47115,48300,-1,Caulobacter sp. AP07,Bacteria; Pseudomonadati; Pseudomonadota; Alphaproteobacteria; Caulobacterales; Caulobacteraceae; Caulobacter,0,5_506_Stc2#130,novel_candidate,0.2471,0,0,0,0,[alpha]
NZ_AKKA01000067.1:94721-95966:-1,WP_007793249.1,PMI09_RS11510,,aromatic ring-hydroxylating dioxygenase subunit alpha,5_506_Stc2,5,640.3,0.9757,7.5e-193,NZ_AKKA01000067.1,94721,95966,-1,Rhizobium sp. CF122,Bacteria; Pseudomonadati; Pseudomonadota; Alphaproteobacteria; Hyphomicrobiales; Rhizobiaceae; Rhizobium/Agrobacterium group; Rhizobium,0,5_506_Stc2#2,core,0.8447,0,0,0,0,[alpha]
NZ_AKKA01000107.1:3076-4330:-1,WP_007801352.1,PMI09_RS25750,,SRPBCC family protein,5_506_Stc2,5,407.4,0.966,3.9e-122,NZ_AKKA01000107.1,3076,4330,-1,Rhizobium sp. CF122,Bacteria; Pseudomonadati; Pseudomonadota; Alphaproteobacteria; Hyphomicrobiales; Rhizobiaceae; Rhizobium/Agrobacterium group; Rhizobium,0,5_506_Stc2#5,core,0.9014,1,0,0,1,[alpha] > reductase > other > hypothetical
NZ_AKKP01000039.1:294421-295594:-1,WP_009474503.1,JVH1_RS10370,,aromatic ring-hydroxylating dioxygenase subunit alpha,5_506_Stc2,5,211.7,0.7985,1e-62,NZ_AKKP01000039.1,294421,295594,-1,Rhodococcus sp. JVH1,Bacteria; Actinomycetota; Actinomycetes; Mycobacteriales; Nocardiaceae; Rhodococcus,0,5_506_Stc2#0,core,0.9858,0,0,0,0,[alpha] > transporter > dehydrogenase > transporter > reductase
NZ_AKKC02000001.1:115505-116750:-1,WP_024163442.1,PMI07_RS00590,,aromatic ring-hydroxylating dioxygenase subunit alpha,5_506_Stc2,5,638.9,0.9757,2e-192,NZ_AKKC02000001.1,115505,116750,-1,Rhizobium sp. CF080,Bacteria; Pseudomonadati; Pseudomonadota; Alphaproteobacteria; Hyphomicrobiales; Rhizobiaceae; Rhizobium/Agrobacterium group; Rhizobium,0,5_506_Stc2#2,core,0.8275,0,0,0,0,[alpha] > other
NZ_AKWD02000054.1:43869-44994:1,WP_002179594.1,LEP1GSC172_RS15640,,SRPBCC family protein,5_506_Stc2,5,70.4,0.6432,8.1e-20,NZ_AKWD02000054.1,43869,44994,1,Leptospira noguchii,Bacteria; Pseudomonadati; Spirochaetota; Spirochaetia; Leptospirales; Leptospiraceae; Leptospira,0,5_506_Stc2#55,novel_candidate,0.2482,0,0,0,0,[alpha]
NZ_AKKP01000078.1:76728-77931:-1,WP_009476887.1,JVH1_RS22380,,aromatic ring-hydroxylating dioxygenase subunit alpha,5_506_Stc2,5,190.6,0.835,2.7e-56,NZ_AKKP01000078.1,76728,77931,-1,Rhodococcus sp. JVH1,Bacteria; Actinomycetota; Actinomycetes; Mycobacteriales; Nocardiaceae; Rhodococcus,0,5_506_Stc2#44,novel_candidate,0.3798,1,0,0,1,[alpha] > reductase
NZ_AKWY02000021.1:386101-387226:-1,WP_020980744.1,LEP1GSC059_RS12035,,SRPBCC family protein,5_506_Stc2,5,70.9,0.6481,6e-20,NZ_AKWY02000021.1,386101,387226,-1,Leptospira noguchii serovar Panama str. CZ214,Bacteria; Pseudomonadati; Spirochaetota; Spirochaetia; Leptospirales; Leptospiraceae; Leptospira,0,5_506_Stc2#55,novel_candidate,0.24,0,0,0,0,[alpha]
NZ_AMGO01000007.1:43406-44684:1,WP_007425518.1,OCGS_RS01860,,aromatic ring-hydroxylating dioxygenase subunit alpha,5_506_Stc2,5,388.6,0.966,2e-116,NZ_AMGO01000007.1,43406,44684,1,Oceaniovalibus guishaninsula JLT2003,Bacteria; Pseudomonadati; Pseudomonadota; Alphaproteobacteria; Rhodobacterales; Roseobacteraceae; Oceaniovalibus,0,5_506_Stc2#56,divergent,0.5333,1,0,0,1,[alpha] > reductase > reductase
NZ_ALJF01000010.1:354937-356182:1,WP_006726694.1,QWE_RS13500,,aromatic ring-hydroxylating dioxygenase subunit alpha,5_506_Stc2,5,626.1,0.9782,1.6e-188,NZ_ALJF01000010.1,354937,356182,1,Agrobacterium albertimagni AOL15,Bacteria; Pseudomonadati; Pseudomonadota; Alphaproteobacteria; Hyphomicrobiales; Rhizobiaceae; Rhizobium/Agrobacterium group; Agrobacterium,0,5_506_Stc2#3,core,0.8293,1,0,0,1,[alpha] > reductase
NZ_AMRN01000002.1:414022-415264:1,WP_008889543.1,TH2_RS06160,,aromatic ring-hydroxylating dioxygenase subunit alpha,5_506_Stc2,5,726.7,0.9903,4.5e-219,NZ_AMRN01000002.1,414022,415264,1,Thalassospira profundimaris WP0211,Bacteria; Pseudomonadati; Pseudomonadota; Alphaproteobacteria; Rhodospirillales; Thalassospiraceae; Thalassospira,0,5_506_Stc2#40,core,0.6319,1,0,0,1,[alpha] > reductase
NZ_AMRN01000003.1:15012-16284:-1,WP_008889673.1,TH2_RS06820,,SRPBCC family protein,5_506_Stc2,5,445.0,0.9806,1.5e-133,NZ_AMRN01000003.1,15012,16284,-1,Thalassospira profundimaris WP0211,Bacteria; Pseudomonadati; Pseudomonadota; Alphaproteobacteria; Rhodospirillales; Thalassospiraceae; Thalassospira,0,5_506_Stc2#10,core,0.8654,1,0,0,1,[alpha] > reductase
NZ_AOCK01000001.1:398678-399983:-1,WP_007269590.1,ADIAG_RS01845,,SRPBCC family protein,5_506_Stc2,5,389.5,0.9684,1.1e-116,NZ_AOCK01000001.1,398678,399983,-1,Paeniglutamicibacter gangotriensis Lz1y,Bacteria; Bacillati; Actinomycetota; Actinomycetes; Micrococcales; Micrococcaceae; Paeniglutamicibacter,0,5_506_Stc2#28,core,0.8905,1,0,0,1,[alpha] > reductase
NZ_AOCK01000006.1:54345-55638:1,WP_007271431.1,ADIAG_RS10970,,SRPBCC family protein,5_506_Stc2,5,395.5,0.9636,1.6e-118,NZ_AOCK01000006.1,54345,55638,1,Paeniglutamicibacter gangotriensis Lz1y,Bacteria; Bacillati; Actinomycetota; Actinomycetes; Micrococcales; Micrococcaceae; Paeniglutamicibacter,0,5_506_Stc2#83,core,0.5572,1,0,0,1,reductase > [alpha] > reductase
NZ_AOHC02000006.1:2780-3914:-1,WP_002993546.1,LEP1GSC060_RS00345,,SRPBCC family protein,5_506_Stc2,5,70.0,0.4709,1.1e-19,NZ_AOHC02000006.1,2780,3914,-1,Leptospira weilii serovar Ranarum str. ICFT,Bacteria; Pseudomonadati; Spirochaetota; Spirochaetia; Leptospirales; Leptospiraceae; Leptospira,0,5_506_Stc2#55,novel_candidate,0.2509,0,0,0,0,[alpha]
NZ_AOHO01000026.1:371999-373112:-1,WP_007028971.1,H074_RS05200,,aromatic ring-hydroxylating dioxygenase subunit alpha,5_506_Stc2,5,217.3,0.7937,2.1e-64,NZ_AOHO01000026.1,371999,373112,-1,Amycolatopsis decaplanina DSM 44594,Bacteria; Bacillati; Actinomycetota; Actinomycetes; Pseudonocardiales; Pseudonocardiaceae; Amycolatopsis,0,5_506_Stc2#0,core,0.7683,0,0,0,0,reductase > other > [alpha]
NZ_AQHN01000088.1:163449-164706:1,WP_004126680.1,RHSP_RS27750,,SRPBCC family protein,5_506_Stc2,5,404.1,0.9684,3.9e-121,NZ_AQHN01000088.1,163449,164706,1,Rhizobium freirei PRF 81,Bacteria; Pseudomonadati; Pseudomonadota; Alphaproteobacteria; Hyphomicrobiales; Rhizobiaceae; Rhizobium/Agrobacterium group; Rhizobium,0,5_506_Stc2#5,core,0.8677,1,0,0,1,[alpha] > reductase
NZ_AQPW01000020.1:18431-19751:-1,WP_010843559.1,GTC6_RS15680,,aromatic ring-hydroxylating dioxygenase subunit alpha,5_506_Stc2,5,394.8,0.9733,2.6e-118,NZ_AQPW01000020.1,18431,19751,-1,Gordonia terrae C-6,Bacteria; Bacillati; Actinomycetota; Actinomycetes; Mycobacteriales; Gordoniaceae; Gordonia,0,5_506_Stc2#58,divergent,0.5074,1,0,0,1,[alpha] > reductase > other > other > reductase > other > regulator > reductase > transporter
NZ_APKD01000068.1:1941-3090:-1,WP_003416576.1,MORY_RS37995,,Rieske 2Fe-2S domain-containing protein,5_506_Stc2,5,124.1,0.4976,4.1e-36,NZ_APKD01000068.1,1941,3090,-1,Mycobacterium orygis 112400015,Bacteria; Bacillati; Actinomycetota; Actinomycetes; Mycobacteriales; Mycobacteriaceae; Mycobacterium; Mycobacterium tuberculosis complex,0,5_506_Stc2#54,novel_candidate,0.2644,0,0,0,0,regulator > hypothetical > hypothetical > other > hypothetical > hypothetical > [alpha] > regulator
NZ_ASSI01000097.1:19798-21040:1,WP_021160637.1,L810_RS22605,,SRPBCC family protein,5_506_Stc2,5,463.0,0.9684,5.1e-139,NZ_ASSI01000097.1,19798,21040,1,Burkholderia sp. AU4i,Bacteria; Pseudomonadati; Pseudomonadota; Betaproteobacteria; Burkholderiales; Burkholderiaceae; Burkholderia,0,5_506_Stc2#1,core,0.9885,1,0,0,1,other > other > hypothetical > reductase > other > reductase > reductase > [alpha] > reductase > transporter
NZ_ASRX01000072.1:32749-34021:-1,WP_052376520.1,CAP_RS46195,,SRPBCC family protein,5_506_Stc2,5,147.4,0.4782,3.4e-43,NZ_ASRX01000072.1,32749,34021,-1,Chondromyces apiculatus DSM 436,Bacteria; Pseudomonadati; Myxococcota; Polyangia; Polyangiales; Polyangiaceae; Chondromyces,0,5_506_Stc2#129,novel_candidate,0.3226,0,0,0,0,other > hypothetical > [alpha] > other
NZ_AUND01000023.1:482495-483746:-1,WP_038077398.1,TP2_RS11615,,aromatic ring-hydroxylating dioxygenase subunit alpha,5_506_Stc2,5,752.0,0.9782,9.6e-227,NZ_AUND01000023.1,482495,483746,-1,Thioclava pacifica DSM 10166,Bacteria; Pseudomonadati; Pseudomonadota; Alphaproteobacteria; Rhodobacterales; Paracoccaceae; Thioclava,0,5_506_Stc2#65,core,0.6567,1,0,0,1,[alpha] > reductase
NZ_AUNC01000016.1:24064-25339:1,WP_007091361.1,SMB34_RS10040,,SRPBCC family protein,5_506_Stc2,5,449.6,0.9806,6e-135,NZ_AUNC01000016.1,24064,25339,1,Thalassospira permensis NBRC 106175,Bacteria; Pseudomonadati; Pseudomonadota; Alphaproteobacteria; Rhodospirillales; Thalassospiraceae; Thalassospira,0,5_506_Stc2#10,core,0.9015,1,0,0,1,[alpha] > reductase
NZ_ATIB01000081.1:243135-244485:-1,WP_021246188.1,L485_RS42810,,aromatic ring-hydroxylating dioxygenase subunit alpha,5_506_Stc2,5,105.0,0.4636,2.7e-30,NZ_ATIB01000081.1,243135,244485,-1,Sphingobium baderi LL03,Bacteria; Pseudomonadati; Pseudomonadota; Alphaproteobacteria; Sphingomonadales; Sphingomonadaceae; Sphingobium,0,5_506_Stc2#128,novel_candidate,0.2507,0,0,0,0,[alpha] > other
NZ_ATLO01000042.1:344343-345594:1,WP_020292550.1,CFII64_RS19500,,SRPBCC family protein,5_506_Stc2,5,601.4,0.9782,4.9e-181,NZ_ATLO01000042.1,344343,345594,1,Pseudomonas sp. CFII64,Bacteria; Pseudomonadati; Pseudomonadota; Gammaproteobacteria; Pseudomonadales; Pseudomonadaceae; Pseudomonas,0,5_506_Stc2#4,core,0.8712,0,0,0,0,[alpha]
NZ_AUSZ01000336.1:12584-13838:1,WP_058325187.1,N184_RS34935,,SRPBCC family protein,5_506_Stc2,5,407.7,0.9636,3.2e-122,NZ_AUSZ01000336.1,12584,13838,1,Sinorhizobium sp. GL28,Bacteria; Pseudomonadati; Pseudomonadota; Alphaproteobacteria; Hyphomicrobiales; Rhizobiaceae; Sinorhizobium/Ensifer group; Sinorhizobium,0,5_506_Stc2#14,core,0.8482,1,0,0,1,[alpha] > reductase
NZ_AUTA01000001.1:237118-238363:1,WP_058325470.1,N183_RS01055,,aromatic ring-hydroxylating dioxygenase subunit alpha,5_506_Stc2,5,631.8,0.9782,2.9e-190,NZ_AUTA01000001.1,237118,238363,1,Sinorhizobium sp. Sb3,Bacteria; Pseudomonadati; Pseudomonadota; Alphaproteobacteria; Hyphomicrobiales; Rhizobiaceae; Sinorhizobium/Ensifer group; Sinorhizobium,0,5_506_Stc2#8,core,0.7867,1,0,0,1,[alpha] > reductase
NZ_AUTA01000080.1:301123-302356:-1,WP_058326807.1,N183_RS12755,,aromatic ring-hydroxylating dioxygenase subunit alpha,5_506_Stc2,5,307.0,0.966,1.2e-91,NZ_AUTA01000080.1,301123,302356,-1,Sinorhizobium sp. Sb3,Bacteria; Pseudomonadati; Pseudomonadota; Alphaproteobacteria; Hyphomicrobiales; Rhizobiaceae; Sinorhizobium/Ensifer group; Sinorhizobium,0,5_506_Stc2#6,core,0.8209,0,0,0,0,[alpha]
NZ_AUSZ01000001.1:470444-471689:-1,WP_057250748.1,N184_RS02380,,aromatic ring-hydroxylating dioxygenase subunit alpha,5_506_Stc2,5,633.3,0.9782,1e-190,NZ_AUSZ01000001.1,470444,471689,-1,Sinorhizobium sp. GL28,Bacteria; Pseudomonadati; Pseudomonadota; Alphaproteobacteria; Hyphomicrobiales; Rhizobiaceae; Sinorhizobium/Ensifer group; Sinorhizobium,0,5_506_Stc2#8,core,0.8113,1,0,0,1,[alpha] > reductase
NZ_AUSZ01000087.1:16452-17685:1,WP_058321556.1,N184_RS11105,,aromatic ring-hydroxylating dioxygenase subunit alpha,5_506_Stc2,5,305.1,0.966,4.7e-91,NZ_AUSZ01000087.1,16452,17685,1,Sinorhizobium sp. GL28,Bacteria; Pseudomonadati; Pseudomonadota; Alphaproteobacteria; Hyphomicrobiales; Rhizobiaceae; Sinorhizobium/Ensifer group; Sinorhizobium,0,5_506_Stc2#6,core,0.8239,0,0,0,0,[alpha]
NZ_AVFL01000001.1:470285-471548:1,WP_037446102.1,N825_RS02030,,SRPBCC family protein,5_506_Stc2,5,449.4,0.9709,7e-135,NZ_AVFL01000001.1,470285,471548,1,Skermanella stibiiresistens SB22,Bacteria; Pseudomonadati; Pseudomonadota; Alphaproteobacteria; Rhodospirillales; Azospirillaceae; Skermanella,0,5_506_Stc2#139,core,0.6402,1,0,0,1,[alpha] > reductase
NZ_AWGB01000005.1:89809-90847:-1,WP_018081439.1,ABENE_RS28160,,aromatic ring-hydroxylating dioxygenase subunit alpha,5_506_Stc2,5,149.4,0.5704,8.5e-44,NZ_AWGB01000005.1,89809,90847,-1,Asticcacaulis benevestitus DSM 16100 = ATCC BAA-896,Bacteria; Pseudomonadati; Pseudomonadota; Alphaproteobacteria; Caulobacterales; Caulobacteraceae; Asticcacaulis,0,5_506_Stc2#78,novel_candidate,0.2871,0,0,0,0,other > transporter > [alpha]
NZ_AWNH01000043.1:113487-114702:-1,WP_023072807.1,N836_RS52270,,aromatic ring-hydroxylating dioxygenase subunit alpha,5_506_Stc2,5,138.9,0.6942,1.3e-40,NZ_AWNH01000043.1,113487,114702,-1,Leptolyngbya sp. Heron Island J,Bacteria; Bacillati; Cyanobacteriota; Cyanophyceae; Leptolyngbyales; Leptolyngbyaceae; Leptolyngbya group; Leptolyngbya,0,5_506_Stc2#127,novel_candidate,0.2796,0,0,0,0,[alpha] > reductase > other
NZ_AWOR01000048.1:6211-7399:1,WP_034370339.1,P353_RS13925,,aromatic ring-hydroxylating dioxygenase subunit alpha,5_506_Stc2,5,87.1,0.6092,7.2e-25,NZ_AWOR01000048.1,6211,7399,1,Comamonas testosteroni,Bacteria; Pseudomonadati; Pseudomonadota; Betaproteobacteria; Burkholderiales; Comamonadaceae; Comamonas,0,5_506_Stc2#43,novel_candidate,0.2957,0,0,0,0,[alpha] > other > hypothetical > regulator
NZ_AWQS01000021.1:11477-12734:1,WP_034714020.1,N864_RS04600,,aromatic ring-hydroxylating dioxygenase subunit alpha,5_506_Stc2,5,428.9,0.9636,1.2e-128,NZ_AWQS01000021.1,11477,12734,1,Intrasporangium chromatireducens Q5-1,Bacteria; Bacillati; Actinomycetota; Actinomycetes; Micrococcales; Intrasporangiaceae; Intrasporangium,0,5_506_Stc2#29,core,0.5829,1,0,0,1,reductase > other > transporter > transporter > transporter > [alpha] > reductase > other > reductase
NZ_AWGE01000006.1:263794-264829:-1,WP_023457497.1,AEAC466_RS30035,,aromatic ring-hydroxylating dioxygenase subunit alpha,5_506_Stc2,5,160.7,0.5704,3.2e-47,NZ_AWGE01000006.1,263794,264829,-1,Asticcacaulis sp. AC466,Bacteria; Pseudomonadati; Pseudomonadota; Alphaproteobacteria; Caulobacterales; Caulobacteraceae; Asticcacaulis,0,5_506_Stc2#78,novel_candidate,0.2835,0,0,0,0,other > other > transporter > [alpha]
NZ_AYLZ02000155.1:24026-25271:-1,WP_023515272.1,SHLA_RS22885,,aromatic ring-hydroxylating dioxygenase subunit alpha,5_506_Stc2,5,631.7,0.9709,3.1e-190,NZ_AYLZ02000155.1,24026,25271,-1,Shinella sp. DD12,Bacteria; Pseudomonadati; Pseudomonadota; Alphaproteobacteria; Hyphomicrobiales; Rhizobiaceae; Shinella,0,5_506_Stc2#8,core,0.8234,1,0,0,1,[alpha] > reductase
NZ_AYTE01000047.1:319690-320887:-1,WP_023963030.1,W823_RS54775,,SRPBCC family protein,5_506_Stc2,5,110.5,0.6044,5.4e-32,NZ_AYTE01000047.1,319690,320887,-1,Williamsia sp. D3,Bacteria; Bacillati; Actinomycetota; Actinomycetes; Mycobacteriales; Nocardiaceae; Williamsia,0,5_506_Stc2#77,novel_candidate,0.2698,0,0,0,0,transporter > transporter > transporter > transporter > other > other > [alpha] > other > other
NZ_AYVK01000007.1:129198-130446:-1,WP_023668884.1,X726_RS159680,,aromatic ring-hydroxylating dioxygenase subunit alpha,5_506_Stc2,5,640.0,0.9636,9.8e-193,NZ_AYVK01000007.1,129198,130446,-1,Mesorhizobium sp. LSJC285A00,Bacteria; Pseudomonadati; Pseudomonadota; Alphaproteobacteria; Hyphomicrobiales; Phyllobacteriaceae; Mesorhizobium,0,5_506_Stc2#3,core,0.9363,1,0,0,1,[alpha] > reductase
NZ_AYTE01000026.1:371886-373068:-1,WP_023959724.1,W823_RS46780,,aromatic ring-hydroxylating dioxygenase subunit alpha,5_506_Stc2,5,213.4,0.7985,3.2e-63,NZ_AYTE01000026.1,371886,373068,-1,Williamsia sp. D3,Bacteria; Bacillati; Actinomycetota; Actinomycetes; Mycobacteriales; Nocardiaceae; Williamsia,0,5_506_Stc2#0,core,0.7184,0,0,0,0,regulator > reductase > other > [alpha] > dehydrogenase > transporter > reductase > regulator > hypothetical > other > other > reductase > regulator > reductase
NZ_AYVP01000015.1:12226-13474:1,WP_023668884.1,X769_RS153550,,aromatic ring-hydroxylating dioxygenase subunit alpha,5_506_Stc2,5,640.0,0.9636,9.8e-193,NZ_AYVP01000015.1,12226,13474,1,Mesorhizobium sp. LSJC265A00,Bacteria; Pseudomonadati; Pseudomonadota; Alphaproteobacteria; Hyphomicrobiales; Phyllobacteriaceae; Mesorhizobium,0,5_506_Stc2#3,core,0.9363,1,0,0,1,[alpha] > reductase
NZ_AYVM01000014.1:128157-129405:-1,WP_023668884.1,X772_RS145655,,aromatic ring-hydroxylating dioxygenase subunit alpha,5_506_Stc2,5,640.0,0.9636,9.8e-193,NZ_AYVM01000014.1,128157,129405,-1,Mesorhizobium sp. LSJC277A00,Bacteria; Pseudomonadota; Alphaproteobacteria; Hyphomicrobiales; Phyllobacteriaceae; Mesorhizobium,0,5_506_Stc2#3,core,0.9363,1,0,0,1,[alpha] > reductase
NZ_AYVN01000018.1:14418-15666:1,WP_023668884.1,X771_RS137835,,aromatic ring-hydroxylating dioxygenase subunit alpha,5_506_Stc2,5,640.0,0.9636,9.8e-193,NZ_AYVN01000018.1,14418,15666,1,Mesorhizobium sp. LSJC269B00,Bacteria; Pseudomonadati; Pseudomonadota; Alphaproteobacteria; Hyphomicrobiales; Phyllobacteriaceae; Mesorhizobium,0,5_506_Stc2#3,core,0.9363,1,0,0,1,[alpha] > reductase
NZ_AYVQ01000033.1:54239-55487:-1,WP_023702523.1,X768_RS141930,,aromatic ring-hydroxylating dioxygenase subunit alpha,5_506_Stc2,5,638.2,0.9636,3.4e-192,NZ_AYVQ01000033.1,54239,55487,-1,Mesorhizobium sp. LSJC264A00,Bacteria; Pseudomonadati; Pseudomonadota; Alphaproteobacteria; Hyphomicrobiales; Phyllobacteriaceae; Mesorhizobium,0,5_506_Stc2#3,core,0.9307,1,0,0,1,[alpha] > reductase
NZ_AYVX01000012.1:14360-15608:1,WP_023715520.1,X761_RS146490,,aromatic ring-hydroxylating dioxygenase subunit alpha,5_506_Stc2,5,638.9,0.9636,2.1e-192,NZ_AYVX01000012.1,14360,15608,1,Mesorhizobium sp. LSHC422A00,Bacteria; Pseudomonadati; Pseudomonadota; Alphaproteobacteria; Hyphomicrobiales; Phyllobacteriaceae; Mesorhizobium,0,5_506_Stc2#3,core,0.9335,1,0,0,1,[alpha] > reductase
NZ_AYWC01000023.1:24702-25941:1,WP_023731477.1,X756_RS139080,,aromatic ring-hydroxylating dioxygenase subunit alpha,5_506_Stc2,5,819.7,0.9976,2.6e-247,NZ_AYWC01000023.1,24702,25941,1,Mesorhizobium sp. LNJC405B00,Bacteria; Pseudomonadati; Pseudomonadota; Alphaproteobacteria; Hyphomicrobiales; Phyllobacteriaceae; Mesorhizobium,0,5_506_Stc2#11,core,0.8859,1,0,0,1,[alpha] > reductase
NZ_AYVV01000005.1:134553-135801:-1,WP_023711308.1,X763_RS149820,,aromatic ring-hydroxylating dioxygenase subunit alpha,5_506_Stc2,5,639.6,0.9636,1.3e-192,NZ_AYVV01000005.1,134553,135801,-1,Mesorhizobium sp. LSHC426A00,Bacteria; Pseudomonadati; Pseudomonadota; Alphaproteobacteria; Hyphomicrobiales; Phyllobacteriaceae; Mesorhizobium,0,5_506_Stc2#3,core,0.928,1,0,0,1,[alpha] > reductase
NZ_AYWB01000004.1:282014-283262:-1,WP_023725911.1,X757_RS154550,,aromatic ring-hydroxylating dioxygenase subunit alpha,5_506_Stc2,5,638.9,0.9636,2e-192,NZ_AYWB01000004.1,282014,283262,-1,Mesorhizobium sp. LSHC412B00,Bacteria; Pseudomonadati; Pseudomonadota; Alphaproteobacteria; Hyphomicrobiales; Phyllobacteriaceae; Mesorhizobium,0,5_506_Stc2#3,core,0.9335,1,0,0,1,[alpha] > reductase
NZ_AYWC01000005.1:179461-180709:-1,WP_023729692.1,X756_RS153205,,aromatic ring-hydroxylating dioxygenase subunit alpha,5_506_Stc2,5,637.1,0.9636,7.4e-192,NZ_AYWC01000005.1,179461,180709,-1,Mesorhizobium sp. LNJC405B00,Bacteria; Pseudomonadati; Pseudomonadota; Alphaproteobacteria; Hyphomicrobiales; Phyllobacteriaceae; Mesorhizobium,0,5_506_Stc2#3,core,0.9307,1,0,0,1,[alpha] > reductase
NZ_AYWE01000004.1:438142-439390:-1,WP_023668884.1,X754_RS145785,,aromatic ring-hydroxylating dioxygenase subunit alpha,5_506_Stc2,5,640.0,0.9636,9.8e-193,NZ_AYWE01000004.1,438142,439390,-1,Mesorhizobium sp. LNJC399B00,Bacteria; Pseudomonadati; Pseudomonadota; Alphaproteobacteria; Hyphomicrobiales; Phyllobacteriaceae; Mesorhizobium,0,5_506_Stc2#3,core,0.9363,1,0,0,1,[alpha] > reductase
NZ_AYWG01000011.1:129190-130438:-1,WP_023668884.1,X752_RS141950,,aromatic ring-hydroxylating dioxygenase subunit alpha,5_506_Stc2,5,640.0,0.9636,9.8e-193,NZ_AYWG01000011.1,129190,130438,-1,Mesorhizobium sp. LNJC395A00,Bacteria; Pseudomonadati; Pseudomonadota; Alphaproteobacteria; Hyphomicrobiales; Phyllobacteriaceae; Mesorhizobium,0,5_506_Stc2#3,core,0.9363,1,0,0,1,[alpha] > reductase
NZ_AYWA01000003.1:555667-556915:-1,WP_023703627.1,X758_RS153945,,aromatic ring-hydroxylating dioxygenase subunit alpha,5_506_Stc2,5,639.3,0.9636,1.6e-192,NZ_AYWA01000003.1,555667,556915,-1,Mesorhizobium sp. LSHC414A00,Bacteria; Pseudomonadati; Pseudomonadota; Alphaproteobacteria; Hyphomicrobiales; Phyllobacteriaceae; Mesorhizobium,0,5_506_Stc2#3,core,0.9335,1,0,0,1,[alpha] > reductase
NZ_AYWH01000005.1:15108-16356:1,WP_023668884.1,X751_RS146545,,aromatic ring-hydroxylating dioxygenase subunit alpha,5_506_Stc2,5,640.0,0.9636,9.8e-193,NZ_AYWH01000005.1,15108,16356,1,Mesorhizobium sp. LNJC394B00,Bacteria; Pseudomonadati; Pseudomonadota; Alphaproteobacteria; Hyphomicrobiales; Phyllobacteriaceae; Mesorhizobium,0,5_506_Stc2#3,core,0.9363,1,0,0,1,[alpha] > reductase
NZ_AYWO01000020.1:90709-91957:-1,WP_023761190.1,X744_RS148085,,aromatic ring-hydroxylating dioxygenase subunit alpha,5_506_Stc2,5,627.5,0.9612,6e-189,NZ_AYWO01000020.1,90709,91957,-1,Mesorhizobium sp. LNHC252B00,Bacteria; Pseudomonadati; Pseudomonadota; Alphaproteobacteria; Hyphomicrobiales; Phyllobacteriaceae; Mesorhizobium,0,5_506_Stc2#3,core,0.8947,1,0,0,1,[alpha] > reductase
NZ_AYWN01000014.1:14348-15596:1,WP_023755570.1,X745_RS139180,,aromatic ring-hydroxylating dioxygenase subunit alpha,5_506_Stc2,5,639.9,0.9636,1e-192,NZ_AYWN01000014.1,14348,15596,1,Mesorhizobium sp. LNJC372A00,Bacteria; Pseudomonadati; Pseudomonadota; Alphaproteobacteria; Hyphomicrobiales; Phyllobacteriaceae; Mesorhizobium,0,5_506_Stc2#3,core,0.9335,1,0,0,1,[alpha] > reductase
NZ_AYWP01000008.1:70275-71523:1,WP_023765598.1,X743_RS156350,,aromatic ring-hydroxylating dioxygenase subunit alpha,5_506_Stc2,5,637.7,0.9684,4.9e-192,NZ_AYWP01000008.1,70275,71523,1,Mesorhizobium sp. LNHC232B00,Bacteria; Pseudomonadati; Pseudomonadota; Alphaproteobacteria; Hyphomicrobiales; Phyllobacteriaceae; Mesorhizobium,0,5_506_Stc2#3,core,0.9008,1,0,0,1,[alpha] > reductase > other > hypothetical > other > other > other
NZ_AYWI01000001.1:203781-205029:1,WP_023668884.1,X750_RS161635,,aromatic ring-hydroxylating dioxygenase subunit alpha,5_506_Stc2,5,640.0,0.9636,9.8e-193,NZ_AYWI01000001.1,203781,205029,1,Mesorhizobium sp. LNJC391B00,Bacteria; Pseudomonadati; Pseudomonadota; Alphaproteobacteria; Hyphomicrobiales; Phyllobacteriaceae; Mesorhizobium,0,5_506_Stc2#3,core,0.9363,1,0,0,1,[alpha] > reductase
NZ_AYWR01000001.1:313653-314901:1,WP_023775946.1,X741_RS164755,,aromatic ring-hydroxylating dioxygenase subunit alpha,5_506_Stc2,5,637.8,0.9684,4.5e-192,NZ_AYWR01000001.1,313653,314901,1,Mesorhizobium sp. LNHC221B00,Bacteria; Pseudomonadati; Pseudomonadota; Alphaproteobacteria; Hyphomicrobiales; Phyllobacteriaceae; Mesorhizobium,0,5_506_Stc2#3,core,0.9063,1,0,0,1,[alpha] > reductase > other > hypothetical > other > other > other > other
NZ_AYWQ01000006.1:476503-477751:-1,WP_023772356.1,X742_RS155055,,aromatic ring-hydroxylating dioxygenase subunit alpha,5_506_Stc2,5,631.5,0.9636,3.6e-190,NZ_AYWQ01000006.1,476503,477751,-1,Mesorhizobium sp. LNHC229A00,Bacteria; Pseudomonadati; Pseudomonadota; Alphaproteobacteria; Hyphomicrobiales; Phyllobacteriaceae; Mesorhizobium,0,5_506_Stc2#3,core,0.903,1,0,0,1,[alpha] > reductase > other > hypothetical > other > other > other
NZ_AYWQ01000006.1:739058-740288:-1,WP_023772586.1,X742_RS153930,,SRPBCC family protein,5_506_Stc2,5,310.4,0.9684,1.2e-92,NZ_AYWQ01000006.1,739058,740288,-1,Mesorhizobium sp. LNHC229A00,Bacteria; Pseudomonadati; Pseudomonadota; Alphaproteobacteria; Hyphomicrobiales; Phyllobacteriaceae; Mesorhizobium,0,5_506_Stc2#6,core,0.8369,0,0,0,0,other > other > [alpha]
NZ_AYWV01000011.1:167077-168325:-1,WP_023668884.1,X737_RS144920,,aromatic ring-hydroxylating dioxygenase subunit alpha,5_506_Stc2,5,640.0,0.9636,9.8e-193,NZ_AYWV01000011.1,167077,168325,-1,Mesorhizobium sp. L2C089B000,Bacteria; Pseudomonadati; Pseudomonadota; Alphaproteobacteria; Hyphomicrobiales; Phyllobacteriaceae; Mesorhizobium,0,5_506_Stc2#3,core,0.9363,1,0,0,1,[alpha] > reductase
NZ_AYWU01000001.1:164414-165662:1,WP_023796856.1,X738_RS46325,,aromatic ring-hydroxylating dioxygenase subunit alpha,5_506_Stc2,5,634.1,0.9684,5.8e-191,NZ_AYWU01000001.1,164414,165662,1,Mesorhizobium sp. L48C026A00,Bacteria; Pseudomonadati; Pseudomonadota; Alphaproteobacteria; Hyphomicrobiales; Phyllobacteriaceae; Mesorhizobium,0,5_506_Stc2#3,core,0.895,1,0,0,1,[alpha] > reductase
NZ_AYWW01000004.1:12274-13522:1,WP_023807710.1,X736_RS148575,,aromatic ring-hydroxylating dioxygenase subunit alpha,5_506_Stc2,5,631.2,0.9636,4.5e-190,NZ_AYWW01000004.1,12274,13522,1,Mesorhizobium sp. L2C085B000,Bacteria; Pseudomonadati; Pseudomonadota; Alphaproteobacteria; Hyphomicrobiales; Phyllobacteriaceae; Mesorhizobium,0,5_506_Stc2#3,core,0.9341,1,0,0,1,[alpha] > reductase
NZ_AYWU01000024.1:94408-95647:-1,WP_023802328.1,X738_RS72215,,aromatic ring-hydroxylating dioxygenase subunit alpha,5_506_Stc2,5,809.2,0.9951,4.2e-244,NZ_AYWU01000024.1,94408,95647,-1,Mesorhizobium sp. L48C026A00,Bacteria; Pseudomonadati; Pseudomonadota; Alphaproteobacteria; Hyphomicrobiales; Phyllobacteriaceae; Mesorhizobium,0,5_506_Stc2#11,core,0.8883,1,0,0,1,[alpha] > reductase
NZ_AYWX01000006.1:363784-365014:1,WP_023811492.1,X735_RS150140,,aromatic ring-hydroxylating dioxygenase subunit alpha,5_506_Stc2,5,306.0,0.9636,2.4e-91,NZ_AYWX01000006.1,363784,365014,1,Mesorhizobium sp. L2C084A000,Bacteria; Pseudomonadati; Pseudomonadota; Alphaproteobacteria; Hyphomicrobiales; Phyllobacteriaceae; Mesorhizobium,0,5_506_Stc2#6,core,0.7688,0,0,0,0,other > [alpha]
NZ_AYWX01000017.1:77007-78255:1,WP_023813654.1,X735_RS139445,,aromatic ring-hydroxylating dioxygenase subunit alpha,5_506_Stc2,5,632.9,0.966,1.4e-190,NZ_AYWX01000017.1,77007,78255,1,Mesorhizobium sp. L2C084A000,Bacteria; Pseudomonadati; Pseudomonadota; Alphaproteobacteria; Hyphomicrobiales; Phyllobacteriaceae; Mesorhizobium,0,5_506_Stc2#3,core,0.9252,1,0,0,1,[alpha] > reductase > other > hypothetical > other > other > other > other
NZ_AYWS01000007.1:121550-122780:-1,WP_023772586.1,X740_RS149215,,SRPBCC family protein,5_506_Stc2,5,310.4,0.9684,1.2e-92,NZ_AYWS01000007.1,121550,122780,-1,Mesorhizobium sp. LNHC220B00,Bacteria; Pseudomonadota; Alphaproteobacteria; Hyphomicrobiales; Phyllobacteriaceae; Mesorhizobium,0,5_506_Stc2#6,core,0.8369,0,0,0,0,other > [alpha]
NZ_AYWT01000002.1:70062-71292:1,WP_023792612.1,X739_RS162145,,SRPBCC family protein,5_506_Stc2,5,311.2,0.9684,6.6e-93,NZ_AYWT01000002.1,70062,71292,1,Mesorhizobium sp. LNHC209A00,Bacteria; Pseudomonadati; Pseudomonadota; Alphaproteobacteria; Hyphomicrobiales; Phyllobacteriaceae; Mesorhizobium,0,5_506_Stc2#6,core,0.8338,0,0,0,0,other > [alpha]
NZ_AYWT01000002.1:330802-332050:1,WP_023793045.1,X739_RS160995,,aromatic ring-hydroxylating dioxygenase subunit alpha,5_506_Stc2,5,633.0,0.9636,1.2e-190,NZ_AYWT01000002.1,330802,332050,1,Mesorhizobium sp. LNHC209A00,Bacteria; Pseudomonadati; Pseudomonadota; Alphaproteobacteria; Hyphomicrobiales; Phyllobacteriaceae; Mesorhizobium,0,5_506_Stc2#3,core,0.9086,1,0,0,1,[alpha] > reductase > other > hypothetical > other > other > other
NZ_AYWS01000002.1:206316-207564:1,WP_023781751.1,X740_RS160675,,aromatic ring-hydroxylating dioxygenase subunit alpha,5_506_Stc2,5,634.2,0.9636,5.5e-191,NZ_AYWS01000002.1,206316,207564,1,Mesorhizobium sp. LNHC220B00,Bacteria; Pseudomonadota; Alphaproteobacteria; Hyphomicrobiales; Phyllobacteriaceae; Mesorhizobium,0,5_506_Stc2#3,core,0.9058,1,0,0,1,[alpha] > reductase > other > hypothetical > other > other > other
NZ_AYWY01000014.1:130034-131282:-1,WP_023668884.1,X734_RS142775,,aromatic ring-hydroxylating dioxygenase subunit alpha,5_506_Stc2,5,640.0,0.9636,9.8e-193,NZ_AYWY01000014.1,130034,131282,-1,Mesorhizobium sp. L2C067A000,Bacteria; Pseudomonadati; Pseudomonadota; Alphaproteobacteria; Hyphomicrobiales; Phyllobacteriaceae; Mesorhizobium,0,5_506_Stc2#3,core,0.9363,1,0,0,1,[alpha] > reductase
NZ_AYXA01000010.1:201618-202866:1,WP_023725911.1,X732_RS143065,,aromatic ring-hydroxylating dioxygenase subunit alpha,5_506_Stc2,5,638.9,0.9636,2e-192,NZ_AYXA01000010.1,201618,202866,1,Mesorhizobium sp. L2C054A000,Bacteria; Pseudomonadota; Alphaproteobacteria; Hyphomicrobiales; Phyllobacteriaceae; Mesorhizobium,0,5_506_Stc2#3,core,0.9335,1,0,0,1,[alpha] > reductase
NZ_AYWZ01000012.1:12298-13546:1,WP_023819468.1,X733_RS144070,,aromatic ring-hydroxylating dioxygenase subunit alpha,5_506_Stc2,5,636.1,0.9636,1.4e-191,NZ_AYWZ01000012.1,12298,13546,1,Mesorhizobium sp. L2C066B000,Bacteria; Pseudomonadati; Pseudomonadota; Alphaproteobacteria; Hyphomicrobiales; Phyllobacteriaceae; Mesorhizobium,0,5_506_Stc2#3,core,0.9033,1,0,0,1,[alpha] > reductase
NZ_AYXC01000007.1:12177-13425:1,WP_023668884.1,X730_RS150180,,aromatic ring-hydroxylating dioxygenase subunit alpha,5_506_Stc2,5,640.0,0.9636,9.8e-193,NZ_AYXC01000007.1,12177,13425,1,Mesorhizobium sp. L103C131B0,Bacteria; Pseudomonadati; Pseudomonadota; Alphaproteobacteria; Hyphomicrobiales; Phyllobacteriaceae; Mesorhizobium,0,5_506_Stc2#3,core,0.9363,1,0,0,1,[alpha] > reductase
NZ_AYXE01000005.1:229271-230519:-1,WP_023831252.1,X728_RS156105,,aromatic ring-hydroxylating dioxygenase subunit alpha,5_506_Stc2,5,639.0,0.9636,1.9e-192,NZ_AYXE01000005.1,229271,230519,-1,Mesorhizobium sp. L103C119B0,Bacteria; Pseudomonadati; Pseudomonadota; Alphaproteobacteria; Hyphomicrobiales; Phyllobacteriaceae; Mesorhizobium,0,5_506_Stc2#3,core,0.9307,1,0,0,1,[alpha] > reductase
NZ_AYXF01000004.1:440263-441511:-1,WP_023834415.1,X727_RS149135,,aromatic ring-hydroxylating dioxygenase subunit alpha,5_506_Stc2,5,638.6,0.9636,2.5e-192,NZ_AYXF01000004.1,440263,441511,-1,Mesorhizobium sp. L103C105A0,Bacteria; Pseudomonadati; Pseudomonadota; Alphaproteobacteria; Hyphomicrobiales; Phyllobacteriaceae; Mesorhizobium,0,5_506_Stc2#3,core,0.9307,1,0,0,1,[alpha] > reductase
NZ_AYXD01000004.1:461099-462347:-1,WP_023828622.1,X729_RS155335,,aromatic ring-hydroxylating dioxygenase subunit alpha,5_506_Stc2,5,634.3,0.9636,5.1e-191,NZ_AYXD01000004.1,461099,462347,-1,Mesorhizobium sp. L103C120A0,Bacteria; Pseudomonadati; Pseudomonadota; Alphaproteobacteria; Hyphomicrobiales; Phyllobacteriaceae; Mesorhizobium,0,5_506_Stc2#3,core,0.9227,1,0,0,1,[alpha] > reductase
NZ_AZQQ01000108.1:198222-199458:-1,WP_033061690.1,V466_RS27935,,aromatic ring-hydroxylating dioxygenase subunit alpha,5_506_Stc2,5,594.7,0.9782,5.6e-179,NZ_AZQQ01000108.1,198222,199458,-1,Pseudomonas mandelii PD30,Bacteria; Pseudomonadati; Pseudomonadota; Gammaproteobacteria; Pseudomonadales; Pseudomonadaceae; Pseudomonas,0,5_506_Stc2#4,core,0.873,0,0,0,0,[alpha]
NZ_BAABTB010000045.1:10386-11649:1,WP_012948914.1,ABEA71_RS20730,,aromatic ring-hydroxylating dioxygenase subunit alpha,5_506_Stc2,5,419.9,0.966,6.5e-126,NZ_BAABTB010000045.1,10386,11649,1,Geodermatophilus obscurus DSM 43160,Bacteria; Bacillati; Actinomycetota; Actinomycetes; Geodermatophilales; Geodermatophilaceae; Geodermatophilus,0,5_506_Stc2#29,divergent,0.5192,1,0,0,1,transporter > other > [alpha] > regulator > reductase
NZ_BAABTB010000086.1:2103-3315:1,WP_012948952.1,ABEA71_RS25200,,aromatic ring-hydroxylating dioxygenase subunit alpha,5_506_Stc2,5,201.3,0.8058,1.5e-59,NZ_BAABTB010000086.1,2103,3315,1,Geodermatophilus obscurus DSM 43160,Bacteria; Bacillati; Actinomycetota; Actinomycetes; Geodermatophilales; Geodermatophilaceae; Geodermatophilus,0,5_506_Stc2#0,core,0.6704,0,0,0,0,[alpha]
NZ_BAED01000063.1:177177-178503:1,WP_005191839.1,GOAMR_RS19320,,SRPBCC family protein,5_506_Stc2,5,399.3,0.9636,1.1e-119,NZ_BAED01000063.1,177177,178503,1,Gordonia amarae NBRC 15530,Bacteria; Bacillati; Actinomycetota; Actinomycetes; Mycobacteriales; Gordoniaceae; Gordonia,0,5_506_Stc2#58,divergent,0.5457,1,0,0,1,[alpha] > reductase > other
NZ_BAEG01000011.1:13151-14372:-1,WP_003798214.1,ARGLB_RS01780,,aromatic ring-hydroxylating dioxygenase subunit alpha,5_506_Stc2,5,226.5,0.7985,3.2e-67,NZ_BAEG01000011.1,13151,14372,-1,Arthrobacter globiformis NBRC 12137,Bacteria; Bacillati; Actinomycetota; Actinomycetes; Micrococcales; Micrococcaceae; Arthrobacter,0,5_506_Stc2#0,core,0.7449,1,0,0,1,reductase > [alpha]
NZ_BAEG01000044.1:1431-2736:-1,WP_003801060.1,ARGLB_RS08260,,SRPBCC family protein,5_506_Stc2,5,392.5,0.9684,1.4e-117,NZ_BAEG01000044.1,1431,2736,-1,Arthrobacter globiformis NBRC 12137,Bacteria; Bacillati; Actinomycetota; Actinomycetes; Micrococcales; Micrococcaceae; Arthrobacter,0,5_506_Stc2#12,core,0.9395,1,0,0,1,[alpha] > reductase
NZ_BAHC01000200.1:16954-18088:1,WP_006337832.1,GORHZ_RS24285,,aromatic ring-hydroxylating dioxygenase subunit alpha,5_506_Stc2,5,230.0,0.8058,3e-68,NZ_BAHC01000200.1,16954,18088,1,Gordonia rhizosphera NBRC 16068,Bacteria; Bacillati; Actinomycetota; Actinomycetes; Mycobacteriales; Gordoniaceae; Gordonia,0,5_506_Stc2#0,core,0.7978,2,0,1,1,ferredoxin > reductase > [alpha]
NZ_BAHC01000119.1:44592-45909:1,WP_006334087.1,GORHZ_RS14125,,aromatic ring-hydroxylating dioxygenase subunit alpha,5_506_Stc2,5,405.2,0.966,1.8e-121,NZ_BAHC01000119.1,44592,45909,1,Gordonia rhizosphera NBRC 16068,Bacteria; Bacillati; Actinomycetota; Actinomycetes; Mycobacteriales; Gordoniaceae; Gordonia,0,5_506_Stc2#58,divergent,0.5118,1,0,0,1,[alpha] > reductase > regulator
NZ_BAHC01000125.1:84638-85904:-1,WP_006334478.1,GORHZ_RS15505,,aromatic ring-hydroxylating dioxygenase subunit alpha,5_506_Stc2,5,431.8,0.966,1.5e-129,NZ_BAHC01000125.1,84638,85904,-1,Gordonia rhizosphera NBRC 16068,Bacteria; Bacillati; Actinomycetota; Actinomycetes; Mycobacteriales; Gordoniaceae; Gordonia,0,5_506_Stc2#29,divergent,0.5441,1,0,0,1,[alpha] > reductase > dehydrogenase > dehydrogenase > regulator
NZ_BANA01000134.1:9904-11176:1,WP_011941920.1,B7450_RS09110,,SRPBCC family protein,5_506_Stc2,5,430.3,0.9684,4.3e-129,NZ_BANA01000134.1,9904,11176,1,Acidiphilium multivorum AIU301,Bacteria; Pseudomonadati; Pseudomonadota; Alphaproteobacteria; Acetobacterales; Acidocellaceae; Acidiphilium,0,5_506_Stc2#60,core,0.5795,1,0,0,1,other > regulator > [alpha] > reductase > regulator
NZ_BANA01000142.1:1900-3142:1,WP_013640527.1,B7450_RS09870,,SRPBCC family protein,5_506_Stc2,5,410.7,0.9709,4e-123,NZ_BANA01000142.1,1900,3142,1,Acidiphilium multivorum AIU301,Bacteria; Pseudomonadati; Pseudomonadota; Alphaproteobacteria; Acetobacterales; Acidocellaceae; Acidiphilium,0,5_506_Stc2#27,divergent,0.4501,1,0,0,1,[alpha] > other > reductase
NZ_BAHD01000015.1:76708-77983:-1,WP_006591551.1,KILIM_RS05020,,aromatic ring-hydroxylating dioxygenase subunit alpha,5_506_Stc2,5,403.5,0.966,6e-121,NZ_BAHD01000015.1,76708,77983,-1,Kineosphaera limosa NBRC 100340,Bacteria; Bacillati; Actinomycetota; Actinomycetes; Micrococcales; Dermatophilaceae; Kineosphaera,0,5_506_Stc2#29,divergent,0.5265,0,0,0,0,[alpha] > regulator
NZ_BASZ01000007.1:2838-4017:-1,WP_021690823.1,NT2_RS13980,,aromatic ring-hydroxylating dioxygenase subunit alpha,5_506_Stc2,5,119.6,0.4587,9.9e-35,NZ_BASZ01000007.1,2838,4017,-1,Caenibius tardaugens NBRC 16725,Bacteria; Pseudomonadati; Pseudomonadota; Alphaproteobacteria; Sphingomonadales; Erythrobacteraceae; Caenibius,0,5_506_Stc2#13,core,0.8012,0,0,0,0,[alpha] > other > other
NZ_BASZ01000007.1:19371-20715:1,WP_021690838.1,NT2_RS14055,,SRPBCC family protein,5_506_Stc2,5,116.2,0.4636,1e-33,NZ_BASZ01000007.1,19371,20715,1,Caenibius tardaugens NBRC 16725,Bacteria; Pseudomonadati; Pseudomonadota; Alphaproteobacteria; Sphingomonadales; Erythrobacteraceae; Caenibius,0,5_506_Stc2#38,novel_candidate,0.2543,0,0,0,0,other > reductase > other > [alpha]
NZ_BAWF01000004.1:50915-52088:1,WP_037226763.1,RW1_RS03135,,aromatic ring-hydroxylating dioxygenase subunit alpha,5_506_Stc2,5,211.4,0.7985,1.3e-62,NZ_BAWF01000004.1,50915,52088,1,Rhodococcus wratislaviensis NBRC 100605,Bacteria; Bacillati; Actinomycetota; Actinomycetes; Mycobacteriales; Nocardiaceae; Rhodococcus,0,5_506_Stc2#0,core,0.9915,0,0,0,0,[alpha] > transporter > dehydrogenase > transporter > reductase
NZ_BAYX01000009.1:85240-86485:-1,WP_034520441.1,RRH01S_RS21200,,aromatic ring-hydroxylating dioxygenase subunit alpha,5_506_Stc2,5,636.9,0.9806,8.4e-192,NZ_BAYX01000009.1,85240,86485,-1,Rhizobium rhizogenes NBRC 13257,Bacteria; Pseudomonadati; Pseudomonadota; Alphaproteobacteria; Hyphomicrobiales; Rhizobiaceae; Rhizobium/Agrobacterium group; Rhizobium,0,5_506_Stc2#8,core,0.8629,1,0,0,1,[alpha] > reductase
NZ_BBJU01000020.1:120229-121474:-1,WP_045231407.1,RRU01S_RS16490,,aromatic ring-hydroxylating dioxygenase subunit alpha,5_506_Stc2,5,640.9,0.9733,4.9e-193,NZ_BBJU01000020.1,120229,121474,-1,Agrobacterium rubi TR3 = NBRC 13261,Bacteria; Pseudomonadati; Pseudomonadota; Alphaproteobacteria; Hyphomicrobiales; Rhizobiaceae; Rhizobium/Agrobacterium group; Agrobacterium,0,5_506_Stc2#2,core,0.7935,1,0,0,1,[alpha] > reductase > other
NZ_BBUY01000017.1:79903-81088:1,WP_066937382.1,AZE13_RS26985,,aromatic ring-hydroxylating dioxygenase subunit alpha,5_506_Stc2,5,209.8,0.8155,4e-62,NZ_BBUY01000017.1,79903,81088,1,Streptomyces sp. NBRC 110611,Bacteria; Bacillati; Actinomycetota; Actinomycetes; Kitasatosporales; Streptomycetaceae; Streptomyces,0,5_506_Stc2#0,core,0.8277,0,0,0,0,reductase > other > [alpha]
NZ_BBWJ01000044.1:142479-143736:1,WP_061935756.1,AUL34_RS16095,,aromatic ring-hydroxylating dioxygenase subunit alpha,5_506_Stc2,5,450.1,0.9709,4.2e-135,NZ_BBWJ01000044.1,142479,143736,1,Aureimonas sp. AU22,Bacteria; Pseudomonadati; Pseudomonadota; Alphaproteobacteria; Hyphomicrobiales; Aurantimonadaceae; Aureimonas,0,5_506_Stc2#16,core,0.6161,1,0,0,1,[alpha] > reductase
NZ_BBWO01000005.1:251066-252326:-1,WP_007065947.1,AUL26_RS06780,,SRPBCC family protein,5_506_Stc2,5,438.3,0.9757,1.6e-131,NZ_BBWO01000005.1,251066,252326,-1,Fulvimarina pelagi,Bacteria; Pseudomonadati; Pseudomonadota; Alphaproteobacteria; Hyphomicrobiales; Aurantimonadaceae; Fulvimarina,0,5_506_Stc2#138,divergent,0.5475,1,0,0,1,other > other > reductase > other > [alpha] > reductase > reductase > hypothetical > reductase > reductase
NZ_BCAK01000001.1:220265-221564:-1,WP_053915797.1,Y09_RS00985,,SRPBCC family protein,5_506_Stc2,5,388.9,0.9733,1.6e-116,NZ_BCAK01000001.1,220265,221564,-1,Brachybacterium sp. SW0106-09,Bacteria; Bacillati; Actinomycetota; Actinomycetes; Micrococcales; Dermabacteraceae; Brachybacterium,0,5_506_Stc2#28,core,0.8017,1,0,0,1,[alpha] > reductase > reductase
NZ_BCSZ01000057.1:17577-18936:1,WP_054602304.1,RMCFA_RS27670,,SRPBCC family protein,5_506_Stc2,5,128.8,0.4854,1.5e-37,NZ_BCSZ01000057.1,17577,18936,1,Mycolicibacterium fortuitum subsp. acetamidolyticum,Bacteria; Bacillati; Actinomycetota; Actinomycetes; Mycobacteriales; Mycobacteriaceae; Mycolicibacterium,0,5_506_Stc2#37,novel_candidate,0.3394,0,0,0,0,[alpha] > hypothetical > other
NZ_BCMM01000002.1:1722-2856:-1,WP_059078261.1,AV118_RS02095,,aromatic ring-hydroxylating dioxygenase subunit alpha,5_506_Stc2,5,220.0,0.801,3.2e-65,NZ_BCMM01000002.1,1722,2856,-1,Streptomyces scabiei,Bacteria; Bacillati; Actinomycetota; Actinomycetes; Kitasatosporales; Streptomycetaceae; Streptomyces,0,5_506_Stc2#0,core,0.7784,0,0,0,0,dehydrogenase > hydrolase > [alpha]
NZ_BCSZ01000032.1:98152-99484:1,WP_061264096.1,RMCFA_RS17555,,SRPBCC family protein,5_506_Stc2,5,121.8,0.4684,2e-35,NZ_BCSZ01000032.1,98152,99484,1,Mycolicibacterium fortuitum subsp. acetamidolyticum,Bacteria; Bacillati; Actinomycetota; Actinomycetes; Mycobacteriales; Mycobacteriaceae; Mycolicibacterium,0,5_506_Stc2#7,core,0.9745,0,0,0,0,[alpha] > regulator
NZ_BCWR01000004.1:545925-547182:1,WP_068167970.1,HTA01S_RS06425,,aromatic ring-hydroxylating dioxygenase subunit alpha,5_506_Stc2,5,481.1,0.9612,1.7e-144,NZ_BCWR01000004.1,545925,547182,1,Hydrogenophaga taeniospiralis CCUG 15921,Bacteria; Pseudomonadati; Pseudomonadota; Betaproteobacteria; Burkholderiales; Comamonadaceae; Hydrogenophaga,0,5_506_Stc2#1,core,0.6939,1,0,0,1,hypothetical > reductase > other > reductase > hypothetical > [alpha] > reductase
NZ_BLTI01000010.1:24243-25590:1,WP_013832631.1,J3474_RS17280,,SRPBCC family protein,5_506_Stc2,5,121.2,0.4636,3.2e-35,NZ_BLTI01000010.1,24243,25590,1,Novosphingobium sp. PY1,Bacteria; Pseudomonadati; Pseudomonadota; Alphaproteobacteria; Sphingomonadales; Sphingomonadaceae; Novosphingobium,0,5_506_Stc2#30,novel_candidate,0.269,0,0,0,0,regulator > [alpha] > reductase > other
NZ_BLTI01000010.1:27936-29115:-1,WP_041558833.1,J3474_RS17305,,aromatic ring-hydroxylating dioxygenase subunit alpha,5_506_Stc2,5,123.8,0.483,5.1e-36,NZ_BLTI01000010.1,27936,29115,-1,Novosphingobium sp. PY1,Bacteria; Pseudomonadati; Pseudomonadota; Alphaproteobacteria; Sphingomonadales; Sphingomonadaceae; Novosphingobium,0,5_506_Stc2#13,core,0.764,0,0,0,0,[alpha] > other > other
NZ_BJVU01000011.1:35616-36861:-1,WP_048839551.1,ACI01nite_RS11210,,aromatic ring-hydroxylating dioxygenase subunit alpha,5_506_Stc2,5,405.5,0.9733,1.5e-121,NZ_BJVU01000011.1,35616,36861,-1,Acetobacter cibinongensis,Bacteria; Pseudomonadati; Pseudomonadota; Alphaproteobacteria; Acetobacterales; Acetobacteraceae; Acetobacter,0,5_506_Stc2#14,core,0.6418,1,0,0,1,[alpha] > reductase
NZ_BMQQ01000007.1:228858-229989:1,WP_019883972.1,IEZ01_RS12325,,aromatic ring-hydroxylating dioxygenase subunit alpha,5_506_Stc2,5,208.8,0.801,8e-62,NZ_BMQQ01000007.1,228858,229989,1,Streptomyces purpureus,Bacteria; Bacillati; Actinomycetota; Actinomycetes; Kitasatosporales; Streptomycetaceae; Streptomyces,0,5_506_Stc2#0,core,0.8139,0,0,0,0,reductase > other > [alpha] > transporter
NZ_BNBC01000067.1:16222-17356:-1,WP_189907852.1,IE318_RS40340,,aromatic ring-hydroxylating dioxygenase subunit alpha,5_506_Stc2,5,219.3,0.8083,5.1e-65,NZ_BNBC01000067.1,16222,17356,-1,Streptomyces spiralis,Bacteria; Bacillati; Actinomycetota; Actinomycetes; Kitasatosporales; Streptomycetaceae; Streptomyces,0,5_506_Stc2#0,core,0.7863,0,0,0,0,dehydrogenase > hydrolase > reductase > other > [alpha]
NZ_BNCA01000002.1:237843-239013:-1,WP_190141331.1,IE314_RS03250,,aromatic ring-hydroxylating dioxygenase subunit alpha,5_506_Stc2,5,211.3,0.8107,1.4e-62,NZ_BNCA01000002.1,237843,239013,-1,Streptomyces glebosus,Bacteria; Bacillati; Actinomycetota; Actinomycetes; Kitasatosporales; Streptomycetaceae; Streptomyces,0,5_506_Stc2#0,core,0.8286,0,0,0,0,dehydrogenase > reductase > other > [alpha]
NZ_CAAAGZ010000189.1:30256-31396:1,WP_013874209.1,CJ1DGVC_RS13745,,aromatic ring-hydroxylating dioxygenase subunit alpha,5_506_Stc2,5,104.5,0.466,3.7e-30,NZ_CAAAGZ010000189.1,30256,31396,1,Candidatus Protofrankia datiscae,Bacteria; Bacillati; Actinomycetota; Actinomycetes; Frankiales; Frankiaceae; Protofrankia,0,5_506_Stc2#76,novel_candidate,0.2476,0,0,0,0,[alpha] > ferredoxin
NZ_CAAF010000004.1:14705-15953:1,WP_006325470.1,MESS4_RS01115,,aromatic ring-hydroxylating dioxygenase subunit alpha,5_506_Stc2,5,637.9,0.966,4.3e-192,NZ_CAAF010000004.1,14705,15953,1,Mesorhizobium sp. STM 4661,Bacteria; Pseudomonadati; Pseudomonadota; Alphaproteobacteria; Hyphomicrobiales; Phyllobacteriaceae; Mesorhizobium,0,5_506_Stc2#3,core,0.9118,1,0,0,1,[alpha] > reductase
NZ_BSFQ01000002.1:390039-391326:1,WP_051736691.1,PKE99_RS04215,,aromatic ring-hydroxylating dioxygenase subunit alpha,5_506_Stc2,5,420.6,0.9684,3.9e-126,NZ_BSFQ01000002.1,390039,391326,1,Pseudonocardia halophobica,Bacteria; Bacillati; Actinomycetota; Actinomycetes; Pseudonocardiales; Pseudonocardiaceae; Pseudonocardia,0,5_506_Stc2#29,divergent,0.5455,0,0,0,0,other > reductase > reductase > [alpha] > regulator > regulator
NZ_BSFQ01000070.1:8923-10060:-1,WP_037054465.1,PKE99_RS36685,,aromatic ring-hydroxylating dioxygenase subunit alpha,5_506_Stc2,5,215.2,0.7985,8.8e-64,NZ_BSFQ01000070.1,8923,10060,-1,Pseudonocardia halophobica,Bacteria; Bacillati; Actinomycetota; Actinomycetes; Pseudonocardiales; Pseudonocardiaceae; Pseudonocardia,0,5_506_Stc2#0,core,0.7155,2,0,1,1,ferredoxin > reductase > [alpha]
NZ_CABVQS010000002.1:57148-58390:1,WP_069252361.1,BLA39750_RS02395,,SRPBCC family protein,5_506_Stc2,5,461.5,0.9684,1.5e-138,NZ_CABVQS010000002.1,57148,58390,1,Burkholderia contaminans,Bacteria; Pseudomonadati; Pseudomonadota; Betaproteobacteria; Burkholderiales; Burkholderiaceae; Burkholderia; Burkholderia cepacia complex,0,5_506_Stc2#1,core,0.9827,1,0,0,1,other > other > hypothetical > reductase > other > reductase > reductase > [alpha] > reductase > transporter
NZ_CADFGH010000006.1:120912-122193:-1,WP_012402625.1,HWY06_RS14770,,SRPBCC family protein,5_506_Stc2,5,465.4,0.9757,9.6e-140,NZ_CADFGH010000006.1,120912,122193,-1,Paraburkholderia phymatum STM815,Bacteria; Pseudomonadati; Pseudomonadota; Betaproteobacteria; Burkholderiales; Burkholderiaceae; Paraburkholderia,0,5_506_Stc2#1,core,0.9003,1,0,0,1,other > other > hypothetical > reductase > other > reductase > other > [alpha] > reductase
NZ_CADIKE010000024.1:113218-114475:1,WP_034198170.1,HV804_RS25505,,SRPBCC family protein,5_506_Stc2,5,463.3,0.9757,4.3e-139,NZ_CADIKE010000024.1,113218,114475,1,Burkholderia paludis,Bacteria; Pseudomonadati; Pseudomonadota; Betaproteobacteria; Burkholderiales; Burkholderiaceae; Burkholderia; Burkholderia cepacia complex,0,5_506_Stc2#1,core,0.9829,1,0,0,1,other > other > hypothetical > reductase > other > reductase > other > [alpha] > reductase > transporter
NZ_CAUM01000014.1:28179-29424:1,WP_008872709.1,MESS2_RS03570,,aromatic ring-hydroxylating dioxygenase subunit alpha,5_506_Stc2,5,637.7,0.9709,4.8e-192,NZ_CAUM01000014.1,28179,29424,1,Mesorhizobium metallidurans STM 2683,Bacteria; Pseudomonadati; Pseudomonadota; Alphaproteobacteria; Hyphomicrobiales; Phyllobacteriaceae; Mesorhizobium,0,5_506_Stc2#3,core,0.8986,1,0,0,1,[alpha] > reductase
NZ_CAVK010000004.1:1715-2924:1,WP_006948698.1,EBBID32_RS00255,,SRPBCC family protein,5_506_Stc2,5,142.6,0.6286,1e-41,NZ_CAVK010000004.1,1715,2924,1,Sphingobium indicum BiD32,Bacteria; Pseudomonadati; Pseudomonadota; Alphaproteobacteria; Sphingomonadales; Sphingomonadaceae; Sphingobium,0,5_506_Stc2#36,novel_candidate,0.256,0,0,0,0,regulator > [alpha] > hypothetical
NZ_CAQI01000053.1:476705-478010:-1,WP_050056798.1,ARTSIC4J27_RS19345,,SRPBCC family protein,5_506_Stc2,5,394.6,0.9684,3.1e-118,NZ_CAQI01000053.1,476705,478010,-1,Pseudarthrobacter siccitolerans,Bacteria; Bacillati; Actinomycetota; Actinomycetes; Micrococcales; Micrococcaceae; Pseudarthrobacter,0,5_506_Stc2#12,core,0.9855,1,0,0,1,[alpha] > reductase
NZ_CCBH010000211.1:27792-29139:-1,WP_054948265.1,SPHV1_RS22670,,SRPBCC family protein,5_506_Stc2,5,122.4,0.4636,1.4e-35,NZ_CCBH010000211.1,27792,29139,-1,Novosphingobium sp. KN65.2,Bacteria; Pseudomonadati; Pseudomonadota; Alphaproteobacteria; Sphingomonadales; Sphingomonadaceae; Novosphingobium,0,5_506_Stc2#30,novel_candidate,0.2614,0,0,0,0,regulator > [alpha] > reductase > other
NZ_CCRH01000001.1:195430-196675:-1,WP_046664577.1,AAW20_RS01065,,aromatic ring-hydroxylating dioxygenase subunit alpha,5_506_Stc2,5,638.1,0.9757,3.5e-192,NZ_CCRH01000001.1,195430,196675,-1,Neorhizobium galegae bv. officinalis,Bacteria; Pseudomonadati; Pseudomonadota; Alphaproteobacteria; Hyphomicrobiales; Rhizobiaceae; Rhizobium/Agrobacterium group; Neorhizobium,0,5_506_Stc2#2,core,0.8302,0,0,0,0,[alpha] > other
NZ_CCRH01000019.1:42585-43839:1,WP_046669193.1,AAW20_RS25775,,SRPBCC family protein,5_506_Stc2,5,410.5,0.966,4.6e-123,NZ_CCRH01000019.1,42585,43839,1,Neorhizobium galegae bv. officinalis,Bacteria; Pseudomonadati; Pseudomonadota; Alphaproteobacteria; Hyphomicrobiales; Rhizobiaceae; Rhizobium/Agrobacterium group; Neorhizobium,0,5_506_Stc2#5,core,0.7988,1,0,0,1,[alpha] > reductase
NZ_CH672430.1:130029-131244:1,WP_009833275.1,MED121_RS08590,,aromatic ring-hydroxylating dioxygenase subunit alpha,5_506_Stc2,5,590.4,0.9709,1.1e-177,NZ_CH672430.1,130029,131244,1,Marinomonas sp. MED121,Bacteria; Pseudomonadati; Pseudomonadota; Gammaproteobacteria; Oceanospirillales; Oceanospirillaceae; Marinomonas,0,5_506_Stc2#4,core,0.6997,0,0,0,0,[alpha]
NZ_CDME01000006.1:435061-436177:1,WP_042184123.1,BN1199_RS16310,,aromatic ring-hydroxylating dioxygenase subunit alpha,5_506_Stc2,5,225.4,0.8131,7.5e-67,NZ_CDME01000006.1,435061,436177,1,Kibdelosporangium sp. MJ126-NF4,Bacteria; Bacillati; Actinomycetota; Actinomycetes; Pseudonocardiales; Pseudonocardiaceae; Kibdelosporangium,0,5_506_Stc2#0,core,0.7368,2,0,1,1,ferredoxin > reductase > [alpha]
NZ_CCRK01000001.1:565389-566634:1,WP_046631050.1,AAW19_RS02750,,aromatic ring-hydroxylating dioxygenase subunit alpha,5_506_Stc2,5,637.6,0.9757,5.2e-192,NZ_CCRK01000001.1,565389,566634,1,Neorhizobium galegae bv. officinalis,Bacteria; Pseudomonadati; Pseudomonadota; Alphaproteobacteria; Hyphomicrobiales; Rhizobiaceae; Rhizobium/Agrobacterium group; Neorhizobium,0,5_506_Stc2#2,core,0.8275,0,0,0,0,[alpha] > other
NZ_CM008161.1:490566-491820:1,WP_065092892.1,AMK08_RS10355,,SRPBCC family protein,5_506_Stc2,5,411.0,0.966,3.3e-123,NZ_CM008161.1,490566,491820,1,Rhizobium sp. N4311,Bacteria; Pseudomonadati; Pseudomonadota; Alphaproteobacteria; Hyphomicrobiales; Rhizobiaceae; Rhizobium/Agrobacterium group; Rhizobium,1,5_506_Stc2#5,core,0.9615,1,0,0,1,[alpha] > reductase > other
NZ_CH724108.1:647530-648760:-1,WP_007256608.1,OG2516_RS15245,,aromatic ring-hydroxylating dioxygenase subunit alpha,5_506_Stc2,5,753.3,0.983,3.8e-227,NZ_CH724108.1,647530,648760,-1,Oceanicola granulosus HTCC2516,Bacteria; Pseudomonadati; Pseudomonadota; Alphaproteobacteria; Rhodobacterales; Roseobacteraceae; Oceanicola,0,5_506_Stc2#11,core,0.7676,1,0,0,1,[alpha] > reductase > other > other > hydrolase
NZ_CH724126.1:305781-306918:-1,WP_007021648.1,MED92_RS11160,,SRPBCC family protein,5_506_Stc2,5,128.0,0.5801,2.7e-37,NZ_CH724126.1,305781,306918,-1,Neptuniibacter caesariensis,Bacteria; Pseudomonadati; Pseudomonadota; Gammaproteobacteria; Oceanospirillales; Oceanospirillaceae; Neptuniibacter,0,5_506_Stc2#53,novel_candidate,0.2685,0,0,0,0,hypothetical > other > [alpha] > hypothetical
NZ_CP005189.1:131134-132538:1,WP_062121264.1,K663_RS17090,,SRPBCC family protein,5_506_Stc2,5,103.7,0.4563,6.5e-30,NZ_CP005189.1,131134,132538,1,Sphingobium sp. MI1205,Bacteria; Pseudomonadati; Pseudomonadota; Alphaproteobacteria; Sphingomonadales; Sphingomonadaceae; Sphingobium,0,5_506_Stc2#126,novel_candidate,0.3558,0,0,0,0,hypothetical > reductase > [alpha]
NZ_CP005189.1:185493-186930:-1,WP_062121316.1,K663_RS17355,,SRPBCC family protein,5_506_Stc2,5,113.0,0.4684,9.7e-33,NZ_CP005189.1,185493,186930,-1,Sphingobium sp. MI1205,Bacteria; Pseudomonadati; Pseudomonadota; Alphaproteobacteria; Sphingomonadales; Sphingomonadaceae; Sphingobium,0,5_506_Stc2#125,novel_candidate,0.2862,0,0,0,0,other > reductase > [alpha]
NZ_CP010786.1:89514-90750:-1,WP_024099514.1,PhaeoP63_RS19910,,aromatic ring-hydroxylating dioxygenase subunit alpha,5_506_Stc2,5,749.2,0.9806,6.9e-226,NZ_CP010786.1,89514,90750,-1,Phaeobacter gallaeciensis,Bacteria; Pseudomonadati; Pseudomonadota; Alphaproteobacteria; Rhodobacterales; Roseobacteraceae; Phaeobacter,1,5_506_Stc2#41,core,0.6785,1,0,0,1,[alpha] > reductase
NZ_CP006990.1:416138-417392:1,WP_040141980.1,IE4771_RS28445,,SRPBCC family protein,5_506_Stc2,5,411.1,0.966,3.1e-123,NZ_CP006990.1,416138,417392,1,Rhizobium etli bv. mimosae str. IE4771,Bacteria; Pseudomonadati; Pseudomonadota; Alphaproteobacteria; Hyphomicrobiales; Rhizobiaceae; Rhizobium/Agrobacterium group; Rhizobium,1,5_506_Stc2#5,core,0.9267,1,0,0,1,[alpha] > reductase
NZ_CP015091.1:80327-81566:-1,WP_076694759.1,Ga0080574_RS01930,,aromatic ring-hydroxylating dioxygenase subunit alpha,5_506_Stc2,5,751.5,0.9951,1.3e-226,NZ_CP015091.1,80327,81566,-1,Salipiger abyssi,Bacteria; Pseudomonadati; Pseudomonadota; Alphaproteobacteria; Rhodobacterales; Roseobacteraceae; Salipiger,1,5_506_Stc2#61,core,0.6676,1,0,0,1,[alpha] > reductase
NZ_CP019603.1:536080-537268:1,WP_066850415.1,A9D14_RS16625,,aromatic ring-hydroxylating dioxygenase subunit alpha,5_506_Stc2,5,119.3,0.4903,1.2e-34,NZ_CP019603.1,536080,537268,1,Croceicoccus marinus,Bacteria; Pseudomonadati; Pseudomonadota; Alphaproteobacteria; Sphingomonadales; Erythrobacteraceae; Croceicoccus,1,5_506_Stc2#59,core,0.6193,0,0,0,0,other > [alpha] > other
NZ_CP020911.1:570382-571636:1,WP_020919549.1,NXC12_RS30925,,SRPBCC family protein,5_506_Stc2,5,409.0,0.966,1.3e-122,NZ_CP020911.1,570382,571636,1,Rhizobium etli,Bacteria; Pseudomonadati; Pseudomonadota; Alphaproteobacteria; Hyphomicrobiales; Rhizobiaceae; Rhizobium/Agrobacterium group; Rhizobium,1,5_506_Stc2#5,core,0.915,1,0,0,1,[alpha] > reductase
NZ_CP030274.1:38160-39393:1,WP_011331303.1,DQL45_RS21160,,SRPBCC family protein,5_506_Stc2,5,637.3,0.983,6.3e-192,NZ_CP030274.1,38160,39393,1,Cereibacter sphaeroides 2.4.1,Bacteria; Pseudomonadati; Pseudomonadota; Alphaproteobacteria; Rhodobacterales; Paracoccaceae; Cereibacter,1,5_506_Stc2#31,core,0.5918,1,0,0,1,[alpha] > reductase
NZ_CP029763.1:185126-186374:1,WP_142639775.1,DM450_RS23595,,aromatic ring-hydroxylating dioxygenase subunit alpha,5_506_Stc2,5,166.2,0.5024,6.9e-49,NZ_CP029763.1,185126,186374,1,Sphingomonas sp. IC081,Bacteria; Pseudomonadati; Pseudomonadota; Alphaproteobacteria; Sphingomonadales; Sphingomonadaceae; Sphingomonas,1,5_506_Stc2#124,novel_candidate,0.2727,0,0,0,0,transporter > [alpha]
NZ_CP030354.1:695718-696906:-1,WP_043978811.1,TQ38_RS28770,,aromatic ring-hydroxylating dioxygenase subunit alpha,5_506_Stc2,5,148.4,0.6359,1.7e-43,NZ_CP030354.1,695718,696906,-1,Novosphingobium sp. P6W,Bacteria; Pseudomonadati; Pseudomonadota; Alphaproteobacteria; Sphingomonadales; Sphingomonadaceae; Novosphingobium,1,5_506_Stc2#36,novel_candidate,0.2574,0,0,0,0,regulator > [alpha] > hypothetical > reductase
NZ_CP035286.1:163421-164666:-1,WP_036758026.1,EQ718_RS15100,,aromatic ring-hydroxylating dioxygenase subunit alpha,5_506_Stc2,5,644.9,0.9709,3.1e-194,NZ_CP035286.1,163421,164666,-1,Paracoccus versutus,Bacteria; Pseudomonadati; Pseudomonadota; Alphaproteobacteria; Rhodobacterales; Paracoccaceae; Paracoccus,1,5_506_Stc2#3,core,0.7104,1,0,0,1,[alpha] > reductase
NZ_CP081074.1:230704-231904:1,WP_259972971.1,K3721_RS20860,,aromatic ring-hydroxylating dioxygenase subunit alpha,5_506_Stc2,5,285.6,0.9199,3.9e-85,NZ_CP081074.1,230704,231904,1,Leisingera caerulea,Bacteria; Pseudomonadati; Pseudomonadota; Alphaproteobacteria; Rhodobacterales; Roseobacteraceae; Leisingera,1,5_506_Stc2#22,divergent,0.4095,0,0,0,0,transporter > transporter > transporter > other > other > [alpha] > other
NZ_CP063446.1:200709-201888:-1,WP_193828778.1,IM701_RS16310,,aromatic ring-hydroxylating dioxygenase subunit alpha,5_506_Stc2,5,116.5,0.4684,8.6e-34,NZ_CP063446.1,200709,201888,-1,Novosphingobium sp. ES2-1,Bacteria; Pseudomonadati; Pseudomonadota; Alphaproteobacteria; Sphingomonadales; Sphingomonadaceae; Novosphingobium,1,5_506_Stc2#13,core,0.8338,0,0,0,0,[alpha] > other > other
NZ_CP063446.1:369101-370448:1,WP_193828526.1,IM701_RS17015,,SRPBCC family protein,5_506_Stc2,5,115.2,0.4684,2e-33,NZ_CP063446.1,369101,370448,1,Novosphingobium sp. ES2-1,Bacteria; Pseudomonadati; Pseudomonadota; Alphaproteobacteria; Sphingomonadales; Sphingomonadaceae; Novosphingobium,1,5_506_Stc2#38,novel_candidate,0.2972,0,0,0,0,alpha_other > other > alpha_other > other > other > [alpha] > reductase > hypothetical > reductase
NZ_CP063449.1:200992-202375:-1,WP_193829236.1,IM701_RS21605,,aromatic ring-hydroxylating dioxygenase subunit alpha,5_506_Stc2,5,113.5,0.4587,7e-33,NZ_CP063449.1,200992,202375,-1,Novosphingobium sp. ES2-1,Bacteria; Pseudomonadati; Pseudomonadota; Alphaproteobacteria; Sphingomonadales; Sphingomonadaceae; Novosphingobium,1,5_506_Stc2#123,novel_candidate,0.2755,0,0,0,0,[alpha] > other > other > other > other
NZ_CP128493.1:734334-735669:1,WP_211151918.1,QUC32_RS30225,,SRPBCC family protein,5_506_Stc2,5,124.1,0.4733,4e-36,NZ_CP128493.1,734334,735669,1,Novosphingobium resinovorum,Bacteria; Pseudomonadati; Pseudomonadota; Alphaproteobacteria; Sphingomonadales; Sphingomonadaceae; Novosphingobium,1,5_506_Stc2#122,novel_candidate,0.3009,0,0,0,0,alpha_other > reductase > [alpha] > other
NZ_CP155731.1:136018-137254:-1,WP_005861650.1,ABFK29_RS24080,,aromatic ring-hydroxylating dioxygenase subunit alpha,5_506_Stc2,5,751.1,0.9782,1.8e-226,NZ_CP155731.1,136018,137254,-1,Sagittula stellata E-37,Bacteria; Pseudomonadati; Pseudomonadota; Alphaproteobacteria; Rhodobacterales; Roseobacteraceae; Sagittula,1,5_506_Stc2#85,core,0.7213,1,0,0,1,[alpha] > reductase
NZ_CXOJ01000024.1:52819-53965:1,WP_053837810.1,XTPLMG730_RS07160,,aromatic ring-hydroxylating dioxygenase subunit alpha,5_506_Stc2,5,101.4,0.4927,3.3e-29,NZ_CXOJ01000024.1,52819,53965,1,Xanthomonas translucens pv. phlei,Bacteria; Pseudomonadati; Pseudomonadota; Gammaproteobacteria; Lysobacterales; Lysobacteraceae; Xanthomonas,0,5_506_Stc2#21,novel_candidate,0.2515,0,0,0,0,other > other > other > reductase > reductase > other > [alpha] > other
NZ_CYPU01000065.1:2455-3688:-1,WP_058278605.1,RUA4292_RS16565,,SRPBCC family protein,5_506_Stc2,5,304.4,0.9709,7.3e-91,NZ_CYPU01000065.1,2455,3688,-1,Ruegeria atlantica,Bacteria; Pseudomonadati; Pseudomonadota; Alphaproteobacteria; Rhodobacterales; Roseobacteraceae; Ruegeria,0,5_506_Stc2#80,novel_candidate,0.3961,1,0,0,1,transporter > transporter > transporter > other > reductase > [alpha] > other > other > transposon
NZ_CYSC01000033.1:17078-18242:1,WP_058243742.1,TL5120_RS11655,,aromatic ring-hydroxylating dioxygenase subunit alpha,5_506_Stc2,5,133.0,0.483,8.4e-39,NZ_CYSC01000033.1,17078,18242,1,Thalassovita autumnalis,Bacteria; Pseudomonadati; Pseudomonadota; Alphaproteobacteria; Rhodobacterales; Roseobacteraceae; Thalassovita,0,5_506_Stc2#53,novel_candidate,0.2939,1,0,0,1,other > regulator > hypothetical > [alpha] > reductase > regulator
NZ_CYPS01000066.1:915-2148:-1,WP_058275273.1,RUM4293_RS21055,,SRPBCC family protein,5_506_Stc2,5,306.0,0.9709,2.4e-91,NZ_CYPS01000066.1,915,2148,-1,Ruegeria atlantica,Bacteria; Pseudomonadati; Pseudomonadota; Alphaproteobacteria; Rhodobacterales; Roseobacteraceae; Ruegeria,0,5_506_Stc2#80,novel_candidate,0.3838,1,0,0,1,transporter > transporter > transporter > other > reductase > [alpha] > other
NZ_CXWD01000006.1:237259-238495:1,WP_055671625.1,LAX5112_RS09575,,aromatic ring-hydroxylating dioxygenase subunit alpha,5_506_Stc2,5,678.2,0.9757,2.4e-204,NZ_CXWD01000006.1,237259,238495,1,Roseibium alexandrii,Bacteria; Pseudomonadati; Pseudomonadota; Alphaproteobacteria; Hyphomicrobiales; Stappiaceae; Roseibium,0,5_506_Stc2#87,core,0.6219,1,0,0,1,reductase > [alpha] > reductase > hypothetical
NZ_CXWE01000002.1:740223-741387:-1,WP_055113918.1,LA5095_RS08640,,aromatic ring-hydroxylating dioxygenase subunit alpha,5_506_Stc2,5,113.6,0.5704,6.3e-33,NZ_CXWE01000002.1,740223,741387,-1,Roseibium album,Bacteria; Pseudomonadati; Pseudomonadota; Alphaproteobacteria; Hyphomicrobiales; Stappiaceae; Roseibium,0,5_506_Stc2#120,novel_candidate,0.2626,0,0,0,0,regulator > [alpha] > hypothetical
NZ_CYSG01000003.1:139306-140539:-1,WP_058333158.1,PH5382_RS04460,,aromatic ring-hydroxylating dioxygenase subunit alpha,5_506_Stc2,5,777.7,0.9879,1.4e-234,NZ_CYSG01000003.1,139306,140539,-1,Phaeobacter sp. CECT 5382,Bacteria; Pseudomonadati; Pseudomonadota; Alphaproteobacteria; Rhodobacterales; Roseobacteraceae; Phaeobacter,0,5_506_Stc2#63,core,0.7005,1,0,0,1,[alpha] > reductase
NZ_CYSR01000010.1:46786-48022:1,WP_058284892.1,PHA8399_RS03960,,aromatic ring-hydroxylating dioxygenase subunit alpha,5_506_Stc2,5,781.6,0.9854,9.5e-236,NZ_CYSR01000010.1,46786,48022,1,Leisingera aquaemixtae,Bacteria; Pseudomonadati; Pseudomonadota; Alphaproteobacteria; Rhodobacterales; Roseobacteraceae; Leisingera,0,5_506_Stc2#23,core,0.7178,1,0,0,1,[alpha] > reductase
NZ_DF952472.1:90020-91325:1,WP_059388985.1,AHiyo1_RS14065,,SRPBCC family protein,5_506_Stc2,5,389.2,0.9684,1.3e-116,NZ_DF952472.1,90020,91325,1,Arthrobacter sp. Hiyo1,Bacteria; Bacillati; Actinomycetota; Actinomycetes; Micrococcales; Micrococcaceae; Arthrobacter,0,5_506_Stc2#12,core,0.9536,0,0,0,0,[alpha] > ferredoxin
NZ_DS022277.1:35966-37223:1,WP_007801482.1,R2601_RS19410,,aromatic ring-hydroxylating dioxygenase subunit alpha,5_506_Stc2,5,696.7,0.9757,5.8e-210,NZ_DS022277.1,35966,37223,1,Salipiger bermudensis HTCC2601,Bacteria; Pseudomonadati; Pseudomonadota; Alphaproteobacteria; Rhodobacterales; Roseobacteraceae; Salipiger,0,5_506_Stc2#90,core,0.611,1,0,0,1,[alpha] > reductase > other > ring_cleavage
NZ_FCOA02000011.1:20898-22197:-1,WP_061168722.1,AWB79_RS17635,,SRPBCC family protein,5_506_Stc2,5,455.4,0.966,1.1e-136,NZ_FCOA02000011.1,20898,22197,-1,Caballeronia hypogeia,Bacteria; Pseudomonadati; Pseudomonadota; Betaproteobacteria; Burkholderiales; Burkholderiaceae; Caballeronia,0,5_506_Stc2#1,core,0.8127,1,0,0,1,other > other > hypothetical > reductase > other > reductase > other > [alpha] > reductase > transporter
NZ_FCNX02000006.1:94931-96230:-1,WP_061134893.1,AWB77_RS13195,,SRPBCC family protein,5_506_Stc2,5,456.8,0.966,3.9e-137,NZ_FCNX02000006.1,94931,96230,-1,Caballeronia fortuita,Bacteria; Pseudomonadati; Pseudomonadota; Betaproteobacteria; Burkholderiales; Burkholderiaceae; Caballeronia,0,5_506_Stc2#1,core,0.8156,1,0,0,1,other > hypothetical > reductase > other > reductase > other > [alpha] > reductase > transporter
NZ_FCNV02000008.1:225180-226476:1,WP_040049708.1,AWB72_RS19120,,SRPBCC family protein,5_506_Stc2,5,456.3,0.9684,5.7e-137,NZ_FCNV02000008.1,225180,226476,1,Caballeronia concitans,Bacteria; Pseudomonadati; Pseudomonadota; Betaproteobacteria; Burkholderiales; Burkholderiaceae; Caballeronia,0,5_506_Stc2#1,core,0.8501,1,0,0,1,other > other > hypothetical > reductase > other > reductase > other > [alpha] > reductase > transporter
NZ_FCOI02000026.1:10578-11730:1,WP_061163535.1,AWB76_RS28375,,aromatic ring-hydroxylating dioxygenase subunit alpha,5_506_Stc2,5,156.6,0.784,5.5e-46,NZ_FCOI02000026.1,10578,11730,1,Caballeronia temeraria,Bacteria; Pseudomonadati; Pseudomonadota; Betaproteobacteria; Burkholderiales; Burkholderiaceae; Caballeronia,0,5_506_Stc2#35,novel_candidate,0.2853,0,0,0,0,regulator > transporter > transporter > transporter > transporter > [alpha] > dehydrogenase > hydrolase
NZ_FCOI02000022.1:118427-119726:1,WP_061163148.1,AWB76_RS26800,,SRPBCC family protein,5_506_Stc2,5,457.8,0.966,1.9e-137,NZ_FCOI02000022.1,118427,119726,1,Caballeronia temeraria,Bacteria; Pseudomonadati; Pseudomonadota; Betaproteobacteria; Burkholderiales; Burkholderiaceae; Caballeronia,0,5_506_Stc2#1,core,0.8156,1,0,0,1,other > hypothetical > reductase > other > reductase > other > [alpha] > reductase > transporter
NZ_FCOK02000014.1:9555-10854:-1,WP_062085241.1,AWB69_RS12575,,SRPBCC family protein,5_506_Stc2,5,462.6,0.9709,6.9e-139,NZ_FCOK02000014.1,9555,10854,-1,Caballeronia udeis,Bacteria; Pseudomonadati; Pseudomonadota; Betaproteobacteria; Burkholderiales; Burkholderiaceae; Caballeronia,0,5_506_Stc2#1,core,0.7826,1,0,0,1,other > other > hypothetical > reductase > other > reductase > other > [alpha] > reductase > transporter
NZ_FCOK02000029.1:51789-53043:-1,WP_062088178.1,AWB69_RS20805,,SRPBCC family protein,5_506_Stc2,5,369.4,0.9539,1.4e-110,NZ_FCOK02000029.1,51789,53043,-1,Caballeronia udeis,Bacteria; Pseudomonadati; Pseudomonadota; Betaproteobacteria; Burkholderiales; Burkholderiaceae; Caballeronia,0,5_506_Stc2#82,core,0.5579,0,0,0,0,[alpha]
NZ_FCOC02000003.1:35855-37157:-1,WP_060817828.1,AWB64_RS06505,,SRPBCC family protein,5_506_Stc2,5,455.5,0.9684,1e-136,NZ_FCOC02000003.1,35855,37157,-1,Caballeronia sordidicola,Bacteria; Pseudomonadati; Pseudomonadota; Betaproteobacteria; Burkholderiales; Burkholderiaceae; Caballeronia,0,5_506_Stc2#1,core,0.8237,1,0,0,1,other > other > hypothetical > reductase > other > reductase > other > [alpha] > reductase > transporter
NZ_FCOX02000038.1:75451-76750:-1,WP_062609448.1,AWB78_RS28195,,SRPBCC family protein,5_506_Stc2,5,451.5,0.9684,1.6e-135,NZ_FCOX02000038.1,75451,76750,-1,Caballeronia calidae,Bacteria; Pseudomonadati; Pseudomonadota; Betaproteobacteria; Burkholderiales; Burkholderiaceae; Caballeronia,0,5_506_Stc2#1,core,0.8271,1,0,0,1,other > hypothetical > reductase > other > reductase > other > [alpha] > reductase > transporter
NZ_FCOX02000024.1:72158-73418:-1,WP_062607997.1,AWB78_RS21575,,SRPBCC family protein,5_506_Stc2,5,380.3,0.9587,6.7e-114,NZ_FCOX02000024.1,72158,73418,-1,Caballeronia calidae,Bacteria; Pseudomonadati; Pseudomonadota; Betaproteobacteria; Burkholderiales; Burkholderiaceae; Caballeronia,0,5_506_Stc2#20,divergent,0.5411,0,0,0,0,[alpha]
NZ_FCOK02000144.1:4732-5995:1,WP_062093087.1,AWB69_RS44290,,SRPBCC family protein,5_506_Stc2,5,410.7,0.9684,3.9e-123,NZ_FCOK02000144.1,4732,5995,1,Caballeronia udeis,Bacteria; Pseudomonadati; Pseudomonadota; Betaproteobacteria; Burkholderiales; Burkholderiaceae; Caballeronia,0,5_506_Stc2#137,core,0.5607,1,0,0,1,reductase > transporter > [alpha] > transporter > transporter
NZ_FMDJ01000075.1:1526-2684:-1,WP_079256540.1,GA0115260_RS03570,,aromatic ring-hydroxylating dioxygenase subunit alpha,5_506_Stc2,5,213.0,0.8083,4.2e-63,NZ_FMDJ01000075.1,1526,2684,-1,Streptomyces sp. MnatMP-M27,Bacteria; Bacillati; Actinomycetota; Actinomycetes; Kitasatosporales; Streptomycetaceae; Streptomyces,0,5_506_Stc2#0,core,0.8942,0,0,0,0,dehydrogenase > reductase > other > [alpha] > dehydrogenase
NZ_FMAC01000006.1:36015-37269:1,WP_075854374.1,GA0061100_RS19375,,SRPBCC family protein,5_506_Stc2,5,411.8,0.966,1.9e-123,NZ_FMAC01000006.1,36015,37269,1,Rhizobium hainanense,Bacteria; Pseudomonadati; Pseudomonadota; Alphaproteobacteria; Hyphomicrobiales; Rhizobiaceae; Rhizobium/Agrobacterium group; Rhizobium,0,5_506_Stc2#14,core,0.942,1,0,0,1,[alpha] > reductase > other
NZ_FMUD01000007.1:34884-36129:1,WP_077103831.1,DSM25558_RS07975,,aromatic ring-hydroxylating dioxygenase subunit alpha,5_506_Stc2,5,642.3,0.9733,1.9e-193,NZ_FMUD01000007.1,34884,36129,1,Agrobacterium sp. DSM 25558,Bacteria; Pseudomonadati; Pseudomonadota; Alphaproteobacteria; Hyphomicrobiales; Rhizobiaceae; Rhizobium/Agrobacterium group; Agrobacterium,0,5_506_Stc2#2,core,0.7935,1,0,0,1,[alpha] > reductase > other
NZ_FMAC01000009.1:81150-82395:-1,WP_075855573.1,GA0061100_RS25200,,SRPBCC family protein,5_506_Stc2,5,649.5,0.9757,1.3e-195,NZ_FMAC01000009.1,81150,82395,-1,Rhizobium hainanense,Bacteria; Pseudomonadati; Pseudomonadota; Alphaproteobacteria; Hyphomicrobiales; Rhizobiaceae; Rhizobium/Agrobacterium group; Rhizobium,0,5_506_Stc2#24,core,0.8614,1,0,0,1,[alpha] > reductase
NZ_FNAY01000016.1:22189-23425:1,WP_074555190.1,BLQ25_RS13650,,aromatic ring-hydroxylating dioxygenase subunit alpha,5_506_Stc2,5,653.6,0.9757,7.2e-197,NZ_FNAY01000016.1,22189,23425,1,Rhodobacter capsulatus,Bacteria; Pseudomonadati; Pseudomonadota; Alphaproteobacteria; Rhodobacterales; Rhodobacter group; Rhodobacter,0,5_506_Stc2#45,core,0.5956,0,0,0,0,[alpha] > ferredoxin
NZ_FMWE01000009.1:112102-113404:-1,WP_026542250.1,BLQ01_RS19700,,SRPBCC family protein,5_506_Stc2,5,384.7,0.9684,3.2e-115,NZ_FMWE01000009.1,112102,113404,-1,Arthrobacter sp. UNCCL28,Bacteria; Bacillati; Actinomycetota; Actinomycetes; Micrococcales; Micrococcaceae; Arthrobacter,0,5_506_Stc2#28,core,0.9625,1,0,0,1,[alpha] > reductase
NZ_FNDI01000028.1:59701-60982:1,WP_042314041.1,BLT65_RS36180,,SRPBCC family protein,5_506_Stc2,5,468.6,0.9733,1.1e-140,NZ_FNDI01000028.1,59701,60982,1,Paraburkholderia steynii,Bacteria; Pseudomonadati; Pseudomonadota; Betaproteobacteria; Burkholderiales; Burkholderiaceae; Paraburkholderia,0,5_506_Stc2#1,core,0.9183,1,0,0,1,other > other > hypothetical > reductase > other > reductase > other > [alpha] > reductase
NZ_FNNP01000016.1:28547-29639:1,WP_074739460.1,BLU89_RS20370,,aromatic ring-hydroxylating dioxygenase subunit alpha,5_506_Stc2,5,121.8,0.6044,2e-35,NZ_FNNP01000016.1,28547,29639,1,Ruegeria halocynthiae,Bacteria; Pseudomonadati; Pseudomonadota; Alphaproteobacteria; Rhodobacterales; Roseobacteraceae; Ruegeria,0,5_506_Stc2#42,novel_candidate,0.2586,0,0,0,0,[alpha] > other > other > other > hydrolase
NZ_FNOB01000020.1:13640-14876:1,WP_035838578.1,BLV97_RS15820,,aromatic ring-hydroxylating dioxygenase subunit alpha,5_506_Stc2,5,660.3,0.9782,6.6e-199,NZ_FNOB01000020.1,13640,14876,1,Allgaiera indica,Bacteria; Pseudomonadati; Pseudomonadota; Alphaproteobacteria; Rhodobacterales; Paracoccaceae; Allgaiera,0,5_506_Stc2#31,core,0.59,1,0,0,1,hypothetical > [alpha] > reductase
NZ_FNJP01000003.1:429711-430944:1,WP_027232575.1,BLR72_RS13885,,aromatic ring-hydroxylating dioxygenase subunit alpha,5_506_Stc2,5,308.4,0.9587,4.7e-92,NZ_FNJP01000003.1,429711,430944,1,Phyllobacterium sp. YR620,Bacteria; Pseudomonadati; Pseudomonadota; Alphaproteobacteria; Hyphomicrobiales; Phyllobacteriaceae; Phyllobacterium,0,5_506_Stc2#6,core,0.7988,1,0,0,1,[alpha] > reductase > reductase
NZ_FNHX01000003.1:420446-421703:-1,WP_074576453.1,BLQ85_RS10145,,aromatic ring-hydroxylating dioxygenase subunit alpha,5_506_Stc2,5,471.2,0.9563,1.7e-141,NZ_FNHX01000003.1,420446,421703,-1,Polaromonas sp. JS666,Bacteria; Pseudomonadati; Pseudomonadota; Betaproteobacteria; Burkholderiales; Comamonadaceae; Polaromonas,0,5_506_Stc2#1,core,0.6773,1,0,0,1,hypothetical > reductase > other > reductase > hypothetical > [alpha] > reductase
NZ_FNNW01000016.1:11459-12734:1,WP_043872123.1,BLW07_RS16320,,SRPBCC family protein,5_506_Stc2,5,449.4,0.9806,7.3e-135,NZ_FNNW01000016.1,11459,12734,1,Celeribacter indicus,Bacteria; Pseudomonadati; Pseudomonadota; Alphaproteobacteria; Rhodobacterales; Roseobacteraceae; Celeribacter,0,5_506_Stc2#10,core,0.8364,1,0,0,1,[alpha] > reductase > transporter
NZ_FNTL01000005.1:235570-236773:-1,WP_073361462.1,BLW42_RS42295,,aromatic ring-hydroxylating dioxygenase subunit alpha,5_506_Stc2,5,183.4,0.8325,4e-54,NZ_FNTL01000005.1,235570,236773,-1,Rhodococcus jostii,Bacteria; Bacillati; Actinomycetota; Actinomycetes; Mycobacteriales; Nocardiaceae; Rhodococcus,0,5_506_Stc2#44,novel_candidate,0.3563,1,0,0,1,regulator > other > [alpha] > reductase
NZ_FOAS01000007.1:168058-169177:1,WP_074867282.1,BMX80_RS08620,,aromatic ring-hydroxylating dioxygenase subunit alpha,5_506_Stc2,5,112.7,0.6019,1.2e-32,NZ_FOAS01000007.1,168058,169177,1,Atopomonas hussainii,Bacteria; Pseudomonadati; Pseudomonadota; Gammaproteobacteria; Pseudomonadales; Pseudomonadaceae; Atopomonas,0,5_506_Stc2#119,novel_candidate,0.2628,0,0,0,0,[alpha] > hypothetical
NZ_FOAS01000008.1:139585-140776:1,WP_074867604.1,BMX80_RS09485,,aromatic ring-hydroxylating dioxygenase subunit alpha,5_506_Stc2,5,107.4,0.4684,4.8e-31,NZ_FOAS01000008.1,139585,140776,1,Atopomonas hussainii,Bacteria; Pseudomonadati; Pseudomonadota; Gammaproteobacteria; Pseudomonadales; Pseudomonadaceae; Atopomonas,0,5_506_Stc2#118,novel_candidate,0.2738,0,0,0,0,[alpha] > other
NZ_FOCV01000010.1:196651-197905:1,WP_072376011.1,BSG20_RS13625,,SRPBCC family protein,5_506_Stc2,5,414.1,0.966,3.6e-124,NZ_FOCV01000010.1,196651,197905,1,Rhizobium tibeticum,Bacteria; Pseudomonadati; Pseudomonadota; Alphaproteobacteria; Hyphomicrobiales; Rhizobiaceae; Rhizobium/Agrobacterium group; Rhizobium,0,5_506_Stc2#5,core,0.9024,1,0,0,1,[alpha] > reductase
NZ_FOED01000004.1:133392-134649:1,WP_017639140.1,BMZ43_RS12480,,SRPBCC family protein,5_506_Stc2,5,388.3,0.9612,2.4e-116,NZ_FOED01000004.1,133392,134649,1,Pseudomonas sp. Snoq117.2,Bacteria; Pseudomonadati; Pseudomonadota; Gammaproteobacteria; Pseudomonadales; Pseudomonadaceae; Pseudomonas,0,5_506_Stc2#18,divergent,0.5207,1,0,0,1,regulator > [alpha] > reductase
NZ_FOMU01000008.1:51916-53143:1,WP_058238099.1,F3H21_RS13925,,aromatic ring-hydroxylating dioxygenase subunit alpha,5_506_Stc2,5,781.2,0.9854,1.3e-235,NZ_FOMU01000008.1,51916,53143,1,Shimia marina,Bacteria; Pseudomonadati; Pseudomonadota; Alphaproteobacteria; Rhodobacterales; Roseobacteraceae,0,5_506_Stc2#63,core,0.728,1,0,0,1,[alpha] > reductase
NZ_FOLR01000004.1:332696-333935:-1,WP_076622882.1,BM112_RS08775,,aromatic ring-hydroxylating dioxygenase subunit alpha,5_506_Stc2,5,747.5,0.9951,2.2e-225,NZ_FOLR01000004.1,332696,333935,-1,Salipiger profundus,Bacteria; Pseudomonadati; Pseudomonadota; Alphaproteobacteria; Rhodobacterales; Roseobacteraceae; Salipiger,0,5_506_Stc2#61,core,0.6512,1,0,0,1,[alpha] > reductase
NZ_FOVH01000013.1:198669-199998:1,WP_075023252.1,BM339_RS31715,,SRPBCC family protein,5_506_Stc2,5,112.8,0.4709,1.1e-32,NZ_FOVH01000013.1,198669,199998,1,Actinomadura madurae,Bacteria; Bacillati; Actinomycetota; Actinomycetes; Streptosporangiales; Thermomonosporaceae; Actinomadura,0,5_506_Stc2#117,divergent,0.4009,1,0,1,0,[alpha] > ferredoxin
NZ_FOXY01000001.1:160214-161450:-1,WP_072706040.1,BM225_RS00720,,aromatic ring-hydroxylating dioxygenase subunit alpha,5_506_Stc2,5,776.6,0.9854,3.2e-234,NZ_FOXY01000001.1,160214,161450,-1,Donghicola eburneus,Bacteria; Pseudomonadati; Pseudomonadota; Alphaproteobacteria; Rhodobacterales; Roseobacteraceae; Donghicola,0,5_506_Stc2#11,core,0.731,1,0,0,1,[alpha] > reductase
NZ_FPJF01000015.1:123089-124331:-1,WP_034180743.1,BT190_RS24290,,SRPBCC family protein,5_506_Stc2,5,458.6,0.9684,1.1e-137,NZ_FPJF01000015.1,123089,124331,-1,Burkholderia sp. NFACC33-1,Bacteria; Pseudomonadati; Pseudomonadota; Betaproteobacteria; Burkholderiales; Burkholderiaceae; Burkholderia,0,5_506_Stc2#1,core,0.9628,1,0,0,1,other > other > hypothetical > reductase > other > reductase > reductase > [alpha] > reductase > transporter
NZ_FQUE01000006.1:133897-135160:1,WP_072857877.1,BUA54_RS13565,,aromatic ring-hydroxylating dioxygenase subunit alpha,5_506_Stc2,5,387.2,0.9587,5.5e-116,NZ_FQUE01000006.1,133897,135160,1,Loktanella atrilutea,Bacteria; Pseudomonadati; Pseudomonadota; Alphaproteobacteria; Rhodobacterales; Roseobacteraceae; Loktanella,0,5_506_Stc2#56,divergent,0.5486,1,0,0,1,[alpha] > reductase > reductase
NZ_FQVA01000004.1:207773-209090:1,WP_073276466.1,BUC36_RS14660,,aromatic ring-hydroxylating dioxygenase subunit alpha,5_506_Stc2,5,265.6,0.9539,4.5e-79,NZ_FQVA01000004.1,207773,209090,1,Microbulbifer donghaiensis,Bacteria; Pseudomonadati; Pseudomonadota; Gammaproteobacteria; Cellvibrionales; Microbulbiferaceae; Microbulbifer,0,5_506_Stc2#75,novel_candidate,0.3671,0,0,0,0,[alpha] > other
NZ_FQYO01000002.1:635024-636254:-1,WP_073327369.1,BUE30_RS06880,,aromatic ring-hydroxylating dioxygenase subunit alpha,5_506_Stc2,5,759.8,0.983,4.1e-229,NZ_FQYO01000002.1,635024,636254,-1,Wenxinia saemankumensis,Bacteria; Pseudomonadati; Pseudomonadota; Alphaproteobacteria; Rhodobacterales; Roseobacteraceae; Wenxinia,0,5_506_Stc2#85,core,0.7243,1,0,0,1,[alpha] > reductase
NZ_FQZA01000005.1:198965-200195:-1,WP_073128580.1,BUB76_RS09700,,aromatic ring-hydroxylating dioxygenase subunit alpha,5_506_Stc2,5,756.5,0.9854,4.2e-228,NZ_FQZA01000005.1,198965,200195,-1,Palleronia salina,Bacteria; Pseudomonadati; Pseudomonadota; Alphaproteobacteria; Rhodobacterales; Roseobacteraceae; Palleronia,0,5_506_Stc2#11,core,0.738,1,0,0,1,[alpha] > reductase > reductase
NZ_FRBK01000019.1:128800-129958:-1,WP_073448064.1,BUE49_RS30930,,aromatic ring-hydroxylating dioxygenase subunit alpha,5_506_Stc2,5,202.1,0.8034,8.6e-60,NZ_FRBK01000019.1,128800,129958,-1,Streptomyces yunnanensis,Bacteria; Bacillati; Actinomycetota; Actinomycetes; Kitasatosporales; Streptomycetaceae; Streptomyces,0,5_506_Stc2#0,core,0.8282,0,0,0,0,dehydrogenase > reductase > other > [alpha] > transporter
NZ_FRBR01000002.1:219237-220464:1,WP_073033921.1,BUB53_RS06675,,aromatic ring-hydroxylating dioxygenase subunit alpha,5_506_Stc2,5,761.6,0.9879,1.2e-229,NZ_FRBR01000002.1,219237,220464,1,Roseovarius pacificus,Bacteria; Pseudomonadati; Pseudomonadota; Alphaproteobacteria; Rhodobacterales; Roseobacteraceae; Roseovarius,0,5_506_Stc2#89,core,0.6775,1,0,0,1,[alpha] > reductase
NZ_FRCS01000013.1:18535-19636:1,WP_073262585.1,BUB75_RS32740,,aromatic ring-hydroxylating dioxygenase subunit alpha,5_506_Stc2,5,216.5,0.801,3.6e-64,NZ_FRCS01000013.1,18535,19636,1,Cryptosporangium aurantiacum,Bacteria; Bacillati; Actinomycetota; Actinomycetes; Cryptosporangiales; Cryptosporangiaceae; Cryptosporangium,0,5_506_Stc2#0,core,0.7324,1,0,1,0,ferredoxin > reductase > other > [alpha] > hypothetical > other > hypothetical > hypothetical > hypothetical > hypothetical > hypothetical
NZ_FRCQ01000037.1:40670-41795:-1,WP_073468543.1,BUE42_RS27860,,aromatic ring-hydroxylating dioxygenase subunit alpha,5_506_Stc2,5,63.5,0.7621,1.1e-17,NZ_FRCQ01000037.1,40670,41795,-1,Rhizobacter sp. OV335,Bacteria; Pseudomonadati; Pseudomonadota; Betaproteobacteria; Burkholderiales; Rhizobacter,0,5_506_Stc2#9,divergent,0.5216,0,0,0,0,[alpha] > transporter > other > other
NZ_FRXO01000007.1:124661-125810:-1,WP_073630858.1,BUF17_RS16875,,aromatic ring-hydroxylating dioxygenase subunit alpha,5_506_Stc2,5,151.6,0.7209,1.9e-44,NZ_FRXO01000007.1,124661,125810,-1,Pseudoxanthobacter soli DSM 19599,Bacteria; Pseudomonadati; Pseudomonadota; Alphaproteobacteria; Hyphomicrobiales; Segnochrobactraceae; Pseudoxanthobacter,0,5_506_Stc2#35,novel_candidate,0.2831,0,0,0,0,other > transporter > transporter > transporter > transporter > other > [alpha] > dehydrogenase > hydrolase > other
NZ_FRXO01000008.1:116507-117680:-1,WP_073631161.1,BUF17_RS17640,,aromatic ring-hydroxylating dioxygenase subunit alpha,5_506_Stc2,5,134.7,0.6796,2.4e-39,NZ_FRXO01000008.1,116507,117680,-1,Pseudoxanthobacter soli DSM 19599,Bacteria; Pseudomonadati; Pseudomonadota; Alphaproteobacteria; Hyphomicrobiales; Segnochrobactraceae; Pseudoxanthobacter,0,5_506_Stc2#116,novel_candidate,0.2708,0,0,0,0,transporter > transporter > reductase > [alpha] > reductase > other > other
NZ_FRXO01000003.1:158884-160144:-1,WP_073627563.1,BUF17_RS08360,,SRPBCC family protein,5_506_Stc2,5,457.1,0.9587,3.1e-137,NZ_FRXO01000003.1,158884,160144,-1,Pseudoxanthobacter soli DSM 19599,Bacteria; Pseudomonadati; Pseudomonadota; Alphaproteobacteria; Hyphomicrobiales; Segnochrobactraceae; Pseudoxanthobacter,0,5_506_Stc2#16,core,0.6235,1,0,0,1,[alpha] > reductase > reductase > hypothetical > reductase > hypothetical
NZ_FTNE01000010.1:27784-29035:-1,WP_029313910.1,BW994_RS09100,,aromatic ring-hydroxylating dioxygenase subunit alpha,5_506_Stc2,5,426.5,0.9684,6.5e-128,NZ_FTNE01000010.1,27784,29035,-1,Acidiphilium rubrum,Bacteria; Pseudomonadati; Pseudomonadota; Alphaproteobacteria; Acetobacterales; Acidocellaceae; Acidiphilium,0,5_506_Stc2#27,divergent,0.4385,1,0,0,1,[alpha] > other > reductase > reductase > reductase
NZ_FTNE01000010.1:85466-86723:-1,WP_029313986.1,BW994_RS09365,,SRPBCC family protein,5_506_Stc2,5,438.6,0.9684,1.3e-131,NZ_FTNE01000010.1,85466,86723,-1,Acidiphilium rubrum,Bacteria; Pseudomonadati; Pseudomonadota; Alphaproteobacteria; Acetobacterales; Acidocellaceae; Acidiphilium,0,5_506_Stc2#60,core,0.5763,1,0,0,1,regulator > [alpha] > reductase > regulator > reductase > hypothetical > reductase > hypothetical
NZ_FTNT01000003.1:39685-40834:1,WP_076477557.1,BW971_RS05785,,aromatic ring-hydroxylating dioxygenase subunit alpha,5_506_Stc2,5,227.6,0.7913,1.5e-67,NZ_FTNT01000003.1,39685,40834,1,Williamsia sterculiae,Bacteria; Bacillati; Actinomycetota; Actinomycetes; Mycobacteriales; Nocardiaceae; Williamsia,0,5_506_Stc2#0,core,0.7275,0,0,0,0,regulator > reductase > other > [alpha] > dehydrogenase > transporter > reductase > regulator > hypothetical > other > other > reductase > regulator
NZ_FTOU01000007.1:96230-97463:1,WP_076526112.1,BW985_RS11385,,aromatic ring-hydroxylating dioxygenase subunit alpha,5_506_Stc2,5,657.2,0.9733,5.9e-198,NZ_FTOU01000007.1,96230,97463,1,Paracoccus saliphilus,Bacteria; Pseudomonadati; Pseudomonadota; Alphaproteobacteria; Rhodobacterales; Paracoccaceae; Paracoccus,0,5_506_Stc2#25,core,0.5673,1,0,0,1,[alpha] > reductase
NZ_FTOQ01000013.1:66990-68226:1,WP_076449754.1,BW990_RS16525,,aromatic ring-hydroxylating dioxygenase subunit alpha,5_506_Stc2,5,622.0,0.9854,2.9e-187,NZ_FTOQ01000013.1,66990,68226,1,Roseivivax lentus,Bacteria; Pseudomonadati; Pseudomonadota; Alphaproteobacteria; Rhodobacterales; Roseobacteraceae; Roseivivax,0,5_506_Stc2#31,core,0.5538,1,0,0,1,reductase > [alpha] > reductase
NZ_FVZE01000013.1:45349-46696:-1,WP_079731873.1,B5483_RS21060,,SRPBCC family protein,5_506_Stc2,5,119.8,0.4612,8.3e-35,NZ_FVZE01000013.1,45349,46696,-1,Novosphingobium mathurense,Bacteria; Pseudomonadati; Pseudomonadota; Alphaproteobacteria; Sphingomonadales; Sphingomonadaceae; Novosphingobium,0,5_506_Stc2#30,novel_candidate,0.2614,0,0,0,0,regulator > [alpha] > reductase > other
NZ_FWZV01000002.1:218769-220026:1,WP_027603351.1,B9N88_RS03640,,SRPBCC family protein,5_506_Stc2,5,376.3,0.966,1.1e-112,NZ_FWZV01000002.1,218769,220026,1,Pseudomonas sp. LAMO17WK12:I1,Bacteria; Pseudomonadati; Pseudomonadota; Gammaproteobacteria; Pseudomonadales; Pseudomonadaceae; Pseudomonas,0,5_506_Stc2#18,core,0.5569,1,0,0,1,regulator > [alpha] > reductase > other
NZ_FTNX01000002.1:82684-83911:-1,WP_058319781.1,BW969_RS04910,,aromatic ring-hydroxylating dioxygenase subunit alpha,5_506_Stc2,5,785.6,0.983,5.8e-237,NZ_FTNX01000002.1,82684,83911,-1,Thalassovita mediterranea,Bacteria; Pseudomonadati; Pseudomonadota; Alphaproteobacteria; Rhodobacterales; Roseobacteraceae; Thalassovita,0,5_506_Stc2#41,core,0.7316,1,0,0,1,[alpha] > reductase
NZ_GG703780.1:164288-165536:-1,WP_004686937.1,BAWG_RS108510,,SRPBCC family protein,5_506_Stc2,5,640.5,0.9757,6.6e-193,NZ_GG703780.1,164288,165536,-1,Brucella melitensis bv. 1 str. 16M,Bacteria; Pseudomonadati; Pseudomonadota; Alphaproteobacteria; Hyphomicrobiales; Brucellaceae; Brucella/Ochrobactrum group; Brucella,0,5_506_Stc2#15,core,0.9782,1,0,0,1,[alpha] > reductase
NZ_GL876934.1:64791-66042:1,WP_008070562.1,Y88_RS14435,,SRPBCC family protein,5_506_Stc2,5,413.0,0.9709,7.9e-124,NZ_GL876934.1,64791,66042,1,Novosphingobium nitrogenifigens DSM 19370,Bacteria; Pseudomonadati; Pseudomonadota; Alphaproteobacteria; Sphingomonadales; Sphingomonadaceae; Novosphingobium,0,5_506_Stc2#14,core,0.7378,1,0,0,1,[alpha] > reductase > transporter > hypothetical > hydrolase > other
NZ_JAAHGN010000087.1:431-1619:1,WP_008188825.1,F6K20_RS07350,,aromatic ring-hydroxylating dioxygenase subunit alpha,5_506_Stc2,5,65.5,0.7767,2.6e-18,NZ_JAAHGN010000087.1,431,1619,1,Moorena sp. SIO2C4,Bacteria; Bacillati; Cyanobacteriota; Cyanophyceae; Oscillatoriophycideae; Oscillatoriales; Oscillatoriaceae; Moorena,0,5_506_Stc2#115,novel_candidate,0.2238,0,0,0,0,other > [alpha] > other > dehydrogenase > other > hypothetical > other > other > other > other > other > hypothetical
NZ_JAAIKT010000101.1:4509-5667:-1,WP_164436272.1,G4H13_RS43660,,aromatic ring-hydroxylating dioxygenase subunit alpha,5_506_Stc2,5,215.3,0.8083,8.4e-64,NZ_JAAIKT010000101.1,4509,5667,-1,Streptomyces rhizosphaericus,Bacteria; Bacillati; Actinomycetota; Actinomycetes; Kitasatosporales; Streptomycetaceae; Streptomyces; Streptomyces violaceusniger group,0,5_506_Stc2#0,core,0.902,0,0,0,0,dehydrogenase > reductase > [alpha] > dehydrogenase
NZ_JAANRZ010000006.1:202620-203865:1,WP_065654836.1,G6L60_RS03530,,aromatic ring-hydroxylating dioxygenase subunit alpha,5_506_Stc2,5,654.3,0.9733,4.4e-197,NZ_JAANRZ010000006.1,202620,203865,1,Agrobacterium tumefaciens,Bacteria; Pseudomonadati; Pseudomonadota; Alphaproteobacteria; Hyphomicrobiales; Rhizobiaceae; Rhizobium/Agrobacterium group; Agrobacterium; Agrobacterium tumefaciens complex,0,5_506_Stc2#2,core,0.8147,1,0,0,1,[alpha] > reductase
NZ_JAAMOT010000008.1:26330-27575:1,WP_037198552.1,G6L40_RS03990,,aromatic ring-hydroxylating dioxygenase subunit alpha,5_506_Stc2,5,650.4,0.9782,6.5e-196,NZ_JAAMOT010000008.1,26330,27575,1,Rhizobium lusitanum,Bacteria; Pseudomonadati; Pseudomonadota; Alphaproteobacteria; Hyphomicrobiales; Rhizobiaceae; Rhizobium/Agrobacterium group; Rhizobium,0,5_506_Stc2#2,core,0.8726,1,0,0,1,[alpha] > reductase
NZ_JAAXEX010000006.1:60047-61301:-1,WP_072641390.1,HFO34_RS11900,,SRPBCC family protein,5_506_Stc2,5,408.5,0.966,1.8e-122,NZ_JAAXEX010000006.1,60047,61301,-1,Rhizobium leguminosarum,Bacteria; Pseudomonadati; Pseudomonadota; Alphaproteobacteria; Hyphomicrobiales; Rhizobiaceae; Rhizobium/Agrobacterium group; Rhizobium,0,5_506_Stc2#5,core,0.9211,1,0,0,1,[alpha] > reductase > other
NZ_JAAXFO010000004.1:341386-342631:1,WP_072640824.1,HFN57_RS09480,,aromatic ring-hydroxylating dioxygenase subunit alpha,5_506_Stc2,5,635.3,0.9782,2.6e-191,NZ_JAAXFO010000004.1,341386,342631,1,Rhizobium leguminosarum,Bacteria; Pseudomonadati; Pseudomonadota; Alphaproteobacteria; Hyphomicrobiales; Rhizobiaceae; Rhizobium/Agrobacterium group; Rhizobium,0,5_506_Stc2#2,core,0.8808,0,0,0,0,[alpha] > other
NZ_JABAIG010000003.1:438714-439968:-1,WP_168839273.1,HGP12_RS08915,,SRPBCC family protein,5_506_Stc2,5,413.4,0.966,6.1e-124,NZ_JABAIG010000003.1,438714,439968,-1,Rhizobium sp. P28RR-XV,Bacteria; Pseudomonadati; Pseudomonadota; Alphaproteobacteria; Hyphomicrobiales; Rhizobiaceae; Rhizobium/Agrobacterium group; Rhizobium,0,5_506_Stc2#5,core,0.9362,1,0,0,1,[alpha] > reductase
NZ_JABCNT010000016.1:871-2116:-1,WP_065282344.1,HFO27_RS26995,,aromatic ring-hydroxylating dioxygenase subunit alpha,5_506_Stc2,5,635.9,0.9782,1.7e-191,NZ_JABCNT010000016.1,871,2116,-1,Rhizobium leguminosarum,Bacteria; Pseudomonadati; Pseudomonadota; Alphaproteobacteria; Hyphomicrobiales; Rhizobiaceae; Rhizobium/Agrobacterium group; Rhizobium,0,5_506_Stc2#2,core,0.878,0,0,0,0,[alpha]
NZ_JABEPH010000175.1:2898-4143:1,WP_039846653.1,C9413_RS17930,,aromatic ring-hydroxylating dioxygenase subunit alpha,5_506_Stc2,5,640.6,0.9806,6.3e-193,NZ_JABEPH010000175.1,2898,4143,1,Rhizobium sp. SEMIA 4085,Bacteria; Pseudomonadati; Pseudomonadota; Alphaproteobacteria; Hyphomicrobiales; Rhizobiaceae; Rhizobium/Agrobacterium group; Rhizobium,0,5_506_Stc2#2,core,0.8378,0,0,0,0,[alpha]
NZ_JAAXPJ010000003.1:221773-223111:-1,WP_044517018.1,HGA11_RS09540,,aromatic ring-hydroxylating dioxygenase subunit alpha,5_506_Stc2,5,117.9,0.4684,3.1e-34,NZ_JAAXPJ010000003.1,221773,223111,-1,Mycolicibacterium septicum DSM 44393,Bacteria; Bacillati; Actinomycetota; Actinomycetes; Mycobacteriales; Mycobacteriaceae; Mycolicibacterium,0,5_506_Stc2#7,core,0.904,0,0,0,0,[alpha] > regulator
NZ_JABEPH010000057.1:8358-9612:-1,WP_040115848.1,C9413_RS08580,,SRPBCC family protein,5_506_Stc2,5,415.7,0.966,1.2e-124,NZ_JABEPH010000057.1,8358,9612,-1,Rhizobium sp. SEMIA 4085,Bacteria; Pseudomonadati; Pseudomonadota; Alphaproteobacteria; Hyphomicrobiales; Rhizobiaceae; Rhizobium/Agrobacterium group; Rhizobium,0,5_506_Stc2#5,core,0.8125,1,0,0,1,[alpha] > reductase > other
NZ_JABFMR010000001.1:402106-403342:1,WP_139642053.1,HNO91_RS01800,,SRPBCC family protein,5_506_Stc2,5,583.1,0.9757,1.9e-175,NZ_JABFMR010000001.1,402106,403342,1,Pseudomonas corrugata,Bacteria; Pseudomonadati; Pseudomonadota; Gammaproteobacteria; Pseudomonadales; Pseudomonadaceae; Pseudomonas,0,5_506_Stc2#4,core,0.8623,0,0,0,0,[alpha]
NZ_JABQ01000107.1:3378-4536:-1,WP_037964124.1,Z951_RS40755,,aromatic ring-hydroxylating dioxygenase subunit alpha,5_506_Stc2,5,214.5,0.8155,1.4e-63,NZ_JABQ01000107.1,3378,4536,-1,Streptomyces sp. PRh5,Bacteria; Bacillati; Actinomycetota; Actinomycetes; Kitasatosporales; Streptomycetaceae; Streptomyces,0,5_506_Stc2#0,core,0.9008,1,0,0,1,dehydrogenase > reductase > [alpha] > dehydrogenase
NZ_JABXYF010000008.1:81223-82468:-1,WP_052817861.1,HW570_RS14470,,aromatic ring-hydroxylating dioxygenase subunit alpha,5_506_Stc2,5,644.8,0.9733,3.3e-194,NZ_JABXYF010000008.1,81223,82468,-1,Agrobacterium tumefaciens,Bacteria; Pseudomonadati; Pseudomonadota; Alphaproteobacteria; Hyphomicrobiales; Rhizobiaceae; Rhizobium/Agrobacterium group; Agrobacterium; Agrobacterium tumefaciens complex,0,5_506_Stc2#2,core,0.8115,1,0,0,1,[alpha] > reductase
NZ_JACDTY010000002.1:681737-682985:1,WP_181056716.1,H0241_RS07305,,aromatic ring-hydroxylating dioxygenase subunit alpha,5_506_Stc2,5,640.8,0.9636,5.4e-193,NZ_JACDTY010000002.1,681737,682985,1,Mesorhizobium neociceri,Bacteria; Pseudomonadati; Pseudomonadota; Alphaproteobacteria; Hyphomicrobiales; Phyllobacteriaceae; Mesorhizobium,0,5_506_Stc2#3,core,0.9278,1,0,0,1,[alpha] > reductase
NZ_JACHBK010000014.1:154723-155968:1,WP_018330102.1,GGD55_RS25885,,aromatic ring-hydroxylating dioxygenase subunit alpha,5_506_Stc2,5,643.9,0.9733,6.4e-194,NZ_JACHBK010000014.1,154723,155968,1,Rhizobium giardinii,Bacteria; Pseudomonadati; Pseudomonadota; Alphaproteobacteria; Hyphomicrobiales; Rhizobiaceae; Rhizobium/Agrobacterium group; Rhizobium,0,5_506_Stc2#8,core,0.8132,1,0,0,1,[alpha] > reductase
NZ_JACHBK010000016.1:1839-3093:1,WP_026203792.1,GGD55_RS27025,,SRPBCC family protein,5_506_Stc2,5,427.9,0.9636,2.4e-128,NZ_JACHBK010000016.1,1839,3093,1,Rhizobium giardinii,Bacteria; Pseudomonadati; Pseudomonadota; Alphaproteobacteria; Hyphomicrobiales; Rhizobiaceae; Rhizobium/Agrobacterium group; Rhizobium,0,5_506_Stc2#14,core,0.7823,1,0,0,1,[alpha] > reductase
NZ_JACGSQ010000016.1:23131-24289:1,WP_182467926.1,H3T12_RS06735,,aromatic ring-hydroxylating dioxygenase subunit alpha,5_506_Stc2,5,214.4,0.8083,1.6e-63,NZ_JACGSQ010000016.1,23131,24289,1,Streptomyces sp. GMR22,Bacteria; Bacillati; Actinomycetota; Actinomycetes; Kitasatosporales; Streptomycetaceae; Streptomyces,0,5_506_Stc2#0,core,0.8992,0,0,0,0,dehydrogenase > reductase > [alpha] > dehydrogenase
NZ_JACHBK010000002.1:134522-135755:-1,WP_018326393.1,GGD55_RS03910,,SRPBCC family protein,5_506_Stc2,5,302.7,0.9636,2.4e-90,NZ_JACHBK010000002.1,134522,135755,-1,Rhizobium giardinii,Bacteria; Pseudomonadati; Pseudomonadota; Alphaproteobacteria; Hyphomicrobiales; Rhizobiaceae; Rhizobium/Agrobacterium group; Rhizobium,0,5_506_Stc2#6,core,0.9224,0,0,0,0,[alpha]
NZ_JACHCX010000004.1:32854-34015:1,WP_185008960.1,HDC93_RS08930,,aromatic ring-hydroxylating dioxygenase subunit alpha,5_506_Stc2,5,214.7,0.8058,1.3e-63,NZ_JACHCX010000004.1,32854,34015,1,Streptomyces sp. AK010,Bacteria; Bacillati; Actinomycetota; Actinomycetes; Kitasatosporales; Streptomycetaceae; Streptomyces,0,5_506_Stc2#0,core,0.8846,0,0,0,0,reductase > [alpha] > dehydrogenase > transporter > reductase
NZ_JACHZU010000003.1:129541-130807:-1,WP_370525370.1,FHT53_RS08480,,aromatic ring-hydroxylating dioxygenase subunit alpha,5_506_Stc2,5,443.2,0.9709,5.4e-133,NZ_JACHZU010000003.1,129541,130807,-1,Novosphingobium sp. BK369,Bacteria; Pseudomonadati; Pseudomonadota; Alphaproteobacteria; Sphingomonadales; Sphingomonadaceae; Novosphingobium,0,5_506_Stc2#34,divergent,0.4711,1,0,0,1,[alpha] > other > reductase > reductase > hydrolase
NZ_JACHZU010000003.1:168151-169345:1,WP_171798723.1,FHT53_RS08645,,aromatic ring-hydroxylating dioxygenase subunit alpha,5_506_Stc2,5,120.6,0.466,4.6e-35,NZ_JACHZU010000003.1,168151,169345,1,Novosphingobium sp. BK369,Bacteria; Pseudomonadati; Pseudomonadota; Alphaproteobacteria; Sphingomonadales; Sphingomonadaceae; Novosphingobium,0,5_506_Stc2#13,core,0.8207,0,0,0,0,[alpha] > alpha_other > other
NZ_JACIAZ010000006.1:132126-133371:1,WP_028756678.1,FHX10_RS25100,,aromatic ring-hydroxylating dioxygenase subunit alpha,5_506_Stc2,5,635.6,0.9782,2e-191,NZ_JACIAZ010000006.1,132126,133371,1,Rhizobium sp. BK591,Bacteria; Pseudomonadati; Pseudomonadota; Alphaproteobacteria; Hyphomicrobiales; Rhizobiaceae; Rhizobium/Agrobacterium group; Rhizobium,0,5_506_Stc2#2,core,0.8753,0,0,0,0,[alpha] > other
NZ_JACICB010000011.1:135824-137072:-1,WP_067954754.1,FHS67_RS16020,,aromatic ring-hydroxylating dioxygenase subunit alpha,5_506_Stc2,5,638.0,0.9733,3.9e-192,NZ_JACICB010000011.1,135824,137072,-1,Aminobacter aminovorans,Bacteria; Pseudomonadati; Pseudomonadota; Alphaproteobacteria; Hyphomicrobiales; Phyllobacteriaceae; Aminobacter,0,5_506_Stc2#24,core,0.8612,1,0,0,1,[alpha] > reductase
NZ_JACIBH010000009.1:31500-32754:-1,WP_003591107.1,FHX14_RS17940,,SRPBCC family protein,5_506_Stc2,5,410.7,0.966,4.1e-123,NZ_JACIBH010000009.1,31500,32754,-1,Rhizobium sp. BK619,Bacteria; Pseudomonadati; Pseudomonadota; Alphaproteobacteria; Hyphomicrobiales; Rhizobiaceae; Rhizobium/Agrobacterium group; Rhizobium,0,5_506_Stc2#5,core,0.9298,1,0,0,1,[alpha] > reductase > other
NZ_JACIBH010000012.1:157731-158976:1,WP_003588181.1,FHX14_RS23010,,aromatic ring-hydroxylating dioxygenase subunit alpha,5_506_Stc2,5,634.0,0.9782,6.2e-191,NZ_JACIBH010000012.1,157731,158976,1,Rhizobium sp. BK619,Bacteria; Pseudomonadati; Pseudomonadota; Alphaproteobacteria; Hyphomicrobiales; Rhizobiaceae; Rhizobium/Agrobacterium group; Rhizobium,0,5_506_Stc2#2,core,0.8455,0,0,0,0,[alpha] > other
NZ_JACIFW010000001.1:26693-27938:-1,WP_015339010.1,GGD54_RS00130,,SRPBCC family protein,5_506_Stc2,5,649.5,0.9733,1.3e-195,NZ_JACIFW010000001.1,26693,27938,-1,Rhizobium tropici,Bacteria; Pseudomonadati; Pseudomonadota; Alphaproteobacteria; Hyphomicrobiales; Rhizobiaceae; Rhizobium/Agrobacterium group; Rhizobium,0,5_506_Stc2#2,core,0.8665,1,0,0,1,[alpha] > reductase
NZ_JACIHT010000020.1:119336-120581:-1,WP_064805926.1,GGE45_RS21305,,aromatic ring-hydroxylating dioxygenase subunit alpha,5_506_Stc2,5,638.0,0.9782,4e-192,NZ_JACIHT010000020.1,119336,120581,-1,Rhizobium aethiopicum,Bacteria; Pseudomonadati; Pseudomonadota; Alphaproteobacteria; Hyphomicrobiales; Rhizobiaceae; Rhizobium/Agrobacterium group; Rhizobium,0,5_506_Stc2#2,core,0.8568,0,0,0,0,[alpha] > other
NZ_JACIIM010000004.1:411191-412445:-1,WP_003591107.1,GGE68_RS10780,,SRPBCC family protein,5_506_Stc2,5,410.7,0.966,4.1e-123,NZ_JACIIM010000004.1,411191,412445,-1,Rhizobium leguminosarum,Bacteria; Pseudomonadati; Pseudomonadota; Alphaproteobacteria; Hyphomicrobiales; Rhizobiaceae; Rhizobium/Agrobacterium group; Rhizobium,0,5_506_Stc2#5,core,0.9298,1,0,0,1,[alpha] > reductase > other
NZ_JACIHI010000002.1:301025-302279:-1,WP_064653125.1,GGE15_RS05180,,SRPBCC family protein,5_506_Stc2,5,408.4,0.966,2e-122,NZ_JACIHI010000002.1,301025,302279,-1,Rhizobium esperanzae,Bacteria; Pseudomonadati; Pseudomonadota; Alphaproteobacteria; Hyphomicrobiales; Rhizobiaceae; Rhizobium/Agrobacterium group; Rhizobium,0,5_506_Stc2#5,core,0.9597,1,0,0,1,[alpha] > reductase > other
NZ_JACIHI010000003.1:454319-455564:1,WP_064647167.1,GGE15_RS09385,,aromatic ring-hydroxylating dioxygenase subunit alpha,5_506_Stc2,5,635.6,0.9757,2.1e-191,NZ_JACIHI010000003.1,454319,455564,1,Rhizobium esperanzae,Bacteria; Pseudomonadati; Pseudomonadota; Alphaproteobacteria; Hyphomicrobiales; Rhizobiaceae; Rhizobium/Agrobacterium group; Rhizobium,0,5_506_Stc2#2,core,0.8568,0,0,0,0,[alpha]
NZ_JACTAP010000074.1:39341-40490:-1,WP_042915729.1,IAR57_RS16390,,Rieske 2Fe-2S domain-containing protein,5_506_Stc2,5,129.1,0.5,1.2e-37,NZ_JACTAP010000074.1,39341,40490,-1,Mycobacterium canetti,Bacteria; Bacillati; Actinomycetota; Actinomycetes; Mycobacteriales; Mycobacteriaceae; Mycobacterium; Mycobacterium tuberculosis complex,0,5_506_Stc2#54,novel_candidate,0.2719,0,0,0,0,regulator > hypothetical > hypothetical > other > hypothetical > hypothetical > [alpha] > regulator
NZ_JACJIT010000005.1:480218-481463:-1,WP_004440290.1,FHW77_RS16865,,aromatic ring-hydroxylating dioxygenase subunit alpha,5_506_Stc2,5,651.6,0.9733,2.9e-196,NZ_JACJIT010000005.1,480218,481463,-1,Agrobacterium sp. RC10-4-1,Bacteria; Pseudomonadati; Pseudomonadota; Alphaproteobacteria; Hyphomicrobiales; Rhizobiaceae; Rhizobium/Agrobacterium group; Agrobacterium,0,5_506_Stc2#2,core,0.8169,1,0,0,1,[alpha] > reductase
NZ_JAESJG010000123.1:10233-11460:1,WP_060835768.1,JMM63_RS14085,,aromatic ring-hydroxylating dioxygenase subunit alpha,5_506_Stc2,5,755.6,0.9854,7.5e-228,NZ_JAESJG010000123.1,10233,11460,1,Rhodovulum sulfidophilum,Bacteria; Pseudomonadati; Pseudomonadota; Alphaproteobacteria; Rhodobacterales; Paracoccaceae; Rhodovulum,0,5_506_Stc2#89,core,0.6777,1,0,0,1,[alpha] > reductase
NZ_JAFKHN010000013.1:13182-14340:-1,WP_070397723.1,J0I38_RS14690,,aromatic ring-hydroxylating dioxygenase subunit alpha,5_506_Stc2,5,82.9,0.6578,1.3e-23,NZ_JAFKHN010000013.1,13182,14340,-1,Hydrogenophaga sp.,Bacteria; Pseudomonadati; Pseudomonadota; Betaproteobacteria; Burkholderiales; Comamonadaceae; Hydrogenophaga,0,5_506_Stc2#74,novel_candidate,0.2647,0,0,0,0,other > [alpha] > regulator
NZ_JAFL01000016.1:36098-37337:1,WP_010392092.1,M511_RS12750,,aromatic ring-hydroxylating dioxygenase subunit alpha,5_506_Stc2,5,671.6,0.983,2.4e-202,NZ_JAFL01000016.1,36098,37337,1,Paracoccus sp. J56,Bacteria; Pseudomonadati; Pseudomonadota; Alphaproteobacteria; Rhodobacterales; Paracoccaceae; Paracoccus,0,5_506_Stc2#45,core,0.5795,1,0,0,1,[alpha] > reductase
NZ_JAFKED010000036.1:14558-15707:-1,WP_054433372.1,J0I68_RS26195,,aromatic ring-hydroxylating dioxygenase subunit alpha,5_506_Stc2,5,72.2,0.7549,2.3e-20,NZ_JAFKED010000036.1,14558,15707,-1,Achromobacter sp.,Bacteria; Pseudomonadati; Pseudomonadota; Betaproteobacteria; Burkholderiales; Alcaligenaceae; Achromobacter,0,5_506_Stc2#9,core,0.9914,0,0,0,0,[alpha]
NZ_JAGGOV010000010.1:43573-44692:1,WP_374194569.1,J7E92_RS07935,,aromatic ring-hydroxylating dioxygenase subunit alpha,5_506_Stc2,5,235.1,0.818,8e-70,NZ_JAGGOV010000010.1,43573,44692,1,Streptomyces sp. ISL-63,Bacteria; Bacillati; Actinomycetota; Actinomycetes; Kitasatosporales; Streptomycetaceae; Streptomyces,0,5_506_Stc2#0,core,0.5614,0,0,0,0,[alpha] > other
NZ_JAGGLR010000004.1:405671-406787:-1,WP_044569817.1,J2Z30_RS09765,,aromatic ring-hydroxylating dioxygenase subunit alpha,5_506_Stc2,5,146.8,0.7621,5.1e-43,NZ_JAGGLR010000004.1,405671,406787,-1,Streptomyces iranensis,Bacteria; Bacillati; Actinomycetota; Actinomycetes; Kitasatosporales; Streptomycetaceae; Streptomyces; Streptomyces violaceusniger group,0,5_506_Stc2#52,novel_candidate,0.2827,1,0,0,1,[alpha] > ferredoxin > reductase > transporter > reductase > dehydrogenase
NZ_JAGGLR010000030.1:146067-147225:-1,WP_044579281.1,J2Z30_RS41895,,aromatic ring-hydroxylating dioxygenase subunit alpha,5_506_Stc2,5,212.9,0.8083,4.4e-63,NZ_JAGGLR010000030.1,146067,147225,-1,Streptomyces iranensis,Bacteria; Bacillati; Actinomycetota; Actinomycetes; Kitasatosporales; Streptomycetaceae; Streptomyces; Streptomyces violaceusniger group,0,5_506_Stc2#0,core,0.8964,1,0,0,1,dehydrogenase > reductase > [alpha] > dehydrogenase
NZ_JAIRAY010000008.1:83351-84596:1,WP_024314273.1,K8R51_RS06445,,aromatic ring-hydroxylating dioxygenase subunit alpha,5_506_Stc2,5,644.6,0.9782,3.8e-194,NZ_JAIRAY010000008.1,83351,84596,1,Rhizobium favelukesii,Bacteria; Pseudomonadati; Pseudomonadota; Alphaproteobacteria; Hyphomicrobiales; Rhizobiaceae; Rhizobium/Agrobacterium group; Rhizobium,0,5_506_Stc2#2,core,0.8224,0,0,0,0,[alpha]
NZ_JAIRAY010000062.1:35520-36774:1,WP_024317501.1,K8R51_RS28505,,SRPBCC family protein,5_506_Stc2,5,410.3,0.966,5.4e-123,NZ_JAIRAY010000062.1,35520,36774,1,Rhizobium favelukesii,Bacteria; Pseudomonadati; Pseudomonadota; Alphaproteobacteria; Hyphomicrobiales; Rhizobiaceae; Rhizobium/Agrobacterium group; Rhizobium,0,5_506_Stc2#5,core,0.9271,1,0,0,1,[alpha] > reductase > other > other
NZ_JAIZSP010000004.1:238195-239437:1,WP_059239243.1,LGN46_RS12020,,aromatic ring-hydroxylating dioxygenase subunit alpha,5_506_Stc2,5,460.0,0.9684,4.4e-138,NZ_JAIZSP010000004.1,238195,239437,1,Burkholderia arboris,Bacteria; Pseudomonadati; Pseudomonadota; Betaproteobacteria; Burkholderiales; Burkholderiaceae; Burkholderia; Burkholderia cepacia complex,0,5_506_Stc2#1,core,0.974,1,0,0,1,other > other > hypothetical > reductase > other > reductase > reductase > [alpha] > reductase > transporter
NZ_JAKJWS010000013.1:115489-116638:1,WP_054433372.1,MJX70_RS27165,,aromatic ring-hydroxylating dioxygenase subunit alpha,5_506_Stc2,5,72.2,0.7549,2.3e-20,NZ_JAKJWS010000013.1,115489,116638,1,Achromobacter insuavis,Bacteria; Pseudomonadati; Pseudomonadota; Betaproteobacteria; Burkholderiales; Alcaligenaceae; Achromobacter,0,5_506_Stc2#9,core,0.9914,0,0,0,0,[alpha]
NZ_JAJUFB010000005.1:231642-232800:-1,WP_233657540.1,LVX13_RS11145,,aromatic ring-hydroxylating dioxygenase subunit alpha,5_506_Stc2,5,204.4,0.801,1.7e-60,NZ_JAJUFB010000005.1,231642,232800,-1,Streptomyces noursei,Bacteria; Bacillati; Actinomycetota; Actinomycetes; Kitasatosporales; Streptomycetaceae; Streptomyces,0,5_506_Stc2#0,core,0.8457,0,0,0,0,dehydrogenase > reductase > other > [alpha]
NZ_JAJVKT010000011.1:46413-47577:-1,WP_055099066.1,LZG35_RS10490,,aromatic ring-hydroxylating dioxygenase subunit alpha,5_506_Stc2,5,116.9,0.7282,6.5e-34,NZ_JAJVKT010000011.1,46413,47577,-1,Alloalcanivorax xenomutans,Bacteria; Pseudomonadati; Pseudomonadota; Gammaproteobacteria; Oceanospirillales; Alcanivoracaceae; Alloalcanivorax,0,5_506_Stc2#43,novel_candidate,0.3055,0,0,0,0,[alpha] > other > other > hypothetical
NZ_JAJVLA010000003.1:28511-29633:1,WP_064726836.1,LZP81_RS05980,,aromatic ring-hydroxylating dioxygenase subunit alpha,5_506_Stc2,5,205.4,0.801,8.6e-61,NZ_JAJVLA010000003.1,28511,29633,1,Streptomyces parvulus,Bacteria; Bacillati; Actinomycetota; Actinomycetes; Kitasatosporales; Streptomycetaceae; Streptomyces,0,5_506_Stc2#0,core,0.8768,0,0,0,0,dehydrogenase > reductase > other > [alpha]
NZ_JALEGU010000022.1:21161-22388:1,WP_050674050.1,MRY69_RS07945,,aromatic ring-hydroxylating dioxygenase subunit alpha,5_506_Stc2,5,777.8,0.9854,1.4e-234,NZ_JALEGU010000022.1,21161,22388,1,Phaeobacter italicus,Bacteria; Pseudomonadati; Pseudomonadota; Alphaproteobacteria; Rhodobacterales; Roseobacteraceae; Phaeobacter,0,5_506_Stc2#63,core,0.694,1,0,0,1,[alpha] > reductase > other > hypothetical > reductase
NZ_JALJPS010000052.1:13743-14910:-1,WP_058857693.1,MRU69_RS14080,,aromatic ring-hydroxylating dioxygenase subunit alpha,5_506_Stc2,5,217.2,0.8155,2.3e-64,NZ_JALJPS010000052.1,13743,14910,-1,Kocuria flava,Bacteria; Bacillati; Actinomycetota; Actinomycetes; Micrococcales; Micrococcaceae; Kocuria,0,5_506_Stc2#0,core,0.7933,1,0,0,1,reductase > [alpha] > transporter > regulator > hypothetical
NZ_JALZ01000018.1:40434-41673:-1,WP_037264329.1,OCH239_RS14885,,aromatic ring-hydroxylating dioxygenase subunit alpha,5_506_Stc2,5,671.5,0.9806,2.5e-202,NZ_JALZ01000018.1,40434,41673,-1,Roseivivax halodurans JCM 10272,Bacteria; Pseudomonadati; Pseudomonadota; Alphaproteobacteria; Rhodobacterales; Roseobacteraceae; Roseivivax,0,5_506_Stc2#88,core,0.6307,1,0,0,1,[alpha] > reductase
NZ_JAME01000025.1:60483-61719:-1,WP_043773042.1,RISW2_RS15715,,aromatic ring-hydroxylating dioxygenase subunit alpha,5_506_Stc2,5,671.1,0.9806,3.5e-202,NZ_JAME01000025.1,60483,61719,-1,Roseivivax isoporae LMG 25204,Bacteria; Pseudomonadati; Pseudomonadota; Alphaproteobacteria; Rhodobacterales; Roseobacteraceae; Roseivivax,0,5_506_Stc2#31,core,0.6333,1,0,0,1,[alpha] > reductase
NZ_JAOBYL010000030.1:21708-22953:-1,WP_059760874.1,N5C35_RS25075,,aromatic ring-hydroxylating dioxygenase subunit alpha,5_506_Stc2,5,652.9,0.9733,1.1e-196,NZ_JAOBYL010000030.1,21708,22953,-1,Agrobacterium sp. GD03992,Bacteria; Pseudomonadati; Pseudomonadota; Alphaproteobacteria; Hyphomicrobiales; Rhizobiaceae; Rhizobium/Agrobacterium group; Agrobacterium,0,5_506_Stc2#2,core,0.8174,1,0,0,1,[alpha] > reductase
NZ_JAQIPA010000019.1:8964-10197:-1,WP_058288338.1,PGB32_RS16030,,aromatic ring-hydroxylating dioxygenase subunit alpha,5_506_Stc2,5,755.0,0.9854,1.2e-227,NZ_JAQIPA010000019.1,8964,10197,-1,Tritonibacter multivorans,Bacteria; Pseudomonadati; Pseudomonadota; Alphaproteobacteria; Rhodobacterales; Paracoccaceae; Tritonibacter,0,5_506_Stc2#143,core,0.7005,1,0,0,1,[alpha] > reductase
NZ_JAPYZX010000011.1:50655-51900:1,WP_065116142.1,O8B94_RS23025,,aromatic ring-hydroxylating dioxygenase subunit alpha,5_506_Stc2,5,644.8,0.9733,3.3e-194,NZ_JAPYZX010000011.1,50655,51900,1,Rhizobium rhizogenes,Bacteria; Pseudomonadati; Pseudomonadota; Alphaproteobacteria; Hyphomicrobiales; Rhizobiaceae; Rhizobium/Agrobacterium group; Rhizobium,0,5_506_Stc2#2,core,0.8142,1,0,0,1,[alpha] > reductase
NZ_JASHIB010000013.1:42876-44136:-1,WP_003605821.1,QM213_RS19765,,SRPBCC family protein,5_506_Stc2,5,455.3,0.9684,1.1e-136,NZ_JASHIB010000013.1,42876,44136,-1,Methylorubrum extorquens,Bacteria; Pseudomonadati; Pseudomonadota; Alphaproteobacteria; Hyphomicrobiales; Methylobacteriaceae; Methylorubrum,0,5_506_Stc2#39,core,0.6364,1,0,0,1,other > other > [alpha] > reductase > reductase
NZ_JAUJPW010000002.1:239854-241096:-1,WP_035974490.1,QZL92_RS03535,,aromatic ring-hydroxylating dioxygenase subunit alpha,5_506_Stc2,5,467.9,0.9684,1.7e-140,NZ_JAUJPW010000002.1,239854,241096,-1,Burkholderia dolosa,Bacteria; Pseudomonadati; Pseudomonadota; Betaproteobacteria; Burkholderiales; Burkholderiaceae; Burkholderia; Burkholderia cepacia complex,0,5_506_Stc2#1,core,0.9771,1,0,0,1,other > other > hypothetical > reductase > other > reductase > reductase > [alpha] > reductase > transporter
NZ_JASHIL010000002.1:51353-52589:-1,WP_043844259.1,RBB41_RS01445,,aromatic ring-hydroxylating dioxygenase subunit alpha,5_506_Stc2,5,674.5,0.9854,3.1e-203,NZ_JASHIL010000002.1,51353,52589,-1,Roseivivax marinus,Bacteria; Pseudomonadati; Pseudomonadota; Alphaproteobacteria; Rhodobacterales; Roseobacteraceae; Roseivivax,0,5_506_Stc2#88,core,0.6152,1,0,0,1,[alpha] > reductase
NZ_JAUSQQ010000003.1:338695-339940:1,WP_072370406.1,J2W42_RS06220,,aromatic ring-hydroxylating dioxygenase subunit alpha,5_506_Stc2,5,643.7,0.9757,7.4e-194,NZ_JAUSQQ010000003.1,338695,339940,1,Rhizobium tibeticum,Bacteria; Pseudomonadati; Pseudomonadota; Alphaproteobacteria; Hyphomicrobiales; Rhizobiaceae; Rhizobium/Agrobacterium group; Rhizobium,0,5_506_Stc2#2,core,0.8224,0,0,0,0,[alpha]
NZ_JAVDXJ010000002.1:256803-258009:-1,WP_033965016.1,J2X47_RS04345,,aromatic ring-hydroxylating dioxygenase subunit alpha,5_506_Stc2,5,430.2,0.9636,4.8e-129,NZ_JAVDXJ010000002.1,256803,258009,-1,Sphingomonas sp. BE270,Bacteria; Pseudomonadati; Pseudomonadota; Alphaproteobacteria; Sphingomonadales; Sphingomonadaceae; Sphingomonas,0,5_506_Stc2#27,divergent,0.4751,1,0,0,1,[alpha] > other > reductase > reductase > other > other > reductase > other > transporter > regulator
NZ_JAWLVV010000043.1:31464-32823:-1,WP_054602304.1,R4485_RS31075,,SRPBCC family protein,5_506_Stc2,5,128.8,0.4854,1.5e-37,NZ_JAWLVV010000043.1,31464,32823,-1,Mycolicibacterium fortuitum,Bacteria; Bacillati; Actinomycetota; Actinomycetes; Mycobacteriales; Mycobacteriaceae; Mycolicibacterium,0,5_506_Stc2#37,novel_candidate,0.3394,0,0,0,0,[alpha] > hypothetical > other
NZ_JAWLVV010000003.1:80134-81466:-1,WP_061264096.1,R4485_RS05340,,SRPBCC family protein,5_506_Stc2,5,121.8,0.4684,2e-35,NZ_JAWLVV010000003.1,80134,81466,-1,Mycolicibacterium fortuitum,Bacteria; Bacillati; Actinomycetota; Actinomycetes; Mycobacteriales; Mycobacteriaceae; Mycolicibacterium,0,5_506_Stc2#7,core,0.9745,0,0,0,0,[alpha] > regulator
NZ_JAWWMZ010000019.1:45230-46370:-1,WP_063327639.1,SGN30_RS29920,,Rieske 2Fe-2S domain-containing protein,5_506_Stc2,5,110.2,0.6626,6.7e-32,NZ_JAWWMZ010000019.1,45230,46370,-1,Delftia acidovorans,Bacteria; Pseudomonadati; Pseudomonadota; Betaproteobacteria; Burkholderiales; Comamonadaceae; Delftia,0,5_506_Stc2#121,novel_candidate,0.2365,0,0,0,0,other > other > reductase > reductase > other > [alpha] > other > other
NZ_JBDJLL010000004.1:208993-210271:-1,WP_054424494.1,ABE465_RS14780,,aromatic ring-hydroxylating dioxygenase subunit alpha,5_506_Stc2,5,470.4,0.9684,3e-141,NZ_JBDJLL010000004.1,208993,210271,-1,Achromobacter kerstersii,Bacteria; Pseudomonadati; Pseudomonadota; Betaproteobacteria; Burkholderiales; Alcaligenaceae; Achromobacter,0,5_506_Stc2#1,core,0.6429,1,0,0,1,other > other > hypothetical > reductase > other > reductase > reductase > [alpha] > reductase > regulator
NZ_JBDLAI010000017.1:8856-10020:1,WP_073429438.1,ABFP44_RS20360,,SRPBCC family protein,5_506_Stc2,5,131.8,0.568,1.8e-38,NZ_JBDLAI010000017.1,8856,10020,1,Paraburkholderia terricola,Bacteria; Pseudomonadati; Pseudomonadota; Betaproteobacteria; Burkholderiales; Burkholderiaceae; Paraburkholderia,0,5_506_Stc2#114,novel_candidate,0.2708,0,0,0,0,[alpha] > transporter > transporter > transporter > transporter
NZ_JBDJNX010000001.1:571010-572156:-1,WP_062838656.1,ABE599_RS02645,,aromatic ring-hydroxylating dioxygenase subunit alpha,5_506_Stc2,5,67.0,0.75,8.9e-19,NZ_JBDJNX010000001.1,571010,572156,-1,Achromobacter mucicolens,Bacteria; Pseudomonadati; Pseudomonadota; Betaproteobacteria; Burkholderiales; Alcaligenaceae; Achromobacter,0,5_506_Stc2#9,core,0.9451,0,0,0,0,[alpha]
NZ_JBDVVL010000025.1:166473-167709:-1,WP_055118321.1,ABJK30_RS26780,,aromatic ring-hydroxylating dioxygenase subunit alpha,5_506_Stc2,5,693.0,0.9757,8e-209,NZ_JBDVVL010000025.1,166473,167709,-1,Roseibium album,Bacteria; Pseudomonadati; Pseudomonadota; Alphaproteobacteria; Hyphomicrobiales; Stappiaceae; Roseibium,0,5_506_Stc2#64,core,0.6433,1,0,0,1,reductase > [alpha] > reductase
NZ_JBEOWB010000059.1:6530-7676:-1,WP_351708516.1,ABT050_RS42670,,aromatic ring-hydroxylating dioxygenase subunit alpha,5_506_Stc2,5,220.0,0.8034,3.2e-65,NZ_JBEOWB010000059.1,6530,7676,-1,Streptomyces mirabilis,Bacteria; Bacillati; Actinomycetota; Actinomycetes; Kitasatosporales; Streptomycetaceae; Streptomyces,0,5_506_Stc2#0,core,0.8617,0,0,0,0,dehydrogenase > hydrolase > reductase > other > [alpha] > dehydrogenase > transporter > reductase
NZ_JBEORZ010000019.1:118934-120056:-1,WP_351942957.1,ABTX71_RS26065,,aromatic ring-hydroxylating dioxygenase subunit alpha,5_506_Stc2,5,205.9,0.801,6e-61,NZ_JBEORZ010000019.1,118934,120056,-1,Streptomyces parvulus,Bacteria; Bacillati; Actinomycetota; Actinomycetes; Kitasatosporales; Streptomycetaceae; Streptomyces,0,5_506_Stc2#0,core,0.8768,0,0,0,0,dehydrogenase > reductase > other > [alpha]
NZ_JEMA01000757.1:10144-11287:-1,WP_061610597.1,BE15_RS30720,,aromatic ring-hydroxylating dioxygenase subunit alpha,5_506_Stc2,5,160.9,0.7209,2.8e-47,NZ_JEMA01000757.1,10144,11287,-1,Sorangium cellulosum,Bacteria; Pseudomonadati; Myxococcota; Polyangia; Polyangiales; Polyangiaceae; Sorangium,0,5_506_Stc2#113,novel_candidate,0.3435,0,0,0,0,[alpha] > hypothetical
NZ_JEMU01000006.1:217599-218760:1,WP_037907499.1,PM02_RS08820,,aromatic ring-hydroxylating dioxygenase subunit alpha,5_506_Stc2,5,120.1,0.7816,6.7e-35,NZ_JEMU01000006.1,217599,218760,1,Sulfitobacter mediterraneus,Bacteria; Pseudomonadati; Pseudomonadota; Alphaproteobacteria; Rhodobacterales; Roseobacteraceae; Sulfitobacter,0,5_506_Stc2#26,novel_candidate,0.263,0,0,0,0,regulator > [alpha] > hypothetical
NZ_JEMU01000030.1:1461-2688:-1,WP_037911688.1,PM02_RS18475,,aromatic ring-hydroxylating dioxygenase subunit alpha,5_506_Stc2,5,778.6,0.9879,8.2e-235,NZ_JEMU01000030.1,1461,2688,-1,Sulfitobacter mediterraneus,Bacteria; Pseudomonadati; Pseudomonadota; Alphaproteobacteria; Rhodobacterales; Roseobacteraceae; Sulfitobacter,0,5_506_Stc2#41,core,0.7245,1,0,0,1,[alpha] > reductase
NZ_JFHC01000014.1:11555-12869:-1,WP_035929022.1,BG61_RS11590,,SRPBCC family protein,5_506_Stc2,5,452.7,0.9733,6.9e-136,NZ_JFHC01000014.1,11555,12869,-1,Caballeronia glathei,Bacteria; Pseudomonadati; Pseudomonadota; Betaproteobacteria; Burkholderiales; Burkholderiaceae; Caballeronia,0,5_506_Stc2#1,core,0.8632,1,0,0,1,other > other > hypothetical > reductase > other > reductase > other > [alpha] > reductase > transporter
NZ_JFHE01000050.1:26796-28092:-1,WP_035970118.1,BG57_RS27770,,SRPBCC family protein,5_506_Stc2,5,449.5,0.966,6.8e-135,NZ_JFHE01000050.1,26796,28092,-1,Caballeronia grimmiae,Bacteria; Pseudomonadati; Pseudomonadota; Betaproteobacteria; Burkholderiales; Burkholderiaceae; Caballeronia,0,5_506_Stc2#1,core,0.8075,1,0,0,1,other > hypothetical > reductase > other > reductase > other > [alpha] > reductase > transporter
NZ_JFHO01000058.1:14262-15504:-1,WP_035187339.1,RT91_RS11200,,SRPBCC family protein,5_506_Stc2,5,410.7,0.9709,4.1e-123,NZ_JFHO01000058.1,14262,15504,-1,Acidiphilium sp. JA12-A1,Bacteria; Pseudomonadati; Pseudomonadota; Alphaproteobacteria; Acetobacterales; Acidocellaceae; Acidiphilium,0,5_506_Stc2#27,divergent,0.4501,1,0,0,1,[alpha] > other > reductase > reductase > reductase
NZ_JFHO01000101.1:11452-12724:-1,WP_011941920.1,RT91_RS16730,,SRPBCC family protein,5_506_Stc2,5,430.3,0.9684,4.3e-129,NZ_JFHO01000101.1,11452,12724,-1,Acidiphilium sp. JA12-A1,Bacteria; Pseudomonadati; Pseudomonadota; Alphaproteobacteria; Acetobacterales; Acidocellaceae; Acidiphilium,0,5_506_Stc2#60,core,0.5795,1,0,0,1,other > regulator > [alpha] > reductase > regulator > reductase > other > reductase > reductase
NZ_JFHD01000023.1:9863-11162:1,WP_034473135.1,BG60_RS24340,,SRPBCC family protein,5_506_Stc2,5,457.1,0.966,3.2e-137,NZ_JFHD01000023.1,9863,11162,1,Caballeronia zhejiangensis,Bacteria; Pseudomonadati; Pseudomonadota; Betaproteobacteria; Burkholderiales; Burkholderiaceae; Caballeronia,0,5_506_Stc2#1,core,0.8156,1,0,0,1,other > hypothetical > reductase > other > reductase > other > [alpha] > reductase > transporter
NZ_JFJY01000005.1:346690-347965:1,WP_085644722.1,TH468_RS13005,,SRPBCC family protein,5_506_Stc2,5,448.3,0.9806,1.6e-134,NZ_JFJY01000005.1,346690,347965,1,Thalassospira sp. MCCC 1A03138,Bacteria; Pseudomonadati; Pseudomonadota; Alphaproteobacteria; Rhodospirillales; Thalassospiraceae; Thalassospira,0,5_506_Stc2#10,core,0.9154,1,0,0,1,[alpha] > reductase
NZ_JFYZ01000080.1:15154-16492:1,WP_036530942.1,BV97_RS27805,,SRPBCC family protein,5_506_Stc2,5,108.1,0.4709,2.9e-31,NZ_JFYZ01000080.1,15154,16492,1,Novosphingobium resinovorum,Bacteria; Pseudomonadati; Pseudomonadota; Alphaproteobacteria; Sphingomonadales; Sphingomonadaceae; Novosphingobium,0,5_506_Stc2#30,novel_candidate,0.2861,0,0,0,0,regulator > [alpha] > reductase
NZ_JFZB01000005.1:422380-423619:1,WP_036635735.1,CG50_RS04895,,aromatic ring-hydroxylating dioxygenase subunit alpha,5_506_Stc2,5,655.7,0.983,1.6e-197,NZ_JFZB01000005.1,422380,423619,1,Paenirhodobacter enshiensis,Bacteria; Pseudomonadati; Pseudomonadota; Alphaproteobacteria; Rhodobacterales; Rhodobacter group; Paenirhodobacter,0,5_506_Stc2#45,core,0.5849,1,0,0,1,[alpha] > reductase
NZ_JFYZ01000013.1:91282-92638:-1,WP_036526685.1,BV97_RS14115,,SRPBCC family protein,5_506_Stc2,5,113.6,0.4515,6.2e-33,NZ_JFYZ01000013.1,91282,92638,-1,Novosphingobium resinovorum,Bacteria; Pseudomonadati; Pseudomonadota; Alphaproteobacteria; Sphingomonadales; Sphingomonadaceae; Novosphingobium,0,5_506_Stc2#73,novel_candidate,0.3134,0,0,0,0,[alpha] > alpha_other > other
NZ_JGVW01000074.1:14195-15464:1,WP_152986072.1,LIG30_RS11870,,SRPBCC family protein,5_506_Stc2,5,473.0,0.9733,4.8e-142,NZ_JGVW01000074.1,14195,15464,1,Burkholderia sp. lig30,Bacteria; Pseudomonadati; Pseudomonadota; Betaproteobacteria; Burkholderiales; Burkholderiaceae; Burkholderia,0,5_506_Stc2#1,core,0.9083,1,0,0,1,other > other > hypothetical > reductase > other > reductase > reductase > [alpha] > reductase > transporter
NZ_JGVR01000005.1:10548-11742:-1,WP_252364922.1,CP98_RS06095,,aromatic ring-hydroxylating dioxygenase subunit alpha,5_506_Stc2,5,129.8,0.5558,7.8e-38,NZ_JGVR01000005.1,10548,11742,-1,Sphingobium yanoikuyae,Bacteria; Pseudomonadati; Pseudomonadota; Alphaproteobacteria; Sphingomonadales; Sphingomonadaceae; Sphingobium,0,5_506_Stc2#36,novel_candidate,0.2544,0,0,0,0,regulator > [alpha] > hypothetical
NZ_JH814703.1:61435-62572:-1,WP_003933527.1,MVAC_RS26905,,aromatic ring-hydroxylating dioxygenase subunit alpha,5_506_Stc2,5,211.9,0.8083,8.8e-63,NZ_JH814703.1,61435,62572,-1,Mycolicibacterium vaccae ATCC 25954,Bacteria; Bacillati; Actinomycetota; Actinomycetes; Mycobacteriales; Mycobacteriaceae; Mycolicibacterium,0,5_506_Stc2#0,core,0.6851,0,0,0,0,other > other > [alpha] > dehydrogenase > transporter > reductase > other > regulator
NZ_JH814694.1:39222-40395:-1,WP_051015322.1,MVAC_RS17840,,SRPBCC family protein,5_506_Stc2,5,128.0,0.6189,2.6e-37,NZ_JH814694.1,39222,40395,-1,Mycolicibacterium vaccae ATCC 25954,Bacteria; Bacillati; Actinomycetota; Actinomycetes; Mycobacteriales; Mycobacteriaceae; Mycolicibacterium,0,5_506_Stc2#36,novel_candidate,0.2699,0,0,0,0,other > other > reductase > [alpha] > hypothetical
NZ_JH814725.1:423400-424732:1,WP_003881390.1,MFORT_RS08750,,SRPBCC family protein,5_506_Stc2,5,121.1,0.4684,3.3e-35,NZ_JH814725.1,423400,424732,1,Mycolicibacterium fortuitum subsp. fortuitum DSM 46621 = ATCC 6841 = JCM 6387,Bacteria; Bacillati; Actinomycetota; Actinomycetes; Mycobacteriales; Mycobacteriaceae; Mycolicibacterium,0,5_506_Stc2#7,core,0.9664,0,0,0,0,[alpha] > regulator
NZ_JHEH01000005.1:87241-88480:1,WP_038063777.1,DL1_RS05865,,aromatic ring-hydroxylating dioxygenase subunit alpha,5_506_Stc2,5,728.8,0.9757,1.1e-219,NZ_JHEH01000005.1,87241,88480,1,Thioclava dalianensis,Bacteria; Pseudomonadati; Pseudomonadota; Alphaproteobacteria; Rhodobacterales; Paracoccaceae; Thioclava,0,5_506_Stc2#90,core,0.6423,1,0,0,1,[alpha] > reductase > regulator > other
NZ_JHYR01000014.1:109137-110562:-1,WP_004342325.1,Q393_RS0111720,,SRPBCC family protein,5_506_Stc2,5,125.5,0.466,1.6e-36,NZ_JHYR01000014.1,109137,110562,-1,Thauera linaloolentis 47Lol = DSM 12138,Bacteria; Pseudomonadati; Pseudomonadota; Betaproteobacteria; Rhodocyclales; Zoogloeaceae; Thauera,0,5_506_Stc2#112,novel_candidate,0.3321,1,0,1,0,other > alpha_other > reductase > ferredoxin > [alpha] > other
NZ_JNFD01000002.1:106111-107278:-1,WP_037511386.1,FG91_RS02325,,aromatic ring-hydroxylating dioxygenase subunit alpha,5_506_Stc2,5,100.3,0.6723,6.8e-29,NZ_JNFD01000002.1,106111,107278,-1,Sphingopyxis sp. LC81,Bacteria; Pseudomonadati; Pseudomonadota; Alphaproteobacteria; Sphingomonadales; Sphingomonadaceae; Sphingopyxis,0,5_506_Stc2#111,novel_candidate,0.3,0,0,0,0,[alpha] > hydrolase
NZ_JNXP01000004.1:322964-324095:-1,WP_031180242.1,IO27_RS0107285,,aromatic ring-hydroxylating dioxygenase subunit alpha,5_506_Stc2,5,203.4,0.801,3.5e-60,NZ_JNXP01000004.1,322964,324095,-1,Streptomyces seoulensis,Bacteria; Bacillati; Actinomycetota; Actinomycetes; Kitasatosporales; Streptomycetaceae; Streptomyces,0,5_506_Stc2#0,core,0.9006,0,0,0,0,reductase > other > [alpha] > transporter
NZ_JOKJ01000035.1:1088-2342:1,WP_037169658.1,GV68_RS22215,,SRPBCC family protein,5_506_Stc2,5,407.5,0.966,3.8e-122,NZ_JOKJ01000035.1,1088,2342,1,Pseudorhizobium pelagicum,Bacteria; Pseudomonadati; Pseudomonadota; Alphaproteobacteria; Hyphomicrobiales; Rhizobiaceae; Rhizobium/Agrobacterium group; Pseudorhizobium,0,5_506_Stc2#5,core,0.8604,1,0,0,1,[alpha] > reductase
NZ_JPGM01000021.1:14990-16247:-1,WP_034198170.1,GQ57_RS14110,,SRPBCC family protein,5_506_Stc2,5,463.3,0.9757,4.3e-139,NZ_JPGM01000021.1,14990,16247,-1,Burkholderia sp. MSh2,Bacteria; Pseudomonadati; Pseudomonadota; Betaproteobacteria; Burkholderiales; Burkholderiaceae; Burkholderia,0,5_506_Stc2#1,core,0.9829,1,0,0,1,other > other > hypothetical > reductase > other > reductase > other > [alpha] > reductase > transporter
NZ_JPKW01000011.1:94823-96056:1,WP_072298034.1,IE00_RS15095,,aromatic ring-hydroxylating dioxygenase subunit alpha,5_506_Stc2,5,642.3,0.9782,1.9e-193,NZ_JPKW01000011.1,94823,96056,1,Paracoccus sp. SM22M-07,Bacteria; Pseudomonadati; Pseudomonadota; Alphaproteobacteria; Rhodobacterales; Paracoccaceae; Paracoccus,0,5_506_Stc2#142,core,0.5754,1,0,0,1,other > other > [alpha] > reductase
NZ_JPQT01000098.1:60911-62162:-1,WP_047574167.1,IV02_RS09365,,SRPBCC family protein,5_506_Stc2,5,601.7,0.9782,4.1e-181,NZ_JPQT01000098.1,60911,62162,-1,Pseudomonas syringae,Bacteria; Pseudomonadati; Pseudomonadota; Gammaproteobacteria; Pseudomonadales; Pseudomonadaceae; Pseudomonas,0,5_506_Stc2#4,core,0.8712,0,0,0,0,[alpha]
NZ_JPXF01000058.1:3761-4895:-1,WP_035837261.1,GY21_RS13145,,aromatic ring-hydroxylating dioxygenase subunit alpha,5_506_Stc2,5,199.2,0.7233,6.6e-59,NZ_JPXF01000058.1,3761,4895,-1,Cryobacterium roopkundense,Bacteria; Bacillati; Actinomycetota; Actinomycetes; Micrococcales; Microbacteriaceae; Cryobacterium,0,5_506_Stc2#0,core,0.6581,2,0,1,1,ferredoxin > reductase > [alpha]
NZ_JPVY01000001.1:216626-217808:-1,WP_245562915.1,TH1_RS01000,,aromatic ring-hydroxylating dioxygenase subunit alpha,5_506_Stc2,5,685.8,0.9417,1.2e-206,NZ_JPVY01000001.1,216626,217808,-1,Thalassospira lucentensis MCCC 1A00383 = DSM 14000,Bacteria; Pseudomonadati; Pseudomonadota; Alphaproteobacteria; Rhodospirillales; Thalassospiraceae; Thalassospira,0,5_506_Stc2#84,core,0.6126,1,0,0,1,[alpha] > reductase > other
NZ_JPVY01000017.1:78068-79346:1,WP_022733377.1,TH1_RS18995,,SRPBCC family protein,5_506_Stc2,5,440.5,0.9782,3.6e-132,NZ_JPVY01000017.1,78068,79346,1,Thalassospira lucentensis MCCC 1A00383 = DSM 14000,Bacteria; Pseudomonadati; Pseudomonadota; Alphaproteobacteria; Rhodospirillales; Thalassospiraceae; Thalassospira,0,5_506_Stc2#10,core,0.8866,1,0,0,1,[alpha] > reductase
NZ_JPVZ01000001.1:291176-292418:-1,WP_008889543.1,TH4_RS01305,,aromatic ring-hydroxylating dioxygenase subunit alpha,5_506_Stc2,5,726.7,0.9903,4.5e-219,NZ_JPVZ01000001.1,291176,292418,-1,Thalassospira tepidiphila MCCC 1A03514,Bacteria; Pseudomonadati; Pseudomonadota; Alphaproteobacteria; Rhodospirillales; Thalassospiraceae; Thalassospira,0,5_506_Stc2#40,core,0.6319,1,0,0,1,[alpha] > reductase
NZ_JPVZ01000004.1:389393-390665:1,WP_064781272.1,TH4_RS12055,,SRPBCC family protein,5_506_Stc2,5,441.9,0.9806,1.3e-132,NZ_JPVZ01000004.1,389393,390665,1,Thalassospira tepidiphila MCCC 1A03514,Bacteria; Pseudomonadati; Pseudomonadota; Alphaproteobacteria; Rhodospirillales; Thalassospiraceae; Thalassospira,0,5_506_Stc2#10,core,0.8896,1,0,0,1,[alpha] > reductase
NZ_JPWB01000001.1:688522-689764:1,WP_062956312.1,TH6_RS03070,,aromatic ring-hydroxylating dioxygenase subunit alpha,5_506_Stc2,5,719.3,0.9879,7.9e-217,NZ_JPWB01000001.1,688522,689764,1,Thalassospira profundimaris,Bacteria; Pseudomonadati; Pseudomonadota; Alphaproteobacteria; Rhodospirillales; Thalassospiraceae; Thalassospira,0,5_506_Stc2#40,core,0.6274,1,0,0,1,[alpha] > reductase
NZ_JPWB01000004.1:9003-10275:-1,WP_062953830.1,TH6_RS09715,,SRPBCC family protein,5_506_Stc2,5,443.0,0.9806,6.3e-133,NZ_JPWB01000004.1,9003,10275,-1,Thalassospira profundimaris,Bacteria; Pseudomonadati; Pseudomonadota; Alphaproteobacteria; Rhodospirillales; Thalassospiraceae; Thalassospira,0,5_506_Stc2#10,core,0.9128,1,0,0,1,[alpha] > reductase
NZ_JPYQ01000056.1:360910-362158:-1,WP_037158261.1,JL39_RS27360,,aromatic ring-hydroxylating dioxygenase subunit alpha,5_506_Stc2,5,646.2,0.9782,1.3e-194,NZ_JPYQ01000056.1,360910,362158,-1,Rhizobium sp. YS-1r,Bacteria; Pseudomonadati; Pseudomonadota; Alphaproteobacteria; Hyphomicrobiales; Rhizobiaceae; Rhizobium/Agrobacterium group; Rhizobium,0,5_506_Stc2#8,core,0.827,0,0,0,0,[alpha] > other
NZ_JRKQ01000024.1:24710-25946:-1,WP_036708531.1,IX56_RS06660,,SRPBCC family protein,5_506_Stc2,5,625.4,0.9733,2.5e-188,NZ_JRKQ01000024.1,24710,25946,-1,Paracoccus sanguinis,Bacteria; Pseudomonadati; Pseudomonadota; Alphaproteobacteria; Rhodobacterales; Paracoccaceae; Paracoccus,0,5_506_Stc2#31,core,0.5902,1,0,0,1,[alpha] > reductase
NZ_JRKN01000016.1:70972-72211:1,WP_036741683.1,IT41_RS12170,,aromatic ring-hydroxylating dioxygenase subunit alpha,5_506_Stc2,5,810.5,0.9976,1.6e-244,NZ_JRKN01000016.1,70972,72211,1,Paracoccus halophilus,Bacteria; Pseudomonadati; Pseudomonadota; Alphaproteobacteria; Rhodobacterales; Paracoccaceae; Paracoccus,0,5_506_Stc2#11,core,0.8619,1,0,0,1,[alpha] > reductase > other
NZ_JRKN01000005.1:192006-193245:-1,WP_036739307.1,IT41_RS05675,,aromatic ring-hydroxylating dioxygenase subunit alpha,5_506_Stc2,5,657.5,0.983,4.6e-198,NZ_JRKN01000005.1,192006,193245,-1,Paracoccus halophilus,Bacteria; Pseudomonadati; Pseudomonadota; Alphaproteobacteria; Rhodobacterales; Paracoccaceae; Paracoccus,0,5_506_Stc2#25,core,0.5535,1,0,0,1,[alpha] > reductase
NZ_JRKI01000029.1:761789-762917:-1,WP_030067234.1,SNA_RS22855,,aromatic ring-hydroxylating dioxygenase subunit alpha,5_506_Stc2,5,209.7,0.8034,4.2e-62,NZ_JRKI01000029.1,761789,762917,-1,Streptomyces natalensis ATCC 27448,Bacteria; Bacillati; Actinomycetota; Actinomycetes; Kitasatosporales; Streptomycetaceae; Streptomyces,0,5_506_Stc2#0,core,0.8309,0,0,0,0,reductase > other > [alpha]
NZ_JRVC01000011.1:80257-81607:1,WP_039334887.1,NJ75_RS12200,,SRPBCC family protein,5_506_Stc2,5,110.7,0.4612,4.9e-32,NZ_JRVC01000011.1,80257,81607,1,Novosphingobium subterraneum,Bacteria; Pseudomonadati; Pseudomonadota; Alphaproteobacteria; Sphingomonadales; Sphingomonadaceae; Novosphingobium,0,5_506_Stc2#30,novel_candidate,0.2593,0,0,0,0,other > [alpha] > reductase > hypothetical
NZ_JRVC01000015.1:70645-71824:-1,WP_039335925.1,NJ75_RS15135,,aromatic ring-hydroxylating dioxygenase subunit alpha,5_506_Stc2,5,115.3,0.4684,1.9e-33,NZ_JRVC01000015.1,70645,71824,-1,Novosphingobium subterraneum,Bacteria; Pseudomonadati; Pseudomonadota; Alphaproteobacteria; Sphingomonadales; Sphingomonadaceae; Novosphingobium,0,5_506_Stc2#13,core,0.8369,0,0,0,0,[alpha] > other > other
NZ_JRVC01000020.1:67187-68534:1,WP_039336771.1,NJ75_RS17375,,SRPBCC family protein,5_506_Stc2,5,114.3,0.4684,3.8e-33,NZ_JRVC01000020.1,67187,68534,1,Novosphingobium subterraneum,Bacteria; Pseudomonadati; Pseudomonadota; Alphaproteobacteria; Sphingomonadales; Sphingomonadaceae; Novosphingobium,0,5_506_Stc2#38,novel_candidate,0.3003,0,0,0,0,hydrolase > other > alpha_other > other > alpha_other > other > other > [alpha] > reductase > hypothetical > reductase
NZ_JSUQ01000003.1:371261-372503:1,WP_043138462.1,OA50_RS05830,,aromatic ring-hydroxylating dioxygenase subunit alpha,5_506_Stc2,5,718.2,0.9757,1.7e-216,NZ_JSUQ01000003.1,371261,372503,1,Mameliella alba,Bacteria; Pseudomonadati; Pseudomonadota; Alphaproteobacteria; Rhodobacterales; Roseobacteraceae; Mameliella,0,5_506_Stc2#65,core,0.6346,1,0,0,1,[alpha] > reductase
NZ_JSVC01000032.1:22822-23998:-1,WP_039143898.1,OI18_RS21475,,SRPBCC family protein,5_506_Stc2,5,366.8,0.9612,8.4e-110,NZ_JSVC01000032.1,22822,23998,-1,Flavihumibacter solisilvae,Bacteria; Pseudomonadati; Bacteroidota; Chitinophagia; Chitinophagales; Chitinophagaceae; Flavihumibacter,0,5_506_Stc2#110,novel_candidate,0.395,1,0,0,1,transporter > other > other > other > other > transporter > [alpha] > reductase > other
NZ_JSEP01000006.1:64426-65662:-1,WP_068410055.1,OA90_RS09805,,SRPBCC family protein,5_506_Stc2,5,663.7,0.9733,6.1e-200,NZ_JSEP01000006.1,64426,65662,-1,Labrenzia sp. OB1,Bacteria; Pseudomonadati; Pseudomonadota; Alphaproteobacteria; Hyphomicrobiales; Stappiaceae; Labrenzia,0,5_506_Stc2#64,core,0.615,1,0,0,1,reductase > [alpha] > reductase > hypothetical
NZ_JTAN02000005.1:353851-355093:-1,WP_044844357.1,PL79_RS09475,,aromatic ring-hydroxylating dioxygenase subunit alpha,5_506_Stc2,5,466.8,0.9684,3.7e-140,NZ_JTAN02000005.1,353851,355093,-1,Burkholderia sp. USMB20,Bacteria; Pseudomonadati; Pseudomonadota; Betaproteobacteria; Burkholderiales; Burkholderiaceae; Burkholderia,0,5_506_Stc2#1,core,0.9771,1,0,0,1,other > other > hypothetical > reductase > other > reductase > reductase > [alpha] > reductase > transporter
NZ_JTHG01000238.1:3995-5255:1,WP_048426896.1,QR79_RS22750,,SRPBCC family protein,5_506_Stc2,5,453.2,0.9709,5.1e-136,NZ_JTHG01000238.1,3995,5255,1,Methylobacterium indicum,Bacteria; Pseudomonadati; Pseudomonadota; Alphaproteobacteria; Hyphomicrobiales; Methylobacteriaceae; Methylobacterium,0,5_506_Stc2#16,core,0.625,1,0,0,1,[alpha] > reductase > reductase > hypothetical
NZ_JTDI01000006.1:172168-173305:-1,WP_052223618.1,LK12_RS18490,,SRPBCC family protein,5_506_Stc2,5,119.9,0.4782,8e-35,NZ_JTDI01000006.1,172168,173305,-1,Novosphingobium malaysiense,Bacteria; Pseudomonadati; Pseudomonadota; Alphaproteobacteria; Sphingomonadales; Sphingomonadaceae; Novosphingobium,0,5_506_Stc2#13,core,0.8237,0,0,0,0,[alpha] > other > other
NZ_JWJH01000011.1:17802-19047:1,WP_045021163.1,RS75_RS12630,,aromatic ring-hydroxylating dioxygenase subunit alpha,5_506_Stc2,5,652.8,0.9733,1.2e-196,NZ_JWJH01000011.1,17802,19047,1,Rhizobium nepotum 39/7,Bacteria; Pseudomonadati; Pseudomonadota; Alphaproteobacteria; Hyphomicrobiales; Rhizobiaceae; Rhizobium/Agrobacterium group; Rhizobium,0,5_506_Stc2#2,core,0.8011,1,0,0,1,[alpha] > reductase
NZ_JWLD01000014.1:17187-18387:-1,WP_039125557.1,RA20_RS05735,,aromatic ring-hydroxylating dioxygenase subunit alpha,5_506_Stc2,5,280.9,0.9442,9.9e-84,NZ_JWLD01000014.1,17187,18387,-1,Leisingera sp. ANG-Vp,Bacteria; Pseudomonadati; Pseudomonadota; Alphaproteobacteria; Rhodobacterales; Roseobacteraceae; Leisingera,0,5_506_Stc2#22,novel_candidate,0.3959,1,0,0,1,transporter > transporter > transporter > other > reductase > [alpha]
NZ_JWLD01000036.1:72027-73263:1,WP_039129025.1,RA20_RS12440,,SRPBCC family protein,5_506_Stc2,5,778.0,0.9854,1.2e-234,NZ_JWLD01000036.1,72027,73263,1,Leisingera sp. ANG-Vp,Bacteria; Pseudomonadati; Pseudomonadota; Alphaproteobacteria; Rhodobacterales; Roseobacteraceae; Leisingera,0,5_506_Stc2#23,core,0.7019,1,0,0,1,[alpha] > reductase
NZ_JWLD01000045.1:63430-64546:-1,WP_039130684.1,RA20_RS15595,,aromatic ring-hydroxylating dioxygenase subunit alpha,5_506_Stc2,5,118.3,0.7015,2.4e-34,NZ_JWLD01000045.1,63430,64546,-1,Leisingera sp. ANG-Vp,Bacteria; Pseudomonadati; Pseudomonadota; Alphaproteobacteria; Rhodobacterales; Roseobacteraceae; Leisingera,0,5_506_Stc2#42,novel_candidate,0.2597,0,0,0,0,[alpha] > other > other
NZ_JWLC01000024.1:80207-81407:-1,WP_039165712.1,RA19_RS19255,,SRPBCC family protein,5_506_Stc2,5,281.3,0.949,8e-84,NZ_JWLC01000024.1,80207,81407,-1,Leisingera sp. ANG-M1,Bacteria; Pseudomonadati; Pseudomonadota; Alphaproteobacteria; Rhodobacterales; Roseobacteraceae; Leisingera,0,5_506_Stc2#22,novel_candidate,0.393,1,0,0,1,transporter > transporter > transporter > other > reductase > [alpha]
NZ_JWLC01000007.1:87102-88338:-1,WP_039160541.1,RA19_RS05870,,SRPBCC family protein,5_506_Stc2,5,775.6,0.9854,6.4e-234,NZ_JWLC01000007.1,87102,88338,-1,Leisingera sp. ANG-M1,Bacteria; Pseudomonadati; Pseudomonadota; Alphaproteobacteria; Rhodobacterales; Roseobacteraceae; Leisingera,0,5_506_Stc2#23,core,0.6938,1,0,0,1,[alpha] > reductase
NZ_JWLC01000019.1:102868-103972:-1,WP_039164565.1,RA19_RS16490,,aromatic ring-hydroxylating dioxygenase subunit alpha,5_506_Stc2,5,118.0,0.7063,3e-34,NZ_JWLC01000019.1,102868,103972,-1,Leisingera sp. ANG-M1,Bacteria; Pseudomonadati; Pseudomonadota; Alphaproteobacteria; Rhodobacterales; Roseobacteraceae; Leisingera,0,5_506_Stc2#42,novel_candidate,0.2605,0,0,0,0,[alpha] > other > other
NZ_JWLI01000002.1:11282-12482:1,WP_039180121.1,RA26_RS03690,,aromatic ring-hydroxylating dioxygenase subunit alpha,5_506_Stc2,5,285.3,0.9199,4.8e-85,NZ_JWLI01000002.1,11282,12482,1,Leisingera sp. ANG-M7,Bacteria; Pseudomonadati; Pseudomonadota; Alphaproteobacteria; Rhodobacterales; Roseobacteraceae; Leisingera,0,5_506_Stc2#22,novel_candidate,0.3882,1,0,0,1,transporter > transporter > transporter > other > reductase > [alpha] > other
NZ_JWLI01000004.1:29049-30165:-1,WP_039180598.1,RA26_RS04620,,aromatic ring-hydroxylating dioxygenase subunit alpha,5_506_Stc2,5,118.0,0.6893,3e-34,NZ_JWLI01000004.1,29049,30165,-1,Leisingera sp. ANG-M7,Bacteria; Pseudomonadati; Pseudomonadota; Alphaproteobacteria; Rhodobacterales; Roseobacteraceae; Leisingera,0,5_506_Stc2#42,novel_candidate,0.2593,0,0,0,0,[alpha] > other > other
NZ_JWLI01000005.1:68193-69429:1,WP_039181204.1,RA26_RS05770,,aromatic ring-hydroxylating dioxygenase subunit alpha,5_506_Stc2,5,782.2,0.9854,6.3e-236,NZ_JWLI01000005.1,68193,69429,1,Leisingera sp. ANG-M7,Bacteria; Pseudomonadati; Pseudomonadota; Alphaproteobacteria; Rhodobacterales; Roseobacteraceae; Leisingera,0,5_506_Stc2#23,core,0.7174,1,0,0,1,[alpha] > reductase > other
NZ_JWTB01000005.1:162741-164043:-1,WP_043449625.1,RM50_RS02640,,SRPBCC family protein,5_506_Stc2,5,388.5,0.9684,2.2e-116,NZ_JWTB01000005.1,162741,164043,-1,Pseudarthrobacter phenanthrenivorans,Bacteria; Bacillati; Actinomycetota; Actinomycetes; Micrococcales; Micrococcaceae; Pseudarthrobacter,0,5_506_Stc2#28,core,0.9509,1,0,0,1,[alpha] > reductase > dehydrogenase
NZ_JXNZ01000077.1:19775-20685:1,WP_042729778.1,RL74_RS10750,,Rieske 2Fe-2S domain-containing protein,5_506_Stc2,5,241.4,0.6845,9.8e-72,NZ_JXNZ01000077.1,19775,20685,1,Pseudomonas fluorescens,Bacteria; Pseudomonadati; Pseudomonadota; Gammaproteobacteria; Pseudomonadales; Pseudomonadaceae; Pseudomonas,0,5_506_Stc2#18,divergent,0.515,0,0,0,0,regulator > [alpha]
NZ_JXMU01000002.1:255567-256842:1,WP_053997774.1,SU32_RS02685,,SRPBCC family protein,5_506_Stc2,5,396.5,0.9612,8e-119,NZ_JXMU01000002.1,255567,256842,1,Ahrensia marina,Bacteria; Pseudomonadati; Pseudomonadota; Alphaproteobacteria; Hyphomicrobiales; Ahrensiaceae; Ahrensia,0,5_506_Stc2#56,core,0.5755,1,0,0,1,[alpha] > reductase > reductase
NZ_JXQW01000028.1:1042-2278:-1,WP_042553950.1,RU08_RS11455,,SRPBCC family protein,5_506_Stc2,5,588.0,0.9782,5.9e-177,NZ_JXQW01000028.1,1042,2278,-1,Pseudomonas fulva,Bacteria; Pseudomonadati; Pseudomonadota; Gammaproteobacteria; Pseudomonadales; Pseudomonadaceae; Pseudomonas,0,5_506_Stc2#4,core,0.8639,0,0,0,0,[alpha]
NZ_JXQW01000029.1:231074-232331:-1,WP_042554165.1,RU08_RS12630,,SRPBCC family protein,5_506_Stc2,5,380.1,0.9636,7.8e-114,NZ_JXQW01000029.1,231074,232331,-1,Pseudomonas fulva,Bacteria; Pseudomonadati; Pseudomonadota; Gammaproteobacteria; Pseudomonadales; Pseudomonadaceae; Pseudomonas,0,5_506_Stc2#18,divergent,0.5457,1,0,0,1,[alpha] > reductase
NZ_JXST01000030.1:72062-73190:1,WP_043987005.1,TL10_RS20130,,aromatic ring-hydroxylating dioxygenase subunit alpha,5_506_Stc2,5,223.3,0.8034,3.2e-66,NZ_JXST01000030.1,72062,73190,1,Mycolicibacterium llatzerense,Bacteria; Bacillati; Actinomycetota; Actinomycetes; Mycobacteriales; Mycobacteriaceae; Mycolicibacterium,0,5_506_Stc2#0,core,0.7725,2,0,1,1,ferredoxin > reductase > [alpha]
NZ_JXST01000022.1:16020-17340:1,WP_043986403.1,TL10_RS16255,,SRPBCC family protein,5_506_Stc2,5,93.6,0.4757,7.4e-27,NZ_JXST01000022.1,16020,17340,1,Mycolicibacterium llatzerense,Bacteria; Bacillati; Actinomycetota; Actinomycetes; Mycobacteriales; Mycobacteriaceae; Mycolicibacterium,0,5_506_Stc2#72,novel_candidate,0.2654,1,0,1,0,[alpha] > ferredoxin > other > reductase
NZ_JXQY01000033.1:271935-273171:-1,WP_042610381.1,RU10_RS23515,,aromatic ring-hydroxylating dioxygenase subunit alpha,5_506_Stc2,5,598.3,0.9782,4.5e-180,NZ_JXQY01000033.1,271935,273171,-1,Pseudomonas fluorescens,Bacteria; Pseudomonadati; Pseudomonadota; Gammaproteobacteria; Pseudomonadales; Pseudomonadaceae; Pseudomonas,0,5_506_Stc2#4,core,0.838,0,0,0,0,[alpha] > transporter > transporter
NZ_JXYC01000019.1:6758-7973:1,WP_046018117.1,TW85_RS15870,,aromatic ring-hydroxylating dioxygenase subunit alpha,5_506_Stc2,5,589.8,0.9709,1.6e-177,NZ_JXYC01000019.1,6758,7973,1,Marinomonas sp. S3726,Bacteria; Pseudomonadati; Pseudomonadota; Gammaproteobacteria; Oceanospirillales; Oceanospirillaceae; Marinomonas,0,5_506_Stc2#4,core,0.6958,0,0,0,0,[alpha]
NZ_JXYE01000006.1:260641-261871:1,WP_045998121.1,TW80_RS14435,,aromatic ring-hydroxylating dioxygenase subunit alpha,5_506_Stc2,5,753.8,0.983,2.7e-227,NZ_JXYE01000006.1,260641,261871,1,Loktanella sp. S4079,Bacteria; Pseudomonadati; Pseudomonadota; Alphaproteobacteria; Rhodobacterales; Roseobacteraceae; Loktanella,0,5_506_Stc2#11,core,0.7514,1,0,0,1,[alpha] > reductase
NZ_JYFN01000014.1:113751-115089:-1,WP_044884994.1,FF36_RS11420,,SRPBCC family protein,5_506_Stc2,5,107.7,0.4709,4e-31,NZ_JYFN01000014.1,113751,115089,-1,Frankia torreyi,Bacteria; Bacillati; Actinomycetota; Actinomycetes; Frankiales; Frankiaceae; Frankia,0,5_506_Stc2#72,novel_candidate,0.2798,0,0,0,0,[alpha] > ferredoxin > reductase > dehydrogenase > dehydrogenase > other
NZ_JYCN01000026.1:328367-329672:1,WP_043484525.1,TV39_RS18735,,SRPBCC family protein,5_506_Stc2,5,392.5,0.9684,1.3e-117,NZ_JYCN01000026.1,328367,329672,1,Arthrobacter sp. SPG23,Bacteria; Bacillati; Actinomycetota; Actinomycetes; Micrococcales; Micrococcaceae; Arthrobacter,0,5_506_Stc2#12,core,0.9566,1,0,0,1,[alpha] > reductase
NZ_JYII01000001.1:9710-10982:-1,WP_044826586.1,UF64_RS00050,,SRPBCC family protein,5_506_Stc2,5,441.5,0.9806,1.8e-132,NZ_JYII01000001.1,9710,10982,-1,Thalassospira sp. HJ,Bacteria; Pseudomonadati; Pseudomonadota; Alphaproteobacteria; Rhodospirillales; Thalassospiraceae; Thalassospira,0,5_506_Stc2#10,core,0.8699,1,0,0,1,[alpha] > reductase
NZ_JYJH01000015.1:29133-30276:1,WP_031138810.1,UK15_RS20705,,aromatic ring-hydroxylating dioxygenase subunit alpha,5_506_Stc2,5,215.0,0.8058,1.1e-63,NZ_JYJH01000015.1,29133,30276,1,Streptomyces variegatus,Bacteria; Bacillati; Actinomycetota; Actinomycetes; Kitasatosporales; Streptomycetaceae; Streptomyces,0,5_506_Stc2#0,core,0.8794,0,0,0,0,dehydrogenase > reductase > [alpha] > dehydrogenase > transporter > reductase
NZ_JYII01000010.1:421564-422806:1,WP_044827947.1,UF64_RS07405,,aromatic ring-hydroxylating dioxygenase subunit alpha,5_506_Stc2,5,716.2,0.9854,7.1e-216,NZ_JYII01000010.1,421564,422806,1,Thalassospira sp. HJ,Bacteria; Pseudomonadati; Pseudomonadota; Alphaproteobacteria; Rhodospirillales; Thalassospiraceae; Thalassospira,0,5_506_Stc2#40,core,0.6253,1,0,0,1,[alpha] > reductase
NZ_JYKS01000001.1:52305-53535:1,WP_051094891.1,TZ03_RS00245,,aromatic ring-hydroxylating dioxygenase subunit alpha,5_506_Stc2,5,580.1,0.9782,1.5e-174,NZ_JYKS01000001.1,52305,53535,1,Pseudomonas sp. 10-1B,Bacteria; Pseudomonadati; Pseudomonadota; Gammaproteobacteria; Pseudomonadales; Pseudomonadaceae; Pseudomonas,0,5_506_Stc2#4,core,0.8073,0,0,0,0,[alpha] > other
NZ_JYKS01000004.1:249824-251063:1,WP_053388388.1,TZ03_RS03010,,aromatic ring-hydroxylating dioxygenase subunit alpha,5_506_Stc2,5,407.5,0.9587,3.7e-122,NZ_JYKS01000004.1,249824,251063,1,Pseudomonas sp. 10-1B,Bacteria; Pseudomonadati; Pseudomonadota; Gammaproteobacteria; Pseudomonadales; Pseudomonadaceae; Pseudomonas,0,5_506_Stc2#109,divergent,0.4564,0,0,0,0,[alpha]
NZ_JYKS01000015.1:84218-85454:-1,WP_051097537.1,TZ03_RS10515,,SRPBCC family protein,5_506_Stc2,5,579.6,0.9757,2.1e-174,NZ_JYKS01000015.1,84218,85454,-1,Pseudomonas sp. 10-1B,Bacteria; Pseudomonadati; Pseudomonadota; Gammaproteobacteria; Pseudomonadales; Pseudomonadaceae; Pseudomonas,0,5_506_Stc2#4,core,0.8408,0,0,0,0,[alpha] > other
NZ_JYGY01000002.1:192790-194029:-1,WP_045999824.1,SY26_RS06290,,SRPBCC family protein,5_506_Stc2,5,647.9,0.9782,3.7e-195,NZ_JYGY01000002.1,192790,194029,-1,Paracoccus sp. 228,Bacteria; Pseudomonadati; Pseudomonadota; Alphaproteobacteria; Rhodobacterales; Paracoccaceae; Paracoccus,0,5_506_Stc2#25,core,0.5731,1,0,0,1,[alpha] > reductase
NZ_JYKS01000059.1:5987-7244:1,WP_051101079.1,TZ03_RS25095,,SRPBCC family protein,5_506_Stc2,5,378.1,0.9587,3.1e-113,NZ_JYKS01000059.1,5987,7244,1,Pseudomonas sp. 10-1B,Bacteria; Pseudomonadati; Pseudomonadota; Gammaproteobacteria; Pseudomonadales; Pseudomonadaceae; Pseudomonas,0,5_506_Stc2#81,core,0.5569,1,0,0,1,regulator > [alpha] > reductase > transporter > other
NZ_JZDQ02000023.1:38718-39969:1,WP_045548237.1,UG56_RS16625,,SRPBCC family protein,5_506_Stc2,5,420.0,0.9636,5.8e-126,NZ_JZDQ02000023.1,38718,39969,1,Nocardioides luteus,Bacteria; Bacillati; Actinomycetota; Actinomycetes; Propionibacteriales; Nocardioidaceae; Nocardioides,0,5_506_Stc2#29,divergent,0.5371,1,0,0,1,[alpha] > reductase
NZ_JYNL01000030.1:133265-134387:1,WP_048470879.1,MCHLDSM_RS15415,,aromatic ring-hydroxylating dioxygenase subunit alpha,5_506_Stc2,5,210.7,0.8083,2.1e-62,NZ_JYNL01000030.1,133265,134387,1,Mycolicibacterium chlorophenolicum,Bacteria; Bacillati; Actinomycetota; Actinomycetes; Mycobacteriales; Mycobacteriaceae; Mycolicibacterium,0,5_506_Stc2#0,core,0.6954,0,0,0,0,reductase > other > [alpha] > dehydrogenase > transporter > reductase > other > regulator
NZ_JZJK01000082.1:524402-525551:-1,WP_010988346.1,VK71_RS23015,,aromatic ring-hydroxylating dioxygenase subunit alpha,5_506_Stc2,5,206.6,0.801,3.7e-61,NZ_JZJK01000082.1,524402,525551,-1,Streptomyces avermitilis MA-4680 = NBRC 14893,Bacteria; Bacillati; Actinomycetota; Actinomycetes; Kitasatosporales; Streptomycetaceae; Streptomyces,0,5_506_Stc2#0,core,0.8787,0,0,0,0,dehydrogenase > hydrolase > reductase > other > [alpha] > dehydrogenase > transporter > reductase
NZ_KB890098.1:406117-407377:1,WP_018436347.1,B020_RS0128150,,SRPBCC family protein,5_506_Stc2,5,392.2,0.9587,1.7e-117,NZ_KB890098.1,406117,407377,1,Paraburkholderia atlantica,Bacteria; Pseudomonadati; Pseudomonadota; Betaproteobacteria; Burkholderiales; Burkholderiaceae; Paraburkholderia,0,5_506_Stc2#20,divergent,0.5112,1,0,0,1,[alpha] > reductase
NZ_KI518503.1:164008-165256:-1,WP_004686358.1,P043_RS109380,,SRPBCC family protein,5_506_Stc2,5,639.2,0.9757,1.7e-192,NZ_KI518503.1,164008,165256,-1,Brucella melitensis 02-5863-1,Bacteria; Pseudomonadati; Pseudomonadota; Alphaproteobacteria; Hyphomicrobiales; Brucellaceae; Brucella/Ochrobactrum group; Brucella,0,5_506_Stc2#15,core,0.9809,1,0,0,1,[alpha] > reductase
NZ_KI866526.1:592031-593201:-1,WP_051458965.1,MPTA5024_RS33430,,aromatic ring-hydroxylating dioxygenase subunit alpha,5_506_Stc2,5,223.5,0.8034,2.8e-66,NZ_KI866526.1,592031,593201,-1,Microbispora sp. ATCC PTA-5024,Bacteria; Bacillati; Actinomycetota; Actinomycetes; Streptosporangiales; Streptosporangiaceae; Microbispora,0,5_506_Stc2#0,core,0.7657,2,0,1,1,ferredoxin > reductase > [alpha]
NZ_KN234748.1:48001-49360:1,WP_035514319.1,HRUBRA_RS02735,,SRPBCC family protein,5_506_Stc2,5,118.5,0.4539,2.1e-34,NZ_KN234748.1,48001,49360,1,Pseudohaliea rubra DSM 19751,Bacteria; Pseudomonadati; Pseudomonadota; Gammaproteobacteria; Cellvibrionales; Halieaceae; Pseudohaliea,0,5_506_Stc2#73,novel_candidate,0.2913,0,0,0,0,other > other > other > hypothetical > other > other > [alpha] > other > other > other
NZ_KQ758471.1:226098-227376:-1,WP_058232667.1,AS029_RS11165,,aromatic ring-hydroxylating dioxygenase subunit alpha,5_506_Stc2,5,401.7,0.9709,2.2e-120,NZ_KQ758471.1,226098,227376,-1,Microbacterium enclense,Bacteria; Bacillati; Actinomycetota; Actinomycetes; Micrococcales; Microbacteriaceae; Microbacterium,0,5_506_Stc2#135,core,0.5559,1,0,0,1,[alpha] > reductase > other
NZ_KQ758601.1:504956-506261:1,WP_058268036.1,AS031_RS10330,,SRPBCC family protein,5_506_Stc2,5,387.3,0.9684,5.1e-116,NZ_KQ758601.1,504956,506261,1,Pseudarthrobacter enclensis,Bacteria; Bacillati; Actinomycetota; Actinomycetes; Micrococcales; Micrococcaceae; Pseudarthrobacter,0,5_506_Stc2#12,core,0.9451,1,0,0,1,[alpha] > reductase > dehydrogenase
NZ_KQ948363.1:244639-245785:-1,WP_059265398.1,AQJ11_RS31300,,aromatic ring-hydroxylating dioxygenase subunit alpha,5_506_Stc2,5,212.5,0.8058,5.8e-63,NZ_KQ948363.1,244639,245785,-1,Streptomyces corchorusii,Bacteria; Bacillati; Actinomycetota; Actinomycetes; Kitasatosporales; Streptomycetaceae; Streptomyces,0,5_506_Stc2#0,core,0.8857,0,0,0,0,reductase > other > [alpha] > dehydrogenase > transporter > reductase
NZ_KQ948217.1:32925-34056:1,WP_067129568.1,AQI95_RS27810,,aromatic ring-hydroxylating dioxygenase subunit alpha,5_506_Stc2,5,205.2,0.7888,9.5e-61,NZ_KQ948217.1,32925,34056,1,Streptomyces yokosukanensis,Bacteria; Bacillati; Actinomycetota; Actinomycetes; Kitasatosporales; Streptomycetaceae; Streptomyces,0,5_506_Stc2#0,core,0.8824,0,0,0,0,dehydrogenase > hydrolase > reductase > other > [alpha] > dehydrogenase > transporter > reductase
NZ_KQ948453.1:581166-582312:-1,WP_067366257.1,AQJ27_RS12295,,aromatic ring-hydroxylating dioxygenase subunit alpha,5_506_Stc2,5,217.0,0.8034,2.5e-64,NZ_KQ948453.1,581166,582312,-1,Streptomyces olivochromogenes,Bacteria; Bacillati; Actinomycetota; Actinomycetes; Kitasatosporales; Streptomycetaceae; Streptomyces,0,5_506_Stc2#0,core,0.8783,0,0,0,0,dehydrogenase > hydrolase > reductase > other > [alpha] > dehydrogenase > transporter > reductase
NZ_KQ948584.1:35360-36509:1,WP_010988346.1,AQJ43_RS15435,,aromatic ring-hydroxylating dioxygenase subunit alpha,5_506_Stc2,5,206.6,0.801,3.7e-61,NZ_KQ948584.1,35360,36509,1,Streptomyces avermitilis,Bacteria; Bacillati; Actinomycetota; Actinomycetes; Kitasatosporales; Streptomycetaceae; Streptomyces,0,5_506_Stc2#0,core,0.8787,0,0,0,0,dehydrogenase > hydrolase > reductase > other > [alpha] > dehydrogenase > transporter > reductase
NZ_KQ949055.1:1441-2575:-1,WP_067259557.1,AQJ58_RS40055,,aromatic ring-hydroxylating dioxygenase subunit alpha,5_506_Stc2,5,222.9,0.8058,4.1e-66,NZ_KQ949055.1,1441,2575,-1,Streptomyces sp. DSM 15324,Bacteria; Bacillati; Actinomycetota; Actinomycetes; Kitasatosporales; Streptomycetaceae; Streptomyces,0,5_506_Stc2#0,core,0.774,1,0,0,1,[alpha] > reductase > other
NZ_KQ949145.1:10364-11498:-1,WP_067036273.1,AQJ91_RS47290,,aromatic ring-hydroxylating dioxygenase subunit alpha,5_506_Stc2,5,230.0,0.7985,2.9e-68,NZ_KQ949145.1,10364,11498,-1,Streptomyces dysideae,Bacteria; Bacillati; Actinomycetota; Actinomycetes; Kitasatosporales; Streptomycetaceae; Streptomyces,0,5_506_Stc2#0,core,0.7825,0,0,0,0,other > [alpha]
NZ_KQ949095.1:22577-23708:-1,WP_067027233.1,AQJ91_RS28595,,aromatic ring-hydroxylating dioxygenase subunit alpha,5_506_Stc2,5,214.4,0.8058,1.6e-63,NZ_KQ949095.1,22577,23708,-1,Streptomyces dysideae,Bacteria; Bacillati; Actinomycetota; Actinomycetes; Kitasatosporales; Streptomycetaceae; Streptomyces,0,5_506_Stc2#0,core,0.7582,2,0,1,1,ferredoxin > reductase > [alpha]
NZ_KQ954262.1:8844-10095:-1,WP_067618849.1,AQZ49_RS17740,,SRPBCC family protein,5_506_Stc2,5,389.7,0.9587,9.2e-117,NZ_KQ954262.1,8844,10095,-1,Novosphingobium sp. FSW06-99,Bacteria; Pseudomonadati; Pseudomonadota; Alphaproteobacteria; Sphingomonadales; Sphingomonadaceae; Novosphingobium,0,5_506_Stc2#51,divergent,0.4413,1,0,0,1,reductase > [alpha] > other > other > reductase > other
NZ_KQ954252.1:487437-488706:1,WP_067613395.1,AQZ49_RS04735,,SRPBCC family protein,5_506_Stc2,5,413.4,0.9636,6.2e-124,NZ_KQ954252.1,487437,488706,1,Novosphingobium sp. FSW06-99,Bacteria; Pseudomonadati; Pseudomonadota; Alphaproteobacteria; Sphingomonadales; Sphingomonadaceae; Novosphingobium,0,5_506_Stc2#14,core,0.7138,1,0,0,1,[alpha] > reductase > transporter > hypothetical > hydrolase > other
NZ_KQ961032.1:15855-17100:1,WP_067651954.1,ATO67_RS15995,,aromatic ring-hydroxylating dioxygenase subunit alpha,5_506_Stc2,5,641.0,0.9709,4.9e-193,NZ_KQ961032.1,15855,17100,1,Agrobacterium bohemicum,Bacteria; Pseudomonadati; Pseudomonadota; Alphaproteobacteria; Hyphomicrobiales; Rhizobiaceae; Rhizobium/Agrobacterium group; Agrobacterium,0,5_506_Stc2#2,core,0.8022,1,0,0,1,[alpha] > reductase
NZ_KQ954286.1:212840-214097:-1,WP_067742909.1,AQZ50_RS03930,,SRPBCC family protein,5_506_Stc2,5,381.4,0.9709,3.1e-114,NZ_KQ954286.1,212840,214097,-1,Novosphingobium sp. Fuku2-ISO-50,Bacteria; Pseudomonadati; Pseudomonadota; Alphaproteobacteria; Sphingomonadales; Sphingomonadaceae; Novosphingobium,0,5_506_Stc2#51,divergent,0.4403,1,0,0,1,reductase > [alpha] > other > other > reductase > other
NZ_KQ954245.1:337246-338527:1,WP_240481605.1,AQZ52_RS11415,,aromatic ring-hydroxylating dioxygenase subunit alpha,5_506_Stc2,5,450.9,0.9684,2.5e-135,NZ_KQ954245.1,337246,338527,1,Novosphingobium fuchskuhlense,Bacteria; Pseudomonadati; Pseudomonadota; Alphaproteobacteria; Sphingomonadales; Sphingomonadaceae; Novosphingobium,0,5_506_Stc2#34,divergent,0.4756,1,0,0,1,[alpha] > other > reductase > reductase > other > other > reductase > other
NZ_KQ954251.1:188996-190226:1,WP_082701238.1,AQZ49_RS00805,,aromatic ring-hydroxylating dioxygenase subunit alpha,5_506_Stc2,5,446.1,0.9733,7.3e-134,NZ_KQ954251.1,188996,190226,1,Novosphingobium sp. FSW06-99,Bacteria; Pseudomonadati; Pseudomonadota; Alphaproteobacteria; Sphingomonadales; Sphingomonadaceae; Novosphingobium,0,5_506_Stc2#27,divergent,0.4818,1,0,0,1,[alpha] > other > reductase > reductase > other > other > reductase > other > transporter
NZ_KV788636.1:20199-21498:-1,WP_070499036.1,HMPREF3159_RS00340,,SRPBCC family protein,5_506_Stc2,5,387.4,0.9684,4.6e-116,NZ_KV788636.1,20199,21498,-1,Brachybacterium sp. HMSC06H03,Bacteria; Bacillati; Actinomycetota; Actinomycetes; Micrococcales; Dermabacteraceae; Brachybacterium,0,5_506_Stc2#12,core,0.7913,1,0,0,1,[alpha] > reductase > reductase
NZ_KV880640.1:156169-157444:-1,WP_073956829.1,LF95_RS19300,,SRPBCC family protein,5_506_Stc2,5,433.8,0.983,3.9e-130,NZ_KV880640.1,156169,157444,-1,Thalassospira sp. TSL5-1,Bacteria; Pseudomonadati; Pseudomonadota; Alphaproteobacteria; Rhodospirillales; Thalassospiraceae; Thalassospira,0,5_506_Stc2#10,core,0.8343,1,0,0,1,hypothetical > [alpha] > reductase
NZ_LABX01000287.1:2518-3778:1,WP_048467389.1,VP06_RS29550,,SRPBCC family protein,5_506_Stc2,5,444.2,0.9684,2.6e-133,NZ_LABX01000287.1,2518,3778,1,Methylobacterium aquaticum,Bacteria; Pseudomonadati; Pseudomonadota; Alphaproteobacteria; Hyphomicrobiales; Methylobacteriaceae; Methylobacterium,0,5_506_Stc2#16,core,0.6121,1,0,0,1,[alpha] > reductase
NZ_KZ836080.1:46012-47134:1,WP_075000757.1,DQ301_RS13275,,aromatic ring-hydroxylating dioxygenase subunit alpha,5_506_Stc2,5,204.4,0.8058,1.8e-60,NZ_KZ836080.1,46012,47134,1,Streptomyces qinglanensis,Bacteria; Bacillati; Actinomycetota; Actinomycetes; Kitasatosporales; Streptomycetaceae; Streptomyces,0,5_506_Stc2#0,core,0.82,0,0,0,0,other > [alpha] > other
NZ_LACD01000012.1:41062-42298:1,WP_046046778.1,VC34_RS11270,,aromatic ring-hydroxylating dioxygenase subunit alpha,5_506_Stc2,5,591.0,0.9782,7e-178,NZ_LACD01000012.1,41062,42298,1,Pseudomonas fluorescens,Bacteria; Pseudomonadati; Pseudomonadota; Gammaproteobacteria; Pseudomonadales; Pseudomonadaceae; Pseudomonas,0,5_506_Stc2#4,core,0.8703,0,0,0,0,[alpha]
NZ_LACH01000063.1:30276-31512:-1,WP_046056308.1,VD17_RS25885,,aromatic ring-hydroxylating dioxygenase subunit alpha,5_506_Stc2,5,592.8,0.9782,2e-178,NZ_LACH01000063.1,30276,31512,-1,Pseudomonas fluorescens,Bacteria; Pseudomonadati; Pseudomonadota; Gammaproteobacteria; Pseudomonadales; Pseudomonadaceae; Pseudomonas,0,5_506_Stc2#4,core,0.873,0,0,0,0,[alpha] > other
NZ_LAKD02000055.1:27921-29079:1,WP_046087203.1,VT50_RS22215,,aromatic ring-hydroxylating dioxygenase subunit alpha,5_506_Stc2,5,210.4,0.8083,2.6e-62,NZ_LAKD02000055.1,27921,29079,1,Streptomyces antioxidans,Bacteria; Bacillati; Actinomycetota; Actinomycetes; Kitasatosporales; Streptomycetaceae; Streptomyces,0,5_506_Stc2#0,core,0.8958,1,0,0,1,dehydrogenase > reductase > [alpha] > dehydrogenase
NZ_LAPV01000134.1:87334-88591:-1,WP_046171644.1,WH91_RS14105,,SRPBCC family protein,5_506_Stc2,5,440.1,0.9757,4.6e-132,NZ_LAPV01000134.1,87334,88591,-1,Devosia psychrophila,Bacteria; Pseudomonadati; Pseudomonadota; Alphaproteobacteria; Hyphomicrobiales; Devosiaceae; Devosia,0,5_506_Stc2#39,core,0.641,1,0,0,1,[alpha] > reductase > transporter > reductase
NZ_LAXI01000005.1:107846-109007:-1,WP_057815875.1,XM52_RS10090,,aromatic ring-hydroxylating dioxygenase subunit alpha,5_506_Stc2,5,121.7,0.6869,2.1e-35,NZ_LAXI01000005.1,107846,109007,-1,Roseovarius indicus,Bacteria; Pseudomonadati; Pseudomonadota; Alphaproteobacteria; Rhodobacterales; Roseobacteraceae; Roseovarius,0,5_506_Stc2#26,novel_candidate,0.2596,0,0,0,0,regulator > [alpha] > hypothetical
NZ_LAXI01000025.1:52785-53988:1,WP_057820772.1,XM52_RS25035,,aromatic ring-hydroxylating dioxygenase subunit alpha,5_506_Stc2,5,277.7,0.9636,9.7e-83,NZ_LAXI01000025.1,52785,53988,1,Roseovarius indicus,Bacteria; Pseudomonadati; Pseudomonadota; Alphaproteobacteria; Rhodobacterales; Roseobacteraceae; Roseovarius,0,5_506_Stc2#132,novel_candidate,0.3798,1,0,0,1,transporter > transporter > transporter > other > reductase > [alpha]
NZ_LAXJ01000012.1:6384-7590:1,WP_057793824.1,XM53_RS12530,,aromatic ring-hydroxylating dioxygenase subunit alpha,5_506_Stc2,5,309.6,0.9636,2e-92,NZ_LAXJ01000012.1,6384,7590,1,Roseovarius atlanticus,Bacteria; Pseudomonadati; Pseudomonadota; Alphaproteobacteria; Rhodobacterales; Roseobacteraceae; Roseovarius,0,5_506_Stc2#108,divergent,0.4103,0,0,0,0,alpha_other > transporter > transporter > transporter > [alpha] > other
NZ_LBHW02000005.1:105927-107205:1,WP_046803454.1,YH64_RS06190,,aromatic ring-hydroxylating dioxygenase subunit alpha,5_506_Stc2,5,462.6,0.9636,6.9e-139,NZ_LBHW02000005.1,105927,107205,1,Achromobacter sp. LC458,Bacteria; Pseudomonadati; Pseudomonadota; Betaproteobacteria; Burkholderiales; Alcaligenaceae; Achromobacter,0,5_506_Stc2#1,core,0.6412,1,0,0,1,other > other > reductase > reductase > other > reductase > hypothetical > [alpha] > reductase > regulator
NZ_LBHX02000015.1:45847-47101:-1,WP_046801961.1,YA62_RS22795,,SRPBCC family protein,5_506_Stc2,5,409.0,0.966,1.3e-122,NZ_LBHX02000015.1,45847,47101,-1,Agrobacterium sp. LC34,Bacteria; Pseudomonadati; Pseudomonadota; Alphaproteobacteria; Hyphomicrobiales; Rhizobiaceae; Rhizobium/Agrobacterium group; Agrobacterium,0,5_506_Stc2#14,core,0.8905,1,0,0,1,[alpha] > reductase
NZ_LBHV01000007.1:350047-351289:-1,WP_046795982.1,YH62_RS19930,,SRPBCC family protein,5_506_Stc2,5,655.7,0.9806,1.6e-197,NZ_LBHV01000007.1,350047,351289,-1,Rhizobium sp. LC145,Bacteria; Pseudomonadati; Pseudomonadota; Alphaproteobacteria; Hyphomicrobiales; Rhizobiaceae; Rhizobium/Agrobacterium group; Rhizobium,0,5_506_Stc2#2,core,0.8455,1,0,0,1,[alpha] > reductase > other
NZ_LBHW02000001.1:426473-427619:-1,WP_046802791.1,YH64_RS01910,,aromatic ring-hydroxylating dioxygenase subunit alpha,5_506_Stc2,5,64.6,0.75,4.8e-18,NZ_LBHW02000001.1,426473,427619,-1,Achromobacter sp. LC458,Bacteria; Pseudomonadati; Pseudomonadota; Betaproteobacteria; Burkholderiales; Alcaligenaceae; Achromobacter,0,5_506_Stc2#79,core,0.9246,0,0,0,0,[alpha]
NZ_LDPZ01000006.1:137926-139201:1,WP_058633779.1,NS226_RS03390,,SRPBCC family protein,5_506_Stc2,5,447.9,0.9757,2e-134,NZ_LDPZ01000006.1,137926,139201,1,Aureimonas ureilytica,Bacteria; Pseudomonadati; Pseudomonadota; Alphaproteobacteria; Hyphomicrobiales; Aurantimonadaceae; Aureimonas,0,5_506_Stc2#39,core,0.6462,1,0,0,1,[alpha] > reductase > regulator > reductase > other > reductase > hypothetical
NZ_LDPT01000001.1:203453-204590:-1,WP_047313178.1,ABH36_RS00990,,aromatic ring-hydroxylating dioxygenase subunit alpha,5_506_Stc2,5,129.1,0.7282,1.2e-37,NZ_LDPT01000001.1,203453,204590,-1,Mycobacterium haemophilum,Bacteria; Bacillati; Actinomycetota; Actinomycetes; Mycobacteriales; Mycobacteriaceae; Mycobacterium,0,5_506_Stc2#71,novel_candidate,0.2537,0,0,0,0,[alpha] > regulator
NZ_LDQA01000025.1:57491-58766:-1,WP_058600480.1,NS365_RS11755,,SRPBCC family protein,5_506_Stc2,5,447.7,0.9757,2.3e-134,NZ_LDQA01000025.1,57491,58766,-1,Aureimonas ureilytica,Bacteria; Pseudomonadati; Pseudomonadota; Alphaproteobacteria; Hyphomicrobiales; Aurantimonadaceae; Aureimonas,0,5_506_Stc2#39,core,0.6462,1,0,0,1,[alpha] > reductase > regulator > reductase > other > reductase > hypothetical
NZ_LDUI01000001.1:105328-106438:1,WP_048407768.1,VI26_RS00420,,aromatic ring-hydroxylating dioxygenase subunit alpha,5_506_Stc2,5,72.7,0.7524,1.7e-20,NZ_LDUI01000001.1,105328,106438,1,Chromobacterium sp. LK1,Bacteria; Pseudomonadati; Pseudomonadota; Betaproteobacteria; Neisseriales; Chromobacteriaceae; Chromobacterium,0,5_506_Stc2#19,divergent,0.4393,0,0,0,0,[alpha] > hypothetical > transporter > transporter > other > other > other
NZ_LDUR01000032.1:35291-36401:1,WP_048415452.1,VK98_RS18525,,aromatic ring-hydroxylating dioxygenase subunit alpha,5_506_Stc2,5,74.9,0.7524,3.5e-21,NZ_LDUR01000032.1,35291,36401,1,Chromobacterium sp. LK11,Bacteria; Pseudomonadati; Pseudomonadota; Betaproteobacteria; Neisseriales; Chromobacteriaceae; Chromobacterium,0,5_506_Stc2#19,divergent,0.4538,0,0,0,0,[alpha] > hypothetical > transporter > transporter > other > other > other
NZ_LDUA01000009.1:190417-191665:1,WP_037568571.1,ACJ66_RS10785,,aromatic ring-hydroxylating dioxygenase subunit alpha,5_506_Stc2,5,643.6,0.9709,7.7e-194,NZ_LDUA01000009.1,190417,191665,1,Sphingomonas paucimobilis,Bacteria; Pseudomonadati; Pseudomonadota; Alphaproteobacteria; Sphingomonadales; Sphingomonadaceae; Sphingomonas,0,5_506_Stc2#3,core,0.7189,1,0,0,1,[alpha] > reductase > reductase
NZ_LDWR01000009.1:86102-87344:1,WP_048243301.1,VL15_RS04320,,SRPBCC family protein,5_506_Stc2,5,460.6,0.9684,2.8e-138,NZ_LDWR01000009.1,86102,87344,1,Burkholderia cepacia,Bacteria; Pseudomonadati; Pseudomonadota; Betaproteobacteria; Burkholderiales; Burkholderiaceae; Burkholderia; Burkholderia cepacia complex,0,5_506_Stc2#1,core,0.9712,1,0,0,1,other > other > hypothetical > reductase > other > reductase > other > [alpha] > reductase > transporter
NZ_LFCV01000101.1:16942-18148:1,WP_047964115.1,AB204_RS14660,,aromatic ring-hydroxylating dioxygenase subunit alpha,5_506_Stc2,5,79.7,0.4587,1.3e-22,NZ_LFCV01000101.1,16942,18148,1,Xenorhabdus khoisanae,Bacteria; Pseudomonadati; Pseudomonadota; Gammaproteobacteria; Enterobacterales; Morganellaceae; Xenorhabdus,0,5_506_Stc2#50,novel_candidate,0.2431,0,0,0,0,other > other > transporter > reductase > [alpha] > other > hydrolase
NZ_LFJJ01000054.1:2523-3822:-1,WP_050453505.1,BVER_RS12130,,SRPBCC family protein,5_506_Stc2,5,452.8,0.966,6.7e-136,NZ_LFJJ01000054.1,2523,3822,-1,Candidatus Burkholderia verschuerenii,Bacteria; Pseudomonadati; Pseudomonadota; Betaproteobacteria; Burkholderiales; Burkholderiaceae; Burkholderia,0,5_506_Stc2#1,core,0.7787,1,0,0,1,other > other > hypothetical > reductase > other > reductase > reductase > [alpha] > reductase
NZ_LFME01000025.1:25216-26368:1,WP_048491478.1,ACP93_RS14995,,aromatic ring-hydroxylating dioxygenase subunit alpha,5_506_Stc2,5,74.3,0.7257,5.6e-21,NZ_LFME01000025.1,25216,26368,1,Xanthomonas sp. NCPPB 1128,Bacteria; Pseudomonadati; Pseudomonadota; Gammaproteobacteria; Lysobacterales; Lysobacteraceae; Xanthomonas,0,5_506_Stc2#49,novel_candidate,0.2305,0,0,0,0,[alpha] > hypothetical
NZ_LFOD01000018.1:38099-39431:1,WP_019345955.1,ACT17_RS18965,,SRPBCC family protein,5_506_Stc2,5,122.1,0.4684,1.6e-35,NZ_LFOD01000018.1,38099,39431,1,Mycolicibacterium conceptionense,Bacteria; Bacillati; Actinomycetota; Actinomycetes; Mycobacteriales; Mycobacteriaceae; Mycolicibacterium,0,5_506_Stc2#7,core,0.905,0,0,0,0,[alpha] > regulator > transposon
NZ_LFOE01000111.1:2355-3732:-1,WP_065289811.1,ACT18_RS23780,,SRPBCC family protein,5_506_Stc2,5,133.3,0.4903,6.4e-39,NZ_LFOE01000111.1,2355,3732,-1,Mycolicibacter kumamotonensis,Bacteria; Bacillati; Actinomycetota; Actinomycetes; Mycobacteriales; Mycobacteriaceae; Mycolicibacter,0,5_506_Stc2#37,novel_candidate,0.3423,0,0,0,0,[alpha] > hypothetical > hypothetical > other
NZ_LFQH01000078.1:1584-2889:1,WP_050687667.1,ACU18_RS17380,,SRPBCC family protein,5_506_Stc2,5,382.7,0.9709,1.2e-114,NZ_LFQH01000078.1,1584,2889,1,Arthrobacter sp. ZBG10,Bacteria; Bacillati; Actinomycetota; Actinomycetes; Micrococcales; Micrococcaceae; Arthrobacter,0,5_506_Stc2#12,core,0.9193,1,0,0,1,[alpha] > reductase > dehydrogenase
NZ_LGAP01000045.1:36250-37495:-1,WP_053252995.1,AC244_RS32755,,aromatic ring-hydroxylating dioxygenase subunit alpha,5_506_Stc2,5,633.8,0.9684,7.3e-191,NZ_LGAP01000045.1,36250,37495,-1,Ensifer adhaerens,Bacteria; Pseudomonadati; Pseudomonadota; Alphaproteobacteria; Hyphomicrobiales; Rhizobiaceae; Sinorhizobium/Ensifer group; Ensifer,0,5_506_Stc2#2,core,0.7945,1,0,0,1,[alpha] > reductase
NZ_LGAP01000032.1:1288-2542:-1,WP_053252333.1,AC244_RS29205,,SRPBCC family protein,5_506_Stc2,5,415.6,0.9636,1.3e-124,NZ_LGAP01000032.1,1288,2542,-1,Ensifer adhaerens,Bacteria; Pseudomonadati; Pseudomonadota; Alphaproteobacteria; Hyphomicrobiales; Rhizobiaceae; Sinorhizobium/Ensifer group; Ensifer,0,5_506_Stc2#5,core,0.8493,1,0,0,1,[alpha] > reductase
NZ_LGAP01000002.1:757023-758310:1,WP_053248307.1,AC244_RS08465,,aromatic ring-hydroxylating dioxygenase subunit alpha,5_506_Stc2,5,294.7,0.9709,6.8e-88,NZ_LGAP01000002.1,757023,758310,1,Ensifer adhaerens,Bacteria; Pseudomonadati; Pseudomonadota; Alphaproteobacteria; Hyphomicrobiales; Rhizobiaceae; Sinorhizobium/Ensifer group; Ensifer,0,5_506_Stc2#6,core,0.8727,0,0,0,0,[alpha]
NZ_LGDY01000100.1:45586-46699:1,WP_053735039.1,ADL03_RS20100,,aromatic ring-hydroxylating dioxygenase subunit alpha,5_506_Stc2,5,213.0,0.8034,4.3e-63,NZ_LGDY01000100.1,45586,46699,1,Nocardia sp. NRRL S-836,Bacteria; Bacillati; Actinomycetota; Actinomycetes; Mycobacteriales; Nocardiaceae; Nocardia,0,5_506_Stc2#0,core,0.7577,0,0,0,0,reductase > other > [alpha] > hypothetical
NZ_LGKG01000046.1:91972-93175:-1,WP_053923016.1,ADL29_RS44000,,aromatic ring-hydroxylating dioxygenase subunit alpha,5_506_Stc2,5,121.7,0.7039,2.2e-35,NZ_LGKG01000046.1,91972,93175,-1,Streptomyces chattanoogensis,Bacteria; Bacillati; Actinomycetota; Actinomycetes; Kitasatosporales; Streptomycetaceae; Streptomyces,0,5_506_Stc2#107,novel_candidate,0.2885,0,0,0,0,[alpha] > other > other > other > other > hydrolase > other > hydrolase > hypothetical > other
NZ_LGKG01000207.1:308480-309608:-1,WP_053928349.1,ADL29_RS39860,,aromatic ring-hydroxylating dioxygenase subunit alpha,5_506_Stc2,5,214.4,0.8107,1.5e-63,NZ_LGKG01000207.1,308480,309608,-1,Streptomyces chattanoogensis,Bacteria; Bacillati; Actinomycetota; Actinomycetes; Kitasatosporales; Streptomycetaceae; Streptomyces,0,5_506_Stc2#0,core,0.8596,0,0,0,0,reductase > other > [alpha]
NZ_LGLV01000016.1:147351-148581:-1,WP_068957327.1,ADU59_RS23710,,SRPBCC family protein,5_506_Stc2,5,303.1,0.9636,1.8e-90,NZ_LGLV01000016.1,147351,148581,-1,Pararhizobium polonicum,Bacteria; Pseudomonadati; Pseudomonadota; Alphaproteobacteria; Hyphomicrobiales; Rhizobiaceae; Rhizobium/Agrobacterium group; Pararhizobium,0,5_506_Stc2#6,core,0.9045,0,0,0,0,[alpha]
NZ_LGLV01000017.1:74647-75898:1,WP_068957457.1,ADU59_RS24335,,aromatic ring-hydroxylating dioxygenase subunit alpha,5_506_Stc2,5,645.2,0.9806,2.5e-194,NZ_LGLV01000017.1,74647,75898,1,Pararhizobium polonicum,Bacteria; Pseudomonadati; Pseudomonadota; Alphaproteobacteria; Hyphomicrobiales; Rhizobiaceae; Rhizobium/Agrobacterium group; Pararhizobium,0,5_506_Stc2#8,core,0.813,1,0,0,1,[alpha] > reductase
NZ_LGRC01000025.1:444049-445348:-1,WP_053569674.1,ACU09_RS20575,,SRPBCC family protein,5_506_Stc2,5,456.3,0.966,5.6e-137,NZ_LGRC01000025.1,444049,445348,-1,Caballeronia cordobensis,Bacteria; Pseudomonadati; Pseudomonadota; Betaproteobacteria; Burkholderiales; Burkholderiaceae; Caballeronia,0,5_506_Stc2#1,core,0.815,1,0,0,1,other > hypothetical > reductase > other > reductase > other > [alpha] > reductase > transporter
NZ_LGRC01000026.1:242297-243449:-1,WP_053570038.1,ACU09_RS23105,,aromatic ring-hydroxylating dioxygenase subunit alpha,5_506_Stc2,5,154.5,0.7913,2.4e-45,NZ_LGRC01000026.1,242297,243449,-1,Caballeronia cordobensis,Bacteria; Pseudomonadati; Pseudomonadota; Betaproteobacteria; Burkholderiales; Burkholderiaceae; Caballeronia,0,5_506_Stc2#35,novel_candidate,0.2771,0,0,0,0,regulator > transporter > transporter > transporter > transporter > [alpha] > dehydrogenase > hydrolase
NZ_LGRC01000028.1:383999-385259:1,WP_053570773.1,ACU09_RS26685,,SRPBCC family protein,5_506_Stc2,5,381.6,0.9636,2.7e-114,NZ_LGRC01000028.1,383999,385259,1,Caballeronia cordobensis,Bacteria; Pseudomonadati; Pseudomonadota; Betaproteobacteria; Burkholderiales; Burkholderiaceae; Caballeronia,0,5_506_Stc2#20,divergent,0.5392,0,0,0,0,[alpha]
NZ_LHUJ01000133.1:76206-77352:1,WP_019302785.1,ADT25_RS06760,,aromatic ring-hydroxylating dioxygenase subunit alpha,5_506_Stc2,5,95.0,0.5073,2.9e-27,NZ_LHUJ01000133.1,76206,77352,1,Xanthomonas oryzae,Bacteria; Pseudomonadati; Pseudomonadota; Gammaproteobacteria; Lysobacterales; Lysobacteraceae; Xanthomonas,0,5_506_Stc2#21,novel_candidate,0.2471,0,0,0,0,other > other > regulator > other > other > other > reductase > reductase > other > [alpha] > other > hypothetical > hypothetical
NZ_LIKT01000020.1:2800-3979:1,WP_054462572.1,AN476_RS15820,,aromatic ring-hydroxylating dioxygenase subunit alpha,5_506_Stc2,5,132.9,0.4806,8.6e-39,NZ_LIKT01000020.1,2800,3979,1,Phaeobacter sp. 11ANDIMAR09,Bacteria; Pseudomonadati; Pseudomonadota; Alphaproteobacteria; Rhodobacterales; Roseobacteraceae; Phaeobacter,0,5_506_Stc2#53,novel_candidate,0.2866,1,0,0,1,regulator > hypothetical > [alpha] > reductase
NZ_LION01000007.1:128935-130045:1,WP_055434401.1,ASC39_RS11990,,aromatic ring-hydroxylating dioxygenase subunit alpha,5_506_Stc2,5,67.2,0.7524,7.8e-19,NZ_LION01000007.1,128935,130045,1,Gulbenkiania indica,Bacteria; Pseudomonadati; Pseudomonadota; Betaproteobacteria; Neisseriales; Chromobacteriaceae; Gulbenkiania,0,5_506_Stc2#19,divergent,0.4387,0,0,0,0,[alpha] > hypothetical > transporter > transporter > other > other
NZ_LIPV01000008.1:57304-58411:-1,WP_055451147.1,ASC45_RS11300,,aromatic ring-hydroxylating dioxygenase subunit alpha,5_506_Stc2,5,77.2,0.7718,7.3e-22,NZ_LIPV01000008.1,57304,58411,-1,Thiomonas bhubaneswarensis,Bacteria; Pseudomonadati; Pseudomonadota; Betaproteobacteria; Burkholderiales; Thiomonas,0,5_506_Stc2#9,divergent,0.5467,0,0,0,0,[alpha] > other > other > other
NZ_LIQD01000009.1:1150-2299:-1,WP_055422358.1,ASB59_RS34900,,aromatic ring-hydroxylating dioxygenase subunit alpha,5_506_Stc2,5,208.6,0.8034,8.8e-62,NZ_LIQD01000009.1,1150,2299,-1,Streptomyces pactum,Bacteria; Bacillati; Actinomycetota; Actinomycetes; Kitasatosporales; Streptomycetaceae; Streptomyces,0,5_506_Stc2#0,core,0.887,1,0,0,1,dehydrogenase > reductase > other > [alpha]
NZ_LIPT01000009.1:105570-106809:-1,WP_055456351.1,ASC48_RS13790,,aromatic ring-hydroxylating dioxygenase subunit alpha,5_506_Stc2,5,739.4,0.9854,6.4e-223,NZ_LIPT01000009.1,105570,106809,-1,Pannonibacter indicus,Bacteria; Pseudomonadati; Pseudomonadota; Alphaproteobacteria; Hyphomicrobiales; Stappiaceae; Pannonibacter,0,5_506_Stc2#61,core,0.6343,1,0,0,1,[alpha] > reductase
NZ_LIQU01000360.1:14879-16001:-1,WP_224058913.1,AOK12_RS32790,,aromatic ring-hydroxylating dioxygenase subunit alpha,5_506_Stc2,5,209.5,0.801,4.9e-62,NZ_LIQU01000360.1,14879,16001,-1,Streptomyces kanamyceticus,Bacteria; Bacillati; Actinomycetota; Actinomycetes; Kitasatosporales; Streptomycetaceae; Streptomyces,0,5_506_Stc2#0,core,0.8844,0,0,0,0,dehydrogenase > reductase > other > [alpha]
NZ_LIPF01000004.1:383010-384363:1,WP_079187465.1,AMK11_RS15810,,SRPBCC family protein,5_506_Stc2,5,96.9,0.5534,7.5e-28,NZ_LIPF01000004.1,383010,384363,1,Streptomyces sp. CB02414,Bacteria; Bacillati; Actinomycetota; Actinomycetes; Kitasatosporales; Streptomycetaceae; Streptomyces,0,5_506_Stc2#70,novel_candidate,0.2669,1,0,1,0,[alpha] > dehydrogenase > dehydrogenase > other > ferredoxin > reductase > other > other
NZ_LIPF01000009.1:27396-28530:1,WP_073730739.1,AMK11_RS27280,,aromatic ring-hydroxylating dioxygenase subunit alpha,5_506_Stc2,5,206.0,0.7937,5.7e-61,NZ_LIPF01000009.1,27396,28530,1,Streptomyces sp. CB02414,Bacteria; Bacillati; Actinomycetota; Actinomycetes; Kitasatosporales; Streptomycetaceae; Streptomyces,0,5_506_Stc2#0,core,0.9322,0,0,0,0,regulator > dehydrogenase > reductase > other > [alpha]
NZ_LIWA01000008.1:32617-33748:1,WP_107423820.1,AMK32_RS32550,,aromatic ring-hydroxylating dioxygenase subunit alpha,5_506_Stc2,5,204.1,0.801,2.1e-60,NZ_LIWA01000008.1,32617,33748,1,Streptomyces sp. CB01883,Bacteria; Bacillati; Actinomycetota; Actinomycetes; Kitasatosporales; Streptomycetaceae; Streptomyces,0,5_506_Stc2#0,core,0.9026,1,0,0,1,dehydrogenase > hypothetical > reductase > other > [alpha] > dehydrogenase > transporter > reductase
NZ_LJGU01000100.1:42633-43926:1,WP_244502299.1,AN216_RS03455,,aromatic ring-hydroxylating dioxygenase subunit alpha,5_506_Stc2,5,204.1,0.7913,2.1e-60,NZ_LJGU01000100.1,42633,43926,1,Streptomyces oceani,Bacteria; Bacillati; Actinomycetota; Actinomycetes; Kitasatosporales; Streptomycetaceae; Streptomyces,0,5_506_Stc2#0,core,0.7632,0,0,0,0,[alpha]
NZ_LJGU01000147.1:43200-44484:1,WP_070198409.1,AN216_RS21775,,aromatic ring-hydroxylating dioxygenase subunit alpha,5_506_Stc2,5,419.1,0.9709,1.1e-125,NZ_LJGU01000147.1,43200,44484,1,Streptomyces oceani,Bacteria; Bacillati; Actinomycetota; Actinomycetes; Kitasatosporales; Streptomycetaceae; Streptomyces,0,5_506_Stc2#83,divergent,0.54,1,0,0,1,reductase > [alpha] > reductase
NZ_LIYH01000009.1:202847-203981:1,WP_073759716.1,AMK26_RS33605,,aromatic ring-hydroxylating dioxygenase subunit alpha,5_506_Stc2,5,208.9,0.8034,7.3e-62,NZ_LIYH01000009.1,202847,203981,1,Streptomyces sp. CB03234,Bacteria; Bacillati; Actinomycetota; Actinomycetes; Kitasatosporales; Streptomycetaceae; Streptomyces,0,5_506_Stc2#0,core,0.8644,0,0,0,0,dehydrogenase > hydrolase > reductase > other > [alpha] > dehydrogenase > transporter > reductase
NZ_LJHZ01000019.1:113701-114913:1,WP_054120979.1,IP83_RS04330,,aromatic ring-hydroxylating dioxygenase subunit alpha,5_506_Stc2,5,462.8,0.9684,6e-139,NZ_LJHZ01000019.1,113701,114913,1,Novosphingobium sp. AAP93,Bacteria; Pseudomonadati; Pseudomonadota; Alphaproteobacteria; Sphingomonadales; Sphingomonadaceae; Novosphingobium,0,5_506_Stc2#34,divergent,0.4741,1,0,0,1,[alpha] > other > reductase > reductase > other > other > reductase > hypothetical
NZ_LJHZ01000036.1:38751-39942:1,WP_054121642.1,IP83_RS07770,,aromatic ring-hydroxylating dioxygenase subunit alpha,5_506_Stc2,5,105.1,0.4563,2.4e-30,NZ_LJHZ01000036.1,38751,39942,1,Novosphingobium sp. AAP93,Bacteria; Pseudomonadati; Pseudomonadota; Alphaproteobacteria; Sphingomonadales; Sphingomonadaceae; Novosphingobium,0,5_506_Stc2#13,core,0.7805,1,0,1,0,ferredoxin > [alpha]
NZ_LJHZ01000036.1:48785-50129:1,WP_054121652.1,IP83_RS07820,,SRPBCC family protein,5_506_Stc2,5,122.5,0.4806,1.3e-35,NZ_LJHZ01000036.1,48785,50129,1,Novosphingobium sp. AAP93,Bacteria; Pseudomonadati; Pseudomonadota; Alphaproteobacteria; Sphingomonadales; Sphingomonadaceae; Novosphingobium,0,5_506_Stc2#38,novel_candidate,0.3091,0,0,0,0,other > other > reductase > alpha_other > other > other > other > [alpha] > regulator > regulator
NZ_LJHO01000003.1:428987-430181:-1,WP_022677054.1,IP65_RS09040,,aromatic ring-hydroxylating dioxygenase subunit alpha,5_506_Stc2,5,120.4,0.466,5.5e-35,NZ_LJHO01000003.1,428987,430181,-1,Novosphingobium sp. AAP1,Bacteria; Pseudomonadati; Pseudomonadota; Alphaproteobacteria; Sphingomonadales; Sphingomonadaceae; Novosphingobium,0,5_506_Stc2#13,core,0.8237,0,0,0,0,[alpha] > alpha_other > other
NZ_LJHO01000003.1:467557-468823:1,WP_022674650.1,IP65_RS09200,,aromatic ring-hydroxylating dioxygenase subunit alpha,5_506_Stc2,5,443.6,0.9709,3.9e-133,NZ_LJHO01000003.1,467557,468823,1,Novosphingobium sp. AAP1,Bacteria; Pseudomonadati; Pseudomonadota; Alphaproteobacteria; Sphingomonadales; Sphingomonadaceae; Novosphingobium,0,5_506_Stc2#34,divergent,0.4697,1,0,0,1,[alpha] > other > reductase > reductase > hydrolase
NZ_LJHZ01000060.1:21414-22773:-1,WP_054122112.1,IP83_RS10190,,SRPBCC family protein,5_506_Stc2,5,137.2,0.4757,4.4e-40,NZ_LJHZ01000060.1,21414,22773,-1,Novosphingobium sp. AAP93,Bacteria; Pseudomonadati; Pseudomonadota; Alphaproteobacteria; Sphingomonadales; Sphingomonadaceae; Novosphingobium,0,5_506_Stc2#106,novel_candidate,0.3394,0,0,0,0,[alpha] > hydrolase
NZ_LJHY01000004.1:42028-43207:1,WP_054106528.1,IP81_RS03115,,aromatic ring-hydroxylating dioxygenase subunit alpha,5_506_Stc2,5,113.6,0.4854,6.3e-33,NZ_LJHY01000004.1,42028,43207,1,Novosphingobium sp. AAP83,Bacteria; Pseudomonadati; Pseudomonadota; Alphaproteobacteria; Sphingomonadales; Sphingomonadaceae; Novosphingobium,0,5_506_Stc2#13,core,0.8174,0,0,0,0,[alpha] > other > other
NZ_LJIB01000007.1:270915-272160:1,WP_054148888.1,IP85_RS06685,,aromatic ring-hydroxylating dioxygenase subunit alpha,5_506_Stc2,5,629.7,0.9782,1.3e-189,NZ_LJIB01000007.1,270915,272160,1,Rhizobium sp. AAP116,Bacteria; Pseudomonadati; Pseudomonadota; Alphaproteobacteria; Hyphomicrobiales; Rhizobiaceae; Rhizobium/Agrobacterium group; Rhizobium,0,5_506_Stc2#3,core,0.8216,1,0,0,1,[alpha] > reductase
NZ_LJQO01000335.1:2658-3897:1,WP_057412271.1,ALO53_RS14040,,SRPBCC family protein,5_506_Stc2,5,594.8,0.9757,5.1e-179,NZ_LJQO01000335.1,2658,3897,1,Pseudomonas amygdali pv. photiniae,Bacteria; Pseudomonadati; Pseudomonadota; Gammaproteobacteria; Pseudomonadales; Pseudomonadaceae; Pseudomonas; Pseudomonas amygdali,0,5_506_Stc2#4,core,0.8485,0,0,0,0,[alpha]
NZ_LJHO01000001.1:21419-22655:-1,WP_022675219.1,IP65_RS00120,,SRPBCC family protein,5_506_Stc2,5,387.9,0.9709,3.3e-116,NZ_LJHO01000001.1,21419,22655,-1,Novosphingobium sp. AAP1,Bacteria; Pseudomonadati; Pseudomonadota; Alphaproteobacteria; Sphingomonadales; Sphingomonadaceae; Novosphingobium,0,5_506_Stc2#51,divergent,0.4422,1,0,0,1,reductase > [alpha] > other > other > reductase > other
NZ_LJQR01000049.1:106705-107956:-1,WP_011104360.1,ALO84_RS05245,,SRPBCC family protein,5_506_Stc2,5,594.2,0.983,7.5e-179,NZ_LJQR01000049.1,106705,107956,-1,Pseudomonas syringae pv. maculicola,Bacteria; Pseudomonadati; Pseudomonadota; Gammaproteobacteria; Pseudomonadales; Pseudomonadaceae; Pseudomonas,0,5_506_Stc2#4,core,0.8943,0,0,0,0,[alpha]
NZ_LJSR01000002.1:172395-173640:1,WP_054181911.1,AOG23_RS00820,,SRPBCC family protein,5_506_Stc2,5,633.5,0.9782,8.8e-191,NZ_LJSR01000002.1,172395,173640,1,Rhizobium acidisoli,Bacteria; Pseudomonadati; Pseudomonadota; Alphaproteobacteria; Hyphomicrobiales; Rhizobiaceae; Rhizobium/Agrobacterium group; Rhizobium,0,5_506_Stc2#2,core,0.837,0,0,0,0,[alpha] > other
NZ_LJSR01000012.1:58335-59589:-1,WP_054183851.1,AOG23_RS18730,,SRPBCC family protein,5_506_Stc2,5,411.9,0.966,1.7e-123,NZ_LJSR01000012.1,58335,59589,-1,Rhizobium acidisoli,Bacteria; Pseudomonadati; Pseudomonadota; Alphaproteobacteria; Hyphomicrobiales; Rhizobiaceae; Rhizobium/Agrobacterium group; Rhizobium,0,5_506_Stc2#5,core,0.9528,1,0,0,1,[alpha] > reductase > other
NZ_LJSR01000023.1:63955-65182:1,WP_054185111.1,AOG23_RS26500,,aromatic ring-hydroxylating dioxygenase subunit alpha,5_506_Stc2,5,296.3,0.9636,2.1e-88,NZ_LJSR01000023.1,63955,65182,1,Rhizobium acidisoli,Bacteria; Pseudomonadati; Pseudomonadota; Alphaproteobacteria; Hyphomicrobiales; Rhizobiaceae; Rhizobium/Agrobacterium group; Rhizobium,0,5_506_Stc2#6,core,0.8788,0,0,0,0,reductase > reductase > [alpha]
NZ_LKKP01000174.1:89234-90380:1,WP_017154666.1,AO826_RS17635,,aromatic ring-hydroxylating dioxygenase subunit alpha,5_506_Stc2,5,97.4,0.5097,5.4e-28,NZ_LKKP01000174.1,89234,90380,1,Xanthomonas phaseoli pv. manihotis,Bacteria; Pseudomonadati; Pseudomonadota; Gammaproteobacteria; Lysobacterales; Lysobacteraceae; Xanthomonas,0,5_506_Stc2#17,novel_candidate,0.2418,0,0,0,0,other > other > regulator > other > other > other > reductase > reductase > other > [alpha] > other > other > other
NZ_LLWQ01000093.1:11884-13123:-1,WP_058096884.1,AQY21_RS06175,,aromatic ring-hydroxylating dioxygenase subunit alpha,5_506_Stc2,5,665.3,0.983,1.9e-200,NZ_LLWQ01000093.1,11884,13123,-1,Paracoccus sp. MKU1,Bacteria; Pseudomonadati; Pseudomonadota; Alphaproteobacteria; Rhodobacterales; Paracoccaceae; Paracoccus,0,5_506_Stc2#25,core,0.578,1,0,0,1,[alpha] > reductase
NZ_LLWQ01000214.1:17151-18390:1,WP_058099856.1,AQY21_RS22680,,aromatic ring-hydroxylating dioxygenase subunit alpha,5_506_Stc2,5,813.4,1.0,2.2e-245,NZ_LLWQ01000214.1,17151,18390,1,Paracoccus sp. MKU1,Bacteria; Pseudomonadati; Pseudomonadota; Alphaproteobacteria; Rhodobacterales; Paracoccaceae; Paracoccus,0,5_506_Stc2#11,core,0.8672,1,0,0,1,[alpha] > reductase > other
NZ_LLZG01000414.1:69894-70998:1,WP_062715174.1,ADL12_RS47090,,aromatic ring-hydroxylating dioxygenase subunit alpha,5_506_Stc2,5,224.8,0.8083,1.1e-66,NZ_LLZG01000414.1,69894,70998,1,Streptomyces regalis,Bacteria; Bacillati; Actinomycetota; Actinomycetes; Kitasatosporales; Streptomycetaceae; Streptomyces,0,5_506_Stc2#0,core,0.7464,0,0,0,0,dehydrogenase > hydrolase > reductase > other > [alpha] > other
NZ_LMCB01000074.1:66774-68049:1,WP_068009219.1,PsAD2_RS18165,,SRPBCC family protein,5_506_Stc2,5,447.4,0.9806,2.8e-134,NZ_LMCB01000074.1,66774,68049,1,Pseudovibrio axinellae,Bacteria; Pseudomonadati; Pseudomonadota; Alphaproteobacteria; Hyphomicrobiales; Stappiaceae; Pseudovibrio,0,5_506_Stc2#10,core,0.7885,1,0,0,1,[alpha] > reductase > transporter
NZ_LMCK01000016.1:26220-27495:-1,WP_063299313.1,PsWM33_RS04045,,SRPBCC family protein,5_506_Stc2,5,432.7,0.9709,8.3e-130,NZ_LMCK01000016.1,26220,27495,-1,Pseudovibrio sp. WM33,Bacteria; Pseudomonadati; Pseudomonadota; Alphaproteobacteria; Hyphomicrobiales; Stappiaceae; Pseudovibrio,0,5_506_Stc2#10,core,0.8232,1,0,0,1,[alpha] > reductase > transporter
NZ_LLZJ01000277.1:26128-27286:1,WP_059145446.1,ADL28_RS21895,,aromatic ring-hydroxylating dioxygenase subunit alpha,5_506_Stc2,5,212.0,0.8058,8.4e-63,NZ_LLZJ01000277.1,26128,27286,1,Streptomyces violaceusniger,Bacteria; Bacillati; Actinomycetota; Actinomycetes; Kitasatosporales; Streptomycetaceae; Streptomyces; Streptomyces violaceusniger group,0,5_506_Stc2#0,core,0.8911,0,0,0,0,[alpha] > dehydrogenase > other
NZ_LMCE01000061.1:221832-223107:-1,WP_063299313.1,PsAD26_RS14750,,SRPBCC family protein,5_506_Stc2,5,432.7,0.9709,8.3e-130,NZ_LMCE01000061.1,221832,223107,-1,Pseudovibrio sp. Ad26,Bacteria; Pseudomonadati; Pseudomonadota; Alphaproteobacteria; Hyphomicrobiales; Stappiaceae; Pseudovibrio,0,5_506_Stc2#10,core,0.8232,1,0,0,1,[alpha] > reductase > transporter
NZ_LMCJ01000008.1:144061-145336:1,WP_063288615.1,PsW74_RS07070,,SRPBCC family protein,5_506_Stc2,5,433.2,0.9709,5.8e-130,NZ_LMCJ01000008.1,144061,145336,1,Pseudovibrio sp. W74,Bacteria; Pseudomonadati; Pseudomonadota; Alphaproteobacteria; Hyphomicrobiales; Stappiaceae; Pseudovibrio,0,5_506_Stc2#10,core,0.83,1,0,0,1,[alpha] > reductase > transporter
NZ_LLZK01000224.1:208054-209212:-1,WP_062779696.1,ADL30_RS26045,,aromatic ring-hydroxylating dioxygenase subunit alpha,5_506_Stc2,5,221.5,0.8228,1.1e-65,NZ_LLZK01000224.1,208054,209212,-1,Streptomyces sp. NRRL S-1521,Bacteria; Bacillati; Actinomycetota; Actinomycetes; Kitasatosporales; Streptomycetaceae; Streptomyces,0,5_506_Stc2#0,core,0.9065,0,0,0,0,dehydrogenase > reductase > other > [alpha]
NZ_LMCN01000033.1:15638-16793:1,WP_056810054.1,ASC88_RS20205,,aromatic ring-hydroxylating dioxygenase subunit alpha,5_506_Stc2,5,65.0,0.75,3.5e-18,NZ_LMCN01000033.1,15638,16793,1,Rhizobacter sp. Root29,Bacteria; Pseudomonadati; Pseudomonadota; Betaproteobacteria; Burkholderiales; Rhizobacter,0,5_506_Stc2#9,divergent,0.5215,0,0,0,0,[alpha] > transporter > other > other
NZ_LMCP01000023.1:134163-135411:-1,WP_056589472.1,ASD12_RS19280,,aromatic ring-hydroxylating dioxygenase subunit alpha,5_506_Stc2,5,633.4,0.966,9.6e-191,NZ_LMCP01000023.1,134163,135411,-1,Mesorhizobium sp. Root102,Bacteria; Pseudomonadati; Pseudomonadota; Alphaproteobacteria; Hyphomicrobiales; Phyllobacteriaceae; Mesorhizobium,0,5_506_Stc2#3,core,0.9006,1,0,0,1,[alpha] > reductase > other > hypothetical > other > other > other
NZ_LMCZ01000023.1:230236-231487:1,WP_060504888.1,ASC96_RS19705,,aromatic ring-hydroxylating dioxygenase subunit alpha,5_506_Stc2,5,651.1,0.9733,4.2e-196,NZ_LMCZ01000023.1,230236,231487,1,Rhizobium sp. Root1204,Bacteria; Pseudomonadati; Pseudomonadota; Alphaproteobacteria; Hyphomicrobiales; Rhizobiaceae; Rhizobium/Agrobacterium group; Rhizobium,0,5_506_Stc2#8,core,0.7908,1,0,0,1,[alpha] > reductase
NZ_LMCZ01000043.1:66929-68159:1,WP_060506664.1,ASC96_RS29715,,SRPBCC family protein,5_506_Stc2,5,296.2,0.9636,2.3e-88,NZ_LMCZ01000043.1,66929,68159,1,Rhizobium sp. Root1204,Bacteria; Pseudomonadati; Pseudomonadota; Alphaproteobacteria; Hyphomicrobiales; Rhizobiaceae; Rhizobium/Agrobacterium group; Rhizobium,0,5_506_Stc2#6,core,0.8952,0,0,0,0,[alpha]
NZ_LMCZ01000015.1:105311-106550:-1,WP_060504169.1,ASC96_RS16075,,aromatic ring-hydroxylating dioxygenase subunit alpha,5_506_Stc2,5,804.3,0.9976,1.3e-242,NZ_LMCZ01000015.1,105311,106550,-1,Rhizobium sp. Root1204,Bacteria; Pseudomonadati; Pseudomonadota; Alphaproteobacteria; Hyphomicrobiales; Rhizobiaceae; Rhizobium/Agrobacterium group; Rhizobium,0,5_506_Stc2#11,core,0.8615,1,0,0,1,[alpha] > reductase
NZ_LMCV01000012.1:185391-186627:-1,WP_056741624.1,ASC74_RS12370,,SRPBCC family protein,5_506_Stc2,5,589.0,0.9782,3e-177,NZ_LMCV01000012.1,185391,186627,-1,Pseudomonas sp. Root329,Bacteria; Pseudomonadati; Pseudomonadota; Gammaproteobacteria; Pseudomonadales; Pseudomonadaceae; Pseudomonas,0,5_506_Stc2#4,core,0.8622,0,0,0,0,[alpha]
NZ_LMCW01000001.1:387852-389097:1,WP_057466660.1,ASC97_RS01920,,SRPBCC family protein,5_506_Stc2,5,637.9,0.9757,4.3e-192,NZ_LMCW01000001.1,387852,389097,1,Rhizobium sp. Root1203,Bacteria; Pseudomonadati; Pseudomonadota; Alphaproteobacteria; Hyphomicrobiales; Rhizobiaceae; Rhizobium/Agrobacterium group; Rhizobium,0,5_506_Stc2#2,core,0.8401,0,0,0,0,[alpha]
NZ_LMDI01000030.1:2554-3667:-1,WP_056666230.1,ASC87_RS19960,,aromatic ring-hydroxylating dioxygenase subunit alpha,5_506_Stc2,5,68.6,0.7427,2.9e-19,NZ_LMDI01000030.1,2554,3667,-1,Rhizobacter sp. Root1221,Bacteria; Pseudomonadati; Pseudomonadota; Betaproteobacteria; Burkholderiales; Rhizobacter,0,5_506_Stc2#9,core,0.5819,0,0,0,0,[alpha] > transporter > other > other
NZ_LMDG01000033.1:189899-191144:-1,WP_056544935.1,ASC90_RS20075,,aromatic ring-hydroxylating dioxygenase subunit alpha,5_506_Stc2,5,639.9,0.9709,1e-192,NZ_LMDG01000033.1,189899,191144,-1,Rhizobium sp. Root1220,Bacteria; Pseudomonadati; Pseudomonadota; Alphaproteobacteria; Hyphomicrobiales; Rhizobiaceae; Rhizobium/Agrobacterium group; Rhizobium,0,5_506_Stc2#2,core,0.8514,0,0,0,0,[alpha]
NZ_LMDA01000012.1:486013-487246:1,WP_056322180.1,ASC86_RS14360,,SRPBCC family protein,5_506_Stc2,5,306.5,0.966,1.7e-91,NZ_LMDA01000012.1,486013,487246,1,Rhizobium sp. Root1212,Bacteria; Pseudomonadati; Pseudomonadota; Alphaproteobacteria; Hyphomicrobiales; Rhizobiaceae; Rhizobium/Agrobacterium group; Rhizobium,0,5_506_Stc2#6,core,0.8958,0,0,0,0,[alpha]
NZ_LMFB01000016.1:75623-76856:1,WP_060638732.1,ASD32_RS14425,,aromatic ring-hydroxylating dioxygenase subunit alpha,5_506_Stc2,5,294.2,0.966,9.3e-88,NZ_LMFB01000016.1,75623,76856,1,Rhizobium sp. Root483D2,Bacteria; Pseudomonadati; Pseudomonadota; Alphaproteobacteria; Hyphomicrobiales; Rhizobiaceae; Rhizobium/Agrobacterium group; Rhizobium,0,5_506_Stc2#6,core,0.8955,0,0,0,0,[alpha]
NZ_LMFA01000001.1:623190-624420:-1,WP_056328915.1,ASD31_RS02735,,SRPBCC family protein,5_506_Stc2,5,300.7,0.9636,9.7e-90,NZ_LMFA01000001.1,623190,624420,-1,Rhizobium sp. Root482,Bacteria; Pseudomonadati; Pseudomonadota; Alphaproteobacteria; Hyphomicrobiales; Rhizobiaceae; Rhizobium/Agrobacterium group; Rhizobium,0,5_506_Stc2#6,core,0.8589,0,0,0,0,[alpha]
NZ_LMFA01000026.1:339841-341095:1,WP_056340366.1,ASD31_RS24485,,SRPBCC family protein,5_506_Stc2,5,406.6,0.9636,7e-122,NZ_LMFA01000026.1,339841,341095,1,Rhizobium sp. Root482,Bacteria; Pseudomonadati; Pseudomonadota; Alphaproteobacteria; Hyphomicrobiales; Rhizobiaceae; Rhizobium/Agrobacterium group; Rhizobium,0,5_506_Stc2#14,core,0.7362,1,0,0,1,[alpha] > reductase
NZ_LMFB01000004.1:88089-89340:-1,WP_060636454.1,ASD32_RS03195,,aromatic ring-hydroxylating dioxygenase subunit alpha,5_506_Stc2,5,649.4,0.9806,1.3e-195,NZ_LMFB01000004.1,88089,89340,-1,Rhizobium sp. Root483D2,Bacteria; Pseudomonadati; Pseudomonadota; Alphaproteobacteria; Hyphomicrobiales; Rhizobiaceae; Rhizobium/Agrobacterium group; Rhizobium,0,5_506_Stc2#8,core,0.7871,1,0,0,1,[alpha] > reductase
NZ_LMGD01000001.1:597835-599080:-1,WP_062553058.1,ASD54_RS02885,,aromatic ring-hydroxylating dioxygenase subunit alpha,5_506_Stc2,5,644.9,0.9757,3.2e-194,NZ_LMGD01000001.1,597835,599080,-1,Rhizobium sp. Root149,Bacteria; Pseudomonadati; Pseudomonadota; Alphaproteobacteria; Hyphomicrobiales; Rhizobiaceae; Rhizobium/Agrobacterium group; Rhizobium,0,5_506_Stc2#8,core,0.8253,1,0,0,1,[alpha] > reductase > other
NZ_LMGQ01000004.1:203804-205040:-1,WP_056845895.1,ASD70_RS05790,,SRPBCC family protein,5_506_Stc2,5,593.7,0.9757,1.1e-178,NZ_LMGQ01000004.1,203804,205040,-1,Pseudomonas sp. Root569,Bacteria; Pseudomonadati; Pseudomonadota; Gammaproteobacteria; Pseudomonadales; Pseudomonadaceae; Pseudomonas,0,5_506_Stc2#4,core,0.8715,0,0,0,0,[alpha]
NZ_LMHV01000002.1:94257-95511:1,WP_056811567.1,ASE04_RS02685,,SRPBCC family protein,5_506_Stc2,5,405.0,0.966,2.2e-121,NZ_LMHV01000002.1,94257,95511,1,Rhizobium sp. Root708,Bacteria; Pseudomonadati; Pseudomonadota; Alphaproteobacteria; Hyphomicrobiales; Rhizobiaceae; Rhizobium/Agrobacterium group; Rhizobium,0,5_506_Stc2#5,core,0.8985,1,0,0,1,[alpha] > reductase
NZ_LMHT01000012.1:58365-59613:-1,WP_056732881.1,ASE02_RS07800,,SRPBCC family protein,5_506_Stc2,5,467.8,0.966,1.8e-140,NZ_LMHT01000012.1,58365,59613,-1,Phenylobacterium sp. Root700,Bacteria; Pseudomonadati; Pseudomonadota; Alphaproteobacteria; Caulobacterales; Caulobacteraceae; Phenylobacterium,0,5_506_Stc2#16,core,0.6445,1,0,0,1,[alpha] > reductase > regulator
NZ_LMHI01000012.1:379293-380529:-1,WP_056724833.1,ASD91_RS12230,,aromatic ring-hydroxylating dioxygenase subunit alpha,5_506_Stc2,5,593.4,0.9782,1.4e-178,NZ_LMHI01000012.1,379293,380529,-1,Pseudomonas sp. Root68,Bacteria; Pseudomonadati; Pseudomonadota; Gammaproteobacteria; Pseudomonadales; Pseudomonadaceae; Pseudomonas,0,5_506_Stc2#4,core,0.8544,0,0,0,0,[alpha]
NZ_LMHP01000012.1:269560-270808:-1,WP_056569084.1,ASE05_RS12515,,aromatic ring-hydroxylating dioxygenase subunit alpha,5_506_Stc2,5,641.9,0.9636,2.6e-193,NZ_LMHP01000012.1,269560,270808,-1,Mesorhizobium sp. Root172,Bacteria; Pseudomonadati; Pseudomonadota; Alphaproteobacteria; Hyphomicrobiales; Phyllobacteriaceae; Mesorhizobium,0,5_506_Stc2#3,core,0.9171,1,0,0,1,[alpha] > reductase > other > hypothetical > other > other > other
NZ_LMID01000010.1:165133-166318:1,WP_056357288.1,ASE22_RS08145,,aromatic ring-hydroxylating dioxygenase subunit alpha,5_506_Stc2,5,114.4,0.4782,3.7e-33,NZ_LMID01000010.1,165133,166318,1,Sphingomonas sp. Root720,Bacteria; Pseudomonadati; Pseudomonadota; Alphaproteobacteria; Sphingomonadales; Sphingomonadaceae; Sphingomonas,0,5_506_Stc2#13,core,0.8055,0,0,0,0,[alpha] > other
NZ_LMHV01000043.1:273306-274551:1,WP_056824718.1,ASE04_RS25640,,SRPBCC family protein,5_506_Stc2,5,635.5,0.9733,2.2e-191,NZ_LMHV01000043.1,273306,274551,1,Rhizobium sp. Root708,Bacteria; Pseudomonadati; Pseudomonadota; Alphaproteobacteria; Hyphomicrobiales; Rhizobiaceae; Rhizobium/Agrobacterium group; Rhizobium,0,5_506_Stc2#2,core,0.8324,0,0,0,0,[alpha]
NZ_LMIZ01000048.1:13798-14932:1,WP_057582320.1,ASE41_RS28815,,aromatic ring-hydroxylating dioxygenase subunit alpha,5_506_Stc2,5,224.1,0.8058,1.8e-66,NZ_LMIZ01000048.1,13798,14932,1,Streptomyces sp. Root264,Bacteria; Bacillati; Actinomycetota; Actinomycetes; Kitasatosporales; Streptomycetaceae; Streptomyces,0,5_506_Stc2#0,core,0.7892,0,0,0,0,dehydrogenase > hydrolase > [alpha]
NZ_LMIU01000012.1:492168-493314:-1,WP_057285008.1,ASE30_RS14605,,aromatic ring-hydroxylating dioxygenase subunit alpha,5_506_Stc2,5,62.6,0.75,1.9e-17,NZ_LMIU01000012.1,492168,493314,-1,Achromobacter sp. Root83,Bacteria; Pseudomonadati; Pseudomonadota; Betaproteobacteria; Burkholderiales; Alcaligenaceae; Achromobacter,0,5_506_Stc2#9,core,0.9253,0,0,0,0,[alpha]
NZ_LMIT01000010.1:718400-719585:1,WP_056895003.1,ASE20_RS13315,,aromatic ring-hydroxylating dioxygenase subunit alpha,5_506_Stc2,5,247.7,0.7597,1.2e-73,NZ_LMIT01000010.1,718400,719585,1,Nocardioides sp. Root240,Bacteria; Bacillati; Actinomycetota; Actinomycetes; Propionibacteriales; Nocardioidaceae; Nocardioides,0,5_506_Stc2#105,novel_candidate,0.3277,0,0,0,0,[alpha] > reductase > regulator
NZ_LMJY01000018.1:42918-44097:-1,WP_082456472.1,ASE49_RS13250,,aromatic ring-hydroxylating dioxygenase subunit alpha,5_506_Stc2,5,121.5,0.4757,2.5e-35,NZ_LMJY01000018.1,42918,44097,-1,Novosphingobium sp. Leaf2,Bacteria; Pseudomonadati; Pseudomonadota; Alphaproteobacteria; Sphingomonadales; Sphingomonadaceae; Novosphingobium,0,5_506_Stc2#13,core,0.8333,0,0,0,0,[alpha] > other
NZ_LMOP01000013.1:232226-233372:1,WP_055854490.1,ASF90_RS20370,,aromatic ring-hydroxylating dioxygenase subunit alpha,5_506_Stc2,5,101.9,0.6942,2.3e-29,NZ_LMOP01000013.1,232226,233372,1,Xanthomonas sp. Leaf148,Bacteria; Pseudomonadati; Pseudomonadota; Gammaproteobacteria; Lysobacterales; Lysobacteraceae; Xanthomonas,0,5_506_Stc2#17,novel_candidate,0.2593,0,0,0,0,other > other > regulator > other > other > other > reductase > reductase > other > [alpha] > other > other > hypothetical
NZ_LMOH01000001.1:533480-534737:-1,WP_055884625.1,ASF65_RS02585,,SRPBCC family protein,5_506_Stc2,5,450.2,0.966,4e-135,NZ_LMOH01000001.1,533480,534737,-1,Aureimonas sp. Leaf324,Bacteria; Pseudomonadati; Pseudomonadota; Alphaproteobacteria; Hyphomicrobiales; Aurantimonadaceae; Aureimonas,0,5_506_Stc2#16,core,0.6335,1,0,0,1,[alpha] > reductase
NZ_LMPC01000014.1:6642-7947:1,WP_055802581.1,ASF98_RS13365,,SRPBCC family protein,5_506_Stc2,5,394.7,0.9684,2.9e-118,NZ_LMPC01000014.1,6642,7947,1,Arthrobacter sp. Leaf337,Bacteria; Bacillati; Actinomycetota; Actinomycetes; Micrococcales; Micrococcaceae; Arthrobacter,0,5_506_Stc2#12,core,0.9884,1,0,0,1,[alpha] > reductase
NZ_LMQB01000012.1:123266-124511:1,WP_062594601.1,ASG39_RS08595,,aromatic ring-hydroxylating dioxygenase subunit alpha,5_506_Stc2,5,630.4,0.9733,7.8e-190,NZ_LMQB01000012.1,123266,124511,1,Rhizobium sp. Leaf371,Bacteria; Pseudomonadati; Pseudomonadota; Alphaproteobacteria; Hyphomicrobiales; Rhizobiaceae; Rhizobium/Agrobacterium group; Rhizobium,0,5_506_Stc2#8,core,0.7912,1,0,0,1,[alpha] > reductase
NZ_LMPF01000023.1:343174-344476:-1,WP_056362939.1,ASG35_RS22580,,SRPBCC family protein,5_506_Stc2,5,455.0,0.9709,1.4e-136,NZ_LMPF01000023.1,343174,344476,-1,Burkholderia sp. Leaf177,Bacteria; Pseudomonadati; Pseudomonadota; Betaproteobacteria; Burkholderiales; Burkholderiaceae; Burkholderia,0,5_506_Stc2#1,core,0.8041,1,0,0,1,other > other > hypothetical > reductase > other > reductase > other > [alpha] > reductase > transporter
NZ_LMPL01000002.1:533871-535020:-1,WP_055788943.1,ASG12_RS10550,,aromatic ring-hydroxylating dioxygenase subunit alpha,5_506_Stc2,5,216.0,0.7888,5.2e-64,NZ_LMPL01000002.1,533871,535020,-1,Williamsia sp. Leaf354,Bacteria; Bacillati; Actinomycetota; Actinomycetes; Mycobacteriales; Nocardiaceae; Williamsia,0,5_506_Stc2#0,core,0.7037,0,0,0,0,reductase > other > [alpha] > dehydrogenase > transporter > reductase > regulator > hypothetical > other > other > reductase > regulator > reductase > regulator
NZ_LMQD01000025.1:158703-159948:1,WP_062469560.1,ASG58_RS15780,,aromatic ring-hydroxylating dioxygenase subunit alpha,5_506_Stc2,5,633.7,0.9733,7.6e-191,NZ_LMQD01000025.1,158703,159948,1,Rhizobium sp. Leaf383,Bacteria; Pseudomonadati; Pseudomonadota; Alphaproteobacteria; Hyphomicrobiales; Rhizobiaceae; Rhizobium/Agrobacterium group; Rhizobium,0,5_506_Stc2#8,core,0.7865,1,0,0,1,[alpha] > reductase
NZ_LMQT01000002.1:138840-140085:1,WP_056501550.1,ASG43_RS05645,,aromatic ring-hydroxylating dioxygenase subunit alpha,5_506_Stc2,5,653.9,0.9757,5.7e-197,NZ_LMQT01000002.1,138840,140085,1,Aureimonas sp. Leaf454,Bacteria; Pseudomonadati; Pseudomonadota; Alphaproteobacteria; Hyphomicrobiales; Aurantimonadaceae; Aureimonas,0,5_506_Stc2#62,core,0.6765,1,0,0,1,[alpha] > reductase
NZ_LMQS01000001.1:87616-88768:1,WP_055825130.1,ASG34_RS00405,,aromatic ring-hydroxylating dioxygenase subunit alpha,5_506_Stc2,5,86.4,0.7646,1.1e-24,NZ_LMQS01000001.1,87616,88768,1,Methylophilus sp. Leaf416,Bacteria; Pseudomonadati; Pseudomonadota; Betaproteobacteria; Nitrosomonadales; Methylophilaceae; Methylophilus,0,5_506_Stc2#131,divergent,0.4302,0,0,0,0,[alpha] > transporter
NZ_LMQW01000022.1:6118-7363:-1,WP_056698930.1,ASG62_RS13165,,aromatic ring-hydroxylating dioxygenase subunit alpha,5_506_Stc2,5,649.2,0.9757,1.6e-195,NZ_LMQW01000022.1,6118,7363,-1,Aureimonas sp. Leaf427,Bacteria; Pseudomonadati; Pseudomonadota; Alphaproteobacteria; Hyphomicrobiales; Aurantimonadaceae; Aureimonas,0,5_506_Stc2#62,core,0.672,1,0,0,1,[alpha] > reductase
NZ_LMRG01000001.1:249095-250340:-1,WP_062575885.1,ASG68_RS01270,,aromatic ring-hydroxylating dioxygenase subunit alpha,5_506_Stc2,5,646.8,0.9733,8.2e-195,NZ_LMRG01000001.1,249095,250340,-1,Rhizobium sp. Leaf453,Bacteria; Pseudomonadati; Pseudomonadota; Alphaproteobacteria; Hyphomicrobiales; Rhizobiaceae; Rhizobium/Agrobacterium group; Rhizobium,0,5_506_Stc2#8,core,0.7973,1,0,0,1,[alpha] > reductase
NZ_LMRG01000002.1:226552-227806:1,WP_062585356.1,ASG68_RS05695,,SRPBCC family protein,5_506_Stc2,5,396.6,0.966,7.5e-119,NZ_LMRG01000002.1,226552,227806,1,Rhizobium sp. Leaf453,Bacteria; Pseudomonadati; Pseudomonadota; Alphaproteobacteria; Hyphomicrobiales; Rhizobiaceae; Rhizobium/Agrobacterium group; Rhizobium,0,5_506_Stc2#5,core,0.815,1,0,0,1,[alpha] > reductase > other
NZ_LMQY01000065.1:6082-7327:-1,WP_056698930.1,ASG54_RS22830,,aromatic ring-hydroxylating dioxygenase subunit alpha,5_506_Stc2,5,649.2,0.9757,1.6e-195,NZ_LMQY01000065.1,6082,7327,-1,Aureimonas sp. Leaf460,Bacteria; Pseudomonadati; Pseudomonadota; Alphaproteobacteria; Hyphomicrobiales; Aurantimonadaceae; Aureimonas,0,5_506_Stc2#62,core,0.672,1,0,0,1,[alpha] > reductase
NZ_LMRD01000002.1:78980-80258:1,WP_055845637.1,ASG48_RS03945,,SRPBCC family protein,5_506_Stc2,5,435.5,0.966,1.2e-130,NZ_LMRD01000002.1,78980,80258,1,Aurantimonas sp. Leaf443,Bacteria; Pseudomonadati; Pseudomonadota; Alphaproteobacteria; Hyphomicrobiales; Aurantimonadaceae; Aurantimonas,0,5_506_Stc2#16,core,0.5904,1,0,0,1,other > other > reductase > other > [alpha] > reductase > reductase > hypothetical > reductase > hypothetical
NZ_LMRG01000023.1:142189-143422:1,WP_062579842.1,ASG68_RS18875,,SRPBCC family protein,5_506_Stc2,5,293.4,0.9636,1.6e-87,NZ_LMRG01000023.1,142189,143422,1,Rhizobium sp. Leaf453,Bacteria; Pseudomonadati; Pseudomonadota; Alphaproteobacteria; Hyphomicrobiales; Rhizobiaceae; Rhizobium/Agrobacterium group; Rhizobium,0,5_506_Stc2#6,core,0.9045,1,0,0,1,reductase > reductase > [alpha]
NZ_LMSG01000020.1:89295-90525:-1,WP_056347544.1,ASG77_RS16595,,aromatic ring-hydroxylating dioxygenase subunit alpha,5_506_Stc2,5,214.0,0.7961,2e-63,NZ_LMSG01000020.1,89295,90525,-1,Arthrobacter sp. Soil762,Bacteria; Bacillati; Actinomycetota; Actinomycetes; Micrococcales; Micrococcaceae; Arthrobacter,0,5_506_Stc2#0,core,0.7686,1,0,0,1,reductase > [alpha]
NZ_LMSF01000012.1:66759-68061:-1,WP_018771028.1,ASG79_RS08445,,SRPBCC family protein,5_506_Stc2,5,389.1,0.9684,1.5e-116,NZ_LMSF01000012.1,66759,68061,-1,Arthrobacter sp. Soil761,Bacteria; Bacillati; Actinomycetota; Actinomycetes; Micrococcales; Micrococcaceae; Arthrobacter,0,5_506_Stc2#12,core,0.9568,1,0,0,1,[alpha] > reductase > dehydrogenase
NZ_LMSI01000004.1:29500-30805:1,WP_056330799.1,ASG86_RS04375,,SRPBCC family protein,5_506_Stc2,5,399.3,0.9684,1.1e-119,NZ_LMSI01000004.1,29500,30805,1,Arthrobacter sp. Soil764,Bacteria; Bacillati; Actinomycetota; Actinomycetes; Micrococcales; Micrococcaceae; Arthrobacter,0,5_506_Stc2#12,core,0.9769,1,0,0,1,[alpha] > reductase
NZ_LMVQ01000468.1:5225-6359:-1,WP_067960999.1,ASJ79_RS24325,,aromatic ring-hydroxylating dioxygenase subunit alpha,5_506_Stc2,5,215.1,0.8034,9.9e-64,NZ_LMVQ01000468.1,5225,6359,-1,Mycobacterium sp. NAZ190054,Bacteria; Bacillati; Actinomycetota; Actinomycetes; Mycobacteriales; Mycobacteriaceae; Mycobacterium,0,5_506_Stc2#0,core,0.6862,0,0,0,0,reductase > other > [alpha] > regulator
NZ_LMXT01000074.1:44554-45742:-1,WP_053281489.1,APV28_RS15160,,aromatic ring-hydroxylating dioxygenase subunit alpha,5_506_Stc2,5,88.0,0.6044,3.8e-25,NZ_LMXT01000074.1,44554,45742,-1,Comamonas testosteroni,Bacteria; Pseudomonadati; Pseudomonadota; Betaproteobacteria; Burkholderiales; Comamonadaceae; Comamonas,0,5_506_Stc2#43,novel_candidate,0.2927,0,0,0,0,[alpha] > other > hypothetical > regulator
NZ_LNCD01000001.1:115510-116764:1,WP_062368325.1,AS026_RS00630,,SRPBCC family protein,5_506_Stc2,5,407.5,0.966,3.8e-122,NZ_LNCD01000001.1,115510,116764,1,Rhizobium altiplani,Bacteria; Pseudomonadati; Pseudomonadota; Alphaproteobacteria; Hyphomicrobiales; Rhizobiaceae; Rhizobium/Agrobacterium group; Rhizobium,0,5_506_Stc2#5,core,0.9041,1,0,0,1,[alpha] > reductase > other > hypothetical
NZ_LNCD01000062.1:24415-25633:1,WP_062369824.1,AS026_RS13035,,aromatic ring-hydroxylating dioxygenase subunit alpha,5_506_Stc2,5,378.1,0.9854,3.1e-113,NZ_LNCD01000062.1,24415,25633,1,Rhizobium altiplani,Bacteria; Pseudomonadati; Pseudomonadota; Alphaproteobacteria; Hyphomicrobiales; Rhizobiaceae; Rhizobium/Agrobacterium group; Rhizobium,0,5_506_Stc2#104,divergent,0.4045,0,0,0,0,reductase > [alpha]
NZ_LNCD01000070.1:132460-133705:-1,WP_025661896.1,AS026_RS15740,,SRPBCC family protein,5_506_Stc2,5,638.6,0.9782,2.5e-192,NZ_LNCD01000070.1,132460,133705,-1,Rhizobium altiplani,Bacteria; Pseudomonadati; Pseudomonadota; Alphaproteobacteria; Hyphomicrobiales; Rhizobiaceae; Rhizobium/Agrobacterium group; Rhizobium,0,5_506_Stc2#2,core,0.8392,0,0,0,0,[alpha]
NZ_LMZF01000002.1:257925-259179:1,WP_028752182.1,RLCPAO_RS03725,,SRPBCC family protein,5_506_Stc2,5,417.8,0.9636,2.8e-125,NZ_LMZF01000002.1,257925,259179,1,Rhizobium leucaenae,Bacteria; Pseudomonadati; Pseudomonadota; Alphaproteobacteria; Hyphomicrobiales; Rhizobiaceae; Rhizobium/Agrobacterium group; Rhizobium,0,5_506_Stc2#5,core,0.8185,1,0,0,1,[alpha] > reductase
NZ_LMZF01000027.1:236820-238065:-1,WP_028750611.1,RLCPAO_RS17850,,aromatic ring-hydroxylating dioxygenase subunit alpha,5_506_Stc2,5,647.5,0.9757,4.9e-195,NZ_LMZF01000027.1,236820,238065,-1,Rhizobium leucaenae,Bacteria; Pseudomonadati; Pseudomonadota; Alphaproteobacteria; Hyphomicrobiales; Rhizobiaceae; Rhizobium/Agrobacterium group; Rhizobium,0,5_506_Stc2#24,core,0.871,1,0,0,1,[alpha] > reductase
NZ_LNQC01000031.1:34975-36220:1,WP_064251728.1,ATC00_RS01270,,aromatic ring-hydroxylating dioxygenase subunit alpha,5_506_Stc2,5,628.0,0.9757,4.4e-189,NZ_LNQC01000031.1,34975,36220,1,Sinorhizobium americanum,Bacteria; Pseudomonadati; Pseudomonadota; Alphaproteobacteria; Hyphomicrobiales; Rhizobiaceae; Sinorhizobium/Ensifer group; Sinorhizobium,0,5_506_Stc2#2,core,0.8128,1,0,0,1,[alpha] > reductase
NZ_LNQC01000062.1:15139-16378:-1,WP_064253844.1,ATC00_RS18035,,aromatic ring-hydroxylating dioxygenase subunit alpha,5_506_Stc2,5,829.4,0.9976,2.9e-250,NZ_LNQC01000062.1,15139,16378,-1,Sinorhizobium americanum,Bacteria; Pseudomonadati; Pseudomonadota; Alphaproteobacteria; Hyphomicrobiales; Rhizobiaceae; Sinorhizobium/Ensifer group; Sinorhizobium,0,5_506_Stc2#11,core,0.9019,1,0,0,1,[alpha] > reductase
NZ_LNXE01000003.1:147094-148321:1,WP_065325080.1,UB97_RS02265,,aromatic ring-hydroxylating dioxygenase subunit alpha,5_506_Stc2,5,781.1,0.9879,1.4e-235,NZ_LNXE01000003.1,147094,148321,1,Tritonibacter mobilis,Bacteria; Pseudomonadati; Pseudomonadota; Alphaproteobacteria; Rhodobacterales; Paracoccaceae; Tritonibacter,0,5_506_Stc2#144,core,0.7198,1,0,0,1,[alpha] > reductase
NZ_LNUP01000014.1:15335-16571:-1,WP_059230012.1,AR540_RS14990,,aromatic ring-hydroxylating dioxygenase subunit alpha,5_506_Stc2,5,592.2,0.9733,3.1e-178,NZ_LNUP01000014.1,15335,16571,-1,Pseudomonas sp. EpS/L25,Bacteria; Pseudomonadati; Pseudomonadota; Gammaproteobacteria; Pseudomonadales; Pseudomonadaceae; Pseudomonas,0,5_506_Stc2#4,core,0.8138,0,0,0,0,[alpha] > regulator
NZ_LNUT01000003.1:132139-133444:1,WP_066432313.1,AR539_RS02670,,SRPBCC family protein,5_506_Stc2,5,393.1,0.9636,8.8e-118,NZ_LNUT01000003.1,132139,133444,1,Arthrobacter sp. EPSL27,Bacteria; Bacillati; Actinomycetota; Actinomycetes; Micrococcales; Micrococcaceae; Arthrobacter,0,5_506_Stc2#12,core,0.9827,1,0,0,1,[alpha] > reductase > transporter > regulator > reductase > other
NZ_LNTU01000012.1:472187-473417:-1,WP_068881738.1,ATN84_RS11375,,SRPBCC family protein,5_506_Stc2,5,299.7,0.9587,1.9e-89,NZ_LNTU01000012.1,472187,473417,-1,Paramesorhizobium deserti,Bacteria; Pseudomonadati; Pseudomonadota; Alphaproteobacteria; Hyphomicrobiales; Phyllobacteriaceae; Paramesorhizobium,0,5_506_Stc2#6,core,0.7892,0,0,0,0,[alpha] > reductase > reductase
NZ_LNTU01000023.1:353622-354867:-1,WP_068882347.1,ATN84_RS14595,,aromatic ring-hydroxylating dioxygenase subunit alpha,5_506_Stc2,5,634.1,0.9709,5.8e-191,NZ_LNTU01000023.1,353622,354867,-1,Paramesorhizobium deserti,Bacteria; Pseudomonadati; Pseudomonadota; Alphaproteobacteria; Hyphomicrobiales; Phyllobacteriaceae; Paramesorhizobium,0,5_506_Stc2#15,core,0.8324,1,0,0,1,[alpha] > reductase
NZ_LODU01000072.1:176460-177705:-1,WP_037413339.1,ATY31_RS25915,,aromatic ring-hydroxylating dioxygenase subunit alpha,5_506_Stc2,5,630.5,0.9757,7.3e-190,NZ_LODU01000072.1,176460,177705,-1,Sinorhizobium americanum,Bacteria; Pseudomonadati; Pseudomonadota; Alphaproteobacteria; Hyphomicrobiales; Rhizobiaceae; Sinorhizobium/Ensifer group; Sinorhizobium,0,5_506_Stc2#2,core,0.8102,1,0,0,1,[alpha] > reductase
NZ_LOHS01000071.1:90949-92083:1,WP_067276472.1,STSP_RS13225,,aromatic ring-hydroxylating dioxygenase subunit alpha,5_506_Stc2,5,228.1,0.8131,1.1e-67,NZ_LOHS01000071.1,90949,92083,1,Streptomyces jeddahensis,Bacteria; Bacillati; Actinomycetota; Actinomycetes; Kitasatosporales; Streptomycetaceae; Streptomyces,0,5_506_Stc2#0,core,0.7955,0,0,0,0,reductase > other > [alpha]
NZ_LOCL01000062.1:725892-727011:-1,WP_058851959.1,AT728_RS36260,,aromatic ring-hydroxylating dioxygenase subunit alpha,5_506_Stc2,5,213.7,0.8034,2.6e-63,NZ_LOCL01000062.1,725892,727011,-1,Streptomyces silvensis,Bacteria; Bacillati; Actinomycetota; Actinomycetes; Kitasatosporales; Streptomycetaceae; Streptomyces,0,5_506_Stc2#0,core,0.8386,0,0,0,0,other > [alpha]
NZ_LOKM01000010.1:915-2061:-1,WP_005914423.1,Xmlv_RS01170,,aromatic ring-hydroxylating dioxygenase subunit alpha,5_506_Stc2,5,97.5,0.5097,4.9e-28,NZ_LOKM01000010.1,915,2061,-1,Xanthomonas citri pv. malvacearum,Bacteria; Pseudomonadati; Pseudomonadota; Gammaproteobacteria; Lysobacterales; Lysobacteraceae; Xanthomonas,0,5_506_Stc2#17,novel_candidate,0.2424,0,0,0,0,other > other > regulator > other > other > other > reductase > reductase > other > [alpha] > hypothetical > other
NZ_LOVU01000017.1:139998-141240:-1,WP_059609688.1,WI90_RS03685,,aromatic ring-hydroxylating dioxygenase subunit alpha,5_506_Stc2,5,466.5,0.9684,4.6e-140,NZ_LOVU01000017.1,139998,141240,-1,Burkholderia ubonensis,Bacteria; Pseudomonadati; Pseudomonadota; Betaproteobacteria; Burkholderiales; Burkholderiaceae; Burkholderia; Burkholderia cepacia complex,0,5_506_Stc2#1,core,0.9599,1,0,0,1,other > other > hypothetical > reductase > other > reductase > other > [alpha] > reductase > transporter
NZ_LOWB01000116.1:93594-94836:1,WP_059572755.1,WS68_RS21980,,SRPBCC family protein,5_506_Stc2,5,473.6,0.9636,3.2e-142,NZ_LOWB01000116.1,93594,94836,1,Burkholderia sp. TSV86,Bacteria; Pseudomonadati; Pseudomonadota; Betaproteobacteria; Burkholderiales; Burkholderiaceae; Burkholderia,0,5_506_Stc2#1,core,0.8743,1,0,0,1,other > other > hypothetical > reductase > other > reductase > other > [alpha] > reductase > transporter
NZ_LOSU01000054.1:102627-103869:-1,WP_059534190.1,WS45_RS25720,,aromatic ring-hydroxylating dioxygenase subunit alpha,5_506_Stc2,5,465.7,0.9684,7.8e-140,NZ_LOSU01000054.1,102627,103869,-1,Burkholderia sp. RF2-non_BP3,Bacteria; Pseudomonadati; Pseudomonadota; Betaproteobacteria; Burkholderiales; Burkholderiaceae; Burkholderia,0,5_506_Stc2#1,core,0.9771,1,0,0,1,other > other > hypothetical > reductase > other > reductase > reductase > [alpha] > reductase > transporter
NZ_LOTQ01000004.1:288593-289835:-1,WP_040138598.1,WI41_RS05500,,aromatic ring-hydroxylating dioxygenase subunit alpha,5_506_Stc2,5,466.8,0.9684,3.7e-140,NZ_LOTQ01000004.1,288593,289835,-1,Burkholderia latens,Bacteria; Pseudomonadati; Pseudomonadota; Betaproteobacteria; Burkholderiales; Burkholderiaceae; Burkholderia; Burkholderia cepacia complex,0,5_506_Stc2#1,core,0.9771,1,0,0,1,other > other > hypothetical > reductase > other > reductase > reductase > [alpha] > reductase > transporter
NZ_LOWA01000018.1:461028-462270:-1,WP_059514848.1,WS67_RS05790,,SRPBCC family protein,5_506_Stc2,5,472.1,0.9636,9e-142,NZ_LOWA01000018.1,461028,462270,-1,Burkholderia singularis,Bacteria; Pseudomonadati; Pseudomonadota; Betaproteobacteria; Burkholderiales; Burkholderiaceae; Burkholderia; pseudomallei group,0,5_506_Stc2#1,core,0.8743,1,0,0,1,other > other > hypothetical > reductase > other > reductase > other > [alpha] > reductase
NZ_LOXM01000155.1:247535-248777:1,WP_059753469.1,WJ33_RS19215,,SRPBCC family protein,5_506_Stc2,5,466.6,0.9684,4.2e-140,NZ_LOXM01000155.1,247535,248777,1,Burkholderia ubonensis,Bacteria; Pseudomonadati; Pseudomonadota; Betaproteobacteria; Burkholderiales; Burkholderiaceae; Burkholderia; Burkholderia cepacia complex,0,5_506_Stc2#1,core,0.9656,1,0,0,1,other > other > hypothetical > reductase > other > reductase > other > [alpha] > reductase > transporter
NZ_LOYH01000075.1:16523-17765:-1,WP_059730759.1,WS90_RS20195,,SRPBCC family protein,5_506_Stc2,5,462.9,0.9684,5.5e-139,NZ_LOYH01000075.1,16523,17765,-1,Burkholderia cepacia,Bacteria; Pseudomonadati; Pseudomonadota; Betaproteobacteria; Burkholderiales; Burkholderiaceae; Burkholderia; Burkholderia cepacia complex,0,5_506_Stc2#1,core,0.9885,1,0,0,1,other > other > hypothetical > reductase > other > reductase > reductase > [alpha] > reductase > transporter
NZ_LPGI01000016.1:193802-195044:1,WP_059534912.1,WL17_RS04610,,aromatic ring-hydroxylating dioxygenase subunit alpha,5_506_Stc2,5,468.0,0.9684,1.6e-140,NZ_LPGI01000016.1,193802,195044,1,Burkholderia ubonensis,Bacteria; Pseudomonadati; Pseudomonadota; Betaproteobacteria; Burkholderiales; Burkholderiaceae; Burkholderia; Burkholderia cepacia complex,0,5_506_Stc2#1,core,0.9628,1,0,0,1,hypothetical > reductase > other > reductase > other > [alpha] > reductase > transporter
NZ_LPJR01000052.1:57387-58629:-1,WP_060244392.1,WT56_RS20620,,aromatic ring-hydroxylating dioxygenase subunit alpha,5_506_Stc2,5,465.1,0.9684,1.2e-139,NZ_LPJR01000052.1,57387,58629,-1,Burkholderia pseudomultivorans,Bacteria; Pseudomonadati; Pseudomonadota; Betaproteobacteria; Burkholderiales; Burkholderiaceae; Burkholderia; Burkholderia cepacia complex,0,5_506_Stc2#1,core,0.9799,1,0,0,1,other > other > hypothetical > reductase > other > reductase > reductase > [alpha] > reductase
NZ_LPJX01000048.1:223426-224668:1,WP_009695757.1,WT57_RS18680,,aromatic ring-hydroxylating dioxygenase subunit alpha,5_506_Stc2,5,466.8,0.9684,3.6e-140,NZ_LPJX01000048.1,223426,224668,1,Burkholderia pseudomultivorans,Bacteria; Pseudomonadati; Pseudomonadota; Betaproteobacteria; Burkholderiales; Burkholderiaceae; Burkholderia; Burkholderia cepacia complex,0,5_506_Stc2#1,core,0.9828,1,0,0,1,other > other > hypothetical > reductase > other > reductase > reductase > [alpha] > reductase > transporter
NZ_LPMA01000049.1:553800-555042:-1,WP_010089906.1,WM21_RS25865,,aromatic ring-hydroxylating dioxygenase subunit alpha,5_506_Stc2,5,469.8,0.9684,4.7e-141,NZ_LPMA01000049.1,553800,555042,-1,Burkholderia ubonensis,Bacteria; Pseudomonadati; Pseudomonadota; Betaproteobacteria; Burkholderiales; Burkholderiaceae; Burkholderia; Burkholderia cepacia complex,0,5_506_Stc2#1,core,0.9628,1,0,0,1,hypothetical > reductase > other > reductase > other > [alpha] > reductase > transporter
NZ_LPMW01000109.1:128478-129720:-1,WP_059451753.1,WT98_RS22325,,aromatic ring-hydroxylating dioxygenase subunit alpha,5_506_Stc2,5,466.9,0.9684,3.5e-140,NZ_LPMW01000109.1,128478,129720,-1,Burkholderia territorii,Bacteria; Pseudomonadati; Pseudomonadota; Betaproteobacteria; Burkholderiales; Burkholderiaceae; Burkholderia; Burkholderia cepacia complex,0,5_506_Stc2#1,core,0.9799,1,0,0,1,other > other > hypothetical > reductase > other > reductase > reductase > [alpha] > reductase > transporter
NZ_LPQX01000091.1:194954-196202:1,WP_006467253.1,AS855_RS16925,,SRPBCC family protein,5_506_Stc2,5,645.7,0.9733,1.8e-194,NZ_LPQX01000091.1,194954,196202,1,Brucella intermedia M86,Bacteria; Pseudomonadati; Pseudomonadota; Alphaproteobacteria; Hyphomicrobiales; Brucellaceae; Brucella/Ochrobactrum group; Brucella,0,5_506_Stc2#15,core,0.9482,1,0,0,1,[alpha] > reductase
NZ_LPVW01000011.1:314848-316123:1,WP_062959602.1,AUP41_RS09515,,SRPBCC family protein,5_506_Stc2,5,447.9,0.9806,2e-134,NZ_LPVW01000011.1,314848,316123,1,Thalassospira xiamenensis,Bacteria; Pseudomonadati; Pseudomonadota; Alphaproteobacteria; Rhodospirillales; Thalassospiraceae; Thalassospira,0,5_506_Stc2#10,core,0.9096,1,0,0,1,[alpha] > reductase
NZ_LPZR01000068.1:1130-2312:-1,WP_062762394.1,AUP44_RS06965,,aromatic ring-hydroxylating dioxygenase subunit alpha,5_506_Stc2,5,129.0,0.6723,1.3e-37,NZ_LPZR01000068.1,1130,2312,-1,Tistrella mobilis,Bacteria; Pseudomonadati; Pseudomonadota; Alphaproteobacteria; Geminicoccales; Geminicoccaceae; Tistrella,0,5_506_Stc2#103,novel_candidate,0.3282,0,0,0,0,[alpha]
NZ_LPXO01000022.1:11601-12762:-1,WP_058864134.1,AVJ23_RS20675,,aromatic ring-hydroxylating dioxygenase subunit alpha,5_506_Stc2,5,114.6,0.7524,3.1e-33,NZ_LPXO01000022.1,11601,12762,-1,Pseudoponticoccus marisrubri,Bacteria; Pseudomonadati; Pseudomonadota; Alphaproteobacteria; Rhodobacterales; Roseobacteraceae; Pseudoponticoccus,0,5_506_Stc2#26,novel_candidate,0.2727,0,0,0,0,regulator > [alpha] > hypothetical
NZ_LPUY01000082.1:31423-32653:1,WP_068245878.1,TRIHO_RS16070,,SRPBCC family protein,5_506_Stc2,5,739.8,0.9879,4.9e-223,NZ_LPUY01000082.1,31423,32653,1,Tritonibacter horizontis,Bacteria; Pseudomonadati; Pseudomonadota; Alphaproteobacteria; Rhodobacterales; Paracoccaceae; Tritonibacter,0,5_506_Stc2#84,core,0.6866,1,0,0,1,[alpha] > reductase
NZ_LPVY01000025.1:54757-56032:-1,WP_062953496.1,AUP42_RS20700,,SRPBCC family protein,5_506_Stc2,5,448.2,0.9806,1.6e-134,NZ_LPVY01000025.1,54757,56032,-1,Thalassospira lucentensis,Bacteria; Pseudomonadati; Pseudomonadota; Alphaproteobacteria; Rhodospirillales; Thalassospiraceae; Thalassospira,0,5_506_Stc2#10,core,0.9066,1,0,0,1,[alpha] > reductase
NZ_LQBL01000005.1:120492-121761:1,WP_058890301.1,AVL62_RS03555,,aromatic ring-hydroxylating dioxygenase subunit alpha,5_506_Stc2,5,419.9,0.9709,6.2e-126,NZ_LQBL01000005.1,120492,121761,1,Serinicoccus chungangensis,Bacteria; Bacillati; Actinomycetota; Actinomycetes; Micrococcales; Ornithinimicrobiaceae; Serinicoccus,0,5_506_Stc2#57,core,0.5513,1,0,0,1,reductase > [alpha] > reductase
NZ_LPXK01000011.1:453086-454328:1,WP_083952666.1,AUQ41_RS13090,,aromatic ring-hydroxylating dioxygenase subunit alpha,5_506_Stc2,5,726.1,0.9879,7.2e-219,NZ_LPXK01000011.1,453086,454328,1,Thalassospira sp. MCCC 1A02898,Bacteria; Pseudomonadati; Pseudomonadota; Alphaproteobacteria; Rhodospirillales; Thalassospiraceae; Thalassospira,0,5_506_Stc2#40,core,0.6291,1,0,0,1,[alpha] > reductase
NZ_LPXK01000012.1:384533-385805:1,WP_063089290.1,AUQ41_RS16200,,SRPBCC family protein,5_506_Stc2,5,444.4,0.9806,2.3e-133,NZ_LPXK01000012.1,384533,385805,1,Thalassospira sp. MCCC 1A02898,Bacteria; Pseudomonadati; Pseudomonadota; Alphaproteobacteria; Rhodospirillales; Thalassospiraceae; Thalassospira,0,5_506_Stc2#10,core,0.8957,1,0,0,1,[alpha] > reductase
NZ_LQCI01000003.1:654866-655970:-1,WP_061985961.1,AVL48_RS06890,,aromatic ring-hydroxylating dioxygenase subunit alpha,5_506_Stc2,5,219.7,0.7985,3.8e-65,NZ_LQCI01000003.1,654866,655970,-1,Amycolatopsis regifaucium,Bacteria; Bacillati; Actinomycetota; Actinomycetes; Pseudonocardiales; Pseudonocardiaceae; Amycolatopsis,0,5_506_Stc2#0,core,0.7421,0,0,0,0,reductase > other > [alpha]
NZ_LQIS01000010.1:39000-40374:1,WP_253867682.1,AU193_RS07835,,Rieske 2Fe-2S domain-containing protein,5_506_Stc2,5,106.4,0.4903,9.6e-31,NZ_LQIS01000010.1,39000,40374,1,Mycobacterium sp. GA-1285,Bacteria; Bacillati; Actinomycetota; Actinomycetes; Mycobacteriales; Mycobacteriaceae; Mycobacterium,0,5_506_Stc2#102,novel_candidate,0.3107,0,0,0,0,reductase > other > hypothetical > hydrolase > [alpha] > reductase
NZ_LQOP01000016.1:393975-395307:-1,WP_085141033.1,AWB98_RS13505,,SRPBCC family protein,5_506_Stc2,5,121.8,0.4684,2e-35,NZ_LQOP01000016.1,393975,395307,-1,Mycolicibacterium conceptionense,Bacteria; Bacillati; Actinomycetota; Actinomycetes; Mycobacteriales; Mycobacteriaceae; Mycolicibacterium,0,5_506_Stc2#7,core,0.9106,0,0,0,0,[alpha] > regulator > transposon
NZ_LQPY01000011.1:42916-44089:1,WP_036465786.1,AWC29_RS03705,,SRPBCC family protein,5_506_Stc2,5,96.9,0.6699,7.3e-28,NZ_LQPY01000011.1,42916,44089,1,Mycobacterium triplex,Bacteria; Bacillati; Actinomycetota; Actinomycetes; Mycobacteriales; Mycobacteriaceae; Mycobacterium; Mycobacterium simiae complex,0,5_506_Stc2#33,novel_candidate,0.2807,0,0,0,0,[alpha]
NZ_LSNE01000006.1:82430-83636:1,WP_068377371.1,AX660_RS12435,,aromatic ring-hydroxylating dioxygenase subunit alpha,5_506_Stc2,5,323.6,0.9636,1.1e-96,NZ_LSNE01000006.1,82430,83636,1,Paraglaciecola hydrolytica,Bacteria; Pseudomonadati; Pseudomonadota; Gammaproteobacteria; Alteromonadales; Alteromonadaceae; Paraglaciecola,0,5_506_Stc2#101,novel_candidate,0.3772,0,0,0,0,[alpha]
NZ_LSRP01000068.1:8200-9427:-1,WP_071832000.1,AX760_RS05590,,SRPBCC family protein,5_506_Stc2,5,294.3,0.9636,8.8e-88,NZ_LSRP01000068.1,8200,9427,-1,Pararhizobium antarcticum,Bacteria; Pseudomonadati; Pseudomonadota; Alphaproteobacteria; Hyphomicrobiales; Rhizobiaceae; Rhizobium/Agrobacterium group; Pararhizobium,0,5_506_Stc2#6,core,0.9224,0,0,0,0,[alpha]
NZ_LSRP01000102.1:14524-15775:-1,WP_071834314.1,AX760_RS17685,,aromatic ring-hydroxylating dioxygenase subunit alpha,5_506_Stc2,5,640.6,0.9757,6.3e-193,NZ_LSRP01000102.1,14524,15775,-1,Pararhizobium antarcticum,Bacteria; Pseudomonadati; Pseudomonadota; Alphaproteobacteria; Hyphomicrobiales; Rhizobiaceae; Rhizobium/Agrobacterium group; Pararhizobium,0,5_506_Stc2#2,core,0.7984,1,0,0,1,[alpha] > reductase
NZ_LTCZ01000235.1:14503-15676:1,WP_005252400.1,AZG88_RS27240,,aromatic ring-hydroxylating dioxygenase subunit alpha,5_506_Stc2,5,212.1,0.7985,8.1e-63,NZ_LTCZ01000235.1,14503,15676,1,Rhodococcus sp. LB1,Bacteria; Bacillati; Actinomycetota; Actinomycetes; Mycobacteriales; Nocardiaceae; Rhodococcus,0,5_506_Stc2#0,core,0.9944,0,0,0,0,[alpha] > transporter > dehydrogenase > transporter > reductase
NZ_LTAV01000012.1:110578-111787:1,WP_067210142.1,AYW77_RS10685,,aromatic ring-hydroxylating dioxygenase subunit alpha,5_506_Stc2,5,586.0,0.9733,2.5e-176,NZ_LTAV01000012.1,110578,111787,1,Marinomonas aquimarina,Bacteria; Pseudomonadati; Pseudomonadota; Gammaproteobacteria; Oceanospirillales; Oceanospirillaceae; Marinomonas,0,5_506_Stc2#4,core,0.7514,0,0,0,0,[alpha]
NZ_LTCZ01000441.1:5097-6300:1,WP_061701457.1,AZG88_RS47510,,aromatic ring-hydroxylating dioxygenase subunit alpha,5_506_Stc2,5,187.5,0.8325,2.3e-55,NZ_LTCZ01000441.1,5097,6300,1,Rhodococcus sp. LB1,Bacteria; Bacillati; Actinomycetota; Actinomycetes; Mycobacteriales; Nocardiaceae; Rhodococcus,0,5_506_Stc2#44,novel_candidate,0.3709,1,0,0,1,regulator > other > [alpha] > reductase
NZ_LUGI01000003.1:138809-139997:-1,WP_054525115.1,A0U43_RS11510,,aromatic ring-hydroxylating dioxygenase subunit alpha,5_506_Stc2,5,116.4,0.466,9e-34,NZ_LUGI01000003.1,138809,139997,-1,Citromicrobium sp. RCC1897,Bacteria; Pseudomonadati; Pseudomonadota; Alphaproteobacteria; Sphingomonadales; Sphingomonadaceae; Citromicrobium,0,5_506_Stc2#13,core,0.7324,0,0,0,0,[alpha]
NZ_LVCV01000404.1:4092-5232:-1,WP_068376893.1,A2J03_RS18725,,aromatic ring-hydroxylating dioxygenase subunit alpha,5_506_Stc2,5,211.2,0.7816,1.5e-62,NZ_LVCV01000404.1,4092,5232,-1,Rhodococcus sp. EPR-157,Bacteria; Bacillati; Actinomycetota; Actinomycetes; Mycobacteriales; Nocardiaceae; Rhodococcus,0,5_506_Stc2#0,core,0.7265,0,0,0,0,reductase > [alpha]
NZ_LVYU01000088.1:15563-16808:1,WP_062942014.1,A4A59_RS14700,,aromatic ring-hydroxylating dioxygenase subunit alpha,5_506_Stc2,5,635.2,0.9757,2.7e-191,NZ_LVYU01000088.1,15563,16808,1,Rhizobium leguminosarum,Bacteria; Pseudomonadati; Pseudomonadota; Alphaproteobacteria; Hyphomicrobiales; Rhizobiaceae; Rhizobium/Agrobacterium group; Rhizobium,0,5_506_Stc2#2,core,0.8505,0,0,0,0,[alpha]
NZ_LVYU01000097.1:19957-21211:1,WP_062942367.1,A4A59_RS16990,,SRPBCC family protein,5_506_Stc2,5,407.7,0.966,3.3e-122,NZ_LVYU01000097.1,19957,21211,1,Rhizobium leguminosarum,Bacteria; Pseudomonadati; Pseudomonadota; Alphaproteobacteria; Hyphomicrobiales; Rhizobiaceae; Rhizobium/Agrobacterium group; Rhizobium,0,5_506_Stc2#5,core,0.9267,1,0,0,1,[alpha] > reductase > other
NZ_LWBS01000034.1:880-2125:-1,WP_064245643.1,A4U53_RS04235,,aromatic ring-hydroxylating dioxygenase subunit alpha,5_506_Stc2,5,639.0,0.9733,2e-192,NZ_LWBS01000034.1,880,2125,-1,Rhizobium leguminosarum,Bacteria; Pseudomonadota; Alphaproteobacteria; Hyphomicrobiales; Rhizobiaceae; Rhizobium/Agrobacterium group; Rhizobium,0,5_506_Stc2#2,core,0.8723,0,0,0,0,[alpha]
NZ_LWBS01000108.1:61340-62594:1,WP_064246492.1,A4U53_RS09565,,SRPBCC family protein,5_506_Stc2,5,402.8,0.966,9.9e-121,NZ_LWBS01000108.1,61340,62594,1,Rhizobium leguminosarum,Bacteria; Pseudomonadota; Alphaproteobacteria; Hyphomicrobiales; Rhizobiaceae; Rhizobium/Agrobacterium group; Rhizobium,0,5_506_Stc2#5,core,0.9152,1,0,0,1,[alpha] > reductase > other
NZ_LWHQ01000080.1:3309-4569:1,WP_048434616.1,A5481_RS29505,,SRPBCC family protein,5_506_Stc2,5,447.6,0.9684,2.4e-134,NZ_LWHQ01000080.1,3309,4569,1,Methylobacterium platani,Bacteria; Pseudomonadati; Pseudomonadota; Alphaproteobacteria; Hyphomicrobiales; Methylobacteriaceae; Methylobacterium,0,5_506_Stc2#16,core,0.6074,1,0,0,1,[alpha] > reductase > reductase
NZ_LWCS01000087.1:119450-120590:1,WP_064285256.1,A4X20_RS29355,,aromatic ring-hydroxylating dioxygenase subunit alpha,5_506_Stc2,5,211.4,0.7961,1.3e-62,NZ_LWCS01000087.1,119450,120590,1,Mycolicibacterium iranicum,Bacteria; Bacillati; Actinomycetota; Actinomycetes; Mycobacteriales; Mycobacteriaceae; Mycolicibacterium,0,5_506_Stc2#0,core,0.6829,0,0,0,0,reductase > other > [alpha] > dehydrogenase > transporter > reductase > other > regulator > hydrolase
NZ_LWEE01000010.1:1543-2800:-1,WP_066049322.1,A3709_RS01995,,aromatic ring-hydroxylating dioxygenase subunit alpha,5_506_Stc2,5,280.7,0.9612,1.2e-83,NZ_LWEE01000010.1,1543,2800,-1,Halioglobus sp. HI00S01,Bacteria; Pseudomonadati; Pseudomonadota; Gammaproteobacteria; Cellvibrionales; Halieaceae; Halioglobus,0,5_506_Stc2#75,novel_candidate,0.3718,0,0,0,0,reductase > reductase > other > other > [alpha] > other
NZ_LWTS01000001.1:159266-160367:-1,WP_236733769.1,A6I84_RS00725,,aromatic ring-hydroxylating dioxygenase subunit alpha,5_506_Stc2,5,149.3,0.7718,9.2e-44,NZ_LWTS01000001.1,159266,160367,-1,Prescottella equi,Bacteria; Bacillati; Actinomycetota; Actinomycetes; Mycobacteriales; Nocardiaceae; Prescottella,0,5_506_Stc2#52,novel_candidate,0.2947,1,0,0,1,[alpha] > ferredoxin > reductase > transporter > dehydrogenase > regulator
NZ_LXFU01000016.1:11368-12613:-1,WP_064647167.1,A6U98_RS00605,,aromatic ring-hydroxylating dioxygenase subunit alpha,5_506_Stc2,5,635.6,0.9757,2.1e-191,NZ_LXFU01000016.1,11368,12613,-1,Rhizobium sp. WYCCWR10014,Bacteria; Pseudomonadati; Pseudomonadota; Alphaproteobacteria; Hyphomicrobiales; Rhizobiaceae; Rhizobium/Agrobacterium group; Rhizobium,0,5_506_Stc2#2,core,0.8568,0,0,0,0,[alpha]
NZ_LXFU01000042.1:17169-18423:-1,WP_064653125.1,A6U98_RS23165,,SRPBCC family protein,5_506_Stc2,5,408.4,0.966,2e-122,NZ_LXFU01000042.1,17169,18423,-1,Rhizobium sp. WYCCWR10014,Bacteria; Pseudomonadati; Pseudomonadota; Alphaproteobacteria; Hyphomicrobiales; Rhizobiaceae; Rhizobium/Agrobacterium group; Rhizobium,0,5_506_Stc2#5,core,0.9597,1,0,0,1,[alpha] > reductase > other
NZ_LXGI01000068.1:18850-20092:-1,WP_065060025.1,A6456_RS14080,,aromatic ring-hydroxylating dioxygenase subunit alpha,5_506_Stc2,5,464.6,0.9684,1.7e-139,NZ_LXGI01000068.1,18850,20092,-1,Paraburkholderia tropica,Bacteria; Pseudomonadati; Pseudomonadota; Betaproteobacteria; Burkholderiales; Burkholderiaceae; Paraburkholderia,0,5_506_Stc2#1,core,0.8889,1,0,0,1,other > other > hypothetical > reductase > hypothetical > hypothetical > reductase > other > [alpha] > reductase > transporter
NZ_LWSF01000018.1:137757-138930:-1,WP_067588413.1,A4R44_RS30515,,aromatic ring-hydroxylating dioxygenase subunit alpha,5_506_Stc2,5,130.5,0.6772,4.8e-38,NZ_LWSF01000018.1,137757,138930,-1,Amycolatopsis sp. M39,Bacteria; Bacillati; Actinomycetota; Actinomycetes; Pseudonocardiales; Pseudonocardiaceae; Amycolatopsis,0,5_506_Stc2#69,novel_candidate,0.2663,0,0,0,0,[alpha] > transporter
NZ_LXEY01000021.1:306105-307404:-1,WP_043058451.1,A6F49_RS11885,,SRPBCC family protein,5_506_Stc2,5,397.0,0.9612,5.6e-119,NZ_LXEY01000021.1,306105,307404,-1,Enteractinococcus helveticum,Bacteria; Bacillati; Actinomycetota; Actinomycetes; Micrococcales; Micrococcaceae,0,5_506_Stc2#12,core,0.7208,1,0,0,1,[alpha] > reductase
NZ_LXNG01000056.1:42839-43985:-1,WP_064510791.1,A7D17_RS20425,,aromatic ring-hydroxylating dioxygenase subunit alpha,5_506_Stc2,5,99.9,0.4951,9.1e-29,NZ_LXNG01000056.1,42839,43985,-1,Xanthomonas floridensis,Bacteria; Pseudomonadati; Pseudomonadota; Gammaproteobacteria; Lysobacterales; Lysobacteraceae; Xanthomonas,0,5_506_Stc2#21,novel_candidate,0.2614,0,0,0,0,other > other > regulator > other > other > other > reductase > reductase > other > [alpha] > other > other > hypothetical > other
NZ_LXPS01000005.1:94241-95486:1,WP_063947814.1,A7J57_RS04475,,aromatic ring-hydroxylating dioxygenase subunit alpha,5_506_Stc2,5,654.3,0.9733,4.5e-197,NZ_LXPS01000005.1,94241,95486,1,Agrobacterium tumefaciens,Bacteria; Pseudomonadati; Pseudomonadota; Alphaproteobacteria; Hyphomicrobiales; Rhizobiaceae; Rhizobium/Agrobacterium group; Agrobacterium; Agrobacterium tumefaciens complex,0,5_506_Stc2#2,core,0.8147,1,0,0,1,[alpha] > reductase
NZ_LXKO01000025.1:4233-5487:-1,WP_065692592.1,A6U87_RS17595,,SRPBCC family protein,5_506_Stc2,5,413.7,0.966,4.8e-124,NZ_LXKO01000025.1,4233,5487,-1,Rhizobium sp. AC44/96,Bacteria; Pseudomonadati; Pseudomonadota; Alphaproteobacteria; Hyphomicrobiales; Rhizobiaceae; Rhizobium/Agrobacterium group; Rhizobium,0,5_506_Stc2#5,core,0.9347,1,0,0,1,[alpha] > reductase > other
NZ_LXKU01000020.1:185393-186638:-1,WP_045231407.1,A6U92_RS13995,,aromatic ring-hydroxylating dioxygenase subunit alpha,5_506_Stc2,5,640.9,0.9733,4.9e-193,NZ_LXKU01000020.1,185393,186638,-1,Agrobacterium rubi,Bacteria; Pseudomonadati; Pseudomonadota; Alphaproteobacteria; Hyphomicrobiales; Rhizobiaceae; Rhizobium/Agrobacterium group; Agrobacterium,0,5_506_Stc2#2,core,0.7935,1,0,0,1,[alpha] > reductase > other
NZ_LXSC01000001.1:538480-539608:1,WP_260971264.1,A7R75_RS02715,,aromatic ring-hydroxylating dioxygenase subunit alpha,5_506_Stc2,5,221.9,0.8058,8.5e-66,NZ_LXSC01000001.1,538480,539608,1,Mycolicibacterium llatzerense,Bacteria; Bacillati; Actinomycetota; Actinomycetes; Mycobacteriales; Mycobacteriaceae; Mycolicibacterium,0,5_506_Stc2#0,core,0.7703,2,0,1,1,ferredoxin > reductase > [alpha]
NZ_LXYI01000003.1:21922-23149:-1,WP_067287449.1,A8B82_RS01470,,aromatic ring-hydroxylating dioxygenase subunit alpha,5_506_Stc2,5,762.3,0.9854,7e-230,NZ_LXYI01000003.1,21922,23149,-1,Sulfitobacter sp. EhC04,Bacteria; Pseudomonadati; Pseudomonadota; Alphaproteobacteria; Rhodobacterales; Roseobacteraceae; Sulfitobacter,0,5_506_Stc2#141,core,0.6846,1,0,0,1,[alpha] > reductase
NZ_LXYQ01000086.1:45349-46351:-1,WP_057816663.1,A8B76_RS07995,,aromatic ring-hydroxylating dioxygenase subunit alpha,5_506_Stc2,5,142.2,0.682,1.3e-41,NZ_LXYQ01000086.1,45349,46351,-1,Roseovarius indicus,Bacteria; Pseudomonadati; Pseudomonadota; Alphaproteobacteria; Rhodobacterales; Roseobacteraceae; Roseovarius,0,5_506_Stc2#100,novel_candidate,0.2698,0,0,0,0,other > other > [alpha]
NZ_LYBK01000004.1:74941-76195:1,WP_065116622.1,A8L48_RS16575,,SRPBCC family protein,5_506_Stc2,5,403.5,0.966,6.1e-121,NZ_LYBK01000004.1,74941,76195,1,Rhizobium rhizogenes,Bacteria; Pseudomonadati; Pseudomonadota; Alphaproteobacteria; Hyphomicrobiales; Rhizobiaceae; Rhizobium/Agrobacterium group; Rhizobium,0,5_506_Stc2#14,core,0.8876,1,0,0,1,[alpha] > reductase
NZ_LXYI01000045.1:21082-22243:-1,WP_067295330.1,A8B82_RS17530,,SRPBCC family protein,5_506_Stc2,5,111.6,0.7743,2.6e-32,NZ_LXYI01000045.1,21082,22243,-1,Sulfitobacter sp. EhC04,Bacteria; Pseudomonadati; Pseudomonadota; Alphaproteobacteria; Rhodobacterales; Roseobacteraceae; Sulfitobacter,0,5_506_Stc2#26,novel_candidate,0.27,0,0,0,0,regulator > [alpha] > hypothetical
NZ_LYBW01000062.1:158340-159585:1,WP_069460813.1,A8M32_RS21100,,aromatic ring-hydroxylating dioxygenase subunit alpha,5_506_Stc2,5,622.6,0.9733,1.9e-187,NZ_LYBW01000062.1,158340,159585,1,Sinorhizobium alkalisoli,Bacteria; Pseudomonadati; Pseudomonadota; Alphaproteobacteria; Hyphomicrobiales; Rhizobiaceae; Sinorhizobium/Ensifer group; Sinorhizobium,0,5_506_Stc2#2,core,0.8174,1,0,0,1,hypothetical > [alpha] > reductase
NZ_LYUZ01000078.1:64830-66030:-1,WP_065266950.1,A9D60_RS07260,,aromatic ring-hydroxylating dioxygenase subunit alpha,5_506_Stc2,5,280.2,0.9199,1.7e-83,NZ_LYUZ01000078.1,64830,66030,-1,Leisingera sp. JC1,Bacteria; Pseudomonadati; Pseudomonadota; Alphaproteobacteria; Rhodobacterales; Roseobacteraceae; Leisingera,0,5_506_Stc2#22,novel_candidate,0.3824,1,0,0,1,transporter > transporter > transporter > other > reductase > [alpha] > other
NZ_LYUZ01000001.1:67380-68616:1,WP_065265750.1,A9D60_RS00315,,aromatic ring-hydroxylating dioxygenase subunit alpha,5_506_Stc2,5,783.6,0.9854,2.3e-236,NZ_LYUZ01000001.1,67380,68616,1,Leisingera sp. JC1,Bacteria; Pseudomonadati; Pseudomonadota; Alphaproteobacteria; Rhodobacterales; Roseobacteraceae; Leisingera,0,5_506_Stc2#23,core,0.7174,1,0,0,1,[alpha] > reductase > other
NZ_LYWZ01000021.1:30864-32052:-1,WP_066771946.1,A9D13_RS06970,,aromatic ring-hydroxylating dioxygenase subunit alpha,5_506_Stc2,5,121.1,0.4879,3.4e-35,NZ_LYWZ01000021.1,30864,32052,-1,Croceicoccus mobilis,Bacteria; Pseudomonadati; Pseudomonadota; Alphaproteobacteria; Sphingomonadales; Erythrobacteraceae; Croceicoccus,0,5_506_Stc2#59,core,0.6,0,0,0,0,[alpha] > other
NZ_LYWY01000039.1:158958-160146:1,WP_066765363.1,A9D15_RS12100,,aromatic ring-hydroxylating dioxygenase subunit alpha,5_506_Stc2,5,113.9,0.483,5.1e-33,NZ_LYWY01000039.1,158958,160146,1,Croceicoccus pelagius,Bacteria; Pseudomonadati; Pseudomonadota; Alphaproteobacteria; Sphingomonadales; Erythrobacteraceae; Croceicoccus,0,5_506_Stc2#59,core,0.6477,0,0,0,0,[alpha] > other > other
NZ_LZHT01000084.1:148668-150027:1,WP_067253471.1,A5775_RS14930,,SRPBCC family protein,5_506_Stc2,5,119.3,0.4903,1.2e-34,NZ_LZHT01000084.1,148668,150027,1,Mycobacterium sp. 852002-10029_SCH5224772,Bacteria; Bacillati; Actinomycetota; Actinomycetes; Mycobacteriales; Mycobacteriaceae; Mycobacterium,0,5_506_Stc2#37,novel_candidate,0.2914,0,0,0,0,[alpha] > hypothetical > hypothetical > reductase > ring_cleavage > other
NZ_LZHZ01000031.1:113250-114372:1,WP_067801765.1,A5724_RS12860,,aromatic ring-hydroxylating dioxygenase subunit alpha,5_506_Stc2,5,221.3,0.8131,1.3e-65,NZ_LZHZ01000031.1,113250,114372,1,Mycobacterium sp. ACS1612,Bacteria; Bacillati; Actinomycetota; Actinomycetes; Mycobacteriales; Mycobacteriaceae; Mycobacterium,0,5_506_Stc2#0,core,0.7457,2,0,1,1,dehydrogenase > transporter > transporter > transporter > ferredoxin > reductase > [alpha]
NZ_LZIC01000068.1:71384-72737:-1,WP_066967988.1,A5787_RS14645,,SRPBCC family protein,5_506_Stc2,5,116.6,0.466,8.1e-34,NZ_LZIC01000068.1,71384,72737,-1,Mycobacterium sp. 852002-50816_SCH5313054-b,Bacteria; Bacillati; Actinomycetota; Actinomycetes; Mycobacteriales; Mycobacteriaceae; Mycobacterium,0,5_506_Stc2#7,core,0.9311,0,0,0,0,regulator > other > hydrolase > [alpha] > hypothetical
NZ_LZIS01000181.1:96945-98298:-1,WP_068236335.1,A5673_RS20120,,SRPBCC family protein,5_506_Stc2,5,119.4,0.4684,1.1e-34,NZ_LZIS01000181.1,96945,98298,-1,Mycobacterium sp. E3198,Bacteria; Bacillati; Actinomycetota; Actinomycetes; Mycobacteriales; Mycobacteriaceae; Mycobacterium,0,5_506_Stc2#7,core,0.9311,0,0,0,0,regulator > other > hydrolase > [alpha]
NZ_LZJG01000224.1:7358-8738:1,WP_067920559.1,A9X04_RS11990,,SRPBCC family protein,5_506_Stc2,5,111.8,0.466,2.2e-32,NZ_LZJG01000224.1,7358,8738,1,Mycobacterium sp. E3247,Bacteria; Bacillati; Actinomycetota; Actinomycetes; Mycobacteriales; Mycobacteriaceae; Mycobacterium,0,5_506_Stc2#7,core,0.8647,0,0,0,0,other > other > regulator > other > hydrolase > [alpha]
NZ_LZJG01000348.1:28695-29850:-1,WP_067923830.1,A9X04_RS19115,,aromatic ring-hydroxylating dioxygenase subunit alpha,5_506_Stc2,5,91.9,0.5146,2.4e-26,NZ_LZJG01000348.1,28695,29850,-1,Mycobacterium sp. E3247,Bacteria; Bacillati; Actinomycetota; Actinomycetes; Mycobacteriales; Mycobacteriaceae; Mycobacterium,0,5_506_Stc2#68,novel_candidate,0.2558,0,0,0,0,[alpha] > other > dehydrogenase
NZ_LZJM01000203.1:3662-4817:-1,WP_068057219.1,A5692_RS14895,,aromatic ring-hydroxylating dioxygenase subunit alpha,5_506_Stc2,5,92.5,0.5316,1.6e-26,NZ_LZJM01000203.1,3662,4817,-1,Mycobacterium sp. E342,Bacteria; Bacillati; Actinomycetota; Actinomycetes; Mycobacteriales; Mycobacteriaceae; Mycobacterium,0,5_506_Stc2#68,novel_candidate,0.2536,0,0,0,0,[alpha] > other > dehydrogenase
NZ_LZJY01000014.1:47999-49355:1,WP_067300717.1,A5679_RS00725,,SRPBCC family protein,5_506_Stc2,5,116.4,0.466,8.7e-34,NZ_LZJY01000014.1,47999,49355,1,Mycobacterium scrofulaceum,Bacteria; Bacillati; Actinomycetota; Actinomycetes; Mycobacteriales; Mycobacteriaceae; Mycobacterium,0,5_506_Stc2#7,core,0.8656,0,0,0,0,regulator > other > hydrolase > [alpha] > hypothetical
NZ_LZKE01000222.1:50721-52080:1,WP_068111735.1,A5712_RS25500,,SRPBCC family protein,5_506_Stc2,5,111.8,0.4684,2.2e-32,NZ_LZKE01000222.1,50721,52080,1,Mycobacterium sp. E2327,Bacteria; Bacillati; Actinomycetota; Actinomycetes; Mycobacteriales; Mycobacteriaceae; Mycobacterium,0,5_506_Stc2#7,core,0.902,0,0,0,0,regulator > other > hydrolase > [alpha] > hypothetical
NZ_LZKJ01000068.1:31844-33173:-1,WP_065013816.1,A5707_RS07165,,SRPBCC family protein,5_506_Stc2,5,108.8,0.4709,1.8e-31,NZ_LZKJ01000068.1,31844,33173,-1,Mycobacterium kyorinense,Bacteria; Bacillati; Actinomycetota; Actinomycetes; Mycobacteriales; Mycobacteriaceae; Mycobacterium,0,5_506_Stc2#7,core,0.7585,0,0,0,0,[alpha] > regulator
NZ_LZKK01000131.1:7530-8865:1,WP_068129794.1,A5706_RS10310,,SRPBCC family protein,5_506_Stc2,5,113.3,0.4684,7.9e-33,NZ_LZKK01000131.1,7530,8865,1,Mycobacterium sp. E796,Bacteria; Bacillati; Actinomycetota; Actinomycetes; Mycobacteriales; Mycobacteriaceae; Mycobacterium,0,5_506_Stc2#7,core,0.9444,0,0,0,0,regulator > other > hydrolase > [alpha] > hypothetical
NZ_LZKL01000091.1:53100-54453:1,WP_068279035.1,A5705_RS18120,,SRPBCC family protein,5_506_Stc2,5,117.9,0.466,3.1e-34,NZ_LZKL01000091.1,53100,54453,1,Mycobacterium sp. E787,Bacteria; Bacillati; Actinomycetota; Actinomycetes; Mycobacteriales; Mycobacteriaceae; Mycobacterium,0,5_506_Stc2#7,core,0.9349,0,0,0,0,hydrolase > [alpha] > hypothetical > transporter
NZ_LZKT01000036.1:67580-68912:-1,WP_067317678.1,A5660_RS05110,,SRPBCC family protein,5_506_Stc2,5,114.4,0.4636,3.6e-33,NZ_LZKT01000036.1,67580,68912,-1,Mycobacterium alsense,Bacteria; Bacillati; Actinomycetota; Actinomycetes; Mycobacteriales; Mycobacteriaceae; Mycobacterium,0,5_506_Stc2#7,core,0.8833,0,0,0,0,hydrolase > [alpha] > hypothetical
NZ_LZLM01000115.1:66419-67619:-1,WP_065141437.1,A5640_RS28005,,SRPBCC family protein,5_506_Stc2,5,92.1,0.6869,2.1e-26,NZ_LZLM01000115.1,66419,67619,-1,Mycobacterium asiaticum,Bacteria; Bacillati; Actinomycetota; Actinomycetes; Mycobacteriales; Mycobacteriaceae; Mycobacterium,0,5_506_Stc2#33,novel_candidate,0.2717,0,0,0,0,[alpha]
NZ_LZLY01000128.1:65584-66910:-1,WP_067013310.1,A5655_RS20970,,SRPBCC family protein,5_506_Stc2,5,110.5,0.4684,5.7e-32,NZ_LZLY01000128.1,65584,66910,-1,Mycobacterium sp. 1081908.1,Bacteria; Bacillati; Actinomycetota; Actinomycetes; Mycobacteriales; Mycobacteriaceae; Mycobacterium,0,5_506_Stc2#7,core,0.9137,0,0,0,0,regulator > other > hydrolase > [alpha] > hypothetical
NZ_LZLZ01000172.1:25515-26847:-1,WP_054601817.1,A5654_RS15255,,SRPBCC family protein,5_506_Stc2,5,121.1,0.4684,3.3e-35,NZ_LZLZ01000172.1,25515,26847,-1,Mycolicibacterium fortuitum,Bacteria; Bacillati; Actinomycetota; Actinomycetes; Mycobacteriales; Mycobacteriaceae; Mycolicibacterium,0,5_506_Stc2#7,core,0.9562,0,0,0,0,[alpha] > regulator
NZ_LZPI01000020.1:26667-27912:1,WP_069613717.1,A9Z06_RS20255,,SRPBCC family protein,5_506_Stc2,5,651.6,0.9733,2.9e-196,NZ_LZPI01000020.1,26667,27912,1,Rhizobium sp. YK2,Bacteria; Pseudomonadati; Pseudomonadota; Alphaproteobacteria; Hyphomicrobiales; Rhizobiaceae; Rhizobium/Agrobacterium group; Rhizobium,0,5_506_Stc2#2,core,0.8672,1,0,0,1,[alpha] > reductase
NZ_LZSK01000027.1:21884-23216:-1,WP_064899811.1,A5718_RS06245,,SRPBCC family protein,5_506_Stc2,5,122.1,0.4684,1.6e-35,NZ_LZSK01000027.1,21884,23216,-1,Mycolicibacterium conceptionense,Bacteria; Bacillati; Actinomycetota; Actinomycetes; Mycobacteriales; Mycobacteriaceae; Mycolicibacterium,0,5_506_Stc2#7,core,0.905,0,0,0,0,[alpha] > regulator > hypothetical
NZ_LZPI01000034.1:286603-287857:-1,WP_069615202.1,A9Z06_RS28185,,SRPBCC family protein,5_506_Stc2,5,413.3,0.966,6.5e-124,NZ_LZPI01000034.1,286603,287857,-1,Rhizobium sp. YK2,Bacteria; Pseudomonadati; Pseudomonadota; Alphaproteobacteria; Hyphomicrobiales; Rhizobiaceae; Rhizobium/Agrobacterium group; Rhizobium,0,5_506_Stc2#5,core,0.9094,1,0,0,1,[alpha] > reductase
NZ_LZSO01000008.1:308006-309338:-1,WP_064929275.1,A5792_RS02675,,aromatic ring-hydroxylating dioxygenase subunit alpha,5_506_Stc2,5,117.1,0.4684,5.6e-34,NZ_LZSO01000008.1,308006,309338,-1,Mycolicibacterium peregrinum,Bacteria; Bacillati; Actinomycetota; Actinomycetes; Mycobacteriales; Mycobacteriaceae; Mycolicibacterium,0,5_506_Stc2#7,core,0.8895,0,0,0,0,[alpha] > regulator
NZ_LZSO01000008.1:502558-503716:-1,WP_236735119.1,A5792_RS03575,,SRPBCC family protein,5_506_Stc2,5,129.2,0.6214,1.1e-37,NZ_LZSO01000008.1,502558,503716,-1,Mycolicibacterium peregrinum,Bacteria; Bacillati; Actinomycetota; Actinomycetes; Mycobacteriales; Mycobacteriaceae; Mycolicibacterium,0,5_506_Stc2#36,novel_candidate,0.2927,0,0,0,0,other > hydrolase > reductase > [alpha] > hypothetical
NZ_LZSU01000017.1:55453-56614:1,WP_066829906.1,A5757_RS05645,,aromatic ring-hydroxylating dioxygenase subunit alpha,5_506_Stc2,5,208.0,0.8277,1.4e-61,NZ_LZSU01000017.1,55453,56614,1,Mycobacterium sp. 852013-51886_SCH5428379,Bacteria; Bacillati; Actinomycetota; Actinomycetes; Mycobacteriales; Mycobacteriaceae; Mycobacterium,0,5_506_Stc2#0,core,0.6648,0,0,0,0,reductase > other > [alpha] > dehydrogenase > transporter > reductase > other > regulator > other > hypothetical
NZ_LZSU01000017.1:165769-167113:-1,WP_066830158.1,A5757_RS06155,,SRPBCC family protein,5_506_Stc2,5,114.6,0.4709,3.1e-33,NZ_LZSU01000017.1,165769,167113,-1,Mycobacterium sp. 852013-51886_SCH5428379,Bacteria; Bacillati; Actinomycetota; Actinomycetes; Mycobacteriales; Mycobacteriaceae; Mycobacterium,0,5_506_Stc2#7,core,0.7389,0,0,0,0,[alpha] > regulator > reductase
NZ_LZSY01000021.1:106169-107501:-1,WP_064879009.1,A5779_RS03550,,aromatic ring-hydroxylating dioxygenase subunit alpha,5_506_Stc2,5,118.7,0.4684,1.8e-34,NZ_LZSY01000021.1,106169,107501,-1,Mycolicibacterium peregrinum,Bacteria; Bacillati; Actinomycetota; Actinomycetes; Mycobacteriales; Mycobacteriaceae; Mycolicibacterium,0,5_506_Stc2#7,core,0.8892,0,0,0,0,[alpha] > regulator
NZ_LZSY01000080.1:86774-88127:1,WP_064881496.1,A5779_RS10440,,SRPBCC family protein,5_506_Stc2,5,127.7,0.4903,3.3e-37,NZ_LZSY01000080.1,86774,88127,1,Mycolicibacterium peregrinum,Bacteria; Bacillati; Actinomycetota; Actinomycetes; Mycobacteriales; Mycobacteriaceae; Mycolicibacterium,0,5_506_Stc2#37,novel_candidate,0.3379,0,0,0,0,[alpha] > hypothetical > other
NZ_LZYC01000088.1:113616-114741:1,WP_064987689.1,BAE52_RS30970,,aromatic ring-hydroxylating dioxygenase subunit alpha,5_506_Stc2,5,125.4,0.7136,1.7e-36,NZ_LZYC01000088.1,113616,114741,1,Pseudomonas sp. EGD-AKN5,Bacteria; Pseudomonadati; Pseudomonadota; Gammaproteobacteria; Pseudomonadales; Pseudomonadaceae; Pseudomonas,0,5_506_Stc2#99,novel_candidate,0.2809,2,0,1,1,[alpha] > other > ferredoxin > hypothetical > hypothetical > hydrolase > reductase
NZ_LZYC01000088.1:141203-142415:1,WP_009620111.1,BAE52_RS31090,,SRPBCC family protein,5_506_Stc2,5,594.0,0.9757,8.6e-179,NZ_LZYC01000088.1,141203,142415,1,Pseudomonas sp. EGD-AKN5,Bacteria; Pseudomonadati; Pseudomonadota; Gammaproteobacteria; Pseudomonadales; Pseudomonadaceae; Pseudomonas,0,5_506_Stc2#4,core,0.8229,0,0,0,0,[alpha] > transporter
NZ_MADM01000060.1:5782-6934:-1,WP_039005700.1,BFX84_RS13905,,aromatic ring-hydroxylating dioxygenase subunit alpha,5_506_Stc2,5,75.9,0.7257,1.8e-21,NZ_MADM01000060.1,5782,6934,-1,Xanthomonas translucens pv. cerealis,Bacteria; Pseudomonadati; Pseudomonadota; Gammaproteobacteria; Lysobacterales; Lysobacteraceae; Xanthomonas,0,5_506_Stc2#49,novel_candidate,0.2286,0,0,0,0,[alpha] > other
NZ_MADO01000016.1:35890-37036:1,WP_064539977.1,BAS66_RS03735,,aromatic ring-hydroxylating dioxygenase subunit alpha,5_506_Stc2,5,100.3,0.4951,6.9e-29,NZ_MADO01000016.1,35890,37036,1,Xanthomonas translucens pv. poae,Bacteria; Pseudomonadati; Pseudomonadota; Gammaproteobacteria; Lysobacterales; Lysobacteraceae; Xanthomonas,0,5_506_Stc2#21,novel_candidate,0.2635,0,0,0,0,other > other > other > reductase > reductase > other > [alpha] > other
NZ_MADP01000011.1:29236-30382:1,WP_053841268.1,BAS67_RS01985,,aromatic ring-hydroxylating dioxygenase subunit alpha,5_506_Stc2,5,98.3,0.4951,2.8e-28,NZ_MADP01000011.1,29236,30382,1,Xanthomonas translucens pv. poae,Bacteria; Pseudomonadati; Pseudomonadota; Gammaproteobacteria; Lysobacterales; Lysobacteraceae; Xanthomonas,0,5_506_Stc2#21,novel_candidate,0.2606,0,0,0,0,other > other > other > reductase > reductase > other > [alpha] > other
NZ_MACM02000176.1:33418-34549:1,WP_049878502.1,A9513_RS29715,,aromatic ring-hydroxylating dioxygenase subunit alpha,5_506_Stc2,5,161.6,0.75,1.7e-47,NZ_MACM02000176.1,33418,34549,1,Pseudomonas sp. AU12215,Bacteria; Pseudomonadati; Pseudomonadota; Gammaproteobacteria; Pseudomonadales; Pseudomonadaceae; Pseudomonas,0,5_506_Stc2#35,novel_candidate,0.2763,0,0,0,0,transporter > transporter > transporter > transporter > [alpha] > dehydrogenase > other
NZ_MAMO01000004.1:158838-160092:1,WP_018246018.1,BAE36_RS03480,,SRPBCC family protein,5_506_Stc2,5,409.8,0.966,7.5e-123,NZ_MAMO01000004.1,158838,160092,1,Rhizobium leguminosarum bv. trifolii,Bacteria; Pseudomonadati; Pseudomonadota; Alphaproteobacteria; Hyphomicrobiales; Rhizobiaceae; Rhizobium/Agrobacterium group; Rhizobium,0,5_506_Stc2#5,core,0.9624,1,0,0,1,[alpha] > reductase > other
NZ_MAMO01000177.1:65670-66915:1,WP_065278007.1,BAE36_RS33540,,aromatic ring-hydroxylating dioxygenase subunit alpha,5_506_Stc2,5,632.5,0.9757,1.9e-190,NZ_MAMO01000177.1,65670,66915,1,Rhizobium leguminosarum bv. trifolii,Bacteria; Pseudomonadati; Pseudomonadota; Alphaproteobacteria; Hyphomicrobiales; Rhizobiaceae; Rhizobium/Agrobacterium group; Rhizobium,0,5_506_Stc2#2,core,0.8474,0,0,0,0,[alpha] > other
NZ_MAWZ01000016.1:41177-42422:1,WP_049736048.1,BBJ66_RS16770,,aromatic ring-hydroxylating dioxygenase subunit alpha,5_506_Stc2,5,635.4,0.9757,2.4e-191,NZ_MAWZ01000016.1,41177,42422,1,Rhizobium sp. RSm-3,Bacteria; Pseudomonadati; Pseudomonadota; Alphaproteobacteria; Hyphomicrobiales; Rhizobiaceae; Rhizobium/Agrobacterium group; Rhizobium,0,5_506_Stc2#2,core,0.8374,0,0,0,0,[alpha]
NZ_MAWZ01000046.1:182124-183360:1,WP_071090920.1,BBJ66_RS26210,,aromatic ring-hydroxylating dioxygenase subunit alpha,5_506_Stc2,5,297.0,0.9636,1.3e-88,NZ_MAWZ01000046.1,182124,183360,1,Rhizobium sp. RSm-3,Bacteria; Pseudomonadati; Pseudomonadota; Alphaproteobacteria; Hyphomicrobiales; Rhizobiaceae; Rhizobium/Agrobacterium group; Rhizobium,0,5_506_Stc2#6,core,0.8727,0,0,0,0,reductase > reductase > [alpha]
NZ_MAWZ01000010.1:103403-104657:1,WP_071087321.1,BBJ66_RS12460,,SRPBCC family protein,5_506_Stc2,5,408.1,0.966,2.4e-122,NZ_MAWZ01000010.1,103403,104657,1,Rhizobium sp. RSm-3,Bacteria; Pseudomonadati; Pseudomonadota; Alphaproteobacteria; Hyphomicrobiales; Rhizobiaceae; Rhizobium/Agrobacterium group; Rhizobium,0,5_506_Stc2#5,core,0.9027,1,0,0,1,[alpha] > reductase > other
NZ_MBET01000071.1:115650-116823:-1,WP_076116810.1,A5745_RS14460,,SRPBCC family protein,5_506_Stc2,5,85.4,0.4515,2.2e-24,NZ_MBET01000071.1,115650,116823,-1,Mycobacterium sp. IS-2888,Bacteria; Bacillati; Actinomycetota; Actinomycetes; Mycobacteriales; Mycobacteriaceae; Mycobacterium,0,5_506_Stc2#33,novel_candidate,0.261,0,0,0,0,[alpha]
NZ_MBLN01000084.1:42231-43575:-1,WP_071042308.1,BCD49_RS33755,,SRPBCC family protein,5_506_Stc2,5,112.5,0.4757,1.4e-32,NZ_MBLN01000084.1,42231,43575,-1,Pseudofrankia sp. EUN1h,Bacteria; Bacillati; Actinomycetota; Actinomycetes; Frankiales; Frankiaceae; Pseudofrankia,0,5_506_Stc2#70,novel_candidate,0.3158,1,0,1,0,dehydrogenase > dehydrogenase > other > [alpha] > reductase > ferredoxin > other
NZ_MBLO01000266.1:20080-21442:1,WP_071053834.1,BCD48_RS41180,,aromatic ring-hydroxylating dioxygenase subunit alpha,5_506_Stc2,5,109.9,0.5704,8.4e-32,NZ_MBLO01000266.1,20080,21442,1,Pseudofrankia sp. BMG5.36,Bacteria; Bacillati; Actinomycetota; Actinomycetes; Frankiales; Frankiaceae; Pseudofrankia,0,5_506_Stc2#98,novel_candidate,0.2976,0,0,0,0,dehydrogenase > dehydrogenase > other > [alpha]
NZ_MBSQ01000046.1:318-1551:1,WP_065775099.1,BC362_RS17515,,aromatic ring-hydroxylating dioxygenase subunit alpha,5_506_Stc2,5,301.5,0.966,5.8e-90,NZ_MBSQ01000046.1,318,1551,1,Ensifer sp. LC14,Bacteria; Pseudomonadati; Pseudomonadota; Alphaproteobacteria; Hyphomicrobiales; Rhizobiaceae; Sinorhizobium/Ensifer group; Ensifer,0,5_506_Stc2#6,core,0.8328,0,0,0,0,[alpha]
NZ_MBSQ01000060.1:86490-87735:1,WP_065775978.1,BC362_RS24600,,aromatic ring-hydroxylating dioxygenase subunit alpha,5_506_Stc2,5,628.6,0.9757,2.8e-189,NZ_MBSQ01000060.1,86490,87735,1,Ensifer sp. LC14,Bacteria; Pseudomonadati; Pseudomonadota; Alphaproteobacteria; Hyphomicrobiales; Rhizobiaceae; Sinorhizobium/Ensifer group; Ensifer,0,5_506_Stc2#8,core,0.8016,1,0,0,1,[alpha] > reductase
NZ_MBSR01000044.1:61616-62861:-1,WP_065782718.1,BC361_RS10420,,aromatic ring-hydroxylating dioxygenase subunit alpha,5_506_Stc2,5,633.0,0.9684,1.3e-190,NZ_MBSR01000044.1,61616,62861,-1,Ensifer sp. LC54,Bacteria; Pseudomonadati; Pseudomonadota; Alphaproteobacteria; Hyphomicrobiales; Rhizobiaceae; Sinorhizobium/Ensifer group; Ensifer,0,5_506_Stc2#2,core,0.7951,1,0,0,1,[alpha] > reductase
NZ_MCHX01000064.1:22126-23290:1,WP_070355273.1,BEL07_RS22430,,aromatic ring-hydroxylating dioxygenase subunit alpha,5_506_Stc2,5,207.7,0.8058,1.7e-61,NZ_MCHX01000064.1,22126,23290,1,Mycolicibacterium grossiae,Bacteria; Bacillati; Actinomycetota; Actinomycetes; Mycobacteriales; Mycobacteriaceae; Mycolicibacterium,0,5_506_Stc2#0,core,0.7262,0,0,0,0,reductase > other > [alpha] > regulator > transporter > hypothetical > hypothetical
NZ_MBSR01000099.1:287645-288932:1,WP_065786615.1,BC361_RS28880,,aromatic ring-hydroxylating dioxygenase subunit alpha,5_506_Stc2,5,293.9,0.9709,1.2e-87,NZ_MBSR01000099.1,287645,288932,1,Ensifer sp. LC54,Bacteria; Pseudomonadati; Pseudomonadota; Alphaproteobacteria; Hyphomicrobiales; Rhizobiaceae; Sinorhizobium/Ensifer group; Ensifer,0,5_506_Stc2#6,core,0.8735,0,0,0,0,[alpha]
NZ_MCRJ01000092.1:5957-7217:-1,WP_069307669.1,A6302_RS14665,,SRPBCC family protein,5_506_Stc2,5,470.2,0.9709,3.4e-141,NZ_MCRJ01000092.1,5957,7217,-1,Methylobrevis pamukkalensis,Bacteria; Pseudomonadati; Pseudomonadota; Alphaproteobacteria; Hyphomicrobiales; Pleomorphomonadaceae; Methylobrevis,0,5_506_Stc2#16,core,0.648,1,0,0,1,regulator > [alpha] > reductase
NZ_MDEI01000026.1:20858-22004:1,WP_046964194.1,XpiCFBP4643_RS20605,,aromatic ring-hydroxylating dioxygenase subunit alpha,5_506_Stc2,5,99.6,0.4951,1.1e-28,NZ_MDEI01000026.1,20858,22004,1,Xanthomonas pisi,Bacteria; Pseudomonadati; Pseudomonadota; Gammaproteobacteria; Lysobacterales; Lysobacteraceae; Xanthomonas,0,5_506_Stc2#21,novel_candidate,0.2713,0,0,0,0,other > other > regulator > other > other > other > reductase > reductase > other > [alpha] > other > hypothetical > other > other
NZ_MDDV01000002.1:202187-203432:1,WP_071014532.1,LCM4579_RS01905,,aromatic ring-hydroxylating dioxygenase subunit alpha,5_506_Stc2,5,621.6,0.9733,3.8e-187,NZ_MDDV01000002.1,202187,203432,1,Ensifer sp. LCM 4579,Bacteria; Pseudomonadati; Pseudomonadota; Alphaproteobacteria; Hyphomicrobiales; Rhizobiaceae; Sinorhizobium/Ensifer group; Ensifer,0,5_506_Stc2#2,core,0.8324,1,0,0,1,[alpha] > reductase
NZ_MDDW01000029.1:179764-181006:1,WP_071009577.1,LCM4573_RS25375,,aromatic ring-hydroxylating dioxygenase subunit alpha,5_506_Stc2,5,641.8,0.9806,2.7e-193,NZ_MDDW01000029.1,179764,181006,1,Rhizobium sp. LCM 4573,Bacteria; Pseudomonadati; Pseudomonadota; Alphaproteobacteria; Hyphomicrobiales; Rhizobiaceae; Rhizobium/Agrobacterium group; Rhizobium,0,5_506_Stc2#2,core,0.8374,1,0,0,1,[alpha] > reductase > other
NZ_MDEK01000015.1:101221-102373:1,WP_010341189.1,XsacCFBP4641_RS16145,,aromatic ring-hydroxylating dioxygenase subunit alpha,5_506_Stc2,5,72.7,0.7257,1.7e-20,NZ_MDEK01000015.1,101221,102373,1,Xanthomonas sacchari,Bacteria; Pseudomonadati; Pseudomonadota; Gammaproteobacteria; Lysobacterales; Lysobacteraceae; Xanthomonas,0,5_506_Stc2#49,novel_candidate,0.2277,0,0,0,0,[alpha] > other
NZ_MDFL01000186.1:7035-8256:-1,WP_071102019.1,ORS3428_RS30695,,aromatic ring-hydroxylating dioxygenase subunit alpha,5_506_Stc2,5,432.0,0.9684,1.4e-129,NZ_MDFL01000186.1,7035,8256,-1,Mesorhizobium sp. ORS 3428,Bacteria; Pseudomonadati; Pseudomonadota; Alphaproteobacteria; Hyphomicrobiales; Phyllobacteriaceae; Mesorhizobium,0,5_506_Stc2#97,divergent,0.4598,1,0,1,0,ferredoxin > [alpha]
NZ_MDHA01000032.1:273427-274663:1,WP_066010725.1,BFP70_RS07465,,aromatic ring-hydroxylating dioxygenase subunit alpha,5_506_Stc2,5,777.9,0.9927,1.3e-234,NZ_MDHA01000032.1,273427,274663,1,Thioclava sp. SK-1,Bacteria; Pseudomonadati; Pseudomonadota; Alphaproteobacteria; Rhodobacterales; Paracoccaceae; Thioclava,0,5_506_Stc2#65,core,0.7011,1,0,0,1,[alpha] > reductase
NZ_MDFJ01000026.1:201711-202965:1,WP_057008278.1,BFN06_RS12230,,SRPBCC family protein,5_506_Stc2,5,402.2,0.966,1.5e-120,NZ_MDFJ01000026.1,201711,202965,1,Pseudomonas trivialis,Bacteria; Pseudomonadati; Pseudomonadota; Gammaproteobacteria; Pseudomonadales; Pseudomonadaceae; Pseudomonas,0,5_506_Stc2#14,core,0.7484,1,0,0,1,[alpha] > reductase > other > transporter
NZ_MDSS02000008.1:64939-66139:-1,WP_085437199.1,BCY76_RS04075,,SRPBCC family protein,5_506_Stc2,5,216.6,0.801,3.5e-64,NZ_MDSS02000008.1,64939,66139,-1,Nesterenkonia sp. PF2B19,Bacteria; Bacillati; Actinomycetota; Actinomycetes; Micrococcales; Micrococcaceae; Nesterenkonia,0,5_506_Stc2#0,core,0.5871,1,0,0,1,reductase > [alpha] > other
NZ_MDKE01000022.1:176088-177315:-1,WP_217645510.1,BFR47_RS09540,,aromatic ring-hydroxylating dioxygenase subunit alpha,5_506_Stc2,5,594.6,0.983,6e-179,NZ_MDKE01000022.1,176088,177315,-1,Oceanisphaera psychrotolerans,Bacteria; Pseudomonadati; Pseudomonadota; Gammaproteobacteria; Aeromonadales; Aeromonadaceae; Oceanisphaera,0,5_506_Stc2#4,core,0.7295,0,0,0,0,[alpha]
NZ_MEAY01000001.1:192302-193544:1,WP_042588476.1,BGV70_RS00920,,aromatic ring-hydroxylating dioxygenase subunit alpha,5_506_Stc2,5,468.2,0.9684,1.4e-140,NZ_MEAY01000001.1,192302,193544,1,Burkholderia ubonensis,Bacteria; Pseudomonadati; Pseudomonadota; Betaproteobacteria; Burkholderiales; Burkholderiaceae; Burkholderia; Burkholderia cepacia complex,0,5_506_Stc2#1,core,0.9656,1,0,0,1,hypothetical > reductase > other > reductase > other > [alpha] > reductase > transporter
NZ_MIGZ01000039.1:27609-28965:-1,WP_069404880.1,BHQ17_RS09080,,SRPBCC family protein,5_506_Stc2,5,112.2,0.4684,1.7e-32,NZ_MIGZ01000039.1,27609,28965,-1,Mycolicibacterium holsaticum,Bacteria; Bacillati; Actinomycetota; Actinomycetes; Mycobacteriales; Mycobacteriaceae; Mycolicibacterium,0,5_506_Stc2#7,core,0.7299,0,0,0,0,[alpha] > regulator > reductase
NZ_MIEU01000016.1:559794-560943:-1,WP_076696817.1,BGP79_RS15000,,aromatic ring-hydroxylating dioxygenase subunit alpha,5_506_Stc2,5,208.0,0.7961,1.4e-61,NZ_MIEU01000016.1,559794,560943,-1,Tersicoccus sp. Bi-70,Bacteria; Bacillati; Actinomycetota; Actinomycetes; Micrococcales; Micrococcaceae; Tersicoccus,0,5_506_Stc2#0,core,0.7394,1,0,0,1,reductase > [alpha] > reductase
NZ_MIEQ01000035.1:57426-58647:-1,WP_076718159.1,BGP75_RS09620,,aromatic ring-hydroxylating dioxygenase subunit alpha,5_506_Stc2,5,580.2,0.9709,1.4e-174,NZ_MIEQ01000035.1,57426,58647,-1,Motiliproteus sp. MSK22-1,Bacteria; Pseudomonadati; Pseudomonadota; Gammaproteobacteria; Oceanospirillales; Oceanospirillaceae; Motiliproteus,0,5_506_Stc2#4,core,0.6906,0,0,0,0,[alpha]
NZ_MEBK01000001.1:397326-398568:-1,WP_059479963.1,BGV57_RS01865,,aromatic ring-hydroxylating dioxygenase subunit alpha,5_506_Stc2,5,468.2,0.9684,1.4e-140,NZ_MEBK01000001.1,397326,398568,-1,Burkholderia ubonensis,Bacteria; Pseudomonadati; Pseudomonadota; Betaproteobacteria; Burkholderiales; Burkholderiaceae; Burkholderia; Burkholderia cepacia complex,0,5_506_Stc2#1,core,0.9656,1,0,0,1,hypothetical > reductase > other > reductase > other > [alpha] > reductase > transporter
NZ_MIHA01000006.1:28190-29339:1,WP_069413385.1,BHQ18_RS09660,,aromatic ring-hydroxylating dioxygenase subunit alpha,5_506_Stc2,5,207.0,0.8519,2.8e-61,NZ_MIHA01000006.1,28190,29339,1,Mycolicibacterium flavescens,Bacteria; Bacillati; Actinomycetota; Actinomycetes; Mycobacteriales; Mycobacteriaceae; Mycolicibacterium,0,5_506_Stc2#0,core,0.7118,0,0,0,0,reductase > other > [alpha] > dehydrogenase > transporter > reductase > other > regulator
NZ_MJLT01000034.1:34897-36202:-1,WP_070349702.1,BIU82_RS12020,,SRPBCC family protein,5_506_Stc2,5,394.1,0.9684,4.4e-118,NZ_MJLT01000034.1,34897,36202,-1,Arthrobacter sp. SW1,Bacteria; Bacillati; Actinomycetota; Actinomycetes; Micrococcales; Micrococcaceae; Arthrobacter,0,5_506_Stc2#12,core,0.9157,1,0,0,1,[alpha] > reductase
NZ_MKGR01000017.1:64765-65983:1,WP_074020480.1,Xentx_RS12060,,aromatic ring-hydroxylating dioxygenase subunit alpha,5_506_Stc2,5,81.8,0.4587,2.8e-23,NZ_MKGR01000017.1,64765,65983,1,Xenorhabdus thuongxuanensis,Bacteria; Pseudomonadati; Pseudomonadota; Gammaproteobacteria; Enterobacterales; Morganellaceae; Xenorhabdus,0,5_506_Stc2#50,novel_candidate,0.236,0,0,0,0,other > other > transporter > reductase > [alpha] > other > hydrolase
NZ_MKIM01000024.1:234320-235565:-1,WP_075638903.1,BJF95_RS06715,,aromatic ring-hydroxylating dioxygenase subunit alpha,5_506_Stc2,5,639.2,0.9733,1.7e-192,NZ_MKIM01000024.1,234320,235565,-1,Rhizobium oryziradicis,Bacteria; Pseudomonadati; Pseudomonadota; Alphaproteobacteria; Hyphomicrobiales; Rhizobiaceae; Rhizobium/Agrobacterium group; Rhizobium,0,5_506_Stc2#3,core,0.8202,1,0,0,1,[alpha] > reductase
NZ_MKJZ01000033.1:363798-365085:1,WP_075813496.1,BJF80_RS10765,,SRPBCC family protein,5_506_Stc2,5,411.5,0.9709,2.3e-123,NZ_MKJZ01000033.1,363798,365085,1,Serinicoccus sp. CUA-874,Bacteria; Bacillati; Actinomycetota; Actinomycetes; Micrococcales; Ornithinimicrobiaceae; Serinicoccus,0,5_506_Stc2#57,core,0.5501,1,0,0,1,reductase > [alpha] > reductase
NZ_MKKF01000044.1:168106-169390:-1,WP_075819207.1,BJF86_RS11955,,SRPBCC family protein,5_506_Stc2,5,414.0,0.9709,3.9e-124,NZ_MKKF01000044.1,168106,169390,-1,Serinicoccus sp. CNJ-927,Bacteria; Bacillati; Actinomycetota; Actinomycetes; Micrococcales; Ornithinimicrobiaceae; Serinicoccus,0,5_506_Stc2#57,divergent,0.5473,2,0,1,1,reductase > [alpha] > reductase > hypothetical > ferredoxin
NZ_MKIN01000018.1:83341-84586:1,WP_075612940.1,BJF91_RS02680,,aromatic ring-hydroxylating dioxygenase subunit alpha,5_506_Stc2,5,644.7,0.9757,3.7e-194,NZ_MKIN01000018.1,83341,84586,1,Allorhizobium taibaishanense,Bacteria; Pseudomonadati; Pseudomonadota; Alphaproteobacteria; Hyphomicrobiales; Rhizobiaceae; Rhizobium/Agrobacterium group; Allorhizobium,0,5_506_Stc2#2,core,0.8125,1,0,0,1,[alpha] > reductase
NZ_MKIO01000033.1:95671-96916:-1,WP_075635680.1,BJF92_RS15600,,aromatic ring-hydroxylating dioxygenase subunit alpha,5_506_Stc2,5,636.9,0.9684,8.3e-192,NZ_MKIO01000033.1,95671,96916,-1,Xaviernesmea rhizosphaerae,Bacteria; Pseudomonadati; Pseudomonadota; Alphaproteobacteria; Hyphomicrobiales; Rhizobiaceae; Rhizobium/Agrobacterium group; Xaviernesmea,0,5_506_Stc2#8,core,0.8142,1,0,0,1,[alpha] > reductase
NZ_MKIP01000057.1:405997-407242:-1,WP_075629125.1,BJF93_RS20290,,aromatic ring-hydroxylating dioxygenase subunit alpha,5_506_Stc2,5,640.5,0.9684,6.9e-193,NZ_MKIP01000057.1,405997,407242,-1,Xaviernesmea oryzae,Bacteria; Pseudomonadati; Pseudomonadota; Alphaproteobacteria; Hyphomicrobiales; Rhizobiaceae; Rhizobium/Agrobacterium group; Xaviernesmea,0,5_506_Stc2#2,core,0.8232,1,0,0,1,[alpha] > reductase
NZ_MKWB01000057.1:1725-2979:1,WP_047636984.1,BGP09_RS37390,,SRPBCC family protein,5_506_Stc2,5,414.3,0.966,3.3e-124,NZ_MKWB01000057.1,1725,2979,1,Rhizobium sp. 60-20,Bacteria; Pseudomonadati; Pseudomonadota; Alphaproteobacteria; Hyphomicrobiales; Rhizobiaceae; Rhizobium/Agrobacterium group; Rhizobium,0,5_506_Stc2#5,core,0.8966,1,0,0,1,[alpha] > reductase
NZ_MLCF01000022.1:74810-76070:-1,WP_071655629.1,BIV57_RS06155,,aromatic ring-hydroxylating dioxygenase subunit alpha,5_506_Stc2,5,391.8,0.9757,2.1e-117,NZ_MLCF01000022.1,74810,76070,-1,Mangrovactinospora gilvigrisea,Bacteria; Bacillati; Actinomycetota; Actinomycetes; Kitasatosporales; Streptomycetaceae; Mangrovactinospora,0,5_506_Stc2#134,divergent,0.5275,1,0,0,1,reductase > [alpha] > reductase > regulator
NZ_MKWB01000004.1:310289-311510:1,WP_047631341.1,BGP09_RS02530,,aromatic ring-hydroxylating dioxygenase subunit alpha,5_506_Stc2,5,636.0,0.966,1.6e-191,NZ_MKWB01000004.1,310289,311510,1,Rhizobium sp. 60-20,Bacteria; Pseudomonadati; Pseudomonadota; Alphaproteobacteria; Hyphomicrobiales; Rhizobiaceae; Rhizobium/Agrobacterium group; Rhizobium,0,5_506_Stc2#8,core,0.8137,0,0,0,0,[alpha]
NZ_MKWB01000034.1:202117-203362:1,WP_047627775.1,BGP09_RS22310,,SRPBCC family protein,5_506_Stc2,5,651.0,0.9733,4.5e-196,NZ_MKWB01000034.1,202117,203362,1,Rhizobium sp. 60-20,Bacteria; Pseudomonadati; Pseudomonadota; Alphaproteobacteria; Hyphomicrobiales; Rhizobiaceae; Rhizobium/Agrobacterium group; Rhizobium,0,5_506_Stc2#2,core,0.8501,1,0,0,1,[alpha] > reductase
NZ_MLHV01000006.1:104275-105619:1,WP_070944435.1,BKG61_RS08625,,aromatic ring-hydroxylating dioxygenase subunit alpha,5_506_Stc2,5,117.2,0.4684,5e-34,NZ_MLHV01000006.1,104275,105619,1,Mycobacterium syngnathidarum,Bacteria; Bacillati; Actinomycetota; Actinomycetes; Mycobacteriales; Mycobacteriaceae; Mycobacterium,0,5_506_Stc2#7,core,0.8796,0,0,0,0,[alpha] > regulator
NZ_MLYP01000006.1:27513-28710:1,WP_071364366.1,BIV24_RS02030,,aromatic ring-hydroxylating dioxygenase subunit alpha,5_506_Stc2,5,201.5,0.7184,1.3e-59,NZ_MLYP01000006.1,27513,28710,1,Streptomyces colonosanans,Bacteria; Bacillati; Actinomycetota; Actinomycetes; Kitasatosporales; Streptomycetaceae; Streptomyces,0,5_506_Stc2#0,core,0.8352,0,0,0,0,dehydrogenase > reductase > other > [alpha]
NZ_MOEC01000001.1:13100-14348:-1,WP_071630008.1,BLA27_RS00090,,SRPBCC family protein,5_506_Stc2,5,640.8,0.9733,5.5e-193,NZ_MOEC01000001.1,13100,14348,-1,Brucella cytisi,Bacteria; Pseudomonadati; Pseudomonadota; Alphaproteobacteria; Hyphomicrobiales; Brucellaceae; Brucella/Ochrobactrum group; Brucella,0,5_506_Stc2#15,core,0.9479,1,0,0,1,[alpha] > reductase
NZ_MOME01000008.1:294092-295247:-1,WP_047221901.1,BL254_RS04820,,aromatic ring-hydroxylating dioxygenase subunit alpha,5_506_Stc2,5,103.2,0.466,9.2e-30,NZ_MOME01000008.1,294092,295247,-1,Protofrankia sp. BMG5.30,Bacteria; Bacillati; Actinomycetota; Actinomycetes; Frankiales; Frankiaceae; Protofrankia,0,5_506_Stc2#76,novel_candidate,0.25,0,0,0,0,[alpha] > ferredoxin
NZ_MOEC01000020.1:77872-79108:-1,WP_071632982.1,BLA27_RS18740,,aromatic ring-hydroxylating dioxygenase subunit alpha,5_506_Stc2,5,808.4,0.9903,7.1e-244,NZ_MOEC01000020.1,77872,79108,-1,Brucella cytisi,Bacteria; Pseudomonadati; Pseudomonadota; Alphaproteobacteria; Hyphomicrobiales; Brucellaceae; Brucella/Ochrobactrum group; Brucella,0,5_506_Stc2#11,core,0.8689,1,0,0,1,[alpha] > reductase > regulator
NZ_MQUS01000019.1:29460-30591:1,WP_076092198.1,AV521_RS28710,,aromatic ring-hydroxylating dioxygenase subunit alpha,5_506_Stc2,5,212.4,0.7961,6.6e-63,NZ_MQUS01000019.1,29460,30591,1,Streptomyces sp. IMTB 2501,Bacteria; Bacillati; Actinomycetota; Actinomycetes; Kitasatosporales; Streptomycetaceae; Streptomyces,0,5_506_Stc2#0,core,0.8988,1,0,0,1,dehydrogenase > hydrolase > reductase > [alpha] > dehydrogenase > transporter > reductase
NZ_MQUQ01000005.1:680930-682043:-1,WP_076159736.1,BS329_RS12785,,aromatic ring-hydroxylating dioxygenase subunit alpha,5_506_Stc2,5,220.8,0.8034,1.8e-65,NZ_MQUQ01000005.1,680930,682043,-1,Amycolatopsis coloradensis,Bacteria; Bacillati; Actinomycetota; Actinomycetes; Pseudonocardiales; Pseudonocardiaceae; Amycolatopsis,0,5_506_Stc2#0,core,0.7393,0,0,0,0,reductase > other > [alpha]
NZ_MRDE01000080.1:16863-18000:1,WP_076705593.1,BKD30_RS14075,,aromatic ring-hydroxylating dioxygenase subunit alpha,5_506_Stc2,5,207.8,0.7913,1.6e-61,NZ_MRDE01000080.1,16863,18000,1,Tersicoccus phoenicis,Bacteria; Bacillati; Actinomycetota; Actinomycetes; Micrococcales; Micrococcaceae; Tersicoccus,0,5_506_Stc2#0,core,0.7557,1,0,0,1,reductase > [alpha] > reductase
NZ_MSDV01000026.1:273531-274788:-1,WP_075300148.1,BTH42_RS13840,,SRPBCC family protein,5_506_Stc2,5,389.2,0.9563,1.3e-116,NZ_MSDV01000026.1,273531,274788,-1,Burkholderia sp. SRS-W-2-2016,Bacteria; Pseudomonadati; Pseudomonadota; Betaproteobacteria; Burkholderiales; Burkholderiaceae; Burkholderia,0,5_506_Stc2#18,divergent,0.5373,0,0,0,0,[alpha]
NZ_MTJO01000003.1:96636-97785:1,WP_010988346.1,SM007_RS18155,,aromatic ring-hydroxylating dioxygenase subunit alpha,5_506_Stc2,5,206.6,0.801,3.7e-61,NZ_MTJO01000003.1,96636,97785,1,Streptomyces avermitilis,Bacteria; Bacillati; Actinomycetota; Actinomycetes; Kitasatosporales; Streptomycetaceae; Streptomyces,0,5_506_Stc2#0,core,0.8787,0,0,0,0,dehydrogenase > hydrolase > reductase > other > other > [alpha] > dehydrogenase > transporter > reductase
NZ_MTJZ01000065.1:260360-261602:1,WP_076482327.1,BW685_RS31810,,SRPBCC family protein,5_506_Stc2,5,466.5,0.9684,4.7e-140,NZ_MTJZ01000065.1,260360,261602,1,Burkholderia ubonensis,Bacteria; Pseudomonadati; Pseudomonadota; Betaproteobacteria; Burkholderiales; Burkholderiaceae; Burkholderia; Burkholderia cepacia complex,0,5_506_Stc2#1,core,0.9656,1,0,0,1,other > other > hypothetical > reductase > other > reductase > other > [alpha] > reductase > transporter
NZ_MUXN01000004.1:19817-20945:-1,WP_005150777.1,B0293_RS06530,,aromatic ring-hydroxylating dioxygenase subunit alpha,5_506_Stc2,5,224.6,0.8083,1.3e-66,NZ_MUXN01000004.1,19817,20945,-1,Amycolatopsis azurea DSM 43854,Bacteria; Bacillati; Actinomycetota; Actinomycetes; Pseudonocardiales; Pseudonocardiaceae; Amycolatopsis,0,5_506_Stc2#0,core,0.745,0,0,0,0,reductase > other > [alpha]
NZ_MVHT01000003.1:107932-109132:-1,WP_197518067.1,BST27_RS01885,,SRPBCC family protein,5_506_Stc2,5,94.6,0.6675,3.7e-27,NZ_MVHT01000003.1,107932,109132,-1,Mycobacterium intermedium,Bacteria; Bacillati; Actinomycetota; Actinomycetes; Mycobacteriales; Mycobacteriaceae; Mycobacterium; Mycobacterium simiae complex,0,5_506_Stc2#33,novel_candidate,0.25,0,0,0,0,[alpha] > regulator
NZ_MXPU01000021.1:101218-102463:1,WP_064805926.1,B5E41_RS25840,,aromatic ring-hydroxylating dioxygenase subunit alpha,5_506_Stc2,5,638.0,0.9782,4e-192,NZ_MXPU01000021.1,101218,102463,1,Rhizobium esperanzae,Bacteria; Pseudomonadati; Pseudomonadota; Alphaproteobacteria; Hyphomicrobiales; Rhizobiaceae; Rhizobium/Agrobacterium group; Rhizobium,0,5_506_Stc2#2,core,0.8568,0,0,0,0,[alpha] > other
NZ_MZXX01000010.1:381874-383122:-1,WP_032932648.1,B5V01_RS07620,,aromatic ring-hydroxylating dioxygenase subunit alpha,5_506_Stc2,5,639.4,0.9636,1.5e-192,NZ_MZXX01000010.1,381874,383122,-1,Mesorhizobium erdmanii,Bacteria; Pseudomonadati; Pseudomonadota; Alphaproteobacteria; Hyphomicrobiales; Phyllobacteriaceae; Mesorhizobium,0,5_506_Stc2#3,core,0.9169,1,0,0,1,[alpha] > reductase
NZ_NBTY01000018.1:9419-10721:-1,WP_062003579.1,PAMC26510_RS04630,,SRPBCC family protein,5_506_Stc2,5,453.4,0.9709,4.4e-136,NZ_NBTY01000018.1,9419,10721,-1,Caballeronia sordidicola,Bacteria; Pseudomonadati; Pseudomonadota; Betaproteobacteria; Burkholderiales; Burkholderiaceae; Caballeronia,0,5_506_Stc2#1,core,0.7948,1,0,0,1,other > other > hypothetical > reductase > other > reductase > other > [alpha] > reductase > transporter
NZ_NBTZ01000030.1:9425-10727:-1,WP_062171990.1,PAMC26577_RS07280,,SRPBCC family protein,5_506_Stc2,5,455.8,0.9709,8.3e-137,NZ_NBTZ01000030.1,9425,10727,-1,Caballeronia sordidicola,Bacteria; Pseudomonadati; Pseudomonadota; Betaproteobacteria; Burkholderiales; Burkholderiaceae; Caballeronia,0,5_506_Stc2#1,core,0.7948,1,0,0,1,other > other > hypothetical > reductase > other > reductase > other > [alpha] > reductase > transporter
NZ_NFSB01000091.1:7416-8673:-1,WP_086979185.1,B8W72_RS29420,,SRPBCC family protein,5_506_Stc2,5,375.7,0.9539,1.7e-112,NZ_NFSB01000091.1,7416,8673,-1,Pseudomonas putida,Bacteria; Pseudomonadati; Pseudomonadota; Gammaproteobacteria; Pseudomonadales; Pseudomonadaceae; Pseudomonas,0,5_506_Stc2#81,core,0.5873,1,0,0,1,regulator > [alpha] > reductase > transporter
NZ_NFVE01000736.1:1250-2531:-1,WP_007744900.1,CA601_RS47750,,SRPBCC family protein,5_506_Stc2,5,467.3,0.9733,2.6e-140,NZ_NFVE01000736.1,1250,2531,-1,Paraburkholderia hospita,Bacteria; Pseudomonadati; Pseudomonadota; Betaproteobacteria; Burkholderiales; Burkholderiaceae; Paraburkholderia,0,5_506_Stc2#1,core,0.9074,1,0,0,1,other > other > hypothetical > reductase > other > reductase > other > [alpha] > reductase
NZ_NIPX01000025.1:117842-119090:1,WP_035743321.1,CDV52_RS14410,,aromatic ring-hydroxylating dioxygenase subunit alpha,5_506_Stc2,5,623.5,0.9806,1e-187,NZ_NIPX01000025.1,117842,119090,1,Haematobacter missouriensis,Bacteria; Pseudomonadati; Pseudomonadota; Alphaproteobacteria; Rhodobacterales; Paracoccaceae; Haematobacter,0,5_506_Stc2#86,core,0.6612,1,0,0,1,[alpha] > reductase
NZ_NHOO01000023.1:61838-62948:1,WP_045050684.1,CBW21_RS20425,,aromatic ring-hydroxylating dioxygenase subunit alpha,5_506_Stc2,5,72.5,0.7524,1.9e-20,NZ_NHOO01000023.1,61838,62948,1,Chromobacterium violaceum,Bacteria; Pseudomonadati; Pseudomonadota; Betaproteobacteria; Neisseriales; Chromobacteriaceae; Chromobacterium,0,5_506_Stc2#19,divergent,0.4375,0,0,0,0,[alpha] > hypothetical > transporter > transporter > other > other
NZ_NIPY01000049.1:17153-18401:-1,WP_035712690.1,CDV51_RS16120,,aromatic ring-hydroxylating dioxygenase subunit alpha,5_506_Stc2,5,624.5,0.9806,4.8e-188,NZ_NIPY01000049.1,17153,18401,-1,Haematobacter massiliensis,Bacteria; Pseudomonadati; Pseudomonadota; Alphaproteobacteria; Rhodobacterales; Paracoccaceae; Haematobacter,0,5_506_Stc2#86,core,0.6514,1,0,0,1,[alpha] > reductase
NZ_NIPZ01000016.1:72681-73920:1,WP_028719080.1,CDV54_RS05000,,aromatic ring-hydroxylating dioxygenase subunit alpha,5_506_Stc2,5,814.9,1.0,7.7e-246,NZ_NIPZ01000016.1,72681,73920,1,Paracoccus yeei,Bacteria; Pseudomonadati; Pseudomonadota; Alphaproteobacteria; Rhodobacterales; Paracoccaceae; Paracoccus,0,5_506_Stc2#11,core,0.8614,1,0,0,1,[alpha] > reductase
NZ_NIPZ01000044.1:18429-19668:1,WP_028719606.1,CDV54_RS11970,,aromatic ring-hydroxylating dioxygenase subunit alpha,5_506_Stc2,5,671.5,0.983,2.6e-202,NZ_NIPZ01000044.1,18429,19668,1,Paracoccus yeei,Bacteria; Pseudomonadati; Pseudomonadota; Alphaproteobacteria; Rhodobacterales; Paracoccaceae; Paracoccus,0,5_506_Stc2#25,core,0.5845,1,0,0,1,[alpha] > reductase > dehydrogenase > dehydrogenase > dehydrogenase > dehydrogenase > other > other
NZ_NJAI01000005.1:32910-34119:-1,WP_069318196.1,Xhom_RS15115,,aromatic ring-hydroxylating dioxygenase subunit alpha,5_506_Stc2,5,82.7,0.4587,1.6e-23,NZ_NJAI01000005.1,32910,34119,-1,Xenorhabdus hominickii,Bacteria; Pseudomonadati; Pseudomonadota; Gammaproteobacteria; Enterobacterales; Morganellaceae; Xenorhabdus,0,5_506_Stc2#50,novel_candidate,0.2484,0,0,0,0,other > other > transporter > reductase > [alpha] > other > hydrolase > hypothetical
NZ_NMQU01000029.1:62580-63687:1,WP_020631362.1,CFP75_RS11295,,aromatic ring-hydroxylating dioxygenase subunit alpha,5_506_Stc2,5,215.0,0.7961,1.1e-63,NZ_NMQU01000029.1,62580,63687,1,Amycolatopsis alba DSM 44262,Bacteria; Bacillati; Actinomycetota; Actinomycetes; Pseudonocardiales; Pseudonocardiaceae; Amycolatopsis,0,5_506_Stc2#0,core,0.7601,0,0,0,0,reductase > other > [alpha]
NZ_NKFM01000037.1:175233-176475:1,WP_069252361.1,CFB82_RS21285,,SRPBCC family protein,5_506_Stc2,5,461.5,0.9684,1.5e-138,NZ_NKFM01000037.1,175233,176475,1,Burkholderia sp. HI2714,Bacteria; Pseudomonadati; Pseudomonadota; Betaproteobacteria; Burkholderiales; Burkholderiaceae; Burkholderia,0,5_506_Stc2#1,core,0.9827,1,0,0,1,other > other > hypothetical > reductase > other > reductase > reductase > [alpha] > reductase > transporter
NZ_NKFA01000008.1:283240-284482:1,WP_089452010.1,CFB84_RS21975,,aromatic ring-hydroxylating dioxygenase subunit alpha,5_506_Stc2,5,458.5,0.9684,1.2e-137,NZ_NKFA01000008.1,283240,284482,1,Burkholderia aenigmatica,Bacteria; Pseudomonadati; Pseudomonadota; Betaproteobacteria; Burkholderiales; Burkholderiaceae; Burkholderia; Burkholderia cepacia complex,0,5_506_Stc2#1,core,0.974,1,0,0,1,other > other > hypothetical > reductase > other > reductase > reductase > [alpha] > reductase > transporter
NZ_NSDX01000006.1:158992-160195:-1,WP_061701457.1,CJ177_RS30145,,aromatic ring-hydroxylating dioxygenase subunit alpha,5_506_Stc2,5,187.5,0.8325,2.3e-55,NZ_NSDX01000006.1,158992,160195,-1,Rhodococcus sp. ACPA1,Bacteria; Bacillati; Actinomycetota; Actinomycetes; Mycobacteriales; Nocardiaceae; Rhodococcus,0,5_506_Stc2#44,novel_candidate,0.3709,1,0,0,1,regulator > other > [alpha] > reductase
NZ_NSDX01000012.1:383834-385007:-1,WP_005252400.1,CJ177_RS40840,,aromatic ring-hydroxylating dioxygenase subunit alpha,5_506_Stc2,5,212.1,0.7985,8.1e-63,NZ_NSDX01000012.1,383834,385007,-1,Rhodococcus sp. ACPA1,Bacteria; Bacillati; Actinomycetota; Actinomycetes; Mycobacteriales; Nocardiaceae; Rhodococcus,0,5_506_Stc2#0,core,0.9944,0,0,0,0,[alpha] > transporter > dehydrogenase > transporter > reductase
NZ_NSFS01000015.1:12861-14109:1,WP_032932648.1,CK225_RS26015,,aromatic ring-hydroxylating dioxygenase subunit alpha,5_506_Stc2,5,639.4,0.9636,1.5e-192,NZ_NSFS01000015.1,12861,14109,1,Mesorhizobium loti,Bacteria; Pseudomonadati; Pseudomonadota; Alphaproteobacteria; Hyphomicrobiales; Phyllobacteriaceae; Mesorhizobium,0,5_506_Stc2#3,core,0.9169,1,0,0,1,[alpha] > reductase
NZ_NWTC01000004.1:305146-306394:-1,WP_037429351.1,CO661_RS07710,,aromatic ring-hydroxylating dioxygenase subunit alpha,5_506_Stc2,5,633.8,0.9709,7.2e-191,NZ_NWTC01000004.1,305146,306394,-1,Sinorhizobium fredii,Bacteria; Pseudomonadati; Pseudomonadota; Alphaproteobacteria; Hyphomicrobiales; Rhizobiaceae; Sinorhizobium/Ensifer group; Sinorhizobium,0,5_506_Stc2#3,core,0.7124,1,0,0,1,[alpha] > reductase > hypothetical > dehydrogenase
NZ_NWTC01000014.1:124497-125742:1,WP_037432293.1,CO661_RS19040,,aromatic ring-hydroxylating dioxygenase subunit alpha,5_506_Stc2,5,627.7,0.9733,5.3e-189,NZ_NWTC01000014.1,124497,125742,1,Sinorhizobium fredii,Bacteria; Pseudomonadati; Pseudomonadota; Alphaproteobacteria; Hyphomicrobiales; Rhizobiaceae; Sinorhizobium/Ensifer group; Sinorhizobium,0,5_506_Stc2#2,core,0.8262,1,0,0,1,[alpha] > reductase
NZ_NWSI01000008.1:14755-16009:-1,WP_037145620.1,CO650_RS08725,,SRPBCC family protein,5_506_Stc2,5,410.4,0.966,4.8e-123,NZ_NWSI01000008.1,14755,16009,-1,Rhizobium phaseoli,Bacteria; Pseudomonadati; Pseudomonadota; Alphaproteobacteria; Hyphomicrobiales; Rhizobiaceae; Rhizobium/Agrobacterium group; Rhizobium,0,5_506_Stc2#5,core,0.9296,1,0,0,1,[alpha] > reductase > other
NZ_NWSP01000016.1:124847-126092:-1,WP_064825803.1,CO651_RS19960,,aromatic ring-hydroxylating dioxygenase subunit alpha,5_506_Stc2,5,639.4,0.9782,1.5e-192,NZ_NWSP01000016.1,124847,126092,-1,Rhizobium phaseoli,Bacteria; Pseudomonadati; Pseudomonadota; Alphaproteobacteria; Hyphomicrobiales; Rhizobiaceae; Rhizobium/Agrobacterium group; Rhizobium,0,5_506_Stc2#2,core,0.8378,0,0,0,0,[alpha] > other
NZ_NWSU01000025.1:61207-62452:1,WP_064805926.1,CO659_RS28200,,aromatic ring-hydroxylating dioxygenase subunit alpha,5_506_Stc2,5,638.0,0.9782,4e-192,NZ_NWSU01000025.1,61207,62452,1,Rhizobium sp. S9,Bacteria; Pseudomonadati; Pseudomonadota; Alphaproteobacteria; Hyphomicrobiales; Rhizobiaceae; Rhizobium/Agrobacterium group; Rhizobium,0,5_506_Stc2#2,core,0.8568,0,0,0,0,[alpha] > other
NZ_OBMN01000007.1:170686-171928:-1,WP_076366932.1,CRP16_RS13480,,SRPBCC family protein,5_506_Stc2,5,652.4,0.9757,1.7e-196,NZ_OBMN01000007.1,170686,171928,-1,Phaeovulum vinaykumarii,Bacteria; Pseudomonadati; Pseudomonadota; Alphaproteobacteria; Rhodobacterales; Paracoccaceae; Phaeovulum,0,5_506_Stc2#45,core,0.5918,1,0,0,1,[alpha] > reductase
NZ_PAMX01000001.1:31437-32712:-1,WP_062953496.1,CMO06_RS00100,,SRPBCC family protein,5_506_Stc2,5,448.2,0.9806,1.6e-134,NZ_PAMX01000001.1,31437,32712,-1,Thalassospira sp.,Bacteria; Pseudomonadati; Pseudomonadota; Alphaproteobacteria; Rhodospirillales; Thalassospiraceae; Thalassospira,0,5_506_Stc2#10,core,0.9066,1,0,0,1,[alpha] > reductase
NZ_OCMN01000004.1:254913-256107:1,WP_371097328.1,CRO55_RS10955,,SRPBCC family protein,5_506_Stc2,5,365.1,0.9199,2.7e-109,NZ_OCMN01000004.1,254913,256107,1,Pseudomonas sp. LAIL14HWK12:I8,Bacteria; Pseudomonadati; Pseudomonadota; Gammaproteobacteria; Pseudomonadales; Pseudomonadaceae; Pseudomonas,0,5_506_Stc2#18,core,0.5671,1,0,0,1,[alpha] > reductase > transporter
NZ_PCQM01000026.1:40324-41560:-1,WP_027620263.1,CQZ98_RS23460,,aromatic ring-hydroxylating dioxygenase subunit alpha,5_506_Stc2,5,604.9,0.9757,4.3e-182,NZ_PCQM01000026.1,40324,41560,-1,Pseudomonas sp. MYb115,Bacteria; Pseudomonadati; Pseudomonadota; Gammaproteobacteria; Pseudomonadales; Pseudomonadaceae; Pseudomonas,0,5_506_Stc2#4,core,0.837,0,0,0,0,[alpha]
NZ_PHIK01000012.1:14610-15759:-1,WP_049072435.1,CV044_RS16050,,aromatic ring-hydroxylating dioxygenase subunit alpha,5_506_Stc2,5,72.8,0.7549,1.5e-20,NZ_PHIK01000012.1,14610,15759,-1,Achromobacter ruhlandii,Bacteria; Pseudomonadati; Pseudomonadota; Betaproteobacteria; Burkholderiales; Alcaligenaceae; Achromobacter,0,5_506_Stc2#9,core,0.9828,0,0,0,0,[alpha]
NZ_PHIH01000001.1:872351-873500:-1,WP_049072435.1,CV751_RS04085,,aromatic ring-hydroxylating dioxygenase subunit alpha,5_506_Stc2,5,72.8,0.7549,1.5e-20,NZ_PHIH01000001.1,872351,873500,-1,Achromobacter ruhlandii,Bacteria; Pseudomonadati; Pseudomonadota; Betaproteobacteria; Burkholderiales; Alcaligenaceae; Achromobacter,0,5_506_Stc2#9,core,0.9828,0,0,0,0,[alpha]
NZ_PIQN01000003.1:809320-810574:-1,WP_100770548.1,CWR43_RS05275,,SRPBCC family protein,5_506_Stc2,5,416.6,0.966,6.3e-125,NZ_PIQN01000003.1,809320,810574,-1,Rhizobium sullae,Bacteria; Pseudomonadati; Pseudomonadota; Alphaproteobacteria; Hyphomicrobiales; Rhizobiaceae; Rhizobium/Agrobacterium group; Rhizobium,0,5_506_Stc2#5,core,0.795,1,0,0,1,[alpha] > reductase
NZ_PISI01000038.1:52957-54169:-1,WP_074984469.1,CW310_RS29225,,SRPBCC family protein,5_506_Stc2,5,591.4,0.9757,5.5e-178,NZ_PISI01000038.1,52957,54169,-1,Pseudomonas citronellolis,Bacteria; Pseudomonadati; Pseudomonadota; Gammaproteobacteria; Pseudomonadales; Pseudomonadaceae; Pseudomonas,0,5_506_Stc2#4,core,0.8229,0,0,0,0,[alpha] > transporter
NZ_PIQN01000022.1:20671-21916:1,WP_027507753.1,CWR43_RS26220,,SRPBCC family protein,5_506_Stc2,5,640.6,0.9782,6.4e-193,NZ_PIQN01000022.1,20671,21916,1,Rhizobium sullae,Bacteria; Pseudomonadati; Pseudomonadota; Alphaproteobacteria; Hyphomicrobiales; Rhizobiaceae; Rhizobium/Agrobacterium group; Rhizobium,0,5_506_Stc2#2,core,0.8189,0,0,0,0,[alpha]
NZ_PQSU01000032.1:76199-77345:-1,WP_103816528.1,C3492_RS34235,,aromatic ring-hydroxylating dioxygenase subunit alpha,5_506_Stc2,5,214.8,0.8034,1.2e-63,NZ_PQSU01000032.1,76199,77345,-1,Streptomyces sp. Ru62,Bacteria; Bacillati; Actinomycetota; Actinomycetes; Kitasatosporales; Streptomycetaceae; Streptomyces,0,5_506_Stc2#0,core,0.9,0,0,0,0,dehydrogenase > hydrolase > reductase > other > [alpha] > dehydrogenase > transporter > reductase
NZ_PQBO01000037.1:12538-13738:-1,WP_020731347.1,C4B28_RS09895,,SRPBCC family protein,5_506_Stc2,5,81.9,0.6845,2.6e-23,NZ_PQBO01000037.1,12538,13738,-1,Mycobacterium marinum,Bacteria; Bacillati; Actinomycetota; Actinomycetes; Mycobacteriales; Mycobacteriaceae; Mycobacterium; Mycobacterium ulcerans group,0,5_506_Stc2#33,novel_candidate,0.273,0,0,0,0,[alpha]
NZ_POTP01000004.1:318604-319825:-1,WP_036403490.1,C1S82_RS12445,,SRPBCC family protein,5_506_Stc2,5,116.8,0.6626,6.6e-34,NZ_POTP01000004.1,318604,319825,-1,Mycolicibacterium cosmeticum,Bacteria; Bacillati; Actinomycetota; Actinomycetes; Mycobacteriales; Mycobacteriaceae; Mycolicibacterium,0,5_506_Stc2#77,novel_candidate,0.2913,0,0,0,0,transporter > transporter > transporter > other > other > [alpha] > other
NZ_PREU01000003.1:484121-485267:-1,WP_046802791.1,C4E15_RS08825,,aromatic ring-hydroxylating dioxygenase subunit alpha,5_506_Stc2,5,64.6,0.75,4.8e-18,NZ_PREU01000003.1,484121,485267,-1,Achromobacter spanius,Bacteria; Pseudomonadati; Pseudomonadota; Betaproteobacteria; Burkholderiales; Alcaligenaceae; Achromobacter,0,5_506_Stc2#79,core,0.9246,0,0,0,0,[alpha]
NZ_PREU01000004.1:315476-316754:1,WP_104143567.1,C4E15_RS11140,,SRPBCC family protein,5_506_Stc2,5,460.4,0.9636,3.3e-138,NZ_PREU01000004.1,315476,316754,1,Achromobacter spanius,Bacteria; Pseudomonadati; Pseudomonadota; Betaproteobacteria; Burkholderiales; Alcaligenaceae; Achromobacter,0,5_506_Stc2#1,core,0.6412,1,0,0,1,other > other > reductase > reductase > other > reductase > other > [alpha] > reductase > regulator
NZ_PTIR01000011.1:197808-199068:1,WP_020566582.1,B0G57_RS17405,,SRPBCC family protein,5_506_Stc2,5,379.7,0.9563,1e-113,NZ_PTIR01000011.1,197808,199068,1,Trinickia symbiotica,Bacteria; Pseudomonadati; Pseudomonadota; Betaproteobacteria; Burkholderiales; Burkholderiaceae; Trinickia,0,5_506_Stc2#20,divergent,0.5259,0,0,0,0,[alpha]
NZ_PTXM01000014.1:266771-268013:-1,WP_046549603.1,C5O79_RS20635,,aromatic ring-hydroxylating dioxygenase subunit alpha,5_506_Stc2,5,465.2,0.9684,1.1e-139,NZ_PTXM01000014.1,266771,268013,-1,Burkholderia sp. SRS-25,Bacteria; Pseudomonadati; Pseudomonadota; Betaproteobacteria; Burkholderiales; Burkholderiaceae; Burkholderia,0,5_506_Stc2#1,core,0.9798,1,0,0,1,other > other > hypothetical > reductase > other > reductase > reductase > [alpha] > reductase > transporter
NZ_PUIQ01000024.1:67919-69161:-1,WP_034180743.1,C5615_RS19720,,SRPBCC family protein,5_506_Stc2,5,458.6,0.9684,1.1e-137,NZ_PUIQ01000024.1,67919,69161,-1,Burkholderia cepacia,Bacteria; Pseudomonadati; Pseudomonadota; Betaproteobacteria; Burkholderiales; Burkholderiaceae; Burkholderia; Burkholderia cepacia complex,0,5_506_Stc2#1,core,0.9628,1,0,0,1,other > other > hypothetical > reductase > other > reductase > reductase > [alpha] > reductase > transporter
NZ_QBUI01000001.1:8793-10059:-1,WP_107715206.1,C8K10_RS00035,,aromatic ring-hydroxylating dioxygenase subunit alpha,5_506_Stc2,5,443.8,0.9709,3.6e-133,NZ_QBUI01000001.1,8793,10059,-1,Novosphingobium sp. GV027,Bacteria; Pseudomonadati; Pseudomonadota; Alphaproteobacteria; Sphingomonadales; Sphingomonadaceae; Novosphingobium,0,5_506_Stc2#34,divergent,0.4711,1,0,0,1,[alpha] > other > reductase > reductase > hydrolase
NZ_QBUI01000001.1:47389-48583:1,WP_022677054.1,C8K10_RS00195,,aromatic ring-hydroxylating dioxygenase subunit alpha,5_506_Stc2,5,120.4,0.466,5.5e-35,NZ_QBUI01000001.1,47389,48583,1,Novosphingobium sp. GV027,Bacteria; Pseudomonadati; Pseudomonadota; Alphaproteobacteria; Sphingomonadales; Sphingomonadaceae; Novosphingobium,0,5_506_Stc2#13,core,0.8237,0,0,0,0,[alpha] > alpha_other > other
NZ_QAOY01000001.1:571892-573053:1,WP_043138730.1,LX94_RS02775,,aromatic ring-hydroxylating dioxygenase subunit alpha,5_506_Stc2,5,112.4,0.6311,1.5e-32,NZ_QAOY01000001.1,571892,573053,1,Mameliella alba,Bacteria; Pseudomonadati; Pseudomonadota; Alphaproteobacteria; Rhodobacterales; Roseobacteraceae; Mameliella,0,5_506_Stc2#26,novel_candidate,0.2832,0,0,0,0,regulator > [alpha] > hypothetical
NZ_QBKU01000003.1:302143-303304:-1,WP_025048226.1,C8N31_RS06720,,aromatic ring-hydroxylating dioxygenase subunit alpha,5_506_Stc2,5,124.7,0.7767,2.7e-36,NZ_QBKU01000003.1,302143,303304,-1,Sulfitobacter mediterraneus,Bacteria; Pseudomonadati; Pseudomonadota; Alphaproteobacteria; Rhodobacterales; Roseobacteraceae; Sulfitobacter,0,5_506_Stc2#26,novel_candidate,0.2674,0,0,0,0,regulator > [alpha] > hypothetical
NZ_QBKU01000004.1:60875-62102:1,WP_025048032.1,C8N31_RS07585,,aromatic ring-hydroxylating dioxygenase subunit alpha,5_506_Stc2,5,781.1,0.9879,1.4e-235,NZ_QBKU01000004.1,60875,62102,1,Sulfitobacter mediterraneus,Bacteria; Pseudomonadati; Pseudomonadota; Alphaproteobacteria; Rhodobacterales; Roseobacteraceae; Sulfitobacter,0,5_506_Stc2#41,core,0.7245,1,0,0,1,[alpha] > reductase
NZ_QERI01000002.1:26725-27970:-1,WP_015339010.1,C9417_RS03705,,SRPBCC family protein,5_506_Stc2,5,649.5,0.9733,1.3e-195,NZ_QERI01000002.1,26725,27970,-1,Rhizobium sp. SEMIA 4088,Bacteria; Pseudomonadati; Pseudomonadota; Alphaproteobacteria; Hyphomicrobiales; Rhizobiaceae; Rhizobium/Agrobacterium group; Rhizobium,0,5_506_Stc2#2,core,0.8665,1,0,0,1,[alpha] > reductase
NZ_QGGH01000005.1:10250-11498:1,WP_109666847.1,C8D77_RS19755,,aromatic ring-hydroxylating dioxygenase subunit alpha,5_506_Stc2,5,628.0,0.9612,4.2e-189,NZ_QGGH01000005.1,10250,11498,1,Mesorhizobium loti,Bacteria; Pseudomonadati; Pseudomonadota; Alphaproteobacteria; Hyphomicrobiales; Phyllobacteriaceae; Mesorhizobium,0,5_506_Stc2#3,core,0.8975,1,0,0,1,[alpha] > reductase > other > other > other > other > other > other
NZ_QHKK01000054.1:1476-2610:-1,WP_126899911.1,DMH25_RS18710,,aromatic ring-hydroxylating dioxygenase subunit alpha,5_506_Stc2,5,225.2,0.8083,8.2e-67,NZ_QHKK01000054.1,1476,2610,-1,Streptomyces sp. WAC 01325,Bacteria; Bacillati; Actinomycetota; Actinomycetes; Kitasatosporales; Streptomycetaceae; Streptomyces,0,5_506_Stc2#0,core,0.7746,1,0,0,1,other > [alpha] > reductase > other
NZ_QJKC01000007.1:4755-5865:-1,WP_059286787.1,DFR38_RS08685,,aromatic ring-hydroxylating dioxygenase subunit alpha,5_506_Stc2,5,77.8,0.7524,4.7e-22,NZ_QJKC01000007.1,4755,5865,-1,Aquitalea magnusonii,Bacteria; Pseudomonadati; Pseudomonadota; Betaproteobacteria; Neisseriales; Chromobacteriaceae; Aquitalea,0,5_506_Stc2#19,divergent,0.4585,0,0,0,0,[alpha] > hypothetical > transporter > other > other
NZ_QJJY01000014.1:122861-124103:-1,WP_034180743.1,NA66_RS23945,,SRPBCC family protein,5_506_Stc2,5,458.6,0.9684,1.1e-137,NZ_QJJY01000014.1,122861,124103,-1,Burkholderia pyrrocinia,Bacteria; Pseudomonadati; Pseudomonadota; Betaproteobacteria; Burkholderiales; Burkholderiaceae; Burkholderia; Burkholderia cepacia complex,0,5_506_Stc2#1,core,0.9628,1,0,0,1,other > other > hypothetical > reductase > other > reductase > reductase > [alpha] > reductase > transporter
NZ_QKZF01000014.1:76427-77669:-1,WP_006486272.1,DFS13_RS25705,,SRPBCC family protein,5_506_Stc2,5,461.5,0.9684,1.5e-138,NZ_QKZF01000014.1,76427,77669,-1,Burkholderia sp. 28_3,Bacteria; Pseudomonadati; Pseudomonadota; Betaproteobacteria; Burkholderiales; Burkholderiaceae; Burkholderia,0,5_506_Stc2#1,core,0.9771,1,0,0,1,other > other > hypothetical > reductase > other > reductase > reductase > [alpha] > reductase > transporter
NZ_QLJL01000044.1:6205-7453:1,WP_037568571.1,BRX36_RS19270,,aromatic ring-hydroxylating dioxygenase subunit alpha,5_506_Stc2,5,643.6,0.9709,7.7e-194,NZ_QLJL01000044.1,6205,7453,1,Sphingomonas sp. S-NIH.Pt1_0416,Bacteria; Pseudomonadati; Pseudomonadota; Alphaproteobacteria; Sphingomonadales; Sphingomonadaceae; Sphingomonas,0,5_506_Stc2#3,core,0.7189,1,0,0,1,[alpha] > reductase > reductase
NZ_QLTJ01000021.1:16415-17525:1,WP_028500135.1,DFO50_RS17180,,aromatic ring-hydroxylating dioxygenase subunit alpha,5_506_Stc2,5,65.5,0.7646,2.6e-18,NZ_QLTJ01000021.1,16415,17525,1,Microvirgula sp. AG722,Bacteria; Pseudomonadati; Pseudomonadota; Betaproteobacteria; Neisseriales; Aquaspirillaceae; Microvirgula,0,5_506_Stc2#19,divergent,0.4898,0,0,0,0,[alpha] > hypothetical > other
NZ_QMFZ01000038.1:74240-75482:1,WP_021160637.1,DPV79_RS32860,,SRPBCC family protein,5_506_Stc2,5,463.0,0.9684,5.1e-139,NZ_QMFZ01000038.1,74240,75482,1,Burkholderia reimsis,Bacteria; Pseudomonadati; Pseudomonadota; Betaproteobacteria; Burkholderiales; Burkholderiaceae; Burkholderia,0,5_506_Stc2#1,core,0.9885,1,0,0,1,other > other > hypothetical > reductase > other > reductase > reductase > [alpha] > reductase > transporter
NZ_QNRE01000002.1:99429-100575:1,WP_067512064.1,DFR74_RS06020,,aromatic ring-hydroxylating dioxygenase subunit alpha,5_506_Stc2,5,129.7,0.7573,8.3e-38,NZ_QNRE01000002.1,99429,100575,1,Nocardia puris,Bacteria; Bacillati; Actinomycetota; Actinomycetes; Mycobacteriales; Nocardiaceae; Nocardia,0,5_506_Stc2#54,novel_candidate,0.2835,0,0,0,0,reductase > other > hydrolase > [alpha] > regulator
NZ_QQAZ01000002.1:1100-2249:-1,WP_068029702.1,DFR68_RS04825,,aromatic ring-hydroxylating dioxygenase subunit alpha,5_506_Stc2,5,213.3,0.7913,3.3e-63,NZ_QQAZ01000002.1,1100,2249,-1,Nocardia mexicana,Bacteria; Bacillati; Actinomycetota; Actinomycetes; Mycobacteriales; Nocardiaceae; Nocardia,0,5_506_Stc2#0,core,0.7457,0,0,0,0,reductase > other > [alpha] > regulator
NZ_QSNW01000009.1:171280-172516:1,WP_003504465.1,DXT97_RS20270,,SRPBCC family protein,5_506_Stc2,5,804.4,0.9879,1.2e-242,NZ_QSNW01000009.1,171280,172516,1,Agrobacterium tumefaciens,Bacteria; Pseudomonadati; Pseudomonadota; Alphaproteobacteria; Hyphomicrobiales; Rhizobiaceae; Rhizobium/Agrobacterium group; Agrobacterium; Agrobacterium tumefaciens complex,0,5_506_Stc2#11,core,0.8798,1,0,0,1,[alpha] > reductase > reductase
NZ_QTKH01000531.1:37421-38567:-1,WP_011259225.1,BRN20_RS09400,,aromatic ring-hydroxylating dioxygenase subunit alpha,5_506_Stc2,5,92.7,0.5097,1.4e-26,NZ_QTKH01000531.1,37421,38567,-1,Xanthomonas oryzae pv. oryzae,Bacteria; Pseudomonadati; Pseudomonadota; Gammaproteobacteria; Lysobacterales; Lysobacteraceae; Xanthomonas,0,5_506_Stc2#17,novel_candidate,0.2507,0,0,0,0,other > other > regulator > other > other > other > reductase > reductase > other > [alpha] > other > other
NZ_QTQU01000017.1:69013-70255:-1,WP_012733427.1,DF052_RS17510,,SRPBCC family protein,5_506_Stc2,5,462.5,0.9684,7.5e-139,NZ_QTQU01000017.1,69013,70255,-1,Burkholderia glumae,Bacteria; Pseudomonadati; Pseudomonadota; Betaproteobacteria; Burkholderiales; Burkholderiaceae; Burkholderia,0,5_506_Stc2#1,core,0.9083,1,0,0,1,other > hypothetical > reductase > other > reductase > other > [alpha] > reductase
NZ_QTQR01000006.1:146254-147496:1,WP_034186094.1,DF032_RS11310,,SRPBCC family protein,5_506_Stc2,5,461.7,0.9684,1.3e-138,NZ_QTQR01000006.1,146254,147496,1,Burkholderia seminalis,Bacteria; Pseudomonadati; Pseudomonadota; Betaproteobacteria; Burkholderiales; Burkholderiaceae; Burkholderia; Burkholderia cepacia complex,0,5_506_Stc2#1,core,0.9771,1,0,0,1,other > other > hypothetical > reductase > other > reductase > reductase > [alpha] > reductase > transporter
NZ_QTPW01000011.1:143788-145030:1,WP_057927535.1,DIE15_RS17060,,aromatic ring-hydroxylating dioxygenase subunit alpha,5_506_Stc2,5,468.7,0.9684,9.5e-141,NZ_QTPW01000011.1,143788,145030,1,Burkholderia sp. Bp9031,Bacteria; Pseudomonadati; Pseudomonadota; Betaproteobacteria; Burkholderiales; Burkholderiaceae; Burkholderia,0,5_506_Stc2#1,core,0.9628,1,0,0,1,other > other > hypothetical > reductase > other > reductase > reductase > [alpha] > reductase > transporter
NZ_QTQZ01000033.1:20313-21555:-1,WP_046549603.1,DF035_RS31265,,aromatic ring-hydroxylating dioxygenase subunit alpha,5_506_Stc2,5,465.2,0.9684,1.1e-139,NZ_QTQZ01000033.1,20313,21555,-1,Burkholderia contaminans,Bacteria; Pseudomonadati; Pseudomonadota; Betaproteobacteria; Burkholderiales; Burkholderiaceae; Burkholderia; Burkholderia cepacia complex,0,5_506_Stc2#1,core,0.9798,1,0,0,1,other > other > hypothetical > reductase > other > reductase > reductase > [alpha] > reductase > transporter
NZ_QUMX01000003.1:205664-206903:-1,WP_036753699.1,ATH84_RS05045,,aromatic ring-hydroxylating dioxygenase subunit alpha,5_506_Stc2,5,662.4,0.983,1.6e-199,NZ_QUMX01000003.1,205664,206903,-1,Paracoccus versutus,Bacteria; Pseudomonadati; Pseudomonadota; Alphaproteobacteria; Rhodobacterales; Paracoccaceae; Paracoccus,0,5_506_Stc2#25,core,0.5833,1,0,0,1,[alpha] > reductase
NZ_QVXO01000031.1:51463-52612:1,WP_054451018.1,DY367_RS19540,,aromatic ring-hydroxylating dioxygenase subunit alpha,5_506_Stc2,5,65.9,0.7549,1.9e-18,NZ_QVXO01000031.1,51463,52612,1,Achromobacter xylosoxidans,Bacteria; Pseudomonadati; Pseudomonadota; Betaproteobacteria; Burkholderiales; Alcaligenaceae; Achromobacter,0,5_506_Stc2#9,core,0.9713,0,0,0,0,[alpha]
NZ_QWFB01000032.1:177136-178285:1,WP_054451018.1,DXK93_RS15910,,aromatic ring-hydroxylating dioxygenase subunit alpha,5_506_Stc2,5,65.9,0.7549,1.9e-18,NZ_QWFB01000032.1,177136,178285,1,Achromobacter sp. K91,Bacteria; Pseudomonadati; Pseudomonadota; Betaproteobacteria; Burkholderiales; Alcaligenaceae; Achromobacter,0,5_506_Stc2#9,core,0.9713,0,0,0,0,[alpha]
NZ_QYZT01000220.1:4484-5642:-1,WP_076687177.1,D4104_RS32320,,aromatic ring-hydroxylating dioxygenase subunit alpha,5_506_Stc2,5,219.0,0.8228,6.2e-65,NZ_QYZT01000220.1,4484,5642,-1,Streptomyces alfalfae,Bacteria; Bacillati; Actinomycetota; Actinomycetes; Kitasatosporales; Streptomycetaceae; Streptomyces,0,5_506_Stc2#0,core,0.9008,0,0,0,0,dehydrogenase > reductase > other > [alpha]
NZ_QZXA01000021.1:47366-48614:-1,WP_019862693.1,D3242_RS32280,,aromatic ring-hydroxylating dioxygenase subunit alpha,5_506_Stc2,5,641.7,0.966,2.9e-193,NZ_QZXA01000021.1,47366,48614,-1,Mesorhizobium jarvisii,Bacteria; Pseudomonadati; Pseudomonadota; Alphaproteobacteria; Hyphomicrobiales; Phyllobacteriaceae; Mesorhizobium,0,5_506_Stc2#3,core,0.9199,1,0,0,1,[alpha] > reductase
NZ_RARP01000035.1:71715-72957:1,WP_039369579.1,D7S92_RS32900,,SRPBCC family protein,5_506_Stc2,5,463.0,0.9684,5.2e-139,NZ_RARP01000035.1,71715,72957,1,Burkholderia contaminans,Bacteria; Pseudomonadati; Pseudomonadota; Betaproteobacteria; Burkholderiales; Burkholderiaceae; Burkholderia; Burkholderia cepacia complex,0,5_506_Stc2#1,core,0.9856,1,0,0,1,other > other > hypothetical > reductase > other > reductase > reductase > [alpha] > reductase > transporter
NZ_RBOJ01000047.1:100361-101597:-1,WP_024778794.1,ALQ77_RS09065,,SRPBCC family protein,5_506_Stc2,5,582.8,0.9782,2.2e-175,NZ_RBOJ01000047.1,100361,101597,-1,Pseudomonas corrugata,Bacteria; Pseudomonadati; Pseudomonadota; Gammaproteobacteria; Pseudomonadales; Pseudomonadaceae; Pseudomonas,0,5_506_Stc2#4,core,0.8623,0,0,0,0,[alpha]
NZ_RBQC01000094.1:40123-41374:1,WP_057429168.1,ALQ32_RS20370,,SRPBCC family protein,5_506_Stc2,5,592.7,0.983,2.2e-178,NZ_RBQC01000094.1,40123,41374,1,Pseudomonas syringae pv. tagetis,Bacteria; Pseudomonadati; Pseudomonadota; Gammaproteobacteria; Pseudomonadales; Pseudomonadaceae; Pseudomonas,0,5_506_Stc2#4,core,0.8954,0,0,0,0,[alpha]
NZ_RBQA01000324.1:24923-26174:-1,WP_057429168.1,ALQ34_RS28605,,SRPBCC family protein,5_506_Stc2,5,592.7,0.983,2.2e-178,NZ_RBQA01000324.1,24923,26174,-1,Pseudomonas syringae pv. maculicola,Bacteria; Pseudomonadati; Pseudomonadota; Gammaproteobacteria; Pseudomonadales; Pseudomonadaceae; Pseudomonas,0,5_506_Stc2#4,core,0.8954,0,0,0,0,[alpha]
NZ_RBRT01000136.1:15823-17074:1,WP_060413511.1,ALP89_RS10615,,SRPBCC family protein,5_506_Stc2,5,593.3,0.983,1.4e-178,NZ_RBRT01000136.1,15823,17074,1,Pseudomonas syringae pv. persicae,Bacteria; Pseudomonadati; Pseudomonadota; Gammaproteobacteria; Pseudomonadales; Pseudomonadaceae; Pseudomonas,0,5_506_Stc2#4,core,0.8973,0,0,0,0,[alpha]
NZ_RBTY01000365.1:9573-10809:-1,WP_044318891.1,ALP31_RS25440,,aromatic ring-hydroxylating dioxygenase subunit alpha,5_506_Stc2,5,600.8,0.9757,7.7e-181,NZ_RBTY01000365.1,9573,10809,-1,Pseudomonas amygdali pv. morsprunorum,Bacteria; Pseudomonadati; Pseudomonadota; Gammaproteobacteria; Pseudomonadales; Pseudomonadaceae; Pseudomonas; Pseudomonas amygdali,0,5_506_Stc2#4,core,0.8512,0,0,0,0,[alpha]
NZ_RBUR01000398.1:17044-18280:1,WP_054083074.1,ALP12_RS28990,,SRPBCC family protein,5_506_Stc2,5,599.1,0.9757,2.4e-180,NZ_RBUR01000398.1,17044,18280,1,Pseudomonas savastanoi pv. phaseolicola,Bacteria; Pseudomonadati; Pseudomonadota; Gammaproteobacteria; Pseudomonadales; Pseudomonadaceae; Pseudomonas,0,5_506_Stc2#4,core,0.8512,0,0,0,0,[alpha]
NZ_RBUP01000316.1:152-1391:-1,WP_054070898.1,ALP14_RS25245,,SRPBCC family protein,5_506_Stc2,5,595.8,0.9757,2.6e-179,NZ_RBUP01000316.1,152,1391,-1,Pseudomonas amygdali pv. myricae,Bacteria; Pseudomonadati; Pseudomonadota; Gammaproteobacteria; Pseudomonadales; Pseudomonadaceae; Pseudomonas; Pseudomonas amygdali,0,5_506_Stc2#4,core,0.85,0,0,0,0,[alpha]
NZ_RBUO01000034.1:115-1351:1,WP_057454783.1,ALP15_RS01940,,aromatic ring-hydroxylating dioxygenase subunit alpha,5_506_Stc2,5,599.8,0.9757,1.6e-180,NZ_RBUO01000034.1,115,1351,1,Pseudomonas savastanoi,Bacteria; Pseudomonadati; Pseudomonadota; Gammaproteobacteria; Pseudomonadales; Pseudomonadaceae; Pseudomonas,0,5_506_Stc2#4,core,0.85,0,0,0,0,[alpha]
NZ_RBVI01000126.1:35079-36330:-1,WP_007246248.1,ALO95_RS22040,,SRPBCC family protein,5_506_Stc2,5,592.1,0.983,3.3e-178,NZ_RBVI01000126.1,35079,36330,-1,Pseudomonas syringae pv. antirrhini,Bacteria; Pseudomonadati; Pseudomonadota; Gammaproteobacteria; Pseudomonadales; Pseudomonadaceae; Pseudomonas,0,5_506_Stc2#4,core,0.8919,0,0,0,0,[alpha]
NZ_RCIY01000040.1:20642-21770:-1,WP_135566747.1,D8771_RS05685,,aromatic ring-hydroxylating dioxygenase subunit alpha,5_506_Stc2,5,207.1,0.8252,2.5e-61,NZ_RCIY01000040.1,20642,21770,-1,Streptomyces albus,Bacteria; Bacillati; Actinomycetota; Actinomycetes; Kitasatosporales; Streptomycetaceae; Streptomyces,0,5_506_Stc2#0,core,0.8195,0,0,0,0,other > [alpha]
NZ_RFAR01000081.1:4469-5579:-1,WP_059286787.1,EAY64_RS17210,,aromatic ring-hydroxylating dioxygenase subunit alpha,5_506_Stc2,5,77.8,0.7524,4.7e-22,NZ_RFAR01000081.1,4469,5579,-1,Aquitalea palustris,Bacteria; Pseudomonadati; Pseudomonadota; Betaproteobacteria; Neisseriales; Chromobacteriaceae; Aquitalea,0,5_506_Stc2#19,divergent,0.4585,0,0,0,0,[alpha] > hypothetical > transporter > other > other
NZ_RCCT01000002.1:233459-234659:1,WP_010437476.1,CLV75_RS08250,,aromatic ring-hydroxylating dioxygenase subunit alpha,5_506_Stc2,5,294.3,0.9199,8.8e-88,NZ_RCCT01000002.1,233459,234659,1,Ruegeria conchae,Bacteria; Pseudomonadati; Pseudomonadota; Alphaproteobacteria; Rhodobacterales; Roseobacteraceae; Ruegeria,0,5_506_Stc2#22,novel_candidate,0.3732,1,0,0,1,transporter > transporter > transporter > other > reductase > [alpha] > other
NZ_RHXM01000010.1:96583-97732:1,WP_054451018.1,EGU54_RS07960,,aromatic ring-hydroxylating dioxygenase subunit alpha,5_506_Stc2,5,65.9,0.7549,1.9e-18,NZ_RHXM01000010.1,96583,97732,1,Achromobacter aegrifaciens,Bacteria; Pseudomonadati; Pseudomonadota; Betaproteobacteria; Burkholderiales; Alcaligenaceae; Achromobacter,0,5_506_Stc2#9,core,0.9713,0,0,0,0,[alpha]
NZ_RHFF01000008.1:35181-36483:-1,WP_069601484.1,EB834_RS09340,,SRPBCC family protein,5_506_Stc2,5,421.7,0.9806,1.8e-126,NZ_RHFF01000008.1,35181,36483,-1,Brevibacterium aurantiacum,Bacteria; Bacillati; Actinomycetota; Actinomycetes; Micrococcales; Brevibacteriaceae; Brevibacterium,0,5_506_Stc2#133,core,0.5565,1,0,0,1,[alpha] > reductase
NZ_RIBT01000046.1:30860-32066:1,WP_013476212.1,EEZ25_RS31045,,aromatic ring-hydroxylating dioxygenase subunit alpha,5_506_Stc2,5,123.4,0.6723,6.6e-36,NZ_RIBT01000046.1,30860,32066,1,Micromonospora aurantiaca,Bacteria; Bacillati; Actinomycetota; Actinomycetes; Micromonosporales; Micromonosporaceae; Micromonospora,0,5_506_Stc2#71,novel_candidate,0.2779,0,0,0,0,[alpha] > other
NZ_RJAH01000011.1:23467-24598:-1,WP_049878502.1,EFJ98_RS09100,,aromatic ring-hydroxylating dioxygenase subunit alpha,5_506_Stc2,5,161.6,0.75,1.7e-47,NZ_RJAH01000011.1,23467,24598,-1,Pseudomonas putida,Bacteria; Pseudomonadati; Pseudomonadota; Gammaproteobacteria; Pseudomonadales; Pseudomonadaceae; Pseudomonas,0,5_506_Stc2#35,novel_candidate,0.2763,0,0,0,0,transporter > transporter > transporter > transporter > [alpha] > dehydrogenase > other
NZ_RIAQ01000011.1:245262-246501:1,WP_024842820.1,EB844_RS04580,,aromatic ring-hydroxylating dioxygenase subunit alpha,5_506_Stc2,5,665.6,0.983,1.6e-200,NZ_RIAQ01000011.1,245262,246501,1,Paracoccus pantotrophus,Bacteria; Pseudomonadati; Pseudomonadota; Alphaproteobacteria; Rhodobacterales; Paracoccaceae; Paracoccus,0,5_506_Stc2#25,core,0.5845,1,0,0,1,[alpha] > reductase
NZ_RIAQ01000035.1:107179-108418:-1,WP_024844630.1,EB844_RS20380,,aromatic ring-hydroxylating dioxygenase subunit alpha,5_506_Stc2,5,808.9,0.9976,4.9e-244,NZ_RIAQ01000035.1,107179,108418,-1,Paracoccus pantotrophus,Bacteria; Pseudomonadati; Pseudomonadota; Alphaproteobacteria; Rhodobacterales; Paracoccaceae; Paracoccus,0,5_506_Stc2#11,core,0.8709,1,0,0,1,[alpha] > reductase > other > dehydrogenase
NZ_RKIV01000003.1:697541-698801:-1,WP_077189538.1,EGT44_RS34255,,SRPBCC family protein,5_506_Stc2,5,386.7,0.9563,7.8e-116,NZ_RKIV01000003.1,697541,698801,-1,Burkholderia cenocepacia,Bacteria; Pseudomonadati; Pseudomonadota; Betaproteobacteria; Burkholderiales; Burkholderiaceae; Burkholderia; Burkholderia cepacia complex,0,5_506_Stc2#20,divergent,0.5227,1,0,0,1,[alpha] > reductase > regulator
NZ_RPSB01000068.1:1900-3031:-1,WP_031016418.1,EF919_RS33620,,aromatic ring-hydroxylating dioxygenase subunit alpha,5_506_Stc2,5,201.7,0.7985,1.1e-59,NZ_RPSB01000068.1,1900,3031,-1,Streptomyces sp. WAC02707,Bacteria; Bacillati; Actinomycetota; Actinomycetes; Kitasatosporales; Streptomycetaceae; Streptomyces,0,5_506_Stc2#0,core,0.9091,0,0,0,0,other > [alpha]
NZ_RPIJ01000063.1:19964-21209:1,WP_003533331.1,CN211_RS31350,,aromatic ring-hydroxylating dioxygenase subunit alpha,5_506_Stc2,5,625.6,0.9733,2.3e-188,NZ_RPIJ01000063.1,19964,21209,1,Sinorhizobium meliloti,Bacteria; Pseudomonadati; Pseudomonadota; Alphaproteobacteria; Hyphomicrobiales; Rhizobiaceae; Sinorhizobium/Ensifer group; Sinorhizobium,0,5_506_Stc2#2,core,0.8333,1,0,0,1,[alpha] > reductase
NZ_RWYT01000017.1:37277-38423:-1,WP_039515088.1,EJL05_RS07795,,aromatic ring-hydroxylating dioxygenase subunit alpha,5_506_Stc2,5,96.0,0.5073,1.4e-27,NZ_RWYT01000017.1,37277,38423,-1,Xanthomonas arboricola pv. pruni,Bacteria; Pseudomonadati; Pseudomonadota; Gammaproteobacteria; Lysobacterales; Lysobacteraceae; Xanthomonas,0,5_506_Stc2#21,novel_candidate,0.25,0,0,0,0,other > other > other > reductase > reductase > other > [alpha] > other > other > other
NZ_RWJW01000013.1:130356-131502:1,WP_057659368.1,EI541_RS15215,,aromatic ring-hydroxylating dioxygenase subunit alpha,5_506_Stc2,5,97.5,0.5097,4.9e-28,NZ_RWJW01000013.1,130356,131502,1,Xanthomonas citri pv. eucalyptorum,Bacteria; Pseudomonadati; Pseudomonadota; Gammaproteobacteria; Lysobacterales; Lysobacteraceae; Xanthomonas,0,5_506_Stc2#17,novel_candidate,0.2418,0,0,0,0,other > other > regulator > other > other > other > reductase > reductase > other > [alpha] > other > other > other
NZ_RZPW01000229.1:20-1250:-1,WP_013528000.1,EN914_RS15535,,aromatic ring-hydroxylating dioxygenase subunit alpha,5_506_Stc2,5,304.8,0.9612,5.8e-91,NZ_RZPW01000229.1,20,1250,-1,Mesorhizobium sp. M7A.F.Ca.CA.001.08.2.1,Bacteria; Pseudomonadati; Pseudomonadota; Alphaproteobacteria; Hyphomicrobiales; Phyllobacteriaceae; Mesorhizobium,0,5_506_Stc2#6,core,0.8044,0,0,0,0,other > [alpha]
NZ_RZPW01000648.1:1686-2934:1,WP_013528269.1,EN914_RS28250,,aromatic ring-hydroxylating dioxygenase subunit alpha,5_506_Stc2,5,635.3,0.9612,2.6e-191,NZ_RZPW01000648.1,1686,2934,1,Mesorhizobium sp. M7A.F.Ca.CA.001.08.2.1,Bacteria; Pseudomonadati; Pseudomonadota; Alphaproteobacteria; Hyphomicrobiales; Phyllobacteriaceae; Mesorhizobium,0,5_506_Stc2#24,core,0.9278,1,0,0,1,[alpha] > reductase
NZ_RZQA01000023.1:4137-5367:-1,WP_063171129.1,EN925_RS02670,,aromatic ring-hydroxylating dioxygenase subunit alpha,5_506_Stc2,5,303.3,0.9612,1.6e-90,NZ_RZQA01000023.1,4137,5367,-1,Mesorhizobium sp. M7A.F.Ca.US.006.04.2.1,Bacteria; Pseudomonadati; Pseudomonadota; Alphaproteobacteria; Hyphomicrobiales; Phyllobacteriaceae; Mesorhizobium,0,5_506_Stc2#6,core,0.8013,0,0,0,0,other > [alpha]
NZ_RZQA01000106.1:8728-9976:-1,WP_063169810.1,EN925_RS08545,,aromatic ring-hydroxylating dioxygenase subunit alpha,5_506_Stc2,5,634.8,0.9612,3.7e-191,NZ_RZQA01000106.1,8728,9976,-1,Mesorhizobium sp. M7A.F.Ca.US.006.04.2.1,Bacteria; Pseudomonadati; Pseudomonadota; Alphaproteobacteria; Hyphomicrobiales; Phyllobacteriaceae; Mesorhizobium,0,5_506_Stc2#24,core,0.925,1,0,0,1,[alpha] > reductase
NZ_RZRP01000035.1:9364-10594:-1,WP_063171129.1,EN991_RS03820,,aromatic ring-hydroxylating dioxygenase subunit alpha,5_506_Stc2,5,303.3,0.9612,1.6e-90,NZ_RZRP01000035.1,9364,10594,-1,Mesorhizobium sp. M7A.F.Ca.US.005.03.2.1,Bacteria; Pseudomonadati; Pseudomonadota; Alphaproteobacteria; Hyphomicrobiales; Phyllobacteriaceae; Mesorhizobium,0,5_506_Stc2#6,core,0.8013,0,0,0,0,other > [alpha]
NZ_RZRP01000060.1:11202-12450:-1,WP_063169810.1,EN991_RS05740,,aromatic ring-hydroxylating dioxygenase subunit alpha,5_506_Stc2,5,634.8,0.9612,3.7e-191,NZ_RZRP01000060.1,11202,12450,-1,Mesorhizobium sp. M7A.F.Ca.US.005.03.2.1,Bacteria; Pseudomonadati; Pseudomonadota; Alphaproteobacteria; Hyphomicrobiales; Phyllobacteriaceae; Mesorhizobium,0,5_506_Stc2#24,core,0.925,1,0,0,1,[alpha] > reductase
NZ_RZRT01000002.1:141491-142739:-1,WP_127289672.1,EOA13_RS03275,,aromatic ring-hydroxylating dioxygenase subunit alpha,5_506_Stc2,5,631.6,0.966,3.4e-190,NZ_RZRT01000002.1,141491,142739,-1,Mesorhizobium sp. M7A.F.Ca.US.011.01.1.1,Bacteria; Pseudomonadati; Pseudomonadota; Alphaproteobacteria; Hyphomicrobiales; Phyllobacteriaceae; Mesorhizobium,0,5_506_Stc2#3,core,0.9116,1,0,0,1,[alpha] > reductase > other > other > other > other > other > other
NZ_RZRT01000002.1:452127-453357:-1,WP_127290069.1,EOA13_RS04680,,aromatic ring-hydroxylating dioxygenase subunit alpha,5_506_Stc2,5,302.7,0.9612,2.4e-90,NZ_RZRT01000002.1,452127,453357,-1,Mesorhizobium sp. M7A.F.Ca.US.011.01.1.1,Bacteria; Pseudomonadati; Pseudomonadota; Alphaproteobacteria; Hyphomicrobiales; Phyllobacteriaceae; Mesorhizobium,0,5_506_Stc2#6,core,0.7704,0,0,0,0,other > [alpha]
NZ_RZXZ01000018.1:23322-24576:-1,WP_071087321.1,EOS93_RS27190,,SRPBCC family protein,5_506_Stc2,5,408.1,0.966,2.4e-122,NZ_RZXZ01000018.1,23322,24576,-1,Rhizobium sp. RMa-01,Bacteria; Pseudomonadati; Pseudomonadota; Alphaproteobacteria; Hyphomicrobiales; Rhizobiaceae; Rhizobium/Agrobacterium group; Rhizobium,0,5_506_Stc2#5,core,0.9027,1,0,0,1,[alpha] > reductase > other
NZ_RZXZ01000022.1:41226-42471:1,WP_049736048.1,EOS93_RS29495,,aromatic ring-hydroxylating dioxygenase subunit alpha,5_506_Stc2,5,635.4,0.9757,2.4e-191,NZ_RZXZ01000022.1,41226,42471,1,Rhizobium sp. RMa-01,Bacteria; Pseudomonadati; Pseudomonadota; Alphaproteobacteria; Hyphomicrobiales; Rhizobiaceae; Rhizobium/Agrobacterium group; Rhizobium,0,5_506_Stc2#2,core,0.8374,0,0,0,0,[alpha]
NZ_SASM01000011.1:103163-104411:-1,WP_127397674.1,EOR12_RS14145,,aromatic ring-hydroxylating dioxygenase subunit alpha,5_506_Stc2,5,635.9,0.9636,1.7e-191,NZ_SASM01000011.1,103163,104411,-1,Mesorhizobium sp.,Bacteria; Pseudomonadati; Pseudomonadota; Alphaproteobacteria; Hyphomicrobiales; Phyllobacteriaceae; Mesorhizobium,0,5_506_Stc2#15,core,0.925,1,0,0,1,[alpha] > reductase > other > other > other > other > other > other
NZ_RZXZ01000006.1:182270-183506:1,WP_071090920.1,EOS93_RS12460,,aromatic ring-hydroxylating dioxygenase subunit alpha,5_506_Stc2,5,297.0,0.9636,1.3e-88,NZ_RZXZ01000006.1,182270,183506,1,Rhizobium sp. RMa-01,Bacteria; Pseudomonadati; Pseudomonadota; Alphaproteobacteria; Hyphomicrobiales; Rhizobiaceae; Rhizobium/Agrobacterium group; Rhizobium,0,5_506_Stc2#6,core,0.8727,0,0,0,0,reductase > reductase > [alpha]
NZ_SLVH01000003.1:177776-179021:-1,WP_062594601.1,C8J36_RS08750,,aromatic ring-hydroxylating dioxygenase subunit alpha,5_506_Stc2,5,630.4,0.9733,7.8e-190,NZ_SLVH01000003.1,177776,179021,-1,Rhizobium sp. PP-F2F-G48,Bacteria; Pseudomonadati; Pseudomonadota; Alphaproteobacteria; Hyphomicrobiales; Rhizobiaceae; Rhizobium/Agrobacterium group; Rhizobium,0,5_506_Stc2#8,core,0.7912,1,0,0,1,[alpha] > reductase
NZ_SLVK01000002.1:276403-277648:1,WP_007793249.1,EV291_RS03890,,aromatic ring-hydroxylating dioxygenase subunit alpha,5_506_Stc2,5,640.3,0.9757,7.5e-193,NZ_SLVK01000002.1,276403,277648,1,Rhizobium sp. BK068,Bacteria; Pseudomonadati; Pseudomonadota; Alphaproteobacteria; Hyphomicrobiales; Rhizobiaceae; Rhizobium/Agrobacterium group; Rhizobium,0,5_506_Stc2#2,core,0.8447,0,0,0,0,[alpha]
NZ_SLXG01000010.1:90127-91237:1,WP_066609683.1,EV683_RS07910,,aromatic ring-hydroxylating dioxygenase subunit alpha,5_506_Stc2,5,69.5,0.7621,1.5e-19,NZ_SLXG01000010.1,90127,91237,1,Crenobacter luteus,Bacteria; Pseudomonadati; Pseudomonadota; Betaproteobacteria; Neisseriales; Neisseriaceae; Crenobacter,0,5_506_Stc2#19,divergent,0.4318,0,0,0,0,[alpha] > hypothetical > transporter > other > other
NZ_SMDW01000010.1:58271-59417:-1,WP_043910406.1,E1J23_RS09960,,aromatic ring-hydroxylating dioxygenase subunit alpha,5_506_Stc2,5,93.0,0.5097,1.1e-26,NZ_SMDW01000010.1,58271,59417,-1,Xanthomonas hortorum pv. gardneri,Bacteria; Pseudomonadati; Pseudomonadota; Gammaproteobacteria; Lysobacterales; Lysobacteraceae; Xanthomonas,0,5_506_Stc2#17,novel_candidate,0.239,0,0,0,0,other > other > regulator > other > other > other > reductase > reductase > other > [alpha] > other > other
NZ_SLZP01000011.1:24022-25279:-1,WP_010668258.1,EDC15_RS10005,,SRPBCC family protein,5_506_Stc2,5,448.4,0.9733,1.4e-134,NZ_SLZP01000011.1,24022,25279,-1,Acetobacter aceti NBRC 14818,Bacteria; Pseudomonadati; Pseudomonadota; Alphaproteobacteria; Acetobacterales; Acetobacteraceae; Acetobacter; Acetobacter subgen. Acetobacter,0,5_506_Stc2#16,core,0.6408,1,0,0,1,[alpha] > reductase > regulator > reductase > hypothetical > reductase > reductase > dehydrogenase > hydrolase
NZ_SMBK01000006.1:335568-336813:1,WP_074063071.1,EV129_RS15505,,SRPBCC family protein,5_506_Stc2,5,634.4,0.9733,4.7e-191,NZ_SMBK01000006.1,335568,336813,1,Rhizobium azibense,Bacteria; Pseudomonadati; Pseudomonadota; Alphaproteobacteria; Hyphomicrobiales; Rhizobiaceae; Rhizobium/Agrobacterium group; Rhizobium,0,5_506_Stc2#8,core,0.8211,0,0,0,0,[alpha]
NZ_SNVF01000025.1:20627-21878:1,WP_007246248.1,E2N90_RS19955,,SRPBCC family protein,5_506_Stc2,5,592.1,0.983,3.3e-178,NZ_SNVF01000025.1,20627,21878,1,Pseudomonas syringae pv. tomato,Bacteria; Pseudomonadati; Pseudomonadota; Gammaproteobacteria; Pseudomonadales; Pseudomonadaceae; Pseudomonas,0,5_506_Stc2#4,core,0.8919,0,0,0,0,[alpha]
NZ_SODJ01000009.1:113255-114491:-1,WP_071479949.1,LY39_RS16080,,aromatic ring-hydroxylating dioxygenase subunit alpha,5_506_Stc2,5,665.6,0.9757,1.7e-200,NZ_SODJ01000009.1,113255,114491,-1,Roseinatronobacter bogoriensis subsp. barguzinensis,Bacteria; Pseudomonadati; Pseudomonadota; Alphaproteobacteria; Rhodobacterales; Paracoccaceae; Roseinatronobacter,0,5_506_Stc2#64,core,0.6181,1,0,0,1,reductase > [alpha] > reductase
NZ_SNZF01000006.1:42988-44236:1,WP_035024721.1,DES43_RS06280,,aromatic ring-hydroxylating dioxygenase subunit alpha,5_506_Stc2,5,640.0,0.9733,9.4e-193,NZ_SNZF01000006.1,42988,44236,1,Aquamicrobium defluvii,Bacteria; Pseudomonadati; Pseudomonadota; Alphaproteobacteria; Hyphomicrobiales; Phyllobacteriaceae; Aquamicrobium,0,5_506_Stc2#3,core,0.7507,1,0,0,1,[alpha] > reductase > hypothetical
NZ_SPET01000022.1:119468-120656:-1,WP_034370339.1,E2578_RS21705,,aromatic ring-hydroxylating dioxygenase subunit alpha,5_506_Stc2,5,87.1,0.6092,7.2e-25,NZ_SPET01000022.1,119468,120656,-1,Comamonas sp.,Bacteria; Pseudomonadati; Pseudomonadota; Betaproteobacteria; Burkholderiales; Comamonadaceae; Comamonas,0,5_506_Stc2#43,novel_candidate,0.2957,0,0,0,0,[alpha] > other > hypothetical > regulator
NZ_SSHP01000007.1:291358-292516:-1,WP_062779696.1,E7X58_RS16720,,aromatic ring-hydroxylating dioxygenase subunit alpha,5_506_Stc2,5,221.5,0.8228,1.1e-65,NZ_SSHP01000007.1,291358,292516,-1,Streptomyces sp. A1499,Bacteria; Bacillati; Actinomycetota; Actinomycetes; Kitasatosporales; Streptomycetaceae; Streptomyces,0,5_506_Stc2#0,core,0.9065,0,0,0,0,dehydrogenase > reductase > other > [alpha]
NZ_SSHL01000003.1:228020-229262:-1,WP_059649812.1,E6L39_RS04635,,SRPBCC family protein,5_506_Stc2,5,462.0,0.9684,1.1e-138,NZ_SSHL01000003.1,228020,229262,-1,Burkholderia cepacia,Bacteria; Pseudomonadati; Pseudomonadota; Betaproteobacteria; Burkholderiales; Burkholderiaceae; Burkholderia; Burkholderia cepacia complex,0,5_506_Stc2#1,core,0.9856,1,0,0,1,other > other > hypothetical > reductase > other > reductase > reductase > [alpha] > reductase > transporter
NZ_SWAM01000039.1:36253-37399:1,WP_074057523.1,FCG19_RS19310,,aromatic ring-hydroxylating dioxygenase subunit alpha,5_506_Stc2,5,97.2,0.5121,6.2e-28,NZ_SWAM01000039.1,36253,37399,1,Xanthomonas hortorum pv. vitians,Bacteria; Pseudomonadati; Pseudomonadota; Gammaproteobacteria; Lysobacterales; Lysobacteraceae; Xanthomonas,0,5_506_Stc2#17,novel_candidate,0.255,0,0,0,0,other > other > regulator > other > other > other > reductase > reductase > other > [alpha] > other > other > other
NZ_SUJW01000013.1:107656-108895:-1,WP_287289939.1,E5Y86_RS11065,,aromatic ring-hydroxylating dioxygenase subunit alpha,5_506_Stc2,5,805.5,0.9951,5.5e-243,NZ_SUJW01000013.1,107656,108895,-1,Mesorhizobium sp.,Bacteria; Pseudomonadati; Pseudomonadota; Alphaproteobacteria; Hyphomicrobiales; Phyllobacteriaceae; Mesorhizobium,0,5_506_Stc2#11,core,0.8665,1,0,0,1,[alpha] > reductase
NZ_SSWO01000006.1:256179-257421:1,WP_059649812.1,E9536_RS18090,,SRPBCC family protein,5_506_Stc2,5,462.0,0.9684,1.1e-138,NZ_SSWO01000006.1,256179,257421,1,Burkholderia sp. LS-044,Bacteria; Pseudomonadati; Pseudomonadota; Betaproteobacteria; Burkholderiales; Burkholderiaceae; Burkholderia,0,5_506_Stc2#1,core,0.9856,1,0,0,1,other > other > hypothetical > reductase > other > reductase > reductase > [alpha] > reductase > transporter
NZ_UARD01000027.1:38581-39823:1,WP_021160637.1,DS944_RS24560,,SRPBCC family protein,5_506_Stc2,5,463.0,0.9684,5.1e-139,NZ_UARD01000027.1,38581,39823,1,Burkholderia cepacia,Bacteria; Pseudomonadati; Pseudomonadota; Betaproteobacteria; Burkholderiales; Burkholderiaceae; Burkholderia; Burkholderia cepacia complex,0,5_506_Stc2#1,core,0.9885,1,0,0,1,other > other > hypothetical > reductase > other > reductase > reductase > [alpha] > reductase > transporter
NZ_UARC01000018.1:19780-21022:-1,WP_006486272.1,DTA18_RS29105,,SRPBCC family protein,5_506_Stc2,5,461.5,0.9684,1.5e-138,NZ_UARC01000018.1,19780,21022,-1,Burkholderia cenocepacia,Bacteria; Pseudomonadati; Pseudomonadota; Betaproteobacteria; Burkholderiales; Burkholderiaceae; Burkholderia; Burkholderia cepacia complex,0,5_506_Stc2#1,core,0.9771,1,0,0,1,other > other > hypothetical > reductase > other > reductase > reductase > [alpha] > reductase > transporter
NZ_UGQQ01000003.1:180691-182023:1,WP_051752240.1,DXZ88_RS28820,,SRPBCC family protein,5_506_Stc2,5,121.7,0.466,2.3e-35,NZ_UGQQ01000003.1,180691,182023,1,Mycolicibacterium senegalense,Bacteria; Bacillati; Actinomycetota; Actinomycetes; Mycobacteriales; Mycobacteriaceae; Mycolicibacterium,0,5_506_Stc2#7,core,0.9127,0,0,0,0,[alpha] > regulator > hypothetical
NZ_UNRO01000029.1:187032-188178:1,WP_026064869.1,CPBF426_RS12015,,aromatic ring-hydroxylating dioxygenase subunit alpha,5_506_Stc2,5,96.2,0.5097,1.2e-27,NZ_UNRO01000029.1,187032,188178,1,Xanthomonas arboricola pv. juglandis,Bacteria; Pseudomonadati; Pseudomonadota; Gammaproteobacteria; Lysobacterales; Lysobacteraceae; Xanthomonas,0,5_506_Stc2#17,novel_candidate,0.2507,0,0,0,0,other > other > regulator > other > other > other > reductase > reductase > other > [alpha] > other > other > other
NZ_UYXV01000024.1:67634-68870:-1,WP_076954871.1,E0G09_RS29135,,SRPBCC family protein,5_506_Stc2,5,595.6,0.9757,3e-179,NZ_UYXV01000024.1,67634,68870,-1,Pseudomonas cedrina subsp. cedrina,Bacteria; Pseudomonadati; Pseudomonadota; Gammaproteobacteria; Pseudomonadales; Pseudomonadaceae; Pseudomonas,0,5_506_Stc2#4,core,0.8643,0,0,0,0,[alpha]
NZ_VBUB01000003.1:57547-58696:1,WP_064526889.1,FEV49_RS04125,,aromatic ring-hydroxylating dioxygenase subunit alpha,5_506_Stc2,5,72.5,0.7549,2e-20,NZ_VBUB01000003.1,57547,58696,1,Achromobacter dolens,Bacteria; Pseudomonadati; Pseudomonadota; Betaproteobacteria; Burkholderiales; Alcaligenaceae; Achromobacter,0,5_506_Stc2#9,core,0.9885,0,0,0,0,[alpha]
NZ_VAHN01000001.1:468371-469676:1,WP_138135961.1,FDW83_RS02235,,SRPBCC family protein,5_506_Stc2,5,389.5,0.9684,1.1e-116,NZ_VAHN01000001.1,468371,469676,1,Pseudarthrobacter sp. NamE2,Bacteria; Bacillati; Actinomycetota; Actinomycetes; Micrococcales; Micrococcaceae; Pseudarthrobacter,0,5_506_Stc2#28,core,0.9481,1,0,0,1,[alpha] > reductase > dehydrogenase
NZ_VCBD01000003.1:85392-86637:-1,WP_034520441.1,FFE80_RS13520,,aromatic ring-hydroxylating dioxygenase subunit alpha,5_506_Stc2,5,636.9,0.9806,8.4e-192,NZ_VCBD01000003.1,85392,86637,-1,Rhizobium rhizogenes,Bacteria; Pseudomonadati; Pseudomonadota; Alphaproteobacteria; Hyphomicrobiales; Rhizobiaceae; Rhizobium/Agrobacterium group; Rhizobium,0,5_506_Stc2#8,core,0.8629,1,0,0,1,[alpha] > reductase
NZ_VDEV01000017.1:4346-5651:-1,WP_139029057.1,FHJ30_RS09505,,SRPBCC family protein,5_506_Stc2,5,388.7,0.9684,1.9e-116,NZ_VDEV01000017.1,4346,5651,-1,Arthrobacter sp. BB-1,Bacteria; Bacillati; Actinomycetota; Actinomycetes; Micrococcales; Micrococcaceae; Arthrobacter,0,5_506_Stc2#12,core,0.954,1,0,0,1,[alpha] > reductase
NZ_VCHT01000003.1:458926-460171:-1,WP_064707012.1,FFR93_RS15155,,aromatic ring-hydroxylating dioxygenase subunit alpha,5_506_Stc2,5,634.8,0.9757,3.6e-191,NZ_VCHT01000003.1,458926,460171,-1,Rhizobium sp. MHM7A,Bacteria; Pseudomonadati; Pseudomonadota; Alphaproteobacteria; Hyphomicrobiales; Rhizobiaceae; Rhizobium/Agrobacterium group; Rhizobium,0,5_506_Stc2#8,core,0.8591,0,0,0,0,[alpha] > other
NZ_VCPF01000002.1:456217-457372:-1,WP_009519027.1,FGJ01_RS05750,,aromatic ring-hydroxylating dioxygenase subunit alpha,5_506_Stc2,5,84.3,0.6723,4.9e-24,NZ_VCPF01000002.1,456217,457372,-1,Hydrogenophaga intermedia,Bacteria; Pseudomonadati; Pseudomonadota; Betaproteobacteria; Burkholderiales; Comamonadaceae; Hydrogenophaga,0,5_506_Stc2#74,novel_candidate,0.2551,0,0,0,0,other > [alpha] > regulator > other > hypothetical
NZ_VDTB01000003.1:157388-158489:-1,WP_260845064.1,FS672_RS12010,,aromatic ring-hydroxylating dioxygenase subunit alpha,5_506_Stc2,5,150.5,0.7718,4.1e-44,NZ_VDTB01000003.1,157388,158489,-1,Prescottella equi 103S,Bacteria; Bacillati; Actinomycetota; Actinomycetes; Mycobacteriales; Nocardiaceae; Prescottella,0,5_506_Stc2#52,novel_candidate,0.3018,1,0,0,1,[alpha] > ferredoxin > reductase > transporter > dehydrogenase > regulator
NZ_VFTV01000004.1:217589-218819:-1,WP_063169932.1,FJ435_RS12050,,aromatic ring-hydroxylating dioxygenase subunit alpha,5_506_Stc2,5,304.3,0.9612,8e-91,NZ_VFTV01000004.1,217589,218819,-1,Mesorhizobium sp. B2-8-4,Bacteria; Pseudomonadati; Pseudomonadota; Alphaproteobacteria; Hyphomicrobiales; Phyllobacteriaceae; Mesorhizobium,0,5_506_Stc2#6,core,0.8044,0,0,0,0,other > [alpha]
NZ_VIUS01000015.1:192750-193992:-1,WP_013689557.1,FBX98_RS26290,,SRPBCC family protein,5_506_Stc2,5,460.5,0.9733,2.9e-138,NZ_VIUS01000015.1,192750,193992,-1,Burkholderia sp. SJZ115,Bacteria; Pseudomonadati; Pseudomonadota; Betaproteobacteria; Burkholderiales; Burkholderiaceae; Burkholderia,0,5_506_Stc2#1,core,0.8764,1,0,0,1,other > hypothetical > reductase > other > reductase > reductase > [alpha] > reductase
NZ_VHJD01000005.1:54482-55787:-1,WP_013599385.1,FJ661_RS09255,,SRPBCC family protein,5_506_Stc2,5,393.0,0.9684,9.3e-118,NZ_VHJD01000005.1,54482,55787,-1,Pseudarthrobacter phenanthrenivorans,Bacteria; Bacillati; Actinomycetota; Actinomycetes; Micrococcales; Micrococcaceae; Pseudarthrobacter,0,5_506_Stc2#12,core,0.9798,1,0,0,1,[alpha] > reductase > transporter > regulator > reductase > other > hypothetical
NZ_VFTV01000019.1:6805-8053:-1,WP_063169810.1,FJ435_RS28655,,aromatic ring-hydroxylating dioxygenase subunit alpha,5_506_Stc2,5,634.8,0.9612,3.7e-191,NZ_VFTV01000019.1,6805,8053,-1,Mesorhizobium sp. B2-8-4,Bacteria; Pseudomonadati; Pseudomonadota; Alphaproteobacteria; Hyphomicrobiales; Phyllobacteriaceae; Mesorhizobium,0,5_506_Stc2#24,core,0.925,1,0,0,1,[alpha] > reductase
NZ_VFUO01000003.1:14752-15982:1,WP_140875584.1,FJ543_RS13945,,SRPBCC family protein,5_506_Stc2,5,308.4,0.9684,4.5e-92,NZ_VFUO01000003.1,14752,15982,1,Mesorhizobium sp. B2-5-7,Bacteria; Pseudomonadati; Pseudomonadota; Alphaproteobacteria; Hyphomicrobiales; Phyllobacteriaceae; Mesorhizobium,0,5_506_Stc2#6,core,0.8369,0,0,0,0,other > [alpha]
NZ_VFUO01000003.1:273657-274905:1,WP_140615100.1,FJ543_RS15160,,aromatic ring-hydroxylating dioxygenase subunit alpha,5_506_Stc2,5,635.4,0.9636,2.4e-191,NZ_VFUO01000003.1,273657,274905,1,Mesorhizobium sp. B2-5-7,Bacteria; Pseudomonadati; Pseudomonadota; Alphaproteobacteria; Hyphomicrobiales; Phyllobacteriaceae; Mesorhizobium,0,5_506_Stc2#3,core,0.9114,1,0,0,1,[alpha] > reductase > other > other > other > other > other
NZ_VFVO01000001.1:148773-150021:1,WP_140660096.1,FJ954_RS00700,,aromatic ring-hydroxylating dioxygenase subunit alpha,5_506_Stc2,5,635.5,0.9636,2.2e-191,NZ_VFVO01000001.1,148773,150021,1,Mesorhizobium sp. B2-3-15,Bacteria; Pseudomonadati; Pseudomonadota; Alphaproteobacteria; Hyphomicrobiales; Phyllobacteriaceae; Mesorhizobium,0,5_506_Stc2#3,core,0.9141,1,0,0,1,[alpha] > reductase > other > other > other > other > other
NZ_VJSV01000010.1:153591-154833:1,WP_006396366.1,FEP96_RS15200,,aromatic ring-hydroxylating dioxygenase subunit alpha,5_506_Stc2,5,466.2,0.9684,5.5e-140,NZ_VJSV01000010.1,153591,154833,1,Burkholderia multivorans,Bacteria; Pseudomonadati; Pseudomonadota; Betaproteobacteria; Burkholderiales; Burkholderiaceae; Burkholderia; Burkholderia cepacia complex,0,5_506_Stc2#1,core,0.9712,1,0,0,1,other > other > hypothetical > reductase > other > reductase > reductase > [alpha] > reductase > transporter
NZ_VJTD01000006.1:136243-137485:1,WP_060244392.1,FEQ05_RS05660,,aromatic ring-hydroxylating dioxygenase subunit alpha,5_506_Stc2,5,465.1,0.9684,1.2e-139,NZ_VJTD01000006.1,136243,137485,1,Burkholderia pseudomultivorans,Bacteria; Pseudomonadati; Pseudomonadota; Betaproteobacteria; Burkholderiales; Burkholderiaceae; Burkholderia; Burkholderia cepacia complex,0,5_506_Stc2#1,core,0.9799,1,0,0,1,other > other > hypothetical > reductase > other > reductase > reductase > [alpha] > reductase
NZ_VLJW01000087.1:1677-2925:-1,WP_024849937.1,L611_RS17385,,aromatic ring-hydroxylating dioxygenase subunit alpha,5_506_Stc2,5,624.7,0.9733,4.4e-188,NZ_VLJW01000087.1,1677,2925,-1,Aminobacter sp. J15,Bacteria; Pseudomonadati; Pseudomonadota; Alphaproteobacteria; Hyphomicrobiales; Phyllobacteriaceae; Aminobacter,0,5_506_Stc2#3,core,0.7432,1,0,0,1,[alpha] > reductase > hypothetical
NZ_VNHV01000011.1:20206-21445:-1,WP_008331410.1,BD830_RS19910,,aromatic ring-hydroxylating dioxygenase subunit alpha,5_506_Stc2,5,751.9,0.9806,1e-226,NZ_VNHV01000011.1,20206,21445,-1,Maritimibacter alkaliphilus HTCC2654,Bacteria; Pseudomonadati; Pseudomonadota; Alphaproteobacteria; Rhodobacterales; Roseobacteraceae; Maritimibacter,0,5_506_Stc2#23,core,0.6814,1,0,0,1,[alpha] > reductase
NZ_VNFN01000001.1:713388-714720:-1,WP_144977671.1,FPV58_RS03535,,aromatic ring-hydroxylating dioxygenase subunit alpha,5_506_Stc2,5,117.0,0.466,5.7e-34,NZ_VNFN01000001.1,713388,714720,-1,Mycolicibacterium porcinum,Bacteria; Bacillati; Actinomycetota; Actinomycetes; Mycobacteriales; Mycobacteriaceae; Mycolicibacterium,0,5_506_Stc2#7,core,0.9242,0,0,0,0,[alpha] > regulator
NZ_VWXQ01000004.1:207620-208769:-1,WP_024068221.1,F1536_RS22005,,aromatic ring-hydroxylating dioxygenase subunit alpha,5_506_Stc2,5,72.1,0.7549,2.6e-20,NZ_VWXQ01000004.1,207620,208769,-1,Achromobacter xylosoxidans,Bacteria; Pseudomonadati; Pseudomonadota; Betaproteobacteria; Burkholderiales; Alcaligenaceae; Achromobacter,0,5_506_Stc2#9,core,0.9914,0,0,0,0,[alpha]
NZ_VZOI01000005.1:84514-85756:-1,WP_059600246.1,F7R23_RS02635,,aromatic ring-hydroxylating dioxygenase subunit alpha,5_506_Stc2,5,465.5,0.9684,9.1e-140,NZ_VZOI01000005.1,84514,85756,-1,Burkholderia diffusa,Bacteria; Pseudomonadati; Pseudomonadota; Betaproteobacteria; Burkholderiales; Burkholderiaceae; Burkholderia; Burkholderia cepacia complex,0,5_506_Stc2#1,core,0.9628,1,0,0,1,other > other > hypothetical > reductase > other > reductase > reductase > [alpha] > reductase > transporter
NZ_VZOJ01000004.1:44725-45985:1,WP_151062866.1,F7R21_RS03425,,SRPBCC family protein,5_506_Stc2,5,383.0,0.9563,1e-114,NZ_VZOJ01000004.1,44725,45985,1,Burkholderia latens,Bacteria; Pseudomonadati; Pseudomonadota; Betaproteobacteria; Burkholderiales; Burkholderiaceae; Burkholderia; Burkholderia cepacia complex,0,5_506_Stc2#20,divergent,0.5028,1,0,0,1,[alpha] > reductase > regulator
NZ_VZOL01000338.1:1873-3115:1,WP_060347946.1,F7R13_RS21195,,aromatic ring-hydroxylating dioxygenase subunit alpha,5_506_Stc2,5,466.5,0.9684,4.7e-140,NZ_VZOL01000338.1,1873,3115,1,Burkholderia territorii,Bacteria; Pseudomonadati; Pseudomonadota; Betaproteobacteria; Burkholderiales; Burkholderiaceae; Burkholderia; Burkholderia cepacia complex,0,5_506_Stc2#1,core,0.9828,1,0,0,1,reductase > reductase > [alpha] > reductase > transporter
NZ_VZOK01000005.1:80294-81536:1,WP_059562276.1,F7R25_RS04765,,aromatic ring-hydroxylating dioxygenase subunit alpha,5_506_Stc2,5,467.7,0.9684,1.9e-140,NZ_VZOK01000005.1,80294,81536,1,Burkholderia stagnalis,Bacteria; Pseudomonadati; Pseudomonadota; Betaproteobacteria; Burkholderiales; Burkholderiaceae; Burkholderia; Burkholderia cepacia complex,0,5_506_Stc2#1,core,0.957,1,0,0,1,other > other > hypothetical > reductase > other > reductase > other > [alpha] > reductase > transporter
NZ_VZPE01000003.1:304691-305939:-1,WP_024899557.1,F7Q93_RS09405,,aromatic ring-hydroxylating dioxygenase subunit alpha,5_506_Stc2,5,638.9,0.9757,2.1e-192,NZ_VZPE01000003.1,304691,305939,-1,Brucella pituitosa,Bacteria; Pseudomonadati; Pseudomonadota; Alphaproteobacteria; Hyphomicrobiales; Brucellaceae; Brucella/Ochrobactrum group; Brucella,0,5_506_Stc2#15,core,0.9208,1,0,0,1,[alpha] > reductase
NZ_VZPO01000002.1:715657-716893:1,WP_048393036.1,F7R14_RS06805,,aromatic ring-hydroxylating dioxygenase subunit alpha,5_506_Stc2,5,596.0,0.9782,2.2e-179,NZ_VZPO01000002.1,715657,716893,1,Pseudomonas lini,Bacteria; Pseudomonadati; Pseudomonadota; Gammaproteobacteria; Pseudomonadales; Pseudomonadaceae; Pseudomonas,0,5_506_Stc2#4,core,0.8676,0,0,0,0,[alpha]
NZ_WBWF01000013.1:3101-4349:-1,WP_012091722.1,F9L03_RS16720,,SRPBCC family protein,5_506_Stc2,5,640.4,0.9733,7.2e-193,NZ_WBWF01000013.1,3101,4349,-1,Brucella lupini,Bacteria; Pseudomonadati; Pseudomonadota; Alphaproteobacteria; Hyphomicrobiales; Brucellaceae; Brucella/Ochrobactrum group; Brucella,0,5_506_Stc2#15,core,0.9479,1,0,0,1,[alpha] > reductase
NZ_WBWI01000005.1:281321-282569:-1,WP_021586906.1,F9K80_RS13805,,SRPBCC family protein,5_506_Stc2,5,645.7,0.9733,1.8e-194,NZ_WBWI01000005.1,281321,282569,-1,Brucella intermedia,Bacteria; Pseudomonadati; Pseudomonadota; Alphaproteobacteria; Hyphomicrobiales; Brucellaceae; Brucella/Ochrobactrum group; Brucella,0,5_506_Stc2#15,core,0.9646,1,0,0,1,[alpha] > reductase
NZ_WIEI01000015.1:140092-141337:1,WP_028734899.1,GFL28_RS25975,,aromatic ring-hydroxylating dioxygenase subunit alpha,5_506_Stc2,5,635.4,0.9757,2.3e-191,NZ_WIEI01000015.1,140092,141337,1,Rhizobium leguminosarum bv. viciae,Bacteria; Pseudomonadati; Pseudomonadota; Alphaproteobacteria; Hyphomicrobiales; Rhizobiaceae; Rhizobium/Agrobacterium group; Rhizobium,0,5_506_Stc2#2,core,0.8474,0,0,0,0,[alpha] > other
NZ_WIEJ01000022.1:87203-88457:1,WP_018246018.1,GFL80_RS30790,,SRPBCC family protein,5_506_Stc2,5,409.8,0.966,7.5e-123,NZ_WIEJ01000022.1,87203,88457,1,Rhizobium leguminosarum bv. viciae,Bacteria; Pseudomonadati; Pseudomonadota; Alphaproteobacteria; Hyphomicrobiales; Rhizobiaceae; Rhizobium/Agrobacterium group; Rhizobium,0,5_506_Stc2#5,core,0.9624,1,0,0,1,[alpha] > reductase > other
NZ_WIEO01000010.1:220359-221604:-1,WP_028742745.1,GFM07_RS17220,,aromatic ring-hydroxylating dioxygenase subunit alpha,5_506_Stc2,5,641.0,0.9782,4.8e-193,NZ_WIEO01000010.1,220359,221604,-1,Rhizobium leguminosarum bv. viciae,Bacteria; Pseudomonadati; Pseudomonadota; Alphaproteobacteria; Hyphomicrobiales; Rhizobiaceae; Rhizobium/Agrobacterium group; Rhizobium,0,5_506_Stc2#2,core,0.8753,0,0,0,0,[alpha]
NZ_WIEZ01000017.1:14711-15956:1,WP_026158547.1,GFL91_RS26770,,aromatic ring-hydroxylating dioxygenase subunit alpha,5_506_Stc2,5,637.4,0.9782,5.8e-192,NZ_WIEZ01000017.1,14711,15956,1,Rhizobium leguminosarum bv. viciae,Bacteria; Pseudomonadati; Pseudomonadota; Alphaproteobacteria; Hyphomicrobiales; Rhizobiaceae; Rhizobium/Agrobacterium group; Rhizobium,0,5_506_Stc2#2,core,0.8401,0,0,0,0,[alpha]
NZ_WITA01000029.1:42103-43351:-1,WP_037399682.1,GHK49_RS02250,,aromatic ring-hydroxylating dioxygenase subunit alpha,5_506_Stc2,5,627.8,0.9709,4.8e-189,NZ_WITA01000029.1,42103,43351,-1,Sinorhizobium fredii,Bacteria; Pseudomonadati; Pseudomonadota; Alphaproteobacteria; Hyphomicrobiales; Rhizobiaceae; Sinorhizobium/Ensifer group; Sinorhizobium,0,5_506_Stc2#3,core,0.7097,1,0,0,1,[alpha] > reductase > hypothetical > dehydrogenase
NZ_WITA01000113.1:50108-51347:-1,WP_037432399.1,GHK49_RS10560,,aromatic ring-hydroxylating dioxygenase subunit alpha,5_506_Stc2,5,821.1,0.9951,1e-247,NZ_WITA01000113.1,50108,51347,-1,Sinorhizobium fredii,Bacteria; Pseudomonadati; Pseudomonadota; Alphaproteobacteria; Hyphomicrobiales; Rhizobiaceae; Sinorhizobium/Ensifer group; Sinorhizobium,0,5_506_Stc2#11,core,0.8898,1,0,0,1,[alpha] > reductase
NZ_WIFM01000019.1:116924-118169:-1,WP_028756678.1,GFL21_RS24705,,aromatic ring-hydroxylating dioxygenase subunit alpha,5_506_Stc2,5,635.6,0.9782,2e-191,NZ_WIFM01000019.1,116924,118169,-1,Rhizobium anhuiense,Bacteria; Pseudomonadati; Pseudomonadota; Alphaproteobacteria; Hyphomicrobiales; Rhizobiaceae; Rhizobium/Agrobacterium group; Rhizobium,0,5_506_Stc2#2,core,0.8753,0,0,0,0,[alpha] > other
NZ_WITA01000142.1:59429-60674:-1,WP_037392671.1,GHK49_RS16615,,aromatic ring-hydroxylating dioxygenase subunit alpha,5_506_Stc2,5,628.0,0.9709,4.1e-189,NZ_WITA01000142.1,59429,60674,-1,Sinorhizobium fredii,Bacteria; Pseudomonadati; Pseudomonadota; Alphaproteobacteria; Hyphomicrobiales; Rhizobiaceae; Sinorhizobium/Ensifer group; Sinorhizobium,0,5_506_Stc2#2,core,0.8257,1,0,0,1,[alpha] > reductase
NZ_WITB01000057.1:27804-29049:1,WP_066875003.1,GHJ82_RS06615,,aromatic ring-hydroxylating dioxygenase subunit alpha,5_506_Stc2,5,623.4,0.9733,1e-187,NZ_WITB01000057.1,27804,29049,1,Sinorhizobium saheli,Bacteria; Pseudomonadati; Pseudomonadota; Alphaproteobacteria; Hyphomicrobiales; Rhizobiaceae; Sinorhizobium/Ensifer group; Sinorhizobium,0,5_506_Stc2#2,core,0.8231,1,0,0,1,[alpha] > reductase
NZ_WISQ01000095.1:7464-8703:1,WP_011970764.1,GHK46_RS19335,,aromatic ring-hydroxylating dioxygenase subunit alpha,5_506_Stc2,5,842.5,0.9976,3.2e-254,NZ_WISQ01000095.1,7464,8703,1,Sinorhizobium medicae,Bacteria; Pseudomonadati; Pseudomonadota; Alphaproteobacteria; Hyphomicrobiales; Rhizobiaceae; Sinorhizobium/Ensifer group; Sinorhizobium,0,5_506_Stc2#11,core,0.8767,1,0,0,1,[alpha] > reductase
NZ_WISQ01000146.1:384158-385403:-1,WP_018208829.1,GHK46_RS31115,,aromatic ring-hydroxylating dioxygenase subunit alpha,5_506_Stc2,5,618.3,0.9733,3.6e-186,NZ_WISQ01000146.1,384158,385403,-1,Sinorhizobium medicae,Bacteria; Pseudomonadati; Pseudomonadota; Alphaproteobacteria; Hyphomicrobiales; Rhizobiaceae; Sinorhizobium/Ensifer group; Sinorhizobium,0,5_506_Stc2#2,core,0.8207,1,0,0,1,[alpha] > reductase
NZ_WJOK01000014.1:112939-114184:-1,WP_013635586.1,GH784_RS16335,,aromatic ring-hydroxylating dioxygenase subunit alpha,5_506_Stc2,5,647.8,0.9733,4.1e-195,NZ_WJOK01000014.1,112939,114184,-1,Agrobacterium tumefaciens,Bacteria; Pseudomonadati; Pseudomonadota; Alphaproteobacteria; Hyphomicrobiales; Rhizobiaceae; Rhizobium/Agrobacterium group; Agrobacterium; Agrobacterium tumefaciens complex,0,5_506_Stc2#2,core,0.8093,1,0,0,1,[alpha] > reductase
NZ_WJOL01000007.1:197851-199096:1,WP_006699899.1,GH789_RS19680,,aromatic ring-hydroxylating dioxygenase subunit alpha,5_506_Stc2,5,652.0,0.9733,2.1e-196,NZ_WJOL01000007.1,197851,199096,1,Agrobacterium pusense,Bacteria; Pseudomonadati; Pseudomonadota; Alphaproteobacteria; Hyphomicrobiales; Rhizobiaceae; Rhizobium/Agrobacterium group; Agrobacterium,0,5_506_Stc2#2,core,0.8142,1,0,0,1,[alpha] > reductase
NZ_WMCJ01000009.1:46253-47399:-1,WP_033479027.1,GPA06_RS14860,,aromatic ring-hydroxylating dioxygenase subunit alpha,5_506_Stc2,5,98.9,0.5097,1.8e-28,NZ_WMCJ01000009.1,46253,47399,-1,Xanthomonas perforans,Bacteria; Pseudomonadati; Pseudomonadota; Gammaproteobacteria; Lysobacterales; Lysobacteraceae; Xanthomonas,0,5_506_Stc2#17,novel_candidate,0.2369,0,0,0,0,other > other > regulator > other > other > other > reductase > reductase > other > [alpha] > other > other > other > other
NZ_WNDV01000003.1:33535-34777:1,WP_011354186.1,GAK33_RS06225,,aromatic ring-hydroxylating dioxygenase subunit alpha,5_506_Stc2,5,461.7,0.9684,1.3e-138,NZ_WNDV01000003.1,33535,34777,1,Burkholderia lata,Bacteria; Pseudomonadati; Pseudomonadota; Betaproteobacteria; Burkholderiales; Burkholderiaceae; Burkholderia; Burkholderia cepacia complex,0,5_506_Stc2#1,core,0.974,1,0,0,1,other > other > hypothetical > reductase > other > reductase > reductase > [alpha] > reductase > transporter
NZ_WNDV01000017.1:46161-47421:1,WP_278648814.1,GAK33_RS24540,,aromatic ring-hydroxylating dioxygenase subunit alpha,5_506_Stc2,5,381.3,0.9563,3.4e-114,NZ_WNDV01000017.1,46161,47421,1,Burkholderia lata,Bacteria; Pseudomonadati; Pseudomonadota; Betaproteobacteria; Burkholderiales; Burkholderiaceae; Burkholderia; Burkholderia cepacia complex,0,5_506_Stc2#20,divergent,0.5257,1,0,0,1,[alpha] > reductase
NZ_WOVH01000054.1:1391-2627:-1,WP_033697520.1,GNP06_RS25930,,SRPBCC family protein,5_506_Stc2,5,579.7,0.9757,1.9e-174,NZ_WOVH01000054.1,1391,2627,-1,Pseudomonas sp. TDA1,Bacteria; Pseudomonadati; Pseudomonadota; Gammaproteobacteria; Pseudomonadales; Pseudomonadaceae; Pseudomonas,0,5_506_Stc2#4,core,0.8599,0,0,0,0,[alpha]
NZ_WOTK01000002.1:40073-41321:-1,WP_032932648.1,GNX16_RS04045,,aromatic ring-hydroxylating dioxygenase subunit alpha,5_506_Stc2,5,639.4,0.9636,1.5e-192,NZ_WOTK01000002.1,40073,41321,-1,Mesorhizobium japonicum,Bacteria; Pseudomonadati; Pseudomonadota; Alphaproteobacteria; Hyphomicrobiales; Phyllobacteriaceae; Mesorhizobium,0,5_506_Stc2#3,core,0.9169,1,0,0,1,[alpha] > reductase
NZ_WPHX01000004.1:153594-154851:1,WP_060719124.1,GOZ85_RS05710,,SRPBCC family protein,5_506_Stc2,5,641.4,0.9782,3.5e-193,NZ_WPHX01000004.1,153594,154851,1,Agrobacterium vitis,Bacteria; Pseudomonadati; Pseudomonadota; Alphaproteobacteria; Hyphomicrobiales; Rhizobiaceae; Rhizobium/Agrobacterium group; Agrobacterium,0,5_506_Stc2#8,core,0.8108,1,0,0,1,[alpha] > reductase
NZ_WPID01000005.1:344873-346130:-1,WP_070167612.1,GN325_RS11250,,SRPBCC family protein,5_506_Stc2,5,639.8,0.9757,1.1e-192,NZ_WPID01000005.1,344873,346130,-1,Agrobacterium vitis,Bacteria; Pseudomonadati; Pseudomonadota; Alphaproteobacteria; Hyphomicrobiales; Rhizobiaceae; Rhizobium/Agrobacterium group; Agrobacterium,0,5_506_Stc2#8,core,0.8152,1,0,0,1,[alpha] > reductase
NZ_WSSF01000002.1:199026-200274:1,WP_002964567.1,GQS12_RS02825,,SRPBCC family protein,5_506_Stc2,5,643.8,0.9757,6.6e-194,NZ_WSSF01000002.1,199026,200274,1,Brucella abortus,Bacteria; Pseudomonadati; Pseudomonadota; Alphaproteobacteria; Hyphomicrobiales; Brucellaceae; Brucella/Ochrobactrum group; Brucella,0,5_506_Stc2#15,core,0.9837,1,0,0,1,[alpha] > reductase
NZ_WUFV01000025.1:89384-90638:1,WP_029871389.1,GR257_RS30030,,SRPBCC family protein,5_506_Stc2,5,408.6,0.966,1.8e-122,NZ_WUFV01000025.1,89384,90638,1,Rhizobium leguminosarum,Bacteria; Pseudomonadati; Pseudomonadota; Alphaproteobacteria; Hyphomicrobiales; Rhizobiaceae; Rhizobium/Agrobacterium group; Rhizobium,0,5_506_Stc2#5,core,0.9296,1,0,0,1,[alpha] > reductase
NZ_WUFB01000009.1:138681-139926:-1,WP_026188639.1,GR243_RS21015,,aromatic ring-hydroxylating dioxygenase subunit alpha,5_506_Stc2,5,636.5,0.9757,1.1e-191,NZ_WUFB01000009.1,138681,139926,-1,Rhizobium leguminosarum,Bacteria; Pseudomonadati; Pseudomonadota; Alphaproteobacteria; Hyphomicrobiales; Rhizobiaceae; Rhizobium/Agrobacterium group; Rhizobium,0,5_506_Stc2#2,core,0.8474,0,0,0,0,[alpha] > other
NZ_WWFW01000138.1:6616-7789:-1,WP_067588413.1,GTY63_RS27360,,aromatic ring-hydroxylating dioxygenase subunit alpha,5_506_Stc2,5,130.5,0.6772,4.8e-38,NZ_WWFW01000138.1,6616,7789,-1,Amycolatopsis rubida,Bacteria; Bacillati; Actinomycetota; Actinomycetes; Pseudonocardiales; Pseudonocardiaceae; Amycolatopsis,0,5_506_Stc2#69,novel_candidate,0.2663,0,0,0,0,[alpha] > transporter
NZ_WWGW01000114.1:268932-270102:1,WP_018541030.1,GTY73_RS36030,,aromatic ring-hydroxylating dioxygenase subunit alpha,5_506_Stc2,5,196.5,0.8034,4.2e-58,NZ_WWGW01000114.1,268932,270102,1,Streptomyces sp. SID8354,Bacteria; Bacillati; Actinomycetota; Actinomycetes; Kitasatosporales; Streptomycetaceae; Streptomyces,0,5_506_Stc2#0,core,0.8418,0,0,0,0,dehydrogenase > reductase > other > [alpha] > transporter
NZ_WWIE01000254.1:2949-4071:-1,WP_161343232.1,GTX07_RS16755,,aromatic ring-hydroxylating dioxygenase subunit alpha,5_506_Stc2,5,205.0,0.7985,1.2e-60,NZ_WWIE01000254.1,2949,4071,-1,Streptomyces sp. SID5606,Bacteria; Bacillati; Actinomycetota; Actinomycetes; Kitasatosporales; Streptomycetaceae; Streptomyces,0,5_506_Stc2#0,core,0.8879,0,0,0,0,dehydrogenase > reductase > other > [alpha]
NZ_WXXP01000010.1:231886-233131:-1,WP_026188639.1,GUK36_RS23525,,aromatic ring-hydroxylating dioxygenase subunit alpha,5_506_Stc2,5,636.5,0.9757,1.1e-191,NZ_WXXP01000010.1,231886,233131,-1,Rhizobium leguminosarum,Bacteria; Pseudomonadati; Pseudomonadota; Alphaproteobacteria; Hyphomicrobiales; Rhizobiaceae; Rhizobium/Agrobacterium group; Rhizobium,0,5_506_Stc2#2,core,0.8474,0,0,0,0,[alpha] > other
NZ_WXXQ01000008.1:43665-44910:-1,WP_024321276.1,GUK21_RS17140,,aromatic ring-hydroxylating dioxygenase subunit alpha,5_506_Stc2,5,641.6,0.9757,3.2e-193,NZ_WXXQ01000008.1,43665,44910,-1,Rhizobium ruizarguesonis,Bacteria; Pseudomonadati; Pseudomonadota; Alphaproteobacteria; Hyphomicrobiales; Rhizobiaceae; Rhizobium/Agrobacterium group; Rhizobium,0,5_506_Stc2#2,core,0.875,0,0,0,0,[alpha]
NZ_WXXP01000001.1:16894-18148:-1,WP_018246018.1,GUK36_RS00090,,SRPBCC family protein,5_506_Stc2,5,409.8,0.966,7.5e-123,NZ_WXXP01000001.1,16894,18148,-1,Rhizobium leguminosarum,Bacteria; Pseudomonadati; Pseudomonadota; Alphaproteobacteria; Hyphomicrobiales; Rhizobiaceae; Rhizobium/Agrobacterium group; Rhizobium,0,5_506_Stc2#5,core,0.9624,1,0,0,1,[alpha] > reductase > other
XM_001391134.1:0-1233:1,XP_001391171.1,An07g00790,,uncharacterized protein,5_506_Stc2,5,155.1,0.7427,1.5e-45,XM_001391134.1,0,1233,1,Aspergillus niger,Eukaryota; Fungi; Dikarya; Ascomycota; Pezizomycotina; Eurotiomycetes; Eurotiomycetidae; Eurotiales; Aspergillaceae; Aspergillus; Aspergillus subgen. Circumdati,0,5_506_Stc2#32,novel_candidate,0.2551,0,0,0,0,[alpha]
XM_002485512.1:0-2538:1,XP_002485557.1,TSTA_050430,,"monooxygenase, putative",5_506_Stc2,5,147.8,0.7524,2.6e-43,XM_002485512.1,0,2538,1,Talaromyces stipitatus ATCC 10500,Eukaryota; Fungi; Dikarya; Ascomycota; Pezizomycotina; Eurotiomycetes; Eurotiomycetidae; Eurotiales; Trichocomaceae; Talaromyces; Talaromyces sect. Talaromyces,0,5_506_Stc2#94,novel_candidate,0.2679,0,0,0,0,[alpha]
XM_002561432.1:0-1263:1,XP_002561478.1,Pc16g11770,,hypothetical protein,5_506_Stc2,5,110.5,0.7549,5.6e-32,XM_002561432.1,0,1263,1,Penicillium rubens Wisconsin 54-1255,Eukaryota; Fungi; Dikarya; Ascomycota; Pezizomycotina; Eurotiomycetes; Eurotiomycetidae; Eurotiales; Aspergillaceae; Penicillium; Penicillium chrysogenum species complex,0,5_506_Stc2#47,novel_candidate,0.2474,0,0,0,0,[alpha]
XM_003840000.1:0-1245:1,XP_003840048.1,IAQ61_005564,,uncharacterized protein,5_506_Stc2,5,153.1,0.6966,6.5e-45,XM_003840000.1,0,1245,1,Plenodomus lingam,Eukaryota; Fungi; Dikarya; Ascomycota; Pezizomycotina; Dothideomycetes; Pleosporomycetidae; Pleosporales; Pleosporineae; Leptosphaeriaceae; Plenodomus; Plenodomus lingam/Leptosphaeria maculans species complex,0,5_506_Stc2#93,novel_candidate,0.2674,0,0,0,0,[alpha]
XM_007277131.1:0-1242:1,XP_007277193.1,CGGC5_6348,,rieske 2fe-2s family protein,5_506_Stc2,5,144.6,0.7451,2.4e-42,XM_007277131.1,0,1242,1,Colletotrichum gloeosporioides Nara gc5,Eukaryota; Fungi; Dikarya; Ascomycota; Pezizomycotina; Sordariomycetes; Hypocreomycetidae; Glomerellales; Glomerellaceae; Colletotrichum,0,5_506_Stc2#48,novel_candidate,0.24,0,0,0,0,[alpha]
XM_007593432.1:0-1242:1,XP_007593494.1,CFIO01_01357,,Rieske domain-containing protein,5_506_Stc2,5,147.5,0.7427,3.3e-43,XM_007593432.1,0,1242,1,Colletotrichum fioriniae PJ7,Eukaryota; Fungi; Dikarya; Ascomycota; Pezizomycotina; Sordariomycetes; Hypocreomycetidae; Glomerellales; Glomerellaceae; Colletotrichum,0,5_506_Stc2#48,novel_candidate,0.2606,0,0,0,0,[alpha]
XM_007733195.1:0-1152:1,XP_007731385.1,A1O3_03055,,uncharacterized protein,5_506_Stc2,5,89.4,0.4587,1.4e-25,XM_007733195.1,0,1152,1,Capronia epimyces CBS 606.96,Eukaryota; Fungi; Dikarya; Ascomycota; Pezizomycotina; Eurotiomycetes; Chaetothyriomycetidae; Chaetothyriales; Herpotrichiellaceae; Capronia,0,5_506_Stc2#67,novel_candidate,0.2334,0,0,0,0,[alpha]
XM_007757589.1:0-1185:1,XP_007755779.1,A1O7_03570,,uncharacterized protein,5_506_Stc2,5,163.3,0.7451,5e-48,XM_007757589.1,0,1185,1,Cladophialophora yegresii CBS 114405,Eukaryota; Fungi; Dikarya; Ascomycota; Pezizomycotina; Eurotiomycetes; Chaetothyriomycetidae; Chaetothyriales; Herpotrichiellaceae; Cladophialophora,0,5_506_Stc2#92,novel_candidate,0.2754,0,0,0,0,[alpha]
XM_007758254.1:0-1308:1,XP_007756444.1,A1O7_04242,,uncharacterized protein,5_506_Stc2,5,116.3,0.6189,9.8e-34,XM_007758254.1,0,1308,1,Cladophialophora yegresii CBS 114405,Eukaryota; Fungi; Dikarya; Ascomycota; Pezizomycotina; Eurotiomycetes; Chaetothyriomycetidae; Chaetothyriales; Herpotrichiellaceae; Cladophialophora,0,5_506_Stc2#67,novel_candidate,0.2935,0,0,0,0,[alpha]
XM_007914555.1:0-1050:1,XP_007912746.1,UCRPA7_1977,,putative choline monooxygenase protein,5_506_Stc2,5,134.1,0.6141,3.7e-39,XM_007914555.1,0,1050,1,Phaeoacremonium minimum UCRPA7,Eukaryota; Fungi; Dikarya; Ascomycota; Pezizomycotina; Sordariomycetes; Sordariomycetidae; Togniniales; Togniniaceae; Phaeoacremonium,0,5_506_Stc2#47,novel_candidate,0.33,0,0,0,0,[alpha]
XM_008101993.1:0-1242:1,XP_008100184.1,GLRG_11308,,Rieske domain-containing protein,5_506_Stc2,5,143.4,0.7427,5.7e-42,XM_008101993.1,0,1242,1,Colletotrichum graminicola M1.001,Eukaryota; Fungi; Dikarya; Ascomycota; Pezizomycotina; Sordariomycetes; Hypocreomycetidae; Glomerellales; Glomerellaceae; Colletotrichum; Colletotrichum graminicola species complex,0,5_506_Stc2#48,novel_candidate,0.2529,0,0,0,0,[alpha]
XM_013411784.1:0-1218:1,XP_013267238.1,Z518_10239,,uncharacterized protein,5_506_Stc2,5,145.8,0.7985,1.1e-42,XM_013411784.1,0,1218,1,Rhinocladiella mackenziei CBS 650.93,Eukaryota; Fungi; Dikarya; Ascomycota; Pezizomycotina; Eurotiomycetes; Chaetothyriomycetidae; Chaetothyriales; Herpotrichiellaceae; Rhinocladiella,0,5_506_Stc2#47,novel_candidate,0.2658,0,0,0,0,[alpha]
XM_013427733.1:0-1242:1,XP_013283187.1,Z517_05991,,uncharacterized protein,5_506_Stc2,5,157.1,0.7573,3.8e-46,XM_013427733.1,0,1242,1,Fonsecaea pedrosoi CBS 271.37,Eukaryota; Fungi; Dikarya; Ascomycota; Pezizomycotina; Eurotiomycetes; Chaetothyriomycetidae; Chaetothyriales; Herpotrichiellaceae; Fonsecaea,0,5_506_Stc2#46,novel_candidate,0.258,0,0,0,0,[alpha]
XM_014318868.1:0-1236:1,XP_014174343.1,CMQ_5123,,rieske family domain containing protein,5_506_Stc2,5,148.9,0.801,1.2e-43,XM_014318868.1,0,1236,1,Grosmannia clavigera kw1407,Eukaryota; Fungi; Dikarya; Ascomycota; Pezizomycotina; Sordariomycetes; Sordariomycetidae; Ophiostomatales; Ophiostomataceae; Leptographium,0,5_506_Stc2#96,novel_candidate,0.265,0,0,0,0,[alpha]
XM_014677311.1:0-966:1,XP_014532797.1,PDIP_55710,,"monooxygenase, putative",5_506_Stc2,5,140.0,0.6845,5.9e-41,XM_014677311.1,0,966,1,Penicillium digitatum Pd1,Eukaryota; Fungi; Dikarya; Ascomycota; Pezizomycotina; Eurotiomycetes; Eurotiomycetidae; Eurotiales; Aspergillaceae; Penicillium,0,5_506_Stc2#32,novel_candidate,0.2542,0,0,0,0,[alpha]
XM_014682913.1:0-1134:1,XP_014538399.1,PDIP_10140,,"Naphthalene 1,2-dioxygenase subunit alpha",5_506_Stc2,5,136.0,0.6893,9.8e-40,XM_014682913.1,0,1134,1,Penicillium digitatum Pd1,Eukaryota; Fungi; Dikarya; Ascomycota; Pezizomycotina; Eurotiomycetes; Eurotiomycetidae; Eurotiales; Aspergillaceae; Penicillium,0,5_506_Stc2#46,novel_candidate,0.266,0,0,0,0,[alpha]
XM_015546888.1:0-2640:1,XP_015410236.1,ANOM_001631,,putative monooxygenase,5_506_Stc2,5,147.7,0.7379,2.7e-43,XM_015546888.1,0,2640,1,Aspergillus nomiae NRRL 13137,Eukaryota; Fungi; Dikarya; Ascomycota; Pezizomycotina; Eurotiomycetes; Eurotiomycetidae; Eurotiales; Aspergillaceae; Aspergillus; Aspergillus subgen. Circumdati,0,5_506_Stc2#32,novel_candidate,0.2639,0,0,0,0,[alpha]
XM_016739595.1:0-1218:1,XP_016596339.1,PEX2_023200,,"Aromatic-ring-hydroxylating dioxygenase, alpha subunit",5_506_Stc2,5,150.6,0.7354,3.6e-44,XM_016739595.1,0,1218,1,Penicillium expansum,Eukaryota; Fungi; Dikarya; Ascomycota; Pezizomycotina; Eurotiomycetes; Eurotiomycetidae; Eurotiales; Aspergillaceae; Penicillium,0,5_506_Stc2#32,novel_candidate,0.2353,0,0,0,0,[alpha]
XM_018391591.1:155-1403:1,XP_018250267.1,FOXG_11858,,cytochrome P450 oxidoreductase,5_506_Stc2,5,151.5,0.7476,2e-44,XM_018391591.1,155,1403,1,Fusarium oxysporum f. sp. lycopersici 4287,Eukaryota; Fungi; Dikarya; Ascomycota; Pezizomycotina; Sordariomycetes; Hypocreomycetidae; Hypocreales; Nectriaceae; Fusarium; Fusarium oxysporum species complex,0,5_506_Stc2#46,novel_candidate,0.2537,0,0,0,0,[alpha]
XM_018843972.1:0-1986:1,XP_018708422.1,ISF_00365,,"iron-sulfur cluster-binding protein, rieske family domain protein",5_506_Stc2,5,124.5,0.6748,3.2e-36,XM_018843972.1,0,1986,1,Cordyceps fumosorosea ARSEF 2679,Eukaryota; Fungi; Dikarya; Ascomycota; Pezizomycotina; Sordariomycetes; Hypocreomycetidae; Hypocreales; Cordycipitaceae; Cordyceps,0,5_506_Stc2#91,novel_candidate,0.2557,0,0,0,0,[alpha]
XM_018902648.1:0-1317:1,XP_018761434.1,FVEG_13274,,cytochrome P450 oxidoreductase,5_506_Stc2,5,143.4,0.7306,5.9e-42,XM_018902648.1,0,1317,1,Fusarium verticillioides 7600,Eukaryota; Fungi; Dikarya; Ascomycota; Pezizomycotina; Sordariomycetes; Hypocreomycetidae; Hypocreales; Nectriaceae; Fusarium; Fusarium fujikuroi species complex,0,5_506_Stc2#66,novel_candidate,0.2523,0,0,0,0,[alpha]
XM_020198095.1:0-1233:1,XP_020051102.1,ASPACDRAFT_1877202,,uncharacterized protein,5_506_Stc2,5,157.3,0.7427,3.5e-46,XM_020198095.1,0,1233,1,Aspergillus aculeatus ATCC 16872,Eukaryota; Fungi; Dikarya; Ascomycota; Pezizomycotina; Eurotiomycetes; Eurotiomycetidae; Eurotiales; Aspergillaceae; Aspergillus; Aspergillus subgen. Circumdati,0,5_506_Stc2#32,novel_candidate,0.2529,0,0,0,0,[alpha]
XM_033723453.1:0-1179:1,XP_033579058.1,BDZ99DRAFT_496612,,ISP domain-containing protein,5_506_Stc2,5,116.1,0.6505,1.1e-33,XM_033723453.1,0,1179,1,Mytilinidion resinicola,Eukaryota; Fungi; Dikarya; Ascomycota; Pezizomycotina; Dothideomycetes; Pleosporomycetidae; Mytilinidiales; Mytilinidiaceae; Mytilinidion,0,5_506_Stc2#95,novel_candidate,0.2727,0,0,0,0,[alpha]
XM_676833.1:0-1296:1,XP_681925.1,ANIA_08656,,hypothetical protein,5_506_Stc2,5,153.9,0.8083,3.7e-45,XM_676833.1,0,1296,1,Aspergillus nidulans FGSC A4,Eukaryota; Fungi; Dikarya; Ascomycota; Pezizomycotina; Eurotiomycetes; Eurotiomycetidae; Eurotiales; Aspergillaceae; Aspergillus; Aspergillus subgen. Nidulantes,0,5_506_Stc2#66,novel_candidate,0.2744,0,0,0,0,[alpha]
