candidate_id,protein_id,locus_tag,gene,product,ro_cluster,ro_group,hmm_score,model_coverage,hmm_evalue,nucleotide_id,start,end,strand,organism,taxonomy,is_plasmid,leaf_id,assignment_class,core_identity,operon_completeness,has_beta,has_ferredoxin,has_reductase,layout
NC_009427.1:151522-152944:1,WP_011906781.1,SARO_RS18545,,SRPBCC family protein,5_504_CntA,5,115.7,0.5699,1.5e-33,NC_009427.1,151522,152944,1,Novosphingobium aromaticivorans DSM 12444,Bacteria; Pseudomonadati; Pseudomonadota; Alphaproteobacteria; Sphingomonadales; Sphingomonadaceae; Novosphingobium,1,5_504_CntA#145,divergent,0.4103,0,0,0,0,other > [alpha] > other > alpha_other > other > other > alpha_other > reductase > hypothetical > reductase
NC_009427.1:153492-154827:1,WP_011906783.1,SARO_RS18555,,SRPBCC family protein,5_504_CntA,5,106.2,0.5403,1.1e-30,NC_009427.1,153492,154827,1,Novosphingobium aromaticivorans DSM 12444,Bacteria; Pseudomonadati; Pseudomonadota; Alphaproteobacteria; Sphingomonadales; Sphingomonadaceae; Novosphingobium,1,5_504_CntA#10,core,0.8129,0,0,0,0,other > alpha_other > other > [alpha] > other > other > alpha_other > reductase > hypothetical > reductase
NC_010801.1:164997-166146:-1,WP_012218347.1,BMULJ_RS27550,,Rieske 2Fe-2S domain-containing protein,5_504_CntA,5,766.3,0.9946,2.8e-231,NC_010801.1,164997,166146,-1,Burkholderia multivorans ATCC 17616,Bacteria; Pseudomonadati; Pseudomonadota; Betaproteobacteria; Burkholderiales; Burkholderiaceae; Burkholderia; Burkholderia cepacia complex,0,5_504_CntA#0,core,0.726,0,0,0,0,[alpha] > dehydrogenase > reductase
NC_013745.1:289600-290734:-1,WP_012945720.1,HTUR_RS22810,,aromatic ring-hydroxylating dioxygenase subunit alpha,5_504_CntA,5,183.4,0.9409,3.9e-54,NC_013745.1,289600,290734,-1,Haloterrigena turkmenica DSM 5511,Archaea; Methanobacteriati; Methanobacteriota; Stenosarchaea group; Halobacteria; Halobacteriales; Natrialbaceae; Haloterrigena,1,5_504_CntA#4,core,0.7188,0,0,0,0,hypothetical > [alpha] > hypothetical > transposon
NC_013745.1:342548-343682:-1,WP_012945756.1,HTUR_RS22995,,aromatic ring-hydroxylating dioxygenase subunit alpha,5_504_CntA,5,179.4,0.9462,6.5e-53,NC_013745.1,342548,343682,-1,Haloterrigena turkmenica DSM 5511,Archaea; Methanobacteriati; Methanobacteriota; Stenosarchaea group; Halobacteria; Halobacteriales; Natrialbaceae; Haloterrigena,1,5_504_CntA#4,core,0.7131,0,0,0,0,[alpha] > hypothetical
NC_013856.1:165981-167331:-1,WP_012976668.1,AZL_RS22095,,SRPBCC family protein,5_504_CntA,5,138.0,0.5968,2.5e-40,NC_013856.1,165981,167331,-1,Azospirillum sp. B510,Bacteria; Pseudomonadati; Pseudomonadota; Alphaproteobacteria; Rhodospirillales; Azospirillaceae; Azospirillum,1,5_504_CntA#54,novel_candidate,0.323,0,0,0,0,[alpha]
NC_021288.1:858040-859189:1,WP_016347612.1,BRPE64_RS24525,,Rieske 2Fe-2S domain-containing protein,5_504_CntA,5,136.4,0.5349,7.7e-40,NC_021288.1,858040,859189,1,Caballeronia insecticola,Bacteria; Pseudomonadati; Pseudomonadota; Betaproteobacteria; Burkholderiales; Burkholderiaceae; Caballeronia,0,5_504_CntA#8,core,0.9375,0,0,0,0,[alpha] > transporter > transporter > transporter > transporter
NC_023146.1:91904-93059:-1,WP_024092723.1,METH_RS20640,,aromatic ring-hydroxylating dioxygenase subunit alpha,5_504_CntA,5,121.1,0.8656,3.4e-35,NC_023146.1,91904,93059,-1,Leisingera methylohalidivorans DSM 14336,Bacteria; Pseudomonadati; Pseudomonadota; Alphaproteobacteria; Rhodobacterales; Roseobacteraceae; Leisingera,1,5_504_CntA#11,core,0.9235,0,0,0,0,regulator > regulator > [alpha] > dehydrogenase > hypothetical > dehydrogenase > ring_cleavage
NZ_AAYC01000002.1:453615-454764:-1,WP_037253816.1,RSK20926_RS05305,,aromatic ring-hydroxylating dioxygenase subunit alpha,5_504_CntA,5,143.1,0.5833,6.8e-42,NZ_AAYC01000002.1,453615,454764,-1,Roseobacter sp. SK209-2-6,Bacteria; Pseudomonadati; Pseudomonadota; Alphaproteobacteria; Rhodobacterales; Roseobacteraceae; Roseobacter,0,5_504_CntA#97,novel_candidate,0.3866,1,0,0,1,other > other > other > other > reductase > other > [alpha]
NZ_ABHU01000012.1:102880-104005:1,WP_000067822.1,ECH7EC869_RS17300,yeaW,"carnitine monooxygenase, oxygenase subunit YeaW",5_504_CntA,5,748.6,0.9866,6.7e-226,NZ_ABHU01000012.1,102880,104005,1,Escherichia coli O157:H7 str. EC869,Bacteria; Pseudomonadati; Pseudomonadota; Gammaproteobacteria; Enterobacterales; Enterobacteriaceae; Escherichia,0,5_504_CntA#0,core,1.0,1,0,0,1,transporter > [alpha] > reductase
NZ_ABCL01000007.1:221592-222750:-1,WP_008282127.1,RTM1035_RS14800,,aromatic ring-hydroxylating dioxygenase subunit alpha,5_504_CntA,5,111.7,0.8683,2.4e-32,NZ_ABCL01000007.1,221592,222750,-1,Roseovarius sp. TM1035,Bacteria; Pseudomonadati; Pseudomonadota; Alphaproteobacteria; Rhodobacterales; Roseobacteraceae; Roseovarius,0,5_504_CntA#42,core,0.6805,0,0,0,0,other > other > [alpha] > hypothetical
NZ_ADGX01000038.1:48294-49440:-1,WP_369809794.1,FREUN1FDRAFT_RS13990,,aromatic ring-hydroxylating dioxygenase subunit alpha,5_504_CntA,5,86.4,0.5242,1.1e-24,NZ_ADGX01000038.1,48294,49440,-1,Parafrankia sp. EUN1f,Bacteria; Bacillati; Actinomycetota; Actinomycetes; Frankiales; Frankiaceae; Parafrankia,0,5_504_CntA#29,divergent,0.546,0,0,0,0,[alpha]
NZ_ADGX01000060.1:10448-11735:-1,WP_006541742.1,FREUN1FDRAFT_RS18905,,aromatic ring-hydroxylating dioxygenase subunit alpha,5_504_CntA,5,129.8,0.5699,7.6e-38,NZ_ADGX01000060.1,10448,11735,-1,Parafrankia sp. EUN1f,Bacteria; Bacillati; Actinomycetota; Actinomycetes; Frankiales; Frankiaceae; Parafrankia,0,5_504_CntA#71,novel_candidate,0.2629,0,0,0,0,dehydrogenase > other > hydrolase > [alpha] > hydrolase > other > hypothetical
NZ_ACFC01000004.1:271304-272453:1,WP_006405363.1,BURMUCGD2_RS11465,,Rieske 2Fe-2S domain-containing protein,5_504_CntA,5,772.0,0.9946,5.2e-233,NZ_ACFC01000004.1,271304,272453,1,Burkholderia multivorans CGD2,Bacteria; Pseudomonadati; Pseudomonadota; Betaproteobacteria; Burkholderiales; Burkholderiaceae; Burkholderia; Burkholderia cepacia complex,0,5_504_CntA#0,core,0.7528,0,0,0,0,[alpha] > dehydrogenase > reductase
NZ_ADIK01000029.1:204902-206027:1,WP_000067822.1,EAMG_RS10975,yeaW,"carnitine monooxygenase, oxygenase subunit YeaW",5_504_CntA,5,748.6,0.9866,6.7e-226,NZ_ADIK01000029.1,204902,206027,1,Escherichia coli M056,Bacteria; Pseudomonadati; Pseudomonadota; Gammaproteobacteria; Enterobacterales; Enterobacteriaceae; Escherichia,0,5_504_CntA#0,core,1.0,1,0,0,1,transporter > [alpha] > reductase
NZ_AEEB01000001.1:91826-92978:1,WP_009462801.1,R2A130_RS00435,,aromatic ring-hydroxylating dioxygenase subunit alpha,5_504_CntA,5,133.0,0.8763,8.3e-39,NZ_AEEB01000001.1,91826,92978,1,Ahrensia sp. R2A130,Bacteria; Pseudomonadati; Pseudomonadota; Alphaproteobacteria; Hyphomicrobiales; Ahrensiaceae; Ahrensia,0,5_504_CntA#232,core,0.5779,0,0,0,0,other > other > [alpha] > hypothetical
NZ_ADWQ01000002.1:166387-167512:-1,WP_001061752.1,HMPREF9350_RS22860,yeaW,"carnitine monooxygenase, oxygenase subunit YeaW",5_504_CntA,5,748.5,0.9866,7.1e-226,NZ_ADWQ01000002.1,166387,167512,-1,Escherichia coli MS 85-1,Bacteria; Pseudomonadati; Pseudomonadota; Gammaproteobacteria; Enterobacterales; Enterobacteriaceae; Escherichia,0,5_504_CntA#0,core,0.9972,1,0,0,1,transporter > [alpha] > reductase
NZ_AEJF01000062.1:189612-190779:-1,WP_047846157.1,EOS_RS08495,,aromatic ring-hydroxylating dioxygenase subunit alpha,5_504_CntA,5,260.2,0.957,1.8e-77,NZ_AEJF01000062.1,189612,190779,-1,Caballeronia mineralivorans PML1(12),Bacteria; Pseudomonadati; Pseudomonadota; Betaproteobacteria; Burkholderiales; Burkholderiaceae; Caballeronia,0,5_504_CntA#7,core,0.688,0,0,0,0,[alpha] > dehydrogenase > reductase > regulator
NZ_AEJF01000245.1:33456-34698:-1,WP_047897760.1,EOS_RS39980,,aromatic ring-hydroxylating dioxygenase subunit alpha,5_504_CntA,5,127.3,0.5349,4.3e-37,NZ_AEJF01000245.1,33456,34698,-1,Caballeronia mineralivorans PML1(12),Bacteria; Pseudomonadati; Pseudomonadota; Betaproteobacteria; Burkholderiales; Burkholderiaceae; Caballeronia,0,5_504_CntA#96,novel_candidate,0.2891,0,0,0,0,transporter > other > transporter > [alpha] > transporter > transporter > transporter > ring_cleavage > reductase > hydrolase > regulator
NZ_AERY01000017.1:2907-4098:1,WP_001088747.1,ABWM_RS0102040,,aromatic ring-hydroxylating dioxygenase subunit alpha,5_504_CntA,5,135.2,0.8737,1.8e-39,NZ_AERY01000017.1,2907,4098,1,Acinetobacter baumannii WM99c,Bacteria; Pseudomonadati; Pseudomonadota; Gammaproteobacteria; Moraxellales; Moraxellaceae; Acinetobacter; Acinetobacter calcoaceticus/baumannii complex,0,5_504_CntA#16,core,0.9912,1,0,0,1,[alpha] > dehydrogenase > other > reductase > reductase > other
NZ_AERY01000143.1:18673-19789:1,WP_001277084.1,ABWM_RS0118375,cntA,carnitine monooxygenase subunit alpha,5_504_CntA,5,821.1,0.9973,6.2e-248,NZ_AERY01000143.1,18673,19789,1,Acinetobacter baumannii WM99c,Bacteria; Pseudomonadati; Pseudomonadota; Gammaproteobacteria; Moraxellales; Moraxellaceae; Acinetobacter; Acinetobacter calcoaceticus/baumannii complex,0,5_504_CntA#0,core,0.986,1,0,0,1,dehydrogenase > transporter > hydrolase > [alpha] > dehydrogenase > reductase
NZ_ADIZ01000027.1:243532-244657:1,WP_001613237.1,ECXG_RS14515,yeaW,"carnitine monooxygenase, oxygenase subunit YeaW",5_504_CntA,5,745.3,0.9866,6.8e-225,NZ_ADIZ01000027.1,243532,244657,1,Escherichia coli TA447,Bacteria; Pseudomonadati; Pseudomonadota; Gammaproteobacteria; Enterobacterales; Enterobacteriaceae; Escherichia,0,5_504_CntA#0,core,0.9972,1,0,0,1,transporter > [alpha] > reductase
NZ_ADJB01000058.1:234588-235713:1,WP_000067822.1,ECVG_RS12980,yeaW,"carnitine monooxygenase, oxygenase subunit YeaW",5_504_CntA,5,748.6,0.9866,6.7e-226,NZ_ADJB01000058.1,234588,235713,1,Escherichia coli H386,Bacteria; Pseudomonadati; Pseudomonadota; Gammaproteobacteria; Enterobacterales; Enterobacteriaceae; Escherichia,0,5_504_CntA#0,core,1.0,1,0,0,1,transporter > [alpha] > reductase
NZ_AFCF02000016.1:45874-47029:-1,WP_019296941.1,GC1_RS21305,,aromatic ring-hydroxylating dioxygenase subunit alpha,5_504_CntA,5,124.4,0.8656,3.2e-36,NZ_AFCF02000016.1,45874,47029,-1,Leisingera sp. ANG1,Bacteria; Pseudomonadati; Pseudomonadota; Alphaproteobacteria; Rhodobacterales; Roseobacteraceae; Leisingera,0,5_504_CntA#11,core,0.9444,0,0,0,0,regulator > [alpha] > dehydrogenase > hypothetical > dehydrogenase > ring_cleavage
NZ_AFAA02000029.1:251320-252445:1,WP_000067837.1,EC40967_RS17480,yeaW,"carnitine monooxygenase, oxygenase subunit YeaW",5_504_CntA,5,746.9,0.9866,2.3e-225,NZ_AFAA02000029.1,251320,252445,1,Escherichia coli 4.0967,Bacteria; Pseudomonadati; Pseudomonadota; Gammaproteobacteria; Enterobacterales; Enterobacteriaceae; Escherichia,0,5_504_CntA#0,core,1.0,1,0,0,1,transporter > [alpha] > reductase
NZ_AFCF02000003.1:54666-55806:1,WP_029204624.1,GC1_RS06400,,SRPBCC family protein,5_504_CntA,5,314.1,0.9866,7.4e-94,NZ_AFCF02000003.1,54666,55806,1,Leisingera sp. ANG1,Bacteria; Pseudomonadati; Pseudomonadota; Alphaproteobacteria; Rhodobacterales; Roseobacteraceae; Leisingera,0,5_504_CntA#6,core,0.9083,0,0,0,0,regulator > [alpha] > other > reductase > other > dehydrogenase > reductase > dehydrogenase
NZ_AFCF02000003.1:160674-161763:-1,WP_019296324.1,GC1_RS06895,,aromatic ring-hydroxylating dioxygenase subunit alpha,5_504_CntA,5,231.8,0.9328,7.5e-69,NZ_AFCF02000003.1,160674,161763,-1,Leisingera sp. ANG1,Bacteria; Pseudomonadati; Pseudomonadota; Alphaproteobacteria; Rhodobacterales; Roseobacteraceae; Leisingera,0,5_504_CntA#5,core,0.8559,0,0,0,0,regulator > [alpha] > dehydrogenase > ring_cleavage > transposon
NZ_AFCF02000007.1:117470-118658:-1,WP_019294992.1,GC1_RS12345,,aromatic ring-hydroxylating dioxygenase subunit alpha,5_504_CntA,5,142.4,0.6263,1.1e-41,NZ_AFCF02000007.1,117470,118658,-1,Leisingera sp. ANG1,Bacteria; Pseudomonadati; Pseudomonadota; Alphaproteobacteria; Rhodobacterales; Roseobacteraceae; Leisingera,0,5_504_CntA#97,novel_candidate,0.3965,1,0,0,1,other > other > other > other > reductase > other > [alpha]
NZ_AEZJ02000009.1:142416-143541:-1,WP_000067822.1,EC970246_RS21820,yeaW,"carnitine monooxygenase, oxygenase subunit YeaW",5_504_CntA,5,748.6,0.9866,6.7e-226,NZ_AEZJ02000009.1,142416,143541,-1,Escherichia coli 97.0246,Bacteria; Pseudomonadati; Pseudomonadota; Gammaproteobacteria; Enterobacterales; Enterobacteriaceae; Escherichia,0,5_504_CntA#0,core,1.0,1,0,0,1,transporter > [alpha] > reductase
NZ_AFMP01000023.1:58990-60283:-1,WP_232455636.1,GIK_RS0106655,,aromatic ring-hydroxylating dioxygenase subunit alpha,5_504_CntA,5,107.0,0.5753,6.6e-31,NZ_AFMP01000023.1,58990,60283,-1,Sphingomonas sp. KC8,Bacteria; Pseudomonadati; Pseudomonadota; Alphaproteobacteria; Sphingomonadales; Sphingomonadaceae; Sphingomonas,0,5_504_CntA#135,novel_candidate,0.3268,0,0,0,0,[alpha] > other > other > reductase
NZ_AHAM01000042.1:29879-31079:-1,WP_008834980.1,MAXJ12_RS06410,,aromatic ring-hydroxylating dioxygenase subunit alpha,5_504_CntA,5,136.4,0.5323,7.3e-40,NZ_AHAM01000042.1,29879,31079,-1,Mesorhizobium alhagi CCNWXJ12-2,Bacteria; Pseudomonadati; Pseudomonadota; Alphaproteobacteria; Hyphomicrobiales; Phyllobacteriaceae; Mesorhizobium,0,5_504_CntA#2,core,0.8193,0,0,0,0,[alpha]
NZ_AHZC01000067.1:6274-7474:-1,WP_007599032.1,PDO_RS05725,,SRPBCC family protein,5_504_CntA,5,129.1,0.5323,1.2e-37,NZ_AHZC01000067.1,6274,7474,-1,Rhizobium sp. PDO1-076,Bacteria; Pseudomonadati; Pseudomonadota; Alphaproteobacteria; Hyphomicrobiales; Rhizobiaceae; Rhizobium/Agrobacterium group; Rhizobium,0,5_504_CntA#134,core,0.5994,0,0,0,0,transporter > [alpha]
NZ_AJJH01000142.1:37767-38877:-1,WP_007299738.1,W59_RS25435,,aromatic ring-hydroxylating dioxygenase subunit alpha,5_504_CntA,5,148.4,0.5538,1.7e-43,NZ_AJJH01000142.1,37767,38877,-1,Rhodococcus opacus RKJ300 = JCM 13270,Bacteria; Bacillati; Actinomycetota; Actinomycetes; Mycobacteriales; Nocardiaceae; Rhodococcus,0,5_504_CntA#227,novel_candidate,0.296,1,0,0,1,[alpha] > ferredoxin > reductase > transporter > dehydrogenase > regulator > other > reductase
NZ_AJLS01000148.1:14990-16088:-1,WP_007087697.1,BABA_RS23175,,aromatic ring-hydroxylating dioxygenase subunit alpha,5_504_CntA,5,244.6,0.8978,1e-72,NZ_AJLS01000148.1,14990,16088,-1,Neobacillus bataviensis LMG 21833,Bacteria; Bacillati; Bacillota; Bacilli; Bacillales; Bacillaceae; Neobacillus,0,5_504_CntA#52,novel_candidate,0.3447,1,0,0,1,[alpha] > transporter > reductase
NZ_AJWE01000106.1:21350-22580:1,WP_007822701.1,PMI11_RS24880,,aromatic ring-hydroxylating dioxygenase subunit alpha,5_504_CntA,5,152.1,0.5349,1.3e-44,NZ_AJWE01000106.1,21350,22580,1,Rhizobium sp. CF142,Bacteria; Pseudomonadati; Pseudomonadota; Alphaproteobacteria; Hyphomicrobiales; Rhizobiaceae; Rhizobium/Agrobacterium group; Rhizobium,0,5_504_CntA#226,novel_candidate,0.2741,1,0,0,1,[alpha] > reductase
NZ_AJYC02000049.1:21656-22823:-1,WP_005257302.1,WSS_RS15460,,aromatic ring-hydroxylating dioxygenase subunit alpha,5_504_CntA,5,142.1,0.879,1.4e-41,NZ_AJYC02000049.1,21656,22823,-1,Rhodococcus opacus M213,Bacteria; Bacillati; Actinomycetota; Actinomycetes; Mycobacteriales; Nocardiaceae; Rhodococcus,0,5_504_CntA#133,novel_candidate,0.2768,0,0,0,0,[alpha]
NZ_AKBN02000009.1:40560-41706:-1,WP_010373665.1,A11K_RS09055,,aromatic ring-hydroxylating dioxygenase subunit alpha,5_504_CntA,5,96.8,0.5349,8.3e-28,NZ_AKBN02000009.1,40560,41706,-1,Xanthomonas vasicola pv. vasculorum NCPPB 890,Bacteria; Pseudomonadati; Pseudomonadota; Gammaproteobacteria; Lysobacterales; Lysobacteraceae; Xanthomonas,0,5_504_CntA#93,novel_candidate,0.2205,0,0,0,0,other > other > regulator > other > other > other > reductase > reductase > other > [alpha] > other > other
NZ_AKFJ01000007.1:107953-109171:-1,WP_008993372.1,WSK_RS02000,,aromatic ring-hydroxylating dioxygenase subunit alpha,5_504_CntA,5,125.7,0.5565,1.3e-36,NZ_AKFJ01000007.1,107953,109171,-1,Novosphingobium sp. Rr 2-17,Bacteria; Pseudomonadati; Pseudomonadota; Alphaproteobacteria; Sphingomonadales; Sphingomonadaceae; Novosphingobium,0,5_504_CntA#53,novel_candidate,0.2792,0,0,0,0,other > [alpha]
NZ_AKFJ01000061.1:0-1128:-1,WP_008994951.1,WSK_RS09735,,SRPBCC family protein,5_504_CntA,5,139.2,0.5376,1.1e-40,NZ_AKFJ01000061.1,0,1128,-1,Novosphingobium sp. Rr 2-17,Bacteria; Pseudomonadati; Pseudomonadota; Alphaproteobacteria; Sphingomonadales; Sphingomonadaceae; Novosphingobium,0,5_504_CntA#137,novel_candidate,0.3697,0,0,0,0,other > [alpha]
NZ_AKIV01000046.1:3591-4710:1,WP_007865747.1,PMI15_RS06965,,aromatic ring-hydroxylating dioxygenase subunit alpha,5_504_CntA,5,69.9,0.586,1.2e-19,NZ_AKIV01000046.1,3591,4710,1,Polaromonas sp. CF318,Bacteria; Pseudomonadati; Pseudomonadota; Betaproteobacteria; Burkholderiales; Comamonadaceae; Polaromonas,0,5_504_CntA#41,novel_candidate,0.2114,0,0,0,0,[alpha]
NZ_AKFJ01000085.1:271384-272620:1,WP_008995770.1,WSK_RS13735,,SRPBCC family protein,5_504_CntA,5,126.3,0.5457,8.6e-37,NZ_AKFJ01000085.1,271384,272620,1,Novosphingobium sp. Rr 2-17,Bacteria; Pseudomonadati; Pseudomonadota; Alphaproteobacteria; Sphingomonadales; Sphingomonadaceae; Novosphingobium,0,5_504_CntA#92,novel_candidate,0.2848,0,0,0,0,[alpha] > other > other > other > hydrolase
NZ_AKJA01000013.1:94281-95436:-1,WP_008111662.1,PMI40_RS02220,,aromatic ring-hydroxylating dioxygenase subunit alpha,5_504_CntA,5,105.2,0.8468,2.2e-30,NZ_AKJA01000013.1,94281,95436,-1,Herbaspirillum sp. YR522,Bacteria; Pseudomonadati; Pseudomonadota; Betaproteobacteria; Burkholderiales; Oxalobacteraceae; Herbaspirillum,0,5_504_CntA#224,novel_candidate,0.2366,0,0,0,0,hypothetical > other > other > other > [alpha] > other > other > other > other > other > reductase > other > reductase > other > hypothetical > other > reductase > other
NZ_AKJF01000017.1:67004-68123:-1,WP_008054968.1,PMI35_RS29820,,aromatic ring-hydroxylating dioxygenase subunit alpha,5_504_CntA,5,762.2,0.9973,5.1e-230,NZ_AKJF01000017.1,67004,68123,-1,Pseudomonas sp. GM78,Bacteria; Pseudomonadati; Pseudomonadota; Gammaproteobacteria; Pseudomonadales; Pseudomonadaceae; Pseudomonas,0,5_504_CntA#0,core,0.7358,0,0,0,0,transporter > [alpha] > dehydrogenase > reductase
NZ_AKIZ01000008.1:39541-40738:1,WP_008121683.1,PMI41_RS24135,,aromatic ring-hydroxylating dioxygenase subunit alpha,5_504_CntA,5,132.5,0.5269,1.1e-38,NZ_AKIZ01000008.1,39541,40738,1,Phyllobacterium sp. YR531,Bacteria; Pseudomonadati; Pseudomonadota; Alphaproteobacteria; Hyphomicrobiales; Phyllobacteriaceae; Phyllobacterium,0,5_504_CntA#223,novel_candidate,0.2646,0,0,0,0,[alpha] > hypothetical > other
NZ_AKJL01000308.1:3880-5050:-1,WP_008003800.1,PMI29_RS02165,,aromatic ring-hydroxylating dioxygenase subunit alpha,5_504_CntA,5,257.6,0.9543,1.1e-76,NZ_AKJL01000308.1,3880,5050,-1,Pseudomonas sp. GM49,Bacteria; Pseudomonadati; Pseudomonadota; Gammaproteobacteria; Pseudomonadales; Pseudomonadaceae; Pseudomonas,0,5_504_CntA#7,core,0.9777,0,0,0,0,[alpha]
NZ_AKJM01000045.1:12352-13522:-1,WP_007984230.1,PMI28_RS21370,,aromatic ring-hydroxylating dioxygenase subunit alpha,5_504_CntA,5,256.6,0.9543,2.2e-76,NZ_AKJM01000045.1,12352,13522,-1,Pseudomonas sp. GM48,Bacteria; Pseudomonadati; Pseudomonadota; Gammaproteobacteria; Pseudomonadales; Pseudomonadaceae; Pseudomonas,0,5_504_CntA#7,core,0.9749,0,0,0,0,[alpha]
NZ_AKJS01000019.1:15408-16578:1,WP_007943406.1,PMI22_RS24475,,aromatic ring-hydroxylating dioxygenase subunit alpha,5_504_CntA,5,258.6,0.9543,5.6e-77,NZ_AKJS01000019.1,15408,16578,1,Pseudomonas sp. GM21,Bacteria; Pseudomonadati; Pseudomonadota; Gammaproteobacteria; Pseudomonadales; Pseudomonadaceae; Pseudomonas,0,5_504_CntA#7,core,0.9496,0,0,0,0,[alpha]
NZ_AKJQ01000041.1:35830-37000:-1,WP_007955912.1,PMI24_RS16765,,aromatic ring-hydroxylating dioxygenase subunit alpha,5_504_CntA,5,251.2,0.9543,9.4e-75,NZ_AKJQ01000041.1,35830,37000,-1,Pseudomonas sp. GM25,Bacteria; Pseudomonadati; Pseudomonadota; Gammaproteobacteria; Pseudomonadales; Pseudomonadaceae; Pseudomonas,0,5_504_CntA#7,core,0.9169,0,0,0,0,[alpha] > dehydrogenase > regulator
NZ_AKKE01000011.1:4918-6256:1,WP_007678348.1,PMI02_RS02690,,SRPBCC family protein,5_504_CntA,5,106.4,0.5349,9.9e-31,NZ_AKKE01000011.1,4918,6256,1,Novosphingobium sp. AP12,Bacteria; Pseudomonadati; Pseudomonadota; Alphaproteobacteria; Sphingomonadales; Sphingomonadaceae; Novosphingobium,0,5_504_CntA#50,divergent,0.4307,0,0,0,0,[alpha]
NZ_AKKE01000034.1:6549-7788:1,WP_007680539.1,PMI02_RS06690,,SRPBCC family protein,5_504_CntA,5,134.5,0.5538,2.9e-39,NZ_AKKE01000034.1,6549,7788,1,Novosphingobium sp. AP12,Bacteria; Pseudomonadati; Pseudomonadota; Alphaproteobacteria; Sphingomonadales; Sphingomonadaceae; Novosphingobium,0,5_504_CntA#92,novel_candidate,0.2695,0,0,0,0,[alpha] > other > other > other
NZ_AKKE01000034.1:21977-23171:-1,WP_007680569.1,PMI02_RS06760,,aromatic ring-hydroxylating dioxygenase subunit alpha,5_504_CntA,5,125.1,0.707,2e-36,NZ_AKKE01000034.1,21977,23171,-1,Novosphingobium sp. AP12,Bacteria; Pseudomonadati; Pseudomonadota; Alphaproteobacteria; Sphingomonadales; Sphingomonadaceae; Novosphingobium,0,5_504_CntA#53,novel_candidate,0.2771,0,0,0,0,other > [alpha] > hydrolase
NZ_AKKE01000079.1:32118-33453:1,WP_007683541.1,PMI02_RS13510,,SRPBCC family protein,5_504_CntA,5,125.6,0.5269,1.4e-36,NZ_AKKE01000079.1,32118,33453,1,Novosphingobium sp. AP12,Bacteria; Pseudomonadati; Pseudomonadota; Alphaproteobacteria; Sphingomonadales; Sphingomonadaceae; Novosphingobium,0,5_504_CntA#10,core,0.8512,0,0,0,0,other > [alpha] > other
NZ_AKJZ01000007.1:102646-103720:1,WP_007803743.1,PMI10_RS01530,,aromatic ring-hydroxylating dioxygenase subunit alpha,5_504_CntA,5,102.7,0.8629,1.3e-29,NZ_AKJZ01000007.1,102646,103720,1,Flavobacterium sp. CF136,Bacteria; Pseudomonadati; Bacteroidota; Flavobacteriia; Flavobacteriales; Flavobacteriaceae; Flavobacterium,0,5_504_CntA#132,novel_candidate,0.2181,0,0,0,0,other > other > other > other > other > other > other > other > other > other > other > [alpha] > reductase > other > other
NZ_AKKE01000139.1:48183-49353:-1,WP_007686355.1,PMI02_RS20180,,aromatic ring-hydroxylating dioxygenase subunit alpha,5_504_CntA,5,169.5,0.8952,6.5e-50,NZ_AKKE01000139.1,48183,49353,-1,Novosphingobium sp. AP12,Bacteria; Pseudomonadati; Pseudomonadota; Alphaproteobacteria; Sphingomonadales; Sphingomonadaceae; Novosphingobium,0,5_504_CntA#27,novel_candidate,0.3554,1,0,0,1,[alpha] > reductase
NZ_AKKE01000156.1:25742-27191:1,WP_007687039.1,PMI02_RS21810,,SRPBCC family protein,5_504_CntA,5,95.0,0.5269,2.9e-27,NZ_AKKE01000156.1,25742,27191,1,Novosphingobium sp. AP12,Bacteria; Pseudomonadati; Pseudomonadota; Alphaproteobacteria; Sphingomonadales; Sphingomonadaceae; Novosphingobium,0,5_504_CntA#18,core,0.8941,0,0,0,0,[alpha] > other
NZ_AKKF01000154.1:127-1270:1,WP_007669092.1,PMI01_RS12885,,aromatic ring-hydroxylating dioxygenase subunit alpha,5_504_CntA,5,151.0,0.8817,2.7e-44,NZ_AKKF01000154.1,127,1270,1,Caulobacter sp. AP07,Bacteria; Pseudomonadati; Pseudomonadota; Alphaproteobacteria; Caulobacterales; Caulobacteraceae; Caulobacter,0,5_504_CntA#69,novel_candidate,0.3442,0,0,0,0,[alpha]
NZ_AKKF01000167.1:21762-22938:-1,WP_007669982.1,PMI01_RS14425,,aromatic ring-hydroxylating dioxygenase subunit alpha,5_504_CntA,5,149.2,0.5376,9.8e-44,NZ_AKKF01000167.1,21762,22938,-1,Caulobacter sp. AP07,Bacteria; Pseudomonadati; Pseudomonadota; Alphaproteobacteria; Caulobacterales; Caulobacteraceae; Caulobacter,0,5_504_CntA#219,novel_candidate,0.2981,0,0,0,0,hydrolase > [alpha] > other > alpha_other > alpha_other
NZ_AKKF01000205.1:51744-52953:1,WP_007672377.1,PMI01_RS26140,,aromatic ring-hydroxylating dioxygenase subunit alpha,5_504_CntA,5,148.5,0.6102,1.6e-43,NZ_AKKF01000205.1,51744,52953,1,Caulobacter sp. AP07,Bacteria; Pseudomonadati; Pseudomonadota; Alphaproteobacteria; Caulobacterales; Caulobacteraceae; Caulobacter,0,5_504_CntA#218,novel_candidate,0.2465,0,0,0,0,[alpha] > other > reductase
NZ_AKNB01000227.1:4528-5653:1,WP_000067827.1,BC79_RS13990,yeaW,"carnitine monooxygenase, oxygenase subunit YeaW",5_504_CntA,5,746.2,0.9866,3.5e-225,NZ_AKNB01000227.1,4528,5653,1,Shigella boydii 4444-74,Bacteria; Pseudomonadati; Pseudomonadota; Gammaproteobacteria; Enterobacterales; Enterobacteriaceae; Shigella,0,5_504_CntA#0,core,0.9972,1,0,0,1,transporter > [alpha] > reductase
NZ_AKMW01000041.1:20910-22035:-1,WP_000067827.1,BE85_RS14575,yeaW,"carnitine monooxygenase, oxygenase subunit YeaW",5_504_CntA,5,746.2,0.9866,3.5e-225,NZ_AKMW01000041.1,20910,22035,-1,Shigella flexneri CCH060,Bacteria; Pseudomonadati; Pseudomonadota; Gammaproteobacteria; Enterobacterales; Enterobacteriaceae; Shigella,0,5_504_CntA#0,core,0.9972,1,0,0,1,transporter > [alpha] > reductase
NZ_AMFQ01000132.1:130120-131236:1,WP_009586752.1,ACINWC743_RS20355,cntA,carnitine monooxygenase subunit alpha,5_504_CntA,5,807.6,0.9973,7.7e-244,NZ_AMFQ01000132.1,130120,131236,1,Acinetobacter sp. WC-743,Bacteria; Pseudomonadati; Pseudomonadota; Gammaproteobacteria; Moraxellales; Moraxellaceae; Acinetobacter,0,5_504_CntA#0,core,0.9155,1,0,0,1,dehydrogenase > transporter > hydrolase > [alpha] > dehydrogenase > reductase
NZ_AMSS01000089.1:14704-15820:-1,WP_005303109.1,ACINWC141_RS18430,cntA,carnitine monooxygenase subunit alpha,5_504_CntA,5,818.7,0.9973,3.4e-247,NZ_AMSS01000089.1,14704,15820,-1,Acinetobacter sp. WC-141,Bacteria; Pseudomonadati; Pseudomonadota; Gammaproteobacteria; Moraxellales; Moraxellaceae; Acinetobacter; Acinetobacter calcoaceticus/baumannii complex,0,5_504_CntA#0,core,0.9916,1,0,0,1,dehydrogenase > transporter > hydrolase > [alpha] > dehydrogenase > reductase
NZ_AMXD01000067.1:11257-12364:1,WP_004310081.1,C665_RS11430,,aromatic ring-hydroxylating dioxygenase subunit alpha,5_504_CntA,5,72.2,0.7581,2.4e-20,NZ_AMXD01000067.1,11257,12364,1,Thauera aminoaromatica S2,Bacteria; Pseudomonadati; Pseudomonadota; Betaproteobacteria; Rhodocyclales; Zoogloeaceae; Thauera,0,5_504_CntA#51,novel_candidate,0.2292,0,0,0,0,[alpha]
NZ_AMXF01000014.1:27735-28842:1,WP_004357438.1,C667_RS04000,,aromatic ring-hydroxylating dioxygenase subunit alpha,5_504_CntA,5,72.0,0.7581,2.7e-20,NZ_AMXF01000014.1,27735,28842,1,Thauera phenylacetica B4P,Bacteria; Pseudomonadati; Pseudomonadota; Betaproteobacteria; Rhodocyclales; Zoogloeaceae; Thauera,0,5_504_CntA#51,novel_candidate,0.2213,0,0,0,0,[alpha]
NZ_AMZS01000026.1:9871-10987:1,WP_005286894.1,ACINWC323_RS15215,cntA,carnitine monooxygenase subunit alpha,5_504_CntA,5,808.5,0.9973,4.2e-244,NZ_AMZS01000026.1,9871,10987,1,Acinetobacter sp. WC-323,Bacteria; Pseudomonadati; Pseudomonadota; Gammaproteobacteria; Moraxellales; Moraxellaceae; Acinetobacter; Acinetobacter calcoaceticus/baumannii complex,0,5_504_CntA#0,core,0.935,1,0,0,1,dehydrogenase > transporter > hydrolase > [alpha] > dehydrogenase > reductase
NZ_ANOQ01000037.1:75435-76593:1,WP_009095630.1,RRSWK_RS08520,,aromatic ring-hydroxylating dioxygenase subunit alpha,5_504_CntA,5,64.4,0.5,5.8e-18,NZ_ANOQ01000037.1,75435,76593,1,Rhodopirellula sp. SWK7,Bacteria; Pseudomonadati; Planctomycetota; Planctomycetia; Pirellulales; Pirellulaceae; Rhodopirellula,0,5_504_CntA#131,novel_candidate,0.2194,0,0,0,0,other > reductase > [alpha] > reductase > hypothetical
NZ_ANBP01000055.1:185105-186431:1,WP_061482286.1,MPHL21000_RS25170,,SRPBCC family protein,5_504_CntA,5,115.3,0.5323,1.9e-33,NZ_ANBP01000055.1,185105,186431,1,Mycolicibacterium phlei DSM 43239 = CCUG 21000,Bacteria; Bacillati; Actinomycetota; Actinomycetes; Mycobacteriales; Mycobacteriaceae; Mycolicibacterium,0,5_504_CntA#3,core,0.7437,0,0,0,0,[alpha] > regulator
NZ_AOHM01000032.1:59627-60764:-1,WP_032902219.1,H096_RS12120,,aromatic ring-hydroxylating dioxygenase subunit alpha,5_504_CntA,5,277.7,0.9651,8.5e-83,NZ_AOHM01000032.1,59627,60764,-1,Pseudomonas sp. FH1,Bacteria; Pseudomonadati; Pseudomonadota; Gammaproteobacteria; Pseudomonadales; Pseudomonadaceae; Pseudomonas,0,5_504_CntA#67,novel_candidate,0.3531,0,0,0,0,other > other > reductase > ring_cleavage > [alpha]
NZ_AOID01000064.1:19657-20881:-1,WP_006433175.1,C489_RS19840,,aromatic ring-hydroxylating dioxygenase subunit alpha,5_504_CntA,5,174.6,0.8683,1.9e-51,NZ_AOID01000064.1,19657,20881,-1,Natrinema versiforme JCM 10478,Archaea; Methanobacteriati; Methanobacteriota; Stenosarchaea group; Halobacteria; Halobacteriales; Natrialbaceae; Natrinema,0,5_504_CntA#4,core,0.7194,0,0,0,0,[alpha] > hypothetical
NZ_AOIL01000052.1:53247-54387:1,WP_006826896.1,C484_RS15775,,aromatic ring-hydroxylating dioxygenase subunit alpha,5_504_CntA,5,185.6,0.8683,8.2e-55,NZ_AOIL01000052.1,53247,54387,1,Natrialba taiwanensis DSM 12281,Archaea; Methanobacteriati; Methanobacteriota; Stenosarchaea group; Halobacteria; Halobacteriales; Natrialbaceae; Natrialba,0,5_504_CntA#4,core,0.7901,0,0,0,0,[alpha] > hypothetical
NZ_AOHU01000021.1:160254-161397:1,WP_004041144.1,C498_RS01665,,aromatic ring-hydroxylating dioxygenase subunit alpha,5_504_CntA,5,167.7,0.879,2.3e-49,NZ_AOHU01000021.1,160254,161397,1,Haloferax volcanii DS2,Archaea; Methanobacteriati; Methanobacteriota; Stenosarchaea group; Halobacteria; Halobacteriales; Haloferacaceae; Haloferax,0,5_504_CntA#4,core,0.9884,0,0,0,0,[alpha] > hypothetical
NZ_AOLG01000058.1:20475-21618:1,WP_008097078.1,C457_RS18605,,aromatic ring-hydroxylating dioxygenase subunit alpha,5_504_CntA,5,173.0,0.879,5.5e-51,NZ_AOLG01000058.1,20475,21618,1,Haloferax prahovense DSM 18310,Archaea; Methanobacteriati; Methanobacteriota; Stenosarchaea group; Halobacteria; Halobacteriales; Haloferacaceae; Haloferax,0,5_504_CntA#4,core,0.9506,0,0,0,0,[alpha] > hypothetical
NZ_AOLH01000003.1:53662-54805:1,WP_004061814.1,C456_RS02130,,aromatic ring-hydroxylating dioxygenase subunit alpha,5_504_CntA,5,167.1,0.879,3.4e-49,NZ_AOLH01000003.1,53662,54805,1,Haloferax volcanii DSM 14919,Archaea; Methanobacteriati; Methanobacteriota; Stenosarchaea group; Halobacteria; Halobacteriales; Haloferacaceae; Haloferax,0,5_504_CntA#4,core,0.9855,0,0,0,0,[alpha] > hypothetical
NZ_AOLJ01000006.1:19622-20765:1,WP_004972249.1,C454_RS02290,,aromatic ring-hydroxylating dioxygenase subunit alpha,5_504_CntA,5,173.2,0.879,4.8e-51,NZ_AOLJ01000006.1,19622,20765,1,Haloferax gibbonsii ATCC 33959,Archaea; Methanobacteriati; Methanobacteriota; Stenosarchaea group; Halobacteria; Halobacteriales; Haloferacaceae; Haloferax,0,5_504_CntA#4,core,0.9477,0,0,0,0,[alpha] > hypothetical
NZ_AOLD01000013.1:267235-268378:-1,WP_008573032.1,C460_RS01430,,aromatic ring-hydroxylating dioxygenase subunit alpha,5_504_CntA,5,169.8,0.879,5.5e-50,NZ_AOLD01000013.1,267235,268378,-1,Haloferax sp. ATCC BAA-646,Archaea; Methanobacteriati; Methanobacteriota; Stenosarchaea group; Halobacteria; Halobacteriales; Haloferacaceae; Haloferax,0,5_504_CntA#4,core,0.9827,0,0,0,0,[alpha] > hypothetical
NZ_AOLE01000032.1:15356-16499:-1,WP_008573032.1,C459_RS14065,,aromatic ring-hydroxylating dioxygenase subunit alpha,5_504_CntA,5,169.8,0.879,5.5e-50,NZ_AOLE01000032.1,15356,16499,-1,Haloferax sp. ATCC BAA-645,Archaea; Methanobacteriati; Methanobacteriota; Stenosarchaea group; Halobacteria; Halobacteriales; Haloferacaceae; Haloferax,0,5_504_CntA#4,core,0.9827,0,0,0,0,[alpha] > hypothetical
NZ_AOLF01000003.1:15356-16499:-1,WP_008573032.1,C458_RS02850,,aromatic ring-hydroxylating dioxygenase subunit alpha,5_504_CntA,5,169.8,0.879,5.5e-50,NZ_AOLF01000003.1,15356,16499,-1,Haloferax sp. ATCC BAA-644,Archaea; Methanobacteriati; Methanobacteriota; Stenosarchaea group; Halobacteria; Halobacteriales; Haloferacaceae; Haloferax,0,5_504_CntA#4,core,0.9827,0,0,0,0,[alpha] > hypothetical
NZ_AOIO01000040.1:145533-146673:1,WP_006110809.1,C481_RS18285,,aromatic ring-hydroxylating dioxygenase subunit alpha,5_504_CntA,5,184.7,0.8683,1.6e-54,NZ_AOIO01000040.1,145533,146673,1,Natrialba asiatica DSM 12278,Archaea; Methanobacteriati; Methanobacteriota; Stenosarchaea group; Halobacteria; Halobacteriales; Natrialbaceae; Natrialba,0,5_504_CntA#4,core,0.7726,0,0,0,0,[alpha] > hypothetical
NZ_AOIP01000017.1:52221-53361:1,WP_006665216.1,C480_RS08585,,aromatic ring-hydroxylating dioxygenase subunit alpha,5_504_CntA,5,185.4,0.8683,9.8e-55,NZ_AOIP01000017.1,52221,53361,1,Natrialba aegyptia DSM 13077,Archaea; Methanobacteriati; Methanobacteriota; Stenosarchaea group; Halobacteria; Halobacteriales; Natrialbaceae; Natrialba,0,5_504_CntA#4,core,0.7872,0,0,0,0,[alpha] > hypothetical
NZ_AOLQ01000027.1:11115-12255:1,WP_004516323.1,C437_RS07480,,aromatic ring-hydroxylating dioxygenase subunit alpha,5_504_CntA,5,168.4,0.8656,1.4e-49,NZ_AOLQ01000027.1,11115,12255,1,Haloarcula vallismortis ATCC 29715,Archaea; Methanobacteriati; Methanobacteriota; Stenosarchaea group; Halobacteria; Halobacteriales; Haloarculaceae; Haloarcula,0,5_504_CntA#4,core,0.7652,0,0,0,0,[alpha] > hypothetical
NZ_AOLS01000115.1:14434-15574:-1,WP_007190532.1,C435_RS19555,,aromatic ring-hydroxylating dioxygenase subunit alpha,5_504_CntA,5,183.4,0.8683,3.8e-54,NZ_AOLS01000115.1,14434,15574,-1,Haloarcula californiae ATCC 33799,Archaea; Methanobacteriati; Methanobacteriota; Stenosarchaea group; Halobacteria; Halobacteriales; Haloarculaceae; Haloarcula,0,5_504_CntA#4,core,0.7443,0,0,0,0,reductase > [alpha]
NZ_AOLL01000001.1:185505-186648:1,WP_004041144.1,C452_RS00785,,aromatic ring-hydroxylating dioxygenase subunit alpha,5_504_CntA,5,167.7,0.879,2.3e-49,NZ_AOLL01000001.1,185505,186648,1,Haloferax volcanii JCM 10717,Archaea; Methanobacteriati; Methanobacteriota; Stenosarchaea group; Halobacteria; Halobacteriales; Haloferacaceae; Haloferax,0,5_504_CntA#4,core,0.9884,0,0,0,0,[alpha] > hypothetical
NZ_AOLP01000008.1:151727-152870:-1,WP_004968452.1,C438_RS06130,,aromatic ring-hydroxylating dioxygenase subunit alpha,5_504_CntA,5,168.5,0.879,1.3e-49,NZ_AOLP01000008.1,151727,152870,-1,Haloferax denitrificans ATCC 35960,Archaea; Methanobacteriati; Methanobacteriota; Stenosarchaea group; Halobacteria; Halobacteriales; Haloferacaceae; Haloferax,0,5_504_CntA#4,core,0.9651,0,0,0,0,[alpha] > hypothetical
NZ_APBQ01000046.1:66730-67921:1,WP_003253228.1,C206_RS04935,,aromatic ring-hydroxylating dioxygenase subunit alpha,5_504_CntA,5,146.9,0.879,4.9e-43,NZ_APBQ01000046.1,66730,67921,1,Pseudomonas putida TRO1,Bacteria; Pseudomonadati; Pseudomonadota; Gammaproteobacteria; Pseudomonadales; Pseudomonadaceae; Pseudomonas,0,5_504_CntA#70,core,0.9366,1,0,0,1,[alpha] > dehydrogenase > other > reductase > reductase > other > transporter > transporter > other
NZ_APIO01000047.1:21025-22213:-1,WP_020798166.1,PG5_RS16070,,aromatic ring-hydroxylating dioxygenase subunit alpha,5_504_CntA,5,142.5,0.8763,1.1e-41,NZ_APIO01000047.1,21025,22213,-1,Pseudomonas sp. G5(2012),Bacteria; Pseudomonadati; Pseudomonadota; Gammaproteobacteria; Pseudomonadales; Pseudomonadaceae; Pseudomonas,0,5_504_CntA#9,core,0.7847,1,0,0,1,[alpha] > dehydrogenase > reductase > reductase > other > transporter
NZ_APMP01000001.1:454571-455795:-1,WP_004615503.1,OR37_RS02115,,aromatic ring-hydroxylating dioxygenase subunit alpha,5_504_CntA,5,136.9,0.5376,5.3e-40,NZ_APMP01000001.1,454571,455795,-1,Caulobacter vibrioides OR37,Bacteria; Pseudomonadati; Pseudomonadota; Alphaproteobacteria; Caulobacterales; Caulobacteraceae; Caulobacter,0,5_504_CntA#140,novel_candidate,0.2955,0,0,0,0,[alpha] > ring_cleavage > hydrolase > regulator
NZ_APMP01000001.1:551976-553158:-1,WP_004615589.1,OR37_RS02490,,aromatic ring-hydroxylating dioxygenase subunit alpha,5_504_CntA,5,104.4,0.8522,3.9e-30,NZ_APMP01000001.1,551976,553158,-1,Caulobacter vibrioides OR37,Bacteria; Pseudomonadati; Pseudomonadota; Alphaproteobacteria; Caulobacterales; Caulobacteraceae; Caulobacter,0,5_504_CntA#130,novel_candidate,0.2659,1,0,0,1,other > other > reductase > [alpha] > other > other
NZ_APMP01000018.1:6725-7868:1,WP_004620784.1,OR37_RS13490,,aromatic ring-hydroxylating dioxygenase subunit alpha,5_504_CntA,5,156.9,0.8763,4.5e-46,NZ_APMP01000018.1,6725,7868,1,Caulobacter vibrioides OR37,Bacteria; Pseudomonadati; Pseudomonadota; Alphaproteobacteria; Caulobacterales; Caulobacteraceae; Caulobacter,0,5_504_CntA#69,novel_candidate,0.3469,0,0,0,0,[alpha]
NZ_ARYM01000006.1:60911-62042:1,WP_051612375.1,HPO_RS19645,,SRPBCC family protein,5_504_CntA,5,128.4,0.5376,2.1e-37,NZ_ARYM01000006.1,60911,62042,1,Hyphomonas polymorpha PS728,Bacteria; Pseudomonadati; Pseudomonadota; Alphaproteobacteria; Hyphomonadales; Hyphomonadaceae; Hyphomonas,0,5_504_CntA#91,novel_candidate,0.272,0,0,0,0,[alpha] > reductase > hypothetical
NZ_ARYK01000004.1:15721-16864:1,WP_162173805.1,HJO_RS17700,,aromatic ring-hydroxylating dioxygenase subunit alpha,5_504_CntA,5,124.4,0.5376,3.4e-36,NZ_ARYK01000004.1,15721,16864,1,Hyphomonas johnsonii MHS-2,Bacteria; Pseudomonadati; Pseudomonadota; Alphaproteobacteria; Hyphomonadales; Hyphomonadaceae; Hyphomonas,0,5_504_CntA#91,novel_candidate,0.2633,0,0,0,0,[alpha]
NZ_AQQZ01000001.1:31378-32533:-1,WP_050528821.1,ATO11_RS00160,,SRPBCC family protein,5_504_CntA,5,301.9,0.9677,3.7e-90,NZ_AQQZ01000001.1,31378,32533,-1,Pseudaestuariivita atlantica,Bacteria; Pseudomonadati; Pseudomonadota; Alphaproteobacteria; Rhodobacterales; Paracoccaceae; Pseudaestuariivita,0,5_504_CntA#6,core,0.864,0,0,0,0,[alpha] > hydrolase
NZ_AQQZ01000002.1:456107-457202:1,WP_050529865.1,ATO11_RS05730,,aromatic ring-hydroxylating dioxygenase subunit alpha,5_504_CntA,5,243.2,0.9328,2.6e-72,NZ_AQQZ01000002.1,456107,457202,1,Pseudaestuariivita atlantica,Bacteria; Pseudomonadati; Pseudomonadota; Alphaproteobacteria; Rhodobacterales; Paracoccaceae; Pseudaestuariivita,0,5_504_CntA#5,core,0.7832,0,0,0,0,regulator > [alpha] > other > other > hypothetical
NZ_ATDO01000067.1:2061-3219:1,WP_021223238.1,L286_RS31325,,aromatic ring-hydroxylating dioxygenase subunit alpha,5_504_CntA,5,148.1,0.879,2.1e-43,NZ_ATDO01000067.1,2061,3219,1,Sphingobium sp. HDIP04,Bacteria; Pseudomonadati; Pseudomonadota; Alphaproteobacteria; Sphingomonadales; Sphingomonadaceae; Sphingobium,0,5_504_CntA#27,novel_candidate,0.3294,1,0,0,1,other > [alpha] > reductase > other > other
NZ_ATGG01000051.1:34618-35734:1,WP_005274384.1,F957_RS01735,cntA,carnitine monooxygenase subunit alpha,5_504_CntA,5,808.3,0.9973,4.8e-244,NZ_ATGG01000051.1,34618,35734,1,Acinetobacter gyllenbergii CIP 110306 = MTCC 11365,Bacteria; Pseudomonadati; Pseudomonadota; Gammaproteobacteria; Moraxellales; Moraxellaceae; Acinetobacter,0,5_504_CntA#0,core,0.9379,1,0,0,1,dehydrogenase > transporter > hydrolase > [alpha] > dehydrogenase > reductase
NZ_ATGG01000011.1:48163-49354:1,WP_016540337.1,F957_RS14700,,aromatic ring-hydroxylating dioxygenase subunit alpha,5_504_CntA,5,142.7,0.8737,9.2e-42,NZ_ATGG01000011.1,48163,49354,1,Acinetobacter gyllenbergii CIP 110306 = MTCC 11365,Bacteria; Pseudomonadati; Pseudomonadota; Gammaproteobacteria; Moraxellales; Moraxellaceae; Acinetobacter,0,5_504_CntA#16,core,0.9062,1,0,0,1,[alpha] > dehydrogenase > other > reductase > reductase > other > hypothetical > other
NZ_ATHL01000034.1:27171-28614:-1,WP_021232754.1,L284_RS28800,,SRPBCC family protein,5_504_CntA,5,92.4,0.5269,1.8e-26,NZ_ATHL01000034.1,27171,28614,-1,Novosphingobium lindaniclasticum LE124,Bacteria; Pseudomonadati; Pseudomonadota; Alphaproteobacteria; Sphingomonadales; Sphingomonadaceae; Novosphingobium,0,5_504_CntA#18,core,0.9169,0,0,0,0,[alpha] > other > other
NZ_ATHL01000034.1:34382-35699:-1,WP_021232762.1,L284_RS28840,,SRPBCC family protein,5_504_CntA,5,116.1,0.5269,1.1e-33,NZ_ATHL01000034.1,34382,35699,-1,Novosphingobium lindaniclasticum LE124,Bacteria; Pseudomonadati; Pseudomonadota; Alphaproteobacteria; Sphingomonadales; Sphingomonadaceae; Novosphingobium,0,5_504_CntA#10,core,0.8919,0,0,0,0,other > [alpha] > other
NZ_ATHO01000102.1:11117-12296:-1,WP_021238602.1,L288_RS33485,,aromatic ring-hydroxylating dioxygenase subunit alpha,5_504_CntA,5,139.7,0.8898,7.6e-41,NZ_ATHO01000102.1,11117,12296,-1,Sphingobium quisquiliarum P25,Bacteria; Pseudomonadati; Pseudomonadota; Alphaproteobacteria; Sphingomonadales; Sphingomonadaceae; Sphingobium,0,5_504_CntA#222,novel_candidate,0.3125,1,0,0,1,transporter > [alpha] > reductase > other
NZ_AUNB01000015.1:7823-8990:1,WP_038129035.1,DT23_RS05230,,aromatic ring-hydroxylating dioxygenase subunit alpha,5_504_CntA,5,158.4,0.5403,1.5e-46,NZ_AUNB01000015.1,7823,8990,1,Thioclava indica,Bacteria; Pseudomonadati; Pseudomonadota; Alphaproteobacteria; Rhodobacterales; Paracoccaceae; Thioclava,0,5_504_CntA#43,divergent,0.5327,0,0,0,0,[alpha]
NZ_ATIB01000081.1:91352-92555:1,WP_169793844.1,L485_RS42250,,aromatic ring-hydroxylating dioxygenase subunit alpha,5_504_CntA,5,107.7,0.8172,4.1e-31,NZ_ATIB01000081.1,91352,92555,1,Sphingobium baderi LL03,Bacteria; Pseudomonadati; Pseudomonadota; Alphaproteobacteria; Sphingomonadales; Sphingomonadaceae; Sphingobium,0,5_504_CntA#129,novel_candidate,0.3056,0,0,0,0,regulator > [alpha] > reductase
NZ_ATIB01000081.1:120553-121936:1,WP_021246093.1,L485_RS42375,,SRPBCC family protein,5_504_CntA,5,121.2,0.5242,3.1e-35,NZ_ATIB01000081.1,120553,121936,1,Sphingobium baderi LL03,Bacteria; Pseudomonadati; Pseudomonadota; Alphaproteobacteria; Sphingomonadales; Sphingomonadaceae; Sphingobium,0,5_504_CntA#128,novel_candidate,0.2901,0,0,0,0,regulator > [alpha] > reductase > hypothetical
NZ_AWFI01000020.1:26028-27159:-1,WP_051608026.1,L53_RS16630,,aromatic ring-hydroxylating dioxygenase subunit alpha,5_504_CntA,5,123.8,0.5376,4.9e-36,NZ_AWFI01000020.1,26028,27159,-1,Hyphomonas sp. L-53-1-40,Bacteria; Pseudomonadati; Pseudomonadota; Alphaproteobacteria; Hyphomonadales; Hyphomonadaceae; Hyphomonas,0,5_504_CntA#91,novel_candidate,0.2578,0,0,0,0,[alpha]
NZ_AWFI01000001.1:572282-573488:1,WP_034811297.1,L53_RS02760,,aromatic ring-hydroxylating dioxygenase subunit alpha,5_504_CntA,5,130.6,0.8656,4.3e-38,NZ_AWFI01000001.1,572282,573488,1,Hyphomonas sp. L-53-1-40,Bacteria; Pseudomonadati; Pseudomonadota; Alphaproteobacteria; Hyphomonadales; Hyphomonadaceae; Hyphomonas,0,5_504_CntA#53,novel_candidate,0.2914,0,0,0,0,hydrolase > [alpha]
NZ_AWXE01000005.1:123725-124856:1,WP_021777994.1,RS24_RS09505,,aromatic ring-hydroxylating dioxygenase subunit alpha,5_504_CntA,5,101.3,0.5323,3.5e-29,NZ_AWXE01000005.1,123725,124856,1,Candidatus Micropelagos thuwalensis,Bacteria; Pseudomonadati; Pseudomonadota; Alphaproteobacteria; PS1 clade; Candidatus Micropelagos,0,5_504_CntA#217,novel_candidate,0.257,0,0,0,0,[alpha] > other > other > other > hypothetical > other > hypothetical > hypothetical
NZ_AWSQ01000004.1:162773-163964:-1,WP_025165994.1,TMS3_RS14470,,aromatic ring-hydroxylating dioxygenase subunit alpha,5_504_CntA,5,139.2,0.8763,1.1e-40,NZ_AWSQ01000004.1,162773,163964,-1,Pseudomonas taeanensis MS-3,Bacteria; Pseudomonadati; Pseudomonadota; Gammaproteobacteria; Pseudomonadales; Pseudomonadaceae; Pseudomonas,0,5_504_CntA#9,core,0.8,1,0,0,1,[alpha] > dehydrogenase > other > reductase > reductase > other > transporter > other
NZ_AXUT01000065.1:1454-2579:1,WP_000067841.1,WRSD3_RS03700,yeaW,"carnitine monooxygenase, oxygenase subunit YeaW",5_504_CntA,5,745.1,0.9866,7.9e-225,NZ_AXUT01000065.1,1454,2579,1,Shigella dysenteriae WRSd3,Bacteria; Pseudomonadati; Pseudomonadota; Gammaproteobacteria; Enterobacterales; Enterobacteriaceae; Shigella,0,5_504_CntA#0,core,0.9972,1,0,0,1,transporter > [alpha] > reductase
NZ_AXCD01000001.1:87548-88739:-1,WP_023012377.1,IO68_RS17740,,aromatic ring-hydroxylating dioxygenase subunit alpha,5_504_CntA,5,140.7,0.8737,3.7e-41,NZ_AXCD01000001.1,87548,88739,-1,Acinetobacter sp. COS3,Bacteria; Pseudomonadati; Pseudomonadota; Gammaproteobacteria; Moraxellales; Moraxellaceae; Acinetobacter,0,5_504_CntA#16,core,0.7906,1,0,0,1,[alpha] > dehydrogenase > other > reductase > reductase > hypothetical
NZ_AYFO01000038.1:18820-19936:1,WP_001277084.1,P669_RS10070,cntA,carnitine monooxygenase subunit alpha,5_504_CntA,5,821.1,0.9973,6.2e-248,NZ_AYFO01000038.1,18820,19936,1,Acinetobacter baumannii UH5307,Bacteria; Pseudomonadati; Pseudomonadota; Gammaproteobacteria; Moraxellales; Moraxellaceae; Acinetobacter; Acinetobacter calcoaceticus/baumannii complex,0,5_504_CntA#0,core,0.986,1,0,0,1,dehydrogenase > transporter > hydrolase > [alpha] > dehydrogenase > reductase
NZ_AYFO01000056.1:230020-231211:1,WP_001088747.1,P669_RS13975,,aromatic ring-hydroxylating dioxygenase subunit alpha,5_504_CntA,5,135.2,0.8737,1.8e-39,NZ_AYFO01000056.1,230020,231211,1,Acinetobacter baumannii UH5307,Bacteria; Pseudomonadati; Pseudomonadota; Gammaproteobacteria; Moraxellales; Moraxellaceae; Acinetobacter; Acinetobacter calcoaceticus/baumannii complex,0,5_504_CntA#16,core,0.9912,1,0,0,1,[alpha] > dehydrogenase > other > reductase > reductase > other
NZ_AXZD01000008.1:481234-482371:1,WP_008417065.1,HALJE_RS08390,,aromatic ring-hydroxylating dioxygenase subunit alpha,5_504_CntA,5,187.0,0.8844,3.1e-55,NZ_AXZD01000008.1,481234,482371,1,Halalkalicoccus jeotgali B3,Archaea; Methanobacteriati; Methanobacteriota; Stenosarchaea group; Halobacteria; Halobacteriales; Halococcaceae; Halalkalicoccus,0,5_504_CntA#4,core,0.732,0,0,0,0,[alpha] > hypothetical
NZ_AWXE01000004.1:519348-520548:-1,WP_021777524.1,RS24_RS07110,,aromatic ring-hydroxylating dioxygenase subunit alpha,5_504_CntA,5,130.4,0.8737,4.9e-38,NZ_AWXE01000004.1,519348,520548,-1,Candidatus Micropelagos thuwalensis,Bacteria; Pseudomonadati; Pseudomonadota; Alphaproteobacteria; PS1 clade; Candidatus Micropelagos,0,5_504_CntA#66,novel_candidate,0.3323,0,0,0,0,alpha_other > reductase > other > [alpha]
NZ_AWXE01000004.1:522161-523334:-1,WP_021777527.1,RS24_RS07125,,aromatic ring-hydroxylating dioxygenase subunit alpha,5_504_CntA,5,125.3,0.8737,1.7e-36,NZ_AWXE01000004.1,522161,523334,-1,Candidatus Micropelagos thuwalensis,Bacteria; Pseudomonadati; Pseudomonadota; Alphaproteobacteria; PS1 clade; Candidatus Micropelagos,0,5_504_CntA#66,novel_candidate,0.3743,0,0,0,0,[alpha] > reductase > other > alpha_other
NZ_AYVK01000015.1:17912-19115:1,WP_023670067.1,X726_RS154240,,SRPBCC family protein,5_504_CntA,5,139.3,0.5349,1e-40,NZ_AYVK01000015.1,17912,19115,1,Mesorhizobium sp. LSJC285A00,Bacteria; Pseudomonadati; Pseudomonadota; Alphaproteobacteria; Hyphomicrobiales; Phyllobacteriaceae; Mesorhizobium,0,5_504_CntA#2,core,0.9874,0,0,0,0,[alpha]
NZ_AYVL01000016.1:160326-161529:-1,WP_023678145.1,X773_RS61040,,aromatic ring-hydroxylating dioxygenase subunit alpha,5_504_CntA,5,140.7,0.5376,3.6e-41,NZ_AYVL01000016.1,160326,161529,-1,Mesorhizobium sp. LSJC280B00,Bacteria; Pseudomonadati; Pseudomonadota; Alphaproteobacteria; Hyphomicrobiales; Phyllobacteriaceae; Mesorhizobium,0,5_504_CntA#2,core,0.901,0,0,0,0,[alpha]
NZ_AYVM01000012.1:16671-17874:1,WP_023670067.1,X772_RS147740,,SRPBCC family protein,5_504_CntA,5,139.3,0.5349,1e-40,NZ_AYVM01000012.1,16671,17874,1,Mesorhizobium sp. LSJC277A00,Bacteria; Pseudomonadota; Alphaproteobacteria; Hyphomicrobiales; Phyllobacteriaceae; Mesorhizobium,0,5_504_CntA#2,core,0.9874,0,0,0,0,[alpha]
NZ_AYTE01000020.1:126500-127892:-1,WP_023958526.1,W823_RS43825,,SRPBCC family protein,5_504_CntA,5,123.5,0.543,6e-36,NZ_AYTE01000020.1,126500,127892,-1,Williamsia sp. D3,Bacteria; Bacillati; Actinomycetota; Actinomycetes; Mycobacteriales; Nocardiaceae; Williamsia,0,5_504_CntA#40,novel_candidate,0.3722,0,0,0,0,regulator > other > hypothetical > [alpha] > dehydrogenase
NZ_AYVP01000010.1:19408-20611:1,WP_023696407.1,X769_RS157375,,SRPBCC family protein,5_504_CntA,5,139.4,0.5323,9.4e-41,NZ_AYVP01000010.1,19408,20611,1,Mesorhizobium sp. LSJC265A00,Bacteria; Pseudomonadati; Pseudomonadota; Alphaproteobacteria; Hyphomicrobiales; Phyllobacteriaceae; Mesorhizobium,0,5_504_CntA#2,core,0.9968,0,0,0,0,[alpha]
NZ_AYVN01000016.1:125614-126817:-1,WP_023690128.1,X771_RS138620,,SRPBCC family protein,5_504_CntA,5,138.6,0.5349,1.6e-40,NZ_AYVN01000016.1,125614,126817,-1,Mesorhizobium sp. LSJC269B00,Bacteria; Pseudomonadati; Pseudomonadota; Alphaproteobacteria; Hyphomicrobiales; Phyllobacteriaceae; Mesorhizobium,0,5_504_CntA#2,core,0.9654,0,0,0,0,[alpha]
NZ_AYVQ01000016.1:96149-97352:-1,WP_023701366.1,X768_RS151140,,SRPBCC family protein,5_504_CntA,5,140.7,0.5323,3.8e-41,NZ_AYVQ01000016.1,96149,97352,-1,Mesorhizobium sp. LSJC264A00,Bacteria; Pseudomonadati; Pseudomonadota; Alphaproteobacteria; Hyphomicrobiales; Phyllobacteriaceae; Mesorhizobium,0,5_504_CntA#2,core,0.9906,0,0,0,0,[alpha]
NZ_AYVY01000023.1:9639-10842:-1,WP_023721313.1,X760_RS65260,,aromatic ring-hydroxylating dioxygenase subunit alpha,5_504_CntA,5,139.9,0.5323,6.3e-41,NZ_AYVY01000023.1,9639,10842,-1,Mesorhizobium sp. LSHC420B00,Bacteria; Pseudomonadati; Pseudomonadota; Alphaproteobacteria; Hyphomicrobiales; Phyllobacteriaceae; Mesorhizobium,0,5_504_CntA#2,core,0.9307,0,0,0,0,[alpha]
NZ_AYVX01000008.1:154521-155724:1,WP_023696407.1,X761_RS152055,,SRPBCC family protein,5_504_CntA,5,139.4,0.5323,9.4e-41,NZ_AYVX01000008.1,154521,155724,1,Mesorhizobium sp. LSHC422A00,Bacteria; Pseudomonadati; Pseudomonadota; Alphaproteobacteria; Hyphomicrobiales; Phyllobacteriaceae; Mesorhizobium,0,5_504_CntA#2,core,0.9968,0,0,0,0,[alpha]
NZ_AYWC01000011.1:199006-200209:1,WP_023711686.1,X756_RS145130,,SRPBCC family protein,5_504_CntA,5,140.7,0.5323,3.8e-41,NZ_AYWC01000011.1,199006,200209,1,Mesorhizobium sp. LNJC405B00,Bacteria; Pseudomonadati; Pseudomonadota; Alphaproteobacteria; Hyphomicrobiales; Phyllobacteriaceae; Mesorhizobium,0,5_504_CntA#2,core,0.9905,0,0,0,0,[alpha]
NZ_AYVV01000007.1:122921-124124:-1,WP_023711686.1,X763_RS146025,,SRPBCC family protein,5_504_CntA,5,140.7,0.5323,3.8e-41,NZ_AYVV01000007.1,122921,124124,-1,Mesorhizobium sp. LSHC426A00,Bacteria; Pseudomonadati; Pseudomonadota; Alphaproteobacteria; Hyphomicrobiales; Phyllobacteriaceae; Mesorhizobium,0,5_504_CntA#2,core,0.9905,0,0,0,0,[alpha]
NZ_AYWB01000015.1:17265-18468:1,WP_023696407.1,X757_RS142320,,SRPBCC family protein,5_504_CntA,5,139.4,0.5323,9.4e-41,NZ_AYWB01000015.1,17265,18468,1,Mesorhizobium sp. LSHC412B00,Bacteria; Pseudomonadati; Pseudomonadota; Alphaproteobacteria; Hyphomicrobiales; Phyllobacteriaceae; Mesorhizobium,0,5_504_CntA#2,core,0.9968,0,0,0,0,[alpha]
NZ_AYWG01000016.1:111916-113119:1,WP_023742918.1,X752_RS138725,,SRPBCC family protein,5_504_CntA,5,139.4,0.5323,9.2e-41,NZ_AYWG01000016.1,111916,113119,1,Mesorhizobium sp. LNJC395A00,Bacteria; Pseudomonadati; Pseudomonadota; Alphaproteobacteria; Hyphomicrobiales; Phyllobacteriaceae; Mesorhizobium,0,5_504_CntA#2,core,0.9684,0,0,0,0,[alpha]
NZ_AYWG01000027.1:11285-12386:-1,WP_023743394.1,X752_RS135235,,aromatic ring-hydroxylating dioxygenase subunit alpha,5_504_CntA,5,233.2,0.9247,2.8e-69,NZ_AYWG01000027.1,11285,12386,-1,Mesorhizobium sp. LNJC395A00,Bacteria; Pseudomonadati; Pseudomonadota; Alphaproteobacteria; Hyphomicrobiales; Phyllobacteriaceae; Mesorhizobium,0,5_504_CntA#5,core,0.6977,0,0,0,0,regulator > [alpha] > dehydrogenase > ring_cleavage > ring_cleavage > dehydrogenase
NZ_AYWA01000011.1:17028-18231:1,WP_023696407.1,X758_RS141705,,SRPBCC family protein,5_504_CntA,5,139.4,0.5323,9.4e-41,NZ_AYWA01000011.1,17028,18231,1,Mesorhizobium sp. LSHC414A00,Bacteria; Pseudomonadati; Pseudomonadota; Alphaproteobacteria; Hyphomicrobiales; Phyllobacteriaceae; Mesorhizobium,0,5_504_CntA#2,core,0.9968,0,0,0,0,[alpha]
NZ_AYWH01000008.1:168161-169364:-1,WP_023696407.1,X751_RS140395,,SRPBCC family protein,5_504_CntA,5,139.4,0.5323,9.4e-41,NZ_AYWH01000008.1,168161,169364,-1,Mesorhizobium sp. LNJC394B00,Bacteria; Pseudomonadati; Pseudomonadota; Alphaproteobacteria; Hyphomicrobiales; Phyllobacteriaceae; Mesorhizobium,0,5_504_CntA#2,core,0.9968,0,0,0,0,[alpha]
NZ_AYWN01000010.1:167036-168239:-1,WP_023751675.1,X745_RS142505,,SRPBCC family protein,5_504_CntA,5,139.4,0.5349,9.1e-41,NZ_AYWN01000010.1,167036,168239,-1,Mesorhizobium sp. LNJC372A00,Bacteria; Pseudomonadati; Pseudomonadota; Alphaproteobacteria; Hyphomicrobiales; Phyllobacteriaceae; Mesorhizobium,0,5_504_CntA#2,core,0.9811,0,0,0,0,[alpha]
NZ_AYWP01000002.1:127415-128618:-1,WP_023763777.1,X743_RS165850,,aromatic ring-hydroxylating dioxygenase subunit alpha,5_504_CntA,5,140.9,0.5376,3.3e-41,NZ_AYWP01000002.1,127415,128618,-1,Mesorhizobium sp. LNHC232B00,Bacteria; Pseudomonadati; Pseudomonadota; Alphaproteobacteria; Hyphomicrobiales; Phyllobacteriaceae; Mesorhizobium,0,5_504_CntA#2,core,0.8553,0,0,0,0,[alpha]
NZ_AYWP01000019.1:0-1190:1,WP_023767251.1,X743_RS148085,,aromatic ring-hydroxylating dioxygenase subunit alpha,5_504_CntA,5,108.5,0.5565,2.3e-31,NZ_AYWP01000019.1,0,1190,1,Mesorhizobium sp. LNHC232B00,Bacteria; Pseudomonadati; Pseudomonadota; Alphaproteobacteria; Hyphomicrobiales; Phyllobacteriaceae; Mesorhizobium,0,5_504_CntA#216,novel_candidate,0.3158,0,0,0,0,[alpha]
NZ_AYWI01000011.1:162115-163318:-1,WP_023670067.1,X750_RS140900,,SRPBCC family protein,5_504_CntA,5,139.3,0.5349,1e-40,NZ_AYWI01000011.1,162115,163318,-1,Mesorhizobium sp. LNJC391B00,Bacteria; Pseudomonadati; Pseudomonadota; Alphaproteobacteria; Hyphomicrobiales; Phyllobacteriaceae; Mesorhizobium,0,5_504_CntA#2,core,0.9874,0,0,0,0,[alpha]
NZ_AYWQ01000015.1:49386-50589:-1,WP_023774136.1,X742_RS146055,,aromatic ring-hydroxylating dioxygenase subunit alpha,5_504_CntA,5,139.5,0.543,8.5e-41,NZ_AYWQ01000015.1,49386,50589,-1,Mesorhizobium sp. LNHC229A00,Bacteria; Pseudomonadati; Pseudomonadota; Alphaproteobacteria; Hyphomicrobiales; Phyllobacteriaceae; Mesorhizobium,0,5_504_CntA#2,core,0.8612,0,0,0,0,[alpha]
NZ_AYWR01000004.1:141940-143143:1,WP_023776856.1,X741_RS159235,,aromatic ring-hydroxylating dioxygenase subunit alpha,5_504_CntA,5,140.5,0.5376,4.2e-41,NZ_AYWR01000004.1,141940,143143,1,Mesorhizobium sp. LNHC221B00,Bacteria; Pseudomonadati; Pseudomonadota; Alphaproteobacteria; Hyphomicrobiales; Phyllobacteriaceae; Mesorhizobium,0,5_504_CntA#2,core,0.8495,0,0,0,0,[alpha]
NZ_AYWV01000015.1:146316-147519:-1,WP_023806553.1,X737_RS140410,,SRPBCC family protein,5_504_CntA,5,138.2,0.5349,2.1e-40,NZ_AYWV01000015.1,146316,147519,-1,Mesorhizobium sp. L2C089B000,Bacteria; Pseudomonadati; Pseudomonadota; Alphaproteobacteria; Hyphomicrobiales; Phyllobacteriaceae; Mesorhizobium,0,5_504_CntA#2,core,0.9591,0,0,0,0,[alpha]
NZ_AYWT01000006.1:277829-279032:-1,WP_023783653.1,X739_RS148760,,aromatic ring-hydroxylating dioxygenase subunit alpha,5_504_CntA,5,136.7,0.543,6.2e-40,NZ_AYWT01000006.1,277829,279032,-1,Mesorhizobium sp. LNHC209A00,Bacteria; Pseudomonadati; Pseudomonadota; Alphaproteobacteria; Hyphomicrobiales; Phyllobacteriaceae; Mesorhizobium,0,5_504_CntA#2,core,0.8612,0,0,0,0,[alpha]
NZ_AYWW01000008.1:165000-166203:-1,WP_023693707.1,X736_RS142830,,SRPBCC family protein,5_504_CntA,5,139.0,0.5323,1.2e-40,NZ_AYWW01000008.1,165000,166203,-1,Mesorhizobium sp. L2C085B000,Bacteria; Pseudomonadati; Pseudomonadota; Alphaproteobacteria; Hyphomicrobiales; Phyllobacteriaceae; Mesorhizobium,0,5_504_CntA#2,core,0.9938,0,0,0,0,[alpha]
NZ_AYWS01000008.1:219718-220921:1,WP_023783653.1,X740_RS146775,,aromatic ring-hydroxylating dioxygenase subunit alpha,5_504_CntA,5,136.7,0.543,6.2e-40,NZ_AYWS01000008.1,219718,220921,1,Mesorhizobium sp. LNHC220B00,Bacteria; Pseudomonadota; Alphaproteobacteria; Hyphomicrobiales; Phyllobacteriaceae; Mesorhizobium,0,5_504_CntA#2,core,0.8612,0,0,0,0,[alpha]
NZ_AYWY01000015.1:164351-165554:-1,WP_023696407.1,X734_RS141935,,SRPBCC family protein,5_504_CntA,5,139.4,0.5323,9.4e-41,NZ_AYWY01000015.1,164351,165554,-1,Mesorhizobium sp. L2C067A000,Bacteria; Pseudomonadati; Pseudomonadota; Alphaproteobacteria; Hyphomicrobiales; Phyllobacteriaceae; Mesorhizobium,0,5_504_CntA#2,core,0.9968,0,0,0,0,[alpha]
NZ_AYWZ01000003.1:142714-143917:-1,WP_023696407.1,X733_RS154455,,SRPBCC family protein,5_504_CntA,5,139.4,0.5323,9.4e-41,NZ_AYWZ01000003.1,142714,143917,-1,Mesorhizobium sp. L2C066B000,Bacteria; Pseudomonadati; Pseudomonadota; Alphaproteobacteria; Hyphomicrobiales; Phyllobacteriaceae; Mesorhizobium,0,5_504_CntA#2,core,0.9968,0,0,0,0,[alpha]
NZ_AYXA01000019.1:17084-18287:1,WP_023822566.1,X732_RS137245,,SRPBCC family protein,5_504_CntA,5,139.0,0.5323,1.2e-40,NZ_AYXA01000019.1,17084,18287,1,Mesorhizobium sp. L2C054A000,Bacteria; Pseudomonadota; Alphaproteobacteria; Hyphomicrobiales; Phyllobacteriaceae; Mesorhizobium,0,5_504_CntA#2,core,0.9937,0,0,0,0,[alpha]
NZ_AYXC01000010.1:170220-171423:-1,WP_023696407.1,X730_RS146745,,SRPBCC family protein,5_504_CntA,5,139.4,0.5323,9.4e-41,NZ_AYXC01000010.1,170220,171423,-1,Mesorhizobium sp. L103C131B0,Bacteria; Pseudomonadati; Pseudomonadota; Alphaproteobacteria; Hyphomicrobiales; Phyllobacteriaceae; Mesorhizobium,0,5_504_CntA#2,core,0.9968,0,0,0,0,[alpha]
NZ_AZND01000158.1:1417-2578:-1,WP_036235011.1,x551_RS15705,,aromatic ring-hydroxylating dioxygenase subunit alpha,5_504_CntA,5,64.3,0.5995,6e-18,NZ_AZND01000158.1,1417,2578,-1,Methylibium sp. T29,Bacteria; Pseudomonadati; Pseudomonadota; Betaproteobacteria; Burkholderiales; Sphaerotilaceae; Methylibium,0,5_504_CntA#41,novel_candidate,0.2206,0,0,0,0,[alpha] > transporter > hypothetical
NZ_AYXB01000008.1:48804-50007:1,WP_023696407.1,X731_RS135380,,SRPBCC family protein,5_504_CntA,5,139.4,0.5323,9.4e-41,NZ_AYXB01000008.1,48804,50007,1,Mesorhizobium sp. L103C565B0,Bacteria; Pseudomonadati; Pseudomonadota; Alphaproteobacteria; Hyphomicrobiales; Phyllobacteriaceae; Mesorhizobium,0,5_504_CntA#2,core,0.9968,0,0,0,0,[alpha]
NZ_AYXE01000010.1:20495-21698:1,WP_023696407.1,X728_RS148950,,SRPBCC family protein,5_504_CntA,5,139.4,0.5323,9.4e-41,NZ_AYXE01000010.1,20495,21698,1,Mesorhizobium sp. L103C119B0,Bacteria; Pseudomonadati; Pseudomonadota; Alphaproteobacteria; Hyphomicrobiales; Phyllobacteriaceae; Mesorhizobium,0,5_504_CntA#2,core,0.9968,0,0,0,0,[alpha]
NZ_AYXF01000011.1:134898-136101:-1,WP_023696407.1,X727_RS140275,,SRPBCC family protein,5_504_CntA,5,139.4,0.5323,9.4e-41,NZ_AYXF01000011.1,134898,136101,-1,Mesorhizobium sp. L103C105A0,Bacteria; Pseudomonadati; Pseudomonadota; Alphaproteobacteria; Hyphomicrobiales; Phyllobacteriaceae; Mesorhizobium,0,5_504_CntA#2,core,0.9968,0,0,0,0,[alpha]
NZ_AZSN01000159.1:1497-2658:-1,WP_036235011.1,Y694_RS17960,,aromatic ring-hydroxylating dioxygenase subunit alpha,5_504_CntA,5,64.3,0.5995,6e-18,NZ_AZSN01000159.1,1497,2658,-1,Methylibium sp. T29-B,Bacteria; Pseudomonadati; Pseudomonadota; Betaproteobacteria; Burkholderiales; Sphaerotilaceae; Methylibium,0,5_504_CntA#41,novel_candidate,0.2206,0,0,0,0,[alpha] > transporter > other
NZ_AYXD01000003.1:329755-330958:-1,WP_023670067.1,X729_RS158100,,SRPBCC family protein,5_504_CntA,5,139.3,0.5349,1e-40,NZ_AYXD01000003.1,329755,330958,-1,Mesorhizobium sp. L103C120A0,Bacteria; Pseudomonadati; Pseudomonadota; Alphaproteobacteria; Hyphomicrobiales; Phyllobacteriaceae; Mesorhizobium,0,5_504_CntA#2,core,0.9874,0,0,0,0,[alpha]
NZ_AZYO01000001.1:239890-241237:1,WP_054370927.1,Z051_RS01065,,SRPBCC family protein,5_504_CntA,5,104.4,0.5134,3.9e-30,NZ_AZYO01000001.1,239890,241237,1,Rhodococcus rhodochrous KG-21,Bacteria; Bacillati; Actinomycetota; Actinomycetes; Mycobacteriales; Nocardiaceae; Rhodococcus,0,5_504_CntA#127,novel_candidate,0.3381,0,0,0,0,dehydrogenase > [alpha]
NZ_BAEO01000013.1:42467-43598:1,WP_007617434.1,GARC_RS05055,,aromatic ring-hydroxylating dioxygenase subunit alpha,5_504_CntA,5,125.9,0.8737,1.2e-36,NZ_BAEO01000013.1,42467,43598,1,Paraglaciecola arctica BSs20135,Bacteria; Pseudomonadati; Pseudomonadota; Gammaproteobacteria; Alteromonadales; Alteromonadaceae; Paraglaciecola,0,5_504_CntA#215,novel_candidate,0.3477,0,0,0,0,other > hypothetical > [alpha]
NZ_BAES01000098.1:92703-93855:1,WP_007643465.1,GPSY_RS22255,,aromatic ring-hydroxylating dioxygenase subunit alpha,5_504_CntA,5,114.2,0.8844,4.2e-33,NZ_BAES01000098.1,92703,93855,1,Paraglaciecola psychrophila 170,Bacteria; Pseudomonadati; Pseudomonadota; Gammaproteobacteria; Alteromonadales; Alteromonadaceae; Paraglaciecola,0,5_504_CntA#126,divergent,0.4013,0,0,0,0,[alpha] > regulator
NZ_BAEP01000086.1:25551-26697:-1,WP_006994851.1,GMES_RS21080,,aromatic ring-hydroxylating dioxygenase subunit alpha,5_504_CntA,5,113.8,0.8683,5.4e-33,NZ_BAEP01000086.1,25551,26697,-1,Paraglaciecola mesophila KMM 241,Bacteria; Pseudomonadati; Pseudomonadota; Gammaproteobacteria; Alteromonadales; Alteromonadaceae; Paraglaciecola,0,5_504_CntA#126,divergent,0.4132,0,0,0,0,[alpha]
NZ_BANX01000016.1:62697-63879:-1,WP_007620718.1,GS4_RS11610,,aromatic ring-hydroxylating dioxygenase subunit alpha,5_504_CntA,5,100.6,0.5188,5.8e-29,NZ_BANX01000016.1,62697,63879,-1,Gordonia soli NBRC 108243,Bacteria; Bacillati; Actinomycetota; Actinomycetes; Mycobacteriales; Gordoniaceae; Gordonia,0,5_504_CntA#49,novel_candidate,0.2671,0,0,0,0,[alpha] > other > regulator
NZ_BAQF01000005.1:188835-190020:-1,WP_048851205.1,AA103193_RS03750,,aromatic ring-hydroxylating dioxygenase subunit alpha,5_504_CntA,5,143.1,0.5403,7.1e-42,NZ_BAQF01000005.1,188835,190020,-1,Tanticharoenia sakaeratensis NBRC 103193,Bacteria; Pseudomonadati; Pseudomonadota; Alphaproteobacteria; Acetobacterales; Acetobacteraceae; Tanticharoenia,0,5_504_CntA#95,novel_candidate,0.2938,0,0,0,0,reductase > hypothetical > other > [alpha]
NZ_BAHA01000004.1:231378-232542:1,WP_002439921.1,EB105725_RS03100,,SRPBCC family protein,5_504_CntA,5,719.7,0.9839,4.1e-217,NZ_BAHA01000004.1,231378,232542,1,Shimwellia blattae DSM 4481 = NBRC 105725,Bacteria; Pseudomonadati; Pseudomonadota; Gammaproteobacteria; Enterobacterales; Enterobacteriaceae; Shimwellia,0,5_504_CntA#0,core,0.7583,0,0,0,0,transporter > [alpha] > reductase
NZ_BASZ01000007.1:120248-121616:1,WP_021690925.1,NT2_RS14490,,SRPBCC family protein,5_504_CntA,5,116.7,0.5215,7.3e-34,NZ_BASZ01000007.1,120248,121616,1,Caenibius tardaugens NBRC 16725,Bacteria; Pseudomonadati; Pseudomonadota; Alphaproteobacteria; Sphingomonadales; Erythrobacteraceae; Caenibius,0,5_504_CntA#14,core,0.8364,0,0,0,0,[alpha] > alpha_other
NZ_BASZ01000007.1:121615-122962:1,WP_021690926.1,NT2_RS14495,,SRPBCC family protein,5_504_CntA,5,119.9,0.5188,7.7e-35,NZ_BASZ01000007.1,121615,122962,1,Caenibius tardaugens NBRC 16725,Bacteria; Pseudomonadati; Pseudomonadota; Alphaproteobacteria; Sphingomonadales; Erythrobacteraceae; Caenibius,0,5_504_CntA#28,core,0.567,0,0,0,0,alpha_other > [alpha]
NZ_BATK01000007.1:2668-3856:1,WP_017635305.1,VAL01S_RS09080,,aromatic ring-hydroxylating dioxygenase subunit alpha,5_504_CntA,5,142.9,0.8871,7.8e-42,NZ_BATK01000007.1,2668,3856,1,Vibrio alginolyticus NBRC 15630 = ATCC 17749,Bacteria; Pseudomonadati; Pseudomonadota; Gammaproteobacteria; Vibrionales; Vibrionaceae; Vibrio,0,5_504_CntA#15,core,0.9675,1,0,0,1,[alpha] > dehydrogenase > other > reductase > reductase > other
NZ_BBIO01000011.1:98590-99718:-1,WP_052379413.1,M2A_RS17440,,aromatic ring-hydroxylating dioxygenase subunit alpha,5_504_CntA,5,150.0,0.8602,5.4e-44,NZ_BBIO01000011.1,98590,99718,-1,Tepidicaulis marinus,Bacteria; Pseudomonadati; Pseudomonadota; Alphaproteobacteria; Hyphomicrobiales; Parvibaculaceae; Tepidicaulis,0,5_504_CntA#212,novel_candidate,0.3061,0,0,0,0,regulator > [alpha] > other > other
NZ_BBQU01000002.1:33845-35036:1,WP_045429877.1,P23_RS01310,,aromatic ring-hydroxylating dioxygenase subunit alpha,5_504_CntA,5,137.5,0.8737,3.5e-40,NZ_BBQU01000002.1,33845,35036,1,Acinetobacter calcoaceticus,Bacteria; Pseudomonadati; Pseudomonadota; Gammaproteobacteria; Moraxellales; Moraxellaceae; Acinetobacter; Acinetobacter calcoaceticus/baumannii complex,0,5_504_CntA#16,core,0.9823,1,0,0,1,[alpha] > dehydrogenase > other > reductase > reductase > other
NZ_BBWU01000023.1:20459-21647:-1,WP_046347828.1,SCH01S_RS05720,,aromatic ring-hydroxylating dioxygenase subunit alpha,5_504_CntA,5,147.3,0.8844,3.6e-43,NZ_BBWU01000023.1,20459,21647,-1,Sphingomonas changbaiensis NBRC 104936,Bacteria; Pseudomonadati; Pseudomonadota; Alphaproteobacteria; Sphingomonadales; Sphingomonadaceae; Sphingomonas,0,5_504_CntA#221,novel_candidate,0.3442,0,0,0,0,[alpha]
NZ_BCMM01000001.1:36463-37756:-1,WP_059077901.1,AV118_RS00175,,aromatic ring-hydroxylating dioxygenase subunit alpha,5_504_CntA,5,112.4,0.8737,1.5e-32,NZ_BCMM01000001.1,36463,37756,-1,Streptomyces scabiei,Bacteria; Bacillati; Actinomycetota; Actinomycetes; Kitasatosporales; Streptomycetaceae; Streptomyces,0,5_504_CntA#22,core,0.9633,0,0,0,0,[alpha] > reductase > other > other
NZ_BJSU01000102.1:14287-15412:1,WP_000067820.1,F7G99_RS21275,yeaW,"carnitine monooxygenase, oxygenase subunit YeaW",5_504_CntA,5,746.5,0.9866,3e-225,NZ_BJSU01000102.1,14287,15412,1,Escherichia coli O145:H28,Bacteria; Pseudomonadati; Pseudomonadota; Gammaproteobacteria; Enterobacterales; Enterobacteriaceae; Escherichia,0,5_504_CntA#0,core,0.9972,1,0,0,1,transporter > [alpha] > reductase
NZ_BJVB01000019.1:11266-12475:-1,WP_052511968.1,AME01nite_RS10730,,aromatic ring-hydroxylating dioxygenase subunit alpha,5_504_CntA,5,142.3,0.5403,1.2e-41,NZ_BJVB01000019.1,11266,12475,-1,Acidomonas methanolica NBRC 104435,Bacteria; Pseudomonadati; Pseudomonadota; Alphaproteobacteria; Acetobacterales; Acetobacteraceae; Acidomonas,0,5_504_CntA#95,novel_candidate,0.2759,0,0,0,0,reductase > hypothetical > other > [alpha]
NZ_BLTI01000010.1:11701-13135:-1,WP_207094989.1,J3474_RS17220,,SRPBCC family protein,5_504_CntA,5,102.3,0.5269,1.7e-29,NZ_BLTI01000010.1,11701,13135,-1,Novosphingobium sp. PY1,Bacteria; Pseudomonadati; Pseudomonadota; Alphaproteobacteria; Sphingomonadales; Sphingomonadaceae; Novosphingobium,0,5_504_CntA#18,core,0.8876,0,0,0,0,[alpha] > other
NZ_BLTI01000010.1:17571-18918:-1,WP_207094995.1,J3474_RS17255,,SRPBCC family protein,5_504_CntA,5,117.7,0.5645,3.6e-34,NZ_BLTI01000010.1,17571,18918,-1,Novosphingobium sp. PY1,Bacteria; Pseudomonadati; Pseudomonadota; Alphaproteobacteria; Sphingomonadales; Sphingomonadaceae; Novosphingobium,0,5_504_CntA#34,divergent,0.4273,0,0,0,0,other > alpha_other > other > [alpha] > other > dehydrogenase
NZ_BLTI01000010.1:19553-20876:-1,WP_013832634.1,J3474_RS17265,,SRPBCC family protein,5_504_CntA,5,121.9,0.5484,1.9e-35,NZ_BLTI01000010.1,19553,20876,-1,Novosphingobium sp. PY1,Bacteria; Pseudomonadati; Pseudomonadota; Alphaproteobacteria; Sphingomonadales; Sphingomonadaceae; Novosphingobium,0,5_504_CntA#10,core,0.8925,0,0,0,0,other > [alpha] > other > alpha_other > other > dehydrogenase
NZ_BLTI01000010.1:35961-37146:1,WP_207095003.1,J3474_RS17335,,SRPBCC family protein,5_504_CntA,5,110.3,0.5887,6.3e-32,NZ_BLTI01000010.1,35961,37146,1,Novosphingobium sp. PY1,Bacteria; Pseudomonadati; Pseudomonadota; Alphaproteobacteria; Sphingomonadales; Sphingomonadaceae; Novosphingobium,0,5_504_CntA#33,novel_candidate,0.3567,0,0,0,0,alpha_other > [alpha]
NZ_BLTI01000017.1:27673-29032:1,WP_207095579.1,J3474_RS21005,,SRPBCC family protein,5_504_CntA,5,113.0,0.5161,9.9e-33,NZ_BLTI01000017.1,27673,29032,1,Novosphingobium sp. PY1,Bacteria; Pseudomonadati; Pseudomonadota; Alphaproteobacteria; Sphingomonadales; Sphingomonadaceae; Novosphingobium,0,5_504_CntA#14,core,0.9401,0,0,0,0,[alpha] > alpha_other
NZ_BLTI01000017.1:29028-30375:1,WP_207095491.1,J3474_RS21010,,SRPBCC family protein,5_504_CntA,5,123.9,0.5215,4.7e-36,NZ_BLTI01000017.1,29028,30375,1,Novosphingobium sp. PY1,Bacteria; Pseudomonadati; Pseudomonadota; Alphaproteobacteria; Sphingomonadales; Sphingomonadaceae; Novosphingobium,0,5_504_CntA#28,core,0.5854,0,0,0,0,alpha_other > [alpha]
NZ_BLTI01000017.1:144985-146401:1,WP_207095556.1,J3474_RS21530,,SRPBCC family protein,5_504_CntA,5,96.1,0.5242,1.3e-27,NZ_BLTI01000017.1,144985,146401,1,Novosphingobium sp. PY1,Bacteria; Pseudomonadati; Pseudomonadota; Alphaproteobacteria; Sphingomonadales; Sphingomonadaceae; Novosphingobium,0,5_504_CntA#18,core,0.8844,0,0,0,0,reductase > reductase > [alpha] > regulator
NZ_BLTI01000006.1:218345-219548:1,WP_051009925.1,J3474_RS09055,,aromatic ring-hydroxylating dioxygenase subunit alpha,5_504_CntA,5,113.1,0.5323,9.3e-33,NZ_BLTI01000006.1,218345,219548,1,Novosphingobium sp. PY1,Bacteria; Pseudomonadati; Pseudomonadota; Alphaproteobacteria; Sphingomonadales; Sphingomonadaceae; Novosphingobium,0,5_504_CntA#125,novel_candidate,0.2865,0,0,0,0,[alpha] > alpha_other > regulator
NZ_BSKJ01000003.1:432731-433853:-1,WP_019097878.1,QQL85_RS09445,,aromatic ring-hydroxylating dioxygenase subunit alpha,5_504_CntA,5,778.8,0.9973,4.4e-235,NZ_BSKJ01000003.1,432731,433853,-1,Pseudomonas putida,Bacteria; Pseudomonadati; Pseudomonadota; Gammaproteobacteria; Pseudomonadales; Pseudomonadaceae; Pseudomonas,0,5_504_CntA#0,core,0.7358,0,0,0,0,transporter > [alpha] > reductase > other
NZ_CAAF010000085.1:75735-76884:1,WP_006339691.1,MESS4_RS30310,,aromatic ring-hydroxylating dioxygenase subunit alpha,5_504_CntA,5,287.9,0.9677,6.6e-86,NZ_CAAF010000085.1,75735,76884,1,Mesorhizobium sp. STM 4661,Bacteria; Pseudomonadati; Pseudomonadota; Alphaproteobacteria; Hyphomicrobiales; Phyllobacteriaceae; Mesorhizobium,0,5_504_CntA#90,novel_candidate,0.3746,0,0,0,0,[alpha]
NZ_CABVPP010000004.1:58673-59822:1,WP_012218347.1,BST28156_RS04885,,Rieske 2Fe-2S domain-containing protein,5_504_CntA,5,766.3,0.9946,2.8e-231,NZ_CABVPP010000004.1,58673,59822,1,Burkholderia pseudomultivorans,Bacteria; Pseudomonadati; Pseudomonadota; Betaproteobacteria; Burkholderiales; Burkholderiaceae; Burkholderia; Burkholderia cepacia complex,0,5_504_CntA#0,core,0.726,0,0,0,0,[alpha] > dehydrogenase > reductase
NZ_CADFGH010000010.1:192934-194083:-1,WP_012405262.1,HWY06_RS21710,,SRPBCC family protein,5_504_CntA,5,138.1,0.5349,2.3e-40,NZ_CADFGH010000010.1,192934,194083,-1,Paraburkholderia phymatum STM815,Bacteria; Pseudomonadati; Pseudomonadota; Betaproteobacteria; Burkholderiales; Burkholderiaceae; Paraburkholderia,0,5_504_CntA#8,core,0.88,0,0,0,0,[alpha] > transporter > transporter > transporter > transporter
NZ_CADIKB010000013.1:151693-152785:1,WP_028361444.1,HV711_RS16015,,aromatic ring-hydroxylating dioxygenase subunit alpha,5_504_CntA,5,66.1,0.629,1.7e-18,NZ_CADIKB010000013.1,151693,152785,1,Paraburkholderia phenoliruptrix,Bacteria; Pseudomonadati; Pseudomonadota; Betaproteobacteria; Burkholderiales; Burkholderiaceae; Paraburkholderia,0,5_504_CntA#211,novel_candidate,0.231,0,0,0,0,regulator > other > other > other > other > reductase > other > [alpha] > other > other
NZ_CADIKB010000016.1:46685-47822:1,WP_035479095.1,HV711_RS17445,,SRPBCC family protein,5_504_CntA,5,135.6,0.5323,1.3e-39,NZ_CADIKB010000016.1,46685,47822,1,Paraburkholderia phenoliruptrix,Bacteria; Pseudomonadati; Pseudomonadota; Betaproteobacteria; Burkholderiales; Burkholderiaceae; Paraburkholderia,0,5_504_CntA#8,core,0.9012,0,0,0,0,regulator > [alpha] > transporter > transporter > transporter > transporter
NZ_CAUM01000175.1:17021-18170:1,WP_008878291.1,MESS2_RS29195,,aromatic ring-hydroxylating dioxygenase subunit alpha,5_504_CntA,5,289.8,0.9677,1.8e-86,NZ_CAUM01000175.1,17021,18170,1,Mesorhizobium metallidurans STM 2683,Bacteria; Pseudomonadati; Pseudomonadota; Alphaproteobacteria; Hyphomicrobiales; Phyllobacteriaceae; Mesorhizobium,0,5_504_CntA#90,novel_candidate,0.3776,0,0,0,0,[alpha]
NZ_CAUM01000055.1:48940-50143:-1,WP_008873967.1,MESS2_RS09425,,aromatic ring-hydroxylating dioxygenase subunit alpha,5_504_CntA,5,141.1,0.5376,2.8e-41,NZ_CAUM01000055.1,48940,50143,-1,Mesorhizobium metallidurans STM 2683,Bacteria; Pseudomonadati; Pseudomonadota; Alphaproteobacteria; Hyphomicrobiales; Phyllobacteriaceae; Mesorhizobium,0,5_504_CntA#2,core,0.947,0,0,0,0,[alpha]
NZ_CAVK010000024.1:2610-3789:1,WP_006949977.1,EBBID32_RS02330,,aromatic ring-hydroxylating dioxygenase subunit alpha,5_504_CntA,5,102.0,0.6263,2.1e-29,NZ_CAVK010000024.1,2610,3789,1,Sphingobium indicum BiD32,Bacteria; Pseudomonadati; Pseudomonadota; Alphaproteobacteria; Sphingomonadales; Sphingomonadaceae; Sphingobium,0,5_504_CntA#66,novel_candidate,0.3524,0,0,0,0,[alpha]
NZ_CAVK010000039.1:95588-96914:1,WP_006950985.1,EBBID32_RS03915,,aromatic ring-hydroxylating dioxygenase subunit alpha,5_504_CntA,5,118.6,0.586,1.9e-34,NZ_CAVK010000039.1,95588,96914,1,Sphingobium indicum BiD32,Bacteria; Pseudomonadati; Pseudomonadota; Alphaproteobacteria; Sphingomonadales; Sphingomonadaceae; Sphingobium,0,5_504_CntA#65,novel_candidate,0.2983,0,0,0,0,other > regulator > [alpha] > other > other
NZ_CCBH010000135.1:71452-72799:-1,WP_054945130.1,SPHV1_RS06000,,SRPBCC family protein,5_504_CntA,5,121.5,0.5161,2.6e-35,NZ_CCBH010000135.1,71452,72799,-1,Novosphingobium sp. KN65.2,Bacteria; Pseudomonadati; Pseudomonadota; Alphaproteobacteria; Sphingomonadales; Sphingomonadaceae; Novosphingobium,0,5_504_CntA#28,core,0.6007,0,0,0,0,alpha_other > [alpha]
NZ_CCBH010000135.1:72795-74154:-1,WP_054945166.1,SPHV1_RS06005,,SRPBCC family protein,5_504_CntA,5,115.5,0.5161,1.7e-33,NZ_CCBH010000135.1,72795,74154,-1,Novosphingobium sp. KN65.2,Bacteria; Pseudomonadati; Pseudomonadota; Alphaproteobacteria; Sphingomonadales; Sphingomonadaceae; Novosphingobium,0,5_504_CntA#14,core,0.946,0,0,0,0,[alpha] > alpha_other
NZ_CBSD020000084.1:14497-15613:-1,WP_004710265.1,ANICBIBUN_RS37170,cntA,carnitine monooxygenase subunit alpha,5_504_CntA,5,819.5,0.9973,2e-247,NZ_CBSD020000084.1,14497,15613,-1,Acinetobacter nosocomialis 28F,Bacteria; Pseudomonadati; Pseudomonadota; Gammaproteobacteria; Moraxellales; Moraxellaceae; Acinetobacter; Acinetobacter calcoaceticus/baumannii complex,0,5_504_CntA#0,core,0.9944,1,0,0,1,dehydrogenase > transporter > hydrolase > [alpha] > dehydrogenase > reductase
NZ_CCBH010000211.1:16238-17423:-1,WP_054948257.1,SPHV1_RS22615,,SRPBCC family protein,5_504_CntA,5,110.6,0.8683,5.2e-32,NZ_CCBH010000211.1,16238,17423,-1,Novosphingobium sp. KN65.2,Bacteria; Pseudomonadati; Pseudomonadota; Alphaproteobacteria; Sphingomonadales; Sphingomonadaceae; Novosphingobium,0,5_504_CntA#33,novel_candidate,0.3547,0,0,0,0,alpha_other > [alpha]
NZ_CCBH010000211.1:32504-33827:1,WP_054948281.1,SPHV1_RS22685,,SRPBCC family protein,5_504_CntA,5,121.8,0.5484,2e-35,NZ_CCBH010000211.1,32504,33827,1,Novosphingobium sp. KN65.2,Bacteria; Pseudomonadati; Pseudomonadota; Alphaproteobacteria; Sphingomonadales; Sphingomonadaceae; Novosphingobium,0,5_504_CntA#10,core,0.8866,0,0,0,0,other > [alpha] > other > alpha_other > other > dehydrogenase
NZ_CCBH010000211.1:34459-35806:1,WP_054948269.1,SPHV1_RS22695,,SRPBCC family protein,5_504_CntA,5,118.6,0.5591,2e-34,NZ_CCBH010000211.1,34459,35806,1,Novosphingobium sp. KN65.2,Bacteria; Pseudomonadati; Pseudomonadota; Alphaproteobacteria; Sphingomonadales; Sphingomonadaceae; Novosphingobium,0,5_504_CntA#34,divergent,0.4345,0,0,0,0,other > alpha_other > other > [alpha] > other > dehydrogenase
NZ_CCNB01000042.1:184646-185849:1,WP_040989377.1,MPLDJ20_RS26125,,aromatic ring-hydroxylating dioxygenase subunit alpha,5_504_CntA,5,137.6,0.5349,3.1e-40,NZ_CCNB01000042.1,184646,185849,1,Mesorhizobium plurifarium,Bacteria; Proteobacteria; Alphaproteobacteria; Rhizobiales; Phyllobacteriaceae; Mesorhizobium,0,5_504_CntA#2,core,0.9534,0,0,0,0,[alpha]
NZ_CCNB01000007.1:530875-531937:-1,WP_082037141.1,MPLDJ20_RS11945,,aromatic ring-hydroxylating dioxygenase subunit alpha,5_504_CntA,5,126.7,0.8387,6.8e-37,NZ_CCNB01000007.1,530875,531937,-1,Mesorhizobium plurifarium,Bacteria; Proteobacteria; Alphaproteobacteria; Rhizobiales; Phyllobacteriaceae; Mesorhizobium,0,5_504_CntA#210,novel_candidate,0.2897,0,0,0,0,[alpha]
NZ_CP005086.1:128689-129931:-1,WP_066564598.1,K426_RS28100,,SRPBCC family protein,5_504_CntA,5,135.1,0.5726,1.8e-39,NZ_CP005086.1,128689,129931,-1,Sphingobium sp. TKS,Bacteria; Pseudomonadati; Pseudomonadota; Alphaproteobacteria; Sphingomonadales; Sphingomonadaceae; Sphingobium,1,5_504_CntA#89,novel_candidate,0.2725,0,0,0,0,[alpha]
NZ_CP005189.1:228580-229903:1,WP_062121362.1,K663_RS17585,,aromatic ring-hydroxylating dioxygenase subunit alpha,5_504_CntA,5,143.7,0.5565,4.5e-42,NZ_CP005189.1,228580,229903,1,Sphingobium sp. MI1205,Bacteria; Pseudomonadati; Pseudomonadota; Alphaproteobacteria; Sphingomonadales; Sphingomonadaceae; Sphingobium,0,5_504_CntA#124,novel_candidate,0.3656,0,0,0,0,[alpha] > other
NZ_CP005189.1:321121-322528:1,WP_158511221.1,K663_RS17985,,SRPBCC family protein,5_504_CntA,5,116.4,0.5457,8.8e-34,NZ_CP005189.1,321121,322528,1,Sphingobium sp. MI1205,Bacteria; Pseudomonadati; Pseudomonadota; Alphaproteobacteria; Sphingomonadales; Sphingomonadaceae; Sphingobium,0,5_504_CntA#123,novel_candidate,0.364,0,0,0,0,[alpha] > hypothetical > transposon
NZ_CP005190.1:236761-238003:-1,WP_062121761.1,K663_RS20380,,SRPBCC family protein,5_504_CntA,5,131.0,0.5699,3.3e-38,NZ_CP005190.1,236761,238003,-1,Sphingobium sp. MI1205,Bacteria; Pseudomonadati; Pseudomonadota; Alphaproteobacteria; Sphingomonadales; Sphingomonadaceae; Sphingobium,1,5_504_CntA#89,novel_candidate,0.2844,0,0,0,0,[alpha]
NZ_CP011948.1:100917-102060:-1,WP_050460016.1,ABY42_RS15460,,aromatic ring-hydroxylating dioxygenase subunit alpha,5_504_CntA,5,173.5,0.879,3.9e-51,NZ_CP011948.1,100917,102060,-1,Haloferax gibbonsii,Archaea; Methanobacteriati; Methanobacteriota; Stenosarchaea group; Halobacteria; Halobacteriales; Haloferacaceae; Haloferax,1,5_504_CntA#4,core,0.9506,0,0,0,0,[alpha] > hypothetical
NZ_CP016365.1:163312-164467:-1,WP_072506673.1,PhaeoP97_RS18240,,aromatic ring-hydroxylating dioxygenase subunit alpha,5_504_CntA,5,106.5,0.879,9.1e-31,NZ_CP016365.1,163312,164467,-1,Phaeobacter porticola,Bacteria; Pseudomonadati; Pseudomonadota; Alphaproteobacteria; Rhodobacterales; Roseobacteraceae; Phaeobacter,1,5_504_CntA#11,core,0.7872,0,0,0,0,regulator > [alpha] > dehydrogenase > hypothetical > reductase
NZ_CP016453.1:356373-357771:1,WP_069064083.1,BSY17_RS01655,,SRPBCC family protein,5_504_CntA,5,101.3,0.5403,3.5e-29,NZ_CP016453.1,356373,357771,1,Sphingobium sp. RAC03,Bacteria; Pseudomonadati; Pseudomonadota; Alphaproteobacteria; Sphingomonadales; Sphingomonadaceae; Sphingobium,1,5_504_CntA#32,novel_candidate,0.3042,0,0,0,0,[alpha]
NZ_CP016453.1:864455-865814:1,WP_069064407.1,BSY17_RS03910,,SRPBCC family protein,5_504_CntA,5,114.1,0.5376,4.5e-33,NZ_CP016453.1,864455,865814,1,Sphingobium sp. RAC03,Bacteria; Pseudomonadati; Pseudomonadota; Alphaproteobacteria; Sphingomonadales; Sphingomonadaceae; Sphingobium,1,5_504_CntA#14,core,0.728,0,0,0,0,[alpha] > alpha_other
NZ_CP019603.1:460474-461824:1,WP_066850277.1,A9D14_RS16280,,SRPBCC family protein,5_504_CntA,5,126.0,0.5645,1e-36,NZ_CP019603.1,460474,461824,1,Croceicoccus marinus,Bacteria; Pseudomonadati; Pseudomonadota; Alphaproteobacteria; Sphingomonadales; Erythrobacteraceae; Croceicoccus,1,5_504_CntA#14,core,0.6973,0,0,0,0,[alpha]
NZ_CP019603.1:507272-508619:-1,WP_066850369.1,A9D14_RS16495,,SRPBCC family protein,5_504_CntA,5,116.4,0.5914,9.2e-34,NZ_CP019603.1,507272,508619,-1,Croceicoccus marinus,Bacteria; Pseudomonadati; Pseudomonadota; Alphaproteobacteria; Sphingomonadales; Erythrobacteraceae; Croceicoccus,1,5_504_CntA#50,novel_candidate,0.3683,0,0,0,0,dehydrogenase > [alpha]
NZ_CP019603.1:549497-550844:1,WP_066850432.1,A9D14_RS16695,,SRPBCC family protein,5_504_CntA,5,114.1,0.543,4.4e-33,NZ_CP019603.1,549497,550844,1,Croceicoccus marinus,Bacteria; Pseudomonadati; Pseudomonadota; Alphaproteobacteria; Sphingomonadales; Erythrobacteraceae; Croceicoccus,1,5_504_CntA#10,core,0.8385,0,0,0,0,other > [alpha] > other > other
NZ_CP019603.1:554314-555748:1,WP_066850441.1,A9D14_RS16725,,SRPBCC family protein,5_504_CntA,5,100.3,0.5269,6.9e-29,NZ_CP019603.1,554314,555748,1,Croceicoccus marinus,Bacteria; Pseudomonadati; Pseudomonadota; Alphaproteobacteria; Sphingomonadales; Erythrobacteraceae; Croceicoccus,1,5_504_CntA#18,core,0.7357,0,0,0,0,[alpha] > other
NZ_CP025614.1:117733-118954:-1,WP_102115288.1,C0V82_RS25585,,aromatic ring-hydroxylating dioxygenase subunit alpha,5_504_CntA,5,116.3,0.5323,9.5e-34,NZ_CP025614.1,117733,118954,-1,Niveispirillum cyanobacteriorum,Bacteria; Pseudomonadati; Pseudomonadota; Alphaproteobacteria; Rhodospirillales; Azospirillaceae; Niveispirillum,1,5_504_CntA#64,novel_candidate,0.2572,0,0,0,0,other > [alpha]
NZ_CP025614.1:120584-121982:1,WP_102115290.1,C0V82_RS25595,,aromatic ring-hydroxylating dioxygenase subunit alpha,5_504_CntA,5,137.6,0.578,3.1e-40,NZ_CP025614.1,120584,121982,1,Niveispirillum cyanobacteriorum,Bacteria; Pseudomonadati; Pseudomonadota; Alphaproteobacteria; Rhodospirillales; Azospirillaceae; Niveispirillum,1,5_504_CntA#213,divergent,0.4497,0,0,0,0,[alpha] > other > other > other
NZ_CP029763.1:61749-62970:-1,WP_008827657.1,DM450_RS22945,,aromatic ring-hydroxylating dioxygenase subunit alpha,5_504_CntA,5,117.6,0.5188,3.8e-34,NZ_CP029763.1,61749,62970,-1,Sphingomonas sp. IC081,Bacteria; Pseudomonadati; Pseudomonadota; Alphaproteobacteria; Sphingomonadales; Sphingomonadaceae; Sphingomonas,1,5_504_CntA#209,novel_candidate,0.2507,0,0,0,0,other > [alpha] > hypothetical > hypothetical > other > alpha_other
NZ_CP039137.1:98212-99352:1,WP_011222750.1,E6P14_RS03855,,aromatic ring-hydroxylating dioxygenase subunit alpha,5_504_CntA,5,181.4,0.8683,1.6e-53,NZ_CP039137.1,98212,99352,1,Haloarcula marismortui ATCC 43049,Archaea; Methanobacteriati; Methanobacteriota; Stenosarchaea group; Halobacteria; Halobacteriales; Haloarculaceae; Haloarcula,1,5_504_CntA#4,core,0.7464,0,0,0,0,reductase > [alpha] > hypothetical
NZ_CP035286.1:420944-422171:-1,WP_243700247.1,EQ718_RS16240,,aromatic ring-hydroxylating dioxygenase subunit alpha,5_504_CntA,5,111.5,0.5323,2.8e-32,NZ_CP035286.1,420944,422171,-1,Paracoccus versutus,Bacteria; Pseudomonadati; Pseudomonadota; Alphaproteobacteria; Rhodobacterales; Paracoccaceae; Paracoccus,1,5_504_CntA#64,novel_candidate,0.2561,0,0,0,0,[alpha] > other > reductase > other > reductase
NZ_CP063206.1:8969-10112:-1,WP_004972249.1,HfgLR_RS15550,,aromatic ring-hydroxylating dioxygenase subunit alpha,5_504_CntA,5,173.2,0.879,4.8e-51,NZ_CP063206.1,8969,10112,-1,Haloferax gibbonsii,Archaea; Methanobacteriati; Methanobacteriota; Stenosarchaea group; Halobacteria; Halobacteriales; Haloferacaceae; Haloferax,1,5_504_CntA#4,core,0.9477,0,0,0,0,[alpha] > hypothetical
NZ_CP073369.1:74614-75754:-1,WP_004965943.1,KDQ40_RS19500,,aromatic ring-hydroxylating dioxygenase subunit alpha,5_504_CntA,5,181.5,0.8683,1.5e-53,NZ_CP073369.1,74614,75754,-1,Haloarcula sinaiiensis ATCC 33800,Archaea; Methanobacteriati; Methanobacteriota; Stenosarchaea group; Halobacteria; Halobacteriales; Haloarculaceae; Haloarcula,1,5_504_CntA#4,core,0.7464,0,0,0,0,reductase > [alpha] > hypothetical
NZ_CP081074.1:41497-42652:-1,WP_027233928.1,K3721_RS20065,,aromatic ring-hydroxylating dioxygenase subunit alpha,5_504_CntA,5,119.1,0.8656,1.3e-34,NZ_CP081074.1,41497,42652,-1,Leisingera caerulea,Bacteria; Pseudomonadati; Pseudomonadota; Alphaproteobacteria; Rhodobacterales; Roseobacteraceae; Leisingera,1,5_504_CntA#11,core,0.9331,0,0,0,0,regulator > regulator > [alpha] > dehydrogenase > hypothetical > dehydrogenase > ring_cleavage
NZ_CP063446.1:347941-349126:-1,WP_193828513.1,IM701_RS16935,,SRPBCC family protein,5_504_CntA,5,105.1,0.8683,2.4e-30,NZ_CP063446.1,347941,349126,-1,Novosphingobium sp. ES2-1,Bacteria; Pseudomonadati; Pseudomonadota; Alphaproteobacteria; Sphingomonadales; Sphingomonadaceae; Novosphingobium,1,5_504_CntA#33,novel_candidate,0.3303,0,0,0,0,[alpha]
NZ_CQBK01000012.1:132159-133284:1,WP_002213815.1,AEB14_RS09550,,aromatic ring-hydroxylating dioxygenase subunit alpha,5_504_CntA,5,739.7,0.9839,3.4e-223,NZ_CQBK01000012.1,132159,133284,1,Yersinia similis,Bacteria; Pseudomonadati; Pseudomonadota; Gammaproteobacteria; Enterobacterales; Yersiniaceae; Yersinia,0,5_504_CntA#0,core,0.8159,0,0,0,0,transporter > [alpha] > reductase
NZ_CVRL01000009.1:9523-10678:1,WP_050672662.1,NIT7321_RS03940,,aromatic ring-hydroxylating dioxygenase subunit alpha,5_504_CntA,5,120.1,0.8602,6.6e-35,NZ_CVRL01000009.1,9523,10678,1,Phaeobacter italicus,Bacteria; Pseudomonadati; Pseudomonadota; Alphaproteobacteria; Rhodobacterales; Roseobacteraceae; Phaeobacter,0,5_504_CntA#11,core,0.8309,0,0,0,0,regulator > [alpha] > dehydrogenase > hypothetical > reductase
NZ_CXWE01000014.1:26958-28041:1,WP_055391604.1,LA5095_RS29770,,aromatic ring-hydroxylating dioxygenase subunit alpha,5_504_CntA,5,225.1,0.9355,8.2e-67,NZ_CXWE01000014.1,26958,28041,1,Roseibium album,Bacteria; Pseudomonadati; Pseudomonadota; Alphaproteobacteria; Hyphomicrobiales; Stappiaceae; Roseibium,0,5_504_CntA#5,core,0.726,0,0,0,0,regulator > [alpha] > hypothetical > dehydrogenase > ring_cleavage
NZ_CYPS01000010.1:99474-100626:-1,WP_058272033.1,RUM4293_RS03915,,aromatic ring-hydroxylating dioxygenase subunit alpha,5_504_CntA,5,131.9,0.5349,1.7e-38,NZ_CYPS01000010.1,99474,100626,-1,Ruegeria atlantica,Bacteria; Pseudomonadati; Pseudomonadota; Alphaproteobacteria; Rhodobacterales; Roseobacteraceae; Ruegeria,0,5_504_CntA#122,novel_candidate,0.2752,1,0,0,1,[alpha] > transporter > reductase
NZ_CYPU01000068.1:263919-265008:1,WP_058278888.1,RUA4292_RS18305,,aromatic ring-hydroxylating dioxygenase subunit alpha,5_504_CntA,5,235.8,0.9409,4.5e-70,NZ_CYPU01000068.1,263919,265008,1,Ruegeria atlantica,Bacteria; Pseudomonadati; Pseudomonadota; Alphaproteobacteria; Rhodobacterales; Roseobacteraceae; Ruegeria,0,5_504_CntA#5,core,0.7819,0,0,0,0,regulator > [alpha] > ring_cleavage
NZ_CYPS01000067.1:108114-109269:-1,WP_058275353.1,RUM4293_RS21545,,aromatic ring-hydroxylating dioxygenase subunit alpha,5_504_CntA,5,117.5,0.8737,4.3e-34,NZ_CYPS01000067.1,108114,109269,-1,Ruegeria atlantica,Bacteria; Pseudomonadati; Pseudomonadota; Alphaproteobacteria; Rhodobacterales; Roseobacteraceae; Ruegeria,0,5_504_CntA#94,core,0.8363,1,0,0,1,regulator > [alpha] > hypothetical > reductase > reductase > hydrolase
NZ_CYPU01000018.1:111744-112896:-1,WP_058276705.1,RUA4292_RS05390,,aromatic ring-hydroxylating dioxygenase subunit alpha,5_504_CntA,5,131.0,0.5349,3.4e-38,NZ_CYPU01000018.1,111744,112896,-1,Ruegeria atlantica,Bacteria; Pseudomonadati; Pseudomonadota; Alphaproteobacteria; Rhodobacterales; Roseobacteraceae; Ruegeria,0,5_504_CntA#122,novel_candidate,0.2752,1,0,0,1,[alpha] > transporter > reductase
NZ_CYPU01000049.1:145845-147000:-1,WP_058278444.1,RUA4292_RS15625,,aromatic ring-hydroxylating dioxygenase subunit alpha,5_504_CntA,5,117.5,0.8737,4.2e-34,NZ_CYPU01000049.1,145845,147000,-1,Ruegeria atlantica,Bacteria; Pseudomonadati; Pseudomonadota; Alphaproteobacteria; Rhodobacterales; Roseobacteraceae; Ruegeria,0,5_504_CntA#94,core,0.8338,1,0,0,1,regulator > [alpha] > hypothetical > reductase > reductase > hydrolase
NZ_CYPU01000060.1:8060-9182:-1,WP_058278586.1,RUA4292_RS16440,,SRPBCC family protein,5_504_CntA,5,305.7,0.9704,2.7e-91,NZ_CYPU01000060.1,8060,9182,-1,Ruegeria atlantica,Bacteria; Pseudomonadati; Pseudomonadota; Alphaproteobacteria; Rhodobacterales; Roseobacteraceae; Ruegeria,0,5_504_CntA#6,core,0.8743,0,0,0,0,[alpha] > other > reductase > other > dehydrogenase > reductase > dehydrogenase
NZ_CYPS01000036.1:419499-420588:1,WP_058273645.1,RUM4293_RS12630,,aromatic ring-hydroxylating dioxygenase subunit alpha,5_504_CntA,5,233.6,0.9409,2.1e-69,NZ_CYPS01000036.1,419499,420588,1,Ruegeria atlantica,Bacteria; Pseudomonadati; Pseudomonadota; Alphaproteobacteria; Rhodobacterales; Roseobacteraceae; Ruegeria,0,5_504_CntA#5,core,0.7775,0,0,0,0,regulator > [alpha] > ring_cleavage
NZ_CYPS01000039.1:10524-11646:1,WP_058273717.1,RUM4293_RS12800,,SRPBCC family protein,5_504_CntA,5,303.9,0.9704,9.2e-91,NZ_CYPS01000039.1,10524,11646,1,Ruegeria atlantica,Bacteria; Pseudomonadati; Pseudomonadota; Alphaproteobacteria; Rhodobacterales; Roseobacteraceae; Ruegeria,0,5_504_CntA#6,core,0.8714,0,0,0,0,[alpha] > other > reductase > other > dehydrogenase > reductase > dehydrogenase
NZ_CYSR01000008.1:14644-15850:-1,WP_058284736.1,PHA8399_RS03110,,SRPBCC family protein,5_504_CntA,5,132.1,0.8844,1.5e-38,NZ_CYSR01000008.1,14644,15850,-1,Leisingera aquaemixtae,Bacteria; Pseudomonadati; Pseudomonadota; Alphaproteobacteria; Rhodobacterales; Roseobacteraceae; Leisingera,0,5_504_CntA#2,divergent,0.494,0,0,0,0,[alpha] > transporter > transporter > transporter
NZ_CXWD01000003.1:39683-40766:1,WP_040452440.1,LAX5112_RS03205,,aromatic ring-hydroxylating dioxygenase subunit alpha,5_504_CntA,5,234.8,0.9301,9.1e-70,NZ_CXWD01000003.1,39683,40766,1,Roseibium alexandrii,Bacteria; Pseudomonadati; Pseudomonadota; Alphaproteobacteria; Hyphomicrobiales; Stappiaceae; Roseibium,0,5_504_CntA#5,core,0.7293,0,0,0,0,regulator > [alpha] > dehydrogenase > ring_cleavage
NZ_CXWE01000005.1:60066-61203:1,WP_055117990.1,LA5095_RS17130,,aromatic ring-hydroxylating dioxygenase subunit alpha,5_504_CntA,5,134.3,0.586,3.3e-39,NZ_CXWE01000005.1,60066,61203,1,Roseibium album,Bacteria; Pseudomonadati; Pseudomonadota; Alphaproteobacteria; Hyphomicrobiales; Stappiaceae; Roseibium,0,5_504_CntA#208,novel_candidate,0.324,0,0,0,0,[alpha] > other > other > other > hydrolase
NZ_CYSG01000001.1:157067-158210:1,WP_058332428.1,PH5382_RS00730,,aromatic ring-hydroxylating dioxygenase subunit alpha,5_504_CntA,5,154.7,0.5699,2e-45,NZ_CYSG01000001.1,157067,158210,1,Phaeobacter sp. CECT 5382,Bacteria; Pseudomonadati; Pseudomonadota; Alphaproteobacteria; Rhodobacterales; Roseobacteraceae; Phaeobacter,0,5_504_CntA#43,divergent,0.5284,0,0,0,0,[alpha] > alpha_other
NZ_CYUD01000010.1:166837-167992:1,WP_058282965.1,RUE5091_RS16135,,aromatic ring-hydroxylating dioxygenase subunit alpha,5_504_CntA,5,119.6,0.871,9.6e-35,NZ_CYUD01000010.1,166837,167992,1,Ruegeria denitrificans,Bacteria; Pseudomonadati; Pseudomonadota; Alphaproteobacteria; Rhodobacterales; Roseobacteraceae; Ruegeria,0,5_504_CntA#94,core,0.811,1,0,0,1,regulator > [alpha] > hypothetical > reductase > hydrolase
NZ_CYUE01000023.1:28199-29282:-1,WP_058316374.1,TA5114_RS16300,,aromatic ring-hydroxylating dioxygenase subunit alpha,5_504_CntA,5,235.9,0.9301,4.4e-70,NZ_CYUE01000023.1,28199,29282,-1,Cognatishimia activa,Bacteria; Pseudomonadati; Pseudomonadota; Alphaproteobacteria; Rhodobacterales; Paracoccaceae; Cognatishimia,0,5_504_CntA#5,core,0.796,0,0,0,0,regulator > [alpha]
NZ_CYUE01000023.1:105796-106951:-1,WP_058316465.1,TA5114_RS16630,,aromatic ring-hydroxylating dioxygenase subunit alpha,5_504_CntA,5,126.5,0.871,7.5e-37,NZ_CYUE01000023.1,105796,106951,-1,Cognatishimia activa,Bacteria; Pseudomonadati; Pseudomonadota; Alphaproteobacteria; Rhodobacterales; Paracoccaceae; Cognatishimia,0,5_504_CntA#11,core,0.7318,0,0,0,0,regulator > [alpha] > hypothetical
NZ_DAIRMD010000010.1:78305-79460:1,WP_058284782.1,V7Q59_RS12885,,aromatic ring-hydroxylating dioxygenase subunit alpha,5_504_CntA,5,122.6,0.8656,1.2e-35,NZ_DAIRMD010000010.1,78305,79460,1,Leisingera aquaemixtae,Bacteria; Pseudomonadati; Pseudomonadota; Alphaproteobacteria; Rhodobacterales; Roseobacteraceae; Leisingera,0,5_504_CntA#11,core,0.9298,0,0,0,0,regulator > [alpha] > dehydrogenase > hypothetical > dehydrogenase > ring_cleavage
NZ_CYTW01000004.1:10614-11781:1,WP_058312290.1,PH7735_RS15270,,Rieske 2Fe-2S domain-containing protein,5_504_CntA,5,167.1,0.5699,3.5e-49,NZ_CYTW01000004.1,10614,11781,1,Shimia thalassica,Bacteria; Pseudomonadati; Pseudomonadota; Alphaproteobacteria; Rhodobacterales; Roseobacteraceae,0,5_504_CntA#43,divergent,0.509,1,0,0,1,reductase > [alpha] > alpha_other > other > hypothetical > regulator
NZ_CYTW01000008.1:9773-10895:-1,WP_058313217.1,PH7735_RS19995,,SRPBCC family protein,5_504_CntA,5,304.3,0.9839,7.3e-91,NZ_CYTW01000008.1,9773,10895,-1,Shimia thalassica,Bacteria; Pseudomonadati; Pseudomonadota; Alphaproteobacteria; Rhodobacterales; Roseobacteraceae,0,5_504_CntA#6,core,0.8547,0,0,0,0,[alpha] > other > reductase > other > dehydrogenase > reductase > dehydrogenase
NZ_CYTW01000008.1:21148-22228:1,WP_058313225.1,PH7735_RS20040,,aromatic ring-hydroxylating dioxygenase subunit alpha,5_504_CntA,5,242.1,0.9328,5.8e-72,NZ_CYTW01000008.1,21148,22228,1,Shimia thalassica,Bacteria; Pseudomonadati; Pseudomonadota; Alphaproteobacteria; Rhodobacterales; Roseobacteraceae,0,5_504_CntA#5,core,0.8029,0,0,0,0,regulator > [alpha] > hypothetical > other > dehydrogenase > ring_cleavage
NZ_CYUD01000006.1:1358-2450:-1,WP_058281797.1,RUE5091_RS10080,,aromatic ring-hydroxylating dioxygenase subunit alpha,5_504_CntA,5,230.3,0.9328,2.2e-68,NZ_CYUD01000006.1,1358,2450,-1,Ruegeria denitrificans,Bacteria; Pseudomonadati; Pseudomonadota; Alphaproteobacteria; Rhodobacterales; Roseobacteraceae; Ruegeria,0,5_504_CntA#5,core,0.7571,0,0,0,0,regulator > [alpha]
NZ_DAMCSO010000012.1:49294-50548:1,WP_048937486.1,RT709_RS04585,,aromatic ring-hydroxylating dioxygenase subunit alpha,5_504_CntA,5,150.1,0.8763,5.1e-44,NZ_DAMCSO010000012.1,49294,50548,1,Sphingobium yanoikuyae,Bacteria; Pseudomonadati; Pseudomonadota; Alphaproteobacteria; Sphingomonadales; Sphingomonadaceae; Sphingobium,0,5_504_CntA#27,novel_candidate,0.3364,1,0,0,1,other > other > [alpha] > reductase > other > other
NZ_DLRZ01000012.1:156297-157488:1,WP_044058469.1,B2410_RS03315,,aromatic ring-hydroxylating dioxygenase subunit alpha,5_504_CntA,5,129.9,0.5484,7.2e-38,NZ_DLRZ01000012.1,156297,157488,1,Alteromonas australica,Bacteria; Pseudomonadati; Pseudomonadota; Gammaproteobacteria; Alteromonadales; Alteromonadaceae; Alteromonas/Salinimonas group; Alteromonas,0,5_504_CntA#139,novel_candidate,0.2741,0,0,0,0,[alpha] > reductase
NZ_DRFR01000123.1:4951-6142:-1,WP_010553492.1,ENH67_RS14510,,aromatic ring-hydroxylating dioxygenase subunit alpha,5_504_CntA,5,138.1,0.8763,2.2e-40,NZ_DRFR01000123.1,4951,6142,-1,Pseudoalteromonas sp.,Bacteria; Pseudomonadati; Pseudomonadota; Gammaproteobacteria; Alteromonadales; Pseudoalteromonadaceae; Pseudoalteromonas,0,5_504_CntA#15,core,0.7758,1,0,0,1,[alpha] > dehydrogenase > other > reductase > reductase > other
NZ_FCOA02000021.1:101497-102637:-1,WP_061170297.1,AWB79_RS25945,,aromatic ring-hydroxylating dioxygenase subunit alpha,5_504_CntA,5,144.0,0.5618,3.7e-42,NZ_FCOA02000021.1,101497,102637,-1,Caballeronia hypogeia,Bacteria; Pseudomonadati; Pseudomonadota; Betaproteobacteria; Burkholderiales; Burkholderiaceae; Caballeronia,0,5_504_CntA#8,core,0.8841,0,0,0,0,[alpha] > transporter > transporter > transporter > transporter
NZ_FCOC02000029.1:41182-42340:1,WP_060858714.1,AWB64_RS28225,,SRPBCC family protein,5_504_CntA,5,137.9,0.5349,2.7e-40,NZ_FCOC02000029.1,41182,42340,1,Caballeronia sordidicola,Bacteria; Pseudomonadati; Pseudomonadota; Betaproteobacteria; Burkholderiales; Burkholderiaceae; Caballeronia,0,5_504_CntA#8,core,0.8218,0,0,0,0,[alpha] > transporter > transporter > transporter > transporter > other
NZ_FCOF02000013.1:25192-26332:1,WP_061125085.1,AWB75_RS16070,,aromatic ring-hydroxylating dioxygenase subunit alpha,5_504_CntA,5,135.9,0.5376,1.1e-39,NZ_FCOF02000013.1,25192,26332,1,Caballeronia catudaia,Bacteria; Pseudomonadati; Pseudomonadota; Betaproteobacteria; Burkholderiales; Burkholderiaceae; Caballeronia,0,5_504_CntA#8,core,0.9419,0,0,0,0,[alpha] > transporter > transporter > transporter > transporter
NZ_FCOI02000012.1:201136-202285:-1,WP_061161684.1,AWB76_RS19050,,aromatic ring-hydroxylating dioxygenase subunit alpha,5_504_CntA,5,135.5,0.5376,1.4e-39,NZ_FCOI02000012.1,201136,202285,-1,Caballeronia temeraria,Bacteria; Pseudomonadati; Pseudomonadota; Betaproteobacteria; Burkholderiales; Burkholderiaceae; Caballeronia,0,5_504_CntA#8,core,0.9329,0,0,0,0,[alpha] > transporter > transporter > transporter > transporter
NZ_FCOK02000160.1:3247-4414:-1,WP_062093166.1,AWB69_RS44765,,aromatic ring-hydroxylating dioxygenase subunit alpha,5_504_CntA,5,247.1,0.9516,1.7e-73,NZ_FCOK02000160.1,3247,4414,-1,Caballeronia udeis,Bacteria; Pseudomonadati; Pseudomonadota; Betaproteobacteria; Burkholderiales; Burkholderiaceae; Caballeronia,0,5_504_CntA#7,core,0.6917,0,0,0,0,[alpha] > dehydrogenase > hypothetical > hypothetical > regulator
NZ_FCOM02000008.1:168280-169420:-1,WP_061147047.1,AWB74_RS12340,,aromatic ring-hydroxylating dioxygenase subunit alpha,5_504_CntA,5,135.5,0.5376,1.4e-39,NZ_FCOM02000008.1,168280,169420,-1,Caballeronia arvi,Bacteria; Pseudomonadati; Pseudomonadota; Betaproteobacteria; Burkholderiales; Burkholderiaceae; Caballeronia,0,5_504_CntA#8,core,0.9482,0,0,0,0,[alpha] > transporter > transporter > transporter > transporter
NZ_FCOX02000010.1:111490-112639:-1,WP_062604856.1,AWB78_RS12305,,SRPBCC family protein,5_504_CntA,5,142.0,0.5349,1.5e-41,NZ_FCOX02000010.1,111490,112639,-1,Caballeronia calidae,Bacteria; Pseudomonadati; Pseudomonadota; Betaproteobacteria; Burkholderiales; Burkholderiaceae; Caballeronia,0,5_504_CntA#8,core,0.8838,0,0,0,0,regulator > [alpha] > transporter > transporter > transporter > transporter
NZ_FNNP01000015.1:40649-41738:1,WP_074739410.1,BLU89_RS20205,,aromatic ring-hydroxylating dioxygenase subunit alpha,5_504_CntA,5,242.4,0.9355,4.6e-72,NZ_FNNP01000015.1,40649,41738,1,Ruegeria halocynthiae,Bacteria; Pseudomonadati; Pseudomonadota; Alphaproteobacteria; Rhodobacterales; Roseobacteraceae; Ruegeria,0,5_504_CntA#5,core,0.8023,0,0,0,0,regulator > [alpha] > ring_cleavage
NZ_FNHX01000002.1:566146-567265:1,WP_074575603.1,BLQ85_RS07065,,aromatic ring-hydroxylating dioxygenase subunit alpha,5_504_CntA,5,70.6,0.586,7.2e-20,NZ_FNHX01000002.1,566146,567265,1,Polaromonas sp. JS666,Bacteria; Pseudomonadati; Pseudomonadota; Betaproteobacteria; Burkholderiales; Comamonadaceae; Polaromonas,0,5_504_CntA#41,novel_candidate,0.2143,0,0,0,0,[alpha] > transporter > other
NZ_FNOF01000020.1:11210-12350:1,WP_004516323.1,BLV10_RS17155,,aromatic ring-hydroxylating dioxygenase subunit alpha,5_504_CntA,5,168.4,0.8656,1.4e-49,NZ_FNOF01000020.1,11210,12350,1,Haloarcula vallismortis,Archaea; Methanobacteriati; Methanobacteriota; Stenosarchaea group; Halobacteria; Halobacteriales; Haloarculaceae; Haloarcula,0,5_504_CntA#4,core,0.7652,0,0,0,0,[alpha] > hypothetical
NZ_FOBO01000011.1:85309-86470:-1,WP_074786827.1,BMX04_RS12030,,aromatic ring-hydroxylating dioxygenase subunit alpha,5_504_CntA,5,117.6,0.8844,3.8e-34,NZ_FOBO01000011.1,85309,86470,-1,Roseovarius tolerans,Bacteria; Pseudomonadati; Pseudomonadota; Alphaproteobacteria; Rhodobacterales; Roseobacteraceae; Roseovarius,0,5_504_CntA#42,core,0.6647,0,0,0,0,other > other > [alpha] > hypothetical
NZ_FOAZ01000002.1:462734-463955:1,WP_042443768.1,BMY61_RS05615,,aromatic ring-hydroxylating dioxygenase subunit alpha,5_504_CntA,5,157.6,0.5833,2.7e-46,NZ_FOAZ01000002.1,462734,463955,1,Streptacidiphilus jiangxiensis,Bacteria; Bacillati; Actinomycetota; Actinomycetes; Kitasatosporales; Streptomycetaceae; Streptacidiphilus,0,5_504_CntA#26,novel_candidate,0.3051,0,0,0,0,[alpha] > regulator
NZ_FOGO01000004.1:432228-433413:-1,WP_075000134.1,BMX65_RS11720,,aromatic ring-hydroxylating dioxygenase subunit alpha,5_504_CntA,5,155.4,0.5806,1.3e-45,NZ_FOGO01000004.1,432228,433413,-1,Streptomyces qinglanensis,Bacteria; Bacillati; Actinomycetota; Actinomycetes; Kitasatosporales; Streptomycetaceae; Streptomyces,0,5_504_CntA#26,novel_candidate,0.3144,0,0,0,0,[alpha]
NZ_FOOO01000009.1:69825-70971:-1,WP_011567317.1,BM138_RS13705,,aromatic ring-hydroxylating dioxygenase subunit alpha,5_504_CntA,5,156.3,0.5618,6.6e-46,NZ_FOOO01000009.1,69825,70971,-1,Roseobacter denitrificans OCh 114,Bacteria; Pseudomonadati; Pseudomonadota; Alphaproteobacteria; Rhodobacterales; Roseobacteraceae; Roseobacter,0,5_504_CntA#43,divergent,0.5238,0,0,0,0,hypothetical > [alpha] > hypothetical
NZ_FOLR01000003.1:424254-425379:-1,WP_076622664.1,BM112_RS07150,,aromatic ring-hydroxylating dioxygenase subunit alpha,5_504_CntA,5,141.0,0.586,3.1e-41,NZ_FOLR01000003.1,424254,425379,-1,Salipiger profundus,Bacteria; Pseudomonadati; Pseudomonadota; Alphaproteobacteria; Rhodobacterales; Roseobacteraceae; Salipiger,0,5_504_CntA#142,divergent,0.5257,0,0,0,0,[alpha]
NZ_FOOO01000002.1:311959-313120:1,WP_011568960.1,BM138_RS04415,,aromatic ring-hydroxylating dioxygenase subunit alpha,5_504_CntA,5,122.1,0.8737,1.7e-35,NZ_FOOO01000002.1,311959,313120,1,Roseobacter denitrificans OCh 114,Bacteria; Pseudomonadati; Pseudomonadota; Alphaproteobacteria; Rhodobacterales; Roseobacteraceae; Roseobacter,0,5_504_CntA#234,core,0.6083,0,0,0,0,regulator > [alpha] > hypothetical
NZ_FOWP01000014.1:22503-23694:1,WP_074941205.1,BM059_RS20945,,aromatic ring-hydroxylating dioxygenase subunit alpha,5_504_CntA,5,141.6,0.8763,2e-41,NZ_FOWP01000014.1,22503,23694,1,Ectopseudomonas composti,Bacteria; Pseudomonadati; Pseudomonadota; Gammaproteobacteria; Pseudomonadales; Pseudomonadaceae; Ectopseudomonas,0,5_504_CntA#9,core,0.8208,1,0,0,1,[alpha] > dehydrogenase > reductase > reductase > other > transporter > other > hypothetical
NZ_FOXI01000007.1:16801-17884:1,WP_074878419.1,BMZ83_RS10515,,aromatic ring-hydroxylating dioxygenase subunit alpha,5_504_CntA,5,210.9,0.9516,1.7e-62,NZ_FOXI01000007.1,16801,17884,1,Halolamina pelagica,Archaea; Methanobacteriati; Methanobacteriota; Stenosarchaea group; Halobacteria; Halobacteriales; Haloferacaceae,0,5_504_CntA#207,divergent,0.4377,0,0,0,0,[alpha]
NZ_FQUV01000002.1:510154-511309:-1,WP_073141460.1,BUB72_RS05610,,aromatic ring-hydroxylating dioxygenase subunit alpha,5_504_CntA,5,108.4,0.879,2.4e-31,NZ_FQUV01000002.1,510154,511309,-1,Litoreibacter ascidiaceicola,Bacteria; Pseudomonadati; Pseudomonadota; Alphaproteobacteria; Rhodobacterales; Roseobacteraceae; Litoreibacter,0,5_504_CntA#233,core,0.645,0,0,0,0,[alpha] > hypothetical
NZ_FQWC01000002.1:134760-135849:1,WP_073413855.1,BUC29_RS04700,,aromatic ring-hydroxylating dioxygenase subunit alpha,5_504_CntA,5,100.3,0.793,6.8e-29,NZ_FQWC01000002.1,134760,135849,1,Flavobacterium defluvii,Bacteria; Pseudomonadati; Bacteroidota; Flavobacteriia; Flavobacteriales; Flavobacteriaceae; Flavobacterium,0,5_504_CntA#121,novel_candidate,0.2436,0,0,0,0,other > other > [alpha] > reductase > other > other > other
NZ_FQXG01000009.1:104147-105305:1,WP_067661944.1,BUC04_RS20040,,aromatic ring-hydroxylating dioxygenase subunit alpha,5_504_CntA,5,119.6,0.6962,9.4e-35,NZ_FQXG01000009.1,104147,105305,1,Ferrimonas marina,Bacteria; Pseudomonadati; Pseudomonadota; Gammaproteobacteria; Alteromonadales; Ferrimonadaceae; Ferrimonas,0,5_504_CntA#206,novel_candidate,0.2985,0,0,0,0,regulator > [alpha]
NZ_FQWD01000005.1:108428-109619:-1,WP_073324104.1,BUB81_RS14715,,aromatic ring-hydroxylating dioxygenase subunit alpha,5_504_CntA,5,132.5,0.5538,1.1e-38,NZ_FQWD01000005.1,108428,109619,-1,Marisediminitalea aggregata,Bacteria; Pseudomonadati; Pseudomonadota; Gammaproteobacteria; Alteromonadales; Alteromonadaceae; Marisediminitalea,0,5_504_CntA#139,novel_candidate,0.2618,0,0,0,0,[alpha] > reductase
NZ_FQXB01000006.1:15079-16159:-1,WP_072902277.1,BUA85_RS14325,,aromatic ring-hydroxylating dioxygenase subunit alpha,5_504_CntA,5,236.1,0.9301,3.7e-70,NZ_FQXB01000006.1,15079,16159,-1,Cognatiyoonia sediminum,Bacteria; Pseudomonadati; Pseudomonadota; Alphaproteobacteria; Rhodobacterales; Paracoccaceae; Cognatiyoonia,0,5_504_CntA#5,core,0.7919,0,0,0,0,regulator > [alpha] > other > hypothetical > other
NZ_FQXB01000008.1:5893-7042:1,WP_072902849.1,BUA85_RS15875,,aromatic ring-hydroxylating dioxygenase subunit alpha,5_504_CntA,5,116.9,0.8737,6.1e-34,NZ_FQXB01000008.1,5893,7042,1,Cognatiyoonia sediminum,Bacteria; Pseudomonadati; Pseudomonadota; Alphaproteobacteria; Rhodobacterales; Paracoccaceae; Cognatiyoonia,0,5_504_CntA#11,core,0.7947,0,0,0,0,[alpha] > hypothetical > hydrolase > hydrolase > other
NZ_FQXC01000002.1:335537-336686:1,WP_072777051.1,BUA42_RS07290,,aromatic ring-hydroxylating dioxygenase subunit alpha,5_504_CntA,5,126.5,0.8844,7.4e-37,NZ_FQXC01000002.1,335537,336686,1,Marivita hallyeonensis,Bacteria; Pseudomonadati; Pseudomonadota; Alphaproteobacteria; Rhodobacterales; Roseobacteraceae; Marivita,0,5_504_CntA#141,core,0.587,0,0,0,0,regulator > [alpha] > hypothetical
NZ_FRBN01000010.1:51079-52237:-1,WP_073197912.1,BUB78_RS10510,,aromatic ring-hydroxylating dioxygenase subunit alpha,5_504_CntA,5,122.2,0.8898,1.5e-35,NZ_FRBN01000010.1,51079,52237,-1,Roseovarius marisflavi,Bacteria; Pseudomonadati; Pseudomonadota; Alphaproteobacteria; Rhodobacterales; Roseobacteraceae; Roseovarius,0,5_504_CntA#42,core,0.6855,0,0,0,0,[alpha] > hypothetical
NZ_FRBN01000044.1:5998-7087:1,WP_073200901.1,BUB78_RS19105,,aromatic ring-hydroxylating dioxygenase subunit alpha,5_504_CntA,5,234.6,0.9301,1.1e-69,NZ_FRBN01000044.1,5998,7087,1,Roseovarius marisflavi,Bacteria; Pseudomonadati; Pseudomonadota; Alphaproteobacteria; Rhodobacterales; Roseobacteraceae; Roseovarius,0,5_504_CntA#5,core,0.8453,0,0,0,0,regulator > [alpha] > dehydrogenase
NZ_FRAN01000004.1:303274-304414:-1,WP_007983334.1,BUB61_RS14210,,aromatic ring-hydroxylating dioxygenase subunit alpha,5_504_CntA,5,180.5,0.871,3e-53,NZ_FRAN01000004.1,303274,304414,-1,Haladaptatus paucihalophilus DX253,Archaea; Methanobacteriati; Methanobacteriota; Stenosarchaea group; Halobacteria; Halobacteriales; Haladaptataceae; Haladaptatus,0,5_504_CntA#4,core,0.7874,0,0,0,0,[alpha] > hypothetical > regulator > reductase > other
NZ_FRBY01000005.1:455100-456174:-1,WP_072974758.1,BUA98_RS17865,,aromatic ring-hydroxylating dioxygenase subunit alpha,5_504_CntA,5,108.3,0.8522,2.5e-31,NZ_FRBY01000005.1,455100,456174,-1,Flavobacterium saccharophilum,Bacteria; Pseudomonadati; Bacteroidota; Flavobacteriia; Flavobacteriales; Flavobacteriaceae; Flavobacterium,0,5_504_CntA#132,novel_candidate,0.2358,0,0,0,0,other > other > other > other > hypothetical > other > other > other > other > other > [alpha] > reductase > other > other > other > reductase > other > other
NZ_FRCG01000002.1:400832-402152:1,WP_254792231.1,BUA63_RS04850,,aromatic ring-hydroxylating dioxygenase subunit alpha,5_504_CntA,5,119.3,0.5215,1.1e-34,NZ_FRCG01000002.1,400832,402152,1,Sphingobium sp. YR657,Bacteria; Pseudomonadati; Pseudomonadota; Alphaproteobacteria; Sphingomonadales; Sphingomonadaceae; Sphingobium,0,5_504_CntA#65,novel_candidate,0.2994,0,0,0,0,other > regulator > [alpha] > other > other > hydrolase
NZ_FRCG01000003.1:171430-172684:1,WP_004207887.1,BUA63_RS06755,,aromatic ring-hydroxylating dioxygenase subunit alpha,5_504_CntA,5,150.1,0.879,5e-44,NZ_FRCG01000003.1,171430,172684,1,Sphingobium sp. YR657,Bacteria; Pseudomonadati; Pseudomonadota; Alphaproteobacteria; Sphingomonadales; Sphingomonadaceae; Sphingobium,0,5_504_CntA#27,novel_candidate,0.3293,1,0,0,1,other > other > [alpha] > reductase > other > other
NZ_FSRL01000002.1:81954-83100:1,WP_074257876.1,BUR94_RS18300,,SRPBCC family protein,5_504_CntA,5,111.0,0.8737,3.8e-32,NZ_FSRL01000002.1,81954,83100,1,Vannielia litorea,Bacteria; Pseudomonadati; Pseudomonadota; Alphaproteobacteria; Rhodobacterales; Paracoccaceae; Vannielia,0,5_504_CntA#141,core,0.6205,0,0,0,0,other > other > other > other > [alpha] > hypothetical > other > other > other > hypothetical
NZ_FTMX01000004.1:197537-198572:1,WP_076368728.1,BW986_RS15250,,aromatic ring-hydroxylating dioxygenase subunit alpha,5_504_CntA,5,258.5,0.9516,5.8e-77,NZ_FTMX01000004.1,197537,198572,1,Peribacillus simplex,Bacteria; Bacillati; Bacillota; Bacilli; Bacillales; Bacillaceae; Peribacillus,0,5_504_CntA#205,novel_candidate,0.3394,0,0,0,0,[alpha] > transporter
NZ_FTNR01000013.1:60905-62039:1,WP_076610209.1,BW940_RS15960,,aromatic ring-hydroxylating dioxygenase subunit alpha,5_504_CntA,5,172.0,0.9462,1.1e-50,NZ_FTNR01000013.1,60905,62039,1,Natronorubrum thiooxidans,Archaea; Methanobacteriati; Methanobacteriota; Stenosarchaea group; Halobacteria; Halobacteriales; Natrialbaceae; Natronorubrum,0,5_504_CntA#4,core,0.6752,0,0,0,0,[alpha] > hypothetical
NZ_FTNI01000001.1:526147-527317:-1,WP_076432309.1,BXA11_RS02435,,SRPBCC family protein,5_504_CntA,5,318.8,0.9973,2.9e-95,NZ_FTNI01000001.1,526147,527317,-1,Microbispora rosea,Bacteria; Bacillati; Actinomycetota; Actinomycetes; Streptosporangiales; Streptosporangiaceae; Microbispora,0,5_504_CntA#6,core,0.6215,0,0,0,0,regulator > [alpha]
NZ_FTNV01000003.1:412788-413943:-1,WP_076535137.1,BW975_RS15145,,aromatic ring-hydroxylating dioxygenase subunit alpha,5_504_CntA,5,117.9,0.879,3.2e-34,NZ_FTNV01000003.1,412788,413943,-1,Roseovarius nanhaiticus,Bacteria; Pseudomonadati; Pseudomonadota; Alphaproteobacteria; Rhodobacterales; Roseobacteraceae; Roseovarius,0,5_504_CntA#42,core,0.6333,0,0,0,0,regulator > [alpha] > hypothetical > hypothetical
NZ_FTOU01000002.1:359327-360482:-1,WP_076523580.1,BW985_RS05170,,aromatic ring-hydroxylating dioxygenase subunit alpha,5_504_CntA,5,117.9,0.8629,3.1e-34,NZ_FTOU01000002.1,359327,360482,-1,Paracoccus saliphilus,Bacteria; Pseudomonadati; Pseudomonadota; Alphaproteobacteria; Rhodobacterales; Paracoccaceae; Paracoccus,0,5_504_CntA#11,core,0.7959,0,0,0,0,regulator > [alpha] > dehydrogenase > hypothetical
NZ_FVZE01000003.1:187601-188948:-1,WP_079730510.1,B5483_RS11940,,SRPBCC family protein,5_504_CntA,5,116.1,0.5161,1.1e-33,NZ_FVZE01000003.1,187601,188948,-1,Novosphingobium mathurense,Bacteria; Pseudomonadati; Pseudomonadota; Alphaproteobacteria; Sphingomonadales; Sphingomonadaceae; Novosphingobium,0,5_504_CntA#28,core,0.5972,0,0,0,0,alpha_other > [alpha]
NZ_FVZE01000003.1:188944-190303:-1,WP_079730700.1,B5483_RS11945,,SRPBCC family protein,5_504_CntA,5,115.4,0.5161,1.9e-33,NZ_FVZE01000003.1,188944,190303,-1,Novosphingobium mathurense,Bacteria; Pseudomonadati; Pseudomonadota; Alphaproteobacteria; Sphingomonadales; Sphingomonadaceae; Novosphingobium,0,5_504_CntA#14,core,0.9424,0,0,0,0,[alpha] > alpha_other
NZ_FVZE01000013.1:33793-34978:-1,WP_079731867.1,B5483_RS21005,,SRPBCC family protein,5_504_CntA,5,110.7,0.8683,4.9e-32,NZ_FVZE01000013.1,33793,34978,-1,Novosphingobium mathurense,Bacteria; Pseudomonadati; Pseudomonadota; Alphaproteobacteria; Sphingomonadales; Sphingomonadaceae; Novosphingobium,0,5_504_CntA#33,novel_candidate,0.3578,0,0,0,0,alpha_other > [alpha]
NZ_FVZE01000013.1:50061-51384:1,WP_079731881.1,B5483_RS21075,,SRPBCC family protein,5_504_CntA,5,121.5,0.5484,2.5e-35,NZ_FVZE01000013.1,50061,51384,1,Novosphingobium mathurense,Bacteria; Pseudomonadati; Pseudomonadota; Alphaproteobacteria; Sphingomonadales; Sphingomonadaceae; Novosphingobium,0,5_504_CntA#10,core,0.8836,0,0,0,0,other > [alpha] > other > alpha_other > other > dehydrogenase
NZ_FVZE01000013.1:52016-53363:1,WP_054948269.1,B5483_RS21085,,SRPBCC family protein,5_504_CntA,5,118.6,0.5591,2e-34,NZ_FVZE01000013.1,52016,53363,1,Novosphingobium mathurense,Bacteria; Pseudomonadati; Pseudomonadota; Alphaproteobacteria; Sphingomonadales; Sphingomonadaceae; Novosphingobium,0,5_504_CntA#34,divergent,0.4345,0,0,0,0,other > alpha_other > other > [alpha] > other > dehydrogenase
NZ_FTNX01000001.1:891905-892991:-1,WP_058318939.1,BW969_RS04235,,aromatic ring-hydroxylating dioxygenase subunit alpha,5_504_CntA,5,236.6,0.9301,2.7e-70,NZ_FTNX01000001.1,891905,892991,-1,Thalassovita mediterranea,Bacteria; Pseudomonadati; Pseudomonadota; Alphaproteobacteria; Rhodobacterales; Roseobacteraceae; Thalassovita,0,5_504_CntA#5,core,0.8063,0,0,0,0,regulator > [alpha] > dehydrogenase > ring_cleavage
NZ_FWXQ01000006.1:316845-317967:1,WP_019097878.1,B9A31_RS16275,,aromatic ring-hydroxylating dioxygenase subunit alpha,5_504_CntA,5,778.8,0.9973,4.4e-235,NZ_FWXQ01000006.1,316845,317967,1,Pseudomonas sp. URIL14HWK12:I5,Bacteria; Pseudomonadati; Pseudomonadota; Gammaproteobacteria; Pseudomonadales; Pseudomonadaceae; Pseudomonas,0,5_504_CntA#0,core,0.7358,0,0,0,0,transporter > [alpha] > reductase > regulator
NZ_GL891900.1:7826-9017:-1,WP_001088747.1,HMPREF0022_RS15000,,aromatic ring-hydroxylating dioxygenase subunit alpha,5_504_CntA,5,135.2,0.8737,1.8e-39,NZ_GL891900.1,7826,9017,-1,Acinetobacter baumannii 6014059,Bacteria; Pseudomonadati; Pseudomonadota; Gammaproteobacteria; Moraxellales; Moraxellaceae; Acinetobacter; Acinetobacter calcoaceticus/baumannii complex,0,5_504_CntA#16,core,0.9912,1,0,0,1,[alpha] > dehydrogenase > other > reductase > reductase > other
NZ_GL891955.1:18953-20069:1,WP_001277084.1,HMPREF0022_RS22215,cntA,carnitine monooxygenase subunit alpha,5_504_CntA,5,821.1,0.9973,6.2e-248,NZ_GL891955.1,18953,20069,1,Acinetobacter baumannii 6014059,Bacteria; Pseudomonadati; Pseudomonadota; Gammaproteobacteria; Moraxellales; Moraxellaceae; Acinetobacter; Acinetobacter calcoaceticus/baumannii complex,0,5_504_CntA#0,core,0.986,1,0,0,1,transporter > hydrolase > [alpha] > dehydrogenase > reductase
NZ_GL876931.1:274918-276091:1,WP_008068045.1,Y88_RS09240,,aromatic ring-hydroxylating dioxygenase subunit alpha,5_504_CntA,5,124.9,0.5376,2.4e-36,NZ_GL876931.1,274918,276091,1,Novosphingobium nitrogenifigens DSM 19370,Bacteria; Pseudomonadati; Pseudomonadota; Alphaproteobacteria; Sphingomonadales; Sphingomonadaceae; Novosphingobium,0,5_504_CntA#53,novel_candidate,0.2767,0,0,0,0,[alpha]
NZ_GL876934.1:75790-76939:-1,WP_008070576.1,Y88_RS14470,,aromatic ring-hydroxylating dioxygenase subunit alpha,5_504_CntA,5,133.8,0.5323,4.5e-39,NZ_GL876934.1,75790,76939,-1,Novosphingobium nitrogenifigens DSM 19370,Bacteria; Pseudomonadati; Pseudomonadota; Alphaproteobacteria; Sphingomonadales; Sphingomonadaceae; Novosphingobium,0,5_504_CntA#204,novel_candidate,0.3488,0,0,0,0,[alpha]
NZ_JAAXPE010000021.1:10314-11664:-1,WP_040724214.1,HGA07_RS19090,,SRPBCC family protein,5_504_CntA,5,96.4,0.5134,1e-27,NZ_JAAXPE010000021.1,10314,11664,-1,Nocardia veterana,Bacteria; Bacillati; Actinomycetota; Actinomycetes; Mycobacteriales; Nocardiaceae; Nocardia,0,5_504_CntA#127,novel_candidate,0.3457,0,0,0,0,other > hypothetical > dehydrogenase > dehydrogenase > [alpha] > hypothetical > other
NZ_JABBGL010000033.1:24235-25477:-1,WP_066564598.1,HHL26_RS23390,,SRPBCC family protein,5_504_CntA,5,135.1,0.5726,1.8e-39,NZ_JABBGL010000033.1,24235,25477,-1,Sphingobium sp. TB-6,Bacteria; Pseudomonadati; Pseudomonadota; Alphaproteobacteria; Sphingomonadales; Sphingomonadaceae; Sphingobium,0,5_504_CntA#89,novel_candidate,0.2725,0,0,0,0,[alpha] > transposon
NZ_JABBGL010000011.1:4408-5587:-1,WP_066553384.1,HHL26_RS15485,,SRPBCC family protein,5_504_CntA,5,135.5,0.5376,1.4e-39,NZ_JABBGL010000011.1,4408,5587,-1,Sphingobium sp. TB-6,Bacteria; Pseudomonadati; Pseudomonadota; Alphaproteobacteria; Sphingomonadales; Sphingomonadaceae; Sphingobium,0,5_504_CntA#137,novel_candidate,0.3106,0,0,0,0,[alpha] > transporter > ring_cleavage
NZ_JABFID010000007.1:258749-259913:-1,WP_012272641.1,HMH05_RS10920,,aromatic ring-hydroxylating dioxygenase subunit alpha,5_504_CntA,5,249.4,0.9516,3.5e-74,NZ_JABFID010000007.1,258749,259913,-1,Pseudomonas sp. SbB1,Bacteria; Pseudomonadati; Pseudomonadota; Gammaproteobacteria; Pseudomonadales; Pseudomonadaceae; Pseudomonas,0,5_504_CntA#7,core,0.7778,0,0,0,0,[alpha] > dehydrogenase > regulator
NZ_JABFID010000021.1:71747-72869:-1,WP_012271844.1,HMH05_RS22025,,aromatic ring-hydroxylating dioxygenase subunit alpha,5_504_CntA,5,781.9,0.9973,5.1e-236,NZ_JABFID010000021.1,71747,72869,-1,Pseudomonas sp. SbB1,Bacteria; Pseudomonadati; Pseudomonadota; Gammaproteobacteria; Pseudomonadales; Pseudomonadaceae; Pseudomonas,0,5_504_CntA#0,core,0.7386,0,0,0,0,transporter > [alpha] > reductase
NZ_JABXIZ010000108.1:5712-6855:-1,WP_011049360.1,HW563_RS13775,,aromatic ring-hydroxylating dioxygenase subunit alpha,5_504_CntA,5,155.7,0.5645,1e-45,NZ_JABXIZ010000108.1,5712,6855,-1,Ruegeria pomeroyi,Bacteria; Pseudomonadati; Pseudomonadota; Alphaproteobacteria; Rhodobacterales; Roseobacteraceae; Ruegeria,0,5_504_CntA#43,core,0.5569,0,0,0,0,[alpha] > other > hypothetical > alpha_other > regulator > other
NZ_JABXIZ010000130.1:15710-16802:-1,WP_011047327.1,HW563_RS16375,,aromatic ring-hydroxylating dioxygenase subunit alpha,5_504_CntA,5,232.1,0.9328,6e-69,NZ_JABXIZ010000130.1,15710,16802,-1,Ruegeria pomeroyi,Bacteria; Pseudomonadati; Pseudomonadota; Alphaproteobacteria; Rhodobacterales; Roseobacteraceae; Ruegeria,0,5_504_CntA#5,core,0.8161,1,0,0,1,regulator > [alpha] > ring_cleavage > other > other > reductase > other
NZ_JACBWT010000003.1:240490-241777:1,WP_008327662.1,HOY44_RS21180,,SRPBCC family protein,5_504_CntA,5,113.0,0.5726,9.7e-33,NZ_JACBWT010000003.1,240490,241777,1,Maritimibacter sp.,Bacteria; Pseudomonadati; Pseudomonadota; Alphaproteobacteria; Rhodobacterales; Roseobacteraceae; Maritimibacter,0,5_504_CntA#119,novel_candidate,0.3534,0,0,0,0,reductase > [alpha] > other > other > hydrolase
NZ_JACHDK010000007.1:318371-319619:-1,WP_018424429.1,HDG39_RS16360,,aromatic ring-hydroxylating dioxygenase subunit alpha,5_504_CntA,5,129.4,0.5403,1e-37,NZ_JACHDK010000007.1,318371,319619,-1,Paraburkholderia sp. WSM4180,Bacteria; Pseudomonadati; Pseudomonadota; Betaproteobacteria; Burkholderiales; Burkholderiaceae; Paraburkholderia,0,5_504_CntA#96,novel_candidate,0.3061,0,0,0,0,transporter > transporter > [alpha] > transporter > transporter > transporter > ring_cleavage > reductase > hydrolase > regulator > regulator
NZ_JACHZU010000003.1:169358-170696:1,WP_062786533.1,FHT53_RS08650,,SRPBCC family protein,5_504_CntA,5,111.4,0.5376,3e-32,NZ_JACHZU010000003.1,169358,170696,1,Novosphingobium sp. BK369,Bacteria; Pseudomonadati; Pseudomonadota; Alphaproteobacteria; Sphingomonadales; Sphingomonadaceae; Novosphingobium,0,5_504_CntA#10,core,0.8698,0,0,0,0,alpha_other > [alpha] > other
NZ_JACIDY010000004.1:93894-95232:1,WP_058736589.1,GGR39_RS09600,,SRPBCC family protein,5_504_CntA,5,126.4,0.5833,8.3e-37,NZ_JACIDY010000004.1,93894,95232,1,Novosphingobium fluoreni,Bacteria; Pseudomonadati; Pseudomonadota; Alphaproteobacteria; Sphingomonadales; Sphingomonadaceae; Novosphingobium,0,5_504_CntA#54,novel_candidate,0.3312,0,0,0,0,[alpha]
NZ_JACIJL010000003.1:361724-362927:1,WP_046902224.1,FHS61_RS08120,,aromatic ring-hydroxylating dioxygenase subunit alpha,5_504_CntA,5,145.6,0.5591,1.2e-42,NZ_JACIJL010000003.1,361724,362927,1,Croceibacterium atlanticum,Bacteria; Pseudomonadati; Pseudomonadota; Alphaproteobacteria; Sphingomonadales; Erythrobacteraceae; Croceibacterium,0,5_504_CntA#136,novel_candidate,0.2849,0,0,0,0,[alpha]
NZ_JAEHTJ010000002.1:47792-48929:-1,WP_032902219.1,JET74_RS01425,,aromatic ring-hydroxylating dioxygenase subunit alpha,5_504_CntA,5,277.7,0.9651,8.5e-83,NZ_JAEHTJ010000002.1,47792,48929,-1,Pseudomonas lactis,Bacteria; Pseudomonadati; Pseudomonadota; Gammaproteobacteria; Pseudomonadales; Pseudomonadaceae; Pseudomonas,0,5_504_CntA#67,novel_candidate,0.3531,0,0,0,0,other > other > reductase > ring_cleavage > [alpha]
NZ_JADXDS010000013.1:108953-110078:-1,WP_000067822.1,I3F02_RS10900,yeaW,"carnitine monooxygenase, oxygenase subunit YeaW",5_504_CntA,5,748.6,0.9866,6.7e-226,NZ_JADXDS010000013.1,108953,110078,-1,Escherichia coli BL21(DE3),Bacteria; Pseudomonadati; Pseudomonadota; Gammaproteobacteria; Enterobacterales; Enterobacteriaceae; Escherichia,0,5_504_CntA#0,core,1.0,1,0,0,1,transporter > [alpha] > reductase
NZ_JAGGLR010000011.1:327523-328678:1,WP_044566606.1,J2Z30_RS22090,,SRPBCC family protein,5_504_CntA,5,287.1,0.9919,1.2e-85,NZ_JAGGLR010000011.1,327523,328678,1,Streptomyces iranensis,Bacteria; Bacillati; Actinomycetota; Actinomycetes; Kitasatosporales; Streptomycetaceae; Streptomyces; Streptomyces violaceusniger group,0,5_504_CntA#6,core,0.6051,0,0,0,0,[alpha]
NZ_JAHKQK010000009.1:365213-366302:1,WP_009814831.1,KO491_RS12715,,aromatic ring-hydroxylating dioxygenase subunit alpha,5_504_CntA,5,233.9,0.9328,1.7e-69,NZ_JAHKQK010000009.1,365213,366302,1,Roseovarius nubinhibens,Bacteria; Pseudomonadati; Pseudomonadota; Alphaproteobacteria; Rhodobacterales; Roseobacteraceae; Roseovarius,0,5_504_CntA#5,core,0.7301,0,0,0,0,regulator > [alpha]
NZ_JAIFTJ010000004.1:345023-346385:1,WP_253556558.1,LIOPPNJA_RS07525,,SRPBCC family protein,5_504_CntA,5,127.0,0.5349,5.3e-37,NZ_JAIFTJ010000004.1,345023,346385,1,Robbsia andropogonis,Bacteria; Pseudomonadati; Pseudomonadota; Betaproteobacteria; Burkholderiales; Burkholderiaceae; Robbsia,0,5_504_CntA#96,novel_candidate,0.2953,0,0,0,0,transporter > [alpha] > transporter > transporter > transporter > ring_cleavage > reductase > hydrolase
NZ_JAKTIC010000015.1:15640-16756:-1,WP_001277084.1,MKL39_RS02750,cntA,carnitine monooxygenase subunit alpha,5_504_CntA,5,821.1,0.9973,6.2e-248,NZ_JAKTIC010000015.1,15640,16756,-1,Acinetobacter sp. AOR38_HL,Bacteria; Pseudomonadati; Pseudomonadota; Gammaproteobacteria; Moraxellales; Moraxellaceae; Acinetobacter,0,5_504_CntA#0,core,0.986,1,0,0,1,dehydrogenase > transporter > hydrolase > [alpha] > dehydrogenase > reductase
NZ_JAKTIG010000045.1:111914-113030:1,WP_002120432.1,MKL51_RS12460,cntA,carnitine monooxygenase subunit alpha,5_504_CntA,5,818.9,0.9973,3e-247,NZ_JAKTIG010000045.1,111914,113030,1,Acinetobacter sp. AOR18_HL,Bacteria; Pseudomonadati; Pseudomonadota; Gammaproteobacteria; Moraxellales; Moraxellaceae; Acinetobacter,0,5_504_CntA#0,core,0.9972,1,0,0,1,dehydrogenase > transporter > hydrolase > [alpha] > dehydrogenase > reductase
NZ_JALKVD010000003.1:58625-59816:1,WP_062846687.1,MXM33_RS06350,,aromatic ring-hydroxylating dioxygenase subunit alpha,5_504_CntA,5,135.0,0.8737,2e-39,NZ_JALKVD010000003.1,58625,59816,1,Acinetobacter vivianii,Bacteria; Pseudomonadati; Pseudomonadota; Gammaproteobacteria; Moraxellales; Moraxellaceae; Acinetobacter,0,5_504_CntA#16,core,0.9853,1,0,0,1,[alpha] > dehydrogenase > other > reductase > reductase > hypothetical
NZ_JAKUZO010000003.1:260318-261443:-1,WP_002898571.1,MKS10_RS07315,yeaW,"carnitine monooxygenase, oxygenase subunit YeaW",5_504_CntA,5,745.0,0.9839,8.3e-225,NZ_JAKUZO010000003.1,260318,261443,-1,Klebsiella sp. K5-229,Bacteria; Pseudomonadati; Pseudomonadota; Gammaproteobacteria; Enterobacterales; Enterobacteriaceae; Klebsiella/Raoultella group; Klebsiella,0,5_504_CntA#0,core,0.8697,0,0,0,0,transporter > [alpha] > dehydrogenase > reductase
NZ_JAMPTD010000042.1:15483-16611:-1,WP_042849069.1,PSF65_RS19905,,aromatic ring-hydroxylating dioxygenase subunit alpha,5_504_CntA,5,640.9,0.9651,3.5e-193,NZ_JAMPTD010000042.1,15483,16611,-1,Providencia sp. PROV024,Bacteria; Pseudomonadati; Pseudomonadota; Gammaproteobacteria; Enterobacterales; Morganellaceae; Providencia,0,5_504_CntA#0,core,0.6034,0,0,0,0,[alpha] > dehydrogenase > reductase
NZ_JAMPQQ010000014.1:371644-372772:-1,WP_004914806.1,PSE84_RS14585,,aromatic ring-hydroxylating dioxygenase subunit alpha,5_504_CntA,5,641.0,0.9651,3.5e-193,NZ_JAMPQQ010000014.1,371644,372772,-1,Providencia sp. PROV114,Bacteria; Pseudomonadati; Pseudomonadota; Gammaproteobacteria; Enterobacterales; Morganellaceae; Providencia,0,5_504_CntA#0,core,0.608,0,0,0,0,[alpha] > dehydrogenase > reductase
NZ_JANHLF010000005.1:168394-169516:-1,WP_060517370.1,NPS49_RS13010,,aromatic ring-hydroxylating dioxygenase subunit alpha,5_504_CntA,5,782.0,0.9973,4.7e-236,NZ_JANHLF010000005.1,168394,169516,-1,Pseudomonas putida,Bacteria; Pseudomonadati; Pseudomonadota; Gammaproteobacteria; Pseudomonadales; Pseudomonadaceae; Pseudomonas,0,5_504_CntA#0,core,0.7386,0,0,0,0,transporter > [alpha] > reductase
NZ_JANF02000015.1:2061-3219:1,WP_007683619.1,AL00_RS04435,,aromatic ring-hydroxylating dioxygenase subunit alpha,5_504_CntA,5,145.4,0.879,1.4e-42,NZ_JANF02000015.1,2061,3219,1,Sphingobium indicum F2,Bacteria; Pseudomonadati; Pseudomonadota; Alphaproteobacteria; Sphingomonadales; Sphingomonadaceae; Sphingobium,0,5_504_CntA#27,novel_candidate,0.35,1,0,0,1,other > [alpha] > reductase > other > other
NZ_JAOCEY010000007.1:138785-139976:-1,WP_003253228.1,N5D79_RS07280,,aromatic ring-hydroxylating dioxygenase subunit alpha,5_504_CntA,5,146.9,0.879,4.9e-43,NZ_JAOCEY010000007.1,138785,139976,-1,Pseudomonas sp. GD03817,Bacteria; Pseudomonadati; Pseudomonadota; Gammaproteobacteria; Pseudomonadales; Pseudomonadaceae; Pseudomonas,0,5_504_CntA#9,core,0.9366,1,0,0,1,[alpha] > dehydrogenase > other > reductase > reductase > other > transporter > transporter > other
NZ_JAOCHO010000009.1:93674-94865:1,WP_026088532.1,N5E99_RS10500,,aromatic ring-hydroxylating dioxygenase subunit alpha,5_504_CntA,5,141.5,0.8763,2.1e-41,NZ_JAOCHO010000009.1,93674,94865,1,Pseudomonas chengduensis,Bacteria; Pseudomonadota; Gammaproteobacteria; Pseudomonadales; Pseudomonadaceae; Pseudomonas,0,5_504_CntA#9,core,0.8237,1,0,0,1,[alpha] > dehydrogenase > other > reductase > reductase > other > other > hypothetical
NZ_JAOBBD010000004.1:467456-468575:-1,WP_062803523.1,N1H44_RS10270,,SRPBCC family protein,5_504_CntA,5,471.9,0.9677,8.2e-142,NZ_JAOBBD010000004.1,467456,468575,-1,Cupriavidus nantongensis,Bacteria; Pseudomonadati; Pseudomonadota; Betaproteobacteria; Burkholderiales; Burkholderiaceae; Cupriavidus,0,5_504_CntA#63,divergent,0.454,0,0,0,0,[alpha] > dehydrogenase > dehydrogenase
NZ_JAOA01000002.1:606598-607747:-1,WP_023366020.1,I545_RS10010,,aromatic ring-hydroxylating dioxygenase subunit alpha,5_504_CntA,5,102.4,0.8656,1.6e-29,NZ_JAOA01000002.1,606598,607747,-1,Mycobacterium kansasii 662,Bacteria; Bacillati; Actinomycetota; Actinomycetes; Mycobacteriales; Mycobacteriaceae; Mycobacterium,0,5_504_CntA#1,core,0.8478,0,0,0,0,[alpha]
NZ_JAOECP010000007.1:19513-20635:1,WP_063423625.1,N7673_RS06070,,aromatic ring-hydroxylating dioxygenase subunit alpha,5_504_CntA,5,781.6,0.9973,6.3e-236,NZ_JAOECP010000007.1,19513,20635,1,Pseudomonas putida,Bacteria; Pseudomonadati; Pseudomonadota; Gammaproteobacteria; Pseudomonadales; Pseudomonadaceae; Pseudomonas,0,5_504_CntA#0,core,0.7415,0,0,0,0,transporter > [alpha] > reductase
NZ_JAOEDX010000002.1:69197-70313:-1,WP_005204619.1,N7586_RS02755,cntA,carnitine monooxygenase subunit alpha,5_504_CntA,5,808.7,0.9973,3.7e-244,NZ_JAOEDX010000002.1,69197,70313,-1,Acinetobacter ursingii,Bacteria; Pseudomonadati; Pseudomonadota; Gammaproteobacteria; Moraxellales; Moraxellaceae; Acinetobacter,0,5_504_CntA#0,core,0.9379,1,0,0,1,dehydrogenase > transporter > hydrolase > [alpha] > dehydrogenase > reductase
NZ_JAOR01000148.1:151658-152804:-1,WP_011724269.1,NF18_RS16870,,aromatic ring-hydroxylating dioxygenase subunit alpha,5_504_CntA,5,98.3,0.8656,2.8e-28,NZ_JAOR01000148.1,151658,152804,-1,Mycobacterium sp. MAC_011194_8550,Bacteria; Bacillati; Actinomycetota; Actinomycetes; Mycobacteriales; Mycobacteriaceae; Mycobacterium; Mycobacterium avium complex (MAC),0,5_504_CntA#1,core,0.9113,0,0,0,0,[alpha]
NZ_JAPNPA010000028.1:28284-29397:-1,WP_017945661.1,OTC26_RS11300,,SRPBCC family protein,5_504_CntA,5,200.0,0.9597,3.5e-59,NZ_JAPNPA010000028.1,28284,29397,-1,Streptomyces tirandamycinicus,Bacteria; Bacillati; Actinomycetota; Actinomycetes; Kitasatosporales; Streptomycetaceae; Streptomyces,0,5_504_CntA#203,novel_candidate,0.3283,1,0,0,1,transporter > transporter > transporter > dehydrogenase > other > dehydrogenase > reductase > dehydrogenase > reductase > ferredoxin > [alpha] > regulator
NZ_JAOWHS010000101.1:232440-233565:-1,WP_003833746.1,OGY20_RS25590,yeaW,"carnitine monooxygenase, oxygenase subunit YeaW",5_504_CntA,5,755.1,0.9839,7.3e-228,NZ_JAOWHS010000101.1,232440,233565,-1,Citrobacter sp. Cpo114,Bacteria; Pseudomonadati; Pseudomonadota; Gammaproteobacteria; Enterobacterales; Enterobacteriaceae; Citrobacter,0,5_504_CntA#0,core,0.9181,0,0,0,0,transporter > [alpha] > reductase
NZ_JAQIPA010000017.1:19744-20899:1,WP_058289708.1,PGB32_RS15085,,aromatic ring-hydroxylating dioxygenase subunit alpha,5_504_CntA,5,118.6,0.871,2e-34,NZ_JAQIPA010000017.1,19744,20899,1,Tritonibacter multivorans,Bacteria; Pseudomonadati; Pseudomonadota; Alphaproteobacteria; Rhodobacterales; Paracoccaceae; Tritonibacter,0,5_504_CntA#11,core,0.8522,0,0,0,0,regulator > [alpha] > dehydrogenase > hypothetical
NZ_JAQBSL010000024.1:53115-54294:1,WP_016454343.1,PBV86_RS29065,,aromatic ring-hydroxylating dioxygenase subunit alpha,5_504_CntA,5,95.3,0.5161,2.3e-27,NZ_JAQBSL010000024.1,53115,54294,1,Delftia lacustris,Bacteria; Pseudomonadati; Pseudomonadota; Betaproteobacteria; Burkholderiales; Comamonadaceae; Delftia,0,5_504_CntA#93,novel_candidate,0.2378,0,0,0,0,other > other > reductase > reductase > other > [alpha] > other > hypothetical > other > hypothetical
NZ_JARLVQ010000126.1:3510-4599:1,WP_040304267.1,P4S87_RS25715,,aromatic ring-hydroxylating dioxygenase subunit alpha,5_504_CntA,5,282.5,0.9382,3e-84,NZ_JARLVQ010000126.1,3510,4599,1,Aneurinibacillus aneurinilyticus,Bacteria; Bacillati; Bacillota; Bacilli; Bacillales; Paenibacillaceae; Aneurinibacillus group; Aneurinibacillus,0,5_504_CntA#88,novel_candidate,0.3382,0,0,0,0,[alpha] > dehydrogenase > dehydrogenase
NZ_JARLWA010000011.1:18877-19963:-1,WP_057897988.1,P4S93_RS02320,,aromatic ring-hydroxylating dioxygenase subunit alpha,5_504_CntA,5,271.5,0.8656,6.8e-81,NZ_JARLWA010000011.1,18877,19963,-1,Aneurinibacillus thermoaerophilus,Bacteria; Bacillati; Bacillota; Bacilli; Bacillales; Paenibacillaceae; Aneurinibacillus group; Aneurinibacillus,0,5_504_CntA#88,novel_candidate,0.3352,0,0,0,0,[alpha]
NZ_JARRYG010000032.1:26854-27982:1,WP_042849069.1,P7V44_RS20850,,aromatic ring-hydroxylating dioxygenase subunit alpha,5_504_CntA,5,640.9,0.9651,3.5e-193,NZ_JARRYG010000032.1,26854,27982,1,Providencia huashanensis,Bacteria; Pseudomonadati; Pseudomonadota; Gammaproteobacteria; Enterobacterales; Morganellaceae; Providencia,0,5_504_CntA#0,core,0.6034,0,0,0,0,[alpha] > dehydrogenase > reductase
NZ_JARTVP010000003.1:261623-262826:-1,WP_066990508.1,P9230_RS14885,,aromatic ring-hydroxylating dioxygenase subunit alpha,5_504_CntA,5,142.7,0.5403,9e-42,NZ_JARTVP010000003.1,261623,262826,-1,Mesorhizobium sp. WSM4887,Bacteria; Pseudomonadati; Pseudomonadota; Alphaproteobacteria; Hyphomicrobiales; Phyllobacteriaceae; Mesorhizobium,0,5_504_CntA#2,core,0.9403,0,0,0,0,[alpha]
NZ_JASZZX010000002.1:182475-183621:1,WP_089151488.1,QRB35_RS03630,,aromatic ring-hydroxylating dioxygenase subunit alpha,5_504_CntA,5,99.6,0.8387,1.2e-28,NZ_JASZZX010000002.1,182475,183621,1,Mycobacterium intracellulare subsp. chimaera,Bacteria; Bacillati; Actinomycetota; Actinomycetes; Mycobacteriales; Mycobacteriaceae; Mycobacterium; Mycobacterium avium complex (MAC),0,5_504_CntA#1,core,0.9019,0,0,0,0,regulator > [alpha]
NZ_JASD01000005.1:187857-189018:-1,WP_025054092.1,Z946_RS0102095,,aromatic ring-hydroxylating dioxygenase subunit alpha,5_504_CntA,5,125.0,0.8683,2.1e-36,NZ_JASD01000005.1,187857,189018,-1,Sulfitobacter noctilucicola,Bacteria; Pseudomonadati; Pseudomonadota; Alphaproteobacteria; Rhodobacterales; Roseobacteraceae; Sulfitobacter,0,5_504_CntA#98,core,0.6265,0,0,0,0,regulator > [alpha] > hypothetical
NZ_JAUTCF010000021.1:108790-109912:-1,WP_016487557.1,Q7L29_RS24325,,aromatic ring-hydroxylating dioxygenase subunit alpha,5_504_CntA,5,783.5,0.9973,1.7e-236,NZ_JAUTCF010000021.1,108790,109912,-1,Pseudomonas putida,Bacteria; Pseudomonadati; Pseudomonadota; Gammaproteobacteria; Pseudomonadales; Pseudomonadaceae; Pseudomonas,0,5_504_CntA#0,core,0.7415,0,0,0,0,transporter > [alpha] > reductase
NZ_JAWPOP010000001.1:20819-22007:1,WP_005375185.1,R8N49_RS00085,,aromatic ring-hydroxylating dioxygenase subunit alpha,5_504_CntA,5,143.6,0.8871,4.7e-42,NZ_JAWPOP010000001.1,20819,22007,1,Vibrio sp. 1978,Bacteria; Pseudomonadati; Pseudomonadota; Gammaproteobacteria; Vibrionales; Vibrionaceae; Vibrio,0,5_504_CntA#15,core,0.9645,1,0,0,1,[alpha] > dehydrogenase > other > reductase > reductase > other
NZ_JAWPOW010000002.1:6917-8105:-1,WP_025768534.1,R8O96_RS03010,,aromatic ring-hydroxylating dioxygenase subunit alpha,5_504_CntA,5,144.7,0.8871,2.2e-42,NZ_JAWPOW010000002.1,6917,8105,-1,Vibrio sp. 1291-1,Bacteria; Pseudomonadati; Pseudomonadota; Gammaproteobacteria; Vibrionales; Vibrionaceae; Vibrio,0,5_504_CntA#15,core,0.9615,1,0,0,1,[alpha] > dehydrogenase > other > reductase > reductase > other
NZ_JAZGUS010000082.1:35610-36831:-1,WP_006373080.1,V3H80_RS23965,,aromatic ring-hydroxylating dioxygenase subunit alpha,5_504_CntA,5,113.7,0.5349,6e-33,NZ_JAZGUS010000082.1,35610,36831,-1,Gordonia polyisoprenivorans,Bacteria; Bacillati; Actinomycetota; Actinomycetes; Mycobacteriales; Gordoniaceae; Gordonia,0,5_504_CntA#49,novel_candidate,0.2587,1,0,0,1,reductase > other > [alpha] > hypothetical > other > other > regulator
NZ_JAZETU010000001.1:498042-499194:-1,WP_048597737.1,V7R17_RS02405,,aromatic ring-hydroxylating dioxygenase subunit alpha,5_504_CntA,5,123.3,0.8898,6.9e-36,NZ_JAZETU010000001.1,498042,499194,-1,Nereida ignava,Bacteria; Pseudomonadati; Pseudomonadota; Alphaproteobacteria; Rhodobacterales; Roseobacteraceae; Nereida,0,5_504_CntA#11,core,0.7368,0,0,0,0,transporter > transporter > other > other > other > regulator > [alpha] > hypothetical > reductase > other > other > other > other
NZ_JBEAEL010000036.1:13684-14800:-1,WP_057074933.1,ABLU31_RS12560,cntA,carnitine monooxygenase subunit alpha,5_504_CntA,5,818.5,0.9973,3.8e-247,NZ_JBEAEL010000036.1,13684,14800,-1,Acinetobacter seifertii,Bacteria; Pseudomonadati; Pseudomonadota; Gammaproteobacteria; Moraxellales; Moraxellaceae; Acinetobacter; Acinetobacter calcoaceticus/baumannii complex,0,5_504_CntA#0,core,0.9916,1,0,0,1,dehydrogenase > transporter > hydrolase > [alpha] > dehydrogenase > reductase
NZ_JBEAEQ010000014.1:86873-87989:1,WP_002120432.1,ABLU19_RS09905,cntA,carnitine monooxygenase subunit alpha,5_504_CntA,5,818.9,0.9973,3e-247,NZ_JBEAEQ010000014.1,86873,87989,1,Acinetobacter seifertii,Bacteria; Pseudomonadati; Pseudomonadota; Gammaproteobacteria; Moraxellales; Moraxellaceae; Acinetobacter; Acinetobacter calcoaceticus/baumannii complex,0,5_504_CntA#0,core,0.9972,1,0,0,1,dehydrogenase > transporter > hydrolase > [alpha] > dehydrogenase > reductase
NZ_JEMV01000017.1:73950-75264:-1,WP_043151203.1,BF95_RS09885,,SRPBCC family protein,5_504_CntA,5,100.0,0.5269,8.4e-29,NZ_JEMV01000017.1,73950,75264,-1,Sphingobium sp. Ant17,Bacteria; Pseudomonadati; Pseudomonadota; Alphaproteobacteria; Sphingomonadales; Sphingomonadaceae; Sphingobium,0,5_504_CntA#202,divergent,0.4794,0,0,0,0,[alpha] > other > reductase
NZ_JEMV01000048.1:27646-28885:-1,WP_037473622.1,BF95_RS18085,,aromatic ring-hydroxylating dioxygenase subunit alpha,5_504_CntA,5,124.2,0.5054,3.8e-36,NZ_JEMV01000048.1,27646,28885,-1,Sphingobium sp. Ant17,Bacteria; Pseudomonadati; Pseudomonadota; Alphaproteobacteria; Sphingomonadales; Sphingomonadaceae; Sphingobium,0,5_504_CntA#201,novel_candidate,0.2749,0,0,0,0,hypothetical > regulator > other > [alpha] > hypothetical
NZ_JEMV01000102.1:7005-8403:-1,WP_043155008.1,BF95_RS23480,,SRPBCC family protein,5_504_CntA,5,101.5,0.5403,3.1e-29,NZ_JEMV01000102.1,7005,8403,-1,Sphingobium sp. Ant17,Bacteria; Pseudomonadati; Pseudomonadota; Alphaproteobacteria; Sphingomonadales; Sphingomonadaceae; Sphingobium,0,5_504_CntA#32,novel_candidate,0.3089,0,0,0,0,[alpha]
NZ_JEMV01000116.1:1093-2272:-1,WP_043155243.1,BF95_RS24130,,aromatic ring-hydroxylating dioxygenase subunit alpha,5_504_CntA,5,108.9,0.6317,1.7e-31,NZ_JEMV01000116.1,1093,2272,-1,Sphingobium sp. Ant17,Bacteria; Pseudomonadati; Pseudomonadota; Alphaproteobacteria; Sphingomonadales; Sphingomonadaceae; Sphingobium,0,5_504_CntA#66,novel_candidate,0.3343,0,0,0,0,[alpha]
NZ_JEWG01000005.1:14637-15753:-1,WP_017402533.1,J507_RS08860,cntA,carnitine monooxygenase subunit alpha,5_504_CntA,5,818.7,0.9973,3.3e-247,NZ_JEWG01000005.1,14637,15753,-1,Acinetobacter sp. 1295259,Bacteria; Pseudomonadati; Pseudomonadota; Gammaproteobacteria; Moraxellales; Moraxellaceae; Acinetobacter; Acinetobacter calcoaceticus/baumannii complex,0,5_504_CntA#0,core,0.9972,1,0,0,1,dehydrogenase > transporter > hydrolase > [alpha] > dehydrogenase > reductase
NZ_JEWH01000042.1:18039-19155:1,WP_001277084.1,J512_RS19245,cntA,carnitine monooxygenase subunit alpha,5_504_CntA,5,821.1,0.9973,6.2e-248,NZ_JEWH01000042.1,18039,19155,1,Acinetobacter baumannii 1295743,Bacteria; Pseudomonadati; Pseudomonadota; Gammaproteobacteria; Moraxellales; Moraxellaceae; Acinetobacter; Acinetobacter calcoaceticus/baumannii complex,0,5_504_CntA#0,core,0.986,1,0,0,1,dehydrogenase > transporter > hydrolase > [alpha] > dehydrogenase > reductase
NZ_JEWR01000057.1:2582-3773:1,WP_001088747.1,J545_RS21560,,aromatic ring-hydroxylating dioxygenase subunit alpha,5_504_CntA,5,135.2,0.8737,1.8e-39,NZ_JEWR01000057.1,2582,3773,1,Acinetobacter baumannii 1462234,Bacteria; Pseudomonadati; Pseudomonadota; Gammaproteobacteria; Moraxellales; Moraxellaceae; Acinetobacter; Acinetobacter calcoaceticus/baumannii complex,0,5_504_CntA#16,core,0.9912,1,0,0,1,[alpha] > dehydrogenase > other > reductase > reductase > other
NZ_JEWR01000080.1:6348-7464:1,WP_001277084.1,J545_RS22990,cntA,carnitine monooxygenase subunit alpha,5_504_CntA,5,821.1,0.9973,6.2e-248,NZ_JEWR01000080.1,6348,7464,1,Acinetobacter baumannii 1462234,Bacteria; Pseudomonadati; Pseudomonadota; Gammaproteobacteria; Moraxellales; Moraxellaceae; Acinetobacter; Acinetobacter calcoaceticus/baumannii complex,0,5_504_CntA#0,core,0.986,1,0,0,1,dehydrogenase > transporter > hydrolase > [alpha] > dehydrogenase > reductase
NZ_JEXG01000039.1:14630-15746:-1,WP_032063821.1,J536_RS20640,cntA,carnitine monooxygenase subunit alpha,5_504_CntA,5,816.4,0.9973,1.7e-246,NZ_JEXG01000039.1,14630,15746,-1,Acinetobacter sp. 809848,Bacteria; Pseudomonadati; Pseudomonadota; Gammaproteobacteria; Moraxellales; Moraxellaceae; Acinetobacter; Acinetobacter calcoaceticus/baumannii complex,0,5_504_CntA#0,core,0.9747,1,0,0,1,dehydrogenase > transporter > hydrolase > [alpha] > dehydrogenase > reductase
NZ_JEXJ01000009.1:67659-68775:1,WP_001277084.1,J529_RS11025,cntA,carnitine monooxygenase subunit alpha,5_504_CntA,5,821.1,0.9973,6.2e-248,NZ_JEXJ01000009.1,67659,68775,1,Acinetobacter baumannii 99063,Bacteria; Pseudomonadati; Pseudomonadota; Gammaproteobacteria; Moraxellales; Moraxellaceae; Acinetobacter; Acinetobacter calcoaceticus/baumannii complex,0,5_504_CntA#0,core,0.986,1,0,0,1,dehydrogenase > transporter > hydrolase > [alpha] > dehydrogenase > reductase
NZ_JEWU01000071.1:7829-8945:1,WP_002120432.1,J551_RS22690,cntA,carnitine monooxygenase subunit alpha,5_504_CntA,5,818.9,0.9973,3e-247,NZ_JEWU01000071.1,7829,8945,1,Acinetobacter sp. 1475718,Bacteria; Pseudomonadati; Pseudomonadota; Gammaproteobacteria; Moraxellales; Moraxellaceae; Acinetobacter; Acinetobacter calcoaceticus/baumannii complex,0,5_504_CntA#0,core,0.9972,1,0,0,1,dehydrogenase > transporter > hydrolase > [alpha] > dehydrogenase > reductase
NZ_JEXD01000004.1:6767-7883:-1,WP_001277084.1,J506_RS08735,cntA,carnitine monooxygenase subunit alpha,5_504_CntA,5,821.1,0.9973,6.2e-248,NZ_JEXD01000004.1,6767,7883,-1,Acinetobacter baumannii 625974,Bacteria; Pseudomonadati; Pseudomonadota; Gammaproteobacteria; Moraxellales; Moraxellaceae; Acinetobacter; Acinetobacter calcoaceticus/baumannii complex,0,5_504_CntA#0,core,0.986,1,0,0,1,dehydrogenase > transporter > hydrolase > [alpha] > dehydrogenase > reductase
NZ_JFHC01000017.1:29791-30940:1,WP_035939768.1,BG61_RS13155,,SRPBCC family protein,5_504_CntA,5,136.1,0.5349,9.4e-40,NZ_JFHC01000017.1,29791,30940,1,Caballeronia glathei,Bacteria; Pseudomonadati; Pseudomonadota; Betaproteobacteria; Burkholderiales; Burkholderiaceae; Caballeronia,0,5_504_CntA#8,core,0.9134,0,0,0,0,[alpha] > transporter > transporter > transporter > transporter
NZ_JEYA01000002.1:523973-525089:-1,WP_002120432.1,J580_RS11375,cntA,carnitine monooxygenase subunit alpha,5_504_CntA,5,818.9,0.9973,3e-247,NZ_JEYA01000002.1,523973,525089,-1,Acinetobacter sp. 1542444,Bacteria; Pseudomonadati; Pseudomonadota; Gammaproteobacteria; Moraxellales; Moraxellaceae; Acinetobacter; Acinetobacter calcoaceticus/baumannii complex,0,5_504_CntA#0,core,0.9972,1,0,0,1,dehydrogenase > transporter > hydrolase > [alpha] > dehydrogenase > reductase
NZ_JFEL02000002.1:130984-132100:1,WP_002120432.1,J622_RS03985,cntA,carnitine monooxygenase subunit alpha,5_504_CntA,5,818.9,0.9973,3e-247,NZ_JFEL02000002.1,130984,132100,1,Acinetobacter sp. 1564232,Bacteria; Pseudomonadati; Pseudomonadota; Gammaproteobacteria; Moraxellales; Moraxellaceae; Acinetobacter; Acinetobacter calcoaceticus/baumannii complex,0,5_504_CntA#0,core,0.9972,1,0,0,1,dehydrogenase > transporter > hydrolase > [alpha] > dehydrogenase > reductase
NZ_JFHR01000026.1:30128-31472:1,WP_037452117.1,BV95_RS12345,,aromatic ring-hydroxylating dioxygenase subunit alpha,5_504_CntA,5,112.1,0.5296,1.8e-32,NZ_JFHR01000026.1,30128,31472,1,Sphingobium chlorophenolicum,Bacteria; Pseudomonadati; Pseudomonadota; Alphaproteobacteria; Sphingomonadales; Sphingomonadaceae; Sphingobium,0,5_504_CntA#87,novel_candidate,0.3023,0,0,0,0,reductase > [alpha] > reductase > reductase > reductase
NZ_JFJW01000139.1:66374-67496:1,WP_035825440.1,CF68_RS28220,,aromatic ring-hydroxylating dioxygenase subunit alpha,5_504_CntA,5,466.4,0.9516,3.8e-140,NZ_JFJW01000139.1,66374,67496,1,Cupriavidus sp. SK-4,Bacteria; Pseudomonadati; Pseudomonadota; Betaproteobacteria; Burkholderiales; Burkholderiaceae; Cupriavidus,0,5_504_CntA#63,divergent,0.454,0,0,0,0,[alpha] > dehydrogenase > dehydrogenase
NZ_JFXV01000011.1:14678-15794:-1,WP_002120432.1,J687_RS14810,cntA,carnitine monooxygenase subunit alpha,5_504_CntA,5,818.9,0.9973,3e-247,NZ_JFXV01000011.1,14678,15794,-1,Acinetobacter sp. 225588,Bacteria; Pseudomonadati; Pseudomonadota; Gammaproteobacteria; Moraxellales; Moraxellaceae; Acinetobacter; Acinetobacter calcoaceticus/baumannii complex,0,5_504_CntA#0,core,0.9972,1,0,0,1,dehydrogenase > transporter > hydrolase > [alpha] > dehydrogenase > reductase
NZ_JFXG01000012.1:125101-126217:1,WP_002120432.1,J655_RS18595,cntA,carnitine monooxygenase subunit alpha,5_504_CntA,5,818.9,0.9973,3e-247,NZ_JFXG01000012.1,125101,126217,1,Acinetobacter sp. 1294243,Bacteria; Pseudomonadati; Pseudomonadota; Gammaproteobacteria; Moraxellales; Moraxellaceae; Acinetobacter; Acinetobacter calcoaceticus/baumannii complex,0,5_504_CntA#0,core,0.9972,1,0,0,1,dehydrogenase > transporter > hydrolase > [alpha] > dehydrogenase > reductase
NZ_JFYZ01000016.1:12978-14184:1,WP_036526988.1,BV97_RS16200,,aromatic ring-hydroxylating dioxygenase subunit alpha,5_504_CntA,5,92.4,0.8602,1.8e-26,NZ_JFYZ01000016.1,12978,14184,1,Novosphingobium resinovorum,Bacteria; Pseudomonadati; Pseudomonadota; Alphaproteobacteria; Sphingomonadales; Sphingomonadaceae; Novosphingobium,0,5_504_CntA#200,novel_candidate,0.3176,0,0,0,0,hypothetical > hydrolase > other > hypothetical > hydrolase > dehydrogenase > transporter > [alpha]
NZ_JFYZ01000047.1:31091-32357:-1,WP_051587164.1,BV97_RS24400,,aromatic ring-hydroxylating dioxygenase subunit alpha,5_504_CntA,5,121.4,0.5215,2.7e-35,NZ_JFYZ01000047.1,31091,32357,-1,Novosphingobium resinovorum,Bacteria; Pseudomonadati; Pseudomonadota; Alphaproteobacteria; Sphingomonadales; Sphingomonadaceae; Novosphingobium,0,5_504_CntA#199,novel_candidate,0.2479,0,0,0,0,[alpha] > hypothetical > reductase > hydrolase > regulator
NZ_JFYC01000025.1:14280-15396:-1,WP_002120432.1,J690_RS22550,cntA,carnitine monooxygenase subunit alpha,5_504_CntA,5,818.9,0.9973,3e-247,NZ_JFYC01000025.1,14280,15396,-1,Acinetobacter sp. 742879,Bacteria; Pseudomonadati; Pseudomonadota; Gammaproteobacteria; Moraxellales; Moraxellaceae; Acinetobacter; Acinetobacter calcoaceticus/baumannii complex,0,5_504_CntA#0,core,0.9972,1,0,0,1,dehydrogenase > transporter > hydrolase > [alpha] > dehydrogenase > reductase
NZ_JFYD01000002.1:184203-185319:1,WP_033848324.1,J663_RS05385,cntA,carnitine monooxygenase subunit alpha,5_504_CntA,5,817.2,0.9973,9.9e-247,NZ_JFYD01000002.1,184203,185319,1,Acinetobacter sp. 826659,Bacteria; Pseudomonadati; Pseudomonadota; Gammaproteobacteria; Moraxellales; Moraxellaceae; Acinetobacter; Acinetobacter calcoaceticus/baumannii complex,0,5_504_CntA#0,core,0.9944,1,0,0,1,dehydrogenase > transporter > hydrolase > [alpha] > dehydrogenase > reductase
NZ_JFYZ01000001.1:308952-310278:1,WP_008830433.1,BV97_RS01485,,SRPBCC family protein,5_504_CntA,5,122.6,0.5376,1.2e-35,NZ_JFYZ01000001.1,308952,310278,1,Novosphingobium resinovorum,Bacteria; Pseudomonadati; Pseudomonadota; Alphaproteobacteria; Sphingomonadales; Sphingomonadaceae; Novosphingobium,0,5_504_CntA#10,core,0.8808,0,0,0,0,other > [alpha] > other > other
NZ_JFYZ01000001.1:706542-707712:-1,WP_036523010.1,BV97_RS03220,,aromatic ring-hydroxylating dioxygenase subunit alpha,5_504_CntA,5,174.2,0.8817,2.4e-51,NZ_JFYZ01000001.1,706542,707712,-1,Novosphingobium resinovorum,Bacteria; Pseudomonadati; Pseudomonadota; Alphaproteobacteria; Sphingomonadales; Sphingomonadaceae; Novosphingobium,0,5_504_CntA#35,novel_candidate,0.3435,1,0,0,1,[alpha] > reductase
NZ_JFYZ01000005.1:87389-88583:1,WP_008832382.1,BV97_RS08225,,aromatic ring-hydroxylating dioxygenase subunit alpha,5_504_CntA,5,133.5,0.8737,5.8e-39,NZ_JFYZ01000005.1,87389,88583,1,Novosphingobium resinovorum,Bacteria; Pseudomonadati; Pseudomonadota; Alphaproteobacteria; Sphingomonadales; Sphingomonadaceae; Novosphingobium,0,5_504_CntA#53,novel_candidate,0.2792,0,0,0,0,other > [alpha] > hydrolase
NZ_JFYZ01000013.1:46112-47558:-1,WP_008830784.1,BV97_RS13900,,SRPBCC family protein,5_504_CntA,5,94.8,0.5296,3.3e-27,NZ_JFYZ01000013.1,46112,47558,-1,Novosphingobium resinovorum,Bacteria; Pseudomonadati; Pseudomonadota; Alphaproteobacteria; Sphingomonadales; Sphingomonadaceae; Novosphingobium,0,5_504_CntA#18,core,0.9067,0,0,0,0,[alpha] > other
NZ_JFYZ01000013.1:89939-91286:-1,WP_036526587.1,BV97_RS14110,,SRPBCC family protein,5_504_CntA,5,123.5,0.5484,6e-36,NZ_JFYZ01000013.1,89939,91286,-1,Novosphingobium resinovorum,Bacteria; Pseudomonadati; Pseudomonadota; Alphaproteobacteria; Sphingomonadales; Sphingomonadaceae; Novosphingobium,0,5_504_CntA#28,core,0.6495,0,0,0,0,alpha_other > [alpha] > other
NZ_JGVR01000001.1:98252-99578:1,WP_037515866.1,CP98_RS00450,,aromatic ring-hydroxylating dioxygenase subunit alpha,5_504_CntA,5,118.4,0.5242,2.2e-34,NZ_JGVR01000001.1,98252,99578,1,Sphingobium yanoikuyae,Bacteria; Pseudomonadati; Pseudomonadota; Alphaproteobacteria; Sphingomonadales; Sphingomonadaceae; Sphingobium,0,5_504_CntA#65,novel_candidate,0.3031,0,0,0,0,other > regulator > [alpha] > other > other > hydrolase
NZ_JHAK01000001.1:463353-464508:1,WP_038003256.1,PM04_RS02275,,aromatic ring-hydroxylating dioxygenase subunit alpha,5_504_CntA,5,115.8,0.871,1.4e-33,NZ_JHAK01000001.1,463353,464508,1,Thalassobacter sp. 16PALIMAR09,Bacteria; Pseudomonadati; Pseudomonadota; Alphaproteobacteria; Rhodobacterales; Roseobacteraceae; Thalassobacter,0,5_504_CntA#98,core,0.645,0,0,0,0,other > other > [alpha] > hypothetical
NZ_JHYR01000014.1:111858-113280:-1,WP_004342331.1,Q393_RS0111735,,SRPBCC family protein,5_504_CntA,5,114.3,0.5269,3.8e-33,NZ_JHYR01000014.1,111858,113280,-1,Thauera linaloolentis 47Lol = DSM 12138,Bacteria; Pseudomonadati; Pseudomonadota; Betaproteobacteria; Rhodocyclales; Zoogloeaceae; Thauera,0,5_504_CntA#118,divergent,0.4251,1,0,1,0,other > [alpha] > reductase > ferredoxin > alpha_other > other
NZ_JHYR01000015.1:4167-5496:-1,WP_004338726.1,Q393_RS0111850,,SRPBCC family protein,5_504_CntA,5,118.1,0.5161,2.7e-34,NZ_JHYR01000015.1,4167,5496,-1,Thauera linaloolentis 47Lol = DSM 12138,Bacteria; Pseudomonadati; Pseudomonadota; Betaproteobacteria; Rhodocyclales; Zoogloeaceae; Thauera,0,5_504_CntA#198,divergent,0.4313,0,0,0,0,reductase > hypothetical > [alpha]
NZ_JJLU01000066.1:101488-102613:1,WP_032281020.1,AC00_RS14975,yeaW,"carnitine monooxygenase, oxygenase subunit YeaW",5_504_CntA,5,747.6,0.9866,1.3e-225,NZ_JJLU01000066.1,101488,102613,1,Escherichia coli 1-250-04_S3_C1,Bacteria; Pseudomonadati; Pseudomonadota; Gammaproteobacteria; Enterobacterales; Enterobacteriaceae; Escherichia,0,5_504_CntA#0,core,0.9972,1,0,0,1,transporter > [alpha] > reductase
NZ_JMNZ01000105.1:2546-3662:-1,WP_002120432.1,J584_RS24485,cntA,carnitine monooxygenase subunit alpha,5_504_CntA,5,818.9,0.9973,3e-247,NZ_JMNZ01000105.1,2546,3662,-1,Acinetobacter sp. 72431,Bacteria; Pseudomonadati; Pseudomonadota; Gammaproteobacteria; Moraxellales; Moraxellaceae; Acinetobacter; Acinetobacter calcoaceticus/baumannii complex,0,5_504_CntA#0,core,0.9972,1,0,0,1,dehydrogenase > transporter > hydrolase > [alpha] > dehydrogenase > reductase
NZ_JMOA01000077.1:3852-4968:-1,WP_001277084.1,J572_RS23040,cntA,carnitine monooxygenase subunit alpha,5_504_CntA,5,821.1,0.9973,6.2e-248,NZ_JMOA01000077.1,3852,4968,-1,Acinetobacter baumannii 1499986,Bacteria; Pseudomonadati; Pseudomonadota; Gammaproteobacteria; Moraxellales; Moraxellaceae; Acinetobacter; Acinetobacter calcoaceticus/baumannii complex,0,5_504_CntA#0,core,0.986,1,0,0,1,dehydrogenase > transporter > hydrolase > [alpha] > dehydrogenase > reductase
NZ_JMIX01000012.1:31349-32573:1,WP_051698345.1,EH32_RS12810,,aromatic ring-hydroxylating dioxygenase subunit alpha,5_504_CntA,5,114.0,0.6801,4.8e-33,NZ_JMIX01000012.1,31349,32573,1,Erythrobacter litoralis,Bacteria; Pseudomonadati; Pseudomonadota; Alphaproteobacteria; Sphingomonadales; Erythrobacteraceae; Erythrobacter/Porphyrobacter group; Erythrobacter,0,5_504_CntA#197,novel_candidate,0.3333,0,0,0,0,[alpha]
NZ_JMOD01000107.1:2106-3222:-1,WP_001277084.1,J596_RS23250,cntA,carnitine monooxygenase subunit alpha,5_504_CntA,5,821.1,0.9973,6.2e-248,NZ_JMOD01000107.1,2106,3222,-1,Acinetobacter baumannii 21072,Bacteria; Pseudomonadati; Pseudomonadota; Gammaproteobacteria; Moraxellales; Moraxellaceae; Acinetobacter; Acinetobacter calcoaceticus/baumannii complex,0,5_504_CntA#0,core,0.986,0,0,0,0,dehydrogenase > transporter > hydrolase > [alpha] > dehydrogenase > reductase
NZ_JNFC01000018.1:14677-15865:-1,WP_037555272.1,FG95_RS08260,,aromatic ring-hydroxylating dioxygenase subunit alpha,5_504_CntA,5,144.7,0.8763,2.3e-42,NZ_JNFC01000018.1,14677,15865,-1,Sphingopyxis sp. LC363,Bacteria; Pseudomonadati; Pseudomonadota; Alphaproteobacteria; Sphingomonadales; Sphingomonadaceae; Sphingopyxis,0,5_504_CntA#35,novel_candidate,0.3382,1,0,0,1,[alpha] > reductase > reductase
NZ_JNFD01000029.1:29226-30390:1,WP_037516254.1,FG91_RS14655,,aromatic ring-hydroxylating dioxygenase subunit alpha,5_504_CntA,5,146.0,0.8763,9.1e-43,NZ_JNFD01000029.1,29226,30390,1,Sphingopyxis sp. LC81,Bacteria; Pseudomonadati; Pseudomonadota; Alphaproteobacteria; Sphingomonadales; Sphingomonadaceae; Sphingopyxis,0,5_504_CntA#35,novel_candidate,0.354,1,0,0,1,[alpha] > reductase > reductase
NZ_JOSS01000034.1:6363-7488:1,WP_000067822.1,AB05_RS16780,yeaW,"carnitine monooxygenase, oxygenase subunit YeaW",5_504_CntA,5,748.6,0.9866,6.7e-226,NZ_JOSS01000034.1,6363,7488,1,Escherichia coli 2-460-02_S1_C1,Bacteria; Pseudomonadati; Pseudomonadota; Gammaproteobacteria; Enterobacterales; Enterobacteriaceae; Escherichia,0,5_504_CntA#0,core,1.0,1,0,0,1,transporter > [alpha] > reductase
NZ_JPHZ01000018.1:157123-158239:1,WP_001277084.1,T630_RS09680,cntA,carnitine monooxygenase subunit alpha,5_504_CntA,5,821.1,0.9973,6.2e-248,NZ_JPHZ01000018.1,157123,158239,1,Acinetobacter baumannii MRSN 3527,Bacteria; Pseudomonadati; Pseudomonadota; Gammaproteobacteria; Moraxellales; Moraxellaceae; Acinetobacter; Acinetobacter calcoaceticus/baumannii complex,0,5_504_CntA#0,core,0.986,1,0,0,1,dehydrogenase > transporter > hydrolase > [alpha] > dehydrogenase > reductase
NZ_JPYI02000042.1:2570-3701:-1,WP_057679130.1,IM53_RS06895,,aromatic ring-hydroxylating dioxygenase subunit alpha,5_504_CntA,5,94.2,0.5269,4.9e-27,NZ_JPYI02000042.1,2570,3701,-1,Xanthomonas phaseoli pv. dieffenbachiae,Bacteria; Pseudomonadati; Pseudomonadota; Gammaproteobacteria; Lysobacterales; Lysobacteraceae; Xanthomonas,0,5_504_CntA#86,novel_candidate,0.2471,0,0,0,0,other > other > regulator > other > other > other > reductase > other > [alpha] > other > other
NZ_JRKN01000024.1:42137-43280:-1,WP_036742703.1,IT41_RS14530,,SRPBCC family protein,5_504_CntA,5,311.4,0.9892,4.9e-93,NZ_JRKN01000024.1,42137,43280,-1,Paracoccus halophilus,Bacteria; Pseudomonadati; Pseudomonadota; Alphaproteobacteria; Rhodobacterales; Paracoccaceae; Paracoccus,0,5_504_CntA#6,core,0.8068,1,0,1,0,regulator > [alpha] > reductase > other > dehydrogenase > reductase > dehydrogenase > ferredoxin > hydrolase > transporter
NZ_JRVC01000020.1:46029-47214:-1,WP_039336754.1,NJ75_RS17290,,SRPBCC family protein,5_504_CntA,5,104.4,0.8683,3.9e-30,NZ_JRVC01000020.1,46029,47214,-1,Novosphingobium subterraneum,Bacteria; Pseudomonadati; Pseudomonadota; Alphaproteobacteria; Sphingomonadales; Sphingomonadaceae; Novosphingobium,0,5_504_CntA#33,novel_candidate,0.3303,0,0,0,0,[alpha]
NZ_JRUQ01000075.1:33512-34691:-1,WP_034898400.1,NG99_RS23445,,aromatic ring-hydroxylating dioxygenase subunit alpha,5_504_CntA,5,133.3,0.5591,6.4e-39,NZ_JRUQ01000075.1,33512,34691,-1,Erwinia typographi,Bacteria; Pseudomonadati; Pseudomonadota; Gammaproteobacteria; Enterobacterales; Erwiniaceae; Erwinia,0,5_504_CntA#196,novel_candidate,0.2722,0,0,0,0,transporter > reductase > reductase > transporter > transporter > reductase > [alpha] > reductase > other
NZ_JRVC01000005.1:63711-64917:-1,WP_052242119.1,NJ75_RS06285,,aromatic ring-hydroxylating dioxygenase subunit alpha,5_504_CntA,5,115.7,0.5349,1.4e-33,NZ_JRVC01000005.1,63711,64917,-1,Novosphingobium subterraneum,Bacteria; Pseudomonadati; Pseudomonadota; Alphaproteobacteria; Sphingomonadales; Sphingomonadaceae; Novosphingobium,0,5_504_CntA#117,novel_candidate,0.3324,0,0,0,0,hypothetical > other > reductase > [alpha]
NZ_JTDB02000004.1:409226-410375:1,WP_052147956.1,NH14_RS17445,,aromatic ring-hydroxylating dioxygenase subunit alpha,5_504_CntA,5,760.4,0.9919,1.7e-229,NZ_JTDB02000004.1,409226,410375,1,Paraburkholderia sacchari,Bacteria; Pseudomonadati; Pseudomonadota; Betaproteobacteria; Burkholderiales; Burkholderiaceae; Paraburkholderia,0,5_504_CntA#0,core,0.698,0,0,0,0,[alpha] > dehydrogenase
NZ_JTDI01000002.1:86963-88391:1,WP_231568254.1,LK12_RS05320,,SRPBCC family protein,5_504_CntA,5,99.8,0.5376,1e-28,NZ_JTDI01000002.1,86963,88391,1,Novosphingobium malaysiense,Bacteria; Pseudomonadati; Pseudomonadota; Alphaproteobacteria; Sphingomonadales; Sphingomonadaceae; Novosphingobium,0,5_504_CntA#32,novel_candidate,0.3086,0,0,0,0,[alpha] > regulator
NZ_JTDI01000002.1:609624-610965:1,WP_052223253.1,LK12_RS07835,,SRPBCC family protein,5_504_CntA,5,119.8,0.6048,8.1e-35,NZ_JTDI01000002.1,609624,610965,1,Novosphingobium malaysiense,Bacteria; Pseudomonadati; Pseudomonadota; Alphaproteobacteria; Sphingomonadales; Sphingomonadaceae; Novosphingobium,0,5_504_CntA#50,divergent,0.4099,0,0,0,0,[alpha] > other > other > other > reductase
NZ_JTDI01000005.1:5894-7274:-1,WP_052223461.1,LK12_RS15760,,SRPBCC family protein,5_504_CntA,5,112.9,0.5538,1e-32,NZ_JTDI01000005.1,5894,7274,-1,Novosphingobium malaysiense,Bacteria; Pseudomonadati; Pseudomonadota; Alphaproteobacteria; Sphingomonadales; Sphingomonadaceae; Novosphingobium,0,5_504_CntA#32,novel_candidate,0.2985,0,0,0,0,[alpha]
NZ_JTDI01000005.1:71053-72394:-1,WP_039286271.1,LK12_RS16045,,SRPBCC family protein,5_504_CntA,5,106.2,0.5188,1.1e-30,NZ_JTDI01000005.1,71053,72394,-1,Novosphingobium malaysiense,Bacteria; Pseudomonadati; Pseudomonadota; Alphaproteobacteria; Sphingomonadales; Sphingomonadaceae; Novosphingobium,0,5_504_CntA#195,novel_candidate,0.2965,0,0,0,0,regulator > [alpha] > reductase > other
NZ_JTHN01000223.1:14650-15718:1,WP_054976905.1,QJ48_RS29275,,aromatic ring-hydroxylating dioxygenase subunit alpha,5_504_CntA,5,261.5,0.9382,7.3e-78,NZ_JTHN01000223.1,14650,15718,1,Paenibacillus sp. A3,Bacteria; Bacillati; Bacillota; Bacilli; Bacillales; Paenibacillaceae; Paenibacillus,0,5_504_CntA#120,novel_candidate,0.3491,0,0,0,0,[alpha] > transporter > transporter > transporter > transporter > dehydrogenase > dehydrogenase
NZ_JTDI01000006.1:156152-157592:-1,WP_039287332.1,LK12_RS18400,,SRPBCC family protein,5_504_CntA,5,99.9,0.5269,9.4e-29,NZ_JTDI01000006.1,156152,157592,-1,Novosphingobium malaysiense,Bacteria; Pseudomonadati; Pseudomonadota; Alphaproteobacteria; Sphingomonadales; Sphingomonadaceae; Novosphingobium,0,5_504_CntA#18,core,0.8588,0,0,0,0,[alpha] > other
NZ_JTDI01000006.1:162704-164054:-1,WP_039287354.1,LK12_RS18440,,SRPBCC family protein,5_504_CntA,5,113.7,0.5618,6e-33,NZ_JTDI01000006.1,162704,164054,-1,Novosphingobium malaysiense,Bacteria; Pseudomonadati; Pseudomonadota; Alphaproteobacteria; Sphingomonadales; Sphingomonadaceae; Novosphingobium,0,5_504_CntA#34,divergent,0.4074,0,0,0,0,other > other > alpha_other > other > [alpha] > other
NZ_JTDI01000006.1:164686-166024:-1,WP_039287357.1,LK12_RS18450,,SRPBCC family protein,5_504_CntA,5,123.8,0.5296,5e-36,NZ_JTDI01000006.1,164686,166024,-1,Novosphingobium malaysiense,Bacteria; Pseudomonadati; Pseudomonadota; Alphaproteobacteria; Sphingomonadales; Sphingomonadaceae; Novosphingobium,0,5_504_CntA#10,core,0.8628,0,0,0,0,other > other > [alpha] > other > alpha_other > other
NZ_JTDI01000006.1:180120-181305:1,WP_039287393.1,LK12_RS18520,,SRPBCC family protein,5_504_CntA,5,107.5,0.5887,4.6e-31,NZ_JTDI01000006.1,180120,181305,1,Novosphingobium malaysiense,Bacteria; Pseudomonadati; Pseudomonadota; Alphaproteobacteria; Sphingomonadales; Sphingomonadaceae; Novosphingobium,0,5_504_CntA#33,novel_candidate,0.3415,0,0,0,0,alpha_other > [alpha]
NZ_JTDI01000009.1:63079-64501:-1,WP_197063628.1,LK12_RS22385,,SRPBCC family protein,5_504_CntA,5,112.9,0.5269,1.1e-32,NZ_JTDI01000009.1,63079,64501,-1,Novosphingobium malaysiense,Bacteria; Pseudomonadati; Pseudomonadota; Alphaproteobacteria; Sphingomonadales; Sphingomonadaceae; Novosphingobium,0,5_504_CntA#194,novel_candidate,0.2933,0,0,0,0,other > [alpha] > hydrolase
NZ_JTDI01000009.1:97744-99109:-1,WP_039290141.1,LK12_RS22550,,SRPBCC family protein,5_504_CntA,5,133.1,0.5457,7.5e-39,NZ_JTDI01000009.1,97744,99109,-1,Novosphingobium malaysiense,Bacteria; Pseudomonadati; Pseudomonadota; Alphaproteobacteria; Sphingomonadales; Sphingomonadaceae; Novosphingobium,0,5_504_CntA#54,novel_candidate,0.3015,0,0,0,0,[alpha] > other
NZ_JUEH01000017.1:32678-33869:-1,WP_052239112.1,QX33_RS26785,,aromatic ring-hydroxylating dioxygenase subunit alpha,5_504_CntA,5,143.9,0.879,3.9e-42,NZ_JUEH01000017.1,32678,33869,-1,Pseudomonas nitroreducens,Bacteria; Pseudomonadati; Pseudomonadota; Gammaproteobacteria; Pseudomonadales; Pseudomonadaceae; Pseudomonas,0,5_504_CntA#9,core,0.8406,1,0,0,1,[alpha] > dehydrogenase > other > reductase > reductase > other > transporter > hypothetical
NZ_JUEH01000027.1:35095-36217:1,WP_024765384.1,QX33_RS31895,,aromatic ring-hydroxylating dioxygenase subunit alpha,5_504_CntA,5,756.3,0.9973,3.2e-228,NZ_JUEH01000027.1,35095,36217,1,Pseudomonas nitroreducens,Bacteria; Pseudomonadati; Pseudomonadota; Gammaproteobacteria; Pseudomonadales; Pseudomonadaceae; Pseudomonas,0,5_504_CntA#0,core,0.7309,0,0,0,0,transporter > [alpha]
NZ_JTDM01000020.1:627915-629022:1,WP_004310081.1,PO78_RS16710,,aromatic ring-hydroxylating dioxygenase subunit alpha,5_504_CntA,5,72.2,0.7581,2.4e-20,NZ_JTDM01000020.1,627915,629022,1,Thauera sp. SWB20,Bacteria; Pseudomonadati; Pseudomonadota; Betaproteobacteria; Rhodocyclales; Zoogloeaceae; Thauera,0,5_504_CntA#51,novel_candidate,0.2292,0,0,0,0,[alpha]
NZ_JVHT01000030.1:114252-115443:1,WP_049175721.1,ADB45_RS12130,,aromatic ring-hydroxylating dioxygenase subunit alpha,5_504_CntA,5,137.9,0.8737,2.6e-40,NZ_JVHT01000030.1,114252,115443,1,Acinetobacter ursingii,Bacteria; Pseudomonadati; Pseudomonadota; Gammaproteobacteria; Moraxellales; Moraxellaceae; Acinetobacter,0,5_504_CntA#16,core,0.9822,1,0,0,1,[alpha] > dehydrogenase > other > reductase > reductase > other
NZ_JWIR02000023.1:44013-45045:-1,WP_040047988.1,QY95_RS06280,,aromatic ring-hydroxylating dioxygenase subunit alpha,5_504_CntA,5,250.2,0.9516,1.9e-74,NZ_JWIR02000023.1,44013,45045,-1,Bacillus thermotolerans,Bacteria; Bacillati; Bacillota; Bacilli; Bacillales; Bacillaceae; Bacillus,0,5_504_CntA#48,novel_candidate,0.3175,0,0,0,0,[alpha] > transporter
NZ_JWLC01000033.1:34300-35401:1,WP_039168015.1,RA19_RS24195,,aromatic ring-hydroxylating dioxygenase subunit alpha,5_504_CntA,5,242.6,0.9409,3.9e-72,NZ_JWLC01000033.1,34300,35401,1,Leisingera sp. ANG-M1,Bacteria; Pseudomonadati; Pseudomonadota; Alphaproteobacteria; Rhodobacterales; Roseobacteraceae; Leisingera,0,5_504_CntA#5,core,0.8764,0,0,0,0,regulator > [alpha] > dehydrogenase > ring_cleavage
NZ_JWLD01000022.1:10211-11303:-1,WP_039126933.1,RA20_RS08715,,aromatic ring-hydroxylating dioxygenase subunit alpha,5_504_CntA,5,229.3,0.9301,4.5e-68,NZ_JWLD01000022.1,10211,11303,-1,Leisingera sp. ANG-Vp,Bacteria; Pseudomonadati; Pseudomonadota; Alphaproteobacteria; Rhodobacterales; Roseobacteraceae; Leisingera,0,5_504_CntA#116,novel_candidate,0.3649,0,0,0,0,[alpha] > other > other > other > hydrolase
NZ_JWLC01000002.1:40903-42058:1,WP_039158773.1,RA19_RS01105,,aromatic ring-hydroxylating dioxygenase subunit alpha,5_504_CntA,5,121.7,0.8656,2.1e-35,NZ_JWLC01000002.1,40903,42058,1,Leisingera sp. ANG-M1,Bacteria; Pseudomonadati; Pseudomonadota; Alphaproteobacteria; Rhodobacterales; Roseobacteraceae; Leisingera,0,5_504_CntA#11,core,0.936,0,0,0,0,transporter > transporter > transporter > regulator > regulator > [alpha] > dehydrogenase > hypothetical > dehydrogenase > ring_cleavage
NZ_JWLD01000036.1:20-1226:-1,WP_052248980.1,RA20_RS12145,,SRPBCC family protein,5_504_CntA,5,130.6,0.8871,4.4e-38,NZ_JWLD01000036.1,20,1226,-1,Leisingera sp. ANG-Vp,Bacteria; Pseudomonadati; Pseudomonadota; Alphaproteobacteria; Rhodobacterales; Roseobacteraceae; Leisingera,0,5_504_CntA#2,divergent,0.5015,0,0,0,0,[alpha]
NZ_JUEH01000001.1:359737-360904:1,WP_024762358.1,QX33_RS01655,,aromatic ring-hydroxylating dioxygenase subunit alpha,5_504_CntA,5,270.5,0.957,1.3e-80,NZ_JUEH01000001.1,359737,360904,1,Pseudomonas nitroreducens,Bacteria; Pseudomonadati; Pseudomonadota; Gammaproteobacteria; Pseudomonadales; Pseudomonadaceae; Pseudomonas,0,5_504_CntA#7,core,0.8099,0,0,0,0,[alpha] > dehydrogenase > regulator
NZ_JWLC01000020.1:68143-69238:-1,WP_052261859.1,RA19_RS17070,,aromatic ring-hydroxylating dioxygenase subunit alpha,5_504_CntA,5,230.9,0.9301,1.4e-68,NZ_JWLC01000020.1,68143,69238,-1,Leisingera sp. ANG-M1,Bacteria; Pseudomonadati; Pseudomonadota; Alphaproteobacteria; Rhodobacterales; Roseobacteraceae; Leisingera,0,5_504_CntA#116,novel_candidate,0.3739,0,0,0,0,[alpha] > other > other > other > hydrolase
NZ_JWLC01000020.1:70843-71998:1,WP_039164789.1,RA19_RS17080,,aromatic ring-hydroxylating dioxygenase subunit alpha,5_504_CntA,5,231.5,0.9328,9.2e-69,NZ_JWLC01000020.1,70843,71998,1,Leisingera sp. ANG-M1,Bacteria; Pseudomonadati; Pseudomonadota; Alphaproteobacteria; Rhodobacterales; Roseobacteraceae; Leisingera,0,5_504_CntA#193,novel_candidate,0.3122,1,0,1,0,[alpha] > ferredoxin > other
NZ_JWLC01000020.1:183249-184389:-1,WP_039165115.1,RA19_RS17645,,SRPBCC family protein,5_504_CntA,5,315.1,0.9812,3.8e-94,NZ_JWLC01000020.1,183249,184389,-1,Leisingera sp. ANG-M1,Bacteria; Pseudomonadati; Pseudomonadota; Alphaproteobacteria; Rhodobacterales; Roseobacteraceae; Leisingera,0,5_504_CntA#6,core,0.8994,0,0,0,0,regulator > [alpha] > other > reductase > dehydrogenase > reductase > dehydrogenase
NZ_JWLJ01000003.1:96606-97728:1,WP_039538450.1,RA27_RS10870,,SRPBCC family protein,5_504_CntA,5,302.0,0.9892,3.5e-90,NZ_JWLJ01000003.1,96606,97728,1,Ruegeria sp. ANG-R,Bacteria; Pseudomonadati; Pseudomonadota; Alphaproteobacteria; Rhodobacterales; Roseobacteraceae; Ruegeria,0,5_504_CntA#6,core,0.8547,0,0,0,0,[alpha] > other > reductase > other > dehydrogenase > reductase > dehydrogenase
NZ_JWLD01000047.1:2060-3161:-1,WP_039130844.1,RA20_RS15870,,aromatic ring-hydroxylating dioxygenase subunit alpha,5_504_CntA,5,243.3,0.9409,2.4e-72,NZ_JWLD01000047.1,2060,3161,-1,Leisingera sp. ANG-Vp,Bacteria; Pseudomonadati; Pseudomonadota; Alphaproteobacteria; Rhodobacterales; Roseobacteraceae; Leisingera,0,5_504_CntA#5,core,0.8879,0,0,0,0,regulator > [alpha] > dehydrogenase > ring_cleavage
NZ_JWLD01000066.1:28428-29583:-1,WP_039132602.1,RA20_RS19475,,aromatic ring-hydroxylating dioxygenase subunit alpha,5_504_CntA,5,122.4,0.8656,1.3e-35,NZ_JWLD01000066.1,28428,29583,-1,Leisingera sp. ANG-Vp,Bacteria; Pseudomonadati; Pseudomonadota; Alphaproteobacteria; Rhodobacterales; Roseobacteraceae; Leisingera,0,5_504_CntA#11,core,0.9386,0,0,0,0,transporter > transporter > transporter > regulator > regulator > [alpha] > dehydrogenase > hypothetical > dehydrogenase > ring_cleavage
NZ_JWLI01000001.1:124528-125686:-1,WP_039178444.1,RA26_RS00600,,aromatic ring-hydroxylating dioxygenase subunit alpha,5_504_CntA,5,143.7,0.586,4.6e-42,NZ_JWLI01000001.1,124528,125686,-1,Leisingera sp. ANG-M7,Bacteria; Pseudomonadati; Pseudomonadota; Alphaproteobacteria; Rhodobacterales; Roseobacteraceae; Leisingera,0,5_504_CntA#97,novel_candidate,0.3918,1,0,0,1,other > other > other > other > reductase > other > [alpha]
NZ_JWLI01000002.1:60175-61330:-1,WP_039180223.1,RA26_RS03900,,aromatic ring-hydroxylating dioxygenase subunit alpha,5_504_CntA,5,118.2,0.8656,2.5e-34,NZ_JWLI01000002.1,60175,61330,-1,Leisingera sp. ANG-M7,Bacteria; Pseudomonadati; Pseudomonadota; Alphaproteobacteria; Rhodobacterales; Roseobacteraceae; Leisingera,0,5_504_CntA#11,core,0.9302,0,0,0,0,regulator > [alpha] > dehydrogenase > hypothetical > dehydrogenase > ring_cleavage
NZ_JWLI01000005.1:400818-401922:1,WP_039182009.1,RA26_RS07455,,aromatic ring-hydroxylating dioxygenase subunit alpha,5_504_CntA,5,239.2,0.9409,4.4e-71,NZ_JWLI01000005.1,400818,401922,1,Leisingera sp. ANG-M7,Bacteria; Pseudomonadati; Pseudomonadota; Alphaproteobacteria; Rhodobacterales; Roseobacteraceae; Leisingera,0,5_504_CntA#5,core,0.86,0,0,0,0,regulator > [alpha] > dehydrogenase > ring_cleavage
NZ_JWLK01000007.1:139987-141070:1,WP_039532897.1,RA28_RS20660,,aromatic ring-hydroxylating dioxygenase subunit alpha,5_504_CntA,5,240.5,0.9301,1.8e-71,NZ_JWLK01000007.1,139987,141070,1,Ruegeria sp. ANG-S4,Bacteria; Pseudomonadati; Pseudomonadota; Alphaproteobacteria; Rhodobacterales; Roseobacteraceae; Ruegeria,0,5_504_CntA#5,core,0.8195,0,0,0,0,regulator > [alpha] > ring_cleavage
NZ_JWLK01000010.1:158868-160008:-1,WP_039533337.1,RA28_RS21770,,SRPBCC family protein,5_504_CntA,5,314.3,0.9785,6.7e-94,NZ_JWLK01000010.1,158868,160008,-1,Ruegeria sp. ANG-S4,Bacteria; Pseudomonadati; Pseudomonadota; Alphaproteobacteria; Rhodobacterales; Roseobacteraceae; Ruegeria,0,5_504_CntA#6,core,0.9164,0,0,0,0,regulator > [alpha] > other > reductase > other > dehydrogenase > reductase > dehydrogenase
NZ_JYJG01000187.1:2551-3676:1,WP_045313917.1,UK23_RS24250,,SRPBCC family protein,5_504_CntA,5,316.1,0.9866,1.8e-94,NZ_JYJG01000187.1,2551,3676,1,Lentzea aerocolonigenes,Bacteria; Bacillati; Actinomycetota; Actinomycetes; Pseudonocardiales; Pseudonocardiaceae; Lentzea,0,5_504_CntA#6,core,0.6074,0,0,0,0,other > [alpha]
NZ_JYKS01000001.1:258883-260026:1,WP_051095157.1,TZ03_RS01045,,SRPBCC family protein,5_504_CntA,5,293.6,0.9651,1.3e-87,NZ_JYKS01000001.1,258883,260026,1,Pseudomonas sp. 10-1B,Bacteria; Pseudomonadati; Pseudomonadota; Gammaproteobacteria; Pseudomonadales; Pseudomonadaceae; Pseudomonas,0,5_504_CntA#6,core,0.7874,0,0,0,0,[alpha] > reductase > other > dehydrogenase > reductase > dehydrogenase > reductase > hydrolase > transporter > transporter
NZ_KB849999.1:614115-615231:1,WP_005150788.1,F909_RS10035,cntA,carnitine monooxygenase subunit alpha,5_504_CntA,5,808.3,0.9973,5e-244,NZ_KB849999.1,614115,615231,1,Acinetobacter sp. ANC 3929,Bacteria; Pseudomonadati; Pseudomonadota; Gammaproteobacteria; Moraxellales; Moraxellaceae; Acinetobacter,0,5_504_CntA#0,core,0.935,1,0,0,1,dehydrogenase > transporter > hydrolase > [alpha] > dehydrogenase > reductase
NZ_KB890098.1:105032-106391:1,WP_018436080.1,B020_RS0126720,,SRPBCC family protein,5_504_CntA,5,137.9,0.5941,2.6e-40,NZ_KB890098.1,105032,106391,1,Paraburkholderia atlantica,Bacteria; Pseudomonadati; Pseudomonadota; Betaproteobacteria; Burkholderiales; Burkholderiaceae; Paraburkholderia,0,5_504_CntA#54,novel_candidate,0.305,0,0,0,0,[alpha] > reductase > dehydrogenase > dehydrogenase > other > dehydrogenase > other > other > other > dehydrogenase > dehydrogenase
NZ_KB944482.1:111917-113039:1,WP_010811007.1,C265_RS18460,,SRPBCC family protein,5_504_CntA,5,468.5,0.9516,8.8e-141,NZ_KB944482.1,111917,113039,1,Cupriavidus sp. GA3-3,Bacteria; Pseudomonadati; Pseudomonadota; Betaproteobacteria; Burkholderiales; Burkholderiaceae; Cupriavidus,0,5_504_CntA#63,divergent,0.4569,0,0,0,0,[alpha] > dehydrogenase > dehydrogenase
NZ_KI530765.1:35552-36743:-1,WP_004898400.1,P255_RS14100,,aromatic ring-hydroxylating dioxygenase subunit alpha,5_504_CntA,5,147.3,0.8763,3.7e-43,NZ_KI530765.1,35552,36743,-1,Acinetobacter brisouii CIP 110357,Bacteria; Pseudomonadati; Pseudomonadota; Gammaproteobacteria; Moraxellales; Moraxellaceae; Acinetobacter,0,5_504_CntA#228,core,0.8053,1,0,0,1,[alpha] > dehydrogenase > other > reductase > reductase > other
NZ_KI532107.1:25882-27007:-1,WP_000067814.1,HMPREF1602_RS04270,yeaW,"carnitine monooxygenase, oxygenase subunit YeaW",5_504_CntA,5,746.8,0.9866,2.4e-225,NZ_KI532107.1,25882,27007,-1,Escherichia coli 907889,Bacteria; Pseudomonadati; Pseudomonadota; Gammaproteobacteria; Enterobacterales; Enterobacteriaceae; Escherichia,0,5_504_CntA#0,core,0.9972,1,0,0,1,transporter > [alpha] > reductase
NZ_KI421530.1:160955-162314:-1,WP_027194339.1,BUR5005_RS0105475,,SRPBCC family protein,5_504_CntA,5,131.8,0.5968,1.9e-38,NZ_KI421530.1,160955,162314,-1,Paraburkholderia sprentiae WSM5005,Bacteria; Pseudomonadati; Pseudomonadota; Betaproteobacteria; Burkholderiales; Burkholderiaceae; Paraburkholderia,0,5_504_CntA#87,novel_candidate,0.305,0,0,0,0,[alpha] > reductase > dehydrogenase > dehydrogenase > other > dehydrogenase > other > other > other > dehydrogenase > dehydrogenase
NZ_KQ130453.1:138335-139691:1,WP_059151443.1,V474_RS07570,,SRPBCC family protein,5_504_CntA,5,116.2,0.5108,9.9e-34,NZ_KQ130453.1,138335,139691,1,Novosphingobium barchaimii LL02,Bacteria; Pseudomonadati; Pseudomonadota; Alphaproteobacteria; Sphingomonadales; Sphingomonadaceae; Novosphingobium,0,5_504_CntA#14,core,0.9041,0,0,0,0,[alpha] > alpha_other
NZ_KQ130453.1:139687-141049:1,WP_059150929.1,V474_RS07575,,SRPBCC family protein,5_504_CntA,5,125.6,0.5269,1.5e-36,NZ_KQ130453.1,139687,141049,1,Novosphingobium barchaimii LL02,Bacteria; Pseudomonadati; Pseudomonadota; Alphaproteobacteria; Sphingomonadales; Sphingomonadaceae; Novosphingobium,0,5_504_CntA#28,core,0.6372,0,0,0,0,alpha_other > [alpha]
NZ_KQ130457.1:252014-253400:-1,WP_059153169.1,V474_RS20005,,aromatic ring-hydroxylating dioxygenase subunit alpha,5_504_CntA,5,112.1,0.5296,1.8e-32,NZ_KQ130457.1,252014,253400,-1,Novosphingobium barchaimii LL02,Bacteria; Pseudomonadati; Pseudomonadota; Alphaproteobacteria; Sphingomonadales; Sphingomonadaceae; Novosphingobium,0,5_504_CntA#32,novel_candidate,0.3164,0,0,0,0,[alpha] > other
NZ_KQ257868.1:59619-60912:-1,WP_046916821.1,IQ64_RS26090,,aromatic ring-hydroxylating dioxygenase subunit alpha,5_504_CntA,5,111.5,0.8737,2.8e-32,NZ_KQ257868.1,59619,60912,-1,Streptomyces stelliscabiei,Bacteria; Bacillati; Actinomycetota; Actinomycetes; Kitasatosporales; Streptomycetaceae; Streptomyces,0,5_504_CntA#22,core,0.9573,0,0,0,0,[alpha] > reductase > other > other
NZ_KQ948306.1:337705-338974:1,WP_062039691.1,AQI96_RS08730,,aromatic ring-hydroxylating dioxygenase subunit alpha,5_504_CntA,5,118.2,0.8871,2.5e-34,NZ_KQ948306.1,337705,338974,1,Streptomyces canus,Bacteria; Bacillati; Actinomycetota; Actinomycetes; Kitasatosporales; Streptomycetaceae; Streptomyces; Streptomyces aurantiacus group,0,5_504_CntA#22,core,0.9202,0,0,0,0,[alpha] > reductase > other > other
NZ_KQ948150.1:583941-585174:-1,WP_051831863.1,AQI94_RS30550,,aromatic ring-hydroxylating dioxygenase subunit alpha,5_504_CntA,5,92.8,0.6962,1.3e-26,NZ_KQ948150.1,583941,585174,-1,Streptomyces pseudovenezuelae,Bacteria; Bacillati; Actinomycetota; Actinomycetes; Kitasatosporales; Streptomycetaceae; Streptomyces; Streptomyces aurantiacus group,0,5_504_CntA#192,novel_candidate,0.257,0,0,0,0,[alpha] > hypothetical > alpha_other > other > dehydrogenase
NZ_KQ949030.1:336909-338208:1,WP_067253974.1,AQJ58_RS25615,,aromatic ring-hydroxylating dioxygenase subunit alpha,5_504_CntA,5,110.8,0.8844,4.4e-32,NZ_KQ949030.1,336909,338208,1,Streptomyces sp. DSM 15324,Bacteria; Bacillati; Actinomycetota; Actinomycetes; Kitasatosporales; Streptomycetaceae; Streptomyces,0,5_504_CntA#22,core,0.9311,0,0,0,0,[alpha] > reductase > other > other
NZ_KQ948737.1:225902-227198:1,WP_062239010.1,AQJ54_RS19550,,aromatic ring-hydroxylating dioxygenase subunit alpha,5_504_CntA,5,121.2,0.8844,3.2e-35,NZ_KQ948737.1,225902,227198,1,Streptomyces griseorubiginosus,Bacteria; Bacillati; Actinomycetota; Actinomycetes; Kitasatosporales; Streptomycetaceae; Streptomyces,0,5_504_CntA#22,core,0.9134,0,0,0,0,[alpha] > reductase > other > other
NZ_KQ949085.1:85338-86631:-1,WP_067022839.1,AQJ91_RS19215,,aromatic ring-hydroxylating dioxygenase subunit alpha,5_504_CntA,5,114.6,0.8763,3.1e-33,NZ_KQ949085.1,85338,86631,-1,Streptomyces dysideae,Bacteria; Bacillati; Actinomycetota; Actinomycetes; Kitasatosporales; Streptomycetaceae; Streptomyces,0,5_504_CntA#22,core,0.9417,0,0,0,0,[alpha] > reductase > other > other
NZ_KV838335.1:4241-5429:1,WP_043271942.1,HMPREF3289_RS05270,,aromatic ring-hydroxylating dioxygenase subunit alpha,5_504_CntA,5,148.9,0.8763,1.2e-43,NZ_KV838335.1,4241,5429,1,Pseudomonas sp. HMSC75E02,Bacteria; Pseudomonadati; Pseudomonadota; Gammaproteobacteria; Pseudomonadales; Pseudomonadaceae; Pseudomonas,0,5_504_CntA#70,core,0.8517,1,0,0,1,[alpha] > dehydrogenase > other > reductase > reductase > other > transporter
NZ_KV838459.1:36992-38135:1,WP_043273816.1,HMPREF3289_RS19535,,SRPBCC family protein,5_504_CntA,5,290.1,0.9624,1.4e-86,NZ_KV838459.1,36992,38135,1,Pseudomonas sp. HMSC75E02,Bacteria; Pseudomonadati; Pseudomonadota; Gammaproteobacteria; Pseudomonadales; Pseudomonadaceae; Pseudomonas,0,5_504_CntA#6,core,0.7836,0,0,0,0,[alpha] > reductase > other > dehydrogenase > reductase > dehydrogenase > reductase > hydrolase > transporter
NZ_KV838547.1:12354-13476:-1,WP_043272112.1,HMPREF3289_RS31025,,aromatic ring-hydroxylating dioxygenase subunit alpha,5_504_CntA,5,768.1,0.9973,8e-232,NZ_KV838547.1,12354,13476,-1,Pseudomonas sp. HMSC75E02,Bacteria; Pseudomonadati; Pseudomonadota; Gammaproteobacteria; Pseudomonadales; Pseudomonadaceae; Pseudomonas,0,5_504_CntA#0,core,0.7422,0,0,0,0,transporter > [alpha] > dehydrogenase > reductase
NZ_KV793324.1:27195-28314:-1,WP_070575273.1,HMPREF3173_RS18260,,aromatic ring-hydroxylating dioxygenase subunit alpha,5_504_CntA,5,777.0,0.9973,1.6e-234,NZ_KV793324.1,27195,28314,-1,Pseudomonas sp. HMSC08G10,Bacteria; Pseudomonadati; Pseudomonadota; Gammaproteobacteria; Pseudomonadales; Pseudomonadaceae; Pseudomonas,0,5_504_CntA#0,core,0.7528,0,0,0,0,[alpha] > dehydrogenase > reductase > other > other > other > other
NZ_KV793029.1:18521-19646:1,WP_070612892.1,HMPREF3142_RS26120,yeaW,"carnitine monooxygenase, oxygenase subunit YeaW",5_504_CntA,5,741.6,0.9839,9.1e-224,NZ_KV793029.1,18521,19646,1,Klebsiella sp. HMSC16C06,Bacteria; Pseudomonadati; Pseudomonadota; Gammaproteobacteria; Enterobacterales; Enterobacteriaceae; Klebsiella/Raoultella group; Klebsiella,0,5_504_CntA#0,core,0.8665,0,0,0,0,transporter > [alpha] > dehydrogenase > reductase
NZ_KV793285.1:80866-82030:1,WP_070571213.1,HMPREF3173_RS01540,,aromatic ring-hydroxylating dioxygenase subunit alpha,5_504_CntA,5,248.9,0.9516,4.8e-74,NZ_KV793285.1,80866,82030,1,Pseudomonas sp. HMSC08G10,Bacteria; Pseudomonadati; Pseudomonadota; Gammaproteobacteria; Pseudomonadales; Pseudomonadaceae; Pseudomonas,0,5_504_CntA#7,core,0.7799,0,0,0,0,[alpha] > dehydrogenase > regulator
NZ_KZ836080.1:462751-463936:1,WP_075000134.1,DQ301_RS15040,,aromatic ring-hydroxylating dioxygenase subunit alpha,5_504_CntA,5,155.4,0.5806,1.3e-45,NZ_KZ836080.1,462751,463936,1,Streptomyces qinglanensis,Bacteria; Bacillati; Actinomycetota; Actinomycetes; Kitasatosporales; Streptomycetaceae; Streptomyces,0,5_504_CntA#26,novel_candidate,0.3144,0,0,0,0,[alpha]
NZ_LABX01000169.1:25199-26354:-1,WP_048465787.1,VP06_RS21280,,aromatic ring-hydroxylating dioxygenase subunit alpha,5_504_CntA,5,141.3,0.5323,2.4e-41,NZ_LABX01000169.1,25199,26354,-1,Methylobacterium aquaticum,Bacteria; Pseudomonadati; Pseudomonadota; Alphaproteobacteria; Hyphomicrobiales; Methylobacteriaceae; Methylobacterium,0,5_504_CntA#8,core,0.571,1,0,0,1,[alpha] > ferredoxin > reductase
NZ_LACH01000058.1:6401-7571:-1,WP_046056051.1,VD17_RS24390,,aromatic ring-hydroxylating dioxygenase subunit alpha,5_504_CntA,5,259.2,0.9543,3.7e-77,NZ_LACH01000058.1,6401,7571,-1,Pseudomonas fluorescens,Bacteria; Pseudomonadati; Pseudomonadota; Gammaproteobacteria; Pseudomonadales; Pseudomonadaceae; Pseudomonas,0,5_504_CntA#7,core,0.9608,0,0,0,0,[alpha] > dehydrogenase > regulator
NZ_LAJF01000041.1:72228-73407:-1,WP_046134065.1,VW29_RS04320,,aromatic ring-hydroxylating dioxygenase subunit alpha,5_504_CntA,5,134.1,0.5645,3.8e-39,NZ_LAJF01000041.1,72228,73407,-1,Devosia limi DSM 17137,Bacteria; Pseudomonadati; Pseudomonadota; Alphaproteobacteria; Hyphomicrobiales; Devosiaceae; Devosia,0,5_504_CntA#191,novel_candidate,0.2514,1,0,0,1,[alpha] > ferredoxin > reductase > hypothetical
NZ_LARW01000102.1:68458-69787:1,WP_046194533.1,WP12_RS15305,,SRPBCC family protein,5_504_CntA,5,112.8,0.5242,1.1e-32,NZ_LARW01000102.1,68458,69787,1,Sphingomonas sp. SRS2,Bacteria; Pseudomonadati; Pseudomonadota; Alphaproteobacteria; Sphingomonadales; Sphingomonadaceae; Sphingomonas,0,5_504_CntA#190,novel_candidate,0.3786,1,0,1,0,dehydrogenase > dehydrogenase > other > [alpha] > ferredoxin > hypothetical > hydrolase
NZ_LAVA02000058.1:62531-63707:-1,WP_046588042.1,WN71_RS23855,,aromatic ring-hydroxylating dioxygenase subunit alpha,5_504_CntA,5,162.4,0.5806,9.5e-48,NZ_LAVA02000058.1,62531,63707,-1,Streptomyces mangrovisoli,Bacteria; Bacillati; Actinomycetota; Actinomycetes; Kitasatosporales; Streptomycetaceae; Streptomyces,0,5_504_CntA#26,novel_candidate,0.3242,0,0,0,0,[alpha]
NZ_LAXI01000014.1:29023-30178:1,WP_057818299.1,XM52_RS18545,,aromatic ring-hydroxylating dioxygenase subunit alpha,5_504_CntA,5,352.5,0.9651,1.6e-105,NZ_LAXI01000014.1,29023,30178,1,Roseovarius indicus,Bacteria; Pseudomonadati; Pseudomonadota; Alphaproteobacteria; Rhodobacterales; Roseobacteraceae; Roseovarius,0,5_504_CntA#115,divergent,0.4721,0,0,0,0,[alpha] > other > transporter > hydrolase
NZ_LAXI01000022.1:66975-68115:-1,WP_057820271.1,XM52_RS23715,,SRPBCC family protein,5_504_CntA,5,298.2,0.9919,5e-89,NZ_LAXI01000022.1,66975,68115,-1,Roseovarius indicus,Bacteria; Pseudomonadati; Pseudomonadota; Alphaproteobacteria; Rhodobacterales; Roseobacteraceae; Roseovarius,0,5_504_CntA#6,core,0.8338,0,0,0,0,other > other > regulator > [alpha] > reductase > reductase > dehydrogenase
NZ_LAYY01000004.1:135676-136762:1,WP_046522639.1,WQ57_RS05080,,aromatic ring-hydroxylating dioxygenase subunit alpha,5_504_CntA,5,249.3,0.871,3.5e-74,NZ_LAYY01000004.1,135676,136762,1,Mesobacillus campisalis,Bacteria; Bacillati; Bacillota; Bacilli; Bacillales; Bacillaceae; Mesobacillus,0,5_504_CntA#39,novel_candidate,0.3304,0,0,0,0,[alpha] > dehydrogenase > transporter > hypothetical > hydrolase
NZ_LAYY01000005.1:170628-171711:1,WP_046522889.1,WQ57_RS06310,,aromatic ring-hydroxylating dioxygenase subunit alpha,5_504_CntA,5,260.8,0.9355,1.2e-77,NZ_LAYY01000005.1,170628,171711,1,Mesobacillus campisalis,Bacteria; Bacillati; Bacillota; Bacilli; Bacillales; Bacillaceae; Mesobacillus,0,5_504_CntA#39,novel_candidate,0.3274,1,0,0,1,reductase > [alpha] > dehydrogenase > dehydrogenase > transporter
NZ_LAXJ01000012.1:2327-3542:1,WP_057793816.1,XM53_RS12510,,SRPBCC family protein,5_504_CntA,5,127.3,0.8629,4.3e-37,NZ_LAXJ01000012.1,2327,3542,1,Roseovarius atlanticus,Bacteria; Pseudomonadati; Pseudomonadota; Alphaproteobacteria; Rhodobacterales; Roseobacteraceae; Roseovarius,0,5_504_CntA#2,divergent,0.5121,0,0,0,0,[alpha] > transporter > transporter > transporter > alpha_other > other
NZ_LAXJ01000018.1:2518-3673:-1,WP_057794697.1,XM53_RS14890,,aromatic ring-hydroxylating dioxygenase subunit alpha,5_504_CntA,5,352.1,0.9651,2.2e-105,NZ_LAXJ01000018.1,2518,3673,-1,Roseovarius atlanticus,Bacteria; Pseudomonadati; Pseudomonadota; Alphaproteobacteria; Rhodobacterales; Roseobacteraceae; Roseovarius,0,5_504_CntA#115,divergent,0.4322,0,0,0,0,[alpha] > other > transporter
NZ_LBHW02000021.1:71562-72735:1,WP_046805870.1,YH64_RS18150,,aromatic ring-hydroxylating dioxygenase subunit alpha,5_504_CntA,5,742.9,0.9973,3.6e-224,NZ_LBHW02000021.1,71562,72735,1,Achromobacter sp. LC458,Bacteria; Pseudomonadati; Pseudomonadota; Betaproteobacteria; Burkholderiales; Alcaligenaceae; Achromobacter,0,5_504_CntA#0,core,0.7238,1,0,0,1,transporter > [alpha] > reductase
NZ_LBNW01000291.1:6259-7552:-1,WP_046916821.1,ABA08_RS24705,,aromatic ring-hydroxylating dioxygenase subunit alpha,5_504_CntA,5,111.5,0.8737,2.8e-32,NZ_LBNW01000291.1,6259,7552,-1,Streptomyces stelliscabiei,Bacteria; Bacillati; Actinomycetota; Actinomycetes; Kitasatosporales; Streptomycetaceae; Streptomyces,0,5_504_CntA#22,core,0.9573,0,0,0,0,[alpha] > reductase > other > other
NZ_LBME01000008.1:87536-88727:1,WP_046786771.1,VV20_RS15745,,aromatic ring-hydroxylating dioxygenase subunit alpha,5_504_CntA,5,145.0,0.879,1.8e-42,NZ_LBME01000008.1,87536,88727,1,Pseudomonas putida,Bacteria; Pseudomonadati; Pseudomonadota; Gammaproteobacteria; Pseudomonadales; Pseudomonadaceae; Pseudomonas,0,5_504_CntA#9,core,0.9366,1,0,0,1,[alpha] > dehydrogenase > other > reductase > reductase > other > transporter
NZ_LBNQ01000022.1:20864-22082:1,WP_046741497.1,AAV94_RS06320,,SRPBCC family protein,5_504_CntA,5,135.7,0.5376,1.2e-39,NZ_LBNQ01000022.1,20864,22082,1,Lampropedia cohaerens,Bacteria; Pseudomonadati; Pseudomonadota; Betaproteobacteria; Burkholderiales; Comamonadaceae; Lampropedia,0,5_504_CntA#138,novel_candidate,0.2962,0,0,0,0,[alpha] > ring_cleavage
NZ_LDCP01000004.1:129447-130800:1,WP_047094400.1,AB731_RS12670,,SRPBCC family protein,5_504_CntA,5,118.5,0.5403,2e-34,NZ_LDCP01000004.1,129447,130800,1,Aurantiacibacter marinus,Bacteria; Pseudomonadati; Pseudomonadota; Alphaproteobacteria; Sphingomonadales; Erythrobacteraceae; Aurantiacibacter,0,5_504_CntA#214,core,0.5638,0,0,0,0,[alpha] > other > other
NZ_LDTB01000029.1:23818-24850:-1,WP_058755743.1,NS334_RS09545,,Rieske 2Fe-2S domain-containing protein,5_504_CntA,5,80.5,0.5672,7e-23,NZ_LDTB01000029.1,23818,24850,-1,Sphingomonas endophytica,Bacteria; Pseudomonadati; Pseudomonadota; Alphaproteobacteria; Sphingomonadales; Sphingomonadaceae; Sphingomonas,0,5_504_CntA#189,novel_candidate,0.254,0,0,0,0,other > [alpha]
NZ_LDUI01000024.1:1178-2324:-1,WP_048409807.1,VI26_RS11045,,aromatic ring-hydroxylating dioxygenase subunit alpha,5_504_CntA,5,613.5,0.9866,7.7e-185,NZ_LDUI01000024.1,1178,2324,-1,Chromobacterium sp. LK1,Bacteria; Pseudomonadati; Pseudomonadota; Betaproteobacteria; Neisseriales; Chromobacteriaceae; Chromobacterium,0,5_504_CntA#0,core,0.5891,0,0,0,0,[alpha] > reductase
NZ_LDUR01000021.1:3351-4497:1,WP_048414636.1,VK98_RS14030,,aromatic ring-hydroxylating dioxygenase subunit alpha,5_504_CntA,5,617.9,0.9866,3.5e-186,NZ_LDUR01000021.1,3351,4497,1,Chromobacterium sp. LK11,Bacteria; Pseudomonadati; Pseudomonadota; Betaproteobacteria; Neisseriales; Chromobacteriaceae; Chromobacterium,0,5_504_CntA#0,core,0.5926,0,0,0,0,[alpha] > reductase
NZ_LDWQ01000024.1:49886-50978:1,WP_048009238.1,VL14_RS07895,,aromatic ring-hydroxylating dioxygenase subunit alpha,5_504_CntA,5,241.2,0.8952,1.1e-71,NZ_LDWQ01000024.1,49886,50978,1,Cytobacillus firmus,Bacteria; Bacillati; Bacillota; Bacilli; Bacillales; Bacillaceae; Cytobacillus,0,5_504_CntA#52,novel_candidate,0.3427,0,0,0,0,[alpha] > transporter > reductase
NZ_LECT01000044.1:400915-402103:1,WP_047816572.1,RISK_RS22775,,aromatic ring-hydroxylating dioxygenase subunit alpha,5_504_CntA,5,77.8,0.5323,4.9e-22,NZ_LECT01000044.1,400915,402103,1,Rhodopirellula islandica,Bacteria; Pseudomonadati; Planctomycetota; Planctomycetia; Pirellulales; Pirellulaceae; Rhodopirellula,0,5_504_CntA#131,novel_candidate,0.2322,0,0,0,0,other > [alpha] > reductase > hypothetical
NZ_LFCV01000182.1:8299-9418:-1,WP_047965056.1,AB204_RS19520,,aromatic ring-hydroxylating dioxygenase subunit alpha,5_504_CntA,5,710.2,0.9892,3.1e-214,NZ_LFCV01000182.1,8299,9418,-1,Xenorhabdus khoisanae,Bacteria; Pseudomonadati; Pseudomonadota; Gammaproteobacteria; Enterobacterales; Morganellaceae; Xenorhabdus,0,5_504_CntA#0,core,0.8023,0,0,0,0,transporter > [alpha] > dehydrogenase > reductase
NZ_LFCW01000004.1:319097-320399:-1,WP_235498009.1,ACG83_RS18760,,aromatic ring-hydroxylating dioxygenase subunit alpha,5_504_CntA,5,129.3,0.5672,1.1e-37,NZ_LFCW01000004.1,319097,320399,-1,Frankia sp. R43,Bacteria; Bacillati; Actinomycetota; Actinomycetes; Frankiales; Frankiaceae; Frankia,0,5_504_CntA#71,novel_candidate,0.2642,0,0,0,0,dehydrogenase > other > hydrolase > [alpha] > hydrolase
NZ_LFCW01000009.1:250029-251175:1,WP_347280131.1,ACG83_RS33110,,SRPBCC family protein,5_504_CntA,5,90.8,0.8441,5.3e-26,NZ_LFCW01000009.1,250029,251175,1,Frankia sp. R43,Bacteria; Bacillati; Actinomycetota; Actinomycetes; Frankiales; Frankiaceae; Frankia,0,5_504_CntA#29,divergent,0.5396,0,0,0,0,[alpha]
NZ_LFOE01000102.1:2682-3864:1,WP_065289782.1,ACT18_RS23610,,SRPBCC family protein,5_504_CntA,5,100.3,0.5323,6.9e-29,NZ_LFOE01000102.1,2682,3864,1,Mycolicibacter kumamotonensis,Bacteria; Bacillati; Actinomycetota; Actinomycetes; Mycobacteriales; Mycobacteriaceae; Mycolicibacter,0,5_504_CntA#230,core,0.6242,0,0,0,0,[alpha]
NZ_LFZS01000019.1:183785-184901:1,WP_057074933.1,AC058_RS17375,cntA,carnitine monooxygenase subunit alpha,5_504_CntA,5,818.5,0.9973,3.8e-247,NZ_LFZS01000019.1,183785,184901,1,Acinetobacter genomosp. 33YU,Bacteria; Pseudomonadati; Pseudomonadota; Gammaproteobacteria; Moraxellales; Moraxellaceae; Acinetobacter,0,5_504_CntA#0,core,0.9916,1,0,0,1,dehydrogenase > transporter > hydrolase > [alpha] > dehydrogenase > reductase
NZ_LGDG01000272.1:53054-54323:1,WP_053755016.1,ADK57_RS42010,,aromatic ring-hydroxylating dioxygenase subunit alpha,5_504_CntA,5,122.6,0.8844,1.2e-35,NZ_LGDG01000272.1,53054,54323,1,Streptomyces sp. MMG1533,Bacteria; Bacillati; Actinomycetota; Actinomycetes; Kitasatosporales; Streptomycetaceae; Streptomyces,0,5_504_CntA#22,core,0.8527,0,0,0,0,[alpha] > reductase > other > other > other > transporter > transporter > other
NZ_LGHK01000104.1:7670-8801:1,WP_074128988.1,AC628_RS22915,,aromatic ring-hydroxylating dioxygenase subunit alpha,5_504_CntA,5,109.9,0.871,8.6e-32,NZ_LGHK01000104.1,7670,8801,1,Bradyrhizobium sp. NAS96.2,Bacteria; Pseudomonadati; Pseudomonadota; Alphaproteobacteria; Hyphomicrobiales; Nitrobacteraceae; Bradyrhizobium,0,5_504_CntA#188,divergent,0.4215,0,0,0,0,[alpha] > other
NZ_LGJH01000082.1:6496-7846:-1,WP_054434448.1,ADT71_RS01480,,SRPBCC family protein,5_504_CntA,5,105.2,0.5565,2.2e-30,NZ_LGJH01000082.1,6496,7846,-1,Novosphingobium sp. ST904,Bacteria; Pseudomonadati; Pseudomonadota; Alphaproteobacteria; Sphingomonadales; Sphingomonadaceae; Novosphingobium,0,5_504_CntA#34,divergent,0.4181,0,0,0,0,other > other > [alpha] > reductase > other > reductase
NZ_LGHN01000166.1:25030-26191:-1,WP_053787952.1,ADK59_RS20280,,aromatic ring-hydroxylating dioxygenase subunit alpha,5_504_CntA,5,143.3,0.578,6e-42,NZ_LGHN01000166.1,25030,26191,-1,Streptomyces sp. XY332,Bacteria; Bacillati; Actinomycetota; Actinomycetes; Kitasatosporales; Streptomycetaceae; Streptomyces,0,5_504_CntA#26,novel_candidate,0.2892,1,0,0,1,[alpha] > transporter > transporter > transporter > transporter > reductase > dehydrogenase
NZ_LGIQ01000007.1:436032-437163:1,WP_049738596.1,ADS79_RS11790,,aromatic ring-hydroxylating dioxygenase subunit alpha,5_504_CntA,5,363.6,0.9839,6.6e-109,NZ_LGIQ01000007.1,436032,437163,1,Brevibacillus reuszeri,Bacteria; Bacillati; Bacillota; Bacilli; Bacillales; Paenibacillaceae; Brevibacillus,0,5_504_CntA#114,novel_candidate,0.3665,0,0,0,0,[alpha] > dehydrogenase
NZ_LGSI01000035.1:95301-96531:-1,WP_065833042.1,AFK24_RS09750,,aromatic ring-hydroxylating dioxygenase subunit alpha,5_504_CntA,5,128.0,0.5403,2.8e-37,NZ_LGSI01000035.1,95301,96531,-1,Pseudomonas syringae,Bacteria; Pseudomonadati; Pseudomonadota; Gammaproteobacteria; Pseudomonadales; Pseudomonadaceae; Pseudomonas,0,5_504_CntA#138,novel_candidate,0.3029,0,0,0,0,[alpha] > transporter > transporter > transporter > ring_cleavage > reductase
NZ_LGUV01000013.1:98631-99900:1,WP_053168423.1,ADK75_RS04750,,aromatic ring-hydroxylating dioxygenase subunit alpha,5_504_CntA,5,147.2,0.5806,4e-43,NZ_LGUV01000013.1,98631,99900,1,Streptomyces virginiae,Bacteria; Bacillati; Actinomycetota; Actinomycetes; Kitasatosporales; Streptomycetaceae; Streptomyces,0,5_504_CntA#26,novel_candidate,0.2917,0,0,0,0,[alpha]
NZ_LGRC01000028.1:19407-20556:1,WP_053570388.1,ACU09_RS25025,,SRPBCC family protein,5_504_CntA,5,138.0,0.5376,2.5e-40,NZ_LGRC01000028.1,19407,20556,1,Caballeronia cordobensis,Bacteria; Pseudomonadati; Pseudomonadota; Betaproteobacteria; Burkholderiales; Burkholderiaceae; Caballeronia,0,5_504_CntA#8,core,0.8777,0,0,0,0,[alpha] > transporter > transporter > transporter > transporter
NZ_LGVV01000009.1:13662-14823:-1,WP_050661958.1,ROTO_RS05075,,aromatic ring-hydroxylating dioxygenase subunit alpha,5_504_CntA,5,116.2,0.8844,1e-33,NZ_LGVV01000009.1,13662,14823,-1,Roseovarius tolerans,Bacteria; Pseudomonadati; Pseudomonadota; Alphaproteobacteria; Rhodobacterales; Roseobacteraceae; Roseovarius,0,5_504_CntA#42,core,0.6618,0,0,0,0,other > other > other > other > [alpha] > hypothetical
NZ_LHPC01000053.1:39522-40692:1,WP_059406973.1,AEQ67_RS27865,,aromatic ring-hydroxylating dioxygenase subunit alpha,5_504_CntA,5,261.1,0.9543,9.8e-78,NZ_LHPC01000053.1,39522,40692,1,Pseudomonas sp. RIT-PI-q,Bacteria; Pseudomonadati; Pseudomonadota; Gammaproteobacteria; Pseudomonadales; Pseudomonadaceae; Pseudomonas,0,5_504_CntA#7,core,0.9104,0,0,0,0,[alpha]
NZ_LHPJ01000005.1:200370-201558:1,WP_053394666.1,AKJ17_RS04920,,aromatic ring-hydroxylating dioxygenase subunit alpha,5_504_CntA,5,142.9,0.879,7.9e-42,NZ_LHPJ01000005.1,200370,201558,1,Vibrio nereis,Bacteria; Pseudomonadati; Pseudomonadota; Gammaproteobacteria; Vibrionales; Vibrionaceae; Vibrio,0,5_504_CntA#15,core,0.9174,1,0,0,1,[alpha] > dehydrogenase > other > reductase > reductase > other
NZ_LIKT01000030.1:6005-7148:1,WP_054463405.1,AN476_RS19240,,aromatic ring-hydroxylating dioxygenase subunit alpha,5_504_CntA,5,152.9,0.5672,7.4e-45,NZ_LIKT01000030.1,6005,7148,1,Phaeobacter sp. 11ANDIMAR09,Bacteria; Pseudomonadati; Pseudomonadota; Alphaproteobacteria; Rhodobacterales; Roseobacteraceae; Phaeobacter,0,5_504_CntA#43,core,0.5583,1,0,0,1,reductase > [alpha] > other > hypothetical > dehydrogenase > regulator > reductase > other
NZ_LIQS01000301.1:23800-25099:-1,WP_055635722.1,AOK10_RS24690,,aromatic ring-hydroxylating dioxygenase subunit alpha,5_504_CntA,5,114.8,0.8763,2.8e-33,NZ_LIQS01000301.1,23800,25099,-1,Streptomyces griseoruber,Bacteria; Bacillati; Actinomycetota; Actinomycetes; Kitasatosporales; Streptomycetaceae; Streptomyces,0,5_504_CntA#22,core,0.9639,0,0,0,0,[alpha] > reductase > other > other
NZ_LIUQ01000040.1:21333-22401:1,WP_054468688.1,AM228_RS20390,,aromatic ring-hydroxylating dioxygenase subunit alpha,5_504_CntA,5,195.7,0.9382,7e-58,NZ_LIUQ01000040.1,21333,22401,1,Planktothricoides sp. SR001,Bacteria; Bacillati; Cyanobacteriota; Cyanophyceae; Oscillatoriophycideae; Oscillatoriales; Oscillatoriaceae; Planktothricoides,0,5_504_CntA#187,novel_candidate,0.2861,0,0,0,0,other > other > other > transporter > [alpha] > other > other > other > hypothetical > other
NZ_LIYL01000031.1:23291-24335:-1,WP_053595036.1,AN161_RS14295,,aromatic ring-hydroxylating dioxygenase subunit alpha,5_504_CntA,5,239.0,0.9328,5e-71,NZ_LIYL01000031.1,23291,24335,-1,Lysinibacillus sp. FJAT-14222,Bacteria; Bacillati; Bacillota; Bacilli; Bacillales; Bacillaceae; Lysinibacillus,0,5_504_CntA#48,novel_candidate,0.3353,0,0,0,0,[alpha]
NZ_LIXL01000088.1:152329-153418:-1,WP_043064008.1,AM501_RS07580,,aromatic ring-hydroxylating dioxygenase subunit alpha,5_504_CntA,5,284.3,0.9409,8.6e-85,NZ_LIXL01000088.1,152329,153418,-1,Aneurinibacillus migulanus,Bacteria; Bacillati; Bacillota; Bacilli; Bacillales; Paenibacillaceae; Aneurinibacillus group; Aneurinibacillus,0,5_504_CntA#88,novel_candidate,0.346,0,0,0,0,[alpha] > dehydrogenase > dehydrogenase
NZ_LIWA01000004.1:73117-74365:1,WP_073894310.1,AMK32_RS19370,,aromatic ring-hydroxylating dioxygenase subunit alpha,5_504_CntA,5,160.7,0.5806,3.1e-47,NZ_LIWA01000004.1,73117,74365,1,Streptomyces sp. CB01883,Bacteria; Bacillati; Actinomycetota; Actinomycetes; Kitasatosporales; Streptomycetaceae; Streptomyces,0,5_504_CntA#26,novel_candidate,0.3142,0,0,0,0,[alpha]
NZ_LJGW01000386.1:7911-9066:-1,WP_070018941.1,AN218_RS23785,,SRPBCC family protein,5_504_CntA,5,301.3,0.9866,5.7e-90,NZ_LJGW01000386.1,7911,9066,-1,Streptomyces nanshensis,Bacteria; Bacillati; Actinomycetota; Actinomycetes; Kitasatosporales; Streptomycetaceae; Streptomyces,0,5_504_CntA#6,core,0.6193,0,0,0,0,[alpha] > other > dehydrogenase
NZ_LJGU01000113.1:194248-195451:1,WP_170843050.1,AN216_RS06700,,aromatic ring-hydroxylating dioxygenase subunit alpha,5_504_CntA,5,305.3,0.9892,3.5e-91,NZ_LJGU01000113.1,194248,195451,1,Streptomyces oceani,Bacteria; Bacillati; Actinomycetota; Actinomycetes; Kitasatosporales; Streptomycetaceae; Streptomyces,0,5_504_CntA#6,core,0.6215,1,0,0,1,[alpha] > other > dehydrogenase > reductase > regulator
NZ_LJHP01000044.1:4094-5480:-1,WP_054136581.1,IP68_RS18905,,SRPBCC family protein,5_504_CntA,5,103.9,0.5215,5.5e-30,NZ_LJHP01000044.1,4094,5480,-1,Blastomonas sp. AAP25,Bacteria; Pseudomonadati; Pseudomonadota; Alphaproteobacteria; Sphingomonadales; Sphingomonadaceae; Blastomonas,0,5_504_CntA#18,divergent,0.4645,0,0,0,0,alpha_other > [alpha] > other > other > reductase > other > other
NZ_LJHY01000052.1:32250-33441:-1,WP_054109171.1,IP81_RS16880,,SRPBCC family protein,5_504_CntA,5,102.0,0.5618,2.1e-29,NZ_LJHY01000052.1,32250,33441,-1,Novosphingobium sp. AAP83,Bacteria; Pseudomonadati; Pseudomonadota; Alphaproteobacteria; Sphingomonadales; Sphingomonadaceae; Novosphingobium,0,5_504_CntA#186,novel_candidate,0.2812,0,0,0,0,hypothetical > [alpha]
NZ_LJHZ01000036.1:70539-71802:-1,WP_054121668.1,IP83_RS07910,,aromatic ring-hydroxylating dioxygenase subunit alpha,5_504_CntA,5,108.5,0.5242,2.3e-31,NZ_LJHZ01000036.1,70539,71802,-1,Novosphingobium sp. AAP93,Bacteria; Pseudomonadati; Pseudomonadota; Alphaproteobacteria; Sphingomonadales; Sphingomonadaceae; Novosphingobium,0,5_504_CntA#85,novel_candidate,0.2588,0,0,0,0,other > [alpha] > reductase
NZ_LJHO01000003.1:427636-428974:-1,WP_022677055.1,IP65_RS09035,,SRPBCC family protein,5_504_CntA,5,111.8,0.5376,2.2e-32,NZ_LJHO01000003.1,427636,428974,-1,Novosphingobium sp. AAP1,Bacteria; Pseudomonadati; Pseudomonadota; Alphaproteobacteria; Sphingomonadales; Sphingomonadaceae; Novosphingobium,0,5_504_CntA#10,core,0.8698,0,0,0,0,alpha_other > [alpha] > other
NZ_LJHY01000002.1:68-1268:-1,WP_054106098.1,IP81_RS00900,,aromatic ring-hydroxylating dioxygenase subunit alpha,5_504_CntA,5,142.0,0.8763,1.5e-41,NZ_LJHY01000002.1,68,1268,-1,Novosphingobium sp. AAP83,Bacteria; Pseudomonadati; Pseudomonadota; Alphaproteobacteria; Sphingomonadales; Sphingomonadaceae; Novosphingobium,0,5_504_CntA#68,novel_candidate,0.3394,0,0,0,0,[alpha]
NZ_LJHY01000004.1:47636-48956:-1,WP_054106532.1,IP81_RS03150,,SRPBCC family protein,5_504_CntA,5,108.0,0.5376,3.1e-31,NZ_LJHY01000004.1,47636,48956,-1,Novosphingobium sp. AAP83,Bacteria; Pseudomonadati; Pseudomonadota; Alphaproteobacteria; Sphingomonadales; Sphingomonadaceae; Novosphingobium,0,5_504_CntA#10,core,0.8056,0,0,0,0,other > other > reductase > other > alpha_other > other > [alpha] > other > other > reductase > hypothetical
NZ_LJHY01000004.1:49504-50926:-1,WP_054106534.1,IP81_RS03160,,SRPBCC family protein,5_504_CntA,5,115.7,0.5753,1.5e-33,NZ_LJHY01000004.1,49504,50926,-1,Novosphingobium sp. AAP83,Bacteria; Pseudomonadati; Pseudomonadota; Alphaproteobacteria; Sphingomonadales; Sphingomonadaceae; Novosphingobium,0,5_504_CntA#145,novel_candidate,0.3634,0,0,0,0,other > other > reductase > other > [alpha] > other > alpha_other > other > other > reductase > hypothetical
NZ_LJHY01000008.1:115067-116273:-1,WP_054106884.1,IP81_RS05020,,aromatic ring-hydroxylating dioxygenase subunit alpha,5_504_CntA,5,117.1,0.5376,5.3e-34,NZ_LJHY01000008.1,115067,116273,-1,Novosphingobium sp. AAP83,Bacteria; Pseudomonadati; Pseudomonadota; Alphaproteobacteria; Sphingomonadales; Sphingomonadaceae; Novosphingobium,0,5_504_CntA#117,novel_candidate,0.3137,0,0,0,0,alpha_other > reductase > [alpha]
NZ_LJHY01000008.1:118015-119278:-1,WP_054106886.1,IP81_RS05030,,SRPBCC family protein,5_504_CntA,5,110.3,0.5242,6.3e-32,NZ_LJHY01000008.1,118015,119278,-1,Novosphingobium sp. AAP83,Bacteria; Pseudomonadati; Pseudomonadota; Alphaproteobacteria; Sphingomonadales; Sphingomonadaceae; Novosphingobium,0,5_504_CntA#85,novel_candidate,0.2515,0,0,0,0,[alpha] > reductase > alpha_other
NZ_LJHY01000016.1:75327-76725:-1,WP_054107300.1,IP81_RS07125,,SRPBCC family protein,5_504_CntA,5,103.4,0.5403,7.9e-30,NZ_LJHY01000016.1,75327,76725,-1,Novosphingobium sp. AAP83,Bacteria; Pseudomonadati; Pseudomonadota; Alphaproteobacteria; Sphingomonadales; Sphingomonadaceae; Novosphingobium,0,5_504_CntA#32,novel_candidate,0.325,0,0,0,0,other > [alpha] > other > reductase > hydrolase
NZ_LJHY01000016.1:450107-451454:-1,WP_054107618.1,IP81_RS08960,,SRPBCC family protein,5_504_CntA,5,126.1,0.5134,1e-36,NZ_LJHY01000016.1,450107,451454,-1,Novosphingobium sp. AAP83,Bacteria; Pseudomonadati; Pseudomonadota; Alphaproteobacteria; Sphingomonadales; Sphingomonadaceae; Novosphingobium,0,5_504_CntA#14,core,0.8057,0,0,0,0,other > [alpha]
NZ_LJJC01000015.1:552709-553780:1,WP_055742371.1,AN964_RS24380,,aromatic ring-hydroxylating dioxygenase subunit alpha,5_504_CntA,5,259.2,0.9005,3.6e-77,NZ_LJJC01000015.1,552709,553780,1,Heyndrickxia shackletonii,Bacteria; Bacillati; Bacillota; Bacilli; Bacillales; Bacillaceae; Heyndrickxia,0,5_504_CntA#52,novel_candidate,0.3344,0,0,0,0,[alpha] > transporter
NZ_LJHZ01000096.1:21142-22486:-1,WP_054122918.1,IP83_RS14365,,SRPBCC family protein,5_504_CntA,5,123.9,0.578,4.7e-36,NZ_LJHZ01000096.1,21142,22486,-1,Novosphingobium sp. AAP93,Bacteria; Pseudomonadati; Pseudomonadota; Alphaproteobacteria; Sphingomonadales; Sphingomonadaceae; Novosphingobium,0,5_504_CntA#185,novel_candidate,0.3776,0,0,0,0,other > alpha_other > other > other > other > [alpha]
NZ_LJHZ01000096.1:24054-25437:-1,WP_054122922.1,IP83_RS14385,,SRPBCC family protein,5_504_CntA,5,114.3,0.5108,4e-33,NZ_LJHZ01000096.1,24054,25437,-1,Novosphingobium sp. AAP93,Bacteria; Pseudomonadati; Pseudomonadota; Alphaproteobacteria; Sphingomonadales; Sphingomonadaceae; Novosphingobium,0,5_504_CntA#118,novel_candidate,0.3458,0,0,0,0,other > [alpha] > other > other > other > alpha_other
NZ_LJHZ01000096.1:44531-46106:1,WP_054122938.1,IP83_RS14475,,SRPBCC family protein,5_504_CntA,5,94.9,0.5161,3.1e-27,NZ_LJHZ01000096.1,44531,46106,1,Novosphingobium sp. AAP93,Bacteria; Pseudomonadati; Pseudomonadota; Alphaproteobacteria; Sphingomonadales; Sphingomonadaceae; Novosphingobium,0,5_504_CntA#184,novel_candidate,0.3159,0,0,0,0,transporter > [alpha]
NZ_LJHZ01000096.1:120010-121360:-1,WP_369817031.1,IP83_RS14825,,SRPBCC family protein,5_504_CntA,5,111.2,0.5645,3.5e-32,NZ_LJHZ01000096.1,120010,121360,-1,Novosphingobium sp. AAP93,Bacteria; Pseudomonadati; Pseudomonadota; Alphaproteobacteria; Sphingomonadales; Sphingomonadaceae; Novosphingobium,0,5_504_CntA#14,core,0.7766,0,0,0,0,other > [alpha]
NZ_LJXB01000073.1:16262-17432:1,WP_057397533.1,AN403_RS10885,,aromatic ring-hydroxylating dioxygenase subunit alpha,5_504_CntA,5,253.3,0.9543,2.2e-75,NZ_LJXB01000073.1,16262,17432,1,Pseudomonas fluorescens,Bacteria; Pseudomonadati; Pseudomonadota; Gammaproteobacteria; Pseudomonadales; Pseudomonadaceae; Pseudomonas,0,5_504_CntA#7,core,0.9608,0,0,0,0,[alpha] > dehydrogenase > regulator
NZ_LJTE01000013.1:2321-3509:1,WP_054577059.1,AOR11_RS18825,,aromatic ring-hydroxylating dioxygenase subunit alpha,5_504_CntA,5,144.3,0.8871,3e-42,NZ_LJTE01000013.1,2321,3509,1,Vibrio alginolyticus,Bacteria; Pseudomonadati; Pseudomonadota; Gammaproteobacteria; Vibrionales; Vibrionaceae; Vibrio,0,5_504_CntA#15,core,0.9501,1,0,0,1,[alpha] > dehydrogenase > other > reductase > reductase > other
NZ_LJWX01000001.1:308499-309600:-1,WP_056929767.1,FERRO_RS01755,,aromatic ring-hydroxylating dioxygenase subunit alpha,5_504_CntA,5,76.0,0.7554,1.6e-21,NZ_LJWX01000001.1,308499,309600,-1,Ferrovum sp. JA12,Bacteria; Pseudomonadati; Pseudomonadota; Betaproteobacteria; Ferrovales; Ferrovaceae; Ferrovum,0,5_504_CntA#225,novel_candidate,0.2254,0,0,0,0,[alpha] > transporter > other
NZ_LKKN01000042.1:92415-93537:1,WP_058070273.1,AO738_RS02470,,aromatic ring-hydroxylating dioxygenase subunit alpha,5_504_CntA,5,766.4,0.9973,2.7e-231,NZ_LKKN01000042.1,92415,93537,1,Pseudomonas citronellolis,Bacteria; Pseudomonadati; Pseudomonadota; Gammaproteobacteria; Pseudomonadales; Pseudomonadaceae; Pseudomonas,0,5_504_CntA#0,core,0.7394,0,0,0,0,transporter > [alpha] > dehydrogenase > reductase
NZ_LKTM01000001.1:287917-289114:1,WP_055575971.1,AO501_RS01380,,SRPBCC family protein,5_504_CntA,5,91.8,0.8656,2.7e-26,NZ_LKTM01000001.1,287917,289114,1,Mycobacterium gordonae,Bacteria; Bacillati; Actinomycetota; Actinomycetes; Mycobacteriales; Mycobacteriaceae; Mycobacterium,0,5_504_CntA#12,core,0.8025,0,0,0,0,[alpha]
NZ_LKKK01000013.1:73188-74352:1,WP_058069277.1,AO726_RS16880,,aromatic ring-hydroxylating dioxygenase subunit alpha,5_504_CntA,5,246.5,0.957,2.6e-73,NZ_LKKK01000013.1,73188,74352,1,Pseudomonas sp. TTU2014-080ASC,Bacteria; Pseudomonadati; Pseudomonadota; Gammaproteobacteria; Pseudomonadales; Pseudomonadaceae; Pseudomonas,0,5_504_CntA#7,core,0.7493,0,0,0,0,[alpha] > dehydrogenase > regulator
NZ_LLWQ01000034.1:8688-9831:1,WP_058096270.1,AQY21_RS02485,,SRPBCC family protein,5_504_CntA,5,303.8,0.9892,9.8e-91,NZ_LLWQ01000034.1,8688,9831,1,Paracoccus sp. MKU1,Bacteria; Pseudomonadati; Pseudomonadota; Alphaproteobacteria; Rhodobacterales; Paracoccaceae; Paracoccus,0,5_504_CntA#6,core,0.849,2,0,1,1,[alpha] > reductase > other > dehydrogenase > reductase > dehydrogenase > reductase > ferredoxin > hydrolase > transporter > regulator
NZ_LLWQ01000197.1:1062-2220:-1,WP_065169958.1,AQY21_RS18400,,aromatic ring-hydroxylating dioxygenase subunit alpha,5_504_CntA,5,123.3,0.5376,7e-36,NZ_LLWQ01000197.1,1062,2220,-1,Paracoccus sp. MKU1,Bacteria; Pseudomonadati; Pseudomonadota; Alphaproteobacteria; Rhodobacterales; Paracoccaceae; Paracoccus,0,5_504_CntA#113,novel_candidate,0.3145,1,0,1,0,alpha_other > [alpha] > ferredoxin
NZ_LKTM01000112.1:100065-101217:-1,WP_055577796.1,AO501_RS11295,,aromatic ring-hydroxylating dioxygenase subunit alpha,5_504_CntA,5,108.1,0.922,3.1e-31,NZ_LKTM01000112.1,100065,101217,-1,Mycobacterium gordonae,Bacteria; Bacillati; Actinomycetota; Actinomycetes; Mycobacteriales; Mycobacteriaceae; Mycobacterium,0,5_504_CntA#1,core,0.8812,0,0,0,0,[alpha]
NZ_LLYB01000059.1:59699-60854:1,WP_057858255.1,CQ14_RS12880,,aromatic ring-hydroxylating dioxygenase subunit alpha,5_504_CntA,5,97.7,0.5403,4.2e-28,NZ_LLYB01000059.1,59699,60854,1,Bradyrhizobium lablabi,Bacteria; Pseudomonadati; Pseudomonadota; Alphaproteobacteria; Hyphomicrobiales; Nitrobacteraceae; Bradyrhizobium,0,5_504_CntA#183,novel_candidate,0.2853,0,0,0,0,[alpha] > other > other
NZ_LMCP01000014.1:59183-60386:1,WP_056587314.1,ASD12_RS15155,,aromatic ring-hydroxylating dioxygenase subunit alpha,5_504_CntA,5,139.0,0.5349,1.2e-40,NZ_LMCP01000014.1,59183,60386,1,Mesorhizobium sp. Root102,Bacteria; Pseudomonadati; Pseudomonadota; Alphaproteobacteria; Hyphomicrobiales; Phyllobacteriaceae; Mesorhizobium,0,5_504_CntA#2,core,0.8585,0,0,0,0,[alpha]
NZ_LMCJ01000023.1:72220-73405:1,WP_063289766.1,PsW74_RS17635,,aromatic ring-hydroxylating dioxygenase subunit alpha,5_504_CntA,5,115.0,0.8683,2.3e-33,NZ_LMCJ01000023.1,72220,73405,1,Pseudovibrio sp. W74,Bacteria; Pseudomonadati; Pseudomonadota; Alphaproteobacteria; Hyphomicrobiales; Stappiaceae; Pseudovibrio,0,5_504_CntA#11,core,0.7456,0,0,0,0,[alpha] > dehydrogenase > hypothetical > other
NZ_LMCZ01000043.1:52605-53808:-1,WP_060506655.1,ASC96_RS29670,,SRPBCC family protein,5_504_CntA,5,131.6,0.5618,2.1e-38,NZ_LMCZ01000043.1,52605,53808,-1,Rhizobium sp. Root1204,Bacteria; Pseudomonadati; Pseudomonadota; Alphaproteobacteria; Hyphomicrobiales; Rhizobiaceae; Rhizobium/Agrobacterium group; Rhizobium,0,5_504_CntA#134,core,0.7531,0,0,0,0,[alpha]
NZ_LMDD01000012.1:31533-32667:1,WP_056048776.1,ASC62_RS22475,,aromatic ring-hydroxylating dioxygenase subunit alpha,5_504_CntA,5,156.2,0.8817,7.2e-46,NZ_LMDD01000012.1,31533,32667,1,Caulobacter sp. Root342,Bacteria; Pseudomonadati; Pseudomonadota; Alphaproteobacteria; Caulobacterales; Caulobacteraceae; Caulobacter,0,5_504_CntA#69,novel_candidate,0.3531,1,0,0,1,reductase > [alpha] > hypothetical > regulator
NZ_LMDL01000023.1:486290-487559:-1,WP_057613206.1,ASD08_RS28100,,aromatic ring-hydroxylating dioxygenase subunit alpha,5_504_CntA,5,117.8,0.8817,3.4e-34,NZ_LMDL01000023.1,486290,487559,-1,Streptomyces sp. Root369,Bacteria; Bacillati; Actinomycetota; Actinomycetes; Kitasatosporales; Streptomycetaceae; Streptomyces,0,5_504_CntA#22,core,0.9233,0,0,0,0,[alpha] > reductase > other > other
NZ_LMDK01000001.1:323897-325001:-1,WP_056191380.1,ASC91_RS01470,,SRPBCC family protein,5_504_CntA,5,105.1,0.9516,2.4e-30,NZ_LMDK01000001.1,323897,325001,-1,Pelomonas sp. Root1237,Bacteria; Pseudomonadati; Pseudomonadota; Betaproteobacteria; Burkholderiales; Sphaerotilaceae; Roseateles,0,5_504_CntA#38,novel_candidate,0.2565,0,0,0,0,[alpha]
NZ_LMEB01000006.1:123249-124248:-1,WP_056451678.1,ASC65_RS08630,,aromatic ring-hydroxylating dioxygenase subunit alpha,5_504_CntA,5,136.6,0.5833,6.6e-40,NZ_LMEB01000006.1,123249,124248,-1,Brevundimonas sp. Root1279,Bacteria; Pseudomonadati; Pseudomonadota; Alphaproteobacteria; Caulobacterales; Caulobacteraceae; Brevundimonas,0,5_504_CntA#84,novel_candidate,0.3013,0,0,0,0,hypothetical > [alpha] > transporter > other > hypothetical
NZ_LMDY01000016.1:178398-179559:-1,WP_056323777.1,ASC67_RS16425,,aromatic ring-hydroxylating dioxygenase subunit alpha,5_504_CntA,5,66.6,0.5995,1.2e-18,NZ_LMDY01000016.1,178398,179559,-1,Methylibium sp. Root1272,Bacteria; Pseudomonadati; Pseudomonadota; Betaproteobacteria; Burkholderiales; Sphaerotilaceae; Methylibium,0,5_504_CntA#41,novel_candidate,0.2209,0,0,0,0,[alpha] > transporter > other > other
NZ_LMEP01000005.1:334980-336123:1,WP_056556935.1,ASD33_RS10365,,SRPBCC family protein,5_504_CntA,5,146.3,0.8575,7.3e-43,NZ_LMEP01000005.1,334980,336123,1,Streptomyces sp. Root1304,Bacteria; Bacillati; Actinomycetota; Actinomycetes; Kitasatosporales; Streptomycetaceae; Streptomyces,0,5_504_CntA#182,novel_candidate,0.3153,0,0,0,0,[alpha]
NZ_LMFL01000023.1:249027-250026:-1,WP_056618119.1,ASD25_RS14595,,aromatic ring-hydroxylating dioxygenase subunit alpha,5_504_CntA,5,131.9,0.5833,1.7e-38,NZ_LMFL01000023.1,249027,250026,-1,Brevundimonas sp. Root1423,Bacteria; Pseudomonadati; Pseudomonadota; Alphaproteobacteria; Caulobacterales; Caulobacteraceae; Brevundimonas,0,5_504_CntA#84,novel_candidate,0.3067,0,0,0,0,hypothetical > [alpha] > transporter > other > hypothetical
NZ_LMFL01000056.1:12428-13427:1,WP_055828101.1,ASD25_RS25470,,aromatic ring-hydroxylating dioxygenase subunit alpha,5_504_CntA,5,141.6,0.5833,2e-41,NZ_LMFL01000056.1,12428,13427,1,Brevundimonas sp. Root1423,Bacteria; Pseudomonadati; Pseudomonadota; Alphaproteobacteria; Caulobacterales; Caulobacteraceae; Brevundimonas,0,5_504_CntA#84,novel_candidate,0.3183,0,0,0,0,hypothetical > [alpha] > transporter > other
NZ_LMFQ01000022.1:161895-163065:1,WP_056442890.1,ASD21_RS15270,,aromatic ring-hydroxylating dioxygenase subunit alpha,5_504_CntA,5,153.7,0.8844,4.2e-45,NZ_LMFQ01000022.1,161895,163065,1,Caulobacter sp. Root1455,Bacteria; Pseudomonadati; Pseudomonadota; Alphaproteobacteria; Caulobacterales; Caulobacteraceae; Caulobacter,0,5_504_CntA#69,novel_candidate,0.351,0,0,0,0,[alpha]
NZ_LMGK01000010.1:50672-51860:-1,WP_177336564.1,ASD60_RS09600,,aromatic ring-hydroxylating dioxygenase subunit alpha,5_504_CntA,5,140.2,0.8763,5.2e-41,NZ_LMGK01000010.1,50672,51860,-1,Pseudomonas sp. Root562,Bacteria; Pseudomonadati; Pseudomonadota; Gammaproteobacteria; Pseudomonadales; Pseudomonadaceae; Pseudomonas,0,5_504_CntA#9,core,0.7924,1,0,0,1,[alpha] > dehydrogenase > other > reductase > reductase > other > transporter
NZ_LMHH01000002.1:235732-236911:1,WP_055924244.1,ASD76_RS12290,,aromatic ring-hydroxylating dioxygenase subunit alpha,5_504_CntA,5,167.2,0.879,3.2e-49,NZ_LMHH01000002.1,235732,236911,1,Altererythrobacter sp. Root672,Bacteria; Pseudomonadati; Pseudomonadota; Alphaproteobacteria; Sphingomonadales; Erythrobacteraceae; Altererythrobacter,0,5_504_CntA#35,novel_candidate,0.3534,1,0,0,1,[alpha] > reductase > other
NZ_LMHC01000024.1:94591-95797:-1,WP_056724292.1,ASD79_RS18320,,aromatic ring-hydroxylating dioxygenase subunit alpha,5_504_CntA,5,133.6,0.5376,5.3e-39,NZ_LMHC01000024.1,94591,95797,-1,Caulobacter sp. Root655,Bacteria; Pseudomonadati; Pseudomonadota; Alphaproteobacteria; Caulobacterales; Caulobacteraceae; Caulobacter,0,5_504_CntA#140,novel_candidate,0.3048,0,0,0,0,[alpha] > ring_cleavage > hydrolase > regulator
NZ_LMID01000010.1:168734-170054:1,WP_056357297.1,ASE22_RS08165,,SRPBCC family protein,5_504_CntA,5,120.0,0.6048,7e-35,NZ_LMID01000010.1,168734,170054,1,Sphingomonas sp. Root720,Bacteria; Pseudomonadati; Pseudomonadota; Alphaproteobacteria; Sphingomonadales; Sphingomonadaceae; Sphingomonas,0,5_504_CntA#10,core,0.8079,0,0,0,0,[alpha]
NZ_LMID01000011.1:655907-657263:1,WP_056360358.1,ASE22_RS13855,,SRPBCC family protein,5_504_CntA,5,110.1,0.5484,7.5e-32,NZ_LMID01000011.1,655907,657263,1,Sphingomonas sp. Root720,Bacteria; Pseudomonadati; Pseudomonadota; Alphaproteobacteria; Sphingomonadales; Sphingomonadaceae; Sphingomonas,0,5_504_CntA#14,core,0.799,0,0,0,0,[alpha] > alpha_other
NZ_LMID01000011.1:657259-658606:1,WP_056360361.1,ASE22_RS13860,,SRPBCC family protein,5_504_CntA,5,115.5,0.5161,1.7e-33,NZ_LMID01000011.1,657259,658606,1,Sphingomonas sp. Root720,Bacteria; Pseudomonadati; Pseudomonadota; Alphaproteobacteria; Sphingomonadales; Sphingomonadaceae; Sphingomonas,0,5_504_CntA#28,core,0.6116,0,0,0,0,alpha_other > [alpha]
NZ_LMIV01000003.1:13418-14594:-1,WP_056618937.1,ASE13_RS15415,,aromatic ring-hydroxylating dioxygenase subunit alpha,5_504_CntA,5,144.4,0.8817,2.7e-42,NZ_LMIV01000003.1,13418,14594,-1,Sphingomonas sp. Root241,Bacteria; Pseudomonadati; Pseudomonadota; Alphaproteobacteria; Sphingomonadales; Sphingomonadaceae; Sphingomonas,0,5_504_CntA#68,novel_candidate,0.3275,1,0,0,1,[alpha] > reductase
NZ_LMJA01000003.1:111161-112517:1,WP_057166113.1,ASE48_RS05885,,SRPBCC family protein,5_504_CntA,5,123.7,0.5323,5.5e-36,NZ_LMJA01000003.1,111161,112517,1,Mycobacterium sp. Root265,Bacteria; Bacillati; Actinomycetota; Actinomycetes; Mycobacteriales; Mycobacteriaceae; Mycobacterium,0,5_504_CntA#61,novel_candidate,0.2818,0,0,0,0,[alpha] > hypothetical > ring_cleavage > hypothetical > other
NZ_LMJY01000004.1:57280-58633:-1,WP_056768923.1,ASE49_RS04460,,SRPBCC family protein,5_504_CntA,5,129.0,0.5188,1.3e-37,NZ_LMJY01000004.1,57280,58633,-1,Novosphingobium sp. Leaf2,Bacteria; Pseudomonadati; Pseudomonadota; Alphaproteobacteria; Sphingomonadales; Sphingomonadaceae; Novosphingobium,0,5_504_CntA#28,core,0.5764,0,0,0,0,alpha_other > [alpha]
NZ_LMJY01000004.1:58629-59997:-1,WP_056768961.1,ASE49_RS04465,,SRPBCC family protein,5_504_CntA,5,118.6,0.5134,1.9e-34,NZ_LMJY01000004.1,58629,59997,-1,Novosphingobium sp. Leaf2,Bacteria; Pseudomonadati; Pseudomonadota; Alphaproteobacteria; Sphingomonadales; Sphingomonadaceae; Novosphingobium,0,5_504_CntA#14,core,0.8333,0,0,0,0,[alpha] > alpha_other
NZ_LMJY01000012.1:166378-167701:-1,WP_056769932.1,ASE49_RS07410,,SRPBCC family protein,5_504_CntA,5,116.4,0.5269,8.9e-34,NZ_LMJY01000012.1,166378,167701,-1,Novosphingobium sp. Leaf2,Bacteria; Pseudomonadati; Pseudomonadota; Alphaproteobacteria; Sphingomonadales; Sphingomonadaceae; Novosphingobium,0,5_504_CntA#10,core,0.8746,0,0,0,0,other > [alpha] > other
NZ_LMJY01000018.1:37156-38590:-1,WP_056773369.1,ASE49_RS13220,,SRPBCC family protein,5_504_CntA,5,94.8,0.5269,3.4e-27,NZ_LMJY01000018.1,37156,38590,-1,Novosphingobium sp. Leaf2,Bacteria; Pseudomonadati; Pseudomonadota; Alphaproteobacteria; Sphingomonadales; Sphingomonadaceae; Novosphingobium,0,5_504_CntA#18,core,0.8924,0,0,0,0,[alpha] > other
NZ_LMJY01000019.1:98247-99483:-1,WP_056774192.1,ASE49_RS14815,,SRPBCC family protein,5_504_CntA,5,123.9,0.5511,4.6e-36,NZ_LMJY01000019.1,98247,99483,-1,Novosphingobium sp. Leaf2,Bacteria; Pseudomonadati; Pseudomonadota; Alphaproteobacteria; Sphingomonadales; Sphingomonadaceae; Novosphingobium,0,5_504_CntA#92,novel_candidate,0.2713,0,0,0,0,[alpha] > other > other > other
NZ_LMJY01000019.1:119905-121285:-1,WP_056774231.1,ASE49_RS14905,,SRPBCC family protein,5_504_CntA,5,126.6,0.5161,7.2e-37,NZ_LMJY01000019.1,119905,121285,-1,Novosphingobium sp. Leaf2,Bacteria; Pseudomonadati; Pseudomonadota; Alphaproteobacteria; Sphingomonadales; Sphingomonadaceae; Novosphingobium,0,5_504_CntA#83,novel_candidate,0.3286,1,0,1,0,[alpha] > ferredoxin
NZ_LMMT01000023.1:369938-371099:-1,WP_056666804.1,ASF45_RS20260,,SRPBCC family protein,5_504_CntA,5,144.2,0.8629,3.2e-42,NZ_LMMT01000023.1,369938,371099,-1,Pseudorhodoferax sp. Leaf265,Bacteria; Pseudomonadati; Pseudomonadota; Betaproteobacteria; Burkholderiales; Comamonadaceae,0,5_504_CntA#181,novel_candidate,0.2776,0,0,0,0,[alpha] > transporter > transporter > transporter > transporter > transporter > other > transporter > transporter > transporter > transporter
NZ_LMOA01000023.1:341761-342943:-1,WP_056841115.1,ASF84_RS22650,,aromatic ring-hydroxylating dioxygenase subunit alpha,5_504_CntA,5,150.7,0.879,3.3e-44,NZ_LMOA01000023.1,341761,342943,-1,Pseudomonas sp. Leaf127,Bacteria; Pseudomonadati; Pseudomonadota; Gammaproteobacteria; Pseudomonadales; Pseudomonadaceae; Pseudomonas,0,5_504_CntA#9,core,0.7289,1,0,0,1,[alpha] > dehydrogenase > reductase > reductase > other > other
NZ_LMPF01000021.1:10343-11489:-1,WP_056358981.1,ASG35_RS15515,,SRPBCC family protein,5_504_CntA,5,142.9,0.5349,8e-42,NZ_LMPF01000021.1,10343,11489,-1,Burkholderia sp. Leaf177,Bacteria; Pseudomonadati; Pseudomonadota; Betaproteobacteria; Burkholderiales; Burkholderiaceae; Burkholderia,0,5_504_CntA#8,core,0.8127,0,0,0,0,[alpha] > transporter > transporter > transporter > transporter > other
NZ_LMPM01000002.1:704225-705422:1,WP_055782504.1,ASG11_RS16330,,aromatic ring-hydroxylating dioxygenase subunit alpha,5_504_CntA,5,148.3,0.8871,1.8e-43,NZ_LMPM01000002.1,704225,705422,1,Sphingomonas sp. Leaf357,Bacteria; Pseudomonadati; Pseudomonadota; Alphaproteobacteria; Sphingomonadales; Sphingomonadaceae; Sphingomonas,0,5_504_CntA#68,novel_candidate,0.3469,0,0,0,0,hydrolase > [alpha]
NZ_LMQT01000021.1:97294-98386:-1,WP_056507043.1,ASG43_RS15765,,aromatic ring-hydroxylating dioxygenase subunit alpha,5_504_CntA,5,172.8,0.9355,6.6e-51,NZ_LMQT01000021.1,97294,98386,-1,Aureimonas sp. Leaf454,Bacteria; Pseudomonadati; Pseudomonadota; Alphaproteobacteria; Hyphomicrobiales; Aurantimonadaceae; Aureimonas,0,5_504_CntA#82,novel_candidate,0.303,0,0,0,0,other > [alpha]
NZ_LMQW01000012.1:166155-167250:1,WP_056688050.1,ASG62_RS08950,,aromatic ring-hydroxylating dioxygenase subunit alpha,5_504_CntA,5,171.8,0.9409,1.3e-50,NZ_LMQW01000012.1,166155,167250,1,Aureimonas sp. Leaf427,Bacteria; Pseudomonadati; Pseudomonadota; Alphaproteobacteria; Hyphomicrobiales; Aurantimonadaceae; Aureimonas,0,5_504_CntA#82,novel_candidate,0.3067,0,0,0,0,other > [alpha]
NZ_LMQY01000001.1:165708-166803:1,WP_056688050.1,ASG54_RS00735,,aromatic ring-hydroxylating dioxygenase subunit alpha,5_504_CntA,5,171.8,0.9409,1.3e-50,NZ_LMQY01000001.1,165708,166803,1,Aureimonas sp. Leaf460,Bacteria; Pseudomonadati; Pseudomonadota; Alphaproteobacteria; Hyphomicrobiales; Aurantimonadaceae; Aureimonas,0,5_504_CntA#82,novel_candidate,0.3067,0,0,0,0,other > [alpha]
NZ_LMRD01000006.1:613480-614647:-1,WP_055847434.1,ASG48_RS07555,,aromatic ring-hydroxylating dioxygenase subunit alpha,5_504_CntA,5,149.0,0.5484,1.1e-43,NZ_LMRD01000006.1,613480,614647,-1,Aurantimonas sp. Leaf443,Bacteria; Pseudomonadati; Pseudomonadota; Alphaproteobacteria; Hyphomicrobiales; Aurantimonadaceae; Aurantimonas,0,5_504_CntA#144,core,0.5836,0,0,0,0,[alpha]
NZ_LMRG01000023.1:127972-129175:-1,WP_062580877.1,ASG68_RS18825,,SRPBCC family protein,5_504_CntA,5,139.1,0.7715,1.1e-40,NZ_LMRG01000023.1,127972,129175,-1,Rhizobium sp. Leaf453,Bacteria; Pseudomonadati; Pseudomonadota; Alphaproteobacteria; Hyphomicrobiales; Rhizobiaceae; Rhizobium/Agrobacterium group; Rhizobium,0,5_504_CntA#2,core,0.7531,0,0,0,0,[alpha]
NZ_LMVQ01000009.1:14371-15481:-1,WP_067952423.1,ASJ79_RS01185,,aromatic ring-hydroxylating dioxygenase subunit alpha,5_504_CntA,5,185.4,0.8656,9.6e-55,NZ_LMVQ01000009.1,14371,15481,-1,Mycobacterium sp. NAZ190054,Bacteria; Bacillati; Actinomycetota; Actinomycetes; Mycobacteriales; Mycobacteriaceae; Mycobacterium,0,5_504_CntA#180,novel_candidate,0.3134,0,0,0,0,[alpha] > reductase > other > other > reductase > other > reductase > hypothetical > dehydrogenase
NZ_LMVQ01000290.1:16195-17359:1,WP_067958569.1,ASJ79_RS19200,,aromatic ring-hydroxylating dioxygenase subunit alpha,5_504_CntA,5,151.3,0.8952,2.2e-44,NZ_LMVQ01000290.1,16195,17359,1,Mycobacterium sp. NAZ190054,Bacteria; Bacillati; Actinomycetota; Actinomycetes; Mycobacteriales; Mycobacteriaceae; Mycobacterium,0,5_504_CntA#81,novel_candidate,0.2899,0,0,0,0,[alpha] > other > reductase > regulator > transporter > transporter > transporter > transporter > transporter
NZ_LMXU01000036.1:67650-68838:1,WP_060469645.1,APQ14_RS18690,,aromatic ring-hydroxylating dioxygenase subunit alpha,5_504_CntA,5,140.7,0.879,3.6e-41,NZ_LMXU01000036.1,67650,68838,1,Vibrio toranzoniae,Bacteria; Pseudomonadati; Pseudomonadota; Gammaproteobacteria; Vibrionales; Vibrionaceae; Vibrio,0,5_504_CntA#15,core,0.932,1,0,0,1,[alpha] > dehydrogenase > other > reductase > reductase > other
NZ_LNRZ01000007.1:137510-138677:1,WP_058817590.1,ATE67_RS15220,,aromatic ring-hydroxylating dioxygenase subunit alpha,5_504_CntA,5,150.5,0.8763,4e-44,NZ_LNRZ01000007.1,137510,138677,1,Sphingopyxis sp. H050,Bacteria; Pseudomonadati; Pseudomonadota; Alphaproteobacteria; Sphingomonadales; Sphingomonadaceae; Sphingopyxis,0,5_504_CntA#27,novel_candidate,0.3521,1,0,0,1,[alpha] > reductase
NZ_LNSA01000004.1:17027-18191:-1,WP_058802191.1,ATE71_RS04160,,aromatic ring-hydroxylating dioxygenase subunit alpha,5_504_CntA,5,146.1,0.8763,8.2e-43,NZ_LNSA01000004.1,17027,18191,-1,Sphingopyxis sp. H115,Bacteria; Pseudomonadati; Pseudomonadota; Alphaproteobacteria; Sphingomonadales; Sphingomonadaceae; Sphingopyxis,0,5_504_CntA#35,novel_candidate,0.3571,1,0,0,1,[alpha] > reductase > reductase
NZ_LNSB01000037.1:44672-45851:-1,WP_058808585.1,ATE62_RS16780,,aromatic ring-hydroxylating dioxygenase subunit alpha,5_504_CntA,5,101.1,0.5269,4.1e-29,NZ_LNSB01000037.1,44672,45851,-1,Sphingopyxis sp. HIX,Bacteria; Pseudomonadati; Pseudomonadota; Alphaproteobacteria; Sphingomonadales; Sphingomonadaceae; Sphingopyxis,0,5_504_CntA#130,novel_candidate,0.2735,0,0,0,0,[alpha] > other > other
NZ_LNRT01000004.1:49221-50388:1,WP_058538914.1,ATE68_RS08225,,aromatic ring-hydroxylating dioxygenase subunit alpha,5_504_CntA,5,145.5,0.8763,1.3e-42,NZ_LNRT01000004.1,49221,50388,1,Sphingopyxis sp. H038,Bacteria; Pseudomonadati; Pseudomonadota; Alphaproteobacteria; Sphingomonadales; Sphingomonadaceae; Sphingopyxis,0,5_504_CntA#35,novel_candidate,0.358,1,0,0,1,[alpha] > reductase > reductase
NZ_LNSF01000006.1:3503-4685:1,WP_058456289.1,ATE69_RS12440,,aromatic ring-hydroxylating dioxygenase subunit alpha,5_504_CntA,5,145.7,0.871,1.1e-42,NZ_LNSF01000006.1,3503,4685,1,Sphingopyxis sp. H071,Bacteria; Pseudomonadati; Pseudomonadota; Alphaproteobacteria; Sphingomonadales; Sphingomonadaceae; Sphingopyxis,0,5_504_CntA#35,novel_candidate,0.3614,1,0,0,1,[alpha] > reductase > reductase
NZ_LNYA01000020.1:4906-5995:1,WP_058526061.1,Lery_RS04460,,SRPBCC family protein,5_504_CntA,5,116.2,0.9409,1e-33,NZ_LNYA01000020.1,4906,5995,1,Legionella erythra,Bacteria; Pseudomonadati; Pseudomonadota; Gammaproteobacteria; Legionellales; Legionellaceae; Legionella,0,5_504_CntA#38,novel_candidate,0.2644,0,0,0,0,regulator > [alpha] > transporter > transporter
NZ_LNYU01000091.1:345756-346842:-1,WP_058515726.1,Lsan_RS19265,,SRPBCC family protein,5_504_CntA,5,118.9,0.9489,1.6e-34,NZ_LNYU01000091.1,345756,346842,-1,Legionella santicrucis,Bacteria; Pseudomonadati; Pseudomonadota; Gammaproteobacteria; Legionellales; Legionellaceae; Legionella,0,5_504_CntA#38,novel_candidate,0.2485,0,0,0,0,[alpha]
NZ_LNYW01000033.1:16264-17353:1,WP_018577370.1,Lsha_RS05055,,SRPBCC family protein,5_504_CntA,5,126.0,0.9489,1.1e-36,NZ_LNYW01000033.1,16264,17353,1,Legionella shakespearei DSM 23087,Bacteria; Pseudomonadati; Pseudomonadota; Gammaproteobacteria; Legionellales; Legionellaceae; Legionella,0,5_504_CntA#38,novel_candidate,0.2695,0,0,0,0,[alpha] > hypothetical > hypothetical
NZ_LNYY01000005.1:86743-87829:1,WP_058509371.1,Lste_RS01765,,SRPBCC family protein,5_504_CntA,5,121.5,0.9382,2.5e-35,NZ_LNYY01000005.1,86743,87829,1,Legionella steelei,Bacteria; Pseudomonadati; Pseudomonadota; Gammaproteobacteria; Legionellales; Legionellaceae; Legionella,0,5_504_CntA#38,novel_candidate,0.2492,0,0,0,0,[alpha] > transporter > other
NZ_LNYT01000020.1:423374-424463:1,WP_058531904.1,Lrub_RS09665,,SRPBCC family protein,5_504_CntA,5,117.7,0.9409,3.6e-34,NZ_LNYT01000020.1,423374,424463,1,Legionella rubrilucens,Bacteria; Pseudomonadati; Pseudomonadota; Gammaproteobacteria; Legionellales; Legionellaceae; Legionella,0,5_504_CntA#38,novel_candidate,0.2749,0,0,0,0,regulator > [alpha] > transporter > transporter
NZ_LODL01000007.1:253316-254450:-1,WP_066880731.1,AT959_RS03740,,aromatic ring-hydroxylating dioxygenase subunit alpha,5_504_CntA,5,70.0,0.9274,1.1e-19,NZ_LODL01000007.1,253316,254450,-1,Dechloromonas denitrificans,Bacteria; Pseudomonadati; Pseudomonadota; Betaproteobacteria; Rhodocyclales; Azonexaceae; Dechloromonas,0,5_504_CntA#51,novel_candidate,0.2328,0,0,0,0,[alpha] > transporter > other > other > hypothetical
NZ_LOPV01000629.1:4290-5415:1,WP_058573533.1,AUR66_RS18045,,aromatic ring-hydroxylating dioxygenase subunit alpha,5_504_CntA,5,185.5,0.8844,8.7e-55,NZ_LOPV01000629.1,4290,5415,1,Haloferax profundi,Archaea; Methanobacteriati; Methanobacteriota; Stenosarchaea group; Halobacteria; Halobacteriales; Haloferacaceae; Haloferax,0,5_504_CntA#4,divergent,0.4907,0,0,0,0,[alpha] > transporter
NZ_LOPW02000018.1:28671-29814:-1,WP_058567647.1,AUR65_RS15085,,aromatic ring-hydroxylating dioxygenase subunit alpha,5_504_CntA,5,169.4,0.879,6.8e-50,NZ_LOPW02000018.1,28671,29814,-1,Haloferax marisrubri,Archaea; Methanobacteriati; Methanobacteriota; Stenosarchaea group; Halobacteria; Halobacteriales; Haloferacaceae; Haloferax,0,5_504_CntA#4,core,0.9769,0,0,0,0,[alpha] > hypothetical
NZ_LPJR01000025.1:59526-60675:1,WP_060240965.1,WT56_RS09935,,Rieske 2Fe-2S domain-containing protein,5_504_CntA,5,773.0,0.9946,2.5e-233,NZ_LPJR01000025.1,59526,60675,1,Burkholderia pseudomultivorans,Bacteria; Pseudomonadati; Pseudomonadota; Betaproteobacteria; Burkholderiales; Burkholderiaceae; Burkholderia; Burkholderia cepacia complex,0,5_504_CntA#0,core,0.7585,0,0,0,0,[alpha] > dehydrogenase > reductase
NZ_LPJR01000052.1:131487-132651:-1,WP_060244625.1,WT56_RS20920,,aromatic ring-hydroxylating dioxygenase subunit alpha,5_504_CntA,5,240.8,0.9543,1.4e-71,NZ_LPJR01000052.1,131487,132651,-1,Burkholderia pseudomultivorans,Bacteria; Pseudomonadati; Pseudomonadota; Betaproteobacteria; Burkholderiales; Burkholderiaceae; Burkholderia; Burkholderia cepacia complex,0,5_504_CntA#7,core,0.6602,0,0,0,0,hypothetical > [alpha] > dehydrogenase > reductase > transporter
NZ_LPJR01000067.1:65097-66318:-1,WP_060245500.1,WT56_RS25210,,aromatic ring-hydroxylating dioxygenase subunit alpha,5_504_CntA,5,120.4,0.5941,5.4e-35,NZ_LPJR01000067.1,65097,66318,-1,Burkholderia pseudomultivorans,Bacteria; Pseudomonadati; Pseudomonadota; Betaproteobacteria; Burkholderiales; Burkholderiaceae; Burkholderia; Burkholderia cepacia complex,0,5_504_CntA#64,novel_candidate,0.2566,1,0,0,1,hydrolase > [alpha] > reductase
NZ_LPJX01000055.1:330568-331717:-1,WP_059513778.1,WT57_RS22885,,Rieske 2Fe-2S domain-containing protein,5_504_CntA,5,773.4,0.9946,2e-233,NZ_LPJX01000055.1,330568,331717,-1,Burkholderia pseudomultivorans,Bacteria; Pseudomonadati; Pseudomonadota; Betaproteobacteria; Burkholderiales; Burkholderiaceae; Burkholderia; Burkholderia cepacia complex,0,5_504_CntA#0,core,0.7718,0,0,0,0,[alpha] > dehydrogenase > reductase
NZ_LPXO01000005.1:27519-28608:1,WP_058862018.1,AVJ23_RS09825,,aromatic ring-hydroxylating dioxygenase subunit alpha,5_504_CntA,5,232.0,0.9301,6.6e-69,NZ_LPXO01000005.1,27519,28608,1,Pseudoponticoccus marisrubri,Bacteria; Pseudomonadati; Pseudomonadota; Alphaproteobacteria; Rhodobacterales; Roseobacteraceae; Pseudoponticoccus,0,5_504_CntA#5,core,0.8046,0,0,0,0,regulator > [alpha]
NZ_LQBQ01000012.1:21433-22528:-1,WP_068345434.1,AVO45_RS07200,,aromatic ring-hydroxylating dioxygenase subunit alpha,5_504_CntA,5,236.4,0.9409,3e-70,NZ_LQBQ01000012.1,21433,22528,-1,Ruegeria marisrubri,Bacteria; Pseudomonadati; Pseudomonadota; Alphaproteobacteria; Rhodobacterales; Roseobacteraceae; Ruegeria,0,5_504_CntA#5,core,0.733,0,0,0,0,regulator > [alpha] > ring_cleavage
NZ_LQIM01000003.1:127807-128944:1,WP_059166275.1,AU187_RS04595,,SRPBCC family protein,5_504_CntA,5,96.1,0.5134,1.3e-27,NZ_LQIM01000003.1,127807,128944,1,Mycobacterium sp. IS-1556,Bacteria; Bacillati; Actinomycetota; Actinomycetes; Mycobacteriales; Mycobacteriaceae; Mycobacterium,0,5_504_CntA#1,core,0.6926,0,0,0,0,[alpha]
NZ_LQBP01000007.1:868-1957:-1,WP_068337907.1,AVO44_RS13675,,aromatic ring-hydroxylating dioxygenase subunit alpha,5_504_CntA,5,235.9,0.9409,4.2e-70,NZ_LQBP01000007.1,868,1957,-1,Ruegeria profundi,Bacteria; Pseudomonadati; Pseudomonadota; Alphaproteobacteria; Rhodobacterales; Roseobacteraceae; Ruegeria,0,5_504_CntA#5,core,0.78,0,0,0,0,regulator > [alpha]
NZ_LQBP01000013.1:47404-48565:-1,WP_068340539.1,AVO44_RS18825,,aromatic ring-hydroxylating dioxygenase subunit alpha,5_504_CntA,5,120.8,0.871,4.2e-35,NZ_LQBP01000013.1,47404,48565,-1,Ruegeria profundi,Bacteria; Pseudomonadati; Pseudomonadota; Alphaproteobacteria; Rhodobacterales; Roseobacteraceae; Ruegeria,0,5_504_CntA#11,core,0.8401,0,0,0,0,regulator > [alpha] > hypothetical
NZ_LQIM01000039.1:244538-245873:1,WP_059100998.1,AU187_RS21190,,SRPBCC family protein,5_504_CntA,5,112.4,0.5323,1.5e-32,NZ_LQIM01000039.1,244538,245873,1,Mycobacterium sp. IS-1556,Bacteria; Bacillati; Actinomycetota; Actinomycetes; Mycobacteriales; Mycobacteriaceae; Mycobacterium,0,5_504_CntA#3,core,0.769,0,0,0,0,[alpha] > regulator
NZ_LQIR01000035.1:14529-15861:1,WP_064398905.1,AU192_RS18745,,SRPBCC family protein,5_504_CntA,5,111.3,0.5403,3.1e-32,NZ_LQIR01000035.1,14529,15861,1,Mycobacterium lehmannii,Bacteria; Bacillati; Actinomycetota; Actinomycetes; Mycobacteriales; Mycobacteriaceae; Mycobacterium,0,5_504_CntA#3,core,0.7966,0,0,0,0,[alpha] > regulator
NZ_LQIS01000021.1:26316-27648:-1,WP_064422848.1,AU193_RS13280,,SRPBCC family protein,5_504_CntA,5,116.7,0.5376,7.2e-34,NZ_LQIS01000021.1,26316,27648,-1,Mycobacterium sp. GA-1285,Bacteria; Bacillati; Actinomycetota; Actinomycetes; Mycobacteriales; Mycobacteriaceae; Mycobacterium,0,5_504_CntA#3,core,0.7418,0,0,0,0,[alpha] > regulator
NZ_LQOX01000128.1:7608-8757:-1,WP_036409010.1,AWC07_RS19545,,SRPBCC family protein,5_504_CntA,5,103.4,0.8978,7.9e-30,NZ_LQOX01000128.1,7608,8757,-1,Mycobacterium gastri,Bacteria; Bacillati; Actinomycetota; Actinomycetes; Mycobacteriales; Mycobacteriaceae; Mycobacterium,0,5_504_CntA#1,core,0.7747,0,0,0,0,[alpha]
NZ_LQPE01000088.1:16480-17632:-1,WP_045384629.1,AWC14_RS10850,,SRPBCC family protein,5_504_CntA,5,106.7,0.8602,8.1e-31,NZ_LQPE01000088.1,16480,17632,-1,Mycobacterium kyorinense,Bacteria; Bacillati; Actinomycetota; Actinomycetes; Mycobacteriales; Mycobacteriaceae; Mycobacterium,0,5_504_CntA#1,core,0.8277,0,0,0,0,[alpha]
NZ_LQOL01000060.1:39614-40778:1,WP_062655403.1,AWB94_RS21645,,aromatic ring-hydroxylating dioxygenase subunit alpha,5_504_CntA,5,139.4,0.871,9.3e-41,NZ_LQOL01000060.1,39614,40778,1,Mycolicibacterium canariasense,Bacteria; Bacillati; Actinomycetota; Actinomycetes; Mycobacteriales; Mycobacteriaceae; Mycolicibacterium,0,5_504_CntA#81,novel_candidate,0.2891,0,0,0,0,transporter > [alpha] > other > other > regulator > other > other
NZ_LQPE01000164.1:72591-73917:1,WP_045383493.1,AWC14_RS24700,,SRPBCC family protein,5_504_CntA,5,108.3,0.543,2.6e-31,NZ_LQPE01000164.1,72591,73917,1,Mycobacterium kyorinense,Bacteria; Bacillati; Actinomycetota; Actinomycetes; Mycobacteriales; Mycobacteriaceae; Mycobacterium,0,5_504_CntA#3,core,0.743,0,0,0,0,[alpha] > regulator > hypothetical > other > regulator
NZ_LQPH01000138.1:91206-92556:-1,WP_046182530.1,AWC17_RS18840,,SRPBCC family protein,5_504_CntA,5,121.0,0.5565,3.7e-35,NZ_LQPH01000138.1,91206,92556,-1,Mycobacterium nebraskense,Bacteria; Bacillati; Actinomycetota; Actinomycetes; Mycobacteriales; Mycobacteriaceae; Mycobacterium,0,5_504_CntA#3,core,0.9384,0,0,0,0,regulator > other > hydrolase > [alpha] > hypothetical
NZ_LQPH01000138.1:133125-134316:1,WP_085164947.1,AWC17_RS19040,,SRPBCC family protein,5_504_CntA,5,93.3,0.7366,9.4e-27,NZ_LQPH01000138.1,133125,134316,1,Mycobacterium nebraskense,Bacteria; Bacillati; Actinomycetota; Actinomycetes; Mycobacteriales; Mycobacteriaceae; Mycobacterium,0,5_504_CntA#62,core,0.7443,0,0,0,0,[alpha]
NZ_LQPY01000015.1:15113-16238:-1,WP_036469593.1,AWC29_RS07640,,SRPBCC family protein,5_504_CntA,5,92.5,0.7151,1.6e-26,NZ_LQPY01000015.1,15113,16238,-1,Mycobacterium triplex,Bacteria; Bacillati; Actinomycetota; Actinomycetes; Mycobacteriales; Mycobacteriaceae; Mycobacterium; Mycobacterium simiae complex,0,5_504_CntA#37,novel_candidate,0.3356,0,0,0,0,hydrolase > hydrolase > [alpha]
NZ_LQPH01000158.1:109-1306:-1,WP_046182678.1,AWC17_RS23695,,aromatic ring-hydroxylating dioxygenase subunit alpha,5_504_CntA,5,93.1,0.8602,1.1e-26,NZ_LQPH01000158.1,109,1306,-1,Mycobacterium nebraskense,Bacteria; Bacillati; Actinomycetota; Actinomycetes; Mycobacteriales; Mycobacteriaceae; Mycobacterium,0,5_504_CntA#1,core,0.8526,0,0,0,0,[alpha]
NZ_LQPY01000011.1:7581-8907:-1,WP_036465741.1,AWC29_RS03535,,SRPBCC family protein,5_504_CntA,5,119.9,0.5565,7.7e-35,NZ_LQPY01000011.1,7581,8907,-1,Mycobacterium triplex,Bacteria; Bacillati; Actinomycetota; Actinomycetes; Mycobacteriales; Mycobacteriaceae; Mycobacterium; Mycobacterium simiae complex,0,5_504_CntA#3,core,0.8527,0,0,0,0,hydrolase > [alpha]
NZ_LQQU01000035.1:21819-22941:1,WP_066613809.1,AVW16_RS10955,,SRPBCC family protein,5_504_CntA,5,468.9,0.9543,6.8e-141,NZ_LQQU01000035.1,21819,22941,1,Crenobacter luteus,Bacteria; Pseudomonadati; Pseudomonadota; Betaproteobacteria; Neisseriales; Neisseriaceae; Crenobacter,0,5_504_CntA#63,divergent,0.4429,0,0,0,0,[alpha] > dehydrogenase > dehydrogenase > other
NZ_LQRA01000121.1:15849-16917:1,WP_063188350.1,AV654_RS34450,,aromatic ring-hydroxylating dioxygenase subunit alpha,5_504_CntA,5,260.3,0.9543,1.7e-77,NZ_LQRA01000121.1,15849,16917,1,Paenibacillus elgii,Bacteria; Bacillati; Bacillota; Bacilli; Bacillales; Paenibacillaceae; Paenibacillus,0,5_504_CntA#120,novel_candidate,0.3302,0,0,0,0,[alpha] > transporter > transporter > transporter > transporter > dehydrogenase > dehydrogenase
NZ_LQPY01000037.1:258898-260077:-1,WP_036470977.1,AWC29_RS25475,,aromatic ring-hydroxylating dioxygenase subunit alpha,5_504_CntA,5,112.1,0.5699,1.8e-32,NZ_LQPY01000037.1,258898,260077,-1,Mycobacterium triplex,Bacteria; Bacillati; Actinomycetota; Actinomycetes; Mycobacteriales; Mycobacteriaceae; Mycobacterium; Mycobacterium simiae complex,0,5_504_CntA#49,novel_candidate,0.2725,0,0,0,0,reductase > other > [alpha]
NZ_LQPY01000047.1:57775-58927:1,WP_036470516.1,AWC29_RS29305,,aromatic ring-hydroxylating dioxygenase subunit alpha,5_504_CntA,5,110.1,0.9435,7.3e-32,NZ_LQPY01000047.1,57775,58927,1,Mycobacterium triplex,Bacteria; Bacillati; Actinomycetota; Actinomycetes; Mycobacteriales; Mycobacteriaceae; Mycobacterium; Mycobacterium simiae complex,0,5_504_CntA#1,core,0.8739,0,0,0,0,[alpha]
NZ_LQYE01000032.1:453969-455139:1,WP_064633653.1,AWB85_RS24475,,aromatic ring-hydroxylating dioxygenase subunit alpha,5_504_CntA,5,169.3,0.9301,7.7e-50,NZ_LQYE01000032.1,453969,455139,1,Mycobacteroides immunogenum,Bacteria; Bacillati; Actinomycetota; Actinomycetes; Mycobacteriales; Mycobacteriaceae; Mycobacteroides,0,5_504_CntA#179,novel_candidate,0.2993,0,0,0,0,[alpha] > other > other > other > ferredoxin > other > other
NZ_LROM01000006.1:177-1215:-1,WP_070245751.1,DUPY_RS00340,,aromatic ring-hydroxylating dioxygenase subunit alpha,5_504_CntA,5,65.6,0.6237,2.4e-18,NZ_LROM01000006.1,177,1215,-1,Duganella phyllosphaerae,Bacteria; Pseudomonadati; Pseudomonadota; Betaproteobacteria; Burkholderiales; Oxalobacteraceae; Telluria group; Duganella,0,5_504_CntA#178,novel_candidate,0.2162,0,0,0,0,other > other > other > reductase > other > [alpha]
NZ_LSTR01000039.1:7531-8857:1,WP_026108787.1,AX777_RS15175,,aromatic ring-hydroxylating dioxygenase subunit alpha,5_504_CntA,5,117.3,0.5215,4.7e-34,NZ_LSTR01000039.1,7531,8857,1,Sphingobium yanoikuyae,Bacteria; Pseudomonadati; Pseudomonadota; Alphaproteobacteria; Sphingomonadales; Sphingomonadaceae; Sphingobium,0,5_504_CntA#65,novel_candidate,0.3042,0,0,0,0,other > regulator > [alpha] > other > other > hydrolase
NZ_LSTR01000101.1:165-1419:1,WP_017499829.1,AX777_RS24040,,aromatic ring-hydroxylating dioxygenase subunit alpha,5_504_CntA,5,148.5,0.8763,1.6e-43,NZ_LSTR01000101.1,165,1419,1,Sphingobium yanoikuyae,Bacteria; Pseudomonadati; Pseudomonadota; Alphaproteobacteria; Sphingomonadales; Sphingomonadaceae; Sphingobium,0,5_504_CntA#27,novel_candidate,0.3343,1,0,0,1,[alpha] > reductase > other > other
NZ_LRUA01000004.1:114144-115254:1,WP_068304918.1,KORLAC_RS07155,,aromatic ring-hydroxylating dioxygenase subunit alpha,5_504_CntA,5,144.1,0.8602,3.4e-42,NZ_LRUA01000004.1,114144,115254,1,Kordiimonas lacus,Bacteria; Pseudomonadati; Pseudomonadota; Alphaproteobacteria; Kordiimonadales; Kordiimonadaceae; Kordiimonas,0,5_504_CntA#220,novel_candidate,0.3273,0,0,0,0,transporter > hydrolase > [alpha]
NZ_LSVG01000031.1:53410-54664:-1,WP_037512429.1,AYR46_RS19255,,aromatic ring-hydroxylating dioxygenase subunit alpha,5_504_CntA,5,147.6,0.8763,3e-43,NZ_LSVG01000031.1,53410,54664,-1,Sphingobium yanoikuyae,Bacteria; Pseudomonadati; Pseudomonadota; Alphaproteobacteria; Sphingomonadales; Sphingomonadaceae; Sphingobium,0,5_504_CntA#27,novel_candidate,0.3374,1,0,0,1,other > other > [alpha] > reductase > other > other
NZ_LTCZ01000169.1:37474-38641:-1,WP_061699230.1,AZG88_RS22915,,aromatic ring-hydroxylating dioxygenase subunit alpha,5_504_CntA,5,141.2,0.879,2.5e-41,NZ_LTCZ01000169.1,37474,38641,-1,Rhodococcus sp. LB1,Bacteria; Bacillati; Actinomycetota; Actinomycetes; Mycobacteriales; Nocardiaceae; Rhodococcus,0,5_504_CntA#133,novel_candidate,0.2738,0,0,0,0,[alpha]
NZ_LSVC01000023.1:269619-270810:1,WP_061392923.1,AYK86_RS10585,,aromatic ring-hydroxylating dioxygenase subunit alpha,5_504_CntA,5,142.8,0.8737,8.7e-42,NZ_LSVC01000023.1,269619,270810,1,Acinetobacter venetianus,Bacteria; Pseudomonadati; Pseudomonadota; Gammaproteobacteria; Moraxellales; Moraxellaceae; Acinetobacter,0,5_504_CntA#15,core,0.8118,1,0,0,1,[alpha] > dehydrogenase > other > reductase > reductase > hypothetical
NZ_LTAZ01000005.1:310610-311747:-1,WP_066382572.1,HAPAU_RS11060,,aromatic ring-hydroxylating dioxygenase subunit alpha,5_504_CntA,5,169.7,0.8844,5.7e-50,NZ_LTAZ01000005.1,310610,311747,-1,Halalkalicoccus paucihalophilus,Archaea; Methanobacteriati; Methanobacteriota; Stenosarchaea group; Halobacteria; Halobacteriales; Halococcaceae; Halalkalicoccus,0,5_504_CntA#4,core,0.7225,0,0,0,0,[alpha] > hypothetical > regulator > other > regulator > regulator
NZ_LUCV01000004.1:153880-155239:-1,WP_064301357.1,AYO28_RS01940,,SRPBCC family protein,5_504_CntA,5,123.9,0.5968,4.8e-36,NZ_LUCV01000004.1,153880,155239,-1,Pseudomonas putida,Bacteria; Pseudomonadati; Pseudomonadota; Gammaproteobacteria; Pseudomonadales; Pseudomonadaceae; Pseudomonas,0,5_504_CntA#54,novel_candidate,0.2971,0,0,0,0,[alpha] > reductase > dehydrogenase > dehydrogenase > other > dehydrogenase > other > dehydrogenase > dehydrogenase > other > dehydrogenase
NZ_LUFI01000014.1:114861-116115:1,WP_048937486.1,A0U87_RS03315,,aromatic ring-hydroxylating dioxygenase subunit alpha,5_504_CntA,5,150.1,0.8763,5.1e-44,NZ_LUFI01000014.1,114861,116115,1,Sphingobium sp. MP9-4,Bacteria; Pseudomonadati; Pseudomonadota; Alphaproteobacteria; Sphingomonadales; Sphingomonadaceae; Sphingobium,0,5_504_CntA#27,novel_candidate,0.3364,1,0,0,1,other > other > [alpha] > reductase > other > other
NZ_LUGI01000003.1:132917-134351:-1,WP_054525121.1,A0U43_RS11480,,SRPBCC family protein,5_504_CntA,5,107.2,0.5269,5.6e-31,NZ_LUGI01000003.1,132917,134351,-1,Citromicrobium sp. RCC1897,Bacteria; Pseudomonadati; Pseudomonadota; Alphaproteobacteria; Sphingomonadales; Sphingomonadaceae; Citromicrobium,0,5_504_CntA#18,core,0.7778,0,0,0,0,[alpha] > other
NZ_LUGI01000003.1:137295-138654:-1,WP_054525116.1,A0U43_RS11505,,SRPBCC family protein,5_504_CntA,5,112.0,0.5403,2e-32,NZ_LUGI01000003.1,137295,138654,-1,Citromicrobium sp. RCC1897,Bacteria; Pseudomonadati; Pseudomonadota; Alphaproteobacteria; Sphingomonadales; Sphingomonadaceae; Citromicrobium,0,5_504_CntA#10,core,0.7927,0,0,0,0,[alpha] > other
NZ_LVKP01000089.1:273719-274865:1,WP_054417428.1,AOT36_RS26150,,aromatic ring-hydroxylating dioxygenase subunit alpha,5_504_CntA,5,123.4,0.8522,6.7e-36,NZ_LVKP01000089.1,273719,274865,1,Achromobacter ruhlandii,Bacteria; Pseudomonadati; Pseudomonadota; Betaproteobacteria; Burkholderiales; Alcaligenaceae; Achromobacter,0,5_504_CntA#80,novel_candidate,0.2779,0,0,0,0,other > hypothetical > hydrolase > [alpha] > other > hydrolase
NZ_LVHI01000023.1:239175-240555:-1,WP_068428146.1,A3K89_RS17030,,SRPBCC family protein,5_504_CntA,5,122.8,0.5269,9.9e-36,NZ_LVHI01000023.1,239175,240555,-1,Rhodococcoides kyotonense,Bacteria; Bacillati; Actinomycetota; Actinomycetes; Mycobacteriales; Nocardiaceae; Rhodococcoides,0,5_504_CntA#40,novel_candidate,0.3704,0,0,0,0,regulator > other > hypothetical > [alpha]
NZ_LWEQ01000124.1:26888-28052:1,WP_067921010.1,A3721_RS08525,,aromatic ring-hydroxylating dioxygenase subunit alpha,5_504_CntA,5,205.1,0.9328,1e-60,NZ_LWEQ01000124.1,26888,28052,1,Sulfitobacter sp. HI0023,Bacteria; Pseudomonadati; Pseudomonadota; Alphaproteobacteria; Rhodobacterales; Roseobacteraceae; Sulfitobacter,0,5_504_CntA#177,novel_candidate,0.325,0,0,0,0,dehydrogenase > other > reductase > [alpha] > reductase
NZ_LWEQ01000157.1:15126-16299:1,WP_067922758.1,A3721_RS10355,,aromatic ring-hydroxylating dioxygenase subunit alpha,5_504_CntA,5,117.7,0.871,3.7e-34,NZ_LWEQ01000157.1,15126,16299,1,Sulfitobacter sp. HI0023,Bacteria; Pseudomonadati; Pseudomonadota; Alphaproteobacteria; Rhodobacterales; Roseobacteraceae; Sulfitobacter,0,5_504_CntA#98,core,0.6517,0,0,0,0,regulator > [alpha] > hypothetical
NZ_LWHG01000034.1:34504-35644:1,WP_066148829.1,A4G99_RS23635,,aromatic ring-hydroxylating dioxygenase subunit alpha,5_504_CntA,5,186.5,0.8683,4.3e-55,NZ_LWHG01000034.1,34504,35644,1,Haladaptatus sp. R4,Archaea; Methanobacteriati; Methanobacteriota; Stenosarchaea group; Halobacteria; Halobacteriales; Haladaptataceae; Haladaptatus,0,5_504_CntA#4,core,0.7659,0,0,0,0,[alpha] > hypothetical
NZ_LWEE01000015.1:75357-76500:1,WP_066050067.1,A3709_RS03370,,aromatic ring-hydroxylating dioxygenase subunit alpha,5_504_CntA,5,122.0,0.8817,1.8e-35,NZ_LWEE01000015.1,75357,76500,1,Halioglobus sp. HI00S01,Bacteria; Pseudomonadati; Pseudomonadota; Gammaproteobacteria; Cellvibrionales; Halieaceae; Halioglobus,0,5_504_CntA#176,novel_candidate,0.3138,0,0,0,0,dehydrogenase > [alpha]
NZ_LWEE01000413.1:24053-25199:-1,WP_066059816.1,A3709_RS22050,,aromatic ring-hydroxylating dioxygenase subunit alpha,5_504_CntA,5,116.8,0.8575,6.8e-34,NZ_LWEE01000413.1,24053,25199,-1,Halioglobus sp. HI00S01,Bacteria; Pseudomonadati; Pseudomonadota; Gammaproteobacteria; Cellvibrionales; Halieaceae; Halioglobus,0,5_504_CntA#175,novel_candidate,0.3043,0,0,0,0,[alpha]
NZ_LXEW01000038.1:24959-26087:1,WP_068439093.1,M998_RS13530,,aromatic ring-hydroxylating dioxygenase subunit alpha,5_504_CntA,5,642.3,0.9651,1.3e-193,NZ_LXEW01000038.1,24959,26087,1,Providencia heimbachae ATCC 35613,Bacteria; Pseudomonadati; Pseudomonadota; Gammaproteobacteria; Enterobacterales; Morganellaceae; Providencia,0,5_504_CntA#0,core,0.608,0,0,0,0,[alpha] > dehydrogenase > reductase
NZ_LXKN01000015.1:63272-64409:1,WP_068391367.1,A6U86_RS12515,,aromatic ring-hydroxylating dioxygenase subunit alpha,5_504_CntA,5,201.5,0.957,1.3e-59,NZ_LXKN01000015.1,63272,64409,1,Rhizobium sp. AC27/96,Bacteria; Pseudomonadati; Pseudomonadota; Alphaproteobacteria; Hyphomicrobiales; Rhizobiaceae; Rhizobium/Agrobacterium group; Rhizobium,0,5_504_CntA#7,divergent,0.4829,1,0,0,1,[alpha] > dehydrogenase > other > reductase
NZ_LXVY01000034.1:27231-28425:-1,WP_064312642.1,A7X12_RS16925,,aromatic ring-hydroxylating dioxygenase subunit alpha,5_504_CntA,5,88.0,0.5215,3.7e-25,NZ_LXVY01000034.1,27231,28425,-1,Sphingomonas sp. TDK1,Bacteria; Pseudomonadati; Pseudomonadota; Alphaproteobacteria; Sphingomonadales; Sphingomonadaceae; Sphingomonas,0,5_504_CntA#174,novel_candidate,0.3243,0,0,0,0,[alpha] > hypothetical
NZ_LXYI01000049.1:13217-14432:1,WP_067296215.1,A8B82_RS19290,,SRPBCC family protein,5_504_CntA,5,129.2,0.8978,1.2e-37,NZ_LXYI01000049.1,13217,14432,1,Sulfitobacter sp. EhC04,Bacteria; Pseudomonadati; Pseudomonadota; Alphaproteobacteria; Rhodobacterales; Roseobacteraceae; Sulfitobacter,0,5_504_CntA#2,divergent,0.5108,0,0,0,0,[alpha] > transporter > transporter > transporter > other
NZ_LYUZ01000035.1:34768-35923:-1,WP_065266499.1,A9D60_RS04495,,aromatic ring-hydroxylating dioxygenase subunit alpha,5_504_CntA,5,120.2,0.8656,6.4e-35,NZ_LYUZ01000035.1,34768,35923,-1,Leisingera sp. JC1,Bacteria; Pseudomonadati; Pseudomonadota; Alphaproteobacteria; Rhodobacterales; Roseobacteraceae; Leisingera,0,5_504_CntA#11,core,0.9176,0,0,0,0,regulator > [alpha] > dehydrogenase > hypothetical
NZ_LYUZ01000001.1:402371-403475:1,WP_065266041.1,A9D60_RS01995,,aromatic ring-hydroxylating dioxygenase subunit alpha,5_504_CntA,5,237.8,0.9409,1.1e-70,NZ_LYUZ01000001.1,402371,403475,1,Leisingera sp. JC1,Bacteria; Pseudomonadati; Pseudomonadota; Alphaproteobacteria; Rhodobacterales; Roseobacteraceae; Leisingera,0,5_504_CntA#5,core,0.8927,0,0,0,0,regulator > [alpha] > dehydrogenase > ring_cleavage
NZ_LYUZ01000013.1:110346-111552:-1,WP_065266326.1,A9D60_RS03495,,aromatic ring-hydroxylating dioxygenase subunit alpha,5_504_CntA,5,137.8,0.8602,2.9e-40,NZ_LYUZ01000013.1,110346,111552,-1,Leisingera sp. JC1,Bacteria; Pseudomonadati; Pseudomonadota; Alphaproteobacteria; Rhodobacterales; Roseobacteraceae; Leisingera,0,5_504_CntA#2,divergent,0.5061,0,0,0,0,[alpha] > transporter > transporter > transporter
NZ_LYWZ01000021.1:20936-22283:-1,WP_066771928.1,A9D13_RS06915,,SRPBCC family protein,5_504_CntA,5,105.8,0.8495,1.5e-30,NZ_LYWZ01000021.1,20936,22283,-1,Croceicoccus mobilis,Bacteria; Pseudomonadati; Pseudomonadota; Alphaproteobacteria; Sphingomonadales; Erythrobacteraceae; Croceicoccus,0,5_504_CntA#34,divergent,0.4488,0,0,0,0,other > dehydrogenase > other > alpha_other > other > other > [alpha]
NZ_LYWZ01000021.1:23249-24599:-1,WP_066771934.1,A9D13_RS06930,,SRPBCC family protein,5_504_CntA,5,110.8,0.543,4.3e-32,NZ_LYWZ01000021.1,23249,24599,-1,Croceicoccus mobilis,Bacteria; Pseudomonadati; Pseudomonadota; Alphaproteobacteria; Sphingomonadales; Erythrobacteraceae; Croceicoccus,0,5_504_CntA#10,core,0.8556,0,0,0,0,other > dehydrogenase > other > [alpha] > other > other > alpha_other
NZ_LYWZ01000021.1:56845-58192:1,WP_066771985.1,A9D13_RS07090,,SRPBCC family protein,5_504_CntA,5,110.8,0.586,4.5e-32,NZ_LYWZ01000021.1,56845,58192,1,Croceicoccus mobilis,Bacteria; Pseudomonadati; Pseudomonadota; Alphaproteobacteria; Sphingomonadales; Erythrobacteraceae; Croceicoccus,0,5_504_CntA#50,novel_candidate,0.3739,0,0,0,0,dehydrogenase > dehydrogenase > regulator > [alpha]
NZ_LYWY01000032.1:119318-120701:1,WP_066763099.1,A9D15_RS06175,,SRPBCC family protein,5_504_CntA,5,114.3,0.5242,3.9e-33,NZ_LYWY01000032.1,119318,120701,1,Croceicoccus pelagius,Bacteria; Pseudomonadati; Pseudomonadota; Alphaproteobacteria; Sphingomonadales; Erythrobacteraceae; Croceicoccus,0,5_504_CntA#83,novel_candidate,0.3303,0,0,0,0,[alpha] > dehydrogenase
NZ_LYWY01000032.1:136659-138012:1,WP_066763129.1,A9D15_RS06250,,SRPBCC family protein,5_504_CntA,5,117.9,0.5242,3.2e-34,NZ_LYWY01000032.1,136659,138012,1,Croceicoccus pelagius,Bacteria; Pseudomonadati; Pseudomonadota; Alphaproteobacteria; Sphingomonadales; Erythrobacteraceae; Croceicoccus,0,5_504_CntA#14,core,0.8561,0,0,0,0,[alpha] > alpha_other
NZ_LYTM01000003.1:218188-219391:1,WP_066990508.1,A9K71_RS03685,,aromatic ring-hydroxylating dioxygenase subunit alpha,5_504_CntA,5,142.7,0.5403,9e-42,NZ_LYTM01000003.1,218188,219391,1,Mesorhizobium sp. WSM3873,Bacteria; Pseudomonadati; Pseudomonadota; Alphaproteobacteria; Hyphomicrobiales; Phyllobacteriaceae; Mesorhizobium,0,5_504_CntA#2,core,0.9403,0,0,0,0,[alpha]
NZ_LYWY01000006.1:182403-183606:-1,WP_066760977.1,A9D15_RS01185,,aromatic ring-hydroxylating dioxygenase subunit alpha,5_504_CntA,5,112.7,0.5349,1.2e-32,NZ_LYWY01000006.1,182403,183606,-1,Croceicoccus pelagius,Bacteria; Pseudomonadati; Pseudomonadota; Alphaproteobacteria; Sphingomonadales; Erythrobacteraceae; Croceicoccus,0,5_504_CntA#125,novel_candidate,0.2741,0,0,0,0,[alpha] > alpha_other
NZ_LYWY01000039.1:2468-3845:1,WP_229660274.1,A9D15_RS11390,,aromatic ring-hydroxylating dioxygenase subunit alpha,5_504_CntA,5,117.9,0.5699,3.2e-34,NZ_LYWY01000039.1,2468,3845,1,Croceicoccus pelagius,Bacteria; Pseudomonadati; Pseudomonadota; Alphaproteobacteria; Sphingomonadales; Erythrobacteraceae; Croceicoccus,0,5_504_CntA#135,novel_candidate,0.3021,0,0,0,0,[alpha] > other > reductase > alpha_other
NZ_LYWY01000039.1:5235-6633:1,WP_066765130.1,A9D15_RS11405,,SRPBCC family protein,5_504_CntA,5,99.8,0.5269,9.6e-29,NZ_LYWY01000039.1,5235,6633,1,Croceicoccus pelagius,Bacteria; Pseudomonadati; Pseudomonadota; Alphaproteobacteria; Sphingomonadales; Erythrobacteraceae; Croceicoccus,0,5_504_CntA#18,core,0.8166,0,0,0,0,alpha_other > other > reductase > [alpha]
NZ_LYWY01000039.1:9708-10944:-1,WP_066765135.1,A9D15_RS11425,,aromatic ring-hydroxylating dioxygenase subunit alpha,5_504_CntA,5,136.4,0.5296,7.7e-40,NZ_LYWY01000039.1,9708,10944,-1,Croceicoccus pelagius,Bacteria; Pseudomonadati; Pseudomonadota; Alphaproteobacteria; Sphingomonadales; Erythrobacteraceae; Croceicoccus,0,5_504_CntA#173,novel_candidate,0.2792,0,0,0,0,[alpha] > other > reductase
NZ_LYWY01000039.1:150808-151993:-1,WP_066765355.1,A9D15_RS12070,,SRPBCC family protein,5_504_CntA,5,111.1,0.8737,3.8e-32,NZ_LYWY01000039.1,150808,151993,-1,Croceicoccus pelagius,Bacteria; Pseudomonadati; Pseudomonadota; Alphaproteobacteria; Sphingomonadales; Erythrobacteraceae; Croceicoccus,0,5_504_CntA#33,novel_candidate,0.3482,0,0,0,0,alpha_other > [alpha]
NZ_LYWY01000039.1:162511-163858:-1,WP_066765369.1,A9D15_RS12125,,SRPBCC family protein,5_504_CntA,5,117.3,0.6156,4.8e-34,NZ_LYWY01000039.1,162511,163858,-1,Croceicoccus pelagius,Bacteria; Pseudomonadati; Pseudomonadota; Alphaproteobacteria; Sphingomonadales; Erythrobacteraceae; Croceicoccus,0,5_504_CntA#50,novel_candidate,0.3598,0,0,0,0,regulator > [alpha] > reductase > other
NZ_LYWY01000039.1:169029-170379:1,WP_066765376.1,A9D15_RS12150,,SRPBCC family protein,5_504_CntA,5,108.2,0.5376,2.7e-31,NZ_LYWY01000039.1,169029,170379,1,Croceicoccus pelagius,Bacteria; Pseudomonadati; Pseudomonadota; Alphaproteobacteria; Sphingomonadales; Erythrobacteraceae; Croceicoccus,0,5_504_CntA#10,core,0.8207,0,0,0,0,other > other > other > [alpha] > other > other > alpha_other > regulator > reductase > hypothetical
NZ_LYWY01000039.1:171331-172678:1,WP_066765381.1,A9D15_RS12165,,SRPBCC family protein,5_504_CntA,5,99.6,0.5565,1.1e-28,NZ_LYWY01000039.1,171331,172678,1,Croceicoccus pelagius,Bacteria; Pseudomonadati; Pseudomonadota; Alphaproteobacteria; Sphingomonadales; Erythrobacteraceae; Croceicoccus,0,5_504_CntA#34,divergent,0.4072,0,0,0,0,other > other > other > alpha_other > other > other > [alpha] > regulator > reductase > hypothetical
NZ_LYWY01000039.1:178093-179512:1,WP_066765390.1,A9D15_RS12200,,SRPBCC family protein,5_504_CntA,5,105.7,0.5269,1.6e-30,NZ_LYWY01000039.1,178093,179512,1,Croceicoccus pelagius,Bacteria; Pseudomonadati; Pseudomonadota; Alphaproteobacteria; Sphingomonadales; Erythrobacteraceae; Croceicoccus,0,5_504_CntA#18,core,0.8493,0,0,0,0,[alpha] > other > other
NZ_LYWZ01000017.1:6669-8118:-1,WP_066770622.1,A9D13_RS04295,,SRPBCC family protein,5_504_CntA,5,101.5,0.4946,2.9e-29,NZ_LYWZ01000017.1,6669,8118,-1,Croceicoccus mobilis,Bacteria; Pseudomonadati; Pseudomonadota; Alphaproteobacteria; Sphingomonadales; Erythrobacteraceae; Croceicoccus,0,5_504_CntA#172,novel_candidate,0.3863,0,0,0,0,reductase > [alpha] > other > hypothetical
NZ_LYWZ01000017.1:44465-45809:-1,WP_066770720.1,A9D13_RS04470,,aromatic ring-hydroxylating dioxygenase subunit alpha,5_504_CntA,5,135.8,0.5215,1.2e-39,NZ_LYWZ01000017.1,44465,45809,-1,Croceicoccus mobilis,Bacteria; Pseudomonadati; Pseudomonadota; Alphaproteobacteria; Sphingomonadales; Erythrobacteraceae; Croceicoccus,0,5_504_CntA#124,novel_candidate,0.3994,0,0,0,0,[alpha] > other
NZ_LYWZ01000017.1:85662-87132:-1,WP_066770830.1,A9D13_RS04665,,SRPBCC family protein,5_504_CntA,5,105.4,0.5323,2e-30,NZ_LYWZ01000017.1,85662,87132,-1,Croceicoccus mobilis,Bacteria; Pseudomonadati; Pseudomonadota; Alphaproteobacteria; Sphingomonadales; Erythrobacteraceae; Croceicoccus,0,5_504_CntA#171,novel_candidate,0.3645,0,0,0,0,[alpha]
NZ_LYWZ01000017.1:125033-126440:1,WP_172808106.1,A9D13_RS04855,,SRPBCC family protein,5_504_CntA,5,111.2,0.5403,3.3e-32,NZ_LYWZ01000017.1,125033,126440,1,Croceicoccus mobilis,Bacteria; Pseudomonadati; Pseudomonadota; Alphaproteobacteria; Sphingomonadales; Erythrobacteraceae; Croceicoccus,0,5_504_CntA#123,novel_candidate,0.3773,0,0,0,0,reductase > [alpha]
NZ_LZHT01000041.1:124202-125405:-1,WP_067250933.1,A5775_RS09030,,aromatic ring-hydroxylating dioxygenase subunit alpha,5_504_CntA,5,139.3,0.5269,9.5e-41,NZ_LZHT01000041.1,124202,125405,-1,Mycobacterium sp. 852002-10029_SCH5224772,Bacteria; Bacillati; Actinomycetota; Actinomycetes; Mycobacteriales; Mycobacteriaceae; Mycobacterium,0,5_504_CntA#31,novel_candidate,0.2593,0,0,0,0,[alpha] > hypothetical
NZ_LZDG02000029.1:84974-86141:-1,WP_054907187.1,A6723_RS08615,,aromatic ring-hydroxylating dioxygenase subunit alpha,5_504_CntA,5,270.8,0.957,1.1e-80,NZ_LZDG02000029.1,84974,86141,-1,Pseudomonas sp. AU11447,Bacteria; Pseudomonadati; Pseudomonadota; Gammaproteobacteria; Pseudomonadales; Pseudomonadaceae; Pseudomonas,0,5_504_CntA#7,core,0.826,0,0,0,0,[alpha] > dehydrogenase > regulator
NZ_LZHT01000074.1:13400-14546:-1,WP_067252352.1,A5775_RS12235,,aromatic ring-hydroxylating dioxygenase subunit alpha,5_504_CntA,5,98.6,0.8495,2.3e-28,NZ_LZHT01000074.1,13400,14546,-1,Mycobacterium sp. 852002-10029_SCH5224772,Bacteria; Bacillati; Actinomycetota; Actinomycetes; Mycobacteriales; Mycobacteriaceae; Mycobacterium,0,5_504_CntA#1,core,0.8969,0,0,0,0,regulator > [alpha]
NZ_LZDG02000041.1:58103-59225:1,WP_054911252.1,A6723_RS12810,,aromatic ring-hydroxylating dioxygenase subunit alpha,5_504_CntA,5,751.3,0.9973,1e-226,NZ_LZDG02000041.1,58103,59225,1,Pseudomonas sp. AU11447,Bacteria; Pseudomonadati; Pseudomonadota; Gammaproteobacteria; Pseudomonadales; Pseudomonadaceae; Pseudomonas,0,5_504_CntA#0,core,0.7216,0,0,0,0,transporter > [alpha]
NZ_LZHZ01000069.1:11532-12696:1,WP_067811001.1,A5724_RS30065,,SRPBCC family protein,5_504_CntA,5,87.1,0.871,7e-25,NZ_LZHZ01000069.1,11532,12696,1,Mycobacterium sp. ACS1612,Bacteria; Bacillati; Actinomycetota; Actinomycetes; Mycobacteriales; Mycobacteriaceae; Mycobacterium,0,5_504_CntA#12,core,0.7295,0,0,0,0,[alpha] > other
NZ_LZHV01000041.1:318153-319302:1,WP_067899101.1,A5730_RS10305,,aromatic ring-hydroxylating dioxygenase subunit alpha,5_504_CntA,5,104.9,0.8522,2.7e-30,NZ_LZHV01000041.1,318153,319302,1,Mycobacterium sp. ACS4054,Bacteria; Bacillati; Actinomycetota; Actinomycetes; Mycobacteriales; Mycobacteriaceae; Mycobacterium,0,5_504_CntA#1,core,0.9109,0,0,0,0,[alpha]
NZ_LZHV01000050.1:112224-113397:-1,WP_067900853.1,A5730_RS13390,,SRPBCC family protein,5_504_CntA,5,94.6,0.8683,3.7e-27,NZ_LZHV01000050.1,112224,113397,-1,Mycobacterium sp. ACS4054,Bacteria; Bacillati; Actinomycetota; Actinomycetes; Mycobacteriales; Mycobacteriaceae; Mycobacterium,0,5_504_CntA#12,core,0.7735,0,0,0,0,[alpha]
NZ_LZHV01000050.1:154263-155616:1,WP_067900932.1,A5730_RS13580,,SRPBCC family protein,5_504_CntA,5,117.8,0.5753,3.4e-34,NZ_LZHV01000050.1,154263,155616,1,Mycobacterium sp. ACS4054,Bacteria; Bacillati; Actinomycetota; Actinomycetes; Mycobacteriales; Mycobacteriaceae; Mycobacterium,0,5_504_CntA#3,core,0.9284,0,0,0,0,other > other > regulator > other > hydrolase > [alpha] > hypothetical
NZ_LZHZ01000027.1:128636-129779:1,WP_067800997.1,A5724_RS11525,,SRPBCC family protein,5_504_CntA,5,103.7,0.5269,6.4e-30,NZ_LZHZ01000027.1,128636,129779,1,Mycobacterium sp. ACS1612,Bacteria; Bacillati; Actinomycetota; Actinomycetes; Mycobacteriales; Mycobacteriaceae; Mycobacterium,0,5_504_CntA#1,core,0.6944,0,0,0,0,[alpha]
NZ_LZIC01000067.1:48203-49385:1,WP_066967775.1,A5787_RS14220,,aromatic ring-hydroxylating dioxygenase subunit alpha,5_504_CntA,5,100.6,0.8468,5.5e-29,NZ_LZIC01000067.1,48203,49385,1,Mycobacterium sp. 852002-50816_SCH5313054-b,Bacteria; Bacillati; Actinomycetota; Actinomycetes; Mycobacteriales; Mycobacteriaceae; Mycobacterium,0,5_504_CntA#1,core,0.8345,0,0,0,0,[alpha]
NZ_LZIF01000104.1:56610-57951:-1,WP_067129679.1,A5753_RS15540,,aromatic ring-hydroxylating dioxygenase subunit alpha,5_504_CntA,5,117.0,0.5538,5.7e-34,NZ_LZIF01000104.1,56610,57951,-1,Mycobacterium sp. 852002-51971_SCH5477799-a,Bacteria; Bacillati; Actinomycetota; Actinomycetes; Mycobacteriales; Mycobacteriaceae; Mycobacterium,0,5_504_CntA#3,core,0.8655,0,0,0,0,other > hydrolase > [alpha]
NZ_LZIC01000068.1:117051-118233:1,WP_066968112.1,A5787_RS14855,,SRPBCC family protein,5_504_CntA,5,83.7,0.871,7.8e-24,NZ_LZIC01000068.1,117051,118233,1,Mycobacterium sp. 852002-50816_SCH5313054-b,Bacteria; Bacillati; Actinomycetota; Actinomycetes; Mycobacteriales; Mycobacteriaceae; Mycobacterium,0,5_504_CntA#12,core,0.8144,0,0,0,0,[alpha]
NZ_LZIF01000086.1:217114-218266:-1,WP_067127971.1,A5753_RS12640,,aromatic ring-hydroxylating dioxygenase subunit alpha,5_504_CntA,5,104.6,0.9274,3.4e-30,NZ_LZIF01000086.1,217114,218266,-1,Mycobacterium sp. 852002-51971_SCH5477799-a,Bacteria; Bacillati; Actinomycetota; Actinomycetes; Mycobacteriales; Mycobacteriaceae; Mycobacterium,0,5_504_CntA#1,core,0.882,0,0,0,0,regulator > [alpha]
NZ_LZIJ01000022.1:21552-22728:-1,WP_067230740.1,A5791_RS02940,,SRPBCC family protein,5_504_CntA,5,88.9,0.7446,2.1e-25,NZ_LZIJ01000022.1,21552,22728,-1,Mycobacterium sp. 852002-51163_SCH5372311,Bacteria; Bacillati; Actinomycetota; Actinomycetes; Mycobacteriales; Mycobacteriaceae; Mycobacterium,0,5_504_CntA#12,core,0.8041,0,0,0,0,[alpha]
NZ_LZIJ01000022.1:79266-80625:1,WP_067230881.1,A5791_RS03185,,aromatic ring-hydroxylating dioxygenase subunit alpha,5_504_CntA,5,117.4,0.5538,4.5e-34,NZ_LZIJ01000022.1,79266,80625,1,Mycobacterium sp. 852002-51163_SCH5372311,Bacteria; Bacillati; Actinomycetota; Actinomycetes; Mycobacteriales; Mycobacteriaceae; Mycobacterium,0,5_504_CntA#3,core,0.8933,0,0,0,0,hydrolase > [alpha] > other
NZ_LZIJ01000094.1:14037-15192:1,WP_067236810.1,A5791_RS12975,,SRPBCC family protein,5_504_CntA,5,101.9,0.922,2.3e-29,NZ_LZIJ01000094.1,14037,15192,1,Mycobacterium sp. 852002-51163_SCH5372311,Bacteria; Bacillati; Actinomycetota; Actinomycetes; Mycobacteriales; Mycobacteriaceae; Mycobacterium,0,5_504_CntA#1,core,0.8365,0,0,0,0,regulator > regulator > [alpha]
NZ_LZIK01000041.1:44825-46169:-1,WP_066844585.1,A5790_RS13045,,aromatic ring-hydroxylating dioxygenase subunit alpha,5_504_CntA,5,117.2,0.5403,5.1e-34,NZ_LZIK01000041.1,44825,46169,-1,Mycobacterium sp. 852002-51152_SCH6134967,Bacteria; Bacillati; Actinomycetota; Actinomycetes; Mycobacteriales; Mycobacteriaceae; Mycobacterium,0,5_504_CntA#3,core,0.8134,0,0,0,0,[alpha] > regulator
NZ_LZIL01000035.1:109434-110586:-1,WP_067790760.1,A5773_RS10025,,SRPBCC family protein,5_504_CntA,5,105.3,0.8548,2.2e-30,NZ_LZIL01000035.1,109434,110586,-1,Mycobacterium sp. 852014-52450_SCH5900713,Bacteria; Bacillati; Actinomycetota; Actinomycetes; Mycobacteriales; Mycobacteriaceae; Mycobacterium,0,5_504_CntA#1,core,0.8849,0,0,0,0,[alpha]
NZ_LZIL01000042.1:49522-50866:1,WP_067266345.1,A5773_RS11490,,SRPBCC family protein,5_504_CntA,5,115.1,0.5565,2.2e-33,NZ_LZIL01000042.1,49522,50866,1,Mycobacterium sp. 852014-52450_SCH5900713,Bacteria; Bacillati; Actinomycetota; Actinomycetes; Mycobacteriales; Mycobacteriaceae; Mycobacterium,0,5_504_CntA#3,core,0.929,0,0,0,0,other > other > regulator > other > hydrolase > [alpha] > hypothetical
NZ_LZIR01000027.1:11206-12376:-1,WP_067110798.1,A5764_RS07250,,aromatic ring-hydroxylating dioxygenase subunit alpha,5_504_CntA,5,99.8,0.9059,1e-28,NZ_LZIR01000027.1,11206,12376,-1,Mycobacterium sp. 852002-51057_SCH5723018,Bacteria; Bacillati; Actinomycetota; Actinomycetes; Mycobacteriales; Mycobacteriaceae; Mycobacterium,0,5_504_CntA#1,core,0.8982,0,0,0,0,[alpha]
NZ_LZIR01000023.1:91737-92949:1,WP_067110062.1,A5764_RS06065,,SRPBCC family protein,5_504_CntA,5,81.2,0.543,4.3e-23,NZ_LZIR01000023.1,91737,92949,1,Mycobacterium sp. 852002-51057_SCH5723018,Bacteria; Bacillati; Actinomycetota; Actinomycetes; Mycobacteriales; Mycobacteriaceae; Mycobacterium,0,5_504_CntA#62,core,0.7448,0,0,0,0,[alpha] > other > dehydrogenase > other
NZ_LZIR01000023.1:140085-141447:-1,WP_067110179.1,A5764_RS06315,,SRPBCC family protein,5_504_CntA,5,115.1,0.543,2.3e-33,NZ_LZIR01000023.1,140085,141447,-1,Mycobacterium sp. 852002-51057_SCH5723018,Bacteria; Bacillati; Actinomycetota; Actinomycetes; Mycobacteriales; Mycobacteriaceae; Mycobacterium,0,5_504_CntA#3,core,0.875,0,0,0,0,regulator > other > hydrolase > [alpha] > hypothetical
NZ_LZIS01000181.1:143480-144662:1,WP_068236449.1,A5673_RS20330,,SRPBCC family protein,5_504_CntA,5,85.6,0.7661,2e-24,NZ_LZIS01000181.1,143480,144662,1,Mycobacterium sp. E3198,Bacteria; Bacillati; Actinomycetota; Actinomycetes; Mycobacteriales; Mycobacteriaceae; Mycobacterium,0,5_504_CntA#12,core,0.7782,0,0,0,0,[alpha]
NZ_LZIS01000204.1:55205-56375:1,WP_068237799.1,A5673_RS22650,,aromatic ring-hydroxylating dioxygenase subunit alpha,5_504_CntA,5,104.5,0.8548,3.6e-30,NZ_LZIS01000204.1,55205,56375,1,Mycobacterium sp. E3198,Bacteria; Bacillati; Actinomycetota; Actinomycetes; Mycobacteriales; Mycobacteriaceae; Mycobacterium,0,5_504_CntA#1,core,0.8452,0,0,0,0,[alpha]
NZ_LZIZ01000157.1:28747-29887:1,WP_068221461.1,A5702_RS14145,,aromatic ring-hydroxylating dioxygenase subunit alpha,5_504_CntA,5,106.6,0.8763,8.5e-31,NZ_LZIZ01000157.1,28747,29887,1,Mycobacterium sp. E3339,Bacteria; Bacillati; Actinomycetota; Actinomycetes; Mycobacteriales; Mycobacteriaceae; Mycobacterium,0,5_504_CntA#1,core,0.9069,0,0,0,0,[alpha]
NZ_LZIZ01000222.1:8689-9862:-1,WP_068223377.1,A5702_RS21020,,SRPBCC family protein,5_504_CntA,5,94.8,0.7688,3.4e-27,NZ_LZIZ01000222.1,8689,9862,-1,Mycobacterium sp. E3339,Bacteria; Bacillati; Actinomycetota; Actinomycetes; Mycobacteriales; Mycobacteriaceae; Mycobacterium,0,5_504_CntA#12,core,0.8014,0,0,0,0,[alpha]
NZ_LZIZ01000222.1:50118-51477:1,WP_068223444.1,A5702_RS21205,,SRPBCC family protein,5_504_CntA,5,117.3,0.5538,4.8e-34,NZ_LZIZ01000222.1,50118,51477,1,Mycobacterium sp. E3339,Bacteria; Bacillati; Actinomycetota; Actinomycetes; Mycobacteriales; Mycobacteriaceae; Mycobacterium,0,5_504_CntA#3,core,0.8895,0,0,0,0,other > other > regulator > other > hydrolase > [alpha] > hypothetical
NZ_LZJF01000034.1:40275-41481:-1,WP_068008371.1,A5697_RS04495,,aromatic ring-hydroxylating dioxygenase subunit alpha,5_504_CntA,5,89.2,0.8548,1.6e-25,NZ_LZJF01000034.1,40275,41481,-1,Mycobacterium sp. E3251,Bacteria; Bacillati; Actinomycetota; Actinomycetes; Mycobacteriales; Mycobacteriaceae; Mycobacterium,0,5_504_CntA#1,core,0.8786,0,0,0,0,[alpha]
NZ_LZJF01000042.1:48670-50014:-1,WP_067945056.1,A5697_RS05600,,SRPBCC family protein,5_504_CntA,5,110.9,0.5538,4.2e-32,NZ_LZJF01000042.1,48670,50014,-1,Mycobacterium sp. E3251,Bacteria; Bacillati; Actinomycetota; Actinomycetes; Mycobacteriales; Mycobacteriaceae; Mycobacterium,0,5_504_CntA#3,core,0.9322,0,0,0,0,other > other > regulator > other > hydrolase > [alpha] > hypothetical
NZ_LZJD01000080.1:19321-20659:1,WP_067769312.1,A5699_RS11570,,aromatic ring-hydroxylating dioxygenase subunit alpha,5_504_CntA,5,117.5,0.5349,4.3e-34,NZ_LZJD01000080.1,19321,20659,1,Mycobacterium sp. E802,Bacteria; Bacillati; Actinomycetota; Actinomycetes; Mycobacteriales; Mycobacteriaceae; Mycobacterium,0,5_504_CntA#3,core,0.7451,0,0,0,0,[alpha] > regulator
NZ_LZJD01000086.1:9173-10352:-1,WP_067769808.1,A5699_RS12955,,aromatic ring-hydroxylating dioxygenase subunit alpha,5_504_CntA,5,122.8,0.5349,1e-35,NZ_LZJD01000086.1,9173,10352,-1,Mycobacterium sp. E802,Bacteria; Bacillati; Actinomycetota; Actinomycetes; Mycobacteriales; Mycobacteriaceae; Mycobacterium,0,5_504_CntA#112,novel_candidate,0.2696,0,0,0,0,regulator > other > [alpha] > reductase > reductase > hypothetical > hypothetical > hypothetical
NZ_LZJG01000002.1:40466-41618:-1,WP_067916607.1,A9X04_RS00210,,aromatic ring-hydroxylating dioxygenase subunit alpha,5_504_CntA,5,101.1,0.8548,4e-29,NZ_LZJG01000002.1,40466,41618,-1,Mycobacterium sp. E3247,Bacteria; Bacillati; Actinomycetota; Actinomycetes; Mycobacteriales; Mycobacteriaceae; Mycobacterium,0,5_504_CntA#1,core,0.8861,0,0,0,0,[alpha]
NZ_LZJJ01000292.1:5714-6863:-1,WP_068261680.1,A9X03_RS14930,,SRPBCC family protein,5_504_CntA,5,103.6,0.8548,6.7e-30,NZ_LZJJ01000292.1,5714,6863,-1,Mycobacterium sp. E1715,Bacteria; Bacillati; Actinomycetota; Actinomycetes; Mycobacteriales; Mycobacteriaceae; Mycobacterium,0,5_504_CntA#1,core,0.8663,0,0,0,0,[alpha]
NZ_LZJJ01000455.1:5939-7298:-1,WP_067780190.1,A9X03_RS22990,,SRPBCC family protein,5_504_CntA,5,114.2,0.5538,4.1e-33,NZ_LZJJ01000455.1,5939,7298,-1,Mycobacterium sp. E1715,Bacteria; Bacillati; Actinomycetota; Actinomycetes; Mycobacteriales; Mycobacteriaceae; Mycobacterium,0,5_504_CntA#3,core,0.9088,0,0,0,0,regulator > other > hydrolase > [alpha]
NZ_LZJI01000218.1:45425-46775:1,WP_068088053.1,A5695_RS23475,,SRPBCC family protein,5_504_CntA,5,114.0,0.5565,4.8e-33,NZ_LZJI01000218.1,45425,46775,1,Mycobacterium sp. E1747,Bacteria; Bacillati; Actinomycetota; Actinomycetes; Mycobacteriales; Mycobacteriaceae; Mycobacterium,0,5_504_CntA#3,core,0.9086,0,0,0,0,hydrolase > [alpha] > hypothetical
NZ_LZJL01000091.1:16380-17532:-1,WP_068069896.1,A5693_RS10265,,SRPBCC family protein,5_504_CntA,5,92.5,0.5323,1.7e-26,NZ_LZJL01000091.1,16380,17532,-1,Mycobacterium sp. E1319,Bacteria; Bacillati; Actinomycetota; Actinomycetes; Mycobacteriales; Mycobacteriaceae; Mycobacterium,0,5_504_CntA#1,core,0.8414,0,0,0,0,[alpha]
NZ_LZJM01000225.1:74837-75989:-1,WP_068057948.1,A5692_RS17135,,aromatic ring-hydroxylating dioxygenase subunit alpha,5_504_CntA,5,109.2,0.8522,1.4e-31,NZ_LZJM01000225.1,74837,75989,-1,Mycobacterium sp. E342,Bacteria; Bacillati; Actinomycetota; Actinomycetes; Mycobacteriales; Mycobacteriaceae; Mycobacterium,0,5_504_CntA#1,core,0.8863,0,0,0,0,[alpha]
NZ_LZJM01000245.1:30160-31540:-1,WP_068058670.1,A5692_RS19195,,SRPBCC family protein,5_504_CntA,5,116.7,0.5538,7.1e-34,NZ_LZJM01000245.1,30160,31540,-1,Mycobacterium sp. E342,Bacteria; Bacillati; Actinomycetota; Actinomycetes; Mycobacteriales; Mycobacteriaceae; Mycobacterium,0,5_504_CntA#3,core,0.8411,0,0,0,0,other > other > regulator > other > hydrolase > [alpha] > hypothetical
NZ_LZJR01000025.1:497-1826:-1,WP_067930791.1,A5686_RS02895,,SRPBCC family protein,5_504_CntA,5,114.9,0.543,2.5e-33,NZ_LZJR01000025.1,497,1826,-1,Mycobacterium sp. E2479,Bacteria; Bacillati; Actinomycetota; Actinomycetes; Mycobacteriales; Mycobacteriaceae; Mycobacterium,0,5_504_CntA#3,core,0.8527,0,0,0,0,other > hydrolase > [alpha]
NZ_LZJR01000153.1:130329-131481:1,WP_067939037.1,A5686_RS22975,,SRPBCC family protein,5_504_CntA,5,98.6,0.8575,2.2e-28,NZ_LZJR01000153.1,130329,131481,1,Mycobacterium sp. E2479,Bacteria; Bacillati; Actinomycetota; Actinomycetes; Mycobacteriales; Mycobacteriaceae; Mycobacterium,0,5_504_CntA#1,core,0.9249,0,0,0,0,[alpha]
NZ_LZJR01000163.1:1954-3133:1,WP_067940147.1,A5686_RS25290,,aromatic ring-hydroxylating dioxygenase subunit alpha,5_504_CntA,5,121.0,0.879,3.6e-35,NZ_LZJR01000163.1,1954,3133,1,Mycobacterium sp. E2479,Bacteria; Bacillati; Actinomycetota; Actinomycetes; Mycobacteriales; Mycobacteriaceae; Mycobacterium,0,5_504_CntA#47,novel_candidate,0.2981,1,0,0,1,reductase > [alpha] > reductase > hydrolase > other
NZ_LZJR01000163.1:40064-41225:1,WP_067940199.1,A5686_RS25450,,aromatic ring-hydroxylating dioxygenase subunit alpha,5_504_CntA,5,99.7,0.8629,1e-28,NZ_LZJR01000163.1,40064,41225,1,Mycobacterium sp. E2479,Bacteria; Bacillati; Actinomycetota; Actinomycetes; Mycobacteriales; Mycobacteriaceae; Mycobacterium,0,5_504_CntA#47,novel_candidate,0.331,0,0,0,0,hydrolase > hypothetical > [alpha] > other
NZ_LZJU01000111.1:10249-11584:1,WP_067910671.1,A5683_RS11590,,SRPBCC family protein,5_504_CntA,5,121.4,0.5538,2.6e-35,NZ_LZJU01000111.1,10249,11584,1,Mycobacterium mantenii,Bacteria; Bacillati; Actinomycetota; Actinomycetes; Mycobacteriales; Mycobacteriaceae; Mycobacterium; Mycobacterium avium complex (MAC),0,5_504_CntA#3,core,0.8917,0,0,0,0,regulator > other > hydrolase > [alpha]
NZ_LZJS01000103.1:101245-102397:-1,WP_064952379.1,A5685_RS13695,,aromatic ring-hydroxylating dioxygenase subunit alpha,5_504_CntA,5,101.9,0.8602,2.2e-29,NZ_LZJS01000103.1,101245,102397,-1,Mycobacterium colombiense,Bacteria; Bacillati; Actinomycetota; Actinomycetes; Mycobacteriales; Mycobacteriaceae; Mycobacterium; Mycobacterium avium complex (MAC),0,5_504_CntA#1,core,0.8835,0,0,0,0,[alpha]
NZ_LZJY01000193.1:14807-16025:-1,WP_067305113.1,A5679_RS10580,,aromatic ring-hydroxylating dioxygenase subunit alpha,5_504_CntA,5,97.9,0.8387,3.9e-28,NZ_LZJY01000193.1,14807,16025,-1,Mycobacterium scrofulaceum,Bacteria; Bacillati; Actinomycetota; Actinomycetes; Mycobacteriales; Mycobacteriaceae; Mycobacterium,0,5_504_CntA#1,core,0.8252,0,0,0,0,[alpha]
NZ_LZJV01000030.1:45744-46902:-1,WP_067829063.1,A5682_RS04600,,aromatic ring-hydroxylating dioxygenase subunit alpha,5_504_CntA,5,101.4,0.5403,3.3e-29,NZ_LZJV01000030.1,45744,46902,-1,Mycobacterium mantenii,Bacteria; Bacillati; Actinomycetota; Actinomycetes; Mycobacteriales; Mycobacteriaceae; Mycobacterium; Mycobacterium avium complex (MAC),0,5_504_CntA#1,core,0.9075,0,0,0,0,[alpha]
NZ_LZJV01000051.1:50282-51650:1,WP_067832195.1,A5682_RS10095,,SRPBCC family protein,5_504_CntA,5,121.5,0.5484,2.6e-35,NZ_LZJV01000051.1,50282,51650,1,Mycobacterium mantenii,Bacteria; Bacillati; Actinomycetota; Actinomycetes; Mycobacteriales; Mycobacteriaceae; Mycobacterium; Mycobacterium avium complex (MAC),0,5_504_CntA#61,novel_candidate,0.2895,0,0,0,0,[alpha] > hypothetical > hypothetical > hypothetical > ring_cleavage
NZ_LZJS01000133.1:51900-53241:1,WP_064953434.1,A5685_RS19325,,SRPBCC family protein,5_504_CntA,5,117.5,0.5591,4.2e-34,NZ_LZJS01000133.1,51900,53241,1,Mycobacterium colombiense,Bacteria; Bacillati; Actinomycetota; Actinomycetes; Mycobacteriales; Mycobacteriaceae; Mycobacterium; Mycobacterium avium complex (MAC),0,5_504_CntA#3,core,0.9014,0,0,0,0,regulator > other > hydrolase > [alpha]
NZ_LZKC01000181.1:18251-19391:1,WP_068284606.1,A5714_RS08745,,SRPBCC family protein,5_504_CntA,5,91.5,0.5323,3.4e-26,NZ_LZKC01000181.1,18251,19391,1,Mycobacterium sp. E2462,Bacteria; Bacillati; Actinomycetota; Actinomycetes; Mycobacteriales; Mycobacteriaceae; Mycobacterium,0,5_504_CntA#1,core,0.8379,0,0,0,0,[alpha]
NZ_LZKD01000181.1:50800-51952:-1,WP_068097336.1,A5713_RS16890,,aromatic ring-hydroxylating dioxygenase subunit alpha,5_504_CntA,5,103.0,0.8548,1e-29,NZ_LZKD01000181.1,50800,51952,-1,Mycobacterium sp. E2497,Bacteria; Bacillati; Actinomycetota; Actinomycetes; Mycobacteriales; Mycobacteriaceae; Mycobacterium,0,5_504_CntA#1,core,0.8911,0,0,0,0,[alpha]
NZ_LZKE01000083.1:14912-16091:-1,WP_068103780.1,A5712_RS09245,,aromatic ring-hydroxylating dioxygenase subunit alpha,5_504_CntA,5,112.9,0.5565,1e-32,NZ_LZKE01000083.1,14912,16091,-1,Mycobacterium sp. E2327,Bacteria; Bacillati; Actinomycetota; Actinomycetes; Mycobacteriales; Mycobacteriaceae; Mycobacterium,0,5_504_CntA#49,novel_candidate,0.25,0,0,0,0,reductase > other > [alpha] > hypothetical > other > other > other
NZ_LZKE01000222.1:7815-8985:-1,WP_068111642.1,A5712_RS25310,,SRPBCC family protein,5_504_CntA,5,92.7,0.871,1.4e-26,NZ_LZKE01000222.1,7815,8985,-1,Mycobacterium sp. E2327,Bacteria; Bacillati; Actinomycetota; Actinomycetes; Mycobacteriales; Mycobacteriaceae; Mycobacterium,0,5_504_CntA#12,core,0.8305,0,0,0,0,[alpha]
NZ_LZJZ01000012.1:63806-65012:1,WP_068036983.1,A5678_RS00820,,aromatic ring-hydroxylating dioxygenase subunit alpha,5_504_CntA,5,95.2,0.8548,2.4e-27,NZ_LZJZ01000012.1,63806,65012,1,Mycobacterium sp. E2733,Bacteria; Bacillati; Actinomycetota; Actinomycetes; Mycobacteriales; Mycobacteriaceae; Mycobacterium,0,5_504_CntA#1,core,0.8765,0,0,0,0,[alpha]
NZ_LZJZ01000015.1:10555-11884:1,WP_068037826.1,A5678_RS02315,,SRPBCC family protein,5_504_CntA,5,115.1,0.5538,2.2e-33,NZ_LZJZ01000015.1,10555,11884,1,Mycobacterium sp. E2733,Bacteria; Bacillati; Actinomycetota; Actinomycetes; Mycobacteriales; Mycobacteriaceae; Mycobacterium,0,5_504_CntA#3,core,0.9014,0,0,0,0,other > other > regulator > other > hydrolase > [alpha]
NZ_LZKH01000078.1:31763-33107:1,WP_067945056.1,A5709_RS08445,,SRPBCC family protein,5_504_CntA,5,110.9,0.5538,4.2e-32,NZ_LZKH01000078.1,31763,33107,1,Mycobacterium sp. E1386,Bacteria; Bacillati; Actinomycetota; Actinomycetes; Mycobacteriales; Mycobacteriaceae; Mycobacterium,0,5_504_CntA#3,core,0.9322,0,0,0,0,other > other > regulator > other > hydrolase > [alpha] > hypothetical
NZ_LZKH01000175.1:5086-6286:-1,WP_068121205.1,A5709_RS17770,,aromatic ring-hydroxylating dioxygenase subunit alpha,5_504_CntA,5,88.2,0.8548,3.4e-25,NZ_LZKH01000175.1,5086,6286,-1,Mycobacterium sp. E1386,Bacteria; Bacillati; Actinomycetota; Actinomycetes; Mycobacteriales; Mycobacteriaceae; Mycobacterium,0,5_504_CntA#1,core,0.8835,0,0,0,0,[alpha]
NZ_LZKI01000065.1:3381-4533:-1,WP_065028254.1,A5708_RS08780,,aromatic ring-hydroxylating dioxygenase subunit alpha,5_504_CntA,5,103.0,0.8602,1.1e-29,NZ_LZKI01000065.1,3381,4533,-1,Mycobacterium colombiense,Bacteria; Bacillati; Actinomycetota; Actinomycetes; Mycobacteriales; Mycobacteriaceae; Mycobacterium; Mycobacterium avium complex (MAC),0,5_504_CntA#1,core,0.8669,0,0,0,0,[alpha]
NZ_LZKI01000143.1:27236-28577:-1,WP_065030228.1,A5708_RS19690,,SRPBCC family protein,5_504_CntA,5,117.7,0.5538,3.6e-34,NZ_LZKI01000143.1,27236,28577,-1,Mycobacterium colombiense,Bacteria; Bacillati; Actinomycetota; Actinomycetes; Mycobacteriales; Mycobacteriaceae; Mycobacterium; Mycobacterium avium complex (MAC),0,5_504_CntA#3,core,0.898,0,0,0,0,regulator > other > hydrolase > [alpha]
NZ_LZKJ01000070.1:8871-10011:1,WP_065013845.1,A5707_RS07310,,aromatic ring-hydroxylating dioxygenase subunit alpha,5_504_CntA,5,110.9,0.9032,4.1e-32,NZ_LZKJ01000070.1,8871,10011,1,Mycobacterium kyorinense,Bacteria; Bacillati; Actinomycetota; Actinomycetes; Mycobacteriales; Mycobacteriaceae; Mycobacterium,0,5_504_CntA#1,core,0.875,0,0,0,0,other > [alpha]
NZ_LZKK01000115.1:35272-36433:1,WP_068129454.1,A5706_RS09625,,SRPBCC family protein,5_504_CntA,5,78.5,0.5672,2.9e-22,NZ_LZKK01000115.1,35272,36433,1,Mycobacterium sp. E796,Bacteria; Bacillati; Actinomycetota; Actinomycetes; Mycobacteriales; Mycobacteriaceae; Mycobacterium,0,5_504_CntA#12,core,0.7726,0,0,0,0,[alpha]
NZ_LZKK01000295.1:21930-23079:-1,WP_068135457.1,A5706_RS22420,,aromatic ring-hydroxylating dioxygenase subunit alpha,5_504_CntA,5,99.3,0.8522,1.4e-28,NZ_LZKK01000295.1,21930,23079,-1,Mycobacterium sp. E796,Bacteria; Bacillati; Actinomycetota; Actinomycetes; Mycobacteriales; Mycobacteriaceae; Mycobacterium,0,5_504_CntA#1,core,0.8812,0,0,0,0,[alpha]
NZ_LZKQ01000235.1:36012-37197:1,WP_065122545.1,A9X01_RS20725,,SRPBCC family protein,5_504_CntA,5,87.6,0.871,5e-25,NZ_LZKQ01000235.1,36012,37197,1,Mycobacterium asiaticum,Bacteria; Bacillati; Actinomycetota; Actinomycetes; Mycobacteriales; Mycobacteriaceae; Mycobacterium,0,5_504_CntA#12,core,0.8254,0,0,0,0,[alpha]
NZ_LZKP01000163.1:21648-22980:-1,WP_068150886.1,A5663_RS15770,,SRPBCC family protein,5_504_CntA,5,108.9,0.5323,1.7e-31,NZ_LZKP01000163.1,21648,22980,-1,Mycobacterium sp. E740,Bacteria; Bacillati; Actinomycetota; Actinomycetes; Mycobacteriales; Mycobacteriaceae; Mycobacterium,0,5_504_CntA#3,core,0.78,0,0,0,0,[alpha] > regulator
NZ_LZKQ01000043.1:1610-2768:-1,WP_065119382.1,A9X01_RS03925,,aromatic ring-hydroxylating dioxygenase subunit alpha,5_504_CntA,5,103.5,0.8548,7.2e-30,NZ_LZKQ01000043.1,1610,2768,-1,Mycobacterium asiaticum,Bacteria; Bacillati; Actinomycetota; Actinomycetes; Mycobacteriales; Mycobacteriaceae; Mycobacterium,0,5_504_CntA#1,core,0.899,0,0,0,0,[alpha]
NZ_LZKL01000091.1:7609-8791:-1,WP_068278958.1,A5705_RS17915,,SRPBCC family protein,5_504_CntA,5,94.5,0.8629,4.1e-27,NZ_LZKL01000091.1,7609,8791,-1,Mycobacterium sp. E787,Bacteria; Bacillati; Actinomycetota; Actinomycetes; Mycobacteriales; Mycobacteriaceae; Mycobacterium,0,5_504_CntA#12,core,0.8373,0,0,0,0,[alpha]
NZ_LZKL01000064.1:241646-242789:1,WP_068278248.1,A5705_RS14395,,aromatic ring-hydroxylating dioxygenase subunit alpha,5_504_CntA,5,106.1,0.8522,1.2e-30,NZ_LZKL01000064.1,241646,242789,1,Mycobacterium sp. E787,Bacteria; Bacillati; Actinomycetota; Actinomycetes; Mycobacteriales; Mycobacteriaceae; Mycobacterium,0,5_504_CntA#1,core,0.8238,0,0,0,0,[alpha]
NZ_LZKT01000070.1:99727-100864:-1,WP_067319350.1,A5660_RS09715,,aromatic ring-hydroxylating dioxygenase subunit alpha,5_504_CntA,5,107.2,0.8548,5.5e-31,NZ_LZKT01000070.1,99727,100864,-1,Mycobacterium alsense,Bacteria; Bacillati; Actinomycetota; Actinomycetes; Mycobacteriales; Mycobacteriaceae; Mycobacterium,0,5_504_CntA#1,core,0.8514,0,0,0,0,[alpha]
NZ_LZKR01000093.1:9302-10484:-1,WP_067153596.1,A9X00_RS13160,,SRPBCC family protein,5_504_CntA,5,76.1,0.7688,1.5e-21,NZ_LZKR01000093.1,9302,10484,-1,Mycobacterium sp. 1245805.9,Bacteria; Bacillati; Actinomycetota; Actinomycetes; Mycobacteriales; Mycobacteriaceae; Mycobacterium,0,5_504_CntA#12,core,0.7947,0,0,0,0,[alpha]
NZ_LZKR01000093.1:60408-61734:1,WP_067153676.1,A9X00_RS13380,,SRPBCC family protein,5_504_CntA,5,115.6,0.5403,1.6e-33,NZ_LZKR01000093.1,60408,61734,1,Mycobacterium sp. 1245805.9,Bacteria; Bacillati; Actinomycetota; Actinomycetes; Mycobacteriales; Mycobacteriaceae; Mycobacterium,0,5_504_CntA#3,core,0.8847,0,0,0,0,hydrolase > [alpha] > hypothetical
NZ_LZKR01000093.1:114405-115638:1,WP_067153793.1,A9X00_RS13660,,aromatic ring-hydroxylating dioxygenase subunit alpha,5_504_CntA,5,132.4,0.5215,1.2e-38,NZ_LZKR01000093.1,114405,115638,1,Mycobacterium sp. 1245805.9,Bacteria; Bacillati; Actinomycetota; Actinomycetes; Mycobacteriales; Mycobacteriaceae; Mycobacterium,0,5_504_CntA#31,novel_candidate,0.2732,0,0,0,0,[alpha] > hypothetical
NZ_LZKT01000144.1:33776-34961:-1,WP_067323639.1,A5660_RS17370,,SRPBCC family protein,5_504_CntA,5,89.1,0.5672,1.8e-25,NZ_LZKT01000144.1,33776,34961,-1,Mycobacterium alsense,Bacteria; Bacillati; Actinomycetota; Actinomycetes; Mycobacteriales; Mycobacteriaceae; Mycobacterium,0,5_504_CntA#12,core,0.8,0,0,0,0,[alpha]
NZ_LZKU01000129.1:4467-5808:-1,WP_066993071.1,A5625_RS11325,,SRPBCC family protein,5_504_CntA,5,118.4,0.5565,2.3e-34,NZ_LZKU01000129.1,4467,5808,-1,Mycobacterium sp. 1465703.0,Bacteria; Bacillati; Actinomycetota; Actinomycetes; Mycobacteriales; Mycobacteriaceae; Mycobacterium,0,5_504_CntA#3,core,0.8693,0,0,0,0,other > hydrolase > [alpha]
NZ_LZKU01000024.1:3327-4482:-1,WP_066988719.1,A5625_RS02080,,aromatic ring-hydroxylating dioxygenase subunit alpha,5_504_CntA,5,97.9,0.8602,3.8e-28,NZ_LZKU01000024.1,3327,4482,-1,Mycobacterium sp. 1465703.0,Bacteria; Bacillati; Actinomycetota; Actinomycetes; Mycobacteriales; Mycobacteriaceae; Mycobacterium,0,5_504_CntA#1,core,0.89,0,0,0,0,[alpha]
NZ_LZKV01000048.1:107496-108837:-1,WP_066861945.1,A5624_RS04145,,SRPBCC family protein,5_504_CntA,5,114.2,0.5538,4.2e-33,NZ_LZKV01000048.1,107496,108837,-1,Mycobacterium sp. 1482292.6,Bacteria; Bacillati; Actinomycetota; Actinomycetes; Mycobacteriales; Mycobacteriaceae; Mycobacterium,0,5_504_CntA#3,core,0.8735,0,0,0,0,regulator > other > hydrolase > [alpha]
NZ_LZKV01000060.1:3527-4679:-1,WP_066862558.1,A5624_RS05135,,aromatic ring-hydroxylating dioxygenase subunit alpha,5_504_CntA,5,98.8,0.8575,2e-28,NZ_LZKV01000060.1,3527,4679,-1,Mycobacterium sp. 1482292.6,Bacteria; Bacillati; Actinomycetota; Actinomycetes; Mycobacteriales; Mycobacteriaceae; Mycobacterium,0,5_504_CntA#1,core,0.9384,0,0,0,0,[alpha]
NZ_LZKY01000171.1:44704-46045:1,WP_066878496.1,A5622_RS11080,,SRPBCC family protein,5_504_CntA,5,114.2,0.5538,4.2e-33,NZ_LZKY01000171.1,44704,46045,1,Mycobacterium sp. 1245801.1,Bacteria; Bacillati; Actinomycetota; Actinomycetes; Mycobacteriales; Mycobacteriaceae; Mycobacterium,0,5_504_CntA#3,core,0.8739,0,0,0,0,regulator > other > hydrolase > [alpha]
NZ_LZLC01000017.1:13643-15011:1,WP_064978707.1,A5630_RS01160,,SRPBCC family protein,5_504_CntA,5,94.5,0.5269,4.1e-27,NZ_LZLC01000017.1,13643,15011,1,Mycolicibacterium mucogenicum,Bacteria; Bacillati; Actinomycetota; Actinomycetes; Mycobacteriales; Mycobacteriaceae; Mycolicibacterium,0,5_504_CntA#170,novel_candidate,0.367,0,0,0,0,ferredoxin > other > [alpha] > other > other > other
NZ_LZKY01000337.1:9695-10847:-1,WP_066881013.1,A5622_RS21110,,aromatic ring-hydroxylating dioxygenase subunit alpha,5_504_CntA,5,99.1,0.8575,1.6e-28,NZ_LZKY01000337.1,9695,10847,-1,Mycobacterium sp. 1245801.1,Bacteria; Bacillati; Actinomycetota; Actinomycetes; Mycobacteriales; Mycobacteriaceae; Mycobacterium,0,5_504_CntA#1,core,0.9345,0,0,0,0,[alpha]
NZ_LZLE01000079.1:7302-8472:1,WP_067409386.1,A9W95_RS04315,,SRPBCC family protein,5_504_CntA,5,119.2,0.8737,1.3e-34,NZ_LZLE01000079.1,7302,8472,1,Mycobacterium sp. 1423905.2,Bacteria; Bacillati; Actinomycetota; Actinomycetes; Mycobacteriales; Mycobacteriaceae; Mycobacterium,0,5_504_CntA#1,core,0.8549,0,0,0,0,[alpha]
NZ_LZLE01000167.1:45100-46441:1,WP_067411398.1,A9W95_RS09800,,SRPBCC family protein,5_504_CntA,5,115.5,0.5403,1.6e-33,NZ_LZLE01000167.1,45100,46441,1,Mycobacterium sp. 1423905.2,Bacteria; Bacillati; Actinomycetota; Actinomycetes; Mycobacteriales; Mycobacteriaceae; Mycobacterium,0,5_504_CntA#3,core,0.8732,0,0,0,0,other > other > hydrolase > [alpha] > other > reductase > other > reductase > regulator
NZ_LZLL01000115.1:3100-4252:-1,WP_067138259.1,A9W96_RS05200,,aromatic ring-hydroxylating dioxygenase subunit alpha,5_504_CntA,5,97.6,0.8548,4.7e-28,NZ_LZLL01000115.1,3100,4252,-1,Mycobacterium sp. 1245852.3,Bacteria; Bacillati; Actinomycetota; Actinomycetes; Mycobacteriales; Mycobacteriaceae; Mycobacterium,0,5_504_CntA#1,core,0.931,0,0,0,0,[alpha]
NZ_LZLL01000150.1:1094-2435:-1,WP_066878496.1,A9W96_RS06760,,SRPBCC family protein,5_504_CntA,5,114.2,0.5538,4.2e-33,NZ_LZLL01000150.1,1094,2435,-1,Mycobacterium sp. 1245852.3,Bacteria; Bacillati; Actinomycetota; Actinomycetes; Mycobacteriales; Mycobacteriaceae; Mycobacterium,0,5_504_CntA#3,core,0.8739,0,0,0,0,regulator > other > hydrolase > [alpha]
NZ_LZLG01000126.1:51800-53141:1,WP_065142014.1,A5628_RS23915,,SRPBCC family protein,5_504_CntA,5,118.2,0.5591,2.5e-34,NZ_LZLG01000126.1,51800,53141,1,Mycobacterium colombiense,Bacteria; Bacillati; Actinomycetota; Actinomycetes; Mycobacteriales; Mycobacteriaceae; Mycobacterium; Mycobacterium avium complex (MAC),0,5_504_CntA#3,core,0.896,0,0,0,0,regulator > other > hydrolase > [alpha]
NZ_LZLG01000023.1:63535-64687:1,WP_065054116.1,A5628_RS04900,,aromatic ring-hydroxylating dioxygenase subunit alpha,5_504_CntA,5,104.2,0.8602,4.5e-30,NZ_LZLG01000023.1,63535,64687,1,Mycobacterium colombiense,Bacteria; Bacillati; Actinomycetota; Actinomycetes; Mycobacteriales; Mycobacteriaceae; Mycobacterium; Mycobacterium avium complex (MAC),0,5_504_CntA#1,core,0.876,0,0,0,0,[alpha]
NZ_LZLQ01000142.1:20608-21940:-1,WP_065160937.1,A5636_RS22965,,SRPBCC family protein,5_504_CntA,5,114.1,0.5403,4.4e-33,NZ_LZLQ01000142.1,20608,21940,-1,Mycobacterium asiaticum,Bacteria; Bacillati; Actinomycetota; Actinomycetes; Mycobacteriales; Mycobacteriaceae; Mycobacterium,0,5_504_CntA#3,core,0.8635,0,0,0,0,other > other > hydrolase > [alpha]
NZ_LZLM01000048.1:16520-17654:-1,WP_065139329.1,A5640_RS11910,,aromatic ring-hydroxylating dioxygenase subunit alpha,5_504_CntA,5,103.8,0.8844,5.9e-30,NZ_LZLM01000048.1,16520,17654,-1,Mycobacterium asiaticum,Bacteria; Bacillati; Actinomycetota; Actinomycetes; Mycobacteriales; Mycobacteriaceae; Mycobacterium,0,5_504_CntA#37,novel_candidate,0.3202,0,0,0,0,hypothetical > [alpha]
NZ_LZLM01000101.1:19494-20637:-1,WP_065141057.1,A5640_RS24970,,aromatic ring-hydroxylating dioxygenase subunit alpha,5_504_CntA,5,98.0,0.8495,3.6e-28,NZ_LZLM01000101.1,19494,20637,-1,Mycobacterium asiaticum,Bacteria; Bacillati; Actinomycetota; Actinomycetes; Mycobacteriales; Mycobacteriaceae; Mycobacterium,0,5_504_CntA#1,core,0.8528,0,0,0,0,[alpha]
NZ_LZLQ01000150.1:171-1314:1,WP_065161212.1,A5636_RS24340,,aromatic ring-hydroxylating dioxygenase subunit alpha,5_504_CntA,5,107.6,0.8575,4.2e-31,NZ_LZLQ01000150.1,171,1314,1,Mycobacterium asiaticum,Bacteria; Bacillati; Actinomycetota; Actinomycetes; Mycobacteriales; Mycobacteriaceae; Mycobacterium,0,5_504_CntA#1,core,0.9133,0,0,0,0,[alpha]
NZ_LZLS01000023.1:56666-57791:1,WP_065142518.1,A5634_RS02580,,aromatic ring-hydroxylating dioxygenase subunit alpha,5_504_CntA,5,112.7,0.8871,1.2e-32,NZ_LZLS01000023.1,56666,57791,1,Mycobacterium asiaticum,Bacteria; Bacillati; Actinomycetota; Actinomycetes; Mycobacteriales; Mycobacteriaceae; Mycobacterium,0,5_504_CntA#47,novel_candidate,0.3043,0,0,0,0,hydrolase > hydrolase > [alpha]
NZ_LZLR01000093.1:20366-21509:-1,WP_065035494.1,A5635_RS10600,,aromatic ring-hydroxylating dioxygenase subunit alpha,5_504_CntA,5,97.0,0.8575,7e-28,NZ_LZLR01000093.1,20366,21509,-1,Mycobacterium asiaticum,Bacteria; Bacillati; Actinomycetota; Actinomycetes; Mycobacteriales; Mycobacteriaceae; Mycobacterium,0,5_504_CntA#1,core,0.8376,0,0,0,0,[alpha]
NZ_LZLR01000107.1:87329-88544:1,WP_065035835.1,A5635_RS12500,,SRPBCC family protein,5_504_CntA,5,85.8,0.871,1.8e-24,NZ_LZLR01000107.1,87329,88544,1,Mycobacterium asiaticum,Bacteria; Bacillati; Actinomycetota; Actinomycetes; Mycobacteriales; Mycobacteriaceae; Mycobacterium,0,5_504_CntA#12,core,0.8103,0,0,0,0,[alpha]
NZ_LZLS01000201.1:18447-19599:1,WP_065146466.1,A5634_RS23640,,aromatic ring-hydroxylating dioxygenase subunit alpha,5_504_CntA,5,102.0,0.8629,2.2e-29,NZ_LZLS01000201.1,18447,19599,1,Mycobacterium asiaticum,Bacteria; Bacillati; Actinomycetota; Actinomycetes; Mycobacteriales; Mycobacteriaceae; Mycobacterium,0,5_504_CntA#1,core,0.8916,0,0,0,0,[alpha]
NZ_LZLY01000068.1:53465-54614:1,WP_067008662.1,A5655_RS09460,,aromatic ring-hydroxylating dioxygenase subunit alpha,5_504_CntA,5,98.9,0.8522,1.8e-28,NZ_LZLY01000068.1,53465,54614,1,Mycobacterium sp. 1081908.1,Bacteria; Bacillati; Actinomycetota; Actinomycetes; Mycobacteriales; Mycobacteriaceae; Mycobacterium,0,5_504_CntA#1,core,0.86,0,0,0,0,[alpha]
NZ_LZLV01000155.1:95428-96589:-1,WP_067342448.1,A5658_RS26615,,SRPBCC family protein,5_504_CntA,5,80.5,0.5457,7.1e-23,NZ_LZLV01000155.1,95428,96589,-1,Mycobacterium sp. 1245111.1,Bacteria; Bacillati; Actinomycetota; Actinomycetes; Mycobacteriales; Mycobacteriaceae; Mycobacterium,0,5_504_CntA#62,core,0.6527,0,0,0,0,[alpha] > other
NZ_LZLY01000128.1:19907-21140:-1,WP_067013238.1,A5655_RS20735,,aromatic ring-hydroxylating dioxygenase subunit alpha,5_504_CntA,5,131.2,0.5242,2.8e-38,NZ_LZLY01000128.1,19907,21140,-1,Mycobacterium sp. 1081908.1,Bacteria; Bacillati; Actinomycetota; Actinomycetes; Mycobacteriales; Mycobacteriaceae; Mycobacterium,0,5_504_CntA#31,novel_candidate,0.2657,0,0,0,0,[alpha] > hypothetical
NZ_LZMB01000273.1:6996-8148:1,WP_067350962.1,A5652_RS11915,,aromatic ring-hydroxylating dioxygenase subunit alpha,5_504_CntA,5,104.1,0.8602,4.9e-30,NZ_LZMB01000273.1,6996,8148,1,Mycobacterium sp. 1165178.9,Bacteria; Bacillati; Actinomycetota; Actinomycetes; Mycobacteriales; Mycobacteriaceae; Mycobacterium,0,5_504_CntA#1,core,0.9159,0,0,0,0,[alpha]
NZ_LZMB01000587.1:6841-8182:1,WP_067358676.1,A5652_RS25685,,SRPBCC family protein,5_504_CntA,5,117.1,0.5565,5.7e-34,NZ_LZMB01000587.1,6841,8182,1,Mycobacterium sp. 1165178.9,Bacteria; Bacillati; Actinomycetota; Actinomycetes; Mycobacteriales; Mycobacteriaceae; Mycobacterium,0,5_504_CntA#3,core,0.8051,0,0,0,0,regulator > other > hydrolase > [alpha]
NZ_LZMC01000003.1:35702-36848:1,WP_066974605.1,A5651_RS00830,,aromatic ring-hydroxylating dioxygenase subunit alpha,5_504_CntA,5,103.6,0.8602,6.8e-30,NZ_LZMC01000003.1,35702,36848,1,Mycobacterium sp. 1274761.0,Bacteria; Bacillati; Actinomycetota; Actinomycetes; Mycobacteriales; Mycobacteriaceae; Mycobacterium,0,5_504_CntA#1,core,0.7421,0,0,0,0,[alpha]
NZ_LZME01000126.1:14552-15692:1,WP_065041675.1,A5649_RS17705,,aromatic ring-hydroxylating dioxygenase subunit alpha,5_504_CntA,5,115.1,0.871,2.3e-33,NZ_LZME01000126.1,14552,15692,1,Mycolicibacter heraklionensis,Bacteria; Bacillati; Actinomycetota; Actinomycetes; Mycobacteriales; Mycobacteriaceae; Mycolicibacter,0,5_504_CntA#47,novel_candidate,0.3177,0,0,0,0,hypothetical > hydrolase > [alpha] > alpha_other
NZ_LZME01000126.1:15792-16893:1,WP_065041676.1,A5649_RS17710,,aromatic ring-hydroxylating dioxygenase subunit alpha,5_504_CntA,5,102.0,0.6022,2.2e-29,NZ_LZME01000126.1,15792,16893,1,Mycolicibacter heraklionensis,Bacteria; Bacillati; Actinomycetota; Actinomycetes; Mycobacteriales; Mycobacteriaceae; Mycolicibacter,0,5_504_CntA#47,novel_candidate,0.3303,0,0,0,0,hypothetical > hydrolase > alpha_other > [alpha]
NZ_LZMK01000368.1:273936-275319:-1,WP_064910494.1,A5780_RS29740,,SRPBCC family protein,5_504_CntA,5,109.7,0.5484,9.7e-32,NZ_LZMK01000368.1,273936,275319,-1,Nocardia sp. 852002-20019_SCH5090214,Bacteria; Bacillati; Actinomycetota; Actinomycetes; Mycobacteriales; Nocardiaceae; Nocardia,0,5_504_CntA#61,novel_candidate,0.2955,0,0,0,0,[alpha] > hypothetical > other
NZ_LZSG01000062.1:133496-134633:1,WP_067383094.1,A9W99_RS21805,,SRPBCC family protein,5_504_CntA,5,101.3,0.9059,3.6e-29,NZ_LZSG01000062.1,133496,134633,1,Mycobacterium sp. 1164966.3,Bacteria; Bacillati; Actinomycetota; Actinomycetes; Mycobacteriales; Mycobacteriaceae; Mycobacterium,0,5_504_CntA#1,core,0.8542,0,0,0,0,regulator > [alpha]
NZ_LZSG01000005.1:320692-321853:-1,WP_067373332.1,A9W99_RS03465,,SRPBCC family protein,5_504_CntA,5,77.1,0.5645,7.8e-22,NZ_LZSG01000005.1,320692,321853,-1,Mycobacterium sp. 1164966.3,Bacteria; Bacillati; Actinomycetota; Actinomycetes; Mycobacteriales; Mycobacteriaceae; Mycobacterium,0,5_504_CntA#12,core,0.7966,0,0,0,0,[alpha]
NZ_LZSK01000091.1:39993-41172:1,WP_064897084.1,A5718_RS24445,,aromatic ring-hydroxylating dioxygenase subunit alpha,5_504_CntA,5,123.7,0.5349,5.3e-36,NZ_LZSK01000091.1,39993,41172,1,Mycolicibacterium conceptionense,Bacteria; Bacillati; Actinomycetota; Actinomycetes; Mycobacteriales; Mycobacteriaceae; Mycolicibacterium,0,5_504_CntA#112,novel_candidate,0.2638,0,0,0,0,regulator > other > [alpha] > reductase > reductase > hypothetical > hypothetical > transporter
NZ_LZSO01000008.1:511000-512407:1,WP_064929600.1,A5792_RS03620,,SRPBCC family protein,5_504_CntA,5,102.8,0.5538,1.2e-29,NZ_LZSO01000008.1,511000,512407,1,Mycolicibacterium peregrinum,Bacteria; Bacillati; Actinomycetota; Actinomycetes; Mycobacteriales; Mycobacteriaceae; Mycolicibacterium,0,5_504_CntA#169,novel_candidate,0.268,0,0,0,0,reductase > other > dehydrogenase > dehydrogenase > other > [alpha]
NZ_LZSV01000032.1:93925-95146:1,WP_067743052.1,A5758_RS18960,,aromatic ring-hydroxylating dioxygenase subunit alpha,5_504_CntA,5,139.7,0.5242,7.3e-41,NZ_LZSV01000032.1,93925,95146,1,Mycobacterium sp. 852014-50255_SCH5639931,Bacteria; Bacillati; Actinomycetota; Actinomycetes; Mycobacteriales; Mycobacteriaceae; Mycobacterium,0,5_504_CntA#31,novel_candidate,0.2553,0,0,0,0,[alpha] > hypothetical
NZ_LZSW01000054.1:49717-51061:1,WP_068199677.1,A5759_RS17005,,aromatic ring-hydroxylating dioxygenase subunit alpha,5_504_CntA,5,115.3,0.5403,1.9e-33,NZ_LZSW01000054.1,49717,51061,1,Mycobacterium sp. 852014-52144_SCH5372336,Bacteria; Bacillati; Actinomycetota; Actinomycetes; Mycobacteriales; Mycobacteriaceae; Mycobacterium,0,5_504_CntA#3,core,0.7749,0,0,0,0,[alpha] > regulator
NZ_LZSX01000089.1:1461-2613:1,WP_064884691.1,A5760_RS21915,,aromatic ring-hydroxylating dioxygenase subunit alpha,5_504_CntA,5,101.3,0.6263,3.4e-29,NZ_LZSX01000089.1,1461,2613,1,Mycobacterium colombiense,Bacteria; Bacillati; Actinomycetota; Actinomycetes; Mycobacteriales; Mycobacteriaceae; Mycobacterium; Mycobacterium avium complex (MAC),0,5_504_CntA#1,core,0.8493,0,0,0,0,[alpha]
NZ_LZSX01000107.1:32030-33383:-1,WP_064885964.1,A5760_RS25265,,SRPBCC family protein,5_504_CntA,5,114.0,0.5538,4.9e-33,NZ_LZSX01000107.1,32030,33383,-1,Mycobacterium colombiense,Bacteria; Bacillati; Actinomycetota; Actinomycetes; Mycobacteriales; Mycobacteriaceae; Mycobacterium; Mycobacterium avium complex (MAC),0,5_504_CntA#3,core,0.8291,0,0,0,0,regulator > other > hydrolase > [alpha]
NZ_LZSV01000011.1:177775-179125:-1,WP_067737878.1,A5758_RS06380,,SRPBCC family protein,5_504_CntA,5,112.9,0.5538,1.1e-32,NZ_LZSV01000011.1,177775,179125,-1,Mycobacterium sp. 852014-50255_SCH5639931,Bacteria; Bacillati; Actinomycetota; Actinomycetes; Mycobacteriales; Mycobacteriaceae; Mycobacterium,0,5_504_CntA#3,core,0.922,0,0,0,0,other > other > regulator > other > hydrolase > [alpha]
NZ_LZSV01000016.1:89739-90891:1,WP_067211396.1,A5758_RS08210,,SRPBCC family protein,5_504_CntA,5,103.1,0.8548,1e-29,NZ_LZSV01000016.1,89739,90891,1,Mycobacterium sp. 852014-50255_SCH5639931,Bacteria; Bacillati; Actinomycetota; Actinomycetes; Mycobacteriales; Mycobacteriaceae; Mycobacterium,0,5_504_CntA#1,core,0.8924,0,0,0,0,[alpha]
NZ_LZTA01000101.1:39810-41163:1,WP_067103450.1,A5782_RS18955,,SRPBCC family protein,5_504_CntA,5,122.2,0.5565,1.6e-35,NZ_LZTA01000101.1,39810,41163,1,Mycobacterium sp. 852002-40037_SCH5390672,Bacteria; Bacillati; Actinomycetota; Actinomycetes; Mycobacteriales; Mycobacteriaceae; Mycobacterium,0,5_504_CntA#3,core,0.8392,0,0,0,0,regulator > other > hydrolase > [alpha]
NZ_LZTA01000038.1:149740-150892:-1,WP_067096563.1,A5782_RS06135,,aromatic ring-hydroxylating dioxygenase subunit alpha,5_504_CntA,5,100.5,0.8575,6.2e-29,NZ_LZTA01000038.1,149740,150892,-1,Mycobacterium sp. 852002-40037_SCH5390672,Bacteria; Bacillati; Actinomycetota; Actinomycetes; Mycobacteriales; Mycobacteriaceae; Mycobacterium,0,5_504_CntA#1,core,0.9044,0,0,0,0,[alpha]
NZ_MACM02000003.1:34978-36100:1,WP_024765384.1,A9513_RS00485,,aromatic ring-hydroxylating dioxygenase subunit alpha,5_504_CntA,5,756.3,0.9973,3.2e-228,NZ_MACM02000003.1,34978,36100,1,Pseudomonas sp. AU12215,Bacteria; Pseudomonadati; Pseudomonadota; Gammaproteobacteria; Pseudomonadales; Pseudomonadaceae; Pseudomonas,0,5_504_CntA#0,core,0.7309,0,0,0,0,transporter > [alpha]
NZ_MACM02000007.1:22165-23332:1,WP_065083845.1,A9513_RS01990,,aromatic ring-hydroxylating dioxygenase subunit alpha,5_504_CntA,5,269.6,0.957,2.5e-80,NZ_MACM02000007.1,22165,23332,1,Pseudomonas sp. AU12215,Bacteria; Pseudomonadati; Pseudomonadota; Gammaproteobacteria; Pseudomonadales; Pseudomonadaceae; Pseudomonas,0,5_504_CntA#7,core,0.8242,0,0,0,0,[alpha] > dehydrogenase > regulator
NZ_LZYC01000019.1:116227-117415:1,WP_043271942.1,BAE52_RS03755,,aromatic ring-hydroxylating dioxygenase subunit alpha,5_504_CntA,5,148.9,0.8763,1.2e-43,NZ_LZYC01000019.1,116227,117415,1,Pseudomonas sp. EGD-AKN5,Bacteria; Pseudomonadati; Pseudomonadota; Gammaproteobacteria; Pseudomonadales; Pseudomonadaceae; Pseudomonas,0,5_504_CntA#70,core,0.8517,1,0,0,1,[alpha] > dehydrogenase > other > reductase > reductase > other > transporter
NZ_LZYC01000085.1:63432-64554:1,WP_058490191.1,BAE52_RS27885,,aromatic ring-hydroxylating dioxygenase subunit alpha,5_504_CntA,5,767.1,0.9973,1.6e-231,NZ_LZYC01000085.1,63432,64554,1,Pseudomonas sp. EGD-AKN5,Bacteria; Pseudomonadati; Pseudomonadota; Gammaproteobacteria; Pseudomonadales; Pseudomonadaceae; Pseudomonas,0,5_504_CntA#0,core,0.7394,0,0,0,0,transporter > [alpha] > dehydrogenase > reductase
NZ_MAEM01000111.1:6010-7369:-1,WP_065132795.1,A9W98_RS06495,,SRPBCC family protein,5_504_CntA,5,110.1,0.5403,7.2e-32,NZ_MAEM01000111.1,6010,7369,-1,Mycobacterium gordonae,Bacteria; Bacillati; Actinomycetota; Actinomycetes; Mycobacteriales; Mycobacteriaceae; Mycobacterium,0,5_504_CntA#3,core,0.8651,0,0,0,0,other > other > hydrolase > [alpha] > other > reductase
NZ_MACM02000030.1:24616-25807:-1,WP_065084481.1,A9513_RS08580,,aromatic ring-hydroxylating dioxygenase subunit alpha,5_504_CntA,5,143.4,0.879,5.5e-42,NZ_MACM02000030.1,24616,25807,-1,Pseudomonas sp. AU12215,Bacteria; Pseudomonadati; Pseudomonadota; Gammaproteobacteria; Pseudomonadales; Pseudomonadaceae; Pseudomonas,0,5_504_CntA#9,core,0.8348,1,0,0,1,[alpha] > dehydrogenase > other > reductase > reductase > other > transporter > hypothetical
NZ_MAOS01000042.1:67582-68731:-1,WP_069343174.1,A9762_RS16905,,aromatic ring-hydroxylating dioxygenase subunit alpha,5_504_CntA,5,131.4,0.5349,2.5e-38,NZ_MAOS01000042.1,67582,68731,-1,Pandoraea sp. ISTKB,Bacteria; Pseudomonadati; Pseudomonadota; Betaproteobacteria; Burkholderiales; Burkholderiaceae; Pandoraea,0,5_504_CntA#8,core,0.8218,0,0,0,0,[alpha] > transporter > transporter > transporter > transporter
NZ_MAEM01000565.1:850-2005:1,WP_065137613.1,A9W98_RS35170,,aromatic ring-hydroxylating dioxygenase subunit alpha,5_504_CntA,5,104.9,0.8602,2.7e-30,NZ_MAEM01000565.1,850,2005,1,Mycobacterium gordonae,Bacteria; Bacillati; Actinomycetota; Actinomycetes; Mycobacteriales; Mycobacteriaceae; Mycobacterium,0,5_504_CntA#1,core,0.8715,0,0,0,0,[alpha]
NZ_MAXA01000191.1:27165-28236:-1,WP_071063088.1,BBK14_RS15210,,aromatic ring-hydroxylating dioxygenase subunit alpha,5_504_CntA,5,98.4,0.8468,2.7e-28,NZ_MAXA01000191.1,27165,28236,-1,Parafrankia soli,Bacteria; Bacillati; Actinomycetota; Actinomycetes; Frankiales; Frankiaceae; Parafrankia,0,5_504_CntA#29,core,0.5552,0,0,0,0,[alpha]
NZ_MBEE01000049.1:13464-14613:1,WP_042911393.1,A5677_RS05445,,SRPBCC family protein,5_504_CntA,5,101.1,0.8011,4e-29,NZ_MBEE01000049.1,13464,14613,1,Mycobacterium malmoense,Bacteria; Bacillati; Actinomycetota; Actinomycetes; Mycobacteriales; Mycobacteriaceae; Mycobacterium,0,5_504_CntA#37,novel_candidate,0.327,0,0,0,0,hydrolase > hydrolase > [alpha] > hydrolase > hypothetical
NZ_MBEE01000053.1:46725-48081:1,WP_065479304.1,A5677_RS05865,,SRPBCC family protein,5_504_CntA,5,116.6,0.5565,7.5e-34,NZ_MBEE01000053.1,46725,48081,1,Mycobacterium malmoense,Bacteria; Bacillati; Actinomycetota; Actinomycetes; Mycobacteriales; Mycobacteriaceae; Mycobacterium,0,5_504_CntA#3,core,0.9062,0,0,0,0,regulator > other > hydrolase > [alpha]
NZ_MBEE01000080.1:64578-65736:1,WP_065480459.1,A5677_RS09640,,aromatic ring-hydroxylating dioxygenase subunit alpha,5_504_CntA,5,103.7,0.8548,6.6e-30,NZ_MBEE01000080.1,64578,65736,1,Mycobacterium malmoense,Bacteria; Bacillati; Actinomycetota; Actinomycetes; Mycobacteriales; Mycobacteriaceae; Mycobacterium,0,5_504_CntA#1,core,0.8977,0,0,0,0,[alpha]
NZ_MBEM01000069.1:11471-12692:-1,WP_076245034.1,A5736_RS05710,,aromatic ring-hydroxylating dioxygenase subunit alpha,5_504_CntA,5,132.1,0.5269,1.5e-38,NZ_MBEM01000069.1,11471,12692,-1,Mycobacterium sp. SP-6446,Bacteria; Bacillati; Actinomycetota; Actinomycetes; Mycobacteriales; Mycobacteriaceae; Mycobacterium,0,5_504_CntA#31,novel_candidate,0.2711,0,0,0,0,[alpha] > hypothetical
NZ_MBEM01000093.1:6090-7281:-1,WP_076245413.1,A5736_RS07570,,SRPBCC family protein,5_504_CntA,5,82.8,0.543,1.5e-23,NZ_MBEM01000093.1,6090,7281,-1,Mycobacterium sp. SP-6446,Bacteria; Bacillati; Actinomycetota; Actinomycetes; Mycobacteriales; Mycobacteriaceae; Mycobacterium,0,5_504_CntA#62,core,0.6862,0,0,0,0,[alpha]
NZ_MBEM01000137.1:37356-38727:1,WP_076246446.1,A5736_RS12195,,SRPBCC family protein,5_504_CntA,5,114.6,0.5403,3.1e-33,NZ_MBEM01000137.1,37356,38727,1,Mycobacterium sp. SP-6446,Bacteria; Bacillati; Actinomycetota; Actinomycetes; Mycobacteriales; Mycobacteriaceae; Mycobacterium,0,5_504_CntA#3,core,0.8918,0,0,0,0,regulator > other > hydrolase > [alpha] > hypothetical
NZ_MAYT01000031.1:68335-69373:1,WP_065412122.1,A8F95_RS19740,,aromatic ring-hydroxylating dioxygenase subunit alpha,5_504_CntA,5,251.1,0.8629,1e-74,NZ_MAYT01000031.1,68335,69373,1,Bacillus wudalianchiensis,Bacteria; Bacillati; Bacillota; Bacilli; Bacillales; Bacillaceae; Bacillus,0,5_504_CntA#48,novel_candidate,0.3312,1,0,0,1,dehydrogenase > hypothetical > other > other > dehydrogenase > transporter > dehydrogenase > [alpha] > reductase
NZ_MAYT01000031.1:87537-88620:1,WP_065412140.1,A8F95_RS19835,,aromatic ring-hydroxylating dioxygenase subunit alpha,5_504_CntA,5,259.9,0.8683,2.2e-77,NZ_MAYT01000031.1,87537,88620,1,Bacillus wudalianchiensis,Bacteria; Bacillati; Bacillota; Bacilli; Bacillales; Bacillaceae; Bacillus,0,5_504_CntA#39,novel_candidate,0.3214,1,0,0,1,reductase > ferredoxin > [alpha] > dehydrogenase > dehydrogenase
NZ_MAYU01000025.1:256854-257949:1,WP_066206757.1,A8F94_RS23775,,aromatic ring-hydroxylating dioxygenase subunit alpha,5_504_CntA,5,246.8,0.8925,2.1e-73,NZ_MAYU01000025.1,256854,257949,1,Bacillus sp. FJAT-27225,Bacteria; Bacillati; Bacillota; Bacilli; Bacillales; Bacillaceae; Bacillus,0,5_504_CntA#52,novel_candidate,0.3634,1,0,0,1,[alpha] > transporter > reductase > other
NZ_MAYT01000012.1:458421-459453:1,WP_065410360.1,A8F95_RS09945,,aromatic ring-hydroxylating dioxygenase subunit alpha,5_504_CntA,5,245.7,0.8763,4.5e-73,NZ_MAYT01000012.1,458421,459453,1,Bacillus wudalianchiensis,Bacteria; Bacillati; Bacillota; Bacilli; Bacillales; Bacillaceae; Bacillus,0,5_504_CntA#48,novel_candidate,0.3163,0,0,0,0,[alpha]
NZ_MBEM01000207.1:105016-106174:-1,WP_076247911.1,A5736_RS18790,,aromatic ring-hydroxylating dioxygenase subunit alpha,5_504_CntA,5,108.1,0.9382,3e-31,NZ_MBEM01000207.1,105016,106174,-1,Mycobacterium sp. SP-6446,Bacteria; Bacillati; Actinomycetota; Actinomycetes; Mycobacteriales; Mycobacteriaceae; Mycobacterium,0,5_504_CntA#1,core,0.8874,0,0,0,0,[alpha]
NZ_MBEQ01000009.1:63550-64888:-1,WP_076190894.1,A5740_RS01490,,aromatic ring-hydroxylating dioxygenase subunit alpha,5_504_CntA,5,112.1,0.5403,1.8e-32,NZ_MBEQ01000009.1,63550,64888,-1,Mycobacterium sp. GA-1841,Bacteria; Bacillati; Actinomycetota; Actinomycetes; Mycobacteriales; Mycobacteriaceae; Mycobacterium,0,5_504_CntA#3,core,0.7035,0,0,0,0,[alpha] > regulator
NZ_MBDL01000008.1:274796-275987:-1,WP_068886389.1,BBP83_RS05425,,aromatic ring-hydroxylating dioxygenase subunit alpha,5_504_CntA,5,141.4,0.8737,2.2e-41,NZ_MBDL01000008.1,274796,275987,-1,Acinetobacter celticus,Bacteria; Pseudomonadati; Pseudomonadota; Gammaproteobacteria; Moraxellales; Moraxellaceae; Acinetobacter,0,5_504_CntA#16,core,0.8452,1,0,0,1,[alpha] > dehydrogenase > reductase > reductase > other
NZ_MBDL01000009.1:413294-414410:-1,WP_068887538.1,BBP83_RS08730,cntA,carnitine monooxygenase subunit alpha,5_504_CntA,5,796.1,0.9919,2.4e-240,NZ_MBDL01000009.1,413294,414410,-1,Acinetobacter celticus,Bacteria; Pseudomonadati; Pseudomonadota; Gammaproteobacteria; Moraxellales; Moraxellaceae; Acinetobacter,0,5_504_CntA#0,core,0.915,1,0,0,1,dehydrogenase > transporter > hydrolase > [alpha] > dehydrogenase > reductase
NZ_MBET01000064.1:9611-10982:1,WP_076058820.1,A5745_RS10625,,SRPBCC family protein,5_504_CntA,5,114.0,0.5403,4.7e-33,NZ_MBET01000064.1,9611,10982,1,Mycobacterium sp. IS-2888,Bacteria; Bacillati; Actinomycetota; Actinomycetes; Mycobacteriales; Mycobacteriaceae; Mycobacterium,0,5_504_CntA#3,core,0.8983,0,0,0,0,regulator > other > hydrolase > [alpha] > hypothetical
NZ_MBET01000067.1:11987-13142:-1,WP_076116308.1,A5745_RS12805,,aromatic ring-hydroxylating dioxygenase subunit alpha,5_504_CntA,5,104.6,0.9005,3.5e-30,NZ_MBET01000067.1,11987,13142,-1,Mycobacterium sp. IS-2888,Bacteria; Bacillati; Actinomycetota; Actinomycetes; Mycobacteriales; Mycobacteriaceae; Mycobacterium,0,5_504_CntA#1,core,0.9075,0,0,0,0,[alpha]
NZ_MBLM01000047.1:146026-147103:1,WP_071083013.1,CC117_RS07555,,SRPBCC family protein,5_504_CntA,5,94.5,0.8495,4.1e-27,NZ_MBLM01000047.1,146026,147103,1,Parafrankia colletiae,Bacteria; Bacillati; Actinomycetota; Actinomycetes; Frankiales; Frankiaceae; Parafrankia,0,5_504_CntA#29,core,0.5594,0,0,0,0,[alpha]
NZ_MBLN01000043.1:56381-57686:-1,WP_071041450.1,BCD49_RS10845,,aromatic ring-hydroxylating dioxygenase subunit alpha,5_504_CntA,5,131.9,0.5484,1.7e-38,NZ_MBLN01000043.1,56381,57686,-1,Pseudofrankia sp. EUN1h,Bacteria; Bacillati; Actinomycetota; Actinomycetes; Frankiales; Frankiaceae; Pseudofrankia,0,5_504_CntA#71,novel_candidate,0.2616,0,0,0,0,dehydrogenase > other > hydrolase > [alpha] > hydrolase
NZ_MBLN01000058.1:215456-216539:-1,WP_007513823.1,BCD49_RS21195,,aromatic ring-hydroxylating dioxygenase subunit alpha,5_504_CntA,5,100.3,0.5242,7.1e-29,NZ_MBLN01000058.1,215456,216539,-1,Pseudofrankia sp. EUN1h,Bacteria; Bacillati; Actinomycetota; Actinomycetes; Frankiales; Frankiaceae; Pseudofrankia,0,5_504_CntA#29,core,0.6096,0,0,0,0,[alpha]
NZ_MBLO01000151.1:2578-3721:-1,WP_071050070.1,BCD48_RS20710,,SRPBCC family protein,5_504_CntA,5,93.9,0.4973,6.1e-27,NZ_MBLO01000151.1,2578,3721,-1,Pseudofrankia sp. BMG5.36,Bacteria; Bacillati; Actinomycetota; Actinomycetes; Frankiales; Frankiaceae; Pseudofrankia,0,5_504_CntA#231,core,0.5534,0,0,0,0,[alpha]
NZ_MBSR01000060.1:9831-10971:1,WP_065784676.1,BC361_RS18825,,SRPBCC family protein,5_504_CntA,5,306.0,0.9866,2.1e-91,NZ_MBSR01000060.1,9831,10971,1,Ensifer sp. LC54,Bacteria; Pseudomonadati; Pseudomonadota; Alphaproteobacteria; Hyphomicrobiales; Rhizobiaceae; Sinorhizobium/Ensifer group; Ensifer,0,5_504_CntA#6,core,0.8519,2,0,1,1,[alpha] > reductase > other > dehydrogenase > reductase > dehydrogenase > reductase > ferredoxin > hydrolase
NZ_MCRJ01000031.1:25800-26982:1,WP_069306482.1,A6302_RS07250,,aromatic ring-hydroxylating dioxygenase subunit alpha,5_504_CntA,5,127.3,0.5349,4.4e-37,NZ_MCRJ01000031.1,25800,26982,1,Methylobrevis pamukkalensis,Bacteria; Pseudomonadati; Pseudomonadota; Alphaproteobacteria; Hyphomicrobiales; Pleomorphomonadaceae; Methylobrevis,0,5_504_CntA#168,novel_candidate,0.2827,0,0,0,0,transporter > transporter > [alpha] > reductase > reductase > reductase > regulator
NZ_MDFL01000181.1:227257-228397:-1,WP_071101970.1,ORS3428_RS30330,,SRPBCC family protein,5_504_CntA,5,299.2,0.9866,2.6e-89,NZ_MDFL01000181.1,227257,228397,-1,Mesorhizobium sp. ORS 3428,Bacteria; Pseudomonadati; Pseudomonadota; Alphaproteobacteria; Hyphomicrobiales; Phyllobacteriaceae; Mesorhizobium,0,5_504_CntA#6,core,0.8324,1,0,0,1,regulator > [alpha] > reductase > other > reductase > dehydrogenase > reductase
NZ_MDKE01000055.1:73907-75095:-1,WP_071473777.1,BFR47_RS14730,,aromatic ring-hydroxylating dioxygenase subunit alpha,5_504_CntA,5,138.7,0.8763,1.5e-40,NZ_MDKE01000055.1,73907,75095,-1,Oceanisphaera psychrotolerans,Bacteria; Pseudomonadati; Pseudomonadota; Gammaproteobacteria; Aeromonadales; Aeromonadaceae; Oceanisphaera,0,5_504_CntA#15,core,0.7596,0,0,0,0,[alpha] > dehydrogenase
NZ_MEIH01000325.1:30375-31515:-1,WP_069451827.1,BG842_RS17825,,aromatic ring-hydroxylating dioxygenase subunit alpha,5_504_CntA,5,181.5,0.8683,1.5e-53,NZ_MEIH01000325.1,30375,31515,-1,Haladaptatus sp. W1,Archaea; Methanobacteriati; Methanobacteriota; Stenosarchaea group; Halobacteria; Halobacteriales; Haladaptataceae; Haladaptatus,0,5_504_CntA#4,core,0.7942,0,0,0,0,[alpha] > hypothetical
NZ_MIHG01000002.1:108929-110084:1,WP_069432752.1,BHQ23_RS01200,,aromatic ring-hydroxylating dioxygenase subunit alpha,5_504_CntA,5,105.8,0.8602,1.5e-30,NZ_MIHG01000002.1,108929,110084,1,Mycobacterium gordonae,Bacteria; Bacillati; Actinomycetota; Actinomycetes; Mycobacteriales; Mycobacteriaceae; Mycobacterium,0,5_504_CntA#1,core,0.8715,0,0,0,0,[alpha]
NZ_MIJD01000071.1:8143-9397:-1,WP_073857280.1,BV510_RS08990,,aromatic ring-hydroxylating dioxygenase subunit alpha,5_504_CntA,5,88.9,0.8253,2e-25,NZ_MIJD01000071.1,8143,9397,-1,Mycolicibacterium diernhoferi,Bacteria; Bacillati; Actinomycetota; Actinomycetes; Mycobacteriales; Mycobacteriaceae; Mycolicibacterium,0,5_504_CntA#79,novel_candidate,0.3397,0,0,0,0,[alpha] > reductase
NZ_MIHG01000102.1:11087-12290:-1,WP_065136444.1,BHQ23_RS19145,,SRPBCC family protein,5_504_CntA,5,89.9,0.5484,9.8e-26,NZ_MIHG01000102.1,11087,12290,-1,Mycobacterium gordonae,Bacteria; Bacillati; Actinomycetota; Actinomycetes; Mycobacteriales; Mycobacteriaceae; Mycobacterium,0,5_504_CntA#12,core,0.7933,0,0,0,0,[alpha]
NZ_MIHG01000150.1:14953-16312:-1,WP_069434890.1,BHQ23_RS23440,,SRPBCC family protein,5_504_CntA,5,110.2,0.5403,6.8e-32,NZ_MIHG01000150.1,14953,16312,-1,Mycobacterium gordonae,Bacteria; Bacillati; Actinomycetota; Actinomycetes; Mycobacteriales; Mycobacteriaceae; Mycobacterium,0,5_504_CntA#3,core,0.8605,0,0,0,0,hydrolase > [alpha] > other > reductase
NZ_MIHB01000071.1:19731-20964:-1,WP_069422121.1,BHQ20_RS26425,,aromatic ring-hydroxylating dioxygenase subunit alpha,5_504_CntA,5,132.8,0.5108,9.2e-39,NZ_MIHB01000071.1,19731,20964,-1,Mycobacterium intermedium,Bacteria; Bacillati; Actinomycetota; Actinomycetes; Mycobacteriales; Mycobacteriaceae; Mycobacterium; Mycobacterium simiae complex,0,5_504_CntA#31,novel_candidate,0.2583,0,0,0,0,[alpha] > other > transposon > hypothetical > other
NZ_MIHC01000003.1:130980-132132:-1,WP_069398822.1,BHQ21_RS02990,,aromatic ring-hydroxylating dioxygenase subunit alpha,5_504_CntA,5,109.2,0.8575,1.4e-31,NZ_MIHC01000003.1,130980,132132,-1,Mycobacterium sherrisii,Bacteria; Bacillati; Actinomycetota; Actinomycetes; Mycobacteriales; Mycobacteriaceae; Mycobacterium; Mycobacterium simiae complex,0,5_504_CntA#1,core,0.85,0,0,0,0,[alpha]
NZ_MINO01000001.1:68341-69676:1,WP_070150992.1,BHQ40_RS00345,,SRPBCC family protein,5_504_CntA,5,122.6,0.5538,1.1e-35,NZ_MINO01000001.1,68341,69676,1,Sphingobium phenoxybenzoativorans,Bacteria; Pseudomonadati; Pseudomonadota; Alphaproteobacteria; Sphingomonadales; Sphingomonadaceae; Sphingobium,0,5_504_CntA#10,divergent,0.5196,0,0,0,0,[alpha] > other > reductase > reductase > other
NZ_MINO01000004.1:63380-64601:1,WP_070152400.1,BHQ40_RS03505,,aromatic ring-hydroxylating dioxygenase subunit alpha,5_504_CntA,5,114.9,0.5296,2.6e-33,NZ_MINO01000004.1,63380,64601,1,Sphingobium phenoxybenzoativorans,Bacteria; Pseudomonadati; Pseudomonadota; Alphaproteobacteria; Sphingomonadales; Sphingomonadaceae; Sphingobium,0,5_504_CntA#64,novel_candidate,0.2545,0,0,0,0,[alpha] > hydrolase > other
NZ_MINO01000004.1:107432-108659:1,WP_171905746.1,BHQ40_RS03715,,aromatic ring-hydroxylating dioxygenase subunit alpha,5_504_CntA,5,128.1,0.6075,2.5e-37,NZ_MINO01000004.1,107432,108659,1,Sphingobium phenoxybenzoativorans,Bacteria; Pseudomonadati; Pseudomonadota; Alphaproteobacteria; Sphingomonadales; Sphingomonadaceae; Sphingobium,0,5_504_CntA#83,novel_candidate,0.3483,0,0,0,0,[alpha] > dehydrogenase
NZ_MINO01000004.1:111703-113062:1,WP_070152522.1,BHQ40_RS03730,,SRPBCC family protein,5_504_CntA,5,113.4,0.5403,7.1e-33,NZ_MINO01000004.1,111703,113062,1,Sphingobium phenoxybenzoativorans,Bacteria; Pseudomonadati; Pseudomonadota; Alphaproteobacteria; Sphingomonadales; Sphingomonadaceae; Sphingobium,0,5_504_CntA#14,core,0.786,0,0,0,0,[alpha] > alpha_other
NZ_MIHA01000001.1:463290-464616:1,WP_069411916.1,BHQ18_RS02255,,SRPBCC family protein,5_504_CntA,5,107.1,0.5323,5.8e-31,NZ_MIHA01000001.1,463290,464616,1,Mycolicibacterium flavescens,Bacteria; Bacillati; Actinomycetota; Actinomycetes; Mycobacteriales; Mycobacteriaceae; Mycolicibacterium,0,5_504_CntA#3,core,0.7417,0,0,0,0,[alpha] > regulator
NZ_MJAO01000016.1:9593-10718:-1,WP_073532939.1,BHU62_RS16320,,aromatic ring-hydroxylating dioxygenase subunit alpha,5_504_CntA,5,733.5,0.9839,2.7e-221,NZ_MJAO01000016.1,9593,10718,-1,Serratia marcescens,Bacteria; Pseudomonadati; Pseudomonadota; Gammaproteobacteria; Enterobacterales; Yersiniaceae; Serratia,0,5_504_CntA#0,core,0.7771,0,0,0,0,transporter > [alpha] > dehydrogenase > reductase
NZ_MJHA01000009.1:231395-232511:-1,WP_001277086.1,BIT33_RS16620,cntA,carnitine monooxygenase subunit alpha,5_504_CntA,5,819.8,0.9973,1.6e-247,NZ_MJHA01000009.1,231395,232511,-1,Acinetobacter baumannii ATCC 19606 = CIP 70.34 = JCM 6841,Bacteria; Pseudomonadati; Pseudomonadota; Gammaproteobacteria; Moraxellales; Moraxellaceae; Acinetobacter; Acinetobacter calcoaceticus/baumannii complex,0,5_504_CntA#0,core,0.9803,1,0,0,1,dehydrogenase > transporter > hydrolase > [alpha] > dehydrogenase > reductase
NZ_MKCV01000189.1:11819-13166:-1,WP_023868058.1,BI294_RS22935,,SRPBCC family protein,5_504_CntA,5,115.8,0.5403,1.3e-33,NZ_MKCV01000189.1,11819,13166,-1,Mycobacterium avium subsp. hominissuis,Bacteria; Bacillati; Actinomycetota; Actinomycetes; Mycobacteriales; Mycobacteriaceae; Mycobacterium; Mycobacterium avium complex (MAC),0,5_504_CntA#3,core,0.8663,0,0,0,0,[alpha]
NZ_MJMN01000004.1:54966-56112:1,WP_076409800.1,BIZ92_RS09585,,aromatic ring-hydroxylating dioxygenase subunit alpha,5_504_CntA,5,128.2,0.8522,2.2e-37,NZ_MJMN01000004.1,54966,56112,1,Achromobacter xylosoxidans,Bacteria; Pseudomonadati; Pseudomonadota; Betaproteobacteria; Burkholderiales; Alcaligenaceae; Achromobacter,0,5_504_CntA#80,novel_candidate,0.2796,0,0,0,0,other > hypothetical > hydrolase > [alpha] > other > hydrolase
NZ_MKEP01000006.1:85712-86903:-1,WP_069899796.1,AX279_RS09365,,aromatic ring-hydroxylating dioxygenase subunit alpha,5_504_CntA,5,145.2,0.8763,1.6e-42,NZ_MKEP01000006.1,85712,86903,-1,Pseudomonas sp. J237,Bacteria; Pseudomonadota; Gammaproteobacteria; Pseudomonadales; Pseudomonadaceae; Pseudomonas,0,5_504_CntA#9,core,0.8343,1,0,0,1,[alpha] > dehydrogenase > other > reductase > reductase > other > transporter > other
NZ_MLQM01000094.1:17486-18644:-1,WP_071027785.1,BKN37_RS16535,,SRPBCC family protein,5_504_CntA,5,106.5,0.8629,9.3e-31,NZ_MLQM01000094.1,17486,18644,-1,Mycobacterium talmoniae,Bacteria; Bacillati; Actinomycetota; Actinomycetes; Mycobacteriales; Mycobacteriaceae; Mycobacterium,0,5_504_CntA#1,core,0.866,0,0,0,0,[alpha]
NZ_MLFK01000007.1:452814-453915:1,WP_071637098.1,BKM63_RS13525,,aromatic ring-hydroxylating dioxygenase subunit alpha,5_504_CntA,5,99.6,0.8306,1.1e-28,NZ_MLFK01000007.1,452814,453915,1,Flavobacterium johnsoniae,Bacteria; Pseudomonadati; Bacteroidota; Flavobacteriia; Flavobacteriales; Flavobacteriaceae; Flavobacterium,0,5_504_CntA#121,novel_candidate,0.2427,0,0,0,0,other > other > [alpha] > reductase > other > other > other
NZ_MLYR01000015.1:3319-4417:-1,WP_071354332.1,BIV60_RS03495,,aromatic ring-hydroxylating dioxygenase subunit alpha,5_504_CntA,5,237.1,0.8978,1.9e-70,NZ_MLYR01000015.1,3319,4417,-1,Bacillus sp. MUM 116,Bacteria; Bacillati; Bacillota; Bacilli; Bacillales; Bacillaceae; Bacillus,0,5_504_CntA#52,novel_candidate,0.3437,1,0,0,1,[alpha] > transporter > reductase
NZ_MLYR01000026.1:19477-20563:-1,WP_071355049.1,BIV60_RS07185,,aromatic ring-hydroxylating dioxygenase subunit alpha,5_504_CntA,5,257.9,0.8763,8.9e-77,NZ_MLYR01000026.1,19477,20563,-1,Bacillus sp. MUM 116,Bacteria; Bacillati; Bacillota; Bacilli; Bacillales; Bacillaceae; Bacillus,0,5_504_CntA#39,novel_candidate,0.3353,0,0,0,0,[alpha] > dehydrogenase > dehydrogenase
NZ_MLYR01000125.1:15506-16634:1,WP_071358400.1,BIV60_RS24935,,aromatic ring-hydroxylating dioxygenase subunit alpha,5_504_CntA,5,370.6,0.9785,5e-111,NZ_MLYR01000125.1,15506,16634,1,Bacillus sp. MUM 116,Bacteria; Bacillati; Bacillota; Bacilli; Bacillales; Bacillaceae; Bacillus,0,5_504_CntA#114,novel_candidate,0.3754,0,0,0,0,[alpha] > dehydrogenase
NZ_MOMC01000050.1:53659-54742:-1,WP_076819509.1,BL253_RS24620,,aromatic ring-hydroxylating dioxygenase subunit alpha,5_504_CntA,5,98.7,0.8548,2.1e-28,NZ_MOMC01000050.1,53659,54742,-1,Pseudofrankia asymbiotica,Bacteria; Bacillati; Actinomycetota; Actinomycetes; Frankiales; Frankiaceae; Pseudofrankia,0,5_504_CntA#29,core,0.6044,0,0,0,0,[alpha]
NZ_MOMC01000009.1:70955-72125:-1,WP_076813969.1,BL253_RS04590,,aromatic ring-hydroxylating dioxygenase subunit alpha,5_504_CntA,5,86.8,0.5134,8.8e-25,NZ_MOMC01000009.1,70955,72125,-1,Pseudofrankia asymbiotica,Bacteria; Bacillati; Actinomycetota; Actinomycetes; Frankiales; Frankiaceae; Pseudofrankia,0,5_504_CntA#167,novel_candidate,0.3031,0,0,0,0,dehydrogenase > dehydrogenase > other > [alpha]
NZ_MOID01000011.1:240964-242089:1,WP_072728119.1,BK326_RS11375,yeaW,"carnitine monooxygenase, oxygenase subunit YeaW",5_504_CntA,5,747.4,0.9866,1.6e-225,NZ_MOID01000011.1,240964,242089,1,Escherichia coli,Bacteria; Pseudomonadati; Pseudomonadota; Gammaproteobacteria; Enterobacterales; Enterobacteriaceae; Escherichia,0,5_504_CntA#0,core,0.9972,1,0,0,1,transporter > [alpha] > reductase
NZ_MOWP01000032.1:231243-232659:1,WP_076831723.1,CcI49_RS29450,,Rieske 2Fe-2S domain-containing protein,5_504_CntA,5,111.5,0.5726,2.8e-32,NZ_MOWP01000032.1,231243,232659,1,Frankia sp. CcI49,Bacteria; Bacillati; Actinomycetota; Actinomycetes; Frankiales; Frankiaceae; Frankia,0,5_504_CntA#166,novel_candidate,0.3277,0,0,0,0,dehydrogenase > dehydrogenase > other > hypothetical > [alpha]
NZ_MOWP01000006.1:106672-107974:-1,WP_241839893.1,CcI49_RS04640,,aromatic ring-hydroxylating dioxygenase subunit alpha,5_504_CntA,5,129.0,0.5591,1.3e-37,NZ_MOWP01000006.1,106672,107974,-1,Frankia sp. CcI49,Bacteria; Bacillati; Actinomycetota; Actinomycetes; Frankiales; Frankiaceae; Frankia,0,5_504_CntA#71,novel_candidate,0.2642,0,0,0,0,dehydrogenase > other > hydrolase > [alpha] > hydrolase
NZ_MOWP01000019.1:21852-22998:1,WP_347280131.1,CcI49_RS18220,,SRPBCC family protein,5_504_CntA,5,90.8,0.8441,5.3e-26,NZ_MOWP01000019.1,21852,22998,1,Frankia sp. CcI49,Bacteria; Bacillati; Actinomycetota; Actinomycetes; Frankiales; Frankiaceae; Frankia,0,5_504_CntA#29,divergent,0.5396,0,0,0,0,[alpha]
NZ_MPNT01000028.1:10211-11570:1,WP_073878665.1,BRW65_RS23480,,SRPBCC family protein,5_504_CntA,5,116.1,0.5591,1.1e-33,NZ_MPNT01000028.1,10211,11570,1,Mycobacterium paraffinicum,Bacteria; Bacillati; Actinomycetota; Actinomycetes; Mycobacteriales; Mycobacteriaceae; Mycobacterium,0,5_504_CntA#3,core,0.8952,0,0,0,0,regulator > other > hydrolase > [alpha]
NZ_MPNT01000003.1:205380-206598:1,WP_073872148.1,BRW65_RS05575,,aromatic ring-hydroxylating dioxygenase subunit alpha,5_504_CntA,5,97.9,0.7204,3.6e-28,NZ_MPNT01000003.1,205380,206598,1,Mycobacterium paraffinicum,Bacteria; Bacillati; Actinomycetota; Actinomycetes; Mycobacteriales; Mycobacteriaceae; Mycobacterium,0,5_504_CntA#37,novel_candidate,0.3294,0,0,0,0,hydrolase > [alpha]
NZ_MPJF02000002.1:342989-344126:1,WP_048892755.1,BMW24_RS04710,,SRPBCC family protein,5_504_CntA,5,103.6,0.8629,6.7e-30,NZ_MPJF02000002.1,342989,344126,1,Mycobacterium heckeshornense,Bacteria; Bacillati; Actinomycetota; Actinomycetes; Mycobacteriales; Mycobacteriaceae; Mycobacterium,0,5_504_CntA#1,core,0.8141,0,0,0,0,[alpha]
NZ_MRUJ01000134.1:34202-35351:1,WP_070982162.1,KBI5_RS14070,,SRPBCC family protein,5_504_CntA,5,89.3,0.5188,1.5e-25,NZ_MRUJ01000134.1,34202,35351,1,Frankia sp. KB5,Bacteria; Bacillati; Actinomycetota; Actinomycetes; Frankiales; Frankiaceae; Frankia,0,5_504_CntA#29,core,0.6111,0,0,0,0,[alpha]
NZ_MSCT01000009.1:114456-115599:1,WP_075119063.1,BTN82_RS30995,,SRPBCC family protein,5_504_CntA,5,291.1,0.9785,7.1e-87,NZ_MSCT01000009.1,114456,115599,1,Pseudomonas chlororaphis,Bacteria; Pseudomonadati; Pseudomonadota; Gammaproteobacteria; Pseudomonadales; Pseudomonadaceae; Pseudomonas,0,5_504_CntA#6,core,0.7775,0,0,0,0,[alpha] > reductase > other > dehydrogenase > reductase > dehydrogenase > reductase > hydrolase > transporter
NZ_MSDQ01000033.1:51784-52975:1,WP_075369944.1,BTW10_RS14135,,aromatic ring-hydroxylating dioxygenase subunit alpha,5_504_CntA,5,151.0,0.8898,2.7e-44,NZ_MSDQ01000033.1,51784,52975,1,Chromohalobacter japonicus,Bacteria; Pseudomonadati; Pseudomonadota; Gammaproteobacteria; Oceanospirillales; Halomonadaceae; Chromohalobacter,0,5_504_CntA#229,core,0.7221,1,0,0,1,[alpha] > dehydrogenase > other > reductase
NZ_MSDT01000006.1:343601-344687:-1,WP_076664275.1,BKM32_RS13515,,SRPBCC family protein,5_504_CntA,5,134.2,0.9597,3.5e-39,NZ_MSDT01000006.1,343601,344687,-1,Mangrovimonas sp. DI 80,Bacteria; Pseudomonadati; Bacteroidota; Flavobacteriia; Flavobacteriales; Flavobacteriaceae; Mangrovimonas,0,5_504_CntA#111,novel_candidate,0.2553,0,0,0,0,other > [alpha] > transporter > hypothetical
NZ_MSDV01000021.1:50206-51409:-1,WP_075298163.1,BTH42_RS09285,,aromatic ring-hydroxylating dioxygenase subunit alpha,5_504_CntA,5,133.0,0.8763,7.8e-39,NZ_MSDV01000021.1,50206,51409,-1,Burkholderia sp. SRS-W-2-2016,Bacteria; Pseudomonadati; Pseudomonadota; Betaproteobacteria; Burkholderiales; Burkholderiaceae; Burkholderia,0,5_504_CntA#70,core,0.711,1,0,0,1,[alpha] > dehydrogenase > reductase > reductase > other
NZ_MSJS02000072.1:37818-38943:-1,WP_075331581.1,AJR17_RS16340,yeaW,"carnitine monooxygenase, oxygenase subunit YeaW",5_504_CntA,5,745.8,0.9866,4.7e-225,NZ_MSJS02000072.1,37818,38943,-1,Shigella boydii,Bacteria; Pseudomonadati; Pseudomonadota; Gammaproteobacteria; Enterobacterales; Enterobacteriaceae; Shigella,0,5_504_CntA#0,core,0.9943,1,0,0,1,transporter > [alpha] > reductase
NZ_MUGO01000024.1:163839-164931:-1,WP_076452257.1,B0A70_RS14490,,aromatic ring-hydroxylating dioxygenase subunit alpha,5_504_CntA,5,104.0,0.5161,5.2e-30,NZ_MUGO01000024.1,163839,164931,-1,Chryseobacterium piscicola,Bacteria; Pseudomonadati; Bacteroidota; Flavobacteriia; Flavobacteriales; Weeksellaceae; Chryseobacterium group; Chryseobacterium,0,5_504_CntA#165,novel_candidate,0.2236,0,0,0,0,other > other > other > other > other > other > other > reductase > other > other > other > other > [alpha] > other > other > reductase
NZ_MUKV01000035.1:27758-28904:-1,WP_052370372.1,B0T45_RS19470,,aromatic ring-hydroxylating dioxygenase subunit alpha,5_504_CntA,5,618.1,0.9866,3.1e-186,NZ_MUKV01000035.1,27758,28904,-1,Chromobacterium haemolyticum,Bacteria; Pseudomonadati; Pseudomonadota; Betaproteobacteria; Neisseriales; Chromobacteriaceae; Chromobacterium,0,5_504_CntA#0,core,0.5686,0,0,0,0,[alpha] > reductase
NZ_MVHN01000009.1:150148-151456:1,WP_083002211.1,BST21_RS11200,,aromatic ring-hydroxylating dioxygenase subunit alpha,5_504_CntA,5,109.2,0.5376,1.4e-31,NZ_MVHN01000009.1,150148,151456,1,Mycolicibacterium celeriflavum,Bacteria; Bacillati; Actinomycetota; Actinomycetes; Mycobacteriales; Mycobacteriaceae; Mycolicibacterium,0,5_504_CntA#3,core,0.7673,0,0,0,0,[alpha] > regulator > other
NZ_MVDI01000006.1:68490-69696:-1,WP_104547838.1,B1A85_RS15765,,aromatic ring-hydroxylating dioxygenase subunit alpha,5_504_CntA,5,144.3,0.543,2.9e-42,NZ_MVDI01000006.1,68490,69696,-1,Chroococcidiopsis sp. TS-821,Bacteria; Bacillati; Cyanobacteriota; Cyanophyceae; Chroococcidiopsidales; Chroococcidiopsidaceae; Chroococcidiopsis,0,5_504_CntA#164,novel_candidate,0.2955,0,0,0,0,[alpha] > other
NZ_MVHT01000091.1:7330-8542:1,WP_232007444.1,BST27_RS24640,,aromatic ring-hydroxylating dioxygenase subunit alpha,5_504_CntA,5,132.9,0.5108,8.9e-39,NZ_MVHT01000091.1,7330,8542,1,Mycobacterium intermedium,Bacteria; Bacillati; Actinomycetota; Actinomycetes; Mycobacteriales; Mycobacteriaceae; Mycobacterium; Mycobacterium simiae complex,0,5_504_CntA#31,novel_candidate,0.2583,0,0,0,0,[alpha] > other > transposon > hypothetical > other
NZ_MVHT01000022.1:5913-7053:-1,WP_069417303.1,BST27_RS10325,,aromatic ring-hydroxylating dioxygenase subunit alpha,5_504_CntA,5,111.8,0.8898,2.2e-32,NZ_MVHT01000022.1,5913,7053,-1,Mycobacterium intermedium,Bacteria; Bacillati; Actinomycetota; Actinomycetes; Mycobacteriales; Mycobacteriaceae; Mycobacterium; Mycobacterium simiae complex,0,5_504_CntA#1,core,0.8436,0,0,0,0,[alpha]
NZ_MVHW01000004.1:72398-73685:-1,WP_083093974.1,BST30_RS04945,,SRPBCC family protein,5_504_CntA,5,117.0,0.5457,5.9e-34,NZ_MVHW01000004.1,72398,73685,-1,Mycobacterium mantenii,Bacteria; Bacillati; Actinomycetota; Actinomycetes; Mycobacteriales; Mycobacteriaceae; Mycobacterium; Mycobacterium avium complex (MAC),0,5_504_CntA#61,novel_candidate,0.2852,0,0,0,0,[alpha] > hypothetical > hypothetical
NZ_NBTY01000075.1:56772-57879:-1,WP_062002508.1,PAMC26510_RS13875,,aromatic ring-hydroxylating dioxygenase subunit alpha,5_504_CntA,5,79.6,0.9328,1.4e-22,NZ_NBTY01000075.1,56772,57879,-1,Caballeronia sordidicola,Bacteria; Pseudomonadati; Pseudomonadota; Betaproteobacteria; Burkholderiales; Burkholderiaceae; Caballeronia,0,5_504_CntA#41,novel_candidate,0.2358,0,0,0,0,[alpha] > other
NZ_MZZM01000006.1:19298-20450:1,WP_084948264.1,B5M45_RS03895,,aromatic ring-hydroxylating dioxygenase subunit alpha,5_504_CntA,5,102.9,0.8602,1.1e-29,NZ_MZZM01000006.1,19298,20450,1,Mycobacterium simiae,Bacteria; Bacillati; Actinomycetota; Actinomycetes; Mycobacteriales; Mycobacteriaceae; Mycobacterium; Mycobacterium simiae complex,0,5_504_CntA#1,core,0.8613,0,0,0,0,[alpha]
NZ_NBTZ01000181.1:146180-147314:-1,WP_075358406.1,PAMC26577_RS39020,,SRPBCC family protein,5_504_CntA,5,139.0,0.5591,1.2e-40,NZ_NBTZ01000181.1,146180,147314,-1,Caballeronia sordidicola,Bacteria; Pseudomonadati; Pseudomonadota; Betaproteobacteria; Burkholderiales; Burkholderiaceae; Caballeronia,0,5_504_CntA#8,core,0.7781,0,0,0,0,[alpha] > transporter > transporter > transporter > transporter > other
NZ_NCXN01000005.1:156219-157365:-1,WP_014384132.1,B8W68_RS05950,,aromatic ring-hydroxylating dioxygenase subunit alpha,5_504_CntA,5,100.9,0.8522,4.6e-29,NZ_NCXN01000005.1,156219,157365,-1,Mycobacterium paraintracellulare,Bacteria; Bacillati; Actinomycetota; Actinomycetes; Mycobacteriales; Mycobacteriaceae; Mycobacterium; Mycobacterium avium complex (MAC),0,5_504_CntA#1,core,0.8981,0,0,0,0,regulator > [alpha]
NZ_NFSA01000063.1:276404-277526:1,WP_043863952.1,B8W70_RS18885,,aromatic ring-hydroxylating dioxygenase subunit alpha,5_504_CntA,5,775.2,0.9973,5.7e-234,NZ_NFSA01000063.1,276404,277526,1,Pseudomonas sp. 1239,Bacteria; Pseudomonadati; Pseudomonadota; Gammaproteobacteria; Pseudomonadales; Pseudomonadaceae; Pseudomonas,0,5_504_CntA#0,core,0.735,0,0,0,0,[alpha] > dehydrogenase > reductase
NZ_NGIW01000007.1:183839-184955:1,WP_068612252.1,CAT37_RS03790,cntA,carnitine monooxygenase subunit alpha,5_504_CntA,5,818.5,0.9973,3.8e-247,NZ_NGIW01000007.1,183839,184955,1,Acinetobacter pittii,Bacteria; Pseudomonadati; Pseudomonadota; Gammaproteobacteria; Moraxellales; Moraxellaceae; Acinetobacter; Acinetobacter calcoaceticus/baumannii complex,0,5_504_CntA#0,core,0.9944,1,0,0,1,dehydrogenase > transporter > hydrolase > [alpha] > dehydrogenase > reductase
NZ_NIPX01000035.1:13857-15009:-1,WP_035743503.1,CDV52_RS17935,,aromatic ring-hydroxylating dioxygenase subunit alpha,5_504_CntA,5,150.0,0.5941,5.4e-44,NZ_NIPX01000035.1,13857,15009,-1,Haematobacter missouriensis,Bacteria; Pseudomonadati; Pseudomonadota; Alphaproteobacteria; Rhodobacterales; Paracoccaceae; Haematobacter,0,5_504_CntA#143,core,0.5687,0,0,0,0,reductase > other > reductase > [alpha] > other > hypothetical > hypothetical
NZ_NIPY01000022.1:27029-28181:1,WP_035712316.1,CDV51_RS09980,,aromatic ring-hydroxylating dioxygenase subunit alpha,5_504_CntA,5,152.5,0.5914,9.5e-45,NZ_NIPY01000022.1,27029,28181,1,Haematobacter massiliensis,Bacteria; Pseudomonadati; Pseudomonadota; Alphaproteobacteria; Rhodobacterales; Paracoccaceae; Haematobacter,0,5_504_CntA#143,divergent,0.548,0,0,0,0,reductase > other > reductase > [alpha]
NZ_NKFA01000040.1:24075-25218:-1,WP_043185285.1,CFB84_RS40870,,SRPBCC family protein,5_504_CntA,5,318.1,0.9651,4.7e-95,NZ_NKFA01000040.1,24075,25218,-1,Burkholderia aenigmatica,Bacteria; Pseudomonadati; Pseudomonadota; Betaproteobacteria; Burkholderiales; Burkholderiaceae; Burkholderia; Burkholderia cepacia complex,0,5_504_CntA#6,core,0.5926,0,0,0,0,[alpha]
NZ_NKTZ01000002.1:430428-431553:-1,WP_258365906.1,CFR78_RS04135,,aromatic ring-hydroxylating dioxygenase subunit alpha,5_504_CntA,5,142.9,0.5296,8.1e-42,NZ_NKTZ01000002.1,430428,431553,-1,Komagataeibacter rhaeticus,Bacteria; Pseudomonadati; Pseudomonadota; Alphaproteobacteria; Acetobacterales; Acetobacteraceae; Komagataeibacter,0,5_504_CntA#95,novel_candidate,0.2961,0,0,0,0,[alpha]
NZ_NMUA01000031.1:28372-29626:-1,WP_037476135.1,SxD43FB_RS19565,,SRPBCC family protein,5_504_CntA,5,103.6,0.5242,7e-30,NZ_NMUA01000031.1,28372,29626,-1,Sphingobium sp. D43FB,Bacteria; Pseudomonadati; Pseudomonadota; Alphaproteobacteria; Sphingomonadales; Sphingomonadaceae; Sphingobium,0,5_504_CntA#85,novel_candidate,0.2861,0,0,0,0,[alpha] > regulator > other > other > hydrolase
NZ_NKFA01000008.1:213696-214860:1,WP_043180531.1,CFB84_RS21670,,aromatic ring-hydroxylating dioxygenase subunit alpha,5_504_CntA,5,242.6,0.9543,3.9e-72,NZ_NKFA01000008.1,213696,214860,1,Burkholderia aenigmatica,Bacteria; Pseudomonadati; Pseudomonadota; Betaproteobacteria; Burkholderiales; Burkholderiaceae; Burkholderia; Burkholderia cepacia complex,0,5_504_CntA#7,core,0.6685,0,0,0,0,[alpha] > dehydrogenase > reductase > transporter > reductase
NZ_NNBQ01000007.1:782550-783801:1,WP_162487222.1,CHC07_RS30535,,SRPBCC family protein,5_504_CntA,5,93.5,0.5215,8.2e-27,NZ_NNBQ01000007.1,782550,783801,1,Variovorax sp. B4,Bacteria; Pseudomonadati; Pseudomonadota; Betaproteobacteria; Burkholderiales; Comamonadaceae; Variovorax,0,5_504_CntA#163,novel_candidate,0.2611,0,0,0,0,[alpha] > hypothetical > other > ferredoxin > hydrolase > other > other > regulator
NZ_NPFP01000039.1:103469-104843:-1,WP_037188444.1,CH302_RS20960,,SRPBCC family protein,5_504_CntA,5,125.4,0.5296,1.6e-36,NZ_NPFP01000039.1,103469,104843,-1,Rhodococcus sp. 15-2388-1-1a,Bacteria; Bacillati; Actinomycetota; Actinomycetes; Mycobacteriales; Nocardiaceae; Rhodococcus,0,5_504_CntA#40,novel_candidate,0.3774,0,0,0,0,regulator > other > hypothetical > [alpha]
NZ_NOYY01000021.1:381891-383274:-1,WP_032369207.1,CH257_RS11330,,SRPBCC family protein,5_504_CntA,5,122.4,0.5269,1.3e-35,NZ_NOYY01000021.1,381891,383274,-1,Rhodococcus sp. 05-2256-B3,Bacteria; Bacillati; Actinomycetota; Actinomycetes; Mycobacteriales; Nocardiaceae; Rhodococcus,0,5_504_CntA#40,novel_candidate,0.3782,0,0,0,0,regulator > other > hypothetical > [alpha]
NZ_NPFW01000002.1:320057-321431:1,WP_037188444.1,CH295_RS01420,,SRPBCC family protein,5_504_CntA,5,125.4,0.5296,1.6e-36,NZ_NPFW01000002.1,320057,321431,1,Rhodococcus sp. 14-2483-1-2,Bacteria; Bacillati; Actinomycetota; Actinomycetes; Mycobacteriales; Nocardiaceae; Rhodococcus,0,5_504_CntA#40,novel_candidate,0.3774,0,0,0,0,regulator > other > hypothetical > [alpha]
NZ_NQOE01000002.1:12698-13919:-1,WP_094602194.1,CJJ17_RS23135,,aromatic ring-hydroxylating dioxygenase subunit alpha,5_504_CntA,5,116.6,0.5349,7.9e-34,NZ_NQOE01000002.1,12698,13919,-1,Gordonia polyisoprenivorans,Bacteria; Bacillati; Actinomycetota; Actinomycetes; Mycobacteriales; Gordoniaceae; Gordonia,0,5_504_CntA#49,novel_candidate,0.2587,1,0,0,1,reductase > other > [alpha] > hypothetical > other > regulator
NZ_NSGC01000002.1:620846-622049:-1,WP_066990508.1,CK222_RS07295,,aromatic ring-hydroxylating dioxygenase subunit alpha,5_504_CntA,5,142.7,0.5403,9e-42,NZ_NSGC01000002.1,620846,622049,-1,Mesorhizobium sp. WSM3866,Bacteria; Pseudomonadati; Pseudomonadota; Alphaproteobacteria; Hyphomicrobiales; Phyllobacteriaceae; Mesorhizobium,0,5_504_CntA#2,core,0.9403,0,0,0,0,[alpha]
NZ_NTFX01000005.1:129916-131065:1,WP_042911393.1,CLM78_RS07560,,SRPBCC family protein,5_504_CntA,5,101.1,0.8011,4e-29,NZ_NTFX01000005.1,129916,131065,1,Mycobacterium intracellulare subsp. chimaera,Bacteria; Bacillati; Actinomycetota; Actinomycetes; Mycobacteriales; Mycobacteriaceae; Mycobacterium; Mycobacterium avium complex (MAC),0,5_504_CntA#37,novel_candidate,0.327,1,0,0,1,hypothetical > reductase > reductase > hydrolase > hydrolase > [alpha] > hydrolase > hypothetical
NZ_NSFS01000005.1:258387-259590:-1,WP_032931937.1,CK225_RS13365,,aromatic ring-hydroxylating dioxygenase subunit alpha,5_504_CntA,5,140.8,0.5403,3.5e-41,NZ_NSFS01000005.1,258387,259590,-1,Mesorhizobium loti,Bacteria; Pseudomonadati; Pseudomonadota; Alphaproteobacteria; Hyphomicrobiales; Phyllobacteriaceae; Mesorhizobium,0,5_504_CntA#2,core,0.8585,0,0,0,0,[alpha]
NZ_NUQC01000008.1:95308-96394:1,WP_069033344.1,COE53_RS04685,,aromatic ring-hydroxylating dioxygenase subunit alpha,5_504_CntA,5,261.1,0.8629,9.4e-78,NZ_NUQC01000008.1,95308,96394,1,Bacillus sp. AFS029533,Bacteria; Bacillati; Bacillota; Bacilli; Bacillales; Bacillaceae; Bacillus,0,5_504_CntA#39,novel_candidate,0.3145,0,0,0,0,[alpha] > dehydrogenase > dehydrogenase
NZ_NTFW01000005.1:129916-131065:1,WP_042911393.1,CLM79_RS07550,,SRPBCC family protein,5_504_CntA,5,101.1,0.8011,4e-29,NZ_NTFW01000005.1,129916,131065,1,Mycobacterium intracellulare subsp. chimaera,Bacteria; Bacillati; Actinomycetota; Actinomycetes; Mycobacteriales; Mycobacteriaceae; Mycobacterium; Mycobacterium avium complex (MAC),0,5_504_CntA#37,novel_candidate,0.327,1,0,0,1,reductase > reductase > hydrolase > hydrolase > [alpha] > hydrolase > hypothetical
NZ_NWUF01000014.1:83079-84423:-1,WP_066967779.1,COO09_RS14745,,aromatic ring-hydroxylating dioxygenase subunit alpha,5_504_CntA,5,103.3,0.621,8.8e-30,NZ_NWUF01000014.1,83079,84423,-1,Rhizorhabdus dicambivorans,Bacteria; Pseudomonadati; Pseudomonadota; Alphaproteobacteria; Sphingomonadales; Sphingomonadaceae; Rhizorhabdus,0,5_504_CntA#87,novel_candidate,0.3015,0,0,0,0,[alpha] > reductase > reductase > reductase
NZ_NWUF01000026.1:36924-38337:1,WP_083216040.1,COO09_RS19675,,SRPBCC family protein,5_504_CntA,5,116.8,0.5699,6.9e-34,NZ_NWUF01000026.1,36924,38337,1,Rhizorhabdus dicambivorans,Bacteria; Pseudomonadati; Pseudomonadota; Alphaproteobacteria; Sphingomonadales; Sphingomonadaceae; Rhizorhabdus,0,5_504_CntA#162,novel_candidate,0.2988,0,0,0,0,[alpha] > other
NZ_OCZD01000450.1:1934-3065:1,WP_039575462.1,CX316_RS20955,,aromatic ring-hydroxylating dioxygenase subunit alpha,5_504_CntA,5,94.2,0.5269,5e-27,NZ_OCZD01000450.1,1934,3065,1,Xanthomonas phaseoli pv. phaseoli,Bacteria; Pseudomonadati; Pseudomonadota; Gammaproteobacteria; Lysobacterales; Lysobacteraceae; Xanthomonas,0,5_504_CntA#86,novel_candidate,0.2464,0,0,0,0,other > reductase > other > [alpha] > other > other
NZ_OGTP01000014.1:12093-13233:1,WP_106856346.1,NOV72_RS19490,,aromatic ring-hydroxylating dioxygenase subunit alpha,5_504_CntA,5,137.0,0.5349,5e-40,NZ_OGTP01000014.1,12093,13233,1,Caballeronia novacaledonica,Bacteria; Pseudomonadati; Pseudomonadota; Betaproteobacteria; Burkholderiales; Burkholderiaceae; Caballeronia,0,5_504_CntA#8,core,0.9419,0,0,0,0,[alpha] > transporter > transporter > transporter > transporter
NZ_PBYO01000003.1:50039-51230:-1,WP_061392923.1,CL491_RS00390,,aromatic ring-hydroxylating dioxygenase subunit alpha,5_504_CntA,5,142.8,0.8737,8.7e-42,NZ_PBYO01000003.1,50039,51230,-1,Acinetobacter sp.,Bacteria; Pseudomonadati; Pseudomonadota; Gammaproteobacteria; Moraxellales; Moraxellaceae; Acinetobacter,0,5_504_CntA#15,core,0.8118,1,0,0,1,[alpha] > dehydrogenase > other > reductase > reductase > hypothetical
NZ_PCOA01000012.1:34188-35310:1,WP_028944316.1,CQ065_RS15225,,aromatic ring-hydroxylating dioxygenase subunit alpha,5_504_CntA,5,780.3,0.9973,1.6e-235,NZ_PCOA01000012.1,34188,35310,1,Pseudomonas sp. MYb187,Bacteria; Pseudomonadati; Pseudomonadota; Gammaproteobacteria; Pseudomonadales; Pseudomonadaceae; Pseudomonas,0,5_504_CntA#0,core,0.7278,0,0,0,0,[alpha] > dehydrogenase > reductase > regulator > other
NZ_PCOA01000023.1:30381-31572:1,WP_028944660.1,CQ065_RS23265,,aromatic ring-hydroxylating dioxygenase subunit alpha,5_504_CntA,5,145.7,0.8763,1.1e-42,NZ_PCOA01000023.1,30381,31572,1,Pseudomonas sp. MYb187,Bacteria; Pseudomonadati; Pseudomonadota; Gammaproteobacteria; Pseudomonadales; Pseudomonadaceae; Pseudomonas,0,5_504_CntA#9,core,0.9481,1,0,0,1,[alpha] > dehydrogenase > other > reductase > reductase > other > transporter
NZ_PCOJ01000003.1:194355-195387:1,WP_048688483.1,CQ056_RS03920,,aromatic ring-hydroxylating dioxygenase subunit alpha,5_504_CntA,5,247.8,0.9516,1e-73,NZ_PCOJ01000003.1,194355,195387,1,Peribacillus simplex,Bacteria; Bacillati; Bacillota; Bacilli; Bacillales; Bacillaceae; Peribacillus,0,5_504_CntA#48,novel_candidate,0.3183,0,0,0,0,dehydrogenase > hypothetical > other > other > dehydrogenase > transporter > dehydrogenase > [alpha]
NZ_PDCR01000001.1:4266-5442:-1,WP_073855905.1,CRI78_RS00030,,SRPBCC family protein,5_504_CntA,5,130.2,0.5242,5.7e-38,NZ_PDCR01000001.1,4266,5442,-1,Mycolicibacterium diernhoferi,Bacteria; Bacillati; Actinomycetota; Actinomycetes; Mycobacteriales; Mycobacteriaceae; Mycolicibacterium,0,5_504_CntA#110,novel_candidate,0.2567,0,0,0,0,other > hydrolase > reductase > [alpha] > hypothetical
NZ_PDCR01000024.1:7180-8425:-1,WP_073857268.1,CRI78_RS18335,,aromatic ring-hydroxylating dioxygenase subunit alpha,5_504_CntA,5,83.6,0.7177,8.3e-24,NZ_PDCR01000024.1,7180,8425,-1,Mycolicibacterium diernhoferi,Bacteria; Bacillati; Actinomycetota; Actinomycetes; Mycobacteriales; Mycobacteriaceae; Mycolicibacterium,0,5_504_CntA#79,novel_candidate,0.3487,0,0,0,0,[alpha] > dehydrogenase > dehydrogenase > other > reductase
NZ_PDCR01000024.1:21899-23132:-1,WP_165637000.1,CRI78_RS18410,,aromatic ring-hydroxylating dioxygenase subunit alpha,5_504_CntA,5,89.0,0.8253,1.9e-25,NZ_PDCR01000024.1,21899,23132,-1,Mycolicibacterium diernhoferi,Bacteria; Bacillati; Actinomycetota; Actinomycetes; Mycobacteriales; Mycobacteriaceae; Mycolicibacterium,0,5_504_CntA#79,novel_candidate,0.3397,0,0,0,0,[alpha] > reductase
NZ_PDKV01000002.1:177993-179319:-1,WP_062539488.1,CQY23_RS02945,,SRPBCC family protein,5_504_CntA,5,107.6,0.5565,4.4e-31,NZ_PDKV01000002.1,177993,179319,-1,Mycobacterium celatum,Bacteria; Bacillati; Actinomycetota; Actinomycetes; Mycobacteriales; Mycobacteriaceae; Mycobacterium,0,5_504_CntA#3,core,0.7296,0,0,0,0,[alpha] > regulator > hypothetical > other
NZ_PDKV01000003.1:15048-16215:-1,WP_062540289.1,CQY23_RS03805,,SRPBCC family protein,5_504_CntA,5,102.4,0.8575,1.6e-29,NZ_PDKV01000003.1,15048,16215,-1,Mycobacterium celatum,Bacteria; Bacillati; Actinomycetota; Actinomycetes; Mycobacteriales; Mycobacteriaceae; Mycobacterium,0,5_504_CntA#1,core,0.861,0,0,0,0,[alpha]
NZ_PHFF01000094.1:39395-40511:1,WP_068612252.1,CVD08_RS12805,cntA,carnitine monooxygenase subunit alpha,5_504_CntA,5,818.5,0.9973,3.8e-247,NZ_PHFF01000094.1,39395,40511,1,Acinetobacter seifertii,Bacteria; Pseudomonadati; Pseudomonadota; Gammaproteobacteria; Moraxellales; Moraxellaceae; Acinetobacter; Acinetobacter calcoaceticus/baumannii complex,0,5_504_CntA#0,core,0.9944,1,0,0,1,dehydrogenase > transporter > hydrolase > [alpha] > dehydrogenase > reductase
NZ_PHNR01000104.1:7732-8902:-1,WP_016394857.1,AM591_RS23660,,aromatic ring-hydroxylating dioxygenase subunit alpha,5_504_CntA,5,258.6,0.9543,5.5e-77,NZ_PHNR01000104.1,7732,8902,-1,Pseudomonas plecoglossicida,Bacteria; Pseudomonadati; Pseudomonadota; Gammaproteobacteria; Pseudomonadales; Pseudomonadaceae; Pseudomonas,0,5_504_CntA#7,core,0.8961,0,0,0,0,[alpha] > dehydrogenase > regulator
NZ_PHHF01000058.1:82763-83945:-1,WP_015458710.1,CV103_RS14270,,SRPBCC family protein,5_504_CntA,5,114.0,0.578,4.7e-33,NZ_PHHF01000058.1,82763,83945,-1,Sphingomonas fennica,Bacteria; Pseudomonadati; Pseudomonadota; Alphaproteobacteria; Sphingomonadales; Sphingomonadaceae; Sphingomonas,0,5_504_CntA#161,novel_candidate,0.289,0,0,0,0,[alpha] > other
NZ_PISI01000018.1:159619-160741:1,WP_074985732.1,CW310_RS10325,,aromatic ring-hydroxylating dioxygenase subunit alpha,5_504_CntA,5,764.7,0.9973,8.6e-231,NZ_PISI01000018.1,159619,160741,1,Pseudomonas citronellolis,Bacteria; Pseudomonadati; Pseudomonadota; Gammaproteobacteria; Pseudomonadales; Pseudomonadaceae; Pseudomonas,0,5_504_CntA#0,core,0.7592,0,0,0,0,transporter > [alpha] > dehydrogenase > reductase
NZ_PISI01000036.1:79999-81154:-1,WP_074981516.1,CW310_RS28040,,aromatic ring-hydroxylating dioxygenase subunit alpha,5_504_CntA,5,245.8,0.9489,4.2e-73,NZ_PISI01000036.1,79999,81154,-1,Pseudomonas citronellolis,Bacteria; Pseudomonadati; Pseudomonadota; Gammaproteobacteria; Pseudomonadales; Pseudomonadaceae; Pseudomonas,0,5_504_CntA#7,core,0.7731,0,0,0,0,[alpha] > dehydrogenase > regulator
NZ_PISI01000038.1:40795-41938:-1,WP_074984491.1,CW310_RS29175,,SRPBCC family protein,5_504_CntA,5,292.1,0.9624,3.7e-87,NZ_PISI01000038.1,40795,41938,-1,Pseudomonas citronellolis,Bacteria; Pseudomonadati; Pseudomonadota; Gammaproteobacteria; Pseudomonadales; Pseudomonadaceae; Pseudomonas,0,5_504_CntA#6,core,0.7895,0,0,0,0,[alpha] > reductase > other > dehydrogenase > reductase > dehydrogenase > reductase > hydrolase > transporter
NZ_PISJ01000012.1:386923-388039:1,WP_005150788.1,CW311_RS09620,cntA,carnitine monooxygenase subunit alpha,5_504_CntA,5,808.3,0.9973,5e-244,NZ_PISJ01000012.1,386923,388039,1,Acinetobacter proteolyticus,Bacteria; Pseudomonadati; Pseudomonadota; Gammaproteobacteria; Moraxellales; Moraxellaceae; Acinetobacter,0,5_504_CntA#0,core,0.935,1,0,0,1,dehydrogenase > transporter > hydrolase > [alpha] > dehydrogenase > reductase
NZ_PJCG01000003.1:99999-101190:-1,WP_003253228.1,CXB65_RS02530,,aromatic ring-hydroxylating dioxygenase subunit alpha,5_504_CntA,5,146.9,0.879,4.9e-43,NZ_PJCG01000003.1,99999,101190,-1,Pseudomonas monteilii,Bacteria; Pseudomonadati; Pseudomonadota; Gammaproteobacteria; Pseudomonadales; Pseudomonadaceae; Pseudomonas,0,5_504_CntA#9,core,0.9366,1,0,0,1,[alpha] > dehydrogenase > other > reductase > reductase > other > transporter > transporter > other
NZ_PPCS02000001.1:457381-458506:-1,WP_059328155.1,C1628_RS02160,yeaW,"carnitine monooxygenase, oxygenase subunit YeaW",5_504_CntA,5,744.1,0.9866,1.6e-224,NZ_PPCS02000001.1,457381,458506,-1,Escherichia coli,Bacteria; Pseudomonadati; Pseudomonadota; Gammaproteobacteria; Enterobacterales; Enterobacteriaceae; Escherichia,0,5_504_CntA#0,core,0.9915,1,0,0,1,transporter > [alpha] > reductase
NZ_PQBO01000037.1:29958-31329:1,WP_020731332.1,C4B28_RS09990,,SRPBCC family protein,5_504_CntA,5,114.5,0.543,3.3e-33,NZ_PQBO01000037.1,29958,31329,1,Mycobacterium marinum,Bacteria; Bacillati; Actinomycetota; Actinomycetes; Mycobacteriales; Mycobacteriaceae; Mycobacterium; Mycobacterium ulcerans group,0,5_504_CntA#3,core,0.8244,0,0,0,0,hydrolase > [alpha]
NZ_POTP01000006.1:183905-185069:1,WP_024453430.1,C1S82_RS17035,,aromatic ring-hydroxylating dioxygenase subunit alpha,5_504_CntA,5,136.8,0.871,5.5e-40,NZ_POTP01000006.1,183905,185069,1,Mycolicibacterium cosmeticum,Bacteria; Bacillati; Actinomycetota; Actinomycetes; Mycobacteriales; Mycobacteriaceae; Mycolicibacterium,0,5_504_CntA#81,novel_candidate,0.2976,0,0,0,0,transporter > [alpha] > other > other > regulator > other > other
NZ_PRAL01000001.1:381892-382948:-1,WP_070308250.1,C3H93_RS02035,,aromatic ring-hydroxylating dioxygenase subunit alpha,5_504_CntA,5,87.8,0.6694,4.3e-25,NZ_PRAL01000001.1,381892,382948,-1,Campylobacter jejuni,Bacteria; Pseudomonadati; Campylobacterota; Epsilonproteobacteria; Campylobacterales; Campylobacteraceae; Campylobacter,0,5_504_CntA#160,novel_candidate,0.2408,0,0,0,0,other > other > other > hypothetical > other > [alpha] > reductase
NZ_PSYS01000003.1:163130-164273:-1,WP_004041144.1,C5B89_RS13025,,aromatic ring-hydroxylating dioxygenase subunit alpha,5_504_CntA,5,167.7,0.879,2.3e-49,NZ_PSYS01000003.1,163130,164273,-1,Haloferax sp. Atlit-47N,Archaea; Methanobacteriati; Methanobacteriota; Stenosarchaea group; Halobacteria; Halobacteriales; Haloferacaceae; Haloferax,0,5_504_CntA#4,core,0.9884,0,0,0,0,[alpha] > hypothetical
NZ_PSYT01000003.1:488311-489454:1,WP_004041144.1,C5B88_RS16520,,aromatic ring-hydroxylating dioxygenase subunit alpha,5_504_CntA,5,167.7,0.879,2.3e-49,NZ_PSYT01000003.1,488311,489454,1,Haloferax sp. Atlit-24N,Archaea; Methanobacteriati; Methanobacteriota; Stenosarchaea group; Halobacteria; Halobacteriales; Haloferacaceae; Haloferax,0,5_504_CntA#4,core,0.9884,0,0,0,0,[alpha] > hypothetical
NZ_PSYU01000007.1:176844-177987:-1,WP_008097078.1,C5B86_RS18565,,aromatic ring-hydroxylating dioxygenase subunit alpha,5_504_CntA,5,173.0,0.879,5.5e-51,NZ_PSYU01000007.1,176844,177987,-1,Haloferax sp. Atlit-19N,Archaea; Methanobacteriati; Methanobacteriota; Stenosarchaea group; Halobacteria; Halobacteriales; Haloferacaceae; Haloferax,0,5_504_CntA#4,core,0.9506,0,0,0,0,[alpha] > hypothetical
NZ_PSYV01000006.1:20198-21341:1,WP_008097078.1,C5B87_RS18055,,aromatic ring-hydroxylating dioxygenase subunit alpha,5_504_CntA,5,173.0,0.879,5.5e-51,NZ_PSYV01000006.1,20198,21341,1,Haloferax sp. Atlit-16N,Archaea; Methanobacteriati; Methanobacteriota; Stenosarchaea group; Halobacteria; Halobacteriales; Haloferacaceae; Haloferax,0,5_504_CntA#4,core,0.9506,0,0,0,0,[alpha] > hypothetical
NZ_PSNL01000009.1:64438-65584:1,WP_033717954.1,CS287_RS01725,,aromatic ring-hydroxylating dioxygenase subunit alpha,5_504_CntA,5,98.1,0.8656,3.2e-28,NZ_PSNL01000009.1,64438,65584,1,Mycobacterium avium subsp. hominissuis,Bacteria; Bacillati; Actinomycetota; Actinomycetes; Mycobacteriales; Mycobacteriaceae; Mycobacterium; Mycobacterium avium complex (MAC),0,5_504_CntA#1,core,0.9147,0,0,0,0,[alpha]
NZ_PTSQ01000014.1:71568-72693:1,WP_025238889.1,BEB15_RS18170,yeaW,"carnitine monooxygenase, oxygenase subunit YeaW",5_504_CntA,5,748.7,0.9866,6.1e-226,NZ_PTSQ01000014.1,71568,72693,1,Escherichia albertii,Bacteria; Pseudomonadati; Pseudomonadota; Gammaproteobacteria; Enterobacterales; Enterobacteriaceae; Escherichia,0,5_504_CntA#0,core,0.983,1,0,0,1,transporter > [alpha] > reductase
NZ_PSYW01000003.1:271399-272542:1,WP_058567647.1,C5B90_RS15555,,aromatic ring-hydroxylating dioxygenase subunit alpha,5_504_CntA,5,169.4,0.879,6.8e-50,NZ_PSYW01000003.1,271399,272542,1,Haloferax sp. Atlit-12N,Archaea; Methanobacteriati; Methanobacteriota; Stenosarchaea group; Halobacteria; Halobacteriales; Haloferacaceae; Haloferax,0,5_504_CntA#4,core,0.9769,0,0,0,0,[alpha] > hypothetical
NZ_PSYX01000007.1:178863-180006:-1,WP_008097078.1,C5B91_RS17930,,aromatic ring-hydroxylating dioxygenase subunit alpha,5_504_CntA,5,173.0,0.879,5.5e-51,NZ_PSYX01000007.1,178863,180006,-1,Haloferax sp. Atlit-10N,Archaea; Methanobacteriati; Methanobacteriota; Stenosarchaea group; Halobacteria; Halobacteriales; Haloferacaceae; Haloferax,0,5_504_CntA#4,core,0.9506,0,0,0,0,[alpha] > hypothetical
NZ_PVHB01000032.1:172422-173571:-1,WP_012218347.1,C6T58_RS08100,,Rieske 2Fe-2S domain-containing protein,5_504_CntA,5,766.3,0.9946,2.8e-231,NZ_PVHB01000032.1,172422,173571,-1,Burkholderia multivorans,Bacteria; Pseudomonadati; Pseudomonadota; Betaproteobacteria; Burkholderiales; Burkholderiaceae; Burkholderia; Burkholderia cepacia complex,0,5_504_CntA#0,core,0.726,0,0,0,0,[alpha] > dehydrogenase > reductase
NZ_PYUB01000005.1:89254-90403:-1,WP_107201044.1,C9I56_RS04720,,SRPBCC family protein,5_504_CntA,5,133.3,0.5323,6.4e-39,NZ_PYUB01000005.1,89254,90403,-1,Paraburkholderia caribensis,Bacteria; Pseudomonadati; Pseudomonadota; Betaproteobacteria; Burkholderiales; Burkholderiaceae; Paraburkholderia,0,5_504_CntA#8,core,0.8899,0,0,0,0,[alpha] > transporter > transporter > transporter > transporter
NZ_QBUI01000001.1:48596-49934:1,WP_107715231.1,C8K10_RS00200,,SRPBCC family protein,5_504_CntA,5,111.4,0.5376,3e-32,NZ_QBUI01000001.1,48596,49934,1,Novosphingobium sp. GV027,Bacteria; Pseudomonadati; Pseudomonadota; Alphaproteobacteria; Sphingomonadales; Sphingomonadaceae; Novosphingobium,0,5_504_CntA#10,core,0.8698,0,0,0,0,alpha_other > [alpha] > other
NZ_QAYQ01000180.1:81195-82386:-1,WP_003253228.1,DBL05_RS25055,,aromatic ring-hydroxylating dioxygenase subunit alpha,5_504_CntA,5,146.9,0.879,4.9e-43,NZ_QAYQ01000180.1,81195,82386,-1,Pseudomonas putida,Bacteria; Pseudomonadati; Pseudomonadota; Gammaproteobacteria; Pseudomonadales; Pseudomonadaceae; Pseudomonas,0,5_504_CntA#9,core,0.9366,1,0,0,1,[alpha] > dehydrogenase > other > reductase > reductase > other > transporter > transporter > other
NZ_QEQI01000003.1:370144-371287:1,WP_004041144.1,DEQ67_RS12690,,aromatic ring-hydroxylating dioxygenase subunit alpha,5_504_CntA,5,167.7,0.879,2.3e-49,NZ_QEQI01000003.1,370144,371287,1,Haloferax sp. Atlit-48N,Archaea; Methanobacteriati; Methanobacteriota; Stenosarchaea group; Halobacteria; Halobacteriales; Haloferacaceae; Haloferax,0,5_504_CntA#4,core,0.9884,0,0,0,0,[alpha] > hypothetical
NZ_QEQJ01000003.1:151276-152419:1,WP_004972249.1,DEQ92_RS12995,,aromatic ring-hydroxylating dioxygenase subunit alpha,5_504_CntA,5,173.2,0.879,4.8e-51,NZ_QEQJ01000003.1,151276,152419,1,Haloferax sp. Atlit-6N,Archaea; Methanobacteriati; Methanobacteriota; Stenosarchaea group; Halobacteria; Halobacteriales; Haloferacaceae; Haloferax,0,5_504_CntA#4,core,0.9477,0,0,0,0,[alpha] > hypothetical
NZ_QGNK01000001.1:634162-635542:-1,WP_068428146.1,DK926_RS03155,,SRPBCC family protein,5_504_CntA,5,122.8,0.5269,9.9e-36,NZ_QGNK01000001.1,634162,635542,-1,Rhodococcus sp. Eu-32,Bacteria; Bacillati; Actinomycetota; Actinomycetes; Mycobacteriales; Nocardiaceae; Rhodococcus,0,5_504_CntA#40,novel_candidate,0.3704,0,0,0,0,regulator > other > hypothetical > [alpha]
NZ_QICG01000456.1:4676-5801:-1,WP_000067822.1,CFK47_RS14485,yeaW,"carnitine monooxygenase, oxygenase subunit YeaW",5_504_CntA,5,748.6,0.9866,6.7e-226,NZ_QICG01000456.1,4676,5801,-1,Escherichia coli O157,Bacteria; Pseudomonadati; Pseudomonadota; Gammaproteobacteria; Enterobacterales; Enterobacteriaceae; Escherichia,0,5_504_CntA#0,core,1.0,1,0,0,1,transporter > [alpha] > reductase
NZ_QJKC01000015.1:38096-39215:-1,WP_059286961.1,DFR38_RS15675,,aromatic ring-hydroxylating dioxygenase subunit alpha,5_504_CntA,5,745.5,1.0,6.1e-225,NZ_QJKC01000015.1,38096,39215,-1,Aquitalea magnusonii,Bacteria; Pseudomonadati; Pseudomonadota; Betaproteobacteria; Neisseriales; Chromobacteriaceae; Aquitalea,0,5_504_CntA#0,core,0.6958,1,0,0,1,dehydrogenase > transporter > hydrolase > [alpha] > dehydrogenase > reductase
NZ_QJOV01000019.1:28348-29539:1,WP_003253228.1,DM483_RS21095,,aromatic ring-hydroxylating dioxygenase subunit alpha,5_504_CntA,5,146.9,0.879,4.9e-43,NZ_QJOV01000019.1,28348,29539,1,Pseudomonas sp. SMT-1,Bacteria; Pseudomonadati; Pseudomonadota; Gammaproteobacteria; Pseudomonadales; Pseudomonadaceae; Pseudomonas,0,5_504_CntA#9,core,0.9366,1,0,0,1,[alpha] > dehydrogenase > other > reductase > reductase > other > transporter > transporter > other
NZ_QKZM01000033.1:31386-32547:1,WP_072630558.1,LY10_RS10290,,aromatic ring-hydroxylating dioxygenase subunit alpha,5_504_CntA,5,120.4,0.8737,5.4e-35,NZ_QKZM01000033.1,31386,32547,1,Planktotalea frisia,Bacteria; Pseudomonadati; Pseudomonadota; Alphaproteobacteria; Rhodobacterales; Paracoccaceae; Planktotalea,0,5_504_CntA#42,core,0.6283,0,0,0,0,regulator > [alpha] > hypothetical
NZ_QLMG01000034.1:26374-27499:1,WP_009502334.1,ATI53_RS15965,,SRPBCC family protein,5_504_CntA,5,135.9,0.5699,1.1e-39,NZ_QLMG01000034.1,26374,27499,1,Salipiger aestuarii,Bacteria; Pseudomonadati; Pseudomonadota; Alphaproteobacteria; Rhodobacterales; Roseobacteraceae; Salipiger,0,5_504_CntA#142,divergent,0.4955,0,0,0,0,transporter > transporter > transporter > other > hydrolase > other > [alpha] > hypothetical > other
NZ_QPLP01000003.1:288113-289256:1,WP_004041144.1,DVK04_RS15450,,aromatic ring-hydroxylating dioxygenase subunit alpha,5_504_CntA,5,167.7,0.879,2.3e-49,NZ_QPLP01000003.1,288113,289256,1,Haloferax sp. Atlit-105R,Archaea; Methanobacteriati; Methanobacteriota; Stenosarchaea group; Halobacteria; Halobacteriales; Haloferacaceae; Haloferax,0,5_504_CntA#4,core,0.9884,0,0,0,0,[alpha] > hypothetical
NZ_QQZI01000002.1:14937-16119:-1,WP_075151754.1,DAH57_RS02485,,aromatic ring-hydroxylating dioxygenase subunit alpha,5_504_CntA,5,143.0,0.879,7.3e-42,NZ_QQZI01000002.1,14937,16119,-1,Sphingomonas koreensis,Bacteria; Pseudomonadati; Pseudomonadota; Alphaproteobacteria; Sphingomonadales; Sphingomonadaceae; Sphingomonas,0,5_504_CntA#68,novel_candidate,0.3333,1,0,0,1,[alpha] > reductase
NZ_QTSG01000050.1:23607-24756:-1,WP_006481305.1,DF042_RS32180,,SRPBCC family protein,5_504_CntA,5,141.7,0.5457,1.8e-41,NZ_QTSG01000050.1,23607,24756,-1,Burkholderia cenocepacia,Bacteria; Pseudomonadati; Pseudomonadota; Betaproteobacteria; Burkholderiales; Burkholderiaceae; Burkholderia; Burkholderia cepacia complex,0,5_504_CntA#8,core,0.7455,0,0,0,0,hypothetical > regulator > [alpha] > transporter > transporter > transporter > transporter
NZ_QUMX01000010.1:3853-5011:1,WP_243700160.1,ATH84_RS10230,,aromatic ring-hydroxylating dioxygenase subunit alpha,5_504_CntA,5,122.6,0.5376,1.2e-35,NZ_QUMX01000010.1,3853,5011,1,Paracoccus versutus,Bacteria; Pseudomonadati; Pseudomonadota; Alphaproteobacteria; Rhodobacterales; Paracoccaceae; Paracoccus,0,5_504_CntA#113,novel_candidate,0.3185,1,0,1,0,alpha_other > [alpha] > ferredoxin > hypothetical > transposon > hypothetical
NZ_QUZJ01000010.1:13690-14806:-1,WP_002120432.1,DZ985_RS15435,cntA,carnitine monooxygenase subunit alpha,5_504_CntA,5,818.9,0.9973,3e-247,NZ_QUZJ01000010.1,13690,14806,-1,Acinetobacter sp. JW,Bacteria; Pseudomonadati; Pseudomonadota; Gammaproteobacteria; Moraxellales; Moraxellaceae; Acinetobacter,0,5_504_CntA#0,core,0.9972,1,0,0,1,dehydrogenase > transporter > hydrolase > [alpha] > dehydrogenase > reductase
NZ_QUAF01000005.1:372499-373627:-1,WP_004914806.1,DYB39_RS17215,,aromatic ring-hydroxylating dioxygenase subunit alpha,5_504_CntA,5,641.0,0.9651,3.5e-193,NZ_QUAF01000005.1,372499,373627,-1,Providencia rettgeri,Bacteria; Pseudomonadati; Pseudomonadota; Gammaproteobacteria; Enterobacterales; Morganellaceae; Providencia,0,5_504_CntA#0,core,0.608,0,0,0,0,[alpha] > dehydrogenase > reductase
NZ_QWFV01000056.1:11293-12409:-1,WP_005033186.1,D1G79_RS10115,cntA,carnitine monooxygenase subunit alpha,5_504_CntA,5,810.5,0.9973,1e-244,NZ_QWFV01000056.1,11293,12409,-1,Acinetobacter bereziniae,Bacteria; Pseudomonadati; Pseudomonadota; Gammaproteobacteria; Moraxellales; Moraxellaceae; Acinetobacter,0,5_504_CntA#0,core,0.9183,1,0,0,1,dehydrogenase > transporter > hydrolase > [alpha] > dehydrogenase > reductase
NZ_QWSV01000030.1:5435-6560:1,WP_000067822.1,CUA56_RS09490,yeaW,"carnitine monooxygenase, oxygenase subunit YeaW",5_504_CntA,5,748.6,0.9866,6.7e-226,NZ_QWSV01000030.1,5435,6560,1,Shigella boydii,Bacteria; Pseudomonadati; Pseudomonadota; Gammaproteobacteria; Enterobacterales; Enterobacteriaceae; Shigella,0,5_504_CntA#0,core,1.0,1,0,0,1,transporter > [alpha] > reductase
NZ_QXIB01000107.1:4229-5354:1,WP_000067827.1,UL65_RS14615,yeaW,"carnitine monooxygenase, oxygenase subunit YeaW",5_504_CntA,5,746.2,0.9866,3.5e-225,NZ_QXIB01000107.1,4229,5354,1,Shigella flexneri,Bacteria; Pseudomonadati; Pseudomonadota; Gammaproteobacteria; Enterobacterales; Enterobacteriaceae; Shigella,0,5_504_CntA#0,core,0.9972,1,0,0,1,transporter > [alpha] > reductase
NZ_QZXA01000003.1:582754-583957:-1,WP_038650064.1,D3242_RS10510,,aromatic ring-hydroxylating dioxygenase subunit alpha,5_504_CntA,5,137.7,0.5376,3.1e-40,NZ_QZXA01000003.1,582754,583957,-1,Mesorhizobium jarvisii,Bacteria; Pseudomonadati; Pseudomonadota; Alphaproteobacteria; Hyphomicrobiales; Phyllobacteriaceae; Mesorhizobium,0,5_504_CntA#2,core,0.8522,0,0,0,0,[alpha]
NZ_RBWW01000002.1:431377-432517:1,WP_004965943.1,BDK61_RS19325,,aromatic ring-hydroxylating dioxygenase subunit alpha,5_504_CntA,5,181.5,0.8683,1.5e-53,NZ_RBWW01000002.1,431377,432517,1,Haloarcula quadrata,Archaea; Methanobacteriati; Methanobacteriota; Stenosarchaea group; Halobacteria; Halobacteriales; Haloarculaceae; Haloarcula,0,5_504_CntA#4,core,0.7464,0,0,0,0,reductase > [alpha] > hypothetical
NZ_RDDG01000001.1:116152-117277:-1,WP_025210561.1,EAI52_RS00650,yeaW,"carnitine monooxygenase, oxygenase subunit YeaW",5_504_CntA,5,746.6,0.9866,2.8e-225,NZ_RDDG01000001.1,116152,117277,-1,Escherichia coli,Bacteria; Pseudomonadati; Pseudomonadota; Gammaproteobacteria; Enterobacterales; Enterobacteriaceae; Escherichia,0,5_504_CntA#0,core,0.9972,1,0,0,1,transporter > [alpha] > reductase
NZ_RCYD01000001.1:93927-95052:1,WP_063117132.1,EAJ19_RS00505,yeaW,"carnitine monooxygenase, oxygenase subunit YeaW",5_504_CntA,5,747.6,0.9866,1.4e-225,NZ_RCYD01000001.1,93927,95052,1,Escherichia coli,Bacteria; Pseudomonadati; Pseudomonadota; Gammaproteobacteria; Enterobacterales; Enterobacteriaceae; Escherichia,0,5_504_CntA#0,core,0.9972,1,0,0,1,transporter > [alpha] > reductase
NZ_RDQQ01000017.1:1907-2993:1,WP_058471189.1,EAS68_RS12330,,SRPBCC family protein,5_504_CntA,5,129.5,0.8952,9.5e-38,NZ_RDQQ01000017.1,1907,2993,1,Legionella jordanis,Bacteria; Pseudomonadati; Pseudomonadota; Gammaproteobacteria; Legionellales; Legionellaceae; Legionella,0,5_504_CntA#111,novel_candidate,0.2659,0,0,0,0,[alpha] > transporter
NZ_RFES01000019.1:13627-14743:-1,WP_002120432.1,EA756_RS19140,cntA,carnitine monooxygenase subunit alpha,5_504_CntA,5,818.9,0.9973,3e-247,NZ_RFES01000019.1,13627,14743,-1,Acinetobacter lactucae,Bacteria; Pseudomonadati; Pseudomonadota; Gammaproteobacteria; Moraxellales; Moraxellaceae; Acinetobacter; Acinetobacter calcoaceticus/baumannii complex,0,5_504_CntA#0,core,0.9972,1,0,0,1,dehydrogenase > transporter > hydrolase > [alpha] > dehydrogenase > reductase
NZ_RHQR01000011.1:87466-88657:1,WP_046786771.1,EGJ09_RS15215,,aromatic ring-hydroxylating dioxygenase subunit alpha,5_504_CntA,5,145.0,0.879,1.8e-42,NZ_RHQR01000011.1,87466,88657,1,Pseudomonas sp. p106,Bacteria; Pseudomonadati; Pseudomonadota; Gammaproteobacteria; Pseudomonadales; Pseudomonadaceae; Pseudomonas,0,5_504_CntA#9,core,0.9366,1,0,0,1,[alpha] > dehydrogenase > other > reductase > reductase > other > transporter
NZ_RJAI01000092.1:35987-37178:1,WP_039612373.1,EFK07_RS28415,,aromatic ring-hydroxylating dioxygenase subunit alpha,5_504_CntA,5,146.2,0.8763,8e-43,NZ_RJAI01000092.1,35987,37178,1,Pseudomonas putida,Bacteria; Pseudomonadati; Pseudomonadota; Gammaproteobacteria; Pseudomonadales; Pseudomonadaceae; Pseudomonas,0,5_504_CntA#9,core,0.9446,1,0,0,1,[alpha] > dehydrogenase > other > reductase > reductase > other > transporter
NZ_RIAQ01000026.1:181726-182881:-1,WP_011749712.1,EB844_RS15350,,aromatic ring-hydroxylating dioxygenase subunit alpha,5_504_CntA,5,152.9,0.5349,7.2e-45,NZ_RIAQ01000026.1,181726,182881,-1,Paracoccus pantotrophus,Bacteria; Pseudomonadati; Pseudomonadota; Alphaproteobacteria; Rhodobacterales; Paracoccaceae; Paracoccus,0,5_504_CntA#144,core,0.5953,1,0,1,0,[alpha] > ferredoxin
NZ_RHSH01000001.1:125832-126981:-1,WP_042116079.1,EGJ56_RS00510,,aromatic ring-hydroxylating dioxygenase subunit alpha,5_504_CntA,5,138.9,0.5349,1.3e-40,NZ_RHSH01000001.1,125832,126981,-1,Pandoraea apista,Bacteria; Pseudomonadati; Pseudomonadota; Betaproteobacteria; Burkholderiales; Burkholderiaceae; Pandoraea,0,5_504_CntA#8,core,0.8818,0,0,0,0,[alpha] > transporter > transporter > transporter > transporter
NZ_RJUR01000014.1:222179-223301:1,WP_043863952.1,EDF85_RS15720,,aromatic ring-hydroxylating dioxygenase subunit alpha,5_504_CntA,5,775.2,0.9973,5.7e-234,NZ_RJUR01000014.1,222179,223301,1,Pseudomonas putida,Bacteria; Pseudomonadati; Pseudomonadota; Gammaproteobacteria; Pseudomonadales; Pseudomonadaceae; Pseudomonas,0,5_504_CntA#0,core,0.735,0,0,0,0,[alpha] > dehydrogenase > reductase
NZ_RQXT01000049.1:9599-10748:1,WP_008878291.1,EH240_RS28960,,aromatic ring-hydroxylating dioxygenase subunit alpha,5_504_CntA,5,289.8,0.9677,1.8e-86,NZ_RQXT01000049.1,9599,10748,1,Mesorhizobium tamadayense,Bacteria; Pseudomonadati; Pseudomonadota; Alphaproteobacteria; Hyphomicrobiales; Phyllobacteriaceae; Mesorhizobium,0,5_504_CntA#90,novel_candidate,0.3776,0,0,0,0,[alpha]
NZ_RRGJ01000001.1:243202-244327:1,WP_000067830.1,C9Z68_RS01255,yeaW,"carnitine monooxygenase, oxygenase subunit YeaW",5_504_CntA,5,746.9,0.9866,2.2e-225,NZ_RRGJ01000001.1,243202,244327,1,Escherichia coli,Bacteria; Pseudomonadati; Pseudomonadota; Gammaproteobacteria; Enterobacterales; Enterobacteriaceae; Escherichia,0,5_504_CntA#0,core,0.9943,1,0,0,1,transporter > [alpha] > reductase
NZ_RYZL01000005.1:40894-42040:-1,WP_010373665.1,EJP68_RS02990,,aromatic ring-hydroxylating dioxygenase subunit alpha,5_504_CntA,5,96.8,0.5349,8.3e-28,NZ_RYZL01000005.1,40894,42040,-1,Xanthomonas vasicola pv. vasculorum,Bacteria; Pseudomonadati; Pseudomonadota; Gammaproteobacteria; Lysobacterales; Lysobacteraceae; Xanthomonas,0,5_504_CntA#93,novel_candidate,0.2205,0,0,0,0,other > other > regulator > other > other > other > reductase > reductase > other > [alpha] > other > other
NZ_RZIF01000011.1:63235-64360:-1,WP_032303200.1,EK408_RS09205,yeaW,"carnitine monooxygenase, oxygenase subunit YeaW",5_504_CntA,5,746.0,0.9866,4.1e-225,NZ_RZIF01000011.1,63235,64360,-1,Escherichia coli,Bacteria; Pseudomonadati; Pseudomonadota; Gammaproteobacteria; Enterobacterales; Enterobacteriaceae; Escherichia,0,5_504_CntA#0,core,0.9943,1,0,0,1,transporter > [alpha] > reductase
NZ_RZSR01000035.1:1889-3092:-1,WP_066990508.1,EOA60_RS03185,,aromatic ring-hydroxylating dioxygenase subunit alpha,5_504_CntA,5,142.7,0.5403,9e-42,NZ_RZSR01000035.1,1889,3092,-1,Mesorhizobium sp. M1A.F.Ca.IN.020.06.1.1,Bacteria; Pseudomonadati; Pseudomonadota; Alphaproteobacteria; Hyphomicrobiales; Phyllobacteriaceae; Mesorhizobium,0,5_504_CntA#2,core,0.9403,0,0,0,0,[alpha]
NZ_RZSN01000005.1:4254-5457:1,WP_066990508.1,EOA49_RS02380,,aromatic ring-hydroxylating dioxygenase subunit alpha,5_504_CntA,5,142.7,0.5403,9e-42,NZ_RZSN01000005.1,4254,5457,1,Mesorhizobium sp. M1A.F.Ca.IN.020.04.1.1,Bacteria; Pseudomonadati; Pseudomonadota; Alphaproteobacteria; Hyphomicrobiales; Phyllobacteriaceae; Mesorhizobium,0,5_504_CntA#2,core,0.9403,0,0,0,0,[alpha]
NZ_SCGA01000088.1:6222-7359:1,WP_060765853.1,EQ831_RS22155,,aromatic ring-hydroxylating dioxygenase subunit alpha,5_504_CntA,5,274.9,0.9651,6.1e-82,NZ_SCGA01000088.1,6222,7359,1,Pseudomonas sp. ALS1279,Bacteria; Pseudomonadota; Gammaproteobacteria; Pseudomonadales; Pseudomonadaceae; Pseudomonas,0,5_504_CntA#67,novel_candidate,0.3531,0,0,0,0,other > other > reductase > ring_cleavage > [alpha]
NZ_SADS02000013.1:155516-156719:-1,WP_067319237.1,EN860_RS29665,,SRPBCC family protein,5_504_CntA,5,142.5,0.5376,1e-41,NZ_SADS02000013.1,155516,156719,-1,Mesorhizobium sp. M00.F.Ca.ET.217.01.1.1,Bacteria; Pseudomonadati; Pseudomonadota; Alphaproteobacteria; Hyphomicrobiales; Phyllobacteriaceae; Mesorhizobium,0,5_504_CntA#2,core,0.9403,0,0,0,0,[alpha]
NZ_SAYZ01000005.1:311649-312774:1,WP_021559258.1,EPS42_RS03430,yeaW,"carnitine monooxygenase, oxygenase subunit YeaW",5_504_CntA,5,746.3,0.9866,3.3e-225,NZ_SAYZ01000005.1,311649,312774,1,Shigella sonnei,Bacteria; Pseudomonadati; Pseudomonadota; Gammaproteobacteria; Enterobacterales; Enterobacteriaceae; Shigella,0,5_504_CntA#0,core,0.9972,1,0,0,1,transporter > [alpha] > reductase
NZ_SDDW01000006.1:71390-72515:1,WP_000067829.1,ERL57_RS08830,yeaW,"carnitine monooxygenase, oxygenase subunit YeaW",5_504_CntA,5,749.3,0.9866,4.2e-226,NZ_SDDW01000006.1,71390,72515,1,Escherichia coli,Bacteria; Pseudomonadati; Pseudomonadota; Gammaproteobacteria; Enterobacterales; Enterobacteriaceae; Escherichia,0,5_504_CntA#0,core,0.9972,1,0,0,1,transporter > [alpha] > reductase
NZ_SEJO01000024.1:10807-11932:-1,WP_019455611.1,EVY46_RS15300,,aromatic ring-hydroxylating dioxygenase subunit alpha,5_504_CntA,5,734.2,0.9839,1.6e-221,NZ_SEJO01000024.1,10807,11932,-1,Serratia marcescens,Bacteria; Pseudomonadati; Pseudomonadota; Gammaproteobacteria; Enterobacterales; Yersiniaceae; Serratia,0,5_504_CntA#0,core,0.7771,0,0,0,0,transporter > [alpha] > dehydrogenase > reductase
NZ_SDLM01000005.1:316558-317710:1,WP_133435926.1,EI067_RS11500,,aromatic ring-hydroxylating dioxygenase subunit alpha,5_504_CntA,5,104.6,0.9167,3.5e-30,NZ_SDLM01000005.1,316558,317710,1,Mycobacterium paragordonae,Bacteria; Bacillati; Actinomycetota; Actinomycetes; Mycobacteriales; Mycobacteriaceae; Mycobacterium,0,5_504_CntA#1,core,0.9045,0,0,0,0,regulator > [alpha]
NZ_SGTR01000010.1:125124-126240:1,WP_017402533.1,EXD88_RS14750,cntA,carnitine monooxygenase subunit alpha,5_504_CntA,5,818.7,0.9973,3.3e-247,NZ_SGTR01000010.1,125124,126240,1,Acinetobacter pittii,Bacteria; Pseudomonadati; Pseudomonadota; Gammaproteobacteria; Moraxellales; Moraxellaceae; Acinetobacter; Acinetobacter calcoaceticus/baumannii complex,0,5_504_CntA#0,core,0.9972,1,0,0,1,dehydrogenase > transporter > hydrolase > [alpha] > dehydrogenase > reductase
NZ_SGSV01000025.1:3027-4218:1,WP_061392923.1,EXE23_RS11365,,aromatic ring-hydroxylating dioxygenase subunit alpha,5_504_CntA,5,142.8,0.8737,8.7e-42,NZ_SGSV01000025.1,3027,4218,1,Acinetobacter venetianus,Bacteria; Pseudomonadati; Pseudomonadota; Gammaproteobacteria; Moraxellales; Moraxellaceae; Acinetobacter,0,5_504_CntA#15,core,0.8118,1,0,0,1,[alpha] > dehydrogenase > other > reductase > reductase > hypothetical
NZ_SGTD01000002.1:377072-378263:-1,WP_044103498.1,EXE02_RS05740,,aromatic ring-hydroxylating dioxygenase subunit alpha,5_504_CntA,5,132.8,0.8737,9.2e-39,NZ_SGTD01000002.1,377072,378263,-1,Acinetobacter pittii,Bacteria; Pseudomonadati; Pseudomonadota; Gammaproteobacteria; Moraxellales; Moraxellaceae; Acinetobacter; Acinetobacter calcoaceticus/baumannii complex,0,5_504_CntA#16,core,0.9912,1,0,0,1,[alpha] > dehydrogenase > other > reductase > reductase > other
NZ_SLVC01000009.1:3213-4629:1,WP_231636111.1,EDF59_RS12990,,SRPBCC family protein,5_504_CntA,5,97.0,0.5323,7.1e-28,NZ_SLVC01000009.1,3213,4629,1,Novosphingobium sp. ST904,Bacteria; Pseudomonadati; Pseudomonadota; Alphaproteobacteria; Sphingomonadales; Sphingomonadaceae; Novosphingobium,0,5_504_CntA#32,novel_candidate,0.2969,0,0,0,0,[alpha]
NZ_SLVC01000009.1:17189-18389:-1,WP_054440441.1,EDF59_RS13065,,aromatic ring-hydroxylating dioxygenase subunit alpha,5_504_CntA,5,131.0,0.5376,3.3e-38,NZ_SLVC01000009.1,17189,18389,-1,Novosphingobium sp. ST904,Bacteria; Pseudomonadati; Pseudomonadota; Alphaproteobacteria; Sphingomonadales; Sphingomonadaceae; Novosphingobium,0,5_504_CntA#110,novel_candidate,0.2764,0,0,0,0,regulator > [alpha] > hypothetical
NZ_SLVC01000001.1:13866-15081:1,WP_054442004.1,EDF59_RS00065,,SRPBCC family protein,5_504_CntA,5,127.9,0.543,2.9e-37,NZ_SLVC01000001.1,13866,15081,1,Novosphingobium sp. ST904,Bacteria; Pseudomonadati; Pseudomonadota; Alphaproteobacteria; Sphingomonadales; Sphingomonadaceae; Novosphingobium,0,5_504_CntA#136,novel_candidate,0.2765,0,0,0,0,[alpha]
NZ_SPSA01000003.1:261960-263103:-1,WP_004041144.1,E4P24_RS18095,,aromatic ring-hydroxylating dioxygenase subunit alpha,5_504_CntA,5,167.7,0.879,2.3e-49,NZ_SPSA01000003.1,261960,263103,-1,Haloferax sp. AS1,Archaea; Methanobacteriati; Methanobacteriota; Stenosarchaea group; Halobacteria; Halobacteriales; Haloferacaceae; Haloferax,0,5_504_CntA#4,core,0.9884,0,0,0,0,[alpha] > hypothetical
NZ_SSBH01000031.1:24935-26096:-1,WP_053787952.1,E6W17_RS32665,,aromatic ring-hydroxylating dioxygenase subunit alpha,5_504_CntA,5,143.3,0.578,6e-42,NZ_SSBH01000031.1,24935,26096,-1,Streptomyces sp. A1547,Bacteria; Bacillati; Actinomycetota; Actinomycetes; Kitasatosporales; Streptomycetaceae; Streptomyces,0,5_504_CntA#26,novel_candidate,0.2892,1,0,0,1,[alpha] > transporter > transporter > transporter > transporter > reductase > dehydrogenase
NZ_SSFD01000201.1:26518-27625:1,WP_004310081.1,E6Q80_RS13105,,aromatic ring-hydroxylating dioxygenase subunit alpha,5_504_CntA,5,72.2,0.7581,2.4e-20,NZ_SSFD01000201.1,26518,27625,1,Thauera aminoaromatica,Bacteria; Pseudomonadati; Pseudomonadota; Betaproteobacteria; Rhodocyclales; Zoogloeaceae; Thauera,0,5_504_CntA#51,novel_candidate,0.2292,0,0,0,0,[alpha]
NZ_SUIP01000073.1:4247-5450:1,WP_066990508.1,E5Y38_RS17365,,aromatic ring-hydroxylating dioxygenase subunit alpha,5_504_CntA,5,142.7,0.5403,9e-42,NZ_SUIP01000073.1,4247,5450,1,Mesorhizobium sp.,Bacteria; Pseudomonadati; Pseudomonadota; Alphaproteobacteria; Hyphomicrobiales; Phyllobacteriaceae; Mesorhizobium,0,5_504_CntA#2,core,0.9403,0,0,0,0,[alpha]
NZ_SURU01000015.1:66051-67254:-1,WP_067319237.1,E5X23_RS07165,,SRPBCC family protein,5_504_CntA,5,142.5,0.5376,1e-41,NZ_SURU01000015.1,66051,67254,-1,Mesorhizobium sp.,Bacteria; Pseudomonadati; Pseudomonadota; Alphaproteobacteria; Hyphomicrobiales; Phyllobacteriaceae; Mesorhizobium,0,5_504_CntA#2,core,0.9403,0,0,0,0,[alpha]
NZ_SSZK01000001.1:292988-294113:1,WP_000067822.1,FAM13_RS01420,yeaW,"carnitine monooxygenase, oxygenase subunit YeaW",5_504_CntA,5,748.6,0.9866,6.7e-226,NZ_SSZK01000001.1,292988,294113,1,Escherichia coli K-12,Bacteria; Pseudomonadati; Pseudomonadota; Gammaproteobacteria; Enterobacterales; Enterobacteriaceae; Escherichia,0,5_504_CntA#0,core,1.0,1,0,0,1,transporter > [alpha] > reductase
NZ_SUPT01000023.1:68590-69715:-1,WP_000067822.1,FCH14_RS17455,yeaW,"carnitine monooxygenase, oxygenase subunit YeaW",5_504_CntA,5,748.6,0.9866,6.7e-226,NZ_SUPT01000023.1,68590,69715,-1,Shigella flexneri,Bacteria; Pseudomonadati; Pseudomonadota; Gammaproteobacteria; Enterobacterales; Enterobacteriaceae; Shigella,0,5_504_CntA#0,core,1.0,1,0,0,1,transporter > [alpha] > reductase
NZ_UATA01000017.1:122590-123727:-1,WP_003920979.1,DS889_RS20735,,SRPBCC family protein,5_504_CntA,5,102.4,0.8575,1.6e-29,NZ_UATA01000017.1,122590,123727,-1,Mycobacterium xenopi,Bacteria; Bacillati; Actinomycetota; Actinomycetes; Mycobacteriales; Mycobacteriaceae; Mycobacterium,0,5_504_CntA#1,core,0.84,0,0,0,0,[alpha]
NZ_UFMQ01000010.1:112392-113508:1,WP_002067848.1,DVU81_RS11955,cntA,carnitine monooxygenase subunit alpha,5_504_CntA,5,820.3,0.9973,1.1e-247,NZ_UFMQ01000010.1,112392,113508,1,Acinetobacter baumannii,Bacteria; Pseudomonadati; Pseudomonadota; Gammaproteobacteria; Moraxellales; Moraxellaceae; Acinetobacter; Acinetobacter calcoaceticus/baumannii complex,0,5_504_CntA#0,core,0.9831,1,0,0,1,dehydrogenase > transporter > hydrolase > [alpha] > dehydrogenase > reductase
NZ_UAUQ01000013.1:31674-32799:-1,WP_000067841.1,DS873_RS15250,yeaW,"carnitine monooxygenase, oxygenase subunit YeaW",5_504_CntA,5,745.1,0.9866,7.9e-225,NZ_UAUQ01000013.1,31674,32799,-1,Shigella dysenteriae,Bacteria; Pseudomonadati; Pseudomonadota; Gammaproteobacteria; Enterobacterales; Enterobacteriaceae; Shigella,0,5_504_CntA#0,core,0.9972,1,0,0,1,transposon > transporter > [alpha] > reductase
NZ_UAUR01000006.1:318791-319916:1,WP_000067827.1,DTJ97_RS16815,yeaW,"carnitine monooxygenase, oxygenase subunit YeaW",5_504_CntA,5,746.2,0.9866,3.5e-225,NZ_UAUR01000006.1,318791,319916,1,Shigella boydii,Bacteria; Pseudomonadati; Pseudomonadota; Gammaproteobacteria; Enterobacterales; Enterobacteriaceae; Shigella,0,5_504_CntA#0,core,0.9972,1,0,0,1,transporter > transposon > transporter > [alpha] > reductase
NZ_UCZZ01000005.1:109315-110440:1,WP_072859262.1,DTJ99_RS05835,yeaW,"carnitine monooxygenase, oxygenase subunit YeaW",5_504_CntA,5,748.6,0.9866,6.8e-226,NZ_UCZZ01000005.1,109315,110440,1,Escherichia coli,Bacteria; Pseudomonadati; Pseudomonadota; Gammaproteobacteria; Enterobacterales; Enterobacteriaceae; Escherichia,0,5_504_CntA#0,core,0.9972,1,0,0,1,transporter > [alpha] > reductase
NZ_UPHJ01000092.1:108053-109202:1,WP_023366020.1,EES74_RS21215,,aromatic ring-hydroxylating dioxygenase subunit alpha,5_504_CntA,5,102.4,0.8656,1.6e-29,NZ_UPHJ01000092.1,108053,109202,1,Mycobacterium kansasii,Bacteria; Bacillati; Actinomycetota; Actinomycetes; Mycobacteriales; Mycobacteriaceae; Mycobacterium,0,5_504_CntA#1,core,0.8478,0,0,0,0,[alpha]
NZ_UPHM01000100.1:132898-134047:1,WP_075548417.1,EES90_RS18530,,aromatic ring-hydroxylating dioxygenase subunit alpha,5_504_CntA,5,104.5,0.8656,3.6e-30,NZ_UPHM01000100.1,132898,134047,1,Mycobacterium persicum,Bacteria; Bacillati; Actinomycetota; Actinomycetes; Mycobacteriales; Mycobacteriaceae; Mycobacterium,0,5_504_CntA#1,core,0.8708,0,0,0,0,[alpha]
NZ_VANB01000010.1:14459-15575:-1,WP_001277086.1,FEC88_RS09680,cntA,carnitine monooxygenase subunit alpha,5_504_CntA,5,819.8,0.9973,1.6e-247,NZ_VANB01000010.1,14459,15575,-1,Acinetobacter baumannii,Bacteria; Pseudomonadati; Pseudomonadota; Gammaproteobacteria; Moraxellales; Moraxellaceae; Acinetobacter; Acinetobacter calcoaceticus/baumannii complex,0,5_504_CntA#0,core,0.9803,1,0,0,1,dehydrogenase > transporter > hydrolase > [alpha] > dehydrogenase > reductase
NZ_VATL01000009.1:156984-158109:-1,WP_033869918.1,FEK66_RS09975,yeaW,"carnitine monooxygenase, oxygenase subunit YeaW",5_504_CntA,5,748.5,0.9866,7.3e-226,NZ_VATL01000009.1,156984,158109,-1,Escherichia sp. E1130,Bacteria; Pseudomonadati; Pseudomonadota; Gammaproteobacteria; Enterobacterales; Enterobacteriaceae; Escherichia,0,5_504_CntA#0,core,1.0,1,0,0,1,transporter > [alpha] > reductase
NZ_VATQ01000002.1:265852-266977:1,WP_000067822.1,FEK47_RS02005,yeaW,"carnitine monooxygenase, oxygenase subunit YeaW",5_504_CntA,5,748.6,0.9866,6.7e-226,NZ_VATQ01000002.1,265852,266977,1,Escherichia sp. E3659,Bacteria; Pseudomonadati; Pseudomonadota; Gammaproteobacteria; Enterobacterales; Enterobacteriaceae; Escherichia,0,5_504_CntA#0,core,1.0,1,0,0,1,transporter > [alpha] > reductase
NZ_VFEW01000033.1:57054-58191:-1,WP_032902219.1,FIV37_RS20085,,aromatic ring-hydroxylating dioxygenase subunit alpha,5_504_CntA,5,277.7,0.9651,8.5e-83,NZ_VFEW01000033.1,57054,58191,-1,Pseudomonas gessardii,Bacteria; Pseudomonadati; Pseudomonadota; Gammaproteobacteria; Pseudomonadales; Pseudomonadaceae; Pseudomonas,0,5_504_CntA#67,novel_candidate,0.3531,0,0,0,0,regulator > other > other > reductase > ring_cleavage > [alpha]
NZ_VEVM01000006.1:24111-25239:1,WP_004905752.1,FH869_RS11560,,aromatic ring-hydroxylating dioxygenase subunit alpha,5_504_CntA,5,639.9,0.9651,7.2e-193,NZ_VEVM01000006.1,24111,25239,1,Providencia rettgeri,Bacteria; Pseudomonadati; Pseudomonadota; Gammaproteobacteria; Enterobacterales; Morganellaceae; Providencia,0,5_504_CntA#0,core,0.6051,0,0,0,0,[alpha] > dehydrogenase > reductase
NZ_VFNX01000008.1:21904-23080:1,WP_055707602.1,FB563_RS41960,,aromatic ring-hydroxylating dioxygenase subunit alpha,5_504_CntA,5,160.8,0.5806,2.8e-47,NZ_VFNX01000008.1,21904,23080,1,Streptomyces puniciscabiei,Bacteria; Bacillati; Actinomycetota; Actinomycetes; Kitasatosporales; Streptomycetaceae; Streptomyces,0,5_504_CntA#26,novel_candidate,0.3133,0,0,0,0,[alpha]
NZ_VHHK01000013.1:14438-15554:-1,WP_001277079.1,FJV22_RS13220,cntA,carnitine monooxygenase subunit alpha,5_504_CntA,5,820.3,0.9973,1.1e-247,NZ_VHHK01000013.1,14438,15554,-1,Acinetobacter baumannii,Bacteria; Pseudomonadati; Pseudomonadota; Gammaproteobacteria; Moraxellales; Moraxellaceae; Acinetobacter; Acinetobacter calcoaceticus/baumannii complex,0,5_504_CntA#0,core,0.9831,1,0,0,1,dehydrogenase > transporter > hydrolase > [alpha] > dehydrogenase > reductase
NZ_VIUS01000003.1:417090-418239:-1,WP_098182454.1,FBX98_RS07740,,aromatic ring-hydroxylating dioxygenase subunit alpha,5_504_CntA,5,137.3,0.5645,3.9e-40,NZ_VIUS01000003.1,417090,418239,-1,Burkholderia sp. SJZ115,Bacteria; Pseudomonadati; Pseudomonadota; Betaproteobacteria; Burkholderiales; Burkholderiaceae; Burkholderia,0,5_504_CntA#8,core,0.7491,0,0,0,0,regulator > [alpha] > transporter > transporter > transporter > transporter
NZ_VIUS01000004.1:442264-443305:1,WP_261383362.1,FBX98_RS10215,,aromatic ring-hydroxylating dioxygenase subunit alpha,5_504_CntA,5,99.3,0.5269,1.5e-28,NZ_VIUS01000004.1,442264,443305,1,Burkholderia sp. SJZ115,Bacteria; Pseudomonadati; Pseudomonadota; Betaproteobacteria; Burkholderiales; Burkholderiaceae; Burkholderia,0,5_504_CntA#159,novel_candidate,0.2971,0,0,0,0,reductase > other > [alpha]
NZ_VJSS01000007.1:41104-42253:1,WP_006405363.1,FEP93_RS10040,,Rieske 2Fe-2S domain-containing protein,5_504_CntA,5,772.0,0.9946,5.2e-233,NZ_VJSS01000007.1,41104,42253,1,Burkholderia multivorans,Bacteria; Pseudomonadati; Pseudomonadota; Betaproteobacteria; Burkholderiales; Burkholderiaceae; Burkholderia; Burkholderia cepacia complex,0,5_504_CntA#0,core,0.7528,0,0,0,0,[alpha] > dehydrogenase > reductase
NZ_VKSF01000010.1:8544-9669:-1,WP_033635879.1,G4454_RS18345,,aromatic ring-hydroxylating dioxygenase subunit alpha,5_504_CntA,5,734.3,0.9839,1.5e-221,NZ_VKSF01000010.1,8544,9669,-1,Serratia marcescens,Bacteria; Pseudomonadati; Pseudomonadota; Gammaproteobacteria; Enterobacterales; Yersiniaceae; Serratia,0,5_504_CntA#0,core,0.7743,0,0,0,0,transporter > [alpha] > dehydrogenase > reductase
NZ_VLKK01000006.1:162310-163702:-1,WP_021245439.1,IQ35_RS10075,,SRPBCC family protein,5_504_CntA,5,118.8,0.5323,1.7e-34,NZ_VLKK01000006.1,162310,163702,-1,Sphingobium wenxiniae,Bacteria; Pseudomonadati; Pseudomonadota; Alphaproteobacteria; Sphingomonadales; Sphingomonadaceae; Sphingobium,0,5_504_CntA#158,novel_candidate,0.2882,1,0,1,0,[alpha] > other > other > reductase > other > other > ferredoxin > hypothetical
NZ_VLKK01000002.1:28607-29990:-1,WP_145071897.1,IQ35_RS02570,,Rieske 2Fe-2S domain-containing protein,5_504_CntA,5,117.8,0.5242,3.3e-34,NZ_VLKK01000002.1,28607,29990,-1,Sphingobium wenxiniae,Bacteria; Pseudomonadati; Pseudomonadota; Alphaproteobacteria; Sphingomonadales; Sphingomonadaceae; Sphingobium,0,5_504_CntA#128,novel_candidate,0.2901,0,0,0,0,regulator > [alpha] > reductase > hypothetical
NZ_VLKK01000002.1:57992-59198:-1,WP_145071908.1,IQ35_RS02705,,aromatic ring-hydroxylating dioxygenase subunit alpha,5_504_CntA,5,109.2,0.8172,1.4e-31,NZ_VLKK01000002.1,57992,59198,-1,Sphingobium wenxiniae,Bacteria; Pseudomonadati; Pseudomonadota; Alphaproteobacteria; Sphingomonadales; Sphingomonadaceae; Sphingobium,0,5_504_CntA#129,novel_candidate,0.3086,0,0,0,0,regulator > [alpha] > reductase
NZ_VLUI01000046.1:10576-11692:1,WP_004710265.1,G4922_RS17585,cntA,carnitine monooxygenase subunit alpha,5_504_CntA,5,819.5,0.9973,2e-247,NZ_VLUI01000046.1,10576,11692,1,Acinetobacter nosocomialis,Bacteria; Pseudomonadati; Pseudomonadota; Gammaproteobacteria; Moraxellales; Moraxellaceae; Acinetobacter; Acinetobacter calcoaceticus/baumannii complex,0,5_504_CntA#0,core,0.9944,1,0,0,1,dehydrogenase > transporter > hydrolase > [alpha] > dehydrogenase > reductase
NZ_VLVU01000006.1:122681-123797:1,WP_032056891.1,G4902_RS05465,cntA,carnitine monooxygenase subunit alpha,5_504_CntA,5,816.4,0.9973,1.7e-246,NZ_VLVU01000006.1,122681,123797,1,Acinetobacter pittii,Bacteria; Pseudomonadati; Pseudomonadota; Gammaproteobacteria; Moraxellales; Moraxellaceae; Acinetobacter; Acinetobacter calcoaceticus/baumannii complex,0,5_504_CntA#0,core,0.9916,0,0,0,0,dehydrogenase > transporter > hydrolase > [alpha] > dehydrogenase > reductase
NZ_VMTP01000089.1:33519-34635:-1,WP_005274384.1,FPV60_RS17165,cntA,carnitine monooxygenase subunit alpha,5_504_CntA,5,808.3,0.9973,4.8e-244,NZ_VMTP01000089.1,33519,34635,-1,Acinetobacter colistiniresistens,Bacteria; Pseudomonadati; Pseudomonadota; Gammaproteobacteria; Moraxellales; Moraxellaceae; Acinetobacter,0,5_504_CntA#0,core,0.9379,1,0,0,1,dehydrogenase > transporter > hydrolase > [alpha] > dehydrogenase > reductase
NZ_VNHV01000010.1:61542-62829:-1,WP_008327662.1,BD830_RS19675,,SRPBCC family protein,5_504_CntA,5,113.0,0.5726,9.7e-33,NZ_VNHV01000010.1,61542,62829,-1,Maritimibacter alkaliphilus HTCC2654,Bacteria; Pseudomonadati; Pseudomonadota; Alphaproteobacteria; Rhodobacterales; Roseobacteraceae; Maritimibacter,0,5_504_CntA#119,novel_candidate,0.3534,0,0,0,0,reductase > [alpha] > other > other > hydrolase
NZ_VNKI01000011.1:218052-219135:-1,WP_063235396.1,FQP34_RS21565,,aromatic ring-hydroxylating dioxygenase subunit alpha,5_504_CntA,5,262.1,0.9355,4.8e-78,NZ_VNKI01000011.1,218052,219135,-1,Peribacillus simplex,Bacteria; Bacillati; Bacillota; Bacilli; Bacillales; Bacillaceae; Peribacillus,0,5_504_CntA#39,novel_candidate,0.3284,1,0,0,1,reductase > ferredoxin > [alpha] > dehydrogenase > dehydrogenase > hypothetical > hydrolase
NZ_VNWG01000013.1:109346-110471:1,WP_004147875.1,FML65_RS16500,yeaW,"carnitine monooxygenase, oxygenase subunit YeaW",5_504_CntA,5,738.5,0.9839,8.1e-223,NZ_VNWG01000013.1,109346,110471,1,Klebsiella pneumoniae,Bacteria; Pseudomonadati; Pseudomonadota; Gammaproteobacteria; Enterobacterales; Enterobacteriaceae; Klebsiella/Raoultella group; Klebsiella,0,5_504_CntA#0,core,0.8462,0,0,0,0,transporter > [alpha] > dehydrogenase > reductase
NZ_VODJ01000203.1:1723-2848:1,WP_000067805.1,FRA35_RS12180,yeaW,"carnitine monooxygenase, oxygenase subunit YeaW",5_504_CntA,5,745.3,0.9866,6.6e-225,NZ_VODJ01000203.1,1723,2848,1,Escherichia coli,Bacteria; Pseudomonadati; Pseudomonadota; Gammaproteobacteria; Enterobacterales; Enterobacteriaceae; Escherichia,0,5_504_CntA#0,core,0.9972,1,0,0,1,transporter > [alpha] > reductase
NZ_VOGV01000005.1:251469-252594:-1,WP_064153102.1,FPQ46_RS12525,yeaW,"carnitine monooxygenase, oxygenase subunit YeaW",5_504_CntA,5,740.9,0.9839,1.5e-223,NZ_VOGV01000005.1,251469,252594,-1,Klebsiella pneumoniae,Bacteria; Pseudomonadati; Pseudomonadota; Gammaproteobacteria; Enterobacterales; Enterobacteriaceae; Klebsiella/Raoultella group; Klebsiella,0,5_504_CntA#0,core,0.8669,0,0,0,0,transporter > [alpha] > dehydrogenase > reductase
NZ_VOAI01000010.1:31127-32252:1,WP_000067822.1,FQU06_RS12045,yeaW,"carnitine monooxygenase, oxygenase subunit YeaW",5_504_CntA,5,748.6,0.9866,6.7e-226,NZ_VOAI01000010.1,31127,32252,1,Escherichia coli O157:H7,Bacteria; Pseudomonadati; Pseudomonadota; Gammaproteobacteria; Enterobacterales; Enterobacteriaceae; Escherichia,0,5_504_CntA#0,core,1.0,1,0,0,1,transporter > [alpha] > reductase
NZ_VRPH01000026.1:26837-27965:1,WP_042849069.1,FT667_RS19985,,aromatic ring-hydroxylating dioxygenase subunit alpha,5_504_CntA,5,640.9,0.9651,3.5e-193,NZ_VRPH01000026.1,26837,27965,1,Providencia rettgeri,Bacteria; Pseudomonadati; Pseudomonadota; Gammaproteobacteria; Enterobacterales; Morganellaceae; Providencia,0,5_504_CntA#0,core,0.6034,0,0,0,0,[alpha] > dehydrogenase > reductase
NZ_VOUP01000004.1:108296-109421:-1,WP_033644732.1,FOT63_RS09805,,aromatic ring-hydroxylating dioxygenase subunit alpha,5_504_CntA,5,735.8,0.9839,5.3e-222,NZ_VOUP01000004.1,108296,109421,-1,Serratia ureilytica,Bacteria; Pseudomonadati; Pseudomonadota; Gammaproteobacteria; Enterobacterales; Yersiniaceae; Serratia,0,5_504_CntA#0,core,0.7743,0,0,0,0,transporter > [alpha] > dehydrogenase > reductase
NZ_VOUW01000005.1:11844-12969:-1,WP_033639430.1,FOT56_RS06180,,aromatic ring-hydroxylating dioxygenase subunit alpha,5_504_CntA,5,735.7,0.9839,5.7e-222,NZ_VOUW01000005.1,11844,12969,-1,Serratia marcescens,Bacteria; Pseudomonadati; Pseudomonadota; Gammaproteobacteria; Enterobacterales; Yersiniaceae; Serratia,0,5_504_CntA#0,core,0.78,0,0,0,0,transporter > [alpha] > dehydrogenase > reductase
NZ_VTAZ01000097.1:4133-5258:1,WP_038341423.1,FY127_RS22505,yeaW,"carnitine monooxygenase, oxygenase subunit YeaW",5_504_CntA,5,746.6,0.9866,2.7e-225,NZ_VTAZ01000097.1,4133,5258,1,Escherichia coli,Bacteria; Pseudomonadati; Pseudomonadota; Gammaproteobacteria; Enterobacterales; Enterobacteriaceae; Escherichia,0,5_504_CntA#0,core,0.9972,1,0,0,1,transporter > [alpha] > reductase
NZ_VTEB01000042.1:9630-10755:-1,WP_038871122.1,FYK38_RS08135,,aromatic ring-hydroxylating dioxygenase subunit alpha,5_504_CntA,5,734.7,0.9839,1.2e-221,NZ_VTEB01000042.1,9630,10755,-1,Serratia marcescens,Bacteria; Pseudomonadati; Pseudomonadota; Gammaproteobacteria; Enterobacterales; Yersiniaceae; Serratia,0,5_504_CntA#0,core,0.7743,0,0,0,0,transporter > [alpha] > dehydrogenase > reductase
NZ_VTMP01000027.1:122790-123915:-1,WP_000067806.1,FZN17_RS08560,yeaW,"carnitine monooxygenase, oxygenase subunit YeaW",5_504_CntA,5,747.7,0.9866,1.2e-225,NZ_VTMP01000027.1,122790,123915,-1,Escherichia coli,Bacteria; Pseudomonadati; Pseudomonadota; Gammaproteobacteria; Enterobacterales; Enterobacteriaceae; Escherichia,0,5_504_CntA#0,core,0.9972,1,0,0,1,transporter > [alpha] > reductase
NZ_VTMT01000108.1:4855-5980:1,WP_021570445.1,FZN13_RS23235,yeaW,"carnitine monooxygenase, oxygenase subunit YeaW",5_504_CntA,5,745.9,0.9866,4.4e-225,NZ_VTMT01000108.1,4855,5980,1,Escherichia coli,Bacteria; Pseudomonadati; Pseudomonadota; Gammaproteobacteria; Enterobacterales; Enterobacteriaceae; Escherichia,0,5_504_CntA#0,core,0.9972,1,0,0,1,transporter > [alpha] > reductase
NZ_VTZD01000008.1:151958-153083:-1,WP_003833746.1,D3H66_RS06810,yeaW,"carnitine monooxygenase, oxygenase subunit YeaW",5_504_CntA,5,755.1,0.9839,7.3e-228,NZ_VTZD01000008.1,151958,153083,-1,Citrobacter portucalensis,Bacteria; Pseudomonadati; Pseudomonadota; Gammaproteobacteria; Enterobacterales; Enterobacteriaceae; Citrobacter; Citrobacter freundii complex,0,5_504_CntA#0,core,0.9181,0,0,0,0,transporter > [alpha] > reductase
NZ_VTYF01000002.1:492432-493620:-1,WP_005375185.1,F0254_RS04815,,aromatic ring-hydroxylating dioxygenase subunit alpha,5_504_CntA,5,143.6,0.8871,4.7e-42,NZ_VTYF01000002.1,492432,493620,-1,Vibrio alginolyticus,Bacteria; Pseudomonadati; Pseudomonadota; Gammaproteobacteria; Vibrionales; Vibrionaceae; Vibrio,0,5_504_CntA#15,core,0.9645,0,0,0,0,[alpha] > dehydrogenase
NZ_VXDK01000207.1:27963-29088:-1,WP_000067837.1,F2X17_RS25575,yeaW,"carnitine monooxygenase, oxygenase subunit YeaW",5_504_CntA,5,746.9,0.9866,2.3e-225,NZ_VXDK01000207.1,27963,29088,-1,Escherichia coli,Bacteria; Pseudomonadati; Pseudomonadota; Gammaproteobacteria; Enterobacterales; Enterobacteriaceae; Escherichia,0,5_504_CntA#0,core,1.0,1,0,0,1,transporter > [alpha] > reductase
NZ_VYTM01000020.1:13753-14869:-1,WP_002120432.1,F4T80_RS14300,cntA,carnitine monooxygenase subunit alpha,5_504_CntA,5,818.9,0.9973,3e-247,NZ_VYTM01000020.1,13753,14869,-1,Acinetobacter pittii,Bacteria; Pseudomonadati; Pseudomonadota; Gammaproteobacteria; Moraxellales; Moraxellaceae; Acinetobacter; Acinetobacter calcoaceticus/baumannii complex,0,5_504_CntA#0,core,0.9972,1,0,0,1,dehydrogenase > transporter > hydrolase > [alpha] > dehydrogenase > reductase
NZ_VZOG01000030.1:473269-474385:-1,WP_004721375.1,F7P82_RS10830,cntA,carnitine monooxygenase subunit alpha,5_504_CntA,5,810.5,0.9973,1.1e-244,NZ_VZOG01000030.1,473269,474385,-1,Acinetobacter guillouiae,Bacteria; Pseudomonadati; Pseudomonadota; Gammaproteobacteria; Moraxellales; Moraxellaceae; Acinetobacter,0,5_504_CntA#0,core,0.9296,1,0,0,1,dehydrogenase > transporter > hydrolase > [alpha] > dehydrogenase > reductase
NZ_VZPS01000028.1:17069-18257:1,WP_173668843.1,F7R15_RS27155,,aromatic ring-hydroxylating dioxygenase subunit alpha,5_504_CntA,5,139.7,0.8763,7.4e-41,NZ_VZPS01000028.1,17069,18257,1,Pseudomonas reinekei,Bacteria; Pseudomonadati; Pseudomonadota; Gammaproteobacteria; Pseudomonadales; Pseudomonadaceae; Pseudomonas,0,5_504_CntA#9,core,0.8012,1,0,0,1,[alpha] > dehydrogenase > other > reductase > reductase > other > transporter
NZ_WAIX01000004.1:245008-246133:1,WP_000067809.1,F8C09_RS07395,yeaW,"carnitine monooxygenase, oxygenase subunit YeaW",5_504_CntA,5,746.9,0.9866,2.2e-225,NZ_WAIX01000004.1,245008,246133,1,Escherichia coli,Bacteria; Pseudomonadati; Pseudomonadota; Gammaproteobacteria; Enterobacterales; Enterobacteriaceae; Escherichia,0,5_504_CntA#0,core,0.9972,1,0,0,1,transporter > [alpha] > reductase
NZ_WBMH01000063.1:5508-6633:1,WP_000067822.1,F8184_RS20690,yeaW,"carnitine monooxygenase, oxygenase subunit YeaW",5_504_CntA,5,748.6,0.9866,6.7e-226,NZ_WBMH01000063.1,5508,6633,1,Escherichia coli W,Bacteria; Pseudomonadati; Pseudomonadota; Gammaproteobacteria; Enterobacterales; Enterobacteriaceae; Escherichia,0,5_504_CntA#0,core,1.0,1,0,0,1,transporter > [alpha] > reductase
NZ_WAJF01000001.1:231876-233001:1,WP_020233073.1,F8C17_RS01155,yeaW,"carnitine monooxygenase, oxygenase subunit YeaW",5_504_CntA,5,746.2,0.9866,3.6e-225,NZ_WAJF01000001.1,231876,233001,1,Escherichia coli,Bacteria; Pseudomonadati; Pseudomonadota; Gammaproteobacteria; Enterobacterales; Enterobacteriaceae; Escherichia,0,5_504_CntA#0,core,0.9943,0,0,0,0,transporter > [alpha] > reductase
NZ_WEHD01000011.1:43366-44512:1,WP_011724269.1,GBP75_RS12235,,aromatic ring-hydroxylating dioxygenase subunit alpha,5_504_CntA,5,98.3,0.8656,2.8e-28,NZ_WEHD01000011.1,43366,44512,1,Mycobacterium avium subsp. hominissuis,Bacteria; Bacillati; Actinomycetota; Actinomycetes; Mycobacteriales; Mycobacteriaceae; Mycobacterium; Mycobacterium avium complex (MAC),0,5_504_CntA#1,core,0.9113,0,0,0,0,[alpha]
NZ_WBOG01000004.1:223876-225064:1,WP_005392447.1,F7Y47_RS13415,,aromatic ring-hydroxylating dioxygenase subunit alpha,5_504_CntA,5,145.4,0.8871,1.4e-42,NZ_WBOG01000004.1,223876,225064,1,Vibrio sp. 1-2-3a,Bacteria; Pseudomonadati; Pseudomonadota; Gammaproteobacteria; Vibrionales; Vibrionaceae; Vibrio,0,5_504_CntA#15,core,0.9405,1,0,0,1,[alpha] > dehydrogenase > other > reductase > reductase > other
NZ_WEIK01000009.1:185131-186253:-1,WP_060497117.1,F9Z43_RS12440,,aromatic ring-hydroxylating dioxygenase subunit alpha,5_504_CntA,5,780.2,0.9973,1.7e-235,NZ_WEIK01000009.1,185131,186253,-1,Pseudomonas monteilii,Bacteria; Pseudomonadati; Pseudomonadota; Gammaproteobacteria; Pseudomonadales; Pseudomonadaceae; Pseudomonas,0,5_504_CntA#0,core,0.7358,0,0,0,0,transporter > [alpha] > reductase > regulator
NZ_WHSK01000061.1:12899-14024:1,WP_000067822.1,GET26_RS11845,yeaW,"carnitine monooxygenase, oxygenase subunit YeaW",5_504_CntA,5,748.6,0.9866,6.7e-226,NZ_WHSK01000061.1,12899,14024,1,Shigella sonnei,Bacteria; Pseudomonadati; Pseudomonadota; Gammaproteobacteria; Enterobacterales; Enterobacteriaceae; Shigella,0,5_504_CntA#0,core,1.0,1,0,0,1,transporter > [alpha] > reductase
NZ_WHKM01000013.1:54473-55598:-1,WP_002213815.1,GC298_RS05305,,aromatic ring-hydroxylating dioxygenase subunit alpha,5_504_CntA,5,739.7,0.9839,3.4e-223,NZ_WHKM01000013.1,54473,55598,-1,Yersinia pestis,Bacteria; Pseudomonadati; Pseudomonadota; Gammaproteobacteria; Enterobacterales; Yersiniaceae; Yersinia,0,5_504_CntA#0,core,0.8159,0,0,0,0,transporter > [alpha] > reductase
NZ_WEHQ01000004.1:48155-49301:1,WP_011724269.1,GBQ42_RS06775,,aromatic ring-hydroxylating dioxygenase subunit alpha,5_504_CntA,5,98.3,0.8656,2.8e-28,NZ_WEHQ01000004.1,48155,49301,1,Mycobacterium avium subsp. hominissuis,Bacteria; Bacillati; Actinomycetota; Actinomycetes; Mycobacteriales; Mycobacteriaceae; Mycobacterium; Mycobacterium avium complex (MAC),0,5_504_CntA#1,core,0.9113,0,0,0,0,[alpha]
NZ_WIWN01000048.1:25746-26868:1,WP_048388897.1,GHO44_RS17315,,aromatic ring-hydroxylating dioxygenase subunit alpha,5_504_CntA,5,766.7,0.9973,2.1e-231,NZ_WIWN01000048.1,25746,26868,1,Pseudomonas helleri,Bacteria; Pseudomonadati; Pseudomonadota; Gammaproteobacteria; Pseudomonadales; Pseudomonadaceae; Pseudomonas,0,5_504_CntA#0,core,0.7249,1,0,0,1,[alpha] > dehydrogenase > reductase > other
NZ_WIWK01000013.1:18236-19358:-1,WP_048388897.1,GHO41_RS05880,,aromatic ring-hydroxylating dioxygenase subunit alpha,5_504_CntA,5,766.7,0.9973,2.1e-231,NZ_WIWK01000013.1,18236,19358,-1,Pseudomonas sp. FSL R10-0399,Bacteria; Pseudomonadati; Pseudomonadota; Gammaproteobacteria; Pseudomonadales; Pseudomonadaceae; Pseudomonas,0,5_504_CntA#0,core,0.7249,1,0,0,1,[alpha] > dehydrogenase > reductase > other
NZ_WIWG01000006.1:62579-63701:1,WP_048366827.1,GHO38_RS03915,,aromatic ring-hydroxylating dioxygenase subunit alpha,5_504_CntA,5,765.4,0.9973,5.3e-231,NZ_WIWG01000006.1,62579,63701,1,Pseudomonas helleri,Bacteria; Pseudomonadati; Pseudomonadota; Gammaproteobacteria; Pseudomonadales; Pseudomonadaceae; Pseudomonas,0,5_504_CntA#0,core,0.7249,1,0,0,1,[alpha] > dehydrogenase > reductase > other
NZ_WLVE01000009.1:103913-105038:-1,WP_003833746.1,GF718_RS11290,yeaW,"carnitine monooxygenase, oxygenase subunit YeaW",5_504_CntA,5,755.1,0.9839,7.3e-228,NZ_WLVE01000009.1,103913,105038,-1,Citrobacter braakii,Bacteria; Pseudomonadati; Pseudomonadota; Gammaproteobacteria; Enterobacterales; Enterobacteriaceae; Citrobacter; Citrobacter freundii complex,0,5_504_CntA#0,core,0.9181,0,0,0,0,transporter > [alpha] > reductase
NZ_WLTY01000006.1:7830-8958:-1,WP_036950201.1,GKR64_RS04660,,aromatic ring-hydroxylating dioxygenase subunit alpha,5_504_CntA,5,640.2,0.9651,5.9e-193,NZ_WLTY01000006.1,7830,8958,-1,Providencia sp. wls1938,Bacteria; Pseudomonadati; Pseudomonadota; Gammaproteobacteria; Enterobacterales; Morganellaceae; Providencia,0,5_504_CntA#0,core,0.6023,0,0,0,0,[alpha] > dehydrogenase > reductase
NZ_WLUK01000040.1:112255-113383:-1,WP_014656833.1,GKR66_RS10280,,aromatic ring-hydroxylating dioxygenase subunit alpha,5_504_CntA,5,642.1,0.9651,1.5e-193,NZ_WLUK01000040.1,112255,113383,-1,Providencia stuartii,Bacteria; Pseudomonadati; Pseudomonadota; Gammaproteobacteria; Enterobacterales; Morganellaceae; Providencia,0,5_504_CntA#0,core,0.604,1,0,0,1,[alpha] > dehydrogenase > reductase
NZ_WMNT01000013.1:114410-115535:1,WP_032416947.1,HZ903_RS13435,yeaW,"carnitine monooxygenase, oxygenase subunit YeaW",5_504_CntA,5,743.0,0.9839,3.4e-224,NZ_WMNT01000013.1,114410,115535,1,Klebsiella pneumoniae,Bacteria; Pseudomonadati; Pseudomonadota; Gammaproteobacteria; Enterobacterales; Enterobacteriaceae; Klebsiella/Raoultella group; Klebsiella,0,5_504_CntA#0,core,0.8669,0,0,0,0,transporter > [alpha] > dehydrogenase > reductase
NZ_WNLM01000002.1:181570-182695:-1,WP_002898571.1,GK022_RS02665,yeaW,"carnitine monooxygenase, oxygenase subunit YeaW",5_504_CntA,5,745.0,0.9839,8.3e-225,NZ_WNLM01000002.1,181570,182695,-1,Klebsiella pneumoniae subsp. pneumoniae,Bacteria; Pseudomonadati; Pseudomonadota; Gammaproteobacteria; Enterobacterales; Enterobacteriaceae; Klebsiella/Raoultella group; Klebsiella,0,5_504_CntA#0,core,0.8697,0,0,0,0,transporter > [alpha] > dehydrogenase > reductase
NZ_WOAK01000016.1:82048-83179:1,WP_015503347.1,GNQ40_RS19325,,aromatic ring-hydroxylating dioxygenase subunit alpha,5_504_CntA,5,93.2,0.5269,1e-26,NZ_WOAK01000016.1,82048,83179,1,Pseudomonas aeruginosa,Bacteria; Pseudomonadati; Pseudomonadota; Gammaproteobacteria; Pseudomonadales; Pseudomonadaceae; Pseudomonas,0,5_504_CntA#86,novel_candidate,0.2516,0,0,0,0,other > other > other > reductase > other > [alpha] > other > other > other
NZ_WNLL01000002.1:39219-40344:1,WP_012968597.1,GJ687_RS03265,yeaW,"carnitine monooxygenase, oxygenase subunit YeaW",5_504_CntA,5,743.1,0.9839,3.3e-224,NZ_WNLL01000002.1,39219,40344,1,Klebsiella variicola,Bacteria; Pseudomonadati; Pseudomonadota; Gammaproteobacteria; Enterobacterales; Enterobacteriaceae; Klebsiella/Raoultella group; Klebsiella,0,5_504_CntA#0,core,0.8693,0,0,0,0,transporter > [alpha] > dehydrogenase > reductase
NZ_WOEO01000004.1:257345-258470:1,WP_000067812.1,GNZ04_RS05735,yeaW,"carnitine monooxygenase, oxygenase subunit YeaW",5_504_CntA,5,746.5,0.9866,3e-225,NZ_WOEO01000004.1,257345,258470,1,Escherichia coli,Bacteria; Pseudomonadati; Pseudomonadota; Gammaproteobacteria; Enterobacterales; Enterobacteriaceae; Escherichia,0,5_504_CntA#0,core,0.9972,1,0,0,1,transporter > [alpha] > reductase
NZ_WOVH01000002.1:173804-174986:1,WP_047582983.1,GNP06_RS03345,,aromatic ring-hydroxylating dioxygenase subunit alpha,5_504_CntA,5,150.2,0.879,4.7e-44,NZ_WOVH01000002.1,173804,174986,1,Pseudomonas sp. TDA1,Bacteria; Pseudomonadati; Pseudomonadota; Gammaproteobacteria; Pseudomonadales; Pseudomonadaceae; Pseudomonas,0,5_504_CntA#9,core,0.7384,1,0,0,1,[alpha] > dehydrogenase > reductase > reductase > other > other
NZ_WOTK01000005.1:258388-259591:-1,WP_032931937.1,GNX16_RS13330,,aromatic ring-hydroxylating dioxygenase subunit alpha,5_504_CntA,5,140.8,0.5403,3.5e-41,NZ_WOTK01000005.1,258388,259591,-1,Mesorhizobium japonicum,Bacteria; Pseudomonadati; Pseudomonadota; Alphaproteobacteria; Hyphomicrobiales; Phyllobacteriaceae; Mesorhizobium,0,5_504_CntA#2,core,0.8585,0,0,0,0,[alpha]
NZ_WOWR01000014.1:99189-100311:1,WP_016499196.1,GN299_RS13340,,aromatic ring-hydroxylating dioxygenase subunit alpha,5_504_CntA,5,781.7,0.9973,5.7e-236,NZ_WOWR01000014.1,99189,100311,1,Pseudomonas putida,Bacteria; Pseudomonadati; Pseudomonadota; Gammaproteobacteria; Pseudomonadales; Pseudomonadaceae; Pseudomonas,0,5_504_CntA#0,core,0.7386,0,0,0,0,transporter > [alpha] > reductase
NZ_WQMN01000012.1:43087-44278:1,WP_001088747.1,GO875_RS04070,,aromatic ring-hydroxylating dioxygenase subunit alpha,5_504_CntA,5,135.2,0.8737,1.8e-39,NZ_WQMN01000012.1,43087,44278,1,Acinetobacter baumannii,Bacteria; Pseudomonadati; Pseudomonadota; Gammaproteobacteria; Moraxellales; Moraxellaceae; Acinetobacter; Acinetobacter calcoaceticus/baumannii complex,0,5_504_CntA#16,core,0.9912,1,0,0,1,[alpha] > dehydrogenase > other > reductase > reductase > other
NZ_WSXJ01000074.1:8420-9545:-1,WP_023063225.1,GQE96_RS19935,yeaW,"carnitine monooxygenase, oxygenase subunit YeaW",5_504_CntA,5,745.8,0.9866,4.9e-225,NZ_WSXJ01000074.1,8420,9545,-1,Escherichia coli,Bacteria; Pseudomonadati; Pseudomonadota; Gammaproteobacteria; Enterobacterales; Enterobacteriaceae; Escherichia,0,5_504_CntA#0,core,0.9972,1,0,0,1,transporter > [alpha] > reductase
NZ_WTER01000009.1:43059-44184:-1,WP_040174034.1,GQQ73_RS20385,yeaW,"carnitine monooxygenase, oxygenase subunit YeaW",5_504_CntA,5,744.7,0.9839,1e-224,NZ_WTER01000009.1,43059,44184,-1,Klebsiella pneumoniae,Bacteria; Pseudomonadati; Pseudomonadota; Gammaproteobacteria; Enterobacterales; Enterobacteriaceae; Klebsiella/Raoultella group; Klebsiella,0,5_504_CntA#0,core,0.8669,0,0,0,0,transporter > [alpha] > dehydrogenase > reductase
NZ_WTUV01000002.1:302587-303712:1,WP_000067835.1,GQM59_RS03745,yeaW,"carnitine monooxygenase, oxygenase subunit YeaW",5_504_CntA,5,748.2,0.9866,9e-226,NZ_WTUV01000002.1,302587,303712,1,Escherichia coli,Bacteria; Pseudomonadati; Pseudomonadota; Gammaproteobacteria; Enterobacterales; Enterobacteriaceae; Escherichia,0,5_504_CntA#0,core,0.9972,1,0,0,1,transporter > [alpha] > reductase
NZ_WTZV01000009.1:114622-115747:1,WP_020079182.1,GOQ34_RS15875,yeaW,"carnitine monooxygenase, oxygenase subunit YeaW",5_504_CntA,5,741.3,0.9839,1.1e-223,NZ_WTZV01000009.1,114622,115747,1,Klebsiella pneumoniae,Bacteria; Pseudomonadati; Pseudomonadota; Gammaproteobacteria; Enterobacterales; Enterobacteriaceae; Klebsiella/Raoultella group; Klebsiella,0,5_504_CntA#0,core,0.9119,0,0,0,0,transporter > [alpha] > dehydrogenase > reductase
NZ_WTVT01000003.1:119331-120456:-1,WP_022645788.1,GQY14_RS04450,yeaW,"carnitine monooxygenase, oxygenase subunit YeaW",5_504_CntA,5,748.7,0.9866,6.5e-226,NZ_WTVT01000003.1,119331,120456,-1,Escherichia coli,Bacteria; Pseudomonadati; Pseudomonadota; Gammaproteobacteria; Enterobacterales; Enterobacteriaceae; Escherichia,0,5_504_CntA#0,core,1.0,0,0,0,0,transporter > [alpha] > reductase
NZ_WTDB01000007.1:158960-160085:1,WP_023282347.1,GQQ31_RS16220,yeaW,"carnitine monooxygenase, oxygenase subunit YeaW",5_504_CntA,5,742.4,0.9839,5.2e-224,NZ_WTDB01000007.1,158960,160085,1,Klebsiella pneumoniae,Bacteria; Pseudomonadati; Pseudomonadota; Gammaproteobacteria; Enterobacterales; Enterobacteriaceae; Klebsiella/Raoultella group; Klebsiella,0,5_504_CntA#0,core,0.8669,0,0,0,0,transporter > [alpha] > dehydrogenase > reductase
NZ_WVHX01000016.1:10733-11858:-1,WP_025304183.1,G5A08_RS15750,,aromatic ring-hydroxylating dioxygenase subunit alpha,5_504_CntA,5,734.3,0.9839,1.5e-221,NZ_WVHX01000016.1,10733,11858,-1,Serratia marcescens,Bacteria; Pseudomonadati; Pseudomonadota; Gammaproteobacteria; Enterobacterales; Yersiniaceae; Serratia,0,5_504_CntA#0,core,0.7714,0,0,0,0,transporter > [alpha] > dehydrogenase > reductase
NZ_WWES01000068.1:18874-20020:1,WP_006385414.1,GND97_RS17855,,aromatic ring-hydroxylating dioxygenase subunit alpha,5_504_CntA,5,127.0,0.8522,5.6e-37,NZ_WWES01000068.1,18874,20020,1,Achromobacter xylosoxidans,Bacteria; Pseudomonadati; Pseudomonadota; Betaproteobacteria; Burkholderiales; Alcaligenaceae; Achromobacter,0,5_504_CntA#80,novel_candidate,0.2796,0,0,0,0,other > reductase > hypothetical > hydrolase > [alpha] > other > hydrolase
NZ_WVUT01000003.1:263778-264903:1,WP_000067828.1,GTJ78_RS05400,yeaW,"carnitine monooxygenase, oxygenase subunit YeaW",5_504_CntA,5,748.5,0.9866,7.2e-226,NZ_WVUT01000003.1,263778,264903,1,Escherichia coli,Bacteria; Pseudomonadati; Pseudomonadota; Gammaproteobacteria; Enterobacterales; Enterobacteriaceae; Escherichia,0,5_504_CntA#0,core,0.9972,1,0,0,1,transporter > [alpha] > reductase
NZ_WVVH01000013.1:66496-67621:-1,WP_000067834.1,GTJ90_RS12625,yeaW,"carnitine monooxygenase, oxygenase subunit YeaW",5_504_CntA,5,745.8,0.9866,4.8e-225,NZ_WVVH01000013.1,66496,67621,-1,Escherichia coli,Bacteria; Pseudomonadati; Pseudomonadota; Gammaproteobacteria; Enterobacterales; Enterobacteriaceae; Escherichia,0,5_504_CntA#0,core,0.9943,1,0,0,1,transporter > [alpha] > reductase
NZ_WWIQ01000021.1:188082-189387:-1,WP_010033385.1,GTY47_RS14820,,aromatic ring-hydroxylating dioxygenase subunit alpha,5_504_CntA,5,119.7,0.8844,8.6e-35,NZ_WWIQ01000021.1,188082,189387,-1,Streptomyces sp. SID5464,Bacteria; Bacillati; Actinomycetota; Actinomycetes; Kitasatosporales; Streptomycetaceae; Streptomyces,0,5_504_CntA#22,core,0.9475,0,0,0,0,[alpha] > reductase > other > other
NZ_WXZA01000005.1:68836-69961:-1,WP_000067822.1,GUK03_RS08610,yeaW,"carnitine monooxygenase, oxygenase subunit YeaW",5_504_CntA,5,748.6,0.9866,6.7e-226,NZ_WXZA01000005.1,68836,69961,-1,Escherichia coli,Bacteria; Pseudomonadati; Pseudomonadota; Gammaproteobacteria; Enterobacterales; Enterobacteriaceae; Escherichia,0,5_504_CntA#0,core,1.0,1,0,0,1,transporter > [alpha] > reductase
XM_001210232.1:0-1254:1,XP_001210232.1,ATEG_00146,,uncharacterized protein,5_504_CntA,5,161.3,0.8575,2e-47,XM_001210232.1,0,1254,1,Aspergillus terreus NIH2624,Eukaryota; Fungi; Dikarya; Ascomycota; Pezizomycotina; Eurotiomycetes; Eurotiomycetidae; Eurotiales; Aspergillaceae; Aspergillus; Aspergillus subgen. Circumdati,0,5_504_CntA#24,core,0.6506,0,0,0,0,[alpha]
XM_001258752.1:0-1239:1,XP_001258753.1,NFIA_002050,,Rieske [2Fe-2S] domain protein,5_504_CntA,5,155.2,0.8522,1.5e-45,XM_001258752.1,0,1239,1,Aspergillus fischeri NRRL 181,Eukaryota; Fungi; Dikarya; Ascomycota; Pezizomycotina; Eurotiomycetes; Eurotiomycetidae; Eurotiales; Aspergillaceae; Aspergillus; Aspergillus subgen. Fumigati,0,5_504_CntA#23,divergent,0.5449,0,0,0,0,[alpha]
XM_001262170.1:0-1248:1,XP_001262171.1,NFIA_099080,,Rieske [2Fe-2S] domain protein,5_504_CntA,5,148.5,0.8629,1.5e-43,XM_001262170.1,0,1248,1,Aspergillus fischeri NRRL 181,Eukaryota; Fungi; Dikarya; Ascomycota; Pezizomycotina; Eurotiomycetes; Eurotiomycetidae; Eurotiales; Aspergillaceae; Aspergillus; Aspergillus subgen. Fumigati,0,5_504_CntA#78,core,0.8228,0,0,0,0,[alpha]
XM_001402300.3:0-1269:1,XP_001402337.1,An04g09810,,uncharacterized protein,5_504_CntA,5,158.0,0.8629,2e-46,XM_001402300.3,0,1269,1,Aspergillus niger,Eukaryota; Fungi; Dikarya; Ascomycota; Pezizomycotina; Eurotiomycetes; Eurotiomycetidae; Eurotiales; Aspergillaceae; Aspergillus; Aspergillus subgen. Circumdati,0,5_504_CntA#78,core,0.7441,0,0,0,0,[alpha]
XM_001485786.1:0-1335:1,XP_001485836.2,PGUG_01507,,uncharacterized protein,5_504_CntA,5,164.6,0.879,2e-48,XM_001485786.1,0,1335,1,Meyerozyma guilliermondii ATCC 6260,Eukaryota; Fungi; Dikarya; Ascomycota; Saccharomycotina; Pichiomycetes; Debaryomycetaceae; Meyerozyma,0,5_504_CntA#59,novel_candidate,0.3372,0,0,0,0,[alpha]
XM_001524305.1:0-1452:1,XP_001524355.1,LELG_04327,,hypothetical protein,5_504_CntA,5,160.0,0.8978,4.9e-47,XM_001524305.1,0,1452,1,Lodderomyces elongisporus NRRL YB-4239,Eukaryota; Fungi; Dikarya; Ascomycota; Saccharomycotina; Saccharomycetes; Saccharomycetales; Debaryomycetaceae; Candida/Lodderomyces clade; Lodderomyces,0,5_504_CntA#58,novel_candidate,0.3724,0,0,0,0,[alpha]
XM_001800513.1:0-1278:1,XP_001800565.1,SNOG_10286,,hypothetical protein,5_504_CntA,5,148.1,0.8468,2.1e-43,XM_001800513.1,0,1278,1,Parastagonospora nodorum SN15,Eukaryota; Fungi; Dikarya; Ascomycota; Pezizomycotina; Dothideomycetes; Pleosporomycetidae; Pleosporales; Pleosporineae; Phaeosphaeriaceae; Parastagonospora,0,5_504_CntA#20,core,0.7249,0,0,0,0,[alpha]
XM_001817543.1:0-1257:1,XP_001817595.1,AO090005000545,,hypothetical protein,5_504_CntA,5,147.0,0.8575,4.4e-43,XM_001817543.1,0,1257,1,Aspergillus oryzae RIB40,Eukaryota; Fungi; Dikarya; Ascomycota; Pezizomycotina; Eurotiomycetes; Eurotiomycetidae; Eurotiales; Aspergillaceae; Aspergillus; Aspergillus subgen. Circumdati,0,5_504_CntA#24,core,0.6019,0,0,0,0,[alpha]
XM_001825500.2:66-1308:1,XP_001825552.1,AOR_1_54064,,Rieske 2Fe-2S family protein,5_504_CntA,5,133.3,0.707,6.5e-39,XM_001825500.2,66,1308,1,Aspergillus oryzae RIB40,Eukaryota; Fungi; Dikarya; Ascomycota; Pezizomycotina; Eurotiomycetes; Eurotiomycetidae; Eurotiales; Aspergillaceae; Aspergillus,0,5_504_CntA#107,core,0.6074,0,0,0,0,[alpha]
XM_001936207.1:0-1356:1,XP_001936242.1,PTRG_05909,,"naphthalene 1,2-dioxygenase subunit alpha",5_504_CntA,5,152.0,0.8629,1.4e-44,XM_001936207.1,0,1356,1,Pyrenophora tritici-repentis Pt-1C-BFP,Eukaryota; Fungi; Dikarya; Ascomycota; Pezizomycotina; Dothideomycetes; Pleosporomycetidae; Pleosporales; Pleosporineae; Pleosporaceae; Pyrenophora,0,5_504_CntA#20,core,0.9331,0,0,0,0,[alpha]
XM_002381503.1:0-1242:1,XP_002381544.1,AFLA_123510,,"iron-sulfur domain containing protein, putative",5_504_CntA,5,133.3,0.707,6.5e-39,XM_002381503.1,0,1242,1,Aspergillus flavus NRRL3357,Eukaryota; Fungi; Dikarya; Ascomycota; Pezizomycotina; Eurotiomycetes; Eurotiomycetidae; Eurotiales; Aspergillaceae; Aspergillus; Aspergillus subgen. Circumdati,0,5_504_CntA#107,core,0.6074,0,0,0,0,[alpha]
XM_002372673.1:0-1257:1,XP_002372714.1,AFLA_077970,,"Rieske 2Fe-2S family protein, putative",5_504_CntA,5,146.2,0.8548,8.1e-43,XM_002372673.1,0,1257,1,Aspergillus flavus NRRL3357,Eukaryota; Fungi; Dikarya; Ascomycota; Pezizomycotina; Eurotiomycetes; Eurotiomycetidae; Eurotiales; Aspergillaceae; Aspergillus; Aspergillus subgen. Circumdati,0,5_504_CntA#24,core,0.6019,0,0,0,0,[alpha]
XM_002379694.1:0-1227:1,XP_002379735.1,AFLA_137220,,"iron-sulfur cluster-binding protein, rieske family domain protein",5_504_CntA,5,173.8,0.8602,3.2e-51,XM_002379694.1,0,1227,1,Aspergillus flavus NRRL3357,Eukaryota; Fungi; Dikarya; Ascomycota; Pezizomycotina; Eurotiomycetes; Eurotiomycetidae; Eurotiales; Aspergillaceae; Aspergillus; Aspergillus subgen. Circumdati,0,5_504_CntA#36,divergent,0.5408,0,0,0,0,[alpha]
XM_002419662.1:0-1305:1,XP_002419707.1,CD36_40350,,"Rieske [2Fe-2S] domain protein, putative",5_504_CntA,5,169.5,0.9005,6.3e-50,XM_002419662.1,0,1305,1,Candida dubliniensis CD36,Eukaryota; Fungi; Dikarya; Ascomycota; Saccharomycotina; Pichiomycetes; Debaryomycetaceae; Candida/Lodderomyces clade; Candida,0,5_504_CntA#30,novel_candidate,0.3246,0,0,0,0,[alpha]
XM_002479622.1:0-1131:1,XP_002479667.1,TSTA_025500,,"Rieske 2Fe-2S family protein, putative",5_504_CntA,5,143.2,0.8306,6.6e-42,XM_002479622.1,0,1131,1,Talaromyces stipitatus ATCC 10500,Eukaryota; Fungi; Dikarya; Ascomycota; Pezizomycotina; Eurotiomycetes; Eurotiomycetidae; Eurotiales; Trichocomaceae; Talaromyces; Talaromyces sect. Talaromyces,0,5_504_CntA#36,divergent,0.5484,0,0,0,0,[alpha]
XM_002545184.1:0-1290:1,XP_002545230.1,CTRG_00011,,conserved hypothetical protein,5_504_CntA,5,147.7,0.8871,2.8e-43,XM_002545184.1,0,1290,1,Candida tropicalis MYA-3404,Eukaryota; Fungi; Dikarya; Ascomycota; Saccharomycotina; Pichiomycetes; Debaryomycetaceae; Candida/Lodderomyces clade; Candida,0,5_504_CntA#150,novel_candidate,0.313,0,0,0,0,[alpha]
XM_002560299.1:0-1242:1,XP_002560345.1,N7525_010056,,uncharacterized protein,5_504_CntA,5,148.9,0.8522,1.2e-43,XM_002560299.1,0,1242,1,Penicillium rubens,Eukaryota; Fungi; Dikarya; Ascomycota; Pezizomycotina; Eurotiomycetes; Eurotiomycetidae; Eurotiales; Aspergillaceae; Penicillium; Penicillium chrysogenum species complex,0,5_504_CntA#24,core,0.575,0,0,0,0,[alpha]
XM_002560389.1:0-1236:1,XP_002560435.1,Pc16g00100,,hypothetical protein,5_504_CntA,5,153.5,0.8575,4.6e-45,XM_002560389.1,0,1236,1,Penicillium rubens Wisconsin 54-1255,Eukaryota; Fungi; Dikarya; Ascomycota; Pezizomycotina; Eurotiomycetes; Eurotiomycetidae; Eurotiales; Aspergillaceae; Penicillium; Penicillium chrysogenum species complex,0,5_504_CntA#23,divergent,0.5298,0,0,0,0,[alpha]
XM_002615071.1:0-1344:1,XP_002615117.1,CLUG_05132,,uncharacterized protein,5_504_CntA,5,166.4,0.914,5.8e-49,XM_002615071.1,0,1344,1,Clavispora lusitaniae ATCC 42720,Eukaryota; Fungi; Dikarya; Ascomycota; Saccharomycotina; Saccharomycetes; Saccharomycetales; Metschnikowiaceae; Clavispora,0,5_504_CntA#59,novel_candidate,0.3305,0,0,0,0,[alpha]
XM_002628641.1:0-1230:1,XP_002628687.1,BDBG_01595,,Rieske domain-containing protein,5_504_CntA,5,161.6,0.8683,1.6e-47,XM_002628641.1,0,1230,1,Blastomyces gilchristii SLH14081,Eukaryota; Fungi; Dikarya; Ascomycota; Pezizomycotina; Eurotiomycetes; Eurotiomycetidae; Onygenales; Ajellomycetaceae; Blastomyces,0,5_504_CntA#101,divergent,0.4769,0,0,0,0,[alpha]
XM_003002905.1:224-1490:1,XP_003002951.1,VDBG_06513,,"naphthalene 1,2-dioxygenase subunit alpha",5_504_CntA,5,153.0,0.8495,6.7e-45,XM_003002905.1,224,1490,1,Verticillium alfalfae VaMs.102,Eukaryota; Fungi; Dikarya; Ascomycota; Pezizomycotina; Sordariomycetes; Hypocreomycetidae; Glomerellales; Plectosphaerellaceae; Verticillium,0,5_504_CntA#25,core,0.7864,0,0,0,0,[alpha]
XM_003040829.1:0-1074:1,XP_003040875.1,NECHADRAFT_53334,,uncharacterized protein,5_504_CntA,5,142.2,0.8522,1.3e-41,XM_003040829.1,0,1074,1,Fusarium vanettenii 77-13-4,Eukaryota; Fungi; Dikarya; Ascomycota; Pezizomycotina; Sordariomycetes; Hypocreomycetidae; Hypocreales; Nectriaceae; Fusarium; Fusarium solani species complex; Fusarium vanettenii,0,5_504_CntA#75,divergent,0.4808,0,0,0,0,[alpha]
XM_003042400.1:0-1269:1,XP_003042446.1,NECHADRAFT_72708,,uncharacterized protein,5_504_CntA,5,148.2,0.8575,2e-43,XM_003042400.1,0,1269,1,Fusarium vanettenii 77-13-4,Eukaryota; Fungi; Dikarya; Ascomycota; Pezizomycotina; Sordariomycetes; Hypocreomycetidae; Hypocreales; Nectriaceae; Fusarium; Fusarium solani species complex; Fusarium vanettenii,0,5_504_CntA#157,core,0.7197,0,0,0,0,[alpha]
XM_003042419.1:0-1164:1,XP_003042465.1,NECHADRAFT_55718,,uncharacterized protein,5_504_CntA,5,133.7,0.8387,4.8e-39,XM_003042419.1,0,1164,1,Fusarium vanettenii 77-13-4,Eukaryota; Fungi; Dikarya; Ascomycota; Pezizomycotina; Sordariomycetes; Hypocreomycetidae; Hypocreales; Nectriaceae; Fusarium; Fusarium solani species complex; Fusarium vanettenii,0,5_504_CntA#45,divergent,0.4094,0,0,0,0,[alpha]
XM_003042451.1:0-1179:1,XP_003042497.1,NECHADRAFT_42368,,uncharacterized protein,5_504_CntA,5,155.5,0.8602,1.1e-45,XM_003042451.1,0,1179,1,Fusarium vanettenii 77-13-4,Eukaryota; Fungi; Dikarya; Ascomycota; Pezizomycotina; Sordariomycetes; Hypocreomycetidae; Hypocreales; Nectriaceae; Fusarium; Fusarium solani species complex; Fusarium vanettenii,0,5_504_CntA#45,divergent,0.4249,0,0,0,0,[alpha]
XM_003043148.1:0-1317:1,XP_003043194.1,NECHADRAFT_51619,,uncharacterized protein,5_504_CntA,5,140.6,0.8548,4e-41,XM_003043148.1,0,1317,1,Fusarium vanettenii 77-13-4,Eukaryota; Fungi; Dikarya; Ascomycota; Pezizomycotina; Sordariomycetes; Hypocreomycetidae; Hypocreales; Nectriaceae; Fusarium; Fusarium solani species complex; Fusarium vanettenii,0,5_504_CntA#106,core,0.5568,0,0,0,0,[alpha]
XM_003046206.1:0-1131:1,XP_003046252.1,NECHADRAFT_5017,,uncharacterized protein,5_504_CntA,5,167.6,0.8844,2.5e-49,XM_003046206.1,0,1131,1,Fusarium vanettenii 77-13-4,Eukaryota; Fungi; Dikarya; Ascomycota; Pezizomycotina; Sordariomycetes; Hypocreomycetidae; Hypocreales; Nectriaceae; Fusarium; Fusarium solani species complex; Fusarium vanettenii,0,5_504_CntA#100,divergent,0.5446,0,0,0,0,[alpha]
XM_003047388.1:0-1245:1,XP_003047434.1,NECHADRAFT_54321,,uncharacterized protein,5_504_CntA,5,144.6,0.8683,2.4e-42,XM_003047388.1,0,1245,1,Fusarium vanettenii 77-13-4,Eukaryota; Fungi; Dikarya; Ascomycota; Pezizomycotina; Sordariomycetes; Hypocreomycetidae; Hypocreales; Nectriaceae; Fusarium; Fusarium solani species complex; Fusarium vanettenii,0,5_504_CntA#24,core,0.5969,0,0,0,0,[alpha]
XM_003049035.1:0-1182:1,XP_003049081.1,NECHADRAFT_94939,,uncharacterized protein,5_504_CntA,5,153.7,0.9462,4e-45,XM_003049035.1,0,1182,1,Fusarium vanettenii 77-13-4,Eukaryota; Fungi; Dikarya; Ascomycota; Pezizomycotina; Sordariomycetes; Hypocreomycetidae; Hypocreales; Nectriaceae; Fusarium; Fusarium solani species complex; Fusarium vanettenii,0,5_504_CntA#153,divergent,0.4927,0,0,0,0,[alpha]
XM_003297263.1:0-1146:1,XP_003297311.1,PTT_07670,,hypothetical protein,5_504_CntA,5,135.8,0.8172,1.1e-39,XM_003297263.1,0,1146,1,Pyrenophora teres f. teres 0-1,Eukaryota; Fungi; Dikarya; Ascomycota; Pezizomycotina; Dothideomycetes; Pleosporomycetidae; Pleosporales; Pleosporineae; Pleosporaceae; Pyrenophora,0,5_504_CntA#20,core,0.9329,0,0,0,0,[alpha]
NZ_WYAT01000009.1:79531-80722:-1,WP_001088745.1,GUK66_RS06075,,aromatic ring-hydroxylating dioxygenase subunit alpha,5_504_CntA,5,133.9,0.8737,4.4e-39,NZ_WYAT01000009.1,79531,80722,-1,Acinetobacter baumannii,Bacteria; Pseudomonadati; Pseudomonadota; Gammaproteobacteria; Moraxellales; Moraxellaceae; Acinetobacter; Acinetobacter calcoaceticus/baumannii complex,0,5_504_CntA#16,core,0.9912,1,0,0,1,[alpha] > dehydrogenase > other > reductase > reductase > other
XM_003715565.1:0-1308:1,XP_003715613.1,MGG_12423,,choline monooxygenase,5_504_CntA,5,145.8,0.8548,1e-42,XM_003715565.1,0,1308,1,Pyricularia oryzae 70-15,Eukaryota; Fungi; Dikarya; Ascomycota; Pezizomycotina; Sordariomycetes; Sordariomycetidae; Magnaporthales; Pyriculariaceae; Pyricularia,0,5_504_CntA#25,core,0.7188,0,0,0,0,[alpha]
XM_003854285.1:75-1353:1,XP_003854333.1,MYCGRDRAFT_99625,,uncharacterized protein,5_504_CntA,5,147.8,0.8898,2.6e-43,XM_003854285.1,75,1353,1,Zymoseptoria tritici IPO323,Eukaryota; Fungi; Dikarya; Ascomycota; Pezizomycotina; Dothideomycetes; Dothideomycetidae; Mycosphaerellales; Mycosphaerellaceae; Zymoseptoria,0,5_504_CntA#105,core,0.6088,0,0,0,0,[alpha]
XM_003869947.1:0-1398:1,XP_003869996.1,CORT_0E02780,,hypothetical protein,5_504_CntA,5,164.7,0.8737,1.8e-48,XM_003869947.1,0,1398,1,Candida orthopsilosis Co 90-125,Eukaryota; Fungi; Dikarya; Ascomycota; Saccharomycotina; Pichiomycetes; Debaryomycetaceae; Candida/Lodderomyces clade; Candida,0,5_504_CntA#58,novel_candidate,0.3411,0,0,0,0,[alpha]
NZ_WYAT01000016.1:14702-15818:-1,WP_001277084.1,GUK66_RS13665,cntA,carnitine monooxygenase subunit alpha,5_504_CntA,5,821.1,0.9973,6.2e-248,NZ_WYAT01000016.1,14702,15818,-1,Acinetobacter baumannii,Bacteria; Pseudomonadati; Pseudomonadota; Gammaproteobacteria; Moraxellales; Moraxellaceae; Acinetobacter; Acinetobacter calcoaceticus/baumannii complex,0,5_504_CntA#0,core,0.986,1,0,0,1,dehydrogenase > transporter > hydrolase > [alpha] > dehydrogenase > reductase
XM_005757964.1:0-1266:1,XP_005758021.1,EMIHUDRAFT_107249,,hypothetical protein,5_504_CntA,5,137.9,0.5403,2.6e-40,XM_005757964.1,0,1266,1,Emiliania huxleyi CCMP1516,Eukaryota; Haptista; Haptophyta; Prymnesiophyceae; Isochrysidales; Noelaerhabdaceae; Emiliania,0,5_504_CntA#99,novel_candidate,0.263,0,0,0,0,[alpha]
XM_005772020.1:0-1266:1,XP_005772077.1,EMIHUDRAFT_242817,,hypothetical protein,5_504_CntA,5,138.2,0.5457,2.1e-40,XM_005772020.1,0,1266,1,Emiliania huxleyi CCMP1516,Eukaryota; Haptista; Haptophyta; Prymnesiophyceae; Isochrysidales; Noelaerhabdaceae; Emiliania,0,5_504_CntA#99,novel_candidate,0.2601,0,0,0,0,[alpha]
XM_006671095.1:0-1161:1,XP_006671158.1,CCM_05951,,"iron-sulfur cluster-binding protein, rieske family domain protein",5_504_CntA,5,129.2,0.8199,1.1e-37,XM_006671095.1,0,1161,1,Cordyceps militaris CM01,Eukaryota; Fungi; Dikarya; Ascomycota; Pezizomycotina; Sordariomycetes; Hypocreomycetidae; Hypocreales; Cordycipitaceae; Cordyceps,0,5_504_CntA#46,core,0.5784,0,0,0,0,[alpha]
XM_006673168.1:0-1266:1,XP_006673231.1,CCM_08029,,Rieske,5_504_CntA,5,145.7,0.8629,1.1e-42,XM_006673168.1,0,1266,1,Cordyceps militaris CM01,Eukaryota; Fungi; Dikarya; Ascomycota; Pezizomycotina; Sordariomycetes; Hypocreomycetidae; Hypocreales; Cordycipitaceae; Cordyceps,0,5_504_CntA#103,core,0.6886,0,0,0,0,[alpha]
XM_006688413.1:36-1401:1,XP_006688476.1,CANTEDRAFT_115772,,ISP domain-containing protein,5_504_CntA,5,159.6,0.8199,6.8e-47,XM_006688413.1,36,1401,1,Yamadazyma tenuis ATCC 10573,Eukaryota; Fungi; Dikarya; Ascomycota; Saccharomycotina; Saccharomycetes; Saccharomycetales; Debaryomycetaceae; Yamadazyma,0,5_504_CntA#30,novel_candidate,0.3374,0,0,0,0,[alpha]
XM_007287089.1:0-1221:1,XP_007287151.1,CGGC5_2361,,iron-sulfur cluster-binding rieske family domain protein,5_504_CntA,5,148.3,0.8763,1.8e-43,XM_007287089.1,0,1221,1,Colletotrichum gloeosporioides Nara gc5,Eukaryota; Fungi; Dikarya; Ascomycota; Pezizomycotina; Sordariomycetes; Hypocreomycetidae; Glomerellales; Glomerellaceae; Colletotrichum,0,5_504_CntA#46,divergent,0.4795,0,0,0,0,[alpha]
XM_007287447.1:0-1218:1,XP_007287509.1,CGGC5_14804,,iron-sulfur cluster-binding rieske family domain protein,5_504_CntA,5,141.5,0.8495,2.2e-41,XM_007287447.1,0,1218,1,Colletotrichum gloeosporioides Nara gc5,Eukaryota; Fungi; Dikarya; Ascomycota; Pezizomycotina; Sordariomycetes; Hypocreomycetidae; Glomerellales; Glomerellaceae; Colletotrichum,0,5_504_CntA#57,divergent,0.4065,0,0,0,0,[alpha]
XM_007272880.1:0-1188:1,XP_007272942.1,CGGC5_15307,,rieske domain-containing protein,5_504_CntA,5,158.6,0.8629,1.4e-46,XM_007272880.1,0,1188,1,Colletotrichum gloeosporioides Nara gc5,Eukaryota; Fungi; Dikarya; Ascomycota; Pezizomycotina; Sordariomycetes; Hypocreomycetidae; Glomerellales; Glomerellaceae; Colletotrichum,0,5_504_CntA#101,divergent,0.4281,0,0,0,0,[alpha]
XM_007277230.1:0-1275:1,XP_007277292.1,CGGC5_6444,,naphthalene -dioxygenase subunit alpha,5_504_CntA,5,161.6,0.8656,1.7e-47,XM_007277230.1,0,1275,1,Colletotrichum gloeosporioides Nara gc5,Eukaryota; Fungi; Dikarya; Ascomycota; Pezizomycotina; Sordariomycetes; Hypocreomycetidae; Glomerellales; Glomerellaceae; Colletotrichum,0,5_504_CntA#25,core,0.7959,0,0,0,0,[alpha]
XM_007602936.1:0-1188:1,XP_007602998.1,CFIO01_07897,,hypothetical protein,5_504_CntA,5,152.9,0.8629,7.3e-45,XM_007602936.1,0,1188,1,Colletotrichum fioriniae PJ7,Eukaryota; Fungi; Dikarya; Ascomycota; Pezizomycotina; Sordariomycetes; Hypocreomycetidae; Glomerellales; Glomerellaceae; Colletotrichum,0,5_504_CntA#45,divergent,0.4537,0,0,0,0,[alpha]
XM_007685389.1:0-1347:1,XP_007683579.1,COCMIDRAFT_83356,,uncharacterized protein,5_504_CntA,5,151.2,0.8548,2.4e-44,XM_007685389.1,0,1347,1,Bipolaris oryzae ATCC 44560,Eukaryota; Fungi; Dikarya; Ascomycota; Pezizomycotina; Dothideomycetes; Pleosporomycetidae; Pleosporales; Pleosporineae; Pleosporaceae; Bipolaris,0,5_504_CntA#20,core,0.997,0,0,0,0,[alpha]
XM_007596262.1:0-1215:1,XP_007596324.1,CFIO01_00858,,cytochrome P450 oxidoreductase,5_504_CntA,5,138.0,0.8656,2.4e-40,XM_007596262.1,0,1215,1,Colletotrichum fioriniae PJ7,Eukaryota; Fungi; Dikarya; Ascomycota; Pezizomycotina; Sordariomycetes; Hypocreomycetidae; Glomerellales; Glomerellaceae; Colletotrichum,0,5_504_CntA#46,divergent,0.4952,0,0,0,0,[alpha]
XM_007600282.1:0-1278:1,XP_007600344.1,CFIO01_00385,,Rieske domain-containing protein,5_504_CntA,5,150.3,0.8522,4.6e-44,XM_007600282.1,0,1278,1,Colletotrichum fioriniae PJ7,Eukaryota; Fungi; Dikarya; Ascomycota; Pezizomycotina; Sordariomycetes; Hypocreomycetidae; Glomerellales; Glomerellaceae; Colletotrichum,0,5_504_CntA#25,core,0.7895,0,0,0,0,[alpha]
XM_007695379.1:0-1227:1,XP_007693569.1,COCMIDRAFT_110179,,uncharacterized protein,5_504_CntA,5,140.8,0.8522,3.5e-41,XM_007695379.1,0,1227,1,Bipolaris oryzae ATCC 44560,Eukaryota; Fungi; Dikarya; Ascomycota; Pezizomycotina; Dothideomycetes; Pleosporomycetidae; Pleosporales; Pleosporineae; Pleosporaceae; Bipolaris,0,5_504_CntA#77,divergent,0.5305,0,0,0,0,[alpha]
XM_007701412.1:0-1347:1,XP_007699602.1,COCSADRAFT_88221,,uncharacterized protein,5_504_CntA,5,151.2,0.8575,2.4e-44,XM_007701412.1,0,1347,1,Bipolaris sorokiniana ND90Pr,Eukaryota; Fungi; Dikarya; Ascomycota; Pezizomycotina; Dothideomycetes; Pleosporomycetidae; Pleosporales; Pleosporineae; Pleosporaceae; Bipolaris,0,5_504_CntA#20,core,0.991,0,0,0,0,[alpha]
XM_007747434.1:0-1239:1,XP_007745624.1,A1O5_06843,,uncharacterized protein,5_504_CntA,5,140.6,0.5672,4e-41,XM_007747434.1,0,1239,1,Cladophialophora psammophila CBS 110553,Eukaryota; Fungi; Dikarya; Ascomycota; Pezizomycotina; Eurotiomycetes; Chaetothyriomycetidae; Chaetothyriales; Herpotrichiellaceae; Cladophialophora,0,5_504_CntA#57,divergent,0.4673,0,0,0,0,[alpha]
XM_007748412.1:0-1377:1,XP_007746602.1,A1O5_07824,,uncharacterized protein,5_504_CntA,5,177.2,0.8656,3e-52,XM_007748412.1,0,1377,1,Cladophialophora psammophila CBS 110553,Eukaryota; Fungi; Dikarya; Ascomycota; Pezizomycotina; Eurotiomycetes; Chaetothyriomycetidae; Chaetothyriales; Herpotrichiellaceae; Cladophialophora,0,5_504_CntA#13,novel_candidate,0.3931,0,0,0,0,[alpha]
XM_007754054.1:0-1230:1,XP_007752244.1,A1O7_00012,,uncharacterized protein,5_504_CntA,5,167.2,0.8629,3.3e-49,XM_007754054.1,0,1230,1,Cladophialophora yegresii CBS 114405,Eukaryota; Fungi; Dikarya; Ascomycota; Pezizomycotina; Eurotiomycetes; Chaetothyriomycetidae; Chaetothyriales; Herpotrichiellaceae; Cladophialophora,0,5_504_CntA#19,novel_candidate,0.3988,0,0,0,0,[alpha]
XM_007719273.1:0-1347:1,XP_007717463.1,COCCADRAFT_109696,,uncharacterized protein,5_504_CntA,5,151.4,0.8575,2.1e-44,XM_007719273.1,0,1347,1,Bipolaris zeicola 26-R-13,Eukaryota; Fungi; Dikarya; Ascomycota; Pezizomycotina; Dothideomycetes; Pleosporomycetidae; Pleosporales; Pleosporineae; Pleosporaceae; Bipolaris,0,5_504_CntA#20,core,0.994,0,0,0,0,[alpha]
XM_007744916.1:0-1230:1,XP_007743106.1,A1O5_04309,,uncharacterized protein,5_504_CntA,5,174.3,0.9355,2.3e-51,XM_007744916.1,0,1230,1,Cladophialophora psammophila CBS 110553,Eukaryota; Fungi; Dikarya; Ascomycota; Pezizomycotina; Eurotiomycetes; Chaetothyriomycetidae; Chaetothyriales; Herpotrichiellaceae; Cladophialophora,0,5_504_CntA#19,divergent,0.4511,0,0,0,0,[alpha]
XM_007745604.1:0-1197:1,XP_007743794.1,A1O5_05001,,uncharacterized protein,5_504_CntA,5,155.6,0.8763,1.1e-45,XM_007745604.1,0,1197,1,Cladophialophora psammophila CBS 110553,Eukaryota; Fungi; Dikarya; Ascomycota; Pezizomycotina; Eurotiomycetes; Chaetothyriomycetidae; Chaetothyriales; Herpotrichiellaceae; Cladophialophora,0,5_504_CntA#45,divergent,0.466,0,0,0,0,[alpha]
XM_007741353.1:0-1242:1,XP_007739543.1,A1O5_00734,,cytochrome P450 oxidoreductase,5_504_CntA,5,149.6,0.8548,7.4e-44,XM_007741353.1,0,1242,1,Cladophialophora psammophila CBS 110553,Eukaryota; Fungi; Dikarya; Ascomycota; Pezizomycotina; Eurotiomycetes; Chaetothyriomycetidae; Chaetothyriales; Herpotrichiellaceae; Cladophialophora,0,5_504_CntA#21,core,0.9512,0,0,0,0,[alpha]
XM_007744654.1:0-1239:1,XP_007742844.1,A1O5_04045,,cytochrome P450 oxidoreductase,5_504_CntA,5,157.5,0.8548,2.9e-46,XM_007744654.1,0,1239,1,Cladophialophora psammophila CBS 110553,Eukaryota; Fungi; Dikarya; Ascomycota; Pezizomycotina; Eurotiomycetes; Chaetothyriomycetidae; Chaetothyriales; Herpotrichiellaceae; Cladophialophora,0,5_504_CntA#17,core,0.5791,0,0,0,0,[alpha]
XM_007731672.1:0-1224:1,XP_007729862.1,A1O3_01528,,uncharacterized protein,5_504_CntA,5,138.3,0.5833,1.9e-40,XM_007731672.1,0,1224,1,Capronia epimyces CBS 606.96,Eukaryota; Fungi; Dikarya; Ascomycota; Pezizomycotina; Eurotiomycetes; Chaetothyriomycetidae; Chaetothyriales; Herpotrichiellaceae; Capronia,0,5_504_CntA#102,core,0.5541,0,0,0,0,[alpha]
XM_007735049.1:0-1188:1,XP_007733239.1,A1O3_04921,,uncharacterized protein,5_504_CntA,5,161.1,0.871,2.3e-47,XM_007735049.1,0,1188,1,Capronia epimyces CBS 606.96,Eukaryota; Fungi; Dikarya; Ascomycota; Pezizomycotina; Eurotiomycetes; Chaetothyriomycetidae; Chaetothyriales; Herpotrichiellaceae; Capronia,0,5_504_CntA#19,divergent,0.4434,0,0,0,0,[alpha]
XM_007759855.1:0-1356:1,XP_007758045.1,A1O7_05847,,uncharacterized protein,5_504_CntA,5,177.4,0.8871,2.7e-52,XM_007759855.1,0,1356,1,Cladophialophora yegresii CBS 114405,Eukaryota; Fungi; Dikarya; Ascomycota; Pezizomycotina; Eurotiomycetes; Chaetothyriomycetidae; Chaetothyriales; Herpotrichiellaceae; Cladophialophora,0,5_504_CntA#13,novel_candidate,0.3702,0,0,0,0,[alpha]
XM_007762132.1:0-1215:1,XP_007760322.1,A1O7_08138,,uncharacterized protein,5_504_CntA,5,155.7,0.8871,1e-45,XM_007762132.1,0,1215,1,Cladophialophora yegresii CBS 114405,Eukaryota; Fungi; Dikarya; Ascomycota; Pezizomycotina; Eurotiomycetes; Chaetothyriomycetidae; Chaetothyriales; Herpotrichiellaceae; Cladophialophora,0,5_504_CntA#56,divergent,0.4458,0,0,0,0,[alpha]
XM_007762373.1:0-1245:1,XP_007760563.1,A1O7_08380,,cytochrome P450 oxidoreductase,5_504_CntA,5,157.3,0.8602,3.4e-46,XM_007762373.1,0,1245,1,Cladophialophora yegresii CBS 114405,Eukaryota; Fungi; Dikarya; Ascomycota; Pezizomycotina; Eurotiomycetes; Chaetothyriomycetidae; Chaetothyriales; Herpotrichiellaceae; Cladophialophora,0,5_504_CntA#17,core,0.6417,0,0,0,0,[alpha]
XM_007755498.1:0-1254:1,XP_007753688.1,A1O7_01461,,cytochrome P450 oxidoreductase,5_504_CntA,5,148.5,0.8602,1.6e-43,XM_007755498.1,0,1254,1,Cladophialophora yegresii CBS 114405,Eukaryota; Fungi; Dikarya; Ascomycota; Pezizomycotina; Eurotiomycetes; Chaetothyriomycetidae; Chaetothyriales; Herpotrichiellaceae; Cladophialophora,0,5_504_CntA#109,core,0.6543,0,0,0,0,[alpha]
XM_007780282.1:0-1257:1,XP_007778472.1,W97_02382,,uncharacterized protein,5_504_CntA,5,151.1,0.8548,2.5e-44,XM_007780282.1,0,1257,1,Coniosporium apollinis CBS 100218,Eukaryota; Fungi; Dikarya; Ascomycota; Pezizomycotina; Dothideomycetes; Dothideomycetes incertae sedis; Coniosporium,0,5_504_CntA#24,core,0.6102,0,0,0,0,[alpha]
XM_007830721.1:0-1224:1,XP_007828912.1,PFICI_02140,,uncharacterized protein,5_504_CntA,5,152.3,0.8522,1.1e-44,XM_007830721.1,0,1224,1,Pestalotiopsis fici W106-1,Eukaryota; Fungi; Dikarya; Ascomycota; Pezizomycotina; Sordariomycetes; Xylariomycetidae; Xylariales; Sporocadaceae; Pestalotiopsis,0,5_504_CntA#36,divergent,0.5285,0,0,0,0,[alpha]
XM_007831873.1:0-1233:1,XP_007830064.1,PFICI_03292,,uncharacterized protein,5_504_CntA,5,162.1,0.8602,1.1e-47,XM_007831873.1,0,1233,1,Pestalotiopsis fici W106-1,Eukaryota; Fungi; Dikarya; Ascomycota; Pezizomycotina; Sordariomycetes; Xylariomycetidae; Xylariales; Sporocadaceae; Pestalotiopsis,0,5_504_CntA#74,divergent,0.4435,0,0,0,0,[alpha]
XM_007832224.1:0-1251:1,XP_007830415.1,PFICI_03643,,uncharacterized protein,5_504_CntA,5,161.0,0.8629,2.4e-47,XM_007832224.1,0,1251,1,Pestalotiopsis fici W106-1,Eukaryota; Fungi; Dikarya; Ascomycota; Pezizomycotina; Sordariomycetes; Xylariomycetidae; Xylariales; Sporocadaceae; Pestalotiopsis,0,5_504_CntA#152,divergent,0.5168,0,0,0,0,[alpha]
XM_007833241.1:0-1260:1,XP_007831432.1,PFICI_04660,,uncharacterized protein,5_504_CntA,5,140.8,0.8763,3.5e-41,XM_007833241.1,0,1260,1,Pestalotiopsis fici W106-1,Eukaryota; Fungi; Dikarya; Ascomycota; Pezizomycotina; Sordariomycetes; Xylariomycetidae; Xylariales; Sporocadaceae; Pestalotiopsis,0,5_504_CntA#24,core,0.5741,0,0,0,0,[alpha]
XM_007785523.1:0-1236:1,XP_007783713.1,W97_07720,,uncharacterized protein,5_504_CntA,5,152.3,0.8683,1.1e-44,XM_007785523.1,0,1236,1,Coniosporium apollinis CBS 100218,Eukaryota; Fungi; Dikarya; Ascomycota; Pezizomycotina; Dothideomycetes; Dothideomycetes incertae sedis; Coniosporium,0,5_504_CntA#76,core,0.6766,0,0,0,0,[alpha]
XM_007796307.1:0-1227:1,XP_007794498.1,UCREL1_6604,,putative rieske 2fe-2s family protein,5_504_CntA,5,161.7,0.8898,1.6e-47,XM_007796307.1,0,1227,1,Eutypa lata UCREL1,Eukaryota; Fungi; Dikarya; Ascomycota; Pezizomycotina; Sordariomycetes; Xylariomycetidae; Xylariales; Diatrypaceae; Eutypa,0,5_504_CntA#74,divergent,0.4545,0,0,0,0,[alpha]
XM_007814986.1:0-1254:1,XP_007813177.1,MAC_06837,,Rieske [2Fe-2S] domain protein,5_504_CntA,5,171.1,0.8548,2.2e-50,XM_007814986.1,0,1254,1,Metarhizium acridum CQMa 102,Eukaryota; Fungi; Dikarya; Ascomycota; Pezizomycotina; Sordariomycetes; Hypocreomycetidae; Hypocreales; Clavicipitaceae; Metarhizium,0,5_504_CntA#21,core,0.7778,0,0,0,0,[alpha]
XM_007817884.1:0-972:1,XP_007816075.1,MAC_09735,,"iron-sulfur cluster-binding protein, rieske family domain protein",5_504_CntA,5,136.7,0.6129,6.1e-40,XM_007817884.1,0,972,1,Metarhizium acridum CQMa 102,Eukaryota; Fungi; Dikarya; Ascomycota; Pezizomycotina; Sordariomycetes; Hypocreomycetidae; Hypocreales; Clavicipitaceae; Metarhizium,0,5_504_CntA#73,core,0.5526,0,0,0,0,[alpha]
XM_007866089.1:0-1380:1,XP_007864280.1,GLOTRDRAFT_73704,,ISP domain-containing protein,5_504_CntA,5,149.7,0.8683,6.8e-44,XM_007866089.1,0,1380,1,Gloeophyllum trabeum ATCC 11539,Eukaryota; Fungi; Dikarya; Basidiomycota; Agaricomycotina; Agaricomycetes; Gloeophyllales; Gloeophyllaceae; Gloeophyllum,0,5_504_CntA#151,novel_candidate,0.3681,0,0,0,0,[alpha]
XM_007931450.1:0-1236:1,XP_007929641.1,MYCFIDRAFT_34621,,uncharacterized protein,5_504_CntA,5,160.4,0.8548,3.7e-47,XM_007931450.1,0,1236,1,Pseudocercospora fijiensis CIRAD86,Eukaryota; Fungi; Dikarya; Ascomycota; Pezizomycotina; Dothideomycetes; Dothideomycetidae; Mycosphaerellales; Mycosphaerellaceae; Pseudocercospora,0,5_504_CntA#154,core,0.5843,0,0,0,0,[alpha]
XM_007924362.1:86-1358:1,XP_007922553.1,MYCFIDRAFT_52415,,uncharacterized protein,5_504_CntA,5,139.6,0.8602,8e-41,XM_007924362.1,86,1358,1,Pseudocercospora fijiensis CIRAD86,Eukaryota; Fungi; Dikarya; Ascomycota; Pezizomycotina; Dothideomycetes; Dothideomycetidae; Mycosphaerellales; Mycosphaerellaceae; Pseudocercospora,0,5_504_CntA#156,core,0.6083,0,0,0,0,[alpha]
XM_008099933.1:0-1272:1,XP_008098124.1,GLRG_09248,,Rieske domain-containing protein,5_504_CntA,5,155.4,0.8522,1.3e-45,XM_008099933.1,0,1272,1,Colletotrichum graminicola M1.001,Eukaryota; Fungi; Dikarya; Ascomycota; Pezizomycotina; Sordariomycetes; Hypocreomycetidae; Glomerellales; Glomerellaceae; Colletotrichum; Colletotrichum graminicola species complex,0,5_504_CntA#25,core,0.7632,0,0,0,0,[alpha]
XM_008027586.1:0-1302:1,XP_008025777.1,SETTUDRAFT_87341,,uncharacterized protein,5_504_CntA,5,151.0,0.8656,2.8e-44,XM_008027586.1,0,1302,1,Exserohilum turcica Et28A,Eukaryota; Fungi; Dikarya; Ascomycota; Pezizomycotina; Dothideomycetes; Pleosporomycetidae; Pleosporales; Pleosporineae; Pleosporaceae; Exserohilum,0,5_504_CntA#20,core,0.9525,0,0,0,0,[alpha]
XM_008595442.1:0-1104:1,XP_008593664.1,BBA_00345,,iron-sulfur cluster-binding protein,5_504_CntA,5,143.0,0.8575,7.2e-42,XM_008595442.1,0,1104,1,Beauveria bassiana ARSEF 2860,Eukaryota; Fungi; Dikarya; Ascomycota; Pezizomycotina; Sordariomycetes; Hypocreomycetidae; Hypocreales; Cordycipitaceae; Beauveria,0,5_504_CntA#46,core,0.5525,0,0,0,0,[alpha]
XM_008712371.1:0-1227:1,XP_008710593.1,HMPREF1541_00062,,uncharacterized protein,5_504_CntA,5,148.3,0.871,1.8e-43,XM_008712371.1,0,1227,1,Cyphellophora europaea CBS 101466,Eukaryota; Fungi; Dikarya; Ascomycota; Pezizomycotina; Eurotiomycetes; Chaetothyriomycetidae; Chaetothyriales; Cyphellophoraceae; Cyphellophora,0,5_504_CntA#149,divergent,0.4667,0,0,0,0,[alpha]
XM_008598920.1:0-1269:1,XP_008597142.1,BBA_03823,,"naphthalene 1,2-dioxygenase subunit alpha",5_504_CntA,5,148.2,0.8602,1.9e-43,XM_008598920.1,0,1269,1,Beauveria bassiana ARSEF 2860,Eukaryota; Fungi; Dikarya; Ascomycota; Pezizomycotina; Sordariomycetes; Hypocreomycetidae; Hypocreales; Cordycipitaceae; Beauveria,0,5_504_CntA#108,core,0.6408,0,0,0,0,[alpha]
XM_008719615.1:0-1233:1,XP_008717837.1,HMPREF1541_05274,,uncharacterized protein,5_504_CntA,5,156.9,0.8602,4.5e-46,XM_008719615.1,0,1233,1,Cyphellophora europaea CBS 101466,Eukaryota; Fungi; Dikarya; Ascomycota; Pezizomycotina; Eurotiomycetes; Chaetothyriomycetidae; Chaetothyriales; Cyphellophoraceae; Cyphellophora,0,5_504_CntA#17,core,0.5629,0,0,0,0,[alpha]
XM_008731661.1:0-1239:1,XP_008729883.1,G647_07345,,uncharacterized protein,5_504_CntA,5,157.6,0.8602,2.7e-46,XM_008731661.1,0,1239,1,Cladophialophora carrionii CBS 160.54,Eukaryota; Fungi; Dikarya; Ascomycota; Pezizomycotina; Eurotiomycetes; Chaetothyriomycetidae; Chaetothyriales; Herpotrichiellaceae; Cladophialophora,0,5_504_CntA#17,core,0.6511,0,0,0,0,[alpha]
XM_008722865.1:0-1248:1,XP_008721087.1,HMPREF1541_08546,,uncharacterized protein,5_504_CntA,5,147.1,0.8656,4.1e-43,XM_008722865.1,0,1248,1,Cyphellophora europaea CBS 101466,Eukaryota; Fungi; Dikarya; Ascomycota; Pezizomycotina; Eurotiomycetes; Chaetothyriomycetidae; Chaetothyriales; Cyphellophoraceae; Cyphellophora,0,5_504_CntA#23,divergent,0.5483,0,0,0,0,[alpha]
XM_008723417.1:0-1230:1,XP_008721639.1,G647_00014,,uncharacterized protein,5_504_CntA,5,166.6,0.8656,5.1e-49,XM_008723417.1,0,1230,1,Cladophialophora carrionii CBS 160.54,Eukaryota; Fungi; Dikarya; Ascomycota; Pezizomycotina; Eurotiomycetes; Chaetothyriomycetidae; Chaetothyriales; Herpotrichiellaceae; Cladophialophora,0,5_504_CntA#19,divergent,0.4077,0,0,0,0,[alpha]
XM_008724929.1:0-1251:1,XP_008723151.1,G647_01530,,uncharacterized protein,5_504_CntA,5,150.3,0.8548,4.6e-44,XM_008724929.1,0,1251,1,Cladophialophora carrionii CBS 160.54,Eukaryota; Fungi; Dikarya; Ascomycota; Pezizomycotina; Eurotiomycetes; Chaetothyriomycetidae; Chaetothyriales; Herpotrichiellaceae; Cladophialophora,0,5_504_CntA#109,core,0.6646,0,0,0,0,[alpha]
XM_008727206.1:0-1251:1,XP_008725428.1,G647_02860,,uncharacterized protein,5_504_CntA,5,146.7,0.8575,5.4e-43,XM_008727206.1,0,1251,1,Cladophialophora carrionii CBS 160.54,Eukaryota; Fungi; Dikarya; Ascomycota; Pezizomycotina; Eurotiomycetes; Chaetothyriomycetidae; Chaetothyriales; Herpotrichiellaceae; Cladophialophora,0,5_504_CntA#23,core,0.5852,0,0,0,0,[alpha]
XM_008730259.1:0-1212:1,XP_008728481.1,G647_05933,,uncharacterized protein,5_504_CntA,5,160.2,0.8763,4.5e-47,XM_008730259.1,0,1212,1,Cladophialophora carrionii CBS 160.54,Eukaryota; Fungi; Dikarya; Ascomycota; Pezizomycotina; Eurotiomycetes; Chaetothyriomycetidae; Chaetothyriales; Herpotrichiellaceae; Cladophialophora,0,5_504_CntA#56,divergent,0.4409,0,0,0,0,[alpha]
XM_008730995.1:0-1356:1,XP_008729217.1,G647_06676,,uncharacterized protein,5_504_CntA,5,170.9,0.8602,2.4e-50,XM_008730995.1,0,1356,1,Cladophialophora carrionii CBS 160.54,Eukaryota; Fungi; Dikarya; Ascomycota; Pezizomycotina; Eurotiomycetes; Chaetothyriomycetidae; Chaetothyriales; Herpotrichiellaceae; Cladophialophora,0,5_504_CntA#13,novel_candidate,0.3746,0,0,0,0,[alpha]
XM_009035980.1:0-1308:1,XP_009034228.1,AURANDRAFT_22354,,hypothetical protein,5_504_CntA,5,122.3,0.8763,1.4e-35,XM_009035980.1,0,1308,1,Aureococcus anophagefferens,Eukaryota; Sar; Stramenopiles; Ochrophyta; Pelagophyceae; Pelagomonadales; Pelagomonadaceae; Aureococcus,0,5_504_CntA#148,novel_candidate,0.2873,0,0,0,0,[alpha]
XM_008868905.1:49-1441:1,XP_008867127.1,H310_04523,,hypothetical protein,5_504_CntA,5,147.7,0.8871,2.7e-43,XM_008868905.1,49,1441,1,Aphanomyces invadans,Eukaryota; Sar; Stramenopiles; Oomycota; Saprolegniales; Saprolegniaceae; Aphanomyces,0,5_504_CntA#72,novel_candidate,0.2979,0,0,0,0,[alpha]
XM_008868906.1:49-1264:1,XP_008867128.1,H310_04523,,"hypothetical protein, variant",5_504_CntA,5,137.2,0.5672,4.1e-40,XM_008868906.1,49,1264,1,Aphanomyces invadans,Eukaryota; Sar; Stramenopiles; Oomycota; Saprolegniales; Saprolegniaceae; Aphanomyces,0,5_504_CntA#72,novel_candidate,0.343,0,0,0,0,[alpha]
XM_009154849.1:0-1242:1,XP_009153097.1,HMPREF1120_00845,,uncharacterized protein,5_504_CntA,5,157.3,0.8575,3.4e-46,XM_009154849.1,0,1242,1,Exophiala dermatitidis NIH/UT8656,Eukaryota; Fungi; Dikarya; Ascomycota; Pezizomycotina; Eurotiomycetes; Chaetothyriomycetidae; Chaetothyriales; Herpotrichiellaceae; Exophiala,0,5_504_CntA#17,core,0.5559,0,0,0,0,[alpha]
XM_009225256.1:147-1440:1,XP_009223520.1,GGTG_07432,,choline monooxygenase,5_504_CntA,5,154.2,0.8548,3e-45,XM_009225256.1,147,1440,1,Gaeumannomyces tritici R3-111a-1,Eukaryota; Fungi; Dikarya; Ascomycota; Pezizomycotina; Sordariomycetes; Sordariomycetidae; Magnaporthales; Magnaporthaceae; Gaeumannomyces,0,5_504_CntA#25,core,0.7236,0,0,0,0,[alpha]
XM_009259815.1:0-1239:1,XP_009258090.1,FPSE_06697,,hypothetical protein,5_504_CntA,5,154.8,0.8575,1.9e-45,XM_009259815.1,0,1239,1,Fusarium pseudograminearum CS3096,Eukaryota; Fungi; Dikarya; Ascomycota; Pezizomycotina; Sordariomycetes; Hypocreomycetidae; Hypocreales; Nectriaceae; Fusarium,0,5_504_CntA#104,core,0.5562,0,0,0,0,[alpha]
XM_009654786.1:224-1490:1,XP_009653081.1,VDAG_05050,,choline monooxygenase,5_504_CntA,5,152.7,0.8495,8.4e-45,XM_009654786.1,224,1490,1,Verticillium dahliae VdLs.17,Eukaryota; Fungi; Dikarya; Ascomycota; Pezizomycotina; Sordariomycetes; Hypocreomycetidae; Glomerellales; Plectosphaerellaceae; Verticillium,0,5_504_CntA#25,core,0.7864,0,0,0,0,[alpha]
XM_009829668.1:0-1230:1,XP_009827970.1,H257_04989,,"hypothetical protein, variant",5_504_CntA,5,135.4,0.5672,1.5e-39,XM_009829668.1,0,1230,1,Aphanomyces astaci,Eukaryota; Sar; Stramenopiles; Oomycota; Saprolegniales; Saprolegniaceae; Aphanomyces,0,5_504_CntA#72,novel_candidate,0.3447,0,0,0,0,[alpha]
XM_011413443.1:0-1254:1,XP_011411745.1,MAA_11449,,Ankyrin repeat-containing domain protein,5_504_CntA,5,169.3,0.8548,7.6e-50,XM_011413443.1,0,1254,1,Metarhizium robertsii ARSEF 23,Eukaryota; Fungi; Dikarya; Ascomycota; Pezizomycotina; Sordariomycetes; Hypocreomycetidae; Hypocreales; Clavicipitaceae; Metarhizium,0,5_504_CntA#21,core,0.8031,0,0,0,0,[alpha]
XM_011324591.1:0-1239:1,XP_011322893.1,FGSG_02908,,hypothetical protein,5_504_CntA,5,154.8,0.8575,1.9e-45,XM_011324591.1,0,1239,1,Fusarium graminearum PH-1,Eukaryota; Fungi; Dikarya; Ascomycota; Pezizomycotina; Sordariomycetes; Hypocreomycetidae; Hypocreales; Nectriaceae; Fusarium,0,5_504_CntA#104,divergent,0.5455,0,0,0,0,[alpha]
XM_013406195.1:0-1365:1,XP_013261649.1,A1O9_03902,,uncharacterized protein,5_504_CntA,5,177.9,0.8656,1.8e-52,XM_013406195.1,0,1365,1,Exophiala aquamarina CBS 119918,Eukaryota; Fungi; Dikarya; Ascomycota; Pezizomycotina; Eurotiomycetes; Chaetothyriomycetidae; Chaetothyriales; Herpotrichiellaceae; Exophiala,0,5_504_CntA#13,novel_candidate,0.3708,0,0,0,0,[alpha]
XM_013406418.1:0-1251:1,XP_013261872.1,A1O9_04126,,cytochrome P450 oxidoreductase,5_504_CntA,5,139.1,0.8683,1.1e-40,XM_013406418.1,0,1251,1,Exophiala aquamarina CBS 119918,Eukaryota; Fungi; Dikarya; Ascomycota; Pezizomycotina; Eurotiomycetes; Chaetothyriomycetidae; Chaetothyriales; Herpotrichiellaceae; Exophiala,0,5_504_CntA#75,core,0.5696,0,0,0,0,[alpha]
XM_013398840.1:0-1260:1,XP_013254294.1,A1O9_12339,,cytochrome P450 oxidoreductase,5_504_CntA,5,160.8,0.8548,2.8e-47,XM_013398840.1,0,1260,1,Exophiala aquamarina CBS 119918,Eukaryota; Fungi; Dikarya; Ascomycota; Pezizomycotina; Eurotiomycetes; Chaetothyriomycetidae; Chaetothyriales; Herpotrichiellaceae; Exophiala,0,5_504_CntA#17,core,0.5723,0,0,0,0,[alpha]
XM_013401824.1:0-1242:1,XP_013257278.1,A1O9_09130,,cytochrome P450 oxidoreductase,5_504_CntA,5,166.4,0.8575,5.8e-49,XM_013401824.1,0,1242,1,Exophiala aquamarina CBS 119918,Eukaryota; Fungi; Dikarya; Ascomycota; Pezizomycotina; Eurotiomycetes; Chaetothyriomycetidae; Chaetothyriales; Herpotrichiellaceae; Exophiala,0,5_504_CntA#60,core,0.6332,0,0,0,0,[alpha]
XM_013420268.1:0-1128:1,XP_013275722.1,Z518_03242,,uncharacterized protein,5_504_CntA,5,136.8,0.8199,5.6e-40,XM_013420268.1,0,1128,1,Rhinocladiella mackenziei CBS 650.93,Eukaryota; Fungi; Dikarya; Ascomycota; Pezizomycotina; Eurotiomycetes; Chaetothyriomycetidae; Chaetothyriales; Herpotrichiellaceae; Rhinocladiella,0,5_504_CntA#23,core,0.5563,0,0,0,0,[alpha]
XM_013423463.1:0-1299:1,XP_013278917.1,Z517_11880,,uncharacterized protein,5_504_CntA,5,115.3,0.5511,1.9e-33,XM_013423463.1,0,1299,1,Fonsecaea pedrosoi CBS 271.37,Eukaryota; Fungi; Dikarya; Ascomycota; Pezizomycotina; Eurotiomycetes; Chaetothyriomycetidae; Chaetothyriales; Herpotrichiellaceae; Fonsecaea,0,5_504_CntA#44,novel_candidate,0.312,0,0,0,0,[alpha]
XM_013407851.1:0-1221:1,XP_013263305.1,A1O9_02276,,uncharacterized protein,5_504_CntA,5,156.5,0.8522,5.8e-46,XM_013407851.1,0,1221,1,Exophiala aquamarina CBS 119918,Eukaryota; Fungi; Dikarya; Ascomycota; Pezizomycotina; Eurotiomycetes; Chaetothyriomycetidae; Chaetothyriales; Herpotrichiellaceae; Exophiala,0,5_504_CntA#102,divergent,0.4738,0,0,0,0,[alpha]
XM_013413610.1:0-1272:1,XP_013269064.1,Z518_07867,,uncharacterized protein,5_504_CntA,5,173.4,0.871,4.1e-51,XM_013413610.1,0,1272,1,Rhinocladiella mackenziei CBS 650.93,Eukaryota; Fungi; Dikarya; Ascomycota; Pezizomycotina; Eurotiomycetes; Chaetothyriomycetidae; Chaetothyriales; Herpotrichiellaceae; Rhinocladiella,0,5_504_CntA#19,divergent,0.4577,0,0,0,0,[alpha]
XM_013414348.1:0-1359:1,XP_013269802.1,Z518_08608,,uncharacterized protein,5_504_CntA,5,172.3,0.8522,9.1e-51,XM_013414348.1,0,1359,1,Rhinocladiella mackenziei CBS 650.93,Eukaryota; Fungi; Dikarya; Ascomycota; Pezizomycotina; Eurotiomycetes; Chaetothyriomycetidae; Chaetothyriales; Herpotrichiellaceae; Rhinocladiella,0,5_504_CntA#13,novel_candidate,0.3788,0,0,0,0,[alpha]
XM_013427484.1:0-1215:1,XP_013282938.1,Z517_08970,,uncharacterized protein,5_504_CntA,5,167.5,0.9355,2.7e-49,XM_013427484.1,0,1215,1,Fonsecaea pedrosoi CBS 271.37,Eukaryota; Fungi; Dikarya; Ascomycota; Pezizomycotina; Eurotiomycetes; Chaetothyriomycetidae; Chaetothyriales; Herpotrichiellaceae; Fonsecaea,0,5_504_CntA#19,divergent,0.4462,0,0,0,0,[alpha]
XM_013428668.1:0-1245:1,XP_013284122.1,Z517_06929,,uncharacterized protein,5_504_CntA,5,150.6,0.8548,3.5e-44,XM_013428668.1,0,1245,1,Fonsecaea pedrosoi CBS 271.37,Eukaryota; Fungi; Dikarya; Ascomycota; Pezizomycotina; Eurotiomycetes; Chaetothyriomycetidae; Chaetothyriales; Herpotrichiellaceae; Fonsecaea,0,5_504_CntA#21,core,0.9598,0,0,0,0,[alpha]
XM_013429589.1:0-1395:1,XP_013285043.1,Z517_04260,,uncharacterized protein,5_504_CntA,5,171.8,0.8629,1.3e-50,XM_013429589.1,0,1395,1,Fonsecaea pedrosoi CBS 271.37,Eukaryota; Fungi; Dikarya; Ascomycota; Pezizomycotina; Eurotiomycetes; Chaetothyriomycetidae; Chaetothyriales; Herpotrichiellaceae; Fonsecaea,0,5_504_CntA#13,novel_candidate,0.39,0,0,0,0,[alpha]
XM_013454137.1:0-1329:1,XP_013309591.1,PV05_10723,,uncharacterized protein,5_504_CntA,5,155.7,0.9274,1e-45,XM_013454137.1,0,1329,1,Exophiala xenobiotica,Eukaryota; Fungi; Dikarya; Ascomycota; Pezizomycotina; Eurotiomycetes; Chaetothyriomycetidae; Chaetothyriales; Herpotrichiellaceae; Exophiala,0,5_504_CntA#57,divergent,0.4088,0,0,0,0,[alpha]
XM_013455667.1:156-1455:1,XP_013311121.1,PV05_09338,,uncharacterized protein,5_504_CntA,5,114.6,0.5484,3.1e-33,XM_013455667.1,156,1455,1,Exophiala xenobiotica,Eukaryota; Fungi; Dikarya; Ascomycota; Pezizomycotina; Eurotiomycetes; Chaetothyriomycetidae; Chaetothyriales; Herpotrichiellaceae; Exophiala,0,5_504_CntA#44,novel_candidate,0.2919,0,0,0,0,[alpha]
XM_013456745.1:0-1239:1,XP_013312199.1,PV05_10319,,uncharacterized protein,5_504_CntA,5,162.5,0.8522,8.9e-48,XM_013456745.1,0,1239,1,Exophiala xenobiotica,Eukaryota; Fungi; Dikarya; Ascomycota; Pezizomycotina; Eurotiomycetes; Chaetothyriomycetidae; Chaetothyriales; Herpotrichiellaceae; Exophiala,0,5_504_CntA#17,core,0.5736,0,0,0,0,[alpha]
XM_013457204.1:574-1813:1,XP_013312658.1,PV05_07744,,uncharacterized protein,5_504_CntA,5,164.1,0.8629,2.8e-48,XM_013457204.1,574,1813,1,Exophiala xenobiotica,Eukaryota; Fungi; Dikarya; Ascomycota; Pezizomycotina; Eurotiomycetes; Chaetothyriomycetidae; Chaetothyriales; Herpotrichiellaceae; Exophiala,0,5_504_CntA#76,core,0.6656,0,0,0,0,[alpha]
XM_013459482.1:0-1251:1,XP_013314936.1,PV05_06716,,uncharacterized protein,5_504_CntA,5,148.8,0.8522,1.2e-43,XM_013459482.1,0,1251,1,Exophiala xenobiotica,Eukaryota; Fungi; Dikarya; Ascomycota; Pezizomycotina; Eurotiomycetes; Chaetothyriomycetidae; Chaetothyriales; Herpotrichiellaceae; Exophiala,0,5_504_CntA#23,core,0.5552,0,0,0,0,[alpha]
XM_013432373.1:0-1191:1,XP_013287827.1,Z517_03265,,uncharacterized protein,5_504_CntA,5,160.3,0.8145,4.1e-47,XM_013432373.1,0,1191,1,Fonsecaea pedrosoi CBS 271.37,Eukaryota; Fungi; Dikarya; Ascomycota; Pezizomycotina; Eurotiomycetes; Chaetothyriomycetidae; Chaetothyriales; Herpotrichiellaceae; Fonsecaea,0,5_504_CntA#45,divergent,0.4482,0,0,0,0,[alpha]
XM_013488511.1:123-1359:1,XP_013343965.1,AUEXF2481DRAFT_97600,,uncharacterized protein,5_504_CntA,5,169.0,0.8683,9.5e-50,XM_013488511.1,123,1359,1,Aureobasidium subglaciale EXF-2481,Eukaryota; Fungi; Dikarya; Ascomycota; Pezizomycotina; Dothideomycetes; Dothideomycetidae; Dothideales; Saccotheciaceae; Aureobasidium,0,5_504_CntA#74,divergent,0.4339,0,0,0,0,[alpha]
XM_013488536.1:0-1254:1,XP_013343990.1,AUEXF2481DRAFT_97676,,uncharacterized protein,5_504_CntA,5,152.7,0.8602,8.2e-45,XM_013488536.1,0,1254,1,Aureobasidium subglaciale EXF-2481,Eukaryota; Fungi; Dikarya; Ascomycota; Pezizomycotina; Dothideomycetes; Dothideomycetidae; Dothideales; Saccotheciaceae; Aureobasidium,0,5_504_CntA#55,core,0.6019,0,0,0,0,[alpha]
XM_013490542.1:0-1251:1,XP_013345996.1,AUEXF2481DRAFT_87046,,uncharacterized protein,5_504_CntA,5,158.5,0.8629,1.5e-46,XM_013490542.1,0,1251,1,Aureobasidium subglaciale EXF-2481,Eukaryota; Fungi; Dikarya; Ascomycota; Pezizomycotina; Dothideomycetes; Dothideomycetidae; Dothideales; Saccotheciaceae; Aureobasidium,0,5_504_CntA#103,core,0.6935,0,0,0,0,[alpha]
XM_013461444.1:0-1395:1,XP_013316898.1,PV05_04982,,uncharacterized protein,5_504_CntA,5,171.1,0.8522,2.1e-50,XM_013461444.1,0,1395,1,Exophiala xenobiotica,Eukaryota; Fungi; Dikarya; Ascomycota; Pezizomycotina; Eurotiomycetes; Chaetothyriomycetidae; Chaetothyriales; Herpotrichiellaceae; Exophiala,0,5_504_CntA#13,novel_candidate,0.3591,0,0,0,0,[alpha]
XM_013461652.1:91-1327:1,XP_013317106.1,PV05_05180,,uncharacterized protein,5_504_CntA,5,148.5,0.8602,1.6e-43,XM_013461652.1,91,1327,1,Exophiala xenobiotica,Eukaryota; Fungi; Dikarya; Ascomycota; Pezizomycotina; Eurotiomycetes; Chaetothyriomycetidae; Chaetothyriales; Herpotrichiellaceae; Exophiala,0,5_504_CntA#56,divergent,0.4651,0,0,0,0,[alpha]
XM_013567867.1:0-1254:1,XP_013423321.1,M436DRAFT_67566,,ISP domain-containing protein,5_504_CntA,5,157.1,0.8522,3.8e-46,XM_013567867.1,0,1254,1,Aureobasidium namibiae CBS 147.97,Eukaryota; Fungi; Dikarya; Ascomycota; Pezizomycotina; Dothideomycetes; Dothideomycetidae; Dothideales; Saccotheciaceae; Aureobasidium,0,5_504_CntA#55,core,0.6905,0,0,0,0,[alpha]
XM_014078443.1:0-1344:1,XP_013933918.1,HPODL_01912,,hypothetical protein,5_504_CntA,5,170.2,0.8683,3.9e-50,XM_014078443.1,0,1344,1,Ogataea parapolymorpha DL-1,Eukaryota; Fungi; Dikarya; Ascomycota; Saccharomycotina; Pichiomycetes; Pichiales; Pichiaceae; Ogataea,0,5_504_CntA#30,novel_candidate,0.3164,0,0,0,0,[alpha]
XM_014221795.1:0-1257:1,XP_014077270.1,COCC4DRAFT_143229,,uncharacterized protein,5_504_CntA,5,152.3,0.8548,1.1e-44,XM_014221795.1,0,1257,1,Bipolaris maydis ATCC 48331,Eukaryota; Fungi; Dikarya; Ascomycota; Pezizomycotina; Dothideomycetes; Pleosporomycetidae; Pleosporales; Pleosporineae; Pleosporaceae; Bipolaris,0,5_504_CntA#20,core,0.997,0,0,0,0,[alpha]
XM_014684704.1:0-1254:1,XP_014540190.1,G6M90_00g065830,cntA,Carnitine monooxygenase oxygenase subunit,5_504_CntA,5,168.1,0.8548,1.7e-49,XM_014684704.1,0,1254,1,Metarhizium brunneum,Eukaryota; Fungi; Dikarya; Ascomycota; Pezizomycotina; Sordariomycetes; Hypocreomycetidae; Hypocreales; Clavicipitaceae; Metarhizium,0,5_504_CntA#21,core,0.7969,0,0,0,0,[alpha]
XM_014699767.1:0-1227:1,XP_014555253.1,COCVIDRAFT_102856,,hypothetical protein,5_504_CntA,5,141.3,0.8548,2.3e-41,XM_014699767.1,0,1227,1,Bipolaris victoriae FI3,Eukaryota; Fungi; Dikarya; Ascomycota; Pezizomycotina; Dothideomycetes; Pleosporomycetidae; Pleosporales; Pleosporineae; Pleosporaceae; Bipolaris,0,5_504_CntA#77,divergent,0.5354,0,0,0,0,[alpha]
XM_014700488.1:0-1347:1,XP_014555974.1,COCVIDRAFT_100950,,hypothetical protein,5_504_CntA,5,151.4,0.8575,2.1e-44,XM_014700488.1,0,1347,1,Bipolaris victoriae FI3,Eukaryota; Fungi; Dikarya; Ascomycota; Pezizomycotina; Dothideomycetes; Pleosporomycetidae; Pleosporales; Pleosporineae; Pleosporaceae; Bipolaris,0,5_504_CntA#20,core,0.994,0,0,0,0,[alpha]
XM_015548189.1:0-1224:1,XP_015409992.1,ANOM_002932,,"iron-sulfur cluster-binding protein, rieske family domain protein",5_504_CntA,5,182.1,0.8602,9.4e-54,XM_015548189.1,0,1224,1,Aspergillus nomiae NRRL 13137,Eukaryota; Fungi; Dikarya; Ascomycota; Pezizomycotina; Eurotiomycetes; Eurotiomycetidae; Eurotiales; Aspergillaceae; Aspergillus; Aspergillus subgen. Circumdati,0,5_504_CntA#36,divergent,0.5382,0,0,0,0,[alpha]
XM_015552610.1:0-1191:1,XP_015404761.1,ANOM_007354,,Rieske 2Fe-2S family protein,5_504_CntA,5,121.0,0.7419,3.6e-35,XM_015552610.1,0,1191,1,Aspergillus nomiae NRRL 13137,Eukaryota; Fungi; Dikarya; Ascomycota; Pezizomycotina; Eurotiomycetes; Eurotiomycetidae; Eurotiales; Aspergillaceae; Aspergillus; Aspergillus subgen. Circumdati,0,5_504_CntA#147,core,0.6214,0,0,0,0,[alpha]
XM_015554314.1:61-1294:1,XP_015404173.1,ANOM_009058,,putative Rieske 2Fe-2S family protein,5_504_CntA,5,142.0,0.5726,1.4e-41,XM_015554314.1,61,1294,1,Aspergillus nomiae NRRL 13137,Eukaryota; Fungi; Dikarya; Ascomycota; Pezizomycotina; Eurotiomycetes; Eurotiomycetidae; Eurotiales; Aspergillaceae; Aspergillus; Aspergillus subgen. Circumdati,0,5_504_CntA#24,core,0.5886,0,0,0,0,[alpha]
XM_016364144.1:0-1311:1,XP_016227793.1,PV10_00110,,uncharacterized protein,5_504_CntA,5,118.2,0.4731,2.6e-34,XM_016364144.1,0,1311,1,Exophiala mesophila,Eukaryota; Fungi; Dikarya; Ascomycota; Pezizomycotina; Eurotiomycetes; Chaetothyriomycetidae; Chaetothyriales; Herpotrichiellaceae; Exophiala,0,5_504_CntA#44,novel_candidate,0.3767,0,0,0,0,[alpha]
XM_016370961.1:189-1422:1,XP_016223254.1,PV10_06194,,uncharacterized protein,5_504_CntA,5,149.9,0.8548,5.8e-44,XM_016370961.1,189,1422,1,Exophiala mesophila,Eukaryota; Fungi; Dikarya; Ascomycota; Pezizomycotina; Eurotiomycetes; Chaetothyriomycetidae; Chaetothyriales; Herpotrichiellaceae; Exophiala,0,5_504_CntA#17,core,0.5521,0,0,0,0,[alpha]
XM_016370970.1:215-1463:1,XP_016223263.1,PV10_06203,,uncharacterized protein,5_504_CntA,5,166.7,0.8575,4.7e-49,XM_016370970.1,215,1463,1,Exophiala mesophila,Eukaryota; Fungi; Dikarya; Ascomycota; Pezizomycotina; Eurotiomycetes; Chaetothyriomycetidae; Chaetothyriales; Herpotrichiellaceae; Exophiala,0,5_504_CntA#60,core,0.6771,0,0,0,0,[alpha]
XM_016371781.1:0-1371:1,XP_016221113.1,PV10_06932,,uncharacterized protein,5_504_CntA,5,173.6,0.8602,3.6e-51,XM_016371781.1,0,1371,1,Exophiala mesophila,Eukaryota; Fungi; Dikarya; Ascomycota; Pezizomycotina; Eurotiomycetes; Chaetothyriomycetidae; Chaetothyriales; Herpotrichiellaceae; Exophiala,0,5_504_CntA#13,novel_candidate,0.3836,0,0,0,0,[alpha]
XM_016374452.1:0-1197:1,XP_016239728.1,PV08_00084,,uncharacterized protein,5_504_CntA,5,166.9,0.9489,4.1e-49,XM_016374452.1,0,1197,1,Exophiala spinifera,Eukaryota; Fungi; Dikarya; Ascomycota; Pezizomycotina; Eurotiomycetes; Chaetothyriomycetidae; Chaetothyriales; Herpotrichiellaceae; Exophiala,0,5_504_CntA#56,divergent,0.4201,0,0,0,0,[alpha]
NZ_WYAM01000005.1:115390-116515:1,WP_002898571.1,GUK40_RS04045,yeaW,"carnitine monooxygenase, oxygenase subunit YeaW",5_504_CntA,5,745.0,0.9839,8.3e-225,NZ_WYAM01000005.1,115390,116515,1,Klebsiella pneumoniae,Bacteria; Pseudomonadati; Pseudomonadota; Gammaproteobacteria; Enterobacterales; Enterobacteriaceae; Klebsiella/Raoultella group; Klebsiella,0,5_504_CntA#0,core,0.8697,0,0,0,0,transporter > [alpha] > dehydrogenase > reductase
XM_016353447.1:157-1459:1,XP_016218600.1,PV09_00672,,uncharacterized protein,5_504_CntA,5,119.6,0.5323,9.4e-35,XM_016353447.1,157,1459,1,Verruconis gallopava,Eukaryota; Fungi; Dikarya; Ascomycota; Pezizomycotina; Dothideomycetes; Pleosporomycetidae; Venturiales; Sympoventuriaceae; Verruconis,0,5_504_CntA#44,novel_candidate,0.3348,0,0,0,0,[alpha]
XM_016356314.1:0-1248:1,XP_016215837.1,PV09_03153,,uncharacterized protein,5_504_CntA,5,156.3,0.8629,6.6e-46,XM_016356314.1,0,1248,1,Verruconis gallopava,Eukaryota; Fungi; Dikarya; Ascomycota; Pezizomycotina; Dothideomycetes; Pleosporomycetidae; Venturiales; Sympoventuriaceae; Verruconis,0,5_504_CntA#55,core,0.6012,0,0,0,0,[alpha]
XM_016374516.1:0-1371:1,XP_016239792.1,PV08_00149,,uncharacterized protein,5_504_CntA,5,183.2,0.8629,4.6e-54,XM_016374516.1,0,1371,1,Exophiala spinifera,Eukaryota; Fungi; Dikarya; Ascomycota; Pezizomycotina; Eurotiomycetes; Chaetothyriomycetidae; Chaetothyriales; Herpotrichiellaceae; Exophiala,0,5_504_CntA#13,divergent,0.4072,0,0,0,0,[alpha]
XM_016382317.1:0-1242:1,XP_016233020.1,PV08_07991,,uncharacterized protein,5_504_CntA,5,164.2,0.9409,2.7e-48,XM_016382317.1,0,1242,1,Exophiala spinifera,Eukaryota; Fungi; Dikarya; Ascomycota; Pezizomycotina; Eurotiomycetes; Chaetothyriomycetidae; Chaetothyriales; Herpotrichiellaceae; Exophiala,0,5_504_CntA#60,core,0.6375,0,0,0,0,[alpha]
XM_016391026.1:24-1395:1,XP_016252928.1,PV07_04240,,uncharacterized protein,5_504_CntA,5,176.3,0.871,5.5e-52,XM_016391026.1,24,1395,1,Cladophialophora immunda,Eukaryota; Fungi; Dikarya; Ascomycota; Pezizomycotina; Eurotiomycetes; Chaetothyriomycetidae; Chaetothyriales; Herpotrichiellaceae; Cladophialophora,0,5_504_CntA#13,novel_candidate,0.3907,0,0,0,0,[alpha]
XM_016391818.1:453-1752:1,XP_016249337.1,PV07_04958,,uncharacterized protein,5_504_CntA,5,146.3,0.9194,7.1e-43,XM_016391818.1,453,1752,1,Cladophialophora immunda,Eukaryota; Fungi; Dikarya; Ascomycota; Pezizomycotina; Eurotiomycetes; Chaetothyriomycetidae; Chaetothyriales; Herpotrichiellaceae; Cladophialophora,0,5_504_CntA#57,divergent,0.4201,0,0,0,0,[alpha]
XM_016392684.1:771-2013:1,XP_016250203.1,PV07_05769,,uncharacterized protein,5_504_CntA,5,148.5,0.8548,1.5e-43,XM_016392684.1,771,2013,1,Cladophialophora immunda,Eukaryota; Fungi; Dikarya; Ascomycota; Pezizomycotina; Eurotiomycetes; Chaetothyriomycetidae; Chaetothyriales; Herpotrichiellaceae; Cladophialophora,0,5_504_CntA#21,core,0.9511,0,0,0,0,[alpha]
XM_016392721.1:0-1290:1,XP_016250240.1,PV07_05803,,uncharacterized protein,5_504_CntA,5,166.8,0.8656,4.4e-49,XM_016392721.1,0,1290,1,Cladophialophora immunda,Eukaryota; Fungi; Dikarya; Ascomycota; Pezizomycotina; Eurotiomycetes; Chaetothyriomycetidae; Chaetothyriales; Herpotrichiellaceae; Cladophialophora,0,5_504_CntA#13,novel_candidate,0.3874,0,0,0,0,[alpha]
XM_016395138.1:0-3192:1,XP_016248557.1,PV07_08014,,uncharacterized protein,5_504_CntA,5,145.1,0.8602,1.7e-42,XM_016395138.1,0,3192,1,Cladophialophora immunda,Eukaryota; Fungi; Dikarya; Ascomycota; Pezizomycotina; Eurotiomycetes; Chaetothyriomycetidae; Chaetothyriales; Herpotrichiellaceae; Cladophialophora,0,5_504_CntA#23,core,0.5633,0,0,0,0,[alpha]
XM_016398186.1:0-1215:1,XP_016245377.1,PV07_10822,,uncharacterized protein,5_504_CntA,5,173.9,0.9382,3.1e-51,XM_016398186.1,0,1215,1,Cladophialophora immunda,Eukaryota; Fungi; Dikarya; Ascomycota; Pezizomycotina; Eurotiomycetes; Chaetothyriomycetidae; Chaetothyriales; Herpotrichiellaceae; Cladophialophora,0,5_504_CntA#19,divergent,0.4145,0,0,0,0,[alpha]
XM_016401951.1:384-1716:1,XP_016269004.1,PV06_01353,,uncharacterized protein,5_504_CntA,5,179.9,0.8656,4.4e-53,XM_016401951.1,384,1716,1,Exophiala oligosperma,Eukaryota; Fungi; Dikarya; Ascomycota; Pezizomycotina; Eurotiomycetes; Chaetothyriomycetidae; Chaetothyriales; Herpotrichiellaceae; Exophiala,0,5_504_CntA#13,novel_candidate,0.386,0,0,0,0,[alpha]
XM_016412449.1:166-1411:1,XP_016257174.1,PV06_10859,,uncharacterized protein,5_504_CntA,5,170.5,0.8602,3.2e-50,XM_016412449.1,166,1411,1,Exophiala oligosperma,Eukaryota; Fungi; Dikarya; Ascomycota; Pezizomycotina; Eurotiomycetes; Chaetothyriomycetidae; Chaetothyriales; Herpotrichiellaceae; Exophiala,0,5_504_CntA#60,core,0.6023,0,0,0,0,[alpha]
XM_016411887.1:0-1221:1,XP_016257928.1,PV06_10343,,uncharacterized protein,5_504_CntA,5,146.0,0.8548,8.9e-43,XM_016411887.1,0,1221,1,Exophiala oligosperma,Eukaryota; Fungi; Dikarya; Ascomycota; Pezizomycotina; Eurotiomycetes; Chaetothyriomycetidae; Chaetothyriales; Herpotrichiellaceae; Exophiala,0,5_504_CntA#23,divergent,0.5405,0,0,0,0,[alpha]
XM_016412312.1:0-3129:1,XP_016257326.1,PV06_10737,,uncharacterized protein,5_504_CntA,5,150.7,0.8978,3.3e-44,XM_016412312.1,0,3129,1,Exophiala oligosperma,Eukaryota; Fungi; Dikarya; Ascomycota; Pezizomycotina; Eurotiomycetes; Chaetothyriomycetidae; Chaetothyriales; Herpotrichiellaceae; Exophiala,0,5_504_CntA#75,divergent,0.5385,0,0,0,0,[alpha]
XM_016740353.1:0-1233:1,XP_016597525.1,PEX2_030780,,"Aromatic-ring-hydroxylating dioxygenase, alpha subunit",5_504_CntA,5,149.6,0.8522,7.3e-44,XM_016740353.1,0,1233,1,Penicillium expansum,Eukaryota; Fungi; Dikarya; Ascomycota; Pezizomycotina; Eurotiomycetes; Eurotiomycetidae; Eurotiales; Aspergillaceae; Penicillium,0,5_504_CntA#24,core,0.5937,0,0,0,0,[alpha]
XM_016758484.1:0-1242:1,XP_016625733.1,Z519_00727,,uncharacterized protein,5_504_CntA,5,147.6,0.8522,2.9e-43,XM_016758484.1,0,1242,1,Cladophialophora bantiana CBS 173.52,Eukaryota; Fungi; Dikarya; Ascomycota; Pezizomycotina; Eurotiomycetes; Chaetothyriomycetidae; Chaetothyriales; Herpotrichiellaceae; Cladophialophora,0,5_504_CntA#21,core,0.948,0,0,0,0,[alpha]
XM_016761337.1:0-3228:1,XP_016623187.1,Z519_03587,,uncharacterized protein,5_504_CntA,5,169.9,0.9355,4.9e-50,XM_016761337.1,0,3228,1,Cladophialophora bantiana CBS 173.52,Eukaryota; Fungi; Dikarya; Ascomycota; Pezizomycotina; Eurotiomycetes; Chaetothyriomycetidae; Chaetothyriales; Herpotrichiellaceae; Cladophialophora,0,5_504_CntA#19,divergent,0.4201,0,0,0,0,[alpha]
XM_016765372.1:0-1356:1,XP_016618341.1,Z519_07640,,uncharacterized protein,5_504_CntA,5,176.5,0.8629,4.9e-52,XM_016765372.1,0,1356,1,Cladophialophora bantiana CBS 173.52,Eukaryota; Fungi; Dikarya; Ascomycota; Pezizomycotina; Eurotiomycetes; Chaetothyriomycetidae; Chaetothyriales; Herpotrichiellaceae; Cladophialophora,0,5_504_CntA#13,novel_candidate,0.3913,0,0,0,0,[alpha]
XM_016776102.1:0-3171:1,XP_016632421.1,Z520_05599,,uncharacterized protein,5_504_CntA,5,152.5,0.8522,9.4e-45,XM_016776102.1,0,3171,1,Fonsecaea multimorphosa CBS 102226,Eukaryota; Fungi; Dikarya; Ascomycota; Pezizomycotina; Eurotiomycetes; Chaetothyriomycetidae; Chaetothyriales; Herpotrichiellaceae; Fonsecaea,0,5_504_CntA#21,core,0.9567,0,0,0,0,[alpha]
XM_016786749.1:0-1155:1,XP_016643725.1,SAPIO_CDS4114,,uncharacterized protein,5_504_CntA,5,143.9,0.6237,4e-42,XM_016786749.1,0,1155,1,Scedosporium apiospermum,Eukaryota; Fungi; Dikarya; Ascomycota; Pezizomycotina; Sordariomycetes; Hypocreomycetidae; Microascales; Microascaceae; Scedosporium,0,5_504_CntA#73,core,0.5801,0,0,0,0,[alpha]
XM_016773899.1:0-1383:1,XP_016634845.1,Z520_03388,,uncharacterized protein,5_504_CntA,5,183.4,0.8737,4e-54,XM_016773899.1,0,1383,1,Fonsecaea multimorphosa CBS 102226,Eukaryota; Fungi; Dikarya; Ascomycota; Pezizomycotina; Eurotiomycetes; Chaetothyriomycetidae; Chaetothyriales; Herpotrichiellaceae; Fonsecaea,0,5_504_CntA#13,novel_candidate,0.3953,0,0,0,0,[alpha]
XM_016774275.1:0-1215:1,XP_016634202.1,Z520_03765,,uncharacterized protein,5_504_CntA,5,175.4,0.9382,1.1e-51,XM_016774275.1,0,1215,1,Fonsecaea multimorphosa CBS 102226,Eukaryota; Fungi; Dikarya; Ascomycota; Pezizomycotina; Eurotiomycetes; Chaetothyriomycetidae; Chaetothyriales; Herpotrichiellaceae; Fonsecaea,0,5_504_CntA#19,divergent,0.4698,0,0,0,0,[alpha]
XM_016775420.1:0-1254:1,XP_016633463.1,Z520_04916,,uncharacterized protein,5_504_CntA,5,156.5,0.8548,5.7e-46,XM_016775420.1,0,1254,1,Fonsecaea multimorphosa CBS 102226,Eukaryota; Fungi; Dikarya; Ascomycota; Pezizomycotina; Eurotiomycetes; Chaetothyriomycetidae; Chaetothyriales; Herpotrichiellaceae; Fonsecaea,0,5_504_CntA#17,divergent,0.5455,0,0,0,0,[alpha]
XM_016910448.1:131-1406:1,XP_016760177.1,SEPMUDRAFT_87549,,ISP domain-containing protein,5_504_CntA,5,141.9,0.8683,1.6e-41,XM_016910448.1,131,1406,1,Sphaerulina musiva SO2202,Eukaryota; Fungi; Dikarya; Ascomycota; Pezizomycotina; Dothideomycetes; Dothideomycetidae; Mycosphaerellales; Mycosphaerellaceae; Sphaerulina,0,5_504_CntA#105,core,0.6277,0,0,0,0,[alpha]
XM_016878337.1:0-1131:1,XP_016733826.1,,LOC107944514,putative dioxygenase subunit alpha YeaW,5_504_CntA,5,265.7,0.9409,3.8e-79,XM_016878337.1,0,1131,1,Gossypium hirsutum,Eukaryota; Viridiplantae; Streptophyta; Embryophyta; Tracheophyta; Spermatophyta; Magnoliopsida; eudicotyledons; Gunneridae; Pentapetalae; rosids; malvids; Malvales; Malvaceae; Malvoideae; Gossypium,0,5_504_CntA#146,novel_candidate,0.2861,0,0,0,0,[alpha]
XM_018138786.1:0-1245:1,XP_017996633.1,AB675_10045,,"Choline monooxygenase, chloroplastic",5_504_CntA,5,147.5,0.8548,3.1e-43,XM_018138786.1,0,1245,1,Cyphellophora attinorum,Eukaryota; Fungi; Dikarya; Ascomycota; Pezizomycotina; Eurotiomycetes; Chaetothyriomycetidae; Chaetothyriales; Cyphellophoraceae; Cyphellophora,0,5_504_CntA#17,core,0.5687,0,0,0,0,[alpha]
XM_018140867.1:0-1239:1,XP_017998289.1,AB675_11974,,putative dioxygenase subunit alpha YeaW,5_504_CntA,5,151.1,0.8898,2.5e-44,XM_018140867.1,0,1239,1,Cyphellophora attinorum,Eukaryota; Fungi; Dikarya; Ascomycota; Pezizomycotina; Eurotiomycetes; Chaetothyriomycetidae; Chaetothyriales; Cyphellophoraceae; Cyphellophora,0,5_504_CntA#155,core,0.6385,0,0,0,0,[alpha]
XM_018143085.1:0-2661:1,XP_017997883.1,AB675_3063,,putative dioxygenase subunit alpha YeaW,5_504_CntA,5,150.7,0.8656,3.4e-44,XM_018143085.1,0,2661,1,Cyphellophora attinorum,Eukaryota; Fungi; Dikarya; Ascomycota; Pezizomycotina; Eurotiomycetes; Chaetothyriomycetidae; Chaetothyriales; Cyphellophoraceae; Cyphellophora,0,5_504_CntA#100,core,0.5563,0,0,0,0,[alpha]
XM_018326799.1:0-1239:1,XP_018175119.1,VFPFJ_09730,,Rieske,5_504_CntA,5,154.9,0.8548,1.8e-45,XM_018326799.1,0,1239,1,Purpureocillium lilacinum,Eukaryota; Fungi; Dikarya; Ascomycota; Pezizomycotina; Sordariomycetes; Hypocreomycetidae; Hypocreales; Ophiocordycipitaceae; Purpureocillium,0,5_504_CntA#21,core,0.8043,0,0,0,0,[alpha]
XM_018328121.1:0-1245:1,XP_018173354.1,VFPFJ_11054,,iron-sulfur cluster-binding rieske family domain-containingprotein,5_504_CntA,5,100.9,0.6237,4.7e-29,XM_018328121.1,0,1245,1,Purpureocillium lilacinum,Eukaryota; Fungi; Dikarya; Ascomycota; Pezizomycotina; Sordariomycetes; Hypocreomycetidae; Hypocreales; Ophiocordycipitaceae; Purpureocillium,0,5_504_CntA#73,divergent,0.5286,0,0,0,0,[alpha]
XM_018382749.1:0-1254:1,XP_018239529.1,FOXG_04713,,cytochrome P450 oxidoreductase,5_504_CntA,5,132.6,0.8548,1e-38,XM_018382749.1,0,1254,1,Fusarium oxysporum f. sp. lycopersici 4287,Eukaryota; Fungi; Dikarya; Ascomycota; Pezizomycotina; Sordariomycetes; Hypocreomycetidae; Hypocreales; Nectriaceae; Fusarium; Fusarium oxysporum species complex,0,5_504_CntA#23,divergent,0.5443,0,0,0,0,[alpha]
XM_018289150.1:0-1254:1,XP_018142835.1,VFPPC_10843,,ring hydroxylating alpha subunit (catalytic domain) domain-containing protein,5_504_CntA,5,165.5,0.8522,1.1e-48,XM_018289150.1,0,1254,1,Pochonia chlamydosporia 170,Eukaryota; Fungi; Dikarya; Ascomycota; Pezizomycotina; Sordariomycetes; Hypocreomycetidae; Hypocreales; Clavicipitaceae; Pochonia,0,5_504_CntA#21,core,0.785,0,0,0,0,[alpha]
XM_018384247.1:0-1206:1,XP_018241305.1,FOXG_05811,,hypothetical protein,5_504_CntA,5,165.9,0.9489,8.2e-49,XM_018384247.1,0,1206,1,Fusarium oxysporum f. sp. lycopersici 4287,Eukaryota; Fungi; Dikarya; Ascomycota; Pezizomycotina; Sordariomycetes; Hypocreomycetidae; Hypocreales; Nectriaceae; Fusarium; Fusarium oxysporum species complex,0,5_504_CntA#19,divergent,0.4838,0,0,0,0,[alpha]
XM_018391543.1:0-1212:1,XP_018250205.1,FOXG_11809,,cytochrome P450 oxidoreductase,5_504_CntA,5,164.4,0.871,2.3e-48,XM_018391543.1,0,1212,1,Fusarium oxysporum f. sp. lycopersici 4287,Eukaryota; Fungi; Dikarya; Ascomycota; Pezizomycotina; Sordariomycetes; Hypocreomycetidae; Hypocreales; Nectriaceae; Fusarium; Fusarium oxysporum species complex,0,5_504_CntA#36,core,0.5635,0,0,0,0,[alpha]
XM_018181464.1:0-1242:1,XP_018036813.1,CC84DRAFT_1196477,,ISP domain-containing protein,5_504_CntA,5,126.7,0.8091,6.8e-37,XM_018181464.1,0,1242,1,Paraphaeosphaeria sporulosa,Eukaryota; Fungi; Dikarya; Ascomycota; Pezizomycotina; Dothideomycetes; Pleosporomycetidae; Pleosporales; Massarineae; Didymosphaeriaceae; Paraphaeosphaeria,0,5_504_CntA#24,core,0.5798,0,0,0,0,[alpha]
XM_018183613.1:28-1270:1,XP_018043173.1,CC84DRAFT_1227475,,ISP domain-containing protein,5_504_CntA,5,156.4,0.8575,6.1e-46,XM_018183613.1,28,1270,1,Paraphaeosphaeria sporulosa,Eukaryota; Fungi; Dikarya; Ascomycota; Pezizomycotina; Dothideomycetes; Pleosporomycetidae; Pleosporales; Massarineae; Didymosphaeriaceae; Paraphaeosphaeria,0,5_504_CntA#76,core,0.5598,0,0,0,0,[alpha]
XM_018292594.1:0-1233:1,XP_018138280.1,VFPPC_14826,,"iron-sulfur cluster-binding protein, rieske family domain-containing protein",5_504_CntA,5,148.9,0.8683,1.2e-43,XM_018292594.1,0,1233,1,Pochonia chlamydosporia 170,Eukaryota; Fungi; Dikarya; Ascomycota; Pezizomycotina; Sordariomycetes; Hypocreomycetidae; Hypocreales; Clavicipitaceae; Pochonia,0,5_504_CntA#46,divergent,0.5321,0,0,0,0,[alpha]
XM_018304474.1:0-1254:1,XP_018156497.1,CH63R_09500,,Rieske domain-containing protein,5_504_CntA,5,141.1,0.6022,2.7e-41,XM_018304474.1,0,1254,1,Colletotrichum higginsianum IMI 349063,Eukaryota; Fungi; Dikarya; Ascomycota; Pezizomycotina; Sordariomycetes; Hypocreomycetidae; Glomerellales; Glomerellaceae; Colletotrichum; Colletotrichum destructivum species complex,0,5_504_CntA#25,core,0.6918,0,0,0,0,[alpha]
XM_018311218.1:0-1326:1,XP_018170577.2,QG37_01720,,hypothetical protein,5_504_CntA,5,171.6,0.9032,1.4e-50,XM_018311218.1,0,1326,1,[Candida] auris,Eukaryota; Fungi; Dikarya; Ascomycota; Saccharomycotina; Saccharomycetes; Saccharomycetales; Metschnikowiaceae; Clavispora; Clavispora/Candida clade,0,5_504_CntA#59,novel_candidate,0.3488,0,0,0,0,[alpha]
XM_018395917.1:0-1317:1,XP_018256223.1,FOXG_15804,,cytochrome P450 oxidoreductase,5_504_CntA,5,144.1,0.871,3.3e-42,XM_018395917.1,0,1317,1,Fusarium oxysporum f. sp. lycopersici 4287,Eukaryota; Fungi; Dikarya; Ascomycota; Pezizomycotina; Sordariomycetes; Hypocreomycetidae; Hypocreales; Nectriaceae; Fusarium; Fusarium oxysporum species complex,0,5_504_CntA#106,core,0.5938,0,0,0,0,[alpha]
XM_018526192.1:258-1494:1,XP_018379452.1,CC77DRAFT_1026104,,"naphthalene 1,2-dioxygenase subunit alpha",5_504_CntA,5,146.5,0.8522,6.2e-43,XM_018526192.1,258,1494,1,Alternaria alternata,Eukaryota; Fungi; Dikarya; Ascomycota; Pezizomycotina; Dothideomycetes; Pleosporomycetidae; Pleosporales; Pleosporineae; Pleosporaceae; Alternaria; Alternaria sect. Alternaria; Alternaria alternata complex,0,5_504_CntA#77,divergent,0.5455,0,0,0,0,[alpha]
XM_018534132.1:0-1347:1,XP_018388850.1,CC77DRAFT_929843,,"naphthalene 1,2-dioxygenase subunit alpha",5_504_CntA,5,147.3,0.8602,3.6e-43,XM_018534132.1,0,1347,1,Alternaria alternata,Eukaryota; Fungi; Dikarya; Ascomycota; Pezizomycotina; Dothideomycetes; Pleosporomycetidae; Pleosporales; Pleosporineae; Pleosporaceae; Alternaria; Alternaria sect. Alternaria; Alternaria alternata complex,0,5_504_CntA#20,core,0.9242,0,0,0,0,[alpha]
XM_018535204.1:0-1260:1,XP_018379908.1,CC77DRAFT_948512,,"naphthalene 1,2-dioxygenase subunit alpha",5_504_CntA,5,152.8,0.8629,7.7e-45,XM_018535204.1,0,1260,1,Alternaria alternata,Eukaryota; Fungi; Dikarya; Ascomycota; Pezizomycotina; Dothideomycetes; Pleosporomycetidae; Pleosporales; Pleosporineae; Pleosporaceae; Alternaria; Alternaria sect. Alternaria; Alternaria alternata complex,0,5_504_CntA#20,core,0.8519,0,0,0,0,[alpha]
XM_018839103.1:0-1299:1,XP_018691871.1,AYL99_07594,,hypothetical protein,5_504_CntA,5,112.9,0.5511,1e-32,XM_018839103.1,0,1299,1,Fonsecaea erecta,Eukaryota; Fungi; Dikarya; Ascomycota; Pezizomycotina; Eurotiomycetes; Chaetothyriomycetidae; Chaetothyriales; Herpotrichiellaceae; Fonsecaea,0,5_504_CntA#44,novel_candidate,0.3052,0,0,0,0,[alpha]
XM_018839960.1:0-1245:1,XP_018691081.1,AYL99_08452,,hypothetical protein,5_504_CntA,5,156.5,0.8548,5.7e-46,XM_018839960.1,0,1245,1,Fonsecaea erecta,Eukaryota; Fungi; Dikarya; Ascomycota; Pezizomycotina; Eurotiomycetes; Chaetothyriomycetidae; Chaetothyriales; Herpotrichiellaceae; Fonsecaea,0,5_504_CntA#17,core,0.5572,0,0,0,0,[alpha]
XM_018835660.1:0-3513:1,XP_018695310.1,AYL99_04146,,hypothetical protein,5_504_CntA,5,142.5,0.8548,1.1e-41,XM_018835660.1,0,3513,1,Fonsecaea erecta,Eukaryota; Fungi; Dikarya; Ascomycota; Pezizomycotina; Eurotiomycetes; Chaetothyriomycetidae; Chaetothyriales; Herpotrichiellaceae; Fonsecaea,0,5_504_CntA#21,core,0.9259,0,0,0,0,[alpha]
XM_018836613.1:0-1392:1,XP_018693466.1,AYL99_05101,,hypothetical protein,5_504_CntA,5,175.4,0.871,1e-51,XM_018836613.1,0,1392,1,Fonsecaea erecta,Eukaryota; Fungi; Dikarya; Ascomycota; Pezizomycotina; Eurotiomycetes; Chaetothyriomycetidae; Chaetothyriales; Herpotrichiellaceae; Fonsecaea,0,5_504_CntA#13,novel_candidate,0.3827,0,0,0,0,[alpha]
XM_018838740.1:0-2697:1,XP_018691508.1,AYL99_07231,,hypothetical protein,5_504_CntA,5,168.7,0.9382,1.1e-49,XM_018838740.1,0,2697,1,Fonsecaea erecta,Eukaryota; Fungi; Dikarya; Ascomycota; Pezizomycotina; Eurotiomycetes; Chaetothyriomycetidae; Chaetothyriales; Herpotrichiellaceae; Fonsecaea,0,5_504_CntA#19,divergent,0.4167,0,0,0,0,[alpha]
XM_018850847.1:0-1278:1,XP_018702125.1,ISF_07244,,Rieske domain protein,5_504_CntA,5,153.4,0.8602,5e-45,XM_018850847.1,0,1278,1,Cordyceps fumosorosea ARSEF 2679,Eukaryota; Fungi; Dikarya; Ascomycota; Pezizomycotina; Sordariomycetes; Hypocreomycetidae; Hypocreales; Cordycipitaceae; Cordyceps,0,5_504_CntA#108,core,0.6743,0,0,0,0,[alpha]
XM_018858567.1:0-1440:1,XP_018714163.1,METBIDRAFT_76661,,hypothetical protein,5_504_CntA,5,150.4,0.8656,4.3e-44,XM_018858567.1,0,1440,1,Metschnikowia bicuspidata var. bicuspidata NRRL YB-4993,Eukaryota; Fungi; Dikarya; Ascomycota; Saccharomycotina; Pichiomycetes; Metschnikowiaceae; Metschnikowia,0,5_504_CntA#59,novel_candidate,0.3333,0,0,0,0,[alpha]
XM_018891026.1:0-1254:1,XP_018747459.1,FVEG_03410,,cytochrome P450 oxidoreductase,5_504_CntA,5,136.0,0.8629,1e-39,XM_018891026.1,0,1254,1,Fusarium verticillioides 7600,Eukaryota; Fungi; Dikarya; Ascomycota; Pezizomycotina; Sordariomycetes; Hypocreomycetidae; Hypocreales; Nectriaceae; Fusarium; Fusarium fujikuroi species complex,0,5_504_CntA#23,divergent,0.5329,0,0,0,0,[alpha]
XM_018899040.1:0-1248:1,XP_018757030.1,FVEG_09971,,cytochrome P450 oxidoreductase,5_504_CntA,5,150.1,0.8575,5e-44,XM_018899040.1,0,1248,1,Fusarium verticillioides 7600,Eukaryota; Fungi; Dikarya; Ascomycota; Pezizomycotina; Sordariomycetes; Hypocreomycetidae; Hypocreales; Nectriaceae; Fusarium; Fusarium fujikuroi species complex,0,5_504_CntA#17,divergent,0.5369,0,0,0,0,[alpha]
XM_018899084.1:0-1212:1,XP_018757089.1,FVEG_10017,,cytochrome P450 oxidoreductase,5_504_CntA,5,160.8,0.8737,2.9e-47,XM_018899084.1,0,1212,1,Fusarium verticillioides 7600,Eukaryota; Fungi; Dikarya; Ascomycota; Pezizomycotina; Sordariomycetes; Hypocreomycetidae; Hypocreales; Nectriaceae; Fusarium; Fusarium fujikuroi species complex,0,5_504_CntA#36,core,0.5639,0,0,0,0,[alpha]
XM_019185441.1:0-1311:1,XP_019042093.1,WICANDRAFT_82794,,uncharacterized protein,5_504_CntA,5,167.8,0.8737,2.2e-49,XM_019185441.1,0,1311,1,Wickerhamomyces anomalus NRRL Y-366-8,Eukaryota; Fungi; Dikarya; Ascomycota; Saccharomycotina; Saccharomycetes; Phaffomycetales; Wickerhamomycetaceae; Wickerhamomyces,0,5_504_CntA#30,novel_candidate,0.325,0,0,0,0,[alpha]
XM_019161448.1:135-1479:1,XP_019016904.1,PICMEDRAFT_17062,,hypothetical protein,5_504_CntA,5,172.1,0.8737,1e-50,XM_019161448.1,135,1479,1,Pichia membranifaciens NRRL Y-2026,Eukaryota; Fungi; Dikarya; Ascomycota; Saccharomycotina; Pichiomycetes; Pichiales; Pichiaceae; Pichia,0,5_504_CntA#58,novel_candidate,0.3305,0,0,0,0,[alpha]
XM_019475354.1:0-1305:1,XP_019330899.1,CAALFM_C400290CA,,uncharacterized protein,5_504_CntA,5,167.8,0.9005,2.1e-49,XM_019475354.1,0,1305,1,Candida albicans SC5314,Eukaryota; Fungi; Dikarya; Ascomycota; Saccharomycotina; Pichiomycetes; Debaryomycetaceae; Candida/Lodderomyces clade; Candida,0,5_504_CntA#30,novel_candidate,0.3285,0,0,0,0,[alpha]
XM_020210401.1:0-1323:1,XP_020062821.1,CANTADRAFT_55072,,ISP domain-containing protein,5_504_CntA,5,160.7,0.8817,3e-47,XM_020210401.1,0,1323,1,Suhomyces tanzawaensis NRRL Y-17324,Eukaryota; Fungi; Dikarya; Ascomycota; Saccharomycotina; Pichiomycetes; Debaryomycetaceae; Suhomyces,0,5_504_CntA#30,novel_candidate,0.3499,0,0,0,0,[alpha]
XM_020216109.1:0-1368:1,XP_020072939.1,CYBJADRAFT_170365,,phenylpropionate dioxygenase,5_504_CntA,5,163.6,0.8898,4.1e-48,XM_020216109.1,0,1368,1,Cyberlindnera jadinii NRRL Y-1542,Eukaryota; Fungi; Dikarya; Ascomycota; Saccharomycotina; Saccharomycetes; Phaffomycetales; Phaffomycetaceae; Cyberlindnera,0,5_504_CntA#30,novel_candidate,0.3062,0,0,0,0,[alpha]
XM_020222604.1:22-1390:1,XP_020074615.1,HYPBUDRAFT_163138,,ISP domain-containing protein,5_504_CntA,5,162.5,0.8333,8.9e-48,XM_020222604.1,22,1390,1,Hyphopichia burtonii NRRL Y-1933,Eukaryota; Fungi; Dikarya; Ascomycota; Saccharomycotina; Pichiomycetes; Debaryomycetaceae; Hyphopichia,0,5_504_CntA#58,novel_candidate,0.3455,0,0,0,0,[alpha]
XM_031127810.1:764-2072:1,XP_030981369.1,PgNI_07804,,uncharacterized protein,5_504_CntA,5,148.9,0.8629,1.2e-43,XM_031127810.1,764,2072,1,Pyricularia grisea,Eukaryota; Fungi; Dikarya; Ascomycota; Pezizomycotina; Sordariomycetes; Sordariomycetidae; Magnaporthales; Pyriculariaceae; Pyricularia,0,5_504_CntA#25,core,0.7191,0,0,0,0,[alpha]
XM_742353.1:0-1245:1,XP_747446.1,AFUA_8G06450,,"Rieske 2Fe-2S family protein, putative",5_504_CntA,5,151.8,0.8656,1.5e-44,XM_742353.1,0,1245,1,Aspergillus fumigatus Af293,Eukaryota; Fungi; Dikarya; Ascomycota; Pezizomycotina; Eurotiomycetes; Eurotiomycetidae; Eurotiales; Aspergillaceae; Aspergillus; Aspergillus subgen. Fumigati,0,5_504_CntA#78,core,0.7951,0,0,0,0,[alpha]
XM_743344.1:0-2025:1,XP_748437.1,AFUA_3G01160,,"iron-sulfur cluster-binding protein, rieske family domain protein",5_504_CntA,5,151.9,0.8522,1.5e-44,XM_743344.1,0,2025,1,Aspergillus fumigatus Af293,Eukaryota; Fungi; Dikarya; Ascomycota; Pezizomycotina; Eurotiomycetes; Eurotiomycetidae; Eurotiales; Aspergillaceae; Aspergillus; Aspergillus subgen. Fumigati,0,5_504_CntA#55,core,0.558,0,0,0,0,[alpha]
