candidate_id,protein_id,locus_tag,gene,product,ro_cluster,ro_group,hmm_score,model_coverage,hmm_evalue,nucleotide_id,start,end,strand,organism,taxonomy,is_plasmid,leaf_id,assignment_class,core_identity,operon_completeness,has_beta,has_ferredoxin,has_reductase,layout
NZ_AEGH01000003.1:99651-100950:1,WP_004654880.1,PSGRACE4_RS24120,gbcA,glycine-betaine demethylase subunit GbcA,5_508_GbcA,5,978.6,0.9977,2e-295,NZ_AEGH01000003.1,99651,100950,1,Pseudomonas savastanoi pv. glycinea str. race 4,Bacteria; Pseudomonadati; Pseudomonadota; Gammaproteobacteria; Pseudomonadales; Pseudomonadaceae; Pseudomonas,0,5_508_GbcA#0,core,0.9278,0,0,0,0,[alpha]
NZ_AFOY02000019.1:479139-480435:-1,WP_019693997.1,HK44_RS24710,gbcA,glycine-betaine demethylase subunit GbcA,5_508_GbcA,5,988.3,0.9977,2.2e-298,NZ_AFOY02000019.1,479139,480435,-1,Pseudomonas fluorescens HK44,Bacteria; Pseudomonadati; Pseudomonadota; Gammaproteobacteria; Pseudomonadales; Pseudomonadaceae; Pseudomonas,0,5_508_GbcA#0,core,0.9516,0,0,0,0,[alpha]
NZ_AJWX01000001.1:285483-286779:-1,WP_008365048.1,PMM47T1_RS01340,gbcA,glycine-betaine demethylase subunit GbcA,5_508_GbcA,5,980.2,1.0,6.6e-296,NZ_AJWX01000001.1,285483,286779,-1,Pseudomonas sp. M47T1,Bacteria; Pseudomonadati; Pseudomonadota; Gammaproteobacteria; Pseudomonadales; Pseudomonadaceae; Pseudomonas,0,5_508_GbcA#0,core,0.9301,0,0,0,0,[alpha]
NZ_AKJB01000147.1:38428-39724:-1,WP_007907553.1,PMI18_RS01105,gbcA,glycine-betaine demethylase subunit GbcA,5_508_GbcA,5,998.8,0.9977,1.5e-301,NZ_AKJB01000147.1,38428,39724,-1,Pseudomonas sp. GM102,Bacteria; Pseudomonadati; Pseudomonadota; Gammaproteobacteria; Pseudomonadales; Pseudomonadaceae; Pseudomonas,0,5_508_GbcA#0,core,0.9812,0,0,0,0,[alpha]
NZ_AKJC01000014.1:13490-14783:1,WP_008089662.1,PMI38_RS01300,gbcA,glycine-betaine demethylase subunit GbcA,5_508_GbcA,5,974.8,0.9977,2.8e-294,NZ_AKJC01000014.1,13490,14783,1,Pseudomonas sp. GM84,Bacteria; Pseudomonadati; Pseudomonadota; Gammaproteobacteria; Pseudomonadales; Pseudomonadaceae; Pseudomonas,0,5_508_GbcA#0,core,0.8898,0,0,0,0,[alpha]
NZ_AKJD01000107.1:3103-4399:1,WP_008083155.1,PMI37_RS17400,gbcA,glycine-betaine demethylase subunit GbcA,5_508_GbcA,5,1000.0,0.9977,6.3e-302,NZ_AKJD01000107.1,3103,4399,1,Pseudomonas sp. GM80,Bacteria; Pseudomonadati; Pseudomonadota; Gammaproteobacteria; Pseudomonadales; Pseudomonadaceae; Pseudomonas,0,5_508_GbcA#0,core,0.9839,0,0,0,0,[alpha]
NZ_AKJF01000063.1:77000-78296:-1,WP_008057111.1,PMI35_RS22985,gbcA,glycine-betaine demethylase subunit GbcA,5_508_GbcA,5,999.4,0.9977,9.9e-302,NZ_AKJF01000063.1,77000,78296,-1,Pseudomonas sp. GM78,Bacteria; Pseudomonadati; Pseudomonadota; Gammaproteobacteria; Pseudomonadales; Pseudomonadaceae; Pseudomonas,0,5_508_GbcA#0,core,0.9759,0,0,0,0,[alpha]
NZ_AKJG01000042.1:17895-19191:-1,WP_008048180.1,PMI34_RS19800,gbcA,glycine-betaine demethylase subunit GbcA,5_508_GbcA,5,1000.6,0.9977,4.3e-302,NZ_AKJG01000042.1,17895,19191,-1,Pseudomonas sp. GM74,Bacteria; Pseudomonadati; Pseudomonadota; Gammaproteobacteria; Pseudomonadales; Pseudomonadaceae; Pseudomonas,0,5_508_GbcA#0,core,0.9759,0,0,0,0,[alpha]
NZ_AKJH01000163.1:50934-52230:-1,WP_008044830.1,PMI33_RS01455,gbcA,glycine-betaine demethylase subunit GbcA,5_508_GbcA,5,1000.9,0.9977,3.4e-302,NZ_AKJH01000163.1,50934,52230,-1,Pseudomonas sp. GM67,Bacteria; Pseudomonadati; Pseudomonadota; Gammaproteobacteria; Pseudomonadales; Pseudomonadaceae; Pseudomonas,0,5_508_GbcA#0,core,0.9866,0,0,0,0,[alpha]
NZ_AKJL01000038.1:41451-42747:1,WP_007994434.1,PMI29_RS25560,gbcA,glycine-betaine demethylase subunit GbcA,5_508_GbcA,5,1002.2,0.9977,1.4e-302,NZ_AKJL01000038.1,41451,42747,1,Pseudomonas sp. GM49,Bacteria; Pseudomonadati; Pseudomonadota; Gammaproteobacteria; Pseudomonadales; Pseudomonadaceae; Pseudomonas,0,5_508_GbcA#0,core,0.9786,0,0,0,0,[alpha]
NZ_AKJM01000062.1:37181-38477:-1,WP_007985983.1,PMI28_RS16825,gbcA,glycine-betaine demethylase subunit GbcA,5_508_GbcA,5,1003.8,0.9977,4.5e-303,NZ_AKJM01000062.1,37181,38477,-1,Pseudomonas sp. GM48,Bacteria; Pseudomonadati; Pseudomonadota; Gammaproteobacteria; Pseudomonadales; Pseudomonadaceae; Pseudomonas,0,5_508_GbcA#0,core,0.9866,0,0,0,0,[alpha]
NZ_AKJR01000292.1:3283-4579:-1,WP_007911229.1,PMI23_RS26950,gbcA,glycine-betaine demethylase subunit GbcA,5_508_GbcA,5,1001.4,0.9977,2.5e-302,NZ_AKJR01000292.1,3283,4579,-1,Pseudomonas sp. GM24,Bacteria; Pseudomonadati; Pseudomonadota; Gammaproteobacteria; Pseudomonadales; Pseudomonadaceae; Pseudomonas,0,5_508_GbcA#0,core,0.984,0,0,0,0,[alpha]
NZ_AKJO01000091.1:143614-144910:-1,WP_007975514.1,PMI26_RS12490,gbcA,glycine-betaine demethylase subunit GbcA,5_508_GbcA,5,1003.7,0.9977,4.8e-303,NZ_AKJO01000091.1,143614,144910,-1,Pseudomonas sp. GM33,Bacteria; Pseudomonadati; Pseudomonadota; Gammaproteobacteria; Pseudomonadales; Pseudomonadaceae; Pseudomonas,0,5_508_GbcA#0,core,0.9839,0,0,0,0,[alpha]
NZ_AKJQ01000078.1:79433-80726:-1,WP_007959793.1,PMI24_RS27085,gbcA,glycine-betaine demethylase subunit GbcA,5_508_GbcA,5,993.1,0.9907,8e-300,NZ_AKJQ01000078.1,79433,80726,-1,Pseudomonas sp. GM25,Bacteria; Pseudomonadati; Pseudomonadota; Gammaproteobacteria; Pseudomonadales; Pseudomonadaceae; Pseudomonas,0,5_508_GbcA#0,core,0.9734,0,0,0,0,[alpha]
NZ_AKJS01000138.1:33646-34942:1,WP_007947742.1,PMI22_RS07245,gbcA,glycine-betaine demethylase subunit GbcA,5_508_GbcA,5,994.8,0.9977,2.4e-300,NZ_AKJS01000138.1,33646,34942,1,Pseudomonas sp. GM21,Bacteria; Pseudomonadati; Pseudomonadota; Gammaproteobacteria; Pseudomonadales; Pseudomonadaceae; Pseudomonas,0,5_508_GbcA#0,core,0.973,0,0,0,0,[alpha]
NZ_AMWJ02000004.1:333455-334742:-1,WP_009404102.1,CSV86_RS28055,gbcA,glycine-betaine demethylase subunit GbcA,5_508_GbcA,5,953.0,0.9953,1.1e-287,NZ_AMWJ02000004.1,333455,334742,-1,Pseudomonas bharatica CSV86,Bacteria; Pseudomonadati; Pseudomonadota; Gammaproteobacteria; Pseudomonadales; Pseudomonadaceae; Pseudomonas; Pseudomonas bharatica,0,5_508_GbcA#0,core,0.876,0,0,0,0,[alpha]
NZ_ANJL01000014.1:36220-37519:-1,WP_017708744.1,D653_RS0108525,gbcA,glycine-betaine demethylase subunit GbcA,5_508_GbcA,5,976.3,0.9977,9.8e-295,NZ_ANJL01000014.1,36220,37519,-1,Pseudomonas syringae pv. actinidiae ICMP 18807,Bacteria; Pseudomonadati; Pseudomonadota; Gammaproteobacteria; Pseudomonadales; Pseudomonadaceae; Pseudomonas; Pseudomonas syringae,0,5_508_GbcA#0,core,0.9115,0,0,0,0,[alpha]
NZ_AOHM01000025.1:51714-53010:-1,WP_033898047.1,H096_RS10330,gbcA,glycine-betaine demethylase subunit GbcA,5_508_GbcA,5,1003.0,1.0,7.8e-303,NZ_AOHM01000025.1,51714,53010,-1,Pseudomonas sp. FH1,Bacteria; Pseudomonadati; Pseudomonadota; Gammaproteobacteria; Pseudomonadales; Pseudomonadaceae; Pseudomonas,0,5_508_GbcA#0,core,0.9731,0,0,0,0,[alpha]
NZ_AOUH01000024.1:123555-124848:1,WP_017847882.1,H736_RS0118470,gbcA,glycine-betaine demethylase subunit GbcA,5_508_GbcA,5,1003.0,0.9977,7.9e-303,NZ_AOUH01000024.1,123555,124848,1,Pseudomonas veronii 1YdBTEX2,Bacteria; Pseudomonadati; Pseudomonadota; Gammaproteobacteria; Pseudomonadales; Pseudomonadaceae; Pseudomonas,0,5_508_GbcA#0,core,0.9627,0,0,0,0,[alpha]
NZ_APBQ01000073.1:3961-5254:1,WP_003255692.1,C206_RS12575,gbcA,glycine-betaine demethylase subunit GbcA,5_508_GbcA,5,974.3,0.9977,3.9e-294,NZ_APBQ01000073.1,3961,5254,1,Pseudomonas putida TRO1,Bacteria; Pseudomonadati; Pseudomonadota; Gammaproteobacteria; Pseudomonadales; Pseudomonadaceae; Pseudomonas,0,5_508_GbcA#0,core,0.8925,0,0,0,0,[alpha]
NZ_APIO01000012.1:56181-57477:1,WP_020796067.1,PG5_RS05330,gbcA,glycine-betaine demethylase subunit GbcA,5_508_GbcA,5,998.1,0.9977,2.4e-301,NZ_APIO01000012.1,56181,57477,1,Pseudomonas sp. G5(2012),Bacteria; Pseudomonadati; Pseudomonadota; Gammaproteobacteria; Pseudomonadales; Pseudomonadaceae; Pseudomonas,0,5_508_GbcA#0,core,0.9705,0,0,0,0,[alpha]
NZ_ASGY01000162.1:25761-27057:1,WP_038848868.1,K814_RS10170,gbcA,glycine-betaine demethylase subunit GbcA,5_508_GbcA,5,1003.8,1.0,4.4e-303,NZ_ASGY01000162.1,25761,27057,1,Pseudomonas fluorescens LMG 5329,Bacteria; Pseudomonadati; Pseudomonadota; Gammaproteobacteria; Pseudomonadales; Pseudomonadaceae; Pseudomonas,0,5_508_GbcA#0,core,0.9758,0,0,0,0,[alpha]
NZ_ATLO01000035.1:236167-237466:1,WP_020291916.1,CFII64_RS16340,gbcA,glycine-betaine demethylase subunit GbcA,5_508_GbcA,5,965.9,0.9977,1.4e-291,NZ_ATLO01000035.1,236167,237466,1,Pseudomonas sp. CFII64,Bacteria; Pseudomonadati; Pseudomonadota; Gammaproteobacteria; Pseudomonadales; Pseudomonadaceae; Pseudomonas,0,5_508_GbcA#0,core,0.8853,0,0,0,0,[alpha]
NZ_AVOF01000218.1:17035-18325:-1,WP_021443787.1,N878_RS11415,gbcA,glycine-betaine demethylase subunit GbcA,5_508_GbcA,5,962.3,0.9977,1.8e-290,NZ_AVOF01000218.1,17035,18325,-1,Pseudomonas sp. EGD-AK9,Bacteria; Pseudomonadati; Pseudomonadota; Gammaproteobacteria; Pseudomonadales; Pseudomonadaceae; Pseudomonas,0,5_508_GbcA#0,core,0.8545,0,0,0,0,[alpha]
NZ_AXUP01000053.1:11778-13071:1,WP_013970512.1,O164_RS43930,gbcA,glycine-betaine demethylase subunit GbcA,5_508_GbcA,5,971.8,0.9977,2.3e-293,NZ_AXUP01000053.1,11778,13071,1,Pseudomonas taiwanensis SJ9,Bacteria; Pseudomonadati; Pseudomonadota; Gammaproteobacteria; Pseudomonadales; Pseudomonadaceae; Pseudomonas,0,5_508_GbcA#0,core,0.8853,0,0,0,0,[alpha]
NZ_BASZ01000007.1:0-1218:1,WP_021690819.1,NT2_RS13960,,aromatic ring-hydroxylating dioxygenase subunit alpha,5_508_GbcA,5,104.8,0.5186,3e-30,NZ_BASZ01000007.1,0,1218,1,Caenibius tardaugens NBRC 16725,Bacteria; Pseudomonadati; Pseudomonadota; Alphaproteobacteria; Sphingomonadales; Erythrobacteraceae; Caenibius,0,5_508_GbcA#0,novel_candidate,0.2045,0,0,0,0,[alpha] > other
NZ_CBLV010000144.1:19598-20894:-1,WP_041021582.1,BN844_RS08850,gbcA,glycine-betaine demethylase subunit GbcA,5_508_GbcA,5,992.2,0.9977,1.5e-299,NZ_CBLV010000144.1,19598,20894,-1,Pseudomonas sp. SHC52,Bacteria; Pseudomonadati; Pseudomonadota; Gammaproteobacteria; Pseudomonadales; Pseudomonadaceae; Pseudomonas,0,5_508_GbcA#0,core,0.9674,0,0,0,0,[alpha]
NZ_CVTU01000053.1:59122-60418:-1,WP_065885441.1,BFP93_RS06200,gbcA,glycine-betaine demethylase subunit GbcA,5_508_GbcA,5,1004.7,0.9977,2.4e-303,NZ_CVTU01000053.1,59122,60418,-1,Pseudomonas sp. 44 R 15,Bacteria; Pseudomonadati; Pseudomonadota; Gammaproteobacteria; Pseudomonadales; Pseudomonadaceae; Pseudomonas,0,5_508_GbcA#0,core,0.9786,0,0,0,0,[alpha]
NZ_CVTL01000014.1:118543-119839:1,WP_017530742.1,BFP85_RS03820,gbcA,glycine-betaine demethylase subunit GbcA,5_508_GbcA,5,1005.3,0.9977,1.6e-303,NZ_CVTL01000014.1,118543,119839,1,Pseudomonas sp. 31 E 6,Bacteria; Pseudomonadati; Pseudomonadota; Gammaproteobacteria; Pseudomonadales; Pseudomonadaceae; Pseudomonas,0,5_508_GbcA#0,core,0.9787,0,0,0,0,[alpha]
NZ_FMXJ01000013.1:109005-110298:1,WP_060740294.1,BLS47_RS15645,gbcA,glycine-betaine demethylase subunit GbcA,5_508_GbcA,5,999.4,0.9907,9.7e-302,NZ_FMXJ01000013.1,109005,110298,1,Pseudomonas sp. NFACC15-1,Bacteria; Pseudomonadati; Pseudomonadota; Gammaproteobacteria; Pseudomonadales; Pseudomonadaceae; Pseudomonas,0,5_508_GbcA#0,core,0.984,0,0,0,0,[alpha]
NZ_FMWI01000004.1:661694-662990:-1,WP_011063910.1,BLP89_RS18490,gbcA,glycine-betaine demethylase subunit GbcA,5_508_GbcA,5,996.7,0.9953,6.2e-301,NZ_FMWI01000004.1,661694,662990,-1,Pseudomonas sp. NFPP17,Bacteria; Pseudomonadati; Pseudomonadota; Gammaproteobacteria; Pseudomonadales; Pseudomonadaceae; Pseudomonas,0,5_508_GbcA#0,core,0.9681,0,0,0,0,[alpha]
NZ_FNCO01000004.1:155019-156318:1,WP_074752306.1,BLS87_RS09870,gbcA,glycine-betaine demethylase subunit GbcA,5_508_GbcA,5,963.9,0.9977,5.9e-291,NZ_FNCO01000004.1,155019,156318,1,Pseudomonas abietaniphila,Bacteria; Pseudomonadati; Pseudomonadota; Gammaproteobacteria; Pseudomonadales; Pseudomonadaceae; Pseudomonas,0,5_508_GbcA#0,core,0.8871,0,0,0,0,[alpha]
NZ_FNHT01000010.1:93075-94374:-1,WP_058397142.1,BLT90_RS22565,gbcA,glycine-betaine demethylase subunit GbcA,5_508_GbcA,5,981.9,0.9977,2e-296,NZ_FNHT01000010.1,93075,94374,-1,Pseudomonas sp. BS3759,Bacteria; Pseudomonadati; Pseudomonadota; Gammaproteobacteria; Pseudomonadales; Pseudomonadaceae; Pseudomonas,0,5_508_GbcA#0,core,0.933,0,0,0,0,[alpha]
NZ_FOEV01000009.1:277192-278491:1,WP_074827198.1,BMX77_RS16550,gbcA,glycine-betaine demethylase subunit GbcA,5_508_GbcA,5,919.5,0.9953,1.7e-277,NZ_FOEV01000009.1,277192,278491,1,Pseudomonas lutea,Bacteria; Pseudomonadati; Pseudomonadota; Gammaproteobacteria; Pseudomonadales; Pseudomonadaceae; Pseudomonas,0,5_508_GbcA#0,core,0.8329,0,0,0,0,[alpha]
NZ_FOFP01000012.1:69214-70507:-1,WP_069519358.1,BMW49_RS16600,gbcA,glycine-betaine demethylase subunit GbcA,5_508_GbcA,5,980.6,0.9953,4.9e-296,NZ_FOFP01000012.1,69214,70507,-1,Pseudomonas cuatrocienegasensis,Bacteria; Pseudomonadati; Pseudomonadota; Gammaproteobacteria; Pseudomonadales; Pseudomonadaceae; Pseudomonas,0,5_508_GbcA#0,core,0.9241,0,0,0,0,[alpha]
NZ_FOED01000003.1:1485-2778:1,WP_017641523.1,BMZ43_RS09415,gbcA,glycine-betaine demethylase subunit GbcA,5_508_GbcA,5,930.5,0.9884,7.8e-281,NZ_FOED01000003.1,1485,2778,1,Pseudomonas sp. Snoq117.2,Bacteria; Pseudomonadati; Pseudomonadota; Gammaproteobacteria; Pseudomonadales; Pseudomonadaceae; Pseudomonas,0,5_508_GbcA#0,core,0.8382,0,0,0,0,[alpha]
NZ_FOHW01000007.1:43739-45038:-1,WP_074886756.1,BMY98_RS07370,gbcA,glycine-betaine demethylase subunit GbcA,5_508_GbcA,5,957.6,0.9977,4.5e-289,NZ_FOHW01000007.1,43739,45038,-1,Pseudomonas graminis,Bacteria; Pseudomonadati; Pseudomonadota; Gammaproteobacteria; Pseudomonadales; Pseudomonadaceae; Pseudomonas,0,5_508_GbcA#0,core,0.877,0,0,0,0,[alpha]
NZ_FOPR01000020.1:31518-32817:1,WP_024649254.1,BM038_RS26585,gbcA,glycine-betaine demethylase subunit GbcA,5_508_GbcA,5,980.0,0.9977,7.5e-296,NZ_FOPR01000020.1,31518,32817,1,Pseudomonas syringae,Bacteria; Pseudomonadati; Pseudomonadota; Gammaproteobacteria; Pseudomonadales; Pseudomonadaceae; Pseudomonas,0,5_508_GbcA#0,core,0.9303,0,0,0,0,[alpha]
NZ_FOWP01000008.1:187238-188531:1,WP_074940014.1,BM059_RS16175,gbcA,glycine-betaine demethylase subunit GbcA,5_508_GbcA,5,975.3,0.9977,2e-294,NZ_FOWP01000008.1,187238,188531,1,Ectopseudomonas composti,Bacteria; Pseudomonadati; Pseudomonadota; Gammaproteobacteria; Pseudomonadales; Pseudomonadaceae; Ectopseudomonas,0,5_508_GbcA#0,core,0.8946,0,0,0,0,[alpha]
NZ_FPIX01000007.1:56001-57297:-1,WP_063324047.1,BT116_RS08525,gbcA,glycine-betaine demethylase subunit GbcA,5_508_GbcA,5,1002.0,0.9977,1.6e-302,NZ_FPIX01000007.1,56001,57297,-1,Pseudomonas sp. NFACC16-2,Bacteria; Pseudomonadati; Pseudomonadota; Gammaproteobacteria; Pseudomonadales; Pseudomonadaceae; Pseudomonas,0,5_508_GbcA#0,core,0.9787,0,0,0,0,[alpha]
NZ_FPKC01000004.1:35915-37211:1,WP_072389928.1,BT175_RS07805,gbcA,glycine-betaine demethylase subunit GbcA,5_508_GbcA,5,1001.7,0.9977,2e-302,NZ_FPKC01000004.1,35915,37211,1,Pseudomonas sp. NFACC47-1,Bacteria; Pseudomonadati; Pseudomonadota; Gammaproteobacteria; Pseudomonadales; Pseudomonadaceae; Pseudomonas,0,5_508_GbcA#0,core,0.9787,0,0,0,0,[alpha]
NZ_FRBQ01000004.1:201338-202631:1,WP_073266594.1,BUC40_RS13680,gbcA,glycine-betaine demethylase subunit GbcA,5_508_GbcA,5,958.4,0.9977,2.7e-289,NZ_FRBQ01000004.1,201338,202631,1,Pseudomonas punonensis,Bacteria; Pseudomonadati; Pseudomonadota; Gammaproteobacteria; Pseudomonadales; Pseudomonadaceae; Pseudomonas,0,5_508_GbcA#0,core,0.8753,0,0,0,0,[alpha]
NZ_FRDA01000006.1:165550-166849:1,WP_073167187.1,BUB69_RS13030,gbcA,glycine-betaine demethylase subunit GbcA,5_508_GbcA,5,980.0,0.9977,7.7e-296,NZ_FRDA01000006.1,165550,166849,1,Pseudomonas asturiensis,Bacteria; Pseudomonadati; Pseudomonadota; Gammaproteobacteria; Pseudomonadales; Pseudomonadaceae; Pseudomonas,0,5_508_GbcA#0,core,0.933,0,0,0,0,[alpha]
NZ_FWXQ01000008.1:179526-180819:-1,WP_019096468.1,B9A31_RS19350,gbcA,glycine-betaine demethylase subunit GbcA,5_508_GbcA,5,974.7,0.9977,3e-294,NZ_FWXQ01000008.1,179526,180819,-1,Pseudomonas sp. URIL14HWK12:I5,Bacteria; Pseudomonadati; Pseudomonadota; Gammaproteobacteria; Pseudomonadales; Pseudomonadaceae; Pseudomonas,0,5_508_GbcA#0,core,0.8925,0,0,0,0,[alpha]
NZ_FWZV01000011.1:120768-122064:1,WP_027605984.1,B9N88_RS21265,gbcA,glycine-betaine demethylase subunit GbcA,5_508_GbcA,5,1007.7,0.9977,0.0,NZ_FWZV01000011.1,120768,122064,1,Pseudomonas sp. LAMO17WK12:I1,Bacteria; Pseudomonadati; Pseudomonadota; Gammaproteobacteria; Pseudomonadales; Pseudomonadaceae; Pseudomonas,0,5_508_GbcA#0,core,0.984,0,0,0,0,[alpha]
NZ_FXAD01000014.1:18496-19789:1,WP_027917549.1,B9N94_RS18260,gbcA,glycine-betaine demethylase subunit GbcA,5_508_GbcA,5,970.6,0.9977,5.2e-293,NZ_FXAD01000014.1,18496,19789,1,Pseudomonas sp. URMO17WK12:I5,Bacteria; Pseudomonadati; Pseudomonadota; Gammaproteobacteria; Pseudomonadales; Pseudomonadaceae; Pseudomonas,0,5_508_GbcA#0,core,0.8862,0,0,0,0,[alpha]
NZ_FZOL01000014.1:20861-22151:-1,WP_042124101.1,CHB99_RS17305,gbcA,glycine-betaine demethylase subunit GbcA,5_508_GbcA,5,950.8,0.9977,5.3e-287,NZ_FZOL01000014.1,20861,22151,-1,Pseudomonas japonica,Bacteria; Pseudomonadati; Pseudomonadota; Gammaproteobacteria; Pseudomonadales; Pseudomonadaceae; Pseudomonas,0,5_508_GbcA#0,core,0.8652,0,0,0,0,[alpha]
NZ_FZOG01000006.1:55169-56462:1,WP_010485860.1,CHB79_RS17615,gbcA,glycine-betaine demethylase subunit GbcA,5_508_GbcA,5,967.2,0.9977,5.9e-292,NZ_FZOG01000006.1,55169,56462,1,Pseudomonas segetis,Bacteria; Pseudomonadati; Pseudomonadota; Gammaproteobacteria; Pseudomonadales; Pseudomonadaceae; Pseudomonas,0,5_508_GbcA#0,core,0.9173,0,0,0,0,[alpha]
NZ_JAAQWR010000024.1:67036-68332:-1,WP_057440265.1,HBO21_RS23025,gbcA,glycine-betaine demethylase subunit GbcA,5_508_GbcA,5,1008.5,0.9977,0.0,NZ_JAAQWR010000024.1,67036,68332,-1,Pseudomonas sp. WS 5413,Bacteria; Pseudomonadati; Pseudomonadota; Gammaproteobacteria; Pseudomonadales; Pseudomonadaceae; Pseudomonas,0,5_508_GbcA#0,core,0.9759,0,0,0,0,[alpha]
NZ_JAAQWK010000002.1:561823-563119:-1,WP_017139360.1,HBO23_RS06200,gbcA,glycine-betaine demethylase subunit GbcA,5_508_GbcA,5,1005.0,0.9977,1.9e-303,NZ_JAAQWK010000002.1,561823,563119,-1,Pseudomonas sp. WS 5532,Bacteria; Pseudomonadati; Pseudomonadota; Gammaproteobacteria; Pseudomonadales; Pseudomonadaceae; Pseudomonas,0,5_508_GbcA#0,core,0.9784,0,0,0,0,[alpha]
NZ_JAAQWI010000002.1:122204-123500:1,WP_014720238.1,HBO10_RS06305,gbcA,glycine-betaine demethylase subunit GbcA,5_508_GbcA,5,1004.5,0.9977,2.7e-303,NZ_JAAQWI010000002.1,122204,123500,1,Pseudomonas sp. WS 5503,Bacteria; Pseudomonadati; Pseudomonadota; Gammaproteobacteria; Pseudomonadales; Pseudomonadaceae; Pseudomonas,0,5_508_GbcA#0,core,0.9787,0,0,0,0,[alpha]
NZ_JABFID010000004.1:167982-169275:-1,WP_012270112.1,HMH05_RS06375,gbcA,glycine-betaine demethylase subunit GbcA,5_508_GbcA,5,976.1,0.9977,1.1e-294,NZ_JABFID010000004.1,167982,169275,-1,Pseudomonas sp. SbB1,Bacteria; Pseudomonadati; Pseudomonadota; Gammaproteobacteria; Pseudomonadales; Pseudomonadaceae; Pseudomonas,0,5_508_GbcA#0,core,0.8952,0,0,0,0,[alpha]
NZ_JABFMS010000007.1:34468-35764:-1,WP_064106876.1,HNO85_RS06790,gbcA,glycine-betaine demethylase subunit GbcA,5_508_GbcA,5,1001.3,0.9977,2.6e-302,NZ_JABFMS010000007.1,34468,35764,-1,Pseudomonas brassicacearum,Bacteria; Pseudomonadati; Pseudomonadota; Gammaproteobacteria; Pseudomonadales; Pseudomonadaceae; Pseudomonas,0,5_508_GbcA#0,core,0.9787,0,0,0,0,[alpha]
NZ_JABWQP020000016.1:81867-83163:-1,WP_039757637.1,HU727_RS23455,gbcA,glycine-betaine demethylase subunit GbcA,5_508_GbcA,5,1001.6,0.9977,2.1e-302,NZ_JABWQP020000016.1,81867,83163,-1,Pseudomonas khorasanensis,Bacteria; Pseudomonadati; Pseudomonadota; Gammaproteobacteria; Pseudomonadales; Pseudomonadaceae; Pseudomonas,0,5_508_GbcA#0,core,0.984,0,0,0,0,[alpha]
NZ_JACAQG010000026.1:34326-35622:1,WP_017129998.1,HX776_RS14540,gbcA,glycine-betaine demethylase subunit GbcA,5_508_GbcA,5,989.1,0.9977,1.3e-298,NZ_JACAQG010000026.1,34326,35622,1,Pseudomonas agarici,Bacteria; Pseudomonadati; Pseudomonadota; Gammaproteobacteria; Pseudomonadales; Pseudomonadaceae; Pseudomonas,0,5_508_GbcA#0,core,0.9362,0,0,0,0,[alpha]
NZ_JACARJ010000003.1:141160-142456:1,WP_017128781.1,HX863_RS00880,gbcA,glycine-betaine demethylase subunit GbcA,5_508_GbcA,5,993.8,0.9977,4.7e-300,NZ_JACARJ010000003.1,141160,142456,1,Pseudomonas gingeri,Bacteria; Pseudomonadati; Pseudomonadota; Gammaproteobacteria; Pseudomonadales; Pseudomonadaceae; Pseudomonas,0,5_508_GbcA#0,core,0.9517,0,0,0,0,[alpha]
NZ_JACASD010000009.1:202538-203834:-1,WP_038848868.1,HX893_RS03960,gbcA,glycine-betaine demethylase subunit GbcA,5_508_GbcA,5,1003.8,1.0,4.4e-303,NZ_JACASD010000009.1,202538,203834,-1,Pseudomonas reactans,Bacteria; Pseudomonadati; Pseudomonadota; Gammaproteobacteria; Pseudomonadales; Pseudomonadaceae; Pseudomonas,0,5_508_GbcA#0,core,0.9758,0,0,0,0,[alpha]
NZ_JACARO010000017.1:68590-69886:-1,WP_016972861.1,HX803_RS09610,gbcA,glycine-betaine demethylase subunit GbcA,5_508_GbcA,5,1002.9,1.0,8.1e-303,NZ_JACARO010000017.1,68590,69886,-1,Pseudomonas sp. P7548,Bacteria; Pseudomonadati; Pseudomonadota; Gammaproteobacteria; Pseudomonadales; Pseudomonadaceae; Pseudomonas,0,5_508_GbcA#0,core,0.976,0,0,0,0,[alpha]
NZ_JACART010000004.1:127053-128349:1,WP_038848868.1,HX823_RS04595,gbcA,glycine-betaine demethylase subunit GbcA,5_508_GbcA,5,1003.8,1.0,4.4e-303,NZ_JACART010000004.1,127053,128349,1,Pseudomonas sp. P7759,Bacteria; Pseudomonadati; Pseudomonadota; Gammaproteobacteria; Pseudomonadales; Pseudomonadaceae; Pseudomonas,0,5_508_GbcA#0,core,0.9758,0,0,0,0,[alpha]
NZ_JACHVR010000005.1:40762-42058:1,WP_019580681.1,FHR69_RS25000,gbcA,glycine-betaine demethylase subunit GbcA,5_508_GbcA,5,1005.6,0.9977,1.3e-303,NZ_JACHVR010000005.1,40762,42058,1,Pseudomonas umsongensis,Bacteria; Pseudomonadati; Pseudomonadota; Gammaproteobacteria; Pseudomonadales; Pseudomonadaceae; Pseudomonas,0,5_508_GbcA#0,core,0.9893,0,0,0,0,[alpha]
NZ_JACYNJ010000015.1:87353-88649:-1,WP_053130970.1,IFU03_RS21140,gbcA,glycine-betaine demethylase subunit GbcA,5_508_GbcA,5,1007.7,0.9977,0.0,NZ_JACYNJ010000015.1,87353,88649,-1,Pseudomonas fluorescens,Bacteria; Pseudomonadati; Pseudomonadota; Gammaproteobacteria; Pseudomonadales; Pseudomonadaceae; Pseudomonas,0,5_508_GbcA#0,core,0.984,0,0,0,0,[alpha]
NZ_JACYWZ010000002.1:462898-464194:-1,WP_049861378.1,IFT38_RS07520,gbcA,glycine-betaine demethylase subunit GbcA,5_508_GbcA,5,977.2,1.0,5.3e-295,NZ_JACYWZ010000002.1,462898,464194,-1,Pseudomonas coleopterorum,Bacteria; Pseudomonadati; Pseudomonadota; Gammaproteobacteria; Pseudomonadales; Pseudomonadaceae; Pseudomonas,0,5_508_GbcA#0,core,0.9115,0,0,0,0,[alpha]
NZ_JAEKEX010000007.1:194675-195971:-1,WP_030128547.1,JFT98_RS19080,gbcA,glycine-betaine demethylase subunit GbcA,5_508_GbcA,5,1001.3,0.9977,2.6e-302,NZ_JAEKEX010000007.1,194675,195971,-1,Erwinia sp. TH29,Bacteria; Pseudomonadati; Pseudomonadota; Gammaproteobacteria; Enterobacterales; Erwiniaceae; Erwinia,0,5_508_GbcA#0,core,0.9704,0,0,0,0,[alpha]
NZ_JAEILH010000021.1:127166-128462:-1,WP_034101156.1,YA0853_RS14645,gbcA,glycine-betaine demethylase subunit GbcA,5_508_GbcA,5,1004.6,0.9977,2.5e-303,NZ_JAEILH010000021.1,127166,128462,-1,Pseudomonas rhodesiae,Bacteria; Pseudomonadati; Pseudomonadota; Gammaproteobacteria; Pseudomonadales; Pseudomonadaceae; Pseudomonas,0,5_508_GbcA#0,core,0.9787,0,0,0,0,[alpha]
NZ_JAHRBT010000002.1:76909-78205:1,WP_044465480.1,KTQ74_RS00705,gbcA,glycine-betaine demethylase subunit GbcA,5_508_GbcA,5,986.3,0.9977,9.2e-298,NZ_JAHRBT010000002.1,76909,78205,1,Pseudomonas chlororaphis,Bacteria; Pseudomonadati; Pseudomonadota; Gammaproteobacteria; Pseudomonadales; Pseudomonadaceae; Pseudomonas,0,5_508_GbcA#0,core,0.9282,0,0,0,0,[alpha]
NZ_JAGRZD010000035.1:38018-39311:-1,WP_054912226.1,KC233_RS16180,gbcA,glycine-betaine demethylase subunit GbcA,5_508_GbcA,5,969.5,0.9977,1.1e-292,NZ_JAGRZD010000035.1,38018,39311,-1,Pseudomonas juntendi,Bacteria; Pseudomonadati; Pseudomonadota; Gammaproteobacteria; Pseudomonadales; Pseudomonadaceae; Pseudomonas,0,5_508_GbcA#0,core,0.8838,0,0,0,0,[alpha]
NZ_JAHAKO010000016.1:31117-32410:-1,WP_047278139.1,KID05_RS08200,gbcA,glycine-betaine demethylase subunit GbcA,5_508_GbcA,5,984.2,0.9953,4e-297,NZ_JAHAKO010000016.1,31117,32410,-1,Pseudomonas sp.,Bacteria; Pseudomonadati; Pseudomonadota; Gammaproteobacteria; Pseudomonadales; Pseudomonadaceae; Pseudomonas,0,5_508_GbcA#0,core,0.928,0,0,0,0,[alpha]
NZ_JAMOIA010000008.1:10140-11430:1,WP_025240425.1,NAV34_RS15570,gbcA,glycine-betaine demethylase subunit GbcA,5_508_GbcA,5,965.4,0.9953,2.1e-291,NZ_JAMOIA010000008.1,10140,11430,1,Stutzerimonas stutzeri,Bacteria; Pseudomonadati; Pseudomonadota; Gammaproteobacteria; Pseudomonadales; Pseudomonadaceae; Stutzerimonas,0,5_508_GbcA#0,core,0.9064,0,0,0,0,[alpha]
NZ_JAMDHA010000016.1:127405-128701:1,WP_042561455.1,M5G27_RS13640,gbcA,glycine-betaine demethylase subunit GbcA,5_508_GbcA,5,996.7,0.9977,6.5e-301,NZ_JAMDHA010000016.1,127405,128701,1,Pseudomonas shahriarae,Bacteria; Pseudomonadati; Pseudomonadota; Gammaproteobacteria; Pseudomonadales; Pseudomonadaceae; Pseudomonas,0,5_508_GbcA#0,core,0.9759,0,0,0,0,[alpha]
NZ_JANBMO010000001.1:148857-150150:1,WP_010221346.1,NL515_RS00670,gbcA,glycine-betaine demethylase subunit GbcA,5_508_GbcA,5,998.5,0.9977,1.9e-301,NZ_JANBMO010000001.1,148857,150150,1,Pseudomonas donghuensis,Bacteria; Pseudomonadati; Pseudomonadota; Gammaproteobacteria; Pseudomonadales; Pseudomonadaceae; Pseudomonas,0,5_508_GbcA#0,core,0.9493,0,0,0,0,[alpha]
NZ_JAOEBK010000010.1:83540-84830:1,WP_045214087.1,N7414_RS06495,gbcA,glycine-betaine demethylase subunit GbcA,5_508_GbcA,5,979.4,0.986,1.1e-295,NZ_JAOEBK010000010.1,83540,84830,1,Pseudomonas sp. GD04087,Bacteria; Pseudomonadati; Pseudomonadota; Gammaproteobacteria; Pseudomonadales; Pseudomonadaceae; Pseudomonas,0,5_508_GbcA#0,core,0.8997,0,0,0,0,[alpha]
NZ_JAOXCB010000053.1:29970-31266:-1,WP_060841446.1,ORM81_RS29405,gbcA,glycine-betaine demethylase subunit GbcA,5_508_GbcA,5,1000.3,0.9953,5e-302,NZ_JAOXCB010000053.1,29970,31266,-1,Pseudomonas saponiphila,Bacteria; Pseudomonadati; Pseudomonadota; Gammaproteobacteria; Pseudomonadales; Pseudomonadaceae; Pseudomonas,0,5_508_GbcA#0,core,0.9707,0,0,0,0,[alpha]
NZ_JAUTCG010000027.1:33597-34890:1,WP_063423966.1,Q7K56_RS23020,gbcA,glycine-betaine demethylase subunit GbcA,5_508_GbcA,5,972.3,0.9977,1.6e-293,NZ_JAUTCG010000027.1,33597,34890,1,Pseudomonas putida,Bacteria; Pseudomonadati; Pseudomonadota; Gammaproteobacteria; Pseudomonadales; Pseudomonadaceae; Pseudomonas,0,5_508_GbcA#0,core,0.8908,0,0,0,0,[alpha]
NZ_JAVMJM010000083.1:3769-5062:-1,WP_059313042.1,VFK83_RS14815,gbcA,glycine-betaine demethylase subunit GbcA,5_508_GbcA,5,931.1,0.9884,5.2e-281,NZ_JAVMJM010000083.1,3769,5062,-1,Pseudomonas oryzihabitans,Bacteria; Pseudomonadati; Pseudomonadota; Gammaproteobacteria; Pseudomonadales; Pseudomonadaceae; Pseudomonas,0,5_508_GbcA#0,core,0.8404,0,0,0,0,[alpha]
NZ_JAVLRO010000002.1:121426-122722:1,WP_058426656.1,RJC98_RS04555,gbcA,glycine-betaine demethylase subunit GbcA,5_508_GbcA,5,1007.7,0.9977,0.0,NZ_JAVLRO010000002.1,121426,122722,1,Pseudomonas allii,Bacteria; Pseudomonadati; Pseudomonadota; Gammaproteobacteria; Pseudomonadales; Pseudomonadaceae; Pseudomonas,0,5_508_GbcA#0,core,0.984,0,0,0,0,[alpha]
NZ_JAWHOP010000024.1:66797-68096:1,WP_002555658.1,RYC17_RS23015,gbcA,glycine-betaine demethylase subunit GbcA,5_508_GbcA,5,981.6,0.9977,2.4e-296,NZ_JAWHOP010000024.1,66797,68096,1,Pseudomonas syringae group sp. J248-6,Bacteria; Pseudomonadati; Pseudomonadota; Gammaproteobacteria; Pseudomonadales; Pseudomonadaceae; Pseudomonas,0,5_508_GbcA#0,core,0.9303,0,0,0,0,[alpha]
NZ_JAYKOQ010000002.1:432770-434066:-1,WP_043192383.1,VKY23_RS09610,gbcA,glycine-betaine demethylase subunit GbcA,5_508_GbcA,5,978.6,1.0,2e-295,NZ_JAYKOQ010000002.1,432770,434066,-1,Pseudomonas rhizosphaerae,Bacteria; Pseudomonadati; Pseudomonadota; Gammaproteobacteria; Pseudomonadales; Pseudomonadaceae; Pseudomonas,0,5_508_GbcA#0,core,0.9142,0,0,0,0,[alpha]
NZ_JBBCRU010000010.1:1622-2915:1,WP_009682910.1,WFM08_RS07560,gbcA,glycine-betaine demethylase subunit GbcA,5_508_GbcA,5,971.0,0.9977,4e-293,NZ_JBBCRU010000010.1,1622,2915,1,Pseudomonas juntendi,Bacteria; Pseudomonadati; Pseudomonadota; Gammaproteobacteria; Pseudomonadales; Pseudomonadaceae; Pseudomonas,0,5_508_GbcA#0,core,0.8865,0,0,0,0,[alpha]
NZ_JBDJKQ010000011.1:152809-154105:1,WP_029296987.1,ABE461_RS10750,gbcA,glycine-betaine demethylase subunit GbcA,5_508_GbcA,5,1006.2,0.9977,8.3e-304,NZ_JBDJKQ010000011.1,152809,154105,1,Pseudomonas proteolytica,Bacteria; Pseudomonadati; Pseudomonadota; Gammaproteobacteria; Pseudomonadales; Pseudomonadaceae; Pseudomonas,0,5_508_GbcA#0,core,0.9733,0,0,0,0,[alpha]
NZ_JFYN01000001.1:126599-127895:1,WP_047596493.1,BW33_RS00560,gbcA,glycine-betaine demethylase subunit GbcA,5_508_GbcA,5,999.7,0.9977,7.6e-302,NZ_JFYN01000001.1,126599,127895,1,Pseudomonas sp. RIT288,Bacteria; Pseudomonadati; Pseudomonadota; Gammaproteobacteria; Pseudomonadales; Pseudomonadaceae; Pseudomonas,0,5_508_GbcA#0,core,0.9787,0,0,0,0,[alpha]
NZ_JFYX01000001.1:141172-142468:1,WP_032883986.1,BW43_RS26540,gbcA,glycine-betaine demethylase subunit GbcA,5_508_GbcA,5,1005.5,0.9977,1.3e-303,NZ_JFYX01000001.1,141172,142468,1,Pseudomonas sp. RIT357,Bacteria; Pseudomonadati; Pseudomonadota; Gammaproteobacteria; Pseudomonadales; Pseudomonadaceae; Pseudomonas,0,5_508_GbcA#0,core,0.9812,0,0,0,0,[alpha]
NZ_JPQT01000123.1:14796-16095:1,WP_047577640.1,IV02_RS21265,gbcA,glycine-betaine demethylase subunit GbcA,5_508_GbcA,5,968.7,0.9977,1.9e-292,NZ_JPQT01000123.1,14796,16095,1,Pseudomonas syringae,Bacteria; Pseudomonadati; Pseudomonadota; Gammaproteobacteria; Pseudomonadales; Pseudomonadaceae; Pseudomonas,0,5_508_GbcA#0,core,0.888,0,0,0,0,[alpha]
NZ_JPQU01000031.1:62444-63743:1,WP_032628158.1,IV01_RS14350,gbcA,glycine-betaine demethylase subunit GbcA,5_508_GbcA,5,970.2,0.9977,7e-293,NZ_JPQU01000031.1,62444,63743,1,Pseudomonas syringae,Bacteria; Pseudomonadati; Pseudomonadota; Gammaproteobacteria; Pseudomonadales; Pseudomonadaceae; Pseudomonas,0,5_508_GbcA#0,core,0.9016,0,0,0,0,[alpha]
NZ_JQGJ02000003.1:151422-152718:1,WP_039590635.1,JZ00_RS06650,gbcA,glycine-betaine demethylase subunit GbcA,5_508_GbcA,5,1007.0,0.9977,4.8e-304,NZ_JQGJ02000003.1,151422,152718,1,Pseudomonas frederiksbergensis,Bacteria; Pseudomonadati; Pseudomonadota; Gammaproteobacteria; Pseudomonadales; Pseudomonadaceae; Pseudomonas,0,5_508_GbcA#0,core,0.9813,0,0,0,0,[alpha]
NZ_JRMB01000004.1:226957-228256:-1,WP_037018989.1,LT42_RS23795,gbcA,glycine-betaine demethylase subunit GbcA,5_508_GbcA,5,955.8,0.9977,1.7e-288,NZ_JRMB01000004.1,226957,228256,-1,Pseudomonas lutea,Bacteria; Pseudomonadati; Pseudomonadota; Gammaproteobacteria; Pseudomonadales; Pseudomonadaceae; Pseudomonas,0,5_508_GbcA#0,core,0.8767,0,0,0,0,[alpha]
NZ_JSYZ01000030.1:23003-24299:-1,WP_054064613.1,PF66_RS29450,gbcA,glycine-betaine demethylase subunit GbcA,5_508_GbcA,5,988.2,0.9977,2.4e-298,NZ_JSYZ01000030.1,23003,24299,-1,Pseudomonas fuscovaginae,Bacteria; Pseudomonadati; Pseudomonadota; Gammaproteobacteria; Pseudomonadales; Pseudomonadaceae; Pseudomonas,0,5_508_GbcA#0,core,0.9521,0,0,0,0,[alpha]
NZ_JUEH01000030.1:9912-11202:1,WP_024767036.1,QX33_RS32555,gbcA,glycine-betaine demethylase subunit GbcA,5_508_GbcA,5,978.5,0.986,2.1e-295,NZ_JUEH01000030.1,9912,11202,1,Pseudomonas nitroreducens,Bacteria; Pseudomonadati; Pseudomonadota; Gammaproteobacteria; Pseudomonadales; Pseudomonadaceae; Pseudomonas,0,5_508_GbcA#0,core,0.8997,0,0,0,0,[alpha]
NZ_JTGH01000009.1:188494-189787:-1,WP_039768012.1,QS95_RS10690,gbcA,glycine-betaine demethylase subunit GbcA,5_508_GbcA,5,997.8,0.9907,2.9e-301,NZ_JTGH01000009.1,188494,189787,-1,Pseudomonas fluorescens,Bacteria; Pseudomonadati; Pseudomonadota; Gammaproteobacteria; Pseudomonadales; Pseudomonadaceae; Pseudomonas,0,5_508_GbcA#0,core,0.984,0,0,0,0,[alpha]
NZ_JXCQ01000001.1:17552-18848:1,WP_043046145.1,PFLU3_RS00085,gbcA,glycine-betaine demethylase subunit GbcA,5_508_GbcA,5,1005.9,0.9977,1.1e-303,NZ_JXCQ01000001.1,17552,18848,1,Pseudomonas fluorescens,Bacteria; Pseudomonadati; Pseudomonadota; Gammaproteobacteria; Pseudomonadales; Pseudomonadaceae; Pseudomonas,0,5_508_GbcA#0,core,0.9759,0,0,0,0,[alpha]
NZ_JXNZ01000145.1:1420-2716:1,WP_042730735.1,RL74_RS15825,gbcA,glycine-betaine demethylase subunit GbcA,5_508_GbcA,5,1001.9,0.9977,1.6e-302,NZ_JXNZ01000145.1,1420,2716,1,Pseudomonas fluorescens,Bacteria; Pseudomonadati; Pseudomonadota; Gammaproteobacteria; Pseudomonadales; Pseudomonadaceae; Pseudomonas,0,5_508_GbcA#0,core,0.976,0,0,0,0,[alpha]
NZ_JXDG01000064.1:64318-65614:1,WP_040071345.1,UCMB321_RS24995,gbcA,glycine-betaine demethylase subunit GbcA,5_508_GbcA,5,990.6,0.9977,4.6e-299,NZ_JXDG01000064.1,64318,65614,1,Pseudomonas batumici,Bacteria; Pseudomonadati; Pseudomonadota; Gammaproteobacteria; Pseudomonadales; Pseudomonadaceae; Pseudomonas,0,5_508_GbcA#0,core,0.9495,0,0,0,0,[alpha]
NZ_JXQW01000027.1:4411-5704:-1,WP_042553857.1,RU08_RS10990,gbcA,glycine-betaine demethylase subunit GbcA,5_508_GbcA,5,963.4,0.9977,8.1e-291,NZ_JXQW01000027.1,4411,5704,-1,Pseudomonas fulva,Bacteria; Pseudomonadati; Pseudomonadota; Gammaproteobacteria; Pseudomonadales; Pseudomonadaceae; Pseudomonas,0,5_508_GbcA#0,core,0.8835,0,0,0,0,[alpha]
NZ_JYHV01000010.1:92571-93861:1,WP_045160662.1,UF78_RS03570,gbcA,glycine-betaine demethylase subunit GbcA,5_508_GbcA,5,982.6,0.9953,1.2e-296,NZ_JYHV01000010.1,92571,93861,1,Stutzerimonas stutzeri,Bacteria; Pseudomonadati; Pseudomonadota; Gammaproteobacteria; Pseudomonadales; Pseudomonadaceae; Stutzerimonas,0,5_508_GbcA#0,core,0.928,0,0,0,0,[alpha]
NZ_JYKS01000002.1:27514-28807:1,WP_051095445.1,TZ03_RS01700,gbcA,glycine-betaine demethylase subunit GbcA,5_508_GbcA,5,974.5,0.9977,3.4e-294,NZ_JYKS01000002.1,27514,28807,1,Pseudomonas sp. 10-1B,Bacteria; Pseudomonadati; Pseudomonadota; Gammaproteobacteria; Pseudomonadales; Pseudomonadaceae; Pseudomonas,0,5_508_GbcA#0,core,0.8895,0,0,0,0,[alpha]
NZ_JYFT01000058.1:32468-33761:1,WP_044409161.1,SZ55_RS17735,gbcA,glycine-betaine demethylase subunit GbcA,5_508_GbcA,5,970.3,0.9953,6.8e-293,NZ_JYFT01000058.1,32468,33761,1,Pseudomonas sp. FeS53a,Bacteria; Pseudomonadati; Pseudomonadota; Gammaproteobacteria; Pseudomonadales; Pseudomonadaceae; Pseudomonas,0,5_508_GbcA#0,core,0.9008,0,0,0,0,[alpha]
NZ_JYKX01000005.1:115058-116351:1,WP_048361179.1,TR67_RS17185,gbcA,glycine-betaine demethylase subunit GbcA,5_508_GbcA,5,986.9,0.9953,5.9e-298,NZ_JYKX01000005.1,115058,116351,1,Pseudomonas deceptionensis,Bacteria; Pseudomonadati; Pseudomonadota; Gammaproteobacteria; Pseudomonadales; Pseudomonadaceae; Pseudomonas,0,5_508_GbcA#0,core,0.941,0,0,0,0,[alpha]
NZ_JYLF01000003.1:568319-569612:-1,WP_048364169.1,TU86_RS10230,gbcA,glycine-betaine demethylase subunit GbcA,5_508_GbcA,5,978.5,0.9977,2.1e-295,NZ_JYLF01000003.1,568319,569612,-1,Pseudomonas weihenstephanensis,Bacteria; Pseudomonadati; Pseudomonadota; Gammaproteobacteria; Pseudomonadales; Pseudomonadaceae; Pseudomonas,0,5_508_GbcA#0,core,0.9272,0,0,0,0,[alpha]
NZ_JYLN01000003.1:638146-639442:-1,WP_057702201.1,TX23_RS11125,gbcA,glycine-betaine demethylase subunit GbcA,5_508_GbcA,5,1005.9,0.9977,1e-303,NZ_JYLN01000003.1,638146,639442,-1,Pseudomonas paralactis,Bacteria; Pseudomonadati; Pseudomonadota; Gammaproteobacteria; Pseudomonadales; Pseudomonadaceae; Pseudomonas,0,5_508_GbcA#0,core,0.9786,0,0,0,0,[alpha]
NZ_JZRI01000074.1:189877-191173:-1,WP_045059905.1,UB23_RS13975,gbcA,glycine-betaine demethylase subunit GbcA,5_508_GbcA,5,994.8,0.9977,2.4e-300,NZ_JZRI01000074.1,189877,191173,-1,Pseudomonas sp. ES3-33,Bacteria; Pseudomonadati; Pseudomonadota; Gammaproteobacteria; Pseudomonadales; Pseudomonadaceae; Pseudomonas,0,5_508_GbcA#0,core,0.9785,0,0,0,0,[alpha]
NZ_KV838501.1:56522-57812:1,WP_043270258.1,HMPREF3289_RS25310,gbcA,glycine-betaine demethylase subunit GbcA,5_508_GbcA,5,978.3,0.986,2.5e-295,NZ_KV838501.1,56522,57812,1,Pseudomonas sp. HMSC75E02,Bacteria; Pseudomonadati; Pseudomonadota; Gammaproteobacteria; Pseudomonadales; Pseudomonadaceae; Pseudomonas,0,5_508_GbcA#0,core,0.8997,0,0,0,0,[alpha]
NZ_KV793298.1:140887-142180:1,WP_043211087.1,HMPREF3173_RS06660,gbcA,glycine-betaine demethylase subunit GbcA,5_508_GbcA,5,979.6,0.9977,1e-295,NZ_KV793298.1,140887,142180,1,Pseudomonas sp. HMSC08G10,Bacteria; Pseudomonadati; Pseudomonadota; Gammaproteobacteria; Pseudomonadales; Pseudomonadaceae; Pseudomonas,0,5_508_GbcA#0,core,0.9,0,0,0,0,[alpha]
NZ_KZ268818.1:115815-117111:1,WP_034133938.1,CDH05_RS02370,gbcA,glycine-betaine demethylase subunit GbcA,5_508_GbcA,5,1003.7,0.9977,4.9e-303,NZ_KZ268818.1,115815,117111,1,Pseudomonas lactis,Bacteria; Pseudomonadati; Pseudomonadota; Gammaproteobacteria; Pseudomonadales; Pseudomonadaceae; Pseudomonas,0,5_508_GbcA#0,core,0.976,0,0,0,0,[alpha]
NZ_KZ477994.1:61126-62422:-1,WP_065949497.1,CIB54_RS11795,gbcA,glycine-betaine demethylase subunit GbcA,5_508_GbcA,5,1004.6,0.9977,2.6e-303,NZ_KZ477994.1,61126,62422,-1,Pseudomonas fluorescens,Bacteria; Pseudomonadati; Pseudomonadota; Gammaproteobacteria; Pseudomonadales; Pseudomonadaceae; Pseudomonas,0,5_508_GbcA#0,core,0.9786,0,0,0,0,[alpha]
NZ_LACC01000011.1:462871-464167:-1,WP_046039375.1,VC35_RS09140,gbcA,glycine-betaine demethylase subunit GbcA,5_508_GbcA,5,1003.8,0.9977,4.4e-303,NZ_LACC01000011.1,462871,464167,-1,Pseudomonas fluorescens,Bacteria; Pseudomonadati; Pseudomonadota; Gammaproteobacteria; Pseudomonadales; Pseudomonadaceae; Pseudomonas,0,5_508_GbcA#0,core,0.9839,0,0,0,0,[alpha]
NZ_LACH01000002.1:137091-138387:1,WP_046052584.1,VD17_RS01830,gbcA,glycine-betaine demethylase subunit GbcA,5_508_GbcA,5,996.7,0.9977,6.5e-301,NZ_LACH01000002.1,137091,138387,1,Pseudomonas fluorescens,Bacteria; Pseudomonadati; Pseudomonadota; Gammaproteobacteria; Pseudomonadales; Pseudomonadaceae; Pseudomonas,0,5_508_GbcA#0,core,0.9705,0,0,0,0,[alpha]
NZ_LACD01000002.1:649212-650508:-1,WP_046045311.1,VC34_RS03775,gbcA,glycine-betaine demethylase subunit GbcA,5_508_GbcA,5,995.3,0.9977,1.7e-300,NZ_LACD01000002.1,649212,650508,-1,Pseudomonas fluorescens,Bacteria; Pseudomonadati; Pseudomonadota; Gammaproteobacteria; Pseudomonadales; Pseudomonadaceae; Pseudomonas,0,5_508_GbcA#0,core,0.9731,0,0,0,0,[alpha]
NZ_LCZE01000043.1:127943-129239:1,WP_042561455.1,AA065_RS25430,gbcA,glycine-betaine demethylase subunit GbcA,5_508_GbcA,5,996.7,0.9977,6.5e-301,NZ_LCZE01000043.1,127943,129239,1,Pseudomonas fluorescens,Bacteria; Pseudomonadati; Pseudomonadota; Gammaproteobacteria; Pseudomonadales; Pseudomonadaceae; Pseudomonas,0,5_508_GbcA#0,core,0.9759,0,0,0,0,[alpha]
NZ_LDSN01000018.1:20388-21681:1,WP_058638090.1,NS96R_RS07460,gbcA,glycine-betaine demethylase subunit GbcA,5_508_GbcA,5,969.8,0.9953,9.6e-293,NZ_LDSN01000018.1,20388,21681,1,Pseudomonas parafulva,Bacteria; Pseudomonadati; Pseudomonadota; Gammaproteobacteria; Pseudomonadales; Pseudomonadaceae; Pseudomonas,0,5_508_GbcA#0,core,0.8911,0,0,0,0,[alpha]
NZ_LFMW01000004.1:123261-124557:1,WP_048722256.1,ACR52_RS06970,gbcA,glycine-betaine demethylase subunit GbcA,5_508_GbcA,5,1001.9,0.9977,1.7e-302,NZ_LFMW01000004.1,123261,124557,1,Pseudomonas fildesensis,Bacteria; Pseudomonadati; Pseudomonadota; Gammaproteobacteria; Pseudomonadales; Pseudomonadaceae; Pseudomonas,0,5_508_GbcA#0,core,0.9704,0,0,0,0,[alpha]
NZ_LGLN01000086.1:185226-186534:1,WP_054088021.1,ABJ99_RS24660,gbcA,glycine-betaine demethylase subunit GbcA,5_508_GbcA,5,976.1,0.9977,1.1e-294,NZ_LGLN01000086.1,185226,186534,1,Pseudomonas syringae pv. cilantro,Bacteria; Pseudomonadati; Pseudomonadota; Gammaproteobacteria; Pseudomonadales; Pseudomonadaceae; Pseudomonas; Pseudomonas syringae,0,5_508_GbcA#0,core,0.904,0,0,0,0,[alpha]
NZ_LGIR01000023.1:5316-6612:1,WP_049861378.1,AC788_RS14950,gbcA,glycine-betaine demethylase subunit GbcA,5_508_GbcA,5,977.2,1.0,5.3e-295,NZ_LGIR01000023.1,5316,6612,1,Pseudomonas sp. RIT-PI-a,Bacteria; Pseudomonadati; Pseudomonadota; Gammaproteobacteria; Pseudomonadales; Pseudomonadaceae; Pseudomonas,0,5_508_GbcA#0,core,0.9115,0,0,0,0,[alpha]
NZ_LGSI01000005.1:95101-96400:-1,WP_065831536.1,AFK24_RS01380,gbcA,glycine-betaine demethylase subunit GbcA,5_508_GbcA,5,968.9,0.9977,1.7e-292,NZ_LGSI01000005.1,95101,96400,-1,Pseudomonas syringae,Bacteria; Pseudomonadati; Pseudomonadota; Gammaproteobacteria; Pseudomonadales; Pseudomonadaceae; Pseudomonas,0,5_508_GbcA#0,core,0.8907,0,0,0,0,[alpha]
NZ_LHPC01000056.1:137906-139202:1,WP_059407455.1,AEQ67_RS30445,gbcA,glycine-betaine demethylase subunit GbcA,5_508_GbcA,5,1000.0,0.9977,6.5e-302,NZ_LHPC01000056.1,137906,139202,1,Pseudomonas sp. RIT-PI-q,Bacteria; Pseudomonadati; Pseudomonadota; Gammaproteobacteria; Pseudomonadales; Pseudomonadaceae; Pseudomonas,0,5_508_GbcA#0,core,0.9786,0,0,0,0,[alpha]
NZ_LJPY01000129.1:1462-2761:1,WP_002555658.1,ALO78_RS06380,gbcA,glycine-betaine demethylase subunit GbcA,5_508_GbcA,5,981.6,0.9977,2.4e-296,NZ_LJPY01000129.1,1462,2761,1,Pseudomonas amygdali pv. ciccaronei,Bacteria; Pseudomonadati; Pseudomonadota; Gammaproteobacteria; Pseudomonadales; Pseudomonadaceae; Pseudomonas; Pseudomonas amygdali,0,5_508_GbcA#0,core,0.9303,0,0,0,0,[alpha]
NZ_LJQC01000407.1:1588-2887:1,WP_003393670.1,ALO75_RS09885,gbcA,glycine-betaine demethylase subunit GbcA,5_508_GbcA,5,979.9,0.9977,8.3e-296,NZ_LJQC01000407.1,1588,2887,1,Pseudomonas syringae pv. coryli,Bacteria; Pseudomonadati; Pseudomonadota; Gammaproteobacteria; Pseudomonadales; Pseudomonadaceae; Pseudomonas,0,5_508_GbcA#0,core,0.9303,0,0,0,0,[alpha]
NZ_LJQF01000088.1:19484-20783:-1,WP_002555658.1,ALO73_RS03315,gbcA,glycine-betaine demethylase subunit GbcA,5_508_GbcA,5,981.6,0.9977,2.4e-296,NZ_LJQF01000088.1,19484,20783,-1,Pseudomonas syringae pv. daphniphylli,Bacteria; Pseudomonadati; Pseudomonadota; Gammaproteobacteria; Pseudomonadales; Pseudomonadaceae; Pseudomonas; Pseudomonas syringae,0,5_508_GbcA#0,core,0.9303,0,0,0,0,[alpha]
NZ_LJQD01000065.1:29332-30631:-1,WP_057430809.1,ALO79_RS03355,gbcA,glycine-betaine demethylase subunit GbcA,5_508_GbcA,5,978.9,0.9977,1.6e-295,NZ_LJQD01000065.1,29332,30631,-1,Pseudomonas syringae pv. castaneae,Bacteria; Pseudomonadati; Pseudomonadota; Gammaproteobacteria; Pseudomonadales; Pseudomonadaceae; Pseudomonas; Pseudomonas syringae,0,5_508_GbcA#0,core,0.9303,0,0,0,0,[alpha]
NZ_LJQG01000245.1:19444-20743:-1,WP_002555658.1,ALO71_RS17215,gbcA,glycine-betaine demethylase subunit GbcA,5_508_GbcA,5,981.6,0.9977,2.4e-296,NZ_LJQG01000245.1,19444,20743,-1,Pseudomonas amygdali pv. dendropanacis,Bacteria; Pseudomonadati; Pseudomonadota; Gammaproteobacteria; Pseudomonadales; Pseudomonadaceae; Pseudomonas; Pseudomonas amygdali,0,5_508_GbcA#0,core,0.9303,0,0,0,0,[alpha]
NZ_LJQO01000403.1:1465-2764:1,WP_002555658.1,ALO53_RS17100,gbcA,glycine-betaine demethylase subunit GbcA,5_508_GbcA,5,981.6,0.9977,2.4e-296,NZ_LJQO01000403.1,1465,2764,1,Pseudomonas amygdali pv. photiniae,Bacteria; Pseudomonadati; Pseudomonadota; Gammaproteobacteria; Pseudomonadales; Pseudomonadaceae; Pseudomonas; Pseudomonas amygdali,0,5_508_GbcA#0,core,0.9303,0,0,0,0,[alpha]
NZ_LJQT01000075.1:37493-38792:1,WP_002555658.1,ALO64_RS03585,gbcA,glycine-betaine demethylase subunit GbcA,5_508_GbcA,5,981.6,0.9977,2.4e-296,NZ_LJQT01000075.1,37493,38792,1,Pseudomonas meliae,Bacteria; Pseudomonadati; Pseudomonadota; Gammaproteobacteria; Pseudomonadales; Pseudomonadaceae; Pseudomonas,0,5_508_GbcA#0,core,0.9303,0,0,0,0,[alpha]
NZ_LJRC01000010.1:4361-5660:-1,WP_057407989.1,ALO52_RS01160,gbcA,glycine-betaine demethylase subunit GbcA,5_508_GbcA,5,980.6,0.9977,5.1e-296,NZ_LJRC01000010.1,4361,5660,-1,Pseudomonas syringae pv. primulae,Bacteria; Pseudomonadati; Pseudomonadota; Gammaproteobacteria; Pseudomonadales; Pseudomonadaceae; Pseudomonas,0,5_508_GbcA#0,core,0.9357,0,0,0,0,[alpha]
NZ_LJRF01000073.1:4941-6240:1,WP_004880210.1,ALO47_RS08585,gbcA,glycine-betaine demethylase subunit GbcA,5_508_GbcA,5,980.6,0.9977,4.8e-296,NZ_LJRF01000073.1,4941,6240,1,Pseudomonas syringae pv. ribicola,Bacteria; Pseudomonadati; Pseudomonadota; Gammaproteobacteria; Pseudomonadales; Pseudomonadaceae; Pseudomonas,0,5_508_GbcA#0,core,0.9357,0,0,0,0,[alpha]
NZ_LJRP01000127.1:37929-39228:1,WP_003393670.1,ALO85_RS21670,gbcA,glycine-betaine demethylase subunit GbcA,5_508_GbcA,5,979.9,0.9977,8.3e-296,NZ_LJRP01000127.1,37929,39228,1,Pseudomonas syringae pv. aptata,Bacteria; Pseudomonadati; Pseudomonadota; Gammaproteobacteria; Pseudomonadales; Pseudomonadaceae; Pseudomonas; Pseudomonas syringae,0,5_508_GbcA#0,core,0.9303,0,0,0,0,[alpha]
NZ_LJQR01000226.1:160128-161427:1,WP_007244552.1,ALO84_RS26795,gbcA,glycine-betaine demethylase subunit GbcA,5_508_GbcA,5,977.2,0.9977,5.2e-295,NZ_LJQR01000226.1,160128,161427,1,Pseudomonas syringae pv. maculicola,Bacteria; Pseudomonadati; Pseudomonadota; Gammaproteobacteria; Pseudomonadales; Pseudomonadaceae; Pseudomonas,0,5_508_GbcA#0,core,0.9142,0,0,0,0,[alpha]
NZ_LJRR01000401.1:44179-45478:1,WP_024676573.1,ALO40_RS24850,gbcA,glycine-betaine demethylase subunit GbcA,5_508_GbcA,5,975.9,0.9977,1.3e-294,NZ_LJRR01000401.1,44179,45478,1,Pseudomonas syringae pv. viburni,Bacteria; Pseudomonadati; Pseudomonadota; Gammaproteobacteria; Pseudomonadales; Pseudomonadaceae; Pseudomonas,0,5_508_GbcA#0,core,0.9115,0,0,0,0,[alpha]
NZ_LJXB01000079.1:77264-78560:-1,WP_057398287.1,AN403_RS14905,gbcA,glycine-betaine demethylase subunit GbcA,5_508_GbcA,5,1001.5,0.9977,2.2e-302,NZ_LJXB01000079.1,77264,78560,-1,Pseudomonas fluorescens,Bacteria; Pseudomonadati; Pseudomonadota; Gammaproteobacteria; Pseudomonadales; Pseudomonadaceae; Pseudomonas,0,5_508_GbcA#0,core,0.9812,0,0,0,0,[alpha]
NZ_LJRY01000187.1:646928-648224:-1,WP_058420706.1,AOA59_RS17830,gbcA,glycine-betaine demethylase subunit GbcA,5_508_GbcA,5,1002.6,0.9977,1e-302,NZ_LJRY01000187.1,646928,648224,-1,Pseudomonas sp. 2822-15,Bacteria; Pseudomonadati; Pseudomonadota; Gammaproteobacteria; Pseudomonadales; Pseudomonadaceae; Pseudomonas,0,5_508_GbcA#0,core,0.973,0,0,0,0,[alpha]
NZ_LKBK01000112.1:1456-2752:1,WP_014720238.1,AO239_RS25445,gbcA,glycine-betaine demethylase subunit GbcA,5_508_GbcA,5,1004.5,0.9977,2.7e-303,NZ_LKBK01000112.1,1456,2752,1,Pseudomonas sp. ICMP 19500,Bacteria; Pseudomonadati; Pseudomonadota; Gammaproteobacteria; Pseudomonadales; Pseudomonadaceae; Pseudomonas,0,5_508_GbcA#0,core,0.9787,0,0,0,0,[alpha]
NZ_LKBR01000001.1:125887-127183:1,WP_058415195.1,AO240_RS00595,gbcA,glycine-betaine demethylase subunit GbcA,5_508_GbcA,5,999.0,1.0,1.2e-301,NZ_LKBR01000001.1,125887,127183,1,Pseudomonas sp. ICMP 460,Bacteria; Pseudomonadati; Pseudomonadota; Gammaproteobacteria; Pseudomonadales; Pseudomonadaceae; Pseudomonas,0,5_508_GbcA#0,core,0.9651,0,0,0,0,[alpha]
NZ_LKEF01000024.1:1428-2724:1,WP_058420706.1,AO063_RS11580,gbcA,glycine-betaine demethylase subunit GbcA,5_508_GbcA,5,1002.6,0.9977,1e-302,NZ_LKEF01000024.1,1428,2724,1,Pseudomonas fluorescens ICMP 11288,Bacteria; Pseudomonadati; Pseudomonadota; Gammaproteobacteria; Pseudomonadales; Pseudomonadaceae; Pseudomonas,0,5_508_GbcA#0,core,0.973,0,0,0,0,[alpha]
NZ_LKBT01000004.1:181674-182973:1,WP_027899826.1,AO242_RS05395,gbcA,glycine-betaine demethylase subunit GbcA,5_508_GbcA,5,960.1,0.9977,7.9e-290,NZ_LKBT01000004.1,181674,182973,1,Pseudomonas sp. ICMP 561,Bacteria; Pseudomonadati; Pseudomonadota; Gammaproteobacteria; Pseudomonadales; Pseudomonadaceae; Pseudomonas,0,5_508_GbcA#0,core,0.891,0,0,0,0,[alpha]
NZ_LKBU01000007.1:12662-13958:-1,WP_034101156.1,AO259_RS08015,gbcA,glycine-betaine demethylase subunit GbcA,5_508_GbcA,5,1004.6,0.9977,2.5e-303,NZ_LKBU01000007.1,12662,13958,-1,Pseudomonas sp. ICMP 564,Bacteria; Pseudomonadati; Pseudomonadota; Gammaproteobacteria; Pseudomonadales; Pseudomonadaceae; Pseudomonas,0,5_508_GbcA#0,core,0.9787,0,0,0,0,[alpha]
NZ_LKBY01000091.1:253045-254341:-1,WP_076962300.1,AO268_RS10885,gbcA,glycine-betaine demethylase subunit GbcA,5_508_GbcA,5,1006.7,0.9977,6.1e-304,NZ_LKBY01000091.1,253045,254341,-1,Pseudomonas sp. ICMP 8385,Bacteria; Pseudomonadati; Pseudomonadota; Gammaproteobacteria; Pseudomonadales; Pseudomonadaceae; Pseudomonas,0,5_508_GbcA#0,core,0.9733,0,0,0,0,[alpha]
NZ_LKEG01000044.1:114256-115552:1,WP_015886251.1,AO064_RS18710,gbcA,glycine-betaine demethylase subunit GbcA,5_508_GbcA,5,1006.8,1.0,5.4e-304,NZ_LKEG01000044.1,114256,115552,1,Pseudomonas marginalis,Bacteria; Pseudomonadati; Pseudomonadota; Gammaproteobacteria; Pseudomonadales; Pseudomonadaceae; Pseudomonas,0,5_508_GbcA#0,core,0.9813,0,0,0,0,[alpha]
NZ_LKKK01000012.1:205475-206774:-1,WP_058069034.1,AO726_RS15650,gbcA,glycine-betaine demethylase subunit GbcA,5_508_GbcA,5,960.8,0.9953,5.1e-290,NZ_LKKK01000012.1,205475,206774,-1,Pseudomonas sp. TTU2014-080ASC,Bacteria; Pseudomonadati; Pseudomonadota; Gammaproteobacteria; Pseudomonadales; Pseudomonadaceae; Pseudomonas,0,5_508_GbcA#0,core,0.8958,0,0,0,0,[alpha]
NZ_LLWI01000082.1:110677-111970:1,WP_059765358.1,AP060_RS19050,gbcA,glycine-betaine demethylase subunit GbcA,5_508_GbcA,5,974.9,0.9953,2.5e-294,NZ_LLWI01000082.1,110677,111970,1,Pseudomonas sp. TAD18,Bacteria; Pseudomonadati; Pseudomonadota; Gammaproteobacteria; Pseudomonadales; Pseudomonadaceae; Pseudomonas,0,5_508_GbcA#0,core,0.9245,0,0,0,0,[alpha]
NZ_LMCV01000001.1:630341-631637:-1,WP_056739087.1,ASC74_RS02915,gbcA,glycine-betaine demethylase subunit GbcA,5_508_GbcA,5,997.0,0.9977,5e-301,NZ_LMCV01000001.1,630341,631637,-1,Pseudomonas sp. Root329,Bacteria; Pseudomonadati; Pseudomonadota; Gammaproteobacteria; Pseudomonadales; Pseudomonadaceae; Pseudomonas,0,5_508_GbcA#0,core,0.9758,0,0,0,0,[alpha]
NZ_LMDO01000021.1:13751-15044:1,WP_057450500.1,ASC85_RS16430,gbcA,glycine-betaine demethylase subunit GbcA,5_508_GbcA,5,998.1,0.9907,2.3e-301,NZ_LMDO01000021.1,13751,15044,1,Pseudomonas sp. Root401,Bacteria; Pseudomonadati; Pseudomonadota; Gammaproteobacteria; Pseudomonadales; Pseudomonadaceae; Pseudomonas,0,5_508_GbcA#0,core,0.9813,0,0,0,0,[alpha]
NZ_LMGK01000012.1:28895-30191:1,WP_056853886.1,ASD60_RS10230,gbcA,glycine-betaine demethylase subunit GbcA,5_508_GbcA,5,998.9,0.9977,1.4e-301,NZ_LMGK01000012.1,28895,30191,1,Pseudomonas sp. Root562,Bacteria; Pseudomonadati; Pseudomonadota; Gammaproteobacteria; Pseudomonadales; Pseudomonadaceae; Pseudomonas,0,5_508_GbcA#0,core,0.9705,0,0,0,0,[alpha] > other > hypothetical
NZ_LMGQ01000023.1:117547-118843:1,WP_046069850.1,ASD70_RS16095,gbcA,glycine-betaine demethylase subunit GbcA,5_508_GbcA,5,1006.5,0.9977,6.7e-304,NZ_LMGQ01000023.1,117547,118843,1,Pseudomonas sp. Root569,Bacteria; Pseudomonadati; Pseudomonadota; Gammaproteobacteria; Pseudomonadales; Pseudomonadaceae; Pseudomonas,0,5_508_GbcA#0,core,0.9813,0,0,0,0,[alpha]
NZ_LMHI01000020.1:319017-320313:-1,WP_056726576.1,ASD91_RS18805,gbcA,glycine-betaine demethylase subunit GbcA,5_508_GbcA,5,1001.5,0.9977,2.2e-302,NZ_LMHI01000020.1,319017,320313,-1,Pseudomonas sp. Root68,Bacteria; Pseudomonadati; Pseudomonadota; Gammaproteobacteria; Pseudomonadales; Pseudomonadaceae; Pseudomonas,0,5_508_GbcA#0,core,0.9839,0,0,0,0,[alpha] > hypothetical
NZ_LMKI01000003.1:17023-18319:-1,WP_056857783.1,ASE80_RS04135,gbcA,glycine-betaine demethylase subunit GbcA,5_508_GbcA,5,1001.9,0.9977,1.6e-302,NZ_LMKI01000003.1,17023,18319,-1,Pseudomonas sp. Leaf15,Bacteria; Pseudomonadati; Pseudomonadota; Gammaproteobacteria; Pseudomonadales; Pseudomonadaceae; Pseudomonas,0,5_508_GbcA#0,core,0.9704,0,0,0,0,[alpha]
NZ_LMLH01000028.1:35616-36912:1,WP_060542333.1,ASE98_RS16115,gbcA,glycine-betaine demethylase subunit GbcA,5_508_GbcA,5,998.5,0.9977,1.9e-301,NZ_LMLH01000028.1,35616,36912,1,Pseudomonas sp. Leaf48,Bacteria; Pseudomonadati; Pseudomonadota; Gammaproteobacteria; Pseudomonadales; Pseudomonadaceae; Pseudomonas,0,5_508_GbcA#0,core,0.9705,0,0,0,0,[alpha]
NZ_LMLL01000015.1:140483-141776:1,WP_056805735.1,ASF02_RS25435,gbcA,glycine-betaine demethylase subunit GbcA,5_508_GbcA,5,967.3,0.9977,5.2e-292,NZ_LMLL01000015.1,140483,141776,1,Pseudomonas sp. Leaf58,Bacteria; Pseudomonadati; Pseudomonadota; Gammaproteobacteria; Pseudomonadales; Pseudomonadaceae; Pseudomonas,0,5_508_GbcA#0,core,0.8811,0,0,0,0,[alpha]
NZ_LMOA01000022.1:486571-487870:-1,WP_056840597.1,ASF84_RS20080,gbcA,glycine-betaine demethylase subunit GbcA,5_508_GbcA,5,958.4,0.9977,2.6e-289,NZ_LMOA01000022.1,486571,487870,-1,Pseudomonas sp. Leaf127,Bacteria; Pseudomonadati; Pseudomonadota; Gammaproteobacteria; Pseudomonadales; Pseudomonadaceae; Pseudomonas,0,5_508_GbcA#0,core,0.8712,0,0,0,0,[alpha]
NZ_LPNO01000053.1:111366-112662:-1,WP_076017823.1,AU074_RS30175,gbcA,glycine-betaine demethylase subunit GbcA,5_508_GbcA,5,1001.5,1.0,2.2e-302,NZ_LPNO01000053.1,111366,112662,-1,Pseudomonas sp. ATCC PTA-122608,Bacteria; Pseudomonadati; Pseudomonadota; Gammaproteobacteria; Pseudomonadales; Pseudomonadaceae; Pseudomonas,0,5_508_GbcA#0,core,0.96,0,0,0,0,[alpha]
NZ_LSTU01000023.1:7402-8695:1,WP_016714518.1,AYJ70_RS12105,gbcA,glycine-betaine demethylase subunit GbcA,5_508_GbcA,5,973.0,0.9977,1e-293,NZ_LSTU01000023.1,7402,8695,1,Pseudomonas monteilii,Bacteria; Pseudomonadati; Pseudomonadota; Gammaproteobacteria; Pseudomonadales; Pseudomonadaceae; Pseudomonas,0,5_508_GbcA#0,core,0.8892,0,0,0,0,[alpha]
NZ_LSZO01000044.1:29990-31280:-1,WP_068387553.1,AXE65_RS02295,gbcA,glycine-betaine demethylase subunit GbcA,5_508_GbcA,5,908.2,0.9767,4.7e-274,NZ_LSZO01000044.1,29990,31280,-1,Ventosimonas gracilis,Bacteria; Pseudomonadati; Pseudomonadota; Gammaproteobacteria; Pseudomonadales; Ventosimonadaceae; Ventosimonas,0,5_508_GbcA#0,core,0.8422,0,0,0,0,[alpha]
NZ_LSUZ01000018.1:40659-41952:-1,WP_064490902.1,AYO08_RS03665,gbcA,glycine-betaine demethylase subunit GbcA,5_508_GbcA,5,970.9,0.9977,4.2e-293,NZ_LSUZ01000018.1,40659,41952,-1,Pseudomonas putida,Bacteria; Pseudomonadati; Pseudomonadota; Gammaproteobacteria; Pseudomonadales; Pseudomonadaceae; Pseudomonas,0,5_508_GbcA#0,core,0.8936,0,0,0,0,[alpha]
NZ_LUCV01000031.1:49194-50484:1,WP_064303700.1,AYO28_RS18270,gbcA,glycine-betaine demethylase subunit GbcA,5_508_GbcA,5,953.8,0.9977,6.7e-288,NZ_LUCV01000031.1,49194,50484,1,Pseudomonas putida,Bacteria; Pseudomonadati; Pseudomonadota; Gammaproteobacteria; Pseudomonadales; Pseudomonadaceae; Pseudomonas,0,5_508_GbcA#0,core,0.876,0,0,0,0,[alpha]
NZ_LXJQ01000009.1:114954-116247:1,WP_069559112.1,A7D27_RS07310,gbcA,glycine-betaine demethylase subunit GbcA,5_508_GbcA,5,967.3,0.9953,5.5e-292,NZ_LXJQ01000009.1,114954,116247,1,Pseudomonas sp. 1D4,Bacteria; Pseudomonadati; Pseudomonadota; Gammaproteobacteria; Pseudomonadales; Pseudomonadaceae; Pseudomonas,0,5_508_GbcA#0,core,0.9,0,0,0,0,[alpha]
NZ_LXJP01000018.1:93310-94606:-1,WP_053258380.1,A7D21_RS14980,gbcA,glycine-betaine demethylase subunit GbcA,5_508_GbcA,5,1004.3,1.0,3.1e-303,NZ_LXJP01000018.1,93310,94606,-1,Pseudomonas sp. AP19,Bacteria; Pseudomonadati; Pseudomonadota; Gammaproteobacteria; Pseudomonadales; Pseudomonadaceae; Pseudomonas,0,5_508_GbcA#0,core,0.976,0,0,0,0,[alpha]
NZ_LXJR01000014.1:104764-106057:1,WP_069519358.1,A7D25_RS13220,gbcA,glycine-betaine demethylase subunit GbcA,5_508_GbcA,5,980.6,0.9953,4.9e-296,NZ_LXJR01000014.1,104764,106057,1,Pseudomonas sp. 21C1,Bacteria; Pseudomonadati; Pseudomonadota; Gammaproteobacteria; Pseudomonadales; Pseudomonadaceae; Pseudomonas,0,5_508_GbcA#0,core,0.9241,0,0,0,0,[alpha]
NZ_LYSO01000008.1:89868-91164:-1,WP_032894948.1,A7K61_RS05160,gbcA,glycine-betaine demethylase subunit GbcA,5_508_GbcA,5,1005.0,0.9977,2e-303,NZ_LYSO01000008.1,89868,91164,-1,Pseudomonas sp. AP42,Bacteria; Pseudomonadati; Pseudomonadota; Gammaproteobacteria; Pseudomonadales; Pseudomonadaceae; Pseudomonas,0,5_508_GbcA#0,core,0.976,0,0,0,0,[alpha]
NZ_LZCV01000005.1:97578-98871:1,WP_028688443.1,A9L43_RS01185,gbcA,glycine-betaine demethylase subunit GbcA,5_508_GbcA,5,969.4,0.9953,1.2e-292,NZ_LZCV01000005.1,97578,98871,1,Pseudomonas mosselii,Bacteria; Pseudomonadati; Pseudomonadota; Gammaproteobacteria; Pseudomonadales; Pseudomonadaceae; Pseudomonas,0,5_508_GbcA#0,core,0.8895,0,0,0,0,other > [alpha]
NZ_LZDG02000013.1:106674-107964:1,WP_054909636.1,A6723_RS00530,gbcA,glycine-betaine demethylase subunit GbcA,5_508_GbcA,5,979.0,0.986,1.5e-295,NZ_LZDG02000013.1,106674,107964,1,Pseudomonas sp. AU11447,Bacteria; Pseudomonadati; Pseudomonadota; Gammaproteobacteria; Pseudomonadales; Pseudomonadaceae; Pseudomonas,0,5_508_GbcA#0,core,0.8997,0,0,0,0,[alpha]
NZ_LZYC01000069.1:135091-136381:1,WP_009614269.1,BAE52_RS19555,gbcA,glycine-betaine demethylase subunit GbcA,5_508_GbcA,5,978.9,0.986,1.6e-295,NZ_LZYC01000069.1,135091,136381,1,Pseudomonas sp. EGD-AKN5,Bacteria; Pseudomonadati; Pseudomonadota; Gammaproteobacteria; Pseudomonadales; Pseudomonadaceae; Pseudomonas,0,5_508_GbcA#0,core,0.8997,0,0,0,0,[alpha]
NZ_MACM02000125.1:33698-34988:-1,WP_024767036.1,A9513_RS16495,gbcA,glycine-betaine demethylase subunit GbcA,5_508_GbcA,5,978.5,0.986,2.1e-295,NZ_MACM02000125.1,33698,34988,-1,Pseudomonas sp. AU12215,Bacteria; Pseudomonadati; Pseudomonadota; Gammaproteobacteria; Pseudomonadales; Pseudomonadaceae; Pseudomonas,0,5_508_GbcA#0,core,0.8997,0,0,0,0,[alpha]
NZ_MDDR01000034.1:134444-135740:1,WP_071484914.1,BFL40_RS16045,gbcA,glycine-betaine demethylase subunit GbcA,5_508_GbcA,5,1001.8,1.0,1.8e-302,NZ_MDDR01000034.1,134444,135740,1,Pseudomonas costantinii,Bacteria; Pseudomonadati; Pseudomonadota; Gammaproteobacteria; Pseudomonadales; Pseudomonadaceae; Pseudomonas,0,5_508_GbcA#0,core,0.9704,0,0,0,0,[alpha]
NZ_MDFI01000037.1:62858-64154:-1,WP_065929444.1,BFN07_RS14000,gbcA,glycine-betaine demethylase subunit GbcA,5_508_GbcA,5,1002.6,0.9977,1e-302,NZ_MDFI01000037.1,62858,64154,-1,Pseudomonas salomonii,Bacteria; Pseudomonadati; Pseudomonadota; Gammaproteobacteria; Pseudomonadales; Pseudomonadaceae; Pseudomonas,0,5_508_GbcA#0,core,0.9757,0,0,0,0,[alpha]
NZ_MDFJ01000002.1:127008-128304:1,WP_057006608.1,BFN06_RS01480,gbcA,glycine-betaine demethylase subunit GbcA,5_508_GbcA,5,1006.2,0.9977,8.3e-304,NZ_MDFJ01000002.1,127008,128304,1,Pseudomonas trivialis,Bacteria; Pseudomonadati; Pseudomonadota; Gammaproteobacteria; Pseudomonadales; Pseudomonadaceae; Pseudomonas,0,5_508_GbcA#0,core,0.9786,0,0,0,0,[alpha]
NZ_MDEN01000066.1:256138-257437:-1,WP_065991258.1,BBI10_RS19485,gbcA,glycine-betaine demethylase subunit GbcA,5_508_GbcA,5,953.4,0.9977,9e-288,NZ_MDEN01000066.1,256138,257437,-1,Pseudomonas graminis,Bacteria; Pseudomonadati; Pseudomonadota; Gammaproteobacteria; Pseudomonadales; Pseudomonadaceae; Pseudomonas,0,5_508_GbcA#0,core,0.8743,0,0,0,0,[alpha]
NZ_MKEP01000004.1:361054-362347:1,WP_069898190.1,AX279_RS02900,gbcA,glycine-betaine demethylase subunit GbcA,5_508_GbcA,5,970.1,0.9953,7.4e-293,NZ_MKEP01000004.1,361054,362347,1,Pseudomonas sp. J237,Bacteria; Pseudomonadota; Gammaproteobacteria; Pseudomonadales; Pseudomonadaceae; Pseudomonas,0,5_508_GbcA#0,core,0.903,0,0,0,0,[alpha]
NZ_MKZO01000005.1:156849-158136:1,WP_075801693.1,PSEMO_RS03080,gbcA,glycine-betaine demethylase subunit GbcA,5_508_GbcA,5,955.1,0.9953,2.8e-288,NZ_MKZO01000005.1,156849,158136,1,Pseudomonas putida,Bacteria; Pseudomonadati; Pseudomonadota; Gammaproteobacteria; Pseudomonadales; Pseudomonadaceae; Pseudomonas,0,5_508_GbcA#0,core,0.873,0,0,0,0,[alpha]
NZ_MLED01000005.1:41291-42590:1,WP_005737428.1,BKM25_RS04205,gbcA,glycine-betaine demethylase subunit GbcA,5_508_GbcA,5,976.3,0.9977,1e-294,NZ_MLED01000005.1,41291,42590,1,Pseudomonas avellanae,Bacteria; Pseudomonadati; Pseudomonadota; Gammaproteobacteria; Pseudomonadales; Pseudomonadaceae; Pseudomonas,0,5_508_GbcA#0,core,0.9142,0,0,0,0,[alpha]
NZ_MOBK01000007.1:1525-2821:1,WP_027926660.1,BK660_RS19340,gbcA,glycine-betaine demethylase subunit GbcA,5_508_GbcA,5,994.0,0.9977,4.1e-300,NZ_MOBK01000007.1,1525,2821,1,Pseudomonas brassicacearum,Bacteria; Pseudomonadati; Pseudomonadota; Gammaproteobacteria; Pseudomonadales; Pseudomonadaceae; Pseudomonas,0,5_508_GbcA#0,core,0.9677,0,0,0,0,[alpha]
NZ_MOBC01000013.1:130332-131628:1,WP_042730735.1,BK652_RS24270,gbcA,glycine-betaine demethylase subunit GbcA,5_508_GbcA,5,1001.9,0.9977,1.6e-302,NZ_MOBC01000013.1,130332,131628,1,Pseudomonas brassicacearum,Bacteria; Pseudomonadati; Pseudomonadota; Gammaproteobacteria; Pseudomonadales; Pseudomonadaceae; Pseudomonas,0,5_508_GbcA#0,core,0.976,0,0,0,0,[alpha]
NZ_MOCA01000001.1:641465-642761:-1,WP_039757637.1,BK674_RS03080,gbcA,glycine-betaine demethylase subunit GbcA,5_508_GbcA,5,1001.6,0.9977,2.1e-302,NZ_MOCA01000001.1,641465,642761,-1,Pseudomonas moraviensis,Bacteria; Pseudomonadati; Pseudomonadota; Gammaproteobacteria; Pseudomonadales; Pseudomonadaceae; Pseudomonas,0,5_508_GbcA#0,core,0.984,0,0,0,0,[alpha]
NZ_MOBX01000016.1:132291-133587:1,WP_016772823.1,BK670_RS26220,gbcA,glycine-betaine demethylase subunit GbcA,5_508_GbcA,5,1001.4,0.9977,2.4e-302,NZ_MOBX01000016.1,132291,133587,1,Pseudomonas fluorescens,Bacteria; Pseudomonadati; Pseudomonadota; Gammaproteobacteria; Pseudomonadales; Pseudomonadaceae; Pseudomonas,0,5_508_GbcA#0,core,0.9813,0,0,0,0,[alpha]
NZ_MOBY01000009.1:32438-33734:-1,WP_007911229.1,BK672_RS16000,gbcA,glycine-betaine demethylase subunit GbcA,5_508_GbcA,5,1001.4,0.9977,2.5e-302,NZ_MOBY01000009.1,32438,33734,-1,Pseudomonas fluorescens,Bacteria; Pseudomonadati; Pseudomonadota; Gammaproteobacteria; Pseudomonadales; Pseudomonadaceae; Pseudomonas,0,5_508_GbcA#0,core,0.984,0,0,0,0,[alpha]
NZ_MOBZ01000010.1:23234-24530:-1,WP_064388154.1,BK673_RS14325,gbcA,glycine-betaine demethylase subunit GbcA,5_508_GbcA,5,999.0,0.9977,1.2e-301,NZ_MOBZ01000010.1,23234,24530,-1,Pseudomonas fluorescens,Bacteria; Pseudomonadati; Pseudomonadota; Gammaproteobacteria; Pseudomonadales; Pseudomonadaceae; Pseudomonas,0,5_508_GbcA#0,core,0.9812,0,0,0,0,[alpha]
NZ_MOBN01000013.1:133583-134879:1,WP_030128547.1,BK663_RS05130,gbcA,glycine-betaine demethylase subunit GbcA,5_508_GbcA,5,1001.3,0.9977,2.6e-302,NZ_MOBN01000013.1,133583,134879,1,Pseudomonas lini,Bacteria; Pseudomonadati; Pseudomonadota; Gammaproteobacteria; Pseudomonadales; Pseudomonadaceae; Pseudomonas,0,5_508_GbcA#0,core,0.9704,0,0,0,0,[alpha]
NZ_MPJD01000019.1:111660-112953:1,WP_073509819.1,BOH74_RS13765,gbcA,glycine-betaine demethylase subunit GbcA,5_508_GbcA,5,988.6,0.9953,1.9e-298,NZ_MPJD01000019.1,111660,112953,1,Pseudomonas versuta,Bacteria; Pseudomonadati; Pseudomonadota; Gammaproteobacteria; Pseudomonadales; Pseudomonadaceae; Pseudomonas,0,5_508_GbcA#0,core,0.9409,0,0,0,0,[alpha]
NZ_MSDL01000080.1:135989-137285:1,WP_032894948.1,BFW90_RS23795,gbcA,glycine-betaine demethylase subunit GbcA,5_508_GbcA,5,1005.0,0.9977,2e-303,NZ_MSDL01000080.1,135989,137285,1,Pseudomonas fluorescens,Bacteria; Pseudomonadati; Pseudomonadota; Gammaproteobacteria; Pseudomonadales; Pseudomonadaceae; Pseudomonas,0,5_508_GbcA#0,core,0.976,0,0,0,0,[alpha]
NZ_MSCT01000025.1:218064-219360:-1,WP_075122703.1,BTN82_RS30485,gbcA,glycine-betaine demethylase subunit GbcA,5_508_GbcA,5,1004.4,0.9977,2.9e-303,NZ_MSCT01000025.1,218064,219360,-1,Pseudomonas chlororaphis,Bacteria; Pseudomonadati; Pseudomonadota; Gammaproteobacteria; Pseudomonadales; Pseudomonadaceae; Pseudomonas,0,5_508_GbcA#0,core,0.9814,0,0,0,0,[alpha]
NZ_MSXV01000009.1:3069-4362:1,WP_075959893.1,BVH03_RS03365,gbcA,glycine-betaine demethylase subunit GbcA,5_508_GbcA,5,955.8,0.9977,1.7e-288,NZ_MSXV01000009.1,3069,4362,1,Pseudomonas sp. PA15(2017),Bacteria; Pseudomonadati; Pseudomonadota; Gammaproteobacteria; Pseudomonadales; Pseudomonadaceae; Pseudomonas,0,5_508_GbcA#0,core,0.869,0,0,0,0,[alpha]
NZ_MSXW01000012.1:175783-177076:1,WP_075933531.1,BVH06_RS06105,gbcA,glycine-betaine demethylase subunit GbcA,5_508_GbcA,5,952.5,0.9977,1.6e-287,NZ_MSXW01000012.1,175783,177076,1,Pseudomonas sp. PA27(2017),Bacteria; Pseudomonadati; Pseudomonadota; Gammaproteobacteria; Pseudomonadales; Pseudomonadaceae; Pseudomonas,0,5_508_GbcA#0,core,0.8636,0,0,0,0,[alpha]
NZ_MUOA01000054.1:62285-63578:-1,WP_018612395.1,B0E42_RS10925,gbcA,glycine-betaine demethylase subunit GbcA,5_508_GbcA,5,1002.3,0.9907,1.3e-302,NZ_MUOA01000054.1,62285,63578,-1,Pseudomonas sp. A25(2017),Bacteria; Pseudomonadati; Pseudomonadota; Gammaproteobacteria; Pseudomonadales; Pseudomonadaceae; Pseudomonas,0,5_508_GbcA#0,core,0.9813,0,0,0,0,[alpha]
NZ_MTLN01000002.1:531914-533207:-1,WP_027600530.1,BVL52_RS03485,gbcA,glycine-betaine demethylase subunit GbcA,5_508_GbcA,5,935.9,0.9884,1.8e-282,NZ_MTLN01000002.1,531914,533207,-1,Pseudomonas oryzihabitans,Bacteria; Pseudomonadati; Pseudomonadota; Gammaproteobacteria; Pseudomonadales; Pseudomonadaceae; Pseudomonas,0,5_508_GbcA#0,core,0.8519,0,0,0,0,[alpha]
NZ_NBMS01000055.1:9808-11098:1,WP_003453757.1,B6S59_RS28405,gbcA,glycine-betaine demethylase subunit GbcA,5_508_GbcA,5,980.2,0.9953,6.6e-296,NZ_NBMS01000055.1,9808,11098,1,Pseudomonas sp. A46,Bacteria; Pseudomonadota; Gammaproteobacteria; Pseudomonadales; Pseudomonadaceae; Pseudomonas,0,5_508_GbcA#0,core,0.9037,0,0,0,0,[alpha]
NZ_MZZJ01000006.1:92695-93991:-1,WP_057702201.1,B4O85_RS16635,gbcA,glycine-betaine demethylase subunit GbcA,5_508_GbcA,5,1005.9,0.9977,1e-303,NZ_MZZJ01000006.1,92695,93991,-1,Pseudomonas azotoformans,Bacteria; Pseudomonadati; Pseudomonadota; Gammaproteobacteria; Pseudomonadales; Pseudomonadaceae; Pseudomonas,0,5_508_GbcA#0,core,0.9786,0,0,0,0,[alpha]
NZ_NFSA01000053.1:10102-11395:-1,WP_043863625.1,B8W70_RS07495,gbcA,glycine-betaine demethylase subunit GbcA,5_508_GbcA,5,986.6,0.9977,7.3e-298,NZ_NFSA01000053.1,10102,11395,-1,Pseudomonas sp. 1239,Bacteria; Pseudomonadati; Pseudomonadota; Gammaproteobacteria; Pseudomonadales; Pseudomonadaceae; Pseudomonas,0,5_508_GbcA#0,core,0.9301,0,0,0,0,[alpha]
NZ_NIWU01000003.1:562839-564135:-1,WP_020796067.1,PSUM_RS19235,gbcA,glycine-betaine demethylase subunit GbcA,5_508_GbcA,5,998.1,0.9977,2.4e-301,NZ_NIWU01000003.1,562839,564135,-1,Pseudomonas umsongensis,Bacteria; Pseudomonadati; Pseudomonadota; Gammaproteobacteria; Pseudomonadales; Pseudomonadaceae; Pseudomonas,0,5_508_GbcA#0,core,0.9705,0,0,0,0,[alpha]
NZ_NIQV01000011.1:93133-94426:-1,WP_074917417.1,CDR19_RS17740,gbcA,glycine-betaine demethylase subunit GbcA,5_508_GbcA,5,977.8,0.9977,3.6e-295,NZ_NIQV01000011.1,93133,94426,-1,Ectopseudomonas toyotomiensis,Bacteria; Pseudomonadati; Pseudomonadota; Gammaproteobacteria; Pseudomonadales; Pseudomonadaceae; Ectopseudomonas,0,5_508_GbcA#0,core,0.8987,0,0,0,0,[alpha]
NZ_NQYB01000032.1:31494-32793:-1,WP_004415612.1,CCL24_RS12270,gbcA,glycine-betaine demethylase subunit GbcA,5_508_GbcA,5,980.5,0.9977,5.2e-296,NZ_NQYB01000032.1,31494,32793,-1,Pseudomonas congelans,Bacteria; Pseudomonadati; Pseudomonadota; Gammaproteobacteria; Pseudomonadales; Pseudomonadaceae; Pseudomonas,0,5_508_GbcA#0,core,0.933,0,0,0,0,[alpha]
NZ_NTME01000008.1:290761-292054:-1,WP_013970512.1,CMV24_RS11365,gbcA,glycine-betaine demethylase subunit GbcA,5_508_GbcA,5,971.8,0.9977,2.3e-293,NZ_NTME01000008.1,290761,292054,-1,Pseudomonas plecoglossicida,Bacteria; Pseudomonadati; Pseudomonadota; Gammaproteobacteria; Pseudomonadales; Pseudomonadaceae; Pseudomonas,0,5_508_GbcA#0,core,0.8853,0,0,0,0,[alpha]
NZ_NWCB01000001.1:18986-20279:1,WP_010221346.1,COO64_RS00090,gbcA,glycine-betaine demethylase subunit GbcA,5_508_GbcA,5,998.5,0.9977,1.9e-301,NZ_NWCB01000001.1,18986,20279,1,Pseudomonas donghuensis,Bacteria; Pseudomonadati; Pseudomonadota; Gammaproteobacteria; Pseudomonadales; Pseudomonadaceae; Pseudomonas,0,5_508_GbcA#0,core,0.9493,0,0,0,0,[alpha]
NZ_PCQM01000042.1:12707-14003:1,WP_027617095.1,CQZ98_RS27415,gbcA,glycine-betaine demethylase subunit GbcA,5_508_GbcA,5,996.5,0.9977,7.4e-301,NZ_PCQM01000042.1,12707,14003,1,Pseudomonas sp. MYb115,Bacteria; Pseudomonadati; Pseudomonadota; Gammaproteobacteria; Pseudomonadales; Pseudomonadaceae; Pseudomonas,0,5_508_GbcA#0,core,0.981,0,0,0,0,[alpha]
NZ_PCOA01000004.1:192948-194241:-1,WP_028942237.1,CQ065_RS06055,gbcA,glycine-betaine demethylase subunit GbcA,5_508_GbcA,5,995.0,0.9977,2.1e-300,NZ_PCOA01000004.1,192948,194241,-1,Pseudomonas sp. MYb187,Bacteria; Pseudomonadati; Pseudomonadota; Gammaproteobacteria; Pseudomonadales; Pseudomonadaceae; Pseudomonas,0,5_508_GbcA#0,core,0.9488,0,0,0,0,hypothetical > [alpha]
NZ_PCPN01000014.1:84231-85527:-1,WP_064388154.1,CQ025_RS21475,gbcA,glycine-betaine demethylase subunit GbcA,5_508_GbcA,5,999.0,0.9977,1.2e-301,NZ_PCPN01000014.1,84231,85527,-1,Pseudomonas sp. MYb3,Bacteria; Pseudomonadati; Pseudomonadota; Gammaproteobacteria; Pseudomonadales; Pseudomonadaceae; Pseudomonas,0,5_508_GbcA#0,core,0.9812,0,0,0,0,[alpha]
NZ_PCQE01000006.1:86788-88084:-1,WP_032894948.1,CQ006_RS06165,gbcA,glycine-betaine demethylase subunit GbcA,5_508_GbcA,5,1005.0,0.9977,2e-303,NZ_PCQE01000006.1,86788,88084,-1,Pseudomonas cedrina,Bacteria; Pseudomonadati; Pseudomonadota; Gammaproteobacteria; Pseudomonadales; Pseudomonadaceae; Pseudomonas,0,5_508_GbcA#0,core,0.976,0,0,0,0,[alpha]
NZ_PCQI01000001.1:626134-627430:-1,WP_034109788.1,CQ002_RS02935,gbcA,glycine-betaine demethylase subunit GbcA,5_508_GbcA,5,1003.1,1.0,7.1e-303,NZ_PCQI01000001.1,626134,627430,-1,Pseudomonas sp. MYb13,Bacteria; Pseudomonadati; Pseudomonadota; Gammaproteobacteria; Pseudomonadales; Pseudomonadaceae; Pseudomonas,0,5_508_GbcA#0,core,0.9733,0,0,0,0,[alpha]
NZ_PHNR01000034.1:692-1985:-1,WP_016393306.1,AM591_RS14570,gbcA,glycine-betaine demethylase subunit GbcA,5_508_GbcA,5,972.9,0.9977,1.1e-293,NZ_PHNR01000034.1,692,1985,-1,Pseudomonas plecoglossicida,Bacteria; Pseudomonadati; Pseudomonadota; Gammaproteobacteria; Pseudomonadales; Pseudomonadaceae; Pseudomonas,0,5_508_GbcA#0,core,0.8841,0,0,0,0,[alpha]
NZ_PIJT01000032.1:62312-63605:-1,WP_003255692.1,CQW32_RS25105,gbcA,glycine-betaine demethylase subunit GbcA,5_508_GbcA,5,974.3,0.9977,3.9e-294,NZ_PIJT01000032.1,62312,63605,-1,Pseudomonas putida,Bacteria; Pseudomonadati; Pseudomonadota; Gammaproteobacteria; Pseudomonadales; Pseudomonadaceae; Pseudomonas,0,5_508_GbcA#0,core,0.8925,0,0,0,0,[alpha]
NZ_PISI01000033.1:35011-36301:-1,WP_009614269.1,CW310_RS24240,gbcA,glycine-betaine demethylase subunit GbcA,5_508_GbcA,5,978.9,0.986,1.6e-295,NZ_PISI01000033.1,35011,36301,-1,Pseudomonas citronellolis,Bacteria; Pseudomonadati; Pseudomonadota; Gammaproteobacteria; Pseudomonadales; Pseudomonadaceae; Pseudomonas,0,5_508_GbcA#0,core,0.8997,0,0,0,0,[alpha]
NZ_PJCG01000072.1:146751-148044:1,WP_021782651.1,CXB65_RS24120,gbcA,glycine-betaine demethylase subunit GbcA,5_508_GbcA,5,972.5,0.9977,1.4e-293,NZ_PJCG01000072.1,146751,148044,1,Pseudomonas monteilii,Bacteria; Pseudomonadati; Pseudomonadota; Gammaproteobacteria; Pseudomonadales; Pseudomonadaceae; Pseudomonas,0,5_508_GbcA#0,core,0.8925,0,0,0,0,[alpha]
NZ_PJQP01000010.1:57244-58537:-1,WP_015268653.1,CX682_RS16075,gbcA,glycine-betaine demethylase subunit GbcA,5_508_GbcA,5,971.8,0.9977,2.3e-293,NZ_PJQP01000010.1,57244,58537,-1,Pseudomonas sp. FFUP_PS_41,Bacteria; Pseudomonadati; Pseudomonadota; Gammaproteobacteria; Pseudomonadales; Pseudomonadaceae; Pseudomonas,0,5_508_GbcA#0,core,0.8952,0,0,0,0,[alpha]
NZ_PJBC01000065.1:128741-130037:1,WP_039757637.1,CXF97_RS22100,gbcA,glycine-betaine demethylase subunit GbcA,5_508_GbcA,5,1001.6,0.9977,2.1e-302,NZ_PJBC01000065.1,128741,130037,1,Pseudomonas sp. Choline-02u-1,Bacteria; Pseudomonadati; Pseudomonadota; Gammaproteobacteria; Pseudomonadales; Pseudomonadaceae; Pseudomonas,0,5_508_GbcA#0,core,0.984,0,0,0,0,[alpha]
NZ_PJBG01000013.1:64575-65865:1,WP_064481462.1,CXF92_RS02560,gbcA,glycine-betaine demethylase subunit GbcA,5_508_GbcA,5,974.6,0.9953,3.3e-294,NZ_PJBG01000013.1,64575,65865,1,Pseudomonas sp. Choline-3u-10,Bacteria; Pseudomonadati; Pseudomonadota; Gammaproteobacteria; Pseudomonadales; Pseudomonadaceae; Pseudomonas,0,5_508_GbcA#0,core,0.92,0,0,0,0,[alpha]
NZ_PODW01000063.1:16481-17777:-1,WP_003216945.1,C1X83_RS26185,gbcA,glycine-betaine demethylase subunit GbcA,5_508_GbcA,5,1002.2,1.0,1.4e-302,NZ_PODW01000063.1,16481,17777,-1,Pseudomonas sp. GP01-A4,Bacteria; Pseudomonadati; Pseudomonadota; Gammaproteobacteria; Pseudomonadales; Pseudomonadaceae; Pseudomonas,0,5_508_GbcA#0,core,0.9627,0,0,0,0,[alpha]
NZ_PKKS01000024.1:208148-209444:-1,WP_015886251.1,QCBJ_RS26045,gbcA,glycine-betaine demethylase subunit GbcA,5_508_GbcA,5,1006.8,1.0,5.4e-304,NZ_PKKS01000024.1,208148,209444,-1,Pseudomonas sp. QC2,Bacteria; Pseudomonadati; Pseudomonadota; Gammaproteobacteria; Pseudomonadales; Pseudomonadaceae; Pseudomonas,0,5_508_GbcA#0,core,0.9813,0,0,0,0,[alpha]
NZ_POFS01000120.1:7780-9076:1,WP_024077790.1,C1Y25_RS28845,gbcA,glycine-betaine demethylase subunit GbcA,5_508_GbcA,5,1006.7,0.9977,5.9e-304,NZ_POFS01000120.1,7780,9076,1,Pseudomonas sp. MPBC4-3,Bacteria; Pseudomonadati; Pseudomonadota; Gammaproteobacteria; Pseudomonadales; Pseudomonadaceae; Pseudomonas,0,5_508_GbcA#0,core,0.9813,0,0,0,0,[alpha]
NZ_POEC01000089.1:10983-12276:-1,WP_017847882.1,C1Y27_RS29960,gbcA,glycine-betaine demethylase subunit GbcA,5_508_GbcA,5,1003.0,0.9977,7.9e-303,NZ_POEC01000089.1,10983,12276,-1,Pseudomonas sp. GW704-F2,Bacteria; Pseudomonadati; Pseudomonadota; Gammaproteobacteria; Pseudomonadales; Pseudomonadaceae; Pseudomonas,0,5_508_GbcA#0,core,0.9627,0,0,0,0,[alpha]
NZ_POEZ01000033.1:36181-37477:1,WP_010467026.1,C1X44_RS23295,gbcA,glycine-betaine demethylase subunit GbcA,5_508_GbcA,5,994.9,0.9977,2.3e-300,NZ_POEZ01000033.1,36181,37477,1,Pseudomonas sp. MPR-AND1A,Bacteria; Pseudomonadati; Pseudomonadota; Gammaproteobacteria; Pseudomonadales; Pseudomonadaceae; Pseudomonas,0,5_508_GbcA#0,core,0.9732,0,0,0,0,[alpha]
NZ_PODM01000007.1:128016-129312:1,WP_074871505.1,C1Y10_RS07150,gbcA,glycine-betaine demethylase subunit GbcA,5_508_GbcA,5,999.9,0.9977,6.7e-302,NZ_PODM01000007.1,128016,129312,1,Pseudomonas sp. FW305-122,Bacteria; Pseudomonadati; Pseudomonadota; Gammaproteobacteria; Pseudomonadales; Pseudomonadaceae; Pseudomonas,0,5_508_GbcA#0,core,0.9785,0,0,0,0,[alpha]
NZ_POHR01000059.1:18712-20008:-1,WP_057712996.1,C1X63_RS27110,gbcA,glycine-betaine demethylase subunit GbcA,5_508_GbcA,5,1003.9,0.9977,4e-303,NZ_POHR01000059.1,18712,20008,-1,Pseudomonas sp. FW305-131,Bacteria; Pseudomonadati; Pseudomonadota; Gammaproteobacteria; Pseudomonadales; Pseudomonadaceae; Pseudomonas,0,5_508_GbcA#0,core,0.9866,0,0,0,0,[alpha]
NZ_POHK01000015.1:32982-34278:-1,WP_054594374.1,C1X97_RS16775,gbcA,glycine-betaine demethylase subunit GbcA,5_508_GbcA,5,988.8,0.9977,1.6e-298,NZ_POHK01000015.1,32982,34278,-1,Pseudomonas sp. FW306-2-11AA,Bacteria; Pseudomonadati; Pseudomonadota; Gammaproteobacteria; Pseudomonadales; Pseudomonadaceae; Pseudomonas,0,5_508_GbcA#0,core,0.9543,0,0,0,0,[alpha]
NZ_PPRZ01000062.1:20831-22124:-1,WP_060740294.1,C1892_RS15810,gbcA,glycine-betaine demethylase subunit GbcA,5_508_GbcA,5,999.4,0.9907,9.7e-302,NZ_PPRZ01000062.1,20831,22124,-1,Pseudomonas sp. MPBD7-1,Bacteria; Pseudomonadati; Pseudomonadota; Gammaproteobacteria; Pseudomonadales; Pseudomonadaceae; Pseudomonas,0,5_508_GbcA#0,core,0.984,0,0,0,0,[alpha]
NZ_POUW01000005.1:341475-342765:-1,WP_021209813.1,CXL00_RS14685,gbcA,glycine-betaine demethylase subunit GbcA,5_508_GbcA,5,976.0,0.9953,1.2e-294,NZ_POUW01000005.1,341475,342765,-1,Stutzerimonas stutzeri,Bacteria; Pseudomonadati; Pseudomonadota; Gammaproteobacteria; Pseudomonadales; Pseudomonadaceae; Stutzerimonas,0,5_508_GbcA#0,core,0.9198,0,0,0,0,[alpha]
NZ_PVUH01000001.1:368866-370162:-1,WP_014720238.1,C7A10_RS01775,gbcA,glycine-betaine demethylase subunit GbcA,5_508_GbcA,5,1004.5,0.9977,2.7e-303,NZ_PVUH01000001.1,368866,370162,-1,Pseudomonas fluorescens,Bacteria; Pseudomonadati; Pseudomonadota; Gammaproteobacteria; Pseudomonadales; Pseudomonadaceae; Pseudomonas,0,5_508_GbcA#0,core,0.9787,0,0,0,0,[alpha]
NZ_PYWW01000047.1:142412-143708:-1,WP_065904777.1,C9382_RS20610,gbcA,glycine-betaine demethylase subunit GbcA,5_508_GbcA,5,1008.7,1.0,0.0,NZ_PYWW01000047.1,142412,143708,-1,Pseudomonas aylmerensis,Bacteria; Pseudomonadati; Pseudomonadota; Gammaproteobacteria; Pseudomonadales; Pseudomonadaceae; Pseudomonas,0,5_508_GbcA#0,core,0.9893,0,0,0,0,[alpha]
NZ_PYJM01000003.1:690281-691577:-1,WP_060841446.1,C5U62_RS16360,gbcA,glycine-betaine demethylase subunit GbcA,5_508_GbcA,5,1000.3,0.9953,5e-302,NZ_PYJM01000003.1,690281,691577,-1,Pseudomonas protegens,Bacteria; Pseudomonadati; Pseudomonadota; Gammaproteobacteria; Pseudomonadales; Pseudomonadaceae; Pseudomonas,0,5_508_GbcA#0,core,0.9707,0,0,0,0,[alpha]
NZ_PYUK01000016.1:136492-137788:1,WP_007975514.1,C9422_RS23295,gbcA,glycine-betaine demethylase subunit GbcA,5_508_GbcA,5,1003.7,0.9977,4.8e-303,NZ_PYUK01000016.1,136492,137788,1,Pseudomonas sp. B1(2018),Bacteria; Pseudomonadati; Pseudomonadota; Gammaproteobacteria; Pseudomonadales; Pseudomonadaceae; Pseudomonas,0,5_508_GbcA#0,core,0.9839,0,0,0,0,[alpha]
NZ_QAJM01000018.1:77081-78377:1,WP_015886251.1,DBR46_RS17500,gbcA,glycine-betaine demethylase subunit GbcA,5_508_GbcA,5,1006.8,1.0,5.4e-304,NZ_QAJM01000018.1,77081,78377,1,Pseudomonas sp. KBW05,Bacteria; Pseudomonadati; Pseudomonadota; Gammaproteobacteria; Pseudomonadales; Pseudomonadaceae; Pseudomonas,0,5_508_GbcA#0,core,0.9813,0,0,0,0,[alpha]
NZ_QBIZ02000004.1:74085-75378:1,WP_027598760.1,DBY63_RS07875,gbcA,glycine-betaine demethylase subunit GbcA,5_508_GbcA,5,934.1,0.9884,6.3e-282,NZ_QBIZ02000004.1,74085,75378,1,Pseudomonas sp. RIT411,Bacteria; Pseudomonadati; Pseudomonadota; Gammaproteobacteria; Pseudomonadales; Pseudomonadaceae; Pseudomonas,0,5_508_GbcA#0,core,0.8492,0,0,0,0,[alpha]
NZ_QGGS01000004.1:136210-137506:1,WP_046029875.1,C7534_RS09160,gbcA,glycine-betaine demethylase subunit GbcA,5_508_GbcA,5,1001.9,0.9977,1.6e-302,NZ_QGGS01000004.1,136210,137506,1,Pseudomonas sp. OV226,Bacteria; Pseudomonadati; Pseudomonadota; Gammaproteobacteria; Pseudomonadales; Pseudomonadaceae; Pseudomonas,0,5_508_GbcA#0,core,0.9866,0,0,0,0,[alpha]
NZ_QGAJ01000001.1:614152-615448:-1,WP_065949497.1,PspCFBP13528_RS02900,gbcA,glycine-betaine demethylase subunit GbcA,5_508_GbcA,5,1004.6,0.9977,2.6e-303,NZ_QGAJ01000001.1,614152,615448,-1,Pseudomonas sp. CFBP13528,Bacteria; Pseudomonadati; Pseudomonadota; Gammaproteobacteria; Pseudomonadales; Pseudomonadaceae; Pseudomonas,0,5_508_GbcA#0,core,0.9786,0,0,0,0,[alpha]
NZ_QJOV01000012.1:162744-164037:-1,WP_010951677.1,DM483_RS16705,gbcA,glycine-betaine demethylase subunit GbcA,5_508_GbcA,5,971.1,0.9977,3.8e-293,NZ_QJOV01000012.1,162744,164037,-1,Pseudomonas sp. SMT-1,Bacteria; Pseudomonadati; Pseudomonadota; Gammaproteobacteria; Pseudomonadales; Pseudomonadaceae; Pseudomonas,0,5_508_GbcA#0,core,0.8936,0,0,0,0,[alpha]
NZ_QLYU01000011.1:48402-49695:1,WP_021490393.1,DP092_RS14395,gbcA,glycine-betaine demethylase subunit GbcA,5_508_GbcA,5,976.9,0.9977,6.3e-295,NZ_QLYU01000011.1,48402,49695,1,Pseudomonas sp. MDMC224,Bacteria; Pseudomonadota; Gammaproteobacteria; Pseudomonadales; Pseudomonadaceae; Pseudomonas,0,5_508_GbcA#0,core,0.8987,0,0,0,0,[alpha]
NZ_QRAV01000008.1:186509-187805:-1,WP_042561455.1,DEU51_RS14525,gbcA,glycine-betaine demethylase subunit GbcA,5_508_GbcA,5,996.7,0.9977,6.5e-301,NZ_QRAV01000008.1,186509,187805,-1,Pseudomonas jessenii,Bacteria; Pseudomonadati; Pseudomonadota; Gammaproteobacteria; Pseudomonadales; Pseudomonadaceae; Pseudomonas,0,5_508_GbcA#0,core,0.9759,0,0,0,0,[alpha]
NZ_QRBA01000001.1:489837-491133:-1,WP_027605984.1,DL347_RS02310,gbcA,glycine-betaine demethylase subunit GbcA,5_508_GbcA,5,1007.7,0.9977,0.0,NZ_QRBA01000001.1,489837,491133,-1,Pseudomonas fluorescens,Bacteria; Pseudomonadati; Pseudomonadota; Gammaproteobacteria; Pseudomonadales; Pseudomonadaceae; Pseudomonas,0,5_508_GbcA#0,core,0.984,0,0,0,0,[alpha]
NZ_QRDL01000004.1:109024-110323:1,WP_042135026.1,DFO60_RS13470,gbcA,glycine-betaine demethylase subunit GbcA,5_508_GbcA,5,934.4,0.986,5.1e-282,NZ_QRDL01000004.1,109024,110323,1,Ectopseudomonas oleovorans,Bacteria; Pseudomonadati; Pseudomonadota; Gammaproteobacteria; Pseudomonadales; Pseudomonadaceae; Ectopseudomonas,0,5_508_GbcA#0,core,0.8541,0,0,0,0,[alpha] > other > hydrolase > hypothetical
NZ_QWLL01000005.1:205823-207116:-1,WP_012270112.1,D0894_RS01595,gbcA,glycine-betaine demethylase subunit GbcA,5_508_GbcA,5,976.1,0.9977,1.1e-294,NZ_QWLL01000005.1,205823,207116,-1,Pseudomonas monteilii,Bacteria; Pseudomonadati; Pseudomonadota; Gammaproteobacteria; Pseudomonadales; Pseudomonadaceae; Pseudomonas,0,5_508_GbcA#0,core,0.8952,0,0,0,0,[alpha]
NZ_RBNM01000221.1:1594-2893:1,WP_002555658.1,ALR00_RS11180,gbcA,glycine-betaine demethylase subunit GbcA,5_508_GbcA,5,981.6,0.9977,2.4e-296,NZ_RBNM01000221.1,1594,2893,1,Pseudomonas savastanoi pv. retacarpa,Bacteria; Pseudomonadati; Pseudomonadota; Gammaproteobacteria; Pseudomonadales; Pseudomonadaceae; Pseudomonas,0,5_508_GbcA#0,core,0.9303,0,0,0,0,[alpha]
NZ_RBNV01000095.1:3469-4768:1,WP_003393670.1,ALQ91_RS11810,gbcA,glycine-betaine demethylase subunit GbcA,5_508_GbcA,5,979.9,0.9977,8.3e-296,NZ_RBNV01000095.1,3469,4768,1,Pseudomonas syringae pv. syringae,Bacteria; Pseudomonadati; Pseudomonadota; Gammaproteobacteria; Pseudomonadales; Pseudomonadaceae; Pseudomonas; Pseudomonas syringae,0,5_508_GbcA#0,core,0.9303,0,0,0,0,[alpha]
NZ_RBOA01000026.1:1465-2764:1,WP_057421184.1,ALQ86_RS01100,gbcA,glycine-betaine demethylase subunit GbcA,5_508_GbcA,5,979.1,0.9977,1.4e-295,NZ_RBOA01000026.1,1465,2764,1,Pseudomonas amygdali pv. eriobotryae,Bacteria; Pseudomonadati; Pseudomonadota; Gammaproteobacteria; Pseudomonadales; Pseudomonadaceae; Pseudomonas; Pseudomonas amygdali,0,5_508_GbcA#0,core,0.9249,0,0,0,0,[alpha]
NZ_RBNS01000210.1:139781-141080:-1,WP_005737428.1,ALQ94_RS18440,gbcA,glycine-betaine demethylase subunit GbcA,5_508_GbcA,5,976.3,0.9977,1e-294,NZ_RBNS01000210.1,139781,141080,-1,Pseudomonas amygdali pv. morsprunorum,Bacteria; Pseudomonadati; Pseudomonadota; Gammaproteobacteria; Pseudomonadales; Pseudomonadaceae; Pseudomonas; Pseudomonas amygdali,0,5_508_GbcA#0,core,0.9142,0,0,0,0,[alpha]
NZ_QZGE01000031.1:7541-8831:1,WP_003096766.1,ELY47_RS27640,gbcA,glycine-betaine demethylase subunit GbcA,5_508_GbcA,5,989.6,0.9953,9e-299,NZ_QZGE01000031.1,7541,8831,1,Pseudomonas aeruginosa PAO1,Bacteria; Pseudomonadati; Pseudomonadota; Gammaproteobacteria; Pseudomonadales; Pseudomonadaceae; Pseudomonas,0,5_508_GbcA#0,core,0.9008,0,0,0,0,[alpha]
NZ_RBOJ01000090.1:25761-27057:-1,WP_024779451.1,ALQ77_RS19010,gbcA,glycine-betaine demethylase subunit GbcA,5_508_GbcA,5,996.2,0.9977,9e-301,NZ_RBOJ01000090.1,25761,27057,-1,Pseudomonas corrugata,Bacteria; Pseudomonadati; Pseudomonadota; Gammaproteobacteria; Pseudomonadales; Pseudomonadaceae; Pseudomonas,0,5_508_GbcA#0,core,0.9728,0,0,0,0,[alpha]
NZ_RBOV01000109.1:24376-25684:1,WP_054088021.1,ALQ65_RS07455,gbcA,glycine-betaine demethylase subunit GbcA,5_508_GbcA,5,976.1,0.9977,1.1e-294,NZ_RBOV01000109.1,24376,25684,1,Pseudomonas syringae pv. coriandricola,Bacteria; Pseudomonadati; Pseudomonadota; Gammaproteobacteria; Pseudomonadales; Pseudomonadaceae; Pseudomonas,0,5_508_GbcA#0,core,0.904,0,0,0,0,[alpha]
NZ_RBQO01000922.1:14897-16196:-1,WP_003393670.1,ALQ20_RS22845,gbcA,glycine-betaine demethylase subunit GbcA,5_508_GbcA,5,979.9,0.9977,8.3e-296,NZ_RBQO01000922.1,14897,16196,-1,Pseudomonas syringae pv. atrofaciens,Bacteria; Pseudomonadati; Pseudomonadota; Gammaproteobacteria; Pseudomonadales; Pseudomonadaceae; Pseudomonas; Pseudomonas syringae,0,5_508_GbcA#0,core,0.9303,0,0,0,0,[alpha]
NZ_RBRA01000158.1:8402-9701:1,WP_057435021.1,ALQ08_RS13800,gbcA,glycine-betaine demethylase subunit GbcA,5_508_GbcA,5,974.0,0.9977,5e-294,NZ_RBRA01000158.1,8402,9701,1,Pseudomonas syringae pv. delphinii,Bacteria; Pseudomonadati; Pseudomonadota; Gammaproteobacteria; Pseudomonadales; Pseudomonadaceae; Pseudomonas,0,5_508_GbcA#0,core,0.9113,0,0,0,0,[alpha]
NZ_RBPD01000097.1:266699-267998:-1,WP_057404964.1,ALQ57_RS19970,gbcA,glycine-betaine demethylase subunit GbcA,5_508_GbcA,5,980.2,0.9977,6.3e-296,NZ_RBPD01000097.1,266699,267998,-1,Pseudomonas amygdali pv. hibisci,Bacteria; Pseudomonadati; Pseudomonadota; Gammaproteobacteria; Pseudomonadales; Pseudomonadaceae; Pseudomonas; Pseudomonas amygdali,0,5_508_GbcA#0,core,0.9303,0,0,0,0,[alpha]
NZ_RBPF01000236.1:37912-39211:1,WP_002555658.1,ALQ55_RS18375,gbcA,glycine-betaine demethylase subunit GbcA,5_508_GbcA,5,981.6,0.9977,2.4e-296,NZ_RBPF01000236.1,37912,39211,1,Pseudomonas savastanoi pv. savastanoi,Bacteria; Pseudomonadati; Pseudomonadota; Gammaproteobacteria; Pseudomonadales; Pseudomonadaceae; Pseudomonas,0,5_508_GbcA#0,core,0.9303,0,0,0,0,[alpha]
NZ_RBQC01000097.1:68937-70236:1,WP_007244552.1,ALQ32_RS21905,gbcA,glycine-betaine demethylase subunit GbcA,5_508_GbcA,5,977.2,0.9977,5.2e-295,NZ_RBQC01000097.1,68937,70236,1,Pseudomonas syringae pv. tagetis,Bacteria; Pseudomonadati; Pseudomonadota; Gammaproteobacteria; Pseudomonadales; Pseudomonadaceae; Pseudomonas,0,5_508_GbcA#0,core,0.9142,0,0,0,0,[alpha]
NZ_RBRB01000220.1:1586-2885:1,WP_017701875.1,ALQ07_RS12155,gbcA,glycine-betaine demethylase subunit GbcA,5_508_GbcA,5,977.6,0.9977,4e-295,NZ_RBRB01000220.1,1586,2885,1,Pseudomonas syringae pv. actinidiae,Bacteria; Pseudomonadati; Pseudomonadota; Gammaproteobacteria; Pseudomonadales; Pseudomonadaceae; Pseudomonas; Pseudomonas syringae,0,5_508_GbcA#0,core,0.9142,0,0,0,0,[alpha]
NZ_RBRC01000065.1:3454-4753:1,WP_057416222.1,ALQ06_RS03685,gbcA,glycine-betaine demethylase subunit GbcA,5_508_GbcA,5,974.7,0.9977,2.9e-294,NZ_RBRC01000065.1,3454,4753,1,Pseudomonas syringae pv. berberidis,Bacteria; Pseudomonadati; Pseudomonadota; Gammaproteobacteria; Pseudomonadales; Pseudomonadaceae; Pseudomonas,0,5_508_GbcA#0,core,0.9115,0,0,0,0,[alpha]
NZ_RBPL01000099.1:145523-146822:1,WP_074842767.1,ALQ49_RS23475,gbcA,glycine-betaine demethylase subunit GbcA,5_508_GbcA,5,975.8,0.9977,1.4e-294,NZ_RBPL01000099.1,145523,146822,1,Pseudomonas syringae pv. apii,Bacteria; Pseudomonadati; Pseudomonadota; Gammaproteobacteria; Pseudomonadales; Pseudomonadaceae; Pseudomonas,0,5_508_GbcA#0,core,0.9142,0,0,0,0,[alpha]
NZ_RBRK01000090.1:2163-3462:1,WP_002555658.1,ALP98_RS11710,gbcA,glycine-betaine demethylase subunit GbcA,5_508_GbcA,5,981.6,0.9977,2.4e-296,NZ_RBRK01000090.1,2163,3462,1,Pseudomonas viridiflava,Bacteria; Pseudomonadati; Pseudomonadota; Gammaproteobacteria; Pseudomonadales; Pseudomonadaceae; Pseudomonas,0,5_508_GbcA#0,core,0.9303,0,0,0,0,[alpha]
NZ_RBQE01000596.1:12404-13703:-1,WP_002555658.1,ALQ30_RS28735,gbcA,glycine-betaine demethylase subunit GbcA,5_508_GbcA,5,981.6,0.9977,2.4e-296,NZ_RBQE01000596.1,12404,13703,-1,Pseudomonas syringae pv. persicae,Bacteria; Pseudomonadati; Pseudomonadota; Gammaproteobacteria; Pseudomonadales; Pseudomonadaceae; Pseudomonas,0,5_508_GbcA#0,core,0.9303,0,0,0,0,[alpha]
NZ_RBPM01000003.1:221135-222434:1,WP_005896305.1,ALQ48_RS01260,gbcA,glycine-betaine demethylase subunit GbcA,5_508_GbcA,5,978.2,0.9977,2.7e-295,NZ_RBPM01000003.1,221135,222434,1,Pseudomonas coronafaciens pv. zizaniae,Bacteria; Pseudomonadati; Pseudomonadota; Gammaproteobacteria; Pseudomonadales; Pseudomonadaceae; Pseudomonas; Pseudomonas coronafaciens,0,5_508_GbcA#0,core,0.9251,0,0,0,0,[alpha]
NZ_RBSO01000079.1:12299-13598:-1,WP_002555658.1,ALP67_RS05850,gbcA,glycine-betaine demethylase subunit GbcA,5_508_GbcA,5,981.6,0.9977,2.4e-296,NZ_RBSO01000079.1,12299,13598,-1,Pseudomonas ficuserectae,Bacteria; Pseudomonadati; Pseudomonadota; Gammaproteobacteria; Pseudomonadales; Pseudomonadaceae; Pseudomonas,0,5_508_GbcA#0,core,0.9303,0,0,0,0,[alpha]
NZ_RBSR01000222.1:3339-4638:1,WP_003382386.1,ALP64_RS13125,gbcA,glycine-betaine demethylase subunit GbcA,5_508_GbcA,5,974.5,0.9977,3.4e-294,NZ_RBSR01000222.1,3339,4638,1,Pseudomonas syringae pv. actinidiae,Bacteria; Pseudomonadati; Pseudomonadota; Gammaproteobacteria; Pseudomonadales; Pseudomonadaceae; Pseudomonas; Pseudomonas syringae,0,5_508_GbcA#0,core,0.914,0,0,0,0,[alpha]
NZ_RBRS01000265.1:1595-2894:1,WP_057434002.1,ALP90_RS22100,gbcA,glycine-betaine demethylase subunit GbcA,5_508_GbcA,5,980.1,0.9977,6.9e-296,NZ_RBRS01000265.1,1595,2894,1,Pseudomonas amygdali pv. ulmi,Bacteria; Pseudomonadati; Pseudomonadota; Gammaproteobacteria; Pseudomonadales; Pseudomonadaceae; Pseudomonas; Pseudomonas amygdali,0,5_508_GbcA#0,core,0.9276,0,0,0,0,[alpha]
NZ_RBRT01000122.1:59521-60820:1,WP_060413042.1,ALP89_RS09940,gbcA,glycine-betaine demethylase subunit GbcA,5_508_GbcA,5,975.5,0.9977,1.7e-294,NZ_RBRT01000122.1,59521,60820,1,Pseudomonas syringae pv. persicae,Bacteria; Pseudomonadati; Pseudomonadota; Gammaproteobacteria; Pseudomonadales; Pseudomonadaceae; Pseudomonas,0,5_508_GbcA#0,core,0.9115,0,0,0,0,[alpha]
NZ_RBSC01000381.1:58683-59982:1,WP_002555658.1,ALP80_RS22860,gbcA,glycine-betaine demethylase subunit GbcA,5_508_GbcA,5,981.6,0.9977,2.4e-296,NZ_RBSC01000381.1,58683,59982,1,Pseudomonas savastanoi pv. fraxini,Bacteria; Pseudomonadati; Pseudomonadota; Gammaproteobacteria; Pseudomonadales; Pseudomonadaceae; Pseudomonas,0,5_508_GbcA#0,core,0.9303,0,0,0,0,[alpha]
NZ_RBSD01000030.1:30092-31391:1,WP_003393670.1,ALP78_RS03480,gbcA,glycine-betaine demethylase subunit GbcA,5_508_GbcA,5,979.9,0.9977,8.3e-296,NZ_RBSD01000030.1,30092,31391,1,Pseudomonas coronafaciens pv. striafaciens,Bacteria; Pseudomonadati; Pseudomonadota; Gammaproteobacteria; Pseudomonadales; Pseudomonadaceae; Pseudomonas; Pseudomonas coronafaciens,0,5_508_GbcA#0,core,0.9303,0,0,0,0,[alpha]
NZ_RBSX01000310.1:45989-47288:1,WP_057430809.1,ALP58_RS23000,gbcA,glycine-betaine demethylase subunit GbcA,5_508_GbcA,5,978.9,0.9977,1.6e-295,NZ_RBSX01000310.1,45989,47288,1,Pseudomonas savastanoi,Bacteria; Pseudomonadati; Pseudomonadota; Gammaproteobacteria; Pseudomonadales; Pseudomonadaceae; Pseudomonas,0,5_508_GbcA#0,core,0.9303,0,0,0,0,[alpha]
NZ_RBTF01000503.1:2615-3914:1,WP_007244552.1,ALP50_RS29960,gbcA,glycine-betaine demethylase subunit GbcA,5_508_GbcA,5,977.2,0.9977,5.2e-295,NZ_RBTF01000503.1,2615,3914,1,Pseudomonas syringae pv. spinaceae,Bacteria; Pseudomonadati; Pseudomonadota; Gammaproteobacteria; Pseudomonadales; Pseudomonadaceae; Pseudomonas; Pseudomonas syringae,0,5_508_GbcA#0,core,0.9142,0,0,0,0,[alpha]
NZ_RBRZ01000108.1:22562-23861:-1,WP_002555658.1,ALP83_RS21635,gbcA,glycine-betaine demethylase subunit GbcA,5_508_GbcA,5,981.6,0.9977,2.4e-296,NZ_RBRZ01000108.1,22562,23861,-1,Pseudomonas syringae pv. actinidiae,Bacteria; Pseudomonadati; Pseudomonadota; Gammaproteobacteria; Pseudomonadales; Pseudomonadaceae; Pseudomonas; Pseudomonas syringae,0,5_508_GbcA#0,core,0.9303,0,0,0,0,[alpha]
NZ_RBTT01000231.1:13659-14958:1,WP_007244552.1,ALP36_RS15090,gbcA,glycine-betaine demethylase subunit GbcA,5_508_GbcA,5,977.2,0.9977,5.2e-295,NZ_RBTT01000231.1,13659,14958,1,Pseudomonas syringae pv. coriandricola,Bacteria; Pseudomonadati; Pseudomonadota; Gammaproteobacteria; Pseudomonadales; Pseudomonadaceae; Pseudomonas,0,5_508_GbcA#0,core,0.9142,0,0,0,0,[alpha]
NZ_RBTX01000524.1:23037-24336:1,WP_005613919.1,ALP32_RS21265,gbcA,glycine-betaine demethylase subunit GbcA,5_508_GbcA,5,977.0,0.9977,6.2e-295,NZ_RBTX01000524.1,23037,24336,1,Pseudomonas avellanae,Bacteria; Pseudomonadati; Pseudomonadota; Gammaproteobacteria; Pseudomonadales; Pseudomonadaceae; Pseudomonas,0,5_508_GbcA#0,core,0.9167,0,0,0,0,[alpha]
NZ_RBTD01000273.1:88592-89891:1,WP_057453331.1,ALP52_RS18915,gbcA,glycine-betaine demethylase subunit GbcA,5_508_GbcA,5,979.2,0.9977,1.3e-295,NZ_RBTD01000273.1,88592,89891,1,Pseudomonas amygdali pv. mori,Bacteria; Pseudomonadati; Pseudomonadota; Gammaproteobacteria; Pseudomonadales; Pseudomonadaceae; Pseudomonas; Pseudomonas amygdali,0,5_508_GbcA#0,core,0.9276,0,0,0,0,[alpha]
NZ_RBTE01000527.1:20699-21998:1,WP_057453331.1,ALP51_RS24190,gbcA,glycine-betaine demethylase subunit GbcA,5_508_GbcA,5,979.2,0.9977,1.3e-295,NZ_RBTE01000527.1,20699,21998,1,Pseudomonas savastanoi,Bacteria; Pseudomonadati; Pseudomonadota; Gammaproteobacteria; Pseudomonadales; Pseudomonadaceae; Pseudomonas,0,5_508_GbcA#0,core,0.9276,0,0,0,0,[alpha]
NZ_RBTY01000166.1:19479-20778:-1,WP_002555658.1,ALP31_RS13045,gbcA,glycine-betaine demethylase subunit GbcA,5_508_GbcA,5,981.6,0.9977,2.4e-296,NZ_RBTY01000166.1,19479,20778,-1,Pseudomonas amygdali pv. morsprunorum,Bacteria; Pseudomonadati; Pseudomonadota; Gammaproteobacteria; Pseudomonadales; Pseudomonadaceae; Pseudomonas; Pseudomonas amygdali,0,5_508_GbcA#0,core,0.9303,0,0,0,0,[alpha]
NZ_RBTZ01000224.1:1652-2951:1,WP_024697443.1,ALP30_RS17415,gbcA,glycine-betaine demethylase subunit GbcA,5_508_GbcA,5,978.9,0.9977,1.6e-295,NZ_RBTZ01000224.1,1652,2951,1,Pseudomonas syringae pv. primulae,Bacteria; Pseudomonadati; Pseudomonadota; Gammaproteobacteria; Pseudomonadales; Pseudomonadaceae; Pseudomonas,0,5_508_GbcA#0,core,0.9169,0,0,0,0,[alpha]
NZ_RBUB01000097.1:45792-47091:1,WP_002555658.1,ALP28_RS06610,gbcA,glycine-betaine demethylase subunit GbcA,5_508_GbcA,5,981.6,0.9977,2.4e-296,NZ_RBUB01000097.1,45792,47091,1,Pseudomonas savastanoi pv. nerii,Bacteria; Pseudomonadati; Pseudomonadota; Gammaproteobacteria; Pseudomonadales; Pseudomonadaceae; Pseudomonas,0,5_508_GbcA#0,core,0.9303,0,0,0,0,[alpha]
NZ_RBUE01000202.1:29502-30801:-1,WP_004415612.1,ALP25_RS19545,gbcA,glycine-betaine demethylase subunit GbcA,5_508_GbcA,5,980.5,0.9977,5.2e-296,NZ_RBUE01000202.1,29502,30801,-1,Pseudomonas syringae pv. syringae,Bacteria; Pseudomonadati; Pseudomonadota; Gammaproteobacteria; Pseudomonadales; Pseudomonadaceae; Pseudomonas; Pseudomonas syringae,0,5_508_GbcA#0,core,0.933,0,0,0,0,[alpha]
NZ_RBTH01000402.1:3576-4875:1,WP_011269222.1,ALP48_RS25335,gbcA,glycine-betaine demethylase subunit GbcA,5_508_GbcA,5,981.5,0.9977,2.5e-296,NZ_RBTH01000402.1,3576,4875,1,Pseudomonas syringae pv. solidagae,Bacteria; Pseudomonadati; Pseudomonadota; Gammaproteobacteria; Pseudomonadales; Pseudomonadaceae; Pseudomonas; Pseudomonas syringae,0,5_508_GbcA#0,core,0.933,0,0,0,0,[alpha]
NZ_RBTL01000273.1:53057-54356:1,WP_019333003.1,ALP44_RS22355,gbcA,glycine-betaine demethylase subunit GbcA,5_508_GbcA,5,975.7,0.9977,1.5e-294,NZ_RBTL01000273.1,53057,54356,1,Pseudomonas syringae pv. theae,Bacteria; Pseudomonadati; Pseudomonadota; Gammaproteobacteria; Pseudomonadales; Pseudomonadaceae; Pseudomonas; Pseudomonas syringae,0,5_508_GbcA#0,core,0.914,0,0,0,0,hypothetical > [alpha]
NZ_RBUS01000115.1:22327-23626:-1,WP_003432500.1,ALP11_RS08930,gbcA,glycine-betaine demethylase subunit GbcA,5_508_GbcA,5,982.9,0.9977,9.7e-297,NZ_RBUS01000115.1,22327,23626,-1,Pseudomonas syringae pv. papulans,Bacteria; Pseudomonadati; Pseudomonadota; Gammaproteobacteria; Pseudomonadales; Pseudomonadaceae; Pseudomonas; Pseudomonas syringae,0,5_508_GbcA#0,core,0.9357,0,0,0,0,[alpha]
NZ_RBUT01000172.1:36903-38202:-1,WP_054988741.1,ALP10_RS26160,gbcA,glycine-betaine demethylase subunit GbcA,5_508_GbcA,5,981.5,0.9977,2.5e-296,NZ_RBUT01000172.1,36903,38202,-1,Pseudomonas syringae pv. helianthi,Bacteria; Pseudomonadati; Pseudomonadota; Gammaproteobacteria; Pseudomonadales; Pseudomonadaceae; Pseudomonas,0,5_508_GbcA#0,core,0.9276,0,0,0,0,[alpha]
NZ_RBUO01000336.1:76858-78157:1,WP_002555658.1,ALP15_RS22650,gbcA,glycine-betaine demethylase subunit GbcA,5_508_GbcA,5,981.6,0.9977,2.4e-296,NZ_RBUO01000336.1,76858,78157,1,Pseudomonas savastanoi,Bacteria; Pseudomonadati; Pseudomonadota; Gammaproteobacteria; Pseudomonadales; Pseudomonadaceae; Pseudomonas,0,5_508_GbcA#0,core,0.9303,0,0,0,0,[alpha]
NZ_RBUP01000288.1:50995-52294:1,WP_002555658.1,ALP14_RS22680,gbcA,glycine-betaine demethylase subunit GbcA,5_508_GbcA,5,981.6,0.9977,2.4e-296,NZ_RBUP01000288.1,50995,52294,1,Pseudomonas amygdali pv. myricae,Bacteria; Pseudomonadati; Pseudomonadota; Gammaproteobacteria; Pseudomonadales; Pseudomonadaceae; Pseudomonas; Pseudomonas amygdali,0,5_508_GbcA#0,core,0.9303,0,0,0,0,[alpha]
NZ_RBUU01000202.1:1440-2739:1,WP_002555658.1,ALP09_RS19225,gbcA,glycine-betaine demethylase subunit GbcA,5_508_GbcA,5,981.6,0.9977,2.4e-296,NZ_RBUU01000202.1,1440,2739,1,Pseudomonas amygdali pv. lachrymans,Bacteria; Pseudomonadati; Pseudomonadota; Gammaproteobacteria; Pseudomonadales; Pseudomonadaceae; Pseudomonas; Pseudomonas amygdali,0,5_508_GbcA#0,core,0.9303,0,0,0,0,[alpha]
NZ_RBUQ01000236.1:50913-52212:1,WP_005763581.1,ALP13_RS19095,gbcA,glycine-betaine demethylase subunit GbcA,5_508_GbcA,5,976.6,0.9977,8.3e-295,NZ_RBUQ01000236.1,50913,52212,1,Pseudomonas syringae pv. maculicola,Bacteria; Pseudomonadati; Pseudomonadota; Gammaproteobacteria; Pseudomonadales; Pseudomonadaceae; Pseudomonas,0,5_508_GbcA#0,core,0.9142,0,0,0,0,[alpha]
NZ_RBUR01000010.1:50615-51914:1,WP_002555658.1,ALP12_RS00700,gbcA,glycine-betaine demethylase subunit GbcA,5_508_GbcA,5,981.6,0.9977,2.4e-296,NZ_RBUR01000010.1,50615,51914,1,Pseudomonas savastanoi pv. phaseolicola,Bacteria; Pseudomonadati; Pseudomonadota; Gammaproteobacteria; Pseudomonadales; Pseudomonadaceae; Pseudomonas,0,5_508_GbcA#0,core,0.9303,0,0,0,0,[alpha]
NZ_RBVH01000383.1:1448-2747:1,WP_004654880.1,ALO96_RS12660,gbcA,glycine-betaine demethylase subunit GbcA,5_508_GbcA,5,978.6,0.9977,2e-295,NZ_RBVH01000383.1,1448,2747,1,Pseudomonas savastanoi pv. glycinea,Bacteria; Pseudomonadati; Pseudomonadota; Gammaproteobacteria; Pseudomonadales; Pseudomonadaceae; Pseudomonas,0,5_508_GbcA#0,core,0.9278,0,0,0,0,[alpha]
NZ_RBUW01000669.1:200-1499:1,WP_002555658.1,ALP07_RS19895,gbcA,glycine-betaine demethylase subunit GbcA,5_508_GbcA,5,981.6,0.9977,2.4e-296,NZ_RBUW01000669.1,200,1499,1,Pseudomonas savastanoi pv. glycinea,Bacteria; Pseudomonadati; Pseudomonadota; Gammaproteobacteria; Pseudomonadales; Pseudomonadaceae; Pseudomonas,0,5_508_GbcA#0,core,0.9303,0,0,0,0,[alpha]
NZ_RBUG01000027.1:30781-32080:1,WP_011269222.1,ALP23_RS07105,gbcA,glycine-betaine demethylase subunit GbcA,5_508_GbcA,5,981.5,0.9977,2.5e-296,NZ_RBUG01000027.1,30781,32080,1,Pseudomonas syringae pv. apii,Bacteria; Pseudomonadati; Pseudomonadota; Gammaproteobacteria; Pseudomonadales; Pseudomonadaceae; Pseudomonas,0,5_508_GbcA#0,core,0.933,0,0,0,0,[alpha]
NZ_RBUZ01000210.1:1475-2774:1,WP_002555658.1,ALP04_RS15000,gbcA,glycine-betaine demethylase subunit GbcA,5_508_GbcA,5,981.6,0.9977,2.4e-296,NZ_RBUZ01000210.1,1475,2774,1,Pseudomonas amygdali pv. sesami,Bacteria; Pseudomonadati; Pseudomonadota; Gammaproteobacteria; Pseudomonadales; Pseudomonadaceae; Pseudomonas; Pseudomonas amygdali,0,5_508_GbcA#0,core,0.9303,0,0,0,0,[alpha]
NZ_RBVG01000004.1:16951-18250:1,WP_054988741.1,ALO97_RS00345,gbcA,glycine-betaine demethylase subunit GbcA,5_508_GbcA,5,981.5,0.9977,2.5e-296,NZ_RBVG01000004.1,16951,18250,1,Pseudomonas syringae pv. tagetis,Bacteria; Pseudomonadati; Pseudomonadota; Gammaproteobacteria; Pseudomonadales; Pseudomonadaceae; Pseudomonas,0,5_508_GbcA#0,core,0.9276,0,0,0,0,[alpha]
NZ_RFFK01000011.1:8774-10064:1,WP_021443787.1,EA796_RS18155,gbcA,glycine-betaine demethylase subunit GbcA,5_508_GbcA,5,962.3,0.9977,1.8e-290,NZ_RFFK01000011.1,8774,10064,1,Pseudomonas sp. AOB-7,Bacteria; Pseudomonadati; Pseudomonadota; Gammaproteobacteria; Pseudomonadales; Pseudomonadaceae; Pseudomonas,0,5_508_GbcA#0,core,0.8545,0,0,0,0,[alpha]
NZ_RHQR01000035.1:1631-2924:1,WP_012316650.1,EGJ09_RS25920,gbcA,glycine-betaine demethylase subunit GbcA,5_508_GbcA,5,973.5,0.9977,7e-294,NZ_RHQR01000035.1,1631,2924,1,Pseudomonas sp. p106,Bacteria; Pseudomonadati; Pseudomonadota; Gammaproteobacteria; Pseudomonadales; Pseudomonadaceae; Pseudomonas,0,5_508_GbcA#0,core,0.8907,0,0,0,0,[alpha]
NZ_RJAI01000068.1:24959-26252:1,WP_015268653.1,EFK07_RS24045,gbcA,glycine-betaine demethylase subunit GbcA,5_508_GbcA,5,971.8,0.9977,2.3e-293,NZ_RJAI01000068.1,24959,26252,1,Pseudomonas putida,Bacteria; Pseudomonadati; Pseudomonadota; Gammaproteobacteria; Pseudomonadales; Pseudomonadaceae; Pseudomonas,0,5_508_GbcA#0,core,0.8952,0,0,0,0,[alpha]
NZ_RHRX01000001.1:136056-137349:1,WP_028686661.1,EGJ51_RS00615,gbcA,glycine-betaine demethylase subunit GbcA,5_508_GbcA,5,970.9,0.9977,4.2e-293,NZ_RHRX01000001.1,136056,137349,1,Pseudomonas fulva,Bacteria; Pseudomonadati; Pseudomonadota; Gammaproteobacteria; Pseudomonadales; Pseudomonadaceae; Pseudomonas,0,5_508_GbcA#0,core,0.8911,0,0,0,0,[alpha]
NZ_RJUR01000016.1:267950-269243:-1,WP_043863625.1,EDF85_RS21390,gbcA,glycine-betaine demethylase subunit GbcA,5_508_GbcA,5,986.6,0.9977,7.3e-298,NZ_RJUR01000016.1,267950,269243,-1,Pseudomonas putida,Bacteria; Pseudomonadati; Pseudomonadota; Gammaproteobacteria; Pseudomonadales; Pseudomonadaceae; Pseudomonas,0,5_508_GbcA#0,core,0.9301,0,0,0,0,[alpha]
NZ_RXYI01000001.1:124973-126266:1,WP_017847882.1,EKA85_RS00590,gbcA,glycine-betaine demethylase subunit GbcA,5_508_GbcA,5,1003.0,0.9977,7.9e-303,NZ_RXYI01000001.1,124973,126266,1,Pseudomonas veronii,Bacteria; Pseudomonadati; Pseudomonadota; Gammaproteobacteria; Pseudomonadales; Pseudomonadaceae; Pseudomonas,0,5_508_GbcA#0,core,0.9627,0,0,0,0,[alpha]
NZ_SDXM01000033.1:7547-8837:1,WP_023435316.1,EON07_RS27735,gbcA,glycine-betaine demethylase subunit GbcA,5_508_GbcA,5,988.2,0.9953,2.5e-298,NZ_SDXM01000033.1,7547,8837,1,Pseudomonas aeruginosa,Bacteria; Pseudomonadati; Pseudomonadota; Gammaproteobacteria; Pseudomonadales; Pseudomonadaceae; Pseudomonas,0,5_508_GbcA#0,core,0.9008,0,0,0,0,[alpha]
NZ_SGFE01000067.1:1976-3272:1,WP_065885441.1,EUX57_RS23980,gbcA,glycine-betaine demethylase subunit GbcA,5_508_GbcA,5,1004.7,0.9977,2.4e-303,NZ_SGFE01000067.1,1976,3272,1,Pseudomonas orientalis,Bacteria; Pseudomonadati; Pseudomonadota; Gammaproteobacteria; Pseudomonadales; Pseudomonadaceae; Pseudomonas,0,5_508_GbcA#0,core,0.9786,0,0,0,0,[alpha]
NZ_SEUB01000002.1:127942-129238:1,WP_016772823.1,EVS84_RS05050,gbcA,glycine-betaine demethylase subunit GbcA,5_508_GbcA,5,1001.4,0.9977,2.4e-302,NZ_SEUB01000002.1,127942,129238,1,Pseudomonas koreensis,Bacteria; Pseudomonadati; Pseudomonadota; Gammaproteobacteria; Pseudomonadales; Pseudomonadaceae; Pseudomonas,0,5_508_GbcA#0,core,0.9813,0,0,0,0,[alpha]
NZ_SNVF01000028.1:32474-33773:-1,WP_007244552.1,E2N90_RS21475,gbcA,glycine-betaine demethylase subunit GbcA,5_508_GbcA,5,977.2,0.9977,5.2e-295,NZ_SNVF01000028.1,32474,33773,-1,Pseudomonas syringae pv. tomato,Bacteria; Pseudomonadati; Pseudomonadota; Gammaproteobacteria; Pseudomonadales; Pseudomonadaceae; Pseudomonas,0,5_508_GbcA#0,core,0.9142,0,0,0,0,[alpha]
NZ_SNQV01000281.1:3401-4700:1,WP_017684957.1,E2R72_RS27295,gbcA,glycine-betaine demethylase subunit GbcA,5_508_GbcA,5,970.6,0.9977,5.3e-293,NZ_SNQV01000281.1,3401,4700,1,Pseudomonas syringae pv. actinidiae,Bacteria; Pseudomonadati; Pseudomonadota; Gammaproteobacteria; Pseudomonadales; Pseudomonadaceae; Pseudomonas; Pseudomonas syringae,0,5_508_GbcA#0,core,0.9086,0,0,0,0,[alpha]
NZ_SOCQ01000006.1:350298-351594:-1,WP_038363174.1,EDF87_RS11300,gbcA,glycine-betaine demethylase subunit GbcA,5_508_GbcA,5,999.8,0.9977,7.4e-302,NZ_SOCQ01000006.1,350298,351594,-1,Pseudomonas helmanticensis,Bacteria; Pseudomonadati; Pseudomonadota; Gammaproteobacteria; Pseudomonadales; Pseudomonadaceae; Pseudomonas,0,5_508_GbcA#0,core,0.9812,0,0,0,0,[alpha]
NZ_SPEW01000023.1:31587-32880:1,WP_003255692.1,E2581_RS11290,gbcA,glycine-betaine demethylase subunit GbcA,5_508_GbcA,5,974.3,0.9977,3.9e-294,NZ_SPEW01000023.1,31587,32880,1,Pseudomonas sp.,Bacteria; Pseudomonadati; Pseudomonadota; Gammaproteobacteria; Pseudomonadales; Pseudomonadaceae; Pseudomonas,0,5_508_GbcA#0,core,0.8925,0,0,0,0,[alpha]
NZ_SPVI01000009.1:114370-115666:-1,WP_017530742.1,E4T65_RS16165,gbcA,glycine-betaine demethylase subunit GbcA,5_508_GbcA,5,1005.3,0.9977,1.6e-303,NZ_SPVI01000009.1,114370,115666,-1,Pseudomonas fluorescens,Bacteria; Pseudomonadati; Pseudomonadota; Gammaproteobacteria; Pseudomonadales; Pseudomonadaceae; Pseudomonas,0,5_508_GbcA#0,core,0.9787,0,0,0,0,[alpha]
NZ_SPUT01000006.1:2198-3491:1,WP_021782651.1,E4L40_RS05335,gbcA,glycine-betaine demethylase subunit GbcA,5_508_GbcA,5,972.5,0.9977,1.4e-293,NZ_SPUT01000006.1,2198,3491,1,Pseudomonas putida,Bacteria; Pseudomonadati; Pseudomonadota; Gammaproteobacteria; Pseudomonadales; Pseudomonadaceae; Pseudomonas,0,5_508_GbcA#0,core,0.8925,0,0,0,0,[alpha]
NZ_SWEL01000008.1:87117-88410:1,WP_015268653.1,FD556_RS25465,gbcA,glycine-betaine demethylase subunit GbcA,5_508_GbcA,5,971.8,0.9977,2.3e-293,NZ_SWEL01000008.1,87117,88410,1,Pseudomonas asiatica,Bacteria; Pseudomonadati; Pseudomonadota; Gammaproteobacteria; Pseudomonadales; Pseudomonadaceae; Pseudomonas,0,5_508_GbcA#0,core,0.8952,0,0,0,0,[alpha]
NZ_UYXV01000011.1:145609-146905:-1,WP_076953238.1,E0G09_RS20615,gbcA,glycine-betaine demethylase subunit GbcA,5_508_GbcA,5,1005.0,0.9977,1.9e-303,NZ_UYXV01000011.1,145609,146905,-1,Pseudomonas cedrina subsp. cedrina,Bacteria; Pseudomonadati; Pseudomonadota; Gammaproteobacteria; Pseudomonadales; Pseudomonadaceae; Pseudomonas,0,5_508_GbcA#0,core,0.9786,0,0,0,0,[alpha]
NZ_UWIX01000054.1:22788-24087:1,WP_029244131.1,EFA77_RS20300,gbcA,glycine-betaine demethylase subunit GbcA,5_508_GbcA,5,979.7,0.9977,9.2e-296,NZ_UWIX01000054.1,22788,24087,1,Pseudomonas viridiflava,Bacteria; Pseudomonadati; Pseudomonadota; Gammaproteobacteria; Pseudomonadales; Pseudomonadaceae; Pseudomonas,0,5_508_GbcA#0,core,0.9357,0,0,0,0,[alpha]
NZ_UYXP01000001.1:685111-686407:-1,WP_071494381.1,E4W55_RS03210,gbcA,glycine-betaine demethylase subunit GbcA,5_508_GbcA,5,1007.7,0.9977,0.0,NZ_UYXP01000001.1,685111,686407,-1,Pseudomonas azotoformans,Bacteria; Pseudomonadati; Pseudomonadota; Gammaproteobacteria; Pseudomonadales; Pseudomonadaceae; Pseudomonas,0,5_508_GbcA#0,core,0.9866,0,0,0,0,[alpha]
NZ_VDDB01000021.1:127754-129050:1,WP_027610658.1,FHG55_RS27390,gbcA,glycine-betaine demethylase subunit GbcA,5_508_GbcA,5,1000.8,0.9977,3.8e-302,NZ_VDDB01000021.1,127754,129050,1,Pseudomonas jessenii,Bacteria; Pseudomonadati; Pseudomonadota; Gammaproteobacteria; Pseudomonadales; Pseudomonadaceae; Pseudomonas,0,5_508_GbcA#0,core,0.9787,0,0,0,0,[alpha]
NZ_VFIM01000029.1:91346-92642:-1,WP_010467026.1,FJD35_RS28535,gbcA,glycine-betaine demethylase subunit GbcA,5_508_GbcA,5,994.9,0.9977,2.3e-300,NZ_VFIM01000029.1,91346,92642,-1,Pseudomonas mandelii,Bacteria; Pseudomonadati; Pseudomonadota; Gammaproteobacteria; Pseudomonadales; Pseudomonadaceae; Pseudomonas,0,5_508_GbcA#0,core,0.9732,0,0,0,0,[alpha]
NZ_VFET01000033.1:40231-41527:-1,WP_010565983.1,FIV36_RS27065,gbcA,glycine-betaine demethylase subunit GbcA,5_508_GbcA,5,990.3,1.0,5.4e-299,NZ_VFET01000033.1,40231,41527,-1,Pseudomonas extremaustralis,Bacteria; Pseudomonadati; Pseudomonadota; Gammaproteobacteria; Pseudomonadales; Pseudomonadaceae; Pseudomonas,0,5_508_GbcA#0,core,0.9572,0,0,0,0,[alpha]
NZ_VFEU01000023.1:13366-14662:-1,WP_034139599.1,FIV35_RS23330,gbcA,glycine-betaine demethylase subunit GbcA,5_508_GbcA,5,1006.1,0.9977,9e-304,NZ_VFEU01000023.1,13366,14662,-1,Pseudomonas rhodesiae,Bacteria; Pseudomonadati; Pseudomonadota; Gammaproteobacteria; Pseudomonadales; Pseudomonadaceae; Pseudomonas,0,5_508_GbcA#0,core,0.9813,0,0,0,0,[alpha]
NZ_VFEP01000003.1:124553-125849:1,WP_053258380.1,FIP59_RS10590,gbcA,glycine-betaine demethylase subunit GbcA,5_508_GbcA,5,1004.3,1.0,3.1e-303,NZ_VFEP01000003.1,124553,125849,1,Pseudomonas fluorescens,Bacteria; Pseudomonadati; Pseudomonadota; Gammaproteobacteria; Pseudomonadales; Pseudomonadaceae; Pseudomonas,0,5_508_GbcA#0,core,0.976,0,0,0,0,[alpha]
NZ_VIUH01000021.1:43817-45110:1,WP_025163333.1,FBY03_RS17495,gbcA,glycine-betaine demethylase subunit GbcA,5_508_GbcA,5,962.8,0.9977,1.3e-290,NZ_VIUH01000021.1,43817,45110,1,Pseudomonas sp. SJZ079,Bacteria; Pseudomonadati; Pseudomonadota; Gammaproteobacteria; Pseudomonadales; Pseudomonadaceae; Pseudomonas,0,5_508_GbcA#0,core,0.8981,0,0,0,0,[alpha]
NZ_VIUK01000011.1:38699-39995:1,WP_031319164.1,FBY04_RS15935,gbcA,glycine-betaine demethylase subunit GbcA,5_508_GbcA,5,1004.3,0.9977,3e-303,NZ_VIUK01000011.1,38699,39995,1,Pseudomonas sp. SJZ080,Bacteria; Pseudomonadati; Pseudomonadota; Gammaproteobacteria; Pseudomonadales; Pseudomonadaceae; Pseudomonas,0,5_508_GbcA#0,core,0.9892,0,0,0,0,[alpha]
NZ_VIUG01000007.1:154558-155854:-1,WP_047702354.1,FBY02_RS09450,gbcA,glycine-betaine demethylase subunit GbcA,5_508_GbcA,5,997.7,0.9977,3.2e-301,NZ_VIUG01000007.1,154558,155854,-1,Pseudomonas sp. SJZ078,Bacteria; Pseudomonadati; Pseudomonadota; Gammaproteobacteria; Pseudomonadales; Pseudomonadaceae; Pseudomonas,0,5_508_GbcA#0,core,0.9728,0,0,0,0,[alpha]
NZ_VKOF01000011.1:127372-128671:1,WP_002555658.1,FOM00_RS09290,gbcA,glycine-betaine demethylase subunit GbcA,5_508_GbcA,5,981.6,0.9977,2.4e-296,NZ_VKOF01000011.1,127372,128671,1,Pseudomonas sp. ST1,Bacteria; Pseudomonadati; Pseudomonadota; Gammaproteobacteria; Pseudomonadales; Pseudomonadaceae; Pseudomonas,0,5_508_GbcA#0,core,0.9303,0,0,0,0,[alpha]
NZ_VSRO01000012.1:119679-120975:1,WP_032879076.1,FXO26_RS22795,gbcA,glycine-betaine demethylase subunit GbcA,5_508_GbcA,5,1002.5,0.9977,1.1e-302,NZ_VSRO01000012.1,119679,120975,1,Pseudomonas synxantha,Bacteria; Pseudomonadati; Pseudomonadota; Gammaproteobacteria; Pseudomonadales; Pseudomonadaceae; Pseudomonas,0,5_508_GbcA#0,core,0.9786,0,0,0,0,[alpha]
NZ_VUBA01000082.1:17911-19207:-1,WP_058415195.1,F0170_RS14230,gbcA,glycine-betaine demethylase subunit GbcA,5_508_GbcA,5,999.0,1.0,1.2e-301,NZ_VUBA01000082.1,17911,19207,-1,Pseudomonas kitaguniensis,Bacteria; Pseudomonadati; Pseudomonadota; Gammaproteobacteria; Pseudomonadales; Pseudomonadaceae; Pseudomonas,0,5_508_GbcA#0,core,0.9651,0,0,0,0,[alpha]
NZ_VWPB01000179.1:14966-16262:-1,WP_009051232.1,F2A37_RS31335,gbcA,glycine-betaine demethylase subunit GbcA,5_508_GbcA,5,1002.3,0.9977,1.3e-302,NZ_VWPB01000179.1,14966,16262,-1,Pseudomonas chlororaphis,Bacteria; Pseudomonadati; Pseudomonadota; Gammaproteobacteria; Pseudomonadales; Pseudomonadaceae; Pseudomonas,0,5_508_GbcA#0,core,0.9734,0,0,0,0,[alpha]
NZ_VWXW01000368.1:1414-2710:1,WP_032894948.1,F3K52_RS14735,gbcA,glycine-betaine demethylase subunit GbcA,5_508_GbcA,5,1005.0,0.9977,2e-303,NZ_VWXW01000368.1,1414,2710,1,Pseudomonas lactis,Bacteria; Pseudomonadati; Pseudomonadota; Gammaproteobacteria; Pseudomonadales; Pseudomonadaceae; Pseudomonas,0,5_508_GbcA#0,core,0.976,0,0,0,0,[alpha]
NZ_VXJY01000008.1:32303-33602:-1,WP_054988741.1,F4W67_RS19235,gbcA,glycine-betaine demethylase subunit GbcA,5_508_GbcA,5,981.5,0.9977,2.5e-296,NZ_VXJY01000008.1,32303,33602,-1,Pseudomonas caricapapayae,Bacteria; Pseudomonadati; Pseudomonadota; Gammaproteobacteria; Pseudomonadales; Pseudomonadaceae; Pseudomonas,0,5_508_GbcA#0,core,0.9276,0,0,0,0,[alpha]
NZ_VXJZ01000037.1:39949-41248:-1,WP_054999600.1,F4W70_RS16790,gbcA,glycine-betaine demethylase subunit GbcA,5_508_GbcA,5,977.4,0.9977,4.5e-295,NZ_VXJZ01000037.1,39949,41248,-1,Pseudomonas cannabina,Bacteria; Pseudomonadati; Pseudomonadota; Gammaproteobacteria; Pseudomonadales; Pseudomonadaceae; Pseudomonas,0,5_508_GbcA#0,core,0.9194,0,0,0,0,hypothetical > [alpha]
NZ_VUOL01000002.1:488526-489822:-1,WP_032858648.1,F1720_RS05075,gbcA,glycine-betaine demethylase subunit GbcA,5_508_GbcA,5,1006.3,0.9977,7.9e-304,NZ_VUOL01000002.1,488526,489822,-1,Pseudomonas brenneri,Bacteria; Pseudomonadati; Pseudomonadota; Gammaproteobacteria; Pseudomonadales; Pseudomonadaceae; Pseudomonas,0,5_508_GbcA#0,core,0.9733,0,0,0,0,[alpha]
NZ_VZPI01000006.1:82622-83915:-1,WP_074889806.1,F7R01_RS23335,gbcA,glycine-betaine demethylase subunit GbcA,5_508_GbcA,5,961.6,0.9977,2.8e-290,NZ_VZPI01000006.1,82622,83915,-1,Pseudomonas argentinensis,Bacteria; Pseudomonadati; Pseudomonadota; Gammaproteobacteria; Pseudomonadales; Pseudomonadaceae; Pseudomonas,0,5_508_GbcA#0,core,0.8804,0,0,0,0,[alpha]
NZ_VZPK01000090.1:78323-79619:-1,WP_009051232.1,F7R16_RS31625,gbcA,glycine-betaine demethylase subunit GbcA,5_508_GbcA,5,1002.3,0.9977,1.3e-302,NZ_VZPK01000090.1,78323,79619,-1,Pseudomonas chlororaphis subsp. aureofaciens,Bacteria; Pseudomonadati; Pseudomonadota; Gammaproteobacteria; Pseudomonadales; Pseudomonadaceae; Pseudomonas,0,5_508_GbcA#0,core,0.9734,0,0,0,0,[alpha]
NZ_VZPM01000008.1:127085-128381:-1,WP_071490295.1,F7R08_RS13355,gbcA,glycine-betaine demethylase subunit GbcA,5_508_GbcA,5,1007.3,0.9977,3.8e-304,NZ_VZPM01000008.1,127085,128381,-1,Pseudomonas extremorientalis,Bacteria; Pseudomonadati; Pseudomonadota; Gammaproteobacteria; Pseudomonadales; Pseudomonadaceae; Pseudomonas,0,5_508_GbcA#0,core,0.9812,0,0,0,0,[alpha]
NZ_VZPR01000011.1:50175-51468:-1,WP_046809220.1,F7Q95_RS18060,gbcA,glycine-betaine demethylase subunit GbcA,5_508_GbcA,5,989.1,0.9977,1.3e-298,NZ_VZPR01000011.1,50175,51468,-1,Pseudomonas psychrophila,Bacteria; Pseudomonadati; Pseudomonadota; Gammaproteobacteria; Pseudomonadales; Pseudomonadaceae; Pseudomonas,0,5_508_GbcA#0,core,0.9407,0,0,0,0,[alpha]
NZ_VZPQ01000007.1:153844-155140:1,WP_060753367.1,F7R03_RS13915,gbcA,glycine-betaine demethylase subunit GbcA,5_508_GbcA,5,1007.9,1.0,0.0,NZ_VZPQ01000007.1,153844,155140,1,Pseudomonas palleroniana,Bacteria; Pseudomonadati; Pseudomonadota; Gammaproteobacteria; Pseudomonadales; Pseudomonadaceae; Pseudomonas,0,5_508_GbcA#0,core,0.9867,0,0,0,0,[alpha]
NZ_VZPS01000005.1:126907-128203:1,WP_075946224.1,F7R15_RS09730,gbcA,glycine-betaine demethylase subunit GbcA,5_508_GbcA,5,998.0,0.9977,2.5e-301,NZ_VZPS01000005.1,126907,128203,1,Pseudomonas reinekei,Bacteria; Pseudomonadati; Pseudomonadota; Gammaproteobacteria; Pseudomonadales; Pseudomonadaceae; Pseudomonas,0,5_508_GbcA#0,core,0.9732,0,0,0,0,[alpha]
NZ_VZPO01000005.1:57240-58536:1,WP_048396380.1,F7R14_RS13475,gbcA,glycine-betaine demethylase subunit GbcA,5_508_GbcA,5,1002.2,0.9977,1.4e-302,NZ_VZPO01000005.1,57240,58536,1,Pseudomonas lini,Bacteria; Pseudomonadati; Pseudomonadota; Gammaproteobacteria; Pseudomonadales; Pseudomonadaceae; Pseudomonas,0,5_508_GbcA#0,core,0.973,0,0,0,0,[alpha]
NZ_VZPT01000002.1:129305-130601:1,WP_016972861.1,F7R12_RS05255,gbcA,glycine-betaine demethylase subunit GbcA,5_508_GbcA,5,1002.9,1.0,8.1e-303,NZ_VZPT01000002.1,129305,130601,1,Pseudomonas tolaasii,Bacteria; Pseudomonadati; Pseudomonadota; Gammaproteobacteria; Pseudomonadales; Pseudomonadaceae; Pseudomonas,0,5_508_GbcA#0,core,0.976,0,0,0,0,[alpha]
NZ_WBOI01000006.1:145837-147130:1,WP_054892142.1,F7234_RS12105,gbcA,glycine-betaine demethylase subunit GbcA,5_508_GbcA,5,979.3,0.9977,1.2e-295,NZ_WBOI01000006.1,145837,147130,1,Pseudomonas putida,Bacteria; Pseudomonadati; Pseudomonadota; Gammaproteobacteria; Pseudomonadales; Pseudomonadaceae; Pseudomonas,0,5_508_GbcA#0,core,0.8907,0,0,0,0,[alpha]
NZ_WEIK01000034.1:42742-44035:-1,WP_060499140.1,F9Z43_RS25190,gbcA,glycine-betaine demethylase subunit GbcA,5_508_GbcA,5,974.4,0.9977,3.6e-294,NZ_WEIK01000034.1,42742,44035,-1,Pseudomonas monteilii,Bacteria; Pseudomonadati; Pseudomonadota; Gammaproteobacteria; Pseudomonadales; Pseudomonadaceae; Pseudomonas,0,5_508_GbcA#0,core,0.8925,0,0,0,0,[alpha]
NZ_WIOM01000003.1:44711-46004:-1,WP_023630188.1,GE454_RS01025,gbcA,glycine-betaine demethylase subunit GbcA,5_508_GbcA,5,973.5,0.9977,7e-294,NZ_WIOM01000003.1,44711,46004,-1,Pseudomonas soli,Bacteria; Pseudomonadati; Pseudomonadota; Gammaproteobacteria; Pseudomonadales; Pseudomonadaceae; Pseudomonas,0,5_508_GbcA#0,core,0.8957,0,0,0,0,[alpha]
NZ_WIWK01000143.1:9717-11010:1,WP_048372345.1,GHO41_RS26200,gbcA,glycine-betaine demethylase subunit GbcA,5_508_GbcA,5,983.6,0.9977,5.9e-297,NZ_WIWK01000143.1,9717,11010,1,Pseudomonas sp. FSL R10-0399,Bacteria; Pseudomonadati; Pseudomonadota; Gammaproteobacteria; Pseudomonadales; Pseudomonadaceae; Pseudomonas,0,5_508_GbcA#0,core,0.9295,0,0,0,0,[alpha]
NZ_WIWN01000064.1:30934-32227:1,WP_048372345.1,GHO44_RS20120,gbcA,glycine-betaine demethylase subunit GbcA,5_508_GbcA,5,983.6,0.9977,5.9e-297,NZ_WIWN01000064.1,30934,32227,1,Pseudomonas helleri,Bacteria; Pseudomonadati; Pseudomonadota; Gammaproteobacteria; Pseudomonadales; Pseudomonadaceae; Pseudomonas,0,5_508_GbcA#0,core,0.9295,0,0,0,0,[alpha]
NZ_WIWB01000009.1:120801-122094:1,WP_048372345.1,GHO34_RS11120,gbcA,glycine-betaine demethylase subunit GbcA,5_508_GbcA,5,983.6,0.9977,5.9e-297,NZ_WIWB01000009.1,120801,122094,1,Pseudomonas sp. FSL R10-2245,Bacteria; Pseudomonadati; Pseudomonadota; Gammaproteobacteria; Pseudomonadales; Pseudomonadaceae; Pseudomonas,0,5_508_GbcA#0,core,0.9295,0,0,0,0,[alpha]
NZ_WKBJ01000014.1:1653-2952:1,WP_024672100.1,GIV84_RS09790,gbcA,glycine-betaine demethylase subunit GbcA,5_508_GbcA,5,978.9,0.9977,1.6e-295,NZ_WKBJ01000014.1,1653,2952,1,Pseudomonas syringae,Bacteria; Pseudomonadati; Pseudomonadota; Gammaproteobacteria; Pseudomonadales; Pseudomonadaceae; Pseudomonas,0,5_508_GbcA#0,core,0.9218,0,0,0,0,[alpha]
NZ_WKCN01000002.1:36696-37992:1,WP_017139360.1,GIW14_RS00600,gbcA,glycine-betaine demethylase subunit GbcA,5_508_GbcA,5,1005.0,0.9977,1.9e-303,NZ_WKCN01000002.1,36696,37992,1,Pseudomonas edaphica,Bacteria; Pseudomonadati; Pseudomonadota; Gammaproteobacteria; Pseudomonadales; Pseudomonadaceae; Pseudomonas,0,5_508_GbcA#0,core,0.9784,0,0,0,0,[alpha]
NZ_WKDQ01000002.1:210442-211738:-1,WP_068936255.1,GIW43_RS02375,gbcA,glycine-betaine demethylase subunit GbcA,5_508_GbcA,5,1006.1,1.0,8.9e-304,NZ_WKDQ01000002.1,210442,211738,-1,Pseudomonas canadensis,Bacteria; Pseudomonadati; Pseudomonadota; Gammaproteobacteria; Pseudomonadales; Pseudomonadaceae; Pseudomonas,0,5_508_GbcA#0,core,0.9813,0,0,0,0,[alpha]
NZ_WKEI01000011.1:4931-6227:-1,WP_076962300.1,GIW61_RS06525,gbcA,glycine-betaine demethylase subunit GbcA,5_508_GbcA,5,1006.7,0.9977,6.1e-304,NZ_WKEI01000011.1,4931,6227,-1,Pseudomonas gessardii,Bacteria; Pseudomonadati; Pseudomonadota; Gammaproteobacteria; Pseudomonadales; Pseudomonadaceae; Pseudomonas,0,5_508_GbcA#0,core,0.9733,0,0,0,0,[alpha]
NZ_WKEK01000069.1:22039-23338:-1,WP_003393670.1,GIW63_RS13110,gbcA,glycine-betaine demethylase subunit GbcA,5_508_GbcA,5,979.9,0.9977,8.3e-296,NZ_WKEK01000069.1,22039,23338,-1,Pseudomonas syringae,Bacteria; Pseudomonadati; Pseudomonadota; Gammaproteobacteria; Pseudomonadales; Pseudomonadaceae; Pseudomonas,0,5_508_GbcA#0,core,0.9303,0,0,0,0,[alpha]
NZ_WJSE01000017.1:82339-83638:-1,WP_003432500.1,PspCFBP8693_RS21335,gbcA,glycine-betaine demethylase subunit GbcA,5_508_GbcA,5,982.9,0.9977,9.7e-297,NZ_WJSE01000017.1,82339,83638,-1,Pseudomonas syringae,Bacteria; Pseudomonadati; Pseudomonadota; Gammaproteobacteria; Pseudomonadales; Pseudomonadaceae; Pseudomonas,0,5_508_GbcA#0,core,0.9357,0,0,0,0,[alpha]
NZ_WJZX01000007.1:66186-67482:1,WP_015373135.1,GIV46_RS04165,gbcA,glycine-betaine demethylase subunit GbcA,5_508_GbcA,5,1003.1,0.9977,7e-303,NZ_WJZX01000007.1,66186,67482,1,Pseudomonas poae,Bacteria; Pseudomonadati; Pseudomonadota; Gammaproteobacteria; Pseudomonadales; Pseudomonadaceae; Pseudomonas,0,5_508_GbcA#0,core,0.973,0,0,0,0,[alpha]
NZ_WKEY01000003.1:166732-168028:-1,WP_010207096.1,GIW77_RS03710,gbcA,glycine-betaine demethylase subunit GbcA,5_508_GbcA,5,1003.1,0.9977,7.4e-303,NZ_WKEY01000003.1,166732,168028,-1,Pseudomonas simiae,Bacteria; Pseudomonadati; Pseudomonadota; Gammaproteobacteria; Pseudomonadales; Pseudomonadaceae; Pseudomonas,0,5_508_GbcA#0,core,0.9707,0,0,0,0,[alpha]
NZ_WOAJ01000007.1:284049-285339:1,WP_033972247.1,GNQ20_RS18990,gbcA,glycine-betaine demethylase subunit GbcA,5_508_GbcA,5,987.3,0.9953,4.7e-298,NZ_WOAJ01000007.1,284049,285339,1,Pseudomonas aeruginosa,Bacteria; Pseudomonadati; Pseudomonadota; Gammaproteobacteria; Pseudomonadales; Pseudomonadaceae; Pseudomonas,0,5_508_GbcA#0,core,0.9008,0,0,0,0,[alpha]
NZ_WOAK01000012.1:40476-41766:-1,WP_023100266.1,GNQ40_RS15835,gbcA,glycine-betaine demethylase subunit GbcA,5_508_GbcA,5,989.0,0.9953,1.4e-298,NZ_WOAK01000012.1,40476,41766,-1,Pseudomonas aeruginosa,Bacteria; Pseudomonadati; Pseudomonadota; Gammaproteobacteria; Pseudomonadales; Pseudomonadaceae; Pseudomonas,0,5_508_GbcA#0,core,0.8979,0,0,0,0,[alpha]
NZ_WOVH01000023.1:57453-58746:1,WP_047582963.1,GNP06_RS20135,gbcA,glycine-betaine demethylase subunit GbcA,5_508_GbcA,5,968.4,0.9977,2.4e-292,NZ_WOVH01000023.1,57453,58746,1,Pseudomonas sp. TDA1,Bacteria; Pseudomonadati; Pseudomonadota; Gammaproteobacteria; Pseudomonadales; Pseudomonadaceae; Pseudomonas,0,5_508_GbcA#0,core,0.8814,0,0,0,0,[alpha]
NZ_WOWR01000020.1:25505-26798:-1,WP_016484527.1,GN299_RS15995,gbcA,glycine-betaine demethylase subunit GbcA,5_508_GbcA,5,971.7,0.9977,2.5e-293,NZ_WOWR01000020.1,25505,26798,-1,Pseudomonas putida,Bacteria; Pseudomonadati; Pseudomonadota; Gammaproteobacteria; Pseudomonadales; Pseudomonadaceae; Pseudomonas,0,5_508_GbcA#0,core,0.8838,0,0,0,0,[alpha]
NZ_WTFN01000046.1:30306-31599:-1,WP_044409161.1,GO594_RS18220,gbcA,glycine-betaine demethylase subunit GbcA,5_508_GbcA,5,970.3,0.9953,6.8e-293,NZ_WTFN01000046.1,30306,31599,-1,Metapseudomonas otitidis,Bacteria; Pseudomonadati; Pseudomonadota; Gammaproteobacteria; Pseudomonadales; Pseudomonadaceae; Metapseudomonas,0,5_508_GbcA#0,core,0.9008,0,0,0,0,[alpha]
NZ_WVTP01000001.1:794924-796217:-1,WP_017641523.1,GTJ91_RS03640,gbcA,glycine-betaine demethylase subunit GbcA,5_508_GbcA,5,930.5,0.9884,7.8e-281,NZ_WVTP01000001.1,794924,796217,-1,Pseudomonas oryzihabitans,Bacteria; Pseudomonadati; Pseudomonadota; Gammaproteobacteria; Pseudomonadales; Pseudomonadaceae; Pseudomonas,0,5_508_GbcA#0,core,0.8382,0,0,0,0,[alpha]
NZ_WXZX01000016.1:227502-228792:1,WP_003096766.1,GUL19_RS21840,gbcA,glycine-betaine demethylase subunit GbcA,5_508_GbcA,5,989.6,0.9953,9e-299,NZ_WXZX01000016.1,227502,228792,1,Pseudomonas aeruginosa,Bacteria; Pseudomonadati; Pseudomonadota; Gammaproteobacteria; Pseudomonadales; Pseudomonadaceae; Pseudomonas,0,5_508_GbcA#0,core,0.9008,0,0,0,0,[alpha]
