candidate_id,protein_id,locus_tag,gene,product,ro_cluster,ro_group,hmm_score,model_coverage,hmm_evalue,nucleotide_id,start,end,strand,organism,taxonomy,is_plasmid,leaf_id,assignment_class,core_identity,operon_completeness,has_beta,has_ferredoxin,has_reductase,layout
NM_001112456.1:90-1317:1,NP_001105926.1,,LOC778432,CMO protein,5_501_CmoS,5,505.2,0.8378,1.3e-151,NM_001112456.1,90,1317,1,Zea mays,Eukaryota; Viridiplantae; Streptophyta; Embryophyta; Tracheophyta; Spermatophyta; Magnoliophyta; Liliopsida; Poales; Poaceae; PACMAD clade; Panicoideae; Andropogonodae; Andropogoneae; Tripsacinae; Zea,0,5_501_CmoS#20,core,0.6441,0,0,0,0,[alpha]
NM_001288122.1:0-1239:1,NP_001275051.1,,LOC102597733,"choline monooxygenase, chloroplastic-like",5_501_CmoS,5,534.1,0.8243,2.2e-160,NM_001288122.1,0,1239,1,Solanum tuberosum,Eukaryota; Viridiplantae; Streptophyta; Embryophyta; Tracheophyta; Spermatophyta; Magnoliopsida; eudicotyledons; Gunneridae; Pentapetalae; asterids; lamiids; Solanales; Solanaceae; Solanoideae; Solaneae; Solanum,0,5_501_CmoS#10,core,0.6804,0,0,0,0,[alpha]
NM_119135.4:35-1304:1,NP_194718.2,AT4G29890,,"choline monooxygenase, putative (CMO-like)",5_501_CmoS,5,531.7,0.8288,1.2e-159,NM_119135.4,35,1304,1,Arabidopsis thaliana,Eukaryota; Viridiplantae; Streptophyta; Embryophyta; Tracheophyta; Spermatophyta; Magnoliopsida; eudicotyledons; Gunneridae; Pentapetalae; rosids; malvids; Brassicales; Brassicaceae; Camelineae; Arabidopsis,0,5_501_CmoS#4,core,0.6795,0,0,0,0,[alpha]
NZ_ABLC01000053.1:3122-4229:-1,WP_006751736.1,BAMIOP4010_RS12535,,aromatic ring-hydroxylating dioxygenase subunit alpha,5_501_CmoS,5,80.9,0.7658,7e-23,NZ_ABLC01000053.1,3122,4229,-1,Burkholderia ambifaria IOP40-10,Bacteria; Pseudomonadati; Pseudomonadota; Betaproteobacteria; Burkholderiales; Burkholderiaceae; Burkholderia; Burkholderia cepacia complex,0,5_501_CmoS#0,core,0.98,0,0,0,0,[alpha] > other
NZ_ABLK01000178.1:11284-12391:1,WP_006760429.1,BAMMEX5DRAFT_RS22875,,aromatic ring-hydroxylating dioxygenase subunit alpha,5_501_CmoS,5,80.7,0.7658,8.2e-23,NZ_ABLK01000178.1,11284,12391,1,Burkholderia ambifaria MEX-5,Bacteria; Pseudomonadati; Pseudomonadota; Betaproteobacteria; Burkholderiales; Burkholderiaceae; Burkholderia; Burkholderia cepacia complex,0,5_501_CmoS#0,core,0.9771,0,0,0,0,[alpha] > other
NZ_ACFC01000002.1:110144-111251:1,WP_006399450.1,BURMUCGD2_RS05060,,aromatic ring-hydroxylating dioxygenase subunit alpha,5_501_CmoS,5,83.5,0.7658,1.2e-23,NZ_ACFC01000002.1,110144,111251,1,Burkholderia multivorans CGD2,Bacteria; Pseudomonadati; Pseudomonadota; Betaproteobacteria; Burkholderiales; Burkholderiaceae; Burkholderia; Burkholderia cepacia complex,0,5_501_CmoS#0,core,0.9728,0,0,0,0,[alpha] > other
NZ_AEJF01000093.1:95727-96834:-1,WP_047847525.1,EOS_RS15405,,aromatic ring-hydroxylating dioxygenase subunit alpha,5_501_CmoS,5,80.8,0.7658,7.9e-23,NZ_AEJF01000093.1,95727,96834,-1,Caballeronia mineralivorans PML1(12),Bacteria; Pseudomonadati; Pseudomonadota; Betaproteobacteria; Burkholderiales; Burkholderiaceae; Caballeronia,0,5_501_CmoS#0,core,0.7774,0,0,0,0,[alpha]
NZ_AFAR01000203.1:41157-42318:-1,WP_007328033.1,RBWH47_RS19380,,aromatic ring-hydroxylating dioxygenase subunit alpha,5_501_CmoS,5,82.4,0.7568,2.5e-23,NZ_AFAR01000203.1,41157,42318,-1,Rhodopirellula baltica WH47,Bacteria; Pseudomonadati; Planctomycetota; Planctomycetia; Pirellulales; Pirellulaceae; Rhodopirellula,0,5_501_CmoS#17,novel_candidate,0.2111,0,0,0,0,other > [alpha] > reductase > hypothetical
NZ_AHJE01000042.1:129874-130978:1,WP_006158992.1,OR16_RS16020,,aromatic ring-hydroxylating dioxygenase subunit alpha,5_501_CmoS,5,88.7,0.4662,3.1e-25,NZ_AHJE01000042.1,129874,130978,1,Cupriavidus basilensis OR16,Bacteria; Pseudomonadati; Pseudomonadota; Betaproteobacteria; Burkholderiales; Burkholderiaceae; Cupriavidus,0,5_501_CmoS#0,core,0.8435,0,0,0,0,[alpha]
NZ_AJXT01000021.1:28499-29570:1,WP_007807553.1,UU7_RS09055,,aromatic ring-hydroxylating dioxygenase subunit alpha,5_501_CmoS,5,206.7,0.7793,5e-61,NZ_AJXT01000021.1,28499,29570,1,Rhodanobacter spathiphylli B39,Bacteria; Pseudomonadati; Pseudomonadota; Gammaproteobacteria; Lysobacterales; Rhodanobacteraceae; Rhodanobacter,0,5_501_CmoS#3,novel_candidate,0.3395,1,0,0,1,[alpha] > transporter > reductase
NZ_AMCW01000137.1:176806-177967:1,WP_007334364.1,RBSH_RS23405,,aromatic ring-hydroxylating dioxygenase subunit alpha,5_501_CmoS,5,77.7,0.6149,6.7e-22,NZ_AMCW01000137.1,176806,177967,1,Rhodopirellula baltica SH28,Bacteria; Pseudomonadati; Planctomycetota; Planctomycetia; Pirellulales; Pirellulaceae; Rhodopirellula,0,5_501_CmoS#17,novel_candidate,0.2073,0,0,0,0,other > reductase > [alpha] > reductase > hypothetical
NZ_AMWG01000043.1:185383-186544:-1,WP_007337174.1,RBSWK_RS09765,,aromatic ring-hydroxylating dioxygenase subunit alpha,5_501_CmoS,5,81.5,0.7568,4.7e-23,NZ_AMWG01000043.1,185383,186544,-1,Rhodopirellula baltica SWK14,Bacteria; Pseudomonadati; Planctomycetota; Planctomycetia; Pirellulales; Pirellulaceae; Rhodopirellula,0,5_501_CmoS#17,novel_candidate,0.2139,0,0,0,0,other > [alpha] > reductase > hypothetical
NZ_APMQ01000006.1:191685-192783:1,WP_004631080.1,OR214_RS12570,,aromatic ring-hydroxylating dioxygenase subunit alpha,5_501_CmoS,5,90.8,0.6284,7.4e-26,NZ_APMQ01000006.1,191685,192783,1,Ralstonia pickettii OR214,Bacteria; Pseudomonadati; Pseudomonadota; Betaproteobacteria; Burkholderiales; Burkholderiaceae; Ralstonia,0,5_501_CmoS#0,core,0.9561,0,0,0,0,[alpha] > transporter > other
NZ_ASSI01000104.1:14702-15809:-1,WP_021160850.1,L810_RS23680,,aromatic ring-hydroxylating dioxygenase subunit alpha,5_501_CmoS,5,79.7,0.7658,1.7e-22,NZ_ASSI01000104.1,14702,15809,-1,Burkholderia sp. AU4i,Bacteria; Pseudomonadati; Pseudomonadota; Betaproteobacteria; Burkholderiales; Burkholderiaceae; Burkholderia,0,5_501_CmoS#0,core,0.9829,0,0,0,0,[alpha] > other
NZ_ASSJ01000055.1:95240-96482:-1,WP_022607578.1,KR51_RS10645,,aromatic ring-hydroxylating dioxygenase subunit alpha,5_501_CmoS,5,147.3,0.7568,5.1e-43,NZ_ASSJ01000055.1,95240,96482,-1,Rubidibacter lacunae KORDI 51-2,Bacteria; Bacillati; Cyanobacteriota; Cyanophyceae; Oscillatoriophycideae; Chroococcales; Aphanothecaceae; Rubidibacter,0,5_501_CmoS#39,novel_candidate,0.25,0,0,0,0,other > other > other > transporter > transporter > transporter > [alpha]
NZ_AVCH01000133.1:12016-13084:-1,WP_043802053.1,N790_RS05985,,aromatic ring-hydroxylating dioxygenase subunit alpha,5_501_CmoS,5,189.7,0.7793,7.1e-56,NZ_AVCH01000133.1,12016,13084,-1,Arenimonas malthae CC-JY-1,Bacteria; Pseudomonadati; Pseudomonadota; Gammaproteobacteria; Lysobacterales; Lysobacteraceae; Arenimonas,0,5_501_CmoS#3,novel_candidate,0.3374,1,0,0,1,[alpha] > hydrolase > transporter > reductase > other > hypothetical
NZ_AVCI01000001.1:412761-413847:1,WP_022968959.1,N789_RS01900,,aromatic ring-hydroxylating dioxygenase subunit alpha,5_501_CmoS,5,181.5,0.7815,2.2e-53,NZ_AVCI01000001.1,412761,413847,1,Arenimonas oryziterrae DSM 21050 = YC6267,Bacteria; Pseudomonadati; Pseudomonadota; Gammaproteobacteria; Lysobacterales; Lysobacteraceae; Arenimonas,0,5_501_CmoS#16,novel_candidate,0.3551,0,0,0,0,other > other > other > other > hypothetical > other > other > [alpha] > transporter
NZ_AVCK01000015.1:93320-94385:-1,WP_034211914.1,N787_RS06640,,aromatic ring-hydroxylating dioxygenase subunit alpha,5_501_CmoS,5,174.3,0.7793,3.4e-51,NZ_AVCK01000015.1,93320,94385,-1,Arenimonas metalli CF5-1,Bacteria; Pseudomonadati; Pseudomonadota; Gammaproteobacteria; Lysobacterales; Lysobacteraceae; Arenimonas,0,5_501_CmoS#16,novel_candidate,0.3375,0,0,0,0,other > [alpha]
NZ_AVPT01000006.1:121670-122792:-1,WP_036209014.1,N799_RS05360,,aromatic ring-hydroxylating dioxygenase subunit alpha,5_501_CmoS,5,148.0,0.7793,3.1e-43,NZ_AVPT01000006.1,121670,122792,-1,Lysobacter arseniciresistens ZS79,Bacteria; Pseudomonadati; Pseudomonadota; Gammaproteobacteria; Lysobacterales; Lysobacteraceae; Novilysobacter,0,5_501_CmoS#9,novel_candidate,0.3354,0,0,0,0,[alpha]
NZ_AWGD01000001.1:81583-82618:-1,WP_023451435.1,ABAC460_RS25770,,aromatic ring-hydroxylating dioxygenase subunit alpha,5_501_CmoS,5,152.6,0.795,1.2e-44,NZ_AWGD01000001.1,81583,82618,-1,Asticcacaulis sp. AC460,Bacteria; Pseudomonadati; Pseudomonadota; Alphaproteobacteria; Caulobacterales; Caulobacteraceae; Asticcacaulis,0,5_501_CmoS#38,novel_candidate,0.2934,0,0,0,0,transporter > [alpha]
NZ_AWXU01000030.1:14853-15930:-1,WP_051239345.1,P873_RS07530,,aromatic ring-hydroxylating dioxygenase subunit alpha,5_501_CmoS,5,165.6,0.7725,1.5e-48,NZ_AWXU01000030.1,14853,15930,-1,Arenimonas composti TR7-09 = DSM 18010,Bacteria; Pseudomonadati; Pseudomonadota; Gammaproteobacteria; Lysobacterales; Lysobacteraceae; Arenimonas,0,5_501_CmoS#16,novel_candidate,0.3396,0,0,0,0,hypothetical > other > [alpha]
NZ_BBWV01000004.1:589342-590425:-1,WP_046371204.1,FPE01S_RS21980,,aromatic ring-hydroxylating dioxygenase subunit alpha,5_501_CmoS,5,141.1,0.7883,4e-41,NZ_BBWV01000004.1,589342,590425,-1,Flavihumibacter petaseus NBRC 106054,Bacteria; Pseudomonadati; Bacteroidota; Chitinophagia; Chitinophagales; Chitinophagaceae; Flavihumibacter,0,5_501_CmoS#14,novel_candidate,0.2927,0,0,0,0,hypothetical > other > other > [alpha]
NZ_BSOD01000001.1:5751-6870:1,WP_045362461.1,QQJ89_RS00030,,aromatic ring-hydroxylating dioxygenase subunit alpha,5_501_CmoS,5,88.5,0.6396,3.7e-25,NZ_BSOD01000001.1,5751,6870,1,Mycoavidus cysteinexigens,Bacteria; Pseudomonadati; Pseudomonadota; Betaproteobacteria; Burkholderiales; Burkholderiaceae; Mycoavidus,0,5_501_CmoS#0,core,0.6932,0,0,0,0,transporter > transporter > transporter > other > transporter > [alpha] > other
NZ_CABPSL010000003.1:20102-21218:1,WP_017231861.1,PCE31106_RS06380,,aromatic ring-hydroxylating dioxygenase subunit alpha,5_501_CmoS,5,73.9,0.6667,9.9e-21,NZ_CABPSL010000003.1,20102,21218,1,Pandoraea cepalis,Bacteria; Pseudomonadati; Pseudomonadota; Betaproteobacteria; Burkholderiales; Burkholderiaceae; Pandoraea,0,5_501_CmoS#0,core,0.7683,0,0,0,0,[alpha]
NZ_CABVQH010000002.1:306946-308053:-1,WP_174930584.1,BCO23253_RS03745,,aromatic ring-hydroxylating dioxygenase subunit alpha,5_501_CmoS,5,80.1,0.7658,1.2e-22,NZ_CABVQH010000002.1,306946,308053,-1,Burkholderia lata,Bacteria; Pseudomonadati; Pseudomonadota; Betaproteobacteria; Burkholderiales; Burkholderiaceae; Burkholderia; Burkholderia cepacia complex,0,5_501_CmoS#0,core,0.9829,0,0,0,0,[alpha] > other
NZ_CABPSJ010000002.1:812107-813223:1,WP_010806287.1,PCO31110_RS10220,,aromatic ring-hydroxylating dioxygenase subunit alpha,5_501_CmoS,5,73.7,0.6667,1.1e-20,NZ_CABPSJ010000002.1,812107,813223,1,Pandoraea communis,Bacteria; Pseudomonadati; Pseudomonadota; Betaproteobacteria; Burkholderiales; Burkholderiaceae; Pandoraea,0,5_501_CmoS#0,core,0.7326,0,0,0,0,[alpha]
NZ_CADIKA010000018.1:101234-102341:-1,WP_029971445.1,HV697_RS29245,,aromatic ring-hydroxylating dioxygenase subunit alpha,5_501_CmoS,5,86.3,0.7658,1.7e-24,NZ_CADIKA010000018.1,101234,102341,-1,Paraburkholderia graminis C4D1M,Bacteria; Pseudomonadati; Pseudomonadota; Betaproteobacteria; Burkholderiales; Burkholderiaceae; Paraburkholderia,0,5_501_CmoS#0,core,0.8267,0,0,0,0,[alpha]
NZ_CADFGH010000005.1:458494-459601:-1,WP_012403247.1,HWY06_RS14195,,aromatic ring-hydroxylating dioxygenase subunit alpha,5_501_CmoS,5,88.1,0.7658,4.6e-25,NZ_CADFGH010000005.1,458494,459601,-1,Paraburkholderia phymatum STM815,Bacteria; Pseudomonadati; Pseudomonadota; Betaproteobacteria; Burkholderiales; Burkholderiaceae; Paraburkholderia,0,5_501_CmoS#0,core,0.8043,0,0,0,0,[alpha] > other
NZ_CADIKB010000027.1:25073-26180:1,WP_013591426.1,HV711_RS22955,,aromatic ring-hydroxylating dioxygenase subunit alpha,5_501_CmoS,5,84.8,0.7658,4.9e-24,NZ_CADIKB010000027.1,25073,26180,1,Paraburkholderia phenoliruptrix,Bacteria; Pseudomonadati; Pseudomonadota; Betaproteobacteria; Burkholderiales; Burkholderiaceae; Paraburkholderia,0,5_501_CmoS#0,core,0.7927,0,0,0,0,[alpha]
NZ_CADIKE010000002.1:12554-13661:1,WP_031399773.1,HV804_RS02160,,aromatic ring-hydroxylating dioxygenase subunit alpha,5_501_CmoS,5,79.1,0.7658,2.6e-22,NZ_CADIKE010000002.1,12554,13661,1,Burkholderia paludis,Bacteria; Pseudomonadati; Pseudomonadota; Betaproteobacteria; Burkholderiales; Burkholderiaceae; Burkholderia; Burkholderia cepacia complex,0,5_501_CmoS#0,core,0.9771,0,0,0,0,[alpha] > other
NZ_CATZKU010000010.1:38316-39414:-1,WP_024975153.1,R2N08_RS19780,,aromatic ring-hydroxylating dioxygenase subunit alpha,5_501_CmoS,5,90.8,0.6284,7.1e-26,NZ_CATZKU010000010.1,38316,39414,-1,Ralstonia holmesii,Bacteria; Pseudomonadati; Pseudomonadota; Betaproteobacteria; Burkholderiales; Burkholderiaceae; Ralstonia,0,5_501_CmoS#0,core,0.9621,0,0,0,0,[alpha] > transporter > other
NZ_CAUDKY010000012.1:116244-117342:-1,WP_004631080.1,R2679_RS17235,,aromatic ring-hydroxylating dioxygenase subunit alpha,5_501_CmoS,5,90.8,0.6284,7.4e-26,NZ_CAUDKY010000012.1,116244,117342,-1,Ralstonia thomasii,Bacteria; Pseudomonadati; Pseudomonadota; Betaproteobacteria; Burkholderiales; Burkholderiaceae; Ralstonia,0,5_501_CmoS#0,core,0.9561,0,0,0,0,[alpha] > transporter > other
NZ_DF970277.1:45473-46544:-1,WP_062538045.1,MBSD_RS14735,,aromatic ring-hydroxylating dioxygenase subunit alpha,5_501_CmoS,5,192.0,0.7905,1.4e-56,NZ_DF970277.1,45473,46544,-1,Mizugakiibacter sediminis,Bacteria; Pseudomonadati; Pseudomonadota; Gammaproteobacteria; Lysobacterales; Rhodanobacteraceae; Mizugakiibacter,0,5_501_CmoS#3,novel_candidate,0.3108,0,0,0,0,other > dehydrogenase > other > other > other > hydrolase > other > [alpha] > hydrolase > transporter
NZ_FCNX02000017.1:80367-81474:-1,WP_061137642.1,AWB77_RS27590,,aromatic ring-hydroxylating dioxygenase subunit alpha,5_501_CmoS,5,85.1,0.7658,3.9e-24,NZ_FCNX02000017.1,80367,81474,-1,Caballeronia fortuita,Bacteria; Pseudomonadati; Pseudomonadota; Betaproteobacteria; Burkholderiales; Burkholderiaceae; Caballeronia,0,5_501_CmoS#0,core,0.7764,0,0,0,0,[alpha] > other
NZ_FCNV02000010.1:120116-121223:-1,WP_040050287.1,AWB72_RS20905,,aromatic ring-hydroxylating dioxygenase subunit alpha,5_501_CmoS,5,84.7,0.7658,5e-24,NZ_FCNV02000010.1,120116,121223,-1,Caballeronia concitans,Bacteria; Pseudomonadati; Pseudomonadota; Betaproteobacteria; Burkholderiales; Burkholderiaceae; Caballeronia,0,5_501_CmoS#0,core,0.7778,0,0,0,0,[alpha] > other
NZ_FCOA02000040.1:40183-41290:-1,WP_061171846.1,AWB79_RS34000,,aromatic ring-hydroxylating dioxygenase subunit alpha,5_501_CmoS,5,83.4,0.7658,1.2e-23,NZ_FCOA02000040.1,40183,41290,-1,Caballeronia hypogeia,Bacteria; Pseudomonadati; Pseudomonadota; Betaproteobacteria; Burkholderiales; Burkholderiaceae; Caballeronia,0,5_501_CmoS#0,core,0.7778,0,0,0,0,[alpha] > other
NZ_FCOK02000019.1:39485-40592:1,WP_062086218.1,AWB69_RS15690,,aromatic ring-hydroxylating dioxygenase subunit alpha,5_501_CmoS,5,79.9,0.7658,1.4e-22,NZ_FCOK02000019.1,39485,40592,1,Caballeronia udeis,Bacteria; Pseudomonadati; Pseudomonadota; Betaproteobacteria; Burkholderiales; Burkholderiaceae; Caballeronia,0,5_501_CmoS#0,core,0.7745,0,0,0,0,[alpha] > other
NZ_FCOI02000005.1:295392-296499:1,WP_061160095.1,AWB76_RS10635,,aromatic ring-hydroxylating dioxygenase subunit alpha,5_501_CmoS,5,85.5,0.7658,2.9e-24,NZ_FCOI02000005.1,295392,296499,1,Caballeronia temeraria,Bacteria; Pseudomonadati; Pseudomonadota; Betaproteobacteria; Burkholderiales; Burkholderiaceae; Caballeronia,0,5_501_CmoS#0,core,0.7833,0,0,0,0,[alpha] > other
NZ_FCOC02000004.1:86680-87787:-1,WP_060818496.1,AWB64_RS09655,,aromatic ring-hydroxylating dioxygenase subunit alpha,5_501_CmoS,5,81.7,0.7658,4e-23,NZ_FCOC02000004.1,86680,87787,-1,Caballeronia sordidicola,Bacteria; Pseudomonadati; Pseudomonadota; Betaproteobacteria; Burkholderiales; Burkholderiaceae; Caballeronia,0,5_501_CmoS#0,core,0.7745,0,0,0,0,[alpha] > other
NZ_FCOX02000005.1:39269-40376:-1,WP_062603585.1,AWB78_RS06950,,aromatic ring-hydroxylating dioxygenase subunit alpha,5_501_CmoS,5,85.0,0.7658,4e-24,NZ_FCOX02000005.1,39269,40376,-1,Caballeronia calidae,Bacteria; Pseudomonadati; Pseudomonadota; Betaproteobacteria; Burkholderiales; Burkholderiaceae; Caballeronia,0,5_501_CmoS#0,core,0.8179,0,0,0,0,[alpha] > other
NZ_FMWY01000022.1:46378-47479:-1,WP_072768314.1,BLS94_RS10480,,aromatic ring-hydroxylating dioxygenase subunit alpha,5_501_CmoS,5,86.3,0.6509,1.6e-24,NZ_FMWY01000022.1,46378,47479,-1,Nitrosospira sp. Nsp18,Bacteria; Pseudomonadati; Pseudomonadota; Betaproteobacteria; Nitrosomonadales; Nitrosomonadaceae; Nitrosospira,0,5_501_CmoS#0,divergent,0.513,0,0,0,0,[alpha] > other
NZ_FNNH01000048.1:15224-16343:1,WP_074667843.1,BLV21_RS13685,,aromatic ring-hydroxylating dioxygenase subunit alpha,5_501_CmoS,5,77.0,0.7613,1.1e-21,NZ_FNNH01000048.1,15224,16343,1,Nitrosomonas communis,Bacteria; Pseudomonadati; Pseudomonadota; Betaproteobacteria; Nitrosomonadales; Nitrosomonadaceae; Nitrosomonas,0,5_501_CmoS#0,divergent,0.516,0,0,0,0,[alpha] > transporter > other > hypothetical > other
NZ_FNVJ01000019.1:41501-42629:1,WP_075148685.1,C4S67_RS13630,,aromatic ring-hydroxylating dioxygenase subunit alpha,5_501_CmoS,5,76.3,0.6441,1.8e-21,NZ_FNVJ01000019.1,41501,42629,1,Thauera chlorobenzoica,Bacteria; Pseudomonadati; Pseudomonadota; Betaproteobacteria; Rhodocyclales; Zoogloeaceae; Thauera,0,5_501_CmoS#0,divergent,0.5301,0,0,0,0,[alpha]
NZ_FNVK01000010.1:55530-56628:1,WP_011379595.1,C4S45_RS07700,,aromatic ring-hydroxylating dioxygenase subunit alpha,5_501_CmoS,5,81.5,0.6532,4.8e-23,NZ_FNVK01000010.1,55530,56628,1,Nitrosospira multiformis ATCC 25196,Bacteria; Pseudomonadati; Pseudomonadota; Betaproteobacteria; Nitrosomonadales; Nitrosomonadaceae; Nitrosospira,0,5_501_CmoS#0,divergent,0.5291,0,0,0,0,[alpha] > other
NZ_FOCT01000012.1:60410-61508:-1,WP_074748159.1,BMY01_RS13100,,aromatic ring-hydroxylating dioxygenase subunit alpha,5_501_CmoS,5,82.6,0.6554,2.2e-23,NZ_FOCT01000012.1,60410,61508,-1,Nitrosospira multiformis,Bacteria; Pseudomonadati; Pseudomonadota; Betaproteobacteria; Nitrosomonadales; Nitrosomonadaceae; Nitrosospira,0,5_501_CmoS#0,divergent,0.5159,0,0,0,0,[alpha] > other
NZ_FOHI01000002.1:54338-55436:-1,WP_074704740.1,BMW46_RS03345,,aromatic ring-hydroxylating dioxygenase subunit alpha,5_501_CmoS,5,83.5,0.6554,1.2e-23,NZ_FOHI01000002.1,54338,55436,-1,Nitrosospira multiformis,Bacteria; Pseudomonadati; Pseudomonadota; Betaproteobacteria; Nitrosomonadales; Nitrosomonadaceae; Nitrosospira,0,5_501_CmoS#0,divergent,0.5043,0,0,0,0,[alpha] > other
NZ_FONH01000003.1:331914-333000:-1,WP_035323760.1,BM172_RS07160,,aromatic ring-hydroxylating dioxygenase subunit alpha,5_501_CmoS,5,181.1,0.777,2.9e-53,NZ_FONH01000003.1,331914,333000,-1,Dyella marensis,Bacteria; Pseudomonadati; Pseudomonadota; Gammaproteobacteria; Lysobacterales; Rhodanobacteraceae; Dyella,0,5_501_CmoS#15,novel_candidate,0.3255,0,0,0,0,other > [alpha] > transporter
NZ_FOVJ01000003.1:40818-41916:-1,WP_074796673.1,BMZ14_RS08290,,SRPBCC family protein,5_501_CmoS,5,90.3,0.6554,9.9e-26,NZ_FOVJ01000003.1,40818,41916,-1,Nitrosospira briensis,Bacteria; Pseudomonadati; Pseudomonadota; Betaproteobacteria; Nitrosomonadales; Nitrosomonadaceae; Nitrosospira,0,5_501_CmoS#0,divergent,0.5378,0,0,0,0,[alpha] > other
NZ_FPBL01000001.1:517693-518800:-1,WP_074926726.1,BM331_RS02600,,aromatic ring-hydroxylating dioxygenase subunit alpha,5_501_CmoS,5,100.0,0.7635,1.1e-28,NZ_FPBL01000001.1,517693,518800,-1,Nitrosomonas eutropha,Bacteria; Pseudomonadati; Pseudomonadota; Betaproteobacteria; Nitrosomonadales; Nitrosomonadaceae; Nitrosomonas,0,5_501_CmoS#0,core,0.5536,0,0,0,0,[alpha] > transporter > other > other
NZ_FPBZ01000004.1:54037-55135:-1,WP_074973812.1,BM324_RS05135,,aromatic ring-hydroxylating dioxygenase subunit alpha,5_501_CmoS,5,84.2,0.6554,7.4e-24,NZ_FPBZ01000004.1,54037,55135,-1,Nitrosospira multiformis,Bacteria; Pseudomonadati; Pseudomonadota; Betaproteobacteria; Nitrosomonadales; Nitrosomonadaceae; Nitrosospira,0,5_501_CmoS#0,divergent,0.513,0,0,0,0,[alpha] > other
NZ_FPIQ01000018.1:7639-8743:1,WP_072294421.1,BT108_RS10150,,aromatic ring-hydroxylating dioxygenase subunit alpha,5_501_CmoS,5,79.5,0.768,1.9e-22,NZ_FPIQ01000018.1,7639,8743,1,Nitrosovibrio sp. Nv17,Bacteria; Pseudomonadati; Pseudomonadota; Betaproteobacteria; Nitrosomonadales; Nitrosomonadaceae; Nitrosovibrio,0,5_501_CmoS#0,divergent,0.5072,0,0,0,0,[alpha] > other
NZ_FPJF01000008.1:210282-211389:-1,WP_072439419.1,BT190_RS17050,,aromatic ring-hydroxylating dioxygenase subunit alpha,5_501_CmoS,5,78.9,0.7658,3e-22,NZ_FPJF01000008.1,210282,211389,-1,Burkholderia sp. NFACC33-1,Bacteria; Pseudomonadati; Pseudomonadota; Betaproteobacteria; Burkholderiales; Burkholderiaceae; Burkholderia,0,5_501_CmoS#0,core,0.9743,0,0,0,0,[alpha] > other
NZ_FRBV01000011.1:74058-75159:1,WP_072768314.1,BUA28_RS11780,,aromatic ring-hydroxylating dioxygenase subunit alpha,5_501_CmoS,5,86.3,0.6509,1.6e-24,NZ_FRBV01000011.1,74058,75159,1,Nitrosospira sp. Nsp11,Bacteria; Pseudomonadati; Pseudomonadota; Betaproteobacteria; Nitrosomonadales; Nitrosomonadaceae; Nitrosospira,0,5_501_CmoS#0,divergent,0.513,0,0,0,0,[alpha] > other
NZ_FRCH01000003.1:300002-301082:-1,WP_072761868.1,BUA26_RS16070,,aromatic ring-hydroxylating dioxygenase subunit alpha,5_501_CmoS,5,181.6,0.7815,2e-53,NZ_FRCH01000003.1,300002,301082,-1,Rhodanobacter sp. OK091,Bacteria; Pseudomonadati; Pseudomonadota; Gammaproteobacteria; Lysobacterales; Rhodanobacteraceae; Rhodanobacter,0,5_501_CmoS#15,novel_candidate,0.3274,0,0,0,0,[alpha] > transporter
NZ_FTMD01000008.1:73243-74344:1,WP_076602572.1,BW991_RS13160,,aromatic ring-hydroxylating dioxygenase subunit alpha,5_501_CmoS,5,73.2,0.6532,1.6e-20,NZ_FTMD01000008.1,73243,74344,1,Aromatoleum tolulyticum,Bacteria; Pseudomonadati; Pseudomonadota; Betaproteobacteria; Rhodocyclales; Rhodocyclaceae; Aromatoleum,0,5_501_CmoS#0,core,0.6052,0,0,0,0,[alpha]
NZ_FTLW01000001.1:596460-597519:-1,WP_076585105.1,BW989_RS02850,,aromatic ring-hydroxylating dioxygenase subunit alpha,5_501_CmoS,5,174.9,0.7815,2.2e-51,NZ_FTLW01000001.1,596460,597519,-1,Solilutibacter tolerans,Bacteria; Pseudomonadati; Pseudomonadota; Gammaproteobacteria; Lysobacterales; Lysobacteraceae; Solilutibacter,0,5_501_CmoS#9,novel_candidate,0.3079,0,0,0,0,other > [alpha]
NZ_JABBFZ010000005.1:312990-314097:-1,WP_169497878.1,HHL14_RS12295,,aromatic ring-hydroxylating dioxygenase subunit alpha,5_501_CmoS,5,85.9,0.7658,2.3e-24,NZ_JABBFZ010000005.1,312990,314097,-1,Paraburkholderia antibiotica,Bacteria; Pseudomonadati; Pseudomonadota; Betaproteobacteria; Burkholderiales; Burkholderiaceae; Paraburkholderia,0,5_501_CmoS#0,core,0.7709,0,0,0,0,[alpha] > other
NZ_JAILZK010000018.1:5629-6694:-1,WP_072754671.1,K6T33_RS05245,,SRPBCC family protein,5_501_CmoS,5,186.2,0.7793,7.9e-55,NZ_JAILZK010000018.1,5629,6694,-1,Thermomonas hydrothermalis,Bacteria; Pseudomonadati; Pseudomonadota; Gammaproteobacteria; Lysobacterales; Lysobacteraceae; Thermomonas,0,5_501_CmoS#9,novel_candidate,0.3313,0,0,0,0,other > other > other > other > hypothetical > [alpha] > transporter
NZ_JAMYWC010000004.1:227866-228964:1,WP_045206055.1,NKG59_RS14500,,aromatic ring-hydroxylating dioxygenase subunit alpha,5_501_CmoS,5,90.5,0.6284,8.9e-26,NZ_JAMYWC010000004.1,227866,228964,1,Ralstonia chuxiongensis,Bacteria; Pseudomonadati; Pseudomonadota; Betaproteobacteria; Burkholderiales; Burkholderiaceae; Ralstonia,0,5_501_CmoS#0,core,0.965,0,0,0,0,[alpha] > transporter > other
NZ_JAVDRM010000013.1:24993-26100:1,WP_014972783.1,J2801_RS29325,,aromatic ring-hydroxylating dioxygenase subunit alpha,5_501_CmoS,5,84.7,0.7658,4.9e-24,NZ_JAVDRM010000013.1,24993,26100,1,Paraburkholderia phenoliruptrix,Bacteria; Pseudomonadati; Pseudomonadota; Betaproteobacteria; Burkholderiales; Burkholderiaceae; Paraburkholderia,0,5_501_CmoS#0,core,0.7927,0,0,0,0,[alpha]
NZ_JAVA01000073.1:121655-122762:-1,WP_006027818.1,AHF07_RS26175,,SRPBCC family protein,5_501_CmoS,5,86.3,0.7658,1.7e-24,NZ_JAVA01000073.1,121655,122762,-1,Burkholderia humptydooensis,Bacteria; Pseudomonadati; Pseudomonadota; Betaproteobacteria; Burkholderiales; Burkholderiaceae; Burkholderia; pseudomallei group,0,5_501_CmoS#0,core,0.9101,0,0,0,0,[alpha] > other
NZ_JBDLAI010000016.1:155596-156703:-1,WP_073428630.1,ABFP44_RS20245,,aromatic ring-hydroxylating dioxygenase subunit alpha,5_501_CmoS,5,88.7,0.7658,3.1e-25,NZ_JBDLAI010000016.1,155596,156703,-1,Paraburkholderia terricola,Bacteria; Pseudomonadati; Pseudomonadota; Betaproteobacteria; Burkholderiales; Burkholderiaceae; Paraburkholderia,0,5_501_CmoS#0,core,0.7982,0,0,0,0,hypothetical > [alpha]
NZ_JFHC01000030.1:42990-44097:-1,WP_035931277.1,BG61_RS19285,,aromatic ring-hydroxylating dioxygenase subunit alpha,5_501_CmoS,5,81.9,0.7658,3.5e-23,NZ_JFHC01000030.1,42990,44097,-1,Caballeronia glathei,Bacteria; Pseudomonadati; Pseudomonadota; Betaproteobacteria; Burkholderiales; Burkholderiaceae; Caballeronia,0,5_501_CmoS#0,core,0.7857,0,0,0,0,[alpha]
NZ_JFJW01000011.1:49109-50213:1,WP_035815796.1,CF68_RS02505,,SRPBCC family protein,5_501_CmoS,5,83.3,0.473,1.3e-23,NZ_JFJW01000011.1,49109,50213,1,Cupriavidus sp. SK-4,Bacteria; Pseudomonadati; Pseudomonadota; Betaproteobacteria; Burkholderiales; Burkholderiaceae; Cupriavidus,0,5_501_CmoS#0,core,0.8684,0,0,0,0,[alpha]
NZ_JFHE01000013.1:122823-123930:1,WP_035966052.1,BG57_RS15880,,aromatic ring-hydroxylating dioxygenase subunit alpha,5_501_CmoS,5,84.5,0.7658,5.9e-24,NZ_JFHE01000013.1,122823,123930,1,Caballeronia grimmiae,Bacteria; Pseudomonadati; Pseudomonadota; Betaproteobacteria; Burkholderiales; Burkholderiaceae; Caballeronia,0,5_501_CmoS#0,core,0.7785,0,0,0,0,[alpha] > other
NZ_JFJV02000154.1:26461-27565:1,WP_035866432.1,CF70_RS15820,,aromatic ring-hydroxylating dioxygenase subunit alpha,5_501_CmoS,5,87.2,0.4752,8.6e-25,NZ_JFJV02000154.1,26461,27565,1,Cupriavidus sp. SK-3,Bacteria; Pseudomonadati; Pseudomonadota; Betaproteobacteria; Burkholderiales; Burkholderiaceae; Cupriavidus,0,5_501_CmoS#0,core,0.8256,0,0,0,0,[alpha]
NZ_JGVW01000057.1:19734-20841:-1,WP_038710693.1,LIG30_RS06645,,aromatic ring-hydroxylating dioxygenase subunit alpha,5_501_CmoS,5,82.3,0.7658,2.8e-23,NZ_JGVW01000057.1,19734,20841,-1,Burkholderia sp. lig30,Bacteria; Pseudomonadati; Pseudomonadota; Betaproteobacteria; Burkholderiales; Burkholderiaceae; Burkholderia,0,5_501_CmoS#0,core,0.8931,0,0,0,0,[alpha] > other
NZ_JNNN01000038.1:152320-153421:-1,WP_036210601.1,FG94_RS10100,,aromatic ring-hydroxylating dioxygenase subunit alpha,5_501_CmoS,5,83.3,0.6284,1.3e-23,NZ_JNNN01000038.1,152320,153421,-1,Massilia sp. LC238,Bacteria; Pseudomonadati; Pseudomonadota; Betaproteobacteria; Burkholderiales; Oxalobacteraceae; Telluria group; Massilia,0,5_501_CmoS#0,core,0.9155,0,0,0,0,[alpha] > transporter > other > hypothetical > regulator
NZ_JPGL01000025.1:22034-23141:1,WP_031399773.1,GQ56_RS0116885,,aromatic ring-hydroxylating dioxygenase subunit alpha,5_501_CmoS,5,79.1,0.7658,2.6e-22,NZ_JPGL01000025.1,22034,23141,1,Burkholderia paludis,Bacteria; Pseudomonadati; Pseudomonadota; Betaproteobacteria; Burkholderiales; Burkholderiaceae; Burkholderia; Burkholderia cepacia complex,0,5_501_CmoS#0,core,0.9771,0,0,0,0,[alpha] > other
NZ_JPLA01000013.1:191804-192875:-1,WP_046970922.1,Y882_RS05765,,aromatic ring-hydroxylating dioxygenase subunit alpha,5_501_CmoS,5,193.8,0.7613,4e-57,NZ_JPLA01000013.1,191804,192875,-1,Dyella japonica DSM 16301,Bacteria; Pseudomonadati; Pseudomonadota; Gammaproteobacteria; Lysobacterales; Rhodanobacteraceae; Dyella,0,5_501_CmoS#3,novel_candidate,0.3209,1,0,0,1,[alpha] > hydrolase > transporter > reductase
NZ_JPGM01000109.1:2101-3208:-1,WP_031399773.1,GQ57_RS36840,,aromatic ring-hydroxylating dioxygenase subunit alpha,5_501_CmoS,5,79.1,0.7658,2.6e-22,NZ_JPGM01000109.1,2101,3208,-1,Burkholderia sp. MSh2,Bacteria; Pseudomonadati; Pseudomonadota; Betaproteobacteria; Burkholderiales; Burkholderiaceae; Burkholderia,0,5_501_CmoS#0,core,0.9771,0,0,0,0,[alpha] > other
NZ_JPQD01000004.1:267509-268625:1,WP_036230166.1,IA69_RS05745,,aromatic ring-hydroxylating dioxygenase subunit alpha,5_501_CmoS,5,83.4,0.6239,1.2e-23,NZ_JPQD01000004.1,267509,268625,1,Massilia sp. JS1662,Bacteria; Pseudomonadota; Betaproteobacteria; Burkholderiales; Oxalobacteraceae; Telluria group; Massilia,0,5_501_CmoS#0,core,0.9251,0,0,0,0,[alpha] > transporter > other
NZ_JPXI01000030.1:162451-163552:-1,WP_036247904.1,MA09_RS10555,,aromatic ring-hydroxylating dioxygenase subunit alpha,5_501_CmoS,5,82.8,0.6261,1.9e-23,NZ_JPXI01000030.1,162451,163552,-1,Massilia sp. BSC265,Bacteria; Pseudomonadati; Pseudomonadota; Betaproteobacteria; Burkholderiales; Oxalobacteraceae; Telluria group; Massilia,0,5_501_CmoS#0,core,0.9128,0,0,0,0,[alpha] > transporter > other > hypothetical > regulator
NZ_JQOI01000032.1:30946-32044:-1,WP_039572772.1,KR96_RS19470,,aromatic ring-hydroxylating dioxygenase subunit alpha,5_501_CmoS,5,88.2,0.6284,4.4e-25,NZ_JQOI01000032.1,30946,32044,-1,Ralstonia solanacearum,Bacteria; Pseudomonadati; Pseudomonadota; Betaproteobacteria; Burkholderiales; Burkholderiaceae; Ralstonia; Ralstonia solanacearum species complex,0,5_501_CmoS#0,core,0.8957,0,0,0,0,[alpha] > transporter > other
NZ_JRKJ01000006.1:121479-122580:-1,WP_036167358.1,LF41_RS06125,,aromatic ring-hydroxylating dioxygenase subunit alpha,5_501_CmoS,5,174.1,0.7815,3.8e-51,NZ_JRKJ01000006.1,121479,122580,-1,Lysobacter dokdonensis DS-58,Bacteria; Pseudomonadati; Pseudomonadota; Gammaproteobacteria; Lysobacterales; Lysobacteraceae; Noviluteimonas,0,5_501_CmoS#9,novel_candidate,0.3199,0,0,0,0,[alpha] > hypothetical > transporter
NZ_JSBM01000037.1:49259-50366:-1,WP_008353970.1,NV82_RS09110,,aromatic ring-hydroxylating dioxygenase subunit alpha,5_501_CmoS,5,85.1,0.7658,3.9e-24,NZ_JSBM01000037.1,49259,50366,-1,Caballeronia zhejiangensis,Bacteria; Pseudomonadati; Pseudomonadota; Betaproteobacteria; Burkholderiales; Burkholderiaceae; Caballeronia,0,5_501_CmoS#0,core,0.7833,0,0,0,0,[alpha] > other
NZ_JSVC01000010.1:11411-12491:-1,WP_039139336.1,OI18_RS09385,,SRPBCC family protein,5_501_CmoS,5,138.8,0.786,2e-40,NZ_JSVC01000010.1,11411,12491,-1,Flavihumibacter solisilvae,Bacteria; Pseudomonadati; Bacteroidota; Chitinophagia; Chitinophagales; Chitinophagaceae; Flavihumibacter,0,5_501_CmoS#14,novel_candidate,0.2783,0,0,0,0,hypothetical > hypothetical > other > [alpha] > transporter
NZ_JTAN02000003.1:299047-300154:-1,WP_044845269.1,PL79_RS05445,,aromatic ring-hydroxylating dioxygenase subunit alpha,5_501_CmoS,5,78.8,0.7658,3e-22,NZ_JTAN02000003.1,299047,300154,-1,Burkholderia sp. USMB20,Bacteria; Pseudomonadati; Pseudomonadota; Betaproteobacteria; Burkholderiales; Burkholderiaceae; Burkholderia,0,5_501_CmoS#0,core,0.9226,0,0,0,0,[alpha] > other
NZ_JSZO01000007.1:195057-196155:-1,WP_039597742.1,PI87_RS11015,,aromatic ring-hydroxylating dioxygenase subunit alpha,5_501_CmoS,5,89.6,0.6239,1.7e-25,NZ_JSZO01000007.1,195057,196155,-1,Ralstonia sp. A12,Bacteria; Pseudomonadati; Pseudomonadota; Betaproteobacteria; Burkholderiales; Burkholderiaceae; Ralstonia,0,5_501_CmoS#0,core,0.9509,0,0,0,0,[alpha] > transporter > other
NZ_JWLW01000065.1:104725-105781:1,WP_039222798.1,RJ41_RS15565,,aromatic ring-hydroxylating dioxygenase subunit alpha,5_501_CmoS,5,51.8,0.6014,5e-14,NZ_JWLW01000065.1,104725,105781,1,Alteromonas marina,Bacteria; Pseudomonadati; Pseudomonadota; Gammaproteobacteria; Alteromonadales; Alteromonadaceae; Alteromonas/Salinimonas group; Alteromonas,0,5_501_CmoS#24,divergent,0.4169,0,0,0,0,[alpha] > other
NZ_JXQM01000026.1:7575-8679:1,WP_041514867.1,SQ11_RS14270,,SRPBCC family protein,5_501_CmoS,5,79.0,0.7658,2.8e-22,NZ_JXQM01000026.1,7575,8679,1,Nitrosospira sp. NpAV,Bacteria; Pseudomonadati; Pseudomonadota; Betaproteobacteria; Nitrosomonadales; Nitrosomonadaceae; Nitrosospira,0,5_501_CmoS#0,divergent,0.5431,0,0,0,0,[alpha] > other
NZ_KB944461.1:508453-509557:-1,WP_010813644.1,C265_RS05040,,SRPBCC family protein,5_501_CmoS,5,83.1,0.473,1.6e-23,NZ_KB944461.1,508453,509557,-1,Cupriavidus sp. GA3-3,Bacteria; Pseudomonadati; Pseudomonadota; Betaproteobacteria; Burkholderiales; Burkholderiaceae; Cupriavidus,0,5_501_CmoS#0,core,0.8655,0,0,0,0,[alpha]
NZ_KK211256.1:198989-200090:1,WP_004333857.1,Q393_RS0118395,,aromatic ring-hydroxylating dioxygenase subunit alpha,5_501_CmoS,5,70.3,0.6396,1.2e-19,NZ_KK211256.1,198989,200090,1,Thauera linaloolentis 47Lol = DSM 12138,Bacteria; Pseudomonadati; Pseudomonadota; Betaproteobacteria; Rhodocyclales; Zoogloeaceae; Thauera,0,5_501_CmoS#0,core,0.5735,0,0,0,0,[alpha]
NZ_LAQU01000036.1:29005-30109:-1,WP_024902138.1,WM40_RS22120,,aromatic ring-hydroxylating dioxygenase subunit alpha,5_501_CmoS,5,77.0,0.768,1.1e-21,NZ_LAQU01000036.1,29005,30109,-1,Robbsia andropogonis,Bacteria; Pseudomonadati; Pseudomonadota; Betaproteobacteria; Burkholderiales; Burkholderiaceae; Robbsia,0,5_501_CmoS#0,core,0.7236,0,0,0,0,[alpha] > other
NZ_LAQT01000001.1:332205-333312:1,WP_053935991.1,WG78_RS01410,,aromatic ring-hydroxylating dioxygenase subunit alpha,5_501_CmoS,5,81.4,0.6374,5.2e-23,NZ_LAQT01000001.1,332205,333312,1,Amantichitinum ursilacus,Bacteria; Pseudomonadati; Pseudomonadota; Betaproteobacteria; Neisseriales; Chitinibacteraceae; Amantichitinum,0,5_501_CmoS#0,divergent,0.548,0,0,0,0,hypothetical > [alpha]
NZ_LDWR01000055.1:231898-233005:-1,WP_048250239.1,VL15_RS29620,,aromatic ring-hydroxylating dioxygenase subunit alpha,5_501_CmoS,5,79.7,0.7658,1.6e-22,NZ_LDWR01000055.1,231898,233005,-1,Burkholderia cepacia,Bacteria; Pseudomonadati; Pseudomonadota; Betaproteobacteria; Burkholderiales; Burkholderiaceae; Burkholderia; Burkholderia cepacia complex,0,5_501_CmoS#0,core,0.9686,0,0,0,0,[alpha] > other
NZ_LFJJ01000146.1:13443-14550:1,WP_050454918.1,BVER_RS20885,,aromatic ring-hydroxylating dioxygenase subunit alpha,5_501_CmoS,5,83.0,0.7658,1.6e-23,NZ_LFJJ01000146.1,13443,14550,1,Candidatus Burkholderia verschuerenii,Bacteria; Pseudomonadati; Pseudomonadota; Betaproteobacteria; Burkholderiales; Burkholderiaceae; Burkholderia,0,5_501_CmoS#0,core,0.7778,0,0,0,0,[alpha]
NZ_LELH02000009.1:863136-864240:1,WP_052233571.1,AB595_RS10850,,aromatic ring-hydroxylating dioxygenase subunit alpha,5_501_CmoS,5,84.0,0.7658,8.3e-24,NZ_LELH02000009.1,863136,864240,1,Massilia sp. WF1,Bacteria; Pseudomonadati; Pseudomonadota; Betaproteobacteria; Burkholderiales; Oxalobacteraceae; Telluria group; Massilia,0,5_501_CmoS#0,core,0.9302,0,0,0,0,[alpha] > transporter > other
NZ_LGRC01000023.1:143048-144155:1,WP_053569377.1,ACU09_RS18175,,aromatic ring-hydroxylating dioxygenase subunit alpha,5_501_CmoS,5,84.4,0.7635,6.2e-24,NZ_LGRC01000023.1,143048,144155,1,Caballeronia cordobensis,Bacteria; Pseudomonadati; Pseudomonadota; Betaproteobacteria; Burkholderiales; Burkholderiaceae; Caballeronia,0,5_501_CmoS#0,core,0.8142,0,0,0,0,[alpha] > other
NZ_LMCY01000044.1:75701-76817:1,WP_056447842.1,ASC93_RS22790,,aromatic ring-hydroxylating dioxygenase subunit alpha,5_501_CmoS,5,82.1,0.7635,3e-23,NZ_LMCY01000044.1,75701,76817,1,Massilia sp. Root335,Bacteria; Pseudomonadati; Pseudomonadota; Betaproteobacteria; Burkholderiales; Oxalobacteraceae; Telluria group; Massilia,0,5_501_CmoS#0,core,0.9186,0,0,0,0,[alpha] > transporter > other
NZ_LMFZ01000034.1:357101-358166:1,WP_057263457.1,ASD58_RS22590,,aromatic ring-hydroxylating dioxygenase subunit alpha,5_501_CmoS,5,192.7,0.7793,8.9e-57,NZ_LMFZ01000034.1,357101,358166,1,Duganella sp. Root1480D1,Bacteria; Pseudomonadati; Pseudomonadota; Betaproteobacteria; Burkholderiales; Oxalobacteraceae; Telluria group; Duganella,0,5_501_CmoS#3,novel_candidate,0.3394,0,0,0,0,[alpha] > transporter
NZ_LMGY01000017.1:141621-142677:1,WP_056880843.1,ASD72_RS15410,,aromatic ring-hydroxylating dioxygenase subunit alpha,5_501_CmoS,5,195.0,0.7815,1.8e-57,NZ_LMGY01000017.1,141621,142677,1,Pseudoxanthomonas sp. Root630,Bacteria; Pseudomonadati; Pseudomonadota; Gammaproteobacteria; Lysobacterales; Lysobacteraceae; Pseudoxanthomonas,0,5_501_CmoS#3,novel_candidate,0.3364,1,0,0,1,[alpha] > hydrolase > transporter > reductase
NZ_LMHZ01000013.1:148280-149381:1,WP_057290713.1,ASE07_RS10225,,aromatic ring-hydroxylating dioxygenase subunit alpha,5_501_CmoS,5,74.8,0.4775,5.2e-21,NZ_LMHZ01000013.1,148280,149381,1,Noviherbaspirillum sp. Root189,Bacteria; Pseudomonadati; Pseudomonadota; Betaproteobacteria; Burkholderiales; Oxalobacteraceae; Noviherbaspirillum,0,5_501_CmoS#0,core,0.8064,0,0,0,0,[alpha]
NZ_LMIC01000006.1:76778-77846:1,WP_055935219.1,ASE26_RS08545,,aromatic ring-hydroxylating dioxygenase subunit alpha,5_501_CmoS,5,190.6,0.7793,3.6e-56,NZ_LMIC01000006.1,76778,77846,1,Duganella sp. Root198D2,Bacteria; Pseudomonadati; Pseudomonadota; Betaproteobacteria; Burkholderiales; Oxalobacteraceae; Telluria group; Duganella,0,5_501_CmoS#3,novel_candidate,0.3233,0,0,0,0,[alpha] > transporter
NZ_LMJN01000003.1:282836-283940:1,WP_055901006.1,ASE45_RS12500,,aromatic ring-hydroxylating dioxygenase subunit alpha,5_501_CmoS,5,168.8,0.7815,1.5e-49,NZ_LMJN01000003.1,282836,283940,1,Lysobacter sp. Root96,Bacteria; Pseudomonadati; Pseudomonadota; Gammaproteobacteria; Lysobacterales; Lysobacteraceae; Lysobacter,0,5_501_CmoS#9,novel_candidate,0.322,0,0,0,0,other > hypothetical > [alpha] > transporter
NZ_LMLM01000012.1:716940-718041:1,WP_056141606.1,ASF04_RS12070,,aromatic ring-hydroxylating dioxygenase subunit alpha,5_501_CmoS,5,72.3,0.6216,3e-20,NZ_LMLM01000012.1,716940,718041,1,Duganella sp. Leaf61,Bacteria; Pseudomonadati; Pseudomonadota; Betaproteobacteria; Burkholderiales; Oxalobacteraceae; Telluria group; Duganella,0,5_501_CmoS#0,core,0.858,0,0,0,0,[alpha] > transporter > other
NZ_LMNW01000031.1:687860-688961:1,WP_056157788.1,ASF61_RS16270,,aromatic ring-hydroxylating dioxygenase subunit alpha,5_501_CmoS,5,72.0,0.7613,3.6e-20,NZ_LMNW01000031.1,687860,688961,1,Duganella sp. Leaf126,Bacteria; Pseudomonadati; Pseudomonadota; Betaproteobacteria; Burkholderiales; Oxalobacteraceae; Telluria group; Duganella,0,5_501_CmoS#0,core,0.8493,0,0,0,0,[alpha] > transporter > other
NZ_LMOJ01000012.1:418684-419785:1,WP_056338730.1,ASF77_RS10450,,aromatic ring-hydroxylating dioxygenase subunit alpha,5_501_CmoS,5,82.8,0.7658,1.9e-23,NZ_LMOJ01000012.1,418684,419785,1,Massilia sp. Leaf139,Bacteria; Pseudomonadati; Pseudomonadota; Betaproteobacteria; Burkholderiales; Oxalobacteraceae; Telluria group; Massilia,0,5_501_CmoS#0,core,0.8299,0,0,0,0,[alpha] > transporter > other > regulator
NZ_LMPF01000023.1:207249-208356:1,WP_056362661.1,ASG35_RS22025,,aromatic ring-hydroxylating dioxygenase subunit alpha,5_501_CmoS,5,81.1,0.768,6.3e-23,NZ_LMPF01000023.1,207249,208356,1,Burkholderia sp. Leaf177,Bacteria; Pseudomonadati; Pseudomonadota; Betaproteobacteria; Burkholderiales; Burkholderiaceae; Burkholderia,0,5_501_CmoS#0,core,0.7847,0,0,0,0,[alpha]
NZ_LOVS01000010.1:14373-15480:1,WP_066567404.1,WS62_RS02760,,aromatic ring-hydroxylating dioxygenase subunit alpha,5_501_CmoS,5,86.4,0.7658,1.5e-24,NZ_LOVS01000010.1,14373,15480,1,Burkholderia sp. ABCPW 14,Bacteria; Pseudomonadati; Pseudomonadota; Betaproteobacteria; Burkholderiales; Burkholderiaceae; Burkholderia,0,5_501_CmoS#0,core,0.8592,0,0,0,0,[alpha]
NZ_LOWB01000072.1:65411-66518:-1,WP_059570874.1,WS68_RS11080,,SRPBCC family protein,5_501_CmoS,5,81.9,0.7658,3.7e-23,NZ_LOWB01000072.1,65411,66518,-1,Burkholderia sp. TSV86,Bacteria; Pseudomonadati; Pseudomonadota; Betaproteobacteria; Burkholderiales; Burkholderiaceae; Burkholderia,0,5_501_CmoS#0,core,0.8689,0,0,0,0,[alpha] > other
NZ_LOSU01000028.1:195129-196236:-1,WP_059689628.1,WS45_RS11410,,aromatic ring-hydroxylating dioxygenase subunit alpha,5_501_CmoS,5,79.3,0.7658,2.2e-22,NZ_LOSU01000028.1,195129,196236,-1,Burkholderia sp. RF2-non_BP3,Bacteria; Pseudomonadati; Pseudomonadota; Betaproteobacteria; Burkholderiales; Burkholderiaceae; Burkholderia,0,5_501_CmoS#0,core,0.9857,0,0,0,0,[alpha] > other
NZ_LOTQ01000014.1:222912-224019:-1,WP_040139362.1,WI41_RS09490,,aromatic ring-hydroxylating dioxygenase subunit alpha,5_501_CmoS,5,80.4,0.7658,1e-22,NZ_LOTQ01000014.1,222912,224019,-1,Burkholderia latens,Bacteria; Pseudomonadati; Pseudomonadota; Betaproteobacteria; Burkholderiales; Burkholderiaceae; Burkholderia; Burkholderia cepacia complex,0,5_501_CmoS#0,core,0.985,0,0,0,0,[alpha] > other
NZ_LOWA01000018.1:640690-641797:1,WP_059515124.1,WS67_RS06490,,SRPBCC family protein,5_501_CmoS,5,81.6,0.7658,4.5e-23,NZ_LOWA01000018.1,640690,641797,1,Burkholderia singularis,Bacteria; Pseudomonadati; Pseudomonadota; Betaproteobacteria; Burkholderiales; Burkholderiaceae; Burkholderia; pseudomallei group,0,5_501_CmoS#0,core,0.8689,0,0,0,0,[alpha] > other
NZ_LOXM01000262.1:172197-173304:-1,WP_059759325.1,WJ33_RS31195,,aromatic ring-hydroxylating dioxygenase subunit alpha,5_501_CmoS,5,81.9,0.7658,3.7e-23,NZ_LOXM01000262.1,172197,173304,-1,Burkholderia ubonensis,Bacteria; Pseudomonadati; Pseudomonadota; Betaproteobacteria; Burkholderiales; Burkholderiaceae; Burkholderia; Burkholderia cepacia complex,0,5_501_CmoS#0,core,0.9728,0,0,0,0,[alpha] > other
NZ_LOWC01000142.1:153031-154138:-1,WP_059472777.1,WS69_RS21930,,aromatic ring-hydroxylating dioxygenase subunit alpha,5_501_CmoS,5,87.7,0.7658,6.3e-25,NZ_LOWC01000142.1,153031,154138,-1,Burkholderia sp. BDU5,Bacteria; Pseudomonadati; Pseudomonadota; Betaproteobacteria; Burkholderiales; Burkholderiaceae; Burkholderia,0,5_501_CmoS#0,core,0.8921,0,0,0,0,[alpha]
NZ_LOXK01000023.1:376130-377237:1,WP_038743367.1,WS77_RS04790,,aromatic ring-hydroxylating dioxygenase subunit alpha,5_501_CmoS,5,84.9,0.7658,4.3e-24,NZ_LOXK01000023.1,376130,377237,1,Burkholderia sp. MSMB0265,Bacteria; Pseudomonadati; Pseudomonadota; Betaproteobacteria; Burkholderiales; Burkholderiaceae; Burkholderia,0,5_501_CmoS#0,core,0.9035,0,0,0,0,[alpha] > other
NZ_LPFQ01000088.1:45086-46193:1,WP_060107253.1,WT31_RS19695,,aromatic ring-hydroxylating dioxygenase subunit alpha,5_501_CmoS,5,83.8,0.7658,9.5e-24,NZ_LPFQ01000088.1,45086,46193,1,Burkholderia territorii,Bacteria; Pseudomonadati; Pseudomonadota; Betaproteobacteria; Burkholderiales; Burkholderiaceae; Burkholderia; Burkholderia cepacia complex,0,5_501_CmoS#0,core,0.98,0,0,0,0,[alpha] > other
NZ_LOYH01000092.1:133919-135026:1,WP_059521457.1,WS90_RS29280,,aromatic ring-hydroxylating dioxygenase subunit alpha,5_501_CmoS,5,77.8,0.7658,6.3e-22,NZ_LOYH01000092.1,133919,135026,1,Burkholderia cepacia,Bacteria; Pseudomonadati; Pseudomonadota; Betaproteobacteria; Burkholderiales; Burkholderiaceae; Burkholderia; Burkholderia cepacia complex,0,5_501_CmoS#0,core,0.9829,0,0,0,0,[alpha] > other
NZ_LOYK01000037.1:134429-135536:1,WP_059521457.1,WS93_RS15135,,aromatic ring-hydroxylating dioxygenase subunit alpha,5_501_CmoS,5,77.8,0.7658,6.3e-22,NZ_LOYK01000037.1,134429,135536,1,Burkholderia cepacia,Bacteria; Pseudomonadati; Pseudomonadota; Betaproteobacteria; Burkholderiales; Burkholderiaceae; Burkholderia; Burkholderia cepacia complex,0,5_501_CmoS#0,core,0.9829,0,0,0,0,[alpha] > other
NZ_LPGJ01000080.1:96952-98059:1,WP_010089139.1,WL18_RS18000,,aromatic ring-hydroxylating dioxygenase subunit alpha,5_501_CmoS,5,83.9,0.7658,9e-24,NZ_LPGJ01000080.1,96952,98059,1,Burkholderia ubonensis,Bacteria; Pseudomonadati; Pseudomonadota; Betaproteobacteria; Burkholderiales; Burkholderiaceae; Burkholderia; Burkholderia cepacia complex,0,5_501_CmoS#0,core,0.9758,0,0,0,0,[alpha] > other
NZ_LPHZ01000072.1:101341-102448:-1,WP_059983901.1,WL51_RS16305,,aromatic ring-hydroxylating dioxygenase subunit alpha,5_501_CmoS,5,84.6,0.7658,5.6e-24,NZ_LPHZ01000072.1,101341,102448,-1,Burkholderia ubonensis,Bacteria; Pseudomonadati; Pseudomonadota; Betaproteobacteria; Burkholderiales; Burkholderiaceae; Burkholderia; Burkholderia cepacia complex,0,5_501_CmoS#0,core,0.9728,0,0,0,0,[alpha] > other
NZ_LPHZ01000072.1:201892-202999:1,WP_059983901.1,WL51_RS16720,,aromatic ring-hydroxylating dioxygenase subunit alpha,5_501_CmoS,5,84.6,0.7658,5.6e-24,NZ_LPHZ01000072.1,201892,202999,1,Burkholderia ubonensis,Bacteria; Pseudomonadati; Pseudomonadota; Betaproteobacteria; Burkholderiales; Burkholderiaceae; Burkholderia; Burkholderia cepacia complex,0,5_501_CmoS#0,core,0.9728,0,0,0,0,[alpha] > other
NZ_LPJR01000071.1:199030-200137:-1,WP_060245841.1,WT56_RS27145,,aromatic ring-hydroxylating dioxygenase subunit alpha,5_501_CmoS,5,80.0,0.7658,1.3e-22,NZ_LPJR01000071.1,199030,200137,-1,Burkholderia pseudomultivorans,Bacteria; Pseudomonadati; Pseudomonadota; Betaproteobacteria; Burkholderiales; Burkholderiaceae; Burkholderia; Burkholderia cepacia complex,0,5_501_CmoS#0,core,0.9686,0,0,0,0,[alpha] > other
NZ_LPJX01000061.1:500069-501176:-1,WP_040130199.1,WT57_RS25475,,aromatic ring-hydroxylating dioxygenase subunit alpha,5_501_CmoS,5,80.0,0.7658,1.3e-22,NZ_LPJX01000061.1,500069,501176,-1,Burkholderia pseudomultivorans,Bacteria; Pseudomonadati; Pseudomonadota; Betaproteobacteria; Burkholderiales; Burkholderiaceae; Burkholderia; Burkholderia cepacia complex,0,5_501_CmoS#0,core,0.97,0,0,0,0,[alpha] > other
NZ_LPLU01000048.1:130597-131704:-1,WP_010089139.1,WM16_RS10390,,aromatic ring-hydroxylating dioxygenase subunit alpha,5_501_CmoS,5,83.9,0.7658,9e-24,NZ_LPLU01000048.1,130597,131704,-1,Burkholderia ubonensis,Bacteria; Pseudomonadati; Pseudomonadota; Betaproteobacteria; Burkholderiales; Burkholderiaceae; Burkholderia; Burkholderia cepacia complex,0,5_501_CmoS#0,core,0.9758,0,0,0,0,[alpha] > other
NZ_LPMY01000089.1:157370-158477:-1,WP_059565956.1,WT99_RS28485,,aromatic ring-hydroxylating dioxygenase subunit alpha,5_501_CmoS,5,83.7,0.7658,1e-23,NZ_LPMY01000089.1,157370,158477,-1,Burkholderia stagnalis,Bacteria; Pseudomonadati; Pseudomonadota; Betaproteobacteria; Burkholderiales; Burkholderiaceae; Burkholderia; Burkholderia cepacia complex,0,5_501_CmoS#0,core,0.9629,0,0,0,0,[alpha] > other
NZ_LRBG01000014.1:15601-16708:1,WP_062129414.1,CI15_RS16520,,aromatic ring-hydroxylating dioxygenase subunit alpha,5_501_CmoS,5,86.8,0.7658,1.2e-24,NZ_LRBG01000014.1,15601,16708,1,Paraburkholderia monticola,Bacteria; Pseudomonadati; Pseudomonadota; Betaproteobacteria; Burkholderiales; Burkholderiaceae; Paraburkholderia,0,5_501_CmoS#0,core,0.816,0,0,0,0,[alpha] > other
NZ_LRDB01000050.1:505585-506671:-1,WP_068418059.1,AWN68_RS16355,,aromatic ring-hydroxylating dioxygenase subunit alpha,5_501_CmoS,5,153.5,0.7838,6.6e-45,NZ_LRDB01000050.1,505585,506671,-1,Roseivirga echinicomitans,Bacteria; Pseudomonadati; Bacteroidota; Cytophagia; Cytophagales; Roseivirgaceae; Roseivirga,0,5_501_CmoS#14,novel_candidate,0.2643,0,0,0,0,[alpha]
NZ_LROM01000091.1:64333-65434:-1,WP_070249335.1,DUPY_RS15715,,aromatic ring-hydroxylating dioxygenase subunit alpha,5_501_CmoS,5,70.3,0.6216,1.2e-19,NZ_LROM01000091.1,64333,65434,-1,Duganella phyllosphaerae,Bacteria; Pseudomonadati; Pseudomonadota; Betaproteobacteria; Burkholderiales; Oxalobacteraceae; Telluria group; Duganella,0,5_501_CmoS#0,core,0.8501,0,0,0,0,[alpha] > transporter > other
NZ_LVJS01000014.1:5358-6429:1,WP_008435907.1,RHOFW104T7_RS01780,,aromatic ring-hydroxylating dioxygenase subunit alpha,5_501_CmoS,5,187.5,0.7703,3.2e-55,NZ_LVJS01000014.1,5358,6429,1,Rhodanobacter thiooxydans,Bacteria; Pseudomonadati; Pseudomonadota; Gammaproteobacteria; Lysobacterales; Rhodanobacteraceae; Rhodanobacter,0,5_501_CmoS#3,novel_candidate,0.3179,1,0,0,1,[alpha] > hydrolase > transporter > reductase
NZ_LVJU01000008.1:38122-39193:-1,WP_068093198.1,RhoFW510R10_RS01490,,aromatic ring-hydroxylating dioxygenase subunit alpha,5_501_CmoS,5,190.7,0.7703,3.5e-56,NZ_LVJU01000008.1,38122,39193,-1,Rhodanobacter sp. FW510-R10,Bacteria; Pseudomonadati; Pseudomonadota; Gammaproteobacteria; Lysobacterales; Rhodanobacteraceae; Rhodanobacter,0,5_501_CmoS#3,novel_candidate,0.3385,1,0,0,1,[alpha] > transporter > reductase
NZ_LXGI01000068.1:62652-63759:1,WP_065059960.1,A6456_RS14250,,aromatic ring-hydroxylating dioxygenase subunit alpha,5_501_CmoS,5,81.4,0.7658,4.9e-23,NZ_LXGI01000068.1,62652,63759,1,Paraburkholderia tropica,Bacteria; Pseudomonadati; Pseudomonadota; Betaproteobacteria; Burkholderiales; Burkholderiaceae; Paraburkholderia,0,5_501_CmoS#0,core,0.8179,0,0,0,0,[alpha]
NZ_LXKA01000011.1:176484-177591:-1,WP_064271013.1,A6V37_RS00845,,aromatic ring-hydroxylating dioxygenase subunit alpha,5_501_CmoS,5,87.8,0.7658,5.7e-25,NZ_LXKA01000011.1,176484,177591,-1,Paraburkholderia ginsengiterrae,Bacteria; Pseudomonadati; Pseudomonadota; Betaproteobacteria; Burkholderiales; Burkholderiaceae; Paraburkholderia,0,5_501_CmoS#0,core,0.7927,0,0,0,0,[alpha] > other
NZ_LXTQ01000011.1:374561-375665:-1,WP_067108648.1,A7976_RS06105,,SRPBCC family protein,5_501_CmoS,5,83.9,0.768,9.1e-24,NZ_LXTQ01000011.1,374561,375665,-1,Methylobacillus sp. MM3,Bacteria; Pseudomonadati; Pseudomonadota; Betaproteobacteria; Nitrosomonadales; Methylophilaceae; Methylobacillus,0,5_501_CmoS#0,divergent,0.5413,0,0,0,0,[alpha]
NZ_LZFI01000003.1:339354-340461:-1,WP_072582861.1,AOC28_RS05085,,SRPBCC family protein,5_501_CmoS,5,87.7,0.7748,6.4e-25,NZ_LZFI01000003.1,339354,340461,-1,Polynucleobacter sp. MWH-Adler-W8,Bacteria; Pseudomonadati; Pseudomonadota; Betaproteobacteria; Burkholderiales; Burkholderiaceae; Polynucleobacter,0,5_501_CmoS#0,core,0.7948,0,0,0,0,[alpha] > other
NZ_LZMQ01000001.1:375198-376305:-1,WP_071466019.1,A9236_RS01890,,SRPBCC family protein,5_501_CmoS,5,86.3,0.7748,1.6e-24,NZ_LZMQ01000001.1,375198,376305,-1,Polynucleobacter sp. QLW-P1DATA-2,Bacteria; Pseudomonadati; Pseudomonadota; Betaproteobacteria; Burkholderiales; Burkholderiaceae; Polynucleobacter,0,5_501_CmoS#0,core,0.789,0,0,0,0,[alpha] > other
NZ_MDHN01000041.1:358634-359771:-1,WP_070127315.1,BFC18_RS19565,,SRPBCC family protein,5_501_CmoS,5,116.0,0.7658,1.6e-33,NZ_MDHN01000041.1,358634,359771,-1,Alteromonas confluentis,Bacteria; Pseudomonadati; Pseudomonadota; Gammaproteobacteria; Alteromonadales; Alteromonadaceae; Alteromonas/Salinimonas group; Alteromonas,0,5_501_CmoS#37,novel_candidate,0.2284,1,0,1,0,[alpha] > ferredoxin
NZ_MECN01000009.1:164342-165449:-1,WP_059967026.1,BGV65_RS10480,,aromatic ring-hydroxylating dioxygenase subunit alpha,5_501_CmoS,5,85.1,0.7658,3.8e-24,NZ_MECN01000009.1,164342,165449,-1,Burkholderia ubonensis,Bacteria; Pseudomonadati; Pseudomonadota; Betaproteobacteria; Burkholderiales; Burkholderiaceae; Burkholderia; Burkholderia cepacia complex,0,5_501_CmoS#0,core,0.9723,0,0,0,0,[alpha] > other
NZ_MECP01000067.1:256012-257119:1,WP_010089139.1,BGV63_RS31265,,aromatic ring-hydroxylating dioxygenase subunit alpha,5_501_CmoS,5,83.9,0.7658,9e-24,NZ_MECP01000067.1,256012,257119,1,Burkholderia ubonensis,Bacteria; Pseudomonadati; Pseudomonadota; Betaproteobacteria; Burkholderiales; Burkholderiaceae; Burkholderia; Burkholderia cepacia complex,0,5_501_CmoS#0,core,0.9758,0,0,0,0,[alpha] > other
NZ_MIPZ01000012.1:414357-415413:1,WP_069944582.1,BFV96_RS12355,,aromatic ring-hydroxylating dioxygenase subunit alpha,5_501_CmoS,5,53.7,0.5991,1.3e-14,NZ_MIPZ01000012.1,414357,415413,1,Alteromonas macleodii,Bacteria; Pseudomonadati; Pseudomonadota; Gammaproteobacteria; Alteromonadales; Alteromonadaceae; Alteromonas/Salinimonas group; Alteromonas,0,5_501_CmoS#24,divergent,0.4128,0,0,0,0,[alpha] > other
NZ_ML058601.1:144940-146047:1,WP_121858686.1,C7H84_RS10130,,aromatic ring-hydroxylating dioxygenase subunit alpha,5_501_CmoS,5,78.5,0.7658,3.9e-22,NZ_ML058601.1,144940,146047,1,Burkholderia sp. Nafp2/4-1b,Bacteria; Pseudomonadati; Pseudomonadota; Betaproteobacteria; Burkholderiales; Burkholderiaceae; Burkholderia,0,5_501_CmoS#0,core,0.98,0,0,0,0,[alpha] > other
NZ_MPIY01000003.1:449232-450339:-1,WP_076023809.1,BOQ04_RS05880,,aromatic ring-hydroxylating dioxygenase subunit alpha,5_501_CmoS,5,92.5,0.7748,2.3e-26,NZ_MPIY01000003.1,449232,450339,-1,Polynucleobacter sphagniphilus,Bacteria; Pseudomonadati; Pseudomonadota; Betaproteobacteria; Burkholderiales; Burkholderiaceae; Polynucleobacter,0,5_501_CmoS#0,core,0.7536,0,0,0,0,[alpha] > other
NZ_MSDV01000074.1:89589-90696:-1,WP_075304937.1,BTH42_RS30670,,aromatic ring-hydroxylating dioxygenase subunit alpha,5_501_CmoS,5,83.7,0.7658,1e-23,NZ_MSDV01000074.1,89589,90696,-1,Burkholderia sp. SRS-W-2-2016,Bacteria; Pseudomonadati; Pseudomonadota; Betaproteobacteria; Burkholderiales; Burkholderiaceae; Burkholderia,0,5_501_CmoS#0,core,0.8129,0,0,0,0,[alpha] > other
NZ_MSDZ01000017.1:405364-406471:1,WP_065059960.1,BUM79_RS08295,,aromatic ring-hydroxylating dioxygenase subunit alpha,5_501_CmoS,5,81.4,0.7658,4.9e-23,NZ_MSDZ01000017.1,405364,406471,1,Paraburkholderia tropica,Bacteria; Pseudomonadati; Pseudomonadota; Betaproteobacteria; Burkholderiales; Burkholderiaceae; Paraburkholderia,0,5_501_CmoS#0,core,0.8179,0,0,0,0,[alpha]
NZ_MTJZ01000001.1:304150-305257:1,WP_076474449.1,BW685_RS01305,,aromatic ring-hydroxylating dioxygenase subunit alpha,5_501_CmoS,5,84.2,0.7658,7.2e-24,NZ_MTJZ01000001.1,304150,305257,1,Burkholderia ubonensis,Bacteria; Pseudomonadati; Pseudomonadota; Betaproteobacteria; Burkholderiales; Burkholderiaceae; Burkholderia; Burkholderia cepacia complex,0,5_501_CmoS#0,core,0.9758,0,0,0,0,[alpha] > other
NZ_NBTZ01000022.1:198087-199194:1,WP_075358938.1,PAMC26577_RS03950,,aromatic ring-hydroxylating dioxygenase subunit alpha,5_501_CmoS,5,81.7,0.7658,4e-23,NZ_NBTZ01000022.1,198087,199194,1,Caballeronia sordidicola,Bacteria; Pseudomonadati; Pseudomonadota; Betaproteobacteria; Burkholderiales; Burkholderiaceae; Caballeronia,0,5_501_CmoS#0,core,0.7731,0,0,0,0,[alpha] > other
NZ_NBYX01000010.1:13332-14439:1,WP_085040601.1,B7G54_RS19695,,aromatic ring-hydroxylating dioxygenase subunit alpha,5_501_CmoS,5,81.9,0.7658,3.6e-23,NZ_NBYX01000010.1,13332,14439,1,Burkholderia puraquae,Bacteria; Pseudomonadati; Pseudomonadota; Betaproteobacteria; Burkholderiales; Burkholderiaceae; Burkholderia; Burkholderia cepacia complex,0,5_501_CmoS#0,core,0.9771,0,0,0,0,[alpha] > other
NZ_NKFA01000020.1:4572-5679:1,WP_043177779.1,CFB84_RS31925,,aromatic ring-hydroxylating dioxygenase subunit alpha,5_501_CmoS,5,79.8,0.7658,1.5e-22,NZ_NKFA01000020.1,4572,5679,1,Burkholderia aenigmatica,Bacteria; Pseudomonadati; Pseudomonadota; Betaproteobacteria; Burkholderiales; Burkholderiaceae; Burkholderia; Burkholderia cepacia complex,0,5_501_CmoS#0,core,0.98,0,0,0,0,[alpha] > other
NZ_NKEZ01000007.1:653293-654400:-1,WP_089469319.1,CFB89_RS19825,,aromatic ring-hydroxylating dioxygenase subunit alpha,5_501_CmoS,5,81.6,0.7658,4.5e-23,NZ_NKEZ01000007.1,653293,654400,-1,Burkholderia sp. AU16741,Bacteria; Pseudomonadati; Pseudomonadota; Betaproteobacteria; Burkholderiales; Burkholderiaceae; Burkholderia,0,5_501_CmoS#0,core,0.9771,0,0,0,0,[alpha]
NZ_PHHP01000031.1:66619-67717:1,WP_003262208.1,CVV71_RS08555,,aromatic ring-hydroxylating dioxygenase subunit alpha,5_501_CmoS,5,87.5,0.6284,7.1e-25,NZ_PHHP01000031.1,66619,67717,1,Ralstonia solanacearum,Bacteria; Pseudomonadati; Pseudomonadota; Betaproteobacteria; Burkholderiales; Burkholderiaceae; Ralstonia; Ralstonia solanacearum species complex,0,5_501_CmoS#0,core,0.8986,0,0,0,0,[alpha] > transporter > other
NZ_PKPC01000003.1:303236-304334:1,WP_021195131.1,C5693_RS06865,,aromatic ring-hydroxylating dioxygenase subunit alpha,5_501_CmoS,5,89.7,0.4887,1.5e-25,NZ_PKPC01000003.1,303236,304334,1,Ralstonia insidiosa,Bacteria; Pseudomonadati; Pseudomonadota; Betaproteobacteria; Burkholderiales; Burkholderiaceae; Ralstonia,0,5_501_CmoS#0,core,0.9478,0,0,0,0,[alpha]
NZ_PTIR01000017.1:104241-105348:-1,WP_018439744.1,B0G57_RS22200,,SRPBCC family protein,5_501_CmoS,5,83.5,0.7658,1.2e-23,NZ_PTIR01000017.1,104241,105348,-1,Trinickia symbiotica,Bacteria; Pseudomonadati; Pseudomonadota; Betaproteobacteria; Burkholderiales; Burkholderiaceae; Trinickia,0,5_501_CmoS#0,core,0.8086,0,0,0,0,[alpha]
NZ_PTXM01000010.1:213743-214850:-1,WP_122475258.1,C5O79_RS16025,,aromatic ring-hydroxylating dioxygenase subunit alpha,5_501_CmoS,5,80.8,0.7658,7.5e-23,NZ_PTXM01000010.1,213743,214850,-1,Burkholderia sp. SRS-25,Bacteria; Pseudomonadati; Pseudomonadota; Betaproteobacteria; Burkholderiales; Burkholderiaceae; Burkholderia,0,5_501_CmoS#0,core,0.9743,0,0,0,0,[alpha] > other
NZ_PUIQ01000075.1:23684-24791:-1,WP_034185196.1,C5615_RS34860,,aromatic ring-hydroxylating dioxygenase subunit alpha,5_501_CmoS,5,78.9,0.7658,2.8e-22,NZ_PUIQ01000075.1,23684,24791,-1,Burkholderia cepacia,Bacteria; Pseudomonadati; Pseudomonadota; Betaproteobacteria; Burkholderiales; Burkholderiaceae; Burkholderia; Burkholderia cepacia complex,0,5_501_CmoS#0,core,0.9771,0,0,0,0,[alpha] > other
NZ_PVFJ01000048.1:186602-187709:-1,WP_006751736.1,C6P77_RS15620,,aromatic ring-hydroxylating dioxygenase subunit alpha,5_501_CmoS,5,80.9,0.7658,7e-23,NZ_PVFJ01000048.1,186602,187709,-1,Burkholderia ambifaria,Bacteria; Pseudomonadati; Pseudomonadota; Betaproteobacteria; Burkholderiales; Burkholderiaceae; Burkholderia; Burkholderia cepacia complex,0,5_501_CmoS#0,core,0.98,0,0,0,0,[alpha] > other
NZ_PVGG01000077.1:73600-74707:1,WP_058902877.1,C6Q19_RS11305,,aromatic ring-hydroxylating dioxygenase subunit alpha,5_501_CmoS,5,80.9,0.7658,7.1e-23,NZ_PVGG01000077.1,73600,74707,1,Burkholderia cenocepacia,Bacteria; Pseudomonadati; Pseudomonadota; Betaproteobacteria; Burkholderiales; Burkholderiaceae; Burkholderia; Burkholderia cepacia complex,0,5_501_CmoS#0,core,0.9914,0,0,0,0,[alpha] > other
NZ_QAOL01000043.1:4389-5502:-1,WP_062559242.1,C8R28_RS13425,,aromatic ring-hydroxylating dioxygenase subunit alpha,5_501_CmoS,5,88.6,0.768,3.4e-25,NZ_QAOL01000043.1,4389,5502,-1,Nitrosomonas ureae,Bacteria; Pseudomonadati; Pseudomonadota; Betaproteobacteria; Nitrosomonadales; Nitrosomonadaceae; Nitrosomonas,0,5_501_CmoS#0,divergent,0.5,0,0,0,0,[alpha] > transporter > other > hypothetical > other > other > other
NZ_QAOR01000028.1:8671-9775:-1,WP_074630493.1,C8R32_RS15555,,aromatic ring-hydroxylating dioxygenase subunit alpha,5_501_CmoS,5,87.0,0.6374,1e-24,NZ_QAOR01000028.1,8671,9775,-1,Nitrosospira sp. Nsp5,Bacteria; Pseudomonadati; Pseudomonadota; Betaproteobacteria; Nitrosomonadales; Nitrosomonadaceae; Nitrosospira,0,5_501_CmoS#0,divergent,0.5087,0,0,0,0,[alpha] > other
NZ_QDHA01000023.1:107116-108220:1,WP_013957534.1,DDK22_RS10000,,SRPBCC family protein,5_501_CmoS,5,83.5,0.473,1.2e-23,NZ_QDHA01000023.1,107116,108220,1,Cupriavidus necator,Bacteria; Pseudomonadati; Pseudomonadota; Betaproteobacteria; Burkholderiales; Burkholderiaceae; Cupriavidus,0,5_501_CmoS#0,core,0.8713,0,0,0,0,[alpha]
NZ_QFRC01000075.1:39016-40123:1,WP_028196173.1,DI523_RS22950,,aromatic ring-hydroxylating dioxygenase subunit alpha,5_501_CmoS,5,87.5,0.7658,7.3e-25,NZ_QFRC01000075.1,39016,40123,1,Paraburkholderia fungorum,Bacteria; Pseudomonadati; Pseudomonadota; Betaproteobacteria; Burkholderiales; Burkholderiaceae; Paraburkholderia,0,5_501_CmoS#0,core,0.7896,0,0,0,0,[alpha]
NZ_QJJY01000015.1:59939-61046:1,WP_072439419.1,NA66_RS24515,,aromatic ring-hydroxylating dioxygenase subunit alpha,5_501_CmoS,5,78.9,0.7658,3e-22,NZ_QJJY01000015.1,59939,61046,1,Burkholderia pyrrocinia,Bacteria; Pseudomonadati; Pseudomonadota; Betaproteobacteria; Burkholderiales; Burkholderiaceae; Burkholderia; Burkholderia cepacia complex,0,5_501_CmoS#0,core,0.9743,0,0,0,0,[alpha] > other
NZ_QICJ01000005.1:128542-129631:1,WP_074551428.1,BDW41_RS10455,,aromatic ring-hydroxylating dioxygenase subunit alpha,5_501_CmoS,5,199.8,0.7793,6.3e-59,NZ_QICJ01000005.1,128542,129631,1,Dyella sp. AtDHG13,Bacteria; Pseudomonadati; Pseudomonadota; Gammaproteobacteria; Lysobacterales; Rhodanobacteraceae; Dyella,0,5_501_CmoS#15,novel_candidate,0.3443,0,0,0,0,[alpha] > transporter
NZ_QJJW01000008.1:85411-86524:-1,WP_074719870.1,C8R27_RS05280,,aromatic ring-hydroxylating dioxygenase subunit alpha,5_501_CmoS,5,88.1,0.768,4.7e-25,NZ_QJJW01000008.1,85411,86524,-1,Nitrosomonas ureae,Bacteria; Pseudomonadati; Pseudomonadota; Betaproteobacteria; Nitrosomonadales; Nitrosomonadaceae; Nitrosomonas,0,5_501_CmoS#0,divergent,0.503,0,0,0,0,[alpha] > transporter > other > hypothetical > other > other > other
NZ_QKZC01000004.1:80017-81124:-1,WP_065059960.1,C7399_RS07720,,aromatic ring-hydroxylating dioxygenase subunit alpha,5_501_CmoS,5,81.4,0.7658,4.9e-23,NZ_QKZC01000004.1,80017,81124,-1,Paraburkholderia tropica,Bacteria; Pseudomonadati; Pseudomonadota; Betaproteobacteria; Burkholderiales; Burkholderiaceae; Paraburkholderia,0,5_501_CmoS#0,core,0.8179,0,0,0,0,[alpha]
NZ_QKZF01000041.1:8731-9838:-1,WP_006486437.1,DFS13_RS37770,,aromatic ring-hydroxylating dioxygenase subunit alpha,5_501_CmoS,5,81.5,0.7658,4.6e-23,NZ_QKZF01000041.1,8731,9838,-1,Burkholderia sp. 28_3,Bacteria; Pseudomonadati; Pseudomonadota; Betaproteobacteria; Burkholderiales; Burkholderiaceae; Burkholderia,0,5_501_CmoS#0,core,0.9886,0,0,0,0,[alpha] > other
NZ_QTQU01000034.1:36727-37834:-1,WP_015877626.1,DF052_RS23760,,aromatic ring-hydroxylating dioxygenase subunit alpha,5_501_CmoS,5,80.5,0.6216,9.7e-23,NZ_QTQU01000034.1,36727,37834,-1,Burkholderia glumae,Bacteria; Pseudomonadati; Pseudomonadota; Betaproteobacteria; Burkholderiales; Burkholderiaceae; Burkholderia,0,5_501_CmoS#0,core,0.8576,0,0,0,0,[alpha] > other
NZ_QTPR01000028.1:87575-88682:-1,WP_044845269.1,DIE20_RS25390,,aromatic ring-hydroxylating dioxygenase subunit alpha,5_501_CmoS,5,78.8,0.7658,3e-22,NZ_QTPR01000028.1,87575,88682,-1,Burkholderia sp. Bp9131,Bacteria; Pseudomonadati; Pseudomonadota; Betaproteobacteria; Burkholderiales; Burkholderiaceae; Burkholderia,0,5_501_CmoS#0,core,0.9226,0,0,0,0,[alpha] > other
NZ_QTPX01000003.1:235446-236553:-1,WP_124826446.1,DIE14_RS05305,,aromatic ring-hydroxylating dioxygenase subunit alpha,5_501_CmoS,5,81.6,0.7658,4.3e-23,NZ_QTPX01000003.1,235446,236553,-1,Burkholderia sp. Bp9017,Bacteria; Pseudomonadati; Pseudomonadota; Betaproteobacteria; Burkholderiales; Burkholderiaceae; Burkholderia,0,5_501_CmoS#0,core,0.9743,0,0,0,0,[alpha] > other
NZ_QTPW01000002.1:212628-213735:1,WP_124832456.1,DIE15_RS04130,,aromatic ring-hydroxylating dioxygenase subunit alpha,5_501_CmoS,5,81.0,0.7658,6.9e-23,NZ_QTPW01000002.1,212628,213735,1,Burkholderia sp. Bp9031,Bacteria; Pseudomonadati; Pseudomonadota; Betaproteobacteria; Burkholderiales; Burkholderiaceae; Burkholderia,0,5_501_CmoS#0,core,0.9914,0,0,0,0,[alpha] > other
NZ_QTOC01000001.1:239217-240324:1,WP_010089139.1,DF011_RS01070,,aromatic ring-hydroxylating dioxygenase subunit alpha,5_501_CmoS,5,83.9,0.7658,9e-24,NZ_QTOC01000001.1,239217,240324,1,Burkholderia ubonensis,Bacteria; Pseudomonadati; Pseudomonadota; Betaproteobacteria; Burkholderiales; Burkholderiaceae; Burkholderia; Burkholderia cepacia complex,0,5_501_CmoS#0,core,0.9758,0,0,0,0,[alpha] > other
NZ_QTOD01000001.1:320608-321715:1,WP_095401316.1,DF009_RS01380,,aromatic ring-hydroxylating dioxygenase subunit alpha,5_501_CmoS,5,83.2,0.7658,1.4e-23,NZ_QTOD01000001.1,320608,321715,1,Burkholderia ubonensis,Bacteria; Pseudomonadati; Pseudomonadota; Betaproteobacteria; Burkholderiales; Burkholderiaceae; Burkholderia; Burkholderia cepacia complex,0,5_501_CmoS#0,core,0.9724,0,0,0,0,[alpha] > other
NZ_QTQZ01000004.1:185581-186688:1,WP_039358107.1,DF035_RS06945,,aromatic ring-hydroxylating dioxygenase subunit alpha,5_501_CmoS,5,80.8,0.7658,7.5e-23,NZ_QTQZ01000004.1,185581,186688,1,Burkholderia contaminans,Bacteria; Pseudomonadati; Pseudomonadota; Betaproteobacteria; Burkholderiales; Burkholderiaceae; Burkholderia; Burkholderia cepacia complex,0,5_501_CmoS#0,core,0.9743,0,0,0,0,[alpha] > other
NZ_QTST01000006.1:66612-67719:1,WP_059582927.1,DF034_RS10255,,aromatic ring-hydroxylating dioxygenase subunit alpha,5_501_CmoS,5,79.6,0.7658,1.7e-22,NZ_QTST01000006.1,66612,67719,1,Burkholderia anthina,Bacteria; Pseudomonadati; Pseudomonadota; Betaproteobacteria; Burkholderiales; Burkholderiaceae; Burkholderia; Burkholderia cepacia complex,0,5_501_CmoS#0,core,0.98,0,0,0,0,[alpha] > other
NZ_QTRK01000002.1:13073-14180:1,WP_059684418.1,DF041_RS01880,,aromatic ring-hydroxylating dioxygenase subunit alpha,5_501_CmoS,5,79.2,0.7658,2.4e-22,NZ_QTRK01000002.1,13073,14180,1,Burkholderia cepacia,Bacteria; Pseudomonadati; Pseudomonadota; Betaproteobacteria; Burkholderiales; Burkholderiaceae; Burkholderia; Burkholderia cepacia complex,0,5_501_CmoS#0,core,0.9857,0,0,0,0,[alpha] > other
NZ_QTRV01000002.1:273698-274805:1,WP_006486437.1,DF146_RS05465,,aromatic ring-hydroxylating dioxygenase subunit alpha,5_501_CmoS,5,81.5,0.7658,4.6e-23,NZ_QTRV01000002.1,273698,274805,1,Burkholderia cenocepacia,Bacteria; Pseudomonadati; Pseudomonadota; Betaproteobacteria; Burkholderiales; Burkholderiaceae; Burkholderia; Burkholderia cepacia complex,0,5_501_CmoS#0,core,0.9886,0,0,0,0,[alpha] > other
NZ_RARP01000006.1:117037-118144:1,WP_039358107.1,D7S92_RS10750,,aromatic ring-hydroxylating dioxygenase subunit alpha,5_501_CmoS,5,80.8,0.7658,7.5e-23,NZ_RARP01000006.1,117037,118144,1,Burkholderia contaminans,Bacteria; Pseudomonadati; Pseudomonadota; Betaproteobacteria; Burkholderiales; Burkholderiaceae; Burkholderia; Burkholderia cepacia complex,0,5_501_CmoS#0,core,0.9743,0,0,0,0,[alpha] > other
NZ_RJTL01000011.1:2134-3232:-1,WP_016722814.1,EGA29_RS08495,,aromatic ring-hydroxylating dioxygenase subunit alpha,5_501_CmoS,5,89.1,0.6284,2.3e-25,NZ_RJTL01000011.1,2134,3232,-1,Ralstonia pseudosolanacearum,Bacteria; Pseudomonadati; Pseudomonadota; Betaproteobacteria; Burkholderiales; Burkholderiaceae; Ralstonia; Ralstonia solanacearum species complex,0,5_501_CmoS#0,core,0.8866,0,0,0,0,[alpha] > transporter > other
NZ_RZMV01000039.1:4103-5219:-1,WP_042116743.1,EJ714_RS20485,,aromatic ring-hydroxylating dioxygenase subunit alpha,5_501_CmoS,5,77.0,0.6667,1.1e-21,NZ_RZMV01000039.1,4103,5219,-1,Pandoraea apista,Bacteria; Pseudomonadati; Pseudomonadota; Betaproteobacteria; Burkholderiales; Burkholderiaceae; Pandoraea,0,5_501_CmoS#0,core,0.7384,0,0,0,0,[alpha]
NZ_SMOD01000002.1:493485-494592:1,WP_069261336.1,E1N52_RS04395,,aromatic ring-hydroxylating dioxygenase subunit alpha,5_501_CmoS,5,84.0,0.7658,8.5e-24,NZ_SMOD01000002.1,493485,494592,1,Paraburkholderia guartelaensis,Bacteria; Pseudomonadati; Pseudomonadota; Betaproteobacteria; Burkholderiales; Burkholderiaceae; Paraburkholderia,0,5_501_CmoS#0,core,0.775,0,0,0,0,[alpha] > other
NZ_SSHL01000002.1:214562-215669:-1,WP_027791078.1,E6L39_RS02890,,aromatic ring-hydroxylating dioxygenase subunit alpha,5_501_CmoS,5,80.3,0.7658,1.1e-22,NZ_SSHL01000002.1,214562,215669,-1,Burkholderia cepacia,Bacteria; Pseudomonadati; Pseudomonadota; Betaproteobacteria; Burkholderiales; Burkholderiaceae; Burkholderia; Burkholderia cepacia complex,0,5_501_CmoS#0,core,0.9829,0,0,0,0,[alpha] > other
NZ_SROY01000002.1:107611-108676:-1,WP_138348000.1,E5S66_RS04755,,aromatic ring-hydroxylating dioxygenase subunit alpha,5_501_CmoS,5,178.4,0.7793,1.8e-52,NZ_SROY01000002.1,107611,108676,-1,Thermomonas fusca,Bacteria; Pseudomonadati; Pseudomonadota; Gammaproteobacteria; Lysobacterales; Lysobacteraceae; Thermomonas,0,5_501_CmoS#9,novel_candidate,0.3009,0,0,0,0,other > other > other > other > hypothetical > other > [alpha] > transporter
NZ_UARD01000001.1:379408-380515:1,WP_048022159.1,DS944_RS01840,,aromatic ring-hydroxylating dioxygenase subunit alpha,5_501_CmoS,5,80.0,0.7658,1.4e-22,NZ_UARD01000001.1,379408,380515,1,Burkholderia cepacia,Bacteria; Pseudomonadati; Pseudomonadota; Betaproteobacteria; Burkholderiales; Burkholderiaceae; Burkholderia; Burkholderia cepacia complex,0,5_501_CmoS#0,core,0.98,0,0,0,0,[alpha] > other
NZ_UARC01000009.1:479282-480389:1,WP_006486437.1,DTA18_RS14185,,aromatic ring-hydroxylating dioxygenase subunit alpha,5_501_CmoS,5,81.5,0.7658,4.6e-23,NZ_UARC01000009.1,479282,480389,1,Burkholderia cenocepacia,Bacteria; Pseudomonadati; Pseudomonadota; Betaproteobacteria; Burkholderiales; Burkholderiaceae; Burkholderia; Burkholderia cepacia complex,0,5_501_CmoS#0,core,0.9886,0,0,0,0,[alpha] > other
NZ_VJSI01000006.1:78217-79324:1,WP_006399450.1,FEP83_RS07850,,aromatic ring-hydroxylating dioxygenase subunit alpha,5_501_CmoS,5,83.5,0.7658,1.2e-23,NZ_VJSI01000006.1,78217,79324,1,Burkholderia multivorans,Bacteria; Pseudomonadati; Pseudomonadota; Betaproteobacteria; Burkholderiales; Burkholderiaceae; Burkholderia; Burkholderia cepacia complex,0,5_501_CmoS#0,core,0.9728,0,0,0,0,[alpha] > other
NZ_VJTD01000016.1:87485-88592:-1,WP_060245841.1,FEQ05_RS11895,,aromatic ring-hydroxylating dioxygenase subunit alpha,5_501_CmoS,5,80.0,0.7658,1.3e-22,NZ_VJTD01000016.1,87485,88592,-1,Burkholderia pseudomultivorans,Bacteria; Pseudomonadati; Pseudomonadota; Betaproteobacteria; Burkholderiales; Burkholderiaceae; Burkholderia; Burkholderia cepacia complex,0,5_501_CmoS#0,core,0.9686,0,0,0,0,[alpha] > other
NZ_VJSV01000001.1:463276-464383:1,WP_006399450.1,FEP96_RS02015,,aromatic ring-hydroxylating dioxygenase subunit alpha,5_501_CmoS,5,83.5,0.7658,1.2e-23,NZ_VJSV01000001.1,463276,464383,1,Burkholderia multivorans,Bacteria; Pseudomonadati; Pseudomonadota; Betaproteobacteria; Burkholderiales; Burkholderiaceae; Burkholderia; Burkholderia cepacia complex,0,5_501_CmoS#0,core,0.9728,0,0,0,0,[alpha] > other
NZ_VNHT01000056.1:14758-15877:1,WP_046851343.1,BCL69_RS13235,,aromatic ring-hydroxylating dioxygenase subunit alpha,5_501_CmoS,5,81.3,0.7613,5.6e-23,NZ_VNHT01000056.1,14758,15877,1,Nitrosomonas communis,Bacteria; Pseudomonadati; Pseudomonadota; Betaproteobacteria; Nitrosomonadales; Nitrosomonadaceae; Nitrosomonas,0,5_501_CmoS#0,divergent,0.5262,0,0,0,0,[alpha] > transporter > other > hypothetical > other
NZ_VZOL01000013.1:15491-16598:-1,WP_059503576.1,F7R13_RS02675,,aromatic ring-hydroxylating dioxygenase subunit alpha,5_501_CmoS,5,82.9,0.7658,1.8e-23,NZ_VZOL01000013.1,15491,16598,-1,Burkholderia territorii,Bacteria; Pseudomonadati; Pseudomonadota; Betaproteobacteria; Burkholderiales; Burkholderiaceae; Burkholderia; Burkholderia cepacia complex,0,5_501_CmoS#0,core,0.9771,0,0,0,0,[alpha] > other
NZ_VZOK01000002.1:226951-228058:1,WP_059884343.1,F7R25_RS02100,,aromatic ring-hydroxylating dioxygenase subunit alpha,5_501_CmoS,5,82.0,0.7658,3.3e-23,NZ_VZOK01000002.1,226951,228058,1,Burkholderia stagnalis,Bacteria; Pseudomonadati; Pseudomonadota; Betaproteobacteria; Burkholderiales; Burkholderiaceae; Burkholderia; Burkholderia cepacia complex,0,5_501_CmoS#0,core,0.98,0,0,0,0,[alpha] > other
NZ_VZOV01000006.1:48376-49480:-1,WP_053822238.1,F7Q96_RS09915,,aromatic ring-hydroxylating dioxygenase subunit alpha,5_501_CmoS,5,91.9,0.6194,3.3e-26,NZ_VZOV01000006.1,48376,49480,-1,Cupriavidus gilardii,Bacteria; Pseudomonadati; Pseudomonadota; Betaproteobacteria; Burkholderiales; Burkholderiaceae; Cupriavidus,0,5_501_CmoS#0,core,0.8195,0,0,0,0,[alpha]
NZ_WHNQ01000011.1:56335-57442:1,WP_013092999.1,GCT19_RS17645,,aromatic ring-hydroxylating dioxygenase subunit alpha,5_501_CmoS,5,87.9,0.7658,5.6e-25,NZ_WHNQ01000011.1,56335,57442,1,Paraburkholderia atlantica,Bacteria; Pseudomonadati; Pseudomonadota; Betaproteobacteria; Burkholderiales; Burkholderiaceae; Paraburkholderia,0,5_501_CmoS#0,core,0.819,0,0,0,0,[alpha] > other
NZ_WJYN01000003.1:108660-109758:1,WP_012762436.1,GJQ57_RS09220,,aromatic ring-hydroxylating dioxygenase subunit alpha,5_501_CmoS,5,91.1,0.6284,5.9e-26,NZ_WJYN01000003.1,108660,109758,1,Ralstonia pickettii,Bacteria; Pseudomonadati; Pseudomonadota; Betaproteobacteria; Burkholderiales; Burkholderiaceae; Ralstonia,0,5_501_CmoS#0,core,0.9504,0,0,0,0,[alpha] > transporter > other
NZ_WUTV01000017.1:356-1463:-1,WP_004190814.1,GSF23_RS19110,,aromatic ring-hydroxylating dioxygenase subunit alpha,5_501_CmoS,5,81.8,0.7658,4e-23,NZ_WUTV01000017.1,356,1463,-1,Burkholderia pseudomallei,Bacteria; Pseudomonadati; Pseudomonadota; Betaproteobacteria; Burkholderiales; Burkholderiaceae; Burkholderia; pseudomallei group,0,5_501_CmoS#0,core,0.8841,0,0,0,0,[alpha]
XM_002308064.2:17-1292:1,XP_002308100.2,POPTR_0006s07230g,,hypothetical protein,5_501_CmoS,5,546.9,0.8423,3e-164,XM_002308064.2,17,1292,1,Populus trichocarpa,Eukaryota; Viridiplantae; Streptophyta; Embryophyta; Tracheophyta; Spermatophyta; Magnoliophyta; eudicotyledons; Gunneridae; Pentapetalae; rosids; fabids; Malpighiales; Salicaceae; Saliceae; Populus,0,5_501_CmoS#1,core,0.8496,0,0,0,0,[alpha]
XM_002437480.1:548-1766:1,XP_002437525.1,SORBIDRAFT_10g028700,,hypothetical protein,5_501_CmoS,5,517.2,0.8491,3e-155,XM_002437480.1,548,1766,1,Sorghum bicolor,Eukaryota; Viridiplantae; Streptophyta; Embryophyta; Tracheophyta; Spermatophyta; Magnoliophyta; Liliopsida; Poales; Poaceae; PACMAD clade; Panicoideae; Andropogonodae; Andropogoneae; Sorghinae; Sorghum,0,5_501_CmoS#20,core,0.6412,0,0,0,0,[alpha]
XM_002508887.1:0-1092:1,XP_002508933.1,MICPUN_68852,TIC55-6,chloroplast envelope protein translocase family,5_501_CmoS,5,314.5,0.7703,9.7e-94,XM_002508887.1,0,1092,1,Micromonas commoda,Eukaryota; Viridiplantae; Chlorophyta; Mamiellophyceae; Mamiellales; Mamiellaceae; Micromonas,0,5_501_CmoS#36,divergent,0.4604,0,0,0,0,[alpha]
XM_002518210.2:150-1404:1,XP_002518256.1,,LOC8258071,"choline monooxygenase, chloroplastic isoform X1",5_501_CmoS,5,518.3,0.8514,1.4e-155,XM_002518210.2,150,1404,1,Ricinus communis,Eukaryota; Viridiplantae; Streptophyta; Embryophyta; Tracheophyta; Spermatophyta; Magnoliophyta; eudicotyledons; Gunneridae; Pentapetalae; rosids; fabids; Malpighiales; Euphorbiaceae; Acalyphoideae; Acalypheae; Ricinus,0,5_501_CmoS#47,core,0.7376,0,0,0,0,[alpha]
XM_002597283.1:57-1290:1,XP_002597329.1,BRAFLDRAFT_118191,,hypothetical protein,5_501_CmoS,5,287.4,0.8536,1.6e-85,XM_002597283.1,57,1290,1,Branchiostoma floridae,Eukaryota; Metazoa; Chordata; Cephalochordata; Branchiostomidae; Branchiostoma,0,5_501_CmoS#23,divergent,0.4223,0,0,0,0,[alpha]
XM_002599749.1:0-1146:1,XP_002599795.1,BRAFLDRAFT_119334,,hypothetical protein,5_501_CmoS,5,297.7,0.8086,1.2e-88,XM_002599749.1,0,1146,1,Branchiostoma floridae,Eukaryota; Metazoa; Chordata; Cephalochordata; Branchiostomidae; Branchiostoma,0,5_501_CmoS#5,divergent,0.4315,0,0,0,0,[alpha]
XM_002610266.1:0-1074:1,XP_002610312.1,BRAFLDRAFT_84051,,hypothetical protein,5_501_CmoS,5,234.4,0.741,1.9e-69,XM_002610266.1,0,1074,1,Branchiostoma floridae,Eukaryota; Metazoa; Chordata; Cephalochordata; Branchiostomidae; Branchiostoma,0,5_501_CmoS#5,divergent,0.4057,0,0,0,0,[alpha]
XM_002869360.1:0-1269:1,XP_002869406.1,ARALYDRAFT_657066,,hypothetical protein,5_501_CmoS,5,542.6,0.8243,6e-163,XM_002869360.1,0,1269,1,Arabidopsis lyrata subsp. lyrata,Eukaryota; Viridiplantae; Streptophyta; Embryophyta; Tracheophyta; Spermatophyta; Magnoliophyta; eudicotyledons; Gunneridae; Pentapetalae; rosids; malvids; Brassicales; Brassicaceae; Camelineae; Arabidopsis,0,5_501_CmoS#4,core,0.6864,0,0,0,0,[alpha]
XM_002981003.1:0-1233:1,XP_002981049.1,SELMODRAFT_114039,,hypothetical protein,5_501_CmoS,5,444.5,0.8018,3.6e-133,XM_002981003.1,0,1233,1,Selaginella moellendorffii,Eukaryota; Viridiplantae; Streptophyta; Embryophyta; Tracheophyta; Lycopodiopsida; Selaginellales; Selaginellaceae; Selaginella,0,5_501_CmoS#22,core,0.5881,0,0,0,0,[alpha]
XM_002982479.1:0-1233:1,XP_002982525.1,SELMODRAFT_116767,,hypothetical protein,5_501_CmoS,5,444.8,0.8041,2.9e-133,XM_002982479.1,0,1233,1,Selaginella moellendorffii,Eukaryota; Viridiplantae; Streptophyta; Embryophyta; Tracheophyta; Lycopodiopsida; Selaginellales; Selaginellaceae; Selaginella,0,5_501_CmoS#22,core,0.5881,0,0,0,0,[alpha]
XM_003549232.3:27-1284:1,XP_003549280.1,,LOC100785909,"choline monooxygenase, chloroplastic isoform X3",5_501_CmoS,5,534.0,0.8243,2.4e-160,XM_003549232.3,27,1284,1,Glycine max,Eukaryota; Viridiplantae; Streptophyta; Embryophyta; Tracheophyta; Spermatophyta; Magnoliophyta; eudicotyledons; Gunneridae; Pentapetalae; rosids; fabids; Fabales; Fabaceae; Papilionoideae; Phaseoleae; Glycine; Soja,0,5_501_CmoS#1,core,0.8222,0,0,0,0,[alpha]
XM_003563443.3:150-1380:1,XP_003563491.1,,LOC100839185,"choline monooxygenase, chloroplastic isoform X5",5_501_CmoS,5,497.9,0.8536,2.2e-149,XM_003563443.3,150,1380,1,Brachypodium distachyon,Eukaryota; Viridiplantae; Streptophyta; Embryophyta; Tracheophyta; Spermatophyta; Magnoliophyta; Liliopsida; Poales; Poaceae; BOP clade; Pooideae; Brachypodieae; Brachypodium,0,5_501_CmoS#13,core,0.6784,0,0,0,0,[alpha]
XM_003609980.2:131-1367:1,XP_003610028.2,MTR_4g127130,,choline monooxygenase,5_501_CmoS,5,514.0,0.8559,2.8e-154,XM_003609980.2,131,1367,1,Medicago truncatula,Eukaryota; Viridiplantae; Streptophyta; Embryophyta; Tracheophyta; Spermatophyta; Magnoliophyta; eudicotyledons; Gunneridae; Pentapetalae; rosids; fabids; Fabales; Fabaceae; Papilionoideae; Trifolieae; Medicago,0,5_501_CmoS#1,core,0.7959,0,0,0,0,[alpha]
XM_004139101.2:36-1290:1,XP_004139149.1,,LOC101222314,"choline monooxygenase, chloroplastic",5_501_CmoS,5,509.3,0.8131,7.5e-153,XM_004139101.2,36,1290,1,Cucumis sativus,Eukaryota; Viridiplantae; Streptophyta; Embryophyta; Tracheophyta; Spermatophyta; Magnoliophyta; eudicotyledons; Gunneridae; Pentapetalae; rosids; fabids; Cucurbitales; Cucurbitaceae; Benincaseae; Cucumis,0,5_501_CmoS#34,core,0.7339,0,0,0,0,[alpha]
XM_004333746.1:0-1377:1,XP_004333794.1,ACA1_362670,,rieske [2fe2s] domain containing protein,5_501_CmoS,5,304.9,0.8626,7.7e-91,XM_004333746.1,0,1377,1,Acanthamoeba castellanii str. Neff,Eukaryota; Amoebozoa; Discosea; Longamoebia; Centramoebida; Acanthamoebidae; Acanthamoeba,0,5_501_CmoS#32,divergent,0.4561,0,0,0,0,[alpha]
XM_004507854.3:75-1320:1,XP_004507911.1,,LOC101512880,"choline monooxygenase, chloroplastic",5_501_CmoS,5,526.8,0.8153,3.7e-158,XM_004507854.3,75,1320,1,Cicer arietinum,Eukaryota; Viridiplantae; Streptophyta; Embryophyta; Tracheophyta; Spermatophyta; Magnoliopsida; eudicotyledons; Gunneridae; Pentapetalae; rosids; fabids; Fabales; Fabaceae; Papilionoideae; 50 kb inversion clade; NPAAA clade; Hologalegina; IRL clade; Cicereae; Cicer,0,5_501_CmoS#1,core,0.8286,0,0,0,0,[alpha]
XM_004966071.2:96-1329:1,XP_004966128.1,,LOC101767591,"choline monooxygenase, chloroplastic",5_501_CmoS,5,512.4,0.8468,8.7e-154,XM_004966071.2,96,1329,1,Setaria italica,Eukaryota; Viridiplantae; Streptophyta; Embryophyta; Tracheophyta; Spermatophyta; Magnoliopsida; Liliopsida; Poales; Poaceae; PACMAD clade; Panicoideae; Panicodae; Paniceae; Cenchrinae; Setaria,0,5_501_CmoS#8,core,0.6578,0,0,0,0,[alpha]
XM_005644213.1:218-1325:1,XP_005644270.1,COCSUDRAFT_34223,,choline monooxygenase,5_501_CmoS,5,308.5,0.7815,6.5e-92,XM_005644213.1,218,1325,1,Coccomyxa subellipsoidea C-169,Eukaryota; Viridiplantae; Chlorophyta; core chlorophytes; Trebouxiophyceae; Trebouxiophyceae incertae sedis; Elliptochloris clade; Coccomyxa; Coccomyxa subellipsoidea,0,5_501_CmoS#31,novel_candidate,0.3971,0,0,0,0,[alpha]
XM_005645311.1:0-1074:1,XP_005645368.1,COCSUDRAFT_18274,,choline monooxygenase,5_501_CmoS,5,318.5,0.7725,5.7e-95,XM_005645311.1,0,1074,1,Coccomyxa subellipsoidea C-169,Eukaryota; Viridiplantae; Chlorophyta; core chlorophytes; Trebouxiophyceae; Trebouxiophyceae incertae sedis; Elliptochloris clade; Coccomyxa; Coccomyxa subellipsoidea,0,5_501_CmoS#35,divergent,0.4801,0,0,0,0,[alpha]
XM_005845729.1:0-2862:1,XP_005845791.1,CHLNCDRAFT_136500,,hypothetical protein,5_501_CmoS,5,278.6,0.759,7.6e-83,XM_005845729.1,0,2862,1,Chlorella variabilis,Eukaryota; Viridiplantae; Chlorophyta; core chlorophytes; Trebouxiophyceae; Chlorellales; Chlorellaceae; Chlorella clade; Chlorella,0,5_501_CmoS#30,divergent,0.4512,0,0,0,0,[alpha]
XM_006285552.1:0-1272:1,XP_006285614.1,CARUB_v10007064mg,,hypothetical protein,5_501_CmoS,5,532.6,0.8266,6.3e-160,XM_006285552.1,0,1272,1,Capsella rubella,Eukaryota; Viridiplantae; Streptophyta; Embryophyta; Tracheophyta; Spermatophyta; Magnoliophyta; eudicotyledons; Gunneridae; Pentapetalae; rosids; malvids; Brassicales; Brassicaceae; Camelineae; Capsella,0,5_501_CmoS#4,core,0.6597,0,0,0,0,[alpha]
XM_006412733.1:114-1413:1,XP_006412796.1,EUTSA_v10025251mg,,hypothetical protein,5_501_CmoS,5,545.8,0.8356,6.5e-164,XM_006412733.1,114,1413,1,Eutrema salsugineum,Eukaryota; Viridiplantae; Streptophyta; Embryophyta; Tracheophyta; Spermatophyta; Magnoliophyta; eudicotyledons; Gunneridae; Pentapetalae; rosids; malvids; Brassicales; Brassicaceae; Eutremeae; Eutrema,0,5_501_CmoS#4,core,0.6418,0,0,0,0,[alpha]
XM_006820921.1:51-1263:1,XP_006820984.1,,LOC102802673,"choline monooxygenase, chloroplastic-like",5_501_CmoS,5,306.4,0.7995,2.8e-91,XM_006820921.1,51,1263,1,Saccoglossus kowalevskii,Eukaryota; Metazoa; Hemichordata; Enteropneusta; Harrimaniidae; Saccoglossus,0,5_501_CmoS#29,divergent,0.4172,0,0,0,0,[alpha]
XM_006845712.2:0-1269:1,XP_006845775.1,,LOC18435669,"choline monooxygenase, chloroplastic",5_501_CmoS,5,502.8,0.8288,6.9e-151,XM_006845712.2,0,1269,1,Amborella trichopoda,Eukaryota; Viridiplantae; Streptophyta; Embryophyta; Tracheophyta; Spermatophyta; Magnoliophyta; basal Magnoliophyta; Amborellales; Amborellaceae; Amborella,0,5_501_CmoS#33,core,0.6986,0,0,0,0,[alpha]
XM_006453157.1:0-1227:1,XP_006453220.1,CICLE_v10008481mg,,hypothetical protein,5_501_CmoS,5,498.2,0.8153,1.8e-149,XM_006453157.1,0,1227,1,Citrus clementina,Eukaryota; Viridiplantae; Streptophyta; Embryophyta; Tracheophyta; Spermatophyta; Magnoliophyta; eudicotyledons; Gunneridae; Pentapetalae; rosids; malvids; Sapindales; Rutaceae; Aurantioideae; Citrus,0,5_501_CmoS#19,core,0.7012,0,0,0,0,[alpha]
XM_008445409.2:72-1326:1,XP_008443631.1,,LOC103487183,"choline monooxygenase, chloroplastic isoform X2",5_501_CmoS,5,515.0,0.8153,1.4e-154,XM_008445409.2,72,1326,1,Cucumis melo,Eukaryota; Viridiplantae; Streptophyta; Embryophyta; Tracheophyta; Spermatophyta; Magnoliopsida; eudicotyledons; Gunneridae; Pentapetalae; rosids; fabids; Cucurbitales; Cucurbitaceae; Benincaseae; Cucumis,0,5_501_CmoS#11,core,0.6921,0,0,0,0,[alpha]
XM_008803292.4:99-1380:1,XP_008801514.1,,LOC103715608,"choline monooxygenase, chloroplastic",5_501_CmoS,5,522.7,0.8581,6.6e-157,XM_008803292.4,99,1380,1,Phoenix dactylifera,Eukaryota; Viridiplantae; Streptophyta; Embryophyta; Tracheophyta; Spermatophyta; Magnoliopsida; Liliopsida; Arecaceae; Coryphoideae; Phoeniceae; Phoenix,0,5_501_CmoS#8,core,0.7118,0,0,0,0,[alpha]
XM_009411939.2:35-1313:1,XP_009410214.1,,LOC103992295,"choline monooxygenase, chloroplastic",5_501_CmoS,5,511.6,0.8649,1.5e-153,XM_009411939.2,35,1313,1,Musa acuminata subsp. malaccensis,Eukaryota; Viridiplantae; Streptophyta; Embryophyta; Tracheophyta; Spermatophyta; Magnoliopsida; Liliopsida; Zingiberales; Musaceae; Musa,0,5_501_CmoS#8,core,0.6813,0,0,0,0,[alpha]
XM_009758950.1:22-1306:1,XP_009757252.1,,LOC104210133,"choline monooxygenase, chloroplastic",5_501_CmoS,5,546.9,0.8626,3e-164,XM_009758950.1,22,1306,1,Nicotiana sylvestris,Eukaryota; Viridiplantae; Streptophyta; Embryophyta; Tracheophyta; Spermatophyta; Magnoliopsida; eudicotyledons; Gunneridae; Pentapetalae; asterids; lamiids; Solanales; Solanaceae; Nicotianoideae; Nicotianeae; Nicotiana,0,5_501_CmoS#10,core,0.7114,0,0,0,0,[alpha]
XM_010095939.1:0-1305:1,XP_010094241.1,L484_005572,,Choline monooxygenase,5_501_CmoS,5,509.6,0.8604,6.1e-153,XM_010095939.1,0,1305,1,Morus notabilis,Eukaryota; Viridiplantae; Streptophyta; Embryophyta; Tracheophyta; Spermatophyta; Magnoliophyta; eudicotyledons; Gunneridae; Pentapetalae; rosids; fabids; Rosales; Moraceae; Morus,0,5_501_CmoS#41,core,0.7404,0,0,0,0,[alpha]
XM_010048607.2:126-1416:1,XP_010046909.1,,LOC104435907,"choline monooxygenase, chloroplastic isoform X1",5_501_CmoS,5,531.3,0.8941,1.6e-159,XM_010048607.2,126,1416,1,Eucalyptus grandis,Eukaryota; Viridiplantae; Streptophyta; Embryophyta; Tracheophyta; Spermatophyta; Magnoliopsida; eudicotyledons; Gunneridae; Pentapetalae; rosids; malvids; Myrtales; Myrtaceae; Myrtoideae; Eucalypteae; Eucalyptus,0,5_501_CmoS#18,core,0.7713,0,0,0,0,[alpha]
XM_010278419.2:398-1661:1,XP_010276721.1,,LOC104611397,"choline monooxygenase, chloroplastic isoform X1",5_501_CmoS,5,515.7,0.8153,8.6e-155,XM_010278419.2,398,1661,1,Nelumbo nucifera,Eukaryota; Viridiplantae; Streptophyta; Embryophyta; Tracheophyta; Spermatophyta; Magnoliopsida; Proteales; Nelumbonaceae; Nelumbo,0,5_501_CmoS#19,core,0.7695,0,0,0,0,[alpha]
XM_010278420.2:398-1586:1,XP_010276722.1,,LOC104611397,"choline monooxygenase, chloroplastic isoform X2",5_501_CmoS,5,440.2,0.6869,6.7e-132,XM_010278420.2,398,1586,1,Nelumbo nucifera,Eukaryota; Viridiplantae; Streptophyta; Embryophyta; Tracheophyta; Spermatophyta; Magnoliopsida; Proteales; Nelumbonaceae; Nelumbo,0,5_501_CmoS#40,core,0.785,0,0,0,0,[alpha]
XM_010669648.2:131-1388:1,XP_010667950.1,,LOC104884941,"choline monooxygenase, chloroplastic isoform X1",5_501_CmoS,5,545.3,0.8266,9.2e-164,XM_010669648.2,131,1388,1,Beta vulgaris subsp. vulgaris,Eukaryota; Viridiplantae; Streptophyta; Embryophyta; Tracheophyta; Spermatophyta; Magnoliopsida; eudicotyledons; Gunneridae; Pentapetalae; Caryophyllales; Chenopodiaceae; Betoideae; Beta,0,5_501_CmoS#46,core,0.7093,0,0,0,0,[alpha]
XM_010928966.2:415-1696:1,XP_010927268.1,,LOC105049342,"choline monooxygenase, chloroplastic",5_501_CmoS,5,520.0,0.8243,4.2e-156,XM_010928966.2,415,1696,1,Elaeis guineensis,Eukaryota; Viridiplantae; Streptophyta; Embryophyta; Tracheophyta; Spermatophyta; Magnoliopsida; Liliopsida; Arecaceae; Arecoideae; Cocoseae; Elaeidinae; Elaeis,0,5_501_CmoS#8,core,0.7176,0,0,0,0,[alpha]
XM_011021775.1:132-1407:1,XP_011020077.1,,LOC105122571,"choline monooxygenase, chloroplastic-like",5_501_CmoS,5,537.5,0.8964,2.1e-161,XM_011021775.1,132,1407,1,Populus euphratica,Eukaryota; Viridiplantae; Streptophyta; Embryophyta; Tracheophyta; Spermatophyta; Magnoliopsida; eudicotyledons; Gunneridae; Pentapetalae; rosids; fabids; Malpighiales; Salicaceae; Saliceae; Populus,0,5_501_CmoS#1,core,0.8659,0,0,0,0,[alpha]
XM_011014682.1:124-1399:1,XP_011012984.1,,LOC105117127,"choline monooxygenase, chloroplastic-like",5_501_CmoS,5,537.0,0.8423,2.9e-161,XM_011014682.1,124,1399,1,Populus euphratica,Eukaryota; Viridiplantae; Streptophyta; Embryophyta; Tracheophyta; Spermatophyta; Magnoliopsida; eudicotyledons; Gunneridae; Pentapetalae; rosids; fabids; Malpighiales; Salicaceae; Saliceae; Populus,0,5_501_CmoS#1,core,0.8601,0,0,0,0,[alpha]
XM_011095827.2:91-1399:1,XP_011094129.1,,LOC105173913,"choline monooxygenase, chloroplastic isoform X1",5_501_CmoS,5,519.9,0.8761,4.7e-156,XM_011095827.2,91,1399,1,Sesamum indicum,Eukaryota; Viridiplantae; Streptophyta; Embryophyta; Tracheophyta; Spermatophyta; Magnoliopsida; eudicotyledons; Gunneridae; Pentapetalae; asterids; lamiids; Lamiales; Pedaliaceae; Sesamum,0,5_501_CmoS#45,core,0.7155,0,0,0,0,[alpha]
XM_012973271.1:87-1362:1,XP_012828725.1,,LOC105949963,"choline monooxygenase, chloroplastic-like",5_501_CmoS,5,514.4,0.8356,2.2e-154,XM_012973271.1,87,1362,1,Erythranthe guttata,Eukaryota; Viridiplantae; Streptophyta; Embryophyta; Tracheophyta; Spermatophyta; Magnoliopsida; eudicotyledons; Gunneridae; Pentapetalae; asterids; lamiids; Lamiales; Phrymaceae; Erythranthe,0,5_501_CmoS#7,core,0.5848,0,0,0,0,[alpha]
XM_012973348.1:37-1339:1,XP_012828802.1,,LOC105950026,"choline monooxygenase, chloroplastic-like",5_501_CmoS,5,523.7,0.8333,3.3e-157,XM_012973348.1,37,1339,1,Erythranthe guttata,Eukaryota; Viridiplantae; Streptophyta; Embryophyta; Tracheophyta; Spermatophyta; Magnoliopsida; eudicotyledons; Gunneridae; Pentapetalae; asterids; lamiids; Lamiales; Phrymaceae; Erythranthe,0,5_501_CmoS#7,core,0.6696,0,0,0,0,[alpha]
XM_013603052.1:131-1112:1,XP_013458506.1,MTR_4g127130,,choline monooxygenase,5_501_CmoS,5,388.3,0.6532,4e-116,XM_013603052.1,131,1112,1,Medicago truncatula,Eukaryota; Viridiplantae; Streptophyta; Embryophyta; Tracheophyta; Spermatophyta; Magnoliophyta; eudicotyledons; Gunneridae; Pentapetalae; rosids; fabids; Fabales; Fabaceae; Papilionoideae; Trifolieae; Medicago,0,5_501_CmoS#6,core,0.779,0,0,0,0,[alpha]
XM_013740959.1:26-1343:1,XP_013596413.1,,LOC106304560,"choline monooxygenase, chloroplastic",5_501_CmoS,5,520.9,0.8401,2.2e-156,XM_013740959.1,26,1343,1,Brassica oleracea var. oleracea,Eukaryota; Viridiplantae; Streptophyta; Embryophyta; Tracheophyta; Spermatophyta; Magnoliopsida; eudicotyledons; Gunneridae; Pentapetalae; rosids; malvids; Brassicales; Brassicaceae; Brassiceae; Brassica,0,5_501_CmoS#4,core,0.6246,0,0,0,0,[alpha]
XM_013882794.1:73-1396:1,XP_013738248.1,,LOC106441014,"choline monooxygenase, chloroplastic-like",5_501_CmoS,5,530.0,0.8986,4e-159,XM_013882794.1,73,1396,1,Brassica napus,Eukaryota; Viridiplantae; Streptophyta; Embryophyta; Tracheophyta; Spermatophyta; Magnoliophyta; eudicotyledons; Gunneridae; Pentapetalae; rosids; malvids; Brassicales; Brassicaceae; Brassiceae; Brassica,0,5_501_CmoS#4,core,0.6462,0,0,0,0,[alpha]
XM_014048513.1:0-1347:1,XP_013903967.1,MNEG_3011,,hypothetical protein,5_501_CmoS,5,281.0,0.7793,1.4e-83,XM_014048513.1,0,1347,1,Monoraphidium neglectum,Eukaryota; Viridiplantae; Chlorophyta; core chlorophytes; Chlorophyceae; CS clade; Sphaeropleales; Selenastraceae; Monoraphidium,0,5_501_CmoS#28,divergent,0.4825,0,0,0,0,[alpha]
XM_014653095.2:54-1305:1,XP_014508581.1,,LOC106768131,"choline monooxygenase, chloroplastic isoform X1",5_501_CmoS,5,531.0,0.8356,1.9e-159,XM_014653095.2,54,1305,1,Vigna radiata var. radiata,Eukaryota; Viridiplantae; Streptophyta; Embryophyta; Tracheophyta; Spermatophyta; Magnoliopsida; eudicotyledons; Gunneridae; Pentapetalae; rosids; fabids; Fabales; Fabaceae; Papilionoideae; 50 kb inversion clade; NPAAA clade; indigoferoid/millettioid clade; Phaseoleae; Vigna,0,5_501_CmoS#7,core,0.7901,0,0,0,0,[alpha]
XM_014653096.2:55-1300:1,XP_014508582.1,,LOC106768131,"choline monooxygenase, chloroplastic isoform X2",5_501_CmoS,5,524.1,0.8356,2.5e-157,XM_014653096.2,55,1300,1,Vigna radiata var. radiata,Eukaryota; Viridiplantae; Streptophyta; Embryophyta; Tracheophyta; Spermatophyta; Magnoliopsida; eudicotyledons; Gunneridae; Pentapetalae; rosids; fabids; Fabales; Fabaceae; Papilionoideae; 50 kb inversion clade; NPAAA clade; indigoferoid/millettioid clade; Phaseoleae; Vigna,0,5_501_CmoS#7,core,0.7859,0,0,0,0,[alpha]
XM_015787684.1:77-1310:1,XP_015643170.1,,LOC9272377,"choline monooxygenase, chloroplastic isoform X2",5_501_CmoS,5,513.2,0.8536,5.1e-154,XM_015787684.1,77,1310,1,Oryza sativa Japonica Group,Eukaryota; Viridiplantae; Streptophyta; Embryophyta; Tracheophyta; Spermatophyta; Magnoliophyta; Liliopsida; Poales; Poaceae; BOP clade; Oryzoideae; Oryzeae; Oryzinae; Oryza; Oryza sativa,0,5_501_CmoS#13,core,0.6401,0,0,0,0,[alpha]
XM_016034199.2:147-1362:1,XP_015889685.1,,LOC107424321,"choline monooxygenase, chloroplastic isoform X2",5_501_CmoS,5,531.3,0.8266,1.6e-159,XM_016034199.2,147,1362,1,Ziziphus jujuba,Eukaryota; Viridiplantae; Streptophyta; Embryophyta; Tracheophyta; Spermatophyta; Magnoliopsida; eudicotyledons; Gunneridae; Pentapetalae; rosids; fabids; Rosales; Rhamnaceae; Paliureae; Ziziphus,0,5_501_CmoS#13,core,0.7604,0,0,0,0,[alpha]
XM_016034278.2:149-1313:1,XP_015889764.1,,LOC107424321,"choline monooxygenase, chloroplastic isoform X3",5_501_CmoS,5,494.2,0.8266,2.8e-148,XM_016034278.2,149,1313,1,Ziziphus jujuba,Eukaryota; Viridiplantae; Streptophyta; Embryophyta; Tracheophyta; Spermatophyta; Magnoliopsida; eudicotyledons; Gunneridae; Pentapetalae; rosids; fabids; Rosales; Rhamnaceae; Paliureae; Ziziphus,0,5_501_CmoS#21,core,0.7747,0,0,0,0,[alpha]
XM_016034129.2:150-1461:1,XP_015889615.1,,LOC107424321,"choline monooxygenase, chloroplastic isoform X1",5_501_CmoS,5,512.0,0.8266,1.1e-153,XM_016034129.2,150,1461,1,Ziziphus jujuba,Eukaryota; Viridiplantae; Streptophyta; Embryophyta; Tracheophyta; Spermatophyta; Magnoliopsida; eudicotyledons; Gunneridae; Pentapetalae; rosids; fabids; Rosales; Rhamnaceae; Paliureae; Ziziphus,0,5_501_CmoS#6,core,0.75,0,0,0,0,[alpha]
XM_016117751.3:65-1322:1,XP_015973237.1,,LOC107496483,"choline monooxygenase, chloroplastic",5_501_CmoS,5,527.8,0.8941,1.8e-158,XM_016117751.3,65,1322,1,Arachis duranensis,Eukaryota; Viridiplantae; Streptophyta; Embryophyta; Tracheophyta; Spermatophyta; Magnoliopsida; eudicotyledons; Gunneridae; Pentapetalae; rosids; fabids; Fabales; Fabaceae; Papilionoideae; 50 kb inversion clade; dalbergioids sensu lato; Dalbergieae; Pterocarpus clade; Arachis,0,5_501_CmoS#1,core,0.8294,0,0,0,0,[alpha]
XM_016605352.1:30-1314:1,XP_016460838.1,,LOC107784251,"choline monooxygenase, chloroplastic",5_501_CmoS,5,546.9,0.8626,3e-164,XM_016605352.1,30,1314,1,Nicotiana tabacum,Eukaryota; Viridiplantae; Streptophyta; Embryophyta; Tracheophyta; Spermatophyta; Magnoliopsida; eudicotyledons; Gunneridae; Pentapetalae; asterids; lamiids; Solanales; Solanaceae; Nicotianoideae; Nicotianeae; Nicotiana,0,5_501_CmoS#10,core,0.7114,0,0,0,0,[alpha]
XM_016653054.1:137-1448:1,XP_016508540.1,,LOC107826106,"choline monooxygenase, chloroplastic",5_501_CmoS,5,545.6,0.8356,7.2e-164,XM_016653054.1,137,1448,1,Nicotiana tabacum,Eukaryota; Viridiplantae; Streptophyta; Embryophyta; Tracheophyta; Spermatophyta; Magnoliopsida; eudicotyledons; Gunneridae; Pentapetalae; asterids; lamiids; Solanales; Solanaceae; Nicotianoideae; Nicotianeae; Nicotiana,0,5_501_CmoS#10,core,0.7347,0,0,0,0,[alpha]
XM_016830627.1:87-1119:1,XP_016686116.1,,LOC107904302,"choline monooxygenase, chloroplastic-like isoform X4",5_501_CmoS,5,401.2,0.6622,4.7e-120,XM_016830627.1,87,1119,1,Gossypium hirsutum,Eukaryota; Viridiplantae; Streptophyta; Embryophyta; Tracheophyta; Spermatophyta; Magnoliopsida; eudicotyledons; Gunneridae; Pentapetalae; rosids; malvids; Malvales; Malvaceae; Malvoideae; Gossypium,0,5_501_CmoS#25,core,0.658,0,0,0,0,[alpha]
XM_016830628.1:85-1105:1,XP_016686117.1,,LOC107904302,"choline monooxygenase, chloroplastic-like isoform X5",5_501_CmoS,5,406.0,0.6644,1.7e-121,XM_016830628.1,85,1105,1,Gossypium hirsutum,Eukaryota; Viridiplantae; Streptophyta; Embryophyta; Tracheophyta; Spermatophyta; Magnoliopsida; eudicotyledons; Gunneridae; Pentapetalae; rosids; malvids; Malvales; Malvaceae; Malvoideae; Gossypium,0,5_501_CmoS#25,core,0.7468,0,0,0,0,[alpha]
XM_016830624.1:86-1328:1,XP_016686113.1,,LOC107904302,"choline monooxygenase, chloroplastic-like isoform X1",5_501_CmoS,5,518.0,0.8243,1.7e-155,XM_016830624.1,86,1328,1,Gossypium hirsutum,Eukaryota; Viridiplantae; Streptophyta; Embryophyta; Tracheophyta; Spermatophyta; Magnoliopsida; eudicotyledons; Gunneridae; Pentapetalae; rosids; malvids; Malvales; Malvaceae; Malvoideae; Gossypium,0,5_501_CmoS#26,core,0.7558,0,0,0,0,[alpha]
XM_016830625.1:84-1314:1,XP_016686114.1,,LOC107904302,"choline monooxygenase, chloroplastic-like isoform X2",5_501_CmoS,5,522.8,0.8243,6.1e-157,XM_016830625.1,84,1314,1,Gossypium hirsutum,Eukaryota; Viridiplantae; Streptophyta; Embryophyta; Tracheophyta; Spermatophyta; Magnoliopsida; eudicotyledons; Gunneridae; Pentapetalae; rosids; malvids; Malvales; Malvaceae; Malvoideae; Gossypium,0,5_501_CmoS#26,core,0.7647,0,0,0,0,[alpha]
XM_016863551.1:0-1146:1,XP_016719040.1,,LOC107931614,"choline monooxygenase, chloroplastic-like",5_501_CmoS,5,520.0,0.8153,4.3e-156,XM_016863551.1,0,1146,1,Gossypium hirsutum,Eukaryota; Viridiplantae; Streptophyta; Embryophyta; Tracheophyta; Spermatophyta; Magnoliopsida; eudicotyledons; Gunneridae; Pentapetalae; rosids; malvids; Malvales; Malvaceae; Malvoideae; Gossypium,0,5_501_CmoS#20,core,0.7647,0,0,0,0,[alpha]
XM_017044287.1:74-1385:1,XP_016899776.1,,LOC103487183,"choline monooxygenase, chloroplastic isoform X1",5_501_CmoS,5,494.6,0.8153,2.2e-148,XM_017044287.1,74,1385,1,Cucumis melo,Eukaryota; Viridiplantae; Streptophyta; Embryophyta; Tracheophyta; Spermatophyta; Magnoliopsida; eudicotyledons; Gunneridae; Pentapetalae; rosids; fabids; Cucurbitales; Cucurbitaceae; Benincaseae; Cucumis,0,5_501_CmoS#11,core,0.6893,0,0,0,0,[alpha]
XM_017044288.1:84-1023:1,XP_016899777.1,,LOC103487183,"choline monooxygenase, chloroplastic isoform X3",5_501_CmoS,5,412.0,0.6757,2.5e-123,XM_017044288.1,84,1023,1,Cucumis melo,Eukaryota; Viridiplantae; Streptophyta; Embryophyta; Tracheophyta; Spermatophyta; Magnoliopsida; eudicotyledons; Gunneridae; Pentapetalae; rosids; fabids; Cucurbitales; Cucurbitaceae; Benincaseae; Cucumis,0,5_501_CmoS#11,core,0.6723,0,0,0,0,[alpha]
XM_017399418.1:133-1381:1,XP_017254907.1,,LOC108224719,"choline monooxygenase, chloroplastic isoform X1",5_501_CmoS,5,541.1,0.8514,1.7e-162,XM_017399418.1,133,1381,1,Daucus carota subsp. sativus,Eukaryota; Viridiplantae; Streptophyta; Embryophyta; Tracheophyta; Spermatophyta; Magnoliopsida; eudicotyledons; Gunneridae; Pentapetalae; asterids; campanulids; Apiales; Apiaceae; Apioideae; Scandiceae; Daucinae; Daucus; Daucus sect. Daucus,0,5_501_CmoS#44,core,0.7088,0,0,0,0,[alpha]
XM_017554890.1:25-1276:1,XP_017410379.1,,LOC108322706,"choline monooxygenase, chloroplastic isoform X3",5_501_CmoS,5,528.2,0.8333,1.4e-158,XM_017554890.1,25,1276,1,Vigna angularis,Eukaryota; Viridiplantae; Streptophyta; Embryophyta; Tracheophyta; Spermatophyta; Magnoliopsida; eudicotyledons; Gunneridae; Pentapetalae; rosids; fabids; Fabales; Fabaceae; Papilionoideae; 50 kb inversion clade; NPAAA clade; indigoferoid/millettioid clade; Phaseoleae; Vigna,0,5_501_CmoS#7,core,0.7872,0,0,0,0,[alpha]
XM_018580186.2:49-1423:1,XP_018435688.1,,LOC108807962,"choline monooxygenase, chloroplastic isoform X1",5_501_CmoS,5,519.2,0.8333,7.5e-156,XM_018580186.2,49,1423,1,Raphanus sativus,Eukaryota; Viridiplantae; Streptophyta; Embryophyta; Tracheophyta; Spermatophyta; Magnoliopsida; eudicotyledons; Gunneridae; Pentapetalae; rosids; malvids; Brassicales; Brassicaceae; Brassiceae; Raphanus,0,5_501_CmoS#4,core,0.632,0,0,0,0,[alpha]
XM_018869512.1:127-1417:1,XP_018725057.1,,LOC104435907,"choline monooxygenase, chloroplastic isoform X1",5_501_CmoS,5,531.3,0.8941,1.6e-159,XM_018869512.1,127,1417,1,Eucalyptus grandis,Eukaryota; Viridiplantae; Streptophyta; Embryophyta; Tracheophyta; Spermatophyta; Magnoliopsida; eudicotyledons; Gunneridae; Pentapetalae; rosids; malvids; Myrtales; Myrtaceae; Myrtoideae; Eucalypteae; Eucalyptus,0,5_501_CmoS#18,core,0.7713,0,0,0,0,[alpha]
XM_018951715.2:196-1489:1,XP_018807260.2,,LOC108980718,"choline monooxygenase, chloroplastic isoform X1",5_501_CmoS,5,527.8,0.8986,1.8e-158,XM_018951715.2,196,1489,1,Juglans regia,Eukaryota; Viridiplantae; Streptophyta; Embryophyta; Tracheophyta; Spermatophyta; Magnoliopsida; eudicotyledons; Gunneridae; Pentapetalae; rosids; fabids; Fagales; Juglandaceae; Juglans,0,5_501_CmoS#1,core,0.8655,0,0,0,0,[alpha]
XM_018626223.2:25-1396:1,XP_018481725.1,,LOC108852731,"choline monooxygenase, chloroplastic",5_501_CmoS,5,521.7,0.8333,1.3e-156,XM_018626223.2,25,1396,1,Raphanus sativus,Eukaryota; Viridiplantae; Streptophyta; Embryophyta; Tracheophyta; Spermatophyta; Magnoliopsida; eudicotyledons; Gunneridae; Pentapetalae; rosids; malvids; Brassicales; Brassicaceae; Brassiceae; Raphanus,0,5_501_CmoS#4,core,0.6507,0,0,0,0,[alpha]
XM_019222995.1:52-1378:1,XP_019078540.1,,LOC100256530,"choline monooxygenase, chloroplastic isoform X1",5_501_CmoS,5,531.6,0.9167,1.3e-159,XM_019222995.1,52,1378,1,Vitis vinifera,Eukaryota; Viridiplantae; Streptophyta; Embryophyta; Tracheophyta; Spermatophyta; Magnoliopsida; eudicotyledons; Gunneridae; Pentapetalae; rosids; Vitales; Vitaceae; Viteae; Vitis,0,5_501_CmoS#19,core,0.7758,0,0,0,0,[alpha]
XM_019607880.1:49-1285:1,XP_019463425.1,,LOC109362231,"choline monooxygenase, chloroplastic",5_501_CmoS,5,530.1,0.8266,3.7e-159,XM_019607880.1,49,1285,1,Lupinus angustifolius,Eukaryota; Viridiplantae; Streptophyta; Embryophyta; Tracheophyta; Spermatophyta; Magnoliopsida; eudicotyledons; Gunneridae; Pentapetalae; rosids; fabids; Fabales; Fabaceae; Papilionoideae; 50 kb inversion clade; genistoids sensu lato; core genistoids; Genisteae; Lupinus,0,5_501_CmoS#1,core,0.7994,0,0,0,0,[alpha]
XM_019789049.1:3-1353:1,XP_019644608.1,,LOC109485443,"choline monooxygenase, chloroplastic-like",5_501_CmoS,5,272.8,0.8221,4.4e-81,XM_019789049.1,3,1353,1,Branchiostoma belcheri,Eukaryota; Metazoa; Chordata; Cephalochordata; Leptocardii; Amphioxiformes; Branchiostomatidae; Branchiostoma,0,5_501_CmoS#5,divergent,0.4,0,0,0,0,[alpha]
XM_019789229.1:20-1349:1,XP_019644788.1,,LOC109485538,"choline monooxygenase, chloroplastic-like",5_501_CmoS,5,272.0,0.8356,7.5e-81,XM_019789229.1,20,1349,1,Branchiostoma belcheri,Eukaryota; Metazoa; Chordata; Cephalochordata; Leptocardii; Amphioxiformes; Branchiostomatidae; Branchiostoma,0,5_501_CmoS#5,divergent,0.4024,0,0,0,0,[alpha]
XM_019762881.1:219-1449:1,XP_019618440.1,,LOC109465524,"choline monooxygenase, chloroplastic-like",5_501_CmoS,5,273.3,0.8266,3.1e-81,XM_019762881.1,219,1449,1,Branchiostoma belcheri,Eukaryota; Metazoa; Chordata; Cephalochordata; Leptocardii; Amphioxiformes; Branchiostomatidae; Branchiostoma,0,5_501_CmoS#5,divergent,0.4196,0,0,0,0,[alpha]
XM_019778077.1:53-1310:1,XP_019633636.1,,LOC109477047,"choline monooxygenase, chloroplastic-like",5_501_CmoS,5,306.8,0.8153,2.1e-91,XM_019778077.1,53,1310,1,Branchiostoma belcheri,Eukaryota; Metazoa; Chordata; Cephalochordata; Leptocardii; Amphioxiformes; Branchiostomatidae; Branchiostoma,0,5_501_CmoS#5,divergent,0.44,0,0,0,0,[alpha]
XM_020697880.1:137-1145:1,XP_020553539.1,,LOC105173913,"choline monooxygenase, chloroplastic isoform X2",5_501_CmoS,5,431.6,0.7117,2.8e-129,XM_020697880.1,137,1145,1,Sesamum indicum,Eukaryota; Viridiplantae; Streptophyta; Embryophyta; Tracheophyta; Spermatophyta; Magnoliopsida; eudicotyledons; Gunneridae; Pentapetalae; asterids; lamiids; Lamiales; Pedaliaceae; Sesamum,0,5_501_CmoS#7,core,0.7026,0,0,0,0,[alpha]
XM_021960305.1:94-1339:1,XP_021815997.1,,LOC110758439,"choline monooxygenase, chloroplastic",5_501_CmoS,5,539.7,0.8131,4.5e-162,XM_021960305.1,94,1339,1,Prunus avium,Eukaryota; Viridiplantae; Streptophyta; Embryophyta; Tracheophyta; Spermatophyta; Magnoliopsida; eudicotyledons; Gunneridae; Pentapetalae; rosids; fabids; Rosales; Rosaceae; Amygdaloideae; Amygdaleae; Prunus,0,5_501_CmoS#43,core,0.7429,0,0,0,0,[alpha]
XM_020256457.1:145-1441:1,XP_020112046.1,,LOC109726692,"choline monooxygenase, chloroplastic-like isoform X1",5_501_CmoS,5,494.5,0.8446,2.4e-148,XM_020256457.1,145,1441,1,Ananas comosus,Eukaryota; Viridiplantae; Streptophyta; Embryophyta; Tracheophyta; Spermatophyta; Magnoliopsida; Liliopsida; Poales; Bromeliaceae; Bromelioideae; Ananas,0,5_501_CmoS#8,core,0.6921,0,0,0,0,[alpha]
XM_020256464.1:147-1443:1,XP_020112053.1,,LOC109726692,"choline monooxygenase, chloroplastic-like isoform X1",5_501_CmoS,5,494.5,0.8446,2.4e-148,XM_020256464.1,147,1443,1,Ananas comosus,Eukaryota; Viridiplantae; Streptophyta; Embryophyta; Tracheophyta; Spermatophyta; Magnoliopsida; Liliopsida; Poales; Bromeliaceae; Bromelioideae; Ananas,0,5_501_CmoS#8,core,0.6921,0,0,0,0,[alpha]
XM_020256475.1:147-1347:1,XP_020112064.1,,LOC109726692,"choline monooxygenase, chloroplastic-like isoform X2",5_501_CmoS,5,419.8,0.7748,1.1e-125,XM_020256475.1,147,1347,1,Ananas comosus,Eukaryota; Viridiplantae; Streptophyta; Embryophyta; Tracheophyta; Spermatophyta; Magnoliopsida; Liliopsida; Poales; Bromeliaceae; Bromelioideae; Ananas,0,5_501_CmoS#27,core,0.6088,0,0,0,0,[alpha]
XM_020697879.1:252-1260:1,XP_020553538.1,,LOC105173913,"choline monooxygenase, chloroplastic isoform X2",5_501_CmoS,5,431.6,0.7117,2.8e-129,XM_020697879.1,252,1260,1,Sesamum indicum,Eukaryota; Viridiplantae; Streptophyta; Embryophyta; Tracheophyta; Spermatophyta; Magnoliopsida; eudicotyledons; Gunneridae; Pentapetalae; asterids; lamiids; Lamiales; Pedaliaceae; Sesamum,0,5_501_CmoS#7,core,0.7026,0,0,0,0,[alpha]
XM_022279881.1:181-1507:1,XP_022135573.1,,LOC111007490,"choline monooxygenase, chloroplastic isoform X1",5_501_CmoS,5,503.9,0.8446,3.2e-151,XM_022279881.1,181,1507,1,Momordica charantia,Eukaryota; Viridiplantae; Streptophyta; Embryophyta; Tracheophyta; Spermatophyta; Magnoliopsida; eudicotyledons; Gunneridae; Pentapetalae; rosids; fabids; Cucurbitales; Cucurbitaceae; Momordiceae; Momordica,0,5_501_CmoS#2,core,0.7428,0,0,0,0,[alpha]
XM_022279882.1:176-1424:1,XP_022135574.1,,LOC111007490,"choline monooxygenase, chloroplastic isoform X2",5_501_CmoS,5,520.9,0.8446,2.3e-156,XM_022279882.1,176,1424,1,Momordica charantia,Eukaryota; Viridiplantae; Streptophyta; Embryophyta; Tracheophyta; Spermatophyta; Magnoliopsida; eudicotyledons; Gunneridae; Pentapetalae; rosids; fabids; Cucurbitales; Cucurbitaceae; Momordiceae; Momordica,0,5_501_CmoS#11,core,0.75,0,0,0,0,[alpha]
XM_022010720.1:55-1336:1,XP_021866412.1,,LOC110805105,"choline monooxygenase, chloroplastic-like",5_501_CmoS,5,556.3,0.8986,4e-167,XM_022010720.1,55,1336,1,Spinacia oleracea,Eukaryota; Viridiplantae; Streptophyta; Embryophyta; Tracheophyta; Spermatophyta; Magnoliopsida; eudicotyledons; Gunneridae; Pentapetalae; Caryophyllales; Chenopodiaceae; Chenopodioideae; Anserineae; Spinacia,0,5_501_CmoS#12,core,0.7109,0,0,0,0,[alpha]
XM_022010721.1:55-1336:1,XP_021866413.1,,LOC110805105,"choline monooxygenase, chloroplastic-like",5_501_CmoS,5,556.3,0.8986,4e-167,XM_022010721.1,55,1336,1,Spinacia oleracea,Eukaryota; Viridiplantae; Streptophyta; Embryophyta; Tracheophyta; Spermatophyta; Magnoliopsida; eudicotyledons; Gunneridae; Pentapetalae; Caryophyllales; Chenopodiaceae; Chenopodioideae; Anserineae; Spinacia,0,5_501_CmoS#12,core,0.7109,0,0,0,0,[alpha]
XM_022010722.1:55-1336:1,XP_021866414.1,,LOC110805105,"choline monooxygenase, chloroplastic-like",5_501_CmoS,5,556.3,0.8986,4e-167,XM_022010722.1,55,1336,1,Spinacia oleracea,Eukaryota; Viridiplantae; Streptophyta; Embryophyta; Tracheophyta; Spermatophyta; Magnoliopsida; eudicotyledons; Gunneridae; Pentapetalae; Caryophyllales; Chenopodiaceae; Chenopodioideae; Anserineae; Spinacia,0,5_501_CmoS#12,core,0.7109,0,0,0,0,[alpha]
XM_022897716.1:156-1458:1,XP_022753451.1,,LOC111301775,"choline monooxygenase, chloroplastic isoform X1",5_501_CmoS,5,512.6,0.8581,7.3e-154,XM_022897716.1,156,1458,1,Durio zibethinus,Eukaryota; Viridiplantae; Streptophyta; Embryophyta; Tracheophyta; Spermatophyta; Magnoliopsida; eudicotyledons; Gunneridae; Pentapetalae; rosids; malvids; Malvales; Malvaceae; Helicteroideae; Durio,0,5_501_CmoS#2,core,0.7559,0,0,0,0,[alpha]
XM_022897717.1:154-1375:1,XP_022753452.1,,LOC111301775,"choline monooxygenase, chloroplastic isoform X2",5_501_CmoS,5,531.7,0.8581,1.2e-159,XM_022897717.1,154,1375,1,Durio zibethinus,Eukaryota; Viridiplantae; Streptophyta; Embryophyta; Tracheophyta; Spermatophyta; Magnoliopsida; eudicotyledons; Gunneridae; Pentapetalae; rosids; malvids; Malvales; Malvaceae; Helicteroideae; Durio,0,5_501_CmoS#6,core,0.7633,0,0,0,0,[alpha]
XM_022279883.1:100-1117:1,XP_022135575.1,,LOC111007490,"choline monooxygenase, chloroplastic isoform X3",5_501_CmoS,5,393.3,0.6712,1.2e-117,XM_022279883.1,100,1117,1,Momordica charantia,Eukaryota; Viridiplantae; Streptophyta; Embryophyta; Tracheophyta; Spermatophyta; Magnoliopsida; eudicotyledons; Gunneridae; Pentapetalae; rosids; fabids; Cucurbitales; Cucurbitaceae; Momordiceae; Momordica,0,5_501_CmoS#2,core,0.7282,0,0,0,0,[alpha]
XM_022897718.1:154-1291:1,XP_022753453.1,,LOC111301775,"choline monooxygenase, chloroplastic isoform X3",5_501_CmoS,5,457.1,0.7342,5.2e-137,XM_022897718.1,154,1291,1,Durio zibethinus,Eukaryota; Viridiplantae; Streptophyta; Embryophyta; Tracheophyta; Spermatophyta; Magnoliopsida; eudicotyledons; Gunneridae; Pentapetalae; rosids; malvids; Malvales; Malvaceae; Helicteroideae; Durio,0,5_501_CmoS#6,core,0.7296,0,0,0,0,[alpha]
XM_022897721.1:154-1228:1,XP_022753456.1,,LOC111301775,"choline monooxygenase, chloroplastic isoform X5",5_501_CmoS,5,453.1,0.7207,8.8e-136,XM_022897721.1,154,1228,1,Durio zibethinus,Eukaryota; Viridiplantae; Streptophyta; Embryophyta; Tracheophyta; Spermatophyta; Magnoliopsida; eudicotyledons; Gunneridae; Pentapetalae; rosids; malvids; Malvales; Malvaceae; Helicteroideae; Durio,0,5_501_CmoS#6,core,0.7612,0,0,0,0,[alpha]
XM_023065557.1:95-1106:1,XP_022921325.1,,LOC111464984,"choline monooxygenase, chloroplastic isoform X2",5_501_CmoS,5,431.3,0.7095,3.6e-129,XM_023065557.1,95,1106,1,Cucurbita moschata,Eukaryota; Viridiplantae; Streptophyta; Embryophyta; Tracheophyta; Spermatophyta; Magnoliopsida; eudicotyledons; Gunneridae; Pentapetalae; rosids; fabids; Cucurbitales; Cucurbitaceae; Cucurbiteae; Cucurbita,0,5_501_CmoS#2,core,0.7128,0,0,0,0,[alpha]
XM_023065558.1:159-1170:1,XP_022921326.1,,LOC111464984,"choline monooxygenase, chloroplastic isoform X2",5_501_CmoS,5,431.3,0.7095,3.6e-129,XM_023065558.1,159,1170,1,Cucurbita moschata,Eukaryota; Viridiplantae; Streptophyta; Embryophyta; Tracheophyta; Spermatophyta; Magnoliopsida; eudicotyledons; Gunneridae; Pentapetalae; rosids; fabids; Cucurbitales; Cucurbitaceae; Cucurbiteae; Cucurbita,0,5_501_CmoS#2,core,0.7128,0,0,0,0,[alpha]
XM_023131561.1:91-1447:1,XP_022987329.1,,LOC111484916,"choline monooxygenase, chloroplastic isoform X1",5_501_CmoS,5,491.2,0.8108,2.4e-147,XM_023131561.1,91,1447,1,Cucurbita maxima,Eukaryota; Viridiplantae; Streptophyta; Embryophyta; Tracheophyta; Spermatophyta; Magnoliopsida; eudicotyledons; Gunneridae; Pentapetalae; rosids; fabids; Cucurbitales; Cucurbitaceae; Cucurbiteae; Cucurbita,0,5_501_CmoS#2,core,0.7185,0,0,0,0,[alpha]
XM_023131562.1:89-1343:1,XP_022987330.1,,LOC111484916,"choline monooxygenase, chloroplastic isoform X2",5_501_CmoS,5,506.2,0.8108,6.4e-152,XM_023131562.1,89,1343,1,Cucurbita maxima,Eukaryota; Viridiplantae; Streptophyta; Embryophyta; Tracheophyta; Spermatophyta; Magnoliopsida; eudicotyledons; Gunneridae; Pentapetalae; rosids; fabids; Cucurbitales; Cucurbitaceae; Cucurbiteae; Cucurbita,0,5_501_CmoS#2,core,0.7227,0,0,0,0,[alpha]
XM_023131563.1:83-1094:1,XP_022987331.1,,LOC111484916,"choline monooxygenase, chloroplastic isoform X3",5_501_CmoS,5,426.1,0.7072,1.3e-127,XM_023131563.1,83,1094,1,Cucurbita maxima,Eukaryota; Viridiplantae; Streptophyta; Embryophyta; Tracheophyta; Spermatophyta; Magnoliopsida; eudicotyledons; Gunneridae; Pentapetalae; rosids; fabids; Cucurbitales; Cucurbitaceae; Cucurbiteae; Cucurbita,0,5_501_CmoS#2,core,0.7061,0,0,0,0,[alpha]
XM_023109271.1:92-1346:1,XP_022965039.1,,LOC111464984,"choline monooxygenase, chloroplastic isoform X1",5_501_CmoS,5,510.6,0.8086,3.1e-153,XM_023109271.1,92,1346,1,Cucurbita moschata,Eukaryota; Viridiplantae; Streptophyta; Embryophyta; Tracheophyta; Spermatophyta; Magnoliopsida; eudicotyledons; Gunneridae; Pentapetalae; rosids; fabids; Cucurbitales; Cucurbitaceae; Cucurbiteae; Cucurbita,0,5_501_CmoS#2,core,0.7286,0,0,0,0,[alpha]
XM_025068841.1:149-1190:1,XP_024924609.1,,LOC107424321,"choline monooxygenase, chloroplastic isoform X4",5_501_CmoS,5,450.5,0.6869,5.3e-135,XM_025068841.1,149,1190,1,Ziziphus jujuba,Eukaryota; Viridiplantae; Streptophyta; Embryophyta; Tracheophyta; Spermatophyta; Magnoliopsida; eudicotyledons; Gunneridae; Pentapetalae; rosids; fabids; Rosales; Rhamnaceae; Paliureae; Ziziphus,0,5_501_CmoS#21,core,0.7751,0,0,0,0,[alpha]
XM_027231116.1:243-1548:1,XP_027086917.1,,LOC113708603,"choline monooxygenase, chloroplastic-like",5_501_CmoS,5,536.9,0.8468,3.1e-161,XM_027231116.1,243,1548,1,Coffea arabica,Eukaryota; Viridiplantae; Streptophyta; Embryophyta; Tracheophyta; Spermatophyta; Magnoliopsida; eudicotyledons; Gunneridae; Pentapetalae; asterids; lamiids; Gentianales; Rubiaceae; Ixoroideae; Gardenieae complex; Bertiereae - Coffeeae clade; Coffeeae; Coffea,0,5_501_CmoS#10,core,0.7126,0,0,0,0,[alpha]
XM_027477850.1:38-1295:1,XP_027333651.1,,LOC113848372,"choline monooxygenase, chloroplastic isoform X1",5_501_CmoS,5,524.1,0.8333,2.5e-157,XM_027477850.1,38,1295,1,Abrus precatorius,Eukaryota; Viridiplantae; Streptophyta; Embryophyta; Tracheophyta; Spermatophyta; Magnoliopsida; eudicotyledons; Gunneridae; Pentapetalae; rosids; fabids; Fabales; Fabaceae; Papilionoideae; 50 kb inversion clade; NPAAA clade; indigoferoid/millettioid clade; Abreae; Abrus,0,5_501_CmoS#1,core,0.8397,0,0,0,0,[alpha]
XM_027477851.1:38-1205:1,XP_027333652.1,,LOC113848372,"choline monooxygenase, chloroplastic isoform X2",5_501_CmoS,5,456.4,0.7365,8.6e-137,XM_027477851.1,38,1205,1,Abrus precatorius,Eukaryota; Viridiplantae; Streptophyta; Embryophyta; Tracheophyta; Spermatophyta; Magnoliopsida; eudicotyledons; Gunneridae; Pentapetalae; rosids; fabids; Fabales; Fabaceae; Papilionoideae; 50 kb inversion clade; NPAAA clade; indigoferoid/millettioid clade; Abreae; Abrus,0,5_501_CmoS#6,core,0.8165,0,0,0,0,[alpha]
XM_030679835.1:33-1299:1,XP_030535695.1,,LOC115744588,"choline monooxygenase, chloroplastic",5_501_CmoS,5,516.2,0.8288,6.2e-155,XM_030679835.1,33,1299,1,Rhodamnia argentea,Eukaryota; Viridiplantae; Streptophyta; Embryophyta; Tracheophyta; Spermatophyta; Magnoliopsida; eudicotyledons; Gunneridae; Pentapetalae; rosids; malvids; Myrtales; Myrtaceae; Myrtoideae; Myrteae; Australasian group; Rhodamnia,0,5_501_CmoS#18,core,0.7912,0,0,0,0,[alpha]
XM_031526150.1:81-1356:1,XP_031382010.1,,LOC116196433,"choline monooxygenase, chloroplastic",5_501_CmoS,5,527.0,0.8311,3.1e-158,XM_031526150.1,81,1356,1,Punica granatum,Eukaryota; Viridiplantae; Streptophyta; Embryophyta; Tracheophyta; Spermatophyta; Magnoliopsida; eudicotyledons; Gunneridae; Pentapetalae; rosids; malvids; Myrtales; Lythraceae; Punica,0,5_501_CmoS#42,core,0.8042,0,0,0,0,[alpha]
XM_035821008.1:235-1489:1,XP_035676901.1,,LOC118415993,"choline monooxygenase, chloroplastic-like",5_501_CmoS,5,309.5,0.8468,3.1e-92,XM_035821008.1,235,1489,1,Branchiostoma floridae,Eukaryota; Metazoa; Chordata; Cephalochordata; Leptocardii; Amphioxiformes; Branchiostomatidae; Branchiostoma,0,5_501_CmoS#5,divergent,0.4348,0,0,0,0,[alpha]
XM_035821918.1:74-1307:1,XP_035677811.1,,LOC118416715,"choline monooxygenase, chloroplastic-like",5_501_CmoS,5,287.4,0.8536,1.6e-85,XM_035821918.1,74,1307,1,Branchiostoma floridae,Eukaryota; Metazoa; Chordata; Cephalochordata; Leptocardii; Amphioxiformes; Branchiostomatidae; Branchiostoma,0,5_501_CmoS#23,divergent,0.4223,0,0,0,0,[alpha]
XM_035682996.1:196-1489:1,XP_035538889.1,,LOC108980718,"choline monooxygenase, chloroplastic isoform X1",5_501_CmoS,5,527.8,0.8986,1.8e-158,XM_035682996.1,196,1489,1,Juglans regia,Eukaryota; Viridiplantae; Streptophyta; Embryophyta; Tracheophyta; Spermatophyta; Magnoliopsida; eudicotyledons; Gunneridae; Pentapetalae; rosids; fabids; Fagales; Juglandaceae; Juglans,0,5_501_CmoS#1,core,0.8655,0,0,0,0,[alpha]
XM_035682997.1:198-1416:1,XP_035538890.1,,LOC108980718,"choline monooxygenase, chloroplastic isoform X2",5_501_CmoS,5,444.1,0.7613,4.4e-133,XM_035682997.1,198,1416,1,Juglans regia,Eukaryota; Viridiplantae; Streptophyta; Embryophyta; Tracheophyta; Spermatophyta; Magnoliopsida; eudicotyledons; Gunneridae; Pentapetalae; rosids; fabids; Fagales; Juglandaceae; Juglans,0,5_501_CmoS#6,core,0.8725,0,0,0,0,[alpha]
