candidate_id,protein_id,locus_tag,gene,product,ro_cluster,ro_group,hmm_score,model_coverage,hmm_evalue,nucleotide_id,start,end,strand,organism,taxonomy,is_plasmid,leaf_id,assignment_class,core_identity,operon_completeness,has_beta,has_ferredoxin,has_reductase,layout
NC_008688.1:402321-403554:-1,WP_011751116.1,PDEN_RS24370,,SRPBCC family protein,5_507_BmoA,5,519.8,0.9343,3e-156,NC_008688.1,402321,403554,-1,Paracoccus denitrificans PD1222,Bacteria; Pseudomonadati; Pseudomonadota; Alphaproteobacteria; Rhodobacterales; Paracoccaceae; Paracoccus,1,5_507_BmoA#11,divergent,0.5347,1,0,0,1,[alpha] > reductase > reductase > reductase > regulator
NC_009427.1:85444-86629:-1,WP_011906730.1,SARO_RS18290,,SRPBCC family protein,5_507_BmoA,5,101.5,0.4718,2.7e-29,NC_009427.1,85444,86629,-1,Novosphingobium aromaticivorans DSM 12444,Bacteria; Pseudomonadati; Pseudomonadota; Alphaproteobacteria; Sphingomonadales; Sphingomonadaceae; Novosphingobium,1,5_507_BmoA#48,novel_candidate,0.2613,0,0,0,0,alpha_other > [alpha]
NC_014013.1:458830-460060:1,WP_013053944.1,SJA_RS18515,,aromatic ring-hydroxylating dioxygenase subunit alpha,5_507_BmoA,5,123.0,0.8568,8.4e-36,NC_014013.1,458830,460060,1,Sphingobium indicum UT26S,Bacteria; Pseudomonadati; Pseudomonadota; Alphaproteobacteria; Sphingomonadales; Sphingomonadaceae; Sphingobium,0,5_507_BmoA#47,novel_candidate,0.2677,0,0,0,0,[alpha] > hypothetical
NC_014013.1:498324-499587:-1,WP_233448197.1,SJA_RS18685,,aromatic ring-hydroxylating dioxygenase subunit alpha,5_507_BmoA,5,137.7,0.4695,2.8e-40,NC_014013.1,498324,499587,-1,Sphingobium indicum UT26S,Bacteria; Pseudomonadati; Pseudomonadota; Alphaproteobacteria; Sphingomonadales; Sphingomonadaceae; Sphingobium,0,5_507_BmoA#71,novel_candidate,0.2459,0,0,0,0,other > reductase > other > hypothetical > reductase > other > [alpha] > hypothetical
NZ_AAMO01000008.1:224288-225584:1,WP_009803910.1,OB2597_RS02360,,SRPBCC family protein,5_507_BmoA,5,118.4,0.4742,2e-34,NZ_AAMO01000008.1,224288,225584,1,Pseudooceanicola batsensis HTCC2597,Bacteria; Pseudomonadati; Pseudomonadota; Alphaproteobacteria; Rhodobacterales; Paracoccaceae; Pseudooceanicola,0,5_507_BmoA#139,novel_candidate,0.2541,1,0,1,0,[alpha] > hypothetical > other > other > other > dehydrogenase > dehydrogenase > ferredoxin > other > transporter > transporter > dehydrogenase > ferredoxin > dehydrogenase
NZ_ABCS01000169.1:9602-10760:-1,WP_006976991.1,PPSIR1_RS39810,,SRPBCC family protein,5_507_BmoA,5,202.6,0.7606,5.6e-60,NZ_ABCS01000169.1,9602,10760,-1,Plesiocystis pacifica SIR-1,Bacteria; Pseudomonadati; Myxococcota; Polyangia; Nannocystales; Nannocystaceae; Plesiocystis,0,5_507_BmoA#138,novel_candidate,0.3613,0,0,0,0,hypothetical > hypothetical > [alpha]
NZ_AAXY01000006.1:68304-69591:-1,WP_007350026.1,MELB17_RS09595,,SRPBCC family protein,5_507_BmoA,5,803.5,0.993,2.3e-242,NZ_AAXY01000006.1,68304,69591,-1,Marinobacter sp. ELB17,Bacteria; Pseudomonadati; Pseudomonadota; Gammaproteobacteria; Pseudomonadales; Marinobacteraceae; Marinobacter,0,5_507_BmoA#4,core,0.7547,0,0,0,0,[alpha]
NZ_ACFC01000009.1:21310-22570:1,WP_006406670.1,BURMUCGD2_RS19100,,SRPBCC family protein,5_507_BmoA,5,382.9,0.9296,1e-114,NZ_ACFC01000009.1,21310,22570,1,Burkholderia multivorans CGD2,Bacteria; Pseudomonadati; Pseudomonadota; Betaproteobacteria; Burkholderiales; Burkholderiaceae; Burkholderia; Burkholderia cepacia complex,0,5_507_BmoA#2,core,0.6923,1,0,0,1,[alpha] > reductase > regulator
NZ_ADGX01000202.1:396-1602:-1,WP_006545020.1,FREUN1FDRAFT_RS34560,,aromatic ring-hydroxylating dioxygenase subunit alpha,5_507_BmoA,5,89.8,0.4648,9.7e-26,NZ_ADGX01000202.1,396,1602,-1,Parafrankia sp. EUN1f,Bacteria; Bacillati; Actinomycetota; Actinomycetes; Frankiales; Frankiaceae; Parafrankia,0,5_507_BmoA#17,novel_candidate,0.2516,0,0,0,0,other > reductase > other > other > reductase > hypothetical > reductase > other > [alpha]
NZ_AEJC01000394.1:1694-2825:1,WP_009322391.1,STRIP9103_RS25380,,aromatic ring-hydroxylating dioxygenase subunit alpha,5_507_BmoA,5,216.1,0.7911,4.4e-64,NZ_AEJC01000394.1,1694,2825,1,Streptomyces ipomoeae 91-03,Bacteria; Bacillati; Actinomycetota; Actinomycetes; Kitasatosporales; Streptomycetaceae; Streptomyces,0,5_507_BmoA#0,core,0.9394,0,0,0,0,[alpha]
NZ_AEJB01000410.1:19576-20701:-1,WP_006379858.1,STRTUCAR8_RS29875,,aromatic ring-hydroxylating dioxygenase subunit alpha,5_507_BmoA,5,224.2,0.784,1.6e-66,NZ_AEJB01000410.1,19576,20701,-1,Streptomyces turgidiscabies Car8,Bacteria; Bacillati; Actinomycetota; Actinomycetes; Kitasatosporales; Streptomycetaceae; Streptomyces,0,5_507_BmoA#0,core,0.9413,2,0,1,1,ferredoxin > reductase > [alpha]
NZ_AEJF01000121.1:38505-39648:1,WP_047848235.1,EOS_RS19045,,aromatic ring-hydroxylating dioxygenase subunit alpha,5_507_BmoA,5,144.0,0.615,3.4e-42,NZ_AEJF01000121.1,38505,39648,1,Caballeronia mineralivorans PML1(12),Bacteria; Pseudomonadati; Pseudomonadota; Betaproteobacteria; Burkholderiales; Burkholderiaceae; Caballeronia,0,5_507_BmoA#10,core,0.8459,0,0,0,0,[alpha] > transporter > transporter > transporter > transporter > other
NZ_AGVE01000042.1:399552-400935:1,WP_003925378.1,KEK_RS09215,,SRPBCC family protein,5_507_BmoA,5,136.6,0.4977,6e-40,NZ_AGVE01000042.1,399552,400935,1,Mycolicibacterium thermoresistibile ATCC 19527,Bacteria; Bacillati; Actinomycetota; Actinomycetes; Mycobacteriales; Mycobacteriaceae; Mycolicibacterium,0,5_507_BmoA#3,core,0.8475,0,0,0,0,other > reductase > [alpha] > other > other > hypothetical
NZ_AJHJ01000003.1:71998-73165:1,WP_009635358.1,SPM24T3_RS03705,,aromatic ring-hydroxylating dioxygenase subunit alpha,5_507_BmoA,5,117.3,0.6808,4.5e-34,NZ_AJHJ01000003.1,71998,73165,1,Serratia sp. M24T3,Bacteria; Pseudomonadati; Pseudomonadota; Gammaproteobacteria; Enterobacterales; Yersiniaceae; Serratia,0,5_507_BmoA#136,novel_candidate,0.2866,0,0,0,0,transporter > reductase > reductase > transporter > transporter > reductase > [alpha] > reductase > other
NZ_AJJH01000010.1:48739-49915:-1,WP_007295712.1,W59_RS01360,,SRPBCC family protein,5_507_BmoA,5,263.7,0.8146,1.6e-78,NZ_AJJH01000010.1,48739,49915,-1,Rhodococcus opacus RKJ300 = JCM 13270,Bacteria; Bacillati; Actinomycetota; Actinomycetes; Mycobacteriales; Nocardiaceae; Rhodococcus,0,5_507_BmoA#135,novel_candidate,0.3499,0,0,0,0,reductase > [alpha]
NZ_AHNQ02000057.1:182237-183371:1,WP_000036626.1,LEP1GSC104_RS208895,,SRPBCC family protein,5_507_BmoA,5,80.5,0.493,6.3e-23,NZ_AHNQ02000057.1,182237,183371,1,Leptospira interrogans str. UI 12621,Bacteria; Pseudomonadati; Spirochaetota; Spirochaetia; Leptospirales; Leptospiraceae; Leptospira,0,5_507_BmoA#27,novel_candidate,0.2363,0,0,0,0,[alpha]
NZ_AHNR02000010.1:79432-80566:1,WP_000036621.1,LEP1GSC105_RS10440,,SRPBCC family protein,5_507_BmoA,5,80.9,0.493,4.9e-23,NZ_AHNR02000010.1,79432,80566,1,Leptospira interrogans str. UI 12758,Bacteria; Pseudomonadati; Spirochaetota; Spirochaetia; Leptospirales; Leptospiraceae; Leptospira,0,5_507_BmoA#27,novel_candidate,0.2363,0,0,0,0,[alpha]
NZ_AJWN02000032.1:90344-91598:1,WP_016958446.1,A1OK_RS03900,,aromatic ring-hydroxylating dioxygenase subunit alpha,5_507_BmoA,5,702.1,0.9554,1.4e-211,NZ_AJWN02000032.1,90344,91598,1,Enterovibrio norvegicus FF-454,Bacteria; Pseudomonadati; Pseudomonadota; Gammaproteobacteria; Vibrionales; Vibrionaceae; Enterovibrio,0,5_507_BmoA#20,core,0.6299,1,0,0,1,[alpha] > reductase
NZ_AKJA01000028.1:7682-8804:-1,WP_008112872.1,PMI40_RS05205,,aromatic ring-hydroxylating dioxygenase subunit alpha,5_507_BmoA,5,75.2,0.7254,2.6e-21,NZ_AKJA01000028.1,7682,8804,-1,Herbaspirillum sp. YR522,Bacteria; Pseudomonadati; Pseudomonadota; Betaproteobacteria; Burkholderiales; Oxalobacteraceae; Herbaspirillum,0,5_507_BmoA#6,core,0.804,0,0,0,0,[alpha]
NZ_AKKE01000034.1:10511-11678:-1,WP_007680543.1,PMI02_RS25800,,aromatic ring-hydroxylating dioxygenase subunit alpha,5_507_BmoA,5,135.6,0.5047,1.3e-39,NZ_AKKE01000034.1,10511,11678,-1,Novosphingobium sp. AP12,Bacteria; Pseudomonadati; Pseudomonadota; Alphaproteobacteria; Sphingomonadales; Sphingomonadaceae; Novosphingobium,0,5_507_BmoA#134,novel_candidate,0.2892,0,0,0,0,[alpha]
NZ_AKJW01000027.1:9369-10488:1,WP_007877892.1,PMI16_RS07045,,aromatic ring-hydroxylating dioxygenase subunit alpha,5_507_BmoA,5,80.7,0.7465,5.7e-23,NZ_AKJW01000027.1,9369,10488,1,Herbaspirillum sp. CF444,Bacteria; Pseudomonadati; Pseudomonadota; Betaproteobacteria; Burkholderiales; Oxalobacteraceae; Herbaspirillum,0,5_507_BmoA#6,core,0.8195,0,0,0,0,[alpha]
NZ_AKKE01000156.1:9076-10255:-1,WP_007687016.1,PMI02_RS21740,,aromatic ring-hydroxylating dioxygenase subunit alpha,5_507_BmoA,5,118.6,0.4671,1.8e-34,NZ_AKKE01000156.1,9076,10255,-1,Novosphingobium sp. AP12,Bacteria; Pseudomonadati; Pseudomonadota; Alphaproteobacteria; Sphingomonadales; Sphingomonadaceae; Novosphingobium,0,5_507_BmoA#48,novel_candidate,0.2675,0,0,0,0,[alpha]
NZ_AKKF01000167.1:27658-28768:1,WP_007669999.1,PMI01_RS14455,,aromatic ring-hydroxylating dioxygenase subunit alpha,5_507_BmoA,5,238.7,0.7887,6.3e-71,NZ_AKKF01000167.1,27658,28768,1,Caulobacter sp. AP07,Bacteria; Pseudomonadati; Pseudomonadota; Alphaproteobacteria; Caulobacterales; Caulobacteraceae; Caulobacter,0,5_507_BmoA#133,novel_candidate,0.3214,0,0,0,0,[alpha]
NZ_AKWH02000016.1:123844-124978:1,WP_004769839.1,LEP1GSC131_RS221945,,SRPBCC family protein,5_507_BmoA,5,78.9,0.4671,2e-22,NZ_AKWH02000016.1,123844,124978,1,Leptospira kirschneri str. 200802841,Bacteria; Pseudomonadati; Spirochaetota; Spirochaetia; Leptospirales; Leptospiraceae; Leptospira,0,5_507_BmoA#27,novel_candidate,0.233,0,0,0,0,[alpha]
NZ_AKWR02000142.1:63911-65045:-1,WP_000036621.1,LEP1GSC079_RS21710,,SRPBCC family protein,5_507_BmoA,5,80.9,0.493,4.9e-23,NZ_AKWR02000142.1,63911,65045,-1,Leptospira interrogans str. FPW1039,Bacteria; Pseudomonadati; Spirochaetota; Spirochaetia; Leptospirales; Leptospiraceae; Leptospira,0,5_507_BmoA#27,novel_candidate,0.2363,0,0,0,0,[alpha]
NZ_AMXB01000005.1:39298-40405:-1,WP_002936609.1,B447_RS03590,,aromatic ring-hydroxylating dioxygenase subunit alpha,5_507_BmoA,5,72.2,0.7441,2.1e-20,NZ_AMXB01000005.1,39298,40405,-1,Thauera sp. 27,Bacteria; Pseudomonadati; Pseudomonadota; Betaproteobacteria; Rhodocyclales; Zoogloeaceae; Thauera,0,5_507_BmoA#6,divergent,0.5201,0,0,0,0,[alpha]
NZ_AMXC01000002.1:179411-180518:1,WP_004253099.1,C664_RS03010,,aromatic ring-hydroxylating dioxygenase subunit alpha,5_507_BmoA,5,68.6,0.7418,2.7e-19,NZ_AMXC01000002.1,179411,180518,1,Thauera sp. 63,Bacteria; Pseudomonadati; Pseudomonadota; Betaproteobacteria; Rhodocyclales; Zoogloeaceae; Thauera,0,5_507_BmoA#6,divergent,0.5418,0,0,0,0,[alpha]
NZ_ANFM02000036.1:24161-25415:1,WP_002540899.1,D515_RS19300,,aromatic ring-hydroxylating dioxygenase subunit alpha,5_507_BmoA,5,696.1,0.9554,9e-210,NZ_ANFM02000036.1,24161,25415,1,Grimontia indica,Bacteria; Pseudomonadati; Pseudomonadota; Gammaproteobacteria; Vibrionales; Vibrionaceae; Grimontia,0,5_507_BmoA#20,core,0.6011,1,0,0,1,hypothetical > [alpha] > reductase
NZ_ANOH01000123.1:5010-6177:-1,WP_008676497.1,RSSM_RS08150,,aromatic ring-hydroxylating dioxygenase subunit alpha,5_507_BmoA,5,73.6,0.4695,8.2e-21,NZ_ANOH01000123.1,5010,6177,-1,Rhodopirellula sallentina SM41,Bacteria; Pseudomonadati; Planctomycetota; Planctomycetia; Pirellulales; Pirellulaceae; Rhodopirellula,0,5_507_BmoA#132,novel_candidate,0.234,0,0,0,0,[alpha]
NZ_ANPE02000099.1:35106-36309:1,WP_005268382.1,D477_RS07360,,aromatic ring-hydroxylating dioxygenase subunit alpha,5_507_BmoA,5,215.7,0.7864,5.9e-64,NZ_ANPE02000099.1,35106,36309,1,Arthrobacter crystallopoietes BAB-32,Bacteria; Bacillati; Actinomycetota; Actinomycetes; Micrococcales; Micrococcaceae; Arthrobacter,0,5_507_BmoA#0,core,0.74,1,0,0,1,reductase > [alpha] > dehydrogenase
NZ_ANMO01000166.1:793-1954:-1,WP_008658464.1,RE6C_RS17030,,aromatic ring-hydroxylating dioxygenase subunit alpha,5_507_BmoA,5,81.0,0.4531,4.4e-23,NZ_ANMO01000166.1,793,1954,-1,Rhodopirellula europaea 6C,Bacteria; Pseudomonadati; Planctomycetota; Planctomycetia; Pirellulales; Pirellulaceae; Rhodopirellula,0,5_507_BmoA#131,novel_candidate,0.2157,0,0,0,0,other > reductase > [alpha] > reductase
NZ_AOFD01000086.1:2504-3905:1,WP_009359523.1,G205_RS20775,,SRPBCC family protein,5_507_BmoA,5,118.3,0.4648,2.2e-34,NZ_AOFD01000086.1,2504,3905,1,Arthrobacter nitrophenolicus,Bacteria; Bacillati; Actinomycetota; Actinomycetes; Micrococcales; Micrococcaceae; Arthrobacter,0,5_507_BmoA#130,novel_candidate,0.3352,0,0,0,0,[alpha] > dehydrogenase > dehydrogenase > other
NZ_AONB01000006.1:43402-44662:-1,WP_036509710.1,D791_RS07285,,aromatic ring-hydroxylating dioxygenase subunit alpha,5_507_BmoA,5,809.4,0.9789,3.7e-244,NZ_AONB01000006.1,43402,44662,-1,Nitrincola nitratireducens,Bacteria; Pseudomonadati; Pseudomonadota; Gammaproteobacteria; Oceanospirillales; Oceanospirillaceae; Nitrincola,0,5_507_BmoA#4,core,0.7432,0,0,0,0,[alpha]
NZ_AOUO01000644.1:15889-17008:-1,WP_004560549.1,H480_RS37145,,aromatic ring-hydroxylating dioxygenase subunit alpha,5_507_BmoA,5,212.0,0.784,8.2e-63,NZ_AOUO01000644.1,15889,17008,-1,Amycolatopsis vancoresmycina DSM 44592,Bacteria; Bacillati; Actinomycetota; Actinomycetes; Pseudonocardiales; Pseudonocardiaceae; Amycolatopsis,0,5_507_BmoA#0,core,0.8023,0,0,0,0,regulator > [alpha]
NZ_AOSQ01000025.1:20378-21578:1,WP_017833549.1,H488_RS28305,,aromatic ring-hydroxylating dioxygenase subunit alpha,5_507_BmoA,5,223.3,0.8028,2.9e-66,NZ_AOSQ01000025.1,20378,21578,1,Kocuria sp. UCD-OTCP,Bacteria; Bacillati; Actinomycetota; Actinomycetes; Micrococcales; Micrococcaceae; Kocuria,0,5_507_BmoA#0,core,0.7577,1,0,0,1,reductase > [alpha] > transporter > regulator
NZ_AOUN01000017.1:54249-55416:1,WP_003050728.1,EBMC1_RS15830,,aromatic ring-hydroxylating dioxygenase subunit alpha,5_507_BmoA,5,151.7,0.6901,1.5e-44,NZ_AOUN01000017.1,54249,55416,1,Sphingopyxis sp. MC1,Bacteria; Pseudomonadati; Pseudomonadota; Alphaproteobacteria; Sphingomonadales; Sphingomonadaceae; Sphingopyxis,0,5_507_BmoA#46,novel_candidate,0.3091,1,0,0,1,[alpha] > reductase > reductase
NZ_APNK01000001.1:44693-45983:-1,WP_037332611.1,C41B8_RS00190,,aromatic ring-hydroxylating dioxygenase subunit alpha,5_507_BmoA,5,815.8,0.9977,4.4e-246,NZ_APNK01000001.1,44693,45983,-1,Salinisphaera hydrothermalis C41B8,Bacteria; Pseudomonadati; Pseudomonadota; Gammaproteobacteria; Salinisphaerales; Salinisphaeraceae; Salinisphaera,0,5_507_BmoA#4,core,0.7926,0,0,0,0,[alpha]
NZ_ATDO01000095.1:48017-49247:1,WP_020819574.1,L286_RS37645,,aromatic ring-hydroxylating dioxygenase subunit alpha,5_507_BmoA,5,127.2,0.8568,4.4e-37,NZ_ATDO01000095.1,48017,49247,1,Sphingobium sp. HDIP04,Bacteria; Pseudomonadati; Pseudomonadota; Alphaproteobacteria; Sphingomonadales; Sphingomonadaceae; Sphingobium,0,5_507_BmoA#47,novel_candidate,0.2625,0,0,0,0,[alpha] > hypothetical
NZ_ATDO01000095.1:87521-88784:-1,WP_235181790.1,L286_RS37810,,aromatic ring-hydroxylating dioxygenase subunit alpha,5_507_BmoA,5,136.7,0.4695,5.7e-40,NZ_ATDO01000095.1,87521,88784,-1,Sphingobium sp. HDIP04,Bacteria; Pseudomonadati; Pseudomonadota; Alphaproteobacteria; Sphingomonadales; Sphingomonadaceae; Sphingobium,0,5_507_BmoA#71,novel_candidate,0.2459,0,0,0,0,other > reductase > other > hypothetical > reductase > other > [alpha] > hypothetical
NZ_ATDP01000071.1:170134-171454:1,WP_021224825.1,RLDS_RS33610,,SRPBCC family protein,5_507_BmoA,5,112.8,0.4507,1e-32,NZ_ATDP01000071.1,170134,171454,1,Sphingobium lactosutens DS20,Bacteria; Pseudomonadati; Pseudomonadota; Alphaproteobacteria; Sphingomonadales; Sphingomonadaceae; Sphingobium,0,5_507_BmoA#129,novel_candidate,0.342,0,0,0,0,[alpha]
NZ_ATDP01000071.1:182241-183495:1,WP_021224834.1,RLDS_RS33655,,aromatic ring-hydroxylating dioxygenase subunit alpha,5_507_BmoA,5,118.2,0.4695,2.3e-34,NZ_ATDP01000071.1,182241,183495,1,Sphingobium lactosutens DS20,Bacteria; Pseudomonadati; Pseudomonadota; Alphaproteobacteria; Sphingomonadales; Sphingomonadaceae; Sphingobium,0,5_507_BmoA#25,novel_candidate,0.2711,0,0,0,0,[alpha] > reductase
NZ_ATHL01000034.1:38111-39290:-1,WP_021232766.1,L284_RS28860,,aromatic ring-hydroxylating dioxygenase subunit alpha,5_507_BmoA,5,123.9,0.4695,4.2e-36,NZ_ATHL01000034.1,38111,39290,-1,Novosphingobium lindaniclasticum LE124,Bacteria; Pseudomonadati; Pseudomonadota; Alphaproteobacteria; Sphingomonadales; Sphingomonadaceae; Novosphingobium,0,5_507_BmoA#48,novel_candidate,0.2727,0,0,0,0,[alpha] > other
NZ_AUSV01000036.1:58977-60162:1,WP_023399121.1,PL2TA16_RS10625,,aromatic ring-hydroxylating dioxygenase subunit alpha,5_507_BmoA,5,139.2,0.4765,1e-40,NZ_AUSV01000036.1,58977,60162,1,Pseudoalteromonas luteoviolacea 2ta16,Bacteria; Pseudomonadati; Pseudomonadota; Gammaproteobacteria; Alteromonadales; Pseudoalteromonadaceae; Pseudoalteromonas,0,5_507_BmoA#39,novel_candidate,0.2507,0,0,0,0,other > [alpha]
NZ_AUXX01000005.1:303630-304815:1,WP_063380111.1,N478_RS04070,,aromatic ring-hydroxylating dioxygenase subunit alpha,5_507_BmoA,5,163.5,0.7183,4.2e-48,NZ_AUXX01000005.1,303630,304815,1,Pseudoalteromonas luteoviolacea S4060-1,Bacteria; Pseudomonadati; Pseudomonadota; Gammaproteobacteria; Alteromonadales; Pseudoalteromonadaceae; Pseudoalteromonas,0,5_507_BmoA#39,novel_candidate,0.2727,0,0,0,0,other > [alpha]
NZ_AUYB01000106.1:6851-8036:1,WP_063365475.1,N475_RS14420,,aromatic ring-hydroxylating dioxygenase subunit alpha,5_507_BmoA,5,147.1,0.4765,4e-43,NZ_AUYB01000106.1,6851,8036,1,Pseudoalteromonas luteoviolacea DSM 6061,Bacteria; Pseudomonadati; Pseudomonadota; Gammaproteobacteria; Alteromonadales; Pseudoalteromonadaceae; Pseudoalteromonas,0,5_507_BmoA#39,novel_candidate,0.2806,0,0,0,0,hypothetical > [alpha]
NZ_AVOG02000056.1:52431-53655:1,WP_022983427.1,N879_RS15970,,aromatic ring-hydroxylating dioxygenase subunit alpha,5_507_BmoA,5,128.3,0.4695,2e-37,NZ_AVOG02000056.1,52431,53655,1,Alcaligenes sp. EGD-AK7,Bacteria; Pseudomonadati; Pseudomonadota; Betaproteobacteria; Burkholderiales; Alcaligenaceae; Alcaligenes,0,5_507_BmoA#38,novel_candidate,0.2485,1,0,0,1,[alpha] > reductase > reductase > hypothetical > hypothetical > hydrolase
NZ_AWXZ01000031.1:59712-60921:-1,WP_023432511.1,N177_RS11545,,aromatic ring-hydroxylating dioxygenase subunit alpha,5_507_BmoA,5,143.5,0.4601,5e-42,NZ_AWXZ01000031.1,59712,60921,-1,Lutibaculum baratangense AMV1,Bacteria; Pseudomonadati; Pseudomonadota; Alphaproteobacteria; Hyphomicrobiales; Tepidamorphaceae; Lutibaculum,0,5_507_BmoA#65,novel_candidate,0.273,0,0,0,0,[alpha]
NZ_AWSQ01000003.1:176694-177930:-1,WP_025165776.1,TMS3_RS13350,,SRPBCC family protein,5_507_BmoA,5,436.0,0.9296,8.2e-131,NZ_AWSQ01000003.1,176694,177930,-1,Pseudomonas taeanensis MS-3,Bacteria; Pseudomonadati; Pseudomonadota; Gammaproteobacteria; Pseudomonadales; Pseudomonadaceae; Pseudomonas,0,5_507_BmoA#126,divergent,0.4349,0,0,0,0,[alpha]
NZ_AXCB01000039.1:7872-9057:-1,WP_023009409.1,Q674_RS34770,,aromatic ring-hydroxylating dioxygenase subunit alpha,5_507_BmoA,5,138.2,0.6784,2e-40,NZ_AXCB01000039.1,7872,9057,-1,Marinobacter sp. EVN1,Bacteria; Pseudomonadati; Pseudomonadota; Gammaproteobacteria; Pseudomonadales; Marinobacteraceae; Marinobacter,0,5_507_BmoA#63,novel_candidate,0.2613,0,0,0,0,other > hypothetical > [alpha] > other > other > hypothetical > hypothetical > hypothetical > other
NZ_AYLZ02000109.1:12756-13956:-1,WP_023514131.1,SHLA_RS13950,,SRPBCC family protein,5_507_BmoA,5,137.3,0.4554,3.7e-40,NZ_AYLZ02000109.1,12756,13956,-1,Shinella sp. DD12,Bacteria; Pseudomonadati; Pseudomonadota; Alphaproteobacteria; Hyphomicrobiales; Rhizobiaceae; Shinella,0,5_507_BmoA#24,novel_candidate,0.2804,0,0,0,0,[alpha]
NZ_AYOY01000124.1:52247-53585:-1,WP_024019380.1,C100_RS33365,,SRPBCC family protein,5_507_BmoA,5,141.2,0.4624,2.5e-41,NZ_AYOY01000124.1,52247,53585,-1,Sphingobium sp. C100,Bacteria; Pseudomonadati; Pseudomonadota; Alphaproteobacteria; Sphingomonadales; Sphingomonadaceae; Sphingobium,0,5_507_BmoA#125,novel_candidate,0.3281,0,0,0,0,[alpha]
NZ_AWXE01000004.1:490781-492017:1,WP_021777499.1,RS24_RS06985,,aromatic ring-hydroxylating dioxygenase subunit alpha,5_507_BmoA,5,126.4,0.4601,7.4e-37,NZ_AWXE01000004.1,490781,492017,1,Candidatus Micropelagos thuwalensis,Bacteria; Pseudomonadati; Pseudomonadota; Alphaproteobacteria; PS1 clade; Candidatus Micropelagos,0,5_507_BmoA#124,novel_candidate,0.2678,0,0,0,0,[alpha] > other > other > reductase
NZ_AWXE01000004.1:500428-501808:-1,WP_021777508.1,RS24_RS07030,,SRPBCC family protein,5_507_BmoA,5,103.6,0.4671,6.1e-30,NZ_AWXE01000004.1,500428,501808,-1,Candidatus Micropelagos thuwalensis,Bacteria; Pseudomonadati; Pseudomonadota; Alphaproteobacteria; PS1 clade; Candidatus Micropelagos,0,5_507_BmoA#37,core,0.5518,0,0,0,0,reductase > reductase > [alpha] > other
NZ_AWXE01000004.1:504560-505925:1,WP_021777512.1,RS24_RS07050,,SRPBCC family protein,5_507_BmoA,5,125.6,0.4554,1.3e-36,NZ_AWXE01000004.1,504560,505925,1,Candidatus Micropelagos thuwalensis,Bacteria; Pseudomonadati; Pseudomonadota; Alphaproteobacteria; PS1 clade; Candidatus Micropelagos,0,5_507_BmoA#123,novel_candidate,0.3274,0,0,0,0,other > [alpha]
NZ_AWXE01000004.1:547625-548987:-1,WP_021777554.1,RS24_RS07255,,SRPBCC family protein,5_507_BmoA,5,127.9,0.4601,2.7e-37,NZ_AWXE01000004.1,547625,548987,-1,Candidatus Micropelagos thuwalensis,Bacteria; Pseudomonadati; Pseudomonadota; Alphaproteobacteria; PS1 clade; Candidatus Micropelagos,0,5_507_BmoA#122,novel_candidate,0.3364,0,0,0,0,[alpha] > other
NZ_AYOZ01000008.1:87220-88489:1,WP_024023410.1,D104_RS25125,,SRPBCC family protein,5_507_BmoA,5,689.8,0.9507,7.5e-208,NZ_AYOZ01000008.1,87220,88489,1,Marinomonas profundimaris,Bacteria; Pseudomonadati; Pseudomonadota; Gammaproteobacteria; Oceanospirillales; Oceanospirillaceae; Marinomonas,0,5_507_BmoA#7,core,0.8543,0,0,0,0,[alpha]
NZ_AYWP01000064.1:9160-10573:1,WP_023769446.1,X743_RS137925,,SRPBCC family protein,5_507_BmoA,5,237.6,0.9437,1.3e-70,NZ_AYWP01000064.1,9160,10573,1,Mesorhizobium sp. LNHC232B00,Bacteria; Pseudomonadati; Pseudomonadota; Alphaproteobacteria; Hyphomicrobiales; Phyllobacteriaceae; Mesorhizobium,0,5_507_BmoA#62,novel_candidate,0.3363,1,0,0,1,[alpha] > reductase
NZ_AZQX01000131.1:6739-8026:-1,WP_043513199.1,Q427_RS09200,,SRPBCC family protein,5_507_BmoA,5,810.8,0.993,1.4e-244,NZ_AZQX01000131.1,6739,8026,-1,Halomonas sp. BC04,Bacteria; Pseudomonadati; Pseudomonadota; Gammaproteobacteria; Oceanospirillales; Halomonadaceae; Halomonas,0,5_507_BmoA#4,core,0.8156,0,0,0,0,[alpha]
NZ_BAEQ01000054.1:111548-112691:1,WP_006014124.1,GPAL_RS15955,,aromatic ring-hydroxylating dioxygenase subunit alpha,5_507_BmoA,5,121.1,0.4977,3.1e-35,NZ_BAEQ01000054.1,111548,112691,1,Glaciecola pallidula DSM 14239 = ACAM 615,Bacteria; Pseudomonadati; Pseudomonadota; Gammaproteobacteria; Alteromonadales; Alteromonadaceae; Glaciecola,0,5_507_BmoA#121,novel_candidate,0.231,0,0,0,0,other > other > hypothetical > other > dehydrogenase > other > [alpha]
NZ_BASZ01000007.1:60967-62344:1,WP_021690873.1,NT2_RS21215,,SRPBCC family protein,5_507_BmoA,5,107.8,0.4554,3.3e-31,NZ_BASZ01000007.1,60967,62344,1,Caenibius tardaugens NBRC 16725,Bacteria; Pseudomonadati; Pseudomonadota; Alphaproteobacteria; Sphingomonadales; Erythrobacteraceae; Caenibius,0,5_507_BmoA#120,novel_candidate,0.3006,1,0,0,1,reductase > [alpha]
NZ_BASZ01000007.1:128332-129700:1,WP_021690932.1,NT2_RS14525,,SRPBCC family protein,5_507_BmoA,5,117.5,0.4601,3.8e-34,NZ_BASZ01000007.1,128332,129700,1,Caenibius tardaugens NBRC 16725,Bacteria; Pseudomonadati; Pseudomonadota; Alphaproteobacteria; Sphingomonadales; Erythrobacteraceae; Caenibius,0,5_507_BmoA#8,core,0.9185,0,0,0,0,other > reductase > [alpha] > dehydrogenase > dehydrogenase > other
NZ_BCMM01000002.1:25800-26931:-1,WP_059078277.1,AV118_RS02185,,aromatic ring-hydroxylating dioxygenase subunit alpha,5_507_BmoA,5,219.3,0.784,4.8e-65,NZ_BCMM01000002.1,25800,26931,-1,Streptomyces scabiei,Bacteria; Bacillati; Actinomycetota; Actinomycetes; Kitasatosporales; Streptomycetaceae; Streptomyces,0,5_507_BmoA#0,core,0.9444,2,0,1,1,ferredoxin > reductase > [alpha]
NZ_BLTI01000010.1:34547-35948:1,WP_207095002.1,J3474_RS17330,,SRPBCC family protein,5_507_BmoA,5,113.8,0.4531,5e-33,NZ_BLTI01000010.1,34547,35948,1,Novosphingobium sp. PY1,Bacteria; Pseudomonadati; Pseudomonadota; Alphaproteobacteria; Sphingomonadales; Sphingomonadaceae; Novosphingobium,0,5_507_BmoA#36,novel_candidate,0.3025,0,0,0,0,[alpha] > alpha_other
NZ_BLTI01000017.1:35841-37209:1,WP_232512353.1,J3474_RS21040,,SRPBCC family protein,5_507_BmoA,5,120.3,0.4531,5.5e-35,NZ_BLTI01000017.1,35841,37209,1,Novosphingobium sp. PY1,Bacteria; Pseudomonadati; Pseudomonadota; Alphaproteobacteria; Sphingomonadales; Sphingomonadaceae; Novosphingobium,0,5_507_BmoA#8,core,0.8989,0,0,0,0,other > reductase > [alpha] > dehydrogenase > dehydrogenase > other > dehydrogenase
NZ_BLTI01000006.1:219559-220900:1,WP_207093873.1,J3474_RS09060,,SRPBCC family protein,5_507_BmoA,5,104.3,0.4554,3.9e-30,NZ_BLTI01000006.1,219559,220900,1,Novosphingobium sp. PY1,Bacteria; Pseudomonadati; Pseudomonadota; Alphaproteobacteria; Sphingomonadales; Sphingomonadaceae; Novosphingobium,0,5_507_BmoA#119,novel_candidate,0.3066,0,0,0,0,alpha_other > [alpha] > regulator
NZ_BMPQ01000025.1:104782-106003:-1,WP_189325835.1,IEZ21_RS34970,,aromatic ring-hydroxylating dioxygenase subunit alpha,5_507_BmoA,5,213.1,0.7934,3.5e-63,NZ_BMPQ01000025.1,104782,106003,-1,Streptomyces flaveus,Bacteria; Bacillati; Actinomycetota; Actinomycetes; Kitasatosporales; Streptomycetaceae; Streptomyces; Streptomyces aurantiacus group,0,5_507_BmoA#0,core,0.8238,0,0,0,0,dehydrogenase > reductase > other > [alpha] > reductase > transporter > transporter > transporter
NZ_BSTI01000031.1:7463-8780:-1,WP_027944512.1,QSK11_RS38075,,aromatic ring-hydroxylating dioxygenase subunit alpha,5_507_BmoA,5,160.7,0.7488,2.9e-47,NZ_BSTI01000031.1,7463,8780,-1,Amycolatopsis taiwanensis,Bacteria; Bacillati; Actinomycetota; Actinomycetes; Pseudonocardiales; Pseudonocardiaceae; Amycolatopsis,0,5_507_BmoA#118,novel_candidate,0.3439,0,0,0,0,[alpha]
NZ_BSTI01000039.1:9671-10814:-1,WP_285491379.1,QSK11_RS40270,,aromatic ring-hydroxylating dioxygenase subunit alpha,5_507_BmoA,5,215.0,0.777,9.7e-64,NZ_BSTI01000039.1,9671,10814,-1,Amycolatopsis taiwanensis,Bacteria; Bacillati; Actinomycetota; Actinomycetes; Pseudonocardiales; Pseudonocardiaceae; Amycolatopsis,0,5_507_BmoA#0,core,0.7422,2,0,1,1,ferredoxin > reductase > [alpha] > other
NZ_BSFQ01000004.1:43071-44199:1,WP_037041438.1,PKE99_RS06470,,aromatic ring-hydroxylating dioxygenase subunit alpha,5_507_BmoA,5,223.6,0.7864,2.3e-66,NZ_BSFQ01000004.1,43071,44199,1,Pseudonocardia halophobica,Bacteria; Bacillati; Actinomycetota; Actinomycetes; Pseudonocardiales; Pseudonocardiaceae; Pseudonocardia,0,5_507_BmoA#0,core,0.7415,0,0,0,0,[alpha]
NZ_CABPSJ010000002.1:67237-68386:1,WP_010807981.1,PCO31110_RS06705,,aromatic ring-hydroxylating dioxygenase subunit alpha,5_507_BmoA,5,133.2,0.6103,6.6e-39,NZ_CABPSJ010000002.1,67237,68386,1,Pandoraea communis,Bacteria; Pseudomonadati; Pseudomonadota; Betaproteobacteria; Burkholderiales; Burkholderiaceae; Pandoraea,0,5_507_BmoA#10,core,0.8671,1,0,0,1,[alpha] > transporter > transporter > transporter > transporter > reductase
NZ_CADFGH010000012.1:173628-174885:-1,WP_012406027.1,HWY06_RS24255,,SRPBCC family protein,5_507_BmoA,5,381.8,0.939,2.3e-114,NZ_CADFGH010000012.1,173628,174885,-1,Paraburkholderia phymatum STM815,Bacteria; Pseudomonadati; Pseudomonadota; Betaproteobacteria; Burkholderiales; Burkholderiaceae; Paraburkholderia,0,5_507_BmoA#2,core,0.8807,1,0,0,1,regulator > regulator > other > transporter > regulator > [alpha] > reductase
NZ_CADIKA010000023.1:12335-13640:-1,WP_006052165.1,HV697_RS31225,,SRPBCC family protein,5_507_BmoA,5,463.2,0.9343,4.5e-139,NZ_CADIKA010000023.1,12335,13640,-1,Paraburkholderia graminis C4D1M,Bacteria; Pseudomonadati; Pseudomonadota; Betaproteobacteria; Burkholderiales; Burkholderiaceae; Paraburkholderia,0,5_507_BmoA#9,core,0.9665,1,0,0,1,other > other > hypothetical > reductase > other > reductase > other > [alpha] > reductase
NZ_CADIKB010000001.1:17932-19192:1,WP_035483396.1,HV711_RS00090,,SRPBCC family protein,5_507_BmoA,5,372.7,0.9296,1.3e-111,NZ_CADIKB010000001.1,17932,19192,1,Paraburkholderia phenoliruptrix,Bacteria; Pseudomonadati; Pseudomonadota; Betaproteobacteria; Burkholderiales; Burkholderiaceae; Paraburkholderia,0,5_507_BmoA#2,core,0.8623,1,0,0,1,regulator > other > regulator > [alpha] > reductase > other
NZ_CADIKA010000006.1:114128-115289:1,WP_006048281.1,HV697_RS15245,,SRPBCC family protein,5_507_BmoA,5,131.7,0.6127,1.9e-38,NZ_CADIKA010000006.1,114128,115289,1,Paraburkholderia graminis C4D1M,Bacteria; Pseudomonadati; Pseudomonadota; Betaproteobacteria; Burkholderiales; Burkholderiaceae; Paraburkholderia,0,5_507_BmoA#10,core,0.9174,0,0,0,0,[alpha] > transporter > transporter > transporter > transporter
NZ_CAPS01000026.1:7483-8635:1,WP_008711829.1,RHODMAR_RS04700,,aromatic ring-hydroxylating dioxygenase subunit alpha,5_507_BmoA,5,199.7,0.7746,4.1e-59,NZ_CAPS01000026.1,7483,8635,1,Rhodococcus sp. AW25M09,Bacteria; Bacillati; Actinomycetota; Actinomycetes; Mycobacteriales; Nocardiaceae; Rhodococcus,0,5_507_BmoA#0,core,0.6921,0,0,0,0,other > [alpha]
NZ_CAVK010000259.1:13514-14675:-1,WP_006968022.1,EBBID32_RS23010,,aromatic ring-hydroxylating dioxygenase subunit alpha,5_507_BmoA,5,165.6,0.6995,9.6e-49,NZ_CAVK010000259.1,13514,14675,-1,Sphingobium indicum BiD32,Bacteria; Pseudomonadati; Pseudomonadota; Alphaproteobacteria; Sphingomonadales; Sphingomonadaceae; Sphingobium,0,5_507_BmoA#26,novel_candidate,0.2831,1,0,0,1,other > [alpha] > reductase
NZ_CCBH010000135.1:64621-65989:-1,WP_231634543.1,SPHV1_RS05970,,SRPBCC family protein,5_507_BmoA,5,118.7,0.4554,1.7e-34,NZ_CCBH010000135.1,64621,65989,-1,Novosphingobium sp. KN65.2,Bacteria; Pseudomonadati; Pseudomonadota; Alphaproteobacteria; Sphingomonadales; Sphingomonadaceae; Novosphingobium,0,5_507_BmoA#8,core,0.9127,0,0,0,0,other > reductase > [alpha] > dehydrogenase > dehydrogenase > dehydrogenase > dehydrogenase
NZ_CCBH010000137.1:24448-25858:1,WP_054945201.1,SPHV1_RS06355,,SRPBCC family protein,5_507_BmoA,5,93.2,0.4554,9.3e-27,NZ_CCBH010000137.1,24448,25858,1,Novosphingobium sp. KN65.2,Bacteria; Pseudomonadati; Pseudomonadota; Alphaproteobacteria; Sphingomonadales; Sphingomonadaceae; Novosphingobium,0,5_507_BmoA#117,novel_candidate,0.2758,0,0,0,0,[alpha] > reductase > other
NZ_CCBH010000141.1:44929-46303:-1,WP_231634568.1,SPHV1_RS07220,,aromatic ring-hydroxylating dioxygenase subunit alpha,5_507_BmoA,5,118.8,0.5141,1.5e-34,NZ_CCBH010000141.1,44929,46303,-1,Novosphingobium sp. KN65.2,Bacteria; Pseudomonadati; Pseudomonadota; Alphaproteobacteria; Sphingomonadales; Sphingomonadaceae; Novosphingobium,0,5_507_BmoA#61,novel_candidate,0.2709,0,0,0,0,[alpha] > other > reductase
NZ_CCBH010000170.1:113885-115082:-1,WP_054947124.1,SPHV1_RS16535,,SRPBCC family protein,5_507_BmoA,5,97.4,0.4648,4.8e-28,NZ_CCBH010000170.1,113885,115082,-1,Novosphingobium sp. KN65.2,Bacteria; Pseudomonadati; Pseudomonadota; Alphaproteobacteria; Sphingomonadales; Sphingomonadaceae; Novosphingobium,0,5_507_BmoA#25,novel_candidate,0.2568,0,0,0,0,other > other > other > regulator > other > [alpha] > other > reductase > other
NZ_CCXW01000004.1:26052-27201:-1,WP_048883409.1,BN1180_RS27885,,aromatic ring-hydroxylating dioxygenase subunit alpha,5_507_BmoA,5,216.0,0.7746,4.7e-64,NZ_CCXW01000004.1,26052,27201,-1,Peribacillus simplex,Bacteria; Bacillati; Bacillota; Bacilli; Bacillales; Bacillaceae; Peribacillus,0,5_507_BmoA#19,divergent,0.4218,1,0,0,1,reductase > other > [alpha] > reductase
NZ_CCBH010000211.1:17436-18837:-1,WP_054948258.1,SPHV1_RS22620,,SRPBCC family protein,5_507_BmoA,5,113.1,0.4531,8.4e-33,NZ_CCBH010000211.1,17436,18837,-1,Novosphingobium sp. KN65.2,Bacteria; Pseudomonadati; Pseudomonadota; Alphaproteobacteria; Sphingomonadales; Sphingomonadaceae; Novosphingobium,0,5_507_BmoA#36,novel_candidate,0.3025,0,0,0,0,[alpha] > alpha_other
NZ_CCBH010000211.1:24267-25446:1,WP_082431131.1,SPHV1_RS22645,,aromatic ring-hydroxylating dioxygenase subunit alpha,5_507_BmoA,5,126.6,0.4648,6.6e-37,NZ_CCBH010000211.1,24267,25446,1,Novosphingobium sp. KN65.2,Bacteria; Pseudomonadati; Pseudomonadota; Alphaproteobacteria; Sphingomonadales; Sphingomonadaceae; Novosphingobium,0,5_507_BmoA#25,novel_candidate,0.25,0,0,0,0,[alpha] > other > other
NZ_CH959308.1:464063-465278:-1,WP_009823792.1,SKA58_RS17335,,aromatic ring-hydroxylating dioxygenase subunit alpha,5_507_BmoA,5,135.5,0.4554,1.3e-39,NZ_CH959308.1,464063,465278,-1,Sphingomonas sp. SKA58,Bacteria; Pseudomonadati; Pseudomonadota; Alphaproteobacteria; Sphingomonadales; Sphingomonadaceae; Sphingomonas,0,5_507_BmoA#15,novel_candidate,0.2727,0,0,0,0,[alpha]
NZ_CCNB01000012.1:363365-364718:-1,WP_040985710.1,MPLDJ20_RS15765,,aromatic ring-hydroxylating dioxygenase subunit alpha,5_507_BmoA,5,242.8,0.9437,3.5e-72,NZ_CCNB01000012.1,363365,364718,-1,Mesorhizobium plurifarium,Bacteria; Proteobacteria; Alphaproteobacteria; Rhizobiales; Phyllobacteriaceae; Mesorhizobium,0,5_507_BmoA#62,novel_candidate,0.3323,0,0,0,0,[alpha]
NZ_CP005084.1:713548-714763:-1,WP_066563070.1,K426_RS24040,,aromatic ring-hydroxylating dioxygenase subunit alpha,5_507_BmoA,5,133.8,0.4554,4.3e-39,NZ_CP005084.1,713548,714763,-1,Sphingobium sp. TKS,Bacteria; Pseudomonadati; Pseudomonadota; Alphaproteobacteria; Sphingomonadales; Sphingomonadaceae; Sphingobium,0,5_507_BmoA#15,novel_candidate,0.2739,0,0,0,0,[alpha]
NZ_CP005086.1:98798-100094:1,WP_066564532.1,K426_RS27970,,aromatic ring-hydroxylating dioxygenase subunit alpha,5_507_BmoA,5,132.1,0.4671,1.4e-38,NZ_CP005086.1,98798,100094,1,Sphingobium sp. TKS,Bacteria; Pseudomonadati; Pseudomonadota; Alphaproteobacteria; Sphingomonadales; Sphingomonadaceae; Sphingobium,1,5_507_BmoA#116,novel_candidate,0.2655,1,0,1,0,[alpha] > other > hypothetical > reductase > other > ferredoxin
NZ_CP016453.1:865810-867163:1,WP_069064408.1,BSY17_RS03915,,SRPBCC family protein,5_507_BmoA,5,131.8,0.4554,1.8e-38,NZ_CP016453.1,865810,867163,1,Sphingobium sp. RAC03,Bacteria; Pseudomonadati; Pseudomonadota; Alphaproteobacteria; Sphingomonadales; Sphingomonadaceae; Sphingobium,1,5_507_BmoA#45,novel_candidate,0.3098,0,0,0,0,alpha_other > [alpha]
NZ_CP019603.1:469024-470356:1,WP_066850298.1,A9D14_RS16325,,SRPBCC family protein,5_507_BmoA,5,129.4,0.4624,9.2e-38,NZ_CP019603.1,469024,470356,1,Croceicoccus marinus,Bacteria; Pseudomonadati; Pseudomonadota; Alphaproteobacteria; Sphingomonadales; Erythrobacteraceae; Croceicoccus,1,5_507_BmoA#8,core,0.7581,0,0,0,0,reductase > [alpha] > dehydrogenase
NZ_CP019603.1:482656-483877:-1,WP_066850329.1,A9D14_RS16390,,aromatic ring-hydroxylating dioxygenase subunit alpha,5_507_BmoA,5,113.5,0.4624,6.4e-33,NZ_CP019603.1,482656,483877,-1,Croceicoccus marinus,Bacteria; Pseudomonadati; Pseudomonadota; Alphaproteobacteria; Sphingomonadales; Erythrobacteraceae; Croceicoccus,1,5_507_BmoA#14,novel_candidate,0.25,0,0,0,0,reductase > [alpha] > hydrolase > other
NZ_CP017077.1:297416-298631:1,WP_069709805.1,BES08_RS26475,,aromatic ring-hydroxylating dioxygenase subunit alpha,5_507_BmoA,5,132.4,0.4554,1.2e-38,NZ_CP017077.1,297416,298631,1,Novosphingobium resinovorum,Bacteria; Pseudomonadati; Pseudomonadota; Alphaproteobacteria; Sphingomonadales; Sphingomonadaceae; Novosphingobium,1,5_507_BmoA#15,novel_candidate,0.2928,0,0,0,0,other > reductase > [alpha]
NZ_CP025614.1:165385-166681:1,WP_102115324.1,C0V82_RS25795,,SRPBCC family protein,5_507_BmoA,5,129.9,0.4695,6.5e-38,NZ_CP025614.1,165385,166681,1,Niveispirillum cyanobacteriorum,Bacteria; Pseudomonadati; Pseudomonadota; Alphaproteobacteria; Rhodospirillales; Azospirillaceae; Niveispirillum,1,5_507_BmoA#37,core,0.5779,0,0,0,0,reductase > [alpha]
NZ_CP022746.1:196442-197657:-1,WP_017183034.1,CJD35_RS15785,,aromatic ring-hydroxylating dioxygenase subunit alpha,5_507_BmoA,5,136.4,0.4554,7.1e-40,NZ_CP022746.1,196442,197657,-1,Sphingobium xenophagum,Bacteria; Pseudomonadati; Pseudomonadota; Alphaproteobacteria; Sphingomonadales; Sphingomonadaceae; Sphingobium,0,5_507_BmoA#15,novel_candidate,0.2759,0,0,0,0,[alpha]
NZ_CP031079.1:109691-110924:-1,WP_120443804.1,PY32053_RS17485,,SRPBCC family protein,5_507_BmoA,5,517.3,0.9413,1.7e-155,NZ_CP031079.1,109691,110924,-1,Paracoccus yeei,Bacteria; Pseudomonadati; Pseudomonadota; Alphaproteobacteria; Rhodobacterales; Paracoccaceae; Paracoccus,1,5_507_BmoA#11,divergent,0.5152,1,0,0,1,[alpha] > reductase
NZ_CP035286.1:406981-408262:1,WP_116171213.1,EQ718_RS16175,,SRPBCC family protein,5_507_BmoA,5,116.1,0.4812,9.8e-34,NZ_CP035286.1,406981,408262,1,Paracoccus versutus,Bacteria; Pseudomonadati; Pseudomonadota; Alphaproteobacteria; Rhodobacterales; Paracoccaceae; Paracoccus,1,5_507_BmoA#37,core,0.5714,0,0,0,0,reductase > [alpha] > other > other > hydrolase > reductase
NZ_CP035286.1:549978-551211:1,WP_052095706.1,EQ718_RS16875,,SRPBCC family protein,5_507_BmoA,5,515.1,0.9343,8e-155,NZ_CP035286.1,549978,551211,1,Paracoccus versutus,Bacteria; Pseudomonadati; Pseudomonadota; Alphaproteobacteria; Rhodobacterales; Paracoccaceae; Paracoccus,1,5_507_BmoA#11,divergent,0.5476,1,0,0,1,[alpha] > reductase > reductase > reductase > regulator
NZ_CP128493.1:745383-746595:-1,WP_211151929.1,QUC32_RS30280,,SRPBCC family protein,5_507_BmoA,5,97.6,0.4648,4.2e-28,NZ_CP128493.1,745383,746595,-1,Novosphingobium resinovorum,Bacteria; Pseudomonadati; Pseudomonadota; Alphaproteobacteria; Sphingomonadales; Sphingomonadaceae; Novosphingobium,1,5_507_BmoA#115,novel_candidate,0.2355,0,0,0,0,other > other > [alpha]
NZ_CXOI01000005.1:197415-198561:-1,WP_053834011.1,XTALMG727_RS01865,,aromatic ring-hydroxylating dioxygenase subunit alpha,5_507_BmoA,5,100.7,0.5,4.7e-29,NZ_CXOI01000005.1,197415,198561,-1,Xanthomonas translucens pv. arrhenatheri LMG 727,Bacteria; Pseudomonadati; Pseudomonadota; Gammaproteobacteria; Lysobacterales; Lysobacteraceae; Xanthomonas,0,5_507_BmoA#12,novel_candidate,0.2486,0,0,0,0,other > other > other > reductase > reductase > other > [alpha] > other > other > hypothetical > hypothetical > other > other
NZ_CYSG01000001.1:158358-159489:1,WP_082645526.1,PH5382_RS00735,,aromatic ring-hydroxylating dioxygenase subunit alpha,5_507_BmoA,5,152.6,0.6737,8.3e-45,NZ_CYSG01000001.1,158358,159489,1,Phaeobacter sp. CECT 5382,Bacteria; Pseudomonadati; Pseudomonadota; Alphaproteobacteria; Rhodobacterales; Roseobacteraceae; Phaeobacter,0,5_507_BmoA#35,novel_candidate,0.2749,0,0,0,0,alpha_other > [alpha]
NZ_CYUD01000020.1:22602-23724:1,WP_058283870.1,RUE5091_RS20850,,aromatic ring-hydroxylating dioxygenase subunit alpha,5_507_BmoA,5,131.5,0.4671,2.1e-38,NZ_CYUD01000020.1,22602,23724,1,Ruegeria denitrificans,Bacteria; Pseudomonadati; Pseudomonadota; Alphaproteobacteria; Rhodobacterales; Roseobacteraceae; Ruegeria,0,5_507_BmoA#60,novel_candidate,0.2696,0,0,0,0,[alpha] > other > regulator > other > hydrolase > hypothetical > regulator
NZ_CYTW01000004.1:11783-12881:1,WP_082645271.1,PH7735_RS15275,,aromatic ring-hydroxylating dioxygenase subunit alpha,5_507_BmoA,5,146.6,0.6667,5.6e-43,NZ_CYTW01000004.1,11783,12881,1,Shimia thalassica,Bacteria; Pseudomonadati; Pseudomonadota; Alphaproteobacteria; Rhodobacterales; Roseobacteraceae,0,5_507_BmoA#35,novel_candidate,0.2908,1,0,0,1,reductase > alpha_other > [alpha] > other > hypothetical > regulator
NZ_CYUD01000003.1:36332-37538:-1,WP_058281090.1,RUE5091_RS04950,,aromatic ring-hydroxylating dioxygenase subunit alpha,5_507_BmoA,5,134.8,0.4554,2.2e-39,NZ_CYUD01000003.1,36332,37538,-1,Ruegeria denitrificans,Bacteria; Pseudomonadati; Pseudomonadota; Alphaproteobacteria; Rhodobacterales; Roseobacteraceae; Ruegeria,0,5_507_BmoA#128,novel_candidate,0.273,1,0,0,1,[alpha] > hypothetical > reductase
NZ_DDNH01000040.1:90374-91535:-1,WP_174703655.1,B3D26_RS17210,,aromatic ring-hydroxylating dioxygenase subunit alpha,5_507_BmoA,5,155.4,0.5399,1.2e-45,NZ_DDNH01000040.1,90374,91535,-1,Sphingobium xenophagum,Bacteria; Pseudomonadati; Pseudomonadota; Alphaproteobacteria; Sphingomonadales; Sphingomonadaceae; Sphingobium,0,5_507_BmoA#26,novel_candidate,0.2883,1,0,0,1,other > [alpha] > reductase > other > other > other
NZ_DF968189.1:19487-20618:1,WP_059414175.1,AOQ53_RS01430,,aromatic ring-hydroxylating dioxygenase subunit alpha,5_507_BmoA,5,219.4,0.7817,4.3e-65,NZ_DF968189.1,19487,20618,1,Streptomyces azureus,Bacteria; Bacillati; Actinomycetota; Actinomycetes; Kitasatosporales; Streptomycetaceae; Streptomyces,0,5_507_BmoA#0,core,0.8732,2,0,1,1,ferredoxin > reductase > [alpha]
NZ_DF968189.1:41042-42185:1,WP_059414206.1,AOQ53_RS01505,,aromatic ring-hydroxylating dioxygenase subunit alpha,5_507_BmoA,5,223.6,0.7887,2.4e-66,NZ_DF968189.1,41042,42185,1,Streptomyces azureus,Bacteria; Bacillati; Actinomycetota; Actinomycetes; Kitasatosporales; Streptomycetaceae; Streptomyces,0,5_507_BmoA#0,core,0.8683,0,0,0,0,[alpha] > reductase
NZ_FCOA02000024.1:126350-127607:-1,WP_061170692.1,AWB79_RS27930,,SRPBCC family protein,5_507_BmoA,5,395.0,0.9249,2.2e-118,NZ_FCOA02000024.1,126350,127607,-1,Caballeronia hypogeia,Bacteria; Pseudomonadati; Pseudomonadota; Betaproteobacteria; Burkholderiales; Burkholderiaceae; Caballeronia,0,5_507_BmoA#2,core,0.7708,0,0,0,0,[alpha]
NZ_FCOA02000035.1:52573-53833:-1,WP_061171545.1,AWB79_RS32480,,SRPBCC family protein,5_507_BmoA,5,380.6,0.9319,5.1e-114,NZ_FCOA02000035.1,52573,53833,-1,Caballeronia hypogeia,Bacteria; Pseudomonadati; Pseudomonadota; Betaproteobacteria; Burkholderiales; Burkholderiaceae; Caballeronia,0,5_507_BmoA#2,core,0.7435,1,0,0,1,[alpha] > reductase
NZ_FCNX02000003.1:433512-434769:1,WP_061134046.1,AWB77_RS08985,,SRPBCC family protein,5_507_BmoA,5,371.5,0.9272,3e-111,NZ_FCNX02000003.1,433512,434769,1,Caballeronia fortuita,Bacteria; Pseudomonadati; Pseudomonadota; Betaproteobacteria; Burkholderiales; Burkholderiaceae; Caballeronia,0,5_507_BmoA#2,core,0.8077,1,0,0,1,regulator > other > regulator > [alpha] > reductase > other
NZ_FCOI02000003.1:6329-7586:-1,WP_061159030.1,AWB76_RS04955,,SRPBCC family protein,5_507_BmoA,5,380.7,0.9296,4.8e-114,NZ_FCOI02000003.1,6329,7586,-1,Caballeronia temeraria,Bacteria; Pseudomonadati; Pseudomonadota; Betaproteobacteria; Burkholderiales; Burkholderiaceae; Caballeronia,0,5_507_BmoA#2,core,0.9041,0,0,0,0,transporter > transporter > transporter > other > other > reductase > dehydrogenase > reductase > regulator > regulator > [alpha]
NZ_FCOK02000048.1:39007-40279:1,WP_062090152.1,AWB69_RS28335,,SRPBCC family protein,5_507_BmoA,5,376.2,0.9296,1.1e-112,NZ_FCOK02000048.1,39007,40279,1,Caballeronia udeis,Bacteria; Pseudomonadati; Pseudomonadota; Betaproteobacteria; Burkholderiales; Burkholderiaceae; Caballeronia,0,5_507_BmoA#2,core,0.8735,1,0,0,1,[alpha] > reductase > other > other
NZ_FCOX02000030.1:58295-59552:-1,WP_062608592.1,AWB78_RS24580,,SRPBCC family protein,5_507_BmoA,5,379.6,0.9319,1.1e-113,NZ_FCOX02000030.1,58295,59552,-1,Caballeronia calidae,Bacteria; Pseudomonadati; Pseudomonadota; Betaproteobacteria; Burkholderiales; Burkholderiaceae; Caballeronia,0,5_507_BmoA#2,core,0.8793,0,0,0,0,transporter > transporter > transporter > other > other > reductase > dehydrogenase > reductase > regulator > regulator > [alpha]
NZ_FCOX02000045.1:1966-3223:-1,WP_062610190.1,AWB78_RS30080,,SRPBCC family protein,5_507_BmoA,5,393.3,0.9249,7.4e-118,NZ_FCOX02000045.1,1966,3223,-1,Caballeronia calidae,Bacteria; Pseudomonadati; Pseudomonadota; Betaproteobacteria; Burkholderiales; Burkholderiaceae; Caballeronia,0,5_507_BmoA#2,core,0.7619,0,0,0,0,[alpha]
NZ_FCOX02000010.1:104771-105923:-1,WP_082883296.1,AWB78_RS12275,,aromatic ring-hydroxylating dioxygenase subunit alpha,5_507_BmoA,5,144.4,0.6526,2.6e-42,NZ_FCOX02000010.1,104771,105923,-1,Caballeronia calidae,Bacteria; Pseudomonadati; Pseudomonadota; Betaproteobacteria; Burkholderiales; Burkholderiaceae; Caballeronia,0,5_507_BmoA#59,novel_candidate,0.3323,0,0,0,0,[alpha] > reductase
NZ_FIZY01000013.1:16522-17776:-1,WP_062708116.1,GMA8713_RS08815,,aromatic ring-hydroxylating dioxygenase subunit alpha,5_507_BmoA,5,686.6,0.9648,7.3e-207,NZ_FIZY01000013.1,16522,17776,-1,Grimontia marina,Bacteria; Pseudomonadati; Pseudomonadota; Gammaproteobacteria; Vibrionales; Vibrionaceae; Grimontia,0,5_507_BmoA#20,core,0.604,1,0,0,1,[alpha] > reductase
NZ_FKBS01000002.1:73810-74971:-1,WP_063589392.1,A7W11_RS00340,,aromatic ring-hydroxylating dioxygenase subunit alpha,5_507_BmoA,5,140.7,0.6268,3.5e-41,NZ_FKBS01000002.1,73810,74971,-1,Bordetella ansorpii,Bacteria; Pseudomonadati; Pseudomonadota; Betaproteobacteria; Burkholderiales; Alcaligenaceae; Bordetella,0,5_507_BmoA#13,novel_candidate,0.2605,2,0,1,1,[alpha] > ferredoxin > reductase
NZ_FLOE01000015.1:114899-116171:-1,WP_067016382.1,MSP8887_RS10275,,aromatic ring-hydroxylating dioxygenase subunit alpha,5_507_BmoA,5,697.5,0.9601,3.4e-210,NZ_FLOE01000015.1,114899,116171,-1,Marinomonas spartinae,Bacteria; Pseudomonadati; Pseudomonadota; Gammaproteobacteria; Oceanospirillales; Oceanospirillaceae; Marinomonas,0,5_507_BmoA#7,core,0.874,0,0,0,0,[alpha]
NZ_FLRB01000002.1:164523-165795:1,WP_067034614.1,MGA5116_RS01440,,aromatic ring-hydroxylating dioxygenase subunit alpha,5_507_BmoA,5,684.6,0.9531,2.9e-206,NZ_FLRB01000002.1,164523,165795,1,Marinomonas gallaica,Bacteria; Pseudomonadati; Pseudomonadota; Gammaproteobacteria; Oceanospirillales; Oceanospirillaceae; Marinomonas,0,5_507_BmoA#7,core,0.8984,0,0,0,0,[alpha]
NZ_FLUK01000284.1:1660-2806:-1,WP_074375665.1,XTGNCPPB3709_RS17285,,aromatic ring-hydroxylating dioxygenase subunit alpha,5_507_BmoA,5,100.7,0.5,4.8e-29,NZ_FLUK01000284.1,1660,2806,-1,Xanthomonas translucens pv. graminis,Bacteria; Pseudomonadati; Pseudomonadota; Gammaproteobacteria; Lysobacterales; Lysobacteraceae; Xanthomonas,0,5_507_BmoA#12,novel_candidate,0.2472,0,0,0,0,other > other > other > reductase > reductase > other > [alpha] > other > other
NZ_FNDI01000009.1:64260-65409:1,WP_091779507.1,BLT65_RS17720,,SRPBCC family protein,5_507_BmoA,5,131.6,0.5728,2e-38,NZ_FNDI01000009.1,64260,65409,1,Paraburkholderia steynii,Bacteria; Pseudomonadati; Pseudomonadota; Betaproteobacteria; Burkholderiales; Burkholderiaceae; Paraburkholderia,0,5_507_BmoA#10,core,0.9301,0,0,0,0,[alpha] > transporter > transporter > transporter > transporter
NZ_FNOB01000019.1:40999-42163:-1,WP_035838108.1,BLV97_RS15570,,aromatic ring-hydroxylating dioxygenase subunit alpha,5_507_BmoA,5,147.3,0.6854,3.4e-43,NZ_FNOB01000019.1,40999,42163,-1,Allgaiera indica,Bacteria; Pseudomonadati; Pseudomonadota; Alphaproteobacteria; Rhodobacterales; Paracoccaceae; Allgaiera,0,5_507_BmoA#68,divergent,0.5227,0,0,0,0,[alpha] > hypothetical
NZ_FNWW01000008.1:41211-42366:1,WP_074735724.1,BLW54_RS15695,,aromatic ring-hydroxylating dioxygenase subunit alpha,5_507_BmoA,5,216.0,0.7793,4.9e-64,NZ_FNWW01000008.1,41211,42366,1,Halobacillus karajensis,Bacteria; Bacillati; Bacillota; Bacilli; Bacillales; Bacillaceae; Halobacillus,0,5_507_BmoA#58,novel_candidate,0.3082,2,0,1,1,other > dehydrogenase > [alpha] > ferredoxin > reductase > transporter
NZ_FOBF01000031.1:35281-36394:-1,WP_055509900.1,BMX74_RS39570,,SRPBCC family protein,5_507_BmoA,5,214.7,0.784,1.2e-63,NZ_FOBF01000031.1,35281,36394,-1,Nonomuraea pusilla,Bacteria; Bacillati; Actinomycetota; Actinomycetes; Streptosporangiales; Streptosporangiaceae; Nonomuraea,0,5_507_BmoA#0,core,0.7681,0,0,0,0,[alpha]
NZ_FOAP01000009.1:102519-103668:1,WP_075007772.1,BMZ62_RS18010,,aromatic ring-hydroxylating dioxygenase subunit alpha,5_507_BmoA,5,100.6,0.4507,5.3e-29,NZ_FOAP01000009.1,102519,103668,1,Stigmatella aurantiaca,Bacteria; Pseudomonadati; Myxococcota; Myxococcia; Myxococcales; Cystobacterineae; Archangiaceae; Stigmatella,0,5_507_BmoA#114,novel_candidate,0.279,0,0,0,0,[alpha]
NZ_FOAZ01000047.1:11520-12657:-1,WP_042460751.1,BMY61_RS41835,,aromatic ring-hydroxylating dioxygenase subunit alpha,5_507_BmoA,5,238.1,0.7887,9.6e-71,NZ_FOAZ01000047.1,11520,12657,-1,Streptacidiphilus jiangxiensis,Bacteria; Bacillati; Actinomycetota; Actinomycetes; Kitasatosporales; Streptomycetaceae; Streptacidiphilus,0,5_507_BmoA#0,core,0.7775,0,0,0,0,reductase > [alpha] > dehydrogenase > hydrolase > other > hypothetical > hypothetical > other > hypothetical
NZ_FOWE01000017.1:10314-11436:1,WP_075015972.1,BM165_RS23555,,aromatic ring-hydroxylating dioxygenase subunit alpha,5_507_BmoA,5,229.2,0.7887,4.8e-68,NZ_FOWE01000017.1,10314,11436,1,Geodermatophilus obscurus,Bacteria; Bacillati; Actinomycetota; Actinomycetes; Geodermatophilales; Geodermatophilaceae; Geodermatophilus,0,5_507_BmoA#0,core,0.8425,0,0,0,0,[alpha]
NZ_FOWR01000010.1:34039-35293:1,WP_074926484.1,BM082_RS08010,,aromatic ring-hydroxylating dioxygenase subunit alpha,5_507_BmoA,5,694.9,0.946,2.1e-209,NZ_FOWR01000010.1,34039,35293,1,Enterovibrio norvegicus DSM 15893,Bacteria; Pseudomonadati; Pseudomonadota; Gammaproteobacteria; Vibrionales; Vibrionaceae; Enterovibrio,0,5_507_BmoA#20,core,0.6433,0,0,0,0,[alpha]
NZ_FPBD01000008.1:98048-99209:1,WP_054783683.1,BM391_RS21770,,SRPBCC family protein,5_507_BmoA,5,117.0,0.5915,5.2e-34,NZ_FPBD01000008.1,98048,99209,1,Pseudovibrio denitrificans,Bacteria; Pseudomonadati; Pseudomonadota; Alphaproteobacteria; Hyphomicrobiales; Stappiaceae; Pseudovibrio,0,5_507_BmoA#34,novel_candidate,0.2643,0,0,0,0,[alpha]
NZ_FPJO01000007.1:143012-144194:-1,WP_072485637.1,BT364_RS14985,,aromatic ring-hydroxylating dioxygenase subunit alpha,5_507_BmoA,5,122.7,0.6362,1e-35,NZ_FPJO01000007.1,143012,144194,-1,Streptomyces atratus,Bacteria; Bacillati; Actinomycetota; Actinomycetes; Kitasatosporales; Streptomycetaceae; Streptomyces,0,5_507_BmoA#113,novel_candidate,0.2646,0,0,0,0,[alpha] > hydrolase
NZ_FQUH01000006.1:28664-29933:-1,WP_072957579.1,BUA91_RS07510,,aromatic ring-hydroxylating dioxygenase subunit alpha,5_507_BmoA,5,719.3,0.9554,8.4e-217,NZ_FQUH01000006.1,28664,29933,-1,Vibrio gazogenes DSM 21264 = NBRC 103151,Bacteria; Pseudomonadati; Pseudomonadota; Gammaproteobacteria; Vibrionales; Vibrionaceae; Vibrio,0,5_507_BmoA#7,core,0.8704,0,0,0,0,[alpha]
NZ_FQUJ01000003.1:50533-51817:1,WP_072819544.1,BUA41_RS02790,,SRPBCC family protein,5_507_BmoA,5,786.8,0.9953,2.7e-237,NZ_FQUJ01000003.1,50533,51817,1,Modicisalibacter ilicicola DSM 19980,Bacteria; Pseudomonadati; Pseudomonadota; Gammaproteobacteria; Oceanospirillales; Halomonadaceae; Modicisalibacter,0,5_507_BmoA#4,core,0.75,0,0,0,0,[alpha]
NZ_FQVF01000014.1:62476-63751:-1,WP_072840531.1,BUA59_RS15115,,SRPBCC family protein,5_507_BmoA,5,683.0,0.9601,8.9e-206,NZ_FQVF01000014.1,62476,63751,-1,Marinomonas polaris DSM 16579,Bacteria; Pseudomonadati; Pseudomonadota; Gammaproteobacteria; Oceanospirillales; Oceanospirillaceae; Marinomonas,0,5_507_BmoA#7,core,0.8652,0,0,0,0,[alpha]
NZ_FRAB01000004.1:228018-229275:-1,WP_073427650.1,BUE39_RS05630,,SRPBCC family protein,5_507_BmoA,5,370.0,0.9296,8.7e-111,NZ_FRAB01000004.1,228018,229275,-1,Paraburkholderia terricola,Bacteria; Pseudomonadati; Pseudomonadota; Betaproteobacteria; Burkholderiales; Burkholderiaceae; Paraburkholderia,0,5_507_BmoA#2,core,0.8567,1,0,0,1,regulator > regulator > other > regulator > [alpha] > reductase > other
NZ_FRAL01000003.1:161968-163252:-1,WP_064699223.1,BUC44_RS07050,,aromatic ring-hydroxylating dioxygenase subunit alpha,5_507_BmoA,5,855.7,0.9859,3.3e-258,NZ_FRAL01000003.1,161968,163252,-1,Halomonas caseinilytica,Bacteria; Pseudomonadati; Pseudomonadota; Gammaproteobacteria; Oceanospirillales; Halomonadaceae; Halomonas,0,5_507_BmoA#4,core,0.8351,0,0,0,0,[alpha]
NZ_FRCX01000005.1:526429-527530:1,WP_072785424.1,BUA36_RS13940,,aromatic ring-hydroxylating dioxygenase subunit alpha,5_507_BmoA,5,75.9,0.5329,1.6e-21,NZ_FRCX01000005.1,526429,527530,1,Duganella sacchari,Bacteria; Pseudomonadati; Pseudomonadota; Betaproteobacteria; Burkholderiales; Oxalobacteraceae; Telluria group; Duganella,0,5_507_BmoA#6,core,0.8424,0,0,0,0,[alpha] > transporter > other
NZ_FRDM01000062.1:1795-2917:-1,WP_072921170.1,BUB17_RS24035,,aromatic ring-hydroxylating dioxygenase subunit alpha,5_507_BmoA,5,234.0,0.7887,1.7e-69,NZ_FRDM01000062.1,1795,2917,-1,Geodermatophilus obscurus,Bacteria; Bacillati; Actinomycetota; Actinomycetes; Geodermatophilales; Geodermatophilaceae; Geodermatophilus,0,5_507_BmoA#0,core,0.8254,0,0,0,0,[alpha]
NZ_FRCS01000003.1:753777-754902:1,WP_073257063.1,BUB75_RS14380,,aromatic ring-hydroxylating dioxygenase subunit alpha,5_507_BmoA,5,123.8,0.6432,4.7e-36,NZ_FRCS01000003.1,753777,754902,1,Cryptosporangium aurantiacum,Bacteria; Bacillati; Actinomycetota; Actinomycetes; Cryptosporangiales; Cryptosporangiaceae; Cryptosporangium,0,5_507_BmoA#112,novel_candidate,0.2909,0,0,0,0,other > transporter > transporter > transporter > reductase > other > [alpha] > other
NZ_FTMV01000007.1:139922-141023:-1,WP_076568340.1,BXA07_RS13055,,aromatic ring-hydroxylating dioxygenase subunit alpha,5_507_BmoA,5,81.7,0.7019,2.8e-23,NZ_FTMV01000007.1,139922,141023,-1,Janthinobacterium sp. TND4EL3,Bacteria; Pseudomonadati; Pseudomonadota; Betaproteobacteria; Burkholderiales; Oxalobacteraceae; Janthinobacterium,0,5_507_BmoA#6,core,0.9599,0,0,0,0,[alpha] > transporter > other
NZ_FSSB01000010.1:301817-303086:1,WP_074372616.1,VSP9026_RS08620,,aromatic ring-hydroxylating dioxygenase subunit alpha,5_507_BmoA,5,719.6,0.9554,6.7e-217,NZ_FSSB01000010.1,301817,303086,1,Vibrio spartinae,Bacteria; Pseudomonadati; Pseudomonadota; Gammaproteobacteria; Vibrionales; Vibrionaceae; Vibrio,0,5_507_BmoA#7,core,0.8596,0,0,0,0,[alpha]
NZ_FUZD01000001.1:400417-401554:-1,WP_079549817.1,B5X90_RS01970,,aromatic ring-hydroxylating dioxygenase subunit alpha,5_507_BmoA,5,210.9,0.7817,1.7e-62,NZ_FUZD01000001.1,400417,401554,-1,Arthrobacter sp. 49Tsu3.1M3,Bacteria; Bacillati; Actinomycetota; Actinomycetes; Micrococcales; Micrococcaceae; Arthrobacter,0,5_507_BmoA#0,core,0.7529,1,0,0,1,reductase > [alpha]
NZ_FTOU01000001.1:137751-138984:1,WP_076522828.1,BW985_RS00675,,SRPBCC family protein,5_507_BmoA,5,516.5,0.9437,3e-155,NZ_FTOU01000001.1,137751,138984,1,Paracoccus saliphilus,Bacteria; Pseudomonadati; Pseudomonadota; Alphaproteobacteria; Rhodobacterales; Paracoccaceae; Paracoccus,0,5_507_BmoA#11,divergent,0.5173,1,0,0,1,[alpha] > reductase > regulator
NZ_FVZE01000003.1:180771-182139:-1,WP_245829070.1,B5483_RS11910,,SRPBCC family protein,5_507_BmoA,5,117.4,0.4554,4.2e-34,NZ_FVZE01000003.1,180771,182139,-1,Novosphingobium mathurense,Bacteria; Pseudomonadati; Pseudomonadota; Alphaproteobacteria; Sphingomonadales; Sphingomonadaceae; Novosphingobium,0,5_507_BmoA#8,core,0.9155,0,0,0,0,other > reductase > [alpha] > dehydrogenase > dehydrogenase > dehydrogenase > dehydrogenase
NZ_FVZE01000004.1:171074-172448:-1,WP_245829234.1,B5483_RS14005,,aromatic ring-hydroxylating dioxygenase subunit alpha,5_507_BmoA,5,119.2,0.5211,1.1e-34,NZ_FVZE01000004.1,171074,172448,-1,Novosphingobium mathurense,Bacteria; Pseudomonadati; Pseudomonadota; Alphaproteobacteria; Sphingomonadales; Sphingomonadaceae; Novosphingobium,0,5_507_BmoA#61,novel_candidate,0.2702,0,0,0,0,[alpha] > other > reductase
NZ_FVZE01000013.1:34991-36392:-1,WP_079731868.1,B5483_RS21010,,SRPBCC family protein,5_507_BmoA,5,113.1,0.4531,8.3e-33,NZ_FVZE01000013.1,34991,36392,-1,Novosphingobium mathurense,Bacteria; Pseudomonadati; Pseudomonadota; Alphaproteobacteria; Sphingomonadales; Sphingomonadaceae; Novosphingobium,0,5_507_BmoA#36,novel_candidate,0.3025,0,0,0,0,[alpha] > alpha_other
NZ_FVZE01000013.1:41824-43003:1,WP_079731870.1,B5483_RS21035,,aromatic ring-hydroxylating dioxygenase subunit alpha,5_507_BmoA,5,126.6,0.4648,6.7e-37,NZ_FVZE01000013.1,41824,43003,1,Novosphingobium mathurense,Bacteria; Pseudomonadati; Pseudomonadota; Alphaproteobacteria; Sphingomonadales; Sphingomonadaceae; Novosphingobium,0,5_507_BmoA#25,novel_candidate,0.2493,0,0,0,0,[alpha] > other > other
NZ_FWXX01000006.1:11710-12865:1,WP_058248522.1,B9A11_RS13230,,aromatic ring-hydroxylating dioxygenase subunit alpha,5_507_BmoA,5,119.7,0.5094,8.2e-35,NZ_FWXX01000006.1,11710,12865,1,Tropicibacter naphthalenivorans,Bacteria; Pseudomonadati; Pseudomonadota; Alphaproteobacteria; Rhodobacterales; Roseobacteraceae; Tropicibacter,0,5_507_BmoA#57,novel_candidate,0.2599,0,0,0,0,[alpha] > other > hypothetical > hypothetical > regulator
NZ_FWZV01000002.1:157718-158975:-1,WP_027603300.1,B9N88_RS03375,,SRPBCC family protein,5_507_BmoA,5,360.4,0.9272,7e-108,NZ_FWZV01000002.1,157718,158975,-1,Pseudomonas sp. LAMO17WK12:I1,Bacteria; Pseudomonadati; Pseudomonadota; Gammaproteobacteria; Pseudomonadales; Pseudomonadaceae; Pseudomonas,0,5_507_BmoA#2,core,0.6509,1,0,0,1,dehydrogenase > regulator > [alpha] > reductase > transporter
NZ_JAAVUN010000017.1:26576-27755:-1,WP_052209241.1,GTW58_RS09345,,SRPBCC family protein,5_507_BmoA,5,205.8,0.7817,6.2e-61,NZ_JAAVUN010000017.1,26576,27755,-1,Kocuria subflava,Bacteria; Bacillati; Actinomycetota; Actinomycetes; Micrococcales; Micrococcaceae; Kocuria,0,5_507_BmoA#0,core,0.624,2,0,1,1,ferredoxin > reductase > [alpha]
NZ_JABBGL010000034.1:5572-6730:1,WP_066559259.1,HHL26_RS23445,,aromatic ring-hydroxylating dioxygenase subunit alpha,5_507_BmoA,5,150.5,0.6221,3.7e-44,NZ_JABBGL010000034.1,5572,6730,1,Sphingobium sp. TB-6,Bacteria; Pseudomonadati; Pseudomonadota; Alphaproteobacteria; Sphingomonadales; Sphingomonadaceae; Sphingobium,0,5_507_BmoA#26,novel_candidate,0.2725,1,0,0,1,other > other > [alpha] > reductase > other > other
NZ_JABBGL010000001.1:404256-405471:1,WP_066563070.1,HHL26_RS01765,,aromatic ring-hydroxylating dioxygenase subunit alpha,5_507_BmoA,5,133.8,0.4554,4.3e-39,NZ_JABBGL010000001.1,404256,405471,1,Sphingobium sp. TB-6,Bacteria; Pseudomonadati; Pseudomonadota; Alphaproteobacteria; Sphingomonadales; Sphingomonadaceae; Sphingobium,0,5_507_BmoA#15,novel_candidate,0.2739,0,0,0,0,[alpha]
NZ_JABFMQ010000024.1:30110-31232:1,WP_034350972.1,HNO82_RS18365,,aromatic ring-hydroxylating dioxygenase subunit alpha,5_507_BmoA,5,81.1,0.7254,4.1e-23,NZ_JABFMQ010000024.1,30110,31232,1,Herbaspirillum sp. C9C3,Bacteria; Pseudomonadati; Pseudomonadota; Betaproteobacteria; Burkholderiales; Oxalobacteraceae; Herbaspirillum,0,5_507_BmoA#6,core,0.8102,0,0,0,0,[alpha]
NZ_JABFMR010000001.1:373180-374437:-1,WP_175361442.1,HNO91_RS01670,,SRPBCC family protein,5_507_BmoA,5,373.3,0.9319,8.9e-112,NZ_JABFMR010000001.1,373180,374437,-1,Pseudomonas corrugata,Bacteria; Pseudomonadati; Pseudomonadota; Gammaproteobacteria; Pseudomonadales; Pseudomonadaceae; Pseudomonas,0,5_507_BmoA#2,core,0.8207,1,0,0,1,transporter > transporter > regulator > [alpha] > reductase
NZ_JABFMS010000004.1:217968-219225:1,WP_058545964.1,HNO85_RS04730,,SRPBCC family protein,5_507_BmoA,5,368.4,0.9319,2.6e-110,NZ_JABFMS010000004.1,217968,219225,1,Pseudomonas brassicacearum,Bacteria; Pseudomonadati; Pseudomonadota; Gammaproteobacteria; Pseudomonadales; Pseudomonadaceae; Pseudomonas,0,5_507_BmoA#2,core,0.8141,1,0,0,1,transporter > transporter > regulator > [alpha] > reductase > regulator
NZ_JABXIZ010000108.1:3480-4590:-1,WP_011049357.1,HW563_RS13760,,aromatic ring-hydroxylating dioxygenase subunit alpha,5_507_BmoA,5,136.2,0.6643,8e-40,NZ_JABXIZ010000108.1,3480,4590,-1,Ruegeria pomeroyi,Bacteria; Pseudomonadati; Pseudomonadota; Alphaproteobacteria; Rhodobacterales; Roseobacteraceae; Ruegeria,0,5_507_BmoA#35,novel_candidate,0.2987,0,0,0,0,alpha_other > other > hypothetical > [alpha] > regulator > other
NZ_JABUYK010000007.1:30960-32118:-1,WP_042533252.1,INT24_RS09220,,aromatic ring-hydroxylating dioxygenase subunit alpha,5_507_BmoA,5,202.2,0.7817,7.2e-60,NZ_JABUYK010000007.1,30960,32118,-1,Oceanobacillus oncorhynchi,Bacteria; Bacillati; Bacillota; Bacilli; Bacillales; Bacillaceae; Oceanobacillus,0,5_507_BmoA#58,novel_candidate,0.3303,2,0,1,1,other > dehydrogenase > [alpha] > ferredoxin > reductase
NZ_JACCDE010000041.1:9861-11148:1,WP_035560552.1,HZS80_RS20670,,aromatic ring-hydroxylating dioxygenase subunit alpha,5_507_BmoA,5,867.4,0.9953,9.4e-262,NZ_JACCDE010000041.1,9861,11148,1,Vreelandella glaciei,Bacteria; Pseudomonadati; Pseudomonadota; Gammaproteobacteria; Oceanospirillales; Halomonadaceae; Vreelandella,0,5_507_BmoA#4,core,0.9098,0,0,0,0,[alpha] > regulator
NZ_JACARJ010000015.1:121391-122651:-1,WP_017128602.1,HX863_RS05175,,aromatic ring-hydroxylating dioxygenase subunit alpha,5_507_BmoA,5,578.2,0.939,5.7e-174,NZ_JACARJ010000015.1,121391,122651,-1,Pseudomonas gingeri,Bacteria; Pseudomonadati; Pseudomonadota; Gammaproteobacteria; Pseudomonadales; Pseudomonadaceae; Pseudomonas,0,5_507_BmoA#70,divergent,0.5306,0,0,0,0,ring_cleavage > [alpha] > reductase > other > reductase
NZ_JACHDG010000021.1:8168-9455:-1,WP_013091669.1,HDG35_RS30380,,SRPBCC family protein,5_507_BmoA,5,456.4,0.9296,5.1e-137,NZ_JACHDG010000021.1,8168,9455,-1,Paraburkholderia atlantica,Bacteria; Pseudomonadati; Pseudomonadota; Betaproteobacteria; Burkholderiales; Burkholderiaceae; Paraburkholderia,0,5_507_BmoA#9,core,0.9455,1,0,0,1,other > other > hypothetical > reductase > other > reductase > reductase > [alpha] > reductase
NZ_JACHGV010000008.1:261043-262174:1,WP_184563457.1,HNR57_RS26110,,aromatic ring-hydroxylating dioxygenase subunit alpha,5_507_BmoA,5,208.6,0.784,8.6e-62,NZ_JACHGV010000008.1,261043,262174,1,Streptomyces paradoxus,Bacteria; Bacillati; Actinomycetota; Actinomycetes; Kitasatosporales; Streptomycetaceae; Streptomyces,0,5_507_BmoA#0,core,0.8824,2,0,1,1,ferredoxin > reductase > [alpha]
NZ_JACHGV010000008.1:282608-283751:1,WP_184563483.1,HNR57_RS26185,,aromatic ring-hydroxylating dioxygenase subunit alpha,5_507_BmoA,5,228.7,0.7887,6.8e-68,NZ_JACHGV010000008.1,282608,283751,1,Streptomyces paradoxus,Bacteria; Bacillati; Actinomycetota; Actinomycetes; Kitasatosporales; Streptomycetaceae; Streptomyces,0,5_507_BmoA#0,core,0.8729,0,0,0,0,[alpha] > reductase
NZ_JACIDY010000004.1:321542-322877:-1,WP_183617090.1,GGR39_RS10610,,SRPBCC family protein,5_507_BmoA,5,125.1,0.4601,1.9e-36,NZ_JACIDY010000004.1,321542,322877,-1,Novosphingobium fluoreni,Bacteria; Pseudomonadati; Pseudomonadota; Alphaproteobacteria; Sphingomonadales; Sphingomonadaceae; Novosphingobium,0,5_507_BmoA#111,novel_candidate,0.3458,0,0,0,0,[alpha]
NZ_JACKTM010000026.1:64278-65463:1,WP_029371933.1,H7J55_RS10330,,aromatic ring-hydroxylating dioxygenase subunit alpha,5_507_BmoA,5,219.0,0.7793,6e-65,NZ_JACKTM010000026.1,64278,65463,1,Mycolicibacterium brisbanense,Bacteria; Bacillati; Actinomycetota; Actinomycetes; Mycobacteriales; Mycobacteriaceae; Mycolicibacterium,0,5_507_BmoA#0,core,0.7654,0,0,0,0,other > [alpha] > dehydrogenase > transporter
NZ_JAGGLP010000042.1:23861-24995:-1,WP_067308703.1,J2Z21_RS45155,,aromatic ring-hydroxylating dioxygenase subunit alpha,5_507_BmoA,5,210.4,0.7864,2.4e-62,NZ_JAGGLP010000042.1,23861,24995,-1,Streptomyces griseochromogenes,Bacteria; Bacillati; Actinomycetota; Actinomycetes; Kitasatosporales; Streptomycetaceae; Streptomyces,0,5_507_BmoA#0,core,0.8966,2,0,1,1,ferredoxin > reductase > [alpha]
NZ_JAGWFN010000003.1:458353-459499:1,WP_048940376.1,KGH30_RS09770,,aromatic ring-hydroxylating dioxygenase subunit alpha,5_507_BmoA,5,76.4,0.4507,1.1e-21,NZ_JAGWFN010000003.1,458353,459499,1,Bordetella hinzii,Bacteria; Pseudomonadati; Pseudomonadota; Betaproteobacteria; Burkholderiales; Alcaligenaceae; Bordetella,0,5_507_BmoA#110,novel_candidate,0.2249,0,0,0,0,other > other > reductase > reductase > [alpha] > other
NZ_JAHKQK010000009.1:75478-76594:1,WP_040618063.1,KO491_RS11210,,aromatic ring-hydroxylating dioxygenase subunit alpha,5_507_BmoA,5,140.1,0.6643,5.3e-41,NZ_JAHKQK010000009.1,75478,76594,1,Roseovarius nubinhibens,Bacteria; Pseudomonadati; Pseudomonadota; Alphaproteobacteria; Rhodobacterales; Roseobacteraceae; Roseovarius,0,5_507_BmoA#35,novel_candidate,0.3137,1,0,0,1,transporter > transporter > transporter > regulator > reductase > other > hypothetical > [alpha] > dehydrogenase > regulator > reductase
NZ_JAJJNE010000068.1:23181-24333:-1,WP_051578401.1,LOC73_RS29690,,aromatic ring-hydroxylating dioxygenase subunit alpha,5_507_BmoA,5,225.1,0.7864,8.2e-67,NZ_JAJJNE010000068.1,23181,24333,-1,Mycolicibacterium mageritense,Bacteria; Bacillati; Actinomycetota; Actinomycetes; Mycobacteriales; Mycobacteriaceae; Mycolicibacterium,0,5_507_BmoA#0,core,0.8023,2,0,1,1,ferredoxin > reductase > [alpha]
NZ_JANF02000090.1:5588-6818:-1,WP_020819574.1,AL00_RS18200,,aromatic ring-hydroxylating dioxygenase subunit alpha,5_507_BmoA,5,127.2,0.8568,4.4e-37,NZ_JANF02000090.1,5588,6818,-1,Sphingobium indicum F2,Bacteria; Pseudomonadati; Pseudomonadota; Alphaproteobacteria; Sphingomonadales; Sphingomonadaceae; Sphingobium,0,5_507_BmoA#47,novel_candidate,0.2625,0,0,0,0,[alpha] > hypothetical
NZ_JAOCDZ010000027.1:5099-6260:1,WP_063589392.1,N5D93_RS27450,,aromatic ring-hydroxylating dioxygenase subunit alpha,5_507_BmoA,5,140.7,0.6268,3.5e-41,NZ_JAOCDZ010000027.1,5099,6260,1,Achromobacter spanius,Bacteria; Pseudomonadati; Pseudomonadota; Betaproteobacteria; Burkholderiales; Alcaligenaceae; Achromobacter,0,5_507_BmoA#13,novel_candidate,0.2605,2,0,1,1,[alpha] > ferredoxin > reductase
NZ_JAOR01000143.1:50827-52174:-1,WP_033712240.1,NF18_RS14480,,SRPBCC family protein,5_507_BmoA,5,115.5,0.4531,1.6e-33,NZ_JAOR01000143.1,50827,52174,-1,Mycobacterium sp. MAC_011194_8550,Bacteria; Bacillati; Actinomycetota; Actinomycetes; Mycobacteriales; Mycobacteriaceae; Mycobacterium; Mycobacterium avium complex (MAC),0,5_507_BmoA#5,core,0.9387,0,0,0,0,regulator > other > hydrolase > [alpha]
NZ_JAQIPA010000010.1:41254-42496:1,WP_058290793.1,PGB32_RS09350,,SRPBCC family protein,5_507_BmoA,5,514.3,0.9531,1.4e-154,NZ_JAQIPA010000010.1,41254,42496,1,Tritonibacter multivorans,Bacteria; Pseudomonadati; Pseudomonadota; Alphaproteobacteria; Rhodobacterales; Paracoccaceae; Tritonibacter,0,5_507_BmoA#11,divergent,0.5324,1,0,0,1,[alpha] > reductase > regulator
NZ_JARAWN010000085.1:15169-16300:-1,WP_037698154.1,PV367_RS16340,,aromatic ring-hydroxylating dioxygenase subunit alpha,5_507_BmoA,5,224.0,0.7864,1.8e-66,NZ_JARAWN010000085.1,15169,16300,-1,Streptomyces europaeiscabiei,Bacteria; Bacillati; Actinomycetota; Actinomycetes; Kitasatosporales; Streptomycetaceae; Streptomyces,0,5_507_BmoA#0,core,0.9471,2,0,1,1,ferredoxin > reductase > [alpha]
NZ_JARWNH010000231.1:4314-5673:1,WP_062980039.1,QH096_RS19600,,aromatic ring-hydroxylating dioxygenase subunit alpha,5_507_BmoA,5,118.8,0.4601,1.6e-34,NZ_JARWNH010000231.1,4314,5673,1,Nocardia flavorosea,Bacteria; Bacillati; Actinomycetota; Actinomycetes; Mycobacteriales; Nocardiaceae; Nocardia,0,5_507_BmoA#44,novel_candidate,0.3703,0,0,0,0,[alpha] > reductase > dehydrogenase > dehydrogenase
NZ_JAPKMZ010000002.1:290734-291958:-1,WP_266108133.1,OSH04_RS06415,,aromatic ring-hydroxylating dioxygenase subunit alpha,5_507_BmoA,5,128.7,0.4695,1.5e-37,NZ_JAPKMZ010000002.1,290734,291958,-1,Alcaligenes nematophilus,Bacteria; Pseudomonadati; Pseudomonadota; Betaproteobacteria; Burkholderiales; Alcaligenaceae; Alcaligenes,0,5_507_BmoA#38,novel_candidate,0.2456,1,0,0,1,[alpha] > reductase > reductase > hypothetical > hypothetical > hydrolase
NZ_JAPLAQ010000191.1:1709-2861:1,WP_197077464.1,NTX68_RS07380,,aromatic ring-hydroxylating dioxygenase subunit alpha,5_507_BmoA,5,216.9,0.7887,2.5e-64,NZ_JAPLAQ010000191.1,1709,2861,1,Rhodococcus sp. (in: high G+C Gram-positive bacteria),Bacteria; Actinomycetota; Actinomycetes; Mycobacteriales; Nocardiaceae; Rhodococcus,0,5_507_BmoA#0,core,0.7634,2,0,1,1,ferredoxin > reductase > [alpha] > regulator > regulator
NZ_JAUORK010000015.1:67324-68608:1,WP_054555338.1,Q4535_RS11765,,SRPBCC family protein,5_507_BmoA,5,793.0,0.9836,3.5e-239,NZ_JAUORK010000015.1,67324,68608,1,Cobetia amphilecti,Bacteria; Pseudomonadati; Pseudomonadota; Gammaproteobacteria; Oceanospirillales; Halomonadaceae; Cobetia,0,5_507_BmoA#4,core,0.7339,0,0,0,0,[alpha]
NZ_JAVDRM010000014.1:19585-20890:-1,WP_013592292.1,J2801_RS29715,,SRPBCC family protein,5_507_BmoA,5,463.8,0.9366,2.9e-139,NZ_JAVDRM010000014.1,19585,20890,-1,Paraburkholderia phenoliruptrix,Bacteria; Pseudomonadati; Pseudomonadota; Betaproteobacteria; Burkholderiales; Burkholderiaceae; Paraburkholderia,0,5_507_BmoA#9,core,0.9544,1,0,0,1,other > other > hypothetical > reductase > other > reductase > other > [alpha] > reductase
NZ_JAVDRI010000002.1:372853-374110:1,WP_073427650.1,J2797_RS04835,,SRPBCC family protein,5_507_BmoA,5,370.0,0.9296,8.7e-111,NZ_JAVDRI010000002.1,372853,374110,1,Paraburkholderia terricola,Bacteria; Pseudomonadati; Pseudomonadota; Betaproteobacteria; Burkholderiales; Burkholderiaceae; Paraburkholderia,0,5_507_BmoA#2,core,0.8567,1,0,0,1,regulator > regulator > other > regulator > [alpha] > reductase > other
NZ_JAWLLF010000009.1:88576-89929:1,WP_043954891.1,R4E96_RS10390,,Rieske 2Fe-2S domain-containing protein,5_507_BmoA,5,115.3,0.4671,1.8e-33,NZ_JAWLLF010000009.1,88576,89929,1,Mycobacterium intracellulare,Bacteria; Bacillati; Actinomycetota; Actinomycetes; Mycobacteriales; Mycobacteriaceae; Mycobacterium; Mycobacterium avium complex (MAC),0,5_507_BmoA#1,core,0.8601,0,0,0,0,reductase > dehydrogenase > dehydrogenase > other > other > other > [alpha] > reductase
NZ_JAVDUT010000002.1:626422-627574:-1,WP_310180213.1,J2X62_RS10475,,aromatic ring-hydroxylating dioxygenase subunit alpha,5_507_BmoA,5,213.3,0.7887,3.1e-63,NZ_JAVDUT010000002.1,626422,627574,-1,Rhodococcus sp. 3258,Bacteria; Bacillati; Actinomycetota; Actinomycetes; Mycobacteriales; Nocardiaceae; Rhodococcus,0,5_507_BmoA#0,core,0.7606,2,0,1,1,ferredoxin > reductase > [alpha] > regulator > regulator
NZ_JAVDXJ010000002.1:445871-447185:-1,WP_310065584.1,J2X47_RS05185,,aromatic ring-hydroxylating dioxygenase subunit alpha,5_507_BmoA,5,139.1,0.5469,1.1e-40,NZ_JAVDXJ010000002.1,445871,447185,-1,Sphingomonas sp. BE270,Bacteria; Pseudomonadati; Pseudomonadota; Alphaproteobacteria; Sphingomonadales; Sphingomonadaceae; Sphingomonas,0,5_507_BmoA#16,novel_candidate,0.2743,1,0,0,1,[alpha] > reductase
NZ_JAZGUS010000066.1:91858-93202:-1,WP_006369085.1,V3H80_RS19630,,aromatic ring-hydroxylating dioxygenase subunit alpha,5_507_BmoA,5,393.4,0.9507,7.1e-118,NZ_JAZGUS010000066.1,91858,93202,-1,Gordonia polyisoprenivorans,Bacteria; Bacillati; Actinomycetota; Actinomycetes; Mycobacteriales; Gordoniaceae; Gordonia,0,5_507_BmoA#43,divergent,0.4911,1,0,0,1,[alpha] > reductase > other > other > reductase > other > regulator > reductase > regulator
NZ_JBCGUI010000004.1:63206-64328:-1,WP_310837899.1,AADA03_RS09100,,aromatic ring-hydroxylating dioxygenase subunit alpha,5_507_BmoA,5,78.2,0.7254,3.3e-22,NZ_JBCGUI010000004.1,63206,64328,-1,Herbaspirillum huttiense NC40101,Bacteria; Pseudomonadati; Pseudomonadota; Betaproteobacteria; Burkholderiales; Oxalobacteraceae; Herbaspirillum,0,5_507_BmoA#6,core,0.8159,0,0,0,0,[alpha]
NZ_JBDLAI010000030.1:100850-102164:1,WP_073431108.1,ABFP44_RS28395,,SRPBCC family protein,5_507_BmoA,5,455.3,0.9296,1.2e-136,NZ_JBDLAI010000030.1,100850,102164,1,Paraburkholderia terricola,Bacteria; Pseudomonadati; Pseudomonadota; Betaproteobacteria; Burkholderiales; Burkholderiaceae; Paraburkholderia,0,5_507_BmoA#9,core,0.9362,1,0,0,1,other > other > hypothetical > reductase > other > reductase > other > [alpha] > reductase > transporter
NZ_JBEOTC010000071.1:24049-25177:1,WP_350597822.1,ABTX61_RS34370,,aromatic ring-hydroxylating dioxygenase subunit alpha,5_507_BmoA,5,225.5,0.784,6.4e-67,NZ_JBEOTC010000071.1,24049,25177,1,Amycolatopsis japonica,Bacteria; Bacillati; Actinomycetota; Actinomycetes; Pseudonocardiales; Pseudonocardiaceae; Amycolatopsis; Amycolatopsis japonica group,0,5_507_BmoA#0,core,0.792,0,0,0,0,reductase > other > [alpha]
NZ_JBEPEU010000023.1:82816-83947:1,WP_191847808.1,ABT388_RS38445,,aromatic ring-hydroxylating dioxygenase subunit alpha,5_507_BmoA,5,211.2,0.784,1.4e-62,NZ_JBEPEU010000023.1,82816,83947,1,Streptomyces collinus,Bacteria; Bacillati; Actinomycetota; Actinomycetes; Kitasatosporales; Streptomycetaceae; Streptomyces,0,5_507_BmoA#0,core,0.8799,2,0,1,1,ferredoxin > reductase > [alpha]
NZ_JFHE01000041.1:36920-38177:1,WP_035969723.1,BG57_RS26220,,SRPBCC family protein,5_507_BmoA,5,400.5,0.9249,4.9e-120,NZ_JFHE01000041.1,36920,38177,1,Caballeronia grimmiae,Bacteria; Pseudomonadati; Pseudomonadota; Betaproteobacteria; Burkholderiales; Burkholderiaceae; Caballeronia,0,5_507_BmoA#2,core,0.7434,0,0,0,0,[alpha]
NZ_JFHD01000003.1:36620-37877:1,WP_008348234.1,BG60_RS06120,,SRPBCC family protein,5_507_BmoA,5,378.6,0.9296,2.1e-113,NZ_JFHD01000003.1,36620,37877,1,Caballeronia zhejiangensis,Bacteria; Pseudomonadati; Pseudomonadota; Betaproteobacteria; Burkholderiales; Burkholderiaceae; Caballeronia,0,5_507_BmoA#2,core,0.9038,0,0,0,0,transporter > transporter > transporter > other > reductase > dehydrogenase > reductase > regulator > regulator > [alpha]
NZ_JFHR01000026.1:41230-42571:-1,WP_037452138.1,BV95_RS12390,,SRPBCC family protein,5_507_BmoA,5,135.8,0.5704,1.1e-39,NZ_JFHR01000026.1,41230,42571,-1,Sphingobium chlorophenolicum,Bacteria; Pseudomonadati; Pseudomonadota; Alphaproteobacteria; Sphingomonadales; Sphingomonadaceae; Sphingobium,0,5_507_BmoA#33,novel_candidate,0.3353,0,0,0,0,dehydrogenase > [alpha] > reductase
NZ_JFHE01000002.1:333661-334810:-1,WP_035960249.1,BG57_RS03785,,SRPBCC family protein,5_507_BmoA,5,135.6,0.5915,1.2e-39,NZ_JFHE01000002.1,333661,334810,-1,Caballeronia grimmiae,Bacteria; Pseudomonadati; Pseudomonadota; Betaproteobacteria; Burkholderiales; Burkholderiaceae; Caballeronia,0,5_507_BmoA#10,core,0.8727,0,0,0,0,[alpha] > transporter > transporter > transporter > transporter
NZ_JFYR01000003.1:140852-141953:1,WP_034749123.1,BW37_RS06280,,aromatic ring-hydroxylating dioxygenase subunit alpha,5_507_BmoA,5,77.2,0.7136,6.6e-22,NZ_JFYR01000003.1,140852,141953,1,Janthinobacterium lividum,Bacteria; Pseudomonadati; Pseudomonadota; Betaproteobacteria; Burkholderiales; Oxalobacteraceae; Janthinobacterium,0,5_507_BmoA#6,core,0.9599,0,0,0,0,[alpha] > transporter > other
NZ_JFZB01000018.1:18668-19793:1,WP_036637807.1,CG50_RS10155,,SRPBCC family protein,5_507_BmoA,5,130.3,0.5775,5e-38,NZ_JFZB01000018.1,18668,19793,1,Paenirhodobacter enshiensis,Bacteria; Pseudomonadati; Pseudomonadota; Alphaproteobacteria; Rhodobacterales; Rhodobacter group; Paenirhodobacter,0,5_507_BmoA#68,divergent,0.4882,0,0,0,0,[alpha]
NZ_JFYZ01000013.1:73377-74604:1,WP_036526571.1,BV97_RS14030,,aromatic ring-hydroxylating dioxygenase subunit alpha,5_507_BmoA,5,116.3,0.4624,8.9e-34,NZ_JFYZ01000013.1,73377,74604,1,Novosphingobium resinovorum,Bacteria; Pseudomonadati; Pseudomonadota; Alphaproteobacteria; Sphingomonadales; Sphingomonadaceae; Novosphingobium,0,5_507_BmoA#14,novel_candidate,0.2725,0,0,0,0,[alpha] > reductase > other
NZ_JFYZ01000013.1:82468-83833:-1,WP_008830393.1,BV97_RS14075,,SRPBCC family protein,5_507_BmoA,5,121.5,0.4601,2.3e-35,NZ_JFYZ01000013.1,82468,83833,-1,Novosphingobium resinovorum,Bacteria; Pseudomonadati; Pseudomonadota; Alphaproteobacteria; Sphingomonadales; Sphingomonadaceae; Novosphingobium,0,5_507_BmoA#8,core,0.9029,0,0,0,0,reductase > [alpha] > dehydrogenase > dehydrogenase > dehydrogenase > dehydrogenase
NZ_JH814694.1:47740-49057:1,WP_003931791.1,MVAC_RS17885,,SRPBCC family protein,5_507_BmoA,5,104.7,0.4601,3e-30,NZ_JH814694.1,47740,49057,1,Mycolicibacterium vaccae ATCC 25954,Bacteria; Bacillati; Actinomycetota; Actinomycetes; Mycobacteriales; Mycobacteriaceae; Mycolicibacterium,0,5_507_BmoA#109,novel_candidate,0.3314,1,0,1,0,reductase > other > dehydrogenase > other > other > [alpha] > ferredoxin > reductase > regulator
NZ_JH814750.1:15115-16483:-1,WP_003884324.1,MFORT_RS22770,,SRPBCC family protein,5_507_BmoA,5,131.4,0.4742,2.4e-38,NZ_JH814750.1,15115,16483,-1,Mycolicibacterium fortuitum subsp. fortuitum DSM 46621 = ATCC 6841 = JCM 6387,Bacteria; Bacillati; Actinomycetota; Actinomycetes; Mycobacteriales; Mycobacteriaceae; Mycolicibacterium,0,5_507_BmoA#108,novel_candidate,0.3312,1,0,0,1,[alpha] > reductase > ferredoxin
NZ_JHYR01000015.1:22711-23923:1,WP_004338689.1,Q393_RS0111950,,aromatic ring-hydroxylating dioxygenase subunit alpha,5_507_BmoA,5,104.5,0.4695,3.4e-30,NZ_JHYR01000015.1,22711,23923,1,Thauera linaloolentis 47Lol = DSM 12138,Bacteria; Pseudomonadati; Pseudomonadota; Betaproteobacteria; Rhodocyclales; Zoogloeaceae; Thauera,0,5_507_BmoA#107,novel_candidate,0.2566,0,0,0,0,[alpha]
NZ_JJMH01000010.1:17551-18700:-1,WP_034653266.1,BMT_RS05405,,SRPBCC family protein,5_507_BmoA,5,209.6,0.77,4.2e-62,NZ_JJMH01000010.1,17551,18700,-1,Priestia megaterium NBRC 15308 = ATCC 14581,Bacteria; Bacillati; Bacillota; Bacilli; Bacillales; Bacillaceae; Priestia,0,5_507_BmoA#19,divergent,0.4501,1,0,0,1,reductase > other > [alpha] > transporter > transporter > transporter
NZ_JMIX01000012.1:27241-28552:1,WP_034905796.1,EH32_RS12800,,aromatic ring-hydroxylating dioxygenase subunit alpha,5_507_BmoA,5,149.8,0.4648,6e-44,NZ_JMIX01000012.1,27241,28552,1,Erythrobacter litoralis,Bacteria; Pseudomonadati; Pseudomonadota; Alphaproteobacteria; Sphingomonadales; Erythrobacteraceae; Erythrobacter/Porphyrobacter group; Erythrobacter,0,5_507_BmoA#23,novel_candidate,0.2766,0,0,0,0,[alpha]
NZ_JMQI01000041.1:52509-53628:-1,WP_043782086.1,DV20_RS19070,,aromatic ring-hydroxylating dioxygenase subunit alpha,5_507_BmoA,5,206.5,0.7793,3.7e-61,NZ_JMQI01000041.1,52509,53628,-1,Amycolatopsis rifamycinica,Bacteria; Bacillati; Actinomycetota; Actinomycetes; Pseudonocardiales; Pseudonocardiaceae; Amycolatopsis,0,5_507_BmoA#0,core,0.7835,0,0,0,0,[alpha]
NZ_JMSZ01000007.1:153682-154948:-1,WP_036543100.1,ADINL_RS01665,,aromatic ring-hydroxylating dioxygenase subunit alpha,5_507_BmoA,5,818.3,0.9836,7.4e-247,NZ_JMSZ01000007.1,153682,154948,-1,Nitrincola lacisaponensis,Bacteria; Pseudomonadati; Pseudomonadota; Gammaproteobacteria; Oceanospirillales; Oceanospirillaceae; Nitrincola,0,5_507_BmoA#4,core,0.7667,0,0,0,0,[alpha]
NZ_JMQN01000029.1:83968-85231:-1,WP_036187487.1,ADIMK_RS10530,,aromatic ring-hydroxylating dioxygenase subunit alpha,5_507_BmoA,5,716.4,0.9531,6.4e-216,NZ_JMQN01000029.1,83968,85231,-1,Marinobacterium lacunae,Bacteria; Pseudomonadati; Pseudomonadota; Gammaproteobacteria; Oceanospirillales; Oceanospirillaceae; Marinobacterium,0,5_507_BmoA#7,core,0.8652,0,0,0,0,[alpha]
NZ_JNXA01000041.1:5732-6929:-1,WP_004019130.1,OO49_RS25080,,aromatic ring-hydroxylating dioxygenase subunit alpha,5_507_BmoA,5,122.1,0.6761,1.6e-35,NZ_JNXA01000041.1,5732,6929,-1,Gordonia terrae,Bacteria; Bacillati; Actinomycetota; Actinomycetes; Mycobacteriales; Gordoniaceae; Gordonia,0,5_507_BmoA#42,novel_candidate,0.2733,0,0,0,0,other > hydrolase > other > other > [alpha] > transporter > transporter > transporter > transporter > hypothetical > regulator
NZ_JOEA01000030.1:14021-15155:1,WP_030481564.1,IG04_RS0137835,,aromatic ring-hydroxylating dioxygenase subunit alpha,5_507_BmoA,5,234.0,0.7864,1.7e-69,NZ_JOEA01000030.1,14021,15155,1,Lentzea albidocapillata,Bacteria; Bacillati; Actinomycetota; Actinomycetes; Pseudonocardiales; Pseudonocardiaceae; Lentzea,0,5_507_BmoA#0,core,0.7849,0,0,0,0,dehydrogenase > reductase > [alpha]
NZ_JPKG01000008.1:76276-77515:-1,WP_052513385.1,FG93_RS04860,,SRPBCC family protein,5_507_BmoA,5,520.0,0.9413,2.5e-156,NZ_JPKG01000008.1,76276,77515,-1,Bosea sp. LC85,Bacteria; Pseudomonadati; Pseudomonadota; Alphaproteobacteria; Hyphomicrobiales; Boseaceae; Bosea,0,5_507_BmoA#11,divergent,0.5216,1,0,0,1,[alpha] > reductase
NZ_JPMX01000092.1:33569-34691:-1,WP_036339169.1,IN07_RS19490,,aromatic ring-hydroxylating dioxygenase subunit alpha,5_507_BmoA,5,226.6,0.7864,2.9e-67,NZ_JPMX01000092.1,33569,34691,-1,Modestobacter caceresii,Bacteria; Bacillati; Actinomycetota; Actinomycetes; Geodermatophilales; Geodermatophilaceae; Modestobacter,0,5_507_BmoA#0,core,0.822,0,0,0,0,[alpha]
NZ_JPQT01000119.1:84637-85894:1,WP_047577177.1,IV02_RS19560,,SRPBCC family protein,5_507_BmoA,5,364.4,0.9296,4.4e-109,NZ_JPQT01000119.1,84637,85894,1,Pseudomonas syringae,Bacteria; Pseudomonadati; Pseudomonadota; Gammaproteobacteria; Pseudomonadales; Pseudomonadaceae; Pseudomonas,0,5_507_BmoA#2,core,0.8215,1,0,0,1,[alpha] > reductase
NZ_JPPQ01000083.1:195630-196872:1,WP_052027818.1,IL54_RS22385,,aromatic ring-hydroxylating dioxygenase subunit alpha,5_507_BmoA,5,138.4,0.4671,1.7e-40,NZ_JPPQ01000083.1,195630,196872,1,Sphingobium sp. ba1,Bacteria; Pseudomonadati; Pseudomonadota; Alphaproteobacteria; Sphingomonadales; Sphingomonadaceae; Sphingobium,0,5_507_BmoA#106,novel_candidate,0.2687,1,0,1,0,[alpha] > transporter > ferredoxin > hypothetical
NZ_JQED01000035.1:1903-3181:1,WP_052056618.1,ND2E_RS08830,,aromatic ring-hydroxylating dioxygenase subunit alpha,5_507_BmoA,5,736.5,0.9531,5.1e-222,NZ_JQED01000035.1,1903,3181,1,Colwellia psychrerythraea,Bacteria; Pseudomonadati; Pseudomonadota; Gammaproteobacteria; Alteromonadales; Colwelliaceae; Colwellia,0,5_507_BmoA#40,core,0.6594,0,0,0,0,[alpha]
NZ_JQDZ01000018.1:36820-38095:-1,WP_052072852.1,ND16A_RS15530,,aromatic ring-hydroxylating dioxygenase subunit alpha,5_507_BmoA,5,747.6,0.9671,2.2e-225,NZ_JQDZ01000018.1,36820,38095,-1,Thalassotalea sp. ND16A,Bacteria; Pseudomonadati; Pseudomonadota; Gammaproteobacteria; Alteromonadales; Colwelliaceae; Thalassotalea,0,5_507_BmoA#40,core,0.6894,0,0,0,0,[alpha]
NZ_JRJG01000078.1:7996-9199:1,WP_035529417.1,LL06_RS16720,,aromatic ring-hydroxylating dioxygenase subunit alpha,5_507_BmoA,5,139.8,0.4601,6.7e-41,NZ_JRJG01000078.1,7996,9199,1,Hoeflea sp. BAL378,Bacteria; Pseudomonadati; Pseudomonadota; Alphaproteobacteria; Hyphomicrobiales; Rhizobiaceae; Hoeflea,0,5_507_BmoA#64,novel_candidate,0.2681,0,0,0,0,regulator > transporter > transporter > transporter > [alpha]
NZ_JROO01000038.1:6941-8096:-1,WP_040275534.1,LP52_RS19010,,aromatic ring-hydroxylating dioxygenase subunit alpha,5_507_BmoA,5,206.6,0.7817,3.4e-61,NZ_JROO01000038.1,6941,8096,-1,Streptomonospora alba,Bacteria; Bacillati; Actinomycetota; Actinomycetes; Streptosporangiales; Nocardiopsidaceae; Streptomonospora,0,5_507_BmoA#0,core,0.7408,0,0,0,0,reductase > other > [alpha]
NZ_JRVC01000008.1:46882-48064:1,WP_039333844.1,NJ75_RS09575,,aromatic ring-hydroxylating dioxygenase subunit alpha,5_507_BmoA,5,148.2,0.5751,1.8e-43,NZ_JRVC01000008.1,46882,48064,1,Novosphingobium subterraneum,Bacteria; Pseudomonadati; Pseudomonadota; Alphaproteobacteria; Sphingomonadales; Sphingomonadaceae; Novosphingobium,0,5_507_BmoA#16,novel_candidate,0.297,1,0,0,1,[alpha] > reductase
NZ_JSEE01000001.1:295212-296484:1,WP_063331426.1,OA79_RS01410,,SRPBCC family protein,5_507_BmoA,5,700.7,0.9577,3.8e-211,NZ_JSEE01000001.1,295212,296484,1,Marinomonas sp. TW1,Bacteria; Pseudomonadati; Pseudomonadota; Gammaproteobacteria; Oceanospirillales; Oceanospirillaceae; Marinomonas,0,5_507_BmoA#7,core,0.8268,0,0,0,0,[alpha]
NZ_JSBM01000045.1:364109-365366:-1,WP_008348234.1,NV82_RS12900,,SRPBCC family protein,5_507_BmoA,5,378.6,0.9296,2.1e-113,NZ_JSBM01000045.1,364109,365366,-1,Caballeronia zhejiangensis,Bacteria; Pseudomonadati; Pseudomonadota; Betaproteobacteria; Burkholderiales; Burkholderiaceae; Caballeronia,0,5_507_BmoA#2,core,0.9038,0,0,0,0,transporter > transporter > transporter > other > reductase > dehydrogenase > reductase > regulator > regulator > [alpha]
NZ_JSUH01000001.1:285818-287018:1,WP_035923494.1,GY22_RS01305,,aromatic ring-hydroxylating dioxygenase subunit alpha,5_507_BmoA,5,221.8,0.8028,8.2e-66,NZ_JSUH01000001.1,285818,287018,1,Kocuria rosea subsp. polaris,Bacteria; Bacillati; Actinomycetota; Actinomycetes; Micrococcales; Micrococcaceae; Kocuria,0,5_507_BmoA#0,core,0.7549,1,0,0,1,reductase > [alpha] > transporter > regulator
NZ_JTDI01000005.1:416971-418378:-1,WP_231568404.1,LK12_RS17605,,SRPBCC family protein,5_507_BmoA,5,105.9,0.4648,1.3e-30,NZ_JTDI01000005.1,416971,418378,-1,Novosphingobium malaysiense,Bacteria; Pseudomonadati; Pseudomonadota; Alphaproteobacteria; Sphingomonadales; Sphingomonadaceae; Novosphingobium,0,5_507_BmoA#105,divergent,0.5237,0,0,0,0,[alpha]
NZ_JTAN02000008.1:65399-66656:1,WP_044848477.1,PL79_RS10870,,SRPBCC family protein,5_507_BmoA,5,369.4,0.9296,1.4e-110,NZ_JTAN02000008.1,65399,66656,1,Burkholderia sp. USMB20,Bacteria; Pseudomonadati; Pseudomonadota; Betaproteobacteria; Burkholderiales; Burkholderiaceae; Burkholderia,0,5_507_BmoA#2,core,0.852,0,0,0,0,[alpha]
NZ_JTAN02000001.1:91685-92945:-1,WP_044845792.1,PL79_RS00440,,SRPBCC family protein,5_507_BmoA,5,385.6,0.9296,1.6e-115,NZ_JTAN02000001.1,91685,92945,-1,Burkholderia sp. USMB20,Bacteria; Pseudomonadati; Pseudomonadota; Betaproteobacteria; Burkholderiales; Burkholderiaceae; Burkholderia,0,5_507_BmoA#2,core,0.649,1,0,0,1,[alpha] > reductase > regulator
NZ_JWHY01000009.1:75875-77162:1,WP_041159042.1,RO22_RS18590,,SRPBCC family protein,5_507_BmoA,5,870.9,0.9953,8e-263,NZ_JWHY01000009.1,75875,77162,1,Halomonas sp. KHS3,Bacteria; Pseudomonadati; Pseudomonadota; Gammaproteobacteria; Oceanospirillales; Halomonadaceae; Halomonas,0,5_507_BmoA#4,core,0.9129,0,0,0,0,[alpha] > regulator
NZ_JWLD01000032.1:85049-86231:-1,WP_039128498.1,RA20_RS11580,,aromatic ring-hydroxylating dioxygenase subunit alpha,5_507_BmoA,5,153.0,0.7019,6.5e-45,NZ_JWLD01000032.1,85049,86231,-1,Leisingera sp. ANG-Vp,Bacteria; Pseudomonadati; Pseudomonadota; Alphaproteobacteria; Rhodobacterales; Roseobacteraceae; Leisingera,0,5_507_BmoA#56,novel_candidate,0.2913,0,0,0,0,[alpha] > other
NZ_JWLC01000021.1:104484-105675:1,WP_039165251.1,RA19_RS18150,,aromatic ring-hydroxylating dioxygenase subunit alpha,5_507_BmoA,5,151.8,0.7042,1.4e-44,NZ_JWLC01000021.1,104484,105675,1,Leisingera sp. ANG-M1,Bacteria; Pseudomonadati; Pseudomonadota; Alphaproteobacteria; Rhodobacterales; Roseobacteraceae; Leisingera,0,5_507_BmoA#56,novel_candidate,0.2799,0,0,0,0,[alpha]
NZ_JWLJ01000009.1:59784-60894:1,WP_039542186.1,RA27_RS17785,,aromatic ring-hydroxylating dioxygenase subunit alpha,5_507_BmoA,5,131.1,0.6526,2.8e-38,NZ_JWLJ01000009.1,59784,60894,1,Ruegeria sp. ANG-R,Bacteria; Pseudomonadati; Pseudomonadota; Alphaproteobacteria; Rhodobacterales; Roseobacteraceae; Ruegeria,0,5_507_BmoA#60,novel_candidate,0.265,0,0,0,0,[alpha] > other > other
NZ_JXOK01000010.1:67750-69010:-1,WP_041154556.1,SU60_RS04700,,SRPBCC family protein,5_507_BmoA,5,725.0,0.9507,1.5e-218,NZ_JXOK01000010.1,67750,69010,-1,Vibrio mytili,Bacteria; Pseudomonadati; Pseudomonadota; Gammaproteobacteria; Vibrionales; Vibrionaceae; Vibrio,0,5_507_BmoA#7,core,0.8333,0,0,0,0,[alpha]
NZ_JXQS01000002.1:84347-85496:1,WP_042572586.1,RU01_RS00755,,aromatic ring-hydroxylating dioxygenase subunit alpha,5_507_BmoA,5,208.2,0.7793,1.1e-61,NZ_JXQS01000002.1,84347,85496,1,Rhodococcus sp. MEB064,Bacteria; Bacillati; Actinomycetota; Actinomycetes; Mycobacteriales; Nocardiaceae; Rhodococcus,0,5_507_BmoA#0,core,0.7645,0,0,0,0,reductase > other > [alpha] > dehydrogenase > transporter > reductase > hypothetical > regulator
NZ_JXYC01000014.1:28788-30042:1,WP_046017619.1,TW85_RS13270,,SRPBCC family protein,5_507_BmoA,5,669.0,0.9413,1.6e-201,NZ_JXYC01000014.1,28788,30042,1,Marinomonas sp. S3726,Bacteria; Pseudomonadati; Pseudomonadota; Gammaproteobacteria; Oceanospirillales; Oceanospirillaceae; Marinomonas,0,5_507_BmoA#137,core,0.6162,0,0,0,0,[alpha]
NZ_JYJG01000246.1:11299-12412:-1,WP_045314888.1,UK23_RS29245,,aromatic ring-hydroxylating dioxygenase subunit alpha,5_507_BmoA,5,213.8,0.7887,2.2e-63,NZ_JYJG01000246.1,11299,12412,-1,Lentzea aerocolonigenes,Bacteria; Bacillati; Actinomycetota; Actinomycetes; Pseudonocardiales; Pseudonocardiaceae; Lentzea,0,5_507_BmoA#0,core,0.7557,0,0,0,0,reductase > [alpha]
NZ_JYNU01000018.1:95553-96687:-1,WP_048423865.1,MOBUDSM44075_RS16015,,aromatic ring-hydroxylating dioxygenase subunit alpha,5_507_BmoA,5,227.4,0.777,1.6e-67,NZ_JYNU01000018.1,95553,96687,-1,Mycolicibacterium obuense,Bacteria; Bacillati; Actinomycetota; Actinomycetes; Mycobacteriales; Mycobacteriaceae; Mycolicibacterium,0,5_507_BmoA#0,core,0.7821,2,0,1,1,ferredoxin > reductase > [alpha]
NZ_KB890098.1:299636-300788:-1,WP_026228849.1,B020_RS0127655,,SRPBCC family protein,5_507_BmoA,5,148.1,0.6056,1.9e-43,NZ_KB890098.1,299636,300788,-1,Paraburkholderia atlantica,Bacteria; Pseudomonadati; Pseudomonadota; Betaproteobacteria; Burkholderiales; Burkholderiaceae; Paraburkholderia,0,5_507_BmoA#10,core,0.7582,0,0,0,0,regulator > [alpha] > transporter > transporter > transporter > transporter
NZ_KB890142.1:89854-91141:1,WP_026229182.1,B020_RS0137790,,SRPBCC family protein,5_507_BmoA,5,454.7,0.9296,1.7e-136,NZ_KB890142.1,89854,91141,1,Paraburkholderia atlantica,Bacteria; Pseudomonadati; Pseudomonadota; Betaproteobacteria; Burkholderiales; Burkholderiaceae; Paraburkholderia,0,5_507_BmoA#9,core,0.9456,1,0,0,1,other > other > hypothetical > reductase > other > reductase > other > [alpha] > reductase
NZ_KB907099.1:388116-389391:-1,WP_026339952.1,G329_RS0101780,,aromatic ring-hydroxylating dioxygenase subunit alpha,5_507_BmoA,5,711.7,0.9554,1.7e-214,NZ_KB907099.1,388116,389391,-1,Amphritea japonica ATCC BAA-1530,Bacteria; Pseudomonadati; Pseudomonadota; Gammaproteobacteria; Oceanospirillales; Oceanospirillaceae; Amphritea,0,5_507_BmoA#7,core,0.8703,0,0,0,0,[alpha] > other
NZ_KB907099.1:420192-421401:1,WP_019620258.1,G329_RS0101925,,aromatic ring-hydroxylating dioxygenase subunit alpha,5_507_BmoA,5,128.9,0.6362,1.3e-37,NZ_KB907099.1,420192,421401,1,Amphritea japonica ATCC BAA-1530,Bacteria; Pseudomonadati; Pseudomonadota; Gammaproteobacteria; Oceanospirillales; Oceanospirillaceae; Amphritea,0,5_507_BmoA#38,novel_candidate,0.25,0,0,0,0,[alpha] > reductase > reductase > hypothetical > hypothetical > hydrolase > regulator > transporter
NZ_KE354420.1:13932-15075:-1,WP_020276447.1,STAFG_RS37455,,aromatic ring-hydroxylating dioxygenase subunit alpha,5_507_BmoA,5,227.6,0.7887,1.5e-67,NZ_KE354420.1,13932,15075,-1,Streptomyces afghaniensis 772,Bacteria; Bacillati; Actinomycetota; Actinomycetes; Kitasatosporales; Streptomycetaceae; Streptomyces,0,5_507_BmoA#0,core,0.8676,0,0,0,0,[alpha]
NZ_KE354469.1:1825-2986:-1,WP_020277172.1,STAFG_RS41050,,aromatic ring-hydroxylating dioxygenase subunit alpha,5_507_BmoA,5,206.1,0.7817,5e-61,NZ_KE354469.1,1825,2986,-1,Streptomyces afghaniensis 772,Bacteria; Bacillati; Actinomycetota; Actinomycetes; Kitasatosporales; Streptomycetaceae; Streptomyces,0,5_507_BmoA#0,core,0.8543,2,0,1,1,ferredoxin > reductase > [alpha]
NZ_KI421529.1:99021-100206:1,WP_082194425.1,BUR5005_RS40170,,aromatic ring-hydroxylating dioxygenase subunit alpha,5_507_BmoA,5,246.1,0.885,3.6e-73,NZ_KI421529.1,99021,100206,1,Paraburkholderia sprentiae WSM5005,Bacteria; Pseudomonadati; Pseudomonadota; Betaproteobacteria; Burkholderiales; Burkholderiaceae; Paraburkholderia,0,5_507_BmoA#104,novel_candidate,0.3522,0,0,0,0,other > [alpha] > hydrolase
NZ_KI421530.1:251324-252476:1,WP_027194421.1,BUR5005_RS0105905,,SRPBCC family protein,5_507_BmoA,5,148.0,0.5634,2.1e-43,NZ_KI421530.1,251324,252476,1,Paraburkholderia sprentiae WSM5005,Bacteria; Pseudomonadati; Pseudomonadota; Betaproteobacteria; Burkholderiales; Burkholderiaceae; Paraburkholderia,0,5_507_BmoA#10,core,0.8021,0,0,0,0,regulator > [alpha] > transporter > transporter > transporter > transporter > other
NZ_KQ257821.1:213290-214418:1,WP_010356180.1,IQ63_RS18105,,aromatic ring-hydroxylating dioxygenase subunit alpha,5_507_BmoA,5,223.7,0.7887,2.2e-66,NZ_KQ257821.1,213290,214418,1,Streptomyces acidiscabies,Bacteria; Bacillati; Actinomycetota; Actinomycetes; Kitasatosporales; Streptomycetaceae; Streptomyces,0,5_507_BmoA#0,core,0.9045,2,0,1,1,ferredoxin > reductase > [alpha]
NZ_KL446994.1:505116-506469:1,WP_008257096.1,K883_RS21600,,Rieske 2Fe-2S domain-containing protein,5_507_BmoA,5,113.7,0.4624,5.4e-33,NZ_KL446994.1,505116,506469,1,Mycobacterium sp. TKK-01-0059,Bacteria; Bacillati; Actinomycetota; Actinomycetes; Mycobacteriales; Mycobacteriaceae; Mycobacterium; Mycobacterium tuberculosis complex,0,5_507_BmoA#1,core,0.8746,0,0,0,0,reductase > dehydrogenase > dehydrogenase > other > other > other > [alpha] > reductase
NZ_KQ758456.1:235960-237265:1,WP_058255821.1,AS038_RS10205,,SRPBCC family protein,5_507_BmoA,5,373.2,0.9366,9.1e-112,NZ_KQ758456.1,235960,237265,1,Arthrobacter sp. NIO-1057,Bacteria; Bacillati; Actinomycetota; Actinomycetes; Micrococcales; Micrococcaceae; Arthrobacter,0,5_507_BmoA#43,divergent,0.4971,1,0,0,1,[alpha] > reductase > reductase
NZ_KQ130453.1:150375-151743:1,WP_236710903.1,V474_RS07620,,SRPBCC family protein,5_507_BmoA,5,126.6,0.4577,6.5e-37,NZ_KQ130453.1,150375,151743,1,Novosphingobium barchaimii LL02,Bacteria; Pseudomonadati; Pseudomonadota; Alphaproteobacteria; Sphingomonadales; Sphingomonadaceae; Novosphingobium,0,5_507_BmoA#8,core,0.8655,0,0,0,0,other > reductase > [alpha] > dehydrogenase > dehydrogenase > other > dehydrogenase
NZ_KQ130453.1:159298-160525:-1,WP_059150946.1,V474_RS07665,,aromatic ring-hydroxylating dioxygenase subunit alpha,5_507_BmoA,5,117.2,0.6103,4.8e-34,NZ_KQ130453.1,159298,160525,-1,Novosphingobium barchaimii LL02,Bacteria; Pseudomonadati; Pseudomonadota; Alphaproteobacteria; Sphingomonadales; Sphingomonadaceae; Novosphingobium,0,5_507_BmoA#14,novel_candidate,0.2716,0,0,0,0,[alpha] > reductase > other > hydrolase > other
NZ_KQ948314.1:180557-181685:1,WP_062047059.1,AQI96_RS27990,,aromatic ring-hydroxylating dioxygenase subunit alpha,5_507_BmoA,5,219.5,0.7817,4.3e-65,NZ_KQ948314.1,180557,181685,1,Streptomyces canus,Bacteria; Bacillati; Actinomycetota; Actinomycetes; Kitasatosporales; Streptomycetaceae; Streptomyces; Streptomyces aurantiacus group,0,5_507_BmoA#0,core,0.903,2,0,1,1,ferredoxin > reductase > [alpha]
NZ_KQ947996.1:150468-151599:1,WP_062156324.1,AQI70_RS34190,,aromatic ring-hydroxylating dioxygenase subunit alpha,5_507_BmoA,5,222.9,0.7864,3.9e-66,NZ_KQ947996.1,150468,151599,1,Streptomyces curacoi,Bacteria; Bacillati; Actinomycetota; Actinomycetes; Kitasatosporales; Streptomycetaceae; Streptomyces,0,5_507_BmoA#0,core,0.9335,2,0,1,1,ferredoxin > reductase > [alpha]
NZ_KQ948022.1:309278-310409:1,WP_066999864.1,AQI88_RS18070,,aromatic ring-hydroxylating dioxygenase subunit alpha,5_507_BmoA,5,217.0,0.7864,2.4e-64,NZ_KQ948022.1,309278,310409,1,Streptomyces cellostaticus,Bacteria; Bacillati; Actinomycetota; Actinomycetes; Kitasatosporales; Streptomycetaceae; Streptomyces,0,5_507_BmoA#0,core,0.928,2,0,1,1,ferredoxin > reductase > [alpha]
NZ_KQ948147.1:242944-244072:1,WP_031041048.1,AQI94_RS17515,,aromatic ring-hydroxylating dioxygenase subunit alpha,5_507_BmoA,5,229.9,0.7864,2.9e-68,NZ_KQ948147.1,242944,244072,1,Streptomyces pseudovenezuelae,Bacteria; Bacillati; Actinomycetota; Actinomycetes; Kitasatosporales; Streptomycetaceae; Streptomyces; Streptomyces aurantiacus group,0,5_507_BmoA#0,core,0.903,2,0,1,1,ferredoxin > reductase > [alpha]
NZ_KQ948672.1:78536-79667:-1,WP_059210225.1,AQJ46_RS39870,,aromatic ring-hydroxylating dioxygenase subunit alpha,5_507_BmoA,5,220.0,0.7887,3e-65,NZ_KQ948672.1,78536,79667,-1,Streptomyces canus,Bacteria; Bacillati; Actinomycetota; Actinomycetes; Kitasatosporales; Streptomycetaceae; Streptomyces; Streptomyces aurantiacus group,0,5_507_BmoA#0,core,0.9201,2,0,1,1,ferredoxin > reductase > [alpha]
NZ_KQ949037.1:210563-211694:1,WP_067258160.1,AQJ58_RS36140,,aromatic ring-hydroxylating dioxygenase subunit alpha,5_507_BmoA,5,221.1,0.7864,1.4e-65,NZ_KQ949037.1,210563,211694,1,Streptomyces sp. DSM 15324,Bacteria; Bacillati; Actinomycetota; Actinomycetes; Kitasatosporales; Streptomycetaceae; Streptomyces,0,5_507_BmoA#0,core,0.9394,2,0,1,1,ferredoxin > reductase > [alpha]
NZ_KQ948738.1:464470-465598:-1,WP_062241031.1,AQJ54_RS24750,,aromatic ring-hydroxylating dioxygenase subunit alpha,5_507_BmoA,5,223.3,0.7864,2.9e-66,NZ_KQ948738.1,464470,465598,-1,Streptomyces griseorubiginosus,Bacteria; Bacillati; Actinomycetota; Actinomycetes; Kitasatosporales; Streptomycetaceae; Streptomyces,0,5_507_BmoA#0,core,0.8892,2,0,1,1,dehydrogenase > ferredoxin > reductase > [alpha]
NZ_KQ948929.1:27138-28269:-1,WP_062720112.1,AQJ67_RS18495,,aromatic ring-hydroxylating dioxygenase subunit alpha,5_507_BmoA,5,221.4,0.7864,1.1e-65,NZ_KQ948929.1,27138,28269,-1,Streptomyces caeruleatus,Bacteria; Bacillati; Actinomycetota; Actinomycetes; Kitasatosporales; Streptomycetaceae; Streptomyces,0,5_507_BmoA#0,core,0.9286,2,0,1,1,ferredoxin > reductase > [alpha]
NZ_KQ948662.1:373189-374317:-1,WP_059207580.1,AQJ46_RS24130,,aromatic ring-hydroxylating dioxygenase subunit alpha,5_507_BmoA,5,219.3,0.7817,4.8e-65,NZ_KQ948662.1,373189,374317,-1,Streptomyces canus,Bacteria; Bacillati; Actinomycetota; Actinomycetes; Kitasatosporales; Streptomycetaceae; Streptomyces; Streptomyces aurantiacus group,0,5_507_BmoA#0,core,0.903,2,0,1,1,ferredoxin > reductase > [alpha]
NZ_KQ954263.1:108562-109744:1,WP_067619451.1,AQZ49_RS18770,,aromatic ring-hydroxylating dioxygenase subunit alpha,5_507_BmoA,5,141.1,0.5376,2.6e-41,NZ_KQ954263.1,108562,109744,1,Novosphingobium sp. FSW06-99,Bacteria; Pseudomonadati; Pseudomonadota; Alphaproteobacteria; Sphingomonadales; Sphingomonadaceae; Novosphingobium,0,5_507_BmoA#16,novel_candidate,0.3063,0,0,0,0,[alpha] > reductase
NZ_KQ954252.1:461055-462291:1,WP_067613371.1,AQZ49_RS04650,,aromatic ring-hydroxylating dioxygenase subunit alpha,5_507_BmoA,5,135.5,0.4577,1.3e-39,NZ_KQ954252.1,461055,462291,1,Novosphingobium sp. FSW06-99,Bacteria; Pseudomonadati; Pseudomonadota; Alphaproteobacteria; Sphingomonadales; Sphingomonadaceae; Novosphingobium,0,5_507_BmoA#127,novel_candidate,0.2689,0,0,0,0,regulator > regulator > dehydrogenase > [alpha] > other > transporter > transporter > transporter > other
NZ_KQ954295.1:48344-49580:-1,WP_067747095.1,AQZ50_RS14000,,aromatic ring-hydroxylating dioxygenase subunit alpha,5_507_BmoA,5,139.4,0.5423,8.5e-41,NZ_KQ954295.1,48344,49580,-1,Novosphingobium sp. Fuku2-ISO-50,Bacteria; Pseudomonadati; Pseudomonadota; Alphaproteobacteria; Sphingomonadales; Sphingomonadaceae; Novosphingobium,0,5_507_BmoA#16,novel_candidate,0.2945,0,0,0,0,[alpha] > reductase
NZ_KQ954286.1:68271-69519:-1,WP_082703385.1,AQZ50_RS03300,,SRPBCC family protein,5_507_BmoA,5,437.3,0.9366,3.3e-131,NZ_KQ954286.1,68271,69519,-1,Novosphingobium sp. Fuku2-ISO-50,Bacteria; Pseudomonadati; Pseudomonadota; Alphaproteobacteria; Sphingomonadales; Sphingomonadaceae; Novosphingobium,0,5_507_BmoA#103,divergent,0.4545,1,0,0,1,[alpha] > other > reductase > reductase > other > other > reductase > hypothetical > transporter
NZ_KQ954245.1:732011-733250:-1,WP_067911506.1,AQZ52_RS13140,,aromatic ring-hydroxylating dioxygenase subunit alpha,5_507_BmoA,5,408.2,0.9366,2.2e-122,NZ_KQ954245.1,732011,733250,-1,Novosphingobium fuchskuhlense,Bacteria; Pseudomonadati; Pseudomonadota; Alphaproteobacteria; Sphingomonadales; Sphingomonadaceae; Novosphingobium,0,5_507_BmoA#41,divergent,0.4599,1,0,0,1,reductase > [alpha] > other > other > reductase > other > other > other > hydrolase > hypothetical > other
NZ_KQ954246.1:542209-543388:1,WP_067913453.1,AQZ52_RS16460,,aromatic ring-hydroxylating dioxygenase subunit alpha,5_507_BmoA,5,138.9,0.5728,1.2e-40,NZ_KQ954246.1,542209,543388,1,Novosphingobium fuchskuhlense,Bacteria; Pseudomonadati; Pseudomonadota; Alphaproteobacteria; Sphingomonadales; Sphingomonadaceae; Novosphingobium,0,5_507_BmoA#16,novel_candidate,0.2819,1,0,0,1,[alpha] > reductase > hypothetical
NZ_KQ954251.1:446024-447257:-1,WP_067612092.1,AQZ49_RS02100,,aromatic ring-hydroxylating dioxygenase subunit alpha,5_507_BmoA,5,386.3,0.9343,9.7e-116,NZ_KQ954251.1,446024,447257,-1,Novosphingobium sp. FSW06-99,Bacteria; Pseudomonadati; Pseudomonadota; Alphaproteobacteria; Sphingomonadales; Sphingomonadaceae; Novosphingobium,0,5_507_BmoA#41,divergent,0.4454,0,0,0,0,[alpha]
NZ_KZ454868.1:87498-88773:1,WP_100185591.1,TY87_RS00450,,SRPBCC family protein,5_507_BmoA,5,680.1,0.9601,6.6e-205,NZ_KZ454868.1,87498,88773,1,Marinomonas sp. BSi20584,Bacteria; Pseudomonadati; Pseudomonadota; Gammaproteobacteria; Oceanospirillales; Oceanospirillaceae; Marinomonas,0,5_507_BmoA#7,core,0.8598,0,0,0,0,[alpha]
NZ_LARW01000062.1:19897-21088:-1,WP_046192891.1,WP12_RS06165,,aromatic ring-hydroxylating dioxygenase subunit alpha,5_507_BmoA,5,159.3,0.6362,8e-47,NZ_LARW01000062.1,19897,21088,-1,Sphingomonas sp. SRS2,Bacteria; Pseudomonadati; Pseudomonadota; Alphaproteobacteria; Sphingomonadales; Sphingomonadaceae; Sphingomonas,0,5_507_BmoA#66,novel_candidate,0.311,1,0,0,1,[alpha] > reductase
NZ_LANI01000003.1:422104-423355:1,WP_046504314.1,WH95_RS06065,,aromatic ring-hydroxylating dioxygenase subunit alpha,5_507_BmoA,5,645.7,0.9437,1.8e-194,NZ_LANI01000003.1,422104,423355,1,Kiloniella litopenaei,Bacteria; Pseudomonadati; Pseudomonadota; Alphaproteobacteria; Rhodospirillales; Kiloniellaceae; Kiloniella,0,5_507_BmoA#69,core,0.5881,1,0,0,1,[alpha] > reductase
NZ_LASY01000126.1:1864-3118:-1,WP_046307503.1,RN22_RS21185,,aromatic ring-hydroxylating dioxygenase subunit alpha,5_507_BmoA,5,693.0,0.9554,7.9e-209,NZ_LASY01000126.1,1864,3118,-1,Grimontia sp. AD028,Bacteria; Pseudomonadati; Pseudomonadota; Gammaproteobacteria; Vibrionales; Vibrionaceae; Grimontia,0,5_507_BmoA#20,core,0.6011,1,0,0,1,hypothetical > [alpha] > reductase
NZ_LAQL01000002.1:678795-680046:1,WP_047762625.1,WH96_RS03175,,aromatic ring-hydroxylating dioxygenase subunit alpha,5_507_BmoA,5,656.3,0.9437,1.1e-197,NZ_LAQL01000002.1,678795,680046,1,Kiloniella spongiae,Bacteria; Pseudomonadati; Pseudomonadota; Alphaproteobacteria; Rhodospirillales; Kiloniellaceae; Kiloniella,0,5_507_BmoA#69,core,0.5989,1,0,0,1,[alpha] > reductase
NZ_LAUZ02000027.1:46792-47926:1,WP_046362192.1,WN67_RS13195,,aromatic ring-hydroxylating dioxygenase subunit alpha,5_507_BmoA,5,226.8,0.7746,2.5e-67,NZ_LAUZ02000027.1,46792,47926,1,Mycolicibacterium obuense,Bacteria; Bacillati; Actinomycetota; Actinomycetes; Mycobacteriales; Mycobacteriaceae; Mycolicibacterium,0,5_507_BmoA#0,core,0.7564,2,0,1,1,ferredoxin > reductase > [alpha]
NZ_LAVA02000027.1:13031-14165:-1,WP_046586177.1,WN71_RS13410,,aromatic ring-hydroxylating dioxygenase subunit alpha,5_507_BmoA,5,209.9,0.7817,3.5e-62,NZ_LAVA02000027.1,13031,14165,-1,Streptomyces mangrovisoli,Bacteria; Bacillati; Actinomycetota; Actinomycetes; Kitasatosporales; Streptomycetaceae; Streptomyces,0,5_507_BmoA#0,core,0.8333,2,0,1,1,ferredoxin > reductase > [alpha]
NZ_LAXI01000014.1:26749-27955:-1,WP_057818295.1,XM52_RS18535,,SRPBCC family protein,5_507_BmoA,5,155.5,0.4577,1.1e-45,NZ_LAXI01000014.1,26749,27955,-1,Roseovarius indicus,Bacteria; Pseudomonadati; Pseudomonadota; Alphaproteobacteria; Rhodobacterales; Roseobacteraceae; Roseovarius,0,5_507_BmoA#65,novel_candidate,0.29,0,0,0,0,regulator > [alpha]
NZ_LAXJ01000003.1:505906-507061:-1,WP_057791216.1,XM53_RS05905,,aromatic ring-hydroxylating dioxygenase subunit alpha,5_507_BmoA,5,146.4,0.6408,6.4e-43,NZ_LAXJ01000003.1,505906,507061,-1,Roseovarius atlanticus,Bacteria; Pseudomonadati; Pseudomonadota; Alphaproteobacteria; Rhodobacterales; Roseobacteraceae; Roseovarius,0,5_507_BmoA#67,divergent,0.5315,1,0,0,1,reductase > [alpha] > other > hypothetical > regulator
NZ_LBNW01000095.1:15131-16283:-1,WP_046914192.1,ABA08_RS09540,,aromatic ring-hydroxylating dioxygenase subunit alpha,5_507_BmoA,5,222.2,0.784,6.5e-66,NZ_LBNW01000095.1,15131,16283,-1,Streptomyces stelliscabiei,Bacteria; Bacillati; Actinomycetota; Actinomycetes; Kitasatosporales; Streptomycetaceae; Streptomyces,0,5_507_BmoA#0,core,0.9254,2,0,1,1,ferredoxin > reductase > [alpha]
NZ_LBIC01000005.1:273069-274410:1,WP_046763879.1,YP76_RS12285,,SRPBCC family protein,5_507_BmoA,5,133.4,0.5634,5.5e-39,NZ_LBIC01000005.1,273069,274410,1,Sphingobium chungbukense,Bacteria; Pseudomonadati; Pseudomonadota; Alphaproteobacteria; Sphingomonadales; Sphingomonadaceae; Sphingobium,0,5_507_BmoA#33,novel_candidate,0.3353,0,0,0,0,dehydrogenase > [alpha] > reductase
NZ_LBIC01000005.1:284185-285529:-1,WP_046763888.1,YP76_RS12330,,aromatic ring-hydroxylating dioxygenase subunit alpha,5_507_BmoA,5,113.5,0.4531,6.2e-33,NZ_LBIC01000005.1,284185,285529,-1,Sphingobium chungbukense,Bacteria; Pseudomonadati; Pseudomonadota; Alphaproteobacteria; Sphingomonadales; Sphingomonadaceae; Sphingobium,0,5_507_BmoA#55,novel_candidate,0.3499,0,0,0,0,hydrolase > reductase > other > [alpha] > reductase > reductase > reductase
NZ_LDNX01000160.1:9357-10521:-1,WP_047805042.1,ABL57_RS18945,,aromatic ring-hydroxylating dioxygenase subunit alpha,5_507_BmoA,5,222.7,0.7981,4.5e-66,NZ_LDNX01000160.1,9357,10521,-1,Kocuria sp. SM24M-10,Bacteria; Bacillati; Actinomycetota; Actinomycetes; Micrococcales; Micrococcaceae; Kocuria,0,5_507_BmoA#0,core,0.7815,0,0,0,0,[alpha] > transporter > regulator
NZ_LDCP01000004.1:117859-119071:1,WP_047094392.1,AB731_RS12620,,aromatic ring-hydroxylating dioxygenase subunit alpha,5_507_BmoA,5,114.0,0.4695,4.5e-33,NZ_LDCP01000004.1,117859,119071,1,Aurantiacibacter marinus,Bacteria; Pseudomonadati; Pseudomonadota; Alphaproteobacteria; Sphingomonadales; Erythrobacteraceae; Aurantiacibacter,0,5_507_BmoA#14,novel_candidate,0.2643,0,0,0,0,[alpha] > reductase
NZ_LDCP01000004.1:134883-136227:-1,WP_047094406.1,AB731_RS12700,,SRPBCC family protein,5_507_BmoA,5,121.1,0.4624,3.1e-35,NZ_LDCP01000004.1,134883,136227,-1,Aurantiacibacter marinus,Bacteria; Pseudomonadati; Pseudomonadota; Alphaproteobacteria; Sphingomonadales; Erythrobacteraceae; Aurantiacibacter,0,5_507_BmoA#8,core,0.6818,0,0,0,0,reductase > reductase > reductase > [alpha] > dehydrogenase > dehydrogenase > dehydrogenase
NZ_LDHP01000011.1:125781-126930:1,WP_013056248.1,ABD94_RS03990,,SRPBCC family protein,5_507_BmoA,5,208.5,0.77,9.3e-62,NZ_LDHP01000011.1,125781,126930,1,Priestia aryabhattai,Bacteria; Bacillati; Bacillota; Bacilli; Bacillales; Bacillaceae; Priestia,0,5_507_BmoA#19,divergent,0.4514,1,0,0,1,reductase > other > [alpha] > transporter > transporter > transporter
NZ_LDSL01000054.1:9902-11048:1,WP_058641707.1,NS331_RS09190,,aromatic ring-hydroxylating dioxygenase subunit alpha,5_507_BmoA,5,86.0,0.4812,1.4e-24,NZ_LDSL01000054.1,9902,11048,1,Pseudacidovorax intermedius,Bacteria; Pseudomonadati; Pseudomonadota; Betaproteobacteria; Burkholderiales; Comamonadaceae; Pseudacidovorax,0,5_507_BmoA#12,novel_candidate,0.228,0,0,0,0,other > other > reductase > reductase > [alpha] > other > hypothetical > hypothetical
NZ_LDTB01000033.1:149-1358:1,WP_058755759.1,NS334_RS09625,,aromatic ring-hydroxylating dioxygenase subunit alpha,5_507_BmoA,5,154.1,0.5352,2.9e-45,NZ_LDTB01000033.1,149,1358,1,Sphingomonas endophytica,Bacteria; Pseudomonadati; Pseudomonadota; Alphaproteobacteria; Sphingomonadales; Sphingomonadaceae; Sphingomonas,0,5_507_BmoA#16,novel_candidate,0.2896,1,0,0,1,[alpha] > reductase
NZ_LDUR01000002.1:96484-97750:1,WP_048412297.1,VK98_RS01255,,aromatic ring-hydroxylating dioxygenase subunit alpha,5_507_BmoA,5,480.0,0.9319,3.7e-144,NZ_LDUR01000002.1,96484,97750,1,Chromobacterium sp. LK11,Bacteria; Pseudomonadati; Pseudomonadota; Betaproteobacteria; Neisseriales; Chromobacteriaceae; Chromobacterium,0,5_507_BmoA#9,core,0.6074,1,0,0,1,hypothetical > reductase > hypothetical > reductase > hypothetical > [alpha] > reductase
NZ_LDZJ01000007.1:52118-53384:-1,WP_048278897.1,ABW10_RS09940,,aromatic ring-hydroxylating dioxygenase subunit alpha,5_507_BmoA,5,711.9,0.9507,1.4e-214,NZ_LDZJ01000007.1,52118,53384,-1,Pluralibacter gergoviae,Bacteria; Pseudomonadati; Pseudomonadota; Gammaproteobacteria; Enterobacterales; Enterobacteriaceae; Pluralibacter,0,5_507_BmoA#7,core,0.8169,0,0,0,0,[alpha]
NZ_LFCW01000004.1:157753-158956:-1,WP_054567409.1,ACG83_RS18115,,aromatic ring-hydroxylating dioxygenase subunit alpha,5_507_BmoA,5,129.5,0.723,8.4e-38,NZ_LFCW01000004.1,157753,158956,-1,Frankia sp. R43,Bacteria; Bacillati; Actinomycetota; Actinomycetes; Frankiales; Frankiaceae; Frankia,0,5_507_BmoA#42,novel_candidate,0.2609,0,0,0,0,hypothetical > hydrolase > alpha_other > other > transporter > [alpha] > transporter
NZ_LFCW01000004.1:161149-162508:-1,WP_054567412.1,ACG83_RS18130,,aromatic ring-hydroxylating dioxygenase subunit alpha,5_507_BmoA,5,102.9,0.6878,1e-29,NZ_LFCW01000004.1,161149,162508,-1,Frankia sp. R43,Bacteria; Bacillati; Actinomycetota; Actinomycetes; Frankiales; Frankiaceae; Frankia,0,5_507_BmoA#54,novel_candidate,0.2808,0,0,0,0,hypothetical > hydrolase > [alpha] > other > transporter > alpha_other > transporter
NZ_LFJJ01000045.1:4915-6061:1,WP_050453313.1,BVER_RS10830,,aromatic ring-hydroxylating dioxygenase subunit alpha,5_507_BmoA,5,95.0,0.4742,2.5e-27,NZ_LFJJ01000045.1,4915,6061,1,Candidatus Burkholderia verschuerenii,Bacteria; Pseudomonadati; Pseudomonadota; Betaproteobacteria; Burkholderiales; Burkholderiaceae; Burkholderia,0,5_507_BmoA#12,novel_candidate,0.2523,0,0,0,0,other > other > reductase > reductase > other > [alpha] > hypothetical > hypothetical
NZ_LFCW01000005.1:544764-546171:1,WP_054568307.1,ACG83_RS23180,,SRPBCC family protein,5_507_BmoA,5,121.2,0.4624,3e-35,NZ_LFCW01000005.1,544764,546171,1,Frankia sp. R43,Bacteria; Bacillati; Actinomycetota; Actinomycetes; Frankiales; Frankiaceae; Frankia,0,5_507_BmoA#32,novel_candidate,0.2693,0,0,0,0,[alpha] > hypothetical > ring_cleavage > regulator
NZ_LFCW01000011.1:74385-75591:-1,WP_054570744.1,ACG83_RS36120,,aromatic ring-hydroxylating dioxygenase subunit alpha,5_507_BmoA,5,92.8,0.4624,1.2e-26,NZ_LFCW01000011.1,74385,75591,-1,Frankia sp. R43,Bacteria; Bacillati; Actinomycetota; Actinomycetes; Frankiales; Frankiaceae; Frankia,0,5_507_BmoA#17,novel_candidate,0.2446,0,0,0,0,hydrolase > other > reductase > other > other > reductase > reductase > reductase > other > [alpha] > reductase > regulator > hydrolase
NZ_LFKP01000013.1:135852-136953:1,WP_071079457.1,AKG95_RS24190,,aromatic ring-hydroxylating dioxygenase subunit alpha,5_507_BmoA,5,78.0,0.7136,3.8e-22,NZ_LFKP01000013.1,135852,136953,1,Janthinobacterium lividum,Bacteria; Pseudomonadati; Pseudomonadota; Betaproteobacteria; Burkholderiales; Oxalobacteraceae; Janthinobacterium,0,5_507_BmoA#6,core,0.9486,0,0,0,0,[alpha] > transporter > other
NZ_LGDU01000230.1:210303-211446:-1,WP_053759918.1,ADL00_RS22170,,aromatic ring-hydroxylating dioxygenase subunit alpha,5_507_BmoA,5,212.6,0.7864,5.1e-63,NZ_LGDU01000230.1,210303,211446,-1,Streptomyces sp. AS58,Bacteria; Bacillati; Actinomycetota; Actinomycetes; Kitasatosporales; Streptomycetaceae; Streptomyces,0,5_507_BmoA#0,core,0.7715,0,0,0,0,reductase > other > [alpha] > dehydrogenase > transporter > reductase
NZ_LGDW01000450.1:45872-47000:-1,WP_053745285.1,ADL01_RS30760,,aromatic ring-hydroxylating dioxygenase subunit alpha,5_507_BmoA,5,226.1,0.7887,4.2e-67,NZ_LGDW01000450.1,45872,47000,-1,Streptomyces sp. NRRL WC-3618,Bacteria; Bacillati; Actinomycetota; Actinomycetes; Kitasatosporales; Streptomycetaceae; Streptomyces,0,5_507_BmoA#0,core,0.893,0,0,0,0,[alpha]
NZ_LGEA01000047.1:116951-118088:1,WP_053668986.1,ADK65_RS07360,,aromatic ring-hydroxylating dioxygenase subunit alpha,5_507_BmoA,5,212.7,0.7958,4.8e-63,NZ_LGEA01000047.1,116951,118088,1,Streptomyces sp. NRRL B-1140,Bacteria; Bacillati; Actinomycetota; Actinomycetes; Kitasatosporales; Streptomycetaceae; Streptomyces,0,5_507_BmoA#0,core,0.8768,2,0,1,1,ferredoxin > reductase > [alpha]
NZ_LGEA01000047.1:138595-139738:1,WP_053669000.1,ADK65_RS07435,,aromatic ring-hydroxylating dioxygenase subunit alpha,5_507_BmoA,5,228.1,0.7934,1e-67,NZ_LGEA01000047.1,138595,139738,1,Streptomyces sp. NRRL B-1140,Bacteria; Bacillati; Actinomycetota; Actinomycetes; Kitasatosporales; Streptomycetaceae; Streptomyces,0,5_507_BmoA#0,core,0.8591,0,0,0,0,[alpha]
NZ_LGHN01000161.1:188489-189677:-1,WP_053787497.1,ADK59_RS17855,,aromatic ring-hydroxylating dioxygenase subunit alpha,5_507_BmoA,5,226.8,0.7958,2.6e-67,NZ_LGHN01000161.1,188489,189677,-1,Streptomyces sp. XY332,Bacteria; Bacillati; Actinomycetota; Actinomycetes; Kitasatosporales; Streptomycetaceae; Streptomyces,0,5_507_BmoA#0,core,0.822,2,0,1,1,ferredoxin > reductase > [alpha]
NZ_LGSI01000068.1:421927-423184:1,WP_065835853.1,AFK24_RS25435,,SRPBCC family protein,5_507_BmoA,5,372.4,0.9296,1.7e-111,NZ_LGSI01000068.1,421927,423184,1,Pseudomonas syringae,Bacteria; Pseudomonadati; Pseudomonadota; Gammaproteobacteria; Pseudomonadales; Pseudomonadaceae; Pseudomonas,0,5_507_BmoA#2,core,0.8017,1,0,0,1,[alpha] > reductase
NZ_LGRC01000028.1:26128-27280:1,WP_053570390.1,ACU09_RS25055,,aromatic ring-hydroxylating dioxygenase subunit alpha,5_507_BmoA,5,151.7,0.6502,1.6e-44,NZ_LGRC01000028.1,26128,27280,1,Caballeronia cordobensis,Bacteria; Pseudomonadati; Pseudomonadota; Betaproteobacteria; Burkholderiales; Burkholderiaceae; Caballeronia,0,5_507_BmoA#59,novel_candidate,0.3363,0,0,0,0,[alpha] > reductase
NZ_LIHH01000182.1:6731-7988:-1,WP_024776548.1,ADY50_RS20970,,SRPBCC family protein,5_507_BmoA,5,372.4,0.9319,1.6e-111,NZ_LIHH01000182.1,6731,7988,-1,Pseudomonas corrugata,Bacteria; Pseudomonadati; Pseudomonadota; Gammaproteobacteria; Pseudomonadales; Pseudomonadaceae; Pseudomonas,0,5_507_BmoA#2,core,0.8254,1,0,0,1,other > transporter > regulator > [alpha] > reductase > regulator
NZ_LIQF01000001.1:443535-444807:1,WP_055461527.1,ASC49_RS02000,,aromatic ring-hydroxylating dioxygenase subunit alpha,5_507_BmoA,5,696.8,0.9554,5.6e-210,NZ_LIQF01000001.1,443535,444807,1,Marinomonas fungiae,Bacteria; Pseudomonadati; Pseudomonadota; Gammaproteobacteria; Oceanospirillales; Oceanospirillaceae; Marinomonas,0,5_507_BmoA#7,core,0.8877,0,0,0,0,[alpha]
NZ_LJHP01000044.1:5527-6745:-1,WP_054136582.1,IP68_RS18910,,aromatic ring-hydroxylating dioxygenase subunit alpha,5_507_BmoA,5,97.5,0.4577,4.3e-28,NZ_LJHP01000044.1,5527,6745,-1,Blastomonas sp. AAP25,Bacteria; Pseudomonadati; Pseudomonadota; Alphaproteobacteria; Sphingomonadales; Sphingomonadaceae; Blastomonas,0,5_507_BmoA#30,novel_candidate,0.2291,0,0,0,0,[alpha] > alpha_other > other > other > reductase > other > other
NZ_LJHZ01000045.1:13652-14831:1,WP_054121809.1,IP83_RS08630,,aromatic ring-hydroxylating dioxygenase subunit alpha,5_507_BmoA,5,140.6,0.5775,3.6e-41,NZ_LJHZ01000045.1,13652,14831,1,Novosphingobium sp. AAP93,Bacteria; Pseudomonadati; Pseudomonadota; Alphaproteobacteria; Sphingomonadales; Sphingomonadaceae; Novosphingobium,0,5_507_BmoA#16,novel_candidate,0.2754,0,0,0,0,[alpha]
NZ_LJHP01000002.1:367789-369136:1,WP_054133573.1,IP68_RS03580,,SRPBCC family protein,5_507_BmoA,5,128.2,0.4742,2.2e-37,NZ_LJHP01000002.1,367789,369136,1,Blastomonas sp. AAP25,Bacteria; Pseudomonadati; Pseudomonadota; Alphaproteobacteria; Sphingomonadales; Sphingomonadaceae; Blastomonas,0,5_507_BmoA#102,novel_candidate,0.3193,0,0,0,0,other > [alpha]
NZ_LJHZ01000052.1:16096-17338:1,WP_054121949.1,IP83_RS09340,,aromatic ring-hydroxylating dioxygenase subunit alpha,5_507_BmoA,5,400.2,0.939,6e-120,NZ_LJHZ01000052.1,16096,17338,1,Novosphingobium sp. AAP93,Bacteria; Pseudomonadati; Pseudomonadota; Alphaproteobacteria; Sphingomonadales; Sphingomonadaceae; Novosphingobium,0,5_507_BmoA#41,divergent,0.4457,1,0,0,1,reductase > [alpha] > other
NZ_LJHV01000008.1:275933-277247:1,WP_233994116.1,IP79_RS07230,,aromatic ring-hydroxylating dioxygenase subunit alpha,5_507_BmoA,5,151.4,0.4648,1.9e-44,NZ_LJHV01000008.1,275933,277247,1,Porphyrobacter sp. AAP60,Bacteria; Pseudomonadati; Pseudomonadota; Alphaproteobacteria; Sphingomonadales; Erythrobacteraceae; Erythrobacter/Porphyrobacter group; Porphyrobacter,0,5_507_BmoA#23,novel_candidate,0.2741,0,0,0,0,[alpha]
NZ_LJHY01000016.1:433064-434291:1,WP_054107759.1,IP81_RS08875,,aromatic ring-hydroxylating dioxygenase subunit alpha,5_507_BmoA,5,115.1,0.4671,2e-33,NZ_LJHY01000016.1,433064,434291,1,Novosphingobium sp. AAP83,Bacteria; Pseudomonadati; Pseudomonadota; Alphaproteobacteria; Sphingomonadales; Sphingomonadaceae; Novosphingobium,0,5_507_BmoA#14,novel_candidate,0.2793,0,0,0,0,[alpha] > reductase > hydrolase > other
NZ_LJHY01000016.1:440533-441865:-1,WP_054107763.1,IP81_RS08915,,SRPBCC family protein,5_507_BmoA,5,118.7,0.4671,1.7e-34,NZ_LJHY01000016.1,440533,441865,-1,Novosphingobium sp. AAP83,Bacteria; Pseudomonadati; Pseudomonadota; Alphaproteobacteria; Sphingomonadales; Sphingomonadaceae; Novosphingobium,0,5_507_BmoA#8,core,0.7892,0,0,0,0,reductase > [alpha] > dehydrogenase > dehydrogenase > dehydrogenase > reductase
NZ_LJHZ01000096.1:33362-34667:-1,WP_231625059.1,IP83_RS14420,,aromatic ring-hydroxylating dioxygenase subunit alpha,5_507_BmoA,5,138.9,0.4648,1.2e-40,NZ_LJHZ01000096.1,33362,34667,-1,Novosphingobium sp. AAP93,Bacteria; Pseudomonadati; Pseudomonadota; Alphaproteobacteria; Sphingomonadales; Sphingomonadaceae; Novosphingobium,0,5_507_BmoA#23,novel_candidate,0.2786,0,0,0,0,reductase > [alpha] > reductase > reductase > reductase > reductase > reductase
NZ_LJHZ01000096.1:110181-111549:-1,WP_231625064.1,IP83_RS14780,,SRPBCC family protein,5_507_BmoA,5,113.6,0.4601,5.6e-33,NZ_LJHZ01000096.1,110181,111549,-1,Novosphingobium sp. AAP93,Bacteria; Pseudomonadati; Pseudomonadota; Alphaproteobacteria; Sphingomonadales; Sphingomonadaceae; Novosphingobium,0,5_507_BmoA#8,core,0.7887,0,0,0,0,reductase > [alpha] > reductase
NZ_LJSI01000012.1:3534-4812:1,WP_054339610.1,Nant_RS00100,,aromatic ring-hydroxylating dioxygenase subunit alpha,5_507_BmoA,5,709.1,0.9577,1.1e-213,NZ_LJSI01000012.1,3534,4812,1,Neptunomonas antarctica,Bacteria; Pseudomonadati; Pseudomonadota; Gammaproteobacteria; Oceanospirillales; Oceanospirillaceae; Neptunomonas,0,5_507_BmoA#7,core,0.8649,0,0,0,0,[alpha]
NZ_LJTD01000002.1:294735-296019:-1,WP_054555338.1,AOG28_RS03580,,SRPBCC family protein,5_507_BmoA,5,793.0,0.9836,3.5e-239,NZ_LJTD01000002.1,294735,296019,-1,Cobetia sp. UCD-24C,Bacteria; Pseudomonadati; Pseudomonadota; Gammaproteobacteria; Oceanospirillales; Halomonadaceae; Cobetia,0,5_507_BmoA#4,core,0.7339,0,0,0,0,[alpha]
NZ_LKTL01000014.1:115171-116338:-1,WP_055024834.1,AN944_RS11890,,aromatic ring-hydroxylating dioxygenase subunit alpha,5_507_BmoA,5,128.8,0.4648,1.4e-37,NZ_LKTL01000014.1,115171,116338,-1,Shewanella sp. P1-14-1,Bacteria; Pseudomonadati; Pseudomonadota; Gammaproteobacteria; Alteromonadales; Shewanellaceae; Shewanella,0,5_507_BmoA#101,novel_candidate,0.2508,0,0,0,0,hypothetical > [alpha] > other
NZ_LKTM01000001.1:172431-173832:-1,WP_055575873.1,AO501_RS00810,,SRPBCC family protein,5_507_BmoA,5,130.7,0.4977,3.8e-38,NZ_LKTM01000001.1,172431,173832,-1,Mycobacterium gordonae,Bacteria; Bacillati; Actinomycetota; Actinomycetes; Mycobacteriales; Mycobacteriaceae; Mycobacterium,0,5_507_BmoA#3,core,0.8991,0,0,0,0,other > reductase > [alpha]
NZ_LKTM01000001.1:254099-255455:-1,WP_055575943.1,AO501_RS01210,,SRPBCC family protein,5_507_BmoA,5,116.4,0.4624,8e-34,NZ_LKTM01000001.1,254099,255455,-1,Mycobacterium gordonae,Bacteria; Bacillati; Actinomycetota; Actinomycetes; Mycobacteriales; Mycobacteriaceae; Mycobacterium,0,5_507_BmoA#5,core,0.8555,0,0,0,0,other > other > hydrolase > [alpha] > other
NZ_LLWQ01000197.1:2224-3379:-1,WP_058099072.1,AQY21_RS18405,,aromatic ring-hydroxylating dioxygenase subunit alpha,5_507_BmoA,5,150.6,0.6479,3.3e-44,NZ_LLWQ01000197.1,2224,3379,-1,Paracoccus sp. MKU1,Bacteria; Pseudomonadati; Pseudomonadota; Alphaproteobacteria; Rhodobacterales; Paracoccaceae; Paracoccus,0,5_507_BmoA#10,core,0.6118,1,0,1,0,[alpha] > alpha_other > ferredoxin
NZ_LLWQ01000207.1:63881-65114:-1,WP_058099555.1,AQY21_RS21070,,SRPBCC family protein,5_507_BmoA,5,513.9,0.9343,1.8e-154,NZ_LLWQ01000207.1,63881,65114,-1,Paracoccus sp. MKU1,Bacteria; Pseudomonadati; Pseudomonadota; Alphaproteobacteria; Rhodobacterales; Paracoccaceae; Paracoccus,0,5_507_BmoA#11,divergent,0.5391,1,0,0,1,[alpha] > reductase > reductase > reductase > regulator
NZ_LKTM01000339.1:41187-42540:1,WP_055580010.1,AO501_RS23625,,aromatic ring-hydroxylating dioxygenase subunit alpha,5_507_BmoA,5,112.8,0.4601,1e-32,NZ_LKTM01000339.1,41187,42540,1,Mycobacterium gordonae,Bacteria; Bacillati; Actinomycetota; Actinomycetes; Mycobacteriales; Mycobacteriaceae; Mycobacterium,0,5_507_BmoA#1,core,0.8844,0,0,0,0,reductase > dehydrogenase > dehydrogenase > other > other > other > [alpha] > reductase
NZ_LLZH01000002.1:27270-28392:1,WP_067684280.1,ADL15_RS01320,,aromatic ring-hydroxylating dioxygenase subunit alpha,5_507_BmoA,5,211.0,0.7723,1.6e-62,NZ_LLZH01000002.1,27270,28392,1,Actinoplanes awajinensis subsp. mycoplanecinus,Bacteria; Bacillati; Actinomycetota; Actinomycetes; Micromonosporales; Micromonosporaceae; Actinoplanes,0,5_507_BmoA#0,core,0.7457,0,0,0,0,reductase > transporter > transporter > transporter > reductase > other > [alpha] > other > other > other > hypothetical > hypothetical > other > other > other
NZ_LLZI01000046.1:66182-67304:1,WP_066974556.1,ADL22_RS06405,,aromatic ring-hydroxylating dioxygenase subunit alpha,5_507_BmoA,5,206.4,0.7958,3.9e-61,NZ_LLZI01000046.1,66182,67304,1,Streptomyces sp. NRRL F-4489,Bacteria; Bacillati; Actinomycetota; Actinomycetes; Kitasatosporales; Streptomycetaceae; Streptomyces,0,5_507_BmoA#0,core,0.7781,0,0,0,0,dehydrogenase > reductase > other > [alpha]
NZ_LMCK01000039.1:148501-149662:1,WP_063299895.1,PsWM33_RS08445,,SRPBCC family protein,5_507_BmoA,5,120.8,0.6056,3.9e-35,NZ_LMCK01000039.1,148501,149662,1,Pseudovibrio sp. WM33,Bacteria; Pseudomonadati; Pseudomonadota; Alphaproteobacteria; Hyphomicrobiales; Stappiaceae; Pseudovibrio,0,5_507_BmoA#34,novel_candidate,0.2754,0,0,0,0,[alpha]
NZ_LMCE01000049.1:160694-161855:1,WP_063310220.1,PsAD26_RS09695,,aromatic ring-hydroxylating dioxygenase subunit alpha,5_507_BmoA,5,123.9,0.6056,4.4e-36,NZ_LMCE01000049.1,160694,161855,1,Pseudovibrio sp. Ad26,Bacteria; Pseudomonadati; Pseudomonadota; Alphaproteobacteria; Hyphomicrobiales; Stappiaceae; Pseudovibrio,0,5_507_BmoA#34,novel_candidate,0.2934,0,0,0,0,[alpha]
NZ_LMDL01000010.1:185745-186873:1,WP_057610660.1,ASD08_RS14925,,aromatic ring-hydroxylating dioxygenase subunit alpha,5_507_BmoA,5,219.5,0.7817,4.1e-65,NZ_LMDL01000010.1,185745,186873,1,Streptomyces sp. Root369,Bacteria; Bacillati; Actinomycetota; Actinomycetes; Kitasatosporales; Streptomycetaceae; Streptomyces,0,5_507_BmoA#0,core,0.9058,2,0,1,1,ferredoxin > reductase > [alpha]
NZ_LMDO01000016.1:64557-65814:1,WP_057450069.1,ASC85_RS15000,,SRPBCC family protein,5_507_BmoA,5,371.5,0.9343,3.1e-111,NZ_LMDO01000016.1,64557,65814,1,Pseudomonas sp. Root401,Bacteria; Pseudomonadati; Pseudomonadota; Gammaproteobacteria; Pseudomonadales; Pseudomonadaceae; Pseudomonas,0,5_507_BmoA#2,core,0.831,1,0,0,1,transporter > transporter > regulator > [alpha] > reductase > regulator
NZ_LMEC01000021.1:134785-135886:-1,WP_056398526.1,ASC94_RS18700,,aromatic ring-hydroxylating dioxygenase subunit alpha,5_507_BmoA,5,73.6,0.7207,7.8e-21,NZ_LMEC01000021.1,134785,135886,-1,Massilia sp. Root418,Bacteria; Pseudomonadati; Pseudomonadota; Betaproteobacteria; Burkholderiales; Oxalobacteraceae; Telluria group; Massilia,0,5_507_BmoA#6,core,0.8453,0,0,0,0,[alpha] > transporter > other
NZ_LMEQ01000030.1:172245-173397:1,WP_057604519.1,ASD48_RS28040,,aromatic ring-hydroxylating dioxygenase subunit alpha,5_507_BmoA,5,218.3,0.7864,9.9e-65,NZ_LMEQ01000030.1,172245,173397,1,Streptomyces sp. Root1310,Bacteria; Bacillati; Actinomycetota; Actinomycetes; Kitasatosporales; Streptomycetaceae; Streptomyces,0,5_507_BmoA#0,core,0.9011,2,0,1,1,ferredoxin > reductase > [alpha]
NZ_LMEV01000001.1:570458-571613:-1,WP_056572408.1,ASD34_RS02710,,aromatic ring-hydroxylating dioxygenase subunit alpha,5_507_BmoA,5,91.2,0.6221,3.6e-26,NZ_LMEV01000001.1,570458,571613,-1,Variovorax sp. Root473,Bacteria; Pseudomonadati; Pseudomonadota; Betaproteobacteria; Burkholderiales; Comamonadaceae; Variovorax,0,5_507_BmoA#100,novel_candidate,0.2593,0,0,0,0,other > [alpha] > regulator > other
NZ_LMFB01000016.1:61230-62433:-1,WP_060638890.1,ASD32_RS14380,,aromatic ring-hydroxylating dioxygenase subunit alpha,5_507_BmoA,5,134.0,0.4577,3.7e-39,NZ_LMFB01000016.1,61230,62433,-1,Rhizobium sp. Root483D2,Bacteria; Pseudomonadati; Pseudomonadota; Alphaproteobacteria; Hyphomicrobiales; Rhizobiaceae; Rhizobium/Agrobacterium group; Rhizobium,0,5_507_BmoA#24,novel_candidate,0.2754,0,0,0,0,[alpha]
NZ_LMFZ01000012.1:649095-650196:1,WP_057262011.1,ASD58_RS15330,,aromatic ring-hydroxylating dioxygenase subunit alpha,5_507_BmoA,5,76.4,0.5282,1.1e-21,NZ_LMFZ01000012.1,649095,650196,1,Duganella sp. Root1480D1,Bacteria; Pseudomonadati; Pseudomonadota; Betaproteobacteria; Burkholderiales; Oxalobacteraceae; Telluria group; Duganella,0,5_507_BmoA#6,core,0.853,0,0,0,0,[alpha] > transporter > other
NZ_LMFV01000012.1:92363-93569:1,WP_056237879.1,ASD50_RS06755,,aromatic ring-hydroxylating dioxygenase subunit alpha,5_507_BmoA,5,133.1,0.4577,6.8e-39,NZ_LMFV01000012.1,92363,93569,1,Mesorhizobium sp. Root552,Bacteria; Pseudomonadati; Pseudomonadota; Alphaproteobacteria; Hyphomicrobiales; Phyllobacteriaceae; Mesorhizobium,0,5_507_BmoA#24,novel_candidate,0.2691,0,0,0,0,[alpha]
NZ_LMIC01000008.1:92184-93285:-1,WP_055932433.1,ASE26_RS10160,,aromatic ring-hydroxylating dioxygenase subunit alpha,5_507_BmoA,5,77.4,0.6854,5.7e-22,NZ_LMIC01000008.1,92184,93285,-1,Duganella sp. Root198D2,Bacteria; Pseudomonadati; Pseudomonadota; Betaproteobacteria; Burkholderiales; Oxalobacteraceae; Telluria group; Duganella,0,5_507_BmoA#6,core,0.8401,0,0,0,0,[alpha] > transporter > other
NZ_LMIE01000033.1:18474-19617:1,WP_056277415.1,ASE11_RS22925,,aromatic ring-hydroxylating dioxygenase subunit alpha,5_507_BmoA,5,153.7,0.6573,4e-45,NZ_LMIE01000033.1,18474,19617,1,Hydrogenophaga sp. Root209,Bacteria; Pseudomonadati; Pseudomonadota; Betaproteobacteria; Burkholderiales; Comamonadaceae; Hydrogenophaga,0,5_507_BmoA#13,novel_candidate,0.2703,2,0,1,1,[alpha] > ferredoxin > reductase
NZ_LMID01000011.1:642092-643424:1,WP_056360334.1,ASE22_RS13800,,SRPBCC family protein,5_507_BmoA,5,119.9,0.4601,7.2e-35,NZ_LMID01000011.1,642092,643424,1,Sphingomonas sp. Root720,Bacteria; Pseudomonadati; Pseudomonadota; Alphaproteobacteria; Sphingomonadales; Sphingomonadaceae; Sphingomonas,0,5_507_BmoA#8,core,0.7623,0,0,0,0,reductase > [alpha] > dehydrogenase > dehydrogenase > dehydrogenase
NZ_LMJA01000016.1:9193-10384:-1,WP_057168037.1,ASE48_RS15660,,aromatic ring-hydroxylating dioxygenase subunit alpha,5_507_BmoA,5,210.7,0.7817,2e-62,NZ_LMJA01000016.1,9193,10384,-1,Mycobacterium sp. Root265,Bacteria; Bacillati; Actinomycetota; Actinomycetes; Mycobacteriales; Mycobacteriaceae; Mycobacterium,0,5_507_BmoA#0,core,0.7612,0,0,0,0,reductase > other > [alpha] > regulator > other > transporter
NZ_LMJY01000004.1:31092-32322:1,WP_056768904.1,ASE49_RS04345,,aromatic ring-hydroxylating dioxygenase subunit alpha,5_507_BmoA,5,113.4,0.4601,6.5e-33,NZ_LMJY01000004.1,31092,32322,1,Novosphingobium sp. Leaf2,Bacteria; Pseudomonadati; Pseudomonadota; Alphaproteobacteria; Sphingomonadales; Sphingomonadaceae; Novosphingobium,0,5_507_BmoA#14,novel_candidate,0.2613,0,0,0,0,other > [alpha] > reductase > other > hydrolase > other
NZ_LMJY01000004.1:50449-51814:-1,WP_235522835.1,ASE49_RS04430,,SRPBCC family protein,5_507_BmoA,5,116.1,0.4601,1e-33,NZ_LMJY01000004.1,50449,51814,-1,Novosphingobium sp. Leaf2,Bacteria; Pseudomonadati; Pseudomonadota; Alphaproteobacteria; Sphingomonadales; Sphingomonadaceae; Novosphingobium,0,5_507_BmoA#8,core,0.8899,0,0,0,0,reductase > [alpha] > dehydrogenase > dehydrogenase > dehydrogenase > dehydrogenase
NZ_LMJY01000017.1:1146-2382:1,WP_235522964.1,ASE49_RS11685,,aromatic ring-hydroxylating dioxygenase subunit alpha,5_507_BmoA,5,104.0,0.4789,4.6e-30,NZ_LMJY01000017.1,1146,2382,1,Novosphingobium sp. Leaf2,Bacteria; Pseudomonadati; Pseudomonadota; Alphaproteobacteria; Sphingomonadales; Sphingomonadaceae; Novosphingobium,0,5_507_BmoA#99,novel_candidate,0.3477,0,0,0,0,[alpha] > other
NZ_LMKV01000012.1:413781-414942:-1,WP_235523490.1,ASE85_RS10950,,aromatic ring-hydroxylating dioxygenase subunit alpha,5_507_BmoA,5,150.2,0.4671,4.4e-44,NZ_LMKV01000012.1,413781,414942,-1,Sphingobium sp. Leaf26,Bacteria; Pseudomonadati; Pseudomonadota; Alphaproteobacteria; Sphingomonadales; Sphingomonadaceae; Sphingobium,0,5_507_BmoA#26,novel_candidate,0.29,1,0,0,1,other > [alpha] > reductase > other > hypothetical > other > other
NZ_LMKV01000028.1:236110-237310:-1,WP_056690976.1,ASE85_RS16885,,aromatic ring-hydroxylating dioxygenase subunit alpha,5_507_BmoA,5,105.8,0.5775,1.3e-30,NZ_LMKV01000028.1,236110,237310,-1,Sphingobium sp. Leaf26,Bacteria; Pseudomonadati; Pseudomonadota; Alphaproteobacteria; Sphingomonadales; Sphingomonadaceae; Sphingobium,0,5_507_BmoA#98,novel_candidate,0.2609,0,0,0,0,hydrolase > other > alpha_other > [alpha] > hypothetical
NZ_LMOA01000023.1:104734-105991:-1,WP_056840922.1,ASF84_RS21595,,SRPBCC family protein,5_507_BmoA,5,379.9,0.9296,8.8e-114,NZ_LMOA01000023.1,104734,105991,-1,Pseudomonas sp. Leaf127,Bacteria; Pseudomonadati; Pseudomonadota; Gammaproteobacteria; Pseudomonadales; Pseudomonadaceae; Pseudomonas,0,5_507_BmoA#2,core,0.7692,1,0,0,1,regulator > [alpha] > reductase
NZ_LMPF01000012.1:319083-320337:1,WP_056356993.1,ASG35_RS12300,,SRPBCC family protein,5_507_BmoA,5,502.3,0.946,6e-151,NZ_LMPF01000012.1,319083,320337,1,Burkholderia sp. Leaf177,Bacteria; Pseudomonadati; Pseudomonadota; Betaproteobacteria; Burkholderiales; Burkholderiaceae; Burkholderia,0,5_507_BmoA#11,divergent,0.5014,1,0,0,1,[alpha] > reductase > other > reductase > reductase
NZ_LMRP01000003.1:117050-118199:1,WP_056074547.1,ASG64_RS15840,,aromatic ring-hydroxylating dioxygenase subunit alpha,5_507_BmoA,5,208.7,0.7793,7.9e-62,NZ_LMRP01000003.1,117050,118199,1,Rhodococcus sp. Leaf247,Bacteria; Bacillati; Actinomycetota; Actinomycetes; Mycobacteriales; Nocardiaceae; Rhodococcus,0,5_507_BmoA#0,core,0.7559,0,0,0,0,reductase > other > [alpha] > dehydrogenase > transporter > reductase > hypothetical > regulator > hypothetical > hydrolase
NZ_LMRQ01000013.1:481218-482376:-1,WP_056444954.1,ASH03_RS11160,,aromatic ring-hydroxylating dioxygenase subunit alpha,5_507_BmoA,5,208.7,0.784,7.8e-62,NZ_LMRQ01000013.1,481218,482376,-1,Rhodococcus sp. Leaf258,Bacteria; Bacillati; Actinomycetota; Actinomycetes; Mycobacteriales; Nocardiaceae; Rhodococcus,0,5_507_BmoA#0,core,0.774,0,0,0,0,reductase > other > [alpha] > dehydrogenase > transporter > reductase > hypothetical > regulator > other > hydrolase
NZ_LMRR01000015.1:56301-57453:-1,WP_200936600.1,ASG84_RS15825,,aromatic ring-hydroxylating dioxygenase subunit alpha,5_507_BmoA,5,212.4,0.7887,6.1e-63,NZ_LMRR01000015.1,56301,57453,-1,Rhodococcus sp. Leaf278,Bacteria; Bacillati; Actinomycetota; Actinomycetes; Mycobacteriales; Nocardiaceae; Rhodococcus,0,5_507_BmoA#0,core,0.7528,2,0,1,1,ferredoxin > reductase > [alpha] > regulator > regulator
NZ_LMSB01000003.1:120766-121885:1,WP_240986991.1,ASG92_RS03680,,aromatic ring-hydroxylating dioxygenase subunit alpha,5_507_BmoA,5,173.8,0.669,3.1e-51,NZ_LMSB01000003.1,120766,121885,1,Arthrobacter sp. Soil736,Bacteria; Bacillati; Actinomycetota; Actinomycetes; Micrococcales; Micrococcaceae; Arthrobacter,0,5_507_BmoA#0,core,0.7475,0,0,0,0,hypothetical > [alpha]
NZ_LN832562.1:189865-191077:1,WP_074967033.1,JCM7685_RS16995,,aromatic ring-hydroxylating dioxygenase subunit alpha,5_507_BmoA,5,127.4,0.6455,3.8e-37,NZ_LN832562.1,189865,191077,1,Paracoccus aminovorans,Bacteria; Pseudomonadati; Pseudomonadota; Alphaproteobacteria; Rhodobacterales; Paracoccaceae; Paracoccus,1,5_507_BmoA#38,novel_candidate,0.2479,0,0,0,0,[alpha] > reductase > reductase > other > hypothetical > other > hydrolase > transporter > transporter > transporter > transporter
NZ_LNSB01000006.1:81488-82718:1,WP_058807096.1,ATE62_RS04560,,aromatic ring-hydroxylating dioxygenase subunit alpha,5_507_BmoA,5,84.2,0.4577,4.8e-24,NZ_LNSB01000006.1,81488,82718,1,Sphingopyxis sp. HIX,Bacteria; Pseudomonadati; Pseudomonadota; Alphaproteobacteria; Sphingomonadales; Sphingomonadaceae; Sphingopyxis,0,5_507_BmoA#30,novel_candidate,0.2177,0,0,0,0,[alpha] > alpha_other
NZ_LNTA01000026.1:17364-18510:1,WP_003474938.1,ATB53_RS02165,,aromatic ring-hydroxylating dioxygenase subunit alpha,5_507_BmoA,5,100.1,0.4953,7.3e-29,NZ_LNTA01000026.1,17364,18510,1,Xanthomonas translucens,Bacteria; Pseudomonadati; Pseudomonadota; Gammaproteobacteria; Lysobacterales; Lysobacteraceae; Xanthomonas,0,5_507_BmoA#12,novel_candidate,0.2553,0,0,0,0,other > other > other > reductase > reductase > other > [alpha] > other > other
NZ_LNSB01000025.1:10223-11399:-1,WP_058810363.1,ATE62_RS12960,,aromatic ring-hydroxylating dioxygenase subunit alpha,5_507_BmoA,5,148.4,0.6056,1.6e-43,NZ_LNSB01000025.1,10223,11399,-1,Sphingopyxis sp. HIX,Bacteria; Pseudomonadati; Pseudomonadota; Alphaproteobacteria; Sphingomonadales; Sphingomonadaceae; Sphingopyxis,0,5_507_BmoA#46,novel_candidate,0.2891,1,0,0,1,[alpha] > reductase
NZ_LNSB01000037.1:29445-30594:-1,WP_058808576.1,ATE62_RS16730,,aromatic ring-hydroxylating dioxygenase subunit alpha,5_507_BmoA,5,106.3,0.4718,9.5e-31,NZ_LNSB01000037.1,29445,30594,-1,Sphingopyxis sp. HIX,Bacteria; Pseudomonadati; Pseudomonadota; Alphaproteobacteria; Sphingomonadales; Sphingomonadaceae; Sphingopyxis,0,5_507_BmoA#97,novel_candidate,0.259,0,0,0,0,[alpha] > other
NZ_LNSF01000004.1:179934-181293:1,WP_058454859.1,ATE69_RS08840,,aromatic ring-hydroxylating dioxygenase subunit alpha,5_507_BmoA,5,132.6,0.4765,9.9e-39,NZ_LNSF01000004.1,179934,181293,1,Sphingopyxis sp. H071,Bacteria; Pseudomonadati; Pseudomonadota; Alphaproteobacteria; Sphingomonadales; Sphingomonadaceae; Sphingopyxis,0,5_507_BmoA#44,novel_candidate,0.3389,0,0,0,0,[alpha] > other
NZ_LNRZ01000001.1:308337-309567:-1,WP_058814907.1,ATE67_RS01405,,aromatic ring-hydroxylating dioxygenase subunit alpha,5_507_BmoA,5,84.3,0.4601,4.4e-24,NZ_LNRZ01000001.1,308337,309567,-1,Sphingopyxis sp. H050,Bacteria; Pseudomonadati; Pseudomonadota; Alphaproteobacteria; Sphingomonadales; Sphingomonadaceae; Sphingopyxis,0,5_507_BmoA#30,novel_candidate,0.2254,0,0,0,0,[alpha] > alpha_other > other
NZ_LNRT01000001.1:168988-170218:1,WP_058536388.1,ATE68_RS00760,,aromatic ring-hydroxylating dioxygenase subunit alpha,5_507_BmoA,5,82.5,0.4577,1.6e-23,NZ_LNRT01000001.1,168988,170218,1,Sphingopyxis sp. H038,Bacteria; Pseudomonadati; Pseudomonadota; Alphaproteobacteria; Sphingomonadales; Sphingomonadaceae; Sphingopyxis,0,5_507_BmoA#30,novel_candidate,0.2215,0,0,0,0,[alpha] > alpha_other > other
NZ_LNRT01000001.1:362169-363336:1,WP_058536234.1,ATE68_RS01670,,aromatic ring-hydroxylating dioxygenase subunit alpha,5_507_BmoA,5,110.2,0.4531,6.4e-32,NZ_LNRT01000001.1,362169,363336,1,Sphingopyxis sp. H038,Bacteria; Pseudomonadati; Pseudomonadota; Alphaproteobacteria; Sphingomonadales; Sphingomonadaceae; Sphingopyxis,0,5_507_BmoA#34,novel_candidate,0.2747,0,0,0,0,[alpha] > hydrolase > hydrolase > other
NZ_LNSK01000001.1:491088-492255:1,WP_058811060.1,ATE59_RS02415,,aromatic ring-hydroxylating dioxygenase subunit alpha,5_507_BmoA,5,151.7,0.6901,1.6e-44,NZ_LNSK01000001.1,491088,492255,1,Sphingopyxis sp. A083,Bacteria; Pseudomonadati; Pseudomonadota; Alphaproteobacteria; Sphingomonadales; Sphingomonadaceae; Sphingopyxis,0,5_507_BmoA#46,novel_candidate,0.3082,1,0,0,1,[alpha] > reductase > reductase
NZ_LNTY01000059.1:135370-136627:-1,WP_067419889.1,ATN88_RS23260,,aromatic ring-hydroxylating dioxygenase subunit alpha,5_507_BmoA,5,702.8,0.939,8.4e-212,NZ_LNTY01000059.1,135370,136627,-1,Enterovibrio coralii,Bacteria; Pseudomonadati; Pseudomonadota; Gammaproteobacteria; Vibrionales; Vibrionaceae; Enterovibrio,0,5_507_BmoA#20,core,0.6132,2,0,1,1,[alpha] > reductase > ferredoxin > hypothetical
NZ_LOHS01000071.1:59906-61037:1,WP_067276421.1,STSP_RS13110,,aromatic ring-hydroxylating dioxygenase subunit alpha,5_507_BmoA,5,223.5,0.7887,2.6e-66,NZ_LOHS01000071.1,59906,61037,1,Streptomyces jeddahensis,Bacteria; Bacillati; Actinomycetota; Actinomycetes; Kitasatosporales; Streptomycetaceae; Streptomyces,0,5_507_BmoA#0,core,0.9339,2,0,1,1,ferredoxin > reductase > [alpha]
NZ_LOCQ01000055.1:124551-125652:-1,WP_065308282.1,ASR47_RS13415,,aromatic ring-hydroxylating dioxygenase subunit alpha,5_507_BmoA,5,77.0,0.7042,7.5e-22,NZ_LOCQ01000055.1,124551,125652,-1,Janthinobacterium psychrotolerans,Bacteria; Pseudomonadati; Pseudomonadota; Betaproteobacteria; Burkholderiales; Oxalobacteraceae; Janthinobacterium,0,5_507_BmoA#6,core,0.9229,0,0,0,0,[alpha] > transporter > other
NZ_LOJW01000041.1:39868-41014:-1,WP_011051257.1,Xmlh_RS16925,,aromatic ring-hydroxylating dioxygenase subunit alpha,5_507_BmoA,5,96.3,0.5047,1e-27,NZ_LOJW01000041.1,39868,41014,-1,Xanthomonas axonopodis pv. melhusii,Bacteria; Pseudomonadati; Pseudomonadota; Gammaproteobacteria; Lysobacterales; Lysobacteraceae; Xanthomonas,0,5_507_BmoA#12,novel_candidate,0.2544,0,0,0,0,other > other > regulator > other > other > other > reductase > reductase > other > [alpha] > other > other
NZ_LPJR01000073.1:19074-20319:1,WP_060246047.1,WT56_RS28285,,SRPBCC family protein,5_507_BmoA,5,124.9,0.4554,2.1e-36,NZ_LPJR01000073.1,19074,20319,1,Burkholderia pseudomultivorans,Bacteria; Pseudomonadati; Pseudomonadota; Betaproteobacteria; Burkholderiales; Burkholderiaceae; Burkholderia; Burkholderia cepacia complex,0,5_507_BmoA#22,novel_candidate,0.2657,0,0,0,0,regulator > regulator > other > hypothetical > [alpha] > other
NZ_LPJX01000022.1:20116-21361:1,WP_060297708.1,WT57_RS06745,,aromatic ring-hydroxylating dioxygenase subunit alpha,5_507_BmoA,5,125.9,0.4601,1.1e-36,NZ_LPJX01000022.1,20116,21361,1,Burkholderia pseudomultivorans,Bacteria; Pseudomonadati; Pseudomonadota; Betaproteobacteria; Burkholderiales; Burkholderiaceae; Burkholderia; Burkholderia cepacia complex,0,5_507_BmoA#22,novel_candidate,0.2679,0,0,0,0,regulator > other > hypothetical > [alpha] > other
NZ_LPLB01000080.1:107343-108588:1,WP_060336445.1,WT72_RS29000,,aromatic ring-hydroxylating dioxygenase subunit alpha,5_507_BmoA,5,127.6,0.4601,3.2e-37,NZ_LPLB01000080.1,107343,108588,1,Burkholderia pseudomultivorans,Bacteria; Pseudomonadati; Pseudomonadota; Betaproteobacteria; Burkholderiales; Burkholderiaceae; Burkholderia; Burkholderia cepacia complex,0,5_507_BmoA#22,novel_candidate,0.2687,0,0,0,0,regulator > other > hypothetical > [alpha] > other
NZ_LPXN01000138.1:20700-21852:1,WP_067558601.1,AUP43_RS14570,,SRPBCC family protein,5_507_BmoA,5,176.7,0.7019,4.2e-52,NZ_LPXN01000138.1,20700,21852,1,Oceanibaculum pacificum,Bacteria; Pseudomonadati; Pseudomonadota; Alphaproteobacteria; Rhodospirillales; Oceanibaculaceae; Oceanibaculum,0,5_507_BmoA#96,novel_candidate,0.2866,0,0,0,0,hypothetical > alpha_other > transporter > transporter > hypothetical > [alpha] > dehydrogenase > transporter > hydrolase
NZ_LQBK01000004.1:285224-286388:-1,WP_058872999.1,AVL61_RS03750,,aromatic ring-hydroxylating dioxygenase subunit alpha,5_507_BmoA,5,221.0,0.7864,1.5e-65,NZ_LQBK01000004.1,285224,286388,-1,Kocuria rosea subsp. polaris,Bacteria; Bacillati; Actinomycetota; Actinomycetes; Micrococcales; Micrococcaceae; Kocuria,0,5_507_BmoA#0,core,0.7705,1,0,0,1,reductase > [alpha] > transporter > regulator
NZ_LQIM01000003.1:158169-159522:-1,WP_059166297.1,AU187_RS04740,,Rieske 2Fe-2S domain-containing protein,5_507_BmoA,5,107.4,0.4624,4.3e-31,NZ_LQIM01000003.1,158169,159522,-1,Mycobacterium sp. IS-1556,Bacteria; Bacillati; Actinomycetota; Actinomycetes; Mycobacteriales; Mycobacteriaceae; Mycobacterium,0,5_507_BmoA#1,core,0.7543,0,0,0,0,reductase > other > hypothetical > [alpha] > reductase
NZ_LQIS01000008.1:9850-11233:-1,WP_064421512.1,AU193_RS06310,,SRPBCC family protein,5_507_BmoA,5,127.0,0.4977,5e-37,NZ_LQIS01000008.1,9850,11233,-1,Mycobacterium sp. GA-1285,Bacteria; Bacillati; Actinomycetota; Actinomycetes; Mycobacteriales; Mycobacteriaceae; Mycobacterium,0,5_507_BmoA#3,core,0.8279,0,0,0,0,other > reductase > [alpha] > other > other > other
NZ_LQIT01000078.1:173827-174964:-1,WP_059092791.1,AU194_RS29575,,aromatic ring-hydroxylating dioxygenase subunit alpha,5_507_BmoA,5,205.6,0.777,6.9e-61,NZ_LQIT01000078.1,173827,174964,-1,Mycobacterium sp. GA-2829,Bacteria; Bacillati; Actinomycetota; Actinomycetes; Mycobacteriales; Mycobacteriaceae; Mycobacterium,0,5_507_BmoA#0,core,0.7185,0,0,0,0,reductase > other > [alpha] > dehydrogenase > transporter > reductase > other > regulator > other
NZ_LQMT02000057.1:3761-4865:-1,WP_063277749.1,AVR91_RS41790,,aromatic ring-hydroxylating dioxygenase subunit alpha,5_507_BmoA,5,219.8,0.777,3.5e-65,NZ_LQMT02000057.1,3761,4865,-1,Amycolatopsis keratiniphila subsp. keratiniphila,Bacteria; Bacillati; Actinomycetota; Actinomycetes; Pseudonocardiales; Pseudonocardiaceae; Amycolatopsis; Amycolatopsis japonica group,0,5_507_BmoA#0,core,0.7989,0,0,0,0,reductase > other > [alpha]
NZ_LQWY01000021.1:83750-84902:-1,WP_063965442.1,AWH49_RS09160,,aromatic ring-hydroxylating dioxygenase subunit alpha,5_507_BmoA,5,201.4,0.7911,1.3e-59,NZ_LQWY01000021.1,83750,84902,-1,Domibacillus aminovorans,Bacteria; Bacillati; Bacillota; Bacilli; Bacillales; Bacillaceae; Domibacillus,0,5_507_BmoA#19,divergent,0.4509,0,0,0,0,[alpha]
NZ_LQWZ01000001.1:55450-56602:-1,WP_018392052.1,AWH48_RS00285,,aromatic ring-hydroxylating dioxygenase subunit alpha,5_507_BmoA,5,202.5,0.7887,6.1e-60,NZ_LQWZ01000001.1,55450,56602,-1,Domibacillus aminovorans,Bacteria; Bacillati; Bacillota; Bacilli; Bacillales; Bacillaceae; Domibacillus,0,5_507_BmoA#19,divergent,0.4496,0,0,0,0,[alpha]
NZ_LRQV01000273.1:1251-2343:-1,WP_067374492.1,AWW66_RS31910,,SRPBCC family protein,5_507_BmoA,5,164.4,0.7277,2.2e-48,NZ_LRQV01000273.1,1251,2343,-1,Micromonospora rosaria,Bacteria; Bacillati; Actinomycetota; Actinomycetes; Micromonosporales; Micromonosporaceae; Micromonospora,0,5_507_BmoA#95,novel_candidate,0.3611,0,0,0,0,[alpha] > reductase
NZ_LQZT01000012.1:154300-155503:-1,WP_066177808.1,AWJ14_RS09305,,aromatic ring-hydroxylating dioxygenase subunit alpha,5_507_BmoA,5,143.0,0.6362,6.8e-42,NZ_LQZT01000012.1,154300,155503,-1,Hoeflea olei,Bacteria; Pseudomonadati; Pseudomonadota; Alphaproteobacteria; Hyphomicrobiales; Rhizobiaceae; Hoeflea,0,5_507_BmoA#64,novel_candidate,0.2665,0,0,0,0,transporter > transporter > [alpha]
NZ_LRBG01000039.1:53781-55068:1,WP_062136465.1,CI15_RS31350,,SRPBCC family protein,5_507_BmoA,5,451.1,0.9296,2.1e-135,NZ_LRBG01000039.1,53781,55068,1,Paraburkholderia monticola,Bacteria; Pseudomonadati; Pseudomonadota; Betaproteobacteria; Burkholderiales; Burkholderiaceae; Paraburkholderia,0,5_507_BmoA#9,core,0.928,1,0,0,1,other > other > hypothetical > reductase > other > reductase > other > [alpha] > reductase
NZ_LRBG01000031.1:130682-131834:-1,WP_174543246.1,CI15_RS20110,,SRPBCC family protein,5_507_BmoA,5,145.1,0.5047,1.6e-42,NZ_LRBG01000031.1,130682,131834,-1,Paraburkholderia monticola,Bacteria; Pseudomonadati; Pseudomonadota; Betaproteobacteria; Burkholderiales; Burkholderiaceae; Paraburkholderia,0,5_507_BmoA#10,core,0.8242,0,0,0,0,regulator > [alpha] > transporter > transporter > transporter > transporter
NZ_LSRP01000068.1:20519-21722:1,WP_071832006.1,AX760_RS05635,,SRPBCC family protein,5_507_BmoA,5,136.1,0.4554,8.3e-40,NZ_LSRP01000068.1,20519,21722,1,Pararhizobium antarcticum,Bacteria; Pseudomonadati; Pseudomonadota; Alphaproteobacteria; Hyphomicrobiales; Rhizobiaceae; Rhizobium/Agrobacterium group; Pararhizobium,0,5_507_BmoA#24,novel_candidate,0.2451,0,0,0,0,[alpha]
NZ_LRTR01000009.1:16113-17244:-1,WP_046706658.1,AWZ10_RS00270,,aromatic ring-hydroxylating dioxygenase subunit alpha,5_507_BmoA,5,225.2,0.7864,7.9e-67,NZ_LRTR01000009.1,16113,17244,-1,Streptomyces europaeiscabiei,Bacteria; Bacillati; Actinomycetota; Actinomycetes; Kitasatosporales; Streptomycetaceae; Streptomyces,0,5_507_BmoA#0,core,0.9469,2,0,1,1,ferredoxin > reductase > [alpha]
NZ_LTAV01000002.1:30236-31508:-1,WP_067204977.1,AYW77_RS01810,,aromatic ring-hydroxylating dioxygenase subunit alpha,5_507_BmoA,5,690.5,0.9554,4.5e-208,NZ_LTAV01000002.1,30236,31508,-1,Marinomonas aquimarina,Bacteria; Pseudomonadati; Pseudomonadota; Gammaproteobacteria; Oceanospirillales; Oceanospirillaceae; Marinomonas,0,5_507_BmoA#7,core,0.9061,0,0,0,0,[alpha]
NZ_LWQS01000039.1:68664-69774:1,WP_066784836.1,A6A03_RS05950,,aromatic ring-hydroxylating dioxygenase subunit alpha,5_507_BmoA,5,220.2,0.7676,2.6e-65,NZ_LWQS01000039.1,68664,69774,1,Chloroflexus islandicus,Bacteria; Bacillati; Chloroflexota; Chloroflexia; Chloroflexales; Chloroflexineae; Chloroflexaceae; Chloroflexus,0,5_507_BmoA#94,divergent,0.4072,0,0,0,0,[alpha] > other
NZ_LWSF01000044.1:9447-10572:1,WP_067595340.1,A4R44_RS43900,,aromatic ring-hydroxylating dioxygenase subunit alpha,5_507_BmoA,5,215.0,0.7793,1e-63,NZ_LWSF01000044.1,9447,10572,1,Amycolatopsis sp. M39,Bacteria; Bacillati; Actinomycetota; Actinomycetes; Pseudonocardiales; Pseudonocardiaceae; Amycolatopsis,0,5_507_BmoA#0,core,0.7822,0,0,0,0,[alpha]
NZ_LWKZ01000026.1:641763-642915:-1,WP_073766900.1,A6A06_RS34325,,aromatic ring-hydroxylating dioxygenase subunit alpha,5_507_BmoA,5,120.0,0.4648,6.6e-35,NZ_LWKZ01000026.1,641763,642915,-1,Streptomyces sp. CB02923,Bacteria; Bacillati; Actinomycetota; Actinomycetes; Kitasatosporales; Streptomycetaceae; Streptomyces,0,5_507_BmoA#93,novel_candidate,0.256,0,0,0,0,[alpha] > transporter
NZ_LXEY01000009.1:32032-33235:1,WP_043056131.1,A6F49_RS02235,,aromatic ring-hydroxylating dioxygenase subunit alpha,5_507_BmoA,5,217.6,0.777,1.6e-64,NZ_LXEY01000009.1,32032,33235,1,Enteractinococcus helveticum,Bacteria; Bacillati; Actinomycetota; Actinomycetes; Micrococcales; Micrococcaceae,0,5_507_BmoA#0,core,0.6173,2,0,1,1,ferredoxin > reductase > [alpha] > regulator > transporter
NZ_LXKA01000055.1:106303-107617:-1,WP_064285797.1,A6V37_RS04095,,SRPBCC family protein,5_507_BmoA,5,460.8,0.9366,2.3e-138,NZ_LXKA01000055.1,106303,107617,-1,Paraburkholderia ginsengiterrae,Bacteria; Pseudomonadati; Pseudomonadota; Betaproteobacteria; Burkholderiales; Burkholderiaceae; Paraburkholderia,0,5_507_BmoA#9,core,0.9453,1,0,0,1,other > other > hypothetical > reductase > other > reductase > other > [alpha] > reductase
NZ_LXYF01000002.1:84264-85479:1,WP_066563070.1,A8G00_RS02095,,aromatic ring-hydroxylating dioxygenase subunit alpha,5_507_BmoA,5,133.8,0.4554,4.3e-39,NZ_LXYF01000002.1,84264,85479,1,Sphingobium sp. SA916,Bacteria; Pseudomonadati; Pseudomonadota; Alphaproteobacteria; Sphingomonadales; Sphingomonadaceae; Sphingobium,0,5_507_BmoA#15,novel_candidate,0.2739,0,0,0,0,[alpha]
NZ_LXVX01000005.1:335503-336670:1,WP_066857958.1,A7Q26_RS06020,,aromatic ring-hydroxylating dioxygenase subunit alpha,5_507_BmoA,5,157.7,0.6315,2.4e-46,NZ_LXVX01000005.1,335503,336670,1,Sphingobium sp. TCM1,Bacteria; Pseudomonadati; Pseudomonadota; Alphaproteobacteria; Sphingomonadales; Sphingomonadaceae; Sphingobium,0,5_507_BmoA#26,novel_candidate,0.2883,1,0,0,1,other > [alpha] > reductase
NZ_LXYN01000007.1:450740-451925:1,WP_064227442.1,A8B80_RS03775,,aromatic ring-hydroxylating dioxygenase subunit alpha,5_507_BmoA,5,140.7,0.6784,3.5e-41,NZ_LXYN01000007.1,450740,451925,1,Marinobacter sp. EhN04,Bacteria; Pseudomonadati; Pseudomonadota; Gammaproteobacteria; Pseudomonadales; Marinobacteraceae; Marinobacter,0,5_507_BmoA#63,novel_candidate,0.2597,0,0,0,0,other > hypothetical > [alpha] > other > other > hypothetical > hypothetical > hypothetical
NZ_LYWY01000032.1:138008-139355:1,WP_066763131.1,A9D15_RS06255,,SRPBCC family protein,5_507_BmoA,5,127.0,0.4531,4.9e-37,NZ_LYWY01000032.1,138008,139355,1,Croceicoccus pelagius,Bacteria; Pseudomonadati; Pseudomonadota; Alphaproteobacteria; Sphingomonadales; Erythrobacteraceae; Croceicoccus,0,5_507_BmoA#45,novel_candidate,0.3286,0,0,0,0,alpha_other > [alpha]
NZ_LYWY01000032.1:144815-146183:1,WP_229660307.1,A9D15_RS06285,,SRPBCC family protein,5_507_BmoA,5,121.1,0.4601,3.1e-35,NZ_LYWY01000032.1,144815,146183,1,Croceicoccus pelagius,Bacteria; Pseudomonadati; Pseudomonadota; Alphaproteobacteria; Sphingomonadales; Erythrobacteraceae; Croceicoccus,0,5_507_BmoA#8,core,0.8644,0,0,0,0,other > reductase > [alpha] > dehydrogenase
NZ_LYWY01000032.1:150161-151388:-1,WP_066763151.1,A9D15_RS06315,,aromatic ring-hydroxylating dioxygenase subunit alpha,5_507_BmoA,5,115.4,0.4624,1.6e-33,NZ_LYWY01000032.1,150161,151388,-1,Croceicoccus pelagius,Bacteria; Pseudomonadati; Pseudomonadota; Alphaproteobacteria; Sphingomonadales; Erythrobacteraceae; Croceicoccus,0,5_507_BmoA#14,novel_candidate,0.2695,0,0,0,0,[alpha] > reductase > other > hydrolase > other
NZ_LYXG01000001.1:140058-141345:-1,WP_066314849.1,ADS46_RS00585,,aromatic ring-hydroxylating dioxygenase subunit alpha,5_507_BmoA,5,869.8,0.9953,1.8e-262,NZ_LYXG01000001.1,140058,141345,-1,Halomonas sp. G11,Bacteria; Pseudomonadati; Pseudomonadota; Gammaproteobacteria; Oceanospirillales; Halomonadaceae; Halomonas,0,5_507_BmoA#4,core,0.8871,0,0,0,0,[alpha]
NZ_LYWY01000039.1:152016-153420:-1,WP_066765356.1,A9D15_RS12075,,SRPBCC family protein,5_507_BmoA,5,118.5,0.4531,1.8e-34,NZ_LYWY01000039.1,152016,153420,-1,Croceicoccus pelagius,Bacteria; Pseudomonadati; Pseudomonadota; Alphaproteobacteria; Sphingomonadales; Erythrobacteraceae; Croceicoccus,0,5_507_BmoA#36,novel_candidate,0.3243,0,0,0,0,[alpha] > alpha_other
NZ_LZHT01000046.1:57485-58814:1,WP_067251648.1,A5775_RS10620,,aromatic ring-hydroxylating dioxygenase subunit alpha,5_507_BmoA,5,111.1,0.4531,3.4e-32,NZ_LZHT01000046.1,57485,58814,1,Mycobacterium sp. 852002-10029_SCH5224772,Bacteria; Bacillati; Actinomycetota; Actinomycetes; Mycobacteriales; Mycobacteriaceae; Mycobacterium,0,5_507_BmoA#5,core,0.9096,0,0,0,0,regulator > other > hydrolase > [alpha]
NZ_LZHZ01000027.1:159994-161356:-1,WP_067801271.1,A5724_RS11675,,SRPBCC family protein,5_507_BmoA,5,106.2,0.4765,1e-30,NZ_LZHZ01000027.1,159994,161356,-1,Mycobacterium sp. ACS1612,Bacteria; Bacillati; Actinomycetota; Actinomycetes; Mycobacteriales; Mycobacteriaceae; Mycobacterium,0,5_507_BmoA#1,core,0.6984,0,0,0,0,[alpha] > reductase
NZ_LZIC01000130.1:30136-31513:-1,WP_066971452.1,A5787_RS23350,,Rieske 2Fe-2S domain-containing protein,5_507_BmoA,5,109.3,0.4601,1.2e-31,NZ_LZIC01000130.1,30136,31513,-1,Mycobacterium sp. 852002-50816_SCH5313054-b,Bacteria; Bacillati; Actinomycetota; Actinomycetes; Mycobacteriales; Mycobacteriaceae; Mycobacterium,0,5_507_BmoA#1,core,0.8819,0,0,0,0,other > other > other > [alpha] > reductase
NZ_LZIJ01000201.1:28775-30158:1,WP_067242834.1,A5791_RS24955,,Rieske 2Fe-2S domain-containing protein,5_507_BmoA,5,107.7,0.4624,3.7e-31,NZ_LZIJ01000201.1,28775,30158,1,Mycobacterium sp. 852002-51163_SCH5372311,Bacteria; Bacillati; Actinomycetota; Actinomycetes; Mycobacteriales; Mycobacteriaceae; Mycobacterium,0,5_507_BmoA#1,core,0.8877,0,0,0,0,reductase > dehydrogenase > dehydrogenase > other > other > other > [alpha] > reductase
NZ_LZIL01000043.1:34961-36359:1,WP_067791078.1,A5773_RS12210,,SRPBCC family protein,5_507_BmoA,5,117.0,0.4742,5.5e-34,NZ_LZIL01000043.1,34961,36359,1,Mycobacterium sp. 852014-52450_SCH5900713,Bacteria; Bacillati; Actinomycetota; Actinomycetes; Mycobacteriales; Mycobacteriaceae; Mycobacterium,0,5_507_BmoA#1,core,0.8644,0,0,0,0,reductase > dehydrogenase > dehydrogenase > other > other > other > [alpha] > reductase
NZ_LZIN01000033.1:202784-204161:1,WP_064854379.1,A5771_RS06545,,SRPBCC family protein,5_507_BmoA,5,129.2,0.4671,1.1e-37,NZ_LZIN01000033.1,202784,204161,1,Mycolicibacter sinensis,Bacteria; Bacillati; Actinomycetota; Actinomycetes; Mycobacteriales; Mycobacteriaceae; Mycolicibacter,0,5_507_BmoA#31,novel_candidate,0.3548,0,0,0,0,[alpha] > hypothetical > hypothetical > other > reductase > regulator > ferredoxin > other > hydrolase > other > other > other > other
NZ_LZIO01000086.1:66472-67825:-1,WP_014380210.1,A5769_RS14835,,SRPBCC family protein,5_507_BmoA,5,112.3,0.4624,1.5e-32,NZ_LZIO01000086.1,66472,67825,-1,Mycobacterium intracellulare,Bacteria; Bacillati; Actinomycetota; Actinomycetes; Mycobacteriales; Mycobacteriaceae; Mycobacterium; Mycobacterium avium complex (MAC),0,5_507_BmoA#1,core,0.8797,0,0,0,0,reductase > dehydrogenase > dehydrogenase > other > other > other > [alpha] > reductase
NZ_LZIS01000095.1:22364-23741:-1,WP_068231033.1,A5673_RS10530,,Rieske 2Fe-2S domain-containing protein,5_507_BmoA,5,113.2,0.4601,7.8e-33,NZ_LZIS01000095.1,22364,23741,-1,Mycobacterium sp. E3198,Bacteria; Bacillati; Actinomycetota; Actinomycetes; Mycobacteriales; Mycobacteriaceae; Mycobacterium,0,5_507_BmoA#1,core,0.887,0,0,0,0,other > other > other > [alpha] > reductase
NZ_LZIS01000028.1:19150-20536:1,WP_068227423.1,A5673_RS04270,,SRPBCC family protein,5_507_BmoA,5,131.6,0.5,1.9e-38,NZ_LZIS01000028.1,19150,20536,1,Mycobacterium sp. E3198,Bacteria; Bacillati; Actinomycetota; Actinomycetes; Mycobacteriales; Mycobacteriaceae; Mycobacterium,0,5_507_BmoA#3,core,0.9195,0,0,0,0,other > reductase > [alpha] > transporter > transporter > other > other > other > other > other > other > regulator > other
NZ_LZIR01000083.1:15736-17110:1,WP_067114942.1,A5764_RS17845,,SRPBCC family protein,5_507_BmoA,5,112.2,0.4624,1.6e-32,NZ_LZIR01000083.1,15736,17110,1,Mycobacterium sp. 852002-51057_SCH5723018,Bacteria; Bacillati; Actinomycetota; Actinomycetes; Mycobacteriales; Mycobacteriaceae; Mycobacterium,0,5_507_BmoA#1,core,0.8789,0,0,0,0,reductase > dehydrogenase > dehydrogenase > other > other > other > [alpha] > reductase
NZ_LZIZ01000246.1:19419-20805:-1,WP_068224063.1,A5702_RS23070,,aromatic ring-hydroxylating dioxygenase subunit alpha,5_507_BmoA,5,133.0,0.4977,7.6e-39,NZ_LZIZ01000246.1,19419,20805,-1,Mycobacterium sp. E3339,Bacteria; Bacillati; Actinomycetota; Actinomycetes; Mycobacteriales; Mycobacteriaceae; Mycobacterium,0,5_507_BmoA#3,core,0.9582,0,0,0,0,other > reductase > [alpha]
NZ_LZJF01000064.1:37208-38588:1,WP_068010031.1,A5697_RS09105,,SRPBCC family protein,5_507_BmoA,5,125.4,0.4695,1.5e-36,NZ_LZJF01000064.1,37208,38588,1,Mycobacterium sp. E3251,Bacteria; Bacillati; Actinomycetota; Actinomycetes; Mycobacteriales; Mycobacteriaceae; Mycobacterium,0,5_507_BmoA#18,novel_candidate,0.289,0,0,0,0,[alpha] > hypothetical > hypothetical > other > reductase > ring_cleavage
NZ_LZJG01000051.1:31298-32651:1,WP_067917413.1,A9X04_RS02305,,SRPBCC family protein,5_507_BmoA,5,115.3,0.4601,1.8e-33,NZ_LZJG01000051.1,31298,32651,1,Mycobacterium sp. E3247,Bacteria; Bacillati; Actinomycetota; Actinomycetes; Mycobacteriales; Mycobacteriaceae; Mycobacterium,0,5_507_BmoA#1,core,0.8781,0,0,0,0,reductase > dehydrogenase > dehydrogenase > other > other > other > [alpha] > reductase
NZ_LZJF01000067.1:32799-34194:1,WP_067943663.1,A5697_RS09785,,Rieske 2Fe-2S domain-containing protein,5_507_BmoA,5,115.9,0.4648,1.2e-33,NZ_LZJF01000067.1,32799,34194,1,Mycobacterium sp. E3251,Bacteria; Bacillati; Actinomycetota; Actinomycetes; Mycobacteriales; Mycobacteriaceae; Mycobacterium,0,5_507_BmoA#1,core,0.8639,0,0,0,0,reductase > dehydrogenase > dehydrogenase > other > other > other > [alpha] > reductase
NZ_LZJF01000189.1:1101-2541:-1,WP_068012213.1,A5697_RS23525,,aromatic ring-hydroxylating dioxygenase subunit alpha,5_507_BmoA,5,132.2,0.4977,1.3e-38,NZ_LZJF01000189.1,1101,2541,-1,Mycobacterium sp. E3251,Bacteria; Bacillati; Actinomycetota; Actinomycetes; Mycobacteriales; Mycobacteriaceae; Mycobacterium,0,5_507_BmoA#3,core,0.9582,0,0,0,0,other > reductase > [alpha]
NZ_LZJJ01000276.1:6650-8090:-1,WP_067755178.1,A9X03_RS14205,,aromatic ring-hydroxylating dioxygenase subunit alpha,5_507_BmoA,5,132.0,0.4977,1.5e-38,NZ_LZJJ01000276.1,6650,8090,-1,Mycobacterium sp. E1715,Bacteria; Bacillati; Actinomycetota; Actinomycetes; Mycobacteriales; Mycobacteriaceae; Mycobacterium,0,5_507_BmoA#3,core,0.954,0,0,0,0,other > reductase > [alpha]
NZ_LZJL01000183.1:21136-22525:1,WP_068075461.1,A5693_RS24510,,aromatic ring-hydroxylating dioxygenase subunit alpha,5_507_BmoA,5,117.5,0.4648,3.9e-34,NZ_LZJL01000183.1,21136,22525,1,Mycobacterium sp. E1319,Bacteria; Bacillati; Actinomycetota; Actinomycetes; Mycobacteriales; Mycobacteriaceae; Mycobacterium,0,5_507_BmoA#1,core,0.7669,0,0,0,0,reductase > dehydrogenase > other > other > [alpha] > reductase
NZ_LZJM01000154.1:69098-70478:1,WP_068055512.1,A5692_RS10735,,SRPBCC family protein,5_507_BmoA,5,125.2,0.4671,1.7e-36,NZ_LZJM01000154.1,69098,70478,1,Mycobacterium sp. E342,Bacteria; Bacillati; Actinomycetota; Actinomycetes; Mycobacteriales; Mycobacteriaceae; Mycobacterium,0,5_507_BmoA#18,novel_candidate,0.2815,0,0,0,0,[alpha] > hypothetical > hypothetical > other > reductase > ring_cleavage
NZ_LZJR01000027.1:59535-60924:1,WP_067931279.1,A5686_RS03575,,SRPBCC family protein,5_507_BmoA,5,130.1,0.4977,5.8e-38,NZ_LZJR01000027.1,59535,60924,1,Mycobacterium sp. E2479,Bacteria; Bacillati; Actinomycetota; Actinomycetes; Mycobacteriales; Mycobacteriaceae; Mycobacterium,0,5_507_BmoA#3,core,0.903,0,0,0,0,other > reductase > [alpha]
NZ_LZJR01000027.1:90823-92224:-1,WP_067931220.1,A5686_RS03720,,SRPBCC family protein,5_507_BmoA,5,127.0,0.4977,4.8e-37,NZ_LZJR01000027.1,90823,92224,-1,Mycobacterium sp. E2479,Bacteria; Bacillati; Actinomycetota; Actinomycetes; Mycobacteriales; Mycobacteriaceae; Mycobacterium,0,5_507_BmoA#3,core,0.7948,0,0,0,0,other > [alpha] > hydrolase
NZ_LZJS01000012.1:27970-29365:1,WP_064950020.1,A5685_RS00775,,aromatic ring-hydroxylating dioxygenase subunit alpha,5_507_BmoA,5,114.6,0.4648,2.9e-33,NZ_LZJS01000012.1,27970,29365,1,Mycobacterium colombiense,Bacteria; Bacillati; Actinomycetota; Actinomycetes; Mycobacteriales; Mycobacteriaceae; Mycobacterium; Mycobacterium avium complex (MAC),0,5_507_BmoA#1,core,0.9057,0,0,0,0,hypothetical > reductase > dehydrogenase > dehydrogenase > other > other > other > [alpha] > reductase
NZ_LZJS01000031.1:30092-31475:-1,WP_064950486.1,A5685_RS03005,,SRPBCC family protein,5_507_BmoA,5,129.6,0.5,7.8e-38,NZ_LZJS01000031.1,30092,31475,-1,Mycobacterium colombiense,Bacteria; Bacillati; Actinomycetota; Actinomycetes; Mycobacteriales; Mycobacteriaceae; Mycobacterium; Mycobacterium avium complex (MAC),0,5_507_BmoA#3,core,0.9195,0,0,0,0,other > reductase > [alpha]
NZ_LZJU01000105.1:50263-51658:1,WP_067910576.1,A5683_RS10760,,SRPBCC family protein,5_507_BmoA,5,127.3,0.4977,3.9e-37,NZ_LZJU01000105.1,50263,51658,1,Mycobacterium mantenii,Bacteria; Bacillati; Actinomycetota; Actinomycetes; Mycobacteriales; Mycobacteriaceae; Mycobacterium; Mycobacterium avium complex (MAC),0,5_507_BmoA#3,core,0.9264,0,0,0,0,other > reductase > [alpha]
NZ_LZJY01000344.1:20200-21589:-1,WP_067309030.1,A5679_RS19470,,aromatic ring-hydroxylating dioxygenase subunit alpha,5_507_BmoA,5,134.3,0.4977,3e-39,NZ_LZJY01000344.1,20200,21589,-1,Mycobacterium scrofulaceum,Bacteria; Bacillati; Actinomycetota; Actinomycetes; Mycobacteriales; Mycobacteriaceae; Mycobacterium,0,5_507_BmoA#3,core,0.954,0,0,0,0,other > reductase > [alpha]
NZ_LZKC01000288.1:4431-5820:1,WP_068286068.1,A5714_RS14460,,aromatic ring-hydroxylating dioxygenase subunit alpha,5_507_BmoA,5,117.5,0.4648,3.9e-34,NZ_LZKC01000288.1,4431,5820,1,Mycobacterium sp. E2462,Bacteria; Bacillati; Actinomycetota; Actinomycetes; Mycobacteriales; Mycobacteriaceae; Mycobacterium,0,5_507_BmoA#1,core,0.7537,0,0,0,0,reductase > dehydrogenase > other > other > [alpha] > reductase
NZ_LZKD01000130.1:2293-3646:-1,WP_068095412.1,A5713_RS10885,,SRPBCC family protein,5_507_BmoA,5,115.3,0.4601,1.8e-33,NZ_LZKD01000130.1,2293,3646,-1,Mycobacterium sp. E2497,Bacteria; Bacillati; Actinomycetota; Actinomycetes; Mycobacteriales; Mycobacteriaceae; Mycobacterium,0,5_507_BmoA#1,core,0.8746,0,0,0,0,other > other > other > [alpha] > reductase
NZ_LZKD01000133.1:21947-23327:-1,WP_068095479.1,A5713_RS11190,,SRPBCC family protein,5_507_BmoA,5,112.5,0.4531,1.2e-32,NZ_LZKD01000133.1,21947,23327,-1,Mycobacterium sp. E2497,Bacteria; Bacillati; Actinomycetota; Actinomycetes; Mycobacteriales; Mycobacteriaceae; Mycobacterium,0,5_507_BmoA#5,core,0.8513,0,0,0,0,other > other > regulator > other > hydrolase > [alpha]
NZ_LZJZ01000048.1:34579-35968:-1,WP_068041460.1,A5678_RS09880,,Rieske 2Fe-2S domain-containing protein,5_507_BmoA,5,133.5,0.4977,5.3e-39,NZ_LZJZ01000048.1,34579,35968,-1,Mycobacterium sp. E2733,Bacteria; Bacillati; Actinomycetota; Actinomycetes; Mycobacteriales; Mycobacteriaceae; Mycobacterium,0,5_507_BmoA#3,core,0.8792,0,0,0,0,other > reductase > [alpha]
NZ_LZJZ01000020.1:61115-62474:1,WP_068038803.1,A5678_RS03450,,SRPBCC family protein,5_507_BmoA,5,122.7,0.4695,9.8e-36,NZ_LZJZ01000020.1,61115,62474,1,Mycobacterium sp. E2733,Bacteria; Bacillati; Actinomycetota; Actinomycetes; Mycobacteriales; Mycobacteriaceae; Mycobacterium,0,5_507_BmoA#18,novel_candidate,0.2835,0,0,0,0,[alpha] > hypothetical > hypothetical > other > reductase > ring_cleavage > other
NZ_LZJZ01000021.1:33678-35070:1,WP_197502026.1,A5678_RS04305,,SRPBCC family protein,5_507_BmoA,5,115.9,0.4601,1.1e-33,NZ_LZJZ01000021.1,33678,35070,1,Mycobacterium sp. E2733,Bacteria; Bacillati; Actinomycetota; Actinomycetes; Mycobacteriales; Mycobacteriaceae; Mycobacterium,0,5_507_BmoA#1,core,0.8788,0,0,0,0,reductase > dehydrogenase > dehydrogenase > other > other > other > [alpha] > reductase
NZ_LZKH01000134.1:11593-12988:1,WP_067943663.1,A5709_RS14095,,Rieske 2Fe-2S domain-containing protein,5_507_BmoA,5,115.9,0.4648,1.2e-33,NZ_LZKH01000134.1,11593,12988,1,Mycobacterium sp. E1386,Bacteria; Bacillati; Actinomycetota; Actinomycetes; Mycobacteriales; Mycobacteriaceae; Mycobacterium,0,5_507_BmoA#1,core,0.8639,0,0,0,0,reductase > dehydrogenase > dehydrogenase > other > other > other > [alpha] > reductase
NZ_LZKH01000142.1:37207-38587:1,WP_068120548.1,A5709_RS15105,,SRPBCC family protein,5_507_BmoA,5,125.4,0.4695,1.5e-36,NZ_LZKH01000142.1,37207,38587,1,Mycobacterium sp. E1386,Bacteria; Bacillati; Actinomycetota; Actinomycetes; Mycobacteriales; Mycobacteriaceae; Mycobacterium,0,5_507_BmoA#18,novel_candidate,0.289,0,0,0,0,[alpha] > hypothetical > hypothetical > other
NZ_LZKH01000176.1:1101-2541:-1,WP_068012213.1,A5709_RS18165,,aromatic ring-hydroxylating dioxygenase subunit alpha,5_507_BmoA,5,132.2,0.4977,1.3e-38,NZ_LZKH01000176.1,1101,2541,-1,Mycobacterium sp. E1386,Bacteria; Bacillati; Actinomycetota; Actinomycetes; Mycobacteriales; Mycobacteriaceae; Mycobacterium,0,5_507_BmoA#3,core,0.9582,0,0,0,0,other > reductase > [alpha]
NZ_LZKI01000090.1:30830-32225:1,WP_065029104.1,A5708_RS13440,,aromatic ring-hydroxylating dioxygenase subunit alpha,5_507_BmoA,5,116.0,0.4648,1.1e-33,NZ_LZKI01000090.1,30830,32225,1,Mycobacterium colombiense,Bacteria; Bacillati; Actinomycetota; Actinomycetes; Mycobacteriales; Mycobacteriaceae; Mycobacterium; Mycobacterium avium complex (MAC),0,5_507_BmoA#1,core,0.9054,0,0,0,0,reductase > dehydrogenase > dehydrogenase > other > other > other > [alpha] > reductase
NZ_LZKK01000041.1:47666-49046:1,WP_068127240.1,A5706_RS03870,,Rieske 2Fe-2S domain-containing protein,5_507_BmoA,5,125.4,0.5,1.5e-36,NZ_LZKK01000041.1,47666,49046,1,Mycobacterium sp. E796,Bacteria; Bacillati; Actinomycetota; Actinomycetes; Mycobacteriales; Mycobacteriaceae; Mycobacterium,0,5_507_BmoA#3,core,0.9289,0,0,0,0,other > reductase > [alpha]
NZ_LZKQ01000235.1:103-1435:-1,WP_065122516.1,A9X01_RS20545,,SRPBCC family protein,5_507_BmoA,5,111.8,0.4531,2.1e-32,NZ_LZKQ01000235.1,103,1435,-1,Mycobacterium asiaticum,Bacteria; Bacillati; Actinomycetota; Actinomycetes; Mycobacteriales; Mycobacteriaceae; Mycobacterium,0,5_507_BmoA#5,core,0.8468,0,0,0,0,other > other > hydrolase > [alpha]
NZ_LZKQ01000276.1:1804-3166:-1,WP_065122969.1,A9X01_RS23040,,SRPBCC family protein,5_507_BmoA,5,108.1,0.4624,2.8e-31,NZ_LZKQ01000276.1,1804,3166,-1,Mycobacterium asiaticum,Bacteria; Bacillati; Actinomycetota; Actinomycetes; Mycobacteriales; Mycobacteriaceae; Mycobacterium,0,5_507_BmoA#1,core,0.8958,0,0,0,0,reductase > other > other > [alpha] > reductase
NZ_LZKL01000132.1:29375-30752:-1,WP_068281135.1,A5705_RS26610,,SRPBCC family protein,5_507_BmoA,5,111.9,0.4601,1.9e-32,NZ_LZKL01000132.1,29375,30752,-1,Mycobacterium sp. E787,Bacteria; Bacillati; Actinomycetota; Actinomycetes; Mycobacteriales; Mycobacteriaceae; Mycobacterium,0,5_507_BmoA#1,core,0.8892,0,0,0,0,reductase > dehydrogenase > dehydrogenase > other > other > other > [alpha] > reductase
NZ_LZKQ01000331.1:3601-4978:1,WP_065123816.1,A9X01_RS27540,,Rieske 2Fe-2S domain-containing protein,5_507_BmoA,5,128.3,0.4648,2.1e-37,NZ_LZKQ01000331.1,3601,4978,1,Mycobacterium asiaticum,Bacteria; Bacillati; Actinomycetota; Actinomycetes; Mycobacteriales; Mycobacteriaceae; Mycobacterium,0,5_507_BmoA#3,core,0.8595,0,0,0,0,other > reductase > [alpha] > other
NZ_LZKR01000173.1:10053-11427:1,WP_067159023.1,A9X00_RS23630,,SRPBCC family protein,5_507_BmoA,5,112.2,0.4601,1.6e-32,NZ_LZKR01000173.1,10053,11427,1,Mycobacterium sp. 1245805.9,Bacteria; Bacillati; Actinomycetota; Actinomycetes; Mycobacteriales; Mycobacteriaceae; Mycobacterium,0,5_507_BmoA#1,core,0.8576,0,0,0,0,reductase > dehydrogenase > dehydrogenase > other > other > other > [alpha] > reductase
NZ_LZKT01000135.1:0-1271:-1,WP_067322990.1,A5660_RS16095,,aromatic ring-hydroxylating dioxygenase subunit alpha,5_507_BmoA,5,111.2,0.4601,3.1e-32,NZ_LZKT01000135.1,0,1271,-1,Mycobacterium alsense,Bacteria; Bacillati; Actinomycetota; Actinomycetes; Mycobacteriales; Mycobacteriaceae; Mycobacterium,0,5_507_BmoA#1,core,0.8549,0,0,0,0,other > other > other > other > [alpha]
NZ_LZKT01000159.1:34798-36184:1,WP_067324074.1,A5660_RS18545,,SRPBCC family protein,5_507_BmoA,5,126.5,0.5,7.2e-37,NZ_LZKT01000159.1,34798,36184,1,Mycobacterium alsense,Bacteria; Bacillati; Actinomycetota; Actinomycetes; Mycobacteriales; Mycobacteriaceae; Mycobacterium,0,5_507_BmoA#3,core,0.9,0,0,0,0,other > reductase > [alpha] > transporter > transporter > other > other > other > other > other > other > regulator > other
NZ_LZKU01000212.1:4804-6175:-1,WP_066998042.1,A5625_RS20250,,SRPBCC family protein,5_507_BmoA,5,111.8,0.4648,2e-32,NZ_LZKU01000212.1,4804,6175,-1,Mycobacterium sp. 1465703.0,Bacteria; Bacillati; Actinomycetota; Actinomycetes; Mycobacteriales; Mycobacteriaceae; Mycobacterium,0,5_507_BmoA#1,core,0.887,0,0,0,0,reductase > dehydrogenase > dehydrogenase > other > other > other > [alpha] > reductase
NZ_LZLC01000163.1:63942-65070:-1,WP_064982678.1,A5630_RS16780,,aromatic ring-hydroxylating dioxygenase subunit alpha,5_507_BmoA,5,223.0,0.7864,3.7e-66,NZ_LZLC01000163.1,63942,65070,-1,Mycolicibacterium mucogenicum,Bacteria; Bacillati; Actinomycetota; Actinomycetes; Mycobacteriales; Mycobacteriaceae; Mycolicibacterium,0,5_507_BmoA#0,core,0.8056,2,0,1,1,ferredoxin > reductase > [alpha]
NZ_LZLL01000528.1:17130-18369:-1,WP_067143701.1,A9W96_RS24210,,SRPBCC family protein,5_507_BmoA,5,114.5,0.4765,3.2e-33,NZ_LZLL01000528.1,17130,18369,-1,Mycobacterium sp. 1245852.3,Bacteria; Bacillati; Actinomycetota; Actinomycetes; Mycobacteriales; Mycobacteriaceae; Mycobacterium,0,5_507_BmoA#92,novel_candidate,0.2586,0,0,0,0,other > other > [alpha] > hypothetical
NZ_LZLG01000128.1:105230-106625:-1,WP_065053824.1,A5628_RS24605,,aromatic ring-hydroxylating dioxygenase subunit alpha,5_507_BmoA,5,115.2,0.4648,1.9e-33,NZ_LZLG01000128.1,105230,106625,-1,Mycobacterium colombiense,Bacteria; Bacillati; Actinomycetota; Actinomycetes; Mycobacteriales; Mycobacteriaceae; Mycobacterium; Mycobacterium avium complex (MAC),0,5_507_BmoA#1,core,0.9117,0,0,0,0,hypothetical > reductase > dehydrogenase > dehydrogenase > other > other > other > [alpha] > reductase
NZ_LZLM01000018.1:106012-107374:1,WP_065138563.1,A5640_RS05870,,aromatic ring-hydroxylating dioxygenase subunit alpha,5_507_BmoA,5,107.5,0.4601,4.1e-31,NZ_LZLM01000018.1,106012,107374,1,Mycobacterium asiaticum,Bacteria; Bacillati; Actinomycetota; Actinomycetes; Mycobacteriales; Mycobacteriaceae; Mycobacterium,0,5_507_BmoA#1,core,0.8896,0,0,0,0,reductase > dehydrogenase > dehydrogenase > other > other > other > [alpha] > reductase
NZ_LZLM01000048.1:75493-76876:1,WP_065139354.1,A5640_RS12210,,SRPBCC family protein,5_507_BmoA,5,123.6,0.4624,5.5e-36,NZ_LZLM01000048.1,75493,76876,1,Mycobacterium asiaticum,Bacteria; Bacillati; Actinomycetota; Actinomycetes; Mycobacteriales; Mycobacteriaceae; Mycobacterium,0,5_507_BmoA#3,core,0.8542,0,0,0,0,other > reductase > [alpha] > other
NZ_LZLM01000115.1:102113-103439:1,WP_036361867.1,A5640_RS28185,,SRPBCC family protein,5_507_BmoA,5,110.0,0.4531,7.1e-32,NZ_LZLM01000115.1,102113,103439,1,Mycobacterium asiaticum,Bacteria; Bacillati; Actinomycetota; Actinomycetes; Mycobacteriales; Mycobacteriaceae; Mycobacterium,0,5_507_BmoA#5,core,0.8725,0,0,0,0,other > other > hydrolase > [alpha]
NZ_LZLQ01000148.1:132766-134128:1,WP_065161204.1,A5636_RS24220,,SRPBCC family protein,5_507_BmoA,5,103.5,0.4601,6.8e-30,NZ_LZLQ01000148.1,132766,134128,1,Mycobacterium asiaticum,Bacteria; Bacillati; Actinomycetota; Actinomycetes; Mycobacteriales; Mycobacteriaceae; Mycobacterium,0,5_507_BmoA#1,core,0.8776,0,0,0,0,reductase > dehydrogenase > dehydrogenase > other > other > other > [alpha] > reductase
NZ_LZLR01000107.1:51418-52744:-1,WP_065035807.1,A5635_RS12320,,SRPBCC family protein,5_507_BmoA,5,110.9,0.4531,3.7e-32,NZ_LZLR01000107.1,51418,52744,-1,Mycobacterium asiaticum,Bacteria; Bacillati; Actinomycetota; Actinomycetes; Mycobacteriales; Mycobacteriaceae; Mycobacterium,0,5_507_BmoA#5,core,0.8605,0,0,0,0,other > other > hydrolase > [alpha]
NZ_LZLS01000003.1:35906-37262:1,WP_065142107.1,A5634_RS00370,,SRPBCC family protein,5_507_BmoA,5,112.6,0.4624,1.1e-32,NZ_LZLS01000003.1,35906,37262,1,Mycobacterium asiaticum,Bacteria; Bacillati; Actinomycetota; Actinomycetes; Mycobacteriales; Mycobacteriaceae; Mycobacterium,0,5_507_BmoA#1,core,0.8596,0,0,0,0,reductase > dehydrogenase > dehydrogenase > other > other > other > [alpha] > reductase
NZ_LZLS01000184.1:28273-29623:1,WP_065145766.1,A5634_RS20030,,SRPBCC family protein,5_507_BmoA,5,120.5,0.4601,4.6e-35,NZ_LZLS01000184.1,28273,29623,1,Mycobacterium asiaticum,Bacteria; Bacillati; Actinomycetota; Actinomycetes; Mycobacteriales; Mycobacteriaceae; Mycobacterium,0,5_507_BmoA#5,core,0.83,0,0,0,0,other > other > hydrolase > [alpha]
NZ_LZLY01000080.1:14215-15592:-1,WP_067009850.1,A5655_RS11510,,SRPBCC family protein,5_507_BmoA,5,109.7,0.4601,8.6e-32,NZ_LZLY01000080.1,14215,15592,-1,Mycobacterium sp. 1081908.1,Bacteria; Bacillati; Actinomycetota; Actinomycetes; Mycobacteriales; Mycobacteriaceae; Mycobacterium,0,5_507_BmoA#1,core,0.8593,0,0,0,0,reductase > dehydrogenase > dehydrogenase > other > other > other > [alpha] > reductase
NZ_LZLV01000020.1:65035-66388:-1,WP_067331431.1,A5658_RS04075,,SRPBCC family protein,5_507_BmoA,5,105.8,0.4601,1.3e-30,NZ_LZLV01000020.1,65035,66388,-1,Mycobacterium sp. 1245111.1,Bacteria; Bacillati; Actinomycetota; Actinomycetes; Mycobacteriales; Mycobacteriaceae; Mycobacterium,0,5_507_BmoA#1,core,0.831,0,0,0,0,reductase > hypothetical > dehydrogenase > dehydrogenase > other > other > other > [alpha] > reductase
NZ_LZLV01000112.1:79671-81078:1,WP_067337535.1,A5658_RS16970,,SRPBCC family protein,5_507_BmoA,5,127.1,0.4671,4.6e-37,NZ_LZLV01000112.1,79671,81078,1,Mycobacterium sp. 1245111.1,Bacteria; Bacillati; Actinomycetota; Actinomycetes; Mycobacteriales; Mycobacteriaceae; Mycobacterium,0,5_507_BmoA#3,core,0.8319,0,0,0,0,other > reductase > [alpha] > other > other > other
NZ_LZMA01000191.1:34317-35712:1,WP_065053824.1,A5653_RS19840,,aromatic ring-hydroxylating dioxygenase subunit alpha,5_507_BmoA,5,115.2,0.4648,1.9e-33,NZ_LZMA01000191.1,34317,35712,1,Mycobacterium colombiense,Bacteria; Bacillati; Actinomycetota; Actinomycetes; Mycobacteriales; Mycobacteriaceae; Mycobacterium; Mycobacterium avium complex (MAC),0,5_507_BmoA#1,core,0.9117,0,0,0,0,reductase > dehydrogenase > dehydrogenase > other > other > other > [alpha] > reductase
NZ_LZMB01000569.1:169-1230:1,WP_067357988.1,A5652_RS24220,,aromatic ring-hydroxylating dioxygenase subunit alpha,5_507_BmoA,5,111.8,0.4624,2.1e-32,NZ_LZMB01000569.1,169,1230,1,Mycobacterium sp. 1165178.9,Bacteria; Bacillati; Actinomycetota; Actinomycetes; Mycobacteriales; Mycobacteriaceae; Mycobacterium,0,5_507_BmoA#1,core,0.8289,0,0,0,0,other > [alpha]
NZ_LZMH01000028.1:109655-111017:1,WP_065037460.1,A5645_RS07425,,SRPBCC family protein,5_507_BmoA,5,106.2,0.4601,1e-30,NZ_LZMH01000028.1,109655,111017,1,Mycobacterium asiaticum,Bacteria; Bacillati; Actinomycetota; Actinomycetes; Mycobacteriales; Mycobacteriaceae; Mycobacterium,0,5_507_BmoA#1,core,0.8892,0,0,0,0,reductase > dehydrogenase > dehydrogenase > other > other > other > [alpha] > reductase
NZ_LZSK01000034.1:33006-34359:1,WP_064897873.1,A5718_RS07810,,SRPBCC family protein,5_507_BmoA,5,128.5,0.4648,1.7e-37,NZ_LZSK01000034.1,33006,34359,1,Mycolicibacterium conceptionense,Bacteria; Bacillati; Actinomycetota; Actinomycetes; Mycobacteriales; Mycobacteriaceae; Mycolicibacterium,0,5_507_BmoA#31,novel_candidate,0.2982,0,0,0,0,[alpha] > hypothetical > other
NZ_LZSG01000005.1:372159-373503:1,WP_067373450.1,A9W99_RS03700,,aromatic ring-hydroxylating dioxygenase subunit alpha,5_507_BmoA,5,116.0,0.4601,1.1e-33,NZ_LZSG01000005.1,372159,373503,1,Mycobacterium sp. 1164966.3,Bacteria; Bacillati; Actinomycetota; Actinomycetes; Mycobacteriales; Mycobacteriaceae; Mycobacterium,0,5_507_BmoA#5,core,0.8255,0,0,0,0,hydrolase > [alpha] > other > hypothetical
NZ_LZSG01000019.1:93903-95271:1,WP_067375099.1,A9W99_RS06770,,Rieske 2Fe-2S domain-containing protein,5_507_BmoA,5,109.6,0.4624,9.5e-32,NZ_LZSG01000019.1,93903,95271,1,Mycobacterium sp. 1164966.3,Bacteria; Bacillati; Actinomycetota; Actinomycetes; Mycobacteriales; Mycobacteriaceae; Mycobacterium,0,5_507_BmoA#1,core,0.8392,0,0,0,0,reductase > dehydrogenase > dehydrogenase > other > other > other > [alpha] > reductase
NZ_LZSO01000034.1:137932-139285:1,WP_064934782.1,A5792_RS22645,,SRPBCC family protein,5_507_BmoA,5,125.7,0.4648,1.2e-36,NZ_LZSO01000034.1,137932,139285,1,Mycolicibacterium peregrinum,Bacteria; Bacillati; Actinomycetota; Actinomycetes; Mycobacteriales; Mycobacteriaceae; Mycolicibacterium,0,5_507_BmoA#31,novel_candidate,0.3562,0,0,0,0,[alpha] > hypothetical > other
NZ_LZSV01000024.1:208879-210277:-1,WP_067741209.1,A5758_RS15045,,SRPBCC family protein,5_507_BmoA,5,114.7,0.4648,2.7e-33,NZ_LZSV01000024.1,208879,210277,-1,Mycobacterium sp. 852014-50255_SCH5639931,Bacteria; Bacillati; Actinomycetota; Actinomycetes; Mycobacteriales; Mycobacteriaceae; Mycobacterium,0,5_507_BmoA#1,core,0.8707,0,0,0,0,reductase > dehydrogenase > dehydrogenase > other > other > other > [alpha] > reductase
NZ_LZSV01000002.1:131665-133045:1,WP_067735293.1,A5758_RS01100,,SRPBCC family protein,5_507_BmoA,5,124.5,0.4718,2.9e-36,NZ_LZSV01000002.1,131665,133045,1,Mycobacterium sp. 852014-50255_SCH5639931,Bacteria; Bacillati; Actinomycetota; Actinomycetes; Mycobacteriales; Mycobacteriaceae; Mycobacterium,0,5_507_BmoA#18,novel_candidate,0.2832,0,0,0,0,[alpha] > hypothetical > hypothetical > other > reductase > ring_cleavage
NZ_LZSX01000063.1:136997-138386:1,WP_064881187.1,A5760_RS12690,,aromatic ring-hydroxylating dioxygenase subunit alpha,5_507_BmoA,5,114.8,0.4648,2.5e-33,NZ_LZSX01000063.1,136997,138386,1,Mycobacterium colombiense,Bacteria; Bacillati; Actinomycetota; Actinomycetes; Mycobacteriales; Mycobacteriaceae; Mycobacterium; Mycobacterium avium complex (MAC),0,5_507_BmoA#1,core,0.8804,0,0,0,0,reductase > dehydrogenase > dehydrogenase > other > other > other > [alpha] > reductase
NZ_LZYB01000004.1:62371-63685:1,WP_232305322.1,I603_RS09045,,aromatic ring-hydroxylating dioxygenase subunit alpha,5_507_BmoA,5,157.5,0.4648,2.8e-46,NZ_LZYB01000004.1,62371,63685,1,Erythrobacter dokdonensis DSW-74,Bacteria; Pseudomonadati; Pseudomonadota; Alphaproteobacteria; Sphingomonadales; Erythrobacteraceae; Erythrobacter/Porphyrobacter group; Erythrobacter,0,5_507_BmoA#23,novel_candidate,0.2751,0,0,0,0,[alpha]
NZ_MAEM01000075.1:5892-7245:1,WP_065132479.1,A9W98_RS04575,,SRPBCC family protein,5_507_BmoA,5,115.9,0.4624,1.1e-33,NZ_MAEM01000075.1,5892,7245,1,Mycobacterium gordonae,Bacteria; Bacillati; Actinomycetota; Actinomycetes; Mycobacteriales; Mycobacteriaceae; Mycobacterium,0,5_507_BmoA#1,core,0.8405,0,0,0,0,reductase > dehydrogenase > dehydrogenase > other > other > other > [alpha] > reductase
NZ_MAXA01000279.1:86289-87486:1,WP_071067145.1,BBK14_RS33520,,SRPBCC family protein,5_507_BmoA,5,86.2,0.4507,1.2e-24,NZ_MAXA01000279.1,86289,87486,1,Parafrankia soli,Bacteria; Bacillati; Actinomycetota; Actinomycetes; Frankiales; Frankiaceae; Parafrankia,0,5_507_BmoA#17,novel_candidate,0.2089,0,0,0,0,hydrolase > [alpha] > other
NZ_MAUJ01000002.1:122799-123984:-1,WP_065790173.1,A7985_RS09160,,aromatic ring-hydroxylating dioxygenase subunit alpha,5_507_BmoA,5,145.2,0.6784,1.5e-42,NZ_MAUJ01000002.1,122799,123984,-1,Pseudoalteromonas luteoviolacea,Bacteria; Pseudomonadati; Pseudomonadota; Gammaproteobacteria; Alteromonadales; Pseudoalteromonadaceae; Pseudoalteromonas,0,5_507_BmoA#39,novel_candidate,0.2814,0,0,0,0,hypothetical > [alpha]
NZ_MBEE01000049.1:26329-27715:-1,WP_065479185.1,A5677_RS05495,,SRPBCC family protein,5_507_BmoA,5,127.1,0.5,4.6e-37,NZ_MBEE01000049.1,26329,27715,-1,Mycobacterium malmoense,Bacteria; Bacillati; Actinomycetota; Actinomycetes; Mycobacteriales; Mycobacteriaceae; Mycobacterium,0,5_507_BmoA#3,core,0.9121,0,0,0,0,other > reductase > [alpha]
NZ_MBGG01000081.1:13211-14564:-1,WP_019343171.1,A5746_RS07840,,SRPBCC family protein,5_507_BmoA,5,128.5,0.4648,1.7e-37,NZ_MBGG01000081.1,13211,14564,-1,Mycolicibacterium conceptionense,Bacteria; Bacillati; Actinomycetota; Actinomycetes; Mycobacteriales; Mycobacteriaceae; Mycolicibacterium,0,5_507_BmoA#31,novel_candidate,0.2955,0,0,0,0,[alpha] > hypothetical > other
NZ_MBET01000090.1:141296-142673:-1,WP_139329655.1,A5745_RS16690,,SRPBCC family protein,5_507_BmoA,5,108.6,0.4624,1.9e-31,NZ_MBET01000090.1,141296,142673,-1,Mycobacterium sp. IS-2888,Bacteria; Bacillati; Actinomycetota; Actinomycetes; Mycobacteriales; Mycobacteriaceae; Mycobacterium,0,5_507_BmoA#1,core,0.8663,0,0,0,0,reductase > dehydrogenase > dehydrogenase > other > other > other > [alpha] > reductase
NZ_MBLM01000022.1:6917-8297:-1,WP_071082454.1,CC117_RS04250,,SRPBCC family protein,5_507_BmoA,5,118.7,0.4671,1.7e-34,NZ_MBLM01000022.1,6917,8297,-1,Parafrankia colletiae,Bacteria; Bacillati; Actinomycetota; Actinomycetes; Frankiales; Frankiaceae; Parafrankia,0,5_507_BmoA#32,novel_candidate,0.2952,0,0,0,0,[alpha] > hypothetical
NZ_MBLM01000036.1:35061-36405:1,WP_071082727.1,CC117_RS05865,,SRPBCC family protein,5_507_BmoA,5,118.3,0.4648,2.2e-34,NZ_MBLM01000036.1,35061,36405,1,Parafrankia colletiae,Bacteria; Bacillati; Actinomycetota; Actinomycetes; Frankiales; Frankiaceae; Parafrankia,0,5_507_BmoA#29,divergent,0.4352,1,0,1,0,hydrolase > dehydrogenase > dehydrogenase > other > [alpha] > reductase > ferredoxin > hydrolase
NZ_MBLN01000004.1:4578-5958:-1,WP_071041150.1,BCD49_RS04355,,SRPBCC family protein,5_507_BmoA,5,125.5,0.4648,1.4e-36,NZ_MBLN01000004.1,4578,5958,-1,Pseudofrankia sp. EUN1h,Bacteria; Bacillati; Actinomycetota; Actinomycetes; Frankiales; Frankiaceae; Pseudofrankia,0,5_507_BmoA#32,novel_candidate,0.2997,0,0,0,0,[alpha] > hypothetical
NZ_MBLN01000041.1:106726-107908:1,WP_007508261.1,BCD49_RS09100,,aromatic ring-hydroxylating dioxygenase subunit alpha,5_507_BmoA,5,90.1,0.4695,8e-26,NZ_MBLN01000041.1,106726,107908,1,Pseudofrankia sp. EUN1h,Bacteria; Bacillati; Actinomycetota; Actinomycetes; Frankiales; Frankiaceae; Pseudofrankia,0,5_507_BmoA#17,novel_candidate,0.2671,0,0,0,0,transporter > [alpha] > other
NZ_MBLN01000041.1:125758-126937:1,WP_071041388.1,BCD49_RS09190,,aromatic ring-hydroxylating dioxygenase subunit alpha,5_507_BmoA,5,97.6,0.4671,4.1e-28,NZ_MBLN01000041.1,125758,126937,1,Pseudofrankia sp. EUN1h,Bacteria; Bacillati; Actinomycetota; Actinomycetes; Frankiales; Frankiaceae; Pseudofrankia,0,5_507_BmoA#53,novel_candidate,0.2477,0,0,0,0,dehydrogenase > dehydrogenase > other > reductase > other > hydrolase > [alpha] > reductase > other > other
NZ_MBLO01000053.1:29897-31241:-1,WP_071048151.1,BCD48_RS10400,,SRPBCC family protein,5_507_BmoA,5,116.3,0.4742,8.8e-34,NZ_MBLO01000053.1,29897,31241,-1,Pseudofrankia sp. BMG5.36,Bacteria; Bacillati; Actinomycetota; Actinomycetes; Frankiales; Frankiaceae; Pseudofrankia,0,5_507_BmoA#29,divergent,0.4411,1,0,1,0,other > dehydrogenase > dehydrogenase > other > [alpha] > reductase > ferredoxin
NZ_MBLN01000089.1:75720-77064:-1,WP_007515055.1,BCD49_RS34690,,SRPBCC family protein,5_507_BmoA,5,109.2,0.4554,1.3e-31,NZ_MBLN01000089.1,75720,77064,-1,Pseudofrankia sp. EUN1h,Bacteria; Bacillati; Actinomycetota; Actinomycetes; Frankiales; Frankiaceae; Pseudofrankia,0,5_507_BmoA#29,divergent,0.4065,1,0,1,0,other > hydrolase > dehydrogenase > dehydrogenase > other > [alpha] > reductase > ferredoxin
NZ_MBLN01000093.1:67577-68693:1,WP_071042394.1,BCD49_RS35810,,aromatic ring-hydroxylating dioxygenase subunit alpha,5_507_BmoA,5,207.1,0.77,2.5e-61,NZ_MBLN01000093.1,67577,68693,1,Pseudofrankia sp. EUN1h,Bacteria; Bacillati; Actinomycetota; Actinomycetes; Frankiales; Frankiaceae; Pseudofrankia,0,5_507_BmoA#0,core,0.6868,0,0,0,0,regulator > reductase > reductase > other > [alpha]
NZ_MBLO01000005.1:44659-46000:1,WP_071046353.1,BCD48_RS01250,,SRPBCC family protein,5_507_BmoA,5,109.7,0.4554,8.7e-32,NZ_MBLO01000005.1,44659,46000,1,Pseudofrankia sp. BMG5.36,Bacteria; Bacillati; Actinomycetota; Actinomycetes; Frankiales; Frankiaceae; Pseudofrankia,0,5_507_BmoA#29,divergent,0.4125,1,0,1,0,hydrolase > dehydrogenase > dehydrogenase > other > [alpha] > reductase > ferredoxin
NZ_MBLO01000036.1:324824-326003:-1,WP_071047574.1,BCD48_RS07695,,aromatic ring-hydroxylating dioxygenase subunit alpha,5_507_BmoA,5,96.9,0.4671,6.6e-28,NZ_MBLO01000036.1,324824,326003,-1,Pseudofrankia sp. BMG5.36,Bacteria; Bacillati; Actinomycetota; Actinomycetes; Frankiales; Frankiaceae; Pseudofrankia,0,5_507_BmoA#53,novel_candidate,0.2485,0,0,0,0,dehydrogenase > dehydrogenase > other > reductase > other > hydrolase > [alpha] > reductase > other > other
NZ_MBLO01000266.1:29541-30903:-1,WP_071053841.1,BCD48_RS41220,,SRPBCC family protein,5_507_BmoA,5,96.2,0.4554,1.1e-27,NZ_MBLO01000266.1,29541,30903,-1,Pseudofrankia sp. BMG5.36,Bacteria; Bacillati; Actinomycetota; Actinomycetes; Frankiales; Frankiaceae; Pseudofrankia,0,5_507_BmoA#52,novel_candidate,0.3921,0,0,0,0,[alpha]
NZ_MBLO01000266.1:62717-64100:-1,WP_312624859.1,BCD48_RS41375,,aromatic ring-hydroxylating dioxygenase subunit alpha,5_507_BmoA,5,108.3,0.5305,2.3e-31,NZ_MBLO01000266.1,62717,64100,-1,Pseudofrankia sp. BMG5.36,Bacteria; Bacillati; Actinomycetota; Actinomycetes; Frankiales; Frankiaceae; Pseudofrankia,0,5_507_BmoA#52,novel_candidate,0.3757,0,0,0,0,[alpha]
NZ_MBLO01000219.1:19540-20722:-1,WP_071050891.1,BCD48_RS25410,,aromatic ring-hydroxylating dioxygenase subunit alpha,5_507_BmoA,5,86.1,0.4695,1.3e-24,NZ_MBLO01000219.1,19540,20722,-1,Pseudofrankia sp. BMG5.36,Bacteria; Bacillati; Actinomycetota; Actinomycetes; Frankiales; Frankiaceae; Pseudofrankia,0,5_507_BmoA#17,novel_candidate,0.2579,0,0,0,0,[alpha] > other
NZ_MBSR01000078.1:3961-5155:1,WP_065785867.1,BC361_RS24925,,aromatic ring-hydroxylating dioxygenase subunit alpha,5_507_BmoA,5,346.1,0.9108,1.5e-103,NZ_MBSR01000078.1,3961,5155,1,Ensifer sp. LC54,Bacteria; Pseudomonadati; Pseudomonadota; Alphaproteobacteria; Hyphomicrobiales; Rhizobiaceae; Sinorhizobium/Ensifer group; Ensifer,0,5_507_BmoA#91,novel_candidate,0.3739,0,0,0,0,[alpha] > reductase > reductase > regulator
NZ_MCAP01000005.1:78695-79985:-1,WP_071230304.1,BC443_RS02700,,aromatic ring-hydroxylating dioxygenase subunit alpha,5_507_BmoA,5,836.9,0.9812,1.7e-252,NZ_MCAP01000005.1,78695,79985,-1,Salinicola sp. MIT1003,Bacteria; Pseudomonadati; Pseudomonadota; Gammaproteobacteria; Oceanospirillales; Halomonadaceae; Salinicola,0,5_507_BmoA#4,core,0.8862,0,0,0,0,[alpha]
NZ_MDCE01000008.1:46216-47362:-1,WP_065467874.1,XbrCFBP1976_RS07205,,aromatic ring-hydroxylating dioxygenase subunit alpha,5_507_BmoA,5,93.6,0.493,6.7e-27,NZ_MDCE01000008.1,46216,47362,-1,Xanthomonas bromi,Bacteria; Pseudomonadati; Pseudomonadota; Gammaproteobacteria; Lysobacterales; Lysobacteraceae; Xanthomonas,0,5_507_BmoA#12,novel_candidate,0.2669,0,0,0,0,other > other > regulator > other > other > other > reductase > reductase > other > [alpha] > other > other
NZ_MDJT01000142.1:79376-80522:1,WP_011051257.1,BFQ41_RS14965,,aromatic ring-hydroxylating dioxygenase subunit alpha,5_507_BmoA,5,96.3,0.5047,1e-27,NZ_MDJT01000142.1,79376,80522,1,Xanthomonas citri pv. citri,Bacteria; Pseudomonadati; Pseudomonadota; Gammaproteobacteria; Lysobacterales; Lysobacteraceae; Xanthomonas,0,5_507_BmoA#12,novel_candidate,0.2544,0,0,0,0,other > other > regulator > other > other > other > reductase > reductase > other > [alpha] > other > other
NZ_MDKE01000022.1:101825-103100:1,WP_071472795.1,BFR47_RS09235,,aromatic ring-hydroxylating dioxygenase subunit alpha,5_507_BmoA,5,734.0,0.9366,3e-221,NZ_MDKE01000022.1,101825,103100,1,Oceanisphaera psychrotolerans,Bacteria; Pseudomonadati; Pseudomonadota; Gammaproteobacteria; Aeromonadales; Aeromonadaceae; Oceanisphaera,0,5_507_BmoA#40,core,0.6639,0,0,0,0,[alpha]
NZ_MDKE01000055.1:106499-107711:-1,WP_071473803.1,BFR47_RS14880,,SRPBCC family protein,5_507_BmoA,5,545.2,0.9296,5.7e-164,NZ_MDKE01000055.1,106499,107711,-1,Oceanisphaera psychrotolerans,Bacteria; Pseudomonadati; Pseudomonadota; Gammaproteobacteria; Aeromonadales; Aeromonadaceae; Oceanisphaera,0,5_507_BmoA#90,divergent,0.5142,1,0,0,1,[alpha] > reductase
NZ_MIEQ01000060.1:15430-16702:1,WP_076720151.1,BGP75_RS17445,,aromatic ring-hydroxylating dioxygenase subunit alpha,5_507_BmoA,5,738.6,0.9601,1.2e-222,NZ_MIEQ01000060.1,15430,16702,1,Motiliproteus sp. MSK22-1,Bacteria; Pseudomonadati; Pseudomonadota; Gammaproteobacteria; Oceanospirillales; Oceanospirillaceae; Motiliproteus,0,5_507_BmoA#7,core,0.7853,0,0,0,0,[alpha]
NZ_MIHC01000034.1:27271-28678:-1,WP_069401731.1,BHQ21_RS18430,,Rieske 2Fe-2S domain-containing protein,5_507_BmoA,5,113.3,0.493,7.3e-33,NZ_MIHC01000034.1,27271,28678,-1,Mycobacterium sherrisii,Bacteria; Bacillati; Actinomycetota; Actinomycetes; Mycobacteriales; Mycobacteriaceae; Mycobacterium; Mycobacterium simiae complex,0,5_507_BmoA#1,core,0.8114,0,0,0,0,reductase > dehydrogenase > dehydrogenase > other > other > other > [alpha] > reductase
NZ_MIHG01000032.1:16849-18202:-1,WP_069433549.1,BHQ23_RS09370,,SRPBCC family protein,5_507_BmoA,5,115.9,0.4624,1.1e-33,NZ_MIHG01000032.1,16849,18202,-1,Mycobacterium gordonae,Bacteria; Bacillati; Actinomycetota; Actinomycetes; Mycobacteriales; Mycobacteriaceae; Mycobacterium,0,5_507_BmoA#1,core,0.8372,0,0,0,0,reductase > dehydrogenase > dehydrogenase > other > other > other > [alpha] > reductase
NZ_MIHG01000123.1:4436-5837:1,WP_065131948.1,BHQ23_RS21170,,Rieske 2Fe-2S domain-containing protein,5_507_BmoA,5,126.3,0.4836,8.2e-37,NZ_MIHG01000123.1,4436,5837,1,Mycobacterium gordonae,Bacteria; Bacillati; Actinomycetota; Actinomycetes; Mycobacteriales; Mycobacteriaceae; Mycobacterium,0,5_507_BmoA#3,core,0.8589,0,0,0,0,other > reductase > [alpha] > other
NZ_MIHB01000071.1:12657-14064:-1,WP_069422114.1,BHQ20_RS26385,,SRPBCC family protein,5_507_BmoA,5,128.3,0.4977,2e-37,NZ_MIHB01000071.1,12657,14064,-1,Mycobacterium intermedium,Bacteria; Bacillati; Actinomycetota; Actinomycetes; Mycobacteriales; Mycobacteriaceae; Mycobacterium; Mycobacterium simiae complex,0,5_507_BmoA#3,core,0.7982,0,0,0,0,other > [alpha] > hydrolase
NZ_MINO01000001.1:59653-60832:-1,WP_070150977.1,BHQ40_RS00305,,aromatic ring-hydroxylating dioxygenase subunit alpha,5_507_BmoA,5,123.4,0.4624,6.2e-36,NZ_MINO01000001.1,59653,60832,-1,Sphingobium phenoxybenzoativorans,Bacteria; Pseudomonadati; Pseudomonadota; Alphaproteobacteria; Sphingomonadales; Sphingomonadaceae; Sphingobium,0,5_507_BmoA#25,novel_candidate,0.2943,0,0,0,0,reductase > [alpha] > hydrolase
NZ_MINO01000004.1:71372-72704:-1,WP_070152422.1,BHQ40_RS03545,,SRPBCC family protein,5_507_BmoA,5,112.1,0.4601,1.7e-32,NZ_MINO01000004.1,71372,72704,-1,Sphingobium phenoxybenzoativorans,Bacteria; Pseudomonadati; Pseudomonadota; Alphaproteobacteria; Sphingomonadales; Sphingomonadaceae; Sphingobium,0,5_507_BmoA#8,core,0.7686,0,0,0,0,reductase > reductase > [alpha] > dehydrogenase > dehydrogenase > dehydrogenase > dehydrogenase > reductase
NZ_MINO01000004.1:113058-114411:1,WP_070152525.1,BHQ40_RS03735,,SRPBCC family protein,5_507_BmoA,5,121.8,0.4531,1.8e-35,NZ_MINO01000004.1,113058,114411,1,Sphingobium phenoxybenzoativorans,Bacteria; Pseudomonadati; Pseudomonadota; Alphaproteobacteria; Sphingomonadales; Sphingomonadaceae; Sphingobium,0,5_507_BmoA#45,novel_candidate,0.3291,0,0,0,0,alpha_other > [alpha]
NZ_MJIC01000001.1:37982-39170:1,WP_070174446.1,BFC17_RS00200,,aromatic ring-hydroxylating dioxygenase subunit alpha,5_507_BmoA,5,127.3,0.6901,4e-37,NZ_MJIC01000001.1,37982,39170,1,Alteromonas lipolytica,Bacteria; Pseudomonadati; Pseudomonadota; Gammaproteobacteria; Alteromonadales; Alteromonadaceae; Alteromonas/Salinimonas group; Alteromonas,0,5_507_BmoA#89,novel_candidate,0.2866,0,0,0,0,[alpha] > reductase
NZ_MJIC01000015.1:93280-94552:-1,WP_083271763.1,BFC17_RS14930,,aromatic ring-hydroxylating dioxygenase subunit alpha,5_507_BmoA,5,723.0,0.9437,6.2e-218,NZ_MJIC01000015.1,93280,94552,-1,Alteromonas lipolytica,Bacteria; Pseudomonadati; Pseudomonadota; Gammaproteobacteria; Alteromonadales; Alteromonadaceae; Alteromonas/Salinimonas group; Alteromonas,0,5_507_BmoA#40,core,0.6332,0,0,0,0,[alpha]
NZ_MKEP01000008.1:125179-126370:1,WP_069900219.1,AX279_RS11700,,aromatic ring-hydroxylating dioxygenase subunit alpha,5_507_BmoA,5,111.2,0.4742,3.1e-32,NZ_MKEP01000008.1,125179,126370,1,Pseudomonas sp. J237,Bacteria; Pseudomonadota; Gammaproteobacteria; Pseudomonadales; Pseudomonadaceae; Pseudomonas,0,5_507_BmoA#88,novel_candidate,0.2744,0,0,0,0,[alpha]
NZ_MKJW01000068.1:0-1109:-1,WP_075871258.1,BJF77_RS03210,,aromatic ring-hydroxylating dioxygenase subunit alpha,5_507_BmoA,5,218.5,0.7793,8.2e-65,NZ_MKJW01000068.1,0,1109,-1,Kocuria sp. CNJ-770,Bacteria; Bacillati; Actinomycetota; Actinomycetes; Micrococcales; Micrococcaceae; Kocuria,0,5_507_BmoA#0,core,0.7863,0,0,0,0,[alpha]
NZ_MKWB01000049.1:35223-36477:1,WP_052227707.1,BGP09_RS31485,,SRPBCC family protein,5_507_BmoA,5,568.8,0.939,4.1e-171,NZ_MKWB01000049.1,35223,36477,1,Rhizobium sp. 60-20,Bacteria; Pseudomonadati; Pseudomonadota; Alphaproteobacteria; Hyphomicrobiales; Rhizobiaceae; Rhizobium/Agrobacterium group; Rhizobium,0,5_507_BmoA#70,divergent,0.5393,0,0,0,0,ring_cleavage > [alpha] > reductase
NZ_MKZT01000005.1:67047-68358:-1,WP_070976370.1,BH688_RS01585,,aromatic ring-hydroxylating dioxygenase subunit alpha,5_507_BmoA,5,775.1,0.9836,9.8e-234,NZ_MKZT01000005.1,67047,68358,-1,Kushneria phosphatilytica,Bacteria; Pseudomonadati; Pseudomonadota; Gammaproteobacteria; Oceanospirillales; Halomonadaceae; Kushneria,0,5_507_BmoA#4,core,0.7575,0,0,0,0,[alpha]
NZ_MLYN01000013.1:152432-153566:1,WP_071371240.1,BIV25_RS06810,,aromatic ring-hydroxylating dioxygenase subunit alpha,5_507_BmoA,5,208.7,0.7864,8.1e-62,NZ_MLYN01000013.1,152432,153566,1,Streptomyces sp. MUSC 14,Bacteria; Bacillati; Actinomycetota; Actinomycetes; Kitasatosporales; Streptomycetaceae; Streptomyces,0,5_507_BmoA#0,core,0.9164,2,0,1,1,ferredoxin > reductase > [alpha]
NZ_MLYO01000041.1:24445-25579:1,WP_071383144.1,BIV23_RS24715,,aromatic ring-hydroxylating dioxygenase subunit alpha,5_507_BmoA,5,206.6,0.784,3.4e-61,NZ_MLYO01000041.1,24445,25579,1,Streptomyces monashensis,Bacteria; Bacillati; Actinomycetota; Actinomycetes; Kitasatosporales; Streptomycetaceae; Streptomyces,0,5_507_BmoA#0,core,0.9078,2,0,1,1,ferredoxin > reductase > [alpha]
NZ_MOBC01000005.1:608747-610004:-1,WP_123578758.1,BK652_RS10410,,SRPBCC family protein,5_507_BmoA,5,366.1,0.9343,1.3e-109,NZ_MOBC01000005.1,608747,610004,-1,Pseudomonas brassicacearum,Bacteria; Pseudomonadati; Pseudomonadota; Gammaproteobacteria; Pseudomonadales; Pseudomonadaceae; Pseudomonas,0,5_507_BmoA#2,core,0.8166,1,0,0,1,regulator > [alpha] > reductase > hypothetical
NZ_MOMC01000075.1:5613-6795:-1,WP_076820969.1,BL253_RS31630,,aromatic ring-hydroxylating dioxygenase subunit alpha,5_507_BmoA,5,91.6,0.4695,2.9e-26,NZ_MOMC01000075.1,5613,6795,-1,Pseudofrankia asymbiotica,Bacteria; Bacillati; Actinomycetota; Actinomycetes; Frankiales; Frankiaceae; Pseudofrankia,0,5_507_BmoA#17,novel_candidate,0.2704,0,0,0,0,[alpha] > other
NZ_MOWP01000042.1:81040-82447:-1,WP_076833858.1,CcI49_RS35330,,SRPBCC family protein,5_507_BmoA,5,120.4,0.4624,5e-35,NZ_MOWP01000042.1,81040,82447,-1,Frankia sp. CcI49,Bacteria; Bacillati; Actinomycetota; Actinomycetes; Frankiales; Frankiaceae; Frankia,0,5_507_BmoA#32,novel_candidate,0.2724,0,0,0,0,[alpha] > hypothetical > ring_cleavage > regulator
NZ_MOWP01000005.1:166970-168173:-1,WP_076824354.1,CcI49_RS03990,,aromatic ring-hydroxylating dioxygenase subunit alpha,5_507_BmoA,5,129.4,0.723,9.2e-38,NZ_MOWP01000005.1,166970,168173,-1,Frankia sp. CcI49,Bacteria; Bacillati; Actinomycetota; Actinomycetes; Frankiales; Frankiaceae; Frankia,0,5_507_BmoA#42,novel_candidate,0.2609,0,0,0,0,hypothetical > hydrolase > alpha_other > other > transporter > [alpha] > transporter
NZ_MOWP01000005.1:170396-171755:-1,WP_158230708.1,CcI49_RS04005,,aromatic ring-hydroxylating dioxygenase subunit alpha,5_507_BmoA,5,102.9,0.6878,1e-29,NZ_MOWP01000005.1,170396,171755,-1,Frankia sp. CcI49,Bacteria; Bacillati; Actinomycetota; Actinomycetes; Frankiales; Frankiaceae; Frankia,0,5_507_BmoA#54,novel_candidate,0.2808,0,0,0,0,hypothetical > hydrolase > [alpha] > other > transporter > alpha_other > transporter
NZ_MOWP01000009.1:98660-99866:-1,WP_076825698.1,CcI49_RS09265,,aromatic ring-hydroxylating dioxygenase subunit alpha,5_507_BmoA,5,93.4,0.4624,8e-27,NZ_MOWP01000009.1,98660,99866,-1,Frankia sp. CcI49,Bacteria; Bacillati; Actinomycetota; Actinomycetes; Frankiales; Frankiaceae; Frankia,0,5_507_BmoA#17,novel_candidate,0.2438,0,0,0,0,other > reductase > other > other > reductase > reductase > reductase > other > [alpha] > reductase > regulator > hydrolase
NZ_MPJF02000002.1:382069-383413:-1,WP_172442096.1,BMW24_RS04890,,SRPBCC family protein,5_507_BmoA,5,103.9,0.4601,5.2e-30,NZ_MPJF02000002.1,382069,383413,-1,Mycobacterium heckeshornense,Bacteria; Bacillati; Actinomycetota; Actinomycetes; Mycobacteriales; Mycobacteriaceae; Mycobacterium,0,5_507_BmoA#1,core,0.7823,0,0,0,0,reductase > dehydrogenase > dehydrogenase > other > other > other > [alpha] > reductase
NZ_MPNT01000031.1:41611-43015:1,WP_073879081.1,BRW65_RS24655,,Rieske 2Fe-2S domain-containing protein,5_507_BmoA,5,127.7,0.4977,3.1e-37,NZ_MPNT01000031.1,41611,43015,1,Mycobacterium paraffinicum,Bacteria; Bacillati; Actinomycetota; Actinomycetes; Mycobacteriales; Mycobacteriaceae; Mycobacterium,0,5_507_BmoA#3,core,0.75,0,0,0,0,hypothetical > [alpha] > hypothetical
NZ_MPNT01000001.1:157499-158939:1,WP_073870103.1,BRW65_RS00755,,SRPBCC family protein,5_507_BmoA,5,136.0,0.4977,9e-40,NZ_MPNT01000001.1,157499,158939,1,Mycobacterium paraffinicum,Bacteria; Bacillati; Actinomycetota; Actinomycetes; Mycobacteriales; Mycobacteriaceae; Mycobacterium,0,5_507_BmoA#3,core,0.9391,0,0,0,0,other > reductase > [alpha]
NZ_MSDP01000025.1:1609-2899:1,WP_075563253.1,BTW08_RS14540,,SRPBCC family protein,5_507_BmoA,5,831.9,0.9812,5.4e-251,NZ_MSDP01000025.1,1609,2899,1,Salinicola sp. MH3R3-1,Bacteria; Pseudomonadati; Pseudomonadota; Gammaproteobacteria; Oceanospirillales; Halomonadaceae; Salinicola,0,5_507_BmoA#4,core,0.8817,0,0,0,0,[alpha]
NZ_MSDQ01000026.1:9459-10746:1,WP_075369428.1,BTW10_RS10940,,aromatic ring-hydroxylating dioxygenase subunit alpha,5_507_BmoA,5,836.3,0.9953,2.6e-252,NZ_MSDQ01000026.1,9459,10746,1,Chromohalobacter japonicus,Bacteria; Pseudomonadati; Pseudomonadota; Gammaproteobacteria; Oceanospirillales; Halomonadaceae; Chromohalobacter,0,5_507_BmoA#4,core,0.8422,0,0,0,0,[alpha]
NZ_MSDV01000060.1:103025-104312:1,WP_075304096.1,BTH42_RS26290,,SRPBCC family protein,5_507_BmoA,5,461.8,0.9296,1.2e-138,NZ_MSDV01000060.1,103025,104312,1,Burkholderia sp. SRS-W-2-2016,Bacteria; Pseudomonadati; Pseudomonadota; Betaproteobacteria; Burkholderiales; Burkholderiaceae; Burkholderia,0,5_507_BmoA#9,core,0.9308,1,0,0,1,other > hypothetical > reductase > other > reductase > other > [alpha] > reductase
NZ_MSDV01000066.1:30704-31856:1,WP_075304512.1,BTH42_RS28425,,SRPBCC family protein,5_507_BmoA,5,145.1,0.5117,1.6e-42,NZ_MSDV01000066.1,30704,31856,1,Burkholderia sp. SRS-W-2-2016,Bacteria; Pseudomonadati; Pseudomonadota; Betaproteobacteria; Burkholderiales; Burkholderiaceae; Burkholderia,0,5_507_BmoA#10,core,0.7904,0,0,0,0,regulator > [alpha] > transporter > transporter > transporter > transporter
NZ_MSDZ01000017.1:361592-362834:-1,WP_074982710.1,BUM79_RS08120,,aromatic ring-hydroxylating dioxygenase subunit alpha,5_507_BmoA,5,464.1,0.9343,2.4e-139,NZ_MSDZ01000017.1,361592,362834,-1,Paraburkholderia tropica,Bacteria; Pseudomonadati; Pseudomonadota; Betaproteobacteria; Burkholderiales; Burkholderiaceae; Paraburkholderia,0,5_507_BmoA#9,core,0.8547,1,0,0,1,other > other > hypothetical > reductase > other > reductase > other > [alpha] > reductase > transporter
NZ_MTJU01000048.1:741-1875:-1,WP_000036625.1,BW243_RS12985,,SRPBCC family protein,5_507_BmoA,5,80.9,0.493,4.9e-23,NZ_MTJU01000048.1,741,1875,-1,Leptospira interrogans serovar Pomona,Bacteria; Pseudomonadati; Spirochaetota; Spirochaetia; Leptospirales; Leptospiraceae; Leptospira,0,5_507_BmoA#27,novel_candidate,0.2363,0,0,0,0,[alpha]
NZ_MTBE01000021.1:65372-66515:-1,WP_017404935.1,BV908_RS14480,,aromatic ring-hydroxylating dioxygenase subunit alpha,5_507_BmoA,5,153.8,0.6549,3.7e-45,NZ_MTBE01000021.1,65372,66515,-1,Diaphorobacter sp. LR2014-1,Bacteria; Pseudomonadati; Pseudomonadota; Betaproteobacteria; Burkholderiales; Comamonadaceae; Diaphorobacter,0,5_507_BmoA#13,novel_candidate,0.2673,2,0,1,1,[alpha] > ferredoxin > reductase
NZ_MTQP01000058.1:236683-237808:1,WP_077006692.1,ALI22I_RS18195,,aromatic ring-hydroxylating dioxygenase subunit alpha,5_507_BmoA,5,222.4,0.784,5.3e-66,NZ_MTQP01000058.1,236683,237808,1,Saccharothrix sp. ALI-22-I,Bacteria; Bacillati; Actinomycetota; Actinomycetes; Pseudonocardiales; Pseudonocardiaceae; Saccharothrix,0,5_507_BmoA#0,core,0.8227,2,0,1,1,ferredoxin > reductase > [alpha] > hydrolase > regulator > regulator > hypothetical
NZ_MUYH01000010.1:104291-105602:-1,WP_245790194.1,BZF60_RS10780,,aromatic ring-hydroxylating dioxygenase subunit alpha,5_507_BmoA,5,155.1,0.4648,1.5e-45,NZ_MUYH01000010.1,104291,105602,-1,Erythrobacter sanguineus,Bacteria; Pseudomonadati; Pseudomonadota; Alphaproteobacteria; Sphingomonadales; Erythrobacteraceae; Erythrobacter/Porphyrobacter group; Erythrobacter,0,5_507_BmoA#23,novel_candidate,0.2827,0,0,0,0,[alpha]
NZ_MVHT01000091.1:14209-15616:1,WP_069422114.1,BST27_RS24680,,SRPBCC family protein,5_507_BmoA,5,128.3,0.4977,2e-37,NZ_MVHT01000091.1,14209,15616,1,Mycobacterium intermedium,Bacteria; Bacillati; Actinomycetota; Actinomycetes; Mycobacteriales; Mycobacteriaceae; Mycobacterium; Mycobacterium simiae complex,0,5_507_BmoA#3,core,0.7982,0,0,0,0,other > [alpha] > hydrolase
NZ_MVHT01000003.1:140658-141993:1,WP_069417826.1,BST27_RS02065,,SRPBCC family protein,5_507_BmoA,5,113.1,0.4531,8.4e-33,NZ_MVHT01000003.1,140658,141993,1,Mycobacterium intermedium,Bacteria; Bacillati; Actinomycetota; Actinomycetes; Mycobacteriales; Mycobacteriaceae; Mycobacterium; Mycobacterium simiae complex,0,5_507_BmoA#5,core,0.8944,0,0,0,0,other > other > hydrolase > [alpha]
NZ_MVHT01000007.1:74265-75669:1,WP_069419143.1,BST27_RS04415,,SRPBCC family protein,5_507_BmoA,5,127.5,0.4977,3.5e-37,NZ_MVHT01000007.1,74265,75669,1,Mycobacterium intermedium,Bacteria; Bacillati; Actinomycetota; Actinomycetes; Mycobacteriales; Mycobacteriaceae; Mycobacterium; Mycobacterium simiae complex,0,5_507_BmoA#3,core,0.8947,0,0,0,0,other > reductase > [alpha]
NZ_MVHP01000003.1:159174-160548:-1,WP_046753347.1,BST23_RS04335,,SRPBCC family protein,5_507_BmoA,5,132.0,0.4531,1.5e-38,NZ_MVHP01000003.1,159174,160548,-1,Mycolicibacterium elephantis,Bacteria; Bacillati; Actinomycetota; Actinomycetes; Mycobacteriales; Mycobacteriaceae; Mycolicibacterium,0,5_507_BmoA#18,novel_candidate,0.2994,0,0,0,0,[alpha] > hypothetical > other > reductase > ring_cleavage
NZ_MVHT01000135.1:4760-6146:-1,WP_069418451.1,BST27_RS28315,,Rieske 2Fe-2S domain-containing protein,5_507_BmoA,5,115.2,0.4601,1.9e-33,NZ_MVHT01000135.1,4760,6146,-1,Mycobacterium intermedium,Bacteria; Bacillati; Actinomycetota; Actinomycetes; Mycobacteriales; Mycobacteriaceae; Mycobacterium; Mycobacterium simiae complex,0,5_507_BmoA#1,core,0.7855,0,0,0,0,other > other > [alpha] > reductase
NZ_NCXN01000021.1:31091-32435:-1,WP_008262426.1,B8W68_RS16410,,SRPBCC family protein,5_507_BmoA,5,116.9,0.4531,5.6e-34,NZ_NCXN01000021.1,31091,32435,-1,Mycobacterium paraintracellulare,Bacteria; Bacillati; Actinomycetota; Actinomycetes; Mycobacteriales; Mycobacteriaceae; Mycobacterium; Mycobacterium avium complex (MAC),0,5_507_BmoA#5,core,0.93,0,0,0,0,regulator > other > hydrolase > [alpha]
NZ_NCXN01000012.1:98269-99622:-1,WP_014384796.1,B8W68_RS11845,,Rieske 2Fe-2S domain-containing protein,5_507_BmoA,5,112.1,0.4624,1.6e-32,NZ_NCXN01000012.1,98269,99622,-1,Mycobacterium paraintracellulare,Bacteria; Bacillati; Actinomycetota; Actinomycetes; Mycobacteriales; Mycobacteriaceae; Mycobacterium; Mycobacterium avium complex (MAC),0,5_507_BmoA#1,core,0.8776,0,0,0,0,reductase > dehydrogenase > dehydrogenase > other > other > other > [alpha] > reductase
NZ_NCXO01000040.1:19420-20815:1,WP_069391077.1,B8W67_RS15680,,SRPBCC family protein,5_507_BmoA,5,113.7,0.4624,5.4e-33,NZ_NCXO01000040.1,19420,20815,1,Mycolicibacillus koreensis,Bacteria; Bacillati; Actinomycetota; Actinomycetes; Mycobacteriales; Mycobacteriaceae; Mycolicibacillus,0,5_507_BmoA#87,novel_candidate,0.3112,0,0,0,0,reductase > [alpha] > regulator > dehydrogenase > dehydrogenase > other > dehydrogenase > dehydrogenase > other > other > ferredoxin > other > other
NZ_NFVD01000056.1:24852-26001:1,WP_009770206.1,CA602_RS03875,,SRPBCC family protein,5_507_BmoA,5,132.7,0.5704,9.4e-39,NZ_NFVD01000056.1,24852,26001,1,Paraburkholderia hospita,Bacteria; Pseudomonadati; Pseudomonadota; Betaproteobacteria; Burkholderiales; Burkholderiaceae; Paraburkholderia,0,5_507_BmoA#10,core,0.9238,0,0,0,0,[alpha] > transporter > transporter > transporter > transporter
NZ_NFVE01000479.1:24497-25646:1,WP_009770206.1,CA601_RS33290,,SRPBCC family protein,5_507_BmoA,5,132.7,0.5704,9.4e-39,NZ_NFVE01000479.1,24497,25646,1,Paraburkholderia hospita,Bacteria; Pseudomonadati; Pseudomonadota; Betaproteobacteria; Burkholderiales; Burkholderiaceae; Paraburkholderia,0,5_507_BmoA#10,core,0.9238,0,0,0,0,[alpha] > transporter > transporter > transporter > transporter
NZ_NFVE01000104.1:6633-7890:-1,WP_007584668.1,CA601_RS07660,,SRPBCC family protein,5_507_BmoA,5,372.9,0.9272,1.1e-111,NZ_NFVE01000104.1,6633,7890,-1,Paraburkholderia hospita,Bacteria; Pseudomonadati; Pseudomonadota; Betaproteobacteria; Burkholderiales; Burkholderiaceae; Paraburkholderia,0,5_507_BmoA#2,core,0.876,1,0,0,1,regulator > regulator > other > transporter > regulator > [alpha] > reductase > other
NZ_NISH01000006.1:212268-213615:1,WP_033712240.1,CEV14_RS12090,,SRPBCC family protein,5_507_BmoA,5,115.5,0.4531,1.6e-33,NZ_NISH01000006.1,212268,213615,1,Mycobacterium avium subsp. hominissuis,Bacteria; Bacillati; Actinomycetota; Actinomycetes; Mycobacteriales; Mycobacteriaceae; Mycobacterium; Mycobacterium avium complex (MAC),0,5_507_BmoA#5,core,0.9387,0,0,0,0,regulator > other > hydrolase > [alpha]
NZ_NOYY01000014.1:2174-3326:1,WP_027494741.1,CH257_RS06180,,aromatic ring-hydroxylating dioxygenase subunit alpha,5_507_BmoA,5,213.9,0.7887,2.2e-63,NZ_NOYY01000014.1,2174,3326,1,Rhodococcus sp. 05-2256-B3,Bacteria; Bacillati; Actinomycetota; Actinomycetes; Mycobacteriales; Nocardiaceae; Rhodococcus,0,5_507_BmoA#0,core,0.7606,2,0,1,1,ferredoxin > reductase > [alpha] > regulator > regulator
NZ_NPFM01000017.1:166310-167462:-1,WP_207309267.1,CH305_RS10130,,aromatic ring-hydroxylating dioxygenase subunit alpha,5_507_BmoA,5,214.0,0.7887,1.9e-63,NZ_NPFM01000017.1,166310,167462,-1,Rhodococcus sp. 15-649-2-2,Bacteria; Bacillati; Actinomycetota; Actinomycetes; Mycobacteriales; Nocardiaceae; Rhodococcus,0,5_507_BmoA#0,core,0.7606,2,0,1,1,ferredoxin > reductase > [alpha] > regulator > regulator
NZ_NOYG01000019.1:82434-83586:1,WP_217901712.1,CH254_RS11450,,aromatic ring-hydroxylating dioxygenase subunit alpha,5_507_BmoA,5,213.9,0.7887,2.1e-63,NZ_NOYG01000019.1,82434,83586,1,Rhodococcus sp. 06-412-2C,Bacteria; Bacillati; Actinomycetota; Actinomycetes; Mycobacteriales; Nocardiaceae; Rhodococcus,0,5_507_BmoA#0,core,0.7465,2,0,1,1,ferredoxin > reductase > [alpha] > regulator > regulator > hypothetical
NZ_NOYI01000019.1:66811-67963:-1,WP_218828805.1,CH275_RS18095,,aromatic ring-hydroxylating dioxygenase subunit alpha,5_507_BmoA,5,214.0,0.7887,2e-63,NZ_NOYI01000019.1,66811,67963,-1,Rhodococcus sp. 06-235-1A,Bacteria; Bacillati; Actinomycetota; Actinomycetes; Mycobacteriales; Nocardiaceae; Rhodococcus,0,5_507_BmoA#0,core,0.7577,2,0,1,1,ferredoxin > reductase > [alpha] > regulator > regulator
NZ_NOYJ01000016.1:431922-433074:1,WP_027494741.1,CH281_RS09580,,aromatic ring-hydroxylating dioxygenase subunit alpha,5_507_BmoA,5,213.9,0.7887,2.2e-63,NZ_NOYJ01000016.1,431922,433074,1,Rhodococcus sp. 06-221-2,Bacteria; Bacillati; Actinomycetota; Actinomycetes; Mycobacteriales; Nocardiaceae; Rhodococcus,0,5_507_BmoA#0,core,0.7606,2,0,1,1,ferredoxin > reductase > [alpha] > regulator > regulator
NZ_NPFP01000018.1:76829-77981:-1,WP_052048080.1,CH302_RS11985,,aromatic ring-hydroxylating dioxygenase subunit alpha,5_507_BmoA,5,200.5,0.777,2.5e-59,NZ_NPFP01000018.1,76829,77981,-1,Rhodococcus sp. 15-2388-1-1a,Bacteria; Bacillati; Actinomycetota; Actinomycetes; Mycobacteriales; Nocardiaceae; Rhodococcus,0,5_507_BmoA#0,core,0.7098,0,0,0,0,reductase > other > [alpha]
NZ_NPFU01000010.1:255687-256839:-1,WP_027494741.1,CH297_RS11560,,aromatic ring-hydroxylating dioxygenase subunit alpha,5_507_BmoA,5,213.9,0.7887,2.2e-63,NZ_NPFU01000010.1,255687,256839,-1,Rhodococcoides fascians,Bacteria; Bacillati; Actinomycetota; Actinomycetes; Mycobacteriales; Nocardiaceae; Rhodococcoides,0,5_507_BmoA#0,core,0.7606,2,0,1,1,ferredoxin > reductase > [alpha] > regulator > regulator
NZ_NSFE01000005.1:98344-99697:-1,WP_009952442.1,CKJ65_RS12775,,SRPBCC family protein,5_507_BmoA,5,111.6,0.4624,2.3e-32,NZ_NSFE01000005.1,98344,99697,-1,Mycobacterium intracellulare,Bacteria; Bacillati; Actinomycetota; Actinomycetes; Mycobacteriales; Mycobacteriaceae; Mycobacterium; Mycobacterium avium complex (MAC),0,5_507_BmoA#1,core,0.8741,0,0,0,0,reductase > dehydrogenase > dehydrogenase > other > other > other > [alpha] > reductase
NZ_NSDZ01000012.1:401675-402836:-1,WP_072944001.1,CJ179_RS46325,,aromatic ring-hydroxylating dioxygenase subunit alpha,5_507_BmoA,5,214.8,0.7793,1.1e-63,NZ_NSDZ01000012.1,401675,402836,-1,Rhodococcus sp. ACS1,Bacteria; Bacillati; Actinomycetota; Actinomycetes; Mycobacteriales; Nocardiaceae; Rhodococcus,0,5_507_BmoA#0,core,0.755,0,0,0,0,[alpha] > transporter > dehydrogenase > transporter > reductase
NZ_NSFC01000005.1:762808-764152:1,WP_008262426.1,CKJ68_RS26310,,SRPBCC family protein,5_507_BmoA,5,116.9,0.4531,5.6e-34,NZ_NSFC01000005.1,762808,764152,1,Mycobacterium intracellulare,Bacteria; Bacillati; Actinomycetota; Actinomycetes; Mycobacteriales; Mycobacteriaceae; Mycobacterium; Mycobacterium avium complex (MAC),0,5_507_BmoA#5,core,0.93,0,0,0,0,regulator > other > hydrolase > [alpha]
NZ_NSFD01000054.1:130183-131530:1,WP_011726580.1,CKJ66_RS25865,,SRPBCC family protein,5_507_BmoA,5,114.7,0.4554,2.7e-33,NZ_NSFD01000054.1,130183,131530,1,Mycobacterium avium,Bacteria; Bacillati; Actinomycetota; Actinomycetes; Mycobacteriales; Mycobacteriaceae; Mycobacterium; Mycobacterium avium complex (MAC),0,5_507_BmoA#5,core,0.9415,0,0,0,0,regulator > other > hydrolase > [alpha]
NZ_NSFE01000001.1:63273-64617:1,WP_095762663.1,CKJ65_RS00325,,SRPBCC family protein,5_507_BmoA,5,117.0,0.4531,5.5e-34,NZ_NSFE01000001.1,63273,64617,1,Mycobacterium intracellulare,Bacteria; Bacillati; Actinomycetota; Actinomycetes; Mycobacteriales; Mycobacteriaceae; Mycobacterium; Mycobacterium avium complex (MAC),0,5_507_BmoA#5,core,0.93,0,0,0,0,regulator > other > hydrolase > [alpha]
NZ_NSDZ01000003.1:191103-192306:-1,WP_072947240.1,CJ179_RS11410,,aromatic ring-hydroxylating dioxygenase subunit alpha,5_507_BmoA,5,183.3,0.7418,4e-54,NZ_NSDZ01000003.1,191103,192306,-1,Rhodococcus sp. ACS1,Bacteria; Bacillati; Actinomycetota; Actinomycetes; Mycobacteriales; Nocardiaceae; Rhodococcus,0,5_507_BmoA#51,novel_candidate,0.3571,1,0,0,1,regulator > other > [alpha] > reductase > hypothetical
NZ_NSKF01000003.1:102475-103675:-1,WP_095650217.1,CK505_RS03290,,aromatic ring-hydroxylating dioxygenase subunit alpha,5_507_BmoA,5,220.8,0.8028,1.7e-65,NZ_NSKF01000003.1,102475,103675,-1,Kocuria sp. WN036,Bacteria; Bacillati; Actinomycetota; Actinomycetes; Micrococcales; Micrococcaceae; Kocuria,0,5_507_BmoA#0,core,0.7556,1,0,0,1,reductase > [alpha] > transporter > regulator
NZ_NVQJ01000019.1:20343-21492:1,WP_003900647.1,CQR29_RS10605,,Rieske 2Fe-2S domain-containing protein,5_507_BmoA,5,124.8,0.4906,2.3e-36,NZ_NVQJ01000019.1,20343,21492,1,Mycobacterium tuberculosis H37Rv,Bacteria; Bacillati; Actinomycetota; Actinomycetes; Mycobacteriales; Mycobacteriaceae; Mycobacterium; Mycobacterium tuberculosis complex,0,5_507_BmoA#86,novel_candidate,0.2979,0,0,0,0,regulator > hypothetical > hypothetical > other > hypothetical > other > [alpha] > regulator
NZ_NVGV01000015.1:282671-283820:1,WP_047751332.1,COL65_RS19175,,SRPBCC family protein,5_507_BmoA,5,206.8,0.7676,2.9e-61,NZ_NVGV01000015.1,282671,283820,1,Priestia aryabhattai,Bacteria; Bacillati; Bacillota; Bacilli; Bacillales; Bacillaceae; Priestia,0,5_507_BmoA#19,divergent,0.4543,1,0,0,1,reductase > other > [alpha] > transporter > transporter > transporter > other
NZ_NWUF01000014.1:69691-71023:1,WP_066967813.1,COO09_RS14685,,SRPBCC family protein,5_507_BmoA,5,126.8,0.5516,5.8e-37,NZ_NWUF01000014.1,69691,71023,1,Rhizorhabdus dicambivorans,Bacteria; Pseudomonadati; Pseudomonadota; Alphaproteobacteria; Sphingomonadales; Sphingomonadaceae; Rhizorhabdus,0,5_507_BmoA#33,novel_candidate,0.3735,0,0,0,0,dehydrogenase > [alpha] > reductase
NZ_NWVC01000001.1:268807-269947:-1,WP_066713224.1,COA07_RS01335,,aromatic ring-hydroxylating dioxygenase subunit alpha,5_507_BmoA,5,95.3,0.4554,2e-27,NZ_NWVC01000001.1,268807,269947,-1,Sphingomonas adhaesiva,Bacteria; Pseudomonadati; Pseudomonadota; Alphaproteobacteria; Sphingomonadales; Sphingomonadaceae; Sphingomonas,0,5_507_BmoA#85,novel_candidate,0.2962,0,0,0,0,[alpha]
NZ_NWUF01000001.1:359004-360195:1,WP_066959204.1,COO09_RS01725,,aromatic ring-hydroxylating dioxygenase subunit alpha,5_507_BmoA,5,156.5,0.6362,5.5e-46,NZ_NWUF01000001.1,359004,360195,1,Rhizorhabdus dicambivorans,Bacteria; Pseudomonadati; Pseudomonadota; Alphaproteobacteria; Sphingomonadales; Sphingomonadaceae; Rhizorhabdus,0,5_507_BmoA#66,novel_candidate,0.3091,1,0,0,1,[alpha] > reductase
NZ_PCGS01000559.1:300-1428:1,WP_010356180.1,CQR58_RS44430,,aromatic ring-hydroxylating dioxygenase subunit alpha,5_507_BmoA,5,223.7,0.7887,2.2e-66,NZ_PCGS01000559.1,300,1428,1,Streptomyces acidiscabies,Bacteria; Actinomycetota; Actinomycetes; Kitasatosporales; Streptomycetaceae; Streptomyces,0,5_507_BmoA#0,core,0.9045,0,0,0,0,reductase > [alpha]
NZ_PBXY01000087.1:124200-125415:-1,WP_017183034.1,CMN64_RS26610,,aromatic ring-hydroxylating dioxygenase subunit alpha,5_507_BmoA,5,136.4,0.4554,7.1e-40,NZ_PBXY01000087.1,124200,125415,-1,Sphingobium sp.,Bacteria; Pseudomonadati; Pseudomonadota; Alphaproteobacteria; Sphingomonadales; Sphingomonadaceae; Sphingobium,0,5_507_BmoA#15,novel_candidate,0.2759,0,0,0,0,[alpha]
NZ_PDZL01000015.1:16099-17200:-1,WP_046683421.1,CSQ93_RS20920,,aromatic ring-hydroxylating dioxygenase subunit alpha,5_507_BmoA,5,79.2,0.7136,1.6e-22,NZ_PDZL01000015.1,16099,17200,-1,Janthinobacterium sp. BJB426,Bacteria; Pseudomonadati; Pseudomonadota; Betaproteobacteria; Burkholderiales; Oxalobacteraceae; Janthinobacterium,0,5_507_BmoA#6,core,0.9542,0,0,0,0,[alpha] > transporter > other
NZ_PISI01000012.1:19525-20683:1,WP_074985227.1,CW310_RS06030,,aromatic ring-hydroxylating dioxygenase subunit alpha,5_507_BmoA,5,94.0,0.4718,5.3e-27,NZ_PISI01000012.1,19525,20683,1,Pseudomonas citronellolis,Bacteria; Pseudomonadati; Pseudomonadota; Gammaproteobacteria; Pseudomonadales; Pseudomonadaceae; Pseudomonas,0,5_507_BmoA#84,novel_candidate,0.2599,0,0,0,0,regulator > [alpha]
NZ_PTIR01000019.1:20016-21258:-1,WP_026229958.1,B0G57_RS23325,,SRPBCC family protein,5_507_BmoA,5,477.3,0.9319,2.4e-143,NZ_PTIR01000019.1,20016,21258,-1,Trinickia symbiotica,Bacteria; Pseudomonadati; Pseudomonadota; Betaproteobacteria; Burkholderiales; Burkholderiaceae; Trinickia,0,5_507_BmoA#43,core,0.8295,1,0,0,1,other > other > hypothetical > reductase > other > reductase > hypothetical > [alpha] > reductase
NZ_PVZM01000033.1:33957-35268:-1,WP_030100592.1,BX589_RS37760,,SRPBCC family protein,5_507_BmoA,5,464.7,0.9366,1.6e-139,NZ_PVZM01000033.1,33957,35268,-1,Paraburkholderia fungorum,Bacteria; Pseudomonadati; Pseudomonadota; Betaproteobacteria; Burkholderiales; Burkholderiaceae; Paraburkholderia,0,5_507_BmoA#9,core,0.9454,1,0,0,1,other > other > hypothetical > reductase > other > reductase > other > [alpha] > reductase > transporter
NZ_PYUC01000002.1:26181-27567:1,WP_018442691.1,C9I57_RS03605,,SRPBCC family protein,5_507_BmoA,5,109.4,0.4531,1.1e-31,NZ_PYUC01000002.1,26181,27567,1,Trinickia symbiotica,Bacteria; Pseudomonadati; Pseudomonadota; Betaproteobacteria; Burkholderiales; Burkholderiaceae; Trinickia,0,5_507_BmoA#83,novel_candidate,0.3188,0,0,0,0,reductase > [alpha] > other > dehydrogenase > other > reductase > other > other > dehydrogenase
NZ_QAIM01000515.1:13382-14525:1,WP_017404935.1,DBR23_RS21970,,aromatic ring-hydroxylating dioxygenase subunit alpha,5_507_BmoA,5,153.8,0.6549,3.7e-45,NZ_QAIM01000515.1,13382,14525,1,Acidovorax sp. HMWF018,Bacteria; Pseudomonadati; Pseudomonadota; Betaproteobacteria; Burkholderiales; Comamonadaceae; Acidovorax,0,5_507_BmoA#13,novel_candidate,0.2673,2,0,1,1,[alpha] > ferredoxin > reductase
NZ_PZJS01000002.1:180451-181741:1,WP_075570386.1,DOM29_RS03000,,SRPBCC family protein,5_507_BmoA,5,835.8,0.9765,3.8e-252,NZ_PZJS01000002.1,180451,181741,1,Salinicola socius,Bacteria; Pseudomonadati; Pseudomonadota; Gammaproteobacteria; Oceanospirillales; Halomonadaceae; Salinicola,0,5_507_BmoA#4,core,0.8965,0,0,0,0,[alpha]
NZ_QEZD01000074.1:51520-52666:1,WP_039421873.1,EO146_RS21405,,aromatic ring-hydroxylating dioxygenase subunit alpha,5_507_BmoA,5,97.4,0.4906,4.8e-28,NZ_QEZD01000074.1,51520,52666,1,Xanthomonas vesicatoria,Bacteria; Pseudomonadati; Pseudomonadota; Gammaproteobacteria; Lysobacterales; Lysobacteraceae; Xanthomonas,0,5_507_BmoA#12,novel_candidate,0.2575,0,0,0,0,other > other > regulator > other > other > other > reductase > reductase > other > [alpha] > other > other
NZ_QEKO01000002.1:842148-843399:1,WP_017523081.1,C7440_RS11140,,SRPBCC family protein,5_507_BmoA,5,94.6,0.4531,3.3e-27,NZ_QEKO01000002.1,842148,843399,1,Pusillimonas noertemannii,Bacteria; Pseudomonadati; Pseudomonadota; Betaproteobacteria; Burkholderiales; Alcaligenaceae; Pusillimonas,0,5_507_BmoA#82,novel_candidate,0.2682,0,0,0,0,[alpha] > hypothetical > other > reductase > transporter > ferredoxin > other
NZ_QFDR01000001.1:320090-321227:-1,WP_055718140.1,DF268_RS01470,,aromatic ring-hydroxylating dioxygenase subunit alpha,5_507_BmoA,5,218.7,0.7934,7.4e-65,NZ_QFDR01000001.1,320090,321227,-1,Streptomyces sp. V2,Bacteria; Bacillati; Actinomycetota; Actinomycetes; Kitasatosporales; Streptomycetaceae; Streptomyces,0,5_507_BmoA#0,core,0.8972,2,0,1,1,ferredoxin > reductase > [alpha]
NZ_QHKI01000072.1:42838-43954:-1,WP_037271554.1,DMH04_RS46270,,aromatic ring-hydroxylating dioxygenase subunit alpha,5_507_BmoA,5,226.4,0.7887,3.5e-67,NZ_QHKI01000072.1,42838,43954,-1,Kibdelosporangium aridum,Bacteria; Bacillati; Actinomycetota; Actinomycetes; Pseudonocardiales; Pseudonocardiaceae; Kibdelosporangium,0,5_507_BmoA#0,core,0.7666,2,0,1,1,ferredoxin > reductase > [alpha]
NZ_QHKK01000054.1:25647-26778:-1,WP_126899927.1,DMH25_RS18800,,aromatic ring-hydroxylating dioxygenase subunit alpha,5_507_BmoA,5,218.9,0.7887,6.5e-65,NZ_QHKK01000054.1,25647,26778,-1,Streptomyces sp. WAC 01325,Bacteria; Bacillati; Actinomycetota; Actinomycetes; Kitasatosporales; Streptomycetaceae; Streptomyces,0,5_507_BmoA#0,core,0.9169,2,0,1,1,ferredoxin > reductase > [alpha]
NZ_QHJI01000005.1:664186-665299:1,WP_125689897.1,DMC61_RS15855,,aromatic ring-hydroxylating dioxygenase subunit alpha,5_507_BmoA,5,223.5,0.7864,2.6e-66,NZ_QHJI01000005.1,664186,665299,1,Amycolatopsis sp. WAC 04169,Bacteria; Bacillati; Actinomycetota; Actinomycetes; Pseudonocardiales; Pseudonocardiaceae; Amycolatopsis,0,5_507_BmoA#0,core,0.792,0,0,0,0,reductase > other > [alpha]
NZ_QHHU01000024.1:26674-27796:1,WP_020640799.1,DMA12_RS18620,,aromatic ring-hydroxylating dioxygenase subunit alpha,5_507_BmoA,5,221.6,0.784,9.9e-66,NZ_QHHU01000024.1,26674,27796,1,Amycolatopsis balhimycina DSM 5908,Bacteria; Bacillati; Actinomycetota; Actinomycetes; Pseudonocardiales; Pseudonocardiaceae; Amycolatopsis,0,5_507_BmoA#0,core,0.7977,0,0,0,0,[alpha]
NZ_QJKC01000018.1:6710-7976:-1,WP_059287100.1,DFR38_RS16830,,SRPBCC family protein,5_507_BmoA,5,495.9,0.9343,5.5e-149,NZ_QJKC01000018.1,6710,7976,-1,Aquitalea magnusonii,Bacteria; Pseudomonadati; Pseudomonadota; Betaproteobacteria; Neisseriales; Chromobacteriaceae; Aquitalea,0,5_507_BmoA#9,core,0.6467,1,0,0,1,hypothetical > reductase > hypothetical > reductase > reductase > [alpha]
NZ_QKZM01000083.1:12132-13287:-1,WP_072632340.1,LY10_RS17190,,aromatic ring-hydroxylating dioxygenase subunit alpha,5_507_BmoA,5,110.9,0.6244,3.8e-32,NZ_QKZM01000083.1,12132,13287,-1,Planktotalea frisia,Bacteria; Pseudomonadati; Pseudomonadota; Alphaproteobacteria; Rhodobacterales; Paracoccaceae; Planktotalea,0,5_507_BmoA#57,novel_candidate,0.2609,0,0,0,0,transposon > other > other > [alpha] > reductase
NZ_QKZC01000004.1:123591-124833:1,WP_110326971.1,C7399_RS07895,,aromatic ring-hydroxylating dioxygenase subunit alpha,5_507_BmoA,5,465.8,0.9343,7.3e-140,NZ_QKZC01000004.1,123591,124833,1,Paraburkholderia tropica,Bacteria; Pseudomonadati; Pseudomonadota; Betaproteobacteria; Burkholderiales; Burkholderiaceae; Paraburkholderia,0,5_507_BmoA#9,core,0.8604,1,0,0,1,other > other > hypothetical > reductase > other > reductase > reductase > [alpha] > reductase > transporter
NZ_QKZJ01000022.1:30092-31361:1,WP_066605410.1,LX82_RS16435,,SRPBCC family protein,5_507_BmoA,5,512.4,0.9577,5.2e-154,NZ_QKZJ01000022.1,30092,31361,1,Celeribacter halophilus,Bacteria; Pseudomonadati; Pseudomonadota; Alphaproteobacteria; Rhodobacterales; Roseobacteraceae; Celeribacter,0,5_507_BmoA#11,divergent,0.5246,1,0,0,1,[alpha] > reductase > regulator
NZ_QOZU01000007.1:10029-11310:1,WP_179922292.1,DTW92_RS03310,,SRPBCC family protein,5_507_BmoA,5,115.6,0.4812,1.4e-33,NZ_QOZU01000007.1,10029,11310,1,Paracoccus pantotrophus,Bacteria; Pseudomonadati; Pseudomonadota; Alphaproteobacteria; Rhodobacterales; Paracoccaceae; Paracoccus,0,5_507_BmoA#37,core,0.5745,0,0,0,0,reductase > [alpha] > other > other > hydrolase > reductase
NZ_QQBC01000010.1:31441-32575:1,WP_068005955.1,DFR76_RS29240,,aromatic ring-hydroxylating dioxygenase subunit alpha,5_507_BmoA,5,219.0,0.777,5.8e-65,NZ_QQBC01000010.1,31441,32575,1,Nocardia pseudobrasiliensis,Bacteria; Bacillati; Actinomycetota; Actinomycetes; Mycobacteriales; Nocardiaceae; Nocardia,0,5_507_BmoA#0,core,0.7062,0,0,0,0,reductase > other > [alpha] > dehydrogenase > transporter > reductase > regulator
NZ_QQAZ01000011.1:171681-172848:1,WP_068019693.1,DFR68_RS31165,,aromatic ring-hydroxylating dioxygenase subunit alpha,5_507_BmoA,5,144.1,0.608,3.2e-42,NZ_QQAZ01000011.1,171681,172848,1,Nocardia mexicana,Bacteria; Bacillati; Actinomycetota; Actinomycetes; Mycobacteriales; Nocardiaceae; Nocardia,0,5_507_BmoA#81,novel_candidate,0.2997,0,0,0,0,[alpha] > reductase
NZ_QTQV01000009.1:110093-111344:-1,WP_124579935.1,DF051_RS17275,,SRPBCC family protein,5_507_BmoA,5,513.2,0.9225,2.9e-154,NZ_QTQV01000009.1,110093,111344,-1,Burkholderia contaminans,Bacteria; Pseudomonadati; Pseudomonadota; Betaproteobacteria; Burkholderiales; Burkholderiaceae; Burkholderia; Burkholderia cepacia complex,0,5_507_BmoA#28,divergent,0.5184,1,0,0,1,[alpha] > reductase > reductase > reductase > reductase
NZ_QUMX01000022.1:49033-50266:1,WP_052095706.1,ATH84_RS16730,,SRPBCC family protein,5_507_BmoA,5,515.1,0.9343,8e-155,NZ_QUMX01000022.1,49033,50266,1,Paracoccus versutus,Bacteria; Pseudomonadati; Pseudomonadota; Alphaproteobacteria; Rhodobacterales; Paracoccaceae; Paracoccus,0,5_507_BmoA#11,divergent,0.5476,1,0,0,1,[alpha] > reductase > reductase > reductase > regulator
NZ_QUMX01000010.1:2694-3849:1,WP_036758335.1,ATH84_RS10225,,aromatic ring-hydroxylating dioxygenase subunit alpha,5_507_BmoA,5,150.8,0.6479,2.9e-44,NZ_QUMX01000010.1,2694,3849,1,Paracoccus versutus,Bacteria; Pseudomonadati; Pseudomonadota; Alphaproteobacteria; Rhodobacterales; Paracoccaceae; Paracoccus,0,5_507_BmoA#10,core,0.6088,1,0,1,0,[alpha] > alpha_other > ferredoxin > hypothetical > transposon > hypothetical
NZ_RBOJ01000047.1:129281-130538:1,WP_053193830.1,ALQ77_RS09195,,SRPBCC family protein,5_507_BmoA,5,372.1,0.9319,2e-111,NZ_RBOJ01000047.1,129281,130538,1,Pseudomonas corrugata,Bacteria; Pseudomonadati; Pseudomonadota; Gammaproteobacteria; Pseudomonadales; Pseudomonadaceae; Pseudomonas,0,5_507_BmoA#2,core,0.8225,1,0,0,1,transporter > transporter > regulator > [alpha] > reductase > regulator
NZ_RCCT01000006.1:30318-31506:-1,WP_010440699.1,CLV75_RS17030,,aromatic ring-hydroxylating dioxygenase subunit alpha,5_507_BmoA,5,116.5,0.4577,7.9e-34,NZ_RCCT01000006.1,30318,31506,-1,Ruegeria conchae,Bacteria; Pseudomonadati; Pseudomonadota; Alphaproteobacteria; Rhodobacterales; Roseobacteraceae; Ruegeria,0,5_507_BmoA#80,novel_candidate,0.2552,0,0,0,0,[alpha]
NZ_RXJU01000060.1:40815-41943:1,WP_293019386.1,EKK51_RS17480,,aromatic ring-hydroxylating dioxygenase subunit alpha,5_507_BmoA,5,223.1,0.7817,3.4e-66,NZ_RXJU01000060.1,40815,41943,1,Mycolicibacterium sp.,Bacteria; Bacillati; Actinomycetota; Actinomycetes; Mycobacteriales; Mycobacteriaceae; Mycolicibacterium,0,5_507_BmoA#0,core,0.7921,2,0,1,1,ferredoxin > reductase > [alpha]
NZ_SDLP01000009.1:105605-106739:1,WP_133414720.1,EUA04_RS23685,,aromatic ring-hydroxylating dioxygenase subunit alpha,5_507_BmoA,5,226.1,0.7793,4.2e-67,NZ_SDLP01000009.1,105605,106739,1,Mycolicibacterium obuense,Bacteria; Bacillati; Actinomycetota; Actinomycetes; Mycobacteriales; Mycobacteriaceae; Mycolicibacterium,0,5_507_BmoA#0,core,0.7793,2,0,1,1,ferredoxin > reductase > [alpha]
NZ_SEON01000004.1:138703-140047:1,WP_025550251.1,EWH10_RS11685,,aromatic ring-hydroxylating dioxygenase subunit alpha,5_507_BmoA,5,112.0,0.4554,1.8e-32,NZ_SEON01000004.1,138703,140047,1,Sphingobium fuliginis,Bacteria; Pseudomonadati; Pseudomonadota; Alphaproteobacteria; Sphingomonadales; Sphingomonadaceae; Sphingobium,0,5_507_BmoA#55,novel_candidate,0.3663,0,0,0,0,[alpha] > reductase > reductase > reductase
NZ_SEON01000004.1:149811-151152:-1,WP_065846173.1,EWH10_RS11730,,SRPBCC family protein,5_507_BmoA,5,134.4,0.5728,2.9e-39,NZ_SEON01000004.1,149811,151152,-1,Sphingobium fuliginis,Bacteria; Pseudomonadati; Pseudomonadota; Alphaproteobacteria; Sphingomonadales; Sphingomonadaceae; Sphingobium,0,5_507_BmoA#33,novel_candidate,0.3449,0,0,0,0,dehydrogenase > [alpha] > reductase
NZ_SPFA01000018.1:20610-21756:1,WP_043376751.1,E2585_RS19280,,aromatic ring-hydroxylating dioxygenase subunit alpha,5_507_BmoA,5,151.3,0.6573,2.2e-44,NZ_SPFA01000018.1,20610,21756,1,Comamonas sp.,Bacteria; Pseudomonadati; Pseudomonadota; Betaproteobacteria; Burkholderiales; Comamonadaceae; Comamonas,0,5_507_BmoA#13,novel_candidate,0.2553,2,0,1,1,[alpha] > ferredoxin > reductase
NZ_SPAZ01000310.1:40018-41149:-1,WP_009322391.1,Sipo8835_RS39000,,aromatic ring-hydroxylating dioxygenase subunit alpha,5_507_BmoA,5,216.1,0.7911,4.4e-64,NZ_SPAZ01000310.1,40018,41149,-1,Streptomyces ipomoeae,Bacteria; Bacillati; Actinomycetota; Actinomycetes; Kitasatosporales; Streptomycetaceae; Streptomyces,0,5_507_BmoA#0,core,0.9394,0,0,0,0,[alpha]
NZ_SPBA01000032.1:73605-74736:-1,WP_141569018.1,SipoB123_RS08510,,aromatic ring-hydroxylating dioxygenase subunit alpha,5_507_BmoA,5,215.7,0.7887,5.7e-64,NZ_SPBA01000032.1,73605,74736,-1,Streptomyces ipomoeae,Bacteria; Bacillati; Actinomycetota; Actinomycetes; Kitasatosporales; Streptomycetaceae; Streptomyces,0,5_507_BmoA#0,core,0.9423,0,0,0,0,[alpha]
NZ_SSGC01000016.1:128825-129977:-1,WP_276821708.1,E6Q55_RS05165,,aromatic ring-hydroxylating dioxygenase subunit alpha,5_507_BmoA,5,224.9,0.7864,9.5e-67,NZ_SSGC01000016.1,128825,129977,-1,Mycolicibacterium mageritense,Bacteria; Bacillati; Actinomycetota; Actinomycetes; Mycobacteriales; Mycobacteriaceae; Mycolicibacterium,0,5_507_BmoA#0,core,0.7989,2,0,1,1,ferredoxin > reductase > [alpha]
NZ_SSBH01000003.1:93428-94616:1,WP_133899036.1,E6W17_RS05450,,aromatic ring-hydroxylating dioxygenase subunit alpha,5_507_BmoA,5,227.5,0.7958,1.6e-67,NZ_SSBH01000003.1,93428,94616,1,Streptomyces sp. A1547,Bacteria; Bacillati; Actinomycetota; Actinomycetes; Kitasatosporales; Streptomycetaceae; Streptomyces,0,5_507_BmoA#0,core,0.822,2,0,1,1,ferredoxin > reductase > [alpha]
NZ_UARC01000016.1:174556-175801:-1,WP_112751240.1,DTA18_RS25725,,aromatic ring-hydroxylating dioxygenase subunit alpha,5_507_BmoA,5,533.1,0.9366,2.7e-160,NZ_UARC01000016.1,174556,175801,-1,Burkholderia cenocepacia,Bacteria; Pseudomonadati; Pseudomonadota; Betaproteobacteria; Burkholderiales; Burkholderiaceae; Burkholderia; Burkholderia cepacia complex,0,5_507_BmoA#28,divergent,0.4945,1,0,0,1,[alpha] > reductase
NZ_UARC01000016.1:183699-184950:1,WP_112751247.1,DTA18_RS25765,,aromatic ring-hydroxylating dioxygenase subunit alpha,5_507_BmoA,5,523.1,0.9178,3e-157,NZ_UARC01000016.1,183699,184950,1,Burkholderia cenocepacia,Bacteria; Pseudomonadati; Pseudomonadota; Betaproteobacteria; Burkholderiales; Burkholderiaceae; Burkholderia; Burkholderia cepacia complex,0,5_507_BmoA#28,divergent,0.5238,0,0,0,0,[alpha] > transporter > transporter
NZ_UAUI01000024.1:83899-85102:-1,WP_052033496.1,DTA22_RS26095,,aromatic ring-hydroxylating dioxygenase subunit alpha,5_507_BmoA,5,186.2,0.7535,5.4e-55,NZ_UAUI01000024.1,83899,85102,-1,Rhodococcus wratislaviensis,Bacteria; Bacillati; Actinomycetota; Actinomycetes; Mycobacteriales; Nocardiaceae; Rhodococcus,0,5_507_BmoA#51,novel_candidate,0.3571,1,0,0,1,regulator > other > [alpha] > reductase > hypothetical > ring_cleavage
NZ_UPHJ01000059.1:34196-35567:-1,WP_023374104.1,EES74_RS15630,,aromatic ring-hydroxylating dioxygenase subunit alpha,5_507_BmoA,5,111.6,0.4648,2.4e-32,NZ_UPHJ01000059.1,34196,35567,-1,Mycobacterium kansasii,Bacteria; Bacillati; Actinomycetota; Actinomycetes; Mycobacteriales; Mycobacteriaceae; Mycobacterium,0,5_507_BmoA#1,core,0.7982,0,0,0,0,reductase > dehydrogenase > dehydrogenase > other > other > other > [alpha] > reductase
NZ_UPHM01000057.1:19185-20538:-1,WP_371687229.1,EES90_RS13130,,Rieske 2Fe-2S domain-containing protein,5_507_BmoA,5,108.2,0.4601,2.6e-31,NZ_UPHM01000057.1,19185,20538,-1,Mycobacterium persicum,Bacteria; Bacillati; Actinomycetota; Actinomycetes; Mycobacteriales; Mycobacteriaceae; Mycobacterium,0,5_507_BmoA#1,core,0.8076,0,0,0,0,reductase > dehydrogenase > dehydrogenase > other > other > other > [alpha] > reductase
NZ_VFEQ01000014.1:79776-81195:1,WP_074845623.1,FIV41_RS20430,,SRPBCC family protein,5_507_BmoA,5,144.1,0.4648,3.3e-42,NZ_VFEQ01000014.1,79776,81195,1,Pseudomonas marginalis,Bacteria; Pseudomonadati; Pseudomonadota; Gammaproteobacteria; Pseudomonadales; Pseudomonadaceae; Pseudomonas,0,5_507_BmoA#79,novel_candidate,0.292,2,0,1,1,reductase > ferredoxin > reductase > hypothetical > [alpha] > other > hypothetical
NZ_VFEQ01000014.1:118900-120301:-1,WP_083381343.1,FIV41_RS20625,,SRPBCC family protein,5_507_BmoA,5,98.1,0.4531,2.9e-28,NZ_VFEQ01000014.1,118900,120301,-1,Pseudomonas marginalis,Bacteria; Pseudomonadati; Pseudomonadota; Gammaproteobacteria; Pseudomonadales; Pseudomonadaceae; Pseudomonas,0,5_507_BmoA#78,novel_candidate,0.3489,1,0,1,0,other > dehydrogenase > dehydrogenase > dehydrogenase > other > [alpha] > ferredoxin > hypothetical > other > transporter > dehydrogenase > dehydrogenase > other > dehydrogenase
NZ_VHGG01000088.1:3822-5034:1,WP_002123480.1,FJU50_RS16935,,aromatic ring-hydroxylating dioxygenase subunit alpha,5_507_BmoA,5,518.8,0.9366,5.9e-156,NZ_VHGG01000088.1,3822,5034,1,Acinetobacter baumannii,Bacteria; Pseudomonadati; Pseudomonadota; Gammaproteobacteria; Moraxellales; Moraxellaceae; Acinetobacter; Acinetobacter calcoaceticus/baumannii complex,0,5_507_BmoA#28,divergent,0.5,0,0,0,0,other > regulator > hypothetical > [alpha] > regulator > reductase > other > transporter > dehydrogenase
NZ_VJTD01000011.1:62422-63667:-1,WP_175895292.1,FEQ05_RS08850,,SRPBCC family protein,5_507_BmoA,5,125.7,0.4577,1.3e-36,NZ_VJTD01000011.1,62422,63667,-1,Burkholderia pseudomultivorans,Bacteria; Pseudomonadati; Pseudomonadota; Betaproteobacteria; Burkholderiales; Burkholderiaceae; Burkholderia; Burkholderia cepacia complex,0,5_507_BmoA#22,novel_candidate,0.2657,0,0,0,0,regulator > other > hypothetical > [alpha] > other
NZ_VJTD01000011.1:138376-139621:-1,WP_060239784.1,FEQ05_RS09185,,aromatic ring-hydroxylating dioxygenase subunit alpha,5_507_BmoA,5,126.7,0.4531,6.2e-37,NZ_VJTD01000011.1,138376,139621,-1,Burkholderia pseudomultivorans,Bacteria; Pseudomonadati; Pseudomonadota; Betaproteobacteria; Burkholderiales; Burkholderiaceae; Burkholderia; Burkholderia cepacia complex,0,5_507_BmoA#22,novel_candidate,0.276,0,0,0,0,hypothetical > [alpha]
NZ_VLKK01000005.1:192339-193701:1,WP_021243274.1,IQ35_RS09010,,SRPBCC family protein,5_507_BmoA,5,133.2,0.4718,6.7e-39,NZ_VLKK01000005.1,192339,193701,1,Sphingobium wenxiniae,Bacteria; Pseudomonadati; Pseudomonadota; Alphaproteobacteria; Sphingomonadales; Sphingomonadaceae; Sphingobium,0,5_507_BmoA#44,novel_candidate,0.3073,0,0,0,0,[alpha]
NZ_VLJW01000057.1:2190-3396:1,WP_024847389.1,L611_RS12825,,SRPBCC family protein,5_507_BmoA,5,141.8,0.4507,1.6e-41,NZ_VLJW01000057.1,2190,3396,1,Aminobacter sp. J15,Bacteria; Pseudomonadati; Pseudomonadota; Alphaproteobacteria; Hyphomicrobiales; Phyllobacteriaceae; Aminobacter,0,5_507_BmoA#24,novel_candidate,0.2581,0,0,0,0,[alpha]
NZ_VLLH01000001.1:206466-207600:1,WP_054303433.1,IQ03_RS00950,,aromatic ring-hydroxylating dioxygenase subunit alpha,5_507_BmoA,5,157.7,0.5962,2.5e-46,NZ_VLLH01000001.1,206466,207600,1,Gemmobacter caeni,Bacteria; Pseudomonadati; Pseudomonadota; Alphaproteobacteria; Rhodobacterales; Paracoccaceae; Gemmobacter,0,5_507_BmoA#67,divergent,0.5225,1,0,0,1,hypothetical > hypothetical > other > [alpha] > reductase > other
NZ_VNFH01000002.1:178473-179757:1,WP_024952033.1,FQP86_RS03305,,aromatic ring-hydroxylating dioxygenase subunit alpha,5_507_BmoA,5,790.8,0.9812,1.7e-238,NZ_VNFH01000002.1,178473,179757,1,Cobetia crustatorum,Bacteria; Pseudomonadati; Pseudomonadota; Gammaproteobacteria; Oceanospirillales; Halomonadaceae; Cobetia,0,5_507_BmoA#4,core,0.742,0,0,0,0,[alpha]
NZ_VOQT01000023.1:54337-55480:1,WP_017404935.1,FSY45_RS24625,,aromatic ring-hydroxylating dioxygenase subunit alpha,5_507_BmoA,5,153.8,0.6549,3.7e-45,NZ_VOQT01000023.1,54337,55480,1,Comamonas sp. Z1,Bacteria; Pseudomonadati; Pseudomonadota; Betaproteobacteria; Burkholderiales; Comamonadaceae; Comamonas,0,5_507_BmoA#13,novel_candidate,0.2673,2,0,1,1,[alpha] > ferredoxin > reductase
NZ_VSFG01000009.1:192507-193617:-1,WP_067885917.1,FXF69_RS33500,,aromatic ring-hydroxylating dioxygenase subunit alpha,5_507_BmoA,5,102.6,0.5751,1.2e-29,NZ_VSFG01000009.1,192507,193617,-1,Actinomadura chibensis,Bacteria; Bacillati; Actinomycetota; Actinomycetes; Streptosporangiales; Thermomonosporaceae; Actinomadura,0,5_507_BmoA#77,novel_candidate,0.2611,0,0,0,0,other > reductase > [alpha] > regulator
NZ_VSFG01000011.1:59303-60458:1,WP_067899589.1,FXF69_RS36815,,aromatic ring-hydroxylating dioxygenase subunit alpha,5_507_BmoA,5,146.4,0.7042,6.4e-43,NZ_VSFG01000011.1,59303,60458,1,Actinomadura chibensis,Bacteria; Bacillati; Actinomycetota; Actinomycetes; Streptosporangiales; Thermomonosporaceae; Actinomadura,0,5_507_BmoA#76,novel_candidate,0.2725,0,0,0,0,reductase > [alpha]
NZ_VZIR01000041.1:13382-14582:1,WP_034079492.1,F7O94_RS11425,,aromatic ring-hydroxylating dioxygenase subunit alpha,5_507_BmoA,5,102.3,0.4718,1.5e-29,NZ_VZIR01000041.1,13382,14582,1,Pseudomonas aeruginosa,Bacteria; Pseudomonadota; Gammaproteobacteria; Pseudomonadales; Pseudomonadaceae; Pseudomonas,0,5_507_BmoA#50,novel_candidate,0.2446,0,0,0,0,other > other > other > reductase > other > other > [alpha] > hypothetical > other
NZ_WEHP01000001.1:598462-599809:1,WP_011726580.1,GBQ62_RS03010,,SRPBCC family protein,5_507_BmoA,5,114.7,0.4554,2.7e-33,NZ_WEHP01000001.1,598462,599809,1,Mycobacterium avium subsp. hominissuis,Bacteria; Bacillati; Actinomycetota; Actinomycetes; Mycobacteriales; Mycobacteriaceae; Mycobacterium; Mycobacterium avium complex (MAC),0,5_507_BmoA#5,core,0.9415,0,0,0,0,regulator > other > hydrolase > [alpha]
NZ_WOAJ01000005.1:65680-66880:-1,WP_058177948.1,GNQ20_RS14675,,aromatic ring-hydroxylating dioxygenase subunit alpha,5_507_BmoA,5,98.4,0.4742,2.3e-28,NZ_WOAJ01000005.1,65680,66880,-1,Pseudomonas aeruginosa,Bacteria; Pseudomonadati; Pseudomonadota; Gammaproteobacteria; Pseudomonadales; Pseudomonadaceae; Pseudomonas,0,5_507_BmoA#50,novel_candidate,0.2492,0,0,0,0,other > other > other > reductase > other > other > [alpha] > hypothetical > other
NZ_WSES01000005.1:498315-499431:1,WP_056122456.1,GPY61_RS18540,,aromatic ring-hydroxylating dioxygenase subunit alpha,5_507_BmoA,5,81.9,0.7207,2.5e-23,NZ_WSES01000005.1,498315,499431,1,Massilia cellulosiltytica,Bacteria; Pseudomonadati; Pseudomonadota; Betaproteobacteria; Burkholderiales; Oxalobacteraceae; Telluria group; Massilia,0,5_507_BmoA#6,core,0.8746,0,0,0,0,[alpha] > transporter > other
NZ_WWFW01000109.1:20174-21299:-1,WP_067595340.1,GTY63_RS22115,,aromatic ring-hydroxylating dioxygenase subunit alpha,5_507_BmoA,5,215.0,0.7793,1e-63,NZ_WWFW01000109.1,20174,21299,-1,Amycolatopsis rubida,Bacteria; Bacillati; Actinomycetota; Actinomycetes; Pseudonocardiales; Pseudonocardiaceae; Amycolatopsis,0,5_507_BmoA#0,core,0.7822,0,0,0,0,[alpha]
NZ_WWES01000023.1:38356-39517:1,WP_063589392.1,GND97_RS09305,,aromatic ring-hydroxylating dioxygenase subunit alpha,5_507_BmoA,5,140.7,0.6268,3.5e-41,NZ_WWES01000023.1,38356,39517,1,Achromobacter xylosoxidans,Bacteria; Pseudomonadati; Pseudomonadota; Betaproteobacteria; Burkholderiales; Alcaligenaceae; Achromobacter,0,5_507_BmoA#13,novel_candidate,0.2605,2,0,1,1,[alpha] > ferredoxin > reductase
NZ_WWGE01000025.1:113974-115108:-1,WP_018560425.1,GTY85_RS19915,,aromatic ring-hydroxylating dioxygenase subunit alpha,5_507_BmoA,5,221.8,0.7793,8.2e-66,NZ_WWGE01000025.1,113974,115108,-1,Streptomyces sp. SID8377,Bacteria; Bacillati; Actinomycetota; Actinomycetes; Kitasatosporales; Streptomycetaceae; Streptomyces,0,5_507_BmoA#0,core,0.7966,2,0,1,1,ferredoxin > reductase > [alpha]
NZ_WWIQ01000059.1:139004-140135:1,WP_010043818.1,GTY47_RS29170,,aromatic ring-hydroxylating dioxygenase subunit alpha,5_507_BmoA,5,216.9,0.7817,2.5e-64,NZ_WWIQ01000059.1,139004,140135,1,Streptomyces sp. SID5464,Bacteria; Bacillati; Actinomycetota; Actinomycetes; Kitasatosporales; Streptomycetaceae; Streptomyces,0,5_507_BmoA#0,core,0.8701,2,0,1,1,ferredoxin > reductase > [alpha]
NZ_WWIQ01000059.1:160468-161611:1,WP_010043846.1,GTY47_RS29245,,aromatic ring-hydroxylating dioxygenase subunit alpha,5_507_BmoA,5,227.0,0.7887,2.1e-67,NZ_WWIQ01000059.1,160468,161611,1,Streptomyces sp. SID5464,Bacteria; Bacillati; Actinomycetota; Actinomycetes; Kitasatosporales; Streptomycetaceae; Streptomyces,0,5_507_BmoA#0,core,0.8729,0,0,0,0,[alpha]
XM_004339662.1:0-1395:1,XP_004339710.1,ACA1_064840,,rieske [2fe2s] domain containing protein,5_507_BmoA,5,377.2,0.9413,5.7e-113,XM_004339662.1,0,1395,1,Acanthamoeba castellanii str. Neff,Eukaryota; Amoebozoa; Discosea; Longamoebia; Centramoebida; Acanthamoebidae; Acanthamoeba,0,5_507_BmoA#75,divergent,0.4255,0,0,0,0,[alpha]
XM_005762264.1:199-1471:1,XP_005762321.1,EMIHUDRAFT_446261,,hypothetical protein,5_507_BmoA,5,129.7,0.6643,7.4e-38,XM_005762264.1,199,1471,1,Emiliania huxleyi CCMP1516,Eukaryota; Haptista; Haptophyta; Prymnesiophyceae; Isochrysidales; Noelaerhabdaceae; Emiliania,0,5_507_BmoA#74,novel_candidate,0.2922,0,0,0,0,[alpha]
XM_007748871.1:0-1191:1,XP_007747061.1,A1O5_08288,,uncharacterized protein,5_507_BmoA,5,165.8,0.7347,8.5e-49,XM_007748871.1,0,1191,1,Cladophialophora psammophila CBS 110553,Eukaryota; Fungi; Dikarya; Ascomycota; Pezizomycotina; Eurotiomycetes; Chaetothyriomycetidae; Chaetothyriales; Herpotrichiellaceae; Cladophialophora,0,5_507_BmoA#49,novel_candidate,0.2573,0,0,0,0,[alpha]
XM_007723969.1:0-1299:1,XP_007722159.1,A1O1_03062,,uncharacterized protein,5_507_BmoA,5,114.0,0.4648,4.3e-33,XM_007723969.1,0,1299,1,Capronia coronata CBS 617.96,Eukaryota; Fungi; Dikarya; Ascomycota; Pezizomycotina; Eurotiomycetes; Chaetothyriomycetidae; Chaetothyriales; Herpotrichiellaceae; Capronia,0,5_507_BmoA#73,novel_candidate,0.2563,0,0,0,0,[alpha]
XM_007839471.1:0-1308:1,XP_007837662.1,PFICI_10890,,uncharacterized protein,5_507_BmoA,5,145.9,0.4577,9.4e-43,XM_007839471.1,0,1308,1,Pestalotiopsis fici W106-1,Eukaryota; Fungi; Dikarya; Ascomycota; Pezizomycotina; Sordariomycetes; Xylariomycetidae; Xylariales; Sporocadaceae; Pestalotiopsis,0,5_507_BmoA#72,novel_candidate,0.2692,0,0,0,0,[alpha]
XM_008616752.1:0-1419:1,XP_008614974.1,SDRG_10746,,"hypothetical protein, variant 2",5_507_BmoA,5,158.5,0.7394,1.4e-46,XM_008616752.1,0,1419,1,Saprolegnia diclina VS20,Eukaryota; Sar; Stramenopiles; Oomycota; Saprolegniales; Saprolegniaceae; Saprolegnia,0,5_507_BmoA#21,novel_candidate,0.2751,0,0,0,0,[alpha]
XM_008616750.1:741-2160:1,XP_008614972.1,SDRG_10746,,hypothetical protein,5_507_BmoA,5,158.5,0.7394,1.4e-46,XM_008616750.1,741,2160,1,Saprolegnia diclina VS20,Eukaryota; Sar; Stramenopiles; Oomycota; Saprolegniales; Saprolegniaceae; Saprolegnia,0,5_507_BmoA#21,novel_candidate,0.2751,0,0,0,0,[alpha]
XM_008616751.1:741-2160:1,XP_008614973.1,SDRG_10746,,"hypothetical protein, variant 1",5_507_BmoA,5,158.5,0.7394,1.4e-46,XM_008616751.1,741,2160,1,Saprolegnia diclina VS20,Eukaryota; Sar; Stramenopiles; Oomycota; Saprolegniales; Saprolegniaceae; Saprolegnia,0,5_507_BmoA#21,novel_candidate,0.2751,0,0,0,0,[alpha]
XM_009829667.1:0-1335:1,XP_009827969.1,H257_04989,,hypothetical protein,5_507_BmoA,5,149.3,0.7207,8.4e-44,XM_009829667.1,0,1335,1,Aphanomyces astaci,Eukaryota; Sar; Stramenopiles; Oomycota; Saprolegniales; Saprolegniaceae; Aphanomyces,0,5_507_BmoA#21,novel_candidate,0.2795,0,0,0,0,[alpha]
XM_012350070.1:0-1419:1,XP_012205460.1,SPRG_11259,,hypothetical protein,5_507_BmoA,5,159.4,0.7371,7.1e-47,XM_012350070.1,0,1419,1,Saprolegnia parasitica CBS 223.65,Eukaryota; Sar; Stramenopiles; Oomycota; Saprolegniales; Saprolegniaceae; Saprolegnia,0,5_507_BmoA#21,novel_candidate,0.2802,0,0,0,0,[alpha]
XM_016767231.1:0-1191:1,XP_016616747.1,Z519_09509,,uncharacterized protein,5_507_BmoA,5,164.1,0.7019,2.8e-48,XM_016767231.1,0,1191,1,Cladophialophora bantiana CBS 173.52,Eukaryota; Fungi; Dikarya; Ascomycota; Pezizomycotina; Eurotiomycetes; Chaetothyriomycetidae; Chaetothyriales; Herpotrichiellaceae; Cladophialophora,0,5_507_BmoA#49,novel_candidate,0.2544,0,0,0,0,[alpha]
