id,kind,cluster,leaf_id,leaf_size,organism,tier
REF|1_101_OxoO,reference,1_101_OxoO,,,,characterized
REF|1_102_CARDO,reference,1_102_CARDO,,,,characterized
REF|1_103_CarAa,reference,1_103_CarAa,,,,characterized
REF|1_104_VanA,reference,1_104_VanA,,,,characterized
REF|1_105_DdmC,reference,1_105_DdmC,,,,characterized
REF|1_106_TsaM,reference,1_106_TsaM,,,,characterized
REF|1_107_CndA,reference,1_107_CndA,,,,characterized
REF|1_108_PobA,reference,1_108_PobA,,,,characterized
REF|1_109_LigX,reference,1_109_LigX,,,,characterized
REF|1_110_SxtT,reference,1_110_SxtT,,,,characterized
REF|1_111_GxtA,reference,1_111_GxtA,,,,characterized
REF|1_112_NdmA,reference,1_112_NdmA,,,,characterized
REF|1_113_CdnA,reference,1_113_CdnA,,,,characterized
REF|1_114_NdmB,reference,1_114_NdmB,,,,characterized
REF|1_115_NdmC,reference,1_115_NdmC,,,,characterized
REF|2_201_BphA1,reference,2_201_BphA1,,,,characterized
REF|2_202_EdoA1,reference,2_202_EdoA1,,,,characterized
REF|2_203_cumA1,reference,2_203_cumA1,,,,characterized
REF|2_204_Dpe,reference,2_204_Dpe,,,,characterized
REF|2_206_IpBAa,reference,2_206_IpBAa,,,,characterized
REF|2_207_BpdC1,reference,2_207_BpdC1,,,,characterized
REF|2_208_TecA1,reference,2_208_TecA1,,,,characterized
REF|2_209_TDO,reference,2_209_TDO,,,,characterized
REF|2_210_XylC1,reference,2_210_XylC1,,,,characterized
REF|2_211_bfzA,reference,2_211_bfzA,,,,characterized
REF|2_212_BedC1,reference,2_212_BedC1,,,,characterized
REF|2_213_BphA1A2,reference,2_213_BphA1A2,,,,characterized
REF|2_214_TftA,reference,2_214_TftA,,,,characterized
REF|2_215_cadA,reference,2_215_cadA,,,,characterized
REF|2_216_BPDO,reference,2_216_BPDO,,,,characterized
REF|2_217_HcaE,reference,2_217_HcaE,,,,characterized
REF|2_218_BphA1,reference,2_218_BphA1,,,,characterized
REF|3_301_PhnA1a,reference,3_301_PhnA1a,,,,characterized
REF|3_302_DitA,reference,3_302_DitA,,,,characterized
REF|3_303_NBDO,reference,3_303_NBDO,,,,characterized
REF|3_304_OMO,reference,3_304_OMO,,,,characterized
REF|3_305_ArhA1,reference,3_305_ArhA1,,,,characterized
REF|3_306_3NTDO,reference,3_306_3NTDO,,,,characterized
REF|3_307_NagGH,reference,3_307_NagGH,,,,characterized
REF|3_308_DxnA1,reference,3_308_DxnA1,,,,characterized
REF|3_309_NahAc,reference,3_309_NahAc,,,,characterized
REF|3_310_DntAc,reference,3_310_DntAc,,,,characterized
REF|3_311_PhtAa,reference,3_311_PhtAa,,,,characterized
REF|3_312_NinA,reference,3_312_NinA,,,,characterized
REF|3_313_KshA15,reference,3_313_KshA15,,,,characterized
REF|3_314_NDO,reference,3_314_NDO,,,,characterized
REF|3_315_NDO,reference,3_315_NDO,,,,characterized
REF|3_316_NarAa,reference,3_316_NarAa,,,,characterized
REF|3_317_NidA,reference,3_317_NidA,,,,characterized
REF|3_318_NidA,reference,3_318_NidA,,,,characterized
REF|3_319_PhdA,reference,3_319_PhdA,,,,characterized
REF|3_320_NidA3,reference,3_320_NidA3,,,,characterized
REF|4_401_CmtAb,reference,4_401_CmtAb,,,,characterized
REF|4_402_PsbAb,reference,4_402_PsbAb,,,,characterized
REF|4_403_AtdA,reference,4_403_AtdA,,,,characterized
REF|4_404_TdnA1,reference,4_404_TdnA1,,,,characterized
REF|4_405_ROCH34,reference,4_405_ROCH34,,,,characterized
REF|4_406_PDO,reference,4_406_PDO,,,,characterized
REF|4_407_PbaA1,reference,4_407_PbaA1,,,,characterized
REF|4_408_AntA,reference,4_408_AntA,,,,characterized
REF|4_409_TPDO,reference,4_409_TPDO,,,,characterized
REF|4_410_CbdC,reference,4_410_CbdC,,,,characterized
REF|4_411_XylX,reference,4_411_XylX,,,,characterized
REF|5_501_CmoS,reference,5_501_CmoS,,,,characterized
REF|5_502_CmoB,reference,5_502_CmoB,,,,characterized
REF|5_503_CmoA,reference,5_503_CmoA,,,,characterized
REF|5_504_CntA,reference,5_504_CntA,,,,characterized
REF|5_505_qxyA,reference,5_505_qxyA,,,,characterized
REF|5_506_Stc2,reference,5_506_Stc2,,,,characterized
REF|5_507_BmoA,reference,5_507_BmoA,,,,characterized
REF|5_508_GbcA,reference,5_508_GbcA,,,,characterized
1_102_CARDO#0,representative,1_102_CARDO,1_102_CARDO#0,12,Rhodococcus opacus M213,distant
1_102_CARDO#1,representative,1_102_CARDO,1_102_CARDO#1,9,Streptomyces sparsogenes DSM 40356,distant
1_102_CARDO#2,representative,1_102_CARDO,1_102_CARDO#2,7,Novosphingobium sp. KA1,family_member
1_102_CARDO#3,representative,1_102_CARDO,1_102_CARDO#3,5,Metapseudomonas resinovorans,characterized
1_102_CARDO#12,representative,1_102_CARDO,1_102_CARDO#12,1,Ostreococcus tauri,distant
1_102_CARDO#13,representative,1_102_CARDO,1_102_CARDO#13,1,Gordonia desulfuricans,distant
1_104_VanA#0,representative,1_104_VanA,1_104_VanA#0,407,Burkholderia ambifaria IOP40-10,close_homolog
1_104_VanA#1,representative,1_104_VanA,1_104_VanA#1,107,Caballeronia insecticola,distant
1_104_VanA#2,representative,1_104_VanA,1_104_VanA#2,102,Zea mays,distant
1_104_VanA#3,representative,1_104_VanA,1_104_VanA#3,97,Klebsiella sp. OBRC7,distant
1_104_VanA#4,representative,1_104_VanA,1_104_VanA#4,81,Acinetobacter baumannii WM99c,distant
1_104_VanA#5,representative,1_104_VanA,1_104_VanA#5,29,Roseomonas sp. TAS13,family_member
1_104_VanA#6,representative,1_104_VanA,1_104_VanA#6,28,Rhodococcus opacus M213,family_member
1_104_VanA#7,representative,1_104_VanA,1_104_VanA#7,26,Burkholderia ambifaria IOP40-10,distant
1_104_VanA#8,representative,1_104_VanA,1_104_VanA#8,20,Xanthomonas phaseoli pv. dieffenbachiae,family_member
1_104_VanA#9,representative,1_104_VanA,1_104_VanA#9,14,Microcystis aeruginosa SPC777,distant
1_104_VanA#10,representative,1_104_VanA,1_104_VanA#10,13,Streptomyces turgidiscabies Car8,distant
1_104_VanA#11,representative,1_104_VanA,1_104_VanA#11,12,Comamonas testosteroni,distant
1_104_VanA#12,representative,1_104_VanA,1_104_VanA#12,12,Xanthomonas citri pv. aurantifolii str. ICPB 10535,family_member
1_104_VanA#13,representative,1_104_VanA,1_104_VanA#13,11,Pseudomonas sp. WS 5413,distant
1_104_VanA#14,representative,1_104_VanA,1_104_VanA#14,11,Azospirillum sp. B510,family_member
1_104_VanA#15,representative,1_104_VanA,1_104_VanA#15,10,Rhodococcus opacus RKJ300 = JCM 13270,distant
1_104_VanA#16,representative,1_104_VanA,1_104_VanA#16,10,Herbaspirillum frisingense GSF30,distant
1_104_VanA#17,representative,1_104_VanA,1_104_VanA#17,9,Nitratireductor pacificus pht-3B,distant
1_104_VanA#18,representative,1_104_VanA,1_104_VanA#18,9,Paeniglutamicibacter gangotriensis Lz1y,family_member
1_104_VanA#19,representative,1_104_VanA,1_104_VanA#19,9,Agrobacterium albertimagni AOL15,family_member
1_104_VanA#20,representative,1_104_VanA,1_104_VanA#20,8,Sphingobium lactosutens DS20,family_member
1_104_VanA#21,representative,1_104_VanA,1_104_VanA#21,8,Pseudomonas sp. GM78,distant
1_104_VanA#22,representative,1_104_VanA,1_104_VanA#22,7,Variovorax sp. CF313,distant
1_104_VanA#23,representative,1_104_VanA,1_104_VanA#23,6,Thalassospira profundimaris WP0211,family_member
1_104_VanA#24,representative,1_104_VanA,1_104_VanA#24,6,Chlorogloeopsis fritschii PCC 6912,distant
1_104_VanA#25,representative,1_104_VanA,1_104_VanA#25,6,Cupriavidus basilensis OR16,distant
1_104_VanA#26,representative,1_104_VanA,1_104_VanA#26,5,Prochlorococcus marinus str. GP2,novel
1_104_VanA#27,representative,1_104_VanA,1_104_VanA#27,5,Kamptonema sp. PCC 6506,distant
1_104_VanA#28,representative,1_104_VanA,1_104_VanA#28,5,Rubidibacter lacunae KORDI 51-2,distant
1_104_VanA#29,representative,1_104_VanA,1_104_VanA#29,5,Pandoraea cepalis,distant
1_104_VanA#30,representative,1_104_VanA,1_104_VanA#30,5,Acinetobacter ursingii,distant
1_104_VanA#31,representative,1_104_VanA,1_104_VanA#31,5,Methylobacterium aquaticum,family_member
1_104_VanA#49,representative,1_104_VanA,1_104_VanA#49,1,Monoraphidium neglectum,distant
1_104_VanA#50,representative,1_104_VanA,1_104_VanA#50,1,Auxenochlorella protothecoides,distant
1_104_VanA#51,representative,1_104_VanA,1_104_VanA#51,1,Bathycoccus prasinos,distant
1_104_VanA#52,representative,1_104_VanA,1_104_VanA#52,1,Chlorella variabilis,distant
1_104_VanA#53,representative,1_104_VanA,1_104_VanA#53,1,Chlorella variabilis,distant
1_104_VanA#54,representative,1_104_VanA,1_104_VanA#54,1,Coccomyxa subellipsoidea C-169,distant
1_104_VanA#55,representative,1_104_VanA,1_104_VanA#55,1,Ostreococcus lucimarinus CCE9901,distant
1_104_VanA#56,representative,1_104_VanA,1_104_VanA#56,1,Ostreococcus lucimarinus CCE9901,distant
1_104_VanA#57,representative,1_104_VanA,1_104_VanA#57,1,Streptomyces sp. SID8354,distant
1_104_VanA#58,representative,1_104_VanA,1_104_VanA#58,1,Acinetobacter gandensis,distant
1_104_VanA#59,representative,1_104_VanA,1_104_VanA#59,1,Phormidesmis priestleyi ULC007,distant
1_104_VanA#60,representative,1_104_VanA,1_104_VanA#60,1,Croceicoccus mobilis,distant
1_104_VanA#61,representative,1_104_VanA,1_104_VanA#61,1,Mastigocoleus testarum BC008,distant
1_104_VanA#62,representative,1_104_VanA,1_104_VanA#62,1,Ornatilinea apprima,distant
1_104_VanA#63,representative,1_104_VanA,1_104_VanA#63,1,Advenella kashmirensis W13003,distant
1_104_VanA#64,representative,1_104_VanA,1_104_VanA#64,1,Bacillus sp. SJS,novel
1_104_VanA#65,representative,1_104_VanA,1_104_VanA#65,1,Myxococcus xanthus,distant
1_104_VanA#66,representative,1_104_VanA,1_104_VanA#66,1,Stigmatella aurantiaca,distant
1_104_VanA#67,representative,1_104_VanA,1_104_VanA#67,1,Sphingobium sp. AP50,distant
1_104_VanA#68,representative,1_104_VanA,1_104_VanA#68,1,Phaeobacter sp. CECT 5382,distant
1_104_VanA#69,representative,1_104_VanA,1_104_VanA#69,1,Sphingobium quisquiliarum P25,distant
1_104_VanA#70,representative,1_104_VanA,1_104_VanA#70,1,Xenococcus sp. PCC 7305,novel
1_104_VanA#71,representative,1_104_VanA,1_104_VanA#71,1,Saccharothrix sp. ALI-22-I,distant
1_104_VanA#72,representative,1_104_VanA,1_104_VanA#72,1,Streptomyces sp. CB03234,distant
1_104_VanA#73,representative,1_104_VanA,1_104_VanA#73,1,Plesiocystis pacifica SIR-1,distant
1_104_VanA#74,representative,1_104_VanA,1_104_VanA#74,1,Plesiocystis pacifica SIR-1,distant
1_104_VanA#75,representative,1_104_VanA,1_104_VanA#75,1,Burkholderia sp. BDU5,distant
1_104_VanA#76,representative,1_104_VanA,1_104_VanA#76,1,Hydrogenophaga sp. Root209,distant
1_104_VanA#77,representative,1_104_VanA,1_104_VanA#77,1,Cupriavidus oxalaticus,distant
1_104_VanA#78,representative,1_104_VanA,1_104_VanA#78,1,Chromohalobacter japonicus,distant
1_104_VanA#79,representative,1_104_VanA,1_104_VanA#79,1,Mycobacterium sp. JS623,distant
1_104_VanA#80,representative,1_104_VanA,1_104_VanA#80,1,Methylorubrum sp. Q1,family_member
1_104_VanA#81,representative,1_104_VanA,1_104_VanA#81,1,Microvirga sp. BSC39,family_member
1_104_VanA#82,representative,1_104_VanA,1_104_VanA#82,1,Salinisphaera hydrothermalis C41B8,family_member
1_104_VanA#83,representative,1_104_VanA,1_104_VanA#83,1,Geodermatophilus obscurus,family_member
1_104_VanA#84,representative,1_104_VanA,1_104_VanA#84,1,Rhizobium leguminosarum,family_member
1_104_VanA#85,representative,1_104_VanA,1_104_VanA#85,1,Pusillimonas minor,family_member
1_104_VanA#86,representative,1_104_VanA,1_104_VanA#86,1,Actibacterium naphthalenivorans,distant
1_105_DdmC#0,representative,1_105_DdmC,1_105_DdmC#0,79,Zea mays,distant
1_105_DdmC#1,representative,1_105_DdmC,1_105_DdmC#1,48,Komagataeibacter medellinensis NBRC 3288,distant
1_105_DdmC#2,representative,1_105_DdmC,1_105_DdmC#2,20,Arabidopsis thaliana,distant
1_105_DdmC#3,representative,1_105_DdmC,1_105_DdmC#3,16,Amborella trichopoda,novel
1_105_DdmC#4,representative,1_105_DdmC,1_105_DdmC#4,10,Pseudomonas syringae pv. ribicola,distant
1_105_DdmC#5,representative,1_105_DdmC,1_105_DdmC#5,10,Hyphomonas polymorpha PS728,distant
1_105_DdmC#6,representative,1_105_DdmC,1_105_DdmC#6,8,Arabidopsis thaliana,distant
1_105_DdmC#7,representative,1_105_DdmC,1_105_DdmC#7,7,Novosphingobium subterraneum,distant
1_105_DdmC#8,representative,1_105_DdmC,1_105_DdmC#8,7,Novosphingobium lindaniclasticum LE124,distant
1_105_DdmC#9,representative,1_105_DdmC,1_105_DdmC#9,7,Brevundimonas abyssalis TAR-001,distant
1_105_DdmC#10,representative,1_105_DdmC,1_105_DdmC#10,7,Mesorhizobium sp. LSHC414A00,distant
1_105_DdmC#11,representative,1_105_DdmC,1_105_DdmC#11,6,Burkholderia contaminans,distant
1_105_DdmC#12,representative,1_105_DdmC,1_105_DdmC#12,6,Neisseria sicca ATCC 29256,distant
1_105_DdmC#13,representative,1_105_DdmC,1_105_DdmC#13,5,Mycobacterium ahvazicum,distant
1_105_DdmC#14,representative,1_105_DdmC,1_105_DdmC#14,5,Stigmatella aurantiaca,distant
1_105_DdmC#15,representative,1_105_DdmC,1_105_DdmC#15,5,Pseudomonas sp. NFPP17,distant
1_105_DdmC#16,representative,1_105_DdmC,1_105_DdmC#16,5,Asticcacaulis benevestitus DSM 16100 = ATCC BAA-896,distant
1_105_DdmC#53,representative,1_105_DdmC,1_105_DdmC#53,1,Spizellomyces punctatus DAOM BR117,distant
1_105_DdmC#54,representative,1_105_DdmC,1_105_DdmC#54,1,Aureococcus anophagefferens,distant
1_105_DdmC#55,representative,1_105_DdmC,1_105_DdmC#55,1,Aureococcus anophagefferens,distant
1_105_DdmC#56,representative,1_105_DdmC,1_105_DdmC#56,1,Chlorella variabilis,distant
1_105_DdmC#57,representative,1_105_DdmC,1_105_DdmC#57,1,Coccomyxa subellipsoidea C-169,distant
1_105_DdmC#58,representative,1_105_DdmC,1_105_DdmC#58,1,Micromonas pusilla CCMP1545,distant
1_105_DdmC#59,representative,1_105_DdmC,1_105_DdmC#59,1,Streptomyces sp. SID5594,distant
1_105_DdmC#60,representative,1_105_DdmC,1_105_DdmC#60,1,Acetobacter aceti NBRC 14818,distant
1_105_DdmC#61,representative,1_105_DdmC,1_105_DdmC#61,1,Archangium gephyra,distant
1_105_DdmC#62,representative,1_105_DdmC,1_105_DdmC#62,1,Marinomonas aquiplantarum,distant
1_105_DdmC#63,representative,1_105_DdmC,1_105_DdmC#63,1,Scytonema sp. HK-05,distant
1_105_DdmC#64,representative,1_105_DdmC,1_105_DdmC#64,1,Leptolyngbya sp. 'hensonii',distant
1_105_DdmC#65,representative,1_105_DdmC,1_105_DdmC#65,1,Bdellovibrio bacteriovorus,distant
1_105_DdmC#66,representative,1_105_DdmC,1_105_DdmC#66,1,Rhodococcus sp. LB1,distant
1_105_DdmC#67,representative,1_105_DdmC,1_105_DdmC#67,1,Legionella santicrucis,distant
1_105_DdmC#68,representative,1_105_DdmC,1_105_DdmC#68,1,Sphingomonas sp. Root720,distant
1_105_DdmC#69,representative,1_105_DdmC,1_105_DdmC#69,1,Sphingomonas sp. Root710,distant
1_105_DdmC#70,representative,1_105_DdmC,1_105_DdmC#70,1,Aminobacter sp. DSM 101952,distant
1_105_DdmC#71,representative,1_105_DdmC,1_105_DdmC#71,1,Novosphingobium sp. AAP1,distant
1_105_DdmC#72,representative,1_105_DdmC,1_105_DdmC#72,1,Novosphingobium sp. AAP1,distant
1_105_DdmC#73,representative,1_105_DdmC,1_105_DdmC#73,1,Novosphingobium sp. AAP83,distant
1_105_DdmC#74,representative,1_105_DdmC,1_105_DdmC#74,1,Novosphingobium sp. AAP83,distant
1_105_DdmC#75,representative,1_105_DdmC,1_105_DdmC#75,1,Novosphingobium sp. AAP83,distant
1_105_DdmC#76,representative,1_105_DdmC,1_105_DdmC#76,1,Caballeronia cordobensis,family_member
1_105_DdmC#77,representative,1_105_DdmC,1_105_DdmC#77,1,Sphingomonas sp. SRS2,distant
1_105_DdmC#78,representative,1_105_DdmC,1_105_DdmC#78,1,Nostoc sp. KVJ20,distant
1_105_DdmC#79,representative,1_105_DdmC,1_105_DdmC#79,1,Variovorax paradoxus,distant
1_105_DdmC#80,representative,1_105_DdmC,1_105_DdmC#80,1,Burkholderia sp. USMB20,distant
1_105_DdmC#81,representative,1_105_DdmC,1_105_DdmC#81,1,Sphingomonas sp. BE270,distant
1_105_DdmC#82,representative,1_105_DdmC,1_105_DdmC#82,1,Pseudomonas gingeri,distant
1_105_DdmC#83,representative,1_105_DdmC,1_105_DdmC#83,1,Myxococcus xanthus,distant
1_105_DdmC#84,representative,1_105_DdmC,1_105_DdmC#84,1,Asticcacaulis biprosthecium C19,distant
1_105_DdmC#85,representative,1_105_DdmC,1_105_DdmC#85,1,Coleofasciculus chthonoplastes PCC 7420,distant
1_105_DdmC#86,representative,1_105_DdmC,1_105_DdmC#86,1,Coleofasciculus chthonoplastes PCC 7420,distant
1_105_DdmC#87,representative,1_105_DdmC,1_105_DdmC#87,1,Novosphingobium pentaromativorans US6-1,distant
1_105_DdmC#88,representative,1_105_DdmC,1_105_DdmC#88,1,Novosphingobium sp. KN65.2,distant
1_105_DdmC#89,representative,1_105_DdmC,1_105_DdmC#89,1,Streptomyces sp. NBRC 110611,distant
1_105_DdmC#90,representative,1_105_DdmC,1_105_DdmC#90,1,Sphingobium ummariense RL-3,distant
1_105_DdmC#91,representative,1_105_DdmC,1_105_DdmC#91,1,Simiduia agarivorans SA1 = DSM 21679,distant
1_105_DdmC#92,representative,1_105_DdmC,1_105_DdmC#92,1,Bacteriovorax sp. BSW11_IV,distant
1_105_DdmC#93,representative,1_105_DdmC,1_105_DdmC#93,1,Sphingobium quisquiliarum P25,distant
1_105_DdmC#94,representative,1_105_DdmC,1_105_DdmC#94,1,Sphingobium quisquiliarum P25,distant
1_105_DdmC#95,representative,1_105_DdmC,1_105_DdmC#95,1,Sphingobium quisquiliarum P25,distant
1_105_DdmC#96,representative,1_105_DdmC,1_105_DdmC#96,1,Sphingobium lactosutens DS20,distant
1_105_DdmC#97,representative,1_105_DdmC,1_105_DdmC#97,1,Hyphomonas oceanitis SCH89,distant
1_105_DdmC#98,representative,1_105_DdmC,1_105_DdmC#98,1,Caulobacter vibrioides OR37,distant
1_105_DdmC#99,representative,1_105_DdmC,1_105_DdmC#99,1,Rhizobium freirei PRF 81,distant
1_105_DdmC#100,representative,1_105_DdmC,1_105_DdmC#100,1,Caulobacter sp. AP07,distant
1_105_DdmC#101,representative,1_105_DdmC,1_105_DdmC#101,1,Chthoniobacter flavus Ellin428,distant
1_105_DdmC#102,representative,1_105_DdmC,1_105_DdmC#102,1,Plesiocystis pacifica SIR-1,distant
1_105_DdmC#103,representative,1_105_DdmC,1_105_DdmC#103,1,Plesiocystis pacifica SIR-1,distant
1_105_DdmC#104,representative,1_105_DdmC,1_105_DdmC#104,1,Phormidium ambiguum IAM M-71,distant
1_105_DdmC#105,representative,1_105_DdmC,1_105_DdmC#105,1,[Limnothrix rosea] IAM M-220,distant
1_105_DdmC#106,representative,1_105_DdmC,1_105_DdmC#106,1,Cyanobacterium sp. IPPAS B-1200,distant
1_105_DdmC#107,representative,1_105_DdmC,1_105_DdmC#107,1,Nodularia spumigena CENA596,distant
1_105_DdmC#108,representative,1_105_DdmC,1_105_DdmC#108,1,Prochlorothrix hollandica PCC 9006 = CALU 1027,distant
1_105_DdmC#109,representative,1_105_DdmC,1_105_DdmC#109,1,Lyngbya aestuarii BL J,distant
1_105_DdmC#110,representative,1_105_DdmC,1_105_DdmC#110,1,Spinacia oleracea,distant
1_105_DdmC#111,representative,1_105_DdmC,1_105_DdmC#111,1,Arachis duranensis,novel
1_105_DdmC#112,representative,1_105_DdmC,1_105_DdmC#112,1,Populus euphratica,novel
1_105_DdmC#113,representative,1_105_DdmC,1_105_DdmC#113,1,Cucumis melo,novel
1_105_DdmC#114,representative,1_105_DdmC,1_105_DdmC#114,1,Ricinus communis,distant
1_106_TsaM#0,representative,1_106_TsaM,1_106_TsaM#0,78,Burkholderia cenocepacia J2315,distant
1_106_TsaM#1,representative,1_106_TsaM,1_106_TsaM#1,33,Pseudonocardia sp. EC080619-01,distant
1_106_TsaM#2,representative,1_106_TsaM,1_106_TsaM#2,27,Acetobacter pomorum DM001,distant
1_106_TsaM#3,representative,1_106_TsaM,1_106_TsaM#3,23,Rhizobium grahamii CCGE 502,distant
1_106_TsaM#4,representative,1_106_TsaM,1_106_TsaM#4,19,Burkholderia ambifaria IOP40-10,distant
1_106_TsaM#5,representative,1_106_TsaM,1_106_TsaM#5,17,Pseudomonas sp. M47T1,distant
1_106_TsaM#6,representative,1_106_TsaM,1_106_TsaM#6,16,Caballeronia mineralivorans PML1(12),family_member
1_106_TsaM#7,representative,1_106_TsaM,1_106_TsaM#7,14,Sulfitobacter sp. SK025,distant
1_106_TsaM#8,representative,1_106_TsaM,1_106_TsaM#8,13,Actinacidiphila paucisporea,distant
1_106_TsaM#9,representative,1_106_TsaM,1_106_TsaM#9,13,Phaeobacter sp. CECT 5382,distant
1_106_TsaM#10,representative,1_106_TsaM,1_106_TsaM#10,12,Sphingobium lactosutens DS20,distant
1_106_TsaM#11,representative,1_106_TsaM,1_106_TsaM#11,12,Comamonas testosteroni,distant
1_106_TsaM#12,representative,1_106_TsaM,1_106_TsaM#12,10,Ralstonia pickettii OR214,distant
1_106_TsaM#13,representative,1_106_TsaM,1_106_TsaM#13,9,Rhodococcus ruber BKS 20-38,distant
1_106_TsaM#14,representative,1_106_TsaM,1_106_TsaM#14,8,Burkholderia sp. USMB20,family_member
1_106_TsaM#15,representative,1_106_TsaM,1_106_TsaM#15,8,Cupriavidus basilensis OR16,family_member
1_106_TsaM#16,representative,1_106_TsaM,1_106_TsaM#16,8,Ralstonia pickettii,distant
1_106_TsaM#17,representative,1_106_TsaM,1_106_TsaM#17,7,Moorena sp. SIO2C4,distant
1_106_TsaM#18,representative,1_106_TsaM,1_106_TsaM#18,7,Methylibium sp. T29-B,distant
1_106_TsaM#19,representative,1_106_TsaM,1_106_TsaM#19,7,Herbaspirillum sp. CF444,distant
1_106_TsaM#20,representative,1_106_TsaM,1_106_TsaM#20,7,Rhodococcus opacus RKJ300 = JCM 13270,distant
1_106_TsaM#21,representative,1_106_TsaM,1_106_TsaM#21,7,Acinetobacter gerneri DSM 14967 = CIP 107464 = MTCC 9824,distant
1_106_TsaM#22,representative,1_106_TsaM,1_106_TsaM#22,6,Microcystis aeruginosa PCC 9432,distant
1_106_TsaM#23,representative,1_106_TsaM,1_106_TsaM#23,6,Sphingobium indicum BiD32,distant
1_106_TsaM#24,representative,1_106_TsaM,1_106_TsaM#24,6,Gordonia malaquae NBRC 108250,distant
1_106_TsaM#25,representative,1_106_TsaM,1_106_TsaM#25,6,Cystobacter fuscus DSM 2262,distant
1_106_TsaM#26,representative,1_106_TsaM,1_106_TsaM#26,6,Roseobacter sp. SK209-2-6,distant
1_106_TsaM#27,representative,1_106_TsaM,1_106_TsaM#27,5,Variovorax paradoxus,family_member
1_106_TsaM#28,representative,1_106_TsaM,1_106_TsaM#28,5,Pseudacidovorax sp. RU35E,distant
1_106_TsaM#29,representative,1_106_TsaM,1_106_TsaM#29,5,Pseudoxanthobacter soli DSM 19599,distant
1_106_TsaM#30,representative,1_106_TsaM,1_106_TsaM#30,5,Mycobacterium celatum,family_member
1_106_TsaM#31,representative,1_106_TsaM,1_106_TsaM#31,5,Methylibium sp. T29,distant
1_106_TsaM#32,representative,1_106_TsaM,1_106_TsaM#32,5,Burkholderia ambifaria IOP40-10,distant
1_106_TsaM#91,representative,1_106_TsaM,1_106_TsaM#91,1,Prunus persica,distant
1_106_TsaM#92,representative,1_106_TsaM,1_106_TsaM#92,1,Emiliania huxleyi CCMP1516,distant
1_106_TsaM#93,representative,1_106_TsaM,1_106_TsaM#93,1,Coccomyxa subellipsoidea C-169,distant
1_106_TsaM#94,representative,1_106_TsaM,1_106_TsaM#94,1,Acanthamoeba castellanii str. Neff,distant
1_106_TsaM#95,representative,1_106_TsaM,1_106_TsaM#95,1,Micromonas commoda,distant
1_106_TsaM#96,representative,1_106_TsaM,1_106_TsaM#96,1,Streptomyces sp. SID8354,distant
1_106_TsaM#97,representative,1_106_TsaM,1_106_TsaM#97,1,Streptomyces sp. SID8354,distant
1_106_TsaM#98,representative,1_106_TsaM,1_106_TsaM#98,1,Herbaspirillum sp. CAH-3,distant
1_106_TsaM#99,representative,1_106_TsaM,1_106_TsaM#99,1,Gluconobacter oxydans,distant
1_106_TsaM#100,representative,1_106_TsaM,1_106_TsaM#100,1,Novosphingobium sp. LASN5T,distant
1_106_TsaM#101,representative,1_106_TsaM,1_106_TsaM#101,1,Pusillimonas noertemannii,family_member
1_106_TsaM#102,representative,1_106_TsaM,1_106_TsaM#102,1,Pusillimonas noertemannii,distant
1_106_TsaM#103,representative,1_106_TsaM,1_106_TsaM#103,1,Pusillimonas noertemannii,distant
1_106_TsaM#104,representative,1_106_TsaM,1_106_TsaM#104,1,Pusillimonas noertemannii,distant
1_106_TsaM#105,representative,1_106_TsaM,1_106_TsaM#105,1,Pusillimonas noertemannii,distant
1_106_TsaM#106,representative,1_106_TsaM,1_106_TsaM#106,1,Pusillimonas noertemannii,distant
1_106_TsaM#107,representative,1_106_TsaM,1_106_TsaM#107,1,Pseudomonas sp. MYb187,family_member
1_106_TsaM#108,representative,1_106_TsaM,1_106_TsaM#108,1,Burkholderia sp. SRS-W-2-2016,distant
1_106_TsaM#109,representative,1_106_TsaM,1_106_TsaM#109,1,Scytonema sp. HK-05,distant
1_106_TsaM#110,representative,1_106_TsaM,1_106_TsaM#110,1,Pseudoalteromonas amylolytica,distant
1_106_TsaM#111,representative,1_106_TsaM,1_106_TsaM#111,1,Desertifilum tharense IPPAS B-1220,distant
1_106_TsaM#112,representative,1_106_TsaM,1_106_TsaM#112,1,Pseudofrankia sp. BMG5.36,distant
1_106_TsaM#113,representative,1_106_TsaM,1_106_TsaM#113,1,Parafrankia soli,distant
1_106_TsaM#114,representative,1_106_TsaM,1_106_TsaM#114,1,Mariniblastus fucicola,distant
1_106_TsaM#115,representative,1_106_TsaM,1_106_TsaM#115,1,Duganella phyllosphaerae,distant
1_106_TsaM#116,representative,1_106_TsaM,1_106_TsaM#116,1,Maricaulis sp. W15,distant
1_106_TsaM#117,representative,1_106_TsaM,1_106_TsaM#117,1,Burkholderia sp. TSV86,distant
1_106_TsaM#118,representative,1_106_TsaM,1_106_TsaM#118,1,Mastigocoleus testarum BC008,distant
1_106_TsaM#119,representative,1_106_TsaM,1_106_TsaM#119,1,Sphingobium sp. Leaf26,family_member
1_106_TsaM#120,representative,1_106_TsaM,1_106_TsaM#120,1,Sphingomonas sp. Root720,distant
1_106_TsaM#121,representative,1_106_TsaM,1_106_TsaM#121,1,Noviherbaspirillum sp. Root189,distant
1_106_TsaM#122,representative,1_106_TsaM,1_106_TsaM#122,1,Noviherbaspirillum sp. Root189,distant
1_106_TsaM#123,representative,1_106_TsaM,1_106_TsaM#123,1,Acetobacterium wieringae,distant
1_106_TsaM#124,representative,1_106_TsaM,1_106_TsaM#124,1,Bellilinea caldifistulae,distant
1_106_TsaM#125,representative,1_106_TsaM,1_106_TsaM#125,1,Sphingomonas sp. SRS2,distant
1_106_TsaM#126,representative,1_106_TsaM,1_106_TsaM#126,1,Streptomyces curacoi,distant
1_106_TsaM#127,representative,1_106_TsaM,1_106_TsaM#127,1,Novosphingobium barchaimii LL02,distant
1_106_TsaM#128,representative,1_106_TsaM,1_106_TsaM#128,1,Bradyrhizobium sp. LTSP885,family_member
1_106_TsaM#129,representative,1_106_TsaM,1_106_TsaM#129,1,Tumebacillus flagellatus,distant
1_106_TsaM#130,representative,1_106_TsaM,1_106_TsaM#130,1,Mycolicibacterium aromaticivorans JS19b1 = JCM 16368,distant
1_106_TsaM#131,representative,1_106_TsaM,1_106_TsaM#131,1,Synechococcus elongatus PCC 7942 = FACHB-805,distant
1_106_TsaM#132,representative,1_106_TsaM,1_106_TsaM#132,1,Synechococcus elongatus PCC 7942 = FACHB-805,distant
1_106_TsaM#133,representative,1_106_TsaM,1_106_TsaM#133,1,Pseudonocardia thermophila,distant
1_106_TsaM#134,representative,1_106_TsaM,1_106_TsaM#134,1,Shimia thalassica,distant
1_106_TsaM#135,representative,1_106_TsaM,1_106_TsaM#135,1,Novosphingobium pentaromativorans US6-1,distant
1_106_TsaM#136,representative,1_106_TsaM,1_106_TsaM#136,1,Novosphingobium pentaromativorans US6-1,distant
1_106_TsaM#137,representative,1_106_TsaM,1_106_TsaM#137,1,Pseudonocardia asaccharolytica DSM 44247 = NBRC 16224,distant
1_106_TsaM#138,representative,1_106_TsaM,1_106_TsaM#138,1,Alicyclobacillus acidoterrestris ATCC 49025,distant
1_106_TsaM#139,representative,1_106_TsaM,1_106_TsaM#139,1,Bacteriovorax sp. BSW11_IV,distant
1_106_TsaM#140,representative,1_106_TsaM,1_106_TsaM#140,1,Sphingobium quisquiliarum P25,distant
1_106_TsaM#141,representative,1_106_TsaM,1_106_TsaM#141,1,Sphingobium quisquiliarum P25,distant
1_106_TsaM#142,representative,1_106_TsaM,1_106_TsaM#142,1,Novosphingobium sp. AAP1,distant
1_106_TsaM#143,representative,1_106_TsaM,1_106_TsaM#143,1,Pseudomonas sp. G5(2012),family_member
1_106_TsaM#144,representative,1_106_TsaM,1_106_TsaM#144,1,Paeniglutamicibacter gangotriensis Lz1y,distant
1_106_TsaM#145,representative,1_106_TsaM,1_106_TsaM#145,1,Pseudomonas sp. GM21,distant
1_106_TsaM#146,representative,1_106_TsaM,1_106_TsaM#146,1,Pusillimonas noertemannii,family_member
1_106_TsaM#147,representative,1_106_TsaM,1_106_TsaM#147,1,Pusillimonas noertemannii,family_member
1_106_TsaM#148,representative,1_106_TsaM,1_106_TsaM#148,1,Burkholderia multivorans,family_member
1_106_TsaM#149,representative,1_106_TsaM,1_106_TsaM#149,1,Tsukamurella pseudospumae,distant
1_106_TsaM#150,representative,1_106_TsaM,1_106_TsaM#150,1,Gordonia neofelifaecis NRRL B-59395,distant
1_106_TsaM#151,representative,1_106_TsaM,1_106_TsaM#151,1,Pseudorhodobacter antarcticus,distant
1_106_TsaM#152,representative,1_106_TsaM,1_106_TsaM#152,1,Novosphingobium sp. FSW06-99,distant
1_106_TsaM#153,representative,1_106_TsaM,1_106_TsaM#153,1,Caballeronia sordidicola,distant
1_106_TsaM#154,representative,1_106_TsaM,1_106_TsaM#154,1,Pseudomonas putida,distant
1_106_TsaM#155,representative,1_106_TsaM,1_106_TsaM#155,1,Pusillimonas noertemannii,distant
1_106_TsaM#156,representative,1_106_TsaM,1_106_TsaM#156,1,Marinobacterium stanieri,distant
1_106_TsaM#157,representative,1_106_TsaM,1_106_TsaM#157,1,Limnohabitans sp. Rim28,distant
1_106_TsaM#158,representative,1_106_TsaM,1_106_TsaM#158,1,Caulobacter sp. AP07,distant
1_106_TsaM#159,representative,1_106_TsaM,1_106_TsaM#159,1,Herbaspirillum frisingense GSF30,distant
1_106_TsaM#160,representative,1_106_TsaM,1_106_TsaM#160,1,Plesiocystis pacifica SIR-1,distant
1_106_TsaM#161,representative,1_106_TsaM,1_106_TsaM#161,1,Kerstersia gyiorum,distant
1_106_TsaM#162,representative,1_106_TsaM,1_106_TsaM#162,1,Herbaspirillum sp. CF444,distant
1_106_TsaM#163,representative,1_106_TsaM,1_106_TsaM#163,1,Pseudomonas sp. GM21,distant
1_106_TsaM#164,representative,1_106_TsaM,1_106_TsaM#164,1,Acinetobacter calcoaceticus,distant
1_106_TsaM#165,representative,1_106_TsaM,1_106_TsaM#165,1,Plesiocystis pacifica SIR-1,distant
1_106_TsaM#166,representative,1_106_TsaM,1_106_TsaM#166,1,Plesiocystis pacifica SIR-1,distant
1_106_TsaM#167,representative,1_106_TsaM,1_106_TsaM#167,1,Pseudoalteromonas tunicata D2,distant
1_107_CndA#0,representative,1_107_CndA,1_107_CndA#0,7,Nicotiana sylvestris,distant
1_107_CndA#1,representative,1_107_CndA,1_107_CndA#1,7,Pseudomonas sp. LAMO17WK12:I1,distant
1_107_CndA#2,representative,1_107_CndA,1_107_CndA#2,7,Methyloversatilis universalis FAM5,distant
1_107_CndA#3,representative,1_107_CndA,1_107_CndA#3,5,Pseudomonas frederiksbergensis,family_member
1_107_CndA#8,representative,1_107_CndA,1_107_CndA#8,1,Emiliania huxleyi CCMP1516,distant
1_107_CndA#9,representative,1_107_CndA,1_107_CndA#9,1,Coccomyxa subellipsoidea C-169,distant
1_107_CndA#10,representative,1_107_CndA,1_107_CndA#10,1,Micromonas commoda,distant
1_107_CndA#11,representative,1_107_CndA,1_107_CndA#11,1,Sphingobium wenxiniae,distant
1_107_CndA#12,representative,1_107_CndA,1_107_CndA#12,1,Novosphingobium sp. LASN5T,distant
1_107_CndA#13,representative,1_107_CndA,1_107_CndA#13,1,Burkholderia ubonensis,distant
1_107_CndA#14,representative,1_107_CndA,1_107_CndA#14,1,Pusillimonas noertemannii,distant
1_107_CndA#15,representative,1_107_CndA,1_107_CndA#15,1,Rhizorhabdus dicambivorans,distant
1_107_CndA#16,representative,1_107_CndA,1_107_CndA#16,1,Roseivirga echinicomitans,distant
1_107_CndA#17,representative,1_107_CndA,1_107_CndA#17,1,Sphingopyxis sp. H050,distant
1_107_CndA#18,representative,1_107_CndA,1_107_CndA#18,1,Sphingomonas sp. Root720,distant
1_107_CndA#19,representative,1_107_CndA,1_107_CndA#19,1,Sphingomonas sp. Root720,family_member
1_107_CndA#20,representative,1_107_CndA,1_107_CndA#20,1,Noviherbaspirillum sp. Root189,distant
1_107_CndA#21,representative,1_107_CndA,1_107_CndA#21,1,Methylibium sp. Root1272,distant
1_107_CndA#22,representative,1_107_CndA,1_107_CndA#22,1,Sphingobium chungbukense,distant
1_107_CndA#23,representative,1_107_CndA,1_107_CndA#23,1,Sphingomonas sp. SRS2,distant
1_107_CndA#24,representative,1_107_CndA,1_107_CndA#24,1,Sphingomonas sp. SRS2,distant
1_107_CndA#25,representative,1_107_CndA,1_107_CndA#25,1,Pseudomonas nitroreducens,family_member
1_107_CndA#26,representative,1_107_CndA,1_107_CndA#26,1,Gordonia terrae,distant
1_107_CndA#27,representative,1_107_CndA,1_107_CndA#27,1,Sphingobium sp. AP50,distant
1_107_CndA#28,representative,1_107_CndA,1_107_CndA#28,1,Sphingobium ummariense RL-3,family_member
1_107_CndA#29,representative,1_107_CndA,1_107_CndA#29,1,Sphingobium quisquiliarum P25,family_member
1_108_PobA#0,representative,1_108_PobA,1_108_PobA#0,28,Caballeronia mineralivorans PML1(12),distant
1_108_PobA#1,representative,1_108_PobA,1_108_PobA#1,10,Streptomyces scabiei,family_member
1_108_PobA#2,representative,1_108_PobA,1_108_PobA#2,9,Bradyrhizobium lablabi,family_member
1_108_PobA#3,representative,1_108_PobA,1_108_PobA#3,8,Bradyrhizobium sp. YR681,family_member
1_108_PobA#4,representative,1_108_PobA,1_108_PobA#4,5,Acidovorax sp. CF316,family_member
1_108_PobA#12,representative,1_108_PobA,1_108_PobA#12,1,Coccomyxa subellipsoidea C-169,distant
1_108_PobA#13,representative,1_108_PobA,1_108_PobA#13,1,Sphingobium phenoxybenzoativorans,distant
1_108_PobA#14,representative,1_108_PobA,1_108_PobA#14,1,Paraburkholderia sprentiae WSM5005,family_member
1_108_PobA#15,representative,1_108_PobA,1_108_PobA#15,1,Actinomadura latina,distant
1_108_PobA#16,representative,1_108_PobA,1_108_PobA#16,1,Maritimibacter alkaliphilus HTCC2654,family_member
1_108_PobA#17,representative,1_108_PobA,1_108_PobA#17,1,Caulobacter sp. AP07,family_member
1_108_PobA#18,representative,1_108_PobA,1_108_PobA#18,1,Maritimibacter alkaliphilus HTCC2654,family_member
1_108_PobA#19,representative,1_108_PobA,1_108_PobA#19,1,Hydrogenophaga intermedia,family_member
1_109_LigX#0,representative,1_109_LigX,1_109_LigX#0,8,Variovorax sp. CF313,family_member
1_109_LigX#13,representative,1_109_LigX,1_109_LigX#13,1,Bordetella pseudohinzii,distant
1_109_LigX#14,representative,1_109_LigX,1_109_LigX#14,1,Kitasatospora sp. Root187,distant
1_109_LigX#15,representative,1_109_LigX,1_109_LigX#15,1,Croceibacterium atlanticum,distant
1_109_LigX#16,representative,1_109_LigX,1_109_LigX#16,1,Caballeronia fortuita,distant
1_110_SxtT#0,representative,1_110_SxtT,1_110_SxtT#0,35,Burkholderia ambifaria IOP40-10,novel
1_110_SxtT#1,representative,1_110_SxtT,1_110_SxtT#1,9,Comamonas testosteroni,distant
1_110_SxtT#2,representative,1_110_SxtT,1_110_SxtT#2,7,Mycolicibacterium vaccae ATCC 25954,distant
1_110_SxtT#3,representative,1_110_SxtT,1_110_SxtT#3,7,Brevibacillus sp. BC25,distant
1_110_SxtT#4,representative,1_110_SxtT,1_110_SxtT#4,7,Paenibacillus sp. FSL R5-192,distant
1_110_SxtT#5,representative,1_110_SxtT,1_110_SxtT#5,6,Thermoactinomyces intermedius,distant
1_110_SxtT#6,representative,1_110_SxtT,1_110_SxtT#6,5,Medicago truncatula,novel
1_110_SxtT#7,representative,1_110_SxtT,1_110_SxtT#7,5,Hydrogenophaga taeniospiralis CCUG 15921,distant
1_110_SxtT#38,representative,1_110_SxtT,1_110_SxtT#38,1,Ziziphus jujuba,distant
1_110_SxtT#39,representative,1_110_SxtT,1_110_SxtT#39,1,Guillardia theta CCMP2712,distant
1_110_SxtT#40,representative,1_110_SxtT,1_110_SxtT#40,1,Chlorella variabilis,novel
1_110_SxtT#41,representative,1_110_SxtT,1_110_SxtT#41,1,Chondrus crispus,distant
1_110_SxtT#42,representative,1_110_SxtT,1_110_SxtT#42,1,Selaginella moellendorffii,distant
1_110_SxtT#43,representative,1_110_SxtT,1_110_SxtT#43,1,Volvox carteri f. nagariensis,distant
1_110_SxtT#44,representative,1_110_SxtT,1_110_SxtT#44,1,Nocardia nova,distant
1_110_SxtT#45,representative,1_110_SxtT,1_110_SxtT#45,1,Rhizorhabdus dicambivorans,distant
1_110_SxtT#46,representative,1_110_SxtT,1_110_SxtT#46,1,Rhizorhabdus dicambivorans,distant
1_110_SxtT#47,representative,1_110_SxtT,1_110_SxtT#47,1,Mycobacterium heckeshornense,distant
1_110_SxtT#48,representative,1_110_SxtT,1_110_SxtT#48,1,Mycobacterium sp. GA-2829,distant
1_110_SxtT#49,representative,1_110_SxtT,1_110_SxtT#49,1,Mastigocoleus testarum BC008,distant
1_110_SxtT#50,representative,1_110_SxtT,1_110_SxtT#50,1,Methylobacterium sp. Leaf99,distant
1_110_SxtT#51,representative,1_110_SxtT,1_110_SxtT#51,1,Actinoplanes awajinensis subsp. mycoplanecinus,distant
1_110_SxtT#52,representative,1_110_SxtT,1_110_SxtT#52,1,Streptomyces uncialis,distant
1_110_SxtT#53,representative,1_110_SxtT,1_110_SxtT#53,1,Sorangium cellulosum,distant
1_110_SxtT#54,representative,1_110_SxtT,1_110_SxtT#54,1,Myxococcus xanthus,distant
1_110_SxtT#55,representative,1_110_SxtT,1_110_SxtT#55,1,Ferrithrix thermotolerans DSM 19514,distant
1_110_SxtT#56,representative,1_110_SxtT,1_110_SxtT#56,1,Sulfurisphaera tokodaii,distant
1_110_SxtT#57,representative,1_110_SxtT,1_110_SxtT#57,1,Bacillus bombysepticus str. Wang,distant
1_110_SxtT#58,representative,1_110_SxtT,1_110_SxtT#58,1,Tolypothrix sp. NIES-4075,distant
1_110_SxtT#59,representative,1_110_SxtT,1_110_SxtT#59,1,Priestia aryabhattai,distant
1_110_SxtT#60,representative,1_110_SxtT,1_110_SxtT#60,1,Lyngbya aestuarii BL J,distant
1_110_SxtT#61,representative,1_110_SxtT,1_110_SxtT#61,1,Gloeocapsa sp. PCC 73106,distant
1_110_SxtT#62,representative,1_110_SxtT,1_110_SxtT#62,1,Acinetobacter bereziniae NIPH 3,distant
1_110_SxtT#63,representative,1_110_SxtT,1_110_SxtT#63,1,Streptomyces sp. Root369,distant
1_110_SxtT#64,representative,1_110_SxtT,1_110_SxtT#64,1,Novosphingobium barchaimii LL02,distant
1_110_SxtT#65,representative,1_110_SxtT,1_110_SxtT#65,1,Pseudomonas sp. M47T1,distant
1_110_SxtT#66,representative,1_110_SxtT,1_110_SxtT#66,1,Hylemonella gracilis ATCC 19624,distant
1_110_SxtT#67,representative,1_110_SxtT,1_110_SxtT#67,1,Pantoea sp. At-9b,distant
1_111_GxtA#0,representative,1_111_GxtA,1_111_GxtA#0,42,Glycine max,distant
1_111_GxtA#1,representative,1_111_GxtA,1_111_GxtA#1,37,Glycine max,novel
1_111_GxtA#2,representative,1_111_GxtA,1_111_GxtA#2,17,Pseudomonas sp. GM80,distant
1_111_GxtA#3,representative,1_111_GxtA,1_111_GxtA#3,12,Anabaena sp. 90,distant
1_111_GxtA#4,representative,1_111_GxtA,1_111_GxtA#4,9,Acidovorax delafieldii 2AN,distant
1_111_GxtA#5,representative,1_111_GxtA,1_111_GxtA#5,7,Caballeronia hypogeia,distant
1_111_GxtA#6,representative,1_111_GxtA,1_111_GxtA#6,6,Methylobacterium sp. ap11,distant
1_111_GxtA#7,representative,1_111_GxtA,1_111_GxtA#7,6,Crocosphaera watsonii WH 0005,distant
1_111_GxtA#8,representative,1_111_GxtA,1_111_GxtA#8,6,Neobacillus bataviensis LMG 21833,distant
1_111_GxtA#9,representative,1_111_GxtA,1_111_GxtA#9,5,Bacillus cereus ISP2954,distant
1_111_GxtA#10,representative,1_111_GxtA,1_111_GxtA#10,5,Crocosphaera chwakensis CCY0110,distant
1_111_GxtA#27,representative,1_111_GxtA,1_111_GxtA#27,1,Drosophila mauritiana,distant
1_111_GxtA#28,representative,1_111_GxtA,1_111_GxtA#28,1,Coffea arabica,distant
1_111_GxtA#29,representative,1_111_GxtA,1_111_GxtA#29,1,Gossypium hirsutum,distant
1_111_GxtA#30,representative,1_111_GxtA,1_111_GxtA#30,1,Monoraphidium neglectum,distant
1_111_GxtA#31,representative,1_111_GxtA,1_111_GxtA#31,1,Aureococcus anophagefferens,distant
1_111_GxtA#32,representative,1_111_GxtA,1_111_GxtA#32,1,Guillardia theta CCMP2712,distant
1_111_GxtA#33,representative,1_111_GxtA,1_111_GxtA#33,1,Emiliania huxleyi CCMP1516,distant
1_111_GxtA#34,representative,1_111_GxtA,1_111_GxtA#34,1,Coccomyxa subellipsoidea C-169,distant
1_111_GxtA#35,representative,1_111_GxtA,1_111_GxtA#35,1,Selaginella moellendorffii,distant
1_111_GxtA#36,representative,1_111_GxtA,1_111_GxtA#36,1,Phaeodactylum tricornutum CCAP 1055/1,distant
1_111_GxtA#37,representative,1_111_GxtA,1_111_GxtA#37,1,Leptospira meyeri,distant
1_111_GxtA#38,representative,1_111_GxtA,1_111_GxtA#38,1,Bacillus sp. FJAT-27225,distant
1_111_GxtA#39,representative,1_111_GxtA,1_111_GxtA#39,1,Roseivirga seohaensis,distant
1_111_GxtA#40,representative,1_111_GxtA,1_111_GxtA#40,1,Ferroacidibacillus organovorans,distant
1_111_GxtA#41,representative,1_111_GxtA,1_111_GxtA#41,1,Burkholderia sp. TSV86,distant
1_111_GxtA#42,representative,1_111_GxtA,1_111_GxtA#42,1,Burkholderia singularis,distant
1_111_GxtA#43,representative,1_111_GxtA,1_111_GxtA#43,1,Paenibacillus sp. Soil787,distant
1_111_GxtA#44,representative,1_111_GxtA,1_111_GxtA#44,1,Mastigocoleus testarum BC008,distant
1_111_GxtA#45,representative,1_111_GxtA,1_111_GxtA#45,1,Mastigocoleus testarum BC008,distant
1_111_GxtA#46,representative,1_111_GxtA,1_111_GxtA#46,1,Nostoc sp. KVJ20,distant
1_111_GxtA#47,representative,1_111_GxtA,1_111_GxtA#47,1,Brachyspira hyodysenteriae ATCC 27164,distant
1_111_GxtA#48,representative,1_111_GxtA,1_111_GxtA#48,1,Candidatus Acidianus copahuensis,distant
1_111_GxtA#49,representative,1_111_GxtA,1_111_GxtA#49,1,Nonomuraea pusilla,distant
1_111_GxtA#50,representative,1_111_GxtA,1_111_GxtA#50,1,Mycolicibacterium septicum DSM 44393,distant
1_111_GxtA#51,representative,1_111_GxtA,1_111_GxtA#51,1,Myxococcus fulvus,distant
1_111_GxtA#52,representative,1_111_GxtA,1_111_GxtA#52,1,Rhodococcus jostii,distant
1_111_GxtA#53,representative,1_111_GxtA,1_111_GxtA#53,1,Sporocytophaga myxococcoides,distant
1_111_GxtA#54,representative,1_111_GxtA,1_111_GxtA#54,1,Pseudomonas mandelii PD30,distant
1_111_GxtA#55,representative,1_111_GxtA,1_111_GxtA#55,1,Leptolyngbya sp. Heron Island J,distant
1_111_GxtA#56,representative,1_111_GxtA,1_111_GxtA#56,1,Leptolyngbya sp. Heron Island J,distant
1_111_GxtA#57,representative,1_111_GxtA,1_111_GxtA#57,1,Pseudomonas sp. GM24,distant
1_111_GxtA#58,representative,1_111_GxtA,1_111_GxtA#58,1,Herbaspirillum sp. GW103,distant
1_111_GxtA#59,representative,1_111_GxtA,1_111_GxtA#59,1,Pedosphaera parvula Ellin514,distant
1_111_GxtA#60,representative,1_111_GxtA,1_111_GxtA#60,1,Microscilla marina ATCC 23134,distant
1_111_GxtA#61,representative,1_111_GxtA,1_111_GxtA#61,1,Aureococcus anophagefferens virus,distant
1_111_GxtA#62,representative,1_111_GxtA,1_111_GxtA#62,1,Cyanobacterium sp. IPPAS B-1200,distant
1_111_GxtA#63,representative,1_111_GxtA,1_111_GxtA#63,1,Synechococcus elongatus PCC 7942 = FACHB-805,distant
1_111_GxtA#64,representative,1_111_GxtA,1_111_GxtA#64,1,Richelia intracellularis HH01,distant
1_112_NdmA#0,representative,1_112_NdmA,1_112_NdmA#0,8,Microcystis aeruginosa NIES-44,distant
1_112_NdmA#1,representative,1_112_NdmA,1_112_NdmA#1,7,Pseudomonas sp. M47T1,distant
1_112_NdmA#7,representative,1_112_NdmA,1_112_NdmA#7,1,Ziziphus jujuba,distant
1_112_NdmA#8,representative,1_112_NdmA,1_112_NdmA#8,1,Bacillus thuringiensis,distant
1_112_NdmA#9,representative,1_112_NdmA,1_112_NdmA#9,1,Alicyclobacillus vulcanalis,distant
1_113_CdnA#0,representative,1_113_CdnA,1_113_CdnA#0,120,Acinetobacter baumannii WM99c,distant
1_113_CdnA#1,representative,1_113_CdnA,1_113_CdnA#1,31,Pseudomonas putida,distant
1_113_CdnA#2,representative,1_113_CdnA,1_113_CdnA#2,27,Klebsiella sp. OBRC7,distant
1_113_CdnA#3,representative,1_113_CdnA,1_113_CdnA#3,25,Xanthomonas citri pv. aurantifolii str. ICPB 10535,distant
1_113_CdnA#4,representative,1_113_CdnA,1_113_CdnA#4,20,Pantoea sp. At-9b,distant
1_113_CdnA#5,representative,1_113_CdnA,1_113_CdnA#5,15,Enterobacter cloacae complex sp. P6RS,distant
1_113_CdnA#6,representative,1_113_CdnA,1_113_CdnA#6,12,Acetobacter pasteurianus NBRC 3278,distant
1_113_CdnA#7,representative,1_113_CdnA,1_113_CdnA#7,8,Herbaspirillum sp. CF444,distant
1_113_CdnA#8,representative,1_113_CdnA,1_113_CdnA#8,8,Paenibacillus sonchi,distant
1_113_CdnA#9,representative,1_113_CdnA,1_113_CdnA#9,7,Pseudomonas sp. M47T1,distant
1_113_CdnA#10,representative,1_113_CdnA,1_113_CdnA#10,6,Virgibacillus chiguensis,distant
1_113_CdnA#11,representative,1_113_CdnA,1_113_CdnA#11,5,Aminobacter aganoensis,distant
1_113_CdnA#12,representative,1_113_CdnA,1_113_CdnA#12,5,Acidovorax sp. CF316,distant
1_113_CdnA#13,representative,1_113_CdnA,1_113_CdnA#13,5,Chlorogloeopsis fritschii PCC 6912,distant
1_113_CdnA#14,representative,1_113_CdnA,1_113_CdnA#14,5,Cupriavidus sp. HPC(L),distant
1_113_CdnA#15,representative,1_113_CdnA,1_113_CdnA#15,5,Methylorubrum extorquens DSM 13060,distant
1_113_CdnA#16,representative,1_113_CdnA,1_113_CdnA#16,5,Burkholderia lata,distant
1_113_CdnA#17,representative,1_113_CdnA,1_113_CdnA#17,5,Komagataeibacter xylinus NBRC 13693,distant
1_113_CdnA#41,representative,1_113_CdnA,1_113_CdnA#41,1,Durio zibethinus,distant
1_113_CdnA#42,representative,1_113_CdnA,1_113_CdnA#42,1,Pseudofrankia sp. EUN1h,distant
1_113_CdnA#43,representative,1_113_CdnA,1_113_CdnA#43,1,Pseudofrankia sp. EUN1h,distant
1_113_CdnA#44,representative,1_113_CdnA,1_113_CdnA#44,1,Maribacter hydrothermalis,distant
1_113_CdnA#45,representative,1_113_CdnA,1_113_CdnA#45,1,Paenibacillus oryzae,distant
1_113_CdnA#46,representative,1_113_CdnA,1_113_CdnA#46,1,Methylosinus sp. R-45379,distant
1_113_CdnA#47,representative,1_113_CdnA,1_113_CdnA#47,1,Sphingomonas sp. Leaf412,distant
1_113_CdnA#48,representative,1_113_CdnA,1_113_CdnA#48,1,Neosynechococcus sphagnicola sy1,distant
1_113_CdnA#49,representative,1_113_CdnA,1_113_CdnA#49,1,Moorena sp. SIO3A2,distant
1_113_CdnA#50,representative,1_113_CdnA,1_113_CdnA#50,1,Kaistia soli DSM 19436,distant
1_113_CdnA#51,representative,1_113_CdnA,1_113_CdnA#51,1,Caulobacter sp. AP07,distant
1_113_CdnA#52,representative,1_113_CdnA,1_113_CdnA#52,1,Caulobacter sp. AP07,distant
1_113_CdnA#53,representative,1_113_CdnA,1_113_CdnA#53,1,Hydrogenophaga intermedia,distant
1_113_CdnA#54,representative,1_113_CdnA,1_113_CdnA#54,1,Tanticharoenia sakaeratensis NBRC 103193,distant
1_113_CdnA#55,representative,1_113_CdnA,1_113_CdnA#55,1,Salinisphaera shabanensis E1L3A,distant
1_113_CdnA#56,representative,1_113_CdnA,1_113_CdnA#56,1,Plesiocystis pacifica SIR-1,distant
1_113_CdnA#57,representative,1_113_CdnA,1_113_CdnA#57,1,Yellowstone lake phycodnavirus 2,distant
1_113_CdnA#58,representative,1_113_CdnA,1_113_CdnA#58,1,Pantoea sp. At-9b,distant
1_113_CdnA#59,representative,1_113_CdnA,1_113_CdnA#59,1,Silvibacterium bohemicum,distant
1_113_CdnA#60,representative,1_113_CdnA,1_113_CdnA#60,1,Novosphingobium sp. FSW06-99,distant
1_113_CdnA#61,representative,1_113_CdnA,1_113_CdnA#61,1,Streptomyces canus,distant
1_113_CdnA#62,representative,1_113_CdnA,1_113_CdnA#62,1,Paracoccus aminophilus JCM 7686,distant
1_113_CdnA#63,representative,1_113_CdnA,1_113_CdnA#63,1,Xanthomonas sp. CFBP 7912,distant
1_113_CdnA#64,representative,1_113_CdnA,1_113_CdnA#64,1,Novosphingobium sp. AAP1,distant
1_114_NdmB#0,representative,1_114_NdmB,1_114_NdmB#0,6,Caballeronia hypogeia,close_homolog
1_114_NdmB#3,representative,1_114_NdmB,1_114_NdmB#3,1,Cystobacter ferrugineus,distant
1_114_NdmB#4,representative,1_114_NdmB,1_114_NdmB#4,1,Paracoccus sp. MKU1,distant
1_114_NdmB#5,representative,1_114_NdmB,1_114_NdmB#5,1,Yellowstone lake phycodnavirus 3,distant
2_201_BphA1#0,representative,2_201_BphA1,2_201_BphA1#0,1,Sphingobium sp. RAC03,distant
2_202_EdoA1#0,representative,2_202_EdoA1,2_202_EdoA1#0,29,Rhodococcus erythropolis,characterized
2_203_cumA1#0,representative,2_203_cumA1,2_203_cumA1#0,6,Pseudoalteromonas luteoviolacea 2ta16,distant
2_204_Dpe#0,representative,2_204_Dpe,2_204_Dpe#0,7,Arthrobacter sp. FB24,family_member
2_204_Dpe#4,representative,2_204_Dpe,2_204_Dpe#4,1,Sphingomonas turrisvirgatae,family_member
2_204_Dpe#5,representative,2_204_Dpe,2_204_Dpe#5,1,Achromobacter mucicolens,family_member
2_208_TecA1#0,representative,2_208_TecA1,2_208_TecA1#0,5,Mycolicibacterium vanbaalenii PYR-1,distant
2_208_TecA1#2,representative,2_208_TecA1,2_208_TecA1#2,1,Mycolicibacterium diernhoferi,distant
2_208_TecA1#3,representative,2_208_TecA1,2_208_TecA1#3,1,Croceicoccus pelagius,distant
2_211_bfzA#0,representative,2_211_bfzA,2_211_bfzA#0,10,Sphingobium yanoikuyae,distant
2_211_bfzA#1,representative,2_211_bfzA,2_211_bfzA#1,7,Sphingobium sp. C100,distant
2_211_bfzA#2,representative,2_211_bfzA,2_211_bfzA#2,5,Mycolicibacterium vanbaalenii PYR-1,distant
2_211_bfzA#10,representative,2_211_bfzA,2_211_bfzA#10,1,Croceicoccus mobilis,distant
2_211_bfzA#11,representative,2_211_bfzA,2_211_bfzA#11,1,Novosphingobium malaysiense,distant
2_211_bfzA#12,representative,2_211_bfzA,2_211_bfzA#12,1,Thauera linaloolentis 47Lol = DSM 12138,distant
2_211_bfzA#13,representative,2_211_bfzA,2_211_bfzA#13,1,Novosphingobium resinovorum,distant
2_211_bfzA#14,representative,2_211_bfzA,2_211_bfzA#14,1,Sphingobium sp. MI1205,distant
2_211_bfzA#15,representative,2_211_bfzA,2_211_bfzA#15,1,Novosphingobium sp. KN65.2,distant
2_211_bfzA#16,representative,2_211_bfzA,2_211_bfzA#16,1,Pseudonocardia halophobica,distant
2_211_bfzA#17,representative,2_211_bfzA,2_211_bfzA#17,1,Novosphingobium sp. AP12,distant
2_211_bfzA#18,representative,2_211_bfzA,2_211_bfzA#18,1,Methylorubrum extorquens DSM 13060,distant
2_212_BedC1#0,representative,2_212_BedC1,2_212_BedC1#0,9,Streptomyces scabiei,distant
2_212_BedC1#5,representative,2_212_BedC1,2_212_BedC1#5,1,Streptomyces silvensis,distant
2_212_BedC1#6,representative,2_212_BedC1,2_212_BedC1#6,1,Glaciecola pallidula DSM 14239 = ACAM 615,distant
2_212_BedC1#7,representative,2_212_BedC1,2_212_BedC1#7,1,Sphingobium indicum BiD32,distant
2_213_BphA1A2#0,representative,2_213_BphA1A2,2_213_BphA1A2#0,5,Burkholderia ambifaria IOP40-10,family_member
2_213_BphA1A2#3,representative,2_213_BphA1A2,2_213_BphA1A2#3,1,Paenibacillus naphthalenovorans,distant
2_213_BphA1A2#4,representative,2_213_BphA1A2,2_213_BphA1A2#4,1,Sphingomonas sp. IC081,family_member
2_213_BphA1A2#5,representative,2_213_BphA1A2,2_213_BphA1A2#5,1,Nitrincola nitratireducens,distant
2_214_TftA#0,representative,2_214_TftA,2_214_TftA#0,7,Novosphingobium subterraneum,family_member
2_214_TftA#1,representative,2_214_TftA,2_214_TftA#1,7,Burkholderia sp. NFACC33-1,distant
2_214_TftA#2,representative,2_214_TftA,2_214_TftA#2,1,Pusillimonas noertemannii,family_member
2_214_TftA#3,representative,2_214_TftA,2_214_TftA#3,1,Paraburkholderia monticola,distant
2_214_TftA#4,representative,2_214_TftA,2_214_TftA#4,1,Janibacter sp. Soil728,distant
2_214_TftA#5,representative,2_214_TftA,2_214_TftA#5,1,Flavobacterium sp. Root901,distant
2_214_TftA#6,representative,2_214_TftA,2_214_TftA#6,1,Variovorax paradoxus,distant
2_214_TftA#7,representative,2_214_TftA,2_214_TftA#7,1,Hyalangium minutum,distant
2_214_TftA#8,representative,2_214_TftA,2_214_TftA#8,1,Ruegeria denitrificans,distant
2_214_TftA#9,representative,2_214_TftA,2_214_TftA#9,1,Asticcacaulis benevestitus DSM 16100 = ATCC BAA-896,distant
2_214_TftA#10,representative,2_214_TftA,2_214_TftA#10,1,Plesiocystis pacifica SIR-1,distant
2_215_cadA#2,representative,2_215_cadA,2_215_cadA#2,1,Afipia sp. Root123D2,family_member
2_215_cadA#3,representative,2_215_cadA,2_215_cadA#3,1,Sphingopyxis macrogoltabida,close_homolog
2_216_BPDO#0,representative,2_216_BPDO,2_216_BPDO#0,25,Novosphingobium aromaticivorans,close_homolog
2_217_HcaE#0,representative,2_217_HcaE,2_217_HcaE#0,178,Escherichia coli O157:H7 str. EC869,characterized
2_218_BphA1#0,representative,2_218_BphA1,2_218_BphA1#0,22,Parafrankia sp. EUN1f,family_member
2_218_BphA1#1,representative,2_218_BphA1,2_218_BphA1#1,9,Rhodococcus sp. JVH1,family_member
2_218_BphA1#2,representative,2_218_BphA1,2_218_BphA1#2,7,Parafrankia sp. EUN1f,distant
2_218_BphA1#3,representative,2_218_BphA1,2_218_BphA1#3,6,Streptomyces zinciresistens K42,close_homolog
2_218_BphA1#9,representative,2_218_BphA1,2_218_BphA1#9,1,Pusillimonas noertemannii,family_member
2_218_BphA1#10,representative,2_218_BphA1,2_218_BphA1#10,1,Croceicoccus pelagius,distant
2_218_BphA1#11,representative,2_218_BphA1,2_218_BphA1#11,1,Halioglobus sp. HI00S01,distant
2_218_BphA1#12,representative,2_218_BphA1,2_218_BphA1#12,1,Streptomyces viridochromogenes,family_member
2_218_BphA1#13,representative,2_218_BphA1,2_218_BphA1#13,1,Nocardiopsis sp. NRRL B-16309,distant
2_218_BphA1#14,representative,2_218_BphA1,2_218_BphA1#14,1,Actibacterium naphthalenivorans,family_member
2_218_BphA1#15,representative,2_218_BphA1,2_218_BphA1#15,1,Rhodococcus sp. WAY2,distant
2_218_BphA1#16,representative,2_218_BphA1,2_218_BphA1#16,1,Pseudonocardia halophobica,distant
3_301_PhnA1a#0,representative,3_301_PhnA1a,3_301_PhnA1a#0,36,Novosphingobium aromaticivorans,distant
3_301_PhnA1a#1,representative,3_301_PhnA1a,3_301_PhnA1a#1,22,Novosphingobium aromaticivorans,distant
3_301_PhnA1a#2,representative,3_301_PhnA1a,3_301_PhnA1a#2,8,Pseudomonas veronii 1YdBTEX2,distant
3_301_PhnA1a#3,representative,3_301_PhnA1a,3_301_PhnA1a#3,6,Burkholderia contaminans,family_member
3_301_PhnA1a#10,representative,3_301_PhnA1a,3_301_PhnA1a#10,1,Erythrobacter litoralis,distant
3_301_PhnA1a#11,representative,3_301_PhnA1a,3_301_PhnA1a#11,1,Sphingobium sp. MI1205,distant
3_301_PhnA1a#12,representative,3_301_PhnA1a,3_301_PhnA1a#12,1,Asticcacaulis sp. AC466,distant
3_302_DitA#0,representative,3_302_DitA,3_302_DitA#0,47,Pseudomonas sp. GM21,close_homolog
3_302_DitA#1,representative,3_302_DitA,3_302_DitA#1,15,Sphingomonas sp. SKA58,family_member
3_302_DitA#4,representative,3_302_DitA,3_302_DitA#4,1,Mycobacterium nebraskense,family_member
3_302_DitA#5,representative,3_302_DitA,3_302_DitA#5,1,Sphingomonas sp. Root720,distant
3_303_NBDO#0,representative,3_303_NBDO,3_303_NBDO#0,18,Pseudomonas putida,characterized
3_304_OMO#0,representative,3_304_OMO,3_304_OMO#0,6,Pseudomonas sp. GM74,close_homolog
3_304_OMO#1,representative,3_304_OMO,3_304_OMO#1,5,Rhodococcus rhodochrous KG-21,family_member
3_305_ArhA1#2,representative,3_305_ArhA1,3_305_ArhA1#2,1,Mycobacterium xenopi,distant
3_305_ArhA1#3,representative,3_305_ArhA1,3_305_ArhA1#3,1,Sphingobium phenoxybenzoativorans,distant
3_305_ArhA1#4,representative,3_305_ArhA1,3_305_ArhA1#4,1,Massilia sp. WF1,family_member
3_305_ArhA1#5,representative,3_305_ArhA1,3_305_ArhA1#5,1,Novosphingobium pentaromativorans US6-1,family_member
3_305_ArhA1#6,representative,3_305_ArhA1,3_305_ArhA1#6,1,Asticcacaulis sp. YBE204,distant
3_306_3NTDO#0,representative,3_306_3NTDO,3_306_3NTDO#0,1,Marinomonas profundimaris,close_homolog
3_307_NagGH#0,representative,3_307_NagGH,3_307_NagGH#0,106,Achromobacter xylosoxidans A8,close_homolog
3_307_NagGH#1,representative,3_307_NagGH,3_307_NagGH#1,32,Pseudomonas sp. GM55,family_member
3_307_NagGH#2,representative,3_307_NagGH,3_307_NagGH#2,14,Achromobacter deleyi,family_member
3_307_NagGH#3,representative,3_307_NagGH,3_307_NagGH#3,6,Photorhabdus luminescens,family_member
3_307_NagGH#4,representative,3_307_NagGH,3_307_NagGH#4,6,Blastomonas sp. RAC04,close_homolog
3_307_NagGH#8,representative,3_307_NagGH,3_307_NagGH#8,1,Massilia sp. WF1,family_member
3_311_PhtAa#0,representative,3_311_PhtAa,3_311_PhtAa#0,126,Rhodococcus jostii RHA1,close_homolog
3_313_KshA15#0,representative,3_313_KshA15,3_313_KshA15#0,163,Mycolicibacterium thermoresistibile ATCC 19527,novel
3_313_KshA15#1,representative,3_313_KshA15,3_313_KshA15#1,121,Rhodococcus rhodnii LMG 5362,family_member
3_313_KshA15#2,representative,3_313_KshA15,3_313_KshA15#2,107,Parafrankia sp. EUN1f,distant
3_313_KshA15#3,representative,3_313_KshA15,3_313_KshA15#3,104,Mycolicibacterium phlei DSM 43239 = CCUG 21000,close_homolog
3_313_KshA15#4,representative,3_313_KshA15,3_313_KshA15#4,82,Mycobacterium kansasii 662,distant
3_313_KshA15#5,representative,3_313_KshA15,3_313_KshA15#5,62,Mycolicibacterium fortuitum subsp. acetamidolyticum,close_homolog
3_313_KshA15#6,representative,3_313_KshA15,3_313_KshA15#6,44,Xenopus laevis,distant
3_313_KshA15#7,representative,3_313_KshA15,3_313_KshA15#7,32,Mycolicibacterium phlei DSM 43239 = CCUG 21000,close_homolog
3_313_KshA15#8,representative,3_313_KshA15,3_313_KshA15#8,27,Pseudomonas sp. GM84,family_member
3_313_KshA15#9,representative,3_313_KshA15,3_313_KshA15#9,25,Mycolicibacterium phlei DSM 43239 = CCUG 21000,close_homolog
3_313_KshA15#10,representative,3_313_KshA15,3_313_KshA15#10,24,Burkholderia ambifaria IOP40-10,family_member
3_313_KshA15#11,representative,3_313_KshA15,3_313_KshA15#11,22,Nocardia flavorosea,close_homolog
3_313_KshA15#12,representative,3_313_KshA15,3_313_KshA15#12,20,Mycolicibacterium septicum DSM 44393,family_member
3_313_KshA15#13,representative,3_313_KshA15,3_313_KshA15#13,20,Gordonia neofelifaecis NRRL B-59395,close_homolog
3_313_KshA15#14,representative,3_313_KshA15,3_313_KshA15#14,17,Rhodococcus pyridinivorans AK37,family_member
3_313_KshA15#15,representative,3_313_KshA15,3_313_KshA15#15,15,Rhodococcus rhodochrous KG-21,distant
3_313_KshA15#16,representative,3_313_KshA15,3_313_KshA15#16,15,Streptomyces sp. FXJ7.023,novel
3_313_KshA15#17,representative,3_313_KshA15,3_313_KshA15#17,14,Camponotus floridanus,distant
3_313_KshA15#18,representative,3_313_KshA15,3_313_KshA15#18,14,Amycolatopsis decaplanina DSM 44594,close_homolog
3_313_KshA15#19,representative,3_313_KshA15,3_313_KshA15#19,14,Rhodococcus pyridinivorans AK37,close_homolog
3_313_KshA15#20,representative,3_313_KshA15,3_313_KshA15#20,12,Novosphingobium aromaticivorans DSM 12444,distant
3_313_KshA15#21,representative,3_313_KshA15,3_313_KshA15#21,11,Bombus terrestris,distant
3_313_KshA15#22,representative,3_313_KshA15,3_313_KshA15#22,11,Mycobacterium nebraskense,family_member
3_313_KshA15#23,representative,3_313_KshA15,3_313_KshA15#23,11,Burkholderia multivorans ATCC 17616,novel
3_313_KshA15#24,representative,3_313_KshA15,3_313_KshA15#24,10,Pseudomonas sp. GM49,family_member
3_313_KshA15#25,representative,3_313_KshA15,3_313_KshA15#25,9,Pimelobacter simplex,family_member
3_313_KshA15#26,representative,3_313_KshA15,3_313_KshA15#26,9,Rhodococcus rhodnii LMG 5362,family_member
3_313_KshA15#27,representative,3_313_KshA15,3_313_KshA15#27,8,Gordonia namibiensis NBRC 108229,family_member
3_313_KshA15#28,representative,3_313_KshA15,3_313_KshA15#28,8,Rhodococcus sp. RD6.2,close_homolog
3_313_KshA15#29,representative,3_313_KshA15,3_313_KshA15#29,8,Drosophila melanogaster,distant
3_313_KshA15#30,representative,3_313_KshA15,3_313_KshA15#30,7,Frankliniella occidentalis,distant
3_313_KshA15#31,representative,3_313_KshA15,3_313_KshA15#31,7,Papilio xuthus,distant
3_313_KshA15#32,representative,3_313_KshA15,3_313_KshA15#32,7,Lottia gigantea,distant
3_313_KshA15#33,representative,3_313_KshA15,3_313_KshA15#33,7,Sphingobium baderi LL03,distant
3_313_KshA15#34,representative,3_313_KshA15,3_313_KshA15#34,6,Dinoponera quadriceps,distant
3_313_KshA15#35,representative,3_313_KshA15,3_313_KshA15#35,6,Hydrocarboniphaga effusa AP103,novel
3_313_KshA15#36,representative,3_313_KshA15,3_313_KshA15#36,6,Pseudomonas sp. GM74,family_member
3_313_KshA15#37,representative,3_313_KshA15,3_313_KshA15#37,5,Zeugodacus cucurbitae,novel
3_313_KshA15#38,representative,3_313_KshA15,3_313_KshA15#38,5,Helobdella robusta,distant
3_313_KshA15#39,representative,3_313_KshA15,3_313_KshA15#39,5,Branchiostoma floridae,distant
3_313_KshA15#40,representative,3_313_KshA15,3_313_KshA15#40,5,Aedes aegypti,distant
3_313_KshA15#41,representative,3_313_KshA15,3_313_KshA15#41,5,Sphingopyxis sp. LC81,distant
3_313_KshA15#42,representative,3_313_KshA15,3_313_KshA15#42,5,Mycolicibacterium sp. NCC-Tsukiji,distant
3_313_KshA15#43,representative,3_313_KshA15,3_313_KshA15#43,5,Mycolicibacterium fortuitum subsp. fortuitum DSM 46621 = ATCC 6841 = JCM 6387,close_homolog
3_313_KshA15#44,representative,3_313_KshA15,3_313_KshA15#44,5,Mycobacterium sp. GA-1285,family_member
3_313_KshA15#45,representative,3_313_KshA15,3_313_KshA15#45,5,Rhodococcus ruber BKS 20-38,family_member
3_313_KshA15#46,representative,3_313_KshA15,3_313_KshA15#46,5,Rhodococcus opacus RKJ300 = JCM 13270,close_homolog
3_313_KshA15#47,representative,3_313_KshA15,3_313_KshA15#47,5,Parafrankia sp. EUN1f,distant
3_313_KshA15#48,representative,3_313_KshA15,3_313_KshA15#48,5,Drosophila willistoni,distant
3_313_KshA15#49,representative,3_313_KshA15,3_313_KshA15#49,5,Apteryx mantelli mantelli,distant
3_313_KshA15#98,representative,3_313_KshA15,3_313_KshA15#98,1,Actinia tenebrosa,distant
3_313_KshA15#99,representative,3_313_KshA15,3_313_KshA15#99,1,Diaphorina citri,novel
3_313_KshA15#100,representative,3_313_KshA15,3_313_KshA15#100,1,Acanthaster planci,distant
3_313_KshA15#101,representative,3_313_KshA15,3_313_KshA15#101,1,Acanthaster planci,distant
3_313_KshA15#102,representative,3_313_KshA15,3_313_KshA15#102,1,Hyalella azteca,distant
3_313_KshA15#103,representative,3_313_KshA15,3_313_KshA15#103,1,Tetranychus urticae,novel
3_313_KshA15#104,representative,3_313_KshA15,3_313_KshA15#104,1,Drosophila ananassae,distant
3_313_KshA15#105,representative,3_313_KshA15,3_313_KshA15#105,1,Aureococcus anophagefferens,distant
3_313_KshA15#106,representative,3_313_KshA15,3_313_KshA15#106,1,Salpingoeca rosetta,distant
3_313_KshA15#107,representative,3_313_KshA15,3_313_KshA15#107,1,Acanthamoeba castellanii str. Neff,distant
3_313_KshA15#108,representative,3_313_KshA15,3_313_KshA15#108,1,Capsaspora owczarzaki ATCC 30864,distant
3_313_KshA15#109,representative,3_313_KshA15,3_313_KshA15#109,1,Capsaspora owczarzaki ATCC 30864,distant
3_313_KshA15#110,representative,3_313_KshA15,3_313_KshA15#110,1,Acanthamoeba castellanii str. Neff,distant
3_313_KshA15#111,representative,3_313_KshA15,3_313_KshA15#111,1,Amphimedon queenslandica,distant
3_313_KshA15#112,representative,3_313_KshA15,3_313_KshA15#112,1,Pediculus humanus corporis,distant
3_313_KshA15#113,representative,3_313_KshA15,3_313_KshA15#113,1,Ixodes scapularis,distant
3_313_KshA15#114,representative,3_313_KshA15,3_313_KshA15#114,1,Ixodes scapularis,distant
3_313_KshA15#115,representative,3_313_KshA15,3_313_KshA15#115,1,Ixodes scapularis,distant
3_313_KshA15#116,representative,3_313_KshA15,3_313_KshA15#116,1,Ixodes scapularis,distant
3_313_KshA15#117,representative,3_313_KshA15,3_313_KshA15#117,1,Tetrahymena thermophila SB210,distant
3_313_KshA15#118,representative,3_313_KshA15,3_313_KshA15#118,1,Burkholderia cenocepacia,novel
3_313_KshA15#119,representative,3_313_KshA15,3_313_KshA15#119,1,Burkholderia multivorans,novel
3_313_KshA15#120,representative,3_313_KshA15,3_313_KshA15#120,1,Pseudohalioglobus lutimaris,distant
3_313_KshA15#121,representative,3_313_KshA15,3_313_KshA15#121,1,Sphingomonas fennica,novel
3_313_KshA15#122,representative,3_313_KshA15,3_313_KshA15#122,1,Actinophytocola xinjiangensis,distant
3_313_KshA15#123,representative,3_313_KshA15,3_313_KshA15#123,1,Scytonema sp. HK-05,distant
3_313_KshA15#124,representative,3_313_KshA15,3_313_KshA15#124,1,Mycolicibacterium flavescens,distant
3_313_KshA15#125,representative,3_313_KshA15,3_313_KshA15#125,1,Achromobacter sp. Root83,novel
3_313_KshA15#126,representative,3_313_KshA15,3_313_KshA15#126,1,Phenylobacterium sp. Root700,distant
3_313_KshA15#127,representative,3_313_KshA15,3_313_KshA15#127,1,Nostoc sp. KVJ20,distant
3_313_KshA15#128,representative,3_313_KshA15,3_313_KshA15#128,1,Novosphingobium sp. Fuku2-ISO-50,novel
3_313_KshA15#129,representative,3_313_KshA15,3_313_KshA15#129,1,Streptomyces curacoi,distant
3_313_KshA15#130,representative,3_313_KshA15,3_313_KshA15#130,1,Streptomyces curacoi,distant
3_313_KshA15#131,representative,3_313_KshA15,3_313_KshA15#131,1,Sorangium cellulosum,distant
3_313_KshA15#132,representative,3_313_KshA15,3_313_KshA15#132,1,Nocardia flavorosea,distant
3_313_KshA15#133,representative,3_313_KshA15,3_313_KshA15#133,1,Cryptosporangium aurantiacum,distant
3_313_KshA15#134,representative,3_313_KshA15,3_313_KshA15#134,1,Hydrocarboniphaga daqingensis,distant
3_313_KshA15#135,representative,3_313_KshA15,3_313_KshA15#135,1,Pseudomonas mandelii PD30,distant
3_313_KshA15#136,representative,3_313_KshA15,3_313_KshA15#136,1,Rhodococcus ruber BKS 20-38,close_homolog
3_313_KshA15#137,representative,3_313_KshA15,3_313_KshA15#137,1,Pseudomonas sp. GM50,distant
3_313_KshA15#138,representative,3_313_KshA15,3_313_KshA15#138,1,Mycobacterium sp. 1081908.1,close_homolog
3_313_KshA15#139,representative,3_313_KshA15,3_313_KshA15#139,1,Mycolicibacterium llatzerense,family_member
3_313_KshA15#140,representative,3_313_KshA15,3_313_KshA15#140,1,Nocardia farcinica,family_member
3_313_KshA15#141,representative,3_313_KshA15,3_313_KshA15#141,1,Nocardia seriolae,close_homolog
3_313_KshA15#142,representative,3_313_KshA15,3_313_KshA15#142,1,Streptomyces lavendulae subsp. lavendulae,close_homolog
3_313_KshA15#143,representative,3_313_KshA15,3_313_KshA15#143,1,Gordonia desulfuricans,close_homolog
3_313_KshA15#144,representative,3_313_KshA15,3_313_KshA15#144,1,Rhodococcus maanshanensis,close_homolog
3_313_KshA15#145,representative,3_313_KshA15,3_313_KshA15#145,1,Rhodococcus maanshanensis,family_member
3_313_KshA15#146,representative,3_313_KshA15,3_313_KshA15#146,1,Dietzia sp. UCD-THP,close_homolog
3_313_KshA15#147,representative,3_313_KshA15,3_313_KshA15#147,1,Nocardia donostiensis,family_member
3_313_KshA15#148,representative,3_313_KshA15,3_313_KshA15#148,1,Mycolicibacterium obuense,close_homolog
3_313_KshA15#149,representative,3_313_KshA15,3_313_KshA15#149,1,Actinoplanes utahensis,close_homolog
3_313_KshA15#150,representative,3_313_KshA15,3_313_KshA15#150,1,Nocardioides sp. Root614,family_member
3_313_KshA15#151,representative,3_313_KshA15,3_313_KshA15#151,1,Pimelobacter simplex,family_member
3_313_KshA15#152,representative,3_313_KshA15,3_313_KshA15#152,1,Rhodococcus sp. SMB37,family_member
3_313_KshA15#153,representative,3_313_KshA15,3_313_KshA15#153,1,Gordonia malaquae NBRC 108250,family_member
3_313_KshA15#154,representative,3_313_KshA15,3_313_KshA15#154,1,Actinophytocola xinjiangensis,close_homolog
3_313_KshA15#155,representative,3_313_KshA15,3_313_KshA15#155,1,Spongiibacter sp.,family_member
3_313_KshA15#156,representative,3_313_KshA15,3_313_KshA15#156,1,Cupriavidus sp. GA3-3,family_member
3_313_KshA15#157,representative,3_313_KshA15,3_313_KshA15#157,1,Plesiocystis pacifica SIR-1,novel
3_313_KshA15#158,representative,3_313_KshA15,3_313_KshA15#158,1,Ciona intestinalis,distant
3_313_KshA15#159,representative,3_313_KshA15,3_313_KshA15#159,1,Ciona intestinalis,novel
3_313_KshA15#160,representative,3_313_KshA15,3_313_KshA15#160,1,Petromyzon marinus,distant
3_313_KshA15#161,representative,3_313_KshA15,3_313_KshA15#161,1,Nematostella vectensis,distant
3_316_NarAa#0,representative,3_316_NarAa,3_316_NarAa#0,6,Erythrobacter litoralis,distant
3_316_NarAa#1,representative,3_316_NarAa,3_316_NarAa#1,5,Novosphingobium sp. BK369,distant
3_316_NarAa#2,representative,3_316_NarAa,3_316_NarAa#2,5,Novosphingobium sp. AP12,distant
3_316_NarAa#6,representative,3_316_NarAa,3_316_NarAa#6,1,Brevibacillus sp. LEMMJ03,family_member
3_316_NarAa#7,representative,3_316_NarAa,3_316_NarAa#7,1,Saccharomonospora sp. CUA-673,close_homolog
3_316_NarAa#8,representative,3_316_NarAa,3_316_NarAa#8,1,Nocardia gamkensis,distant
3_316_NarAa#9,representative,3_316_NarAa,3_316_NarAa#9,1,Sphingopyxis sp. HIX,distant
3_316_NarAa#10,representative,3_316_NarAa,3_316_NarAa#10,1,Burkholderia paludis,family_member
3_316_NarAa#11,representative,3_316_NarAa,3_316_NarAa#11,1,Pseudonocardia halophobica,distant
3_316_NarAa#12,representative,3_316_NarAa,3_316_NarAa#12,1,Glaciecola pallidula DSM 14239 = ACAM 615,distant
3_317_NidA#0,representative,3_317_NidA,3_317_NidA#0,7,Rhodococcus opacus B4,characterized
3_317_NidA#1,representative,3_317_NidA,3_317_NidA#1,5,Paenibacillus naphthalenovorans,family_member
3_317_NidA#2,representative,3_317_NidA,3_317_NidA#2,5,Novosphingobium aromaticivorans DSM 12444,distant
3_317_NidA#8,representative,3_317_NidA,3_317_NidA#8,1,Croceicoccus mobilis,distant
3_317_NidA#9,representative,3_317_NidA,3_317_NidA#9,1,Rhodococcus sp. LB1,family_member
3_317_NidA#10,representative,3_317_NidA,3_317_NidA#10,1,Burkholderia sp. lig30,family_member
3_317_NidA#11,representative,3_317_NidA,3_317_NidA#11,1,Thermus oshimai JL-2,family_member
3_317_NidA#12,representative,3_317_NidA,3_317_NidA#12,1,Geobacillus genomosp. 3,family_member
3_318_NidA#0,representative,3_318_NidA,3_318_NidA#0,5,Mycolicibacterium vanbaalenii PYR-1,characterized
3_318_NidA#2,representative,3_318_NidA,3_318_NidA#2,1,Novosphingobium barchaimii LL02,distant
3_319_PhdA#0,representative,3_319_PhdA,3_319_PhdA#0,7,Sphingobium ummariense RL-3,distant
3_319_PhdA#1,representative,3_319_PhdA,3_319_PhdA#1,7,Sphingobium lactosutens DS20,distant
3_319_PhdA#15,representative,3_319_PhdA,3_319_PhdA#15,1,Sphingobium wenxiniae,distant
3_319_PhdA#16,representative,3_319_PhdA,3_319_PhdA#16,1,Mycolicibacterium diernhoferi,distant
3_319_PhdA#17,representative,3_319_PhdA,3_319_PhdA#17,1,Nocardia sp. 852002-20019_SCH5090214,distant
3_319_PhdA#18,representative,3_319_PhdA,3_319_PhdA#18,1,Halioglobus sp. HI00S01,distant
3_319_PhdA#19,representative,3_319_PhdA,3_319_PhdA#19,1,Streptomyces sp. Root1310,distant
3_319_PhdA#20,representative,3_319_PhdA,3_319_PhdA#20,1,Schinkia azotoformans MEV2011,distant
3_319_PhdA#21,representative,3_319_PhdA,3_319_PhdA#21,1,Sphingobium cupriresistens,distant
3_319_PhdA#22,representative,3_319_PhdA,3_319_PhdA#22,1,Novosphingobium resinovorum,distant
3_319_PhdA#23,representative,3_319_PhdA,3_319_PhdA#23,1,Sphingobium sp. MI1205,distant
3_319_PhdA#24,representative,3_319_PhdA,3_319_PhdA#24,1,Sphingobium sp. MI1205,distant
3_319_PhdA#25,representative,3_319_PhdA,3_319_PhdA#25,1,Sphingobium sp. MI1205,distant
3_319_PhdA#26,representative,3_319_PhdA,3_319_PhdA#26,1,Hyphomonas sp. CY54-11-8,distant
3_320_NidA3#0,representative,3_320_NidA3,3_320_NidA3#0,7,Mycolicibacterium vanbaalenii PYR-1,characterized
3_320_NidA3#1,representative,3_320_NidA3,3_320_NidA3#1,1,Mycobacterium sp. 1245111.1,distant
4_401_CmtAb#0,representative,4_401_CmtAb,4_401_CmtAb#0,10,Caenibius tardaugens NBRC 16725,distant
4_401_CmtAb#1,representative,4_401_CmtAb,4_401_CmtAb#1,9,Methylosinus sp. R-45379,family_member
4_401_CmtAb#2,representative,4_401_CmtAb,4_401_CmtAb#2,7,Pseudomonas aeruginosa PA103,distant
4_401_CmtAb#3,representative,4_401_CmtAb,4_401_CmtAb#3,7,Rhodococcus sp. JVH1,family_member
4_401_CmtAb#4,representative,4_401_CmtAb,4_401_CmtAb#4,5,Rhodococcus ruber BKS 20-38,distant
4_401_CmtAb#23,representative,4_401_CmtAb,4_401_CmtAb#23,1,Exophiala mesophila,distant
4_401_CmtAb#24,representative,4_401_CmtAb,4_401_CmtAb#24,1,Paraburkholderia monticola,distant
4_401_CmtAb#25,representative,4_401_CmtAb,4_401_CmtAb#25,1,Burkholderia cepacia,family_member
4_401_CmtAb#26,representative,4_401_CmtAb,4_401_CmtAb#26,1,Sphingobium sp. Leaf26,family_member
4_401_CmtAb#27,representative,4_401_CmtAb,4_401_CmtAb#27,1,Noviherbaspirillum sp. Root189,distant
4_401_CmtAb#28,representative,4_401_CmtAb,4_401_CmtAb#28,1,Noviherbaspirillum sp. Root189,distant
4_401_CmtAb#29,representative,4_401_CmtAb,4_401_CmtAb#29,1,Pseudovibrio sp. W74,distant
4_401_CmtAb#30,representative,4_401_CmtAb,4_401_CmtAb#30,1,Pseudacidovorax intermedius,distant
4_401_CmtAb#31,representative,4_401_CmtAb,4_401_CmtAb#31,1,Mycolicibacterium vanbaalenii PYR-1,distant
4_401_CmtAb#32,representative,4_401_CmtAb,4_401_CmtAb#32,1,Sphingobium jiangsuense,distant
4_401_CmtAb#33,representative,4_401_CmtAb,4_401_CmtAb#33,1,Micromonospora carbonacea,family_member
4_401_CmtAb#34,representative,4_401_CmtAb,4_401_CmtAb#34,1,Novosphingobium sp. KN65.2,distant
4_401_CmtAb#35,representative,4_401_CmtAb,4_401_CmtAb#35,1,Noviherbaspirillum sp. Root189,family_member
4_401_CmtAb#36,representative,4_401_CmtAb,4_401_CmtAb#36,1,Mycobacterium gordonae,family_member
4_401_CmtAb#37,representative,4_401_CmtAb,4_401_CmtAb#37,1,Halobacillus karajensis,family_member
4_401_CmtAb#38,representative,4_401_CmtAb,4_401_CmtAb#38,1,Hyphomonas atlantica,family_member
4_401_CmtAb#39,representative,4_401_CmtAb,4_401_CmtAb#39,1,Stigmatella aurantiaca DW4/3-1,distant
4_401_CmtAb#40,representative,4_401_CmtAb,4_401_CmtAb#40,1,Thermus thermophilus JL-18,family_member
4_402_PsbAb#0,representative,4_402_PsbAb,4_402_PsbAb#0,10,Marinovum algicola,close_homolog
4_402_PsbAb#1,representative,4_402_PsbAb,4_402_PsbAb#1,9,Gordonia aichiensis NBRC 108223,family_member
4_403_AtdA#0,representative,4_403_AtdA,4_403_AtdA#0,48,Gordonia amarae NBRC 15530,distant
4_403_AtdA#1,representative,4_403_AtdA,4_403_AtdA#1,24,Roseibium aggregatum IAM 12614,distant
4_403_AtdA#2,representative,4_403_AtdA,4_403_AtdA#2,10,Burkholderia sp. PAMC 26561,distant
4_403_AtdA#3,representative,4_403_AtdA,4_403_AtdA#3,7,Alcaligenes sp. EGD-AK7,distant
4_403_AtdA#4,representative,4_403_AtdA,4_403_AtdA#4,6,Hoeflea sp. BAL378,distant
4_403_AtdA#5,representative,4_403_AtdA,4_403_AtdA#5,5,Cryptosporangium aurantiacum,distant
4_403_AtdA#6,representative,4_403_AtdA,4_403_AtdA#6,5,Marinobacter manganoxydans MnI7-9,distant
4_403_AtdA#9,representative,4_403_AtdA,4_403_AtdA#9,1,Domibacillus epiphyticus,distant
4_403_AtdA#10,representative,4_403_AtdA,4_403_AtdA#10,1,Croceicoccus pelagius,distant
4_403_AtdA#11,representative,4_403_AtdA,4_403_AtdA#11,1,Novosphingobium sp. AAP93,distant
4_403_AtdA#12,representative,4_403_AtdA,4_403_AtdA#12,1,Streptomyces corchorusii,distant
4_403_AtdA#13,representative,4_403_AtdA,4_403_AtdA#13,1,Ruegeria pomeroyi,distant
4_404_TdnA1#0,representative,4_404_TdnA1,4_404_TdnA1#0,104,Acinetobacter baumannii WM99c,distant
4_404_TdnA1#1,representative,4_404_TdnA1,4_404_TdnA1#1,94,Burkholderia ambifaria IOP40-10,distant
4_404_TdnA1#2,representative,4_404_TdnA1,4_404_TdnA1#2,23,Metapseudomonas resinovorans,distant
4_404_TdnA1#3,representative,4_404_TdnA1,4_404_TdnA1#3,21,Pseudomonas sp. GM84,distant
4_404_TdnA1#4,representative,4_404_TdnA1,4_404_TdnA1#4,15,Comamonas testosteroni,close_homolog
4_404_TdnA1#5,representative,4_404_TdnA1,4_404_TdnA1#5,15,Bradyrhizobium sp. STM 3843,distant
4_404_TdnA1#6,representative,4_404_TdnA1,4_404_TdnA1#6,14,Mycobacteroides abscessus subsp. bolletii,distant
4_404_TdnA1#7,representative,4_404_TdnA1,4_404_TdnA1#7,14,Rhodococcus ruber BKS 20-38,distant
4_404_TdnA1#8,representative,4_404_TdnA1,4_404_TdnA1#8,12,Variovorax sp. CF313,distant
4_404_TdnA1#9,representative,4_404_TdnA1,4_404_TdnA1#9,11,Williamsia sp. D3,distant
4_404_TdnA1#10,representative,4_404_TdnA1,4_404_TdnA1#10,10,Acetobacter pasteurianus NBRC 3278,distant
4_404_TdnA1#11,representative,4_404_TdnA1,4_404_TdnA1#11,8,Rhodococcus opacus RKJ300 = JCM 13270,distant
4_404_TdnA1#12,representative,4_404_TdnA1,4_404_TdnA1#12,7,Mycolicibacterium fortuitum subsp. acetamidolyticum,distant
4_404_TdnA1#13,representative,4_404_TdnA1,4_404_TdnA1#13,7,Variovorax sp. PDC80,distant
4_404_TdnA1#14,representative,4_404_TdnA1,4_404_TdnA1#14,6,Bradyrhizobium sp. LTSP885,distant
4_404_TdnA1#15,representative,4_404_TdnA1,4_404_TdnA1#15,6,Derxia gummosa DSM 723,distant
4_404_TdnA1#16,representative,4_404_TdnA1,4_404_TdnA1#16,5,Schinkia azotoformans LMG 9581,family_member
4_404_TdnA1#17,representative,4_404_TdnA1,4_404_TdnA1#17,5,Nocardia jinanensis,distant
4_404_TdnA1#18,representative,4_404_TdnA1,4_404_TdnA1#18,5,Marinomonas spartinae,distant
4_404_TdnA1#33,representative,4_404_TdnA1,4_404_TdnA1#33,1,Burkholderia pseudomallei,distant
4_404_TdnA1#34,representative,4_404_TdnA1,4_404_TdnA1#34,1,Sphingopyxis sp. H071,distant
4_404_TdnA1#35,representative,4_404_TdnA1,4_404_TdnA1#35,1,Frankia sp. ACN1ag,distant
4_404_TdnA1#36,representative,4_404_TdnA1,4_404_TdnA1#36,1,Erythrobacter litoralis,distant
4_404_TdnA1#37,representative,4_404_TdnA1,4_404_TdnA1#37,1,Novosphingobium fluoreni,distant
4_404_TdnA1#38,representative,4_404_TdnA1,4_404_TdnA1#38,1,Rhodopseudomonas sp. AAP120,distant
4_404_TdnA1#39,representative,4_404_TdnA1,4_404_TdnA1#39,1,Pseudonocardia thermophila,distant
4_404_TdnA1#40,representative,4_404_TdnA1,4_404_TdnA1#40,1,Patulibacter medicamentivorans,distant
4_405_ROCH34#0,representative,4_405_ROCH34,4_405_ROCH34#0,33,Polaromonas sp. JS666,distant
4_405_ROCH34#1,representative,4_405_ROCH34,4_405_ROCH34#1,17,Bradyrhizobium sp. YR681,distant
4_405_ROCH34#2,representative,4_405_ROCH34,4_405_ROCH34#2,16,Comamonas thiooxydans,distant
4_405_ROCH34#3,representative,4_405_ROCH34,4_405_ROCH34#3,12,Sphingobium lactosutens DS20,distant
4_405_ROCH34#4,representative,4_405_ROCH34,4_405_ROCH34#4,10,Marinobacter algicola DG893,family_member
4_405_ROCH34#5,representative,4_405_ROCH34,4_405_ROCH34#5,8,Polaromonas sp. CF318,distant
4_405_ROCH34#6,representative,4_405_ROCH34,4_405_ROCH34#6,7,Bradyrhizobium sp. STM 3843,family_member
4_405_ROCH34#7,representative,4_405_ROCH34,4_405_ROCH34#7,7,Rhodococcus pyridinivorans AK37,family_member
4_405_ROCH34#8,representative,4_405_ROCH34,4_405_ROCH34#8,7,Asticcacaulis benevestitus DSM 16100 = ATCC BAA-896,distant
4_405_ROCH34#9,representative,4_405_ROCH34,4_405_ROCH34#9,6,Ramlibacter albus,distant
4_405_ROCH34#10,representative,4_405_ROCH34,4_405_ROCH34#10,6,Alicyclobacillus acidoterrestris ATCC 49025,family_member
4_405_ROCH34#11,representative,4_405_ROCH34,4_405_ROCH34#11,6,Patulibacter medicamentivorans,distant
4_405_ROCH34#12,representative,4_405_ROCH34,4_405_ROCH34#12,5,Domibacillus iocasae,family_member
4_405_ROCH34#13,representative,4_405_ROCH34,4_405_ROCH34#13,5,Streptomyces spiralis,family_member
4_405_ROCH34#24,representative,4_405_ROCH34,4_405_ROCH34#24,1,Pusillimonas noertemannii,distant
4_405_ROCH34#25,representative,4_405_ROCH34,4_405_ROCH34#25,1,Brevirhabdus pacifica,distant
4_405_ROCH34#26,representative,4_405_ROCH34,4_405_ROCH34#26,1,Domibacillus epiphyticus,distant
4_405_ROCH34#27,representative,4_405_ROCH34,4_405_ROCH34#27,1,Variovorax sp. Root434,distant
4_405_ROCH34#28,representative,4_405_ROCH34,4_405_ROCH34#28,1,Roseivirga seohaensis subsp. aquiponti,distant
4_405_ROCH34#29,representative,4_405_ROCH34,4_405_ROCH34#29,1,Mameliella alba,distant
4_405_ROCH34#30,representative,4_405_ROCH34,4_405_ROCH34#30,1,Caballeronia temeraria,distant
4_405_ROCH34#31,representative,4_405_ROCH34,4_405_ROCH34#31,1,Maritimibacter alkaliphilus HTCC2654,family_member
4_405_ROCH34#32,representative,4_405_ROCH34,4_405_ROCH34#32,1,Sulfitobacter sp. EhC04,distant
4_405_ROCH34#33,representative,4_405_ROCH34,4_405_ROCH34#33,1,Pusillimonas noertemannii,family_member
4_406_PDO#0,representative,4_406_PDO,4_406_PDO#0,56,Cupriavidus basilensis OR16,close_homolog
4_406_PDO#1,representative,4_406_PDO,4_406_PDO#1,26,Marinibacterium profundimaris,close_homolog
4_406_PDO#2,representative,4_406_PDO,4_406_PDO#2,18,Novosphingobium sp. KA1,family_member
4_406_PDO#3,representative,4_406_PDO,4_406_PDO#3,13,Cupriavidus basilensis OR16,distant
4_406_PDO#4,representative,4_406_PDO,4_406_PDO#4,12,Paraburkholderia phymatum STM815,distant
4_406_PDO#5,representative,4_406_PDO,4_406_PDO#5,8,Bradyrhizobium sp. ORS 375,distant
4_406_PDO#6,representative,4_406_PDO,4_406_PDO#6,5,Bradyrhizobium retamae,distant
4_406_PDO#7,representative,4_406_PDO,4_406_PDO#7,5,Novosphingobium sp. Rr 2-17,distant
4_406_PDO#19,representative,4_406_PDO,4_406_PDO#19,1,Maritimibacter alkaliphilus HTCC2654,distant
4_406_PDO#20,representative,4_406_PDO,4_406_PDO#20,1,Pusillimonas noertemannii,distant
4_406_PDO#21,representative,4_406_PDO,4_406_PDO#21,1,Pusillimonas noertemannii,distant
4_406_PDO#22,representative,4_406_PDO,4_406_PDO#22,1,Altererythrobacter sp. Root672,distant
4_406_PDO#23,representative,4_406_PDO,4_406_PDO#23,1,Sphingobium chungbukense,distant
4_406_PDO#24,representative,4_406_PDO,4_406_PDO#24,1,Aneurinibacillus aneurinilyticus ATCC 12856,distant
4_406_PDO#25,representative,4_406_PDO,4_406_PDO#25,1,Paraburkholderia terrae,distant
4_406_PDO#26,representative,4_406_PDO,4_406_PDO#26,1,Sphingopyxis sp. MC1,distant
4_406_PDO#27,representative,4_406_PDO,4_406_PDO#27,1,Pseudolabrys sp. Root1462,distant
4_406_PDO#28,representative,4_406_PDO,4_406_PDO#28,1,Variovorax paradoxus,distant
4_406_PDO#29,representative,4_406_PDO,4_406_PDO#29,1,Acidisphaera rubrifaciens HS-AP3,distant
4_406_PDO#30,representative,4_406_PDO,4_406_PDO#30,1,Roseobacter sp. SK209-2-6,distant
4_408_AntA#0,representative,4_408_AntA,4_408_AntA#0,184,Metapseudomonas resinovorans,close_homolog
4_409_TPDO#0,representative,4_409_TPDO,4_409_TPDO#0,106,Novosphingobium sp. KA1,family_member
4_409_TPDO#1,representative,4_409_TPDO,4_409_TPDO#1,34,Novosphingobium aromaticivorans,distant
4_409_TPDO#2,representative,4_409_TPDO,4_409_TPDO#2,30,Novosphingobium aromaticivorans,family_member
4_409_TPDO#3,representative,4_409_TPDO,4_409_TPDO#3,30,Novosphingobium aromaticivorans,family_member
4_409_TPDO#4,representative,4_409_TPDO,4_409_TPDO#4,13,Comamonas testosteroni,characterized
4_409_TPDO#5,representative,4_409_TPDO,4_409_TPDO#5,12,Rhodococcus jostii RHA1,close_homolog
4_409_TPDO#19,representative,4_409_TPDO,4_409_TPDO#19,1,Hydrogenophaga intermedia,family_member
4_409_TPDO#20,representative,4_409_TPDO,4_409_TPDO#20,1,Rhizobium oryziradicis,distant
4_409_TPDO#21,representative,4_409_TPDO,4_409_TPDO#21,1,Pseudofrankia sp. EUN1h,distant
4_409_TPDO#22,representative,4_409_TPDO,4_409_TPDO#22,1,Novosphingobium lindaniclasticum LE124,family_member
4_409_TPDO#23,representative,4_409_TPDO,4_409_TPDO#23,1,Mycolicibacterium vanbaalenii PYR-1,distant
4_409_TPDO#24,representative,4_409_TPDO,4_409_TPDO#24,1,Caballeronia glathei,family_member
4_409_TPDO#25,representative,4_409_TPDO,4_409_TPDO#25,1,Hydrogenophaga sp. Root209,close_homolog
4_409_TPDO#26,representative,4_409_TPDO,4_409_TPDO#26,1,Arthrobacter crystallopoietes,close_homolog
4_409_TPDO#27,representative,4_409_TPDO,4_409_TPDO#27,1,Comamonas testosteroni,close_homolog
4_410_CbdC#0,representative,4_410_CbdC,4_410_CbdC#0,199,Burkholderia cenocepacia J2315,close_homolog
4_410_CbdC#1,representative,4_410_CbdC,4_410_CbdC#1,21,Hyphomonas oceanitis SCH89,family_member
4_410_CbdC#2,representative,4_410_CbdC,4_410_CbdC#2,8,Sphingopyxis macrogoltabida,family_member
4_410_CbdC#3,representative,4_410_CbdC,4_410_CbdC#3,7,Achromobacter arsenitoxydans SY8,distant
4_410_CbdC#6,representative,4_410_CbdC,4_410_CbdC#6,1,Bordetella pseudohinzii,distant
4_410_CbdC#7,representative,4_410_CbdC,4_410_CbdC#7,1,Pseudomonas taeanensis MS-3,family_member
4_411_XylX#0,representative,4_411_XylX,4_411_XylX#0,422,Pseudomonas putida,characterized
5_501_CmoS#0,representative,5_501_CmoS,5_501_CmoS#0,149,Burkholderia ambifaria IOP40-10,distant
5_501_CmoS#1,representative,5_501_CmoS,5_501_CmoS#1,11,Populus trichocarpa,family_member
5_501_CmoS#2,representative,5_501_CmoS,5_501_CmoS#2,9,Momordica charantia,family_member
5_501_CmoS#3,representative,5_501_CmoS,5_501_CmoS#3,9,Rhodanobacter spathiphylli B39,distant
5_501_CmoS#4,representative,5_501_CmoS,5_501_CmoS#4,8,Arabidopsis thaliana,family_member
5_501_CmoS#5,representative,5_501_CmoS,5_501_CmoS#5,7,Branchiostoma floridae,distant
5_501_CmoS#6,representative,5_501_CmoS,5_501_CmoS#6,7,Medicago truncatula,family_member
5_501_CmoS#7,representative,5_501_CmoS,5_501_CmoS#7,7,Erythranthe guttata,family_member
5_501_CmoS#8,representative,5_501_CmoS,5_501_CmoS#8,6,Setaria italica,family_member
5_501_CmoS#9,representative,5_501_CmoS,5_501_CmoS#9,6,Lysobacter arseniciresistens ZS79,distant
5_501_CmoS#10,representative,5_501_CmoS,5_501_CmoS#10,5,Solanum tuberosum,family_member
5_501_CmoS#27,representative,5_501_CmoS,5_501_CmoS#27,1,Ananas comosus,family_member
5_501_CmoS#28,representative,5_501_CmoS,5_501_CmoS#28,1,Monoraphidium neglectum,distant
5_501_CmoS#29,representative,5_501_CmoS,5_501_CmoS#29,1,Saccoglossus kowalevskii,distant
5_501_CmoS#30,representative,5_501_CmoS,5_501_CmoS#30,1,Chlorella variabilis,distant
5_501_CmoS#31,representative,5_501_CmoS,5_501_CmoS#31,1,Coccomyxa subellipsoidea C-169,distant
5_501_CmoS#32,representative,5_501_CmoS,5_501_CmoS#32,1,Acanthamoeba castellanii str. Neff,distant
5_501_CmoS#33,representative,5_501_CmoS,5_501_CmoS#33,1,Amborella trichopoda,family_member
5_501_CmoS#34,representative,5_501_CmoS,5_501_CmoS#34,1,Cucumis sativus,family_member
5_501_CmoS#35,representative,5_501_CmoS,5_501_CmoS#35,1,Coccomyxa subellipsoidea C-169,family_member
5_501_CmoS#36,representative,5_501_CmoS,5_501_CmoS#36,1,Micromonas commoda,distant
5_501_CmoS#37,representative,5_501_CmoS,5_501_CmoS#37,1,Alteromonas confluentis,distant
5_501_CmoS#38,representative,5_501_CmoS,5_501_CmoS#38,1,Asticcacaulis sp. AC460,distant
5_501_CmoS#39,representative,5_501_CmoS,5_501_CmoS#39,1,Rubidibacter lacunae KORDI 51-2,distant
5_501_CmoS#40,representative,5_501_CmoS,5_501_CmoS#40,1,Nelumbo nucifera,family_member
5_501_CmoS#41,representative,5_501_CmoS,5_501_CmoS#41,1,Morus notabilis,family_member
5_501_CmoS#42,representative,5_501_CmoS,5_501_CmoS#42,1,Punica granatum,family_member
5_501_CmoS#43,representative,5_501_CmoS,5_501_CmoS#43,1,Prunus avium,family_member
5_501_CmoS#44,representative,5_501_CmoS,5_501_CmoS#44,1,Daucus carota subsp. sativus,family_member
5_501_CmoS#45,representative,5_501_CmoS,5_501_CmoS#45,1,Sesamum indicum,family_member
5_501_CmoS#46,representative,5_501_CmoS,5_501_CmoS#46,1,Beta vulgaris subsp. vulgaris,family_member
5_501_CmoS#47,representative,5_501_CmoS,5_501_CmoS#47,1,Ricinus communis,family_member
5_502_CmoB#0,representative,5_502_CmoB,5_502_CmoB#0,6,Paraburkholderia steynii,distant
5_502_CmoB#3,representative,5_502_CmoB,5_502_CmoB#3,1,Pseudoalteromonas amylolytica,distant
5_502_CmoB#4,representative,5_502_CmoB,5_502_CmoB#4,1,Alteromonas confluentis,novel
5_502_CmoB#5,representative,5_502_CmoB,5_502_CmoB#5,1,Tistrella mobilis,distant
5_502_CmoB#6,representative,5_502_CmoB,5_502_CmoB#6,1,Ferrovum myxofaciens,distant
5_502_CmoB#7,representative,5_502_CmoB,5_502_CmoB#7,1,Roseateles depolymerans,distant
5_502_CmoB#8,representative,5_502_CmoB,5_502_CmoB#8,1,Ferrovum sp. PN-J185,distant
5_502_CmoB#9,representative,5_502_CmoB,5_502_CmoB#9,1,Tepidiphilus thermophilus,distant
5_502_CmoB#10,representative,5_502_CmoB,5_502_CmoB#10,1,Leptothrix ochracea L12,distant
5_502_CmoB#11,representative,5_502_CmoB,5_502_CmoB#11,1,Azospira oryzae PS,novel
5_503_CmoA#0,representative,5_503_CmoA,5_503_CmoA#0,7,Pseudogulbenkiania ferrooxidans 2002,distant
5_504_CntA#0,representative,5_504_CntA,5_504_CntA#0,172,Burkholderia multivorans ATCC 17616,close_homolog
5_504_CntA#1,representative,5_504_CntA,5_504_CntA#1,74,Mycobacterium kansasii 662,distant
5_504_CntA#2,representative,5_504_CntA,5_504_CntA#2,52,Mesorhizobium alhagi CCNWXJ12-2,distant
5_504_CntA#3,representative,5_504_CntA,5_504_CntA#3,51,Mycolicibacterium phlei DSM 43239 = CCUG 21000,distant
5_504_CntA#4,representative,5_504_CntA,5_504_CntA#4,41,Haloterrigena turkmenica DSM 5511,distant
5_504_CntA#5,representative,5_504_CntA,5_504_CntA#5,24,Leisingera sp. ANG1,distant
5_504_CntA#6,representative,5_504_CntA,5_504_CntA#6,23,Leisingera sp. ANG1,distant
5_504_CntA#7,representative,5_504_CntA,5_504_CntA#7,20,Caballeronia mineralivorans PML1(12),distant
5_504_CntA#8,representative,5_504_CntA,5_504_CntA#8,20,Caballeronia insecticola,distant
5_504_CntA#9,representative,5_504_CntA,5_504_CntA#9,19,Pseudomonas sp. G5(2012),distant
5_504_CntA#10,representative,5_504_CntA,5_504_CntA#10,19,Novosphingobium aromaticivorans DSM 12444,novel
5_504_CntA#11,representative,5_504_CntA,5_504_CntA#11,17,Leisingera methylohalidivorans DSM 14336,distant
5_504_CntA#12,representative,5_504_CntA,5_504_CntA#12,16,Mycobacterium gordonae,distant
5_504_CntA#13,representative,5_504_CntA,5_504_CntA#13,15,Cladophialophora psammophila CBS 110553,distant
5_504_CntA#14,representative,5_504_CntA,5_504_CntA#14,13,Caenibius tardaugens NBRC 16725,distant
5_504_CntA#15,representative,5_504_CntA,5_504_CntA#15,13,Vibrio alginolyticus NBRC 15630 = ATCC 17749,novel
5_504_CntA#16,representative,5_504_CntA,5_504_CntA#16,13,Acinetobacter baumannii WM99c,distant
5_504_CntA#17,representative,5_504_CntA,5_504_CntA#17,12,Cladophialophora psammophila CBS 110553,distant
5_504_CntA#18,representative,5_504_CntA,5_504_CntA#18,12,Novosphingobium sp. AP12,distant
5_504_CntA#19,representative,5_504_CntA,5_504_CntA#19,11,Cladophialophora yegresii CBS 114405,distant
5_504_CntA#20,representative,5_504_CntA,5_504_CntA#20,11,Parastagonospora nodorum SN15,distant
5_504_CntA#21,representative,5_504_CntA,5_504_CntA#21,11,Cladophialophora psammophila CBS 110553,distant
5_504_CntA#22,representative,5_504_CntA,5_504_CntA#22,11,Streptomyces scabiei,distant
5_504_CntA#23,representative,5_504_CntA,5_504_CntA#23,10,Aspergillus fischeri NRRL 181,distant
5_504_CntA#24,representative,5_504_CntA,5_504_CntA#24,10,Aspergillus terreus NIH2624,distant
5_504_CntA#25,representative,5_504_CntA,5_504_CntA#25,9,Verticillium alfalfae VaMs.102,distant
5_504_CntA#26,representative,5_504_CntA,5_504_CntA#26,9,Streptacidiphilus jiangxiensis,distant
5_504_CntA#27,representative,5_504_CntA,5_504_CntA#27,9,Novosphingobium sp. AP12,distant
5_504_CntA#28,representative,5_504_CntA,5_504_CntA#28,8,Caenibius tardaugens NBRC 16725,distant
5_504_CntA#29,representative,5_504_CntA,5_504_CntA#29,8,Parafrankia sp. EUN1f,distant
5_504_CntA#30,representative,5_504_CntA,5_504_CntA#30,7,Candida dubliniensis CD36,distant
5_504_CntA#31,representative,5_504_CntA,5_504_CntA#31,7,Mycobacterium sp. 852002-10029_SCH5224772,distant
5_504_CntA#32,representative,5_504_CntA,5_504_CntA#32,7,Sphingobium sp. RAC03,distant
5_504_CntA#33,representative,5_504_CntA,5_504_CntA#33,7,Novosphingobium sp. PY1,distant
5_504_CntA#34,representative,5_504_CntA,5_504_CntA#34,7,Novosphingobium sp. PY1,distant
5_504_CntA#35,representative,5_504_CntA,5_504_CntA#35,7,Novosphingobium resinovorum,distant
5_504_CntA#36,representative,5_504_CntA,5_504_CntA#36,6,Aspergillus flavus NRRL3357,distant
5_504_CntA#37,representative,5_504_CntA,5_504_CntA#37,6,Mycobacterium triplex,distant
5_504_CntA#38,representative,5_504_CntA,5_504_CntA#38,6,Pelomonas sp. Root1237,distant
5_504_CntA#39,representative,5_504_CntA,5_504_CntA#39,6,Mesobacillus campisalis,distant
5_504_CntA#40,representative,5_504_CntA,5_504_CntA#40,6,Williamsia sp. D3,distant
5_504_CntA#41,representative,5_504_CntA,5_504_CntA#41,6,Polaromonas sp. CF318,distant
5_504_CntA#42,representative,5_504_CntA,5_504_CntA#42,6,Roseovarius sp. TM1035,distant
5_504_CntA#43,representative,5_504_CntA,5_504_CntA#43,6,Thioclava indica,distant
5_504_CntA#44,representative,5_504_CntA,5_504_CntA#44,5,Fonsecaea pedrosoi CBS 271.37,novel
5_504_CntA#45,representative,5_504_CntA,5_504_CntA#45,5,Fusarium vanettenii 77-13-4,distant
5_504_CntA#46,representative,5_504_CntA,5_504_CntA#46,5,Cordyceps militaris CM01,distant
5_504_CntA#47,representative,5_504_CntA,5_504_CntA#47,5,Mycobacterium sp. E2479,distant
5_504_CntA#48,representative,5_504_CntA,5_504_CntA#48,5,Bacillus thermotolerans,distant
5_504_CntA#49,representative,5_504_CntA,5_504_CntA#49,5,Gordonia soli NBRC 108243,distant
5_504_CntA#50,representative,5_504_CntA,5_504_CntA#50,5,Novosphingobium sp. AP12,distant
5_504_CntA#51,representative,5_504_CntA,5_504_CntA#51,5,Thauera aminoaromatica S2,distant
5_504_CntA#52,representative,5_504_CntA,5_504_CntA#52,5,Neobacillus bataviensis LMG 21833,distant
5_504_CntA#53,representative,5_504_CntA,5_504_CntA#53,5,Novosphingobium sp. Rr 2-17,distant
5_504_CntA#54,representative,5_504_CntA,5_504_CntA#54,5,Azospirillum sp. B510,family_member
5_504_CntA#146,representative,5_504_CntA,5_504_CntA#146,1,Gossypium hirsutum,distant
5_504_CntA#147,representative,5_504_CntA,5_504_CntA#147,1,Aspergillus nomiae NRRL 13137,distant
5_504_CntA#148,representative,5_504_CntA,5_504_CntA#148,1,Aureococcus anophagefferens,distant
5_504_CntA#149,representative,5_504_CntA,5_504_CntA#149,1,Cyphellophora europaea CBS 101466,distant
5_504_CntA#150,representative,5_504_CntA,5_504_CntA#150,1,Candida tropicalis MYA-3404,distant
5_504_CntA#151,representative,5_504_CntA,5_504_CntA#151,1,Gloeophyllum trabeum ATCC 11539,distant
5_504_CntA#152,representative,5_504_CntA,5_504_CntA#152,1,Pestalotiopsis fici W106-1,distant
5_504_CntA#153,representative,5_504_CntA,5_504_CntA#153,1,Fusarium vanettenii 77-13-4,distant
5_504_CntA#154,representative,5_504_CntA,5_504_CntA#154,1,Pseudocercospora fijiensis CIRAD86,distant
5_504_CntA#155,representative,5_504_CntA,5_504_CntA#155,1,Cyphellophora attinorum,distant
5_504_CntA#156,representative,5_504_CntA,5_504_CntA#156,1,Pseudocercospora fijiensis CIRAD86,distant
5_504_CntA#157,representative,5_504_CntA,5_504_CntA#157,1,Fusarium vanettenii 77-13-4,distant
5_504_CntA#158,representative,5_504_CntA,5_504_CntA#158,1,Sphingobium wenxiniae,distant
5_504_CntA#159,representative,5_504_CntA,5_504_CntA#159,1,Burkholderia sp. SJZ115,distant
5_504_CntA#160,representative,5_504_CntA,5_504_CntA#160,1,Campylobacter jejuni,distant
5_504_CntA#161,representative,5_504_CntA,5_504_CntA#161,1,Sphingomonas fennica,distant
5_504_CntA#162,representative,5_504_CntA,5_504_CntA#162,1,Rhizorhabdus dicambivorans,distant
5_504_CntA#163,representative,5_504_CntA,5_504_CntA#163,1,Variovorax sp. B4,distant
5_504_CntA#164,representative,5_504_CntA,5_504_CntA#164,1,Chroococcidiopsis sp. TS-821,distant
5_504_CntA#165,representative,5_504_CntA,5_504_CntA#165,1,Chryseobacterium piscicola,distant
5_504_CntA#166,representative,5_504_CntA,5_504_CntA#166,1,Frankia sp. CcI49,distant
5_504_CntA#167,representative,5_504_CntA,5_504_CntA#167,1,Pseudofrankia asymbiotica,distant
5_504_CntA#168,representative,5_504_CntA,5_504_CntA#168,1,Methylobrevis pamukkalensis,distant
5_504_CntA#169,representative,5_504_CntA,5_504_CntA#169,1,Mycolicibacterium peregrinum,distant
5_504_CntA#170,representative,5_504_CntA,5_504_CntA#170,1,Mycolicibacterium mucogenicum,distant
5_504_CntA#171,representative,5_504_CntA,5_504_CntA#171,1,Croceicoccus mobilis,distant
5_504_CntA#172,representative,5_504_CntA,5_504_CntA#172,1,Croceicoccus mobilis,distant
5_504_CntA#173,representative,5_504_CntA,5_504_CntA#173,1,Croceicoccus pelagius,distant
5_504_CntA#174,representative,5_504_CntA,5_504_CntA#174,1,Sphingomonas sp. TDK1,distant
5_504_CntA#175,representative,5_504_CntA,5_504_CntA#175,1,Halioglobus sp. HI00S01,novel
5_504_CntA#176,representative,5_504_CntA,5_504_CntA#176,1,Halioglobus sp. HI00S01,distant
5_504_CntA#177,representative,5_504_CntA,5_504_CntA#177,1,Sulfitobacter sp. HI0023,distant
5_504_CntA#178,representative,5_504_CntA,5_504_CntA#178,1,Duganella phyllosphaerae,distant
5_504_CntA#179,representative,5_504_CntA,5_504_CntA#179,1,Mycobacteroides immunogenum,distant
5_504_CntA#180,representative,5_504_CntA,5_504_CntA#180,1,Mycobacterium sp. NAZ190054,distant
5_504_CntA#181,representative,5_504_CntA,5_504_CntA#181,1,Pseudorhodoferax sp. Leaf265,distant
5_504_CntA#182,representative,5_504_CntA,5_504_CntA#182,1,Streptomyces sp. Root1304,distant
5_504_CntA#183,representative,5_504_CntA,5_504_CntA#183,1,Bradyrhizobium lablabi,distant
5_504_CntA#184,representative,5_504_CntA,5_504_CntA#184,1,Novosphingobium sp. AAP93,distant
5_504_CntA#185,representative,5_504_CntA,5_504_CntA#185,1,Novosphingobium sp. AAP93,distant
5_504_CntA#186,representative,5_504_CntA,5_504_CntA#186,1,Novosphingobium sp. AAP83,distant
5_504_CntA#187,representative,5_504_CntA,5_504_CntA#187,1,Planktothricoides sp. SR001,distant
5_504_CntA#188,representative,5_504_CntA,5_504_CntA#188,1,Bradyrhizobium sp. NAS96.2,distant
5_504_CntA#189,representative,5_504_CntA,5_504_CntA#189,1,Sphingomonas endophytica,distant
5_504_CntA#190,representative,5_504_CntA,5_504_CntA#190,1,Sphingomonas sp. SRS2,distant
5_504_CntA#191,representative,5_504_CntA,5_504_CntA#191,1,Devosia limi DSM 17137,distant
5_504_CntA#192,representative,5_504_CntA,5_504_CntA#192,1,Streptomyces pseudovenezuelae,distant
5_504_CntA#193,representative,5_504_CntA,5_504_CntA#193,1,Leisingera sp. ANG-M1,distant
5_504_CntA#194,representative,5_504_CntA,5_504_CntA#194,1,Novosphingobium malaysiense,distant
5_504_CntA#195,representative,5_504_CntA,5_504_CntA#195,1,Novosphingobium malaysiense,distant
5_504_CntA#196,representative,5_504_CntA,5_504_CntA#196,1,Erwinia typographi,distant
5_504_CntA#197,representative,5_504_CntA,5_504_CntA#197,1,Erythrobacter litoralis,distant
5_504_CntA#198,representative,5_504_CntA,5_504_CntA#198,1,Thauera linaloolentis 47Lol = DSM 12138,distant
5_504_CntA#199,representative,5_504_CntA,5_504_CntA#199,1,Novosphingobium resinovorum,distant
5_504_CntA#200,representative,5_504_CntA,5_504_CntA#200,1,Novosphingobium resinovorum,distant
5_504_CntA#201,representative,5_504_CntA,5_504_CntA#201,1,Sphingobium sp. Ant17,distant
5_504_CntA#202,representative,5_504_CntA,5_504_CntA#202,1,Sphingobium sp. Ant17,distant
5_504_CntA#203,representative,5_504_CntA,5_504_CntA#203,1,Streptomyces tirandamycinicus,distant
5_504_CntA#204,representative,5_504_CntA,5_504_CntA#204,1,Novosphingobium nitrogenifigens DSM 19370,distant
5_504_CntA#205,representative,5_504_CntA,5_504_CntA#205,1,Peribacillus simplex,distant
5_504_CntA#206,representative,5_504_CntA,5_504_CntA#206,1,Ferrimonas marina,distant
5_504_CntA#207,representative,5_504_CntA,5_504_CntA#207,1,Halolamina pelagica,distant
5_504_CntA#208,representative,5_504_CntA,5_504_CntA#208,1,Roseibium album,distant
5_504_CntA#209,representative,5_504_CntA,5_504_CntA#209,1,Sphingomonas sp. IC081,distant
5_504_CntA#210,representative,5_504_CntA,5_504_CntA#210,1,Mesorhizobium plurifarium,distant
5_504_CntA#211,representative,5_504_CntA,5_504_CntA#211,1,Paraburkholderia phenoliruptrix,distant
5_504_CntA#212,representative,5_504_CntA,5_504_CntA#212,1,Tepidicaulis marinus,distant
5_504_CntA#213,representative,5_504_CntA,5_504_CntA#213,1,Niveispirillum cyanobacteriorum,distant
5_504_CntA#214,representative,5_504_CntA,5_504_CntA#214,1,Aurantiacibacter marinus,distant
5_504_CntA#215,representative,5_504_CntA,5_504_CntA#215,1,Paraglaciecola arctica BSs20135,distant
5_504_CntA#216,representative,5_504_CntA,5_504_CntA#216,1,Mesorhizobium sp. LNHC232B00,distant
5_504_CntA#217,representative,5_504_CntA,5_504_CntA#217,1,Candidatus Micropelagos thuwalensis,distant
5_504_CntA#218,representative,5_504_CntA,5_504_CntA#218,1,Caulobacter sp. AP07,distant
5_504_CntA#219,representative,5_504_CntA,5_504_CntA#219,1,Caulobacter sp. AP07,distant
5_504_CntA#220,representative,5_504_CntA,5_504_CntA#220,1,Kordiimonas lacus,distant
5_504_CntA#221,representative,5_504_CntA,5_504_CntA#221,1,Sphingomonas changbaiensis NBRC 104936,distant
5_504_CntA#222,representative,5_504_CntA,5_504_CntA#222,1,Sphingobium quisquiliarum P25,distant
5_504_CntA#223,representative,5_504_CntA,5_504_CntA#223,1,Phyllobacterium sp. YR531,distant
5_504_CntA#224,representative,5_504_CntA,5_504_CntA#224,1,Herbaspirillum sp. YR522,distant
5_504_CntA#225,representative,5_504_CntA,5_504_CntA#225,1,Ferrovum sp. JA12,distant
5_504_CntA#226,representative,5_504_CntA,5_504_CntA#226,1,Rhizobium sp. CF142,distant
5_504_CntA#227,representative,5_504_CntA,5_504_CntA#227,1,Rhodococcus opacus RKJ300 = JCM 13270,distant
5_504_CntA#228,representative,5_504_CntA,5_504_CntA#228,1,Acinetobacter brisouii CIP 110357,distant
5_504_CntA#229,representative,5_504_CntA,5_504_CntA#229,1,Chromohalobacter japonicus,distant
5_504_CntA#230,representative,5_504_CntA,5_504_CntA#230,1,Mycolicibacter kumamotonensis,distant
5_504_CntA#231,representative,5_504_CntA,5_504_CntA#231,1,Pseudofrankia sp. BMG5.36,distant
5_504_CntA#232,representative,5_504_CntA,5_504_CntA#232,1,Ahrensia sp. R2A130,distant
5_504_CntA#233,representative,5_504_CntA,5_504_CntA#233,1,Litoreibacter ascidiaceicola,distant
5_504_CntA#234,representative,5_504_CntA,5_504_CntA#234,1,Roseobacter denitrificans OCh 114,novel
5_505_qxyA#0,representative,5_505_qxyA,5_505_qxyA#0,38,Mesorhizobium sp. LSJC285A00,family_member
5_505_qxyA#1,representative,5_505_qxyA,5_505_qxyA#1,13,Erythrobacter sp. SD-21,distant
5_505_qxyA#2,representative,5_505_qxyA,5_505_qxyA#2,11,Variovorax sp. CF313,distant
5_505_qxyA#3,representative,5_505_qxyA,5_505_qxyA#3,9,Cryptosporangium aurantiacum,distant
5_505_qxyA#4,representative,5_505_qxyA,5_505_qxyA#4,7,Pseudaestuariivita atlantica,distant
5_505_qxyA#8,representative,5_505_qxyA,5_505_qxyA#8,1,Azospirillum brasilense,distant
5_505_qxyA#9,representative,5_505_qxyA,5_505_qxyA#9,1,Alteromonas lipolytica,novel
5_505_qxyA#10,representative,5_505_qxyA,5_505_qxyA#10,1,Mycobacterium sp. ACS1612,distant
5_505_qxyA#11,representative,5_505_qxyA,5_505_qxyA#11,1,Halioglobus sp. HI00S01,distant
5_505_qxyA#12,representative,5_505_qxyA,5_505_qxyA#12,1,Streptomyces sp. NRRL F-4489,distant
5_505_qxyA#13,representative,5_505_qxyA,5_505_qxyA#13,1,Novosphingobium sp. KN65.2,distant
5_505_qxyA#14,representative,5_505_qxyA,5_505_qxyA#14,1,Streptomyces aurantiacus JA 4570,distant
5_505_qxyA#15,representative,5_505_qxyA,5_505_qxyA#15,1,Thauera sp. 63,distant
5_505_qxyA#16,representative,5_505_qxyA,5_505_qxyA#16,1,Pacificimonas flava,distant
5_506_Stc2#0,representative,5_506_Stc2,5_506_Stc2#0,94,Rhodococcus opacus RKJ300 = JCM 13270,distant
5_506_Stc2#1,representative,5_506_Stc2,5_506_Stc2#1,77,Burkholderia ambifaria MEX-5,family_member
5_506_Stc2#2,representative,5_506_Stc2,5_506_Stc2#2,75,Rhizobium grahamii CCGE 502,family_member
5_506_Stc2#3,representative,5_506_Stc2,5_506_Stc2#3,56,Rhizobium sp. PDO1-076,family_member
5_506_Stc2#4,representative,5_506_Stc2,5_506_Stc2#4,39,Pseudomonas sp. GM24,family_member
5_506_Stc2#5,representative,5_506_Stc2,5_506_Stc2#5,38,Rhizobium etli CFN 42,family_member
5_506_Stc2#6,representative,5_506_Stc2,5_506_Stc2#6,29,Phyllobacterium sp. YR531,distant
5_506_Stc2#7,representative,5_506_Stc2,5_506_Stc2#7,25,Mycolicibacterium fortuitum subsp. acetamidolyticum,distant
5_506_Stc2#8,representative,5_506_Stc2,5_506_Stc2#8,23,Rhizobium sp. AP16,family_member
5_506_Stc2#9,representative,5_506_Stc2,5_506_Stc2#9,17,Methyloversatilis universalis FAM5,distant
5_506_Stc2#10,representative,5_506_Stc2,5_506_Stc2#10,17,Thalassospira profundimaris WP0211,family_member
5_506_Stc2#11,representative,5_506_Stc2,5_506_Stc2#11,17,Mesorhizobium sp. LNJC405B00,close_homolog
5_506_Stc2#12,representative,5_506_Stc2,5_506_Stc2#12,15,Arthrobacter globiformis NBRC 12137,family_member
5_506_Stc2#13,representative,5_506_Stc2,5_506_Stc2#13,14,Novosphingobium aromaticivorans DSM 12444,distant
5_506_Stc2#14,representative,5_506_Stc2,5_506_Stc2#14,11,Rhizobium sp. CF142,family_member
5_506_Stc2#15,representative,5_506_Stc2,5_506_Stc2#15,11,Brucella ceti str. Cudo,family_member
5_506_Stc2#16,representative,5_506_Stc2,5_506_Stc2#16,10,Aureimonas sp. AU22,family_member
5_506_Stc2#17,representative,5_506_Stc2,5_506_Stc2#17,9,Xanthomonas phaseoli pv. manihotis,distant
5_506_Stc2#18,representative,5_506_Stc2,5_506_Stc2#18,9,Pseudomonas sp. GM84,distant
5_506_Stc2#19,representative,5_506_Stc2,5_506_Stc2#19,8,Chromobacterium sp. LK1,distant
5_506_Stc2#20,representative,5_506_Stc2,5_506_Stc2#20,8,Burkholderia multivorans CGD2,family_member
5_506_Stc2#21,representative,5_506_Stc2,5_506_Stc2#21,7,Xanthomonas translucens pv. phlei,distant
5_506_Stc2#22,representative,5_506_Stc2,5_506_Stc2#22,7,Leisingera sp. ANG1,distant
5_506_Stc2#23,representative,5_506_Stc2,5_506_Stc2#23,7,Leisingera sp. ANG1,close_homolog
5_506_Stc2#24,representative,5_506_Stc2,5_506_Stc2#24,7,Rhizobium hainanense,family_member
5_506_Stc2#25,representative,5_506_Stc2,5_506_Stc2#25,7,Paracoccus saliphilus,family_member
5_506_Stc2#26,representative,5_506_Stc2,5_506_Stc2#26,6,Sulfitobacter mediterraneus,distant
5_506_Stc2#27,representative,5_506_Stc2,5_506_Stc2#27,6,Acidiphilium sp. PM,family_member
5_506_Stc2#28,representative,5_506_Stc2,5_506_Stc2#28,6,Azoarcus sp. KH32C,family_member
5_506_Stc2#29,representative,5_506_Stc2,5_506_Stc2#29,6,Intrasporangium chromatireducens Q5-1,family_member
5_506_Stc2#30,representative,5_506_Stc2,5_506_Stc2#30,6,Novosphingobium aromaticivorans DSM 12444,distant
5_506_Stc2#31,representative,5_506_Stc2,5_506_Stc2#31,6,Cereibacter sphaeroides 2.4.1,family_member
5_506_Stc2#32,representative,5_506_Stc2,5_506_Stc2#32,5,Aspergillus niger,distant
5_506_Stc2#33,representative,5_506_Stc2,5_506_Stc2#33,5,Mycobacterium triplex,distant
5_506_Stc2#34,representative,5_506_Stc2,5_506_Stc2#34,5,Novosphingobium sp. BK369,family_member
5_506_Stc2#35,representative,5_506_Stc2,5_506_Stc2#35,5,Caballeronia temeraria,distant
5_506_Stc2#36,representative,5_506_Stc2,5_506_Stc2#36,5,Sphingobium indicum BiD32,distant
5_506_Stc2#37,representative,5_506_Stc2,5_506_Stc2#37,5,Mycolicibacterium fortuitum subsp. acetamidolyticum,distant
5_506_Stc2#38,representative,5_506_Stc2,5_506_Stc2#38,5,Novosphingobium aromaticivorans DSM 12444,distant
5_506_Stc2#39,representative,5_506_Stc2,5_506_Stc2#39,5,Methylorubrum extorquens DSM 13060,family_member
5_506_Stc2#40,representative,5_506_Stc2,5_506_Stc2#40,5,Thalassospira profundimaris WP0211,close_homolog
5_506_Stc2#41,representative,5_506_Stc2,5_506_Stc2#41,5,Ruegeria sp. TM1040,close_homolog
5_506_Stc2#91,representative,5_506_Stc2,5_506_Stc2#91,1,Cordyceps fumosorosea ARSEF 2679,novel
5_506_Stc2#92,representative,5_506_Stc2,5_506_Stc2#92,1,Cladophialophora yegresii CBS 114405,distant
5_506_Stc2#93,representative,5_506_Stc2,5_506_Stc2#93,1,Plenodomus lingam,distant
5_506_Stc2#94,representative,5_506_Stc2,5_506_Stc2#94,1,Talaromyces stipitatus ATCC 10500,novel
5_506_Stc2#95,representative,5_506_Stc2,5_506_Stc2#95,1,Mytilinidion resinicola,distant
5_506_Stc2#96,representative,5_506_Stc2,5_506_Stc2#96,1,Grosmannia clavigera kw1407,novel
5_506_Stc2#97,representative,5_506_Stc2,5_506_Stc2#97,1,Mesorhizobium sp. ORS 3428,family_member
5_506_Stc2#98,representative,5_506_Stc2,5_506_Stc2#98,1,Pseudofrankia sp. BMG5.36,distant
5_506_Stc2#99,representative,5_506_Stc2,5_506_Stc2#99,1,Pseudomonas sp. EGD-AKN5,distant
5_506_Stc2#100,representative,5_506_Stc2,5_506_Stc2#100,1,Roseovarius indicus,distant
5_506_Stc2#101,representative,5_506_Stc2,5_506_Stc2#101,1,Paraglaciecola hydrolytica,distant
5_506_Stc2#102,representative,5_506_Stc2,5_506_Stc2#102,1,Mycobacterium sp. GA-1285,distant
5_506_Stc2#103,representative,5_506_Stc2,5_506_Stc2#103,1,Tistrella mobilis,distant
5_506_Stc2#104,representative,5_506_Stc2,5_506_Stc2#104,1,Rhizobium altiplani,distant
5_506_Stc2#105,representative,5_506_Stc2,5_506_Stc2#105,1,Nocardioides sp. Root240,distant
5_506_Stc2#106,representative,5_506_Stc2,5_506_Stc2#106,1,Novosphingobium sp. AAP93,distant
5_506_Stc2#107,representative,5_506_Stc2,5_506_Stc2#107,1,Streptomyces chattanoogensis,distant
5_506_Stc2#108,representative,5_506_Stc2,5_506_Stc2#108,1,Roseovarius atlanticus,distant
5_506_Stc2#109,representative,5_506_Stc2,5_506_Stc2#109,1,Pseudomonas sp. 10-1B,family_member
5_506_Stc2#110,representative,5_506_Stc2,5_506_Stc2#110,1,Flavihumibacter solisilvae,distant
5_506_Stc2#111,representative,5_506_Stc2,5_506_Stc2#111,1,Sphingopyxis sp. LC81,distant
5_506_Stc2#112,representative,5_506_Stc2,5_506_Stc2#112,1,Thauera linaloolentis 47Lol = DSM 12138,distant
5_506_Stc2#113,representative,5_506_Stc2,5_506_Stc2#113,1,Sorangium cellulosum,distant
5_506_Stc2#114,representative,5_506_Stc2,5_506_Stc2#114,1,Paraburkholderia terricola,distant
5_506_Stc2#115,representative,5_506_Stc2,5_506_Stc2#115,1,Moorena sp. SIO2C4,distant
5_506_Stc2#116,representative,5_506_Stc2,5_506_Stc2#116,1,Pseudoxanthobacter soli DSM 19599,distant
5_506_Stc2#117,representative,5_506_Stc2,5_506_Stc2#117,1,Actinomadura madurae,distant
5_506_Stc2#118,representative,5_506_Stc2,5_506_Stc2#118,1,Atopomonas hussainii,distant
5_506_Stc2#119,representative,5_506_Stc2,5_506_Stc2#119,1,Atopomonas hussainii,distant
5_506_Stc2#120,representative,5_506_Stc2,5_506_Stc2#120,1,Roseibium album,distant
5_506_Stc2#121,representative,5_506_Stc2,5_506_Stc2#121,1,Delftia acidovorans,distant
5_506_Stc2#122,representative,5_506_Stc2,5_506_Stc2#122,1,Novosphingobium resinovorum,distant
5_506_Stc2#123,representative,5_506_Stc2,5_506_Stc2#123,1,Novosphingobium sp. ES2-1,distant
5_506_Stc2#124,representative,5_506_Stc2,5_506_Stc2#124,1,Sphingomonas sp. IC081,distant
5_506_Stc2#125,representative,5_506_Stc2,5_506_Stc2#125,1,Sphingobium sp. MI1205,distant
5_506_Stc2#126,representative,5_506_Stc2,5_506_Stc2#126,1,Sphingobium sp. MI1205,distant
5_506_Stc2#127,representative,5_506_Stc2,5_506_Stc2#127,1,Leptolyngbya sp. Heron Island J,distant
5_506_Stc2#128,representative,5_506_Stc2,5_506_Stc2#128,1,Sphingobium baderi LL03,distant
5_506_Stc2#129,representative,5_506_Stc2,5_506_Stc2#129,1,Chondromyces apiculatus DSM 436,distant
5_506_Stc2#130,representative,5_506_Stc2,5_506_Stc2#130,1,Caulobacter sp. AP07,distant
5_506_Stc2#131,representative,5_506_Stc2,5_506_Stc2#131,1,Methylophilus sp. Leaf416,distant
5_506_Stc2#132,representative,5_506_Stc2,5_506_Stc2#132,1,Roseovarius indicus,distant
5_506_Stc2#133,representative,5_506_Stc2,5_506_Stc2#133,1,Brevibacterium aurantiacum,family_member
5_506_Stc2#134,representative,5_506_Stc2,5_506_Stc2#134,1,Mangrovactinospora gilvigrisea,family_member
5_506_Stc2#135,representative,5_506_Stc2,5_506_Stc2#135,1,Microbacterium enclense,family_member
5_506_Stc2#136,representative,5_506_Stc2,5_506_Stc2#136,1,Azospirillum sp. B510,family_member
5_506_Stc2#137,representative,5_506_Stc2,5_506_Stc2#137,1,Caballeronia udeis,family_member
5_506_Stc2#138,representative,5_506_Stc2,5_506_Stc2#138,1,Fulvimarina pelagi,family_member
5_506_Stc2#139,representative,5_506_Stc2,5_506_Stc2#139,1,Skermanella stibiiresistens SB22,family_member
5_506_Stc2#140,representative,5_506_Stc2,5_506_Stc2#140,1,Pseudomonas sp. GM25,family_member
5_506_Stc2#141,representative,5_506_Stc2,5_506_Stc2#141,1,Sulfitobacter sp. EhC04,close_homolog
5_506_Stc2#142,representative,5_506_Stc2,5_506_Stc2#142,1,Paracoccus sp. SM22M-07,family_member
5_506_Stc2#143,representative,5_506_Stc2,5_506_Stc2#143,1,Tritonibacter multivorans,close_homolog
5_506_Stc2#144,representative,5_506_Stc2,5_506_Stc2#144,1,Tritonibacter mobilis,close_homolog
5_507_BmoA#0,representative,5_507_BmoA,5_507_BmoA#0,105,Streptomyces ipomoeae 91-03,distant
5_507_BmoA#1,representative,5_507_BmoA,5_507_BmoA#1,47,Mycobacterium intracellulare,distant
5_507_BmoA#2,representative,5_507_BmoA,5_507_BmoA#2,28,Burkholderia multivorans CGD2,family_member
5_507_BmoA#3,representative,5_507_BmoA,5_507_BmoA#3,26,Mycolicibacterium thermoresistibile ATCC 19527,distant
5_507_BmoA#4,representative,5_507_BmoA,5_507_BmoA#4,18,Marinobacter sp. ELB17,close_homolog
5_507_BmoA#5,representative,5_507_BmoA,5_507_BmoA#5,16,Mycobacterium sp. MAC_011194_8550,distant
5_507_BmoA#6,representative,5_507_BmoA,5_507_BmoA#6,16,Herbaspirillum sp. YR522,distant
5_507_BmoA#7,representative,5_507_BmoA,5_507_BmoA#7,16,Marinomonas profundimaris,close_homolog
5_507_BmoA#8,representative,5_507_BmoA,5_507_BmoA#8,14,Caenibius tardaugens NBRC 16725,distant
5_507_BmoA#9,representative,5_507_BmoA,5_507_BmoA#9,13,Paraburkholderia graminis C4D1M,family_member
5_507_BmoA#10,representative,5_507_BmoA,5_507_BmoA#10,13,Caballeronia mineralivorans PML1(12),distant
5_507_BmoA#11,representative,5_507_BmoA,5_507_BmoA#11,10,Paracoccus denitrificans PD1222,family_member
5_507_BmoA#12,representative,5_507_BmoA,5_507_BmoA#12,9,Xanthomonas translucens pv. arrhenatheri LMG 727,distant
5_507_BmoA#13,representative,5_507_BmoA,5_507_BmoA#13,8,Bordetella ansorpii,distant
5_507_BmoA#14,representative,5_507_BmoA,5_507_BmoA#14,7,Croceicoccus marinus,novel
5_507_BmoA#15,representative,5_507_BmoA,5_507_BmoA#15,7,Sphingomonas sp. SKA58,distant
5_507_BmoA#16,representative,5_507_BmoA,5_507_BmoA#16,7,Sphingomonas sp. BE270,distant
5_507_BmoA#17,representative,5_507_BmoA,5_507_BmoA#17,7,Parafrankia sp. EUN1f,distant
5_507_BmoA#18,representative,5_507_BmoA,5_507_BmoA#18,6,Mycobacterium sp. E3251,distant
5_507_BmoA#19,representative,5_507_BmoA,5_507_BmoA#19,6,Peribacillus simplex,distant
5_507_BmoA#20,representative,5_507_BmoA,5_507_BmoA#20,6,Enterovibrio norvegicus FF-454,close_homolog
5_507_BmoA#21,representative,5_507_BmoA,5_507_BmoA#21,5,Saprolegnia diclina VS20,distant
5_507_BmoA#22,representative,5_507_BmoA,5_507_BmoA#22,5,Burkholderia pseudomultivorans,distant
5_507_BmoA#23,representative,5_507_BmoA,5_507_BmoA#23,5,Erythrobacter litoralis,distant
5_507_BmoA#24,representative,5_507_BmoA,5_507_BmoA#24,5,Shinella sp. DD12,distant
5_507_BmoA#25,representative,5_507_BmoA,5_507_BmoA#25,5,Sphingobium lactosutens DS20,distant
5_507_BmoA#26,representative,5_507_BmoA,5_507_BmoA#26,5,Sphingobium indicum BiD32,distant
5_507_BmoA#27,representative,5_507_BmoA,5_507_BmoA#27,5,Leptospira interrogans str. UI 12621,distant
5_507_BmoA#72,representative,5_507_BmoA,5_507_BmoA#72,1,Pestalotiopsis fici W106-1,distant
5_507_BmoA#73,representative,5_507_BmoA,5_507_BmoA#73,1,Capronia coronata CBS 617.96,novel
5_507_BmoA#74,representative,5_507_BmoA,5_507_BmoA#74,1,Emiliania huxleyi CCMP1516,distant
5_507_BmoA#75,representative,5_507_BmoA,5_507_BmoA#75,1,Acanthamoeba castellanii str. Neff,distant
5_507_BmoA#76,representative,5_507_BmoA,5_507_BmoA#76,1,Actinomadura chibensis,distant
5_507_BmoA#77,representative,5_507_BmoA,5_507_BmoA#77,1,Actinomadura chibensis,distant
5_507_BmoA#78,representative,5_507_BmoA,5_507_BmoA#78,1,Pseudomonas marginalis,distant
5_507_BmoA#79,representative,5_507_BmoA,5_507_BmoA#79,1,Pseudomonas marginalis,distant
5_507_BmoA#80,representative,5_507_BmoA,5_507_BmoA#80,1,Ruegeria conchae,distant
5_507_BmoA#81,representative,5_507_BmoA,5_507_BmoA#81,1,Nocardia mexicana,distant
5_507_BmoA#82,representative,5_507_BmoA,5_507_BmoA#82,1,Pusillimonas noertemannii,distant
5_507_BmoA#83,representative,5_507_BmoA,5_507_BmoA#83,1,Trinickia symbiotica,distant
5_507_BmoA#84,representative,5_507_BmoA,5_507_BmoA#84,1,Pseudomonas citronellolis,distant
5_507_BmoA#85,representative,5_507_BmoA,5_507_BmoA#85,1,Sphingomonas adhaesiva,distant
5_507_BmoA#86,representative,5_507_BmoA,5_507_BmoA#86,1,Mycobacterium tuberculosis H37Rv,distant
5_507_BmoA#87,representative,5_507_BmoA,5_507_BmoA#87,1,Mycolicibacillus koreensis,distant
5_507_BmoA#88,representative,5_507_BmoA,5_507_BmoA#88,1,Pseudomonas sp. J237,distant
5_507_BmoA#89,representative,5_507_BmoA,5_507_BmoA#89,1,Alteromonas lipolytica,distant
5_507_BmoA#90,representative,5_507_BmoA,5_507_BmoA#90,1,Oceanisphaera psychrotolerans,family_member
5_507_BmoA#91,representative,5_507_BmoA,5_507_BmoA#91,1,Ensifer sp. LC54,distant
5_507_BmoA#92,representative,5_507_BmoA,5_507_BmoA#92,1,Mycobacterium sp. 1245852.3,distant
5_507_BmoA#93,representative,5_507_BmoA,5_507_BmoA#93,1,Streptomyces sp. CB02923,distant
5_507_BmoA#94,representative,5_507_BmoA,5_507_BmoA#94,1,Chloroflexus islandicus,distant
5_507_BmoA#95,representative,5_507_BmoA,5_507_BmoA#95,1,Micromonospora rosaria,distant
5_507_BmoA#96,representative,5_507_BmoA,5_507_BmoA#96,1,Oceanibaculum pacificum,distant
5_507_BmoA#97,representative,5_507_BmoA,5_507_BmoA#97,1,Sphingopyxis sp. HIX,distant
5_507_BmoA#98,representative,5_507_BmoA,5_507_BmoA#98,1,Sphingobium sp. Leaf26,novel
5_507_BmoA#99,representative,5_507_BmoA,5_507_BmoA#99,1,Novosphingobium sp. Leaf2,distant
5_507_BmoA#100,representative,5_507_BmoA,5_507_BmoA#100,1,Variovorax sp. Root473,distant
5_507_BmoA#101,representative,5_507_BmoA,5_507_BmoA#101,1,Shewanella sp. P1-14-1,distant
5_507_BmoA#102,representative,5_507_BmoA,5_507_BmoA#102,1,Blastomonas sp. AAP25,distant
5_507_BmoA#103,representative,5_507_BmoA,5_507_BmoA#103,1,Novosphingobium sp. Fuku2-ISO-50,family_member
5_507_BmoA#104,representative,5_507_BmoA,5_507_BmoA#104,1,Paraburkholderia sprentiae WSM5005,distant
5_507_BmoA#105,representative,5_507_BmoA,5_507_BmoA#105,1,Novosphingobium malaysiense,distant
5_507_BmoA#106,representative,5_507_BmoA,5_507_BmoA#106,1,Sphingobium sp. ba1,distant
5_507_BmoA#107,representative,5_507_BmoA,5_507_BmoA#107,1,Thauera linaloolentis 47Lol = DSM 12138,distant
5_507_BmoA#108,representative,5_507_BmoA,5_507_BmoA#108,1,Mycolicibacterium fortuitum subsp. fortuitum DSM 46621 = ATCC 6841 = JCM 6387,distant
5_507_BmoA#109,representative,5_507_BmoA,5_507_BmoA#109,1,Mycolicibacterium vaccae ATCC 25954,distant
5_507_BmoA#110,representative,5_507_BmoA,5_507_BmoA#110,1,Bordetella hinzii,distant
5_507_BmoA#111,representative,5_507_BmoA,5_507_BmoA#111,1,Novosphingobium fluoreni,distant
5_507_BmoA#112,representative,5_507_BmoA,5_507_BmoA#112,1,Cryptosporangium aurantiacum,distant
5_507_BmoA#113,representative,5_507_BmoA,5_507_BmoA#113,1,Streptomyces atratus,distant
5_507_BmoA#114,representative,5_507_BmoA,5_507_BmoA#114,1,Stigmatella aurantiaca,distant
5_507_BmoA#115,representative,5_507_BmoA,5_507_BmoA#115,1,Novosphingobium resinovorum,distant
5_507_BmoA#116,representative,5_507_BmoA,5_507_BmoA#116,1,Sphingobium sp. TKS,distant
5_507_BmoA#117,representative,5_507_BmoA,5_507_BmoA#117,1,Novosphingobium sp. KN65.2,distant
5_507_BmoA#118,representative,5_507_BmoA,5_507_BmoA#118,1,Amycolatopsis taiwanensis,distant
5_507_BmoA#119,representative,5_507_BmoA,5_507_BmoA#119,1,Novosphingobium sp. PY1,distant
5_507_BmoA#120,representative,5_507_BmoA,5_507_BmoA#120,1,Caenibius tardaugens NBRC 16725,distant
5_507_BmoA#121,representative,5_507_BmoA,5_507_BmoA#121,1,Glaciecola pallidula DSM 14239 = ACAM 615,distant
5_507_BmoA#122,representative,5_507_BmoA,5_507_BmoA#122,1,Candidatus Micropelagos thuwalensis,distant
5_507_BmoA#123,representative,5_507_BmoA,5_507_BmoA#123,1,Candidatus Micropelagos thuwalensis,distant
5_507_BmoA#124,representative,5_507_BmoA,5_507_BmoA#124,1,Candidatus Micropelagos thuwalensis,novel
5_507_BmoA#125,representative,5_507_BmoA,5_507_BmoA#125,1,Sphingobium sp. C100,distant
5_507_BmoA#126,representative,5_507_BmoA,5_507_BmoA#126,1,Pseudomonas taeanensis MS-3,family_member
5_507_BmoA#127,representative,5_507_BmoA,5_507_BmoA#127,1,Novosphingobium sp. FSW06-99,distant
5_507_BmoA#128,representative,5_507_BmoA,5_507_BmoA#128,1,Ruegeria denitrificans,distant
5_507_BmoA#129,representative,5_507_BmoA,5_507_BmoA#129,1,Sphingobium lactosutens DS20,distant
5_507_BmoA#130,representative,5_507_BmoA,5_507_BmoA#130,1,Arthrobacter nitrophenolicus,distant
5_507_BmoA#131,representative,5_507_BmoA,5_507_BmoA#131,1,Rhodopirellula europaea 6C,novel
5_507_BmoA#132,representative,5_507_BmoA,5_507_BmoA#132,1,Rhodopirellula sallentina SM41,distant
5_507_BmoA#133,representative,5_507_BmoA,5_507_BmoA#133,1,Caulobacter sp. AP07,distant
5_507_BmoA#134,representative,5_507_BmoA,5_507_BmoA#134,1,Novosphingobium sp. AP12,distant
5_507_BmoA#135,representative,5_507_BmoA,5_507_BmoA#135,1,Rhodococcus opacus RKJ300 = JCM 13270,distant
5_507_BmoA#136,representative,5_507_BmoA,5_507_BmoA#136,1,Serratia sp. M24T3,distant
5_507_BmoA#137,representative,5_507_BmoA,5_507_BmoA#137,1,Marinomonas sp. S3726,family_member
5_507_BmoA#138,representative,5_507_BmoA,5_507_BmoA#138,1,Plesiocystis pacifica SIR-1,distant
5_507_BmoA#139,representative,5_507_BmoA,5_507_BmoA#139,1,Pseudooceanicola batsensis HTCC2597,distant
5_508_GbcA#0,representative,5_508_GbcA,5_508_GbcA#0,336,Pseudomonas savastanoi pv. glycinea str. race 4,close_homolog
