leaf_id,cluster,size,n_differ_from_cluster_consensus,signature,columns
3_313_KshA15#0,3_313_KshA15,163,6,91H 44F 216V 112W 103L 46V 88L 205E 71W 90A 213F 84Y,91;44;216;112;103;46;88;205;71;90;213;84
3_313_KshA15#1,3_313_KshA15,121,4,91D 44H 216I 112W 103I 46L 88M 205D 71F 90G 213F 84Y,91;44;216;112;103;46;88;205;71;90;213;84
3_313_KshA15#2,3_313_KshA15,107,7,91H 44F 216V 112W 103V 46V 88L 205E 71Y 90A 213F 84H,91;44;216;112;103;46;88;205;71;90;213;84
3_313_KshA15#3,3_313_KshA15,104,5,91D 44H 216I 112W 103V 46L 88M 205D 71F 90G 213F 84Y,91;44;216;112;103;46;88;205;71;90;213;84
3_313_KshA15#4,3_313_KshA15,82,4,91N 44F 216V 112W 103I 46V 88L 205E 71F 90A 213V 84Y,91;44;216;112;103;46;88;205;71;90;213;84
3_313_KshA15#5,3_313_KshA15,62,5,91D 44H 216I 112W 103V 46L 88M 205D 71F 90G 213F 84Y,91;44;216;112;103;46;88;205;71;90;213;84
3_313_KshA15#6,3_313_KshA15,44,6,91N 44Y 216L 112F 103I 46V 88L 205E 71F 90A 213L 84Y,91;44;216;112;103;46;88;205;71;90;213;84
3_313_KshA15#7,3_313_KshA15,32,7,91D 44H 216I 112W 103L 46V 88M 205D 71Y 90G 213F 84Y,91;44;216;112;103;46;88;205;71;90;213;84
3_313_KshA15#8,3_313_KshA15,27,5,91D 44H 216V 112Y 103V 46L 88M 205D 71F 90A 213F 84H,91;44;216;112;103;46;88;205;71;90;213;84
3_313_KshA15#9,3_313_KshA15,25,4,91D 44H 216I 112W 103I 46L 88M 205D 71F 90G 213F 84Y,91;44;216;112;103;46;88;205;71;90;213;84
3_313_KshA15#10,3_313_KshA15,24,3,91D 44H 216V 112W 103L 46L 88M 205D 71F 90A 213F 84Y,91;44;216;112;103;46;88;205;71;90;213;84
3_313_KshA15#11,3_313_KshA15,22,5,91D 44H 216I 112W 103I 46L 88M 205D 71W 90G 213F 84Y,91;44;216;112;103;46;88;205;71;90;213;84
3_313_KshA15#12,3_313_KshA15,20,5,91D 44H 216I 112W 103V 46L 88M 205D 71F 90G 213F 84Y,91;44;216;112;103;46;88;205;71;90;213;84
3_313_KshA15#13,3_313_KshA15,20,5,91D 44H 216V 112W 103V 46L 88M 205D 71W 90G 213F 84Y,91;44;216;112;103;46;88;205;71;90;213;84
3_313_KshA15#14,3_313_KshA15,17,4,91D 44H 216V 112W 103V 46L 88M 205D 71F 90G 213F 84Y,91;44;216;112;103;46;88;205;71;90;213;84
3_313_KshA15#15,3_313_KshA15,15,6,91H 44F 216V 112W 103L 46V 88L 205E 71W 90A 213F 84Y,91;44;216;112;103;46;88;205;71;90;213;84
3_313_KshA15#16,3_313_KshA15,15,7,91H 44S 216L 112F 103L 46L 88L 205E 71Y 90A 213F 84Y,91;44;216;112;103;46;88;205;71;90;213;84
3_313_KshA15#17,3_313_KshA15,14,5,91N 44F 216V 112F 103L 46L 88L 205E 71F 90A 213L 84Y,91;44;216;112;103;46;88;205;71;90;213;84
3_313_KshA15#18,3_313_KshA15,14,4,91D 44H 216I 112W 103I 46L 88M 205D 71F 90G 213F 84Y,91;44;216;112;103;46;88;205;71;90;213;84
3_313_KshA15#19,3_313_KshA15,14,6,91D 44H 216I 112W 103V 46L 88M 205D 71W 90G 213F 84Y,91;44;216;112;103;46;88;205;71;90;213;84
3_313_KshA15#20,3_313_KshA15,12,8,91H 44Y 216I 112Y 103L 46I 88L 205E 71W 90A 213F 84Y,91;44;216;112;103;46;88;205;71;90;213;84
3_313_KshA15#21,3_313_KshA15,11,5,91N 44F 216V 112F 103L 46L 88L 205E 71F 90A 213L 84Y,91;44;216;112;103;46;88;205;71;90;213;84
3_313_KshA15#22,3_313_KshA15,11,5,91D 44H 216I 112W 103I 46L 88M 205D 71F 90G 213F 84F,91;44;216;112;103;46;88;205;71;90;213;84
3_313_KshA15#23,3_313_KshA15,11,7,91H 44F 216L 112F 103L 46L 88L 205E 71Y 90A 213F 84Y,91;44;216;112;103;46;88;205;71;90;213;84
3_313_KshA15#24,3_313_KshA15,10,2,91D 44H 216V 112W 103I 46L 88M 205D 71F 90A 213F 84Y,91;44;216;112;103;46;88;205;71;90;213;84
3_313_KshA15#25,3_313_KshA15,9,4,91D 44H 216V 112W 103I 46L 88M 205D 71W 90G 213F 84Y,91;44;216;112;103;46;88;205;71;90;213;84
3_313_KshA15#26,3_313_KshA15,9,2,91N 44H 216V 112W 103I 46L 88M 205D 71F 90G 213F 84Y,91;44;216;112;103;46;88;205;71;90;213;84
3_313_KshA15#27,3_313_KshA15,8,3,91N 44H 216V 112W 103I 46L 88M 205D 71F 90G 213F 84F,91;44;216;112;103;46;88;205;71;90;213;84
3_313_KshA15#28,3_313_KshA15,8,5,91D 44H 216V 112W 103V 46I 88M 205D 71F 90G 213F 84Y,91;44;216;112;103;46;88;205;71;90;213;84
3_313_KshA15#29,3_313_KshA15,8,6,91N 44Y 216I 112F 103V 46I 88L 205E 71F 90A 213F 84Y,91;44;216;112;103;46;88;205;71;90;213;84
3_313_KshA15#30,3_313_KshA15,7,7,91N 44F 216V 112F 103L 46V 88L 205E 71F 90G 213L 84Y,91;44;216;112;103;46;88;205;71;90;213;84
3_313_KshA15#31,3_313_KshA15,7,6,91N 44F 216V 112F 103I 46V 88L 205E 71Y 90A 213L 84Y,91;44;216;112;103;46;88;205;71;90;213;84
3_313_KshA15#32,3_313_KshA15,7,3,91N 44F 216V 112F 103I 46L 88M 205E 71F 90A 213L 84Y,91;44;216;112;103;46;88;205;71;90;213;84
3_313_KshA15#33,3_313_KshA15,7,5,91H 44F 216T 112W 103I 46I 88M 205E 71F 90A 213F 84H,91;44;216;112;103;46;88;205;71;90;213;84
3_313_KshA15#34,3_313_KshA15,6,5,91N 44F 216V 112F 103L 46L 88L 205E 71F 90A 213L 84Y,91;44;216;112;103;46;88;205;71;90;213;84
3_313_KshA15#35,3_313_KshA15,6,7,91H 44F 216L 112Y 103I 46V 88L 205E 71F 90A 213L 84Y,91;44;216;112;103;46;88;205;71;90;213;84
3_313_KshA15#36,3_313_KshA15,6,2,91D 44H 216V 112W 103I 46L 88M 205D 71F 90A 213F 84Y,91;44;216;112;103;46;88;205;71;90;213;84
3_313_KshA15#37,3_313_KshA15,5,6,91N 44Y 216I 112F 103I 46V 88L 205E 71Y 90A 213F 84Y,91;44;216;112;103;46;88;205;71;90;213;84
3_313_KshA15#38,3_313_KshA15,5,4,91N 44F 216V 112F 103L 46L 88M 205E 71F 90A 213L 84Y,91;44;216;112;103;46;88;205;71;90;213;84
3_313_KshA15#39,3_313_KshA15,5,8,91D 44F 216L 112F 103L 46V 88L 205E 71F 90A 213L 84Y,91;44;216;112;103;46;88;205;71;90;213;84
3_313_KshA15#40,3_313_KshA15,5,5,91N 44Y 216V 112F 103I 46I 88L 205E 71F 90A 213L 84Y,91;44;216;112;103;46;88;205;71;90;213;84
3_313_KshA15#41,3_313_KshA15,5,7,91H 44F 216I 112Y 103L 46I 88L 205E 71F 90A 213F 84Y,91;44;216;112;103;46;88;205;71;90;213;84
3_313_KshA15#42,3_313_KshA15,5,7,91H 44Y 216I 112F 103V 46V 88L 205E 71F 90A 213F 84Y,91;44;216;112;103;46;88;205;71;90;213;84
3_313_KshA15#43,3_313_KshA15,5,6,91D 44H 216I 112W 103V 46L 88L 205D 71F 90G 213F 84Y,91;44;216;112;103;46;88;205;71;90;213;84
3_313_KshA15#44,3_313_KshA15,5,4,91D 44H 216I 112W 103I 46L 88M 205D 71F 90G 213F 84Y,91;44;216;112;103;46;88;205;71;90;213;84
3_313_KshA15#45,3_313_KshA15,5,3,91N 44H 216V 112W 103I 46L 88M 205D 71F 90G 213F 84F,91;44;216;112;103;46;88;205;71;90;213;84
3_313_KshA15#46,3_313_KshA15,5,2,91N 44H 216V 112W 103I 46L 88M 205D 71F 90G 213F 84Y,91;44;216;112;103;46;88;205;71;90;213;84
3_313_KshA15#47,3_313_KshA15,5,6,91H 44F 216V 112F 103L 46V 88L 205E 71F 90A 213F 84Y,91;44;216;112;103;46;88;205;71;90;213;84
3_313_KshA15#48,3_313_KshA15,5,6,91N 44Y 216I 112F 103I 46I 88L 205E 71Y 90A 213F 84Y,91;44;216;112;103;46;88;205;71;90;213;84
3_313_KshA15#49,3_313_KshA15,5,5,91N 44Y 216L 112F 103I 46L 88L 205E 71F 90A 213L 84Y,91;44;216;112;103;46;88;205;71;90;213;84
3_313_KshA15#50,3_313_KshA15,4,6,91N 44F 216L 112F 103L 46L 88L 205E 71F 90A 213L 84Y,91;44;216;112;103;46;88;205;71;90;213;84
3_313_KshA15#51,3_313_KshA15,4,6,91N 44Y 216I 112F 103I 46I 88L 205E 71Y 90A 213F 84Y,91;44;216;112;103;46;88;205;71;90;213;84
3_313_KshA15#52,3_313_KshA15,4,8,91H 44Y 216I 112F 103V 46V 88Y 205E 71F 90A 213F 84H,91;44;216;112;103;46;88;205;71;90;213;84
3_313_KshA15#53,3_313_KshA15,4,5,91S 44F 216V 112W 103I 46V 88L 205E 71F 90A 213F 84H,91;44;216;112;103;46;88;205;71;90;213;84
3_313_KshA15#54,3_313_KshA15,4,3,91N 44H 216V 112W 103L 46L 88M 205D 71F 90G 213F 84Y,91;44;216;112;103;46;88;205;71;90;213;84
3_313_KshA15#55,3_313_KshA15,4,4,91N 44H 216V 112W 103I 46I 88M 205D 71F 90G 213F 84F,91;44;216;112;103;46;88;205;71;90;213;84
3_313_KshA15#56,3_313_KshA15,4,7,91H 44F 216L 112W 103I 46I 88L 205E 71F 90A 213L 84H,91;44;216;112;103;46;88;205;71;90;213;84
3_313_KshA15#57,3_313_KshA15,4,7,91N 44Y 216L 112F 103I 46V 88I 205E 71I 90A 213L 84Y,91;44;216;112;103;46;88;205;71;90;213;84
3_313_KshA15#58,3_313_KshA15,4,5,91N 44F 216L 112F 103I 46L 88L 205E 71F 90A 213L 84Y,91;44;216;112;103;46;88;205;71;90;213;84
3_313_KshA15#59,3_313_KshA15,3,3,91N 44F 216V 112F 103I 46L 88M 205E 71F 90A 213L 84Y,91;44;216;112;103;46;88;205;71;90;213;84
3_313_KshA15#60,3_313_KshA15,3,6,91N 44- 216L 112Y 103I 46I 88L 205E 71F 90A 213L 84Y,91;44;216;112;103;46;88;205;71;90;213;84
3_313_KshA15#61,3_313_KshA15,3,3,91N 44Y 216V 112F 103I 46L 88M 205E 71Y 90A 213F 84Y,91;44;216;112;103;46;88;205;71;90;213;84
3_313_KshA15#62,3_313_KshA15,3,6,91H 44F 216V 112F 103I 46V 88L 205E 71Y 90A 213F 84Y,91;44;216;112;103;46;88;205;71;90;213;84
3_313_KshA15#63,3_313_KshA15,3,6,91H 44F 216V 112F 103I 46V 88L 205E 71F 90A 213F 84F,91;44;216;112;103;46;88;205;71;90;213;84
3_313_KshA15#64,3_313_KshA15,3,4,91D 44H 216V 112W 103V 46M 88M 205D 71F 90A 213F 84Y,91;44;216;112;103;46;88;205;71;90;213;84
3_313_KshA15#65,3_313_KshA15,3,4,91H 44F 216V 112W 103I 46L 88L 205E 71Y 90A 213F 84Y,91;44;216;112;103;46;88;205;71;90;213;84
3_313_KshA15#66,3_313_KshA15,3,5,91D 44H 216I 112W 103I 46L 88M 205D 71F 90G 213F 84F,91;44;216;112;103;46;88;205;71;90;213;84
3_313_KshA15#67,3_313_KshA15,3,3,91N 44H 216V 112W 103V 46L 88M 205D 71F 90G 213F 84Y,91;44;216;112;103;46;88;205;71;90;213;84
3_313_KshA15#68,3_313_KshA15,3,4,91N 44H 216V 112W 103I 46I 88M 205D 71F 90G 213F 84F,91;44;216;112;103;46;88;205;71;90;213;84
3_313_KshA15#69,3_313_KshA15,3,4,91D 44H 216I 112W 103I 46L 88M 205D 71F 90G 213F 84Y,91;44;216;112;103;46;88;205;71;90;213;84
3_313_KshA15#70,3_313_KshA15,3,3,91N 44H 216V 112W 103L 46L 88M 205D 71F 90G 213F 84Y,91;44;216;112;103;46;88;205;71;90;213;84
3_313_KshA15#71,3_313_KshA15,3,2,91N 44H 216V 112W 103I 46L 88M 205D 71F 90G 213F 84Y,91;44;216;112;103;46;88;205;71;90;213;84
3_313_KshA15#72,3_313_KshA15,3,4,91N 44H 216V 112W 103I 46I 88M 205D 71F 90G 213F 84F,91;44;216;112;103;46;88;205;71;90;213;84
3_313_KshA15#73,3_313_KshA15,3,3,91D 44H 216V 112W 103I 46L 88M 205D 71F 90G 213F 84Y,91;44;216;112;103;46;88;205;71;90;213;84
3_313_KshA15#74,3_313_KshA15,3,2,91N 44H 216V 112W 103I 46L 88M 205D 71F 90G 213F 84Y,91;44;216;112;103;46;88;205;71;90;213;84
3_313_KshA15#75,3_313_KshA15,3,6,91N 44Y 216I 112F 103I 46I 88L 205E 71Y 90A 213F 84Y,91;44;216;112;103;46;88;205;71;90;213;84
3_313_KshA15#76,3_313_KshA15,2,5,91N 44Y 216V 112F 103I 46L 88L 205E 71Y 90A 213L 84Y,91;44;216;112;103;46;88;205;71;90;213;84
3_313_KshA15#77,3_313_KshA15,2,6,91N 44M 216L 112Y 103I 46I 88L 205E 71F 90A 213L 84Y,91;44;216;112;103;46;88;205;71;90;213;84
3_313_KshA15#78,3_313_KshA15,2,7,91H 44I 216I 112F 103I 46I 88L 205E 71F 90A 213L 84Y,91;44;216;112;103;46;88;205;71;90;213;84
3_313_KshA15#79,3_313_KshA15,2,5,91N 44H 216V 112W 103L 46F 88M 205D 71Y 90A 213F 84I,91;44;216;112;103;46;88;205;71;90;213;84
3_313_KshA15#80,3_313_KshA15,2,7,91D 44F 216V 112F 103V 46V 88L 205E 71Y 90A 213F 84Y,91;44;216;112;103;46;88;205;71;90;213;84
3_313_KshA15#81,3_313_KshA15,2,4,91D 44H 216V 112Y 103L 46L 88M 205D 71F 90A 213F 84Y,91;44;216;112;103;46;88;205;71;90;213;84
3_313_KshA15#82,3_313_KshA15,2,8,91H 44F 216V 112F 103L 46V 88L 205E 71W 90A 213F 84F,91;44;216;112;103;46;88;205;71;90;213;84
3_313_KshA15#83,3_313_KshA15,2,8,91H 44F 216L 112F 103I 46L 88L 205E 71Y 90A 213L 84R,91;44;216;112;103;46;88;205;71;90;213;84
3_313_KshA15#84,3_313_KshA15,2,8,91H 44F 216L 112F 103L 46L 88L 205E 71Y 90A 213L 84Y,91;44;216;112;103;46;88;205;71;90;213;84
3_313_KshA15#85,3_313_KshA15,2,4,91D 44H 216I 112W 103I 46L 88M 205D 71F 90G 213F 84Y,91;44;216;112;103;46;88;205;71;90;213;84
3_313_KshA15#86,3_313_KshA15,2,4,91N 44H 216V 112W 103I 46L 88L 205D 71F 90G 213F 84F,91;44;216;112;103;46;88;205;71;90;213;84
3_313_KshA15#87,3_313_KshA15,2,3,91N 44H 216V 112W 103V 46L 88M 205D 71F 90G 213F 84Y,91;44;216;112;103;46;88;205;71;90;213;84
3_313_KshA15#88,3_313_KshA15,2,7,91H 44- 216L 112Y 103I 46- 88L 205E 71W 90A 213F 84Y,91;44;216;112;103;46;88;205;71;90;213;84
3_313_KshA15#89,3_313_KshA15,2,7,91H 44F 216L 112F 103L 46A 88M 205E 71Y 90A 213F 84Y,91;44;216;112;103;46;88;205;71;90;213;84
3_313_KshA15#90,3_313_KshA15,2,7,91D 44H 216I 112W 103I 46I 88L 205D 71W 90G 213F 84Y,91;44;216;112;103;46;88;205;71;90;213;84
3_313_KshA15#91,3_313_KshA15,2,3,91N 44H 216V 112W 103V 46L 88M 205D 71F 90G 213F 84Y,91;44;216;112;103;46;88;205;71;90;213;84
3_313_KshA15#92,3_313_KshA15,2,5,91D 44H 216I 112W 103I 46I 88M 205D 71F 90G 213F 84Y,91;44;216;112;103;46;88;205;71;90;213;84
3_313_KshA15#93,3_313_KshA15,2,4,91D 44H 216I 112W 103I 46L 88M 205D 71F 90G 213F 84Y,91;44;216;112;103;46;88;205;71;90;213;84
3_313_KshA15#94,3_313_KshA15,2,3,91N 44H 216V 112W 103V 46L 88M 205D 71F 90G 213F 84Y,91;44;216;112;103;46;88;205;71;90;213;84
3_313_KshA15#95,3_313_KshA15,2,4,91D 44H 216I 112W 103I 46L 88M 205D 71F 90G 213F 84Y,91;44;216;112;103;46;88;205;71;90;213;84
3_313_KshA15#96,3_313_KshA15,2,7,91D 44H 216I 112W 103I 46I 88L 205D 71W 90G 213F 84Y,91;44;216;112;103;46;88;205;71;90;213;84
3_313_KshA15#97,3_313_KshA15,2,6,91N 44Y 216I 112F 103I 46V 88L 205E 71Y 90A 213F 84Y,91;44;216;112;103;46;88;205;71;90;213;84
3_313_KshA15#98,3_313_KshA15,1,6,91N 44F 216L 112F 103I 46V 88L 205E 71F 90A 213L 84Y,91;44;216;112;103;46;88;205;71;90;213;84
3_313_KshA15#99,3_313_KshA15,1,5,91N 44F 216I 112F 103I 46L 88L 205E 71F 90A 213L 84Y,91;44;216;112;103;46;88;205;71;90;213;84
3_313_KshA15#100,3_313_KshA15,1,7,91N 44F 216L 112F 103L 46L 88L 205E 71Y 90A 213L 84Y,91;44;216;112;103;46;88;205;71;90;213;84
3_313_KshA15#101,3_313_KshA15,1,5,91N 44- 216V 112Y 103I 46- 88L 205E 71F 90A 213L 84Y,91;44;216;112;103;46;88;205;71;90;213;84
3_313_KshA15#102,3_313_KshA15,1,10,91D 44F 216L 112F 103L 46V 88L 205E 71Y 90A 213L 84H,91;44;216;112;103;46;88;205;71;90;213;84
3_313_KshA15#103,3_313_KshA15,1,8,91D 44I 216V 112F 103I 46V 88L 205E 71L 90A 213L 84F,91;44;216;112;103;46;88;205;71;90;213;84
3_313_KshA15#104,3_313_KshA15,1,6,91N 44- 216I 112F 103I 46- 88L 205E 71Y 90A 213F 84Y,91;44;216;112;103;46;88;205;71;90;213;84
3_313_KshA15#105,3_313_KshA15,1,6,91H 44F 216L 112F 103A 46L 88M 205E 71W 90A 213F 84Y,91;44;216;112;103;46;88;205;71;90;213;84
3_313_KshA15#106,3_313_KshA15,1,6,91N 44F 216L 112F 103L 46L 88L 205E 71F 90A 213L 84Y,91;44;216;112;103;46;88;205;71;90;213;84
3_313_KshA15#107,3_313_KshA15,1,6,91N 44Y 216L 112F 103I 46V 88M 205E 71Y 90A 213L 84Y,91;44;216;112;103;46;88;205;71;90;213;84
3_313_KshA15#108,3_313_KshA15,1,7,91N 44F 216L 112Y 103L 46V 88L 205E 71F 90A 213L 84Y,91;44;216;112;103;46;88;205;71;90;213;84
3_313_KshA15#109,3_313_KshA15,1,4,91N 44Y 216V 112F 103I 46L 88L 205E 71F 90A 213L 84Y,91;44;216;112;103;46;88;205;71;90;213;84
3_313_KshA15#110,3_313_KshA15,1,5,91D 44- 216L 112F 103I 46- 88M 205E 71F 90A 213F 84Y,91;44;216;112;103;46;88;205;71;90;213;84
3_313_KshA15#111,3_313_KshA15,1,6,91N 44Y 216I 112F 103I 46V 88L 205E 71F 90A 213L 84Y,91;44;216;112;103;46;88;205;71;90;213;84
3_313_KshA15#112,3_313_KshA15,1,7,91N 44F 216I 112F 103L 46I 88L 205E 71F 90A 213L 84Y,91;44;216;112;103;46;88;205;71;90;213;84
3_313_KshA15#113,3_313_KshA15,1,7,91H 44- 216F 112F 103I 46- 88L 205E 71- 90A 213F 84Y,91;44;216;112;103;46;88;205;71;90;213;84
3_313_KshA15#114,3_313_KshA15,1,7,91H 44I 216I 112F 103I 46V 88L 205E 71L 90A 213F 84Y,91;44;216;112;103;46;88;205;71;90;213;84
3_313_KshA15#115,3_313_KshA15,1,6,91H 44I 216L 112F 103I 46V 88L 205E 71F 90A 213F 84Y,91;44;216;112;103;46;88;205;71;90;213;84
3_313_KshA15#116,3_313_KshA15,1,4,91N 44I 216I 112F 103I 46L 88L 205E 71F 90A 213F 84Y,91;44;216;112;103;46;88;205;71;90;213;84
3_313_KshA15#117,3_313_KshA15,1,3,91N 44F 216V 112F 103I 46V 88M 205E 71F 90A 213F 84Y,91;44;216;112;103;46;88;205;71;90;213;84
3_313_KshA15#118,3_313_KshA15,1,6,91H 44F 216V 112F 103I 46L 88L 205E 71Y 90A 213F 84H,91;44;216;112;103;46;88;205;71;90;213;84
3_313_KshA15#119,3_313_KshA15,1,7,91H 44F 216V 112Y 103L 46L 88L 205E 71Y 90A 213M 84Y,91;44;216;112;103;46;88;205;71;90;213;84
3_313_KshA15#120,3_313_KshA15,1,8,91D 44Y 216I 112W 103V 46V 88M 205D 71Y 90G 213F 84Y,91;44;216;112;103;46;88;205;71;90;213;84
3_313_KshA15#121,3_313_KshA15,1,8,91H 44Y 216L 112F 103I 46I 88L 205E 71Y 90A 213I 84Y,91;44;216;112;103;46;88;205;71;90;213;84
3_313_KshA15#122,3_313_KshA15,1,6,91H 44Y 216V 112W 103L 46V 88Q 205E 71V 90A 213F 84Y,91;44;216;112;103;46;88;205;71;90;213;84
3_313_KshA15#123,3_313_KshA15,1,5,91H 44F 216V 112F 103I 46V 88M 205E 71F 90A 213F 84H,91;44;216;112;103;46;88;205;71;90;213;84
3_313_KshA15#124,3_313_KshA15,1,8,91H 44F 216V 112W 103V 46V 88L 205E 71Y 90G 213F 84H,91;44;216;112;103;46;88;205;71;90;213;84
3_313_KshA15#125,3_313_KshA15,1,7,91H 44F 216I 112F 103I 46L 88L 205E 71Y 90A 213F 84F,91;44;216;112;103;46;88;205;71;90;213;84
3_313_KshA15#126,3_313_KshA15,1,5,91H 44Y 216V 112F 103I 46L 88M 205E 71Y 90A 213F 84H,91;44;216;112;103;46;88;205;71;90;213;84
3_313_KshA15#127,3_313_KshA15,1,8,91H 44Y 216V 112F 103L 46V 88M 205I 71Y 90A 213L 84Y,91;44;216;112;103;46;88;205;71;90;213;84
3_313_KshA15#128,3_313_KshA15,1,8,91H 44Y 216L 112F 103I 46V 88L 205E 71Y 90A 213I 84Y,91;44;216;112;103;46;88;205;71;90;213;84
3_313_KshA15#129,3_313_KshA15,1,7,91H 44A 216I 112F 103V 46V 88L 205E 71F 90A 213F 84Y,91;44;216;112;103;46;88;205;71;90;213;84
3_313_KshA15#130,3_313_KshA15,1,8,91H 44F 216L 112F 103I 46L 88L 205E 71Y 90T 213Q 84Y,91;44;216;112;103;46;88;205;71;90;213;84
3_313_KshA15#131,3_313_KshA15,1,6,91H 44F 216V 112I 103I 46V 88L 205E 71F 90A 213F 84H,91;44;216;112;103;46;88;205;71;90;213;84
3_313_KshA15#132,3_313_KshA15,1,8,91H 44F 216L 112F 103I 46V 88L 205E 71Y 90A 213L 84Y,91;44;216;112;103;46;88;205;71;90;213;84
3_313_KshA15#133,3_313_KshA15,1,4,91N 44F 216V 112W 103I 46I 88L 205E 71Y 90A 213F 84Y,91;44;216;112;103;46;88;205;71;90;213;84
3_313_KshA15#134,3_313_KshA15,1,9,91D 44H 216I 112F 103L 46V 88L 205E 71Y 90A 213L 84F,91;44;216;112;103;46;88;205;71;90;213;84
3_313_KshA15#135,3_313_KshA15,1,8,91H 44Y 216V 112F 103V 46V 88L 205E 71V 90A 213F 84H,91;44;216;112;103;46;88;205;71;90;213;84
3_313_KshA15#136,3_313_KshA15,1,4,91D 44H 216V 112W 103V 46L 88M 205D 71F 90G 213F 84Y,91;44;216;112;103;46;88;205;71;90;213;84
3_313_KshA15#137,3_313_KshA15,1,7,91H 44F 216I 112F 103I 46L 88L 205E 71Y 90A 213F 84F,91;44;216;112;103;46;88;205;71;90;213;84
3_313_KshA15#138,3_313_KshA15,1,3,91D 44H 216V 112W 103I 46L 88M 205D 71F 90G 213F 84Y,91;44;216;112;103;46;88;205;71;90;213;84
3_313_KshA15#139,3_313_KshA15,1,3,91N 44H 216V 112W 103V 46L 88M 205D 71F 90G 213F 84Y,91;44;216;112;103;46;88;205;71;90;213;84
3_313_KshA15#140,3_313_KshA15,1,5,91D 44H 216I 112W 103V 46L 88M 205D 71F 90G 213F 84Y,91;44;216;112;103;46;88;205;71;90;213;84
3_313_KshA15#141,3_313_KshA15,1,4,91D 44H 216I 112W 103I 46L 88M 205D 71W 90A 213F 84Y,91;44;216;112;103;46;88;205;71;90;213;84
3_313_KshA15#142,3_313_KshA15,1,3,91N 44H 216V 112W 103V 46L 88M 205D 71F 90G 213F 84Y,91;44;216;112;103;46;88;205;71;90;213;84
3_313_KshA15#143,3_313_KshA15,1,5,91D 44H 216V 112W 103V 46L 88M 205D 71W 90G 213F 84Y,91;44;216;112;103;46;88;205;71;90;213;84
3_313_KshA15#144,3_313_KshA15,1,3,91D 44H 216V 112W 103I 46L 88M 205D 71F 90G 213F 84Y,91;44;216;112;103;46;88;205;71;90;213;84
3_313_KshA15#145,3_313_KshA15,1,3,91D 44H 216V 112W 103I 46L 88M 205D 71F 90G 213F 84Y,91;44;216;112;103;46;88;205;71;90;213;84
3_313_KshA15#146,3_313_KshA15,1,7,91D 44H 216I 112W 103I 46I 88L 205D 71W 90G 213F 84Y,91;44;216;112;103;46;88;205;71;90;213;84
3_313_KshA15#147,3_313_KshA15,1,2,91N 44H 216V 112W 103I 46L 88M 205D 71F 90G 213F 84Y,91;44;216;112;103;46;88;205;71;90;213;84
3_313_KshA15#148,3_313_KshA15,1,4,91N 44H 216I 112W 103V 46L 88M 205D 71F 90G 213F 84Y,91;44;216;112;103;46;88;205;71;90;213;84
3_313_KshA15#149,3_313_KshA15,1,4,91D 44H 216I 112W 103I 46L 88M 205D 71F 90G 213F 84Y,91;44;216;112;103;46;88;205;71;90;213;84
3_313_KshA15#150,3_313_KshA15,1,4,91D 44H 216I 112W 103I 46L 88M 205D 71F 90G 213F 84Y,91;44;216;112;103;46;88;205;71;90;213;84
3_313_KshA15#151,3_313_KshA15,1,5,91D 44H 216V 112W 103I 46L 88M 205D 71W 90G 213F 84F,91;44;216;112;103;46;88;205;71;90;213;84
3_313_KshA15#152,3_313_KshA15,1,3,91N 44H 216V 112W 103I 46I 88M 205D 71F 90G 213F 84Y,91;44;216;112;103;46;88;205;71;90;213;84
3_313_KshA15#153,3_313_KshA15,1,2,91N 44H 216V 112W 103I 46L 88M 205D 71F 90G 213F 84Y,91;44;216;112;103;46;88;205;71;90;213;84
3_313_KshA15#154,3_313_KshA15,1,4,91D 44H 216I 112W 103I 46L 88M 205D 71F 90G 213F 84Y,91;44;216;112;103;46;88;205;71;90;213;84
3_313_KshA15#155,3_313_KshA15,1,5,91D 44Y 216I 112W 103I 46L 88M 205D 71Y 90A 213F 84Y,91;44;216;112;103;46;88;205;71;90;213;84
3_313_KshA15#156,3_313_KshA15,1,3,91D 44H 216V 112W 103I 46L 88M 205D 71F 90A 213F 84W,91;44;216;112;103;46;88;205;71;90;213;84
3_313_KshA15#157,3_313_KshA15,1,6,91N 44Y 216V 112L 103L 46L 88L 205E 71Y 90A 213F 84F,91;44;216;112;103;46;88;205;71;90;213;84
3_313_KshA15#158,3_313_KshA15,1,6,91N 44F 216L 112F 103L 46L 88M 205E 71F 90G 213L 84Y,91;44;216;112;103;46;88;205;71;90;213;84
3_313_KshA15#159,3_313_KshA15,1,7,91N 44F 216L 112F 103L 46V 88L 205E 71F 90A 213L 84Y,91;44;216;112;103;46;88;205;71;90;213;84
3_313_KshA15#160,3_313_KshA15,1,7,91N 44Y 216L 112F 103L 46V 88L 205E 71F 90A 213L 84Y,91;44;216;112;103;46;88;205;71;90;213;84
3_313_KshA15#161,3_313_KshA15,1,6,91N 44- 216L 112F 103L 46- 88L 205E 71F 90A 213F 84Y,91;44;216;112;103;46;88;205;71;90;213;84
5_504_CntA#0,5_504_CntA,172,3,209C 92L 112F 56N 43W 25Y 311P 199N 140L 34E 110W 201K,209;92;112;56;43;25;311;199;140;34;110;201
5_504_CntA#1,5_504_CntA,74,4,209E 92V 112Y 56G 43P 25Y 311G 199N 140L 34D 110W 201K,209;92;112;56;43;25;311;199;140;34;110;201
5_504_CntA#2,5_504_CntA,52,1,209E 92V 112Y 56G 43W 25Y 311P 199N 140L 34E 110W 201K,209;92;112;56;43;25;311;199;140;34;110;201
5_504_CntA#3,5_504_CntA,51,1,209E 92L 112W 56G 43W 25Y 311P 199N 140L 34E 110W 201K,209;92;112;56;43;25;311;199;140;34;110;201
5_504_CntA#4,5_504_CntA,41,3,209C 92M 112Y 56G 43W 25F 311P 199N 140L 34E 110W 201K,209;92;112;56;43;25;311;199;140;34;110;201
5_504_CntA#5,5_504_CntA,24,2,209C 92L 112Y 56G 43W 25Y 311A 199N 140L 34E 110W 201K,209;92;112;56;43;25;311;199;140;34;110;201
5_504_CntA#6,5_504_CntA,23,2,209C 92L 112Y 56G 43W 25Y 311P 199N 140L 34D 110W 201K,209;92;112;56;43;25;311;199;140;34;110;201
5_504_CntA#7,5_504_CntA,20,2,209E 92L 112Y 56G 43W 25F 311P 199N 140I 34E 110W 201K,209;92;112;56;43;25;311;199;140;34;110;201
5_504_CntA#8,5_504_CntA,20,0,209E 92L 112Y 56G 43W 25Y 311P 199N 140L 34E 110W 201K,209;92;112;56;43;25;311;199;140;34;110;201
5_504_CntA#9,5_504_CntA,19,1,209E 92L 112Y 56S 43W 25Y 311P 199N 140L 34E 110W 201K,209;92;112;56;43;25;311;199;140;34;110;201
5_504_CntA#10,5_504_CntA,19,1,209E 92L 112F 56G 43W 25Y 311P 199N 140L 34E 110W 201K,209;92;112;56;43;25;311;199;140;34;110;201
5_504_CntA#11,5_504_CntA,17,0,209E 92L 112Y 56G 43W 25Y 311P 199N 140L 34E 110W 201K,209;92;112;56;43;25;311;199;140;34;110;201
5_504_CntA#12,5_504_CntA,16,1,209E 92L 112Y 56G 43P 25Y 311P 199N 140L 34E 110W 201K,209;92;112;56;43;25;311;199;140;34;110;201
5_504_CntA#13,5_504_CntA,15,2,209C 92I 112Y 56G 43W 25Y 311P 199N 140L 34E 110W 201K,209;92;112;56;43;25;311;199;140;34;110;201
5_504_CntA#14,5_504_CntA,13,1,209E 92L 112F 56G 43W 25Y 311P 199N 140L 34E 110W 201K,209;92;112;56;43;25;311;199;140;34;110;201
5_504_CntA#15,5_504_CntA,13,0,209E 92L 112Y 56G 43W 25Y 311P 199N 140L 34E 110W 201K,209;92;112;56;43;25;311;199;140;34;110;201
5_504_CntA#16,5_504_CntA,13,1,209E 92L 112Y 56S 43W 25Y 311P 199N 140L 34E 110W 201K,209;92;112;56;43;25;311;199;140;34;110;201
5_504_CntA#17,5_504_CntA,12,2,209C 92V 112Y 56G 43W 25Y 311P 199N 140L 34E 110W 201K,209;92;112;56;43;25;311;199;140;34;110;201
5_504_CntA#18,5_504_CntA,12,3,209E 92L 112W 56G 43W 25Y 311G 199N 140L 34E 110F 201K,209;92;112;56;43;25;311;199;140;34;110;201
5_504_CntA#19,5_504_CntA,11,2,209C 92V 112Y 56G 43W 25Y 311P 199N 140L 34E 110W 201K,209;92;112;56;43;25;311;199;140;34;110;201
5_504_CntA#20,5_504_CntA,11,2,209C 92V 112Y 56G 43W 25Y 311P 199N 140L 34E 110W 201K,209;92;112;56;43;25;311;199;140;34;110;201
5_504_CntA#21,5_504_CntA,11,2,209C 92I 112Y 56G 43W 25Y 311P 199N 140L 34E 110W 201K,209;92;112;56;43;25;311;199;140;34;110;201
5_504_CntA#22,5_504_CntA,11,2,209E 92L 112Y 56N 43P 25Y 311P 199N 140L 34E 110W 201K,209;92;112;56;43;25;311;199;140;34;110;201
5_504_CntA#23,5_504_CntA,10,2,209C 92V 112Y 56G 43W 25Y 311P 199N 140L 34E 110W 201K,209;92;112;56;43;25;311;199;140;34;110;201
5_504_CntA#24,5_504_CntA,10,2,209C 92V 112Y 56G 43W 25Y 311P 199N 140L 34E 110W 201K,209;92;112;56;43;25;311;199;140;34;110;201
5_504_CntA#25,5_504_CntA,9,2,209C 92V 112Y 56G 43W 25Y 311P 199N 140L 34E 110W 201K,209;92;112;56;43;25;311;199;140;34;110;201
5_504_CntA#26,5_504_CntA,9,0,209E 92L 112Y 56G 43W 25Y 311P 199N 140L 34E 110W 201K,209;92;112;56;43;25;311;199;140;34;110;201
5_504_CntA#27,5_504_CntA,9,1,209D 92L 112Y 56G 43W 25Y 311P 199N 140L 34E 110W 201K,209;92;112;56;43;25;311;199;140;34;110;201
5_504_CntA#28,5_504_CntA,8,1,209E 92L 112F 56G 43W 25Y 311P 199N 140L 34E 110W 201K,209;92;112;56;43;25;311;199;140;34;110;201
5_504_CntA#29,5_504_CntA,8,2,209E 92V 112Y 56G 43P 25Y 311P 199N 140L 34E 110W 201K,209;92;112;56;43;25;311;199;140;34;110;201
5_504_CntA#30,5_504_CntA,7,3,209C 92V 112Y 56G 43W 25W 311P 199N 140L 34E 110W 201K,209;92;112;56;43;25;311;199;140;34;110;201
5_504_CntA#31,5_504_CntA,7,0,209E 92L 112Y 56G 43W 25Y 311P 199N 140L 34E 110W 201K,209;92;112;56;43;25;311;199;140;34;110;201
5_504_CntA#32,5_504_CntA,7,1,209E 92L 112W 56G 43W 25Y 311P 199N 140L 34E 110W 201K,209;92;112;56;43;25;311;199;140;34;110;201
5_504_CntA#33,5_504_CntA,7,3,209E 92L 112Y 56N 43P 25Y 311P 199N 140M 34E 110W 201K,209;92;112;56;43;25;311;199;140;34;110;201
5_504_CntA#34,5_504_CntA,7,2,209E 92L 112W 56G 43W 25Y 311P 199N 140M 34E 110W 201K,209;92;112;56;43;25;311;199;140;34;110;201
5_504_CntA#35,5_504_CntA,7,1,209D 92L 112Y 56G 43W 25Y 311P 199N 140L 34E 110W 201K,209;92;112;56;43;25;311;199;140;34;110;201
5_504_CntA#36,5_504_CntA,6,2,209C 92V 112Y 56G 43W 25Y 311P 199N 140L 34E 110W 201K,209;92;112;56;43;25;311;199;140;34;110;201
5_504_CntA#37,5_504_CntA,6,5,209E 92V 112Y 56G 43P 25F 311G 199N 140L 34D 110W 201K,209;92;112;56;43;25;311;199;140;34;110;201
5_504_CntA#38,5_504_CntA,6,5,209E 92L 112F 56G 43W 25Y 311P 199H 140L 34S 110R 201A,209;92;112;56;43;25;311;199;140;34;110;201
5_504_CntA#39,5_504_CntA,6,2,209C 92L 112F 56G 43W 25Y 311P 199N 140L 34E 110W 201K,209;92;112;56;43;25;311;199;140;34;110;201
5_504_CntA#40,5_504_CntA,6,2,209E 92L 112W 56G 43W 25Y 311P 199N 140L 34E 110F 201K,209;92;112;56;43;25;311;199;140;34;110;201
5_504_CntA#41,5_504_CntA,6,3,209D 92M 112Y 56G 43P 25Y 311P 199N 140L 34E 110W 201K,209;92;112;56;43;25;311;199;140;34;110;201
5_504_CntA#42,5_504_CntA,6,0,209E 92L 112Y 56G 43W 25Y 311P 199N 140L 34E 110W 201K,209;92;112;56;43;25;311;199;140;34;110;201
5_504_CntA#43,5_504_CntA,6,0,209E 92L 112Y 56G 43W 25Y 311P 199N 140L 34E 110W 201K,209;92;112;56;43;25;311;199;140;34;110;201
5_504_CntA#44,5_504_CntA,5,3,209C 92V 112Y 56G 43W 25Y 311A 199N 140L 34E 110W 201K,209;92;112;56;43;25;311;199;140;34;110;201
5_504_CntA#45,5_504_CntA,5,2,209C 92I 112Y 56G 43W 25Y 311P 199N 140L 34E 110W 201K,209;92;112;56;43;25;311;199;140;34;110;201
5_504_CntA#46,5_504_CntA,5,1,209E 92I 112Y 56G 43W 25Y 311P 199N 140L 34E 110W 201K,209;92;112;56;43;25;311;199;140;34;110;201
5_504_CntA#47,5_504_CntA,5,3,209E 92V 112Y 56G 43P 25F 311P 199N 140L 34E 110W 201K,209;92;112;56;43;25;311;199;140;34;110;201
5_504_CntA#48,5_504_CntA,5,4,209C 92V 112F 56G 43W 25Y 311P 199N 140M 34E 110W 201K,209;92;112;56;43;25;311;199;140;34;110;201
5_504_CntA#49,5_504_CntA,5,4,209D 92L 112Y 56N 43P 25F 311P 199N 140L 34E 110W 201K,209;92;112;56;43;25;311;199;140;34;110;201
5_504_CntA#50,5_504_CntA,5,2,209E 92M 112W 56G 43W 25Y 311P 199N 140L 34E 110W 201K,209;92;112;56;43;25;311;199;140;34;110;201
5_504_CntA#51,5_504_CntA,5,3,209D 92M 112Y 56G 43P 25Y 311P 199N 140L 34E 110W 201K,209;92;112;56;43;25;311;199;140;34;110;201
5_504_CntA#52,5_504_CntA,5,1,209C 92L 112Y 56G 43W 25Y 311P 199N 140L 34E 110W 201K,209;92;112;56;43;25;311;199;140;34;110;201
5_504_CntA#53,5_504_CntA,5,2,209D 92V 112Y 56G 43W 25Y 311P 199N 140L 34E 110W 201K,209;92;112;56;43;25;311;199;140;34;110;201
5_504_CntA#54,5_504_CntA,5,1,209E 92L 112F 56G 43W 25Y 311P 199N 140L 34E 110W 201K,209;92;112;56;43;25;311;199;140;34;110;201
5_504_CntA#55,5_504_CntA,4,2,209C 92V 112Y 56G 43W 25Y 311P 199N 140L 34E 110W 201K,209;92;112;56;43;25;311;199;140;34;110;201
5_504_CntA#56,5_504_CntA,4,2,209C 92V 112Y 56G 43W 25Y 311P 199N 140L 34E 110W 201K,209;92;112;56;43;25;311;199;140;34;110;201
5_504_CntA#57,5_504_CntA,4,1,209C 92L 112Y 56G 43W 25Y 311P 199N 140L 34E 110W 201K,209;92;112;56;43;25;311;199;140;34;110;201
5_504_CntA#58,5_504_CntA,4,3,209C 92V 112Y 56G 43W 25W 311P 199N 140L 34E 110W 201K,209;92;112;56;43;25;311;199;140;34;110;201
5_504_CntA#59,5_504_CntA,4,3,209C 92V 112Y 56G 43W 25W 311P 199N 140L 34E 110W 201K,209;92;112;56;43;25;311;199;140;34;110;201
5_504_CntA#60,5_504_CntA,4,2,209C 92V 112Y 56G 43W 25Y 311P 199N 140L 34E 110W 201K,209;92;112;56;43;25;311;199;140;34;110;201
5_504_CntA#61,5_504_CntA,4,0,209E 92L 112Y 56G 43W 25Y 311P 199N 140L 34E 110W 201K,209;92;112;56;43;25;311;199;140;34;110;201
5_504_CntA#62,5_504_CntA,4,1,209E 92L 112Y 56G 43P 25Y 311P 199N 140L 34E 110W 201K,209;92;112;56;43;25;311;199;140;34;110;201
5_504_CntA#63,5_504_CntA,4,3,209C 92L 112F 56N 43W 25Y 311P 199N 140L 34E 110W 201K,209;92;112;56;43;25;311;199;140;34;110;201
5_504_CntA#64,5_504_CntA,4,1,209E 92V 112Y 56G 43W 25Y 311P 199N 140L 34E 110W 201K,209;92;112;56;43;25;311;199;140;34;110;201
5_504_CntA#65,5_504_CntA,4,1,209E 92L 112W 56G 43W 25Y 311P 199N 140L 34E 110W 201K,209;92;112;56;43;25;311;199;140;34;110;201
5_504_CntA#66,5_504_CntA,4,1,209E 92L 112Y 56G 43P 25Y 311P 199N 140L 34E 110W 201K,209;92;112;56;43;25;311;199;140;34;110;201
5_504_CntA#67,5_504_CntA,4,1,209C 92L 112Y 56G 43W 25Y 311P 199N 140L 34E 110W 201K,209;92;112;56;43;25;311;199;140;34;110;201
5_504_CntA#68,5_504_CntA,4,1,209D 92L 112Y 56G 43W 25Y 311P 199N 140L 34E 110W 201K,209;92;112;56;43;25;311;199;140;34;110;201
5_504_CntA#69,5_504_CntA,4,1,209D 92L 112Y 56G 43W 25Y 311P 199N 140L 34E 110W 201K,209;92;112;56;43;25;311;199;140;34;110;201
5_504_CntA#70,5_504_CntA,4,1,209E 92L 112Y 56S 43W 25Y 311P 199N 140L 34E 110W 201K,209;92;112;56;43;25;311;199;140;34;110;201
5_504_CntA#71,5_504_CntA,4,2,209D 92V 112Y 56G 43W 25Y 311P 199N 140L 34E 110W 201K,209;92;112;56;43;25;311;199;140;34;110;201
5_504_CntA#72,5_504_CntA,3,0,209E 92L 112Y 56G 43W 25Y 311P 199N 140L 34E 110W 201K,209;92;112;56;43;25;311;199;140;34;110;201
5_504_CntA#73,5_504_CntA,3,3,209C 92I 112Y 56G 43W 25Y 311M 199N 140L 34E 110W 201K,209;92;112;56;43;25;311;199;140;34;110;201
5_504_CntA#74,5_504_CntA,3,2,209C 92V 112Y 56G 43W 25Y 311P 199N 140L 34E 110W 201K,209;92;112;56;43;25;311;199;140;34;110;201
5_504_CntA#75,5_504_CntA,3,2,209C 92I 112Y 56G 43W 25Y 311P 199N 140L 34E 110W 201K,209;92;112;56;43;25;311;199;140;34;110;201
5_504_CntA#76,5_504_CntA,3,2,209C 92V 112Y 56G 43W 25Y 311P 199N 140L 34E 110W 201K,209;92;112;56;43;25;311;199;140;34;110;201
5_504_CntA#77,5_504_CntA,3,2,209C 92V 112Y 56G 43W 25Y 311P 199N 140L 34E 110W 201K,209;92;112;56;43;25;311;199;140;34;110;201
5_504_CntA#78,5_504_CntA,3,2,209C 92V 112Y 56G 43W 25Y 311P 199N 140L 34E 110W 201K,209;92;112;56;43;25;311;199;140;34;110;201
5_504_CntA#79,5_504_CntA,3,3,209E 92L 112Y 56R 43P 25Y 311G 199N 140L 34E 110W 201K,209;92;112;56;43;25;311;199;140;34;110;201
5_504_CntA#80,5_504_CntA,3,1,209E 92L 112Y 56G 43P 25Y 311P 199N 140L 34E 110W 201K,209;92;112;56;43;25;311;199;140;34;110;201
5_504_CntA#81,5_504_CntA,3,3,209E 92V 112F 56G 43W 25Y 311P 199D 140L 34E 110W 201K,209;92;112;56;43;25;311;199;140;34;110;201
5_504_CntA#82,5_504_CntA,3,3,209C 92L 112F 56G 43W 25Y 311P 199D 140L 34E 110W 201K,209;92;112;56;43;25;311;199;140;34;110;201
5_504_CntA#83,5_504_CntA,3,1,209E 92L 112F 56G 43W 25Y 311P 199N 140L 34E 110W 201K,209;92;112;56;43;25;311;199;140;34;110;201
5_504_CntA#84,5_504_CntA,3,1,209E 92L 112Y 56G 43W 25Y 311P 199D 140L 34E 110W 201K,209;92;112;56;43;25;311;199;140;34;110;201
5_504_CntA#85,5_504_CntA,3,0,209E 92L 112Y 56G 43W 25Y 311P 199N 140L 34E 110W 201K,209;92;112;56;43;25;311;199;140;34;110;201
5_504_CntA#86,5_504_CntA,3,4,209D 92I 112F 56N 43W 25Y 311P 199N 140L 34E 110W 201K,209;92;112;56;43;25;311;199;140;34;110;201
5_504_CntA#87,5_504_CntA,3,1,209E 92L 112W 56G 43W 25Y 311P 199N 140L 34E 110W 201K,209;92;112;56;43;25;311;199;140;34;110;201
5_504_CntA#88,5_504_CntA,3,2,209C 92L 112F 56G 43W 25Y 311P 199N 140L 34E 110W 201K,209;92;112;56;43;25;311;199;140;34;110;201
5_504_CntA#89,5_504_CntA,3,0,209E 92L 112Y 56G 43W 25Y 311P 199N 140L 34E 110W 201K,209;92;112;56;43;25;311;199;140;34;110;201
5_504_CntA#90,5_504_CntA,3,2,209C 92L 112Y 56G 43W 25F 311P 199N 140L 34E 110W 201K,209;92;112;56;43;25;311;199;140;34;110;201
5_504_CntA#91,5_504_CntA,3,1,209E 92V 112Y 56G 43W 25Y 311P 199N 140L 34E 110W 201K,209;92;112;56;43;25;311;199;140;34;110;201
5_504_CntA#92,5_504_CntA,3,0,209E 92L 112Y 56G 43W 25Y 311P 199N 140L 34E 110W 201K,209;92;112;56;43;25;311;199;140;34;110;201
5_504_CntA#93,5_504_CntA,3,2,209D 92L 112Y 56N 43W 25Y 311P 199N 140L 34E 110W 201K,209;92;112;56;43;25;311;199;140;34;110;201
5_504_CntA#94,5_504_CntA,3,0,209E 92L 112Y 56G 43W 25Y 311P 199N 140L 34E 110W 201K,209;92;112;56;43;25;311;199;140;34;110;201
5_504_CntA#95,5_504_CntA,3,3,209D 92V 112Y 56G 43W 25Y 311A 199N 140L 34E 110W 201K,209;92;112;56;43;25;311;199;140;34;110;201
5_504_CntA#96,5_504_CntA,3,3,209D 92V 112Y 56G 43W 25Y 311A 199N 140L 34E 110W 201K,209;92;112;56;43;25;311;199;140;34;110;201
5_504_CntA#97,5_504_CntA,3,0,209E 92L 112Y 56G 43W 25Y 311P 199N 140L 34E 110W 201K,209;92;112;56;43;25;311;199;140;34;110;201
5_504_CntA#98,5_504_CntA,3,0,209E 92L 112Y 56G 43W 25Y 311P 199N 140L 34E 110W 201K,209;92;112;56;43;25;311;199;140;34;110;201
5_504_CntA#99,5_504_CntA,2,2,209E 92V 112F 56G 43W 25Y 311P 199N 140L 34E 110W 201K,209;92;112;56;43;25;311;199;140;34;110;201
5_504_CntA#100,5_504_CntA,2,2,209C 92I 112Y 56G 43W 25Y 311P 199N 140L 34E 110W 201K,209;92;112;56;43;25;311;199;140;34;110;201
5_504_CntA#101,5_504_CntA,2,2,209C 92V 112Y 56G 43W 25Y 311P 199N 140L 34E 110W 201K,209;92;112;56;43;25;311;199;140;34;110;201
5_504_CntA#102,5_504_CntA,2,1,209C 92L 112Y 56G 43W 25Y 311P 199N 140L 34E 110W 201K,209;92;112;56;43;25;311;199;140;34;110;201
5_504_CntA#103,5_504_CntA,2,2,209C 92V 112Y 56G 43W 25Y 311P 199N 140L 34E 110W 201K,209;92;112;56;43;25;311;199;140;34;110;201
5_504_CntA#104,5_504_CntA,2,2,209C 92V 112Y 56G 43W 25Y 311P 199N 140L 34E 110W 201K,209;92;112;56;43;25;311;199;140;34;110;201
5_504_CntA#105,5_504_CntA,2,2,209C 92V 112Y 56G 43W 25Y 311P 199N 140L 34E 110W 201K,209;92;112;56;43;25;311;199;140;34;110;201
5_504_CntA#106,5_504_CntA,2,2,209C 92I 112Y 56G 43W 25Y 311P 199N 140L 34E 110W 201K,209;92;112;56;43;25;311;199;140;34;110;201
5_504_CntA#107,5_504_CntA,2,2,209C 92V 112Y 56G 43W 25Y 311P 199N 140L 34E 110W 201K,209;92;112;56;43;25;311;199;140;34;110;201
5_504_CntA#108,5_504_CntA,2,2,209C 92V 112Y 56G 43W 25Y 311P 199N 140L 34E 110W 201K,209;92;112;56;43;25;311;199;140;34;110;201
5_504_CntA#109,5_504_CntA,2,2,209C 92V 112Y 56G 43W 25Y 311P 199N 140L 34E 110W 201K,209;92;112;56;43;25;311;199;140;34;110;201
5_504_CntA#110,5_504_CntA,2,2,209E 92L 112F 56N 43W 25Y 311P 199N 140L 34E 110W 201K,209;92;112;56;43;25;311;199;140;34;110;201
5_504_CntA#111,5_504_CntA,2,7,209E 92V 112F 56E 43W 25Y 311P 199H 140L 34I 110R 201A,209;92;112;56;43;25;311;199;140;34;110;201
5_504_CntA#112,5_504_CntA,2,1,209C 92L 112Y 56G 43W 25Y 311P 199N 140L 34E 110W 201K,209;92;112;56;43;25;311;199;140;34;110;201
5_504_CntA#113,5_504_CntA,2,0,209E 92L 112Y 56G 43W 25Y 311P 199N 140L 34E 110W 201K,209;92;112;56;43;25;311;199;140;34;110;201
5_504_CntA#114,5_504_CntA,2,2,209C 92L 112F 56G 43W 25Y 311P 199N 140L 34E 110W 201K,209;92;112;56;43;25;311;199;140;34;110;201
5_504_CntA#115,5_504_CntA,2,2,209C 92L 112F 56G 43W 25Y 311P 199N 140L 34E 110W 201K,209;92;112;56;43;25;311;199;140;34;110;201
5_504_CntA#116,5_504_CntA,2,3,209C 92I 112Y 56G 43W 25Y 311P 199N 140L 34D 110W 201K,209;92;112;56;43;25;311;199;140;34;110;201
5_504_CntA#117,5_504_CntA,2,3,209E 92L 112F 56G 43P 25Y 311G 199N 140L 34E 110W 201K,209;92;112;56;43;25;311;199;140;34;110;201
5_504_CntA#118,5_504_CntA,2,2,209E 92L 112W 56G 43W 25Y 311P 199N 140L 34E 110F 201K,209;92;112;56;43;25;311;199;140;34;110;201
5_504_CntA#119,5_504_CntA,2,0,209E 92L 112Y 56G 43W 25Y 311P 199N 140L 34E 110W 201K,209;92;112;56;43;25;311;199;140;34;110;201
5_504_CntA#120,5_504_CntA,2,2,209C 92L 112F 56G 43W 25Y 311P 199N 140L 34E 110W 201K,209;92;112;56;43;25;311;199;140;34;110;201
5_504_CntA#121,5_504_CntA,2,3,209C 92I 112Y 56N 43W 25Y 311P 199N 140L 34E 110W 201K,209;92;112;56;43;25;311;199;140;34;110;201
5_504_CntA#122,5_504_CntA,2,1,209D 92L 112Y 56G 43W 25Y 311P 199N 140L 34E 110W 201K,209;92;112;56;43;25;311;199;140;34;110;201
5_504_CntA#123,5_504_CntA,2,2,209E 92L 112W 56G 43W 25Y 311- 199N 140L 34E 110W 201K,209;92;112;56;43;25;311;199;140;34;110;201
5_504_CntA#124,5_504_CntA,2,2,209E 92L 112F 56G 43W 25Y 311A 199N 140L 34E 110W 201K,209;92;112;56;43;25;311;199;140;34;110;201
5_504_CntA#125,5_504_CntA,2,1,209E 92L 112Y 56G 43W 25Y 311P 199Q 140L 34E 110W 201K,209;92;112;56;43;25;311;199;140;34;110;201
5_504_CntA#126,5_504_CntA,2,1,209E 92L 112Y 56G 43- 25Y 311P 199N 140L 34E 110W 201K,209;92;112;56;43;25;311;199;140;34;110;201
5_504_CntA#127,5_504_CntA,2,2,209E 92L 112W 56G 43W 25Y 311P 199N 140L 34E 110I 201K,209;92;112;56;43;25;311;199;140;34;110;201
5_504_CntA#128,5_504_CntA,2,1,209E 92L 112W 56G 43W 25Y 311P 199N 140L 34E 110W 201K,209;92;112;56;43;25;311;199;140;34;110;201
5_504_CntA#129,5_504_CntA,2,2,209E 92L 112F 56G 43P 25Y 311P 199N 140L 34E 110W 201K,209;92;112;56;43;25;311;199;140;34;110;201
5_504_CntA#130,5_504_CntA,2,2,209E 92L 112Y 56G 43P 25F 311P 199N 140L 34E 110W 201K,209;92;112;56;43;25;311;199;140;34;110;201
5_504_CntA#131,5_504_CntA,2,2,209E 92L 112Y 56G 43W 25Y 311P 199D 140L 34D 110W 201K,209;92;112;56;43;25;311;199;140;34;110;201
5_504_CntA#132,5_504_CntA,2,2,209E 92I 112Y 56N 43W 25Y 311P 199N 140L 34E 110W 201K,209;92;112;56;43;25;311;199;140;34;110;201
5_504_CntA#133,5_504_CntA,2,3,209C 92I 112F 56G 43W 25Y 311P 199N 140L 34E 110W 201K,209;92;112;56;43;25;311;199;140;34;110;201
5_504_CntA#134,5_504_CntA,2,0,209E 92L 112Y 56G 43W 25Y 311P 199N 140L 34E 110W 201K,209;92;112;56;43;25;311;199;140;34;110;201
5_504_CntA#135,5_504_CntA,2,1,209E 92L 112W 56G 43W 25Y 311P 199N 140L 34E 110W 201K,209;92;112;56;43;25;311;199;140;34;110;201
5_504_CntA#136,5_504_CntA,2,3,209D 92V 112Y 56G 43W 25Y 311A 199N 140L 34E 110W 201K,209;92;112;56;43;25;311;199;140;34;110;201
5_504_CntA#137,5_504_CntA,2,3,209D 92V 112Y 56G 43W 25Y 311A 199N 140L 34E 110W 201K,209;92;112;56;43;25;311;199;140;34;110;201
5_504_CntA#138,5_504_CntA,2,3,209D 92V 112Y 56G 43W 25Y 311A 199N 140L 34E 110W 201K,209;92;112;56;43;25;311;199;140;34;110;201
5_504_CntA#139,5_504_CntA,2,4,209D 92V 112Y 56G 43W 25Y 311A 199S 140L 34E 110W 201K,209;92;112;56;43;25;311;199;140;34;110;201
5_504_CntA#140,5_504_CntA,2,2,209D 92V 112Y 56G 43W 25Y 311P 199N 140L 34E 110W 201K,209;92;112;56;43;25;311;199;140;34;110;201
5_504_CntA#141,5_504_CntA,2,0,209E 92L 112Y 56G 43W 25Y 311P 199N 140L 34E 110W 201K,209;92;112;56;43;25;311;199;140;34;110;201
5_504_CntA#142,5_504_CntA,2,0,209E 92L 112Y 56G 43W 25Y 311P 199N 140L 34E 110W 201K,209;92;112;56;43;25;311;199;140;34;110;201
5_504_CntA#143,5_504_CntA,2,0,209E 92L 112Y 56G 43W 25Y 311P 199N 140L 34E 110W 201K,209;92;112;56;43;25;311;199;140;34;110;201
5_504_CntA#144,5_504_CntA,2,0,209E 92L 112Y 56G 43W 25Y 311P 199N 140L 34E 110W 201K,209;92;112;56;43;25;311;199;140;34;110;201
5_504_CntA#145,5_504_CntA,2,2,209E 92F 112W 56G 43W 25Y 311P 199N 140L 34E 110W 201K,209;92;112;56;43;25;311;199;140;34;110;201
5_504_CntA#146,5_504_CntA,1,2,209C 92L 112Y 56G 43W 25- 311P 199N 140L 34E 110W 201K,209;92;112;56;43;25;311;199;140;34;110;201
5_504_CntA#147,5_504_CntA,1,2,209E 92V 112Y 56G 43W 25Y 311- 199N 140L 34E 110W 201K,209;92;112;56;43;25;311;199;140;34;110;201
5_504_CntA#148,5_504_CntA,1,0,209E 92L 112Y 56G 43W 25Y 311P 199N 140L 34E 110W 201K,209;92;112;56;43;25;311;199;140;34;110;201
5_504_CntA#149,5_504_CntA,1,2,209C 92V 112Y 56G 43W 25Y 311P 199N 140L 34E 110W 201K,209;92;112;56;43;25;311;199;140;34;110;201
5_504_CntA#150,5_504_CntA,1,3,209C 92V 112Y 56G 43W 25F 311P 199N 140L 34E 110W 201K,209;92;112;56;43;25;311;199;140;34;110;201
5_504_CntA#151,5_504_CntA,1,3,209C 92V 112Y 56G 43W 25W 311P 199N 140L 34E 110W 201K,209;92;112;56;43;25;311;199;140;34;110;201
5_504_CntA#152,5_504_CntA,1,2,209C 92V 112Y 56G 43W 25Y 311P 199N 140L 34E 110W 201K,209;92;112;56;43;25;311;199;140;34;110;201
5_504_CntA#153,5_504_CntA,1,2,209C 92V 112Y 56G 43W 25Y 311P 199N 140L 34E 110W 201K,209;92;112;56;43;25;311;199;140;34;110;201
5_504_CntA#154,5_504_CntA,1,2,209C 92V 112Y 56G 43W 25Y 311P 199N 140L 34E 110W 201K,209;92;112;56;43;25;311;199;140;34;110;201
5_504_CntA#155,5_504_CntA,1,2,209C 92V 112Y 56G 43W 25Y 311P 199N 140L 34E 110W 201K,209;92;112;56;43;25;311;199;140;34;110;201
5_504_CntA#156,5_504_CntA,1,2,209C 92V 112Y 56G 43W 25Y 311P 199N 140L 34E 110W 201K,209;92;112;56;43;25;311;199;140;34;110;201
5_504_CntA#157,5_504_CntA,1,2,209C 92V 112Y 56G 43W 25Y 311P 199N 140L 34E 110W 201K,209;92;112;56;43;25;311;199;140;34;110;201
5_504_CntA#158,5_504_CntA,1,2,209E 92L 112F 56G 43W 25- 311P 199N 140L 34E 110W 201K,209;92;112;56;43;25;311;199;140;34;110;201
5_504_CntA#159,5_504_CntA,1,2,209E 92L 112Y 56G 43P 25Y 311M 199N 140L 34E 110W 201K,209;92;112;56;43;25;311;199;140;34;110;201
5_504_CntA#160,5_504_CntA,1,2,209E 92L 112Y 56K 43W 25- 311P 199N 140L 34E 110W 201K,209;92;112;56;43;25;311;199;140;34;110;201
5_504_CntA#161,5_504_CntA,1,3,209E 92L 112F 56G 43T 25F 311P 199N 140L 34E 110W 201K,209;92;112;56;43;25;311;199;140;34;110;201
5_504_CntA#162,5_504_CntA,1,2,209E 92I 112F 56G 43W 25Y 311P 199N 140L 34E 110W 201K,209;92;112;56;43;25;311;199;140;34;110;201
5_504_CntA#163,5_504_CntA,1,4,209D 92L 112Y 56G 43W 25Y 311P 199S 140L 34M 110W 201P,209;92;112;56;43;25;311;199;140;34;110;201
5_504_CntA#164,5_504_CntA,1,1,209E 92I 112Y 56G 43W 25Y 311P 199N 140L 34E 110W 201K,209;92;112;56;43;25;311;199;140;34;110;201
5_504_CntA#165,5_504_CntA,1,3,209C 92I 112Y 56N 43W 25Y 311P 199N 140L 34E 110W 201K,209;92;112;56;43;25;311;199;140;34;110;201
5_504_CntA#166,5_504_CntA,1,3,209E 92I 112W 56G 43W 25Y 311P 199N 140L 34E 110F 201K,209;92;112;56;43;25;311;199;140;34;110;201
5_504_CntA#167,5_504_CntA,1,3,209E 92V 112Y 56R 43P 25Y 311P 199N 140L 34E 110W 201K,209;92;112;56;43;25;311;199;140;34;110;201
5_504_CntA#168,5_504_CntA,1,1,209E 92V 112Y 56G 43W 25Y 311P 199N 140L 34E 110W 201K,209;92;112;56;43;25;311;199;140;34;110;201
5_504_CntA#169,5_504_CntA,1,1,209E 92L 112F 56G 43W 25Y 311P 199N 140L 34E 110W 201K,209;92;112;56;43;25;311;199;140;34;110;201
5_504_CntA#170,5_504_CntA,1,3,209E 92L 112W 56R 43W 25Y 311P 199N 140L 34E 110F 201K,209;92;112;56;43;25;311;199;140;34;110;201
5_504_CntA#171,5_504_CntA,1,3,209E 92L 112W 56G 43W 25Y 311R 199N 140L 34E 110I 201K,209;92;112;56;43;25;311;199;140;34;110;201
5_504_CntA#172,5_504_CntA,1,2,209E 92L 112F 56G 43W 25- 311P 199N 140L 34E 110W 201K,209;92;112;56;43;25;311;199;140;34;110;201
5_504_CntA#173,5_504_CntA,1,1,209E 92V 112Y 56G 43W 25Y 311P 199N 140L 34E 110W 201K,209;92;112;56;43;25;311;199;140;34;110;201
5_504_CntA#174,5_504_CntA,1,1,209E 92L 112Y 56G 43P 25Y 311P 199N 140L 34E 110W 201K,209;92;112;56;43;25;311;199;140;34;110;201
5_504_CntA#175,5_504_CntA,1,2,209D 92L 112Y 56G 43P 25Y 311P 199N 140L 34E 110W 201K,209;92;112;56;43;25;311;199;140;34;110;201
5_504_CntA#176,5_504_CntA,1,1,209E 92L 112Y 56G 43P 25Y 311P 199N 140L 34E 110W 201K,209;92;112;56;43;25;311;199;140;34;110;201
5_504_CntA#177,5_504_CntA,1,2,209C 92L 112F 56G 43W 25Y 311P 199N 140L 34E 110W 201K,209;92;112;56;43;25;311;199;140;34;110;201
5_504_CntA#178,5_504_CntA,1,5,209E 92F 112Y 56G 43W 25- 311P 199D 140L 34Q 110W 201R,209;92;112;56;43;25;311;199;140;34;110;201
5_504_CntA#179,5_504_CntA,1,0,209E 92L 112Y 56G 43W 25Y 311P 199N 140L 34E 110W 201K,209;92;112;56;43;25;311;199;140;34;110;201
5_504_CntA#180,5_504_CntA,1,2,209C 92V 112Y 56G 43W 25Y 311P 199N 140L 34E 110W 201K,209;92;112;56;43;25;311;199;140;34;110;201
5_504_CntA#181,5_504_CntA,1,3,209D 92V 112F 56G 43W 25Y 311P 199N 140L 34E 110W 201K,209;92;112;56;43;25;311;199;140;34;110;201
5_504_CntA#182,5_504_CntA,1,2,209E 92V 112Y 56G 43W 25F 311P 199N 140L 34E 110W 201K,209;92;112;56;43;25;311;199;140;34;110;201
5_504_CntA#183,5_504_CntA,1,2,209E 92V 112Y 56G 43P 25Y 311P 199N 140L 34E 110W 201K,209;92;112;56;43;25;311;199;140;34;110;201
5_504_CntA#184,5_504_CntA,1,1,209E 92L 112W 56G 43W 25Y 311P 199N 140L 34E 110W 201K,209;92;112;56;43;25;311;199;140;34;110;201
5_504_CntA#185,5_504_CntA,1,2,209E 92V 112Y 56G 43W 25Y 311- 199N 140L 34E 110W 201K,209;92;112;56;43;25;311;199;140;34;110;201
5_504_CntA#186,5_504_CntA,1,1,209E 92V 112Y 56G 43W 25Y 311P 199N 140L 34E 110W 201K,209;92;112;56;43;25;311;199;140;34;110;201
5_504_CntA#187,5_504_CntA,1,1,209D 92L 112Y 56G 43W 25Y 311P 199N 140L 34E 110W 201K,209;92;112;56;43;25;311;199;140;34;110;201
5_504_CntA#188,5_504_CntA,1,1,209E 92L 112Y 56G 43L 25Y 311P 199N 140L 34E 110W 201K,209;92;112;56;43;25;311;199;140;34;110;201
5_504_CntA#189,5_504_CntA,1,6,209E 92I 112Y 56R 43W 25- 311P 199D 140L 34A 110W 201R,209;92;112;56;43;25;311;199;140;34;110;201
5_504_CntA#190,5_504_CntA,1,2,209E 92L 112F 56G 43W 25Y 311- 199N 140L 34E 110W 201K,209;92;112;56;43;25;311;199;140;34;110;201
5_504_CntA#191,5_504_CntA,1,1,209E 92M 112Y 56G 43W 25Y 311P 199N 140L 34E 110W 201K,209;92;112;56;43;25;311;199;140;34;110;201
5_504_CntA#192,5_504_CntA,1,4,209E 92V 112Y 56G 43W 25- 311P 199N 140L 34V 110W 201N,209;92;112;56;43;25;311;199;140;34;110;201
5_504_CntA#193,5_504_CntA,1,3,209C 92L 112F 56G 43W 25Y 311P 199N 140L 34E 110W 201R,209;92;112;56;43;25;311;199;140;34;110;201
5_504_CntA#194,5_504_CntA,1,1,209E 92L 112W 56G 43W 25Y 311P 199N 140L 34E 110W 201K,209;92;112;56;43;25;311;199;140;34;110;201
5_504_CntA#195,5_504_CntA,1,1,209E 92L 112W 56G 43W 25Y 311P 199N 140L 34E 110W 201K,209;92;112;56;43;25;311;199;140;34;110;201
5_504_CntA#196,5_504_CntA,1,3,209C 92I 112Y 56N 43W 25Y 311P 199N 140L 34E 110W 201K,209;92;112;56;43;25;311;199;140;34;110;201
5_504_CntA#197,5_504_CntA,1,3,209D 92L 112F 56G 43P 25Y 311P 199N 140L 34E 110W 201K,209;92;112;56;43;25;311;199;140;34;110;201
5_504_CntA#198,5_504_CntA,1,1,209E 92L 112F 56G 43W 25Y 311P 199N 140L 34E 110W 201K,209;92;112;56;43;25;311;199;140;34;110;201
5_504_CntA#199,5_504_CntA,1,1,209E 92V 112Y 56G 43W 25Y 311P 199N 140L 34E 110W 201K,209;92;112;56;43;25;311;199;140;34;110;201
5_504_CntA#200,5_504_CntA,1,2,209E 92L 112F 56G 43P 25Y 311P 199N 140L 34E 110W 201K,209;92;112;56;43;25;311;199;140;34;110;201
5_504_CntA#201,5_504_CntA,1,3,209E 92V 112F 56G 43W 25F 311P 199N 140L 34E 110W 201K,209;92;112;56;43;25;311;199;140;34;110;201
5_504_CntA#202,5_504_CntA,1,0,209E 92L 112Y 56G 43W 25Y 311P 199N 140L 34E 110W 201K,209;92;112;56;43;25;311;199;140;34;110;201
5_504_CntA#203,5_504_CntA,1,2,209C 92V 112Y 56G 43W 25Y 311P 199N 140L 34E 110W 201K,209;92;112;56;43;25;311;199;140;34;110;201
5_504_CntA#204,5_504_CntA,1,1,209E 92V 112Y 56G 43W 25Y 311P 199N 140L 34E 110W 201K,209;92;112;56;43;25;311;199;140;34;110;201
5_504_CntA#205,5_504_CntA,1,4,209C 92V 112F 56G 43W 25Y 311P 199N 140M 34E 110W 201K,209;92;112;56;43;25;311;199;140;34;110;201
5_504_CntA#206,5_504_CntA,1,0,209E 92L 112Y 56G 43W 25Y 311P 199N 140L 34E 110W 201K,209;92;112;56;43;25;311;199;140;34;110;201
5_504_CntA#207,5_504_CntA,1,2,209C 92M 112Y 56G 43W 25Y 311P 199N 140L 34E 110W 201K,209;92;112;56;43;25;311;199;140;34;110;201
5_504_CntA#208,5_504_CntA,1,0,209E 92L 112Y 56G 43W 25Y 311P 199N 140L 34E 110W 201K,209;92;112;56;43;25;311;199;140;34;110;201
5_504_CntA#209,5_504_CntA,1,2,209E 92L 112F 56G 43W 25I 311P 199N 140L 34E 110W 201K,209;92;112;56;43;25;311;199;140;34;110;201
5_504_CntA#210,5_504_CntA,1,1,209E 92L 112F 56G 43W 25Y 311P 199N 140L 34E 110W 201K,209;92;112;56;43;25;311;199;140;34;110;201
5_504_CntA#211,5_504_CntA,1,6,209E 92I 112Y 56G 43W 25- 311P 199Y 140F 34- 110W 201P,209;92;112;56;43;25;311;199;140;34;110;201
5_504_CntA#212,5_504_CntA,1,1,209E 92L 112Y 56G 43W 25Y 311I 199N 140L 34E 110W 201K,209;92;112;56;43;25;311;199;140;34;110;201
5_504_CntA#213,5_504_CntA,1,2,209E 92L 112F 56G 43W 25Y 311P 199N 140M 34E 110W 201K,209;92;112;56;43;25;311;199;140;34;110;201
5_504_CntA#214,5_504_CntA,1,3,209E 92I 112F 56G 43W 25F 311P 199N 140L 34E 110W 201K,209;92;112;56;43;25;311;199;140;34;110;201
5_504_CntA#215,5_504_CntA,1,1,209E 92L 112Y 56G 43P 25Y 311P 199N 140L 34E 110W 201K,209;92;112;56;43;25;311;199;140;34;110;201
5_504_CntA#216,5_504_CntA,1,1,209D 92L 112Y 56G 43W 25Y 311P 199N 140L 34E 110W 201K,209;92;112;56;43;25;311;199;140;34;110;201
5_504_CntA#217,5_504_CntA,1,4,209E 92L 112F 56N 43P 25F 311P 199N 140L 34E 110W 201K,209;92;112;56;43;25;311;199;140;34;110;201
5_504_CntA#218,5_504_CntA,1,1,209E 92L 112Y 56G 43W 25Y 311V 199N 140L 34E 110W 201K,209;92;112;56;43;25;311;199;140;34;110;201
5_504_CntA#219,5_504_CntA,1,1,209E 92L 112Y 56G 43W 25Y 311- 199N 140L 34E 110W 201K,209;92;112;56;43;25;311;199;140;34;110;201
5_504_CntA#220,5_504_CntA,1,2,209D 92L 112W 56G 43W 25Y 311P 199N 140L 34E 110W 201K,209;92;112;56;43;25;311;199;140;34;110;201
5_504_CntA#221,5_504_CntA,1,2,209D 92L 112Y 56G 43P 25Y 311P 199N 140L 34E 110W 201K,209;92;112;56;43;25;311;199;140;34;110;201
5_504_CntA#222,5_504_CntA,1,3,209D 92I 112Y 56G 43W 25C 311P 199N 140L 34E 110W 201K,209;92;112;56;43;25;311;199;140;34;110;201
5_504_CntA#223,5_504_CntA,1,3,209E 92V 112Y 56G 43W 25Y 311V 199N 140M 34E 110W 201K,209;92;112;56;43;25;311;199;140;34;110;201
5_504_CntA#224,5_504_CntA,1,1,209E 92I 112Y 56G 43W 25Y 311P 199N 140L 34E 110W 201K,209;92;112;56;43;25;311;199;140;34;110;201
5_504_CntA#225,5_504_CntA,1,3,209D 92M 112Y 56G 43P 25Y 311P 199N 140L 34E 110W 201K,209;92;112;56;43;25;311;199;140;34;110;201
5_504_CntA#226,5_504_CntA,1,2,209D 92I 112Y 56G 43W 25Y 311P 199N 140L 34E 110W 201K,209;92;112;56;43;25;311;199;140;34;110;201
5_504_CntA#227,5_504_CntA,1,2,209C 92I 112Y 56G 43W 25Y 311P 199N 140L 34E 110W 201K,209;92;112;56;43;25;311;199;140;34;110;201
5_504_CntA#228,5_504_CntA,1,1,209E 92L 112Y 56N 43W 25Y 311P 199N 140L 34E 110W 201K,209;92;112;56;43;25;311;199;140;34;110;201
5_504_CntA#229,5_504_CntA,1,0,209E 92L 112Y 56G 43W 25Y 311P 199N 140L 34E 110W 201K,209;92;112;56;43;25;311;199;140;34;110;201
5_504_CntA#230,5_504_CntA,1,4,209E 92I 112Y 56G 43P 25- 311P 199N 140L 34- 110W 201K,209;92;112;56;43;25;311;199;140;34;110;201
5_504_CntA#231,5_504_CntA,1,4,209E 92V 112Y 56G 43P 25Y 311P 199D 140L 34A 110W 201K,209;92;112;56;43;25;311;199;140;34;110;201
5_504_CntA#232,5_504_CntA,1,1,209E 92L 112Y 56A 43W 25Y 311P 199N 140L 34E 110W 201K,209;92;112;56;43;25;311;199;140;34;110;201
5_504_CntA#233,5_504_CntA,1,0,209E 92L 112Y 56G 43W 25Y 311P 199N 140L 34E 110W 201K,209;92;112;56;43;25;311;199;140;34;110;201
5_504_CntA#234,5_504_CntA,1,0,209E 92L 112Y 56G 43W 25Y 311P 199N 140L 34E 110W 201K,209;92;112;56;43;25;311;199;140;34;110;201
1_104_VanA#0,1_104_VanA,407,7,121M 86P 155W 216V 103L 154V 41N 118T 81V 52I 205D 101G,121;86;155;216;103;154;41;118;81;52;205;101
1_104_VanA#1,1_104_VanA,107,3,121V 86P 155W 216L 103V 154L 41N 118V 81L 52V 205D 101G,121;86;155;216;103;154;41;118;81;52;205;101
1_104_VanA#2,1_104_VanA,102,8,121M 86A 155W 216T 103I 154I 41N 118C 81V 52L 205D 101G,121;86;155;216;103;154;41;118;81;52;205;101
1_104_VanA#3,1_104_VanA,97,5,121V 86P 155W 216L 103I 154L 41G 118V 81L 52V 205E 101D,121;86;155;216;103;154;41;118;81;52;205;101
1_104_VanA#4,1_104_VanA,81,3,121V 86P 155W 216L 103V 154I 41D 118V 81L 52V 205D 101D,121;86;155;216;103;154;41;118;81;52;205;101
1_104_VanA#5,1_104_VanA,29,4,121M 86W 155W 216V 103V 154L 41N 118C 81L 52V 205D 101D,121;86;155;216;103;154;41;118;81;52;205;101
1_104_VanA#6,1_104_VanA,28,4,121M 86W 155W 216V 103I 154V 41N 118C 81L 52V 205D 101D,121;86;155;216;103;154;41;118;81;52;205;101
1_104_VanA#7,1_104_VanA,26,8,121V 86A 155F 216H 103L 154V 41D 118C 81L 52L 205E 101E,121;86;155;216;103;154;41;118;81;52;205;101
1_104_VanA#8,1_104_VanA,20,5,121M 86W 155W 216V 103V 154I 41N 118C 81L 52I 205D 101D,121;86;155;216;103;154;41;118;81;52;205;101
1_104_VanA#9,1_104_VanA,14,6,121I 86P 155F 216V 103V 154V 41D 118C 81L 52L 205V 101D,121;86;155;216;103;154;41;118;81;52;205;101
1_104_VanA#10,1_104_VanA,13,2,121V 86V 155W 216L 103I 154V 41N 118C 81L 52V 205D 101D,121;86;155;216;103;154;41;118;81;52;205;101
1_104_VanA#11,1_104_VanA,12,4,121V 86P 155Y 216L 103L 154L 41N 118V 81L 52V 205D 101D,121;86;155;216;103;154;41;118;81;52;205;101
1_104_VanA#12,1_104_VanA,12,5,121M 86W 155W 216V 103V 154I 41N 118C 81L 52I 205D 101D,121;86;155;216;103;154;41;118;81;52;205;101
1_104_VanA#13,1_104_VanA,11,6,121V 86P 155F 216L 103L 154L 41D 118V 81L 52L 205D 101D,121;86;155;216;103;154;41;118;81;52;205;101
1_104_VanA#14,1_104_VanA,11,4,121M 86W 155W 216V 103V 154I 41N 118C 81L 52V 205D 101D,121;86;155;216;103;154;41;118;81;52;205;101
1_104_VanA#15,1_104_VanA,10,2,121V 86V 155W 216L 103V 154V 41N 118C 81M 52V 205D 101D,121;86;155;216;103;154;41;118;81;52;205;101
1_104_VanA#16,1_104_VanA,10,5,121V 86P 155Y 216L 103I 154L 41D 118V 81L 52V 205D 101D,121;86;155;216;103;154;41;118;81;52;205;101
1_104_VanA#17,1_104_VanA,9,6,121V 86P 155Y 216L 103I 154V 41G 118V 81I 52V 205D 101G,121;86;155;216;103;154;41;118;81;52;205;101
1_104_VanA#18,1_104_VanA,9,4,121M 86W 155W 216V 103I 154V 41N 118C 81L 52V 205D 101D,121;86;155;216;103;154;41;118;81;52;205;101
1_104_VanA#19,1_104_VanA,9,4,121M 86W 155W 216V 103V 154I 41N 118C 81L 52V 205D 101D,121;86;155;216;103;154;41;118;81;52;205;101
1_104_VanA#20,1_104_VanA,8,6,121M 86P 155W 216V 103I 154I 41N 118A 81M 52V 205D 101D,121;86;155;216;103;154;41;118;81;52;205;101
1_104_VanA#21,1_104_VanA,8,5,121V 86P 155Y 216L 103L 154L 41N 118V 81L 52L 205D 101D,121;86;155;216;103;154;41;118;81;52;205;101
1_104_VanA#22,1_104_VanA,7,6,121V 86P 155Y 216L 103L 154L 41D 118V 81L 52I 205D 101D,121;86;155;216;103;154;41;118;81;52;205;101
1_104_VanA#23,1_104_VanA,6,4,121M 86P 155W 216V 103L 154V 41N 118C 81L 52I 205D 101D,121;86;155;216;103;154;41;118;81;52;205;101
1_104_VanA#24,1_104_VanA,6,8,121I 86P 155Y 216V 103I 154V 41K 118C 81L 52L 205M 101N,121;86;155;216;103;154;41;118;81;52;205;101
1_104_VanA#25,1_104_VanA,6,2,121V 86P 155W 216L 103V 154L 41N 118V 81L 52V 205D 101D,121;86;155;216;103;154;41;118;81;52;205;101
1_104_VanA#26,1_104_VanA,5,9,121L 86P 155H 216V 103I 154V 41- 118C 81I 52L 205E 101G,121;86;155;216;103;154;41;118;81;52;205;101
1_104_VanA#27,1_104_VanA,5,5,121V 86P 155F 216H 103L 154L 41N 118C 81L 52V 205E 101D,121;86;155;216;103;154;41;118;81;52;205;101
1_104_VanA#28,1_104_VanA,5,5,121I 86P 155F 216L 103L 154V 41N 118C 81L 52L 205E 101D,121;86;155;216;103;154;41;118;81;52;205;101
1_104_VanA#29,1_104_VanA,5,4,121V 86P 155Y 216L 103I 154L 41N 118V 81L 52V 205D 101D,121;86;155;216;103;154;41;118;81;52;205;101
1_104_VanA#30,1_104_VanA,5,4,121V 86P 155W 216L 103V 154I 41D 118V 81L 52V 205D 101N,121;86;155;216;103;154;41;118;81;52;205;101
1_104_VanA#31,1_104_VanA,5,5,121M 86W 155W 216V 103V 154L 41N 118C 81L 52I 205D 101D,121;86;155;216;103;154;41;118;81;52;205;101
1_104_VanA#32,1_104_VanA,4,9,121L 86P 155H 216V 103I 154V 41- 118C 81I 52L 205E 101G,121;86;155;216;103;154;41;118;81;52;205;101
1_104_VanA#33,1_104_VanA,4,5,121V 86V 155F 216L 103V 154V 41D 118C 81M 52I 205D 101D,121;86;155;216;103;154;41;118;81;52;205;101
1_104_VanA#34,1_104_VanA,4,5,121M 86W 155W 216V 103V 154L 41N 118C 81L 52I 205D 101D,121;86;155;216;103;154;41;118;81;52;205;101
1_104_VanA#35,1_104_VanA,3,6,121V 86P 155F 216L 103L 154L 41D 118V 81L 52L 205D 101D,121;86;155;216;103;154;41;118;81;52;205;101
1_104_VanA#36,1_104_VanA,3,6,121V 86P 155W 216L 103L 154I 41N 118C 81V 52I 205E 101G,121;86;155;216;103;154;41;118;81;52;205;101
1_104_VanA#37,1_104_VanA,3,3,121V 86V 155F 216L 103V 154V 41N 118C 81M 52V 205D 101D,121;86;155;216;103;154;41;118;81;52;205;101
1_104_VanA#38,1_104_VanA,2,8,121I 86C 155W 216V 103I 154F 41N 118T 81I 52V 205E 101D,121;86;155;216;103;154;41;118;81;52;205;101
1_104_VanA#39,1_104_VanA,2,8,121- 86P 155Y 216V 103I 154I 41K 118C 81L 52V 205S 101G,121;86;155;216;103;154;41;118;81;52;205;101
1_104_VanA#40,1_104_VanA,2,11,121A 86P 155Y 216V 103I 154L 41Q 118D 81A 52L 205C 101E,121;86;155;216;103;154;41;118;81;52;205;101
1_104_VanA#41,1_104_VanA,2,3,121V 86V 155W 216L 103V 154V 41N 118C 81M 52I 205D 101D,121;86;155;216;103;154;41;118;81;52;205;101
1_104_VanA#42,1_104_VanA,2,2,121V 86V 155W 216L 103I 154V 41N 118C 81L 52V 205D 101D,121;86;155;216;103;154;41;118;81;52;205;101
1_104_VanA#43,1_104_VanA,2,7,121- 86P 155K 216N 103L 154V 41D 118G 81L 52L 205D 101D,121;86;155;216;103;154;41;118;81;52;205;101
1_104_VanA#44,1_104_VanA,2,6,121V 86P 155W 216L 103L 154L 41N 118M 81I 52V 205E 101S,121;86;155;216;103;154;41;118;81;52;205;101
1_104_VanA#45,1_104_VanA,2,5,121I 86P 155W 216L 103V 154V 41E 118I 81I 52L 205D 101D,121;86;155;216;103;154;41;118;81;52;205;101
1_104_VanA#46,1_104_VanA,2,5,121M 86W 155W 216V 103V 154I 41N 118C 81L 52L 205D 101D,121;86;155;216;103;154;41;118;81;52;205;101
1_104_VanA#47,1_104_VanA,2,4,121M 86W 155W 216V 103V 154V 41N 118C 81L 52I 205D 101D,121;86;155;216;103;154;41;118;81;52;205;101
1_104_VanA#48,1_104_VanA,2,3,121M 86W 155W 216V 103V 154V 41N 118C 81L 52V 205D 101D,121;86;155;216;103;154;41;118;81;52;205;101
1_104_VanA#49,1_104_VanA,1,7,121V 86P 155F 216L 103V 154L 41N 118L 81V 52L 205E 101T,121;86;155;216;103;154;41;118;81;52;205;101
1_104_VanA#50,1_104_VanA,1,5,121V 86P 155F 216L 103V 154L 41N 118L 81L 52V 205E 101T,121;86;155;216;103;154;41;118;81;52;205;101
1_104_VanA#51,1_104_VanA,1,5,121I 86P 155W 216L 103L 154V 41K 118C 81L 52L 205E 101D,121;86;155;216;103;154;41;118;81;52;205;101
1_104_VanA#52,1_104_VanA,1,7,121V 86P 155W 216A 103L 154V 41Q 118C 81F 52L 205E 101G,121;86;155;216;103;154;41;118;81;52;205;101
1_104_VanA#53,1_104_VanA,1,8,121M 86A 155W 216T 103L 154V 41N 118C 81V 52L 205E 101G,121;86;155;216;103;154;41;118;81;52;205;101
1_104_VanA#54,1_104_VanA,1,8,121I 86P 155W 216A 103L 154V 41R 118C 81F 52L 205E 101G,121;86;155;216;103;154;41;118;81;52;205;101
1_104_VanA#55,1_104_VanA,1,6,121I 86P 155W 216L 103L 154V 41S 118C 81L 52L 205E 101G,121;86;155;216;103;154;41;118;81;52;205;101
1_104_VanA#56,1_104_VanA,1,8,121I 86P 155Y 216T 103L 154V 41A 118C 81V 52V 205E 101G,121;86;155;216;103;154;41;118;81;52;205;101
1_104_VanA#57,1_104_VanA,1,7,121I 86P 155W 216L 103L 154V 41A 118C 81M 52L 205E 101G,121;86;155;216;103;154;41;118;81;52;205;101
1_104_VanA#58,1_104_VanA,1,10,121I 86V 155Y 216V 103V 154I 41E 118V 81L 52L 205Q 101G,121;86;155;216;103;154;41;118;81;52;205;101
1_104_VanA#59,1_104_VanA,1,4,121I 86P 155F 216L 103V 154V 41N 118C 81L 52V 205A 101G,121;86;155;216;103;154;41;118;81;52;205;101
1_104_VanA#60,1_104_VanA,1,8,121V 86V 155W 216I 103L 154I 41E 118C 81V 52L 205D 101G,121;86;155;216;103;154;41;118;81;52;205;101
1_104_VanA#61,1_104_VanA,1,8,121M 86P 155W 216A 103L 154L 41N 118C 81Q 52I 205E 101G,121;86;155;216;103;154;41;118;81;52;205;101
1_104_VanA#62,1_104_VanA,1,7,121L 86P 155W 216V 103I 154I 41N 118C 81M 52V 205E 101G,121;86;155;216;103;154;41;118;81;52;205;101
1_104_VanA#63,1_104_VanA,1,4,121A 86P 155W 216V 103I 154V 41N 118C 81L 52I 205D 101D,121;86;155;216;103;154;41;118;81;52;205;101
1_104_VanA#64,1_104_VanA,1,8,121I 86P 155Y 216V 103L 154V 41S 118C 81L 52L 205E 101G,121;86;155;216;103;154;41;118;81;52;205;101
1_104_VanA#65,1_104_VanA,1,7,121K 86P 155F 216V 103L 154V 41R 118C 81L 52L 205A 101D,121;86;155;216;103;154;41;118;81;52;205;101
1_104_VanA#66,1_104_VanA,1,8,121- 86P 155K 216T 103L 154L 41- 118V 81L 52L 205D 101D,121;86;155;216;103;154;41;118;81;52;205;101
1_104_VanA#67,1_104_VanA,1,6,121V 86P 155Y 216V 103V 154I 41N 118C 81I 52I 205E 101D,121;86;155;216;103;154;41;118;81;52;205;101
1_104_VanA#68,1_104_VanA,1,4,121A 86P 155W 216L 103I 154I 41N 118C 81L 52V 205E 101D,121;86;155;216;103;154;41;118;81;52;205;101
1_104_VanA#69,1_104_VanA,1,5,121I 86P 155W 216L 103I 154A 41N 118S 81L 52V 205E 101D,121;86;155;216;103;154;41;118;81;52;205;101
1_104_VanA#70,1_104_VanA,1,10,121- 86P 155Y 216T 103I 154S 41- 118T 81L 52L 205L 101S,121;86;155;216;103;154;41;118;81;52;205;101
1_104_VanA#71,1_104_VanA,1,3,121V 86V 155W 216L 103I 154V 41N 118C 81L 52I 205D 101D,121;86;155;216;103;154;41;118;81;52;205;101
1_104_VanA#72,1_104_VanA,1,3,121V 86V 155W 216L 103V 154V 41D 118C 81M 52V 205D 101D,121;86;155;216;103;154;41;118;81;52;205;101
1_104_VanA#73,1_104_VanA,1,8,121V 86A 155F 216H 103V 154L 41N 118L 81V 52L 205D 101C,121;86;155;216;103;154;41;118;81;52;205;101
1_104_VanA#74,1_104_VanA,1,7,121M 86P 155F 216V 103L 154M 41N 118C 81L 52V 205E 101G,121;86;155;216;103;154;41;118;81;52;205;101
1_104_VanA#75,1_104_VanA,1,4,121V 86P 155Y 216L 103I 154L 41N 118V 81L 52V 205D 101D,121;86;155;216;103;154;41;118;81;52;205;101
1_104_VanA#76,1_104_VanA,1,5,121V 86P 155Y 216L 103L 154L 41D 118V 81L 52V 205D 101D,121;86;155;216;103;154;41;118;81;52;205;101
1_104_VanA#77,1_104_VanA,1,5,121V 86P 155W 216L 103L 154L 41Q 118V 81V 52V 205D 101D,121;86;155;216;103;154;41;118;81;52;205;101
1_104_VanA#78,1_104_VanA,1,5,121V 86P 155Y 216L 103L 154V 41S 118V 81I 52V 205D 101D,121;86;155;216;103;154;41;118;81;52;205;101
1_104_VanA#79,1_104_VanA,1,8,121T 86A 155W 216L 103L 154I 41K 118C 81F 52I 205E 101D,121;86;155;216;103;154;41;118;81;52;205;101
1_104_VanA#80,1_104_VanA,1,4,121M 86W 155W 216V 103V 154V 41N 118C 81L 52I 205D 101D,121;86;155;216;103;154;41;118;81;52;205;101
1_104_VanA#81,1_104_VanA,1,4,121M 86W 155W 216V 103V 154V 41N 118C 81L 52I 205D 101D,121;86;155;216;103;154;41;118;81;52;205;101
1_104_VanA#82,1_104_VanA,1,4,121M 86W 155W 216V 103V 154V 41N 118C 81L 52I 205D 101D,121;86;155;216;103;154;41;118;81;52;205;101
1_104_VanA#83,1_104_VanA,1,5,121M 86W 155W 216V 103I 154V 41N 118A 81L 52V 205D 101D,121;86;155;216;103;154;41;118;81;52;205;101
1_104_VanA#84,1_104_VanA,1,4,121M 86W 155W 216V 103V 154I 41N 118C 81L 52V 205D 101D,121;86;155;216;103;154;41;118;81;52;205;101
1_104_VanA#85,1_104_VanA,1,3,121M 86W 155W 216V 103V 154V 41N 118C 81L 52V 205D 101D,121;86;155;216;103;154;41;118;81;52;205;101
1_104_VanA#86,1_104_VanA,1,5,121M 86W 155W 216V 103V 154I 41N 118C 81M 52V 205D 101D,121;86;155;216;103;154;41;118;81;52;205;101
5_506_Stc2#0,5_506_Stc2,94,6,92L 153W 209E 152A 103L 354Q 34E 20L 80A 365A 112Y 291P,92;153;209;152;103;354;34;20;80;365;112;291
5_506_Stc2#1,5_506_Stc2,77,2,92L 153F 209C 152I 103I 354Q 34D 20L 80A 365G 112Y 291P,92;153;209;152;103;354;34;20;80;365;112;291
5_506_Stc2#2,5_506_Stc2,75,2,92V 153F 209C 152I 103L 354Q 34D 20L 80A 365G 112Y 291P,92;153;209;152;103;354;34;20;80;365;112;291
5_506_Stc2#3,5_506_Stc2,56,2,92V 153F 209C 152I 103L 354Q 34D 20L 80A 365G 112Y 291P,92;153;209;152;103;354;34;20;80;365;112;291
5_506_Stc2#4,5_506_Stc2,39,4,92V 153Y 209C 152I 103L 354Q 34D 20L 80A 365G 112F 291P,92;153;209;152;103;354;34;20;80;365;112;291
5_506_Stc2#5,5_506_Stc2,38,4,92L 153Y 209C 152I 103L 354Q 34D 20L 80V 365G 112Y 291G,92;153;209;152;103;354;34;20;80;365;112;291
5_506_Stc2#6,5_506_Stc2,29,4,92V 153F 209C 152V 103F 354E 34D 20L 80A 365G 112Y 291L,92;153;209;152;103;354;34;20;80;365;112;291
5_506_Stc2#7,5_506_Stc2,25,6,92L 153F 209E 152V 103L 354Q 34E 20V 80A 365G 112W 291P,92;153;209;152;103;354;34;20;80;365;112;291
5_506_Stc2#8,5_506_Stc2,23,2,92V 153F 209C 152I 103L 354Q 34D 20L 80A 365G 112Y 291P,92;153;209;152;103;354;34;20;80;365;112;291
5_506_Stc2#9,5_506_Stc2,17,6,92M 153F 209D 152L 103I 354E 34E 20L 80L 365G 112Y 291P,92;153;209;152;103;354;34;20;80;365;112;291
5_506_Stc2#10,5_506_Stc2,17,2,92L 153F 209C 152I 103I 354Q 34D 20L 80A 365G 112Y 291P,92;153;209;152;103;354;34;20;80;365;112;291
5_506_Stc2#11,5_506_Stc2,17,2,92I 153Y 209C 152I 103L 354E 34D 20L 80A 365G 112Y 291P,92;153;209;152;103;354;34;20;80;365;112;291
5_506_Stc2#12,5_506_Stc2,15,3,92V 153F 209C 152I 103L 354Q 34D 20L 80V 365G 112Y 291P,92;153;209;152;103;354;34;20;80;365;112;291
5_506_Stc2#13,5_506_Stc2,14,6,92V 153F 209E 152I 103F 354E 34E 20V 80A 365G 112F 291P,92;153;209;152;103;354;34;20;80;365;112;291
5_506_Stc2#14,5_506_Stc2,11,4,92L 153Y 209C 152I 103L 354Q 34D 20L 80V 365G 112Y 291G,92;153;209;152;103;354;34;20;80;365;112;291
5_506_Stc2#15,5_506_Stc2,11,3,92I 153Y 209C 152I 103L 354Q 34D 20L 80A 365G 112Y 291P,92;153;209;152;103;354;34;20;80;365;112;291
5_506_Stc2#16,5_506_Stc2,10,2,92L 153F 209C 152L 103L 354Q 34D 20L 80A 365G 112Y 291P,92;153;209;152;103;354;34;20;80;365;112;291
5_506_Stc2#17,5_506_Stc2,9,6,92I 153F 209D 152L 103L 354E 34E 20M 80A 365A 112Y 291P,92;153;209;152;103;354;34;20;80;365;112;291
5_506_Stc2#18,5_506_Stc2,9,2,92L 153F 209C 152I 103L 354Q 34D 20L 80A 365G 112Y 291T,92;153;209;152;103;354;34;20;80;365;112;291
5_506_Stc2#19,5_506_Stc2,8,6,92I 153F 209D 152L 103I 354E 34E 20L 80L 365G 112Y 291P,92;153;209;152;103;354;34;20;80;365;112;291
5_506_Stc2#20,5_506_Stc2,8,4,92L 153F 209C 152V 103L 354Q 34D 20M 80A 365G 112Y 291G,92;153;209;152;103;354;34;20;80;365;112;291
5_506_Stc2#21,5_506_Stc2,7,5,92L 153F 209D 152L 103L 354E 34E 20M 80A 365A 112Y 291P,92;153;209;152;103;354;34;20;80;365;112;291
5_506_Stc2#22,5_506_Stc2,7,5,92V 153F 209C 152I 103F 354D 34D 20L 80A 365G 112F 291T,92;153;209;152;103;354;34;20;80;365;112;291
5_506_Stc2#23,5_506_Stc2,7,2,92V 153Y 209C 152I 103L 354E 34D 20L 80A 365G 112Y 291P,92;153;209;152;103;354;34;20;80;365;112;291
5_506_Stc2#24,5_506_Stc2,7,2,92V 153F 209C 152I 103L 354Q 34D 20L 80A 365G 112Y 291P,92;153;209;152;103;354;34;20;80;365;112;291
5_506_Stc2#25,5_506_Stc2,7,1,92L 153F 209C 152V 103L 354E 34D 20L 80A 365G 112Y 291P,92;153;209;152;103;354;34;20;80;365;112;291
5_506_Stc2#26,5_506_Stc2,6,4,92L 153F 209E 152I 103I 354E 34E 20L 80V 365G 112Y 291P,92;153;209;152;103;354;34;20;80;365;112;291
5_506_Stc2#27,5_506_Stc2,6,5,92I 153Y 209C 152V 103L 354Q 34D 20L 80G 365G 112Y 291P,92;153;209;152;103;354;34;20;80;365;112;291
5_506_Stc2#28,5_506_Stc2,6,3,92V 153F 209C 152I 103L 354Q 34D 20L 80V 365G 112Y 291P,92;153;209;152;103;354;34;20;80;365;112;291
5_506_Stc2#29,5_506_Stc2,6,1,92L 153F 209C 152I 103L 354Q 34D 20L 80A 365G 112Y 291P,92;153;209;152;103;354;34;20;80;365;112;291
5_506_Stc2#30,5_506_Stc2,6,9,92M 153W 209E 152V 103F 354Q 34E 20- 80A 365G 112W 291P,92;153;209;152;103;354;34;20;80;365;112;291
5_506_Stc2#31,5_506_Stc2,6,2,92I 153F 209C 152V 103L 354E 34D 20L 80A 365G 112Y 291P,92;153;209;152;103;354;34;20;80;365;112;291
5_506_Stc2#32,5_506_Stc2,5,6,92V 153W 209C 152V 103L 354E 34E 20L 80G 365N 112Y 291P,92;153;209;152;103;354;34;20;80;365;112;291
5_506_Stc2#33,5_506_Stc2,5,5,92L 153V 209E 152I 103L 354E 34E 20E 80V 365G 112Y 291P,92;153;209;152;103;354;34;20;80;365;112;291
5_506_Stc2#34,5_506_Stc2,5,2,92L 153Y 209C 152I 103L 354Q 34D 20L 80A 365G 112Y 291P,92;153;209;152;103;354;34;20;80;365;112;291
5_506_Stc2#35,5_506_Stc2,5,4,92L 153F 209E 152I 103I 354E 34E 20M 80A 365G 112Y 291P,92;153;209;152;103;354;34;20;80;365;112;291
5_506_Stc2#36,5_506_Stc2,5,5,92L 153F 209E 152I 103F 354E 34E 20I 80A 365G 112F 291P,92;153;209;152;103;354;34;20;80;365;112;291
5_506_Stc2#37,5_506_Stc2,5,5,92L 153F 209E 152I 103F 354Q 34E 20I 80A 365G 112Y 291P,92;153;209;152;103;354;34;20;80;365;112;291
5_506_Stc2#38,5_506_Stc2,5,6,92L 153F 209E 152I 103F 354Q 34E 20I 80A 365G 112W 291P,92;153;209;152;103;354;34;20;80;365;112;291
5_506_Stc2#39,5_506_Stc2,5,2,92L 153F 209C 152L 103L 354Q 34D 20L 80A 365G 112Y 291P,92;153;209;152;103;354;34;20;80;365;112;291
5_506_Stc2#40,5_506_Stc2,5,2,92L 153Y 209C 152V 103L 354E 34D 20L 80A 365G 112Y 291P,92;153;209;152;103;354;34;20;80;365;112;291
5_506_Stc2#41,5_506_Stc2,5,3,92I 153Y 209C 152V 103L 354E 34D 20L 80A 365G 112Y 291P,92;153;209;152;103;354;34;20;80;365;112;291
5_506_Stc2#42,5_506_Stc2,4,4,92L 153F 209E 152I 103I 354E 34E 20L 80V 365G 112Y 291P,92;153;209;152;103;354;34;20;80;365;112;291
5_506_Stc2#43,5_506_Stc2,4,6,92V 153W 209E 152I 103F 354E 34E 20V 80A 365G 112Y 291P,92;153;209;152;103;354;34;20;80;365;112;291
5_506_Stc2#44,5_506_Stc2,4,3,92L 153F 209C 152I 103V 354Q 34E 20L 80A 365G 112Y 291P,92;153;209;152;103;354;34;20;80;365;112;291
5_506_Stc2#45,5_506_Stc2,4,1,92L 153F 209C 152V 103L 354E 34D 20L 80A 365G 112Y 291P,92;153;209;152;103;354;34;20;80;365;112;291
5_506_Stc2#46,5_506_Stc2,3,5,92V 153W 209C 152I 103F 354E 34E 20L 80A 365N 112Y 291P,92;153;209;152;103;354;34;20;80;365;112;291
5_506_Stc2#47,5_506_Stc2,3,5,92V 153W 209C 152I 103F 354E 34E 20L 80A 365N 112Y 291P,92;153;209;152;103;354;34;20;80;365;112;291
5_506_Stc2#48,5_506_Stc2,3,5,92V 153W 209C 152I 103L 354E 34E 20L 80G 365N 112Y 291P,92;153;209;152;103;354;34;20;80;365;112;291
5_506_Stc2#49,5_506_Stc2,3,4,92L 153F 209D 152V 103L 354E 34E 20M 80A 365G 112Y 291P,92;153;209;152;103;354;34;20;80;365;112;291
5_506_Stc2#50,5_506_Stc2,3,9,92L 153W 209E 152L 103F 354E 34E 20V 80V 365N 112F 291P,92;153;209;152;103;354;34;20;80;365;112;291
5_506_Stc2#51,5_506_Stc2,3,3,92I 153F 209C 152L 103L 354Q 34D 20L 80A 365G 112Y 291P,92;153;209;152;103;354;34;20;80;365;112;291
5_506_Stc2#52,5_506_Stc2,3,4,92I 153F 209C 152V 103L 354E 34E 20L 80G 365G 112Y 291P,92;153;209;152;103;354;34;20;80;365;112;291
5_506_Stc2#53,5_506_Stc2,3,4,92L 153F 209D 152L 103L 354E 34E 20L 80A 365A 112Y 291P,92;153;209;152;103;354;34;20;80;365;112;291
5_506_Stc2#54,5_506_Stc2,3,5,92M 153W 209E 152V 103L 354E 34E 20L 80A 365G 112Y 291P,92;153;209;152;103;354;34;20;80;365;112;291
5_506_Stc2#55,5_506_Stc2,3,5,92L 153F 209E 152I 103I 354E 34E 20- 80L 365G 112Y 291P,92;153;209;152;103;354;34;20;80;365;112;291
5_506_Stc2#56,5_506_Stc2,3,3,92L 153Y 209C 152L 103L 354E 34D 20L 80A 365G 112Y 291G,92;153;209;152;103;354;34;20;80;365;112;291
5_506_Stc2#57,5_506_Stc2,3,3,92V 153F 209C 152V 103I 354E 34D 20L 80A 365G 112Y 291P,92;153;209;152;103;354;34;20;80;365;112;291
5_506_Stc2#58,5_506_Stc2,3,3,92L 153F 209C 152V 103I 354Q 34D 20L 80A 365G 112Y 291P,92;153;209;152;103;354;34;20;80;365;112;291
5_506_Stc2#59,5_506_Stc2,3,6,92V 153F 209E 152I 103F 354E 34E 20V 80A 365G 112F 291P,92;153;209;152;103;354;34;20;80;365;112;291
5_506_Stc2#60,5_506_Stc2,3,2,92L 153F 209C 152L 103L 354Q 34D 20L 80A 365G 112Y 291P,92;153;209;152;103;354;34;20;80;365;112;291
5_506_Stc2#61,5_506_Stc2,3,3,92I 153Y 209C 152V 103L 354E 34D 20L 80A 365G 112Y 291P,92;153;209;152;103;354;34;20;80;365;112;291
5_506_Stc2#62,5_506_Stc2,3,2,92I 153F 209C 152I 103L 354Q 34D 20L 80A 365G 112Y 291P,92;153;209;152;103;354;34;20;80;365;112;291
5_506_Stc2#63,5_506_Stc2,3,2,92L 153Y 209C 152V 103L 354E 34D 20L 80A 365G 112Y 291P,92;153;209;152;103;354;34;20;80;365;112;291
5_506_Stc2#64,5_506_Stc2,3,2,92I 153F 209C 152V 103L 354E 34D 20L 80A 365G 112Y 291P,92;153;209;152;103;354;34;20;80;365;112;291
5_506_Stc2#65,5_506_Stc2,3,2,92L 153Y 209C 152V 103L 354E 34D 20L 80A 365G 112Y 291P,92;153;209;152;103;354;34;20;80;365;112;291
5_506_Stc2#66,5_506_Stc2,2,5,92I 153W 209C 152I 103L 354E 34E 20L 80G 365N 112Y 291P,92;153;209;152;103;354;34;20;80;365;112;291
5_506_Stc2#67,5_506_Stc2,2,4,92V 153F 209E 152I 103L 354E 34E 20A 80A 365G 112Y 291P,92;153;209;152;103;354;34;20;80;365;112;291
5_506_Stc2#68,5_506_Stc2,2,5,92V 153L 209E 152I 103L 354E 34E 20L 80V 365G 112Y 291P,92;153;209;152;103;354;34;20;80;365;112;291
5_506_Stc2#69,5_506_Stc2,2,5,92L 153F 209E 152L 103I 354E 34E 20M 80A 365G 112Y 291P,92;153;209;152;103;354;34;20;80;365;112;291
5_506_Stc2#70,5_506_Stc2,2,7,92L 153W 209E 152A 103L 354Q 34E 20I 80A 365G 112W 291P,92;153;209;152;103;354;34;20;80;365;112;291
5_506_Stc2#71,5_506_Stc2,2,4,92L 153W 209E 152V 103L 354E 34E 20L 80A 365G 112Y 291P,92;153;209;152;103;354;34;20;80;365;112;291
5_506_Stc2#72,5_506_Stc2,2,6,92L 153F 209E 152I 103I 354E 34E 20I 80G 365G 112W 291P,92;153;209;152;103;354;34;20;80;365;112;291
5_506_Stc2#73,5_506_Stc2,2,8,92L 153F 209E 152V 103F 354- 34E 20P 80A 365- 112F 291P,92;153;209;152;103;354;34;20;80;365;112;291
5_506_Stc2#74,5_506_Stc2,2,7,92L 153W 209E 152V 103F 354E 34E 20- 80A 365T 112Y 291P,92;153;209;152;103;354;34;20;80;365;112;291
5_506_Stc2#75,5_506_Stc2,2,5,92V 153F 209C 152I 103F 354E 34E 20P 80G 365G 112Y 291P,92;153;209;152;103;354;34;20;80;365;112;291
5_506_Stc2#76,5_506_Stc2,2,6,92L 153W 209E 152I 103F 354E 34E 20V 80A 365L 112Y 291P,92;153;209;152;103;354;34;20;80;365;112;291
5_506_Stc2#77,5_506_Stc2,2,8,92M 153F 209D 152V 103I 354Q 34E 20I 80V 365G 112Y 291P,92;153;209;152;103;354;34;20;80;365;112;291
5_506_Stc2#78,5_506_Stc2,2,5,92L 153F 209E 152V 103L 354E 34E 20A 80A 365N 112Y 291P,92;153;209;152;103;354;34;20;80;365;112;291
5_506_Stc2#79,5_506_Stc2,2,6,92M 153F 209D 152L 103I 354E 34E 20L 80L 365G 112Y 291P,92;153;209;152;103;354;34;20;80;365;112;291
5_506_Stc2#80,5_506_Stc2,2,2,92V 153F 209C 152I 103L 354D 34D 20L 80A 365G 112Y 291P,92;153;209;152;103;354;34;20;80;365;112;291
5_506_Stc2#81,5_506_Stc2,2,5,92L 153L 209C 152V 103L 354Q 34D 20M 80A 365G 112Y 291G,92;153;209;152;103;354;34;20;80;365;112;291
5_506_Stc2#82,5_506_Stc2,2,3,92L 153F 209C 152I 103L 354Q 34D 20M 80A 365G 112Y 291T,92;153;209;152;103;354;34;20;80;365;112;291
5_506_Stc2#83,5_506_Stc2,2,2,92I 153F 209C 152I 103L 354Q 34D 20L 80A 365G 112Y 291P,92;153;209;152;103;354;34;20;80;365;112;291
5_506_Stc2#84,5_506_Stc2,2,2,92L 153Y 209C 152V 103L 354E 34D 20L 80A 365G 112Y 291P,92;153;209;152;103;354;34;20;80;365;112;291
5_506_Stc2#85,5_506_Stc2,2,2,92I 153Y 209C 152I 103L 354E 34D 20L 80A 365G 112Y 291P,92;153;209;152;103;354;34;20;80;365;112;291
5_506_Stc2#86,5_506_Stc2,2,4,92I 153W 209C 152V 103L 354E 34D 20L 80A 365G 112F 291P,92;153;209;152;103;354;34;20;80;365;112;291
5_506_Stc2#87,5_506_Stc2,2,2,92I 153F 209C 152V 103L 354E 34D 20L 80A 365G 112Y 291P,92;153;209;152;103;354;34;20;80;365;112;291
5_506_Stc2#88,5_506_Stc2,2,2,92I 153M 209C 152I 103L 354E 34D 20L 80A 365G 112Y 291P,92;153;209;152;103;354;34;20;80;365;112;291
5_506_Stc2#89,5_506_Stc2,2,1,92L 153Y 209C 152I 103L 354E 34D 20L 80A 365G 112Y 291P,92;153;209;152;103;354;34;20;80;365;112;291
5_506_Stc2#90,5_506_Stc2,2,2,92L 153Y 209C 152V 103L 354E 34D 20L 80A 365G 112Y 291P,92;153;209;152;103;354;34;20;80;365;112;291
5_506_Stc2#91,5_506_Stc2,1,5,92M 153Y 209C 152V 103L 354E 34E 20L 80A 365N 112Y 291P,92;153;209;152;103;354;34;20;80;365;112;291
5_506_Stc2#92,5_506_Stc2,1,5,92V 153W 209C 152V 103L 354E 34E 20L 80A 365N 112Y 291P,92;153;209;152;103;354;34;20;80;365;112;291
5_506_Stc2#93,5_506_Stc2,1,6,92V 153Y 209C 152I 103F 354- 34E 20L 80A 365N 112Y 291P,92;153;209;152;103;354;34;20;80;365;112;291
5_506_Stc2#94,5_506_Stc2,1,6,92I 153W 209C 152I 103L 354E 34E 20I 80G 365N 112Y 291P,92;153;209;152;103;354;34;20;80;365;112;291
5_506_Stc2#95,5_506_Stc2,1,7,92V 153W 209C 152V 103L 354E 34- 20- 80G 365N 112Y 291P,92;153;209;152;103;354;34;20;80;365;112;291
5_506_Stc2#96,5_506_Stc2,1,6,92I 153W 209C 152V 103L 354E 34E 20L 80G 365N 112Y 291P,92;153;209;152;103;354;34;20;80;365;112;291
5_506_Stc2#97,5_506_Stc2,1,3,92L 153Y 209C 152I 103I 354Q 34D 20L 80A 365G 112Y 291P,92;153;209;152;103;354;34;20;80;365;112;291
5_506_Stc2#98,5_506_Stc2,1,8,92L 153W 209E 152V 103I 354Q 34E 20V 80A 365G 112W 291P,92;153;209;152;103;354;34;20;80;365;112;291
5_506_Stc2#99,5_506_Stc2,1,4,92L 153F 209E 152I 103I 354E 34E 20L 80V 365G 112Y 291P,92;153;209;152;103;354;34;20;80;365;112;291
5_506_Stc2#100,5_506_Stc2,1,5,92L 153F 209E 152L 103I 354E 34D 20L 80A 365N 112W 291P,92;153;209;152;103;354;34;20;80;365;112;291
5_506_Stc2#101,5_506_Stc2,1,3,92I 153F 209C 152I 103L 354A 34E 20L 80A 365G 112Y 291P,92;153;209;152;103;354;34;20;80;365;112;291
5_506_Stc2#102,5_506_Stc2,1,8,92L 153W 209E 152A 103L 354- 34E 20I 80A 365- 112W 291P,92;153;209;152;103;354;34;20;80;365;112;291
5_506_Stc2#103,5_506_Stc2,1,6,92L 153F 209E 152V 103F 354E 34E 20N 80A 365A 112Y 291P,92;153;209;152;103;354;34;20;80;365;112;291
5_506_Stc2#104,5_506_Stc2,1,7,92I 153Y 209C 152V 103I 354Q 34D 20L 80G 365G 112Y 291S,92;153;209;152;103;354;34;20;80;365;112;291
5_506_Stc2#105,5_506_Stc2,1,5,92L 153F 209E 152I 103V 354- 34D 20P 80A 365G 112F 291P,92;153;209;152;103;354;34;20;80;365;112;291
5_506_Stc2#106,5_506_Stc2,1,8,92L 153F 209E 152V 103V 354- 34E 20- 80A 365- 112Y 291-,92;153;209;152;103;354;34;20;80;365;112;291
5_506_Stc2#107,5_506_Stc2,1,7,92L 153Y 209E 152V 103F 354E 34E 20N 80A 365G 112F 291P,92;153;209;152;103;354;34;20;80;365;112;291
5_506_Stc2#108,5_506_Stc2,1,5,92L 153Y 209C 152I 103L 354A 34D 20M 80A 365G 112F 291V,92;153;209;152;103;354;34;20;80;365;112;291
5_506_Stc2#109,5_506_Stc2,1,3,92L 153F 209C 152I 103L 354Q 34E 20L 80G 365G 112Y 291P,92;153;209;152;103;354;34;20;80;365;112;291
5_506_Stc2#110,5_506_Stc2,1,3,92I 153F 209C 152I 103L 354Q 34E 20L 80A 365G 112Y 291P,92;153;209;152;103;354;34;20;80;365;112;291
5_506_Stc2#111,5_506_Stc2,1,6,92L 153W 209E 152V 103F 354E 34E 20S 80A 365G 112Y 291P,92;153;209;152;103;354;34;20;80;365;112;291
5_506_Stc2#112,5_506_Stc2,1,7,92L 153F 209E 152V 103L 354- 34E 20- 80A 365- 112W 291P,92;153;209;152;103;354;34;20;80;365;112;291
5_506_Stc2#113,5_506_Stc2,1,3,92L 153F 209E 152L 103L 354E 34E 20L 80A 365G 112Y 291P,92;153;209;152;103;354;34;20;80;365;112;291
5_506_Stc2#114,5_506_Stc2,1,8,92L 153Y 209E 152L 103I 354- 34E 20M 80A 365- 112Y 291P,92;153;209;152;103;354;34;20;80;365;112;291
5_506_Stc2#115,5_506_Stc2,1,6,92M 153F 209D 152V 103I 354E 34E 20L 80V 365G 112Y 291P,92;153;209;152;103;354;34;20;80;365;112;291
5_506_Stc2#116,5_506_Stc2,1,6,92V 153Y 209E 152I 103F 354E 34E 20L 80V 365G 112Y 291P,92;153;209;152;103;354;34;20;80;365;112;291
5_506_Stc2#117,5_506_Stc2,1,8,92L 153F 209E 152V 103L 354- 34E 20- 80A 365- 112W 291-,92;153;209;152;103;354;34;20;80;365;112;291
5_506_Stc2#118,5_506_Stc2,1,7,92L 153F 209E 152V 103F 354E 34E 20- 80V 365N 112Y 291P,92;153;209;152;103;354;34;20;80;365;112;291
5_506_Stc2#119,5_506_Stc2,1,5,92L 153F 209D 152M 103L 354E 34E 20L 80L 365S 112Y 291P,92;153;209;152;103;354;34;20;80;365;112;291
5_506_Stc2#120,5_506_Stc2,1,3,92L 153F 209D 152I 103I 354E 34E 20L 80A 365G 112Y 291P,92;153;209;152;103;354;34;20;80;365;112;291
5_506_Stc2#121,5_506_Stc2,1,5,92L 153F 209D 152L 103L 354E 34E 20M 80A 365V 112Y 291P,92;153;209;152;103;354;34;20;80;365;112;291
5_506_Stc2#122,5_506_Stc2,1,8,92L 153W 209E 152V 103L 354Q 34E 20I 80C 365A 112Y 291P,92;153;209;152;103;354;34;20;80;365;112;291
5_506_Stc2#123,5_506_Stc2,1,9,92L 153W 209E 152V 103F 354Q 34E 20I 80G 365G 112W 291P,92;153;209;152;103;354;34;20;80;365;112;291
5_506_Stc2#124,5_506_Stc2,1,4,92V 153F 209C 152V 103L 354E 34E 20L 80A 365G 112Y 291S,92;153;209;152;103;354;34;20;80;365;112;291
5_506_Stc2#125,5_506_Stc2,1,5,92L 153F 209E 152I 103F 354Q 34E 20V 80A 365G 112Y 291P,92;153;209;152;103;354;34;20;80;365;112;291
5_506_Stc2#126,5_506_Stc2,1,8,92L 153F 209E 152I 103I 354- 34E 20I 80A 365- 112W 291-,92;153;209;152;103;354;34;20;80;365;112;291
5_506_Stc2#127,5_506_Stc2,1,5,92L 153F 209E 152V 103I 354E 34E 20- 80A 365G 112Y 291P,92;153;209;152;103;354;34;20;80;365;112;291
5_506_Stc2#128,5_506_Stc2,1,6,92L 153Y 209E 152I 103L 354Q 34E 20V 80A 365G 112W 291P,92;153;209;152;103;354;34;20;80;365;112;291
5_506_Stc2#129,5_506_Stc2,1,7,92L 153W 209E 152V 103F 354A 34E 20I 80A 365G 112Y 291P,92;153;209;152;103;354;34;20;80;365;112;291
5_506_Stc2#130,5_506_Stc2,1,5,92V 153F 209E 152V 103F 354E 34E 20L 80A 365G 112Y 291P,92;153;209;152;103;354;34;20;80;365;112;291
5_506_Stc2#131,5_506_Stc2,1,6,92M 153F 209D 152L 103I 354E 34E 20L 80L 365G 112Y 291P,92;153;209;152;103;354;34;20;80;365;112;291
5_506_Stc2#132,5_506_Stc2,1,5,92V 153L 209C 152I 103F 354D 34D 20L 80A 365G 112F 291P,92;153;209;152;103;354;34;20;80;365;112;291
5_506_Stc2#133,5_506_Stc2,1,3,92L 153F 209C 152V 103I 354Q 34D 20L 80A 365G 112Y 291P,92;153;209;152;103;354;34;20;80;365;112;291
5_506_Stc2#134,5_506_Stc2,1,4,92I 153F 209C 152L 103I 354Q 34D 20L 80A 365G 112Y 291P,92;153;209;152;103;354;34;20;80;365;112;291
5_506_Stc2#135,5_506_Stc2,1,4,92I 153Y 209C 152I 103L 354Q 34D 20L 80V 365G 112Y 291P,92;153;209;152;103;354;34;20;80;365;112;291
5_506_Stc2#136,5_506_Stc2,1,2,92I 153F 209C 152I 103L 354Q 34D 20L 80A 365G 112Y 291P,92;153;209;152;103;354;34;20;80;365;112;291
5_506_Stc2#137,5_506_Stc2,1,2,92L 153F 209C 152I 103I 354Q 34D 20L 80A 365G 112Y 291P,92;153;209;152;103;354;34;20;80;365;112;291
5_506_Stc2#138,5_506_Stc2,1,2,92L 153F 209C 152L 103L 354Q 34D 20L 80A 365G 112Y 291P,92;153;209;152;103;354;34;20;80;365;112;291
5_506_Stc2#139,5_506_Stc2,1,2,92L 153F 209C 152I 103I 354Q 34D 20L 80A 365G 112Y 291P,92;153;209;152;103;354;34;20;80;365;112;291
5_506_Stc2#140,5_506_Stc2,1,4,92I 153Y 209C 152I 103M 354Q 34D 20L 80A 365G 112Y 291P,92;153;209;152;103;354;34;20;80;365;112;291
5_506_Stc2#141,5_506_Stc2,1,2,92I 153Y 209C 152I 103L 354E 34D 20L 80A 365G 112Y 291P,92;153;209;152;103;354;34;20;80;365;112;291
5_506_Stc2#142,5_506_Stc2,1,1,92L 153F 209C 152V 103L 354E 34D 20L 80A 365G 112Y 291P,92;153;209;152;103;354;34;20;80;365;112;291
5_506_Stc2#143,5_506_Stc2,1,3,92I 153Y 209C 152V 103L 354E 34D 20L 80A 365G 112Y 291P,92;153;209;152;103;354;34;20;80;365;112;291
5_506_Stc2#144,5_506_Stc2,1,3,92I 153Y 209C 152V 103L 354E 34D 20L 80A 365G 112Y 291P,92;153;209;152;103;354;34;20;80;365;112;291
1_106_TsaM#0,1_106_TsaM,78,2,69V 103I 153F 155F 83D 88R 44Y 147E 109G 107Y 212H 95G,69;103;153;155;83;88;44;147;109;107;212;95
1_106_TsaM#1,1_106_TsaM,33,1,69V 103I 153W 155W 83D 88R 44Y 147E 109G 107Y 212H 95S,69;103;153;155;83;88;44;147;109;107;212;95
1_106_TsaM#2,1_106_TsaM,27,3,69A 103I 153F 155F 83D 88R 44Y 147E 109G 107Y 212H 95G,69;103;153;155;83;88;44;147;109;107;212;95
1_106_TsaM#3,1_106_TsaM,23,1,69V 103V 153W 155W 83D 88R 44Y 147E 109G 107Y 212H 95G,69;103;153;155;83;88;44;147;109;107;212;95
1_106_TsaM#4,1_106_TsaM,19,3,69V 103L 153W 155W 83D 88K 44W 147E 109G 107Y 212H 95G,69;103;153;155;83;88;44;147;109;107;212;95
1_106_TsaM#5,1_106_TsaM,17,1,69V 103L 153W 155W 83D 88R 44Y 147E 109G 107Y 212H 95G,69;103;153;155;83;88;44;147;109;107;212;95
1_106_TsaM#6,1_106_TsaM,16,1,69V 103V 153W 155W 83D 88R 44Y 147E 109G 107Y 212H 95G,69;103;153;155;83;88;44;147;109;107;212;95
1_106_TsaM#7,1_106_TsaM,14,0,69V 103I 153W 155W 83D 88R 44Y 147E 109G 107Y 212H 95G,69;103;153;155;83;88;44;147;109;107;212;95
1_106_TsaM#8,1_106_TsaM,13,5,69A 103L 153F 155F 83D 88R 44Y 147E 109A 107Y 212H 95G,69;103;153;155;83;88;44;147;109;107;212;95
1_106_TsaM#9,1_106_TsaM,13,2,69C 103V 153W 155W 83D 88R 44Y 147E 109G 107Y 212H 95G,69;103;153;155;83;88;44;147;109;107;212;95
1_106_TsaM#10,1_106_TsaM,12,0,69V 103I 153W 155W 83D 88R 44Y 147E 109G 107Y 212H 95G,69;103;153;155;83;88;44;147;109;107;212;95
1_106_TsaM#11,1_106_TsaM,12,1,69V 103L 153W 155W 83D 88R 44Y 147E 109G 107Y 212H 95G,69;103;153;155;83;88;44;147;109;107;212;95
1_106_TsaM#12,1_106_TsaM,10,2,69V 103V 153F 155W 83D 88R 44Y 147E 109G 107Y 212H 95G,69;103;153;155;83;88;44;147;109;107;212;95
1_106_TsaM#13,1_106_TsaM,9,4,69L 103V 153F 155F 83D 88R 44Y 147E 109G 107Y 212H 95G,69;103;153;155;83;88;44;147;109;107;212;95
1_106_TsaM#14,1_106_TsaM,8,1,69V 103I 153F 155W 83D 88R 44Y 147E 109G 107Y 212H 95G,69;103;153;155;83;88;44;147;109;107;212;95
1_106_TsaM#15,1_106_TsaM,8,2,69L 103V 153W 155W 83D 88R 44Y 147E 109G 107Y 212H 95G,69;103;153;155;83;88;44;147;109;107;212;95
1_106_TsaM#16,1_106_TsaM,8,1,69V 103V 153W 155W 83D 88R 44Y 147E 109G 107Y 212H 95G,69;103;153;155;83;88;44;147;109;107;212;95
1_106_TsaM#17,1_106_TsaM,7,1,69V 103I 153W 155W 83N 88R 44Y 147E 109G 107Y 212H 95G,69;103;153;155;83;88;44;147;109;107;212;95
1_106_TsaM#18,1_106_TsaM,7,1,69L 103I 153W 155W 83D 88R 44Y 147E 109G 107Y 212H 95G,69;103;153;155;83;88;44;147;109;107;212;95
1_106_TsaM#19,1_106_TsaM,7,2,69V 103L 153W 155W 83N 88R 44Y 147E 109G 107Y 212H 95G,69;103;153;155;83;88;44;147;109;107;212;95
1_106_TsaM#20,1_106_TsaM,7,4,69L 103V 153L 155W 83D 88R 44H 147E 109G 107Y 212H 95G,69;103;153;155;83;88;44;147;109;107;212;95
1_106_TsaM#21,1_106_TsaM,7,1,69V 103I 153W 155W 83D 88R 44Y 147E 109G 107Y 212H 95S,69;103;153;155;83;88;44;147;109;107;212;95
1_106_TsaM#22,1_106_TsaM,6,2,69L 103L 153W 155W 83D 88R 44Y 147E 109G 107Y 212H 95G,69;103;153;155;83;88;44;147;109;107;212;95
1_106_TsaM#23,1_106_TsaM,6,1,69V 103L 153W 155W 83D 88R 44Y 147E 109G 107Y 212H 95G,69;103;153;155;83;88;44;147;109;107;212;95
1_106_TsaM#24,1_106_TsaM,6,2,69V 103V 153W 155W 83D 88R 44Y 147E 109G 107Y 212N 95G,69;103;153;155;83;88;44;147;109;107;212;95
1_106_TsaM#25,1_106_TsaM,6,2,69V 103I 153Y 155F 83D 88R 44Y 147E 109G 107Y 212H 95G,69;103;153;155;83;88;44;147;109;107;212;95
1_106_TsaM#26,1_106_TsaM,6,2,69V 103V 153W 155W 83D 88R 44Y 147D 109G 107Y 212H 95G,69;103;153;155;83;88;44;147;109;107;212;95
1_106_TsaM#27,1_106_TsaM,5,4,69L 103V 153F 155W 83D 88R 44Y 147A 109G 107Y 212H 95G,69;103;153;155;83;88;44;147;109;107;212;95
1_106_TsaM#28,1_106_TsaM,5,0,69V 103I 153W 155W 83D 88R 44Y 147E 109G 107Y 212H 95G,69;103;153;155;83;88;44;147;109;107;212;95
1_106_TsaM#29,1_106_TsaM,5,3,69L 103V 153W 155Y 83D 88R 44Y 147E 109G 107Y 212H 95G,69;103;153;155;83;88;44;147;109;107;212;95
1_106_TsaM#30,1_106_TsaM,5,2,69V 103V 153W 155W 83D 88R 44Y 147E 109G 107Y 212D 95G,69;103;153;155;83;88;44;147;109;107;212;95
1_106_TsaM#31,1_106_TsaM,5,3,69V 103L 153W 155W 83G 88K 44Y 147E 109G 107Y 212H 95G,69;103;153;155;83;88;44;147;109;107;212;95
1_106_TsaM#32,1_106_TsaM,5,1,69V 103L 153W 155W 83D 88R 44Y 147E 109G 107Y 212H 95G,69;103;153;155;83;88;44;147;109;107;212;95
1_106_TsaM#33,1_106_TsaM,4,2,69L 103I 153F 155W 83D 88R 44Y 147E 109G 107Y 212H 95G,69;103;153;155;83;88;44;147;109;107;212;95
1_106_TsaM#34,1_106_TsaM,4,2,69V 103I 153W 155W 83G 88R 44Y 147E 109G 107Y 212H 95S,69;103;153;155;83;88;44;147;109;107;212;95
1_106_TsaM#35,1_106_TsaM,4,4,69L 103V 153W 155W 83G 88R 44W 147E 109G 107Y 212H 95G,69;103;153;155;83;88;44;147;109;107;212;95
1_106_TsaM#36,1_106_TsaM,4,2,69V 103L 153W 155W 83D 88R 44Y 147A 109G 107Y 212H 95G,69;103;153;155;83;88;44;147;109;107;212;95
1_106_TsaM#37,1_106_TsaM,4,2,69V 103I 153W 155W 83A 88K 44Y 147E 109G 107Y 212H 95G,69;103;153;155;83;88;44;147;109;107;212;95
1_106_TsaM#38,1_106_TsaM,4,3,69V 103V 153W 155W 83A 88K 44Y 147E 109G 107Y 212H 95G,69;103;153;155;83;88;44;147;109;107;212;95
1_106_TsaM#39,1_106_TsaM,4,3,69L 103I 153L 155Y 83D 88R 44Y 147E 109G 107Y 212H 95G,69;103;153;155;83;88;44;147;109;107;212;95
1_106_TsaM#40,1_106_TsaM,4,5,69L 103V 153L 155Y 83D 88R 44H 147E 109G 107Y 212H 95G,69;103;153;155;83;88;44;147;109;107;212;95
1_106_TsaM#41,1_106_TsaM,4,2,69C 103V 153W 155W 83D 88R 44Y 147E 109G 107Y 212H 95G,69;103;153;155;83;88;44;147;109;107;212;95
1_106_TsaM#42,1_106_TsaM,4,0,69V 103I 153W 155W 83D 88R 44Y 147E 109G 107Y 212H 95G,69;103;153;155;83;88;44;147;109;107;212;95
1_106_TsaM#43,1_106_TsaM,4,1,69V 103V 153W 155W 83D 88R 44Y 147E 109G 107Y 212H 95G,69;103;153;155;83;88;44;147;109;107;212;95
1_106_TsaM#44,1_106_TsaM,3,5,69A 103I 153L 155W 83A 88L 44Y 147E 109G 107F 212H 95G,69;103;153;155;83;88;44;147;109;107;212;95
1_106_TsaM#45,1_106_TsaM,3,2,69V 103V 153W 155F 83D 88R 44Y 147E 109G 107Y 212H 95G,69;103;153;155;83;88;44;147;109;107;212;95
1_106_TsaM#46,1_106_TsaM,3,0,69V 103I 153W 155W 83D 88R 44Y 147E 109G 107Y 212H 95G,69;103;153;155;83;88;44;147;109;107;212;95
1_106_TsaM#47,1_106_TsaM,3,1,69V 103I 153W 155F 83D 88R 44Y 147E 109G 107Y 212H 95G,69;103;153;155;83;88;44;147;109;107;212;95
1_106_TsaM#48,1_106_TsaM,3,1,69V 103I 153W 155W 83G 88R 44Y 147E 109G 107Y 212H 95G,69;103;153;155;83;88;44;147;109;107;212;95
1_106_TsaM#49,1_106_TsaM,3,2,69V 103I 153Y 155Y 83D 88R 44Y 147E 109G 107Y 212H 95G,69;103;153;155;83;88;44;147;109;107;212;95
1_106_TsaM#50,1_106_TsaM,3,3,69L 103V 153W 155Y 83D 88R 44Y 147E 109G 107Y 212H 95G,69;103;153;155;83;88;44;147;109;107;212;95
1_106_TsaM#51,1_106_TsaM,3,1,69V 103L 153W 155W 83D 88R 44Y 147E 109G 107Y 212H 95G,69;103;153;155;83;88;44;147;109;107;212;95
1_106_TsaM#52,1_106_TsaM,3,1,69V 103V 153W 155W 83D 88R 44Y 147E 109G 107Y 212H 95G,69;103;153;155;83;88;44;147;109;107;212;95
1_106_TsaM#53,1_106_TsaM,3,2,69L 103V 153W 155W 83D 88R 44Y 147E 109G 107Y 212H 95G,69;103;153;155;83;88;44;147;109;107;212;95
1_106_TsaM#54,1_106_TsaM,3,1,69V 103V 153W 155W 83D 88R 44Y 147E 109G 107Y 212H 95G,69;103;153;155;83;88;44;147;109;107;212;95
1_106_TsaM#55,1_106_TsaM,3,0,69V 103I 153W 155W 83D 88R 44Y 147E 109G 107Y 212H 95G,69;103;153;155;83;88;44;147;109;107;212;95
1_106_TsaM#56,1_106_TsaM,3,5,69A 103I 153W 155W 83A 88M 44Y 147E 109N 107F 212H 95G,69;103;153;155;83;88;44;147;109;107;212;95
1_106_TsaM#57,1_106_TsaM,3,1,69A 103I 153W 155W 83D 88R 44Y 147E 109G 107Y 212H 95G,69;103;153;155;83;88;44;147;109;107;212;95
1_106_TsaM#58,1_106_TsaM,3,5,69V 103I 153Y 155W 83A 88L 44F 147E 109G 107F 212H 95G,69;103;153;155;83;88;44;147;109;107;212;95
1_106_TsaM#59,1_106_TsaM,3,4,69A 103L 153Y 155R 83D 88R 44Y 147E 109G 107Y 212H 95G,69;103;153;155;83;88;44;147;109;107;212;95
1_106_TsaM#60,1_106_TsaM,3,1,69V 103L 153W 155W 83D 88R 44Y 147E 109G 107Y 212H 95G,69;103;153;155;83;88;44;147;109;107;212;95
1_106_TsaM#61,1_106_TsaM,3,2,69V 103V 153W 155W 83D 88R 44Y 147D 109G 107Y 212H 95G,69;103;153;155;83;88;44;147;109;107;212;95
1_106_TsaM#62,1_106_TsaM,3,2,69L 103V 153W 155W 83D 88R 44Y 147E 109G 107Y 212H 95G,69;103;153;155;83;88;44;147;109;107;212;95
1_106_TsaM#63,1_106_TsaM,3,1,69V 103I 153W 155W 83D 88R 44Y 147V 109G 107Y 212H 95G,69;103;153;155;83;88;44;147;109;107;212;95
1_106_TsaM#64,1_106_TsaM,3,0,69V 103I 153W 155W 83D 88R 44Y 147E 109G 107Y 212H 95G,69;103;153;155;83;88;44;147;109;107;212;95
1_106_TsaM#65,1_106_TsaM,3,1,69V 103L 153W 155W 83D 88R 44Y 147E 109G 107Y 212H 95G,69;103;153;155;83;88;44;147;109;107;212;95
1_106_TsaM#66,1_106_TsaM,3,2,69V 103V 153W 155Y 83D 88R 44Y 147E 109G 107Y 212H 95G,69;103;153;155;83;88;44;147;109;107;212;95
1_106_TsaM#67,1_106_TsaM,3,1,69V 103I 153W 155F 83D 88R 44Y 147E 109G 107Y 212H 95G,69;103;153;155;83;88;44;147;109;107;212;95
1_106_TsaM#68,1_106_TsaM,3,6,69C 103I 153W 155W 83A 88L 44F 147E 109K 107F 212H 95G,69;103;153;155;83;88;44;147;109;107;212;95
1_106_TsaM#69,1_106_TsaM,2,2,69V 103L 153W 155W 83D 88R 44Y 147V 109G 107Y 212H 95G,69;103;153;155;83;88;44;147;109;107;212;95
1_106_TsaM#70,1_106_TsaM,2,5,69A 103L 153F 155F 83D 88R 44Y 147V 109G 107Y 212H 95G,69;103;153;155;83;88;44;147;109;107;212;95
1_106_TsaM#71,1_106_TsaM,2,2,69V 103L 153W 155F 83D 88R 44Y 147E 109G 107Y 212H 95G,69;103;153;155;83;88;44;147;109;107;212;95
1_106_TsaM#72,1_106_TsaM,2,3,69V 103L 153W 155N 83D 88R 44Y 147E 109G 107F 212H 95G,69;103;153;155;83;88;44;147;109;107;212;95
1_106_TsaM#73,1_106_TsaM,2,2,69A 103L 153W 155W 83D 88R 44Y 147E 109G 107Y 212H 95G,69;103;153;155;83;88;44;147;109;107;212;95
1_106_TsaM#74,1_106_TsaM,2,3,69A 103A 153W 155W 83D 88R 44Y 147E 109G 107F 212H 95G,69;103;153;155;83;88;44;147;109;107;212;95
1_106_TsaM#75,1_106_TsaM,2,5,69A 103I 153W 155W 83S 88M 44Y 147E 109A 107Y 212H 95C,69;103;153;155;83;88;44;147;109;107;212;95
1_106_TsaM#76,1_106_TsaM,2,3,69L 103V 153W 155W 83D 88R 44Y 147E 109A 107Y 212H 95G,69;103;153;155;83;88;44;147;109;107;212;95
1_106_TsaM#77,1_106_TsaM,2,7,69A 103V 153W 155Y 83A 88M 44Y 147E 109H 107F 212H 95G,69;103;153;155;83;88;44;147;109;107;212;95
1_106_TsaM#78,1_106_TsaM,2,4,69A 103L 153W 155W 83N 88R 44W 147E 109G 107Y 212H 95G,69;103;153;155;83;88;44;147;109;107;212;95
1_106_TsaM#79,1_106_TsaM,2,3,69V 103L 153F 155W 83D 88R 44H 147E 109G 107Y 212H 95G,69;103;153;155;83;88;44;147;109;107;212;95
1_106_TsaM#80,1_106_TsaM,2,2,69A 103L 153W 155W 83D 88R 44Y 147E 109G 107Y 212H 95G,69;103;153;155;83;88;44;147;109;107;212;95
1_106_TsaM#81,1_106_TsaM,2,0,69V 103I 153W 155W 83D 88R 44Y 147E 109G 107Y 212H 95G,69;103;153;155;83;88;44;147;109;107;212;95
1_106_TsaM#82,1_106_TsaM,2,0,69V 103I 153W 155W 83D 88R 44Y 147E 109G 107Y 212H 95G,69;103;153;155;83;88;44;147;109;107;212;95
1_106_TsaM#83,1_106_TsaM,2,1,69V 103L 153W 155W 83D 88R 44Y 147E 109G 107Y 212H 95G,69;103;153;155;83;88;44;147;109;107;212;95
1_106_TsaM#84,1_106_TsaM,2,3,69L 103V 153F 155W 83D 88R 44Y 147E 109G 107Y 212H 95G,69;103;153;155;83;88;44;147;109;107;212;95
1_106_TsaM#85,1_106_TsaM,2,3,69L 103V 153F 155W 83D 88R 44Y 147E 109G 107Y 212H 95G,69;103;153;155;83;88;44;147;109;107;212;95
1_106_TsaM#86,1_106_TsaM,2,1,69V 103L 153W 155W 83D 88R 44Y 147E 109G 107Y 212H 95G,69;103;153;155;83;88;44;147;109;107;212;95
1_106_TsaM#87,1_106_TsaM,2,1,69V 103I 153W 155W 83D 88R 44Y 147S 109G 107Y 212H 95G,69;103;153;155;83;88;44;147;109;107;212;95
1_106_TsaM#88,1_106_TsaM,2,1,69V 103V 153W 155W 83D 88R 44Y 147E 109G 107Y 212H 95G,69;103;153;155;83;88;44;147;109;107;212;95
1_106_TsaM#89,1_106_TsaM,2,3,69V 103L 153W 155W 83D 88K 44W 147E 109G 107Y 212H 95G,69;103;153;155;83;88;44;147;109;107;212;95
1_106_TsaM#90,1_106_TsaM,2,1,69V 103V 153W 155W 83D 88R 44Y 147E 109G 107Y 212H 95G,69;103;153;155;83;88;44;147;109;107;212;95
1_106_TsaM#91,1_106_TsaM,1,2,69V 103L 153W 155W 83D 88R 44Y 147D 109G 107Y 212H 95G,69;103;153;155;83;88;44;147;109;107;212;95
1_106_TsaM#92,1_106_TsaM,1,1,69V 103I 153W 155W 83D 88R 44W 147E 109G 107Y 212H 95G,69;103;153;155;83;88;44;147;109;107;212;95
1_106_TsaM#93,1_106_TsaM,1,2,69V 103L 153W 155Y 83D 88R 44Y 147E 109G 107Y 212H 95G,69;103;153;155;83;88;44;147;109;107;212;95
1_106_TsaM#94,1_106_TsaM,1,1,69V 103L 153W 155W 83D 88R 44Y 147E 109G 107Y 212H 95G,69;103;153;155;83;88;44;147;109;107;212;95
1_106_TsaM#95,1_106_TsaM,1,5,69V 103L 153H 155W 83D 88K 44W 147V 109G 107Y 212H 95G,69;103;153;155;83;88;44;147;109;107;212;95
1_106_TsaM#96,1_106_TsaM,1,5,69V 103L 153W 155W 83R 88M 44Y 147E 109H 107F 212H 95G,69;103;153;155;83;88;44;147;109;107;212;95
1_106_TsaM#97,1_106_TsaM,1,5,69V 103L 153W 155W 83R 88L 44Y 147E 109H 107F 212H 95G,69;103;153;155;83;88;44;147;109;107;212;95
1_106_TsaM#98,1_106_TsaM,1,0,69V 103I 153W 155W 83D 88R 44Y 147E 109G 107Y 212H 95G,69;103;153;155;83;88;44;147;109;107;212;95
1_106_TsaM#99,1_106_TsaM,1,4,69L 103L 153W 155W 83A 88R 44Y 147E 109G 107Y 212H 95E,69;103;153;155;83;88;44;147;109;107;212;95
1_106_TsaM#100,1_106_TsaM,1,2,69L 103V 153W 155W 83D 88R 44Y 147E 109G 107Y 212H 95G,69;103;153;155;83;88;44;147;109;107;212;95
1_106_TsaM#101,1_106_TsaM,1,0,69V 103I 153W 155W 83D 88R 44Y 147E 109G 107Y 212H 95G,69;103;153;155;83;88;44;147;109;107;212;95
1_106_TsaM#102,1_106_TsaM,1,2,69L 103I 153W 155W 83D 88R 44Y 147L 109G 107Y 212H 95G,69;103;153;155;83;88;44;147;109;107;212;95
1_106_TsaM#103,1_106_TsaM,1,1,69V 103I 153W 155W 83D 88R 44Y 147Q 109G 107Y 212H 95G,69;103;153;155;83;88;44;147;109;107;212;95
1_106_TsaM#104,1_106_TsaM,1,1,69V 103V 153W 155W 83D 88R 44Y 147E 109G 107Y 212H 95G,69;103;153;155;83;88;44;147;109;107;212;95
1_106_TsaM#105,1_106_TsaM,1,2,69V 103L 153W 155W 83N 88R 44Y 147E 109G 107Y 212H 95G,69;103;153;155;83;88;44;147;109;107;212;95
1_106_TsaM#106,1_106_TsaM,1,2,69L 103I 153W 155W 83D 88R 44W 147E 109G 107Y 212H 95G,69;103;153;155;83;88;44;147;109;107;212;95
1_106_TsaM#107,1_106_TsaM,1,1,69V 103L 153W 155W 83D 88R 44Y 147E 109G 107Y 212H 95G,69;103;153;155;83;88;44;147;109;107;212;95
1_106_TsaM#108,1_106_TsaM,1,0,69V 103I 153W 155W 83D 88R 44Y 147E 109G 107Y 212H 95G,69;103;153;155;83;88;44;147;109;107;212;95
1_106_TsaM#109,1_106_TsaM,1,1,69V 103I 153W 155F 83D 88R 44Y 147E 109G 107Y 212H 95G,69;103;153;155;83;88;44;147;109;107;212;95
1_106_TsaM#110,1_106_TsaM,1,3,69I 103I 153W 155W 83A 88R 44Y 147E 109G 107F 212H 95G,69;103;153;155;83;88;44;147;109;107;212;95
1_106_TsaM#111,1_106_TsaM,1,4,69V 103L 153F 155Y 83D 88R 44Y 147V 109G 107Y 212H 95G,69;103;153;155;83;88;44;147;109;107;212;95
1_106_TsaM#112,1_106_TsaM,1,1,69V 103I 153W 155W 83D 88R 44W 147E 109G 107Y 212H 95G,69;103;153;155;83;88;44;147;109;107;212;95
1_106_TsaM#113,1_106_TsaM,1,1,69C 103I 153W 155W 83D 88R 44Y 147E 109G 107Y 212H 95G,69;103;153;155;83;88;44;147;109;107;212;95
1_106_TsaM#114,1_106_TsaM,1,5,69L 103I 153W 155Y 83D 88K 44H 147E 109G 107Y 212H 95K,69;103;153;155;83;88;44;147;109;107;212;95
1_106_TsaM#115,1_106_TsaM,1,0,69V 103I 153W 155W 83D 88R 44Y 147E 109G 107Y 212H 95G,69;103;153;155;83;88;44;147;109;107;212;95
1_106_TsaM#116,1_106_TsaM,1,2,69L 103V 153W 155W 83D 88R 44Y 147E 109G 107Y 212H 95G,69;103;153;155;83;88;44;147;109;107;212;95
1_106_TsaM#117,1_106_TsaM,1,1,69V 103I 153W 155W 83N 88R 44Y 147E 109G 107Y 212H 95G,69;103;153;155;83;88;44;147;109;107;212;95
1_106_TsaM#118,1_106_TsaM,1,1,69V 103I 153W 155W 83D 88R 44Y 147E 109R 107Y 212H 95G,69;103;153;155;83;88;44;147;109;107;212;95
1_106_TsaM#119,1_106_TsaM,1,0,69V 103I 153W 155W 83D 88R 44Y 147E 109G 107Y 212H 95G,69;103;153;155;83;88;44;147;109;107;212;95
1_106_TsaM#120,1_106_TsaM,1,1,69A 103I 153W 155W 83D 88R 44Y 147E 109G 107Y 212H 95G,69;103;153;155;83;88;44;147;109;107;212;95
1_106_TsaM#121,1_106_TsaM,1,3,69V 103V 153W 155W 83A 88R 44Y 147D 109G 107Y 212H 95G,69;103;153;155;83;88;44;147;109;107;212;95
1_106_TsaM#122,1_106_TsaM,1,2,69V 103I 153W 155W 83N 88R 44W 147E 109G 107Y 212H 95G,69;103;153;155;83;88;44;147;109;107;212;95
1_106_TsaM#123,1_106_TsaM,1,3,69V 103L 153Y 155W 83D 88R 44Y 147E 109G 107F 212H 95G,69;103;153;155;83;88;44;147;109;107;212;95
1_106_TsaM#124,1_106_TsaM,1,4,69V 103L 153W 155W 83D 88L 44Y 147E 109A 107F 212H 95G,69;103;153;155;83;88;44;147;109;107;212;95
1_106_TsaM#125,1_106_TsaM,1,4,69A 103I 153W 155W 83G 88R 44Y 147Q 109G 107Y 212H 95S,69;103;153;155;83;88;44;147;109;107;212;95
1_106_TsaM#126,1_106_TsaM,1,4,69A 103L 153W 155F 83D 88R 44Y 147A 109G 107Y 212H 95G,69;103;153;155;83;88;44;147;109;107;212;95
1_106_TsaM#127,1_106_TsaM,1,1,69V 103L 153W 155W 83D 88R 44Y 147E 109G 107Y 212H 95G,69;103;153;155;83;88;44;147;109;107;212;95
1_106_TsaM#128,1_106_TsaM,1,0,69V 103I 153W 155W 83D 88R 44Y 147E 109G 107Y 212H 95G,69;103;153;155;83;88;44;147;109;107;212;95
1_106_TsaM#129,1_106_TsaM,1,2,69V 103I 153W 155Y 83D 88R 44Y 147E 109G 107F 212H 95G,69;103;153;155;83;88;44;147;109;107;212;95
1_106_TsaM#130,1_106_TsaM,1,1,69C 103I 153W 155W 83D 88R 44Y 147E 109G 107Y 212H 95G,69;103;153;155;83;88;44;147;109;107;212;95
1_106_TsaM#131,1_106_TsaM,1,3,69A 103L 153W 155F 83D 88R 44Y 147E 109G 107Y 212H 95G,69;103;153;155;83;88;44;147;109;107;212;95
1_106_TsaM#132,1_106_TsaM,1,1,69V 103I 153W 155F 83D 88R 44Y 147E 109G 107Y 212H 95G,69;103;153;155;83;88;44;147;109;107;212;95
1_106_TsaM#133,1_106_TsaM,1,2,69N 103I 153W 155W 83N 88R 44Y 147E 109G 107Y 212H 95G,69;103;153;155;83;88;44;147;109;107;212;95
1_106_TsaM#134,1_106_TsaM,1,3,69V 103L 153W 155W 83N 88R 44W 147E 109G 107Y 212H 95G,69;103;153;155;83;88;44;147;109;107;212;95
1_106_TsaM#135,1_106_TsaM,1,2,69V 103V 153W 155W 83D 88R 44- 147E 109G 107Y 212H 95G,69;103;153;155;83;88;44;147;109;107;212;95
1_106_TsaM#136,1_106_TsaM,1,1,69V 103L 153W 155W 83D 88R 44Y 147E 109G 107Y 212H 95G,69;103;153;155;83;88;44;147;109;107;212;95
1_106_TsaM#137,1_106_TsaM,1,6,69V 103V 153W 155F 83A 88L 44Y 147E 109H 107F 212H 95G,69;103;153;155;83;88;44;147;109;107;212;95
1_106_TsaM#138,1_106_TsaM,1,4,69V 103L 153W 155Y 83G 88R 44Y 147E 109G 107F 212H 95G,69;103;153;155;83;88;44;147;109;107;212;95
1_106_TsaM#139,1_106_TsaM,1,6,69V 103L 153W 155Y 83A 88M 44Y 147E 109H 107F 212H 95G,69;103;153;155;83;88;44;147;109;107;212;95
1_106_TsaM#140,1_106_TsaM,1,2,69V 103L 153W 155W 83N 88R 44Y 147E 109G 107Y 212H 95G,69;103;153;155;83;88;44;147;109;107;212;95
1_106_TsaM#141,1_106_TsaM,1,3,69L 103V 153W 155W 83N 88R 44Y 147E 109G 107Y 212H 95G,69;103;153;155;83;88;44;147;109;107;212;95
1_106_TsaM#142,1_106_TsaM,1,1,69V 103L 153W 155W 83D 88R 44Y 147E 109G 107Y 212H 95G,69;103;153;155;83;88;44;147;109;107;212;95
1_106_TsaM#143,1_106_TsaM,1,1,69L 103I 153W 155W 83D 88R 44Y 147E 109G 107Y 212H 95G,69;103;153;155;83;88;44;147;109;107;212;95
1_106_TsaM#144,1_106_TsaM,1,0,69V 103I 153W 155W 83D 88R 44Y 147E 109G 107Y 212H 95G,69;103;153;155;83;88;44;147;109;107;212;95
1_106_TsaM#145,1_106_TsaM,1,2,69V 103I 153W 155W 83D 88R 44W 147D 109G 107Y 212H 95G,69;103;153;155;83;88;44;147;109;107;212;95
1_106_TsaM#146,1_106_TsaM,1,1,69V 103L 153W 155W 83D 88R 44Y 147E 109G 107Y 212H 95G,69;103;153;155;83;88;44;147;109;107;212;95
1_106_TsaM#147,1_106_TsaM,1,0,69V 103I 153W 155W 83D 88R 44Y 147E 109G 107Y 212H 95G,69;103;153;155;83;88;44;147;109;107;212;95
1_106_TsaM#148,1_106_TsaM,1,1,69V 103L 153W 155W 83D 88R 44Y 147E 109G 107Y 212H 95G,69;103;153;155;83;88;44;147;109;107;212;95
1_106_TsaM#149,1_106_TsaM,1,4,69L 103V 153M 155F 83D 88R 44Y 147E 109G 107Y 212H 95G,69;103;153;155;83;88;44;147;109;107;212;95
1_106_TsaM#150,1_106_TsaM,1,2,69V 103I 153L 155W 83D 88R 44H 147E 109G 107Y 212H 95G,69;103;153;155;83;88;44;147;109;107;212;95
1_106_TsaM#151,1_106_TsaM,1,1,69V 103V 153W 155W 83D 88R 44Y 147E 109G 107Y 212H 95G,69;103;153;155;83;88;44;147;109;107;212;95
1_106_TsaM#152,1_106_TsaM,1,2,69V 103I 153W 155W 83A 88R 44Y 147Q 109G 107Y 212H 95G,69;103;153;155;83;88;44;147;109;107;212;95
1_106_TsaM#153,1_106_TsaM,1,1,69V 103V 153W 155W 83D 88R 44Y 147E 109G 107Y 212H 95G,69;103;153;155;83;88;44;147;109;107;212;95
1_106_TsaM#154,1_106_TsaM,1,1,69V 103V 153W 155W 83D 88R 44Y 147E 109G 107Y 212H 95G,69;103;153;155;83;88;44;147;109;107;212;95
1_106_TsaM#155,1_106_TsaM,1,1,69M 103I 153W 155W 83D 88R 44Y 147E 109G 107Y 212H 95G,69;103;153;155;83;88;44;147;109;107;212;95
1_106_TsaM#156,1_106_TsaM,1,4,69V 103V 153W 155W 83N 88R 44Y 147Q 109G 107Y 212H 95S,69;103;153;155;83;88;44;147;109;107;212;95
1_106_TsaM#157,1_106_TsaM,1,0,69V 103I 153W 155W 83D 88R 44Y 147E 109G 107Y 212H 95G,69;103;153;155;83;88;44;147;109;107;212;95
1_106_TsaM#158,1_106_TsaM,1,1,69V 103I 153W 155W 83D 88R 44Y 147E 109G 107Y 212H 95S,69;103;153;155;83;88;44;147;109;107;212;95
1_106_TsaM#159,1_106_TsaM,1,2,69I 103V 153W 155W 83D 88R 44Y 147E 109G 107Y 212H 95G,69;103;153;155;83;88;44;147;109;107;212;95
1_106_TsaM#160,1_106_TsaM,1,1,69V 103L 153W 155W 83D 88R 44Y 147E 109G 107Y 212H 95G,69;103;153;155;83;88;44;147;109;107;212;95
1_106_TsaM#161,1_106_TsaM,1,1,69V 103V 153W 155W 83D 88R 44Y 147E 109G 107Y 212H 95G,69;103;153;155;83;88;44;147;109;107;212;95
1_106_TsaM#162,1_106_TsaM,1,1,69V 103I 153W 155W 83D 88R 44Y 147V 109G 107Y 212H 95G,69;103;153;155;83;88;44;147;109;107;212;95
1_106_TsaM#163,1_106_TsaM,1,1,69V 103V 153W 155W 83D 88R 44Y 147E 109G 107Y 212H 95G,69;103;153;155;83;88;44;147;109;107;212;95
1_106_TsaM#164,1_106_TsaM,1,0,69V 103I 153W 155W 83D 88R 44Y 147E 109G 107Y 212H 95G,69;103;153;155;83;88;44;147;109;107;212;95
1_106_TsaM#165,1_106_TsaM,1,3,69L 103I 153W 155W 83N 88R 44Y 147E 109A 107Y 212H 95G,69;103;153;155;83;88;44;147;109;107;212;95
1_106_TsaM#166,1_106_TsaM,1,2,69M 103I 153W 155W 83A 88R 44Y 147E 109G 107Y 212H 95G,69;103;153;155;83;88;44;147;109;107;212;95
1_106_TsaM#167,1_106_TsaM,1,1,69V 103I 153W 155W 83D 88K 44Y 147E 109G 107Y 212H 95G,69;103;153;155;83;88;44;147;109;107;212;95
5_507_BmoA#0,5_507_BmoA,105,3,103F 209E 220L 39F 205E 52L 70V 153W 81F 92L 112Y 107Y,103;209;220;39;205;52;70;153;81;92;112;107
5_507_BmoA#1,5_507_BmoA,47,7,103F 209E 220L 39W 205A 52I 70V 153W 81Y 92L 112W 107F,103;209;220;39;205;52;70;153;81;92;112;107
5_507_BmoA#2,5_507_BmoA,28,4,103L 209C 220L 39F 205E 52V 70I 153F 81Y 92L 112Y 107Y,103;209;220;39;205;52;70;153;81;92;112;107
5_507_BmoA#3,5_507_BmoA,26,4,103L 209E 220T 39F 205D 52I 70V 153F 81F 92V 112Y 107F,103;209;220;39;205;52;70;153;81;92;112;107
5_507_BmoA#4,5_507_BmoA,18,2,103L 209C 220L 39F 205E 52I 70I 153F 81F 92L 112Y 107Y,103;209;220;39;205;52;70;153;81;92;112;107
5_507_BmoA#5,5_507_BmoA,16,5,103L 209E 220L 39W 205D 52V 70I 153F 81F 92L 112W 107Y,103;209;220;39;205;52;70;153;81;92;112;107
5_507_BmoA#6,5_507_BmoA,16,7,103I 209D 220L 39F 205E 52V 70L 153F 81L 92M 112Y 107L,103;209;220;39;205;52;70;153;81;92;112;107
5_507_BmoA#7,5_507_BmoA,16,3,103L 209C 220L 39F 205E 52I 70I 153F 81F 92I 112Y 107Y,103;209;220;39;205;52;70;153;81;92;112;107
5_507_BmoA#8,5_507_BmoA,14,5,103F 209E 220L 39W 205D 52I 70I 153W 81F 92L 112Y 107Y,103;209;220;39;205;52;70;153;81;92;112;107
5_507_BmoA#9,5_507_BmoA,13,4,103I 209C 220L 39F 205E 52V 70I 153F 81F 92L 112Y 107Y,103;209;220;39;205;52;70;153;81;92;112;107
5_507_BmoA#10,5_507_BmoA,13,4,103I 209E 220T 39F 205E 52L 70V 153Y 81F 92L 112Y 107Y,103;209;220;39;205;52;70;153;81;92;112;107
5_507_BmoA#11,5_507_BmoA,10,3,103L 209C 220L 39F 205E 52I 70V 153Y 81F 92I 112Y 107Y,103;209;220;39;205;52;70;153;81;92;112;107
5_507_BmoA#12,5_507_BmoA,9,4,103L 209D 220T 39F 205E 52L 70I 153F 81F 92L 112Y 107Y,103;209;220;39;205;52;70;153;81;92;112;107
5_507_BmoA#13,5_507_BmoA,8,5,103F 209D 220T 39F 205E 52I 70V 153F 81Y 92V 112Y 107Y,103;209;220;39;205;52;70;153;81;92;112;107
5_507_BmoA#14,5_507_BmoA,7,5,103F 209E 220T 39W 205D 52L 70V 153F 81F 92L 112Y 107Y,103;209;220;39;205;52;70;153;81;92;112;107
5_507_BmoA#15,5_507_BmoA,7,6,103F 209E 220T 39W 205H 52L 70L 153F 81F 92L 112Y 107Y,103;209;220;39;205;52;70;153;81;92;112;107
5_507_BmoA#16,5_507_BmoA,7,4,103L 209D 220L 39I 205D 52L 70V 153F 81F 92L 112Y 107Y,103;209;220;39;205;52;70;153;81;92;112;107
5_507_BmoA#17,5_507_BmoA,7,6,103L 209E 220T 39F 205D 52L 70L 153V 81F 92L 112Y 107F,103;209;220;39;205;52;70;153;81;92;112;107
5_507_BmoA#18,5_507_BmoA,6,5,103F 209E 220L 39W 205D 52L 70I 153F 81F 92L 112Y 107Y,103;209;220;39;205;52;70;153;81;92;112;107
5_507_BmoA#19,5_507_BmoA,6,4,103I 209C 220L 39F 205E 52I 70I 153W 81F 92L 112Y 107Y,103;209;220;39;205;52;70;153;81;92;112;107
5_507_BmoA#20,5_507_BmoA,6,4,103L 209C 220L 39F 205E 52L 70I 153F 81F 92I 112Y 107Y,103;209;220;39;205;52;70;153;81;92;112;107
5_507_BmoA#21,5_507_BmoA,5,3,103I 209E 220L 39F 205E 52L 70V 153Y 81F 92L 112Y 107Y,103;209;220;39;205;52;70;153;81;92;112;107
5_507_BmoA#22,5_507_BmoA,5,3,103F 209E 220T 39F 205E 52I 70V 153F 81F 92V 112Y 107Y,103;209;220;39;205;52;70;153;81;92;112;107
5_507_BmoA#23,5_507_BmoA,5,4,103L 209E 220T 39F 205E 52V 70I 153F 81F 92V 112Y 107Y,103;209;220;39;205;52;70;153;81;92;112;107
5_507_BmoA#24,5_507_BmoA,5,4,103L 209E 220L 39F 205D 52I 70I 153F 81F 92V 112Y 107F,103;209;220;39;205;52;70;153;81;92;112;107
5_507_BmoA#25,5_507_BmoA,5,5,103F 209E 220T 39F 205D 52M 70I 153F 81F 92L 112Y 107Y,103;209;220;39;205;52;70;153;81;92;112;107
5_507_BmoA#26,5_507_BmoA,5,3,103L 209D 220L 39F 205D 52I 70V 153F 81F 92I 112Y 107Y,103;209;220;39;205;52;70;153;81;92;112;107
5_507_BmoA#27,5_507_BmoA,5,5,103I 209E 220S 39- 205E 52V 70V 153F 81Y 92L 112Y 107Y,103;209;220;39;205;52;70;153;81;92;112;107
5_507_BmoA#28,5_507_BmoA,4,3,103L 209C 220L 39W 205E 52I 70V 153F 81F 92I 112Y 107Y,103;209;220;39;205;52;70;153;81;92;112;107
5_507_BmoA#29,5_507_BmoA,4,6,103I 209E 220L 39W 205E 52I 70L 153W 81F 92L 112W 107F,103;209;220;39;205;52;70;153;81;92;112;107
5_507_BmoA#30,5_507_BmoA,4,4,103L 209E 220T 39F 205D 52I 70V 153F 81F 92L 112F 107F,103;209;220;39;205;52;70;153;81;92;112;107
5_507_BmoA#31,5_507_BmoA,4,4,103F 209E 220L 39W 205D 52L 70V 153F 81F 92L 112Y 107Y,103;209;220;39;205;52;70;153;81;92;112;107
5_507_BmoA#32,5_507_BmoA,4,4,103F 209E 220L 39W 205D 52L 70V 153F 81F 92L 112Y 107Y,103;209;220;39;205;52;70;153;81;92;112;107
5_507_BmoA#33,5_507_BmoA,4,4,103F 209E 220L 39W 205E 52I 70V 153F 81Y 92L 112W 107Y,103;209;220;39;205;52;70;153;81;92;112;107
5_507_BmoA#34,5_507_BmoA,4,6,103F 209E 220T 39F 205E 52L 70L 153W 81F 92L 112W 107Y,103;209;220;39;205;52;70;153;81;92;112;107
5_507_BmoA#35,5_507_BmoA,4,5,103F 209E 220T 39L 205E 52I 70V 153Y 81L 92L 112Y 107Y,103;209;220;39;205;52;70;153;81;92;112;107
5_507_BmoA#36,5_507_BmoA,4,6,103F 209E 220L 39W 205E 52L 70I 153F 81F 92L 112W 107F,103;209;220;39;205;52;70;153;81;92;112;107
5_507_BmoA#37,5_507_BmoA,4,5,103F 209E 220L 39W 205D 52I 70L 153W 81F 92L 112Y 107Y,103;209;220;39;205;52;70;153;81;92;112;107
5_507_BmoA#38,5_507_BmoA,4,8,103I 209C 220S 39W 205D 52I 70A 153F 81L 92L 112Y 107L,103;209;220;39;205;52;70;153;81;92;112;107
5_507_BmoA#39,5_507_BmoA,4,5,103I 209E 220T 39F 205E 52L 70I 153F 81L 92L 112Y 107Y,103;209;220;39;205;52;70;153;81;92;112;107
5_507_BmoA#40,5_507_BmoA,4,2,103L 209C 220L 39F 205E 52I 70V 153F 81F 92I 112Y 107Y,103;209;220;39;205;52;70;153;81;92;112;107
5_507_BmoA#41,5_507_BmoA,3,4,103L 209C 220L 39L 205E 52V 70V 153F 81F 92L 112F 107Y,103;209;220;39;205;52;70;153;81;92;112;107
5_507_BmoA#42,5_507_BmoA,3,3,103L 209E 220Y 39F 205E 52I 70V 153F 81L 92I 112Y 107Y,103;209;220;39;205;52;70;153;81;92;112;107
5_507_BmoA#43,5_507_BmoA,3,4,103I 209C 220L 39F 205E 52I 70I 153F 81H 92L 112Y 107Y,103;209;220;39;205;52;70;153;81;92;112;107
5_507_BmoA#44,5_507_BmoA,3,4,103F 209E 220L 39W 205E 52I 70V 153F 81H 92L 112W 107Y,103;209;220;39;205;52;70;153;81;92;112;107
5_507_BmoA#45,5_507_BmoA,3,8,103F 209E 220T 39F 205D 52V 70I 153F 81H 92L 112F 107F,103;209;220;39;205;52;70;153;81;92;112;107
5_507_BmoA#46,5_507_BmoA,3,2,103L 209D 220L 39F 205D 52I 70V 153F 81F 92L 112Y 107Y,103;209;220;39;205;52;70;153;81;92;112;107
5_507_BmoA#47,5_507_BmoA,3,5,103L 209E 220T 39F 205D 52L 70I 153F 81F 92L 112F 107Y,103;209;220;39;205;52;70;153;81;92;112;107
5_507_BmoA#48,5_507_BmoA,3,6,103F 209E 220T 39F 205D 52L 70I 153F 81F 92V 112Y 107Y,103;209;220;39;205;52;70;153;81;92;112;107
5_507_BmoA#49,5_507_BmoA,2,7,103L 209C 220I 39F 205D 52F 70I 153W 81F 92V 112Y 107Y,103;209;220;39;205;52;70;153;81;92;112;107
5_507_BmoA#50,5_507_BmoA,2,5,103M 209D 220T 39F 205E 52L 70V 153F 81F 92I 112Y 107Y,103;209;220;39;205;52;70;153;81;92;112;107
5_507_BmoA#51,5_507_BmoA,2,5,103V 209C 220L 39L 205E 52V 70L 153F 81F 92L 112Y 107Y,103;209;220;39;205;52;70;153;81;92;112;107
5_507_BmoA#52,5_507_BmoA,2,6,103I 209E 220L 39W 205E 52I 70V 153W 81Y 92L 112W 107F,103;209;220;39;205;52;70;153;81;92;112;107
5_507_BmoA#53,5_507_BmoA,2,7,103F 209E 220T 39F 205G 52L 70L 153F 81F 92V 112Y 107F,103;209;220;39;205;52;70;153;81;92;112;107
5_507_BmoA#54,5_507_BmoA,2,3,103L 209E 220Y 39F 205E 52L 70V 153F 81L 92L 112Y 107Y,103;209;220;39;205;52;70;153;81;92;112;107
5_507_BmoA#55,5_507_BmoA,2,4,103L 209E 220L 39W 205E 52I 70V 153F 81Y 92L 112W 107F,103;209;220;39;205;52;70;153;81;92;112;107
5_507_BmoA#56,5_507_BmoA,2,3,103L 209E 220L 39F 205E 52L 70I 153F 81L 92L 112Y 107Y,103;209;220;39;205;52;70;153;81;92;112;107
5_507_BmoA#57,5_507_BmoA,2,3,103F 209E 220T 39F 205E 52V 70V 153F 81F 92L 112Y 107Y,103;209;220;39;205;52;70;153;81;92;112;107
5_507_BmoA#58,5_507_BmoA,2,6,103I 209C 220L 39W 205E 52I 70C 153W 81Y 92L 112Y 107Y,103;209;220;39;205;52;70;153;81;92;112;107
5_507_BmoA#59,5_507_BmoA,2,4,103H 209E 220T 39F 205E 52I 70V 153F 81L 92V 112Y 107Y,103;209;220;39;205;52;70;153;81;92;112;107
5_507_BmoA#60,5_507_BmoA,2,4,103I 209E 220T 39F 205E 52L 70L 153F 81F 92L 112Y 107Y,103;209;220;39;205;52;70;153;81;92;112;107
5_507_BmoA#61,5_507_BmoA,2,8,103I 209E 220M 39W 205E 52V 70I 153F 81Y 92L 112W 107F,103;209;220;39;205;52;70;153;81;92;112;107
5_507_BmoA#62,5_507_BmoA,2,6,103L 209C 220Y 39F 205E 52V 70V 153L 81Y 92L 112F 107Y,103;209;220;39;205;52;70;153;81;92;112;107
5_507_BmoA#63,5_507_BmoA,2,9,103I 209D 220T 39L 205D 52V 70I 153F 81F 92V 112Y 107F,103;209;220;39;205;52;70;153;81;92;112;107
5_507_BmoA#64,5_507_BmoA,2,5,103L 209E 220L 39F 205D 52L 70I 153F 81F 92V 112Y 107F,103;209;220;39;205;52;70;153;81;92;112;107
5_507_BmoA#65,5_507_BmoA,2,7,103I 209E 220L 39F 205D 52V 70I 153F 81V 92V 112Y 107F,103;209;220;39;205;52;70;153;81;92;112;107
5_507_BmoA#66,5_507_BmoA,2,3,103L 209D 220L 39F 205D 52I 70V 153F 81L 92L 112Y 107Y,103;209;220;39;205;52;70;153;81;92;112;107
5_507_BmoA#67,5_507_BmoA,2,3,103I 209E 220T 39F 205E 52L 70V 153F 81F 92L 112Y 107Y,103;209;220;39;205;52;70;153;81;92;112;107
5_507_BmoA#68,5_507_BmoA,2,5,103I 209E 220T 39F 205E 52L 70V 153M 81L 92L 112Y 107Y,103;209;220;39;205;52;70;153;81;92;112;107
5_507_BmoA#69,5_507_BmoA,2,4,103L 209C 220L 39F 205E 52I 70I 153F 81I 92V 112Y 107Y,103;209;220;39;205;52;70;153;81;92;112;107
5_507_BmoA#70,5_507_BmoA,2,2,103L 209C 220L 39F 205E 52I 70V 153F 81F 92I 112Y 107Y,103;209;220;39;205;52;70;153;81;92;112;107
5_507_BmoA#71,5_507_BmoA,2,5,103L 209E 220T 39F 205D 52V 70I 153F 81F 92V 112Y 107Y,103;209;220;39;205;52;70;153;81;92;112;107
5_507_BmoA#72,5_507_BmoA,1,7,103L 209C 220I 39F 205D 52V 70I 153W 81F 92V 112Y 107Y,103;209;220;39;205;52;70;153;81;92;112;107
5_507_BmoA#73,5_507_BmoA,1,7,103L 209C 220T 39F 205D 52F 70L 153F 81F 92V 112Y 107F,103;209;220;39;205;52;70;153;81;92;112;107
5_507_BmoA#74,5_507_BmoA,1,3,103I 209E 220L 39F 205E 52V 70L 153F 81F 92L 112Y 107Y,103;209;220;39;205;52;70;153;81;92;112;107
5_507_BmoA#75,5_507_BmoA,1,6,103L 209D 220Y 39W 205E 52I 70V 153W 81L 92I 112Y 107Y,103;209;220;39;205;52;70;153;81;92;112;107
5_507_BmoA#76,5_507_BmoA,1,6,103F 209E 220S 39F 205E 52L 70F 153F 81Y 92V 112Y 107Y,103;209;220;39;205;52;70;153;81;92;112;107
5_507_BmoA#77,5_507_BmoA,1,7,103L 209E 220S 39- 205E 52V 70I 153M 81L 92V 112Y 107Y,103;209;220;39;205;52;70;153;81;92;112;107
5_507_BmoA#78,5_507_BmoA,1,7,103F 209E 220S 39W 205E 52L 70I 153F 81F 92L 112W 107F,103;209;220;39;205;52;70;153;81;92;112;107
5_507_BmoA#79,5_507_BmoA,1,7,103F 209E 220A 39W 205E 52L 70I 153F 81L 92L 112Y 107F,103;209;220;39;205;52;70;153;81;92;112;107
5_507_BmoA#80,5_507_BmoA,1,4,103I 209D 220T 39F 205E 52F 70V 153F 81F 92L 112Y 107Y,103;209;220;39;205;52;70;153;81;92;112;107
5_507_BmoA#81,5_507_BmoA,1,6,103L 209C 220T 39L 205D 52L 70V 153F 81F 92I 112Y 107Y,103;209;220;39;205;52;70;153;81;92;112;107
5_507_BmoA#82,5_507_BmoA,1,3,103L 209D 220S 39F 205D 52I 70V 153F 81F 92L 112Y 107Y,103;209;220;39;205;52;70;153;81;92;112;107
5_507_BmoA#83,5_507_BmoA,1,7,103F 209E 220L 39W 205D 52I 70V 153F 81Y 92I 112F 107F,103;209;220;39;205;52;70;153;81;92;112;107
5_507_BmoA#84,5_507_BmoA,1,6,103F 209E 220T 39L 205D 52I 70L 153W 81F 92L 112Y 107Y,103;209;220;39;205;52;70;153;81;92;112;107
5_507_BmoA#85,5_507_BmoA,1,5,103L 209E 220T 39F 205D 52L 70I 153W 81F 92L 112Y 107Y,103;209;220;39;205;52;70;153;81;92;112;107
5_507_BmoA#86,5_507_BmoA,1,5,103L 209E 220T 39F 205E 52V 70V 153W 81L 92M 112Y 107Y,103;209;220;39;205;52;70;153;81;92;112;107
5_507_BmoA#87,5_507_BmoA,1,4,103L 209E 220L 39W 205E 52I 70V 153F 81Y 92L 112W 107F,103;209;220;39;205;52;70;153;81;92;112;107
5_507_BmoA#88,5_507_BmoA,1,3,103L 209E 220T 39F 205E 52L 70L 153F 81F 92L 112Y 107Y,103;209;220;39;205;52;70;153;81;92;112;107
5_507_BmoA#89,5_507_BmoA,1,6,103F 209D 220E 39F 205E 52V 70V 153F 81M 92V 112Y 107Y,103;209;220;39;205;52;70;153;81;92;112;107
5_507_BmoA#90,5_507_BmoA,1,5,103I 209C 220L 39F 205E 52V 70I 153Y 81F 92L 112Y 107Y,103;209;220;39;205;52;70;153;81;92;112;107
5_507_BmoA#91,5_507_BmoA,1,6,103L 209C 220Y 39F 205E 52L 70L 153F 81H 92I 112Y 107Y,103;209;220;39;205;52;70;153;81;92;112;107
5_507_BmoA#92,5_507_BmoA,1,6,103F 209E 220T 39F 205D 52L 70L 153F 81F 92L 112Y 107F,103;209;220;39;205;52;70;153;81;92;112;107
5_507_BmoA#93,5_507_BmoA,1,3,103L 209E 220S 39F 205E 52V 70V 153F 81F 92V 112Y 107Y,103;209;220;39;205;52;70;153;81;92;112;107
5_507_BmoA#94,5_507_BmoA,1,6,103I 209C 220L 39F 205A 52V 70L 153F 81Y 92L 112Y 107Y,103;209;220;39;205;52;70;153;81;92;112;107
5_507_BmoA#95,5_507_BmoA,1,5,103I 209C 220L 39W 205E 52L 70A 153F 81F 92L 112Y 107Y,103;209;220;39;205;52;70;153;81;92;112;107
5_507_BmoA#96,5_507_BmoA,1,4,103F 209E 220T 39F 205E 52I 70I 153F 81F 92I 112Y 107Y,103;209;220;39;205;52;70;153;81;92;112;107
5_507_BmoA#97,5_507_BmoA,1,8,103F 209D 220G 39F 205D 52I 70I 153W 81F 92V 112F 107Y,103;209;220;39;205;52;70;153;81;92;112;107
5_507_BmoA#98,5_507_BmoA,1,5,103L 209E 220T 39F 205D 52I 70L 153F 81F 92V 112Y 107F,103;209;220;39;205;52;70;153;81;92;112;107
5_507_BmoA#99,5_507_BmoA,1,8,103F 209E 220V 39W 205D 52L 70C 153W 81F 92L 112W 107Y,103;209;220;39;205;52;70;153;81;92;112;107
5_507_BmoA#100,5_507_BmoA,1,8,103F 209E 220T 39L 205D 52L 70L 153W 81F 92V 112Y 107Y,103;209;220;39;205;52;70;153;81;92;112;107
5_507_BmoA#101,5_507_BmoA,1,5,103L 209D 220T 39F 205E 52I 70I 153W 81Y 92L 112Y 107Y,103;209;220;39;205;52;70;153;81;92;112;107
5_507_BmoA#102,5_507_BmoA,1,4,103L 209E 220M 39W 205E 52I 70V 153Y 81F 92L 112W 107Y,103;209;220;39;205;52;70;153;81;92;112;107
5_507_BmoA#103,5_507_BmoA,1,6,103I 209C 220L 39Y 205E 52V 70I 153Y 81F 92L 112Y 107Y,103;209;220;39;205;52;70;153;81;92;112;107
5_507_BmoA#104,5_507_BmoA,1,5,103F 209C 220T 39F 205E 52L 70V 153F 81F 92L 112Y 107F,103;209;220;39;205;52;70;153;81;92;112;107
5_507_BmoA#105,5_507_BmoA,1,5,103F 209E 220M 39W 205E 52I 70V 153F 81F 92L 112W 107F,103;209;220;39;205;52;70;153;81;92;112;107
5_507_BmoA#106,5_507_BmoA,1,5,103M 209E 220T 39W 205D 52F 70V 153F 81F 92L 112Y 107Y,103;209;220;39;205;52;70;153;81;92;112;107
5_507_BmoA#107,5_507_BmoA,1,5,103L 209E 220T 39F 205D 52L 70L 153F 81F 92L 112F 107Y,103;209;220;39;205;52;70;153;81;92;112;107
5_507_BmoA#108,5_507_BmoA,1,5,103L 209E 220V 39W 205E 52V 70I 153F 81F 92L 112Y 107F,103;209;220;39;205;52;70;153;81;92;112;107
5_507_BmoA#109,5_507_BmoA,1,6,103I 209E 220L 39W 205E 52I 70V 153W 81L 92L 112F 107F,103;209;220;39;205;52;70;153;81;92;112;107
5_507_BmoA#110,5_507_BmoA,1,8,103P 209D 220T 39F 205E 52L 70I 153F 81Y 92I 112F 107Y,103;209;220;39;205;52;70;153;81;92;112;107
5_507_BmoA#111,5_507_BmoA,1,5,103F 209E 220L 39W 205E 52I 70V 153F 81Y 92L 112F 107F,103;209;220;39;205;52;70;153;81;92;112;107
5_507_BmoA#112,5_507_BmoA,1,5,103L 209D 220V 39F 205E 52V 70I 153L 81F 92L 112Y 107Y,103;209;220;39;205;52;70;153;81;92;112;107
5_507_BmoA#113,5_507_BmoA,1,7,103F 209E 220T 39F 205K 52L 70V 153W 81F 92I 112Y 107F,103;209;220;39;205;52;70;153;81;92;112;107
5_507_BmoA#114,5_507_BmoA,1,2,103L 209E 220T 39F 205E 52V 70V 153F 81F 92L 112Y 107Y,103;209;220;39;205;52;70;153;81;92;112;107
5_507_BmoA#115,5_507_BmoA,1,7,103M 209E 220T 39F 205D 52L 70L 153F 81F 92L 112F 107F,103;209;220;39;205;52;70;153;81;92;112;107
5_507_BmoA#116,5_507_BmoA,1,5,103L 209E 220T 39W 205D 52F 70L 153F 81F 92L 112Y 107Y,103;209;220;39;205;52;70;153;81;92;112;107
5_507_BmoA#117,5_507_BmoA,1,6,103I 209E 220F 39L 205E 52I 70I 153F 81F 92L 112W 107V,103;209;220;39;205;52;70;153;81;92;112;107
5_507_BmoA#118,5_507_BmoA,1,3,103I 209E 220L 39F 205E 52V 70I 153F 81F 92L 112Y 107Y,103;209;220;39;205;52;70;153;81;92;112;107
5_507_BmoA#119,5_507_BmoA,1,5,103M 209E 220I 39W 205E 52I 70V 153F 81F 92L 112W 107F,103;209;220;39;205;52;70;153;81;92;112;107
5_507_BmoA#120,5_507_BmoA,1,6,103I 209E 220S 39W 205E 52L 70V 153F 81F 92L 112W 107F,103;209;220;39;205;52;70;153;81;92;112;107
5_507_BmoA#121,5_507_BmoA,1,4,103L 209D 220A 39F 205D 52I 70A 153F 81F 92L 112Y 107Y,103;209;220;39;205;52;70;153;81;92;112;107
5_507_BmoA#122,5_507_BmoA,1,6,103F 209E 220L 39W 205D 52C 70F 153W 81F 92L 112Y 107Y,103;209;220;39;205;52;70;153;81;92;112;107
5_507_BmoA#123,5_507_BmoA,1,9,103F 209E 220T 39W 205D 52L 70L 153F 81F 92V 112F 107F,103;209;220;39;205;52;70;153;81;92;112;107
5_507_BmoA#124,5_507_BmoA,1,7,103F 209E 220T 39W 205D 52L 70I 153F 81F 92V 112Y 107Y,103;209;220;39;205;52;70;153;81;92;112;107
5_507_BmoA#125,5_507_BmoA,1,6,103F 209E 220A 39W 205E 52L 70I 153F 81F 92L 112Y 107F,103;209;220;39;205;52;70;153;81;92;112;107
5_507_BmoA#126,5_507_BmoA,1,4,103L 209C 220L 39F 205E 52V 70I 153F 81F 92I 112Y 107Y,103;209;220;39;205;52;70;153;81;92;112;107
5_507_BmoA#127,5_507_BmoA,1,5,103I 209E 220L 39F 205D 52V 70V 153F 81F 92V 112Y 107F,103;209;220;39;205;52;70;153;81;92;112;107
5_507_BmoA#128,5_507_BmoA,1,3,103L 209E 220L 39F 205D 52I 70I 153F 81F 92L 112Y 107F,103;209;220;39;205;52;70;153;81;92;112;107
5_507_BmoA#129,5_507_BmoA,1,6,103L 209E 220I 39W 205D 52L 70M 153W 81F 92L 112Y 107Y,103;209;220;39;205;52;70;153;81;92;112;107
5_507_BmoA#130,5_507_BmoA,1,7,103I 209E 220I 39W 205E 52V 70I 153F 81F 92L 112W 107F,103;209;220;39;205;52;70;153;81;92;112;107
5_507_BmoA#131,5_507_BmoA,1,4,103L 209E 220T 39R 205E 52L 70V 153F 81L 92L 112Y 107Y,103;209;220;39;205;52;70;153;81;92;112;107
5_507_BmoA#132,5_507_BmoA,1,6,103L 209E 220T 39L 205E 52M 70L 153L 81F 92L 112F 107Y,103;209;220;39;205;52;70;153;81;92;112;107
5_507_BmoA#133,5_507_BmoA,1,7,103F 209C 220L 39L 205E 52L 70L 153Y 81Y 92L 112Y 107Y,103;209;220;39;205;52;70;153;81;92;112;107
5_507_BmoA#134,5_507_BmoA,1,3,103L 209D 220L 39F 205E 52I 70L 153F 81F 92L 112Y 107W,103;209;220;39;205;52;70;153;81;92;112;107
5_507_BmoA#135,5_507_BmoA,1,4,103L 209C 220L 39L 205E 52I 70V 153F 81V 92I 112Y 107Y,103;209;220;39;205;52;70;153;81;92;112;107
5_507_BmoA#136,5_507_BmoA,1,7,103F 209E 220T 39F 205E 52V 70C 153F 81M 92I 112Y 107F,103;209;220;39;205;52;70;153;81;92;112;107
5_507_BmoA#137,5_507_BmoA,1,4,103L 209C 220L 39F 205E 52I 70L 153F 81Y 92V 112Y 107Y,103;209;220;39;205;52;70;153;81;92;112;107
5_507_BmoA#138,5_507_BmoA,1,4,103I 209E 220L 39F 205E 52V 70I 153Y 81F 92L 112Y 107Y,103;209;220;39;205;52;70;153;81;92;112;107
5_507_BmoA#139,5_507_BmoA,1,7,103F 209E 220S 39F 205D 52L 70I 153F 81F 92V 112Y 107F,103;209;220;39;205;52;70;153;81;92;112;107
4_404_TdnA1#0,4_404_TdnA1,104,2,359W 210A 109G 213F 198G 155S 353P 114L 351G 349G 309L 166F,359;210;109;213;198;155;353;114;351;349;309;166
4_404_TdnA1#1,4_404_TdnA1,94,3,359W 210L 109S 213F 198G 155S 353P 114L 351G 349G 309L 166F,359;210;109;213;198;155;353;114;351;349;309;166
4_404_TdnA1#2,4_404_TdnA1,23,9,359Y 210T 109A 213A 198S 155S 353P 114L 351V 349S 309I 166F,359;210;109;213;198;155;353;114;351;349;309;166
4_404_TdnA1#3,4_404_TdnA1,21,1,359W 210A 109G 213F 198G 155T 353P 114L 351G 349G 309L 166F,359;210;109;213;198;155;353;114;351;349;309;166
4_404_TdnA1#4,4_404_TdnA1,15,8,359F 210G 109G 213V 198C 155T 353M 114N 351G 349V 309I 166H,359;210;109;213;198;155;353;114;351;349;309;166
4_404_TdnA1#5,4_404_TdnA1,15,11,359Y 210T 109A 213P 198C 155R 353H 114T 351V 349S 309F 166F,359;210;109;213;198;155;353;114;351;349;309;166
4_404_TdnA1#6,4_404_TdnA1,14,9,359Y 210G 109G 213P 198A 155S 353A 114N 351L 349G 309I 166H,359;210;109;213;198;155;353;114;351;349;309;166
4_404_TdnA1#7,4_404_TdnA1,14,1,359W 210G 109N 213F 198G 155T 353P 114L 351G 349G 309L 166F,359;210;109;213;198;155;353;114;351;349;309;166
4_404_TdnA1#8,4_404_TdnA1,12,11,359F 210T 109A 213P 198C 155R 353H 114L 351V 349S 309I 166Y,359;210;109;213;198;155;353;114;351;349;309;166
4_404_TdnA1#9,4_404_TdnA1,11,1,359W 210G 109A 213F 198G 155T 353P 114L 351G 349G 309L 166F,359;210;109;213;198;155;353;114;351;349;309;166
4_404_TdnA1#10,4_404_TdnA1,10,2,359W 210A 109G 213F 198G 155T 353P 114L 351G 349G 309L 166W,359;210;109;213;198;155;353;114;351;349;309;166
4_404_TdnA1#11,4_404_TdnA1,8,2,359W 210G 109S 213F 198G 155S 353P 114L 351G 349G 309L 166F,359;210;109;213;198;155;353;114;351;349;309;166
4_404_TdnA1#12,4_404_TdnA1,7,9,359G 210G 109G 213A 198A 155S 353A 114N 351L 349G 309V 166H,359;210;109;213;198;155;353;114;351;349;309;166
4_404_TdnA1#13,4_404_TdnA1,7,12,359Y 210T 109A 213P 198C 155K 353H 114T 351V 349S 309V 166Y,359;210;109;213;198;155;353;114;351;349;309;166
4_404_TdnA1#14,4_404_TdnA1,6,10,359Y 210G 109S 213P 198A 155S 353A 114N 351L 349G 309I 166H,359;210;109;213;198;155;353;114;351;349;309;166
4_404_TdnA1#15,4_404_TdnA1,6,1,359W 210A 109G 213F 198G 155T 353P 114L 351G 349G 309L 166F,359;210;109;213;198;155;353;114;351;349;309;166
4_404_TdnA1#16,4_404_TdnA1,5,6,359F 210G 109G 213V 198G 155T 353P 114N 351G 349A 309I 166Y,359;210;109;213;198;155;353;114;351;349;309;166
4_404_TdnA1#17,4_404_TdnA1,5,9,359Y 210G 109G 213P 198A 155S 353A 114N 351L 349G 309I 166H,359;210;109;213;198;155;353;114;351;349;309;166
4_404_TdnA1#18,4_404_TdnA1,5,1,359W 210A 109G 213F 198G 155T 353P 114L 351G 349G 309L 166F,359;210;109;213;198;155;353;114;351;349;309;166
4_404_TdnA1#19,4_404_TdnA1,4,10,359F 210T 109A 213P 198C 155R 353H 114L 351V 349S 309L 166Y,359;210;109;213;198;155;353;114;351;349;309;166
4_404_TdnA1#20,4_404_TdnA1,4,12,359Y 210T 109A 213P 198C 155R 353H 114T 351V 349S 309F 166Y,359;210;109;213;198;155;353;114;351;349;309;166
4_404_TdnA1#21,4_404_TdnA1,3,7,359F 210G 109N 213P 198G 155T 353P 114N 351G 349A 309I 166H,359;210;109;213;198;155;353;114;351;349;309;166
4_404_TdnA1#22,4_404_TdnA1,3,3,359W 210A 109G 213F 198G 155T 353P 114P 351G 349G 309L 166H,359;210;109;213;198;155;353;114;351;349;309;166
4_404_TdnA1#23,4_404_TdnA1,3,11,359Y 210T 109A 213P 198C 155R 353H 114T 351V 349S 309I 166F,359;210;109;213;198;155;353;114;351;349;309;166
4_404_TdnA1#24,4_404_TdnA1,2,7,359F 210G 109G 213P 198G 155A 353T 114N 351G 349G 309V 166Y,359;210;109;213;198;155;353;114;351;349;309;166
4_404_TdnA1#25,4_404_TdnA1,2,8,359S 210G 109G 213V 198A 155T 353A 114L 351L 349A 309F 166H,359;210;109;213;198;155;353;114;351;349;309;166
4_404_TdnA1#26,4_404_TdnA1,2,6,359F 210P 109G 213F 198G 155T 353A 114S 351G 349G 309V 166Y,359;210;109;213;198;155;353;114;351;349;309;166
4_404_TdnA1#27,4_404_TdnA1,2,6,359F 210G 109G 213A 198A 155T 353P 114L 351G 349S 309P 166W,359;210;109;213;198;155;353;114;351;349;309;166
4_404_TdnA1#28,4_404_TdnA1,2,9,359Y 210G 109G 213P 198S 155S 353A 114N 351L 349G 309I 166H,359;210;109;213;198;155;353;114;351;349;309;166
4_404_TdnA1#29,4_404_TdnA1,2,9,359Y 210G 109S 213P 198A 155S 353A 114N 351L 349G 309L 166H,359;210;109;213;198;155;353;114;351;349;309;166
4_404_TdnA1#30,4_404_TdnA1,2,2,359W 210A 109G 213F 198M 155T 353P 114L 351G 349G 309L 166F,359;210;109;213;198;155;353;114;351;349;309;166
4_404_TdnA1#31,4_404_TdnA1,2,2,359W 210A 109G 213F 198M 155T 353P 114L 351G 349G 309L 166F,359;210;109;213;198;155;353;114;351;349;309;166
4_404_TdnA1#32,4_404_TdnA1,2,1,359W 210A 109G 213F 198G 155T 353P 114L 351G 349G 309L 166F,359;210;109;213;198;155;353;114;351;349;309;166
4_404_TdnA1#33,4_404_TdnA1,1,11,359C 210P 109G 213I 198C 155A 353- 114- 351F 349R 309F 166L,359;210;109;213;198;155;353;114;351;349;309;166
4_404_TdnA1#34,4_404_TdnA1,1,9,359A 210G 109A 213F 198S 155R 353T 114P 351V 349T 309L 166H,359;210;109;213;198;155;353;114;351;349;309;166
4_404_TdnA1#35,4_404_TdnA1,1,11,359A 210N 109A 213F 198I 155G 353D 114N 351V 349S 309Y 166H,359;210;109;213;198;155;353;114;351;349;309;166
4_404_TdnA1#36,4_404_TdnA1,1,10,359Y 210T 109G 213P 198A 155N 353S 114A 351V 349S 309M 166F,359;210;109;213;198;155;353;114;351;349;309;166
4_404_TdnA1#37,4_404_TdnA1,1,9,359G 210G 109A 213A 198S 155N 353A 114L 351L 349G 309I 166H,359;210;109;213;198;155;353;114;351;349;309;166
4_404_TdnA1#38,4_404_TdnA1,1,10,359Y 210G 109S 213P 198A 155S 353A 114N 351L 349G 309I 166H,359;210;109;213;198;155;353;114;351;349;309;166
4_404_TdnA1#39,4_404_TdnA1,1,9,359Y 210G 109G 213P 198A 155S 353A 114T 351L 349G 309I 166H,359;210;109;213;198;155;353;114;351;349;309;166
4_404_TdnA1#40,4_404_TdnA1,1,9,359Y 210G 109G 213P 198A 155S 353A 114N 351L 349G 309I 166H,359;210;109;213;198;155;353;114;351;349;309;166
1_105_DdmC#0,1_105_DdmC,79,4,154V 46L 90A 80C 152V 65D 153W 86P 69V 52V 103L 44Y,154;46;90;80;152;65;153;86;69;52;103;44
1_105_DdmC#1,1_105_DdmC,48,7,154V 46V 90V 80A 152I 65G 153F 86A 69A 52L 103V 44Y,154;46;90;80;152;65;153;86;69;52;103;44
1_105_DdmC#2,1_105_DdmC,20,3,154V 46V 90A 80A 152L 65G 153F 86P 69V 52L 103L 44Y,154;46;90;80;152;65;153;86;69;52;103;44
1_105_DdmC#3,1_105_DdmC,16,3,154F 46L 90A 80V 152V 65G 153W 86P 69V 52L 103L 44Y,154;46;90;80;152;65;153;86;69;52;103;44
1_105_DdmC#4,1_105_DdmC,10,2,154V 46A 90T 80A 152V 65G 153W 86V 69V 52L 103L 44Y,154;46;90;80;152;65;153;86;69;52;103;44
1_105_DdmC#5,1_105_DdmC,10,3,154L 46A 90V 80A 152V 65G 153Y 86P 69V 52L 103L 44Y,154;46;90;80;152;65;153;86;69;52;103;44
1_105_DdmC#6,1_105_DdmC,8,4,154F 46V 90A 80V 152L 65G 153W 86P 69V 52L 103L 44Y,154;46;90;80;152;65;153;86;69;52;103;44
1_105_DdmC#7,1_105_DdmC,7,4,154I 46A 90A 80A 152L 65E 153W 86P 69A 52L 103L 44Y,154;46;90;80;152;65;153;86;69;52;103;44
1_105_DdmC#8,1_105_DdmC,7,8,154F 46A 90V 80M 152L 65D 153W 86P 69L 52V 103I 44Y,154;46;90;80;152;65;153;86;69;52;103;44
1_105_DdmC#9,1_105_DdmC,7,5,154V 46V 90A 80A 152V 65G 153F 86P 69L 52V 103V 44Y,154;46;90;80;152;65;153;86;69;52;103;44
1_105_DdmC#10,1_105_DdmC,7,7,154V 46V 90V 80A 152V 65G 153F 86A 69V 52I 103I 44Q,154;46;90;80;152;65;153;86;69;52;103;44
1_105_DdmC#11,1_105_DdmC,6,4,154V 46A 90T 80A 152V 65D 153W 86V 69V 52L 103L 44F,154;46;90;80;152;65;153;86;69;52;103;44
1_105_DdmC#12,1_105_DdmC,6,3,154V 46L 90V 80C 152V 65G 153W 86P 69V 52L 103L 44Y,154;46;90;80;152;65;153;86;69;52;103;44
1_105_DdmC#13,1_105_DdmC,5,9,154I 46V 90A 80V 152I 65G 153L 86Q 69V 52I 103I 44F,154;46;90;80;152;65;153;86;69;52;103;44
1_105_DdmC#14,1_105_DdmC,5,3,154V 46L 90V 80A 152V 65G 153W 86P 69V 52L 103L 44F,154;46;90;80;152;65;153;86;69;52;103;44
1_105_DdmC#15,1_105_DdmC,5,4,154V 46V 90A 80A 152V 65D 153W 86P 69V 52L 103I 44W,154;46;90;80;152;65;153;86;69;52;103;44
1_105_DdmC#16,1_105_DdmC,5,4,154I 46A 90A 80A 152V 65G 153W 86P 69L 52L 103V 44W,154;46;90;80;152;65;153;86;69;52;103;44
1_105_DdmC#17,1_105_DdmC,4,7,154V 46V 90C 80C 152I 65D 153W 86A 69V 52L 103I 44Y,154;46;90;80;152;65;153;86;69;52;103;44
1_105_DdmC#18,1_105_DdmC,4,5,154L 46A 90A 80A 152V 65D 153W 86P 69F 52V 103V 44Y,154;46;90;80;152;65;153;86;69;52;103;44
1_105_DdmC#19,1_105_DdmC,4,4,154I 46A 90A 80A 152I 65D 153W 86P 69V 52L 103V 44Y,154;46;90;80;152;65;153;86;69;52;103;44
1_105_DdmC#20,1_105_DdmC,4,3,154I 46A 90A 80A 152V 65G 153W 86P 69L 52L 103V 44Y,154;46;90;80;152;65;153;86;69;52;103;44
1_105_DdmC#21,1_105_DdmC,3,4,154I 46A 90A 80A 152I 65N 153W 86P 69V 52V 103L 44Y,154;46;90;80;152;65;153;86;69;52;103;44
1_105_DdmC#22,1_105_DdmC,3,4,154V 46V 90A 80A 152L 65E 153F 86P 69V 52L 103L 44Y,154;46;90;80;152;65;153;86;69;52;103;44
1_105_DdmC#23,1_105_DdmC,3,4,154L 46A 90V 80A 152V 65G 153W 86P 69A 52V 103L 44Y,154;46;90;80;152;65;153;86;69;52;103;44
1_105_DdmC#24,1_105_DdmC,3,4,154I 46A 90A 80A 152V 65D 153W 86P 69V 52I 103V 44Y,154;46;90;80;152;65;153;86;69;52;103;44
1_105_DdmC#25,1_105_DdmC,3,6,154V 46V 90V 80A 152V 65G 153F 86A 69A 52V 103L 44Y,154;46;90;80;152;65;153;86;69;52;103;44
1_105_DdmC#26,1_105_DdmC,3,3,154F 46V 90A 80V 152V 65G 153W 86P 69V 52L 103L 44Y,154;46;90;80;152;65;153;86;69;52;103;44
1_105_DdmC#27,1_105_DdmC,3,4,154F 46L 90A 80V 152L 65G 153W 86P 69V 52L 103L 44Y,154;46;90;80;152;65;153;86;69;52;103;44
1_105_DdmC#28,1_105_DdmC,3,4,154I 46A 90A 80A 152I 65D 153W 86P 69V 52I 103L 44Y,154;46;90;80;152;65;153;86;69;52;103;44
1_105_DdmC#29,1_105_DdmC,2,5,154V 46V 90A 80C 152L 65G 153W 86A 69V 52L 103L 44W,154;46;90;80;152;65;153;86;69;52;103;44
1_105_DdmC#30,1_105_DdmC,2,5,154L 46M 90A 80A 152L 65D 153W 86P 69A 52L 103L 44Y,154;46;90;80;152;65;153;86;69;52;103;44
1_105_DdmC#31,1_105_DdmC,2,5,154V 46V 90C 80C 152V 65G 153W 86A 69V 52L 103I 44Y,154;46;90;80;152;65;153;86;69;52;103;44
1_105_DdmC#32,1_105_DdmC,2,4,154F 46F 90A 80V 152L 65G 153W 86P 69V 52L 103L 44Y,154;46;90;80;152;65;153;86;69;52;103;44
1_105_DdmC#33,1_105_DdmC,2,6,154V 46V 90V 80A 152V 65G 153F 86A 69V 52V 103I 44Y,154;46;90;80;152;65;153;86;69;52;103;44
1_105_DdmC#34,1_105_DdmC,2,4,154L 46A 90A 80A 152V 65G 153W 86P 69L 52I 103V 44Y,154;46;90;80;152;65;153;86;69;52;103;44
1_105_DdmC#35,1_105_DdmC,2,6,154A 46V 90A 80V 152V 65D 153W 86P 69V 52V 103I 44Y,154;46;90;80;152;65;153;86;69;52;103;44
1_105_DdmC#36,1_105_DdmC,2,5,154S 46L 90A 80A 152I 65G 153W 86P 69V 52L 103I 44-,154;46;90;80;152;65;153;86;69;52;103;44
1_105_DdmC#37,1_105_DdmC,2,5,154V 46V 90A 80C 152L 65G 153W 86P 69L 52W 103L 44Y,154;46;90;80;152;65;153;86;69;52;103;44
1_105_DdmC#38,1_105_DdmC,2,7,154V 46V 90Y 80A 152I 65D 153F 86P 69A 52L 103L 44H,154;46;90;80;152;65;153;86;69;52;103;44
1_105_DdmC#39,1_105_DdmC,2,2,154A 46A 90A 80V 152V 65G 153W 86P 69V 52L 103L 44Y,154;46;90;80;152;65;153;86;69;52;103;44
1_105_DdmC#40,1_105_DdmC,2,4,154F 46A 90A 80A 152I 65D 153W 86P 69V 52V 103L 44Y,154;46;90;80;152;65;153;86;69;52;103;44
1_105_DdmC#41,1_105_DdmC,2,3,154V 46A 90T 80A 152V 65G 153W 86V 69V 52V 103L 44Y,154;46;90;80;152;65;153;86;69;52;103;44
1_105_DdmC#42,1_105_DdmC,2,5,154L 46A 90V 80A 152L 65G 153W 86P 69L 52L 103V 44Y,154;46;90;80;152;65;153;86;69;52;103;44
1_105_DdmC#43,1_105_DdmC,2,6,154I 46A 90V 80A 152I 65N 153W 86P 69L 52L 103I 44Y,154;46;90;80;152;65;153;86;69;52;103;44
1_105_DdmC#44,1_105_DdmC,2,3,154V 46A 90A 80A 152V 65G 153F 86P 69L 52L 103V 44Y,154;46;90;80;152;65;153;86;69;52;103;44
1_105_DdmC#45,1_105_DdmC,2,3,154V 46A 90M 80A 152L 65G 153W 86P 69V 52V 103L 44Y,154;46;90;80;152;65;153;86;69;52;103;44
1_105_DdmC#46,1_105_DdmC,2,6,154A 46L 90V 80A 152L 65D 153W 86P 69V 52L 103L 44L,154;46;90;80;152;65;153;86;69;52;103;44
1_105_DdmC#47,1_105_DdmC,2,5,154L 46V 90V 80A 152I 65H 153W 86P 69V 52L 103L 44Y,154;46;90;80;152;65;153;86;69;52;103;44
1_105_DdmC#48,1_105_DdmC,2,6,154I 46V 90V 80G 152V 65Y 153W 86P 69V 52I 103L 44Y,154;46;90;80;152;65;153;86;69;52;103;44
1_105_DdmC#49,1_105_DdmC,2,8,154L 46V 90V 80A 152I 65N 153W 86P 69I 52V 103I 44Y,154;46;90;80;152;65;153;86;69;52;103;44
1_105_DdmC#50,1_105_DdmC,2,4,154F 46V 90A 80V 152I 65G 153W 86P 69V 52L 103L 44Y,154;46;90;80;152;65;153;86;69;52;103;44
1_105_DdmC#51,1_105_DdmC,2,3,154F 46V 90A 80V 152V 65G 153W 86P 69V 52L 103L 44Y,154;46;90;80;152;65;153;86;69;52;103;44
1_105_DdmC#52,1_105_DdmC,2,3,154F 46V 90A 80V 152V 65G 153W 86P 69V 52L 103L 44Y,154;46;90;80;152;65;153;86;69;52;103;44
1_105_DdmC#53,1_105_DdmC,1,5,154V 46L 90A 80I 152I 65D 153W 86P 69V 52L 103I 44Y,154;46;90;80;152;65;153;86;69;52;103;44
1_105_DdmC#54,1_105_DdmC,1,5,154V 46L 90A 80A 152I 65G 153W 86P 69V 52A 103I 44W,154;46;90;80;152;65;153;86;69;52;103;44
1_105_DdmC#55,1_105_DdmC,1,3,154V 46V 90A 80C 152V 65G 153Y 86P 69V 52L 103L 44Y,154;46;90;80;152;65;153;86;69;52;103;44
1_105_DdmC#56,1_105_DdmC,1,5,154V 46I 90V 80C 152V 65E 153W 86P 69V 52I 103L 44Y,154;46;90;80;152;65;153;86;69;52;103;44
1_105_DdmC#57,1_105_DdmC,1,3,154V 46L 90A 80C 152V 65S 153W 86P 69V 52L 103L 44Y,154;46;90;80;152;65;153;86;69;52;103;44
1_105_DdmC#58,1_105_DdmC,1,3,154V 46M 90A 80V 152L 65G 153W 86P 69V 52L 103L 44Y,154;46;90;80;152;65;153;86;69;52;103;44
1_105_DdmC#59,1_105_DdmC,1,1,154V 46A 90A 80C 152V 65G 153W 86P 69V 52L 103L 44Y,154;46;90;80;152;65;153;86;69;52;103;44
1_105_DdmC#60,1_105_DdmC,1,6,154L 46A 90M 80A 152I 65G 153W 86P 69I 52V 103I 44Y,154;46;90;80;152;65;153;86;69;52;103;44
1_105_DdmC#61,1_105_DdmC,1,3,154V 46A 90A 80A 152I 65G 153L 86A 69V 52L 103L 44Y,154;46;90;80;152;65;153;86;69;52;103;44
1_105_DdmC#62,1_105_DdmC,1,4,154I 46A 90A 80A 152I 65N 153W 86P 69V 52L 103I 44Y,154;46;90;80;152;65;153;86;69;52;103;44
1_105_DdmC#63,1_105_DdmC,1,2,154I 46A 90M 80A 152V 65G 153W 86P 69V 52L 103L 44Y,154;46;90;80;152;65;153;86;69;52;103;44
1_105_DdmC#64,1_105_DdmC,1,5,154V 46A 90S 80A 152V 65D 153Y 86L 69A 52L 103L 44Y,154;46;90;80;152;65;153;86;69;52;103;44
1_105_DdmC#65,1_105_DdmC,1,6,154I 46G 90I 80A 152I 65N 153W 86P 69V 52L 103I 44Y,154;46;90;80;152;65;153;86;69;52;103;44
1_105_DdmC#66,1_105_DdmC,1,8,154V 46I 90F 80V 152L 65N 153W 86A 69V 52V 103I 44Y,154;46;90;80;152;65;153;86;69;52;103;44
1_105_DdmC#67,1_105_DdmC,1,4,154V 46A 90M 80A 152I 65G 153W 86L 69V 52I 103L 44Y,154;46;90;80;152;65;153;86;69;52;103;44
1_105_DdmC#68,1_105_DdmC,1,6,154V 46F 90V 80- 152I 65E 153W 86P 69V 52I 103L 44Y,154;46;90;80;152;65;153;86;69;52;103;44
1_105_DdmC#69,1_105_DdmC,1,4,154Y 46A 90A 80A 152I 65D 153W 86P 69V 52L 103I 44Y,154;46;90;80;152;65;153;86;69;52;103;44
1_105_DdmC#70,1_105_DdmC,1,6,154L 46A 90V 80A 152A 65N 153W 86P 69V 52I 103V 44Y,154;46;90;80;152;65;153;86;69;52;103;44
1_105_DdmC#71,1_105_DdmC,1,2,154I 46A 90A 80A 152V 65G 153W 86P 69V 52L 103I 44Y,154;46;90;80;152;65;153;86;69;52;103;44
1_105_DdmC#72,1_105_DdmC,1,6,154I 46A 90F 80A 152C 65D 153W 86P 69A 52V 103L 44Y,154;46;90;80;152;65;153;86;69;52;103;44
1_105_DdmC#73,1_105_DdmC,1,4,154I 46A 90A 80A 152V 65G 153W 86P 69A 52F 103I 44Y,154;46;90;80;152;65;153;86;69;52;103;44
1_105_DdmC#74,1_105_DdmC,1,5,154I 46A 90A 80A 152I 65D 153W 86P 69V 52V 103V 44Y,154;46;90;80;152;65;153;86;69;52;103;44
1_105_DdmC#75,1_105_DdmC,1,3,154V 46A 90A 80A 152I 65E 153W 86P 69V 52L 103I 44Y,154;46;90;80;152;65;153;86;69;52;103;44
1_105_DdmC#76,1_105_DdmC,1,7,154L 46G 90A 80A 152I 65N 153W 86P 69L 52V 103V 44Y,154;46;90;80;152;65;153;86;69;52;103;44
1_105_DdmC#77,1_105_DdmC,1,4,154L 46A 90A 80A 152V 65G 153W 86P 69L 52V 103V 44Y,154;46;90;80;152;65;153;86;69;52;103;44
1_105_DdmC#78,1_105_DdmC,1,6,154I 46V 90A 80C 152I 65D 153W 86P 69V 52L 103I 44Y,154;46;90;80;152;65;153;86;69;52;103;44
1_105_DdmC#79,1_105_DdmC,1,5,154V 46A 90A 80C 152L 65E 153W 86A 69V 52L 103I 44Y,154;46;90;80;152;65;153;86;69;52;103;44
1_105_DdmC#80,1_105_DdmC,1,4,154V 46A 90A 80A 152V 65K 153W 86P 69L 52V 103V 44Y,154;46;90;80;152;65;153;86;69;52;103;44
1_105_DdmC#81,1_105_DdmC,1,4,154L 46G 90V 80A 152V 65G 153W 86P 69V 52L 103I 44Y,154;46;90;80;152;65;153;86;69;52;103;44
1_105_DdmC#82,1_105_DdmC,1,5,154V 46I 90A 80A 152I 65G 153A 86P 69V 52L 103I 44F,154;46;90;80;152;65;153;86;69;52;103;44
1_105_DdmC#83,1_105_DdmC,1,6,154L 46- 90A 80A 152L 65G 153W 86P 69A 52- 103L 44-,154;46;90;80;152;65;153;86;69;52;103;44
1_105_DdmC#84,1_105_DdmC,1,4,154- 46V 90A 80A 152V 65G 153F 86P 69V 52L 103V 44Y,154;46;90;80;152;65;153;86;69;52;103;44
1_105_DdmC#85,1_105_DdmC,1,6,154I 46I 90A 80C 152I 65D 153W 86P 69V 52F 103L 44Y,154;46;90;80;152;65;153;86;69;52;103;44
1_105_DdmC#86,1_105_DdmC,1,7,154I 46V 90V 80A 152I 65Q 153W 86P 69A 52I 103L 44Y,154;46;90;80;152;65;153;86;69;52;103;44
1_105_DdmC#87,1_105_DdmC,1,8,154I 46A 90Y 80G 152I 65D 153W 86P 69A 52I 103I 44Y,154;46;90;80;152;65;153;86;69;52;103;44
1_105_DdmC#88,1_105_DdmC,1,4,154L 46A 90V 80A 152V 65G 153W 86P 69L 52L 103V 44Y,154;46;90;80;152;65;153;86;69;52;103;44
1_105_DdmC#89,1_105_DdmC,1,4,154V 46V 90L 80A 152I 65G 153W 86A 69V 52L 103L 44Y,154;46;90;80;152;65;153;86;69;52;103;44
1_105_DdmC#90,1_105_DdmC,1,5,154V 46G 90A 80A 152L 65A 153W 86P 69V 52V 103I 44Y,154;46;90;80;152;65;153;86;69;52;103;44
1_105_DdmC#91,1_105_DdmC,1,4,154V 46V 90A 80A 152I 65G 153W 86P 69V 52L 103I 44W,154;46;90;80;152;65;153;86;69;52;103;44
1_105_DdmC#92,1_105_DdmC,1,5,154V 46A 90S 80A 152I 65D 153F 86I 69V 52L 103L 44Y,154;46;90;80;152;65;153;86;69;52;103;44
1_105_DdmC#93,1_105_DdmC,1,7,154V 46V 90A 80I 152I 65D 153F 86P 69V 52V 103V 44Y,154;46;90;80;152;65;153;86;69;52;103;44
1_105_DdmC#94,1_105_DdmC,1,6,154I 46A 90F 80A 152V 65D 153W 86P 69L 52I 103I 44Y,154;46;90;80;152;65;153;86;69;52;103;44
1_105_DdmC#95,1_105_DdmC,1,5,154A 46A 90M 80A 152I 65G 153W 86P 69V 52V 103I 44Y,154;46;90;80;152;65;153;86;69;52;103;44
1_105_DdmC#96,1_105_DdmC,1,6,154I 46A 90A 80A 152L 65N 153W 86P 69L 52I 103I 44Y,154;46;90;80;152;65;153;86;69;52;103;44
1_105_DdmC#97,1_105_DdmC,1,3,154I 46A 90V 80A 152V 65G 153F 86P 69V 52L 103L 44Y,154;46;90;80;152;65;153;86;69;52;103;44
1_105_DdmC#98,1_105_DdmC,1,5,154V 46V 90A 80A 152V 65G 153F 86P 69L 52V 103V 44Y,154;46;90;80;152;65;153;86;69;52;103;44
1_105_DdmC#99,1_105_DdmC,1,7,154F 46I 90A 80C 152V 65G 153F 86P 69V 52V 103I 44V,154;46;90;80;152;65;153;86;69;52;103;44
1_105_DdmC#100,1_105_DdmC,1,5,154L 46V 90A 80A 152L 65D 153W 86P 69V 52L 103I 44Y,154;46;90;80;152;65;153;86;69;52;103;44
1_105_DdmC#101,1_105_DdmC,1,6,154F 46I 90A 80V 152V 65G 153F 86S 69V 52L 103I 44Y,154;46;90;80;152;65;153;86;69;52;103;44
1_105_DdmC#102,1_105_DdmC,1,4,154M 46I 90A 80A 152V 65G 153W 86P 69V 52L 103I 44H,154;46;90;80;152;65;153;86;69;52;103;44
1_105_DdmC#103,1_105_DdmC,1,5,154M 46I 90A 80C 152I 65G 153W 86P 69V 52L 103I 44Y,154;46;90;80;152;65;153;86;69;52;103;44
1_105_DdmC#104,1_105_DdmC,1,5,154I 46V 90V 80A 152I 65N 153W 86P 69V 52L 103L 44Y,154;46;90;80;152;65;153;86;69;52;103;44
1_105_DdmC#105,1_105_DdmC,1,3,154V 46A 90V 80A 152V 65K 153W 86P 69V 52V 103L 44Y,154;46;90;80;152;65;153;86;69;52;103;44
1_105_DdmC#106,1_105_DdmC,1,7,154L 46V 90V 80A 152I 65H 153W 86P 69V 52V 103I 44Y,154;46;90;80;152;65;153;86;69;52;103;44
1_105_DdmC#107,1_105_DdmC,1,7,154L 46V 90V 80A 152I 65A 153W 86P 69A 52V 103L 44Y,154;46;90;80;152;65;153;86;69;52;103;44
1_105_DdmC#108,1_105_DdmC,1,4,154V 46A 90V 80A 152I 65H 153W 86P 69V 52V 103L 44Y,154;46;90;80;152;65;153;86;69;52;103;44
1_105_DdmC#109,1_105_DdmC,1,8,154L 46V 90V 80A 152I 65N 153W 86P 69I 52V 103I 44Y,154;46;90;80;152;65;153;86;69;52;103;44
1_105_DdmC#110,1_105_DdmC,1,3,154F 46V 90A 80A 152L 65G 153W 86P 69V 52L 103L 44Y,154;46;90;80;152;65;153;86;69;52;103;44
1_105_DdmC#111,1_105_DdmC,1,4,154F 46V 90A 80V 152L 65G 153W 86P 69V 52L 103L 44Y,154;46;90;80;152;65;153;86;69;52;103;44
1_105_DdmC#112,1_105_DdmC,1,3,154F 46I 90A 80V 152V 65G 153W 86P 69V 52L 103L 44Y,154;46;90;80;152;65;153;86;69;52;103;44
1_105_DdmC#113,1_105_DdmC,1,4,154F 46I 90A 80V 152L 65G 153W 86P 69V 52L 103L 44Y,154;46;90;80;152;65;153;86;69;52;103;44
1_105_DdmC#114,1_105_DdmC,1,4,154F 46V 90A 80V 152L 65G 153W 86P 69V 52L 103L 44Y,154;46;90;80;152;65;153;86;69;52;103;44
1_113_CdnA#0,1_113_CdnA,120,4,71Y 327F 110L 140L 222A 103I 45P 65D 52V 206G 359V 63L,71;327;110;140;222;103;45;65;52;206;359;63
1_113_CdnA#1,1_113_CdnA,31,5,71Y 327Y 110L 140L 222G 103V 45P 65D 52I 206G 359V 63L,71;327;110;140;222;103;45;65;52;206;359;63
1_113_CdnA#2,1_113_CdnA,27,4,71Y 327F 110L 140L 222A 103I 45P 65D 52I 206G 359V 63L,71;327;110;140;222;103;45;65;52;206;359;63
1_113_CdnA#3,1_113_CdnA,25,6,71Y 327F 110L 140L 222A 103V 45A 65D 52V 206G 359V 63L,71;327;110;140;222;103;45;65;52;206;359;63
1_113_CdnA#4,1_113_CdnA,20,4,71Y 327F 110L 140L 222A 103I 45P 65D 52I 206G 359V 63L,71;327;110;140;222;103;45;65;52;206;359;63
1_113_CdnA#5,1_113_CdnA,15,4,71Y 327F 110L 140L 222A 103I 45P 65D 52I 206G 359V 63L,71;327;110;140;222;103;45;65;52;206;359;63
1_113_CdnA#6,1_113_CdnA,12,3,71Y 327F 110F 140L 222A 103I 45P 65D 52L 206G 359V 63L,71;327;110;140;222;103;45;65;52;206;359;63
1_113_CdnA#7,1_113_CdnA,8,6,71W 327D 110W 140V 222G 103I 45A 65G 52L 206N 359L 63L,71;327;110;140;222;103;45;65;52;206;359;63
1_113_CdnA#8,1_113_CdnA,8,3,71Y 327F 110F 140L 222G 103I 45P 65D 52V 206G 359V 63L,71;327;110;140;222;103;45;65;52;206;359;63
1_113_CdnA#9,1_113_CdnA,7,6,71F 327F 110W 140V 222G 103V 45V 65G 52L 206N 359L 63L,71;327;110;140;222;103;45;65;52;206;359;63
1_113_CdnA#10,1_113_CdnA,6,5,71F 327Y 110W 140A 222G 103I 45P 65E 52L 206N 359V 63I,71;327;110;140;222;103;45;65;52;206;359;63
1_113_CdnA#11,1_113_CdnA,5,6,71A 327F 110W 140V 222G 103L 45P 65G 52V 206N 359I 63L,71;327;110;140;222;103;45;65;52;206;359;63
1_113_CdnA#12,1_113_CdnA,5,7,71W 327D 110W 140V 222G 103L 45P 65E 52V 206N 359L 63L,71;327;110;140;222;103;45;65;52;206;359;63
1_113_CdnA#13,1_113_CdnA,5,7,71F 327Y 110W 140A 222R 103I 45I 65D 52L 206N 359L 63V,71;327;110;140;222;103;45;65;52;206;359;63
1_113_CdnA#14,1_113_CdnA,5,6,71W 327D 110W 140V 222G 103I 45A 65G 52L 206N 359L 63L,71;327;110;140;222;103;45;65;52;206;359;63
1_113_CdnA#15,1_113_CdnA,5,6,71F 327D 110W 140T 222G 103I 45A 65G 52L 206N 359L 63L,71;327;110;140;222;103;45;65;52;206;359;63
1_113_CdnA#16,1_113_CdnA,5,6,71F 327F 110L 140L 222A 103L 45P 65D 52V 206G 359V 63L,71;327;110;140;222;103;45;65;52;206;359;63
1_113_CdnA#17,1_113_CdnA,5,4,71Y 327F 110F 140L 222A 103V 45P 65D 52L 206G 359V 63L,71;327;110;140;222;103;45;65;52;206;359;63
1_113_CdnA#18,1_113_CdnA,4,5,71Y 327F 110W 140V 222G 103I 45A 65G 52V 206N 359V 63C,71;327;110;140;222;103;45;65;52;206;359;63
1_113_CdnA#19,1_113_CdnA,4,9,71F 327- 110W 140A 222G 103L 45V 65G 52V 206N 359- 63I,71;327;110;140;222;103;45;65;52;206;359;63
1_113_CdnA#20,1_113_CdnA,4,6,71W 327D 110W 140V 222G 103L 45P 65G 52L 206N 359L 63L,71;327;110;140;222;103;45;65;52;206;359;63
1_113_CdnA#21,1_113_CdnA,4,4,71Y 327F 110F 140L 222A 103I 45P 65D 52V 206G 359V 63L,71;327;110;140;222;103;45;65;52;206;359;63
1_113_CdnA#22,1_113_CdnA,4,4,71Y 327F 110F 140L 222A 103V 45P 65D 52L 206G 359V 63L,71;327;110;140;222;103;45;65;52;206;359;63
1_113_CdnA#23,1_113_CdnA,4,4,71Y 327F 110L 140L 222G 103V 45P 65D 52V 206G 359V 63L,71;327;110;140;222;103;45;65;52;206;359;63
1_113_CdnA#24,1_113_CdnA,3,8,71W 327- 110W 140V 222N 103L 45P 65G 52L 206N 359- 63V,71;327;110;140;222;103;45;65;52;206;359;63
1_113_CdnA#25,1_113_CdnA,3,5,71F 327F 110W 140A 222G 103L 45P 65G 52V 206N 359V 63L,71;327;110;140;222;103;45;65;52;206;359;63
1_113_CdnA#26,1_113_CdnA,3,8,71A 327N 110W 140V 222R 103L 45A 65D 52L 206N 359L 63V,71;327;110;140;222;103;45;65;52;206;359;63
1_113_CdnA#27,1_113_CdnA,3,4,71A 327H 110W 140L 222G 103L 45P 65G 52L 206N 359V 63L,71;327;110;140;222;103;45;65;52;206;359;63
1_113_CdnA#28,1_113_CdnA,3,5,71F 327H 110W 140A 222G 103L 45P 65D 52V 206N 359V 63L,71;327;110;140;222;103;45;65;52;206;359;63
1_113_CdnA#29,1_113_CdnA,2,8,71W 327D 110W 140V 222G 103L 45P 65G 52V 206N 359L 63I,71;327;110;140;222;103;45;65;52;206;359;63
1_113_CdnA#30,1_113_CdnA,2,7,71A 327K 110W 140V 222F 103L 45P 65D 52F 206N 359I 63L,71;327;110;140;222;103;45;65;52;206;359;63
1_113_CdnA#31,1_113_CdnA,2,4,71A 327S 110W 140A 222G 103I 45P 65S 52L 206N 359V 63L,71;327;110;140;222;103;45;65;52;206;359;63
1_113_CdnA#32,1_113_CdnA,2,6,71F 327F 110W 140N 222G 103L 45A 65G 52L 206S 359V 63L,71;327;110;140;222;103;45;65;52;206;359;63
1_113_CdnA#33,1_113_CdnA,2,3,71Y 327S 110L 140L 222G 103I 45P 65D 52I 206N 359V 63L,71;327;110;140;222;103;45;65;52;206;359;63
1_113_CdnA#34,1_113_CdnA,2,7,71W 327- 110W 140V 222G 103L 45P 65E 52L 206I 359- 63L,71;327;110;140;222;103;45;65;52;206;359;63
1_113_CdnA#35,1_113_CdnA,2,7,71Y 327F 110W 140V 222G 103L 45V 65N 52V 206N 359S 63M,71;327;110;140;222;103;45;65;52;206;359;63
1_113_CdnA#36,1_113_CdnA,2,4,71Y 327F 110F 140L 222A 103I 45P 65D 52V 206G 359V 63L,71;327;110;140;222;103;45;65;52;206;359;63
1_113_CdnA#37,1_113_CdnA,2,4,71W 327F 110W 140V 222G 103L 45P 65D 52L 206N 359L 63L,71;327;110;140;222;103;45;65;52;206;359;63
1_113_CdnA#38,1_113_CdnA,2,6,71W 327- 110W 140A 222G 103L 45P 65N 52L 206N 359- 63L,71;327;110;140;222;103;45;65;52;206;359;63
1_113_CdnA#39,1_113_CdnA,2,6,71W 327F 110F 140L 222A 103L 45P 65D 52I 206G 359V 63L,71;327;110;140;222;103;45;65;52;206;359;63
1_113_CdnA#40,1_113_CdnA,2,4,71Y 327F 110L 140L 222A 103I 45P 65D 52V 206G 359V 63L,71;327;110;140;222;103;45;65;52;206;359;63
1_113_CdnA#41,1_113_CdnA,1,6,71F 327F 110W 140I 222A 103I 45- 65E 52L 206N 359V 63C,71;327;110;140;222;103;45;65;52;206;359;63
1_113_CdnA#42,1_113_CdnA,1,6,71W 327D 110W 140V 222G 103V 45P 65G 52L 206N 359L 63L,71;327;110;140;222;103;45;65;52;206;359;63
1_113_CdnA#43,1_113_CdnA,1,7,71W 327- 110W 140A 222G 103L 45P 65G 52V 206N 359- 63L,71;327;110;140;222;103;45;65;52;206;359;63
1_113_CdnA#44,1_113_CdnA,1,5,71W 327Y 110W 140T 222G 103L 45P 65D 52I 206N 359V 63L,71;327;110;140;222;103;45;65;52;206;359;63
1_113_CdnA#45,1_113_CdnA,1,6,71F 327- 110W 140T 222G 103I 45P 65N 52L 206N 359- 63V,71;327;110;140;222;103;45;65;52;206;359;63
1_113_CdnA#46,1_113_CdnA,1,5,71F 327F 110W 140A 222G 103I 45I 65G 52L 206N 359V 63V,71;327;110;140;222;103;45;65;52;206;359;63
1_113_CdnA#47,1_113_CdnA,1,6,71F 327- 110W 140A 222R 103I 45P 65D 52P 206N 359- 63L,71;327;110;140;222;103;45;65;52;206;359;63
1_113_CdnA#48,1_113_CdnA,1,4,71Y 327F 110W 140V 222G 103L 45A 65D 52I 206N 359V 63L,71;327;110;140;222;103;45;65;52;206;359;63
1_113_CdnA#49,1_113_CdnA,1,7,71W 327D 110W 140V 222G 103L 45P 65G 52L 206S 359M 63L,71;327;110;140;222;103;45;65;52;206;359;63
1_113_CdnA#50,1_113_CdnA,1,6,71W 327D 110W 140V 222G 103I 45C 65G 52L 206N 359L 63L,71;327;110;140;222;103;45;65;52;206;359;63
1_113_CdnA#51,1_113_CdnA,1,6,71F 327T 110L 140V 222G 103I 45P 65D 52V 206N 359- 63L,71;327;110;140;222;103;45;65;52;206;359;63
1_113_CdnA#52,1_113_CdnA,1,4,71Y 327- 110L 140V 222G 103I 45P 65D 52L 206N 359- 63L,71;327;110;140;222;103;45;65;52;206;359;63
1_113_CdnA#53,1_113_CdnA,1,6,71F 327D 110W 140T 222G 103I 45A 65G 52L 206N 359L 63L,71;327;110;140;222;103;45;65;52;206;359;63
1_113_CdnA#54,1_113_CdnA,1,7,71F 327D 110W 140T 222G 103L 45A 65G 52L 206N 359L 63L,71;327;110;140;222;103;45;65;52;206;359;63
1_113_CdnA#55,1_113_CdnA,1,5,71W 327D 110W 140V 222G 103I 45P 65G 52L 206N 359L 63L,71;327;110;140;222;103;45;65;52;206;359;63
1_113_CdnA#56,1_113_CdnA,1,8,71F 327- 110W 140V 222R 103L 45V 65G 52L 206N 359- 63L,71;327;110;140;222;103;45;65;52;206;359;63
1_113_CdnA#57,1_113_CdnA,1,6,71W 327F 110W 140Q 222G 103L 45A 65N 52L 206N 359- 63L,71;327;110;140;222;103;45;65;52;206;359;63
1_113_CdnA#58,1_113_CdnA,1,5,71W 327Y 110W 140V 222G 103I 45P 65N 52I 206N 359V 63L,71;327;110;140;222;103;45;65;52;206;359;63
1_113_CdnA#59,1_113_CdnA,1,3,71Y 327F 110L 140L 222G 103I 45P 65D 52V 206G 359V 63L,71;327;110;140;222;103;45;65;52;206;359;63
1_113_CdnA#60,1_113_CdnA,1,4,71Y 327F 110L 140L 222A 103V 45P 65D 52L 206G 359V 63L,71;327;110;140;222;103;45;65;52;206;359;63
1_113_CdnA#61,1_113_CdnA,1,3,71Y 327F 110L 140L 222G 103I 45P 65D 52I 206G 359V 63L,71;327;110;140;222;103;45;65;52;206;359;63
1_113_CdnA#62,1_113_CdnA,1,4,71Y 327F 110L 140L 222A 103V 45P 65D 52L 206G 359V 63L,71;327;110;140;222;103;45;65;52;206;359;63
1_113_CdnA#63,1_113_CdnA,1,6,71Y 327F 110L 140L 222A 103V 45A 65D 52V 206G 359V 63L,71;327;110;140;222;103;45;65;52;206;359;63
1_113_CdnA#64,1_113_CdnA,1,5,71Y 327F 110L 140L 222A 103V 45P 65D 52V 206G 359V 63L,71;327;110;140;222;103;45;65;52;206;359;63
5_501_CmoS#0,5_501_CmoS,149,10,58Y 216F 45Y 120G 91I 106P 64E 150G 71V 296E 325Y 203F,58;216;45;120;91;106;64;150;71;296;325;203
5_501_CmoS#1,5_501_CmoS,11,0,58F 216A 45A 120K 91L 106P 64G 150P 71C 296N 325L 203F,58;216;45;120;91;106;64;150;71;296;325;203
5_501_CmoS#2,5_501_CmoS,9,0,58F 216A 45A 120K 91L 106P 64G 150P 71C 296N 325L 203F,58;216;45;120;91;106;64;150;71;296;325;203
5_501_CmoS#3,5_501_CmoS,9,12,58H 216V 45L 120S 91P 106K 64A 150G 71V 296L 325Y 203Y,58;216;45;120;91;106;64;150;71;296;325;203
5_501_CmoS#4,5_501_CmoS,8,1,58F 216A 45A 120K 91I 106P 64G 150P 71C 296N 325L 203F,58;216;45;120;91;106;64;150;71;296;325;203
5_501_CmoS#5,5_501_CmoS,7,5,58F 216V 45A 120K 91I 106C 64G 150P 71V 296N 325L 203V,58;216;45;120;91;106;64;150;71;296;325;203
5_501_CmoS#6,5_501_CmoS,7,0,58F 216A 45A 120K 91L 106P 64G 150P 71C 296N 325L 203F,58;216;45;120;91;106;64;150;71;296;325;203
5_501_CmoS#7,5_501_CmoS,7,1,58F 216A 45V 120K 91L 106P 64G 150P 71C 296N 325L 203F,58;216;45;120;91;106;64;150;71;296;325;203
5_501_CmoS#8,5_501_CmoS,6,0,58F 216A 45A 120K 91L 106P 64G 150P 71C 296N 325L 203F,58;216;45;120;91;106;64;150;71;296;325;203
5_501_CmoS#9,5_501_CmoS,6,12,58H 216V 45L 120S 91P 106R 64A 150G 71V 296L 325Y 203Y,58;216;45;120;91;106;64;150;71;296;325;203
5_501_CmoS#10,5_501_CmoS,5,1,58Y 216A 45A 120K 91L 106P 64G 150P 71C 296N 325L 203F,58;216;45;120;91;106;64;150;71;296;325;203
5_501_CmoS#11,5_501_CmoS,4,0,58F 216A 45A 120K 91L 106P 64G 150P 71C 296N 325L 203F,58;216;45;120;91;106;64;150;71;296;325;203
5_501_CmoS#12,5_501_CmoS,3,3,58Y 216A 45V 120K 91I 106P 64G 150P 71C 296N 325L 203F,58;216;45;120;91;106;64;150;71;296;325;203
5_501_CmoS#13,5_501_CmoS,3,0,58F 216A 45A 120K 91L 106P 64G 150P 71C 296N 325L 203F,58;216;45;120;91;106;64;150;71;296;325;203
5_501_CmoS#14,5_501_CmoS,3,10,58C 216V 45Y 120S 91L 106K 64L 150K 71T 296N 325V 203Y,58;216;45;120;91;106;64;150;71;296;325;203
5_501_CmoS#15,5_501_CmoS,3,12,58H 216I 45L 120G 91P 106R 64A 150G 71V 296L 325Y 203Y,58;216;45;120;91;106;64;150;71;296;325;203
5_501_CmoS#16,5_501_CmoS,3,12,58H 216I 45L 120S 91P 106K 64A 150G 71I 296L 325Y 203Y,58;216;45;120;91;106;64;150;71;296;325;203
5_501_CmoS#17,5_501_CmoS,3,10,58Y 216V 45L 120K 91Q 106P 64L 150Q 71- 296F 325T 203P,58;216;45;120;91;106;64;150;71;296;325;203
5_501_CmoS#18,5_501_CmoS,3,1,58F 216A 45A 120R 91L 106P 64G 150P 71C 296N 325L 203F,58;216;45;120;91;106;64;150;71;296;325;203
5_501_CmoS#19,5_501_CmoS,3,0,58F 216A 45A 120K 91L 106P 64G 150P 71C 296N 325L 203F,58;216;45;120;91;106;64;150;71;296;325;203
5_501_CmoS#20,5_501_CmoS,3,0,58F 216A 45A 120K 91L 106P 64G 150P 71C 296N 325L 203F,58;216;45;120;91;106;64;150;71;296;325;203
5_501_CmoS#21,5_501_CmoS,2,1,58F 216A 45A 120K 91I 106P 64G 150P 71C 296N 325L 203F,58;216;45;120;91;106;64;150;71;296;325;203
5_501_CmoS#22,5_501_CmoS,2,2,58F 216A 45A 120K 91P 106P 64G 150P 71C 296N 325L 203Y,58;216;45;120;91;106;64;150;71;296;325;203
5_501_CmoS#23,5_501_CmoS,2,5,58F 216V 45A 120K 91I 106C 64G 150P 71V 296N 325L 203L,58;216;45;120;91;106;64;150;71;296;325;203
5_501_CmoS#24,5_501_CmoS,2,11,58Y 216M 45Y 120G 91Q 106K 64F 150G 71F 296E 325Y 203F,58;216;45;120;91;106;64;150;71;296;325;203
5_501_CmoS#25,5_501_CmoS,2,2,58F 216A 45A 120K 91L 106P 64G 150P 71C 296- 325- 203F,58;216;45;120;91;106;64;150;71;296;325;203
5_501_CmoS#26,5_501_CmoS,2,0,58F 216A 45A 120K 91L 106P 64G 150P 71C 296N 325L 203F,58;216;45;120;91;106;64;150;71;296;325;203
5_501_CmoS#27,5_501_CmoS,1,2,58F 216K 45A 120K 91L 106P 64G 150P 71C 296N 325L 203L,58;216;45;120;91;106;64;150;71;296;325;203
5_501_CmoS#28,5_501_CmoS,1,5,58Y 216A 45L 120K 91A 106P 64P 150P 71A 296N 325L 203F,58;216;45;120;91;106;64;150;71;296;325;203
5_501_CmoS#29,5_501_CmoS,1,6,58Y 216T 45A 120R 91T 106P 64G 150P 71T 296N 325L 203V,58;216;45;120;91;106;64;150;71;296;325;203
5_501_CmoS#30,5_501_CmoS,1,6,58Y 216A 45A 120R 91I 106P 64L 150G 71C 296- 325L 203F,58;216;45;120;91;106;64;150;71;296;325;203
5_501_CmoS#31,5_501_CmoS,1,9,58Y 216A 45M 120G 91P 106M 64A 150Q 71V 296N 325V 203F,58;216;45;120;91;106;64;150;71;296;325;203
5_501_CmoS#32,5_501_CmoS,1,10,58Y 216L 45Q 120V 91K 106P 64L 150R 71V 296N 325M 203Y,58;216;45;120;91;106;64;150;71;296;325;203
5_501_CmoS#33,5_501_CmoS,1,0,58F 216A 45A 120K 91L 106P 64G 150P 71C 296N 325L 203F,58;216;45;120;91;106;64;150;71;296;325;203
5_501_CmoS#34,5_501_CmoS,1,0,58F 216A 45A 120K 91L 106P 64G 150P 71C 296N 325L 203F,58;216;45;120;91;106;64;150;71;296;325;203
5_501_CmoS#35,5_501_CmoS,1,6,58F 216A 45Y 120R 91A 106P 64M 150H 71A 296N 325L 203F,58;216;45;120;91;106;64;150;71;296;325;203
5_501_CmoS#36,5_501_CmoS,1,5,58Y 216A 45W 120K 91E 106P 64G 150P 71V 296N 325I 203F,58;216;45;120;91;106;64;150;71;296;325;203
5_501_CmoS#37,5_501_CmoS,1,11,58I 216V 45S 120G 91P 106P 64A 150D 71I 296V 325V 203A,58;216;45;120;91;106;64;150;71;296;325;203
5_501_CmoS#38,5_501_CmoS,1,11,58W 216V 45F 120M 91P 106E 64A 150G 71V 296N 325T 203Y,58;216;45;120;91;106;64;150;71;296;325;203
5_501_CmoS#39,5_501_CmoS,1,11,58V 216V 45Y 120G 91Q 106P 64A 150G 71T 296V 325G 203Y,58;216;45;120;91;106;64;150;71;296;325;203
5_501_CmoS#40,5_501_CmoS,1,0,58F 216A 45A 120K 91L 106P 64G 150P 71C 296N 325L 203F,58;216;45;120;91;106;64;150;71;296;325;203
5_501_CmoS#41,5_501_CmoS,1,2,58Y 216A 45V 120K 91L 106P 64G 150P 71C 296N 325L 203F,58;216;45;120;91;106;64;150;71;296;325;203
5_501_CmoS#42,5_501_CmoS,1,0,58F 216A 45A 120K 91L 106P 64G 150P 71C 296N 325L 203F,58;216;45;120;91;106;64;150;71;296;325;203
5_501_CmoS#43,5_501_CmoS,1,2,58F 216A 45G 120K 91L 106P 64G 150P 71C 296N 325I 203F,58;216;45;120;91;106;64;150;71;296;325;203
5_501_CmoS#44,5_501_CmoS,1,0,58F 216A 45A 120K 91L 106P 64G 150P 71C 296N 325L 203F,58;216;45;120;91;106;64;150;71;296;325;203
5_501_CmoS#45,5_501_CmoS,1,0,58F 216A 45A 120K 91L 106P 64G 150P 71C 296N 325L 203F,58;216;45;120;91;106;64;150;71;296;325;203
5_501_CmoS#46,5_501_CmoS,1,3,58Y 216A 45V 120K 91V 106P 64G 150P 71C 296N 325L 203F,58;216;45;120;91;106;64;150;71;296;325;203
5_501_CmoS#47,5_501_CmoS,1,2,58F 216A 45A 120K 91V 106P 64G 150P 71C 296N 325V 203F,58;216;45;120;91;106;64;150;71;296;325;203
4_409_TPDO#0,4_409_TPDO,106,2,193Q 109Q 357E 81W 214S 360E 330T 345V 210P 317F 47A 340K,193;109;357;81;214;360;330;345;210;317;47;340
4_409_TPDO#1,4_409_TPDO,34,10,193K 109R 357S 81F 214P 360H 330D 345L 210G 317V 47A 340Q,193;109;357;81;214;360;330;345;210;317;47;340
4_409_TPDO#2,4_409_TPDO,30,5,193R 109Q 357E 81V 214S 360E 330D 345I 210P 317F 47G 340K,193;109;357;81;214;360;330;345;210;317;47;340
4_409_TPDO#3,4_409_TPDO,30,8,193R 109Q 357E 81W 214G 360E 330D 345V 210S 317T 47G 340R,193;109;357;81;214;360;330;345;210;317;47;340
4_409_TPDO#4,4_409_TPDO,13,8,193T 109A 357A 81F 214S 360G 330S 345I 210S 317S 47C 340K,193;109;357;81;214;360;330;345;210;317;47;340
4_409_TPDO#5,4_409_TPDO,12,6,193T 109A 357C 81F 214S 360G 330T 345V 210S 317T 47C 340K,193;109;357;81;214;360;330;345;210;317;47;340
4_409_TPDO#6,4_409_TPDO,4,3,193Q 109Q 357E 81W 214S 360E 330T 345V 210P 317F 47S 340K,193;109;357;81;214;360;330;345;210;317;47;340
4_409_TPDO#7,4_409_TPDO,4,5,193R 109Q 357E 81L 214G 360E 330D 345A 210P 317F 47A 340K,193;109;357;81;214;360;330;345;210;317;47;340
4_409_TPDO#8,4_409_TPDO,4,8,193T 109R 357A 81F 214P 360N 330S 345L 210P 317T 47A 340Q,193;109;357;81;214;360;330;345;210;317;47;340
4_409_TPDO#9,4_409_TPDO,4,10,193K 109R 357A 81F 214P 360N 330S 345L 210F 317T 47A 340Q,193;109;357;81;214;360;330;345;210;317;47;340
4_409_TPDO#10,4_409_TPDO,3,5,193R 109Q 357E 81L 214G 360E 330T 345V 210P 317F 47G 340Q,193;109;357;81;214;360;330;345;210;317;47;340
4_409_TPDO#11,4_409_TPDO,3,4,193R 109Q 357E 81V 214S 360E 330D 345I 210P 317F 47A 340K,193;109;357;81;214;360;330;345;210;317;47;340
4_409_TPDO#12,4_409_TPDO,3,9,193T 109N 357F 81F 214C 360K 330P 345L 210S 317V 47A 340E,193;109;357;81;214;360;330;345;210;317;47;340
4_409_TPDO#13,4_409_TPDO,3,6,193T 109A 357A 81F 214S 360G 330T 345V 210S 317S 47C 340K,193;109;357;81;214;360;330;345;210;317;47;340
4_409_TPDO#14,4_409_TPDO,3,7,193T 109A 357C 81F 214S 360G 330T 345V 210S 317T 47C 340R,193;109;357;81;214;360;330;345;210;317;47;340
4_409_TPDO#15,4_409_TPDO,2,11,193V 109S 357W 81F 214R 360G 330S 345W 210N 317S 47S 340V,193;109;357;81;214;360;330;345;210;317;47;340
4_409_TPDO#16,4_409_TPDO,2,7,193R 109A 357G 81F 214S 360E 330D 345V 210S 317C 47G 340K,193;109;357;81;214;360;330;345;210;317;47;340
4_409_TPDO#17,4_409_TPDO,2,7,193T 109A 357C 81F 214S 360N 330T 345I 210S 317M 47C 340K,193;109;357;81;214;360;330;345;210;317;47;340
4_409_TPDO#18,4_409_TPDO,2,7,193R 109Q 357D 81M 214G 360E 330D 345I 210P 317F 47A 340T,193;109;357;81;214;360;330;345;210;317;47;340
4_409_TPDO#19,4_409_TPDO,1,11,193S 109A 357C 81M 214T 360S 330T 345T 210S 317T 47C 340M,193;109;357;81;214;360;330;345;210;317;47;340
4_409_TPDO#20,4_409_TPDO,1,11,193E 109H 357V 81F 214V 360A 330P 345F 210D 317T 47G 340P,193;109;357;81;214;360;330;345;210;317;47;340
4_409_TPDO#21,4_409_TPDO,1,10,193P 109F 357P 81F 214P 360L 330D 345- 210G 317S 47A 340N,193;109;357;81;214;360;330;345;210;317;47;340
4_409_TPDO#22,4_409_TPDO,1,8,193R 109H 357E 81V 214T 360S 330D 345V 210P 317H 47G 340K,193;109;357;81;214;360;330;345;210;317;47;340
4_409_TPDO#23,4_409_TPDO,1,8,193T 109R 357P 81F 214P 360T 330S 345L 210P 317T 47A 340Q,193;109;357;81;214;360;330;345;210;317;47;340
4_409_TPDO#24,4_409_TPDO,1,8,193S 109N 357T 81L 214S 360A 330T 345V 210N 317C 47C 340K,193;109;357;81;214;360;330;345;210;317;47;340
4_409_TPDO#25,4_409_TPDO,1,8,193K 109A 357A 81F 214S 360G 330T 345I 210T 317T 47C 340K,193;109;357;81;214;360;330;345;210;317;47;340
4_409_TPDO#26,4_409_TPDO,1,6,193T 109A 357C 81F 214S 360G 330T 345V 210S 317T 47C 340K,193;109;357;81;214;360;330;345;210;317;47;340
4_409_TPDO#27,4_409_TPDO,1,8,193T 109A 357C 81F 214S 360G 330T 345I 210S 317T 47C 340-,193;109;357;81;214;360;330;345;210;317;47;340
4_410_CbdC#0,4_410_CbdC,199,0,377S 346N 305Q 298Q 287L 211Y 207G 155S 90A 397L 375D 65R,377;346;305;298;287;211;207;155;90;397;375;65
4_410_CbdC#1,4_410_CbdC,21,0,377S 346N 305Q 298Q 287L 211Y 207G 155S 90A 397L 375D 65R,377;346;305;298;287;211;207;155;90;397;375;65
4_410_CbdC#2,4_410_CbdC,8,0,377S 346N 305Q 298Q 287L 211Y 207G 155S 90A 397L 375D 65R,377;346;305;298;287;211;207;155;90;397;375;65
4_410_CbdC#3,4_410_CbdC,7,12,377G 346A 305T 298P 287N 211C 207Q 155R 90T 397Q 375N 65N,377;346;305;298;287;211;207;155;90;397;375;65
4_410_CbdC#4,4_410_CbdC,4,12,377H 346S 305A 298A 287T 211M 207L 155K 90S 397P 375S 65G,377;346;305;298;287;211;207;155;90;397;375;65
4_410_CbdC#5,4_410_CbdC,2,8,377H 346S 305Q 298S 287T 211I 207L 155S 90A 397P 375S 65R,377;346;305;298;287;211;207;155;90;397;375;65
4_410_CbdC#6,4_410_CbdC,1,12,377H 346S 305V 298S 287T 211V 207V 155R 90S 397V 375S 65G,377;346;305;298;287;211;207;155;90;397;375;65
4_410_CbdC#7,4_410_CbdC,1,2,377S 346N 305Q 298Q 287L 211Y 207G 155T 90A 397I 375D 65R,377;346;305;298;287;211;207;155;90;397;375;65
1_111_GxtA#0,1_111_GxtA,42,4,198Y 207V 215F 152L 222G 80A 89L 46V 70L 83D 52L 44Y,198;207;215;152;222;80;89;46;70;83;52;44
1_111_GxtA#1,1_111_GxtA,37,9,198Y 207L 215Y 152L 222R 80V 89L 46L 70V 83D 52L 44Y,198;207;215;152;222;80;89;46;70;83;52;44
1_111_GxtA#2,1_111_GxtA,17,3,198A 207F 215F 152V 222R 80A 89G 46A 70L 83D 52L 44Y,198;207;215;152;222;80;89;46;70;83;52;44
1_111_GxtA#3,1_111_GxtA,12,7,198Y 207V 215F 152L 222G 80V 89L 46L 70I 83D 52L 44Y,198;207;215;152;222;80;89;46;70;83;52;44
1_111_GxtA#4,1_111_GxtA,9,3,198A 207F 215F 152V 222G 80A 89G 46V 70L 83D 52V 44H,198;207;215;152;222;80;89;46;70;83;52;44
1_111_GxtA#5,1_111_GxtA,7,6,198S 207F 215F 152V 222G 80V 89G 46V 70V 83D 52V 44L,198;207;215;152;222;80;89;46;70;83;52;44
1_111_GxtA#6,1_111_GxtA,6,2,198A 207F 215Y 152I 222W 80A 89G 46V 70L 83D 52L 44Y,198;207;215;152;222;80;89;46;70;83;52;44
1_111_GxtA#7,1_111_GxtA,6,6,198C 207L 215Y 152I 222W 80A 89G 46A 70I 83D 52L 44Y,198;207;215;152;222;80;89;46;70;83;52;44
1_111_GxtA#8,1_111_GxtA,6,2,198A 207F 215F 152I 222G 80A 89G 46A 70L 83D 52L 44H,198;207;215;152;222;80;89;46;70;83;52;44
1_111_GxtA#9,1_111_GxtA,5,4,198A 207V 215Y 152I 222G 80A 89G 46V 70L 83P 52I 44Y,198;207;215;152;222;80;89;46;70;83;52;44
1_111_GxtA#10,1_111_GxtA,5,7,198Y 207V 215Y 152L 222G 80V 89L 46V 70I 83D 52L 44Y,198;207;215;152;222;80;89;46;70;83;52;44
1_111_GxtA#11,1_111_GxtA,4,7,198C 207A 215T 152I 222E 80A 89G 46A 70I 83A 52L 44Y,198;207;215;152;222;80;89;46;70;83;52;44
1_111_GxtA#12,1_111_GxtA,4,6,198Y 207V 215V 152L 222G 80C 89L 46V 70L 83D 52L 44Y,198;207;215;152;222;80;89;46;70;83;52;44
1_111_GxtA#13,1_111_GxtA,4,5,198Y 207V 215F 152L 222G 80A 89L 46V 70I 83D 52L 44Y,198;207;215;152;222;80;89;46;70;83;52;44
1_111_GxtA#14,1_111_GxtA,3,6,198C 207F 215F 152V 222G 80V 89G 46V 70V 83G 52L 44F,198;207;215;152;222;80;89;46;70;83;52;44
1_111_GxtA#15,1_111_GxtA,3,5,198C 207L 215Y 152I 222W 80A 89G 46A 70L 83D 52L 44Y,198;207;215;152;222;80;89;46;70;83;52;44
1_111_GxtA#16,1_111_GxtA,3,6,198A 207V 215F 152V 222R 80A 89N 46V 70L 83D 52V 44L,198;207;215;152;222;80;89;46;70;83;52;44
1_111_GxtA#17,1_111_GxtA,3,3,198A 207F 215F 152V 222G 80V 89G 46V 70L 83D 52C 44Y,198;207;215;152;222;80;89;46;70;83;52;44
1_111_GxtA#18,1_111_GxtA,3,2,198A 207F 215F 152I 222G 80A 89G 46V 70L 83D 52V 44H,198;207;215;152;222;80;89;46;70;83;52;44
1_111_GxtA#19,1_111_GxtA,3,8,198C 207A 215T 152I 222D 80T 89G 46A 70I 83A 52L 44Y,198;207;215;152;222;80;89;46;70;83;52;44
1_111_GxtA#20,1_111_GxtA,2,6,198M 207V 215F 152L 222G 80C 89L 46V 70F 83D 52L 44Y,198;207;215;152;222;80;89;46;70;83;52;44
1_111_GxtA#21,1_111_GxtA,2,3,198A 207F 215F 152V 222G 80A 89L 46V 70L 83D 52L 44H,198;207;215;152;222;80;89;46;70;83;52;44
1_111_GxtA#22,1_111_GxtA,2,7,198C 207A 215T 152I 222E 80I 89G 46V 70I 83A 52L 44Y,198;207;215;152;222;80;89;46;70;83;52;44
1_111_GxtA#23,1_111_GxtA,2,3,198A 207F 215T 152I 222G 80A 89G 46V 70L 83E 52L 44H,198;207;215;152;222;80;89;46;70;83;52;44
1_111_GxtA#24,1_111_GxtA,2,7,198G 207I 215Y 152I 222- 80I 89G 46A 70L 83S 52L 44Y,198;207;215;152;222;80;89;46;70;83;52;44
1_111_GxtA#25,1_111_GxtA,2,7,198Y 207V 215Y 152L 222G 80V 89L 46V 70I 83D 52L 44Y,198;207;215;152;222;80;89;46;70;83;52;44
1_111_GxtA#26,1_111_GxtA,2,6,198Y 207I 215F 152L 222G 80V 89L 46V 70I 83D 52L 44Y,198;207;215;152;222;80;89;46;70;83;52;44
1_111_GxtA#27,1_111_GxtA,1,8,198C 207G 215A 152I 222I 80I 89G 46I 70I 83A 52L 44Y,198;207;215;152;222;80;89;46;70;83;52;44
1_111_GxtA#28,1_111_GxtA,1,8,198Y 207L 215Y 152L 222R 80V 89L 46V 70V 83D 52L 44Y,198;207;215;152;222;80;89;46;70;83;52;44
1_111_GxtA#29,1_111_GxtA,1,7,198Y 207L 215Y 152V 222G 80V 89L 46V 70V 83D 52L 44Y,198;207;215;152;222;80;89;46;70;83;52;44
1_111_GxtA#30,1_111_GxtA,1,7,198Y 207V 215F 152L 222S 80A 89L 46V 70I 83D 52L 44W,198;207;215;152;222;80;89;46;70;83;52;44
1_111_GxtA#31,1_111_GxtA,1,6,198C 207T 215A 152V 222G 80A 89R 46V 70L 83D 52M 44Y,198;207;215;152;222;80;89;46;70;83;52;44
1_111_GxtA#32,1_111_GxtA,1,7,198Y 207L 215F 152L 222E 80C 89L 46V 70V 83D 52L 44Y,198;207;215;152;222;80;89;46;70;83;52;44
1_111_GxtA#33,1_111_GxtA,1,8,198V 207S 215H 152L 222A 80C 89L 46V 70L 83D 52A 44Y,198;207;215;152;222;80;89;46;70;83;52;44
1_111_GxtA#34,1_111_GxtA,1,5,198Y 207F 215F 152V 222G 80A 89L 46L 70I 83D 52L 44Y,198;207;215;152;222;80;89;46;70;83;52;44
1_111_GxtA#35,1_111_GxtA,1,6,198Y 207L 215F 152L 222G 80V 89L 46V 70V 83D 52L 44Y,198;207;215;152;222;80;89;46;70;83;52;44
1_111_GxtA#36,1_111_GxtA,1,8,198Y 207I 215F 152L 222G 80V 89L 46L 70T 83D 52L 44V,198;207;215;152;222;80;89;46;70;83;52;44
1_111_GxtA#37,1_111_GxtA,1,6,198T 207S 215V 152I 222H 80I 89G 46V 70L 83S 52L 44Y,198;207;215;152;222;80;89;46;70;83;52;44
1_111_GxtA#38,1_111_GxtA,1,4,198A 207F 215F 152V 222G 80A 89G 46A 70L 83D 52V 44I,198;207;215;152;222;80;89;46;70;83;52;44
1_111_GxtA#39,1_111_GxtA,1,6,198C 207L 215F 152V 222F 80A 89G 46A 70L 83N 52L 44Y,198;207;215;152;222;80;89;46;70;83;52;44
1_111_GxtA#40,1_111_GxtA,1,3,198A 207V 215F 152V 222G 80A 89G 46V 70L 83A 52L 44Y,198;207;215;152;222;80;89;46;70;83;52;44
1_111_GxtA#41,1_111_GxtA,1,10,198G 207G 215P 152I 222P 80V 89G 46L 70M 83P 52V 44F,198;207;215;152;222;80;89;46;70;83;52;44
1_111_GxtA#42,1_111_GxtA,1,8,198G 207G 215A 152V 222M 80A 89G 46L 70L 83A 52L 44F,198;207;215;152;222;80;89;46;70;83;52;44
1_111_GxtA#43,1_111_GxtA,1,2,198A 207F 215F 152I 222G 80A 89G 46V 70I 83D 52L 44H,198;207;215;152;222;80;89;46;70;83;52;44
1_111_GxtA#44,1_111_GxtA,1,5,198I 207N 215F 152I 222P 80C 89G 46I 70L 83D 52L 44Y,198;207;215;152;222;80;89;46;70;83;52;44
1_111_GxtA#45,1_111_GxtA,1,5,198A 207A 215I 152I 222G 80A 89G 46C 70F 83D 52I 44Y,198;207;215;152;222;80;89;46;70;83;52;44
1_111_GxtA#46,1_111_GxtA,1,5,198N 207F 215F 152V 222R 80A 89N 46V 70I 83D 52L 44Y,198;207;215;152;222;80;89;46;70;83;52;44
1_111_GxtA#47,1_111_GxtA,1,5,198N 207Q 215F 152I 222G 80C 89G 46V 70F 83D 52V 44Y,198;207;215;152;222;80;89;46;70;83;52;44
1_111_GxtA#48,1_111_GxtA,1,7,198N 207L 215Y 152I 222G 80A 89G 46I 70I 83N 52L 44L,198;207;215;152;222;80;89;46;70;83;52;44
1_111_GxtA#49,1_111_GxtA,1,11,198V 207T 215A 152V 222D 80V 89G 46I 70V 83A 52V 44F,198;207;215;152;222;80;89;46;70;83;52;44
1_111_GxtA#50,1_111_GxtA,1,7,198C 207F 215F 152V 222G 80V 89G 46V 70V 83R 52I 44F,198;207;215;152;222;80;89;46;70;83;52;44
1_111_GxtA#51,1_111_GxtA,1,5,198A 207F 215Y 152L 222W 80A 89F 46V 70L 83D 52L 44H,198;207;215;152;222;80;89;46;70;83;52;44
1_111_GxtA#52,1_111_GxtA,1,9,198D 207T 215V 152I 222D 80V 89G 46V 70I 83A 52V 44H,198;207;215;152;222;80;89;46;70;83;52;44
1_111_GxtA#53,1_111_GxtA,1,4,198A 207F 215K 152I 222P 80A 89G 46V 70L 83I 52L 44H,198;207;215;152;222;80;89;46;70;83;52;44
1_111_GxtA#54,1_111_GxtA,1,5,198C 207F 215Y 152I 222W 80A 89F 46V 70L 83D 52L 44H,198;207;215;152;222;80;89;46;70;83;52;44
1_111_GxtA#55,1_111_GxtA,1,2,198A 207T 215F 152I 222G 80A 89G 46V 70V 83D 52L 44Y,198;207;215;152;222;80;89;46;70;83;52;44
1_111_GxtA#56,1_111_GxtA,1,6,198C 207A 215S 152I 222E 80A 89G 46A 70L 83R 52L 44Y,198;207;215;152;222;80;89;46;70;83;52;44
1_111_GxtA#57,1_111_GxtA,1,3,198A 207G 215F 152I 222G 80V 89G 46V 70A 83D 52L 44Y,198;207;215;152;222;80;89;46;70;83;52;44
1_111_GxtA#58,1_111_GxtA,1,7,198T 207S 215Y 152V 222G 80A 89T 46L 70V 83D 52L 44Y,198;207;215;152;222;80;89;46;70;83;52;44
1_111_GxtA#59,1_111_GxtA,1,8,198C 207G 215A 152I 222L 80V 89G 46F 70A 83A 52L 44Y,198;207;215;152;222;80;89;46;70;83;52;44
1_111_GxtA#60,1_111_GxtA,1,5,198T 207F 215F 152L 222R 80A 89R 46V 70L 83D 52L 44H,198;207;215;152;222;80;89;46;70;83;52;44
1_111_GxtA#61,1_111_GxtA,1,6,198Y 207F 215Y 152I 222G 80L 89F 46V 70L 83D 52F 44V,198;207;215;152;222;80;89;46;70;83;52;44
1_111_GxtA#62,1_111_GxtA,1,7,198Y 207V 215Y 152L 222G 80V 89L 46V 70I 83D 52L 44Y,198;207;215;152;222;80;89;46;70;83;52;44
1_111_GxtA#63,1_111_GxtA,1,5,198Y 207V 215F 152L 222G 80A 89Q 46V 70I 83D 52L 44Y,198;207;215;152;222;80;89;46;70;83;52;44
1_111_GxtA#64,1_111_GxtA,1,8,198Y 207V 215Y 152L 222G 80V 89L 46I 70I 83D 52L 44Y,198;207;215;152;222;80;89;46;70;83;52;44
1_110_SxtT#0,1_110_SxtT,35,9,213A 45V 71W 46A 64F 68C 103I 215P 83R 112Y 90A 152V,213;45;71;46;64;68;103;215;83;112;90;152
1_110_SxtT#1,1_110_SxtT,9,0,213F 45P 71W 46V 64L 68L 103L 215F 83D 112F 90A 152V,213;45;71;46;64;68;103;215;83;112;90;152
1_110_SxtT#2,1_110_SxtT,7,5,213F 45V 71F 46V 64L 68L 103I 215F 83R 112F 90G 152V,213;45;71;46;64;68;103;215;83;112;90;152
1_110_SxtT#3,1_110_SxtT,7,7,213L 45V 71F 46A 64M 68V 103L 215F 83D 112Y 90A 152V,213;45;71;46;64;68;103;215;83;112;90;152
1_110_SxtT#4,1_110_SxtT,7,5,213F 45P 71Y 46V 64L 68L 103I 215Y 83D 112Y 90A 152I,213;45;71;46;64;68;103;215;83;112;90;152
1_110_SxtT#5,1_110_SxtT,6,9,213L 45A 71F 46V 64A 68I 103I 215V 83A 112F 90A 152I,213;45;71;46;64;68;103;215;83;112;90;152
1_110_SxtT#6,1_110_SxtT,5,5,213V 45P 71W 46L 64M 68V 103L 215Y 83D 112F 90A 152V,213;45;71;46;64;68;103;215;83;112;90;152
1_110_SxtT#7,1_110_SxtT,5,0,213F 45P 71W 46V 64L 68L 103L 215F 83D 112F 90A 152V,213;45;71;46;64;68;103;215;83;112;90;152
1_110_SxtT#8,1_110_SxtT,4,4,213F 45A 71W 46L 64L 68L 103I 215Y 83D 112F 90A 152V,213;45;71;46;64;68;103;215;83;112;90;152
1_110_SxtT#9,1_110_SxtT,4,6,213L 45A 71Y 46V 64L 68V 103L 215F 83D 112Y 90A 152I,213;45;71;46;64;68;103;215;83;112;90;152
1_110_SxtT#10,1_110_SxtT,4,5,213L 45P 71Y 46V 64L 68V 103L 215Y 83D 112Y 90A 152V,213;45;71;46;64;68;103;215;83;112;90;152
1_110_SxtT#11,1_110_SxtT,4,3,213V 45P 71W 46L 64L 68L 103L 215F 83D 112F 90A 152L,213;45;71;46;64;68;103;215;83;112;90;152
1_110_SxtT#12,1_110_SxtT,3,3,213F 45P 71W 46V 64A 68L 103I 215F 83D 112Y 90A 152V,213;45;71;46;64;68;103;215;83;112;90;152
1_110_SxtT#13,1_110_SxtT,3,9,213F 45M 71Y 46I 64F 68L 103I 215Y 83A 112W 90A 152I,213;45;71;46;64;68;103;215;83;112;90;152
1_110_SxtT#14,1_110_SxtT,3,3,213F 45P 71W 46V 64L 68V 103V 215F 83D 112F 90T 152V,213;45;71;46;64;68;103;215;83;112;90;152
1_110_SxtT#15,1_110_SxtT,3,4,213F 45P 71Y 46V 64L 68L 103I 215F 83R 112F 90G 152V,213;45;71;46;64;68;103;215;83;112;90;152
1_110_SxtT#16,1_110_SxtT,3,6,213L 45P 71F 46V 64L 68V 103L 215F 83D 112Y 90V 152I,213;45;71;46;64;68;103;215;83;112;90;152
1_110_SxtT#17,1_110_SxtT,3,6,213V 45A 71W 46V 64F 68L 103V 215F 83D 112Y 90A 152I,213;45;71;46;64;68;103;215;83;112;90;152
1_110_SxtT#18,1_110_SxtT,3,1,213F 45P 71W 46V 64L 68L 103L 215F 83D 112F 90T 152V,213;45;71;46;64;68;103;215;83;112;90;152
1_110_SxtT#19,1_110_SxtT,3,3,213F 45V 71W 46V 64L 68L 103I 215F 83D 112F 90A 152I,213;45;71;46;64;68;103;215;83;112;90;152
1_110_SxtT#20,1_110_SxtT,3,3,213A 45P 71W 46I 64L 68L 103L 215F 83D 112F 90A 152L,213;45;71;46;64;68;103;215;83;112;90;152
1_110_SxtT#21,1_110_SxtT,2,4,213V 45A 71W 46T 64L 68L 103L 215F 83D 112W 90A 152V,213;45;71;46;64;68;103;215;83;112;90;152
1_110_SxtT#22,1_110_SxtT,2,8,213L 45L 71F 46A 64G 68L 103L 215T 83A 112F 90A 152I,213;45;71;46;64;68;103;215;83;112;90;152
1_110_SxtT#23,1_110_SxtT,2,5,213T 45P 71Y 46I 64L 68I 103L 215Y 83D 112F 90A 152V,213;45;71;46;64;68;103;215;83;112;90;152
1_110_SxtT#24,1_110_SxtT,2,3,213F 45P 71W 46V 64F 68L 103L 215Y 83D 112F 90A 152L,213;45;71;46;64;68;103;215;83;112;90;152
1_110_SxtT#25,1_110_SxtT,2,7,213L 45V 71W 46A 64F 68L 103L 215D 83R 112F 90A 152L,213;45;71;46;64;68;103;215;83;112;90;152
1_110_SxtT#26,1_110_SxtT,2,5,213F 45I 71W 46A 64F 68L 103L 215T 83R 112F 90A 152V,213;45;71;46;64;68;103;215;83;112;90;152
1_110_SxtT#27,1_110_SxtT,2,3,213V 45P 71W 46I 64L 68L 103L 215F 83D 112F 90A 152L,213;45;71;46;64;68;103;215;83;112;90;152
1_110_SxtT#28,1_110_SxtT,2,6,213V 45A 71Y 46C 64L 68F 103L 215A 83D 112F 90A 152V,213;45;71;46;64;68;103;215;83;112;90;152
1_110_SxtT#29,1_110_SxtT,2,6,213F 45V 71W 46A 64F 68V 103L 215A 83A 112F 90A 152V,213;45;71;46;64;68;103;215;83;112;90;152
1_110_SxtT#30,1_110_SxtT,2,6,213F 45V 71W 46A 64A 68V 103L 215V 83R 112F 90A 152V,213;45;71;46;64;68;103;215;83;112;90;152
1_110_SxtT#31,1_110_SxtT,2,8,213L 45V 71F 46A 64M 68L 103L 215V 83D 112Y 90A 152I,213;45;71;46;64;68;103;215;83;112;90;152
1_110_SxtT#32,1_110_SxtT,2,6,213L 45A 71F 46V 64L 68V 103L 215F 83D 112Y 90A 152I,213;45;71;46;64;68;103;215;83;112;90;152
1_110_SxtT#33,1_110_SxtT,2,3,213F 45V 71W 46V 64L 68L 103L 215F 83D 112Y 90V 152V,213;45;71;46;64;68;103;215;83;112;90;152
1_110_SxtT#34,1_110_SxtT,2,3,213F 45P 71Y 46V 64L 68L 103I 215F 83D 112F 90V 152V,213;45;71;46;64;68;103;215;83;112;90;152
1_110_SxtT#35,1_110_SxtT,2,5,213F 45P 71Y 46V 64L 68L 103I 215W 83D 112F 90V 152I,213;45;71;46;64;68;103;215;83;112;90;152
1_110_SxtT#36,1_110_SxtT,2,4,213F 45P 71Y 46V 64L 68L 103I 215F 83D 112F 90V 152I,213;45;71;46;64;68;103;215;83;112;90;152
1_110_SxtT#37,1_110_SxtT,2,2,213F 45P 71W 46V 64L 68L 103L 215Y 83D 112F 90A 152L,213;45;71;46;64;68;103;215;83;112;90;152
1_110_SxtT#38,1_110_SxtT,1,2,213I 45P 71W 46V 64L 68L 103L 215F 83D 112F 90A 152L,213;45;71;46;64;68;103;215;83;112;90;152
1_110_SxtT#39,1_110_SxtT,1,5,213V 45P 71W 46L 64F 68L 103L 215V 83D 112F 90A 152L,213;45;71;46;64;68;103;215;83;112;90;152
1_110_SxtT#40,1_110_SxtT,1,4,213A 45P 71W 46L 64L 68L 103L 215Y 83D 112F 90A 152-,213;45;71;46;64;68;103;215;83;112;90;152
1_110_SxtT#41,1_110_SxtT,1,3,213I 45P 71W 46L 64L 68L 103L 215F 83D 112F 90A 152L,213;45;71;46;64;68;103;215;83;112;90;152
1_110_SxtT#42,1_110_SxtT,1,3,213V 45P 71W 46V 64L 68L 103I 215F 83D 112F 90A 152L,213;45;71;46;64;68;103;215;83;112;90;152
1_110_SxtT#43,1_110_SxtT,1,8,213I 45- 71- 46- 64- 68- 103V 215Y 83D 112F 90A 152V,213;45;71;46;64;68;103;215;83;112;90;152
1_110_SxtT#44,1_110_SxtT,1,8,213T 45A 71Y 46L 64L 68F 103V 215F 83D 112Y 90G 152V,213;45;71;46;64;68;103;215;83;112;90;152
1_110_SxtT#45,1_110_SxtT,1,9,213F 45A 71F 46V 64C 68I 103V 215A 83A 112Y 90A 152I,213;45;71;46;64;68;103;215;83;112;90;152
1_110_SxtT#46,1_110_SxtT,1,9,213N 45P 71Y 46I 64A 68V 103I 215V 83A 112F 90A 152I,213;45;71;46;64;68;103;215;83;112;90;152
1_110_SxtT#47,1_110_SxtT,1,7,213F 45Q 71F 46V 64F 68L 103I 215F 83A 112W 90A 152I,213;45;71;46;64;68;103;215;83;112;90;152
1_110_SxtT#48,1_110_SxtT,1,7,213F 45V 71W 46- 64L 68I 103L 215A 83A 112Y 90A 152I,213;45;71;46;64;68;103;215;83;112;90;152
1_110_SxtT#49,1_110_SxtT,1,6,213F 45W 71Y 46A 64L 68L 103L 215T 83A 112F 90A 152I,213;45;71;46;64;68;103;215;83;112;90;152
1_110_SxtT#50,1_110_SxtT,1,7,213V 45C 71G 46V 64N 68M 103L 215F 83D 112F 90M 152A,213;45;71;46;64;68;103;215;83;112;90;152
1_110_SxtT#51,1_110_SxtT,1,5,213F 45P 71Y 46I 64D 68L 103L 215F 83D 112F 90V 152I,213;45;71;46;64;68;103;215;83;112;90;152
1_110_SxtT#52,1_110_SxtT,1,5,213F 45P 71F 46V 64L 68V 103L 215L 83A 112Y 90A 152V,213;45;71;46;64;68;103;215;83;112;90;152
1_110_SxtT#53,1_110_SxtT,1,9,213L 45I 71F 46I 64F 68I 103I 215F 83A 112Y 90A 152V,213;45;71;46;64;68;103;215;83;112;90;152
1_110_SxtT#54,1_110_SxtT,1,4,213F 45A 71W 46V 64L 68L 103L 215F 83A 112Y 90A 152I,213;45;71;46;64;68;103;215;83;112;90;152
1_110_SxtT#55,1_110_SxtT,1,3,213F 45P 71T 46V 64L 68F 103I 215F 83D 112F 90A 152V,213;45;71;46;64;68;103;215;83;112;90;152
1_110_SxtT#56,1_110_SxtT,1,6,213F 45P 71I 46V 64L 68I 103I 215Y 83N 112F 90A 152I,213;45;71;46;64;68;103;215;83;112;90;152
1_110_SxtT#57,1_110_SxtT,1,8,213L 45A 71Y 46V 64A 68F 103L 215Y 83P 112F 90A 152I,213;45;71;46;64;68;103;215;83;112;90;152
1_110_SxtT#58,1_110_SxtT,1,8,213L 45V 71W 46A 64F 68L 103I 215T 83P 112Y 90A 152V,213;45;71;46;64;68;103;215;83;112;90;152
1_110_SxtT#59,1_110_SxtT,1,7,213L 45P 71F 46A 64L 68V 103I 215F 83D 112Y 90A 152I,213;45;71;46;64;68;103;215;83;112;90;152
1_110_SxtT#60,1_110_SxtT,1,3,213A 45P 71W 46V 64L 68L 103L 215F 83D 112F 90V 152L,213;45;71;46;64;68;103;215;83;112;90;152
1_110_SxtT#61,1_110_SxtT,1,3,213A 45P 71W 46V 64L 68L 103L 215V 83D 112F 90A 152I,213;45;71;46;64;68;103;215;83;112;90;152
1_110_SxtT#62,1_110_SxtT,1,6,213F 45P 71Y 46I 64L 68L 103V 215W 83D 112F 90V 152I,213;45;71;46;64;68;103;215;83;112;90;152
1_110_SxtT#63,1_110_SxtT,1,3,213F 45P 71Y 46V 64L 68L 103I 215F 83D 112F 90V 152V,213;45;71;46;64;68;103;215;83;112;90;152
1_110_SxtT#64,1_110_SxtT,1,4,213F 45P 71Y 46V 64L 68L 103V 215F 83D 112F 90V 152I,213;45;71;46;64;68;103;215;83;112;90;152
1_110_SxtT#65,1_110_SxtT,1,5,213F 45P 71F 46V 64L 68L 103I 215W 83D 112Y 90V 152V,213;45;71;46;64;68;103;215;83;112;90;152
1_110_SxtT#66,1_110_SxtT,1,0,213F 45P 71W 46V 64L 68L 103L 215F 83D 112F 90A 152V,213;45;71;46;64;68;103;215;83;112;90;152
1_110_SxtT#67,1_110_SxtT,1,4,213F 45V 71W 46V 64L 68L 103V 215F 83D 112Y 90A 152I,213;45;71;46;64;68;103;215;83;112;90;152
4_406_PDO#0,4_406_PDO,56,2,42H 206G 219S 97N 94Y 39M 238Q 249A 137K 35M 101C 121M,42;206;219;97;94;39;238;249;137;35;101;121
4_406_PDO#1,4_406_PDO,26,2,42H 206G 219S 97N 94Y 39M 238Q 249A 137K 35M 101C 121M,42;206;219;97;94;39;238;249;137;35;101;121
4_406_PDO#2,4_406_PDO,18,3,42H 206G 219S 97N 94F 39M 238E 249A 137T 35M 101C 121M,42;206;219;97;94;39;238;249;137;35;101;121
4_406_PDO#3,4_406_PDO,13,7,42F 206G 219S 97A 94L 39M 238E 249A 137R 35M 101D 121T,42;206;219;97;94;39;238;249;137;35;101;121
4_406_PDO#4,4_406_PDO,12,9,42F 206G 219N 97V 94L 39M 238K 249A 137R 35G 101G 121T,42;206;219;97;94;39;238;249;137;35;101;121
4_406_PDO#5,4_406_PDO,8,8,42Y 206V 219F 97L 94F 39M 238Q 249M 137G 35A 101G 121T,42;206;219;97;94;39;238;249;137;35;101;121
4_406_PDO#6,4_406_PDO,5,7,42Y 206A 219S 97V 94L 39L 238E 249A 137T 35M 101C 121V,42;206;219;97;94;39;238;249;137;35;101;121
4_406_PDO#7,4_406_PDO,5,9,42Y 206V 219F 97L 94F 39L 238Q 249M 137R 35L 101G 121T,42;206;219;97;94;39;238;249;137;35;101;121
4_406_PDO#8,4_406_PDO,4,9,42Q 206T 219D 97N 94L 39W 238T 249S 137K 35L 101N 121M,42;206;219;97;94;39;238;249;137;35;101;121
4_406_PDO#9,4_406_PDO,4,8,42Y 206V 219F 97L 94F 39L 238Q 249M 137K 35A 101G 121T,42;206;219;97;94;39;238;249;137;35;101;121
4_406_PDO#10,4_406_PDO,4,1,42H 206G 219S 97N 94F 39M 238Q 249A 137K 35M 101C 121M,42;206;219;97;94;39;238;249;137;35;101;121
4_406_PDO#11,4_406_PDO,3,5,42Y 206G 219N 97N 94W 39F 238E 249G 137K 35M 101C 121M,42;206;219;97;94;39;238;249;137;35;101;121
4_406_PDO#12,4_406_PDO,2,7,42Y 206G 219D 97V 94L 39L 238E 249A 137R 35M 101C 121T,42;206;219;97;94;39;238;249;137;35;101;121
4_406_PDO#13,4_406_PDO,2,11,42Q 206N 219E 97H 94Q 39L 238R 249- 137K 35L 101S 121V,42;206;219;97;94;39;238;249;137;35;101;121
4_406_PDO#14,4_406_PDO,2,8,42Y 206A 219S 97N 94V 39R 238E 249A 137H 35- 101N 121A,42;206;219;97;94;39;238;249;137;35;101;121
4_406_PDO#15,4_406_PDO,2,10,42F 206G 219E 97N 94L 39I 238E 249G 137R 35N 101G 121T,42;206;219;97;94;39;238;249;137;35;101;121
4_406_PDO#16,4_406_PDO,2,9,42Y 206G 219L 97V 94L 39M 238A 249V 137R 35A 101G 121Q,42;206;219;97;94;39;238;249;137;35;101;121
4_406_PDO#17,4_406_PDO,2,8,42Y 206I 219F 97L 94F 39M 238Q 249I 137N 35A 101G 121T,42;206;219;97;94;39;238;249;137;35;101;121
4_406_PDO#18,4_406_PDO,2,2,42Y 206G 219S 97N 94M 39M 238R 249A 137K 35M 101C 121M,42;206;219;97;94;39;238;249;137;35;101;121
4_406_PDO#19,4_406_PDO,1,9,42Y 206A 219D 97C 94I 39F 238E 249A 137R 35M 101D 121T,42;206;219;97;94;39;238;249;137;35;101;121
4_406_PDO#20,4_406_PDO,1,8,42Y 206G 219D 97N 94Y 39F 238N 249H 137V 35L 101G 121M,42;206;219;97;94;39;238;249;137;35;101;121
4_406_PDO#21,4_406_PDO,1,7,42Y 206G 219D 97V 94L 39M 238D 249- 137R 35M 101N 121M,42;206;219;97;94;39;238;249;137;35;101;121
4_406_PDO#22,4_406_PDO,1,8,42Y 206A 219A 97N 94L 39L 238E 249A 137S 35M 101N 121A,42;206;219;97;94;39;238;249;137;35;101;121
4_406_PDO#23,4_406_PDO,1,7,42Y 206G 219N 97V 94L 39M 238E 249A 137R 35M 101G 121T,42;206;219;97;94;39;238;249;137;35;101;121
4_406_PDO#24,4_406_PDO,1,8,42Y 206N 219A 97N 94Y 39F 238E 249- 137G 35M 101C 121L,42;206;219;97;94;39;238;249;137;35;101;121
4_406_PDO#25,4_406_PDO,1,8,42F 206G 219A 97D 94L 39L 238D 249A 137R 35M 101N 121M,42;206;219;97;94;39;238;249;137;35;101;121
4_406_PDO#26,4_406_PDO,1,10,42Y 206N 219T 97V 94L 39L 238- 249- 137K 35- 101G 121F,42;206;219;97;94;39;238;249;137;35;101;121
4_406_PDO#27,4_406_PDO,1,9,42Y 206V 219F 97L 94F 39M 238E 249T 137N 35A 101G 121T,42;206;219;97;94;39;238;249;137;35;101;121
4_406_PDO#28,4_406_PDO,1,10,42Y 206V 219F 97L 94F 39L 238S 249V 137R 35A 101G 121T,42;206;219;97;94;39;238;249;137;35;101;121
4_406_PDO#29,4_406_PDO,1,8,42Y 206V 219F 97R 94F 39M 238Q 249- 137S 35L 101G 121Q,42;206;219;97;94;39;238;249;137;35;101;121
4_406_PDO#30,4_406_PDO,1,9,42Y 206V 219F 97L 94F 39L 238Q 249- 137Q 35A 101N 121Q,42;206;219;97;94;39;238;249;137;35;101;121
4_405_ROCH34#0,4_405_ROCH34,33,6,151I 56R 145V 207G 149S 35C 214S 60P 39M 154A 70L 80L,151;56;145;207;149;35;214;60;39;154;70;80
4_405_ROCH34#1,4_405_ROCH34,17,5,151M 56D 145V 207S 149G 35M 214T 60K 39L 154A 70A 80V,151;56;145;207;149;35;214;60;39;154;70;80
4_405_ROCH34#2,4_405_ROCH34,16,2,151I 56D 145C 207G 149G 35M 214S 60R 39M 154A 70A 80L,151;56;145;207;149;35;214;60;39;154;70;80
4_405_ROCH34#3,4_405_ROCH34,12,9,151L 56G 145T 207D 149N 35M 214G 60R 39M 154V 70A 80I,151;56;145;207;149;35;214;60;39;154;70;80
4_405_ROCH34#4,4_405_ROCH34,10,5,151V 56D 145L 207G 149G 35M 214T 60R 39F 154T 70A 80L,151;56;145;207;149;35;214;60;39;154;70;80
4_405_ROCH34#5,4_405_ROCH34,8,8,151V 56A 145L 207G 149A 35C 214S 60A 39L 154G 70L 80L,151;56;145;207;149;35;214;60;39;154;70;80
4_405_ROCH34#6,4_405_ROCH34,7,9,151M 56G 145C 207E 149N 35L 214P 60R 39F 154T 70A 80L,151;56;145;207;149;35;214;60;39;154;70;80
4_405_ROCH34#7,4_405_ROCH34,7,4,151V 56D 145C 207G 149G 35M 214S 60R 39F 154T 70A 80L,151;56;145;207;149;35;214;60;39;154;70;80
4_405_ROCH34#8,4_405_ROCH34,7,6,151I 56R 145V 207G 149S 35A 214S 60A 39L 154A 70L 80M,151;56;145;207;149;35;214;60;39;154;70;80
4_405_ROCH34#9,4_405_ROCH34,6,3,151I 56D 145T 207S 149G 35M 214S 60R 39M 154A 70A 80L,151;56;145;207;149;35;214;60;39;154;70;80
4_405_ROCH34#10,4_405_ROCH34,6,6,151L 56D 145C 207D 149G 35M 214G 60R 39M 154V 70A 80L,151;56;145;207;149;35;214;60;39;154;70;80
4_405_ROCH34#11,4_405_ROCH34,6,7,151I 56R 145C 207G 149N 35L 214S 60A 39L 154T 70L 80L,151;56;145;207;149;35;214;60;39;154;70;80
4_405_ROCH34#12,4_405_ROCH34,5,4,151V 56D 145C 207G 149G 35M 214S 60R 39L 154T 70G 80L,151;56;145;207;149;35;214;60;39;154;70;80
4_405_ROCH34#13,4_405_ROCH34,5,4,151V 56D 145L 207G 149G 35M 214S 60R 39F 154T 70A 80L,151;56;145;207;149;35;214;60;39;154;70;80
4_405_ROCH34#14,4_405_ROCH34,4,6,151I 56R 145V 207G 149S 35A 214S 60A 39L 154A 70V 80M,151;56;145;207;149;35;214;60;39;154;70;80
4_405_ROCH34#15,4_405_ROCH34,4,5,151I 56R 145V 207G 149N 35A 214S 60P 39L 154A 70L 80L,151;56;145;207;149;35;214;60;39;154;70;80
4_405_ROCH34#16,4_405_ROCH34,3,3,151V 56D 145V 207G 149G 35M 214G 60R 39F 154A 70A 80L,151;56;145;207;149;35;214;60;39;154;70;80
4_405_ROCH34#17,4_405_ROCH34,3,6,151L 56G 145V 207D 149G 35M 214G 60R 39F 154A 70A 80V,151;56;145;207;149;35;214;60;39;154;70;80
4_405_ROCH34#18,4_405_ROCH34,3,4,151V 56D 145C 207G 149G 35M 214S 60R 39F 154T 70A 80L,151;56;145;207;149;35;214;60;39;154;70;80
4_405_ROCH34#19,4_405_ROCH34,2,7,151V 56G 145V 207D 149G 35M 214S 60P 39L 154V 70L 80C,151;56;145;207;149;35;214;60;39;154;70;80
4_405_ROCH34#20,4_405_ROCH34,2,10,151V 56G 145V 207D 149N 35T 214A 60R 39F 154I 70G 80I,151;56;145;207;149;35;214;60;39;154;70;80
4_405_ROCH34#21,4_405_ROCH34,2,6,151V 56G 145V 207E 149N 35M 214A 60R 39M 154A 70A 80L,151;56;145;207;149;35;214;60;39;154;70;80
4_405_ROCH34#22,4_405_ROCH34,2,7,151M 56G 145C 207E 149N 35M 214A 60R 39M 154A 70A 80L,151;56;145;207;149;35;214;60;39;154;70;80
4_405_ROCH34#23,4_405_ROCH34,2,8,151M 56G 145V 207D 149K 35M 214A 60K 39F 154T 70A 80L,151;56;145;207;149;35;214;60;39;154;70;80
4_405_ROCH34#24,4_405_ROCH34,1,5,151A 56D 145C 207D 149G 35- 214S 60R 39- 154A 70A 80L,151;56;145;207;149;35;214;60;39;154;70;80
4_405_ROCH34#25,4_405_ROCH34,1,7,151V 56D 145V 207F 149A 35A 214Y 60P 39L 154G 70A 80L,151;56;145;207;149;35;214;60;39;154;70;80
4_405_ROCH34#26,4_405_ROCH34,1,6,151I 56D 145T 207G 149S 35M 214S 60N 39F 154T 70A 80I,151;56;145;207;149;35;214;60;39;154;70;80
4_405_ROCH34#27,4_405_ROCH34,1,8,151I 56G 145A 207E 149A 35V 214S 60R 39F 154V 70A 80I,151;56;145;207;149;35;214;60;39;154;70;80
4_405_ROCH34#28,4_405_ROCH34,1,10,151I 56G 145L 207L 149H 35- 214P 60E 39L 154I 70L 80A,151;56;145;207;149;35;214;60;39;154;70;80
4_405_ROCH34#29,4_405_ROCH34,1,5,151L 56D 145T 207A 149G 35M 214S 60R 39F 154V 70A 80L,151;56;145;207;149;35;214;60;39;154;70;80
4_405_ROCH34#30,4_405_ROCH34,1,7,151A 56G 145I 207N 149G 35A 214S 60P 39L 154A 70L 80L,151;56;145;207;149;35;214;60;39;154;70;80
4_405_ROCH34#31,4_405_ROCH34,1,9,151V 56G 145C 207E 149G 35M 214P 60T 39M 154T 70V 80L,151;56;145;207;149;35;214;60;39;154;70;80
4_405_ROCH34#32,4_405_ROCH34,1,6,151I 56R 145V 207G 149N 35A 214S 60P 39M 154A 70L 80L,151;56;145;207;149;35;214;60;39;154;70;80
4_405_ROCH34#33,4_405_ROCH34,1,5,151V 56D 145L 207G 149G 35M 214I 60R 39F 154T 70A 80L,151;56;145;207;149;35;214;60;39;154;70;80
3_307_NagGH#0,3_307_NagGH,106,1,353A 323H 358V 360E 317F 319F 232N 178F 44C 214G 207I 203M,353;323;358;360;317;319;232;178;44;214;207;203
3_307_NagGH#1,3_307_NagGH,32,10,353L 323M 358A 360K 317M 319M 232G 178F 44N 214T 207L 203Y,353;323;358;360;317;319;232;178;44;214;207;203
3_307_NagGH#2,3_307_NagGH,14,11,353M 323Y 358M 360N 317H 319L 232S 178L 44N 214T 207L 203Y,353;323;358;360;317;319;232;178;44;214;207;203
3_307_NagGH#3,3_307_NagGH,6,11,353I 323F 358I 360A 317C 319K 232Q 178C 44N 214A 207V 203Q,353;323;358;360;317;319;232;178;44;214;207;203
3_307_NagGH#4,3_307_NagGH,6,1,353A 323H 358V 360E 317F 319F 232N 178F 44S 214G 207I 203M,353;323;358;360;317;319;232;178;44;214;207;203
3_307_NagGH#5,3_307_NagGH,4,1,353A 323H 358V 360E 317F 319F 232N 178F 44C 214G 207I 203M,353;323;358;360;317;319;232;178;44;214;207;203
3_307_NagGH#6,3_307_NagGH,3,4,353A 323H 358I 360E 317F 319F 232Q 178D 44L 214G 207I 203M,353;323;358;360;317;319;232;178;44;214;207;203
3_307_NagGH#7,3_307_NagGH,2,9,353V 323F 358V 360V 317H 319L 232D 178F 44A 214S 207L 203M,353;323;358;360;317;319;232;178;44;214;207;203
3_307_NagGH#8,3_307_NagGH,1,7,353V 323Y 358V 360E 317F 319L 232Q 178F 44H 214S 207I 203Y,353;323;358;360;317;319;232;178;44;214;207;203
4_403_AtdA#0,4_403_AtdA,48,8,86R 353D 296A 358M 211Y 359L 297N 90A 216V 240D 61R 223G,86;353;296;358;211;359;297;90;216;240;61;223
4_403_AtdA#1,4_403_AtdA,24,3,86P 353H 296K 358M 211C 359Y 297G 90T 216A 240R 61T 223T,86;353;296;358;211;359;297;90;216;240;61;223
4_403_AtdA#2,4_403_AtdA,10,8,86P 353P 296H 358L 211M 359Y 297T 90A 216T 240R 61T 223A,86;353;296;358;211;359;297;90;216;240;61;223
4_403_AtdA#3,4_403_AtdA,7,4,86P 353H 296K 358M 211C 359Y 297G 90V 216A 240W 61T 223T,86;353;296;358;211;359;297;90;216;240;61;223
4_403_AtdA#4,4_403_AtdA,6,4,86P 353H 296K 358M 211C 359Y 297G 90V 216A 240W 61S 223T,86;353;296;358;211;359;297;90;216;240;61;223
4_403_AtdA#5,4_403_AtdA,5,9,86T 353A 296A 358I 211Y 359G 297E 90N 216T 240R 61R 223A,86;353;296;358;211;359;297;90;216;240;61;223
4_403_AtdA#6,4_403_AtdA,5,9,86R 353P 296I 358I 211Y 359F 297N 90A 216V 240T 61R 223M,86;353;296;358;211;359;297;90;216;240;61;223
4_403_AtdA#7,4_403_AtdA,3,4,86A 353H 296K 358A 211M 359Y 297G 90A 216A 240R 61V 223T,86;353;296;358;211;359;297;90;216;240;61;223
4_403_AtdA#8,4_403_AtdA,2,9,86P 353- 296S 358I 211Y 359C 297A 90T 216V 240- 61F 223T,86;353;296;358;211;359;297;90;216;240;61;223
4_403_AtdA#9,4_403_AtdA,1,9,86R 353A 296V 358V 211Y 359F 297G 90A 216T 240N 61T 223I,86;353;296;358;211;359;297;90;216;240;61;223
4_403_AtdA#10,4_403_AtdA,1,10,86A 353A 296G 358I 211Y 359A 297E 90N 216V 240- 61R 223A,86;353;296;358;211;359;297;90;216;240;61;223
4_403_AtdA#11,4_403_AtdA,1,10,86T 353D 296N 358T 211Y 359S 297T 90A 216L 240- 61L 223P,86;353;296;358;211;359;297;90;216;240;61;223
4_403_AtdA#12,4_403_AtdA,1,9,86R 353Y 296L 358I 211Y 359Y 297H 90A 216L 240D 61F 223P,86;353;296;358;211;359;297;90;216;240;61;223
4_403_AtdA#13,4_403_AtdA,1,4,86P 353H 296K 358M 211C 359Y 297A 90T 216A 240R 61T 223T,86;353;296;358;211;359;297;90;216;240;61;223
4_401_CmtAb#0,4_401_CmtAb,10,4,46A 365S 38M 162P 109G 69I 67P 70V 27D 92L 167I 56G,46;365;38;162;109;69;67;70;27;92;167;56
4_401_CmtAb#1,4_401_CmtAb,9,5,46A 365A 38I 162S 109G 69I 67N 70I 27S 92V 167L 56G,46;365;38;162;109;69;67;70;27;92;167;56
4_401_CmtAb#2,4_401_CmtAb,7,8,46V 365G 38L 162P 109A 69V 67P 70V 27E 92I 167F 56N,46;365;38;162;109;69;67;70;27;92;167;56
4_401_CmtAb#3,4_401_CmtAb,7,5,46V 365G 38I 162D 109G 69I 67P 70F 27S 92V 167L 56N,46;365;38;162;109;69;67;70;27;92;167;56
4_401_CmtAb#4,4_401_CmtAb,5,6,46I 365A 38V 162D 109R 69I 67N 70V 27D 92V 167L 56G,46;365;38;162;109;69;67;70;27;92;167;56
4_401_CmtAb#5,4_401_CmtAb,4,6,46L 365G 38I 162P 109A 69I 67P 70F 27S 92L 167L 56N,46;365;38;162;109;69;67;70;27;92;167;56
4_401_CmtAb#6,4_401_CmtAb,4,8,46I 365N 38L 162S 109S 69I 67P 70V 27C 92L 167F 56G,46;365;38;162;109;69;67;70;27;92;167;56
4_401_CmtAb#7,4_401_CmtAb,4,7,46V 365G 38L 162T 109G 69F 67A 70V 27D 92I 167L 56N,46;365;38;162;109;69;67;70;27;92;167;56
4_401_CmtAb#8,4_401_CmtAb,4,4,46V 365G 38I 162P 109G 69L 67N 70V 27S 92V 167L 56G,46;365;38;162;109;69;67;70;27;92;167;56
4_401_CmtAb#9,4_401_CmtAb,4,6,46A 365A 38I 162S 109A 69I 67P 70V 27D 92L 167I 56Y,46;365;38;162;109;69;67;70;27;92;167;56
4_401_CmtAb#10,4_401_CmtAb,3,5,46A 365N 38L 162P 109G 69V 67E 70V 27D 92V 167F 56G,46;365;38;162;109;69;67;70;27;92;167;56
4_401_CmtAb#11,4_401_CmtAb,3,6,46A 365S 38V 162P 109S 69L 67P 70L 27S 92V 167L 56G,46;365;38;162;109;69;67;70;27;92;167;56
4_401_CmtAb#12,4_401_CmtAb,3,5,46L 365G 38I 162S 109G 69I 67E 70F 27D 92V 167L 56N,46;365;38;162;109;69;67;70;27;92;167;56
4_401_CmtAb#13,4_401_CmtAb,3,8,46A 365A 38L 162D 109G 69V 67E 70L 27D 92L 167L 56N,46;365;38;162;109;69;67;70;27;92;167;56
4_401_CmtAb#14,4_401_CmtAb,3,7,46V 365G 38M 162P 109G 69L 67P 70- 27S 92L 167F 56G,46;365;38;162;109;69;67;70;27;92;167;56
4_401_CmtAb#15,4_401_CmtAb,2,6,46V 365G 38L 162P 109G 69V 67P 70V 27D 92I 167I 56N,46;365;38;162;109;69;67;70;27;92;167;56
4_401_CmtAb#16,4_401_CmtAb,2,5,46V 365A 38L 162A 109H 69I 67P 70V 27D 92V 167L 56G,46;365;38;162;109;69;67;70;27;92;167;56
4_401_CmtAb#17,4_401_CmtAb,2,8,46I 365A 38I 162S 109A 69L 67N 70F 27E 92V 167L 56G,46;365;38;162;109;69;67;70;27;92;167;56
4_401_CmtAb#18,4_401_CmtAb,2,7,46V 365A 38I 162S 109G 69I 67A 70M 27S 92L 167L 56G,46;365;38;162;109;69;67;70;27;92;167;56
4_401_CmtAb#19,4_401_CmtAb,2,5,46V 365N 38I 162P 109G 69I 67S 70I 27S 92V 167L 56G,46;365;38;162;109;69;67;70;27;92;167;56
4_401_CmtAb#20,4_401_CmtAb,2,6,46V 365G 38I 162S 109S 69L 67P 70F 27R 92V 167L 56G,46;365;38;162;109;69;67;70;27;92;167;56
4_401_CmtAb#21,4_401_CmtAb,2,4,46L 365G 38I 162D 109G 69L 67P 70F 27D 92V 167L 56G,46;365;38;162;109;69;67;70;27;92;167;56
4_401_CmtAb#22,4_401_CmtAb,2,5,46A 365G 38I 162D 109G 69L 67D 70V 27D 92I 167L 56N,46;365;38;162;109;69;67;70;27;92;167;56
4_401_CmtAb#23,4_401_CmtAb,1,8,46V 365- 38F 162K 109G 69F 67S 70A 27D 92V 167- 56G,46;365;38;162;109;69;67;70;27;92;167;56
4_401_CmtAb#24,4_401_CmtAb,1,6,46A 365G 38L 162A 109G 69V 67P 70L 27D 92L 167L 56K,46;365;38;162;109;69;67;70;27;92;167;56
4_401_CmtAb#25,4_401_CmtAb,1,4,46L 365A 38I 162P 109G 69I 67P 70A 27D 92V 167L 56N,46;365;38;162;109;69;67;70;27;92;167;56
4_401_CmtAb#26,4_401_CmtAb,1,6,46I 365A 38I 162S 109G 69I 67D 70F 27S 92V 167L 56G,46;365;38;162;109;69;67;70;27;92;167;56
4_401_CmtAb#27,4_401_CmtAb,1,7,46V 365T 38I 162P 109R 69L 67P 70I 27D 92L 167L 56N,46;365;38;162;109;69;67;70;27;92;167;56
4_401_CmtAb#28,4_401_CmtAb,1,5,46L 365A 38I 162D 109G 69I 67P 70V 27G 92I 167L 56G,46;365;38;162;109;69;67;70;27;92;167;56
4_401_CmtAb#29,4_401_CmtAb,1,9,46A 365G 38L 162N 109A 69L 67P 70L 27C 92L 167Q 56N,46;365;38;162;109;69;67;70;27;92;167;56
4_401_CmtAb#30,4_401_CmtAb,1,4,46A 365G 38I 162P 109G 69L 67P 70V 27D 92L 167F 56D,46;365;38;162;109;69;67;70;27;92;167;56
4_401_CmtAb#31,4_401_CmtAb,1,8,46A 365- 38L 162P 109S 69L 67T 70I 27- 92L 167L 56G,46;365;38;162;109;69;67;70;27;92;167;56
4_401_CmtAb#32,4_401_CmtAb,1,5,46V 365N 38- 162P 109G 69L 67P 70V 27- 92V 167L 56G,46;365;38;162;109;69;67;70;27;92;167;56
4_401_CmtAb#33,4_401_CmtAb,1,5,46V 365G 38I 162T 109D 69V 67P 70M 27D 92V 167L 56G,46;365;38;162;109;69;67;70;27;92;167;56
4_401_CmtAb#34,4_401_CmtAb,1,5,46V 365G 38I 162D 109A 69I 67P 70F 27S 92V 167L 56G,46;365;38;162;109;69;67;70;27;92;167;56
4_401_CmtAb#35,4_401_CmtAb,1,7,46V 365G 38I 162S 109G 69V 67E 70M 27D 92I 167L 56S,46;365;38;162;109;69;67;70;27;92;167;56
4_401_CmtAb#36,4_401_CmtAb,1,6,46V 365G 38I 162D 109A 69F 67P 70M 27S 92V 167L 56G,46;365;38;162;109;69;67;70;27;92;167;56
4_401_CmtAb#37,4_401_CmtAb,1,7,46I 365A 38I 162S 109A 69L 67N 70L 27D 92V 167L 56G,46;365;38;162;109;69;67;70;27;92;167;56
4_401_CmtAb#38,4_401_CmtAb,1,6,46L 365G 38I 162S 109G 69I 67E 70F 27S 92V 167L 56N,46;365;38;162;109;69;67;70;27;92;167;56
4_401_CmtAb#39,4_401_CmtAb,1,6,46V 365G 38V 162E 109G 69L 67P 70V 27S 92L 167L 56G,46;365;38;162;109;69;67;70;27;92;167;56
4_401_CmtAb#40,4_401_CmtAb,1,5,46L 365G 38I 162P 109A 69F 67P 70M 27S 92V 167L 56G,46;365;38;162;109;69;67;70;27;92;167;56
5_505_qxyA#0,5_505_qxyA,38,3,209C 206N 101R 39W 303Y 111S 143V 20L 218K 342V 84T 145L,209;206;101;39;303;111;143;20;218;342;84;145
5_505_qxyA#1,5_505_qxyA,13,9,209E 206A 101K 39F 303Y 111T 143L 20V 218A 342S 84V 145S,209;206;101;39;303;111;143;20;218;342;84;145
5_505_qxyA#2,5_505_qxyA,11,8,209D 206V 101G 39F 303V 111T 143Y 20L 218P 342A 84V 145L,209;206;101;39;303;111;143;20;218;342;84;145
5_505_qxyA#3,5_505_qxyA,9,2,209C 206N 101R 39F 303Y 111S 143L 20L 218P 342V 84T 145L,209;206;101;39;303;111;143;20;218;342;84;145
5_505_qxyA#4,5_505_qxyA,7,6,209E 206N 101G 39L 303H 111C 143V 20L 218P 342A 84T 145S,209;206;101;39;303;111;143;20;218;342;84;145
5_505_qxyA#5,5_505_qxyA,4,6,209E 206A 101R 39W 303H 111S 143V 20I 218P 342V 84A 145V,209;206;101;39;303;111;143;20;218;342;84;145
5_505_qxyA#6,5_505_qxyA,2,8,209D 206N 101R 39Y 303M 111S 143F 20L 218A 342N 84V 145V,209;206;101;39;303;111;143;20;218;342;84;145
5_505_qxyA#7,5_505_qxyA,2,8,209E 206A 101P 39F 303Y 111S 143L 20V 218A 342S 84V 145S,209;206;101;39;303;111;143;20;218;342;84;145
5_505_qxyA#8,5_505_qxyA,1,8,209E 206S 101G 39F 303L 111V 143F 20I 218P 342V 84V 145V,209;206;101;39;303;111;143;20;218;342;84;145
5_505_qxyA#9,5_505_qxyA,1,6,209D 206N 101R 39F 303W 111S 143V 20L 218S 342A 84V 145F,209;206;101;39;303;111;143;20;218;342;84;145
5_505_qxyA#10,5_505_qxyA,1,5,209E 206N 101N 39F 303Y 111S 143F 20L 218R 342V 84N 145H,209;206;101;39;303;111;143;20;218;342;84;145
5_505_qxyA#11,5_505_qxyA,1,5,209C 206N 101G 39W 303Y 111S 143V 20L 218P 342A 84T 145I,209;206;101;39;303;111;143;20;218;342;84;145
5_505_qxyA#12,5_505_qxyA,1,8,209C 206N 101N 39F 303H 111S 143A 20- 218P 342A 84L 145V,209;206;101;39;303;111;143;20;218;342;84;145
5_505_qxyA#13,5_505_qxyA,1,9,209E 206A 101S 39F 303G 111T 143I 20- 218K 342Q 84I 145L,209;206;101;39;303;111;143;20;218;342;84;145
5_505_qxyA#14,5_505_qxyA,1,7,209E 206N 101K 39F 303S 111T 143Y 20L 218A 342K 84V 145L,209;206;101;39;303;111;143;20;218;342;84;145
5_505_qxyA#15,5_505_qxyA,1,10,209C 206E 101R 39W 303K 111V 143I 20L 218G 342E 84V 145S,209;206;101;39;303;111;143;20;218;342;84;145
5_505_qxyA#16,5_505_qxyA,1,8,209E 206A 101P 39F 303Y 111A 143M 20L 218Q 342S 84V 145S,209;206;101;39;303;111;143;20;218;342;84;145
3_301_PhnA1a#0,3_301_PhnA1a,36,3,213A 210A 283S 359W 133I 111A 170F 323V 353M 326N 288S 241A,213;210;283;359;133;111;170;323;353;326;288;241
3_301_PhnA1a#1,3_301_PhnA1a,22,10,213L 210G 283A 359L 133L 111S 170A 323A 353N 326E 288T 241A,213;210;283;359;133;111;170;323;353;326;288;241
3_301_PhnA1a#2,3_301_PhnA1a,8,7,213G 210I 283A 359W 133F 111S 170M 323V 353M 326N 288T 241N,213;210;283;359;133;111;170;323;353;326;288;241
3_301_PhnA1a#3,3_301_PhnA1a,6,4,213A 210I 283S 359F 133M 111A 170F 323T 353M 326N 288S 241N,213;210;283;359;133;111;170;323;353;326;288;241
3_301_PhnA1a#4,3_301_PhnA1a,4,10,213V 210G 283G 359M 133I 111V 170M 323T 353S 326E 288A 241V,213;210;283;359;133;111;170;323;353;326;288;241
3_301_PhnA1a#5,3_301_PhnA1a,4,3,213A 210I 283S 359W 133F 111A 170F 323T 353M 326P 288T 241S,213;210;283;359;133;111;170;323;353;326;288;241
3_301_PhnA1a#6,3_301_PhnA1a,4,3,213A 210I 283A 359W 133F 111S 170F 323T 353M 326N 288T 241A,213;210;283;359;133;111;170;323;353;326;288;241
3_301_PhnA1a#7,3_301_PhnA1a,3,11,213V 210S 283D 359L 133I 111T 170L 323I 353D 326L 288H 241-,213;210;283;359;133;111;170;323;353;326;288;241
3_301_PhnA1a#8,3_301_PhnA1a,2,10,213V 210G 283S 359T 133L 111A 170M 323S 353G 326D 288G 241T,213;210;283;359;133;111;170;323;353;326;288;241
3_301_PhnA1a#9,3_301_PhnA1a,2,11,213L 210S 283D 359G 133N 111Q 170Y 323C 353D 326P 288T 241M,213;210;283;359;133;111;170;323;353;326;288;241
3_301_PhnA1a#10,3_301_PhnA1a,1,12,213V 210S 283D 359L 133V 111T 170V 323M 353- 326P 288H 241-,213;210;283;359;133;111;170;323;353;326;288;241
3_301_PhnA1a#11,3_301_PhnA1a,1,10,213L 210A 283- 359- 133I 111E 170I 323- 353- 326- 288- 241A,213;210;283;359;133;111;170;323;353;326;288;241
3_301_PhnA1a#12,3_301_PhnA1a,1,10,213V 210G 283Q 359C 133A 111T 170F 323S 353N 326A 288L 241A,213;210;283;359;133;111;170;323;353;326;288;241
1_108_PobA#0,1_108_PobA,28,11,93E 213P 47C 42F 63I 61L 306I 318K 121V 70A 96A 38Y,93;213;47;42;63;61;306;318;121;70;96;38
1_108_PobA#1,1_108_PobA,10,6,93F 213V 47A 42Y 63V 61T 306L 318R 121Q 70V 96R 38A,93;213;47;42;63;61;306;318;121;70;96;38
1_108_PobA#2,1_108_PobA,9,1,93Y 213V 47G 42Y 63V 61V 306I 318R 121Q 70L 96K 38L,93;213;47;42;63;61;306;318;121;70;96;38
1_108_PobA#3,1_108_PobA,8,2,93Y 213V 47G 42Y 63A 61V 306I 318R 121Q 70L 96K 38L,93;213;47;42;63;61;306;318;121;70;96;38
1_108_PobA#4,1_108_PobA,5,2,93Y 213V 47G 42Y 63V 61V 306L 318R 121Q 70L 96K 38L,93;213;47;42;63;61;306;318;121;70;96;38
1_108_PobA#5,1_108_PobA,4,0,93Y 213V 47G 42Y 63V 61V 306I 318R 121Q 70L 96R 38L,93;213;47;42;63;61;306;318;121;70;96;38
1_108_PobA#6,1_108_PobA,4,8,93F 213A 47A 42H 63L 61V 306L 318R 121Q 70V 96R 38A,93;213;47;42;63;61;306;318;121;70;96;38
1_108_PobA#7,1_108_PobA,4,12,93E 213T 47C 42H 63I 61I 306T 318I 121A 70A 96I 38Y,93;213;47;42;63;61;306;318;121;70;96;38
1_108_PobA#8,1_108_PobA,3,10,93S 213A 47A 42Q 63L 61T 306S 318R 121M 70V 96R 38-,93;213;47;42;63;61;306;318;121;70;96;38
1_108_PobA#9,1_108_PobA,3,11,93E 213T 47H 42F 63I 61I 306T 318V 121A 70L 96K 38Y,93;213;47;42;63;61;306;318;121;70;96;38
1_108_PobA#10,1_108_PobA,2,10,93E 213V 47A 42F 63I 61I 306T 318M 121T 70L 96I 38Y,93;213;47;42;63;61;306;318;121;70;96;38
1_108_PobA#11,1_108_PobA,2,9,93E 213A 47A 42F 63M 61V 306T 318R 121T 70L 96I 38Y,93;213;47;42;63;61;306;318;121;70;96;38
1_108_PobA#12,1_108_PobA,1,8,93S 213V 47A 42Q 63L 61V 306- 318- 121I 70L 96R 38Y,93;213;47;42;63;61;306;318;121;70;96;38
1_108_PobA#13,1_108_PobA,1,9,93V 213L 47A 42Y 63I 61I 306F 318R 121T 70A 96K 38L,93;213;47;42;63;61;306;318;121;70;96;38
1_108_PobA#14,1_108_PobA,1,6,93Y 213L 47A 42Y 63L 61V 306- 318- 121Q 70A 96R 38L,93;213;47;42;63;61;306;318;121;70;96;38
1_108_PobA#15,1_108_PobA,1,9,93A 213V 47L 42Q 63R 61A 306T 318Q 121A 70L 96R 38-,93;213;47;42;63;61;306;318;121;70;96;38
1_108_PobA#16,1_108_PobA,1,4,93Y 213V 47G 42Y 63A 61I 306- 318R 121Q 70L 96K 38L,93;213;47;42;63;61;306;318;121;70;96;38
1_108_PobA#17,1_108_PobA,1,4,93Y 213V 47G 42F 63V 61V 306I 318L 121M 70L 96R 38Y,93;213;47;42;63;61;306;318;121;70;96;38
1_108_PobA#18,1_108_PobA,1,3,93Y 213V 47G 42Y 63A 61I 306I 318R 121Q 70L 96K 38L,93;213;47;42;63;61;306;318;121;70;96;38
1_108_PobA#19,1_108_PobA,1,4,93L 213V 47G 42Y 63V 61V 306L 318H 121Q 70L 96K 38L,93;213;47;42;63;61;306;318;121;70;96;38
3_302_DitA#0,3_302_DitA,47,2,356S 351V 337M 255K 252L 238E 224G 219W 185M 169D 142K 65S,356;351;337;255;252;238;224;219;185;169;142;65
3_302_DitA#1,3_302_DitA,15,6,356A 351I 337M 255T 252A 238D 224G 219S 185L 169D 142K 65E,356;351;337;255;252;238;224;219;185;169;142;65
3_302_DitA#2,3_302_DitA,3,4,356S 351V 337A 255K 252A 238E 224A 219W 185L 169E 142Q 65S,356;351;337;255;252;238;224;219;185;169;142;65
3_302_DitA#3,3_302_DitA,2,5,356S 351I 337M 255S 252A 238G 224G 219S 185L 169D 142K 65E,356;351;337;255;252;238;224;219;185;169;142;65
3_302_DitA#4,3_302_DitA,1,10,356T 351V 337V 255E 252L 238G 224Q 219S 185M 169P 142K 65E,356;351;337;255;252;238;224;219;185;169;142;65
3_302_DitA#5,3_302_DitA,1,11,356M 351V 337P 255F 252D 238- 224T 219Q 185T 169P 142L 65G,356;351;337;255;252;238;224;219;185;169;142;65
2_218_BphA1#0,2_218_BphA1,22,1,351F 206Q 46L 308V 93C 151L 31Y 359W 352E 346G 319V 196L,351;206;46;308;93;151;31;359;352;346;319;196
2_218_BphA1#1,2_218_BphA1,9,2,351V 206Q 46L 308V 93C 151L 31Y 359W 352E 346G 319I 196I,351;206;46;308;93;151;31;359;352;346;319;196
2_218_BphA1#2,2_218_BphA1,7,12,351L 206A 46V 308T 93E 151F 31A 359L 352H 346I 319M 196E,351;206;46;308;93;151;31;359;352;346;319;196
2_218_BphA1#3,2_218_BphA1,6,2,351F 206Q 46L 308V 93C 151F 31Y 359W 352E 346S 319V 196I,351;206;46;308;93;151;31;359;352;346;319;196
2_218_BphA1#4,2_218_BphA1,3,11,351- 206G 46V 308T 93E 151L 31A 359- 352- 346- 319C 196L,351;206;46;308;93;151;31;359;352;346;319;196
2_218_BphA1#5,2_218_BphA1,3,9,351V 206A 46A 308P 93K 151Y 31F 359M 352L 346G 319V 196I,351;206;46;308;93;151;31;359;352;346;319;196
2_218_BphA1#6,2_218_BphA1,2,4,351F 206Q 46L 308V 93C 151F 31Y 359W 352E 346S 319I 196L,351;206;46;308;93;151;31;359;352;346;319;196
2_218_BphA1#7,2_218_BphA1,2,7,351F 206N 46I 308Q 93C 151F 31Y 359F 352G 346A 319V 196I,351;206;46;308;93;151;31;359;352;346;319;196
2_218_BphA1#8,2_218_BphA1,2,12,351L 206A 46V 308T 93E 151F 31A 359L 352H 346I 319M 196E,351;206;46;308;93;151;31;359;352;346;319;196
2_218_BphA1#9,2_218_BphA1,1,2,351F 206N 46L 308V 93C 151M 31Y 359W 352E 346G 319V 196I,351;206;46;308;93;151;31;359;352;346;319;196
2_218_BphA1#10,2_218_BphA1,1,12,351V 206A 46G 308M 93L 151W 31A 359V 352L 346P 319A 196F,351;206;46;308;93;151;31;359;352;346;319;196
2_218_BphA1#11,2_218_BphA1,1,5,351V 206N 46L 308V 93C 151M 31Y 359W 352E 346G 319Y 196L,351;206;46;308;93;151;31;359;352;346;319;196
2_218_BphA1#12,2_218_BphA1,1,4,351W 206Q 46L 308V 93C 151L 31H 359W 352E 346S 319V 196M,351;206;46;308;93;151;31;359;352;346;319;196
2_218_BphA1#13,2_218_BphA1,1,6,351V 206Q 46L 308V 93C 151F 31L 359W 352E 346S 319I 196L,351;206;46;308;93;151;31;359;352;346;319;196
2_218_BphA1#14,2_218_BphA1,1,3,351F 206N 46L 308V 93C 151L 31Y 359W 352E 346S 319L 196I,351;206;46;308;93;151;31;359;352;346;319;196
2_218_BphA1#15,2_218_BphA1,1,5,351L 206N 46L 308V 93C 151F 31Y 359W 352E 346G 319I 196V,351;206;46;308;93;151;31;359;352;346;319;196
2_218_BphA1#16,2_218_BphA1,1,11,351L 206A 46V 308- 93E 151L 31A 359L 352H 346- 319M 196E,351;206;46;308;93;151;31;359;352;346;319;196
3_319_PhdA#0,3_319_PhdA,7,1,359W 50S 363P 360E 145V 93C 318E 129Y 322W 96D 61R 121A,359;50;363;360;145;93;318;129;322;96;61;121
3_319_PhdA#1,3_319_PhdA,7,8,359L 50E 363Q 360P 145V 93K 318E 129S 322R 96D 61Y 121I,359;50;363;360;145;93;318;129;322;96;61;121
3_319_PhdA#2,3_319_PhdA,4,10,359I 50E 363Q 360E 145L 93E 318V 129F 322R 96A 61L 121V,359;50;363;360;145;93;318;129;322;96;61;121
3_319_PhdA#3,3_319_PhdA,4,3,359W 50T 363A 360E 145V 93C 318E 129Y 322Y 96D 61R 121A,359;50;363;360;145;93;318;129;322;96;61;121
3_319_PhdA#4,3_319_PhdA,4,4,359W 50S 363P 360G 145V 93C 318V 129Y 322W 96E 61R 121A,359;50;363;360;145;93;318;129;322;96;61;121
3_319_PhdA#5,3_319_PhdA,3,5,359F 50S 363T 360T 145I 93C 318E 129Y 322W 96D 61R 121V,359;50;363;360;145;93;318;129;322;96;61;121
3_319_PhdA#6,3_319_PhdA,3,12,359- 50D 363- 360- 145C 93E 318S 129D 322I 96E 61T 121M,359;50;363;360;145;93;318;129;322;96;61;121
3_319_PhdA#7,3_319_PhdA,3,10,359L 50E 363Q 360E 145C 93A 318L 129F 322R 96K 61L 121V,359;50;363;360;145;93;318;129;322;96;61;121
3_319_PhdA#8,3_319_PhdA,2,9,359L 50S 363Q 360P 145V 93- 318T 129P 322I 96S 61Y 121P,359;50;363;360;145;93;318;129;322;96;61;121
3_319_PhdA#9,3_319_PhdA,2,11,359L 50A 363G 360P 145N 93A 318S 129G 322S 96A 61R 121V,359;50;363;360;145;93;318;129;322;96;61;121
3_319_PhdA#10,3_319_PhdA,2,2,359W 50T 363A 360E 145V 93C 318E 129Y 322W 96D 61R 121A,359;50;363;360;145;93;318;129;322;96;61;121
3_319_PhdA#11,3_319_PhdA,2,3,359W 50S 363A 360T 145V 93C 318E 129Y 322W 96D 61R 121I,359;50;363;360;145;93;318;129;322;96;61;121
3_319_PhdA#12,3_319_PhdA,2,6,359W 50S 363T 360D 145V 93V 318Q 129Y 322W 96E 61R 121V,359;50;363;360;145;93;318;129;322;96;61;121
3_319_PhdA#13,3_319_PhdA,2,5,359W 50S 363D 360Y 145V 93C 318E 129G 322W 96E 61R 121V,359;50;363;360;145;93;318;129;322;96;61;121
3_319_PhdA#14,3_319_PhdA,2,5,359W 50S 363T 360N 145V 93C 318E 129A 322W 96E 61R 121V,359;50;363;360;145;93;318;129;322;96;61;121
3_319_PhdA#15,3_319_PhdA,1,8,359L 50G 363Q 360E 145V 93C 318- 129F 322T 96K 61Y 121I,359;50;363;360;145;93;318;129;322;96;61;121
3_319_PhdA#16,3_319_PhdA,1,10,359L 50E 363Q 360P 145T 93C 318R 129P 322D 96A 61Y 121V,359;50;363;360;145;93;318;129;322;96;61;121
3_319_PhdA#17,3_319_PhdA,1,10,359A 50G 363E 360A 145V 93V 318E 129T 322S 96G 61V 121V,359;50;363;360;145;93;318;129;322;96;61;121
3_319_PhdA#18,3_319_PhdA,1,9,359L 50T 363Q 360K 145V 93R 318M 129P 322E 96E 61Y 121A,359;50;363;360;145;93;318;129;322;96;61;121
3_319_PhdA#19,3_319_PhdA,1,9,359G 50V 363Q 360F 145V 93C 318S 129F 322T 96G 61L 121V,359;50;363;360;145;93;318;129;322;96;61;121
3_319_PhdA#20,3_319_PhdA,1,3,359W 50S 363T 360E 145V 93C 318E 129Y 322W 96E 61R 121T,359;50;363;360;145;93;318;129;322;96;61;121
3_319_PhdA#21,3_319_PhdA,1,3,359W 50- 363S 360E 145V 93C 318E 129Y 322W 96D 61- 121A,359;50;363;360;145;93;318;129;322;96;61;121
3_319_PhdA#22,3_319_PhdA,1,2,359W 50T 363A 360E 145V 93C 318E 129Y 322W 96D 61R 121A,359;50;363;360;145;93;318;129;322;96;61;121
3_319_PhdA#23,3_319_PhdA,1,8,359L 50E 363Q 360G 145V 93C 318I 129F 322Y 96D 61Y 121V,359;50;363;360;145;93;318;129;322;96;61;121
3_319_PhdA#24,3_319_PhdA,1,11,359- 50E 363- 360- 145I 93C 318- 129F 322- 96F 61Y 121I,359;50;363;360;145;93;318;129;322;96;61;121
3_319_PhdA#25,3_319_PhdA,1,8,359A 50N 363Q 360E 145V 93A 318T 129F 322W 96S 61H 121L,359;50;363;360;145;93;318;129;322;96;61;121
3_319_PhdA#26,3_319_PhdA,1,11,359N 50D 363W 360D 145S 93A 318D 129E 322H 96Q 61A 121A,359;50;363;360;145;93;318;129;322;96;61;121
1_107_CndA#0,1_107_CndA,7,8,207L 326N 71W 201E 162Q 318R 307F 99Q 61K 322T 49V 208M,207;326;71;201;162;318;307;99;61;322;49;208
1_107_CndA#1,1_107_CndA,7,3,207I 326S 71F 201E 162A 318H 307H 99G 61R 322A 49A 208M,207;326;71;201;162;318;307;99;61;322;49;208
1_107_CndA#2,1_107_CndA,7,3,207V 326N 71Y 201E 162D 318H 307H 99G 61R 322A 49S 208M,207;326;71;201;162;318;307;99;61;322;49;208
1_107_CndA#3,1_107_CndA,5,5,207I 326P 71F 201V 162A 318H 307H 99G 61R 322S 49G 208M,207;326;71;201;162;318;307;99;61;322;49;208
1_107_CndA#4,1_107_CndA,3,10,207A 326D 71F 201Q 162P 318D 307I 99V 61L 322T 49S 208V,207;326;71;201;162;318;307;99;61;322;49;208
1_107_CndA#5,1_107_CndA,3,7,207L 326N 71G 201D 162T 318M 307T 99G 61V 322A 49S 208V,207;326;71;201;162;318;307;99;61;322;49;208
1_107_CndA#6,1_107_CndA,3,5,207L 326P 71Y 201Q 162A 318H 307H 99D 61R 322A 49S 208L,207;326;71;201;162;318;307;99;61;322;49;208
1_107_CndA#7,1_107_CndA,3,5,207I 326N 71F 201E 162D 318H 307H 99G 61R 322C 49A 208L,207;326;71;201;162;318;307;99;61;322;49;208
1_107_CndA#8,1_107_CndA,1,11,207I 326- 71Y 201T 162A 318- 307- 99V 61A 322- 49T 208I,207;326;71;201;162;318;307;99;61;322;49;208
1_107_CndA#9,1_107_CndA,1,8,207L 326A 71W 201E 162A 318R 307I 99G 61I 322R 49L 208A,207;326;71;201;162;318;307;99;61;322;49;208
1_107_CndA#10,1_107_CndA,1,12,207Q 326V 71W 201A 162- 318A 307D 99E 61M 322Y 49I 208F,207;326;71;201;162;318;307;99;61;322;49;208
1_107_CndA#11,1_107_CndA,1,2,207L 326N 71F 201E 162A 318H 307H 99G 61R 322A 49G 208L,207;326;71;201;162;318;307;99;61;322;49;208
1_107_CndA#12,1_107_CndA,1,7,207L 326N 71Y 201D 162A 318Y 307Q 99D 61R 322K 49S 208L,207;326;71;201;162;318;307;99;61;322;49;208
1_107_CndA#13,1_107_CndA,1,9,207L 326D 71F 201I 162- 318R 307F 99D 61A 322R 49S 208V,207;326;71;201;162;318;307;99;61;322;49;208
1_107_CndA#14,1_107_CndA,1,5,207V 326R 71F 201K 162A 318H 307H 99G 61R 322W 49A 208M,207;326;71;201;162;318;307;99;61;322;49;208
1_107_CndA#15,1_107_CndA,1,10,207V 326- 71Y 201W 162- 318- 307- 99V 61R 322- 49S 208Y,207;326;71;201;162;318;307;99;61;322;49;208
1_107_CndA#16,1_107_CndA,1,10,207L 326D 71G 201D 162K 318E 307T 99G 61K 322F 49G 208I,207;326;71;201;162;318;307;99;61;322;49;208
1_107_CndA#17,1_107_CndA,1,4,207L 326P 71Y 201E 162A 318H 307H 99G 61R 322N 49Q 208M,207;326;71;201;162;318;307;99;61;322;49;208
1_107_CndA#18,1_107_CndA,1,4,207L 326N 71F 201Q 162A 318H 307H 99G 61I 322A 49G 208L,207;326;71;201;162;318;307;99;61;322;49;208
1_107_CndA#19,1_107_CndA,1,4,207L 326N 71Y 201R 162V 318H 307H 99D 61R 322A 49S 208M,207;326;71;201;162;318;307;99;61;322;49;208
1_107_CndA#20,1_107_CndA,1,4,207L 326D 71Y 201E 162A 318H 307H 99D 61R 322A 49T 208M,207;326;71;201;162;318;307;99;61;322;49;208
1_107_CndA#21,1_107_CndA,1,5,207L 326A 71Y 201E 162A 318Y 307D 99G 61R 322G 49S 208M,207;326;71;201;162;318;307;99;61;322;49;208
1_107_CndA#22,1_107_CndA,1,7,207I 326N 71W 201R 162A 318H 307H 99R 61R 322C 49A 208L,207;326;71;201;162;318;307;99;61;322;49;208
1_107_CndA#23,1_107_CndA,1,4,207L 326P 71F 201Q 162A 318H 307H 99G 61R 322S 49S 208L,207;326;71;201;162;318;307;99;61;322;49;208
1_107_CndA#24,1_107_CndA,1,4,207I 326N 71F 201D 162C 318H 307H 99A 61R 322A 49S 208M,207;326;71;201;162;318;307;99;61;322;49;208
1_107_CndA#25,1_107_CndA,1,2,207L 326N 71F 201Q 162A 318H 307H 99G 61R 322A 49S 208L,207;326;71;201;162;318;307;99;61;322;49;208
1_107_CndA#26,1_107_CndA,1,9,207V 326- 71F 201R 162S 318- 307- 99G 61V 322- 49S 208L,207;326;71;201;162;318;307;99;61;322;49;208
1_107_CndA#27,1_107_CndA,1,5,207I 326R 71F 201E 162A 318H 307H 99E 61R 322C 49S 208L,207;326;71;201;162;318;307;99;61;322;49;208
1_107_CndA#28,1_107_CndA,1,6,207L 326N 71V 201R 162A 318H 307H 99D 61R 322M 49A 208T,207;326;71;201;162;318;307;99;61;322;49;208
1_107_CndA#29,1_107_CndA,1,5,207L 326D 71F 201R 162A 318H 307H 99Q 61I 322T 49S 208M,207;326;71;201;162;318;307;99;61;322;49;208
1_102_CARDO#0,1_102_CARDO,12,0,214K 210E 213A 99F 225F 196R 226K 211G 91P 202F 220A 224L,214;210;213;99;225;196;226;211;91;202;220;224
1_102_CARDO#1,1_102_CARDO,9,11,214A 210P 213G 99G 225D 196W 226G 211M 91P 202Y 220S 224F,214;210;213;99;225;196;226;211;91;202;220;224
1_102_CARDO#2,1_102_CARDO,7,11,214F 210A 213V 99Y 225N 196V 226D 211G 91T 202L 220I 224G,214;210;213;99;225;196;226;211;91;202;220;224
1_102_CARDO#3,1_102_CARDO,5,12,214Y 210P 213I 99K 225N 196I 226D 211S 91Q 202L 220I 224D,214;210;213;99;225;196;226;211;91;202;220;224
1_102_CARDO#4,1_102_CARDO,4,0,214K 210E 213A 99F 225F 196R 226K 211G 91P 202F 220A 224L,214;210;213;99;225;196;226;211;91;202;220;224
1_102_CARDO#5,1_102_CARDO,3,12,214Y 210G 213V 99Y 225T 196V 226M 211L 91K 202V 220E 224D,214;210;213;99;225;196;226;211;91;202;220;224
1_102_CARDO#6,1_102_CARDO,3,0,214K 210E 213A 99F 225F 196R 226K 211G 91P 202F 220A 224L,214;210;213;99;225;196;226;211;91;202;220;224
1_102_CARDO#7,1_102_CARDO,2,11,214F 210G 213I 99Y 225R 196V 226T 211L 91P 202L 220T 224Y,214;210;213;99;225;196;226;211;91;202;220;224
1_102_CARDO#8,1_102_CARDO,2,9,214Y 210P 213A 99Y 225Y 196V 226K 211A 91A 202T 220A 224D,214;210;213;99;225;196;226;211;91;202;220;224
1_102_CARDO#9,1_102_CARDO,2,11,214F 210P 213H 99L 225E 196I 226S 211G 91R 202L 220S 224I,214;210;213;99;225;196;226;211;91;202;220;224
1_102_CARDO#10,1_102_CARDO,2,12,214F 210T 213I 99Y 225R 196I 226D 211T 91S 202L 220S 224A,214;210;213;99;225;196;226;211;91;202;220;224
1_102_CARDO#11,1_102_CARDO,2,12,214F 210S 213V 99Y 225N 196V 226E 211T 91A 202I 220K 224N,214;210;213;99;225;196;226;211;91;202;220;224
1_102_CARDO#12,1_102_CARDO,1,10,214E 210P 213A 99R 225Q 196L 226L 211S 91P 202P 220Y 224G,214;210;213;99;225;196;226;211;91;202;220;224
1_102_CARDO#13,1_102_CARDO,1,2,214K 210E 213A 99F 225F 196V 226R 211G 91P 202F 220A 224L,214;210;213;99;225;196;226;211;91;202;220;224
2_211_bfzA#0,2_211_bfzA,10,6,360P 354Q 206A 92L 358N 82H 46A 160A 58W 59I 213V 198A,360;354;206;92;358;82;46;160;58;59;213;198
2_211_bfzA#1,2_211_bfzA,7,5,360E 354E 206N 92V 358N 82H 46V 160P 58F 59F 213I 198A,360;354;206;92;358;82;46;160;58;59;213;198
2_211_bfzA#2,2_211_bfzA,5,8,360P 354Q 206A 92L 358Q 82V 46A 160A 58W 59K 213I 198C,360;354;206;92;358;82;46;160;58;59;213;198
2_211_bfzA#3,2_211_bfzA,4,4,360E 354E 206A 92I 358T 82H 46V 160P 58Y 59F 213V 198C,360;354;206;92;358;82;46;160;58;59;213;198
2_211_bfzA#4,2_211_bfzA,3,5,360E 354D 206N 92V 358N 82L 46M 160A 58F 59F 213V 198C,360;354;206;92;358;82;46;160;58;59;213;198
2_211_bfzA#5,2_211_bfzA,3,8,360K 354E 206G 92L 358T 82L 46V 160S 58F 59K 213L 198P,360;354;206;92;358;82;46;160;58;59;213;198
2_211_bfzA#6,2_211_bfzA,2,7,360E 354E 206N 92L 358A 82H 46A 160A 58Y 59I 213L 198A,360;354;206;92;358;82;46;160;58;59;213;198
2_211_bfzA#7,2_211_bfzA,2,10,360R 354E 206N 92I 358I 82V 46A 160P 58Y 59F 213P 198F,360;354;206;92;358;82;46;160;58;59;213;198
2_211_bfzA#8,2_211_bfzA,2,6,360T 354E 206N 92V 358N 82L 46L 160A 58F 59F 213P 198C,360;354;206;92;358;82;46;160;58;59;213;198
2_211_bfzA#9,2_211_bfzA,2,6,360R 354E 206A 92L 358L 82V 46V 160A 58F 59V 213I 198T,360;354;206;92;358;82;46;160;58;59;213;198
2_211_bfzA#10,2_211_bfzA,1,9,360P 354Q 206A 92L 358N 82Y 46A 160C 58R 59T 213L 198A,360;354;206;92;358;82;46;160;58;59;213;198
2_211_bfzA#11,2_211_bfzA,1,7,360E 354Q 206A 92L 358N 82H 46A 160G 58Y 59V 213A 198A,360;354;206;92;358;82;46;160;58;59;213;198
2_211_bfzA#12,2_211_bfzA,1,6,360G 354Q 206A 92L 358N 82H 46V 160A 58H 59L 213A 198S,360;354;206;92;358;82;46;160;58;59;213;198
2_211_bfzA#13,2_211_bfzA,1,6,360E 354E 206A 92V 358N 82H 46L 160P 58Y 59F 213I 198A,360;354;206;92;358;82;46;160;58;59;213;198
2_211_bfzA#14,2_211_bfzA,1,10,360R 354Q 206G 92L 358G 82Y 46A 160A 58C 59L 213L 198A,360;354;206;92;358;82;46;160;58;59;213;198
2_211_bfzA#15,2_211_bfzA,1,9,360D 354D 206N 92L 358N 82L 46L 160A 58Y 59I 213G 198G,360;354;206;92;358;82;46;160;58;59;213;198
2_211_bfzA#16,2_211_bfzA,1,7,360E 354E 206A 92L 358V 82V 46A 160K 58F 59L 213I 198I,360;354;206;92;358;82;46;160;58;59;213;198
2_211_bfzA#17,2_211_bfzA,1,6,360E 354E 206S 92V 358T 82H 46I 160P 58F 59F 213I 198C,360;354;206;92;358;82;46;160;58;59;213;198
2_211_bfzA#18,2_211_bfzA,1,9,360E 354E 206N 92I 358I 82A 46G 160G 58F 59V 213C 198A,360;354;206;92;358;82;46;160;58;59;213;198
1_109_LigX#0,1_109_LigX,8,5,286R 204Q 287V 216T 328P 83R 89N 203C 322W 125E 308W 307E,286;204;287;216;328;83;89;203;322;125;308;307
1_109_LigX#1,1_109_LigX,4,9,286N 204L 287M 216V 328L 83G 89G 203D 322L 125P 308W 307L,286;204;287;216;328;83;89;203;322;125;308;307
1_109_LigX#2,1_109_LigX,4,9,286N 204Q 287L 216T 328A 83E 89G 203V 322V 125S 308W 307H,286;204;287;216;328;83;89;203;322;125;308;307
1_109_LigX#3,1_109_LigX,4,7,286H 204M 287P 216L 328E 83D 89G 203I 322T 125P 308I 307Q,286;204;287;216;328;83;89;203;322;125;308;307
1_109_LigX#4,1_109_LigX,4,8,286H 204M 287P 216L 328E 83E 89K 203I 322Y 125P 308I 307Q,286;204;287;216;328;83;89;203;322;125;308;307
1_109_LigX#5,1_109_LigX,4,5,286R 204Q 287A 216M 328P 83R 89R 203C 322W 125D 308W 307E,286;204;287;216;328;83;89;203;322;125;308;307
1_109_LigX#6,1_109_LigX,3,6,286I 204H 287L 216L 328D 83R 89G 203C 322W 125E 308F 307E,286;204;287;216;328;83;89;203;322;125;308;307
1_109_LigX#7,1_109_LigX,3,7,286H 204M 287P 216L 328P 83E 89R 203I 322Y 125P 308I 307Q,286;204;287;216;328;83;89;203;322;125;308;307
1_109_LigX#8,1_109_LigX,2,8,286H 204M 287P 216L 328G 83E 89K 203I 322Y 125P 308I 307Q,286;204;287;216;328;83;89;203;322;125;308;307
1_109_LigX#9,1_109_LigX,2,8,286H 204M 287P 216L 328G 83E 89K 203I 322Y 125P 308I 307Q,286;204;287;216;328;83;89;203;322;125;308;307
1_109_LigX#10,1_109_LigX,2,12,286P 204L 287I 216I 328G 83D 89N 203A 322C 125G 308F 307A,286;204;287;216;328;83;89;203;322;125;308;307
1_109_LigX#11,1_109_LigX,2,5,286A 204Q 287T 216M 328P 83R 89R 203C 322W 125D 308W 307E,286;204;287;216;328;83;89;203;322;125;308;307
1_109_LigX#12,1_109_LigX,2,5,286R 204Q 287V 216M 328P 83R 89R 203C 322W 125D 308W 307E,286;204;287;216;328;83;89;203;322;125;308;307
1_109_LigX#13,1_109_LigX,1,11,286P 204V 287G 216V 328G 83G 89R 203Q 322I 125A 308W 307V,286;204;287;216;328;83;89;203;322;125;308;307
1_109_LigX#14,1_109_LigX,1,10,286Q 204V 287L 216L 328G 83E 89G 203I 322Y 125- 308F 307Q,286;204;287;216;328;83;89;203;322;125;308;307
1_109_LigX#15,1_109_LigX,1,12,286- 204I 287- 216T 328- 83F 89R 203N 322- 125D 308- 307-,286;204;287;216;328;83;89;203;322;125;308;307
1_109_LigX#16,1_109_LigX,1,10,286S 204H 287T 216A 328P 83D 89N 203C 322Y 125- 308I 307Q,286;204;287;216;328;83;89;203;322;125;308;307
3_317_NidA#0,3_317_NidA,7,7,213T 94R 92V 356A 286H 218R 172F 127D 113S 71C 86R 304L,213;94;92;356;286;218;172;127;113;71;86;304
3_317_NidA#1,3_317_NidA,5,3,213V 94T 92L 356T 286V 218R 172W 127K 113N 71V 86T 304L,213;94;92;356;286;218;172;127;113;71;86;304
3_317_NidA#2,3_317_NidA,5,7,213T 94T 92L 356M 286V 218P 172E 127D 113N 71S 86L 304I,213;94;92;356;286;218;172;127;113;71;86;304
3_317_NidA#3,3_317_NidA,4,11,213F 94C 92P 356F 286V 218G 172T 127E 113R 71T 86R 304V,213;94;92;356;286;218;172;127;113;71;86;304
3_317_NidA#4,3_317_NidA,3,5,213T 94R 92L 356T 286I 218G 172W 127D 113K 71T 86T 304T,213;94;92;356;286;218;172;127;113;71;86;304
3_317_NidA#5,3_317_NidA,3,9,213A 94K 92F 356M 286I 218A 172F 127H 113N 71V 86P 304L,213;94;92;356;286;218;172;127;113;71;86;304
3_317_NidA#6,3_317_NidA,3,6,213V 94R 92V 356T 286T 218R 172W 127K 113K 71V 86T 304T,213;94;92;356;286;218;172;127;113;71;86;304
3_317_NidA#7,3_317_NidA,2,8,213T 94K 92V 356F 286V 218Q 172F 127E 113K 71V 86T 304C,213;94;92;356;286;218;172;127;113;71;86;304
3_317_NidA#8,3_317_NidA,1,10,213S 94Q 92L 356- 286E 218S 172- 127- 113S 71V 86L 304P,213;94;92;356;286;218;172;127;113;71;86;304
3_317_NidA#9,3_317_NidA,1,7,213L 94R 92L 356F 286H 218K 172W 127Q 113S 71V 86T 304V,213;94;92;356;286;218;172;127;113;71;86;304
3_317_NidA#10,3_317_NidA,1,7,213T 94R 92L 356A 286H 218Q 172W 127E 113T 71T 86T 304I,213;94;92;356;286;218;172;127;113;71;86;304
3_317_NidA#11,3_317_NidA,1,5,213T 94R 92V 356T 286L 218R 172W 127E 113R 71V 86R 304L,213;94;92;356;286;218;172;127;113;71;86;304
3_317_NidA#12,3_317_NidA,1,7,213T 94N 92I 356T 286H 218R 172W 127E 113K 71I 86S 304L,213;94;92;356;286;218;172;127;113;71;86;304
1_112_NdmA#0,1_112_NdmA,8,7,226N 221I 220T 216T 200A 156A 145T 113S 97L 89L 86P 79R,226;221;220;216;200;156;145;113;97;89;86;79
1_112_NdmA#1,1_112_NdmA,7,5,226Q 221F 220N 216V 200P 156L 145C 113D 97V 89T 86C 79V,226;221;220;216;200;156;145;113;97;89;86;79
1_112_NdmA#2,1_112_NdmA,4,7,226R 221T 220V 216A 200Y 156P 145T 113D 97I 89L 86P 79V,226;221;220;216;200;156;145;113;97;89;86;79
1_112_NdmA#3,1_112_NdmA,3,5,226Q 221F 220T 216V 200A 156L 145A 113G 97V 89G 86A 79A,226;221;220;216;200;156;145;113;97;89;86;79
1_112_NdmA#4,1_112_NdmA,2,6,226D 221I 220T 216V 200A 156P 145V 113V 97V 89L 86P 79A,226;221;220;216;200;156;145;113;97;89;86;79
1_112_NdmA#5,1_112_NdmA,2,6,226N 221L 220T 216I 200A 156L 145C 113D 97V 89S 86A 79V,226;221;220;216;200;156;145;113;97;89;86;79
1_112_NdmA#6,1_112_NdmA,2,7,226H 221F 220T 216V 200G 156M 145C 113D 97V 89S 86C 79A,226;221;220;216;200;156;145;113;97;89;86;79
1_112_NdmA#7,1_112_NdmA,1,9,226S 221F 220T 216T 200H 156P 145C 113T 97V 89A 86A 79G,226;221;220;216;200;156;145;113;97;89;86;79
1_112_NdmA#8,1_112_NdmA,1,7,226K 221I 220T 216V 200L 156P 145V 113D 97V 89G 86P 79Q,226;221;220;216;200;156;145;113;97;89;86;79
1_112_NdmA#9,1_112_NdmA,1,8,226P 221I 220T 216V 200L 156L 145A 113A 97V 89G 86T 79R,226;221;220;216;200;156;145;113;97;89;86;79
3_316_NarAa#0,3_316_NarAa,6,2,362V 356M 351F 297G 156E 148W 95T 90R 348A 295W 288N 223F,362;356;351;297;156;148;95;90;348;295;288;223
3_316_NarAa#1,3_316_NarAa,5,1,362V 356M 351F 297G 156E 148W 95E 90R 348G 295W 288N 223F,362;356;351;297;156;148;95;90;348;295;288;223
3_316_NarAa#2,3_316_NarAa,5,10,362Q 356T 351L 297P 156M 148L 95G 90T 348G 295L 288T 223S,362;356;351;297;156;148;95;90;348;295;288;223
3_316_NarAa#3,3_316_NarAa,3,11,362T 356F 351V 297F 156L 148G 95G 90V 348E 295M 288S 223T,362;356;351;297;156;148;95;90;348;295;288;223
3_316_NarAa#4,3_316_NarAa,2,10,362I 356T 351F 297I 156W 148Y 95A 90M 348S 295F 288N 223L,362;356;351;297;156;148;95;90;348;295;288;223
3_316_NarAa#5,3_316_NarAa,2,6,362V 356C 351I 297G 156P 148W 95N 90R 348L 295W 288N 223A,362;356;351;297;156;148;95;90;348;295;288;223
3_316_NarAa#6,3_316_NarAa,1,12,362I 356T 351L 297S 156L 148Y 95A 90T 348S 295F 288S 223L,362;356;351;297;156;148;95;90;348;295;288;223
3_316_NarAa#7,3_316_NarAa,1,11,362I 356A 351F 297N 156L 148Y 95A 90M 348S 295I 288T 223L,362;356;351;297;156;148;95;90;348;295;288;223
3_316_NarAa#8,3_316_NarAa,1,11,362C 356F 351V 297N 156L 148R 95G 90A 348H 295L 288W 223G,362;356;351;297;156;148;95;90;348;295;288;223
3_316_NarAa#9,3_316_NarAa,1,11,362I 356V 351L 297P 156E 148R 95Q 90A 348A 295L 288M 223P,362;356;351;297;156;148;95;90;348;295;288;223
3_316_NarAa#10,3_316_NarAa,1,9,362I 356T 351F 297V 156L 148Y 95A 90V 348G 295I 288N 223I,362;356;351;297;156;148;95;90;348;295;288;223
3_316_NarAa#11,3_316_NarAa,1,12,362I 356W 351A 297S 156L 148R 95A 90G 348- 295V 288F 223K,362;356;351;297;156;148;95;90;348;295;288;223
3_316_NarAa#12,3_316_NarAa,1,12,362I 356Y 351V 297A 156L 148R 95E 90M 348Q 295F 288T 223Q,362;356;351;297;156;148;95;90;348;295;288;223
2_214_TftA#0,2_214_TftA,7,0,362C 356T 351A 349G 345F 344F 342E 341Y 340Q 338I 333A 329E,362;356;351;349;345;344;342;341;340;338;333;329
2_214_TftA#1,2_214_TftA,7,12,362A 356L 351V 349S 345N 344I 342R 341N 340Y 338L 333L 329A,362;356;351;349;345;344;342;341;340;338;333;329
2_214_TftA#2,2_214_TftA,1,4,362C 356M 351A 349G 345L 344F 342E 341C 340H 338I 333A 329E,362;356;351;349;345;344;342;341;340;338;333;329
2_214_TftA#3,2_214_TftA,1,10,362V 356G 351F 349K 345F 344A 342- 341G 340D 338Y 333E 329E,362;356;351;349;345;344;342;341;340;338;333;329
2_214_TftA#4,2_214_TftA,1,9,362V 356I 351G 349G 345Y 344F 342E 341H 340D 338L 333T 329A,362;356;351;349;345;344;342;341;340;338;333;329
2_214_TftA#5,2_214_TftA,1,10,362V 356K 351F 349Q 345N 344F 342I 341L 340S 338E 333T 329E,362;356;351;349;345;344;342;341;340;338;333;329
2_214_TftA#6,2_214_TftA,1,11,362Q 356L 351V 349S 345F 344V 342R 341S 340Y 338L 333L 329G,362;356;351;349;345;344;342;341;340;338;333;329
2_214_TftA#7,2_214_TftA,1,11,362I 356M 351M 349A 345I 344D 342N 341K 340Q 338Y 333- 329P,362;356;351;349;345;344;342;341;340;338;333;329
2_214_TftA#8,2_214_TftA,1,10,362Q 356T 351F 349G 345P 344D 342A 341G 340A 338D 333F 329S,362;356;351;349;345;344;342;341;340;338;333;329
2_214_TftA#9,2_214_TftA,1,11,362A 356L 351V 349A 345F 344A 342L 341S 340G 338V 333- 329S,362;356;351;349;345;344;342;341;340;338;333;329
2_214_TftA#10,2_214_TftA,1,11,362I 356F 351T 349L 345H 344N 342Q 341L 340F 338R 333V 329E,362;356;351;349;345;344;342;341;340;338;333;329
5_502_CmoB#0,5_502_CmoB,6,0,363D 360E 352R 341R 334R 332F 330A 329I 328E 321V 319N 317T,363;360;352;341;334;332;330;329;328;321;319;317
5_502_CmoB#1,5_502_CmoB,4,12,363H 360I 352K 341Q 334E 332W 330V 329V 328D 321T 319V 317C,363;360;352;341;334;332;330;329;328;321;319;317
5_502_CmoB#2,5_502_CmoB,2,11,363Q 360Q 352E 341G 334G 332G 330K 329S 328E 321F 319V 317C,363;360;352;341;334;332;330;329;328;321;319;317
5_502_CmoB#3,5_502_CmoB,1,11,363Q 360E 352N 341- 334D 332E 330E 329D 328M 321I 319V 317S,363;360;352;341;334;332;330;329;328;321;319;317
5_502_CmoB#4,5_502_CmoB,1,9,363E 360T 352- 341R 334P 332A 330H 329L 328A 321V 319N 317C,363;360;352;341;334;332;330;329;328;321;319;317
5_502_CmoB#5,5_502_CmoB,1,11,363W 360E 352L 341W 334K 332E 330D 329P 328A 321E 319L 317C,363;360;352;341;334;332;330;329;328;321;319;317
5_502_CmoB#6,5_502_CmoB,1,3,363D 360E 352R 341Q 334R 332F 330I 329I 328E 321V 319N 317C,363;360;352;341;334;332;330;329;328;321;319;317
5_502_CmoB#7,5_502_CmoB,1,4,363D 360L 352E 341Q 334R 332F 330V 329I 328E 321V 319N 317T,363;360;352;341;334;332;330;329;328;321;319;317
5_502_CmoB#8,5_502_CmoB,1,7,363S 360M 352L 341Q 334R 332F 330V 329I 328E 321I 319N 317C,363;360;352;341;334;332;330;329;328;321;319;317
5_502_CmoB#9,5_502_CmoB,1,3,363D 360E 352E 341Q 334R 332F 330V 329I 328E 321V 319N 317T,363;360;352;341;334;332;330;329;328;321;319;317
5_502_CmoB#10,5_502_CmoB,1,4,363D 360E 352I 341Q 334P 332F 330V 329I 328E 321V 319N 317T,363;360;352;341;334;332;330;329;328;321;319;317
5_502_CmoB#11,5_502_CmoB,1,4,363D 360E 352E 341E 334E 332F 330V 329I 328E 321V 319N 317T,363;360;352;341;334;332;330;329;328;321;319;317
2_204_Dpe#0,2_204_Dpe,7,8,285G 282G 213G 204S 170F 102Q 413S 316E 229P 109G 53S 242R,285;282;213;204;170;102;413;316;229;109;53;242
2_204_Dpe#1,2_204_Dpe,4,4,285F 282L 213N 204A 170A 102L 413D 316S 229A 109S 53P 242P,285;282;213;204;170;102;413;316;229;109;53;242
2_204_Dpe#2,2_204_Dpe,4,8,285S 282V 213D 204P 170M 102T 413S 316E 229S 109G 53P 242E,285;282;213;204;170;102;413;316;229;109;53;242
2_204_Dpe#3,2_204_Dpe,3,4,285F 282L 213N 204A 170A 102Q 413P 316H 229A 109A 53K 242P,285;282;213;204;170;102;413;316;229;109;53;242
2_204_Dpe#4,2_204_Dpe,1,8,285A 282L 213- 204A 170M 102R 413- 316R 229P 109G 53P 242K,285;282;213;204;170;102;413;316;229;109;53;242
2_204_Dpe#5,2_204_Dpe,1,8,285S 282V 213D 204P 170M 102T 413S 316E 229P 109G 53P 242E,285;282;213;204;170;102;413;316;229;109;53;242
